ISO-10303-21;
HEADER;
/* Generated by software containing ST-Developer
 * from STEP Tools, Inc. (www.steptools.com) 
 */
/* OPTION: using custom renumber hook */

FILE_DESCRIPTION(
/* description */ ('STEP AP242',
'CAx-IF Rec.Pracs.---Representation and Presentation of Product Manufa
cturing Information (PMI)---4.0---2014-10-13',
'CAx-IF Rec.Pracs.---3D Tessellated Geometry---0.4---2014-09-14','2;1',
'CAx-IF Rec.Pracs.---User Defined Attributes---1.5---2016-08-15'),
/* implementation_level */ '2;1');

FILE_NAME(
/* name */ 'Assembly 1 - TurntableGear',
/* time_stamp */ '2025-11-19T05:29:22Z',
/* author */ (''),
/* organization */ (''),
/* preprocessor_version */ 'ST-DEVELOPER v20',
/* originating_system */ 'ONSHAPE BY PTC INC, 1.206',
/* authorisation */ '  ');

FILE_SCHEMA (('AP242_MANAGED_MODEL_BASED_3D_ENGINEERING_MIM_LF { 1 0 10303 442 1 1 4 }'));
ENDSEC;

DATA;
#10=SHAPE_REPRESENTATION_RELATIONSHIP('','',#5137,#11);
#11=ADVANCED_BREP_SHAPE_REPRESENTATION('',(#5135),#10003);
#12=B_SPLINE_SURFACE_WITH_KNOTS('',3,1,((#7754,#7755),(#7756,#7757),(#7758,
#7759),(#7760,#7761),(#7762,#7763),(#7764,#7765),(#7766,#7767),(#7768,#7769),
(#7770,#7771),(#7772,#7773),(#7774,#7775),(#7776,#7777),(#7778,#7779),(#7780,
#7781),(#7782,#7783),(#7784,#7785),(#7786,#7787),(#7788,#7789)),
 .SURF_OF_LINEAR_EXTRUSION.,.F.,.F.,.F.,(4,1,1,1,1,1,1,1,1,1,1,1,1,1,1,
4),(2,2),(0.,0.0627757402361373,0.12614787017517,0.190090685180851,0.2545972599241,
0.31966210832274,0.385280212414974,0.451446803633927,0.518157287846612,
0.585407212117384,0.6531922468597,0.721508174676493,0.790350882496476,0.859716355511784,
0.929600672192693,1.),(0.,1.),.UNSPECIFIED.);
#13=B_SPLINE_SURFACE_WITH_KNOTS('',3,1,((#7814,#7815),(#7816,#7817),(#7818,
#7819),(#7820,#7821),(#7822,#7823),(#7824,#7825),(#7826,#7827),(#7828,#7829),
(#7830,#7831),(#7832,#7833),(#7834,#7835),(#7836,#7837),(#7838,#7839),(#7840,
#7841),(#7842,#7843),(#7844,#7845),(#7846,#7847),(#7848,#7849)),
 .SURF_OF_LINEAR_EXTRUSION.,.F.,.F.,.F.,(4,1,1,1,1,1,1,1,1,1,1,1,1,1,1,
4),(2,2),(0.,0.0627757402361373,0.12614787017517,0.190090685180851,0.2545972599241,
0.31966210832274,0.385280212414974,0.451446803633927,0.518157287846612,
0.585407212117384,0.6531922468597,0.721508174676493,0.790350882496476,0.859716355511784,
0.929600672192693,1.),(0.,1.),.UNSPECIFIED.);
#14=B_SPLINE_SURFACE_WITH_KNOTS('',3,1,((#7882,#7883),(#7884,#7885),(#7886,
#7887),(#7888,#7889),(#7890,#7891),(#7892,#7893),(#7894,#7895),(#7896,#7897),
(#7898,#7899),(#7900,#7901),(#7902,#7903),(#7904,#7905),(#7906,#7907),(#7908,
#7909),(#7910,#7911),(#7912,#7913),(#7914,#7915),(#7916,#7917)),
 .SURF_OF_LINEAR_EXTRUSION.,.F.,.F.,.F.,(4,1,1,1,1,1,1,1,1,1,1,1,1,1,1,
4),(2,2),(0.,0.0627757402361373,0.12614787017517,0.190090685180851,0.2545972599241,
0.31966210832274,0.385280212414974,0.451446803633927,0.518157287846612,
0.585407212117384,0.6531922468597,0.721508174676493,0.790350882496476,0.859716355511784,
0.929600672192693,1.),(0.,1.),.UNSPECIFIED.);
#15=B_SPLINE_SURFACE_WITH_KNOTS('',3,1,((#7942,#7943),(#7944,#7945),(#7946,
#7947),(#7948,#7949),(#7950,#7951),(#7952,#7953),(#7954,#7955),(#7956,#7957),
(#7958,#7959),(#7960,#7961),(#7962,#7963),(#7964,#7965),(#7966,#7967),(#7968,
#7969),(#7970,#7971),(#7972,#7973),(#7974,#7975),(#7976,#7977)),
 .SURF_OF_LINEAR_EXTRUSION.,.F.,.F.,.F.,(4,1,1,1,1,1,1,1,1,1,1,1,1,1,1,
4),(2,2),(0.,0.0627757402361373,0.12614787017517,0.190090685180851,0.2545972599241,
0.31966210832274,0.385280212414974,0.451446803633927,0.518157287846612,
0.585407212117384,0.6531922468597,0.721508174676493,0.790350882496476,0.859716355511784,
0.929600672192693,1.),(0.,1.),.UNSPECIFIED.);
#16=B_SPLINE_SURFACE_WITH_KNOTS('',3,1,((#8010,#8011),(#8012,#8013),(#8014,
#8015),(#8016,#8017),(#8018,#8019),(#8020,#8021),(#8022,#8023),(#8024,#8025),
(#8026,#8027),(#8028,#8029),(#8030,#8031),(#8032,#8033),(#8034,#8035),(#8036,
#8037),(#8038,#8039),(#8040,#8041),(#8042,#8043),(#8044,#8045)),
 .SURF_OF_LINEAR_EXTRUSION.,.F.,.F.,.F.,(4,1,1,1,1,1,1,1,1,1,1,1,1,1,1,
4),(2,2),(0.,0.0627757402361373,0.12614787017517,0.190090685180851,0.2545972599241,
0.31966210832274,0.385280212414974,0.451446803633927,0.518157287846612,
0.585407212117384,0.6531922468597,0.721508174676493,0.790350882496476,0.859716355511784,
0.929600672192693,1.),(0.,1.),.UNSPECIFIED.);
#17=B_SPLINE_SURFACE_WITH_KNOTS('',3,1,((#8070,#8071),(#8072,#8073),(#8074,
#8075),(#8076,#8077),(#8078,#8079),(#8080,#8081),(#8082,#8083),(#8084,#8085),
(#8086,#8087),(#8088,#8089),(#8090,#8091),(#8092,#8093),(#8094,#8095),(#8096,
#8097),(#8098,#8099),(#8100,#8101),(#8102,#8103),(#8104,#8105)),
 .SURF_OF_LINEAR_EXTRUSION.,.F.,.F.,.F.,(4,1,1,1,1,1,1,1,1,1,1,1,1,1,1,
4),(2,2),(0.,0.0627757402361373,0.12614787017517,0.190090685180851,0.2545972599241,
0.31966210832274,0.385280212414974,0.451446803633927,0.518157287846612,
0.585407212117384,0.6531922468597,0.721508174676493,0.790350882496476,0.859716355511784,
0.929600672192693,1.),(0.,1.),.UNSPECIFIED.);
#18=B_SPLINE_SURFACE_WITH_KNOTS('',3,1,((#8138,#8139),(#8140,#8141),(#8142,
#8143),(#8144,#8145),(#8146,#8147),(#8148,#8149),(#8150,#8151),(#8152,#8153),
(#8154,#8155),(#8156,#8157),(#8158,#8159),(#8160,#8161),(#8162,#8163),(#8164,
#8165),(#8166,#8167),(#8168,#8169),(#8170,#8171),(#8172,#8173)),
 .SURF_OF_LINEAR_EXTRUSION.,.F.,.F.,.F.,(4,1,1,1,1,1,1,1,1,1,1,1,1,1,1,
4),(2,2),(0.,0.0627757402361373,0.12614787017517,0.190090685180851,0.2545972599241,
0.31966210832274,0.385280212414974,0.451446803633927,0.518157287846612,
0.585407212117384,0.6531922468597,0.721508174676493,0.790350882496476,0.859716355511784,
0.929600672192693,1.),(0.,1.),.UNSPECIFIED.);
#19=B_SPLINE_SURFACE_WITH_KNOTS('',3,1,((#8198,#8199),(#8200,#8201),(#8202,
#8203),(#8204,#8205),(#8206,#8207),(#8208,#8209),(#8210,#8211),(#8212,#8213),
(#8214,#8215),(#8216,#8217),(#8218,#8219),(#8220,#8221),(#8222,#8223),(#8224,
#8225),(#8226,#8227),(#8228,#8229),(#8230,#8231),(#8232,#8233)),
 .SURF_OF_LINEAR_EXTRUSION.,.F.,.F.,.F.,(4,1,1,1,1,1,1,1,1,1,1,1,1,1,1,
4),(2,2),(0.,0.0627757402361373,0.12614787017517,0.190090685180851,0.2545972599241,
0.31966210832274,0.385280212414974,0.451446803633927,0.518157287846612,
0.585407212117384,0.6531922468597,0.721508174676493,0.790350882496476,0.859716355511784,
0.929600672192693,1.),(0.,1.),.UNSPECIFIED.);
#20=B_SPLINE_SURFACE_WITH_KNOTS('',3,1,((#8266,#8267),(#8268,#8269),(#8270,
#8271),(#8272,#8273),(#8274,#8275),(#8276,#8277),(#8278,#8279),(#8280,#8281),
(#8282,#8283),(#8284,#8285),(#8286,#8287),(#8288,#8289),(#8290,#8291),(#8292,
#8293),(#8294,#8295),(#8296,#8297),(#8298,#8299),(#8300,#8301)),
 .SURF_OF_LINEAR_EXTRUSION.,.F.,.F.,.F.,(4,1,1,1,1,1,1,1,1,1,1,1,1,1,1,
4),(2,2),(0.,0.0627757402361373,0.12614787017517,0.190090685180851,0.2545972599241,
0.31966210832274,0.385280212414974,0.451446803633927,0.518157287846612,
0.585407212117384,0.6531922468597,0.721508174676493,0.790350882496476,0.859716355511784,
0.929600672192693,1.),(0.,1.),.UNSPECIFIED.);
#21=B_SPLINE_SURFACE_WITH_KNOTS('',3,1,((#8326,#8327),(#8328,#8329),(#8330,
#8331),(#8332,#8333),(#8334,#8335),(#8336,#8337),(#8338,#8339),(#8340,#8341),
(#8342,#8343),(#8344,#8345),(#8346,#8347),(#8348,#8349),(#8350,#8351),(#8352,
#8353),(#8354,#8355),(#8356,#8357),(#8358,#8359),(#8360,#8361)),
 .SURF_OF_LINEAR_EXTRUSION.,.F.,.F.,.F.,(4,1,1,1,1,1,1,1,1,1,1,1,1,1,1,
4),(2,2),(0.,0.0627757402361373,0.12614787017517,0.190090685180851,0.2545972599241,
0.31966210832274,0.385280212414974,0.451446803633927,0.518157287846612,
0.585407212117384,0.6531922468597,0.721508174676493,0.790350882496476,0.859716355511784,
0.929600672192693,1.),(0.,1.),.UNSPECIFIED.);
#22=B_SPLINE_SURFACE_WITH_KNOTS('',3,1,((#8394,#8395),(#8396,#8397),(#8398,
#8399),(#8400,#8401),(#8402,#8403),(#8404,#8405),(#8406,#8407),(#8408,#8409),
(#8410,#8411),(#8412,#8413),(#8414,#8415),(#8416,#8417),(#8418,#8419),(#8420,
#8421),(#8422,#8423),(#8424,#8425),(#8426,#8427),(#8428,#8429)),
 .SURF_OF_LINEAR_EXTRUSION.,.F.,.F.,.F.,(4,1,1,1,1,1,1,1,1,1,1,1,1,1,1,
4),(2,2),(0.,0.0627757402361373,0.12614787017517,0.190090685180851,0.2545972599241,
0.31966210832274,0.385280212414974,0.451446803633927,0.518157287846612,
0.585407212117384,0.6531922468597,0.721508174676493,0.790350882496476,0.859716355511784,
0.929600672192693,1.),(0.,1.),.UNSPECIFIED.);
#23=B_SPLINE_SURFACE_WITH_KNOTS('',3,1,((#8454,#8455),(#8456,#8457),(#8458,
#8459),(#8460,#8461),(#8462,#8463),(#8464,#8465),(#8466,#8467),(#8468,#8469),
(#8470,#8471),(#8472,#8473),(#8474,#8475),(#8476,#8477),(#8478,#8479),(#8480,
#8481),(#8482,#8483),(#8484,#8485),(#8486,#8487),(#8488,#8489)),
 .SURF_OF_LINEAR_EXTRUSION.,.F.,.F.,.F.,(4,1,1,1,1,1,1,1,1,1,1,1,1,1,1,
4),(2,2),(0.,0.0627757402361373,0.12614787017517,0.190090685180851,0.2545972599241,
0.31966210832274,0.385280212414974,0.451446803633927,0.518157287846612,
0.585407212117384,0.6531922468597,0.721508174676493,0.790350882496476,0.859716355511784,
0.929600672192693,1.),(0.,1.),.UNSPECIFIED.);
#24=B_SPLINE_SURFACE_WITH_KNOTS('',3,1,((#8522,#8523),(#8524,#8525),(#8526,
#8527),(#8528,#8529),(#8530,#8531),(#8532,#8533),(#8534,#8535),(#8536,#8537),
(#8538,#8539),(#8540,#8541),(#8542,#8543),(#8544,#8545),(#8546,#8547),(#8548,
#8549),(#8550,#8551),(#8552,#8553),(#8554,#8555),(#8556,#8557)),
 .SURF_OF_LINEAR_EXTRUSION.,.F.,.F.,.F.,(4,1,1,1,1,1,1,1,1,1,1,1,1,1,1,
4),(2,2),(0.,0.0627757402361373,0.12614787017517,0.190090685180851,0.2545972599241,
0.31966210832274,0.385280212414974,0.451446803633927,0.518157287846612,
0.585407212117384,0.6531922468597,0.721508174676493,0.790350882496476,0.859716355511784,
0.929600672192693,1.),(0.,1.),.UNSPECIFIED.);
#25=B_SPLINE_SURFACE_WITH_KNOTS('',3,1,((#8582,#8583),(#8584,#8585),(#8586,
#8587),(#8588,#8589),(#8590,#8591),(#8592,#8593),(#8594,#8595),(#8596,#8597),
(#8598,#8599),(#8600,#8601),(#8602,#8603),(#8604,#8605),(#8606,#8607),(#8608,
#8609),(#8610,#8611),(#8612,#8613),(#8614,#8615),(#8616,#8617)),
 .SURF_OF_LINEAR_EXTRUSION.,.F.,.F.,.F.,(4,1,1,1,1,1,1,1,1,1,1,1,1,1,1,
4),(2,2),(0.,0.0627757402361373,0.12614787017517,0.190090685180851,0.2545972599241,
0.31966210832274,0.385280212414974,0.451446803633927,0.518157287846612,
0.585407212117384,0.6531922468597,0.721508174676493,0.790350882496476,0.859716355511784,
0.929600672192693,1.),(0.,1.),.UNSPECIFIED.);
#26=B_SPLINE_SURFACE_WITH_KNOTS('',3,1,((#8650,#8651),(#8652,#8653),(#8654,
#8655),(#8656,#8657),(#8658,#8659),(#8660,#8661),(#8662,#8663),(#8664,#8665),
(#8666,#8667),(#8668,#8669),(#8670,#8671),(#8672,#8673),(#8674,#8675),(#8676,
#8677),(#8678,#8679),(#8680,#8681),(#8682,#8683),(#8684,#8685)),
 .SURF_OF_LINEAR_EXTRUSION.,.F.,.F.,.F.,(4,1,1,1,1,1,1,1,1,1,1,1,1,1,1,
4),(2,2),(0.,0.0627757402361373,0.12614787017517,0.190090685180851,0.2545972599241,
0.31966210832274,0.385280212414974,0.451446803633927,0.518157287846612,
0.585407212117384,0.6531922468597,0.721508174676493,0.790350882496476,0.859716355511784,
0.929600672192693,1.),(0.,1.),.UNSPECIFIED.);
#27=B_SPLINE_SURFACE_WITH_KNOTS('',3,1,((#8710,#8711),(#8712,#8713),(#8714,
#8715),(#8716,#8717),(#8718,#8719),(#8720,#8721),(#8722,#8723),(#8724,#8725),
(#8726,#8727),(#8728,#8729),(#8730,#8731),(#8732,#8733),(#8734,#8735),(#8736,
#8737),(#8738,#8739),(#8740,#8741),(#8742,#8743),(#8744,#8745)),
 .SURF_OF_LINEAR_EXTRUSION.,.F.,.F.,.F.,(4,1,1,1,1,1,1,1,1,1,1,1,1,1,1,
4),(2,2),(0.,0.0627757402361373,0.12614787017517,0.190090685180851,0.2545972599241,
0.31966210832274,0.385280212414974,0.451446803633927,0.518157287846612,
0.585407212117384,0.6531922468597,0.721508174676493,0.790350882496476,0.859716355511784,
0.929600672192693,1.),(0.,1.),.UNSPECIFIED.);
#28=B_SPLINE_SURFACE_WITH_KNOTS('',3,1,((#8778,#8779),(#8780,#8781),(#8782,
#8783),(#8784,#8785),(#8786,#8787),(#8788,#8789),(#8790,#8791),(#8792,#8793),
(#8794,#8795),(#8796,#8797),(#8798,#8799),(#8800,#8801),(#8802,#8803),(#8804,
#8805),(#8806,#8807),(#8808,#8809),(#8810,#8811),(#8812,#8813)),
 .SURF_OF_LINEAR_EXTRUSION.,.F.,.F.,.F.,(4,1,1,1,1,1,1,1,1,1,1,1,1,1,1,
4),(2,2),(0.,0.0627757402361373,0.12614787017517,0.190090685180851,0.2545972599241,
0.31966210832274,0.385280212414974,0.451446803633927,0.518157287846612,
0.585407212117384,0.6531922468597,0.721508174676493,0.790350882496476,0.859716355511784,
0.929600672192693,1.),(0.,1.),.UNSPECIFIED.);
#29=B_SPLINE_SURFACE_WITH_KNOTS('',3,1,((#8838,#8839),(#8840,#8841),(#8842,
#8843),(#8844,#8845),(#8846,#8847),(#8848,#8849),(#8850,#8851),(#8852,#8853),
(#8854,#8855),(#8856,#8857),(#8858,#8859),(#8860,#8861),(#8862,#8863),(#8864,
#8865),(#8866,#8867),(#8868,#8869),(#8870,#8871),(#8872,#8873)),
 .SURF_OF_LINEAR_EXTRUSION.,.F.,.F.,.F.,(4,1,1,1,1,1,1,1,1,1,1,1,1,1,1,
4),(2,2),(0.,0.0627757402361373,0.12614787017517,0.190090685180851,0.2545972599241,
0.31966210832274,0.385280212414974,0.451446803633927,0.518157287846612,
0.585407212117384,0.6531922468597,0.721508174676493,0.790350882496476,0.859716355511784,
0.929600672192693,1.),(0.,1.),.UNSPECIFIED.);
#30=B_SPLINE_SURFACE_WITH_KNOTS('',3,1,((#8906,#8907),(#8908,#8909),(#8910,
#8911),(#8912,#8913),(#8914,#8915),(#8916,#8917),(#8918,#8919),(#8920,#8921),
(#8922,#8923),(#8924,#8925),(#8926,#8927),(#8928,#8929),(#8930,#8931),(#8932,
#8933),(#8934,#8935),(#8936,#8937),(#8938,#8939),(#8940,#8941)),
 .SURF_OF_LINEAR_EXTRUSION.,.F.,.F.,.F.,(4,1,1,1,1,1,1,1,1,1,1,1,1,1,1,
4),(2,2),(0.,0.0627757402361373,0.12614787017517,0.190090685180851,0.2545972599241,
0.31966210832274,0.385280212414974,0.451446803633927,0.518157287846612,
0.585407212117384,0.6531922468597,0.721508174676493,0.790350882496476,0.859716355511784,
0.929600672192693,1.),(0.,1.),.UNSPECIFIED.);
#31=B_SPLINE_SURFACE_WITH_KNOTS('',3,1,((#8966,#8967),(#8968,#8969),(#8970,
#8971),(#8972,#8973),(#8974,#8975),(#8976,#8977),(#8978,#8979),(#8980,#8981),
(#8982,#8983),(#8984,#8985),(#8986,#8987),(#8988,#8989),(#8990,#8991),(#8992,
#8993),(#8994,#8995),(#8996,#8997),(#8998,#8999),(#9000,#9001)),
 .SURF_OF_LINEAR_EXTRUSION.,.F.,.F.,.F.,(4,1,1,1,1,1,1,1,1,1,1,1,1,1,1,
4),(2,2),(0.,0.0627757402361373,0.12614787017517,0.190090685180851,0.2545972599241,
0.31966210832274,0.385280212414974,0.451446803633927,0.518157287846612,
0.585407212117384,0.6531922468597,0.721508174676493,0.790350882496476,0.859716355511784,
0.929600672192693,1.),(0.,1.),.UNSPECIFIED.);
#32=B_SPLINE_SURFACE_WITH_KNOTS('',3,1,((#9034,#9035),(#9036,#9037),(#9038,
#9039),(#9040,#9041),(#9042,#9043),(#9044,#9045),(#9046,#9047),(#9048,#9049),
(#9050,#9051),(#9052,#9053),(#9054,#9055),(#9056,#9057),(#9058,#9059),(#9060,
#9061),(#9062,#9063),(#9064,#9065),(#9066,#9067),(#9068,#9069)),
 .SURF_OF_LINEAR_EXTRUSION.,.F.,.F.,.F.,(4,1,1,1,1,1,1,1,1,1,1,1,1,1,1,
4),(2,2),(0.,0.0627757402361373,0.12614787017517,0.190090685180851,0.2545972599241,
0.31966210832274,0.385280212414974,0.451446803633927,0.518157287846612,
0.585407212117384,0.6531922468597,0.721508174676493,0.790350882496476,0.859716355511784,
0.929600672192693,1.),(0.,1.),.UNSPECIFIED.);
#33=B_SPLINE_SURFACE_WITH_KNOTS('',3,1,((#9094,#9095),(#9096,#9097),(#9098,
#9099),(#9100,#9101),(#9102,#9103),(#9104,#9105),(#9106,#9107),(#9108,#9109),
(#9110,#9111),(#9112,#9113),(#9114,#9115),(#9116,#9117),(#9118,#9119),(#9120,
#9121),(#9122,#9123),(#9124,#9125),(#9126,#9127),(#9128,#9129)),
 .SURF_OF_LINEAR_EXTRUSION.,.F.,.F.,.F.,(4,1,1,1,1,1,1,1,1,1,1,1,1,1,1,
4),(2,2),(0.,0.0627757402361373,0.12614787017517,0.190090685180851,0.2545972599241,
0.31966210832274,0.385280212414974,0.451446803633927,0.518157287846612,
0.585407212117384,0.6531922468597,0.721508174676493,0.790350882496476,0.859716355511784,
0.929600672192693,1.),(0.,1.),.UNSPECIFIED.);
#34=B_SPLINE_SURFACE_WITH_KNOTS('',3,1,((#9162,#9163),(#9164,#9165),(#9166,
#9167),(#9168,#9169),(#9170,#9171),(#9172,#9173),(#9174,#9175),(#9176,#9177),
(#9178,#9179),(#9180,#9181),(#9182,#9183),(#9184,#9185),(#9186,#9187),(#9188,
#9189),(#9190,#9191),(#9192,#9193),(#9194,#9195),(#9196,#9197)),
 .SURF_OF_LINEAR_EXTRUSION.,.F.,.F.,.F.,(4,1,1,1,1,1,1,1,1,1,1,1,1,1,1,
4),(2,2),(0.,0.0627757402361373,0.12614787017517,0.190090685180851,0.2545972599241,
0.31966210832274,0.385280212414974,0.451446803633927,0.518157287846612,
0.585407212117384,0.6531922468597,0.721508174676493,0.790350882496476,0.859716355511784,
0.929600672192693,1.),(0.,1.),.UNSPECIFIED.);
#35=B_SPLINE_SURFACE_WITH_KNOTS('',3,1,((#9222,#9223),(#9224,#9225),(#9226,
#9227),(#9228,#9229),(#9230,#9231),(#9232,#9233),(#9234,#9235),(#9236,#9237),
(#9238,#9239),(#9240,#9241),(#9242,#9243),(#9244,#9245),(#9246,#9247),(#9248,
#9249),(#9250,#9251),(#9252,#9253),(#9254,#9255),(#9256,#9257)),
 .SURF_OF_LINEAR_EXTRUSION.,.F.,.F.,.F.,(4,1,1,1,1,1,1,1,1,1,1,1,1,1,1,
4),(2,2),(0.,0.0627757402361373,0.12614787017517,0.190090685180851,0.2545972599241,
0.31966210832274,0.385280212414974,0.451446803633927,0.518157287846612,
0.585407212117384,0.6531922468597,0.721508174676493,0.790350882496476,0.859716355511784,
0.929600672192693,1.),(0.,1.),.UNSPECIFIED.);
#36=CYLINDRICAL_SURFACE('',#5212,0.0075);
#37=CYLINDRICAL_SURFACE('',#5217,0.0075);
#38=CYLINDRICAL_SURFACE('',#5222,0.0075);
#39=CYLINDRICAL_SURFACE('',#5227,0.0075);
#40=CYLINDRICAL_SURFACE('',#5232,0.0075);
#41=CYLINDRICAL_SURFACE('',#5237,0.0075);
#42=CYLINDRICAL_SURFACE('',#5242,0.0075);
#43=CYLINDRICAL_SURFACE('',#5247,0.0075);
#44=CYLINDRICAL_SURFACE('',#5252,0.0075);
#45=CYLINDRICAL_SURFACE('',#5257,0.0075);
#46=CYLINDRICAL_SURFACE('',#5262,0.0075);
#47=CYLINDRICAL_SURFACE('',#5267,0.0075);
#48=CYLINDRICAL_SURFACE('',#5274,0.00245000000004471);
#49=CYLINDRICAL_SURFACE('',#5278,0.00244999999998498);
#50=CYLINDRICAL_SURFACE('',#5282,0.00245000000001906);
#51=CYLINDRICAL_SURFACE('',#5286,0.00245000000000834);
#52=CYLINDRICAL_SURFACE('',#5290,0.0024500000000223);
#53=CYLINDRICAL_SURFACE('',#5294,0.00245000000000515);
#54=CYLINDRICAL_SURFACE('',#5298,0.00245000000002448);
#55=CYLINDRICAL_SURFACE('',#5302,0.00245000000003187);
#56=CYLINDRICAL_SURFACE('',#5306,0.00245000000000216);
#57=CYLINDRICAL_SURFACE('',#5310,0.00245000000000762);
#58=CYLINDRICAL_SURFACE('',#5314,0.00245000000000052);
#59=CYLINDRICAL_SURFACE('',#5318,0.00245000000000022);
#60=CYLINDRICAL_SURFACE('',#5322,0.002449999999998);
#61=CYLINDRICAL_SURFACE('',#5326,0.00245000000000146);
#62=CYLINDRICAL_SURFACE('',#5330,0.00244999999999459);
#63=CYLINDRICAL_SURFACE('',#5334,0.00244999999997698);
#64=CYLINDRICAL_SURFACE('',#5338,0.00244999999998534);
#65=CYLINDRICAL_SURFACE('',#5342,0.00245000000000147);
#66=CYLINDRICAL_SURFACE('',#5346,0.00245000000000795);
#67=CYLINDRICAL_SURFACE('',#5350,0.00244999999996467);
#68=CYLINDRICAL_SURFACE('',#5354,0.00245000000001468);
#69=CYLINDRICAL_SURFACE('',#5358,0.00245000000001521);
#70=CYLINDRICAL_SURFACE('',#5362,0.00244999999996005);
#71=CYLINDRICAL_SURFACE('',#5366,0.00244999999998712);
#72=CYLINDRICAL_SURFACE('',#5370,0.00244999999994779);
#73=CYLINDRICAL_SURFACE('',#5374,0.00244999999997876);
#74=CYLINDRICAL_SURFACE('',#5378,0.00244999999998139);
#75=CYLINDRICAL_SURFACE('',#5382,0.00244999999994816);
#76=CYLINDRICAL_SURFACE('',#5386,0.00244999999995493);
#77=CYLINDRICAL_SURFACE('',#5390,0.00244999999996052);
#78=CYLINDRICAL_SURFACE('',#5394,0.00245000000001503);
#79=CYLINDRICAL_SURFACE('',#5398,0.00244999999998524);
#80=CYLINDRICAL_SURFACE('',#5402,0.00244999999996455);
#81=CYLINDRICAL_SURFACE('',#5406,0.00245000000000791);
#82=CYLINDRICAL_SURFACE('',#5410,0.00245000000000143);
#83=CYLINDRICAL_SURFACE('',#5414,0.00244999999998529);
#84=CYLINDRICAL_SURFACE('',#5418,0.00244999999996214);
#85=CYLINDRICAL_SURFACE('',#5422,0.00244999999999657);
#86=CYLINDRICAL_SURFACE('',#5426,0.00244999999999391);
#87=CYLINDRICAL_SURFACE('',#5430,0.00244999999999798);
#88=CYLINDRICAL_SURFACE('',#5434,0.00245000000000022);
#89=CYLINDRICAL_SURFACE('',#5438,0.00245000000000024);
#90=CYLINDRICAL_SURFACE('',#5442,0.00245000000000763);
#91=CYLINDRICAL_SURFACE('',#5446,0.00245000000000187);
#92=CYLINDRICAL_SURFACE('',#5450,0.00245000000002091);
#93=CYLINDRICAL_SURFACE('',#5454,0.00245000000003925);
#94=CYLINDRICAL_SURFACE('',#5458,0.00245000000000336);
#95=CYLINDRICAL_SURFACE('',#5462,0.00245000000002181);
#96=CYLINDRICAL_SURFACE('',#5466,0.0024499999999833);
#97=CYLINDRICAL_SURFACE('',#5470,0.00244999999996617);
#98=CYLINDRICAL_SURFACE('',#5474,0.00244999999998565);
#99=CYLINDRICAL_SURFACE('',#5478,0.00245000000001365);
#100=CYLINDRICAL_SURFACE('',#5482,0.00245000000005457);
#101=CYLINDRICAL_SURFACE('',#5486,0.0024500000000529);
#102=CYLINDRICAL_SURFACE('',#5490,0.0024500000000142);
#103=CYLINDRICAL_SURFACE('',#5494,0.00245000000004827);
#104=CYLINDRICAL_SURFACE('',#5498,0.00245000000004988);
#105=CYLINDRICAL_SURFACE('',#5502,0.00245000000001457);
#106=CYLINDRICAL_SURFACE('',#5506,0.00245000000005349);
#107=CYLINDRICAL_SURFACE('',#5510,0.00245000000005489);
#108=B_SPLINE_CURVE_WITH_KNOTS('',3,(#6837,#6838,#6839,#6840,#6841,#6842,
#6843,#6844,#6845,#6846,#6847,#6848,#6849,#6850,#6851,#6852,#6853,#6854),
 .UNSPECIFIED.,.F.,.F.,(4,1,1,1,1,1,1,1,1,1,1,1,1,1,1,4),(0.,0.0627757402361373,
0.12614787017517,0.190090685180851,0.2545972599241,0.31966210832274,0.385280212414974,
0.451446803633927,0.518157287846612,0.585407212117384,0.6531922468597,0.721508174676493,
0.790350882496476,0.859716355511784,0.929600672192693,1.),.UNSPECIFIED.);
#109=B_SPLINE_CURVE_WITH_KNOTS('',3,(#6858,#6859,#6860,#6861,#6862,#6863,
#6864,#6865,#6866,#6867,#6868,#6869,#6870,#6871,#6872,#6873,#6874,#6875),
 .UNSPECIFIED.,.F.,.F.,(4,1,1,1,1,1,1,1,1,1,1,1,1,1,1,4),(0.,0.0627757402361373,
0.12614787017517,0.190090685180851,0.2545972599241,0.31966210832274,0.385280212414974,
0.451446803633927,0.518157287846612,0.585407212117384,0.6531922468597,0.721508174676493,
0.790350882496476,0.859716355511784,0.929600672192693,1.),.UNSPECIFIED.);
#110=B_SPLINE_CURVE_WITH_KNOTS('',3,(#6883,#6884,#6885,#6886,#6887,#6888,
#6889,#6890,#6891,#6892,#6893,#6894,#6895,#6896,#6897,#6898,#6899,#6900),
 .UNSPECIFIED.,.F.,.F.,(4,1,1,1,1,1,1,1,1,1,1,1,1,1,1,4),(0.,0.0627757402361373,
0.12614787017517,0.190090685180851,0.2545972599241,0.31966210832274,0.385280212414974,
0.451446803633927,0.518157287846612,0.585407212117384,0.6531922468597,0.721508174676493,
0.790350882496476,0.859716355511784,0.929600672192693,1.),.UNSPECIFIED.);
#111=B_SPLINE_CURVE_WITH_KNOTS('',3,(#6904,#6905,#6906,#6907,#6908,#6909,
#6910,#6911,#6912,#6913,#6914,#6915,#6916,#6917,#6918,#6919,#6920,#6921),
 .UNSPECIFIED.,.F.,.F.,(4,1,1,1,1,1,1,1,1,1,1,1,1,1,1,4),(0.,0.0627757402361373,
0.12614787017517,0.190090685180851,0.2545972599241,0.31966210832274,0.385280212414974,
0.451446803633927,0.518157287846612,0.585407212117384,0.6531922468597,0.721508174676493,
0.790350882496476,0.859716355511784,0.929600672192693,1.),.UNSPECIFIED.);
#112=B_SPLINE_CURVE_WITH_KNOTS('',3,(#6929,#6930,#6931,#6932,#6933,#6934,
#6935,#6936,#6937,#6938,#6939,#6940,#6941,#6942,#6943,#6944,#6945,#6946),
 .UNSPECIFIED.,.F.,.F.,(4,1,1,1,1,1,1,1,1,1,1,1,1,1,1,4),(0.,0.0627757402361373,
0.12614787017517,0.190090685180851,0.2545972599241,0.31966210832274,0.385280212414974,
0.451446803633927,0.518157287846612,0.585407212117384,0.6531922468597,0.721508174676493,
0.790350882496476,0.859716355511784,0.929600672192693,1.),.UNSPECIFIED.);
#113=B_SPLINE_CURVE_WITH_KNOTS('',3,(#6950,#6951,#6952,#6953,#6954,#6955,
#6956,#6957,#6958,#6959,#6960,#6961,#6962,#6963,#6964,#6965,#6966,#6967),
 .UNSPECIFIED.,.F.,.F.,(4,1,1,1,1,1,1,1,1,1,1,1,1,1,1,4),(0.,0.0627757402361373,
0.12614787017517,0.190090685180851,0.2545972599241,0.31966210832274,0.385280212414974,
0.451446803633927,0.518157287846612,0.585407212117384,0.6531922468597,0.721508174676493,
0.790350882496476,0.859716355511784,0.929600672192693,1.),.UNSPECIFIED.);
#114=B_SPLINE_CURVE_WITH_KNOTS('',3,(#6975,#6976,#6977,#6978,#6979,#6980,
#6981,#6982,#6983,#6984,#6985,#6986,#6987,#6988,#6989,#6990,#6991,#6992),
 .UNSPECIFIED.,.F.,.F.,(4,1,1,1,1,1,1,1,1,1,1,1,1,1,1,4),(0.,0.0627757402361373,
0.12614787017517,0.190090685180851,0.2545972599241,0.31966210832274,0.385280212414974,
0.451446803633927,0.518157287846612,0.585407212117384,0.6531922468597,0.721508174676493,
0.790350882496476,0.859716355511784,0.929600672192693,1.),.UNSPECIFIED.);
#115=B_SPLINE_CURVE_WITH_KNOTS('',3,(#6996,#6997,#6998,#6999,#7000,#7001,
#7002,#7003,#7004,#7005,#7006,#7007,#7008,#7009,#7010,#7011,#7012,#7013),
 .UNSPECIFIED.,.F.,.F.,(4,1,1,1,1,1,1,1,1,1,1,1,1,1,1,4),(0.,0.0627757402361373,
0.12614787017517,0.190090685180851,0.2545972599241,0.31966210832274,0.385280212414974,
0.451446803633927,0.518157287846612,0.585407212117384,0.6531922468597,0.721508174676493,
0.790350882496476,0.859716355511784,0.929600672192693,1.),.UNSPECIFIED.);
#116=B_SPLINE_CURVE_WITH_KNOTS('',3,(#7021,#7022,#7023,#7024,#7025,#7026,
#7027,#7028,#7029,#7030,#7031,#7032,#7033,#7034,#7035,#7036,#7037,#7038),
 .UNSPECIFIED.,.F.,.F.,(4,1,1,1,1,1,1,1,1,1,1,1,1,1,1,4),(0.,0.0627757402361373,
0.12614787017517,0.190090685180851,0.2545972599241,0.31966210832274,0.385280212414974,
0.451446803633927,0.518157287846612,0.585407212117384,0.6531922468597,0.721508174676493,
0.790350882496476,0.859716355511784,0.929600672192693,1.),.UNSPECIFIED.);
#117=B_SPLINE_CURVE_WITH_KNOTS('',3,(#7042,#7043,#7044,#7045,#7046,#7047,
#7048,#7049,#7050,#7051,#7052,#7053,#7054,#7055,#7056,#7057,#7058,#7059),
 .UNSPECIFIED.,.F.,.F.,(4,1,1,1,1,1,1,1,1,1,1,1,1,1,1,4),(0.,0.0627757402361373,
0.12614787017517,0.190090685180851,0.2545972599241,0.31966210832274,0.385280212414974,
0.451446803633927,0.518157287846612,0.585407212117384,0.6531922468597,0.721508174676493,
0.790350882496476,0.859716355511784,0.929600672192693,1.),.UNSPECIFIED.);
#118=B_SPLINE_CURVE_WITH_KNOTS('',3,(#7067,#7068,#7069,#7070,#7071,#7072,
#7073,#7074,#7075,#7076,#7077,#7078,#7079,#7080,#7081,#7082,#7083,#7084),
 .UNSPECIFIED.,.F.,.F.,(4,1,1,1,1,1,1,1,1,1,1,1,1,1,1,4),(0.,0.0627757402361373,
0.12614787017517,0.190090685180851,0.2545972599241,0.31966210832274,0.385280212414974,
0.451446803633927,0.518157287846612,0.585407212117384,0.6531922468597,0.721508174676493,
0.790350882496476,0.859716355511784,0.929600672192693,1.),.UNSPECIFIED.);
#119=B_SPLINE_CURVE_WITH_KNOTS('',3,(#7088,#7089,#7090,#7091,#7092,#7093,
#7094,#7095,#7096,#7097,#7098,#7099,#7100,#7101,#7102,#7103,#7104,#7105),
 .UNSPECIFIED.,.F.,.F.,(4,1,1,1,1,1,1,1,1,1,1,1,1,1,1,4),(0.,0.0627757402361373,
0.12614787017517,0.190090685180851,0.2545972599241,0.31966210832274,0.385280212414974,
0.451446803633927,0.518157287846612,0.585407212117384,0.6531922468597,0.721508174676493,
0.790350882496476,0.859716355511784,0.929600672192693,1.),.UNSPECIFIED.);
#120=B_SPLINE_CURVE_WITH_KNOTS('',3,(#7113,#7114,#7115,#7116,#7117,#7118,
#7119,#7120,#7121,#7122,#7123,#7124,#7125,#7126,#7127,#7128,#7129,#7130),
 .UNSPECIFIED.,.F.,.F.,(4,1,1,1,1,1,1,1,1,1,1,1,1,1,1,4),(0.,0.0627757402361373,
0.12614787017517,0.190090685180851,0.2545972599241,0.31966210832274,0.385280212414974,
0.451446803633927,0.518157287846612,0.585407212117384,0.6531922468597,0.721508174676493,
0.790350882496476,0.859716355511784,0.929600672192693,1.),.UNSPECIFIED.);
#121=B_SPLINE_CURVE_WITH_KNOTS('',3,(#7134,#7135,#7136,#7137,#7138,#7139,
#7140,#7141,#7142,#7143,#7144,#7145,#7146,#7147,#7148,#7149,#7150,#7151),
 .UNSPECIFIED.,.F.,.F.,(4,1,1,1,1,1,1,1,1,1,1,1,1,1,1,4),(0.,0.0627757402361373,
0.12614787017517,0.190090685180851,0.2545972599241,0.31966210832274,0.385280212414974,
0.451446803633927,0.518157287846612,0.585407212117384,0.6531922468597,0.721508174676493,
0.790350882496476,0.859716355511784,0.929600672192693,1.),.UNSPECIFIED.);
#122=B_SPLINE_CURVE_WITH_KNOTS('',3,(#7159,#7160,#7161,#7162,#7163,#7164,
#7165,#7166,#7167,#7168,#7169,#7170,#7171,#7172,#7173,#7174,#7175,#7176),
 .UNSPECIFIED.,.F.,.F.,(4,1,1,1,1,1,1,1,1,1,1,1,1,1,1,4),(0.,0.0627757402361373,
0.12614787017517,0.190090685180851,0.2545972599241,0.31966210832274,0.385280212414974,
0.451446803633927,0.518157287846612,0.585407212117384,0.6531922468597,0.721508174676493,
0.790350882496476,0.859716355511784,0.929600672192693,1.),.UNSPECIFIED.);
#123=B_SPLINE_CURVE_WITH_KNOTS('',3,(#7180,#7181,#7182,#7183,#7184,#7185,
#7186,#7187,#7188,#7189,#7190,#7191,#7192,#7193,#7194,#7195,#7196,#7197),
 .UNSPECIFIED.,.F.,.F.,(4,1,1,1,1,1,1,1,1,1,1,1,1,1,1,4),(0.,0.0627757402361373,
0.12614787017517,0.190090685180851,0.2545972599241,0.31966210832274,0.385280212414974,
0.451446803633927,0.518157287846612,0.585407212117384,0.6531922468597,0.721508174676493,
0.790350882496476,0.859716355511784,0.929600672192693,1.),.UNSPECIFIED.);
#124=B_SPLINE_CURVE_WITH_KNOTS('',3,(#7205,#7206,#7207,#7208,#7209,#7210,
#7211,#7212,#7213,#7214,#7215,#7216,#7217,#7218,#7219,#7220,#7221,#7222),
 .UNSPECIFIED.,.F.,.F.,(4,1,1,1,1,1,1,1,1,1,1,1,1,1,1,4),(0.,0.0627757402361373,
0.12614787017517,0.190090685180851,0.2545972599241,0.31966210832274,0.385280212414974,
0.451446803633927,0.518157287846612,0.585407212117384,0.6531922468597,0.721508174676493,
0.790350882496476,0.859716355511784,0.929600672192693,1.),.UNSPECIFIED.);
#125=B_SPLINE_CURVE_WITH_KNOTS('',3,(#7226,#7227,#7228,#7229,#7230,#7231,
#7232,#7233,#7234,#7235,#7236,#7237,#7238,#7239,#7240,#7241,#7242,#7243),
 .UNSPECIFIED.,.F.,.F.,(4,1,1,1,1,1,1,1,1,1,1,1,1,1,1,4),(0.,0.0627757402361373,
0.12614787017517,0.190090685180851,0.2545972599241,0.31966210832274,0.385280212414974,
0.451446803633927,0.518157287846612,0.585407212117384,0.6531922468597,0.721508174676493,
0.790350882496476,0.859716355511784,0.929600672192693,1.),.UNSPECIFIED.);
#126=B_SPLINE_CURVE_WITH_KNOTS('',3,(#7251,#7252,#7253,#7254,#7255,#7256,
#7257,#7258,#7259,#7260,#7261,#7262,#7263,#7264,#7265,#7266,#7267,#7268),
 .UNSPECIFIED.,.F.,.F.,(4,1,1,1,1,1,1,1,1,1,1,1,1,1,1,4),(0.,0.0627757402361373,
0.12614787017517,0.190090685180851,0.2545972599241,0.31966210832274,0.385280212414974,
0.451446803633927,0.518157287846612,0.585407212117384,0.6531922468597,0.721508174676493,
0.790350882496476,0.859716355511784,0.929600672192693,1.),.UNSPECIFIED.);
#127=B_SPLINE_CURVE_WITH_KNOTS('',3,(#7272,#7273,#7274,#7275,#7276,#7277,
#7278,#7279,#7280,#7281,#7282,#7283,#7284,#7285,#7286,#7287,#7288,#7289),
 .UNSPECIFIED.,.F.,.F.,(4,1,1,1,1,1,1,1,1,1,1,1,1,1,1,4),(0.,0.0627757402361373,
0.12614787017517,0.190090685180851,0.2545972599241,0.31966210832274,0.385280212414974,
0.451446803633927,0.518157287846612,0.585407212117384,0.6531922468597,0.721508174676493,
0.790350882496476,0.859716355511784,0.929600672192693,1.),.UNSPECIFIED.);
#128=B_SPLINE_CURVE_WITH_KNOTS('',3,(#7297,#7298,#7299,#7300,#7301,#7302,
#7303,#7304,#7305,#7306,#7307,#7308,#7309,#7310,#7311,#7312,#7313,#7314),
 .UNSPECIFIED.,.F.,.F.,(4,1,1,1,1,1,1,1,1,1,1,1,1,1,1,4),(0.,0.0627757402361373,
0.12614787017517,0.190090685180851,0.2545972599241,0.31966210832274,0.385280212414974,
0.451446803633927,0.518157287846612,0.585407212117384,0.6531922468597,0.721508174676493,
0.790350882496476,0.859716355511784,0.929600672192693,1.),.UNSPECIFIED.);
#129=B_SPLINE_CURVE_WITH_KNOTS('',3,(#7318,#7319,#7320,#7321,#7322,#7323,
#7324,#7325,#7326,#7327,#7328,#7329,#7330,#7331,#7332,#7333,#7334,#7335),
 .UNSPECIFIED.,.F.,.F.,(4,1,1,1,1,1,1,1,1,1,1,1,1,1,1,4),(0.,0.0627757402361373,
0.12614787017517,0.190090685180851,0.2545972599241,0.31966210832274,0.385280212414974,
0.451446803633927,0.518157287846612,0.585407212117384,0.6531922468597,0.721508174676493,
0.790350882496476,0.859716355511784,0.929600672192693,1.),.UNSPECIFIED.);
#130=B_SPLINE_CURVE_WITH_KNOTS('',3,(#7343,#7344,#7345,#7346,#7347,#7348,
#7349,#7350,#7351,#7352,#7353,#7354,#7355,#7356,#7357,#7358,#7359,#7360),
 .UNSPECIFIED.,.F.,.F.,(4,1,1,1,1,1,1,1,1,1,1,1,1,1,1,4),(0.,0.0627757402361373,
0.12614787017517,0.190090685180851,0.2545972599241,0.31966210832274,0.385280212414974,
0.451446803633927,0.518157287846612,0.585407212117384,0.6531922468597,0.721508174676493,
0.790350882496476,0.859716355511784,0.929600672192693,1.),.UNSPECIFIED.);
#131=B_SPLINE_CURVE_WITH_KNOTS('',3,(#7364,#7365,#7366,#7367,#7368,#7369,
#7370,#7371,#7372,#7373,#7374,#7375,#7376,#7377,#7378,#7379,#7380,#7381),
 .UNSPECIFIED.,.F.,.F.,(4,1,1,1,1,1,1,1,1,1,1,1,1,1,1,4),(0.,0.0627757402361373,
0.12614787017517,0.190090685180851,0.2545972599241,0.31966210832274,0.385280212414974,
0.451446803633927,0.518157287846612,0.585407212117384,0.6531922468597,0.721508174676493,
0.790350882496476,0.859716355511784,0.929600672192693,1.),.UNSPECIFIED.);
#132=B_SPLINE_CURVE_WITH_KNOTS('',3,(#7792,#7793,#7794,#7795,#7796,#7797,
#7798,#7799,#7800,#7801,#7802,#7803,#7804,#7805,#7806,#7807,#7808,#7809),
 .UNSPECIFIED.,.F.,.F.,(4,1,1,1,1,1,1,1,1,1,1,1,1,1,1,4),(0.,0.0627757402361373,
0.12614787017517,0.190090685180851,0.2545972599241,0.31966210832274,0.385280212414974,
0.451446803633927,0.518157287846612,0.585407212117384,0.6531922468597,0.721508174676493,
0.790350882496476,0.859716355511784,0.929600672192693,1.),.UNSPECIFIED.);
#133=B_SPLINE_CURVE_WITH_KNOTS('',3,(#7852,#7853,#7854,#7855,#7856,#7857,
#7858,#7859,#7860,#7861,#7862,#7863,#7864,#7865,#7866,#7867,#7868,#7869),
 .UNSPECIFIED.,.F.,.F.,(4,1,1,1,1,1,1,1,1,1,1,1,1,1,1,4),(0.,0.0627757402361373,
0.12614787017517,0.190090685180851,0.2545972599241,0.31966210832274,0.385280212414974,
0.451446803633927,0.518157287846612,0.585407212117384,0.6531922468597,0.721508174676493,
0.790350882496476,0.859716355511784,0.929600672192693,1.),.UNSPECIFIED.);
#134=B_SPLINE_CURVE_WITH_KNOTS('',3,(#7920,#7921,#7922,#7923,#7924,#7925,
#7926,#7927,#7928,#7929,#7930,#7931,#7932,#7933,#7934,#7935,#7936,#7937),
 .UNSPECIFIED.,.F.,.F.,(4,1,1,1,1,1,1,1,1,1,1,1,1,1,1,4),(0.,0.0627757402361373,
0.12614787017517,0.190090685180851,0.2545972599241,0.31966210832274,0.385280212414974,
0.451446803633927,0.518157287846612,0.585407212117384,0.6531922468597,0.721508174676493,
0.790350882496476,0.859716355511784,0.929600672192693,1.),.UNSPECIFIED.);
#135=B_SPLINE_CURVE_WITH_KNOTS('',3,(#7980,#7981,#7982,#7983,#7984,#7985,
#7986,#7987,#7988,#7989,#7990,#7991,#7992,#7993,#7994,#7995,#7996,#7997),
 .UNSPECIFIED.,.F.,.F.,(4,1,1,1,1,1,1,1,1,1,1,1,1,1,1,4),(0.,0.0627757402361373,
0.12614787017517,0.190090685180851,0.2545972599241,0.31966210832274,0.385280212414974,
0.451446803633927,0.518157287846612,0.585407212117384,0.6531922468597,0.721508174676493,
0.790350882496476,0.859716355511784,0.929600672192693,1.),.UNSPECIFIED.);
#136=B_SPLINE_CURVE_WITH_KNOTS('',3,(#8048,#8049,#8050,#8051,#8052,#8053,
#8054,#8055,#8056,#8057,#8058,#8059,#8060,#8061,#8062,#8063,#8064,#8065),
 .UNSPECIFIED.,.F.,.F.,(4,1,1,1,1,1,1,1,1,1,1,1,1,1,1,4),(0.,0.0627757402361373,
0.12614787017517,0.190090685180851,0.2545972599241,0.31966210832274,0.385280212414974,
0.451446803633927,0.518157287846612,0.585407212117384,0.6531922468597,0.721508174676493,
0.790350882496476,0.859716355511784,0.929600672192693,1.),.UNSPECIFIED.);
#137=B_SPLINE_CURVE_WITH_KNOTS('',3,(#8108,#8109,#8110,#8111,#8112,#8113,
#8114,#8115,#8116,#8117,#8118,#8119,#8120,#8121,#8122,#8123,#8124,#8125),
 .UNSPECIFIED.,.F.,.F.,(4,1,1,1,1,1,1,1,1,1,1,1,1,1,1,4),(0.,0.0627757402361373,
0.12614787017517,0.190090685180851,0.2545972599241,0.31966210832274,0.385280212414974,
0.451446803633927,0.518157287846612,0.585407212117384,0.6531922468597,0.721508174676493,
0.790350882496476,0.859716355511784,0.929600672192693,1.),.UNSPECIFIED.);
#138=B_SPLINE_CURVE_WITH_KNOTS('',3,(#8176,#8177,#8178,#8179,#8180,#8181,
#8182,#8183,#8184,#8185,#8186,#8187,#8188,#8189,#8190,#8191,#8192,#8193),
 .UNSPECIFIED.,.F.,.F.,(4,1,1,1,1,1,1,1,1,1,1,1,1,1,1,4),(0.,0.0627757402361373,
0.12614787017517,0.190090685180851,0.2545972599241,0.31966210832274,0.385280212414974,
0.451446803633927,0.518157287846612,0.585407212117384,0.6531922468597,0.721508174676493,
0.790350882496476,0.859716355511784,0.929600672192693,1.),.UNSPECIFIED.);
#139=B_SPLINE_CURVE_WITH_KNOTS('',3,(#8236,#8237,#8238,#8239,#8240,#8241,
#8242,#8243,#8244,#8245,#8246,#8247,#8248,#8249,#8250,#8251,#8252,#8253),
 .UNSPECIFIED.,.F.,.F.,(4,1,1,1,1,1,1,1,1,1,1,1,1,1,1,4),(0.,0.0627757402361373,
0.12614787017517,0.190090685180851,0.2545972599241,0.31966210832274,0.385280212414974,
0.451446803633927,0.518157287846612,0.585407212117384,0.6531922468597,0.721508174676493,
0.790350882496476,0.859716355511784,0.929600672192693,1.),.UNSPECIFIED.);
#140=B_SPLINE_CURVE_WITH_KNOTS('',3,(#8304,#8305,#8306,#8307,#8308,#8309,
#8310,#8311,#8312,#8313,#8314,#8315,#8316,#8317,#8318,#8319,#8320,#8321),
 .UNSPECIFIED.,.F.,.F.,(4,1,1,1,1,1,1,1,1,1,1,1,1,1,1,4),(0.,0.0627757402361373,
0.12614787017517,0.190090685180851,0.2545972599241,0.31966210832274,0.385280212414974,
0.451446803633927,0.518157287846612,0.585407212117384,0.6531922468597,0.721508174676493,
0.790350882496476,0.859716355511784,0.929600672192693,1.),.UNSPECIFIED.);
#141=B_SPLINE_CURVE_WITH_KNOTS('',3,(#8364,#8365,#8366,#8367,#8368,#8369,
#8370,#8371,#8372,#8373,#8374,#8375,#8376,#8377,#8378,#8379,#8380,#8381),
 .UNSPECIFIED.,.F.,.F.,(4,1,1,1,1,1,1,1,1,1,1,1,1,1,1,4),(0.,0.0627757402361373,
0.12614787017517,0.190090685180851,0.2545972599241,0.31966210832274,0.385280212414974,
0.451446803633927,0.518157287846612,0.585407212117384,0.6531922468597,0.721508174676493,
0.790350882496476,0.859716355511784,0.929600672192693,1.),.UNSPECIFIED.);
#142=B_SPLINE_CURVE_WITH_KNOTS('',3,(#8432,#8433,#8434,#8435,#8436,#8437,
#8438,#8439,#8440,#8441,#8442,#8443,#8444,#8445,#8446,#8447,#8448,#8449),
 .UNSPECIFIED.,.F.,.F.,(4,1,1,1,1,1,1,1,1,1,1,1,1,1,1,4),(0.,0.0627757402361373,
0.12614787017517,0.190090685180851,0.2545972599241,0.31966210832274,0.385280212414974,
0.451446803633927,0.518157287846612,0.585407212117384,0.6531922468597,0.721508174676493,
0.790350882496476,0.859716355511784,0.929600672192693,1.),.UNSPECIFIED.);
#143=B_SPLINE_CURVE_WITH_KNOTS('',3,(#8492,#8493,#8494,#8495,#8496,#8497,
#8498,#8499,#8500,#8501,#8502,#8503,#8504,#8505,#8506,#8507,#8508,#8509),
 .UNSPECIFIED.,.F.,.F.,(4,1,1,1,1,1,1,1,1,1,1,1,1,1,1,4),(0.,0.0627757402361373,
0.12614787017517,0.190090685180851,0.2545972599241,0.31966210832274,0.385280212414974,
0.451446803633927,0.518157287846612,0.585407212117384,0.6531922468597,0.721508174676493,
0.790350882496476,0.859716355511784,0.929600672192693,1.),.UNSPECIFIED.);
#144=B_SPLINE_CURVE_WITH_KNOTS('',3,(#8560,#8561,#8562,#8563,#8564,#8565,
#8566,#8567,#8568,#8569,#8570,#8571,#8572,#8573,#8574,#8575,#8576,#8577),
 .UNSPECIFIED.,.F.,.F.,(4,1,1,1,1,1,1,1,1,1,1,1,1,1,1,4),(0.,0.0627757402361373,
0.12614787017517,0.190090685180851,0.2545972599241,0.31966210832274,0.385280212414974,
0.451446803633927,0.518157287846612,0.585407212117384,0.6531922468597,0.721508174676493,
0.790350882496476,0.859716355511784,0.929600672192693,1.),.UNSPECIFIED.);
#145=B_SPLINE_CURVE_WITH_KNOTS('',3,(#8620,#8621,#8622,#8623,#8624,#8625,
#8626,#8627,#8628,#8629,#8630,#8631,#8632,#8633,#8634,#8635,#8636,#8637),
 .UNSPECIFIED.,.F.,.F.,(4,1,1,1,1,1,1,1,1,1,1,1,1,1,1,4),(0.,0.0627757402361373,
0.12614787017517,0.190090685180851,0.2545972599241,0.31966210832274,0.385280212414974,
0.451446803633927,0.518157287846612,0.585407212117384,0.6531922468597,0.721508174676493,
0.790350882496476,0.859716355511784,0.929600672192693,1.),.UNSPECIFIED.);
#146=B_SPLINE_CURVE_WITH_KNOTS('',3,(#8688,#8689,#8690,#8691,#8692,#8693,
#8694,#8695,#8696,#8697,#8698,#8699,#8700,#8701,#8702,#8703,#8704,#8705),
 .UNSPECIFIED.,.F.,.F.,(4,1,1,1,1,1,1,1,1,1,1,1,1,1,1,4),(0.,0.0627757402361373,
0.12614787017517,0.190090685180851,0.2545972599241,0.31966210832274,0.385280212414974,
0.451446803633927,0.518157287846612,0.585407212117384,0.6531922468597,0.721508174676493,
0.790350882496476,0.859716355511784,0.929600672192693,1.),.UNSPECIFIED.);
#147=B_SPLINE_CURVE_WITH_KNOTS('',3,(#8748,#8749,#8750,#8751,#8752,#8753,
#8754,#8755,#8756,#8757,#8758,#8759,#8760,#8761,#8762,#8763,#8764,#8765),
 .UNSPECIFIED.,.F.,.F.,(4,1,1,1,1,1,1,1,1,1,1,1,1,1,1,4),(0.,0.0627757402361373,
0.12614787017517,0.190090685180851,0.2545972599241,0.31966210832274,0.385280212414974,
0.451446803633927,0.518157287846612,0.585407212117384,0.6531922468597,0.721508174676493,
0.790350882496476,0.859716355511784,0.929600672192693,1.),.UNSPECIFIED.);
#148=B_SPLINE_CURVE_WITH_KNOTS('',3,(#8816,#8817,#8818,#8819,#8820,#8821,
#8822,#8823,#8824,#8825,#8826,#8827,#8828,#8829,#8830,#8831,#8832,#8833),
 .UNSPECIFIED.,.F.,.F.,(4,1,1,1,1,1,1,1,1,1,1,1,1,1,1,4),(0.,0.0627757402361373,
0.12614787017517,0.190090685180851,0.2545972599241,0.31966210832274,0.385280212414974,
0.451446803633927,0.518157287846612,0.585407212117384,0.6531922468597,0.721508174676493,
0.790350882496476,0.859716355511784,0.929600672192693,1.),.UNSPECIFIED.);
#149=B_SPLINE_CURVE_WITH_KNOTS('',3,(#8876,#8877,#8878,#8879,#8880,#8881,
#8882,#8883,#8884,#8885,#8886,#8887,#8888,#8889,#8890,#8891,#8892,#8893),
 .UNSPECIFIED.,.F.,.F.,(4,1,1,1,1,1,1,1,1,1,1,1,1,1,1,4),(0.,0.0627757402361373,
0.12614787017517,0.190090685180851,0.2545972599241,0.31966210832274,0.385280212414974,
0.451446803633927,0.518157287846612,0.585407212117384,0.6531922468597,0.721508174676493,
0.790350882496476,0.859716355511784,0.929600672192693,1.),.UNSPECIFIED.);
#150=B_SPLINE_CURVE_WITH_KNOTS('',3,(#8944,#8945,#8946,#8947,#8948,#8949,
#8950,#8951,#8952,#8953,#8954,#8955,#8956,#8957,#8958,#8959,#8960,#8961),
 .UNSPECIFIED.,.F.,.F.,(4,1,1,1,1,1,1,1,1,1,1,1,1,1,1,4),(0.,0.0627757402361373,
0.12614787017517,0.190090685180851,0.2545972599241,0.31966210832274,0.385280212414974,
0.451446803633927,0.518157287846612,0.585407212117384,0.6531922468597,0.721508174676493,
0.790350882496476,0.859716355511784,0.929600672192693,1.),.UNSPECIFIED.);
#151=B_SPLINE_CURVE_WITH_KNOTS('',3,(#9004,#9005,#9006,#9007,#9008,#9009,
#9010,#9011,#9012,#9013,#9014,#9015,#9016,#9017,#9018,#9019,#9020,#9021),
 .UNSPECIFIED.,.F.,.F.,(4,1,1,1,1,1,1,1,1,1,1,1,1,1,1,4),(0.,0.0627757402361373,
0.12614787017517,0.190090685180851,0.2545972599241,0.31966210832274,0.385280212414974,
0.451446803633927,0.518157287846612,0.585407212117384,0.6531922468597,0.721508174676493,
0.790350882496476,0.859716355511784,0.929600672192693,1.),.UNSPECIFIED.);
#152=B_SPLINE_CURVE_WITH_KNOTS('',3,(#9072,#9073,#9074,#9075,#9076,#9077,
#9078,#9079,#9080,#9081,#9082,#9083,#9084,#9085,#9086,#9087,#9088,#9089),
 .UNSPECIFIED.,.F.,.F.,(4,1,1,1,1,1,1,1,1,1,1,1,1,1,1,4),(0.,0.0627757402361373,
0.12614787017517,0.190090685180851,0.2545972599241,0.31966210832274,0.385280212414974,
0.451446803633927,0.518157287846612,0.585407212117384,0.6531922468597,0.721508174676493,
0.790350882496476,0.859716355511784,0.929600672192693,1.),.UNSPECIFIED.);
#153=B_SPLINE_CURVE_WITH_KNOTS('',3,(#9132,#9133,#9134,#9135,#9136,#9137,
#9138,#9139,#9140,#9141,#9142,#9143,#9144,#9145,#9146,#9147,#9148,#9149),
 .UNSPECIFIED.,.F.,.F.,(4,1,1,1,1,1,1,1,1,1,1,1,1,1,1,4),(0.,0.0627757402361373,
0.12614787017517,0.190090685180851,0.2545972599241,0.31966210832274,0.385280212414974,
0.451446803633927,0.518157287846612,0.585407212117384,0.6531922468597,0.721508174676493,
0.790350882496476,0.859716355511784,0.929600672192693,1.),.UNSPECIFIED.);
#154=B_SPLINE_CURVE_WITH_KNOTS('',3,(#9200,#9201,#9202,#9203,#9204,#9205,
#9206,#9207,#9208,#9209,#9210,#9211,#9212,#9213,#9214,#9215,#9216,#9217),
 .UNSPECIFIED.,.F.,.F.,(4,1,1,1,1,1,1,1,1,1,1,1,1,1,1,4),(0.,0.0627757402361373,
0.12614787017517,0.190090685180851,0.2545972599241,0.31966210832274,0.385280212414974,
0.451446803633927,0.518157287846612,0.585407212117384,0.6531922468597,0.721508174676493,
0.790350882496476,0.859716355511784,0.929600672192693,1.),.UNSPECIFIED.);
#155=B_SPLINE_CURVE_WITH_KNOTS('',3,(#9260,#9261,#9262,#9263,#9264,#9265,
#9266,#9267,#9268,#9269,#9270,#9271,#9272,#9273,#9274,#9275,#9276,#9277),
 .UNSPECIFIED.,.F.,.F.,(4,1,1,1,1,1,1,1,1,1,1,1,1,1,1,4),(0.,0.0627757402361373,
0.12614787017517,0.190090685180851,0.2545972599241,0.31966210832274,0.385280212414974,
0.451446803633927,0.518157287846612,0.585407212117384,0.6531922468597,0.721508174676493,
0.790350882496476,0.859716355511784,0.929600672192693,1.),.UNSPECIFIED.);
#156=LINE('',#6835,#720);
#157=LINE('',#6856,#721);
#158=LINE('',#6877,#722);
#159=LINE('',#6881,#723);
#160=LINE('',#6902,#724);
#161=LINE('',#6923,#725);
#162=LINE('',#6927,#726);
#163=LINE('',#6948,#727);
#164=LINE('',#6969,#728);
#165=LINE('',#6973,#729);
#166=LINE('',#6994,#730);
#167=LINE('',#7015,#731);
#168=LINE('',#7019,#732);
#169=LINE('',#7040,#733);
#170=LINE('',#7061,#734);
#171=LINE('',#7065,#735);
#172=LINE('',#7086,#736);
#173=LINE('',#7107,#737);
#174=LINE('',#7111,#738);
#175=LINE('',#7132,#739);
#176=LINE('',#7153,#740);
#177=LINE('',#7157,#741);
#178=LINE('',#7178,#742);
#179=LINE('',#7199,#743);
#180=LINE('',#7203,#744);
#181=LINE('',#7224,#745);
#182=LINE('',#7245,#746);
#183=LINE('',#7249,#747);
#184=LINE('',#7270,#748);
#185=LINE('',#7291,#749);
#186=LINE('',#7295,#750);
#187=LINE('',#7316,#751);
#188=LINE('',#7337,#752);
#189=LINE('',#7341,#753);
#190=LINE('',#7362,#754);
#191=LINE('',#7383,#755);
#192=LINE('',#7387,#756);
#193=LINE('',#7389,#757);
#194=LINE('',#7393,#758);
#195=LINE('',#7395,#759);
#196=LINE('',#7399,#760);
#197=LINE('',#7401,#761);
#198=LINE('',#7405,#762);
#199=LINE('',#7407,#763);
#200=LINE('',#7411,#764);
#201=LINE('',#7413,#765);
#202=LINE('',#7417,#766);
#203=LINE('',#7419,#767);
#204=LINE('',#7423,#768);
#205=LINE('',#7425,#769);
#206=LINE('',#7429,#770);
#207=LINE('',#7431,#771);
#208=LINE('',#7435,#772);
#209=LINE('',#7437,#773);
#210=LINE('',#7441,#774);
#211=LINE('',#7443,#775);
#212=LINE('',#7447,#776);
#213=LINE('',#7449,#777);
#214=LINE('',#7453,#778);
#215=LINE('',#7455,#779);
#216=LINE('',#7459,#780);
#217=LINE('',#7461,#781);
#218=LINE('',#7465,#782);
#219=LINE('',#7467,#783);
#220=LINE('',#7471,#784);
#221=LINE('',#7473,#785);
#222=LINE('',#7477,#786);
#223=LINE('',#7479,#787);
#224=LINE('',#7483,#788);
#225=LINE('',#7485,#789);
#226=LINE('',#7489,#790);
#227=LINE('',#7491,#791);
#228=LINE('',#7495,#792);
#229=LINE('',#7497,#793);
#230=LINE('',#7501,#794);
#231=LINE('',#7503,#795);
#232=LINE('',#7507,#796);
#233=LINE('',#7509,#797);
#234=LINE('',#7513,#798);
#235=LINE('',#7515,#799);
#236=LINE('',#7519,#800);
#237=LINE('',#7521,#801);
#238=LINE('',#7525,#802);
#239=LINE('',#7527,#803);
#240=LINE('',#7531,#804);
#241=LINE('',#7533,#805);
#242=LINE('',#7537,#806);
#243=LINE('',#7539,#807);
#244=LINE('',#7543,#808);
#245=LINE('',#7545,#809);
#246=LINE('',#7549,#810);
#247=LINE('',#7551,#811);
#248=LINE('',#7555,#812);
#249=LINE('',#7557,#813);
#250=LINE('',#7561,#814);
#251=LINE('',#7563,#815);
#252=LINE('',#7567,#816);
#253=LINE('',#7569,#817);
#254=LINE('',#7573,#818);
#255=LINE('',#7575,#819);
#256=LINE('',#7579,#820);
#257=LINE('',#7581,#821);
#258=LINE('',#7585,#822);
#259=LINE('',#7587,#823);
#260=LINE('',#7591,#824);
#261=LINE('',#7593,#825);
#262=LINE('',#7597,#826);
#263=LINE('',#7599,#827);
#264=LINE('',#7603,#828);
#265=LINE('',#7605,#829);
#266=LINE('',#7609,#830);
#267=LINE('',#7611,#831);
#268=LINE('',#7615,#832);
#269=LINE('',#7617,#833);
#270=LINE('',#7621,#834);
#271=LINE('',#7623,#835);
#272=LINE('',#7627,#836);
#273=LINE('',#7629,#837);
#274=LINE('',#7633,#838);
#275=LINE('',#7635,#839);
#276=LINE('',#7639,#840);
#277=LINE('',#7641,#841);
#278=LINE('',#7645,#842);
#279=LINE('',#7647,#843);
#280=LINE('',#7651,#844);
#281=LINE('',#7653,#845);
#282=LINE('',#7657,#846);
#283=LINE('',#7659,#847);
#284=LINE('',#7663,#848);
#285=LINE('',#7665,#849);
#286=LINE('',#7669,#850);
#287=LINE('',#7671,#851);
#288=LINE('',#7675,#852);
#289=LINE('',#7677,#853);
#290=LINE('',#7681,#854);
#291=LINE('',#7683,#855);
#292=LINE('',#7687,#856);
#293=LINE('',#7689,#857);
#294=LINE('',#7693,#858);
#295=LINE('',#7695,#859);
#296=LINE('',#7699,#860);
#297=LINE('',#7701,#861);
#298=LINE('',#7705,#862);
#299=LINE('',#7707,#863);
#300=LINE('',#7711,#864);
#301=LINE('',#7713,#865);
#302=LINE('',#7717,#866);
#303=LINE('',#7719,#867);
#304=LINE('',#7723,#868);
#305=LINE('',#7725,#869);
#306=LINE('',#7729,#870);
#307=LINE('',#7731,#871);
#308=LINE('',#7735,#872);
#309=LINE('',#7737,#873);
#310=LINE('',#7741,#874);
#311=LINE('',#7743,#875);
#312=LINE('',#7745,#876);
#313=LINE('',#7749,#877);
#314=LINE('',#7751,#878);
#315=LINE('',#7753,#879);
#316=LINE('',#7790,#880);
#317=LINE('',#7811,#881);
#318=LINE('',#7813,#882);
#319=LINE('',#7850,#883);
#320=LINE('',#7871,#884);
#321=LINE('',#7873,#885);
#322=LINE('',#7875,#886);
#323=LINE('',#7879,#887);
#324=LINE('',#7881,#888);
#325=LINE('',#7918,#889);
#326=LINE('',#7939,#890);
#327=LINE('',#7941,#891);
#328=LINE('',#7978,#892);
#329=LINE('',#7999,#893);
#330=LINE('',#8001,#894);
#331=LINE('',#8003,#895);
#332=LINE('',#8007,#896);
#333=LINE('',#8009,#897);
#334=LINE('',#8046,#898);
#335=LINE('',#8067,#899);
#336=LINE('',#8069,#900);
#337=LINE('',#8106,#901);
#338=LINE('',#8127,#902);
#339=LINE('',#8129,#903);
#340=LINE('',#8131,#904);
#341=LINE('',#8135,#905);
#342=LINE('',#8137,#906);
#343=LINE('',#8174,#907);
#344=LINE('',#8195,#908);
#345=LINE('',#8197,#909);
#346=LINE('',#8234,#910);
#347=LINE('',#8255,#911);
#348=LINE('',#8257,#912);
#349=LINE('',#8259,#913);
#350=LINE('',#8263,#914);
#351=LINE('',#8265,#915);
#352=LINE('',#8302,#916);
#353=LINE('',#8323,#917);
#354=LINE('',#8325,#918);
#355=LINE('',#8362,#919);
#356=LINE('',#8383,#920);
#357=LINE('',#8385,#921);
#358=LINE('',#8387,#922);
#359=LINE('',#8391,#923);
#360=LINE('',#8393,#924);
#361=LINE('',#8430,#925);
#362=LINE('',#8451,#926);
#363=LINE('',#8453,#927);
#364=LINE('',#8490,#928);
#365=LINE('',#8511,#929);
#366=LINE('',#8513,#930);
#367=LINE('',#8515,#931);
#368=LINE('',#8519,#932);
#369=LINE('',#8521,#933);
#370=LINE('',#8558,#934);
#371=LINE('',#8579,#935);
#372=LINE('',#8581,#936);
#373=LINE('',#8618,#937);
#374=LINE('',#8639,#938);
#375=LINE('',#8641,#939);
#376=LINE('',#8643,#940);
#377=LINE('',#8647,#941);
#378=LINE('',#8649,#942);
#379=LINE('',#8686,#943);
#380=LINE('',#8707,#944);
#381=LINE('',#8709,#945);
#382=LINE('',#8746,#946);
#383=LINE('',#8767,#947);
#384=LINE('',#8769,#948);
#385=LINE('',#8771,#949);
#386=LINE('',#8775,#950);
#387=LINE('',#8777,#951);
#388=LINE('',#8814,#952);
#389=LINE('',#8835,#953);
#390=LINE('',#8837,#954);
#391=LINE('',#8874,#955);
#392=LINE('',#8895,#956);
#393=LINE('',#8897,#957);
#394=LINE('',#8899,#958);
#395=LINE('',#8903,#959);
#396=LINE('',#8905,#960);
#397=LINE('',#8942,#961);
#398=LINE('',#8963,#962);
#399=LINE('',#8965,#963);
#400=LINE('',#9002,#964);
#401=LINE('',#9023,#965);
#402=LINE('',#9025,#966);
#403=LINE('',#9027,#967);
#404=LINE('',#9031,#968);
#405=LINE('',#9033,#969);
#406=LINE('',#9070,#970);
#407=LINE('',#9091,#971);
#408=LINE('',#9093,#972);
#409=LINE('',#9130,#973);
#410=LINE('',#9151,#974);
#411=LINE('',#9153,#975);
#412=LINE('',#9155,#976);
#413=LINE('',#9159,#977);
#414=LINE('',#9161,#978);
#415=LINE('',#9198,#979);
#416=LINE('',#9219,#980);
#417=LINE('',#9221,#981);
#418=LINE('',#9258,#982);
#419=LINE('',#9279,#983);
#420=LINE('',#9282,#984);
#421=LINE('',#9284,#985);
#422=LINE('',#9286,#986);
#423=LINE('',#9288,#987);
#424=LINE('',#9292,#988);
#425=LINE('',#9294,#989);
#426=LINE('',#9296,#990);
#427=LINE('',#9298,#991);
#428=LINE('',#9300,#992);
#429=LINE('',#9304,#993);
#430=LINE('',#9306,#994);
#431=LINE('',#9308,#995);
#432=LINE('',#9310,#996);
#433=LINE('',#9312,#997);
#434=LINE('',#9316,#998);
#435=LINE('',#9318,#999);
#436=LINE('',#9320,#1000);
#437=LINE('',#9322,#1001);
#438=LINE('',#9324,#1002);
#439=LINE('',#9328,#1003);
#440=LINE('',#9330,#1004);
#441=LINE('',#9332,#1005);
#442=LINE('',#9334,#1006);
#443=LINE('',#9336,#1007);
#444=LINE('',#9340,#1008);
#445=LINE('',#9342,#1009);
#446=LINE('',#9344,#1010);
#447=LINE('',#9346,#1011);
#448=LINE('',#9348,#1012);
#449=LINE('',#9352,#1013);
#450=LINE('',#9354,#1014);
#451=LINE('',#9356,#1015);
#452=LINE('',#9358,#1016);
#453=LINE('',#9360,#1017);
#454=LINE('',#9364,#1018);
#455=LINE('',#9366,#1019);
#456=LINE('',#9368,#1020);
#457=LINE('',#9370,#1021);
#458=LINE('',#9372,#1022);
#459=LINE('',#9376,#1023);
#460=LINE('',#9378,#1024);
#461=LINE('',#9380,#1025);
#462=LINE('',#9382,#1026);
#463=LINE('',#9384,#1027);
#464=LINE('',#9388,#1028);
#465=LINE('',#9390,#1029);
#466=LINE('',#9392,#1030);
#467=LINE('',#9394,#1031);
#468=LINE('',#9396,#1032);
#469=LINE('',#9400,#1033);
#470=LINE('',#9402,#1034);
#471=LINE('',#9404,#1035);
#472=LINE('',#9406,#1036);
#473=LINE('',#9408,#1037);
#474=LINE('',#9412,#1038);
#475=LINE('',#9414,#1039);
#476=LINE('',#9416,#1040);
#477=LINE('',#9418,#1041);
#478=LINE('',#9420,#1042);
#479=LINE('',#9424,#1043);
#480=LINE('',#9426,#1044);
#481=LINE('',#9428,#1045);
#482=LINE('',#9430,#1046);
#483=LINE('',#9432,#1047);
#484=LINE('',#9436,#1048);
#485=LINE('',#9438,#1049);
#486=LINE('',#9440,#1050);
#487=LINE('',#9442,#1051);
#488=LINE('',#9444,#1052);
#489=LINE('',#9448,#1053);
#490=LINE('',#9450,#1054);
#491=LINE('',#9452,#1055);
#492=LINE('',#9454,#1056);
#493=LINE('',#9456,#1057);
#494=LINE('',#9460,#1058);
#495=LINE('',#9462,#1059);
#496=LINE('',#9464,#1060);
#497=LINE('',#9466,#1061);
#498=LINE('',#9468,#1062);
#499=LINE('',#9472,#1063);
#500=LINE('',#9474,#1064);
#501=LINE('',#9476,#1065);
#502=LINE('',#9478,#1066);
#503=LINE('',#9480,#1067);
#504=LINE('',#9484,#1068);
#505=LINE('',#9486,#1069);
#506=LINE('',#9488,#1070);
#507=LINE('',#9490,#1071);
#508=LINE('',#9492,#1072);
#509=LINE('',#9496,#1073);
#510=LINE('',#9498,#1074);
#511=LINE('',#9500,#1075);
#512=LINE('',#9502,#1076);
#513=LINE('',#9504,#1077);
#514=LINE('',#9508,#1078);
#515=LINE('',#9510,#1079);
#516=LINE('',#9512,#1080);
#517=LINE('',#9514,#1081);
#518=LINE('',#9516,#1082);
#519=LINE('',#9520,#1083);
#520=LINE('',#9522,#1084);
#521=LINE('',#9524,#1085);
#522=LINE('',#9526,#1086);
#523=LINE('',#9528,#1087);
#524=LINE('',#9532,#1088);
#525=LINE('',#9534,#1089);
#526=LINE('',#9536,#1090);
#527=LINE('',#9538,#1091);
#528=LINE('',#9540,#1092);
#529=LINE('',#9544,#1093);
#530=LINE('',#9546,#1094);
#531=LINE('',#9548,#1095);
#532=LINE('',#9550,#1096);
#533=LINE('',#9552,#1097);
#534=LINE('',#9556,#1098);
#535=LINE('',#9558,#1099);
#536=LINE('',#9560,#1100);
#537=LINE('',#9562,#1101);
#538=LINE('',#9564,#1102);
#539=LINE('',#9568,#1103);
#540=LINE('',#9570,#1104);
#541=LINE('',#9572,#1105);
#542=LINE('',#9574,#1106);
#543=LINE('',#9576,#1107);
#544=LINE('',#9580,#1108);
#545=LINE('',#9582,#1109);
#546=LINE('',#9584,#1110);
#547=LINE('',#9586,#1111);
#548=LINE('',#9588,#1112);
#549=LINE('',#9592,#1113);
#550=LINE('',#9594,#1114);
#551=LINE('',#9596,#1115);
#552=LINE('',#9598,#1116);
#553=LINE('',#9600,#1117);
#554=LINE('',#9604,#1118);
#555=LINE('',#9606,#1119);
#556=LINE('',#9608,#1120);
#557=LINE('',#9610,#1121);
#558=LINE('',#9612,#1122);
#559=LINE('',#9616,#1123);
#560=LINE('',#9618,#1124);
#561=LINE('',#9620,#1125);
#562=LINE('',#9622,#1126);
#563=LINE('',#9624,#1127);
#564=LINE('',#9628,#1128);
#565=LINE('',#9630,#1129);
#566=LINE('',#9632,#1130);
#567=LINE('',#9634,#1131);
#568=LINE('',#9636,#1132);
#569=LINE('',#9640,#1133);
#570=LINE('',#9642,#1134);
#571=LINE('',#9644,#1135);
#572=LINE('',#9646,#1136);
#573=LINE('',#9648,#1137);
#574=LINE('',#9652,#1138);
#575=LINE('',#9654,#1139);
#576=LINE('',#9656,#1140);
#577=LINE('',#9658,#1141);
#578=LINE('',#9660,#1142);
#579=LINE('',#9664,#1143);
#580=LINE('',#9666,#1144);
#581=LINE('',#9668,#1145);
#582=LINE('',#9670,#1146);
#583=LINE('',#9672,#1147);
#584=LINE('',#9676,#1148);
#585=LINE('',#9678,#1149);
#586=LINE('',#9680,#1150);
#587=LINE('',#9682,#1151);
#588=LINE('',#9684,#1152);
#589=LINE('',#9688,#1153);
#590=LINE('',#9690,#1154);
#591=LINE('',#9692,#1155);
#592=LINE('',#9694,#1156);
#593=LINE('',#9696,#1157);
#594=LINE('',#9700,#1158);
#595=LINE('',#9702,#1159);
#596=LINE('',#9704,#1160);
#597=LINE('',#9706,#1161);
#598=LINE('',#9708,#1162);
#599=LINE('',#9712,#1163);
#600=LINE('',#9714,#1164);
#601=LINE('',#9716,#1165);
#602=LINE('',#9718,#1166);
#603=LINE('',#9720,#1167);
#604=LINE('',#9724,#1168);
#605=LINE('',#9726,#1169);
#606=LINE('',#9728,#1170);
#607=LINE('',#9730,#1171);
#608=LINE('',#9732,#1172);
#609=LINE('',#9736,#1173);
#610=LINE('',#9738,#1174);
#611=LINE('',#9740,#1175);
#612=LINE('',#9742,#1176);
#613=LINE('',#9744,#1177);
#614=LINE('',#9748,#1178);
#615=LINE('',#9750,#1179);
#616=LINE('',#9752,#1180);
#617=LINE('',#9754,#1181);
#618=LINE('',#9756,#1182);
#619=LINE('',#9760,#1183);
#620=LINE('',#9762,#1184);
#621=LINE('',#9764,#1185);
#622=LINE('',#9766,#1186);
#623=LINE('',#9768,#1187);
#624=LINE('',#9772,#1188);
#625=LINE('',#9774,#1189);
#626=LINE('',#9776,#1190);
#627=LINE('',#9778,#1191);
#628=LINE('',#9780,#1192);
#629=LINE('',#9784,#1193);
#630=LINE('',#9786,#1194);
#631=LINE('',#9788,#1195);
#632=LINE('',#9790,#1196);
#633=LINE('',#9792,#1197);
#634=LINE('',#9796,#1198);
#635=LINE('',#9798,#1199);
#636=LINE('',#9800,#1200);
#637=LINE('',#9802,#1201);
#638=LINE('',#9804,#1202);
#639=LINE('',#9808,#1203);
#640=LINE('',#9810,#1204);
#641=LINE('',#9812,#1205);
#642=LINE('',#9814,#1206);
#643=LINE('',#9816,#1207);
#644=LINE('',#9820,#1208);
#645=LINE('',#9822,#1209);
#646=LINE('',#9824,#1210);
#647=LINE('',#9826,#1211);
#648=LINE('',#9828,#1212);
#649=LINE('',#9832,#1213);
#650=LINE('',#9834,#1214);
#651=LINE('',#9836,#1215);
#652=LINE('',#9838,#1216);
#653=LINE('',#9840,#1217);
#654=LINE('',#9844,#1218);
#655=LINE('',#9846,#1219);
#656=LINE('',#9848,#1220);
#657=LINE('',#9850,#1221);
#658=LINE('',#9852,#1222);
#659=LINE('',#9856,#1223);
#660=LINE('',#9858,#1224);
#661=LINE('',#9860,#1225);
#662=LINE('',#9862,#1226);
#663=LINE('',#9864,#1227);
#664=LINE('',#9868,#1228);
#665=LINE('',#9870,#1229);
#666=LINE('',#9872,#1230);
#667=LINE('',#9874,#1231);
#668=LINE('',#9876,#1232);
#669=LINE('',#9880,#1233);
#670=LINE('',#9882,#1234);
#671=LINE('',#9884,#1235);
#672=LINE('',#9886,#1236);
#673=LINE('',#9888,#1237);
#674=LINE('',#9892,#1238);
#675=LINE('',#9894,#1239);
#676=LINE('',#9896,#1240);
#677=LINE('',#9898,#1241);
#678=LINE('',#9900,#1242);
#679=LINE('',#9904,#1243);
#680=LINE('',#9906,#1244);
#681=LINE('',#9908,#1245);
#682=LINE('',#9910,#1246);
#683=LINE('',#9912,#1247);
#684=LINE('',#9916,#1248);
#685=LINE('',#9918,#1249);
#686=LINE('',#9920,#1250);
#687=LINE('',#9922,#1251);
#688=LINE('',#9924,#1252);
#689=LINE('',#9928,#1253);
#690=LINE('',#9930,#1254);
#691=LINE('',#9932,#1255);
#692=LINE('',#9934,#1256);
#693=LINE('',#9936,#1257);
#694=LINE('',#9940,#1258);
#695=LINE('',#9942,#1259);
#696=LINE('',#9944,#1260);
#697=LINE('',#9946,#1261);
#698=LINE('',#9948,#1262);
#699=LINE('',#9952,#1263);
#700=LINE('',#9954,#1264);
#701=LINE('',#9956,#1265);
#702=LINE('',#9958,#1266);
#703=LINE('',#9960,#1267);
#704=LINE('',#9964,#1268);
#705=LINE('',#9966,#1269);
#706=LINE('',#9968,#1270);
#707=LINE('',#9970,#1271);
#708=LINE('',#9972,#1272);
#709=LINE('',#9976,#1273);
#710=LINE('',#9978,#1274);
#711=LINE('',#9980,#1275);
#712=LINE('',#9982,#1276);
#713=LINE('',#9984,#1277);
#714=LINE('',#9988,#1278);
#715=LINE('',#9990,#1279);
#716=LINE('',#9992,#1280);
#717=LINE('',#9994,#1281);
#718=LINE('',#9996,#1282);
#719=LINE('',#10000,#1283);
#720=VECTOR('',#5520,1.);
#721=VECTOR('',#5521,1.);
#722=VECTOR('',#5522,1.);
#723=VECTOR('',#5525,1.);
#724=VECTOR('',#5526,1.);
#725=VECTOR('',#5527,1.);
#726=VECTOR('',#5530,1.);
#727=VECTOR('',#5531,1.);
#728=VECTOR('',#5532,1.);
#729=VECTOR('',#5535,1.);
#730=VECTOR('',#5536,1.);
#731=VECTOR('',#5537,1.);
#732=VECTOR('',#5540,1.);
#733=VECTOR('',#5541,1.);
#734=VECTOR('',#5542,1.);
#735=VECTOR('',#5545,1.);
#736=VECTOR('',#5546,1.);
#737=VECTOR('',#5547,1.);
#738=VECTOR('',#5550,1.);
#739=VECTOR('',#5551,1.);
#740=VECTOR('',#5552,1.);
#741=VECTOR('',#5555,1.);
#742=VECTOR('',#5556,1.);
#743=VECTOR('',#5557,1.);
#744=VECTOR('',#5560,1.);
#745=VECTOR('',#5561,1.);
#746=VECTOR('',#5562,1.);
#747=VECTOR('',#5565,1.);
#748=VECTOR('',#5566,1.);
#749=VECTOR('',#5567,1.);
#750=VECTOR('',#5570,1.);
#751=VECTOR('',#5571,1.);
#752=VECTOR('',#5572,1.);
#753=VECTOR('',#5575,1.);
#754=VECTOR('',#5576,1.);
#755=VECTOR('',#5577,1.);
#756=VECTOR('',#5580,1.);
#757=VECTOR('',#5581,1.);
#758=VECTOR('',#5584,1.);
#759=VECTOR('',#5585,1.);
#760=VECTOR('',#5588,1.);
#761=VECTOR('',#5589,1.);
#762=VECTOR('',#5592,1.);
#763=VECTOR('',#5593,1.);
#764=VECTOR('',#5596,1.);
#765=VECTOR('',#5597,1.);
#766=VECTOR('',#5600,1.);
#767=VECTOR('',#5601,1.);
#768=VECTOR('',#5604,1.);
#769=VECTOR('',#5605,1.);
#770=VECTOR('',#5608,1.);
#771=VECTOR('',#5609,1.);
#772=VECTOR('',#5612,1.);
#773=VECTOR('',#5613,1.);
#774=VECTOR('',#5616,1.);
#775=VECTOR('',#5617,1.);
#776=VECTOR('',#5620,1.);
#777=VECTOR('',#5621,1.);
#778=VECTOR('',#5624,1.);
#779=VECTOR('',#5625,1.);
#780=VECTOR('',#5628,1.);
#781=VECTOR('',#5629,1.);
#782=VECTOR('',#5632,1.);
#783=VECTOR('',#5633,1.);
#784=VECTOR('',#5636,1.);
#785=VECTOR('',#5637,1.);
#786=VECTOR('',#5640,1.);
#787=VECTOR('',#5641,1.);
#788=VECTOR('',#5644,1.);
#789=VECTOR('',#5645,1.);
#790=VECTOR('',#5648,1.);
#791=VECTOR('',#5649,1.);
#792=VECTOR('',#5652,1.);
#793=VECTOR('',#5653,1.);
#794=VECTOR('',#5656,1.);
#795=VECTOR('',#5657,1.);
#796=VECTOR('',#5660,1.);
#797=VECTOR('',#5661,1.);
#798=VECTOR('',#5664,1.);
#799=VECTOR('',#5665,1.);
#800=VECTOR('',#5668,1.);
#801=VECTOR('',#5669,1.);
#802=VECTOR('',#5672,1.);
#803=VECTOR('',#5673,1.);
#804=VECTOR('',#5676,1.);
#805=VECTOR('',#5677,1.);
#806=VECTOR('',#5680,1.);
#807=VECTOR('',#5681,1.);
#808=VECTOR('',#5684,1.);
#809=VECTOR('',#5685,1.);
#810=VECTOR('',#5688,1.);
#811=VECTOR('',#5689,1.);
#812=VECTOR('',#5692,1.);
#813=VECTOR('',#5693,1.);
#814=VECTOR('',#5696,1.);
#815=VECTOR('',#5697,1.);
#816=VECTOR('',#5700,1.);
#817=VECTOR('',#5701,1.);
#818=VECTOR('',#5704,1.);
#819=VECTOR('',#5705,1.);
#820=VECTOR('',#5708,1.);
#821=VECTOR('',#5709,1.);
#822=VECTOR('',#5712,1.);
#823=VECTOR('',#5713,1.);
#824=VECTOR('',#5716,1.);
#825=VECTOR('',#5717,1.);
#826=VECTOR('',#5720,1.);
#827=VECTOR('',#5721,1.);
#828=VECTOR('',#5724,1.);
#829=VECTOR('',#5725,1.);
#830=VECTOR('',#5728,1.);
#831=VECTOR('',#5729,1.);
#832=VECTOR('',#5732,1.);
#833=VECTOR('',#5733,1.);
#834=VECTOR('',#5736,1.);
#835=VECTOR('',#5737,1.);
#836=VECTOR('',#5740,1.);
#837=VECTOR('',#5741,1.);
#838=VECTOR('',#5744,1.);
#839=VECTOR('',#5745,1.);
#840=VECTOR('',#5748,1.);
#841=VECTOR('',#5749,1.);
#842=VECTOR('',#5752,1.);
#843=VECTOR('',#5753,1.);
#844=VECTOR('',#5756,1.);
#845=VECTOR('',#5757,1.);
#846=VECTOR('',#5760,1.);
#847=VECTOR('',#5761,1.);
#848=VECTOR('',#5764,1.);
#849=VECTOR('',#5765,1.);
#850=VECTOR('',#5768,1.);
#851=VECTOR('',#5769,1.);
#852=VECTOR('',#5772,1.);
#853=VECTOR('',#5773,1.);
#854=VECTOR('',#5776,1.);
#855=VECTOR('',#5777,1.);
#856=VECTOR('',#5780,1.);
#857=VECTOR('',#5781,1.);
#858=VECTOR('',#5784,1.);
#859=VECTOR('',#5785,1.);
#860=VECTOR('',#5788,1.);
#861=VECTOR('',#5789,1.);
#862=VECTOR('',#5792,1.);
#863=VECTOR('',#5793,1.);
#864=VECTOR('',#5796,1.);
#865=VECTOR('',#5797,1.);
#866=VECTOR('',#5800,1.);
#867=VECTOR('',#5801,1.);
#868=VECTOR('',#5804,1.);
#869=VECTOR('',#5805,1.);
#870=VECTOR('',#5808,1.);
#871=VECTOR('',#5809,1.);
#872=VECTOR('',#5812,1.);
#873=VECTOR('',#5813,1.);
#874=VECTOR('',#5816,1.);
#875=VECTOR('',#5817,1.);
#876=VECTOR('',#5820,1.);
#877=VECTOR('',#5823,1.);
#878=VECTOR('',#5826,1.);
#879=VECTOR('',#5827,1.);
#880=VECTOR('',#5828,1.);
#881=VECTOR('',#5831,1.);
#882=VECTOR('',#5832,1.);
#883=VECTOR('',#5833,1.);
#884=VECTOR('',#5836,1.);
#885=VECTOR('',#5837,1.);
#886=VECTOR('',#5840,1.);
#887=VECTOR('',#5845,1.);
#888=VECTOR('',#5846,1.);
#889=VECTOR('',#5847,1.);
#890=VECTOR('',#5850,1.);
#891=VECTOR('',#5851,1.);
#892=VECTOR('',#5852,1.);
#893=VECTOR('',#5855,1.);
#894=VECTOR('',#5856,1.);
#895=VECTOR('',#5859,1.);
#896=VECTOR('',#5864,1.);
#897=VECTOR('',#5865,1.);
#898=VECTOR('',#5866,1.);
#899=VECTOR('',#5869,1.);
#900=VECTOR('',#5870,1.);
#901=VECTOR('',#5871,1.);
#902=VECTOR('',#5874,1.);
#903=VECTOR('',#5875,1.);
#904=VECTOR('',#5878,1.);
#905=VECTOR('',#5883,1.);
#906=VECTOR('',#5884,1.);
#907=VECTOR('',#5885,1.);
#908=VECTOR('',#5888,1.);
#909=VECTOR('',#5889,1.);
#910=VECTOR('',#5890,1.);
#911=VECTOR('',#5893,1.);
#912=VECTOR('',#5894,1.);
#913=VECTOR('',#5897,1.);
#914=VECTOR('',#5902,1.);
#915=VECTOR('',#5903,1.);
#916=VECTOR('',#5904,1.);
#917=VECTOR('',#5907,1.);
#918=VECTOR('',#5908,1.);
#919=VECTOR('',#5909,1.);
#920=VECTOR('',#5912,1.);
#921=VECTOR('',#5913,1.);
#922=VECTOR('',#5916,1.);
#923=VECTOR('',#5921,1.);
#924=VECTOR('',#5922,1.);
#925=VECTOR('',#5923,1.);
#926=VECTOR('',#5926,1.);
#927=VECTOR('',#5927,1.);
#928=VECTOR('',#5928,1.);
#929=VECTOR('',#5931,1.);
#930=VECTOR('',#5932,1.);
#931=VECTOR('',#5935,1.);
#932=VECTOR('',#5940,1.);
#933=VECTOR('',#5941,1.);
#934=VECTOR('',#5942,1.);
#935=VECTOR('',#5945,1.);
#936=VECTOR('',#5946,1.);
#937=VECTOR('',#5947,1.);
#938=VECTOR('',#5950,1.);
#939=VECTOR('',#5951,1.);
#940=VECTOR('',#5954,1.);
#941=VECTOR('',#5959,1.);
#942=VECTOR('',#5960,1.);
#943=VECTOR('',#5961,1.);
#944=VECTOR('',#5964,1.);
#945=VECTOR('',#5965,1.);
#946=VECTOR('',#5966,1.);
#947=VECTOR('',#5969,1.);
#948=VECTOR('',#5970,1.);
#949=VECTOR('',#5973,1.);
#950=VECTOR('',#5978,1.);
#951=VECTOR('',#5979,1.);
#952=VECTOR('',#5980,1.);
#953=VECTOR('',#5983,1.);
#954=VECTOR('',#5984,1.);
#955=VECTOR('',#5985,1.);
#956=VECTOR('',#5988,1.);
#957=VECTOR('',#5989,1.);
#958=VECTOR('',#5992,1.);
#959=VECTOR('',#5997,1.);
#960=VECTOR('',#5998,1.);
#961=VECTOR('',#5999,1.);
#962=VECTOR('',#6002,1.);
#963=VECTOR('',#6003,1.);
#964=VECTOR('',#6004,1.);
#965=VECTOR('',#6007,1.);
#966=VECTOR('',#6008,1.);
#967=VECTOR('',#6011,1.);
#968=VECTOR('',#6016,1.);
#969=VECTOR('',#6017,1.);
#970=VECTOR('',#6018,1.);
#971=VECTOR('',#6021,1.);
#972=VECTOR('',#6022,1.);
#973=VECTOR('',#6023,1.);
#974=VECTOR('',#6026,1.);
#975=VECTOR('',#6027,1.);
#976=VECTOR('',#6030,1.);
#977=VECTOR('',#6035,1.);
#978=VECTOR('',#6036,1.);
#979=VECTOR('',#6037,1.);
#980=VECTOR('',#6040,1.);
#981=VECTOR('',#6041,1.);
#982=VECTOR('',#6042,1.);
#983=VECTOR('',#6045,1.);
#984=VECTOR('',#6050,1.);
#985=VECTOR('',#6051,1.);
#986=VECTOR('',#6052,1.);
#987=VECTOR('',#6055,1.);
#988=VECTOR('',#6060,1.);
#989=VECTOR('',#6061,1.);
#990=VECTOR('',#6064,1.);
#991=VECTOR('',#6065,1.);
#992=VECTOR('',#6068,1.);
#993=VECTOR('',#6073,1.);
#994=VECTOR('',#6074,1.);
#995=VECTOR('',#6077,1.);
#996=VECTOR('',#6078,1.);
#997=VECTOR('',#6081,1.);
#998=VECTOR('',#6086,1.);
#999=VECTOR('',#6087,1.);
#1000=VECTOR('',#6090,1.);
#1001=VECTOR('',#6091,1.);
#1002=VECTOR('',#6094,1.);
#1003=VECTOR('',#6099,1.);
#1004=VECTOR('',#6100,1.);
#1005=VECTOR('',#6103,1.);
#1006=VECTOR('',#6104,1.);
#1007=VECTOR('',#6107,1.);
#1008=VECTOR('',#6112,1.);
#1009=VECTOR('',#6113,1.);
#1010=VECTOR('',#6116,1.);
#1011=VECTOR('',#6117,1.);
#1012=VECTOR('',#6120,1.);
#1013=VECTOR('',#6125,1.);
#1014=VECTOR('',#6126,1.);
#1015=VECTOR('',#6129,1.);
#1016=VECTOR('',#6130,1.);
#1017=VECTOR('',#6133,1.);
#1018=VECTOR('',#6138,1.);
#1019=VECTOR('',#6139,1.);
#1020=VECTOR('',#6142,1.);
#1021=VECTOR('',#6143,1.);
#1022=VECTOR('',#6146,1.);
#1023=VECTOR('',#6151,1.);
#1024=VECTOR('',#6152,1.);
#1025=VECTOR('',#6155,1.);
#1026=VECTOR('',#6156,1.);
#1027=VECTOR('',#6159,1.);
#1028=VECTOR('',#6164,1.);
#1029=VECTOR('',#6165,1.);
#1030=VECTOR('',#6168,1.);
#1031=VECTOR('',#6169,1.);
#1032=VECTOR('',#6172,1.);
#1033=VECTOR('',#6177,1.);
#1034=VECTOR('',#6178,1.);
#1035=VECTOR('',#6181,1.);
#1036=VECTOR('',#6182,1.);
#1037=VECTOR('',#6185,1.);
#1038=VECTOR('',#6190,1.);
#1039=VECTOR('',#6191,1.);
#1040=VECTOR('',#6194,1.);
#1041=VECTOR('',#6195,1.);
#1042=VECTOR('',#6198,1.);
#1043=VECTOR('',#6203,1.);
#1044=VECTOR('',#6204,1.);
#1045=VECTOR('',#6207,1.);
#1046=VECTOR('',#6208,1.);
#1047=VECTOR('',#6211,1.);
#1048=VECTOR('',#6216,1.);
#1049=VECTOR('',#6217,1.);
#1050=VECTOR('',#6220,1.);
#1051=VECTOR('',#6221,1.);
#1052=VECTOR('',#6224,1.);
#1053=VECTOR('',#6229,1.);
#1054=VECTOR('',#6230,1.);
#1055=VECTOR('',#6233,1.);
#1056=VECTOR('',#6234,1.);
#1057=VECTOR('',#6237,1.);
#1058=VECTOR('',#6242,1.);
#1059=VECTOR('',#6243,1.);
#1060=VECTOR('',#6246,1.);
#1061=VECTOR('',#6247,1.);
#1062=VECTOR('',#6250,1.);
#1063=VECTOR('',#6255,1.);
#1064=VECTOR('',#6256,1.);
#1065=VECTOR('',#6259,1.);
#1066=VECTOR('',#6260,1.);
#1067=VECTOR('',#6263,1.);
#1068=VECTOR('',#6268,1.);
#1069=VECTOR('',#6269,1.);
#1070=VECTOR('',#6272,1.);
#1071=VECTOR('',#6273,1.);
#1072=VECTOR('',#6276,1.);
#1073=VECTOR('',#6281,1.);
#1074=VECTOR('',#6282,1.);
#1075=VECTOR('',#6285,1.);
#1076=VECTOR('',#6286,1.);
#1077=VECTOR('',#6289,1.);
#1078=VECTOR('',#6294,1.);
#1079=VECTOR('',#6295,1.);
#1080=VECTOR('',#6298,1.);
#1081=VECTOR('',#6299,1.);
#1082=VECTOR('',#6302,1.);
#1083=VECTOR('',#6307,1.);
#1084=VECTOR('',#6308,1.);
#1085=VECTOR('',#6311,1.);
#1086=VECTOR('',#6312,1.);
#1087=VECTOR('',#6315,1.);
#1088=VECTOR('',#6320,1.);
#1089=VECTOR('',#6321,1.);
#1090=VECTOR('',#6324,1.);
#1091=VECTOR('',#6325,1.);
#1092=VECTOR('',#6328,1.);
#1093=VECTOR('',#6333,1.);
#1094=VECTOR('',#6334,1.);
#1095=VECTOR('',#6337,1.);
#1096=VECTOR('',#6338,1.);
#1097=VECTOR('',#6341,1.);
#1098=VECTOR('',#6346,1.);
#1099=VECTOR('',#6347,1.);
#1100=VECTOR('',#6350,1.);
#1101=VECTOR('',#6351,1.);
#1102=VECTOR('',#6354,1.);
#1103=VECTOR('',#6359,1.);
#1104=VECTOR('',#6360,1.);
#1105=VECTOR('',#6363,1.);
#1106=VECTOR('',#6364,1.);
#1107=VECTOR('',#6367,1.);
#1108=VECTOR('',#6372,1.);
#1109=VECTOR('',#6373,1.);
#1110=VECTOR('',#6376,1.);
#1111=VECTOR('',#6377,1.);
#1112=VECTOR('',#6380,1.);
#1113=VECTOR('',#6385,1.);
#1114=VECTOR('',#6386,1.);
#1115=VECTOR('',#6389,1.);
#1116=VECTOR('',#6390,1.);
#1117=VECTOR('',#6393,1.);
#1118=VECTOR('',#6398,1.);
#1119=VECTOR('',#6399,1.);
#1120=VECTOR('',#6402,1.);
#1121=VECTOR('',#6403,1.);
#1122=VECTOR('',#6406,1.);
#1123=VECTOR('',#6411,1.);
#1124=VECTOR('',#6412,1.);
#1125=VECTOR('',#6415,1.);
#1126=VECTOR('',#6416,1.);
#1127=VECTOR('',#6419,1.);
#1128=VECTOR('',#6424,1.);
#1129=VECTOR('',#6425,1.);
#1130=VECTOR('',#6428,1.);
#1131=VECTOR('',#6429,1.);
#1132=VECTOR('',#6432,1.);
#1133=VECTOR('',#6437,1.);
#1134=VECTOR('',#6438,1.);
#1135=VECTOR('',#6441,1.);
#1136=VECTOR('',#6442,1.);
#1137=VECTOR('',#6445,1.);
#1138=VECTOR('',#6450,1.);
#1139=VECTOR('',#6451,1.);
#1140=VECTOR('',#6454,1.);
#1141=VECTOR('',#6455,1.);
#1142=VECTOR('',#6458,1.);
#1143=VECTOR('',#6463,1.);
#1144=VECTOR('',#6464,1.);
#1145=VECTOR('',#6467,1.);
#1146=VECTOR('',#6468,1.);
#1147=VECTOR('',#6471,1.);
#1148=VECTOR('',#6476,1.);
#1149=VECTOR('',#6477,1.);
#1150=VECTOR('',#6480,1.);
#1151=VECTOR('',#6481,1.);
#1152=VECTOR('',#6484,1.);
#1153=VECTOR('',#6489,1.);
#1154=VECTOR('',#6490,1.);
#1155=VECTOR('',#6493,1.);
#1156=VECTOR('',#6494,1.);
#1157=VECTOR('',#6497,1.);
#1158=VECTOR('',#6502,1.);
#1159=VECTOR('',#6503,1.);
#1160=VECTOR('',#6506,1.);
#1161=VECTOR('',#6507,1.);
#1162=VECTOR('',#6510,1.);
#1163=VECTOR('',#6515,1.);
#1164=VECTOR('',#6516,1.);
#1165=VECTOR('',#6519,1.);
#1166=VECTOR('',#6520,1.);
#1167=VECTOR('',#6523,1.);
#1168=VECTOR('',#6528,1.);
#1169=VECTOR('',#6529,1.);
#1170=VECTOR('',#6532,1.);
#1171=VECTOR('',#6533,1.);
#1172=VECTOR('',#6536,1.);
#1173=VECTOR('',#6541,1.);
#1174=VECTOR('',#6542,1.);
#1175=VECTOR('',#6545,1.);
#1176=VECTOR('',#6546,1.);
#1177=VECTOR('',#6549,1.);
#1178=VECTOR('',#6554,1.);
#1179=VECTOR('',#6555,1.);
#1180=VECTOR('',#6558,1.);
#1181=VECTOR('',#6559,1.);
#1182=VECTOR('',#6562,1.);
#1183=VECTOR('',#6567,1.);
#1184=VECTOR('',#6568,1.);
#1185=VECTOR('',#6571,1.);
#1186=VECTOR('',#6572,1.);
#1187=VECTOR('',#6575,1.);
#1188=VECTOR('',#6580,1.);
#1189=VECTOR('',#6581,1.);
#1190=VECTOR('',#6584,1.);
#1191=VECTOR('',#6585,1.);
#1192=VECTOR('',#6588,1.);
#1193=VECTOR('',#6593,1.);
#1194=VECTOR('',#6594,1.);
#1195=VECTOR('',#6597,1.);
#1196=VECTOR('',#6598,1.);
#1197=VECTOR('',#6601,1.);
#1198=VECTOR('',#6606,1.);
#1199=VECTOR('',#6607,1.);
#1200=VECTOR('',#6610,1.);
#1201=VECTOR('',#6611,1.);
#1202=VECTOR('',#6614,1.);
#1203=VECTOR('',#6619,1.);
#1204=VECTOR('',#6620,1.);
#1205=VECTOR('',#6623,1.);
#1206=VECTOR('',#6624,1.);
#1207=VECTOR('',#6627,1.);
#1208=VECTOR('',#6632,1.);
#1209=VECTOR('',#6633,1.);
#1210=VECTOR('',#6636,1.);
#1211=VECTOR('',#6637,1.);
#1212=VECTOR('',#6640,1.);
#1213=VECTOR('',#6645,1.);
#1214=VECTOR('',#6646,1.);
#1215=VECTOR('',#6649,1.);
#1216=VECTOR('',#6650,1.);
#1217=VECTOR('',#6653,1.);
#1218=VECTOR('',#6658,1.);
#1219=VECTOR('',#6659,1.);
#1220=VECTOR('',#6662,1.);
#1221=VECTOR('',#6663,1.);
#1222=VECTOR('',#6666,1.);
#1223=VECTOR('',#6671,1.);
#1224=VECTOR('',#6672,1.);
#1225=VECTOR('',#6675,1.);
#1226=VECTOR('',#6676,1.);
#1227=VECTOR('',#6679,1.);
#1228=VECTOR('',#6684,1.);
#1229=VECTOR('',#6685,1.);
#1230=VECTOR('',#6688,1.);
#1231=VECTOR('',#6689,1.);
#1232=VECTOR('',#6692,1.);
#1233=VECTOR('',#6697,1.);
#1234=VECTOR('',#6698,1.);
#1235=VECTOR('',#6701,1.);
#1236=VECTOR('',#6702,1.);
#1237=VECTOR('',#6705,1.);
#1238=VECTOR('',#6710,1.);
#1239=VECTOR('',#6711,1.);
#1240=VECTOR('',#6714,1.);
#1241=VECTOR('',#6715,1.);
#1242=VECTOR('',#6718,1.);
#1243=VECTOR('',#6723,1.);
#1244=VECTOR('',#6724,1.);
#1245=VECTOR('',#6727,1.);
#1246=VECTOR('',#6728,1.);
#1247=VECTOR('',#6731,1.);
#1248=VECTOR('',#6736,1.);
#1249=VECTOR('',#6737,1.);
#1250=VECTOR('',#6740,1.);
#1251=VECTOR('',#6741,1.);
#1252=VECTOR('',#6744,1.);
#1253=VECTOR('',#6749,1.);
#1254=VECTOR('',#6750,1.);
#1255=VECTOR('',#6753,1.);
#1256=VECTOR('',#6754,1.);
#1257=VECTOR('',#6757,1.);
#1258=VECTOR('',#6762,1.);
#1259=VECTOR('',#6763,1.);
#1260=VECTOR('',#6766,1.);
#1261=VECTOR('',#6767,1.);
#1262=VECTOR('',#6770,1.);
#1263=VECTOR('',#6775,1.);
#1264=VECTOR('',#6776,1.);
#1265=VECTOR('',#6779,1.);
#1266=VECTOR('',#6780,1.);
#1267=VECTOR('',#6783,1.);
#1268=VECTOR('',#6788,1.);
#1269=VECTOR('',#6789,1.);
#1270=VECTOR('',#6792,1.);
#1271=VECTOR('',#6793,1.);
#1272=VECTOR('',#6796,1.);
#1273=VECTOR('',#6801,1.);
#1274=VECTOR('',#6802,1.);
#1275=VECTOR('',#6805,1.);
#1276=VECTOR('',#6806,1.);
#1277=VECTOR('',#6809,1.);
#1278=VECTOR('',#6814,1.);
#1279=VECTOR('',#6815,1.);
#1280=VECTOR('',#6818,1.);
#1281=VECTOR('',#6819,1.);
#1282=VECTOR('',#6822,1.);
#1283=VECTOR('',#6827,1.);
#1284=ORIENTED_EDGE('',*,*,#2796,.T.);
#1285=ORIENTED_EDGE('',*,*,#2797,.T.);
#1286=ORIENTED_EDGE('',*,*,#2798,.T.);
#1287=ORIENTED_EDGE('',*,*,#2799,.T.);
#1288=ORIENTED_EDGE('',*,*,#2800,.T.);
#1289=ORIENTED_EDGE('',*,*,#2801,.T.);
#1290=ORIENTED_EDGE('',*,*,#2802,.T.);
#1291=ORIENTED_EDGE('',*,*,#2803,.T.);
#1292=ORIENTED_EDGE('',*,*,#2804,.T.);
#1293=ORIENTED_EDGE('',*,*,#2805,.T.);
#1294=ORIENTED_EDGE('',*,*,#2806,.T.);
#1295=ORIENTED_EDGE('',*,*,#2807,.T.);
#1296=ORIENTED_EDGE('',*,*,#2808,.T.);
#1297=ORIENTED_EDGE('',*,*,#2809,.T.);
#1298=ORIENTED_EDGE('',*,*,#2810,.T.);
#1299=ORIENTED_EDGE('',*,*,#2811,.T.);
#1300=ORIENTED_EDGE('',*,*,#2812,.T.);
#1301=ORIENTED_EDGE('',*,*,#2813,.T.);
#1302=ORIENTED_EDGE('',*,*,#2814,.T.);
#1303=ORIENTED_EDGE('',*,*,#2815,.T.);
#1304=ORIENTED_EDGE('',*,*,#2816,.T.);
#1305=ORIENTED_EDGE('',*,*,#2817,.T.);
#1306=ORIENTED_EDGE('',*,*,#2818,.T.);
#1307=ORIENTED_EDGE('',*,*,#2819,.T.);
#1308=ORIENTED_EDGE('',*,*,#2820,.T.);
#1309=ORIENTED_EDGE('',*,*,#2821,.T.);
#1310=ORIENTED_EDGE('',*,*,#2822,.T.);
#1311=ORIENTED_EDGE('',*,*,#2823,.T.);
#1312=ORIENTED_EDGE('',*,*,#2824,.T.);
#1313=ORIENTED_EDGE('',*,*,#2825,.T.);
#1314=ORIENTED_EDGE('',*,*,#2826,.T.);
#1315=ORIENTED_EDGE('',*,*,#2827,.T.);
#1316=ORIENTED_EDGE('',*,*,#2828,.T.);
#1317=ORIENTED_EDGE('',*,*,#2829,.T.);
#1318=ORIENTED_EDGE('',*,*,#2830,.T.);
#1319=ORIENTED_EDGE('',*,*,#2831,.T.);
#1320=ORIENTED_EDGE('',*,*,#2832,.T.);
#1321=ORIENTED_EDGE('',*,*,#2833,.T.);
#1322=ORIENTED_EDGE('',*,*,#2834,.T.);
#1323=ORIENTED_EDGE('',*,*,#2835,.T.);
#1324=ORIENTED_EDGE('',*,*,#2836,.T.);
#1325=ORIENTED_EDGE('',*,*,#2837,.T.);
#1326=ORIENTED_EDGE('',*,*,#2838,.T.);
#1327=ORIENTED_EDGE('',*,*,#2839,.T.);
#1328=ORIENTED_EDGE('',*,*,#2840,.T.);
#1329=ORIENTED_EDGE('',*,*,#2841,.T.);
#1330=ORIENTED_EDGE('',*,*,#2842,.T.);
#1331=ORIENTED_EDGE('',*,*,#2843,.T.);
#1332=ORIENTED_EDGE('',*,*,#2844,.T.);
#1333=ORIENTED_EDGE('',*,*,#2845,.T.);
#1334=ORIENTED_EDGE('',*,*,#2846,.T.);
#1335=ORIENTED_EDGE('',*,*,#2847,.T.);
#1336=ORIENTED_EDGE('',*,*,#2848,.T.);
#1337=ORIENTED_EDGE('',*,*,#2849,.T.);
#1338=ORIENTED_EDGE('',*,*,#2850,.T.);
#1339=ORIENTED_EDGE('',*,*,#2851,.T.);
#1340=ORIENTED_EDGE('',*,*,#2852,.T.);
#1341=ORIENTED_EDGE('',*,*,#2853,.T.);
#1342=ORIENTED_EDGE('',*,*,#2854,.T.);
#1343=ORIENTED_EDGE('',*,*,#2855,.T.);
#1344=ORIENTED_EDGE('',*,*,#2856,.T.);
#1345=ORIENTED_EDGE('',*,*,#2857,.T.);
#1346=ORIENTED_EDGE('',*,*,#2858,.T.);
#1347=ORIENTED_EDGE('',*,*,#2859,.T.);
#1348=ORIENTED_EDGE('',*,*,#2860,.T.);
#1349=ORIENTED_EDGE('',*,*,#2861,.T.);
#1350=ORIENTED_EDGE('',*,*,#2862,.T.);
#1351=ORIENTED_EDGE('',*,*,#2863,.T.);
#1352=ORIENTED_EDGE('',*,*,#2864,.T.);
#1353=ORIENTED_EDGE('',*,*,#2865,.T.);
#1354=ORIENTED_EDGE('',*,*,#2866,.T.);
#1355=ORIENTED_EDGE('',*,*,#2867,.T.);
#1356=ORIENTED_EDGE('',*,*,#2868,.F.);
#1357=ORIENTED_EDGE('',*,*,#2869,.T.);
#1358=ORIENTED_EDGE('',*,*,#2870,.T.);
#1359=ORIENTED_EDGE('',*,*,#2871,.F.);
#1360=ORIENTED_EDGE('',*,*,#2872,.T.);
#1361=ORIENTED_EDGE('',*,*,#2873,.T.);
#1362=ORIENTED_EDGE('',*,*,#2874,.F.);
#1363=ORIENTED_EDGE('',*,*,#2875,.T.);
#1364=ORIENTED_EDGE('',*,*,#2876,.T.);
#1365=ORIENTED_EDGE('',*,*,#2877,.F.);
#1366=ORIENTED_EDGE('',*,*,#2878,.T.);
#1367=ORIENTED_EDGE('',*,*,#2879,.T.);
#1368=ORIENTED_EDGE('',*,*,#2880,.F.);
#1369=ORIENTED_EDGE('',*,*,#2881,.T.);
#1370=ORIENTED_EDGE('',*,*,#2882,.T.);
#1371=ORIENTED_EDGE('',*,*,#2883,.F.);
#1372=ORIENTED_EDGE('',*,*,#2884,.T.);
#1373=ORIENTED_EDGE('',*,*,#2885,.T.);
#1374=ORIENTED_EDGE('',*,*,#2886,.F.);
#1375=ORIENTED_EDGE('',*,*,#2887,.T.);
#1376=ORIENTED_EDGE('',*,*,#2888,.T.);
#1377=ORIENTED_EDGE('',*,*,#2889,.F.);
#1378=ORIENTED_EDGE('',*,*,#2890,.T.);
#1379=ORIENTED_EDGE('',*,*,#2891,.T.);
#1380=ORIENTED_EDGE('',*,*,#2892,.F.);
#1381=ORIENTED_EDGE('',*,*,#2893,.T.);
#1382=ORIENTED_EDGE('',*,*,#2894,.T.);
#1383=ORIENTED_EDGE('',*,*,#2895,.F.);
#1384=ORIENTED_EDGE('',*,*,#2896,.T.);
#1385=ORIENTED_EDGE('',*,*,#2897,.T.);
#1386=ORIENTED_EDGE('',*,*,#2898,.F.);
#1387=ORIENTED_EDGE('',*,*,#2899,.T.);
#1388=ORIENTED_EDGE('',*,*,#2900,.T.);
#1389=ORIENTED_EDGE('',*,*,#2901,.F.);
#1390=ORIENTED_EDGE('',*,*,#2902,.T.);
#1391=ORIENTED_EDGE('',*,*,#2903,.T.);
#1392=ORIENTED_EDGE('',*,*,#2904,.F.);
#1393=ORIENTED_EDGE('',*,*,#2905,.T.);
#1394=ORIENTED_EDGE('',*,*,#2906,.T.);
#1395=ORIENTED_EDGE('',*,*,#2907,.F.);
#1396=ORIENTED_EDGE('',*,*,#2908,.T.);
#1397=ORIENTED_EDGE('',*,*,#2909,.T.);
#1398=ORIENTED_EDGE('',*,*,#2910,.F.);
#1399=ORIENTED_EDGE('',*,*,#2911,.T.);
#1400=ORIENTED_EDGE('',*,*,#2912,.T.);
#1401=ORIENTED_EDGE('',*,*,#2913,.F.);
#1402=ORIENTED_EDGE('',*,*,#2914,.T.);
#1403=ORIENTED_EDGE('',*,*,#2915,.T.);
#1404=ORIENTED_EDGE('',*,*,#2916,.F.);
#1405=ORIENTED_EDGE('',*,*,#2917,.T.);
#1406=ORIENTED_EDGE('',*,*,#2918,.T.);
#1407=ORIENTED_EDGE('',*,*,#2919,.F.);
#1408=ORIENTED_EDGE('',*,*,#2920,.T.);
#1409=ORIENTED_EDGE('',*,*,#2921,.T.);
#1410=ORIENTED_EDGE('',*,*,#2922,.F.);
#1411=ORIENTED_EDGE('',*,*,#2923,.T.);
#1412=ORIENTED_EDGE('',*,*,#2924,.T.);
#1413=ORIENTED_EDGE('',*,*,#2925,.F.);
#1414=ORIENTED_EDGE('',*,*,#2926,.T.);
#1415=ORIENTED_EDGE('',*,*,#2927,.T.);
#1416=ORIENTED_EDGE('',*,*,#2928,.F.);
#1417=ORIENTED_EDGE('',*,*,#2929,.T.);
#1418=ORIENTED_EDGE('',*,*,#2930,.T.);
#1419=ORIENTED_EDGE('',*,*,#2931,.F.);
#1420=ORIENTED_EDGE('',*,*,#2932,.T.);
#1421=ORIENTED_EDGE('',*,*,#2933,.T.);
#1422=ORIENTED_EDGE('',*,*,#2934,.F.);
#1423=ORIENTED_EDGE('',*,*,#2935,.T.);
#1424=ORIENTED_EDGE('',*,*,#2936,.T.);
#1425=ORIENTED_EDGE('',*,*,#2937,.F.);
#1426=ORIENTED_EDGE('',*,*,#2938,.T.);
#1427=ORIENTED_EDGE('',*,*,#2939,.T.);
#1428=ORIENTED_EDGE('',*,*,#2940,.F.);
#1429=ORIENTED_EDGE('',*,*,#2941,.T.);
#1430=ORIENTED_EDGE('',*,*,#2942,.T.);
#1431=ORIENTED_EDGE('',*,*,#2943,.F.);
#1432=ORIENTED_EDGE('',*,*,#2944,.T.);
#1433=ORIENTED_EDGE('',*,*,#2945,.T.);
#1434=ORIENTED_EDGE('',*,*,#2946,.F.);
#1435=ORIENTED_EDGE('',*,*,#2947,.T.);
#1436=ORIENTED_EDGE('',*,*,#2948,.T.);
#1437=ORIENTED_EDGE('',*,*,#2949,.F.);
#1438=ORIENTED_EDGE('',*,*,#2950,.T.);
#1439=ORIENTED_EDGE('',*,*,#2951,.T.);
#1440=ORIENTED_EDGE('',*,*,#2952,.F.);
#1441=ORIENTED_EDGE('',*,*,#2953,.T.);
#1442=ORIENTED_EDGE('',*,*,#2954,.T.);
#1443=ORIENTED_EDGE('',*,*,#2955,.F.);
#1444=ORIENTED_EDGE('',*,*,#2956,.T.);
#1445=ORIENTED_EDGE('',*,*,#2957,.T.);
#1446=ORIENTED_EDGE('',*,*,#2958,.F.);
#1447=ORIENTED_EDGE('',*,*,#2959,.T.);
#1448=ORIENTED_EDGE('',*,*,#2960,.T.);
#1449=ORIENTED_EDGE('',*,*,#2961,.F.);
#1450=ORIENTED_EDGE('',*,*,#2962,.T.);
#1451=ORIENTED_EDGE('',*,*,#2963,.T.);
#1452=ORIENTED_EDGE('',*,*,#2964,.F.);
#1453=ORIENTED_EDGE('',*,*,#2965,.T.);
#1454=ORIENTED_EDGE('',*,*,#2966,.T.);
#1455=ORIENTED_EDGE('',*,*,#2967,.F.);
#1456=ORIENTED_EDGE('',*,*,#2968,.T.);
#1457=ORIENTED_EDGE('',*,*,#2969,.T.);
#1458=ORIENTED_EDGE('',*,*,#2970,.F.);
#1459=ORIENTED_EDGE('',*,*,#2971,.T.);
#1460=ORIENTED_EDGE('',*,*,#2972,.T.);
#1461=ORIENTED_EDGE('',*,*,#2973,.F.);
#1462=ORIENTED_EDGE('',*,*,#2974,.T.);
#1463=ORIENTED_EDGE('',*,*,#2975,.T.);
#1464=ORIENTED_EDGE('',*,*,#2976,.F.);
#1465=ORIENTED_EDGE('',*,*,#2977,.T.);
#1466=ORIENTED_EDGE('',*,*,#2978,.T.);
#1467=ORIENTED_EDGE('',*,*,#2979,.F.);
#1468=ORIENTED_EDGE('',*,*,#2980,.T.);
#1469=ORIENTED_EDGE('',*,*,#2981,.T.);
#1470=ORIENTED_EDGE('',*,*,#2982,.F.);
#1471=ORIENTED_EDGE('',*,*,#2983,.T.);
#1472=ORIENTED_EDGE('',*,*,#2984,.T.);
#1473=ORIENTED_EDGE('',*,*,#2985,.F.);
#1474=ORIENTED_EDGE('',*,*,#2986,.T.);
#1475=ORIENTED_EDGE('',*,*,#2987,.T.);
#1476=ORIENTED_EDGE('',*,*,#2988,.F.);
#1477=ORIENTED_EDGE('',*,*,#2989,.T.);
#1478=ORIENTED_EDGE('',*,*,#2990,.T.);
#1479=ORIENTED_EDGE('',*,*,#2991,.F.);
#1480=ORIENTED_EDGE('',*,*,#2992,.T.);
#1481=ORIENTED_EDGE('',*,*,#2993,.T.);
#1482=ORIENTED_EDGE('',*,*,#2994,.F.);
#1483=ORIENTED_EDGE('',*,*,#2995,.T.);
#1484=ORIENTED_EDGE('',*,*,#2996,.T.);
#1485=ORIENTED_EDGE('',*,*,#2997,.F.);
#1486=ORIENTED_EDGE('',*,*,#2998,.T.);
#1487=ORIENTED_EDGE('',*,*,#2999,.T.);
#1488=ORIENTED_EDGE('',*,*,#3000,.F.);
#1489=ORIENTED_EDGE('',*,*,#3001,.T.);
#1490=ORIENTED_EDGE('',*,*,#3002,.T.);
#1491=ORIENTED_EDGE('',*,*,#3003,.F.);
#1492=ORIENTED_EDGE('',*,*,#3004,.T.);
#1493=ORIENTED_EDGE('',*,*,#3005,.T.);
#1494=ORIENTED_EDGE('',*,*,#3006,.F.);
#1495=ORIENTED_EDGE('',*,*,#3007,.T.);
#1496=ORIENTED_EDGE('',*,*,#3008,.T.);
#1497=ORIENTED_EDGE('',*,*,#3009,.F.);
#1498=ORIENTED_EDGE('',*,*,#3010,.T.);
#1499=ORIENTED_EDGE('',*,*,#3011,.T.);
#1500=ORIENTED_EDGE('',*,*,#3012,.F.);
#1501=ORIENTED_EDGE('',*,*,#3013,.T.);
#1502=ORIENTED_EDGE('',*,*,#3014,.T.);
#1503=ORIENTED_EDGE('',*,*,#3015,.F.);
#1504=ORIENTED_EDGE('',*,*,#3016,.T.);
#1505=ORIENTED_EDGE('',*,*,#3017,.T.);
#1506=ORIENTED_EDGE('',*,*,#3018,.F.);
#1507=ORIENTED_EDGE('',*,*,#3019,.T.);
#1508=ORIENTED_EDGE('',*,*,#3020,.T.);
#1509=ORIENTED_EDGE('',*,*,#3021,.F.);
#1510=ORIENTED_EDGE('',*,*,#3022,.T.);
#1511=ORIENTED_EDGE('',*,*,#3023,.T.);
#1512=ORIENTED_EDGE('',*,*,#3024,.F.);
#1513=ORIENTED_EDGE('',*,*,#3025,.T.);
#1514=ORIENTED_EDGE('',*,*,#3026,.T.);
#1515=ORIENTED_EDGE('',*,*,#3027,.F.);
#1516=ORIENTED_EDGE('',*,*,#3028,.T.);
#1517=ORIENTED_EDGE('',*,*,#3029,.T.);
#1518=ORIENTED_EDGE('',*,*,#3030,.F.);
#1519=ORIENTED_EDGE('',*,*,#3031,.T.);
#1520=ORIENTED_EDGE('',*,*,#3032,.T.);
#1521=ORIENTED_EDGE('',*,*,#3033,.F.);
#1522=ORIENTED_EDGE('',*,*,#3034,.T.);
#1523=ORIENTED_EDGE('',*,*,#3035,.T.);
#1524=ORIENTED_EDGE('',*,*,#3036,.F.);
#1525=ORIENTED_EDGE('',*,*,#3037,.T.);
#1526=ORIENTED_EDGE('',*,*,#3038,.T.);
#1527=ORIENTED_EDGE('',*,*,#3039,.F.);
#1528=ORIENTED_EDGE('',*,*,#3040,.T.);
#1529=ORIENTED_EDGE('',*,*,#3041,.T.);
#1530=ORIENTED_EDGE('',*,*,#3042,.F.);
#1531=ORIENTED_EDGE('',*,*,#3043,.T.);
#1532=ORIENTED_EDGE('',*,*,#3044,.T.);
#1533=ORIENTED_EDGE('',*,*,#3045,.F.);
#1534=ORIENTED_EDGE('',*,*,#3046,.T.);
#1535=ORIENTED_EDGE('',*,*,#3047,.T.);
#1536=ORIENTED_EDGE('',*,*,#2796,.F.);
#1537=ORIENTED_EDGE('',*,*,#3048,.F.);
#1538=ORIENTED_EDGE('',*,*,#3049,.T.);
#1539=ORIENTED_EDGE('',*,*,#3050,.T.);
#1540=ORIENTED_EDGE('',*,*,#2867,.F.);
#1541=ORIENTED_EDGE('',*,*,#3051,.F.);
#1542=ORIENTED_EDGE('',*,*,#3052,.T.);
#1543=ORIENTED_EDGE('',*,*,#3048,.T.);
#1544=ORIENTED_EDGE('',*,*,#2866,.F.);
#1545=ORIENTED_EDGE('',*,*,#3053,.F.);
#1546=ORIENTED_EDGE('',*,*,#3054,.T.);
#1547=ORIENTED_EDGE('',*,*,#3051,.T.);
#1548=ORIENTED_EDGE('',*,*,#2865,.F.);
#1549=ORIENTED_EDGE('',*,*,#3055,.F.);
#1550=ORIENTED_EDGE('',*,*,#3056,.T.);
#1551=ORIENTED_EDGE('',*,*,#3053,.T.);
#1552=ORIENTED_EDGE('',*,*,#2864,.F.);
#1553=ORIENTED_EDGE('',*,*,#3057,.F.);
#1554=ORIENTED_EDGE('',*,*,#3058,.T.);
#1555=ORIENTED_EDGE('',*,*,#3055,.T.);
#1556=ORIENTED_EDGE('',*,*,#2863,.F.);
#1557=ORIENTED_EDGE('',*,*,#3059,.F.);
#1558=ORIENTED_EDGE('',*,*,#3060,.T.);
#1559=ORIENTED_EDGE('',*,*,#3057,.T.);
#1560=ORIENTED_EDGE('',*,*,#2862,.F.);
#1561=ORIENTED_EDGE('',*,*,#3061,.F.);
#1562=ORIENTED_EDGE('',*,*,#3062,.T.);
#1563=ORIENTED_EDGE('',*,*,#3059,.T.);
#1564=ORIENTED_EDGE('',*,*,#2861,.F.);
#1565=ORIENTED_EDGE('',*,*,#3063,.F.);
#1566=ORIENTED_EDGE('',*,*,#3064,.T.);
#1567=ORIENTED_EDGE('',*,*,#3061,.T.);
#1568=ORIENTED_EDGE('',*,*,#2860,.F.);
#1569=ORIENTED_EDGE('',*,*,#3065,.F.);
#1570=ORIENTED_EDGE('',*,*,#3066,.T.);
#1571=ORIENTED_EDGE('',*,*,#3063,.T.);
#1572=ORIENTED_EDGE('',*,*,#2859,.F.);
#1573=ORIENTED_EDGE('',*,*,#3067,.F.);
#1574=ORIENTED_EDGE('',*,*,#3068,.T.);
#1575=ORIENTED_EDGE('',*,*,#3065,.T.);
#1576=ORIENTED_EDGE('',*,*,#2858,.F.);
#1577=ORIENTED_EDGE('',*,*,#3069,.F.);
#1578=ORIENTED_EDGE('',*,*,#3070,.T.);
#1579=ORIENTED_EDGE('',*,*,#3067,.T.);
#1580=ORIENTED_EDGE('',*,*,#2857,.F.);
#1581=ORIENTED_EDGE('',*,*,#3071,.F.);
#1582=ORIENTED_EDGE('',*,*,#3072,.T.);
#1583=ORIENTED_EDGE('',*,*,#3069,.T.);
#1584=ORIENTED_EDGE('',*,*,#2856,.F.);
#1585=ORIENTED_EDGE('',*,*,#3073,.F.);
#1586=ORIENTED_EDGE('',*,*,#3074,.T.);
#1587=ORIENTED_EDGE('',*,*,#3071,.T.);
#1588=ORIENTED_EDGE('',*,*,#2855,.F.);
#1589=ORIENTED_EDGE('',*,*,#3075,.F.);
#1590=ORIENTED_EDGE('',*,*,#3076,.T.);
#1591=ORIENTED_EDGE('',*,*,#3073,.T.);
#1592=ORIENTED_EDGE('',*,*,#2854,.F.);
#1593=ORIENTED_EDGE('',*,*,#3077,.F.);
#1594=ORIENTED_EDGE('',*,*,#3078,.T.);
#1595=ORIENTED_EDGE('',*,*,#3075,.T.);
#1596=ORIENTED_EDGE('',*,*,#2853,.F.);
#1597=ORIENTED_EDGE('',*,*,#3079,.F.);
#1598=ORIENTED_EDGE('',*,*,#3080,.T.);
#1599=ORIENTED_EDGE('',*,*,#3077,.T.);
#1600=ORIENTED_EDGE('',*,*,#2852,.F.);
#1601=ORIENTED_EDGE('',*,*,#3081,.F.);
#1602=ORIENTED_EDGE('',*,*,#3082,.T.);
#1603=ORIENTED_EDGE('',*,*,#3079,.T.);
#1604=ORIENTED_EDGE('',*,*,#2851,.F.);
#1605=ORIENTED_EDGE('',*,*,#3083,.F.);
#1606=ORIENTED_EDGE('',*,*,#3084,.T.);
#1607=ORIENTED_EDGE('',*,*,#3081,.T.);
#1608=ORIENTED_EDGE('',*,*,#2850,.F.);
#1609=ORIENTED_EDGE('',*,*,#3085,.F.);
#1610=ORIENTED_EDGE('',*,*,#3086,.T.);
#1611=ORIENTED_EDGE('',*,*,#3083,.T.);
#1612=ORIENTED_EDGE('',*,*,#2849,.F.);
#1613=ORIENTED_EDGE('',*,*,#3087,.F.);
#1614=ORIENTED_EDGE('',*,*,#3088,.T.);
#1615=ORIENTED_EDGE('',*,*,#3085,.T.);
#1616=ORIENTED_EDGE('',*,*,#2848,.F.);
#1617=ORIENTED_EDGE('',*,*,#3089,.F.);
#1618=ORIENTED_EDGE('',*,*,#3090,.T.);
#1619=ORIENTED_EDGE('',*,*,#3087,.T.);
#1620=ORIENTED_EDGE('',*,*,#2847,.F.);
#1621=ORIENTED_EDGE('',*,*,#3091,.F.);
#1622=ORIENTED_EDGE('',*,*,#3092,.T.);
#1623=ORIENTED_EDGE('',*,*,#3089,.T.);
#1624=ORIENTED_EDGE('',*,*,#2846,.F.);
#1625=ORIENTED_EDGE('',*,*,#3093,.F.);
#1626=ORIENTED_EDGE('',*,*,#3094,.T.);
#1627=ORIENTED_EDGE('',*,*,#3091,.T.);
#1628=ORIENTED_EDGE('',*,*,#2845,.F.);
#1629=ORIENTED_EDGE('',*,*,#3095,.F.);
#1630=ORIENTED_EDGE('',*,*,#3096,.T.);
#1631=ORIENTED_EDGE('',*,*,#3093,.T.);
#1632=ORIENTED_EDGE('',*,*,#2844,.F.);
#1633=ORIENTED_EDGE('',*,*,#3097,.F.);
#1634=ORIENTED_EDGE('',*,*,#3098,.T.);
#1635=ORIENTED_EDGE('',*,*,#3095,.T.);
#1636=ORIENTED_EDGE('',*,*,#2843,.F.);
#1637=ORIENTED_EDGE('',*,*,#3099,.F.);
#1638=ORIENTED_EDGE('',*,*,#3100,.T.);
#1639=ORIENTED_EDGE('',*,*,#3097,.T.);
#1640=ORIENTED_EDGE('',*,*,#2842,.F.);
#1641=ORIENTED_EDGE('',*,*,#3101,.F.);
#1642=ORIENTED_EDGE('',*,*,#3102,.T.);
#1643=ORIENTED_EDGE('',*,*,#3099,.T.);
#1644=ORIENTED_EDGE('',*,*,#2841,.F.);
#1645=ORIENTED_EDGE('',*,*,#3103,.F.);
#1646=ORIENTED_EDGE('',*,*,#3104,.T.);
#1647=ORIENTED_EDGE('',*,*,#3101,.T.);
#1648=ORIENTED_EDGE('',*,*,#2840,.F.);
#1649=ORIENTED_EDGE('',*,*,#3105,.F.);
#1650=ORIENTED_EDGE('',*,*,#3106,.T.);
#1651=ORIENTED_EDGE('',*,*,#3103,.T.);
#1652=ORIENTED_EDGE('',*,*,#2839,.F.);
#1653=ORIENTED_EDGE('',*,*,#3107,.F.);
#1654=ORIENTED_EDGE('',*,*,#3108,.T.);
#1655=ORIENTED_EDGE('',*,*,#3105,.T.);
#1656=ORIENTED_EDGE('',*,*,#2838,.F.);
#1657=ORIENTED_EDGE('',*,*,#3109,.F.);
#1658=ORIENTED_EDGE('',*,*,#3110,.T.);
#1659=ORIENTED_EDGE('',*,*,#3107,.T.);
#1660=ORIENTED_EDGE('',*,*,#2837,.F.);
#1661=ORIENTED_EDGE('',*,*,#3111,.F.);
#1662=ORIENTED_EDGE('',*,*,#3112,.T.);
#1663=ORIENTED_EDGE('',*,*,#3109,.T.);
#1664=ORIENTED_EDGE('',*,*,#2836,.F.);
#1665=ORIENTED_EDGE('',*,*,#3113,.F.);
#1666=ORIENTED_EDGE('',*,*,#3114,.T.);
#1667=ORIENTED_EDGE('',*,*,#3111,.T.);
#1668=ORIENTED_EDGE('',*,*,#2835,.F.);
#1669=ORIENTED_EDGE('',*,*,#3115,.F.);
#1670=ORIENTED_EDGE('',*,*,#3116,.T.);
#1671=ORIENTED_EDGE('',*,*,#3113,.T.);
#1672=ORIENTED_EDGE('',*,*,#2834,.F.);
#1673=ORIENTED_EDGE('',*,*,#3117,.F.);
#1674=ORIENTED_EDGE('',*,*,#3118,.T.);
#1675=ORIENTED_EDGE('',*,*,#3115,.T.);
#1676=ORIENTED_EDGE('',*,*,#2833,.F.);
#1677=ORIENTED_EDGE('',*,*,#3119,.F.);
#1678=ORIENTED_EDGE('',*,*,#3120,.T.);
#1679=ORIENTED_EDGE('',*,*,#3117,.T.);
#1680=ORIENTED_EDGE('',*,*,#2832,.F.);
#1681=ORIENTED_EDGE('',*,*,#3121,.F.);
#1682=ORIENTED_EDGE('',*,*,#3122,.T.);
#1683=ORIENTED_EDGE('',*,*,#3119,.T.);
#1684=ORIENTED_EDGE('',*,*,#2831,.F.);
#1685=ORIENTED_EDGE('',*,*,#3123,.F.);
#1686=ORIENTED_EDGE('',*,*,#3124,.T.);
#1687=ORIENTED_EDGE('',*,*,#3121,.T.);
#1688=ORIENTED_EDGE('',*,*,#2830,.F.);
#1689=ORIENTED_EDGE('',*,*,#3125,.F.);
#1690=ORIENTED_EDGE('',*,*,#3126,.T.);
#1691=ORIENTED_EDGE('',*,*,#3123,.T.);
#1692=ORIENTED_EDGE('',*,*,#2829,.F.);
#1693=ORIENTED_EDGE('',*,*,#3127,.F.);
#1694=ORIENTED_EDGE('',*,*,#3128,.T.);
#1695=ORIENTED_EDGE('',*,*,#3125,.T.);
#1696=ORIENTED_EDGE('',*,*,#2828,.F.);
#1697=ORIENTED_EDGE('',*,*,#3129,.F.);
#1698=ORIENTED_EDGE('',*,*,#3130,.T.);
#1699=ORIENTED_EDGE('',*,*,#3127,.T.);
#1700=ORIENTED_EDGE('',*,*,#2827,.F.);
#1701=ORIENTED_EDGE('',*,*,#3131,.F.);
#1702=ORIENTED_EDGE('',*,*,#3132,.T.);
#1703=ORIENTED_EDGE('',*,*,#3129,.T.);
#1704=ORIENTED_EDGE('',*,*,#2826,.F.);
#1705=ORIENTED_EDGE('',*,*,#3133,.F.);
#1706=ORIENTED_EDGE('',*,*,#3134,.T.);
#1707=ORIENTED_EDGE('',*,*,#3131,.T.);
#1708=ORIENTED_EDGE('',*,*,#2825,.F.);
#1709=ORIENTED_EDGE('',*,*,#3135,.F.);
#1710=ORIENTED_EDGE('',*,*,#3136,.T.);
#1711=ORIENTED_EDGE('',*,*,#3133,.T.);
#1712=ORIENTED_EDGE('',*,*,#2824,.F.);
#1713=ORIENTED_EDGE('',*,*,#3137,.F.);
#1714=ORIENTED_EDGE('',*,*,#3138,.T.);
#1715=ORIENTED_EDGE('',*,*,#3135,.T.);
#1716=ORIENTED_EDGE('',*,*,#2823,.F.);
#1717=ORIENTED_EDGE('',*,*,#3139,.F.);
#1718=ORIENTED_EDGE('',*,*,#3140,.T.);
#1719=ORIENTED_EDGE('',*,*,#3137,.T.);
#1720=ORIENTED_EDGE('',*,*,#2822,.F.);
#1721=ORIENTED_EDGE('',*,*,#3141,.F.);
#1722=ORIENTED_EDGE('',*,*,#3142,.T.);
#1723=ORIENTED_EDGE('',*,*,#3139,.T.);
#1724=ORIENTED_EDGE('',*,*,#2821,.F.);
#1725=ORIENTED_EDGE('',*,*,#3143,.F.);
#1726=ORIENTED_EDGE('',*,*,#3144,.T.);
#1727=ORIENTED_EDGE('',*,*,#3141,.T.);
#1728=ORIENTED_EDGE('',*,*,#2820,.F.);
#1729=ORIENTED_EDGE('',*,*,#3145,.F.);
#1730=ORIENTED_EDGE('',*,*,#3146,.T.);
#1731=ORIENTED_EDGE('',*,*,#3143,.T.);
#1732=ORIENTED_EDGE('',*,*,#2819,.F.);
#1733=ORIENTED_EDGE('',*,*,#3147,.F.);
#1734=ORIENTED_EDGE('',*,*,#3148,.T.);
#1735=ORIENTED_EDGE('',*,*,#3145,.T.);
#1736=ORIENTED_EDGE('',*,*,#2818,.F.);
#1737=ORIENTED_EDGE('',*,*,#3149,.F.);
#1738=ORIENTED_EDGE('',*,*,#3150,.T.);
#1739=ORIENTED_EDGE('',*,*,#3147,.T.);
#1740=ORIENTED_EDGE('',*,*,#2817,.F.);
#1741=ORIENTED_EDGE('',*,*,#3151,.F.);
#1742=ORIENTED_EDGE('',*,*,#3152,.T.);
#1743=ORIENTED_EDGE('',*,*,#3149,.T.);
#1744=ORIENTED_EDGE('',*,*,#2816,.F.);
#1745=ORIENTED_EDGE('',*,*,#3153,.F.);
#1746=ORIENTED_EDGE('',*,*,#3154,.T.);
#1747=ORIENTED_EDGE('',*,*,#3151,.T.);
#1748=ORIENTED_EDGE('',*,*,#2815,.F.);
#1749=ORIENTED_EDGE('',*,*,#3155,.F.);
#1750=ORIENTED_EDGE('',*,*,#3156,.T.);
#1751=ORIENTED_EDGE('',*,*,#3153,.T.);
#1752=ORIENTED_EDGE('',*,*,#2814,.F.);
#1753=ORIENTED_EDGE('',*,*,#3157,.F.);
#1754=ORIENTED_EDGE('',*,*,#3158,.T.);
#1755=ORIENTED_EDGE('',*,*,#3155,.T.);
#1756=ORIENTED_EDGE('',*,*,#2813,.F.);
#1757=ORIENTED_EDGE('',*,*,#3159,.F.);
#1758=ORIENTED_EDGE('',*,*,#3160,.T.);
#1759=ORIENTED_EDGE('',*,*,#3157,.T.);
#1760=ORIENTED_EDGE('',*,*,#2812,.F.);
#1761=ORIENTED_EDGE('',*,*,#3161,.F.);
#1762=ORIENTED_EDGE('',*,*,#3162,.T.);
#1763=ORIENTED_EDGE('',*,*,#3159,.T.);
#1764=ORIENTED_EDGE('',*,*,#2811,.F.);
#1765=ORIENTED_EDGE('',*,*,#3163,.F.);
#1766=ORIENTED_EDGE('',*,*,#3164,.T.);
#1767=ORIENTED_EDGE('',*,*,#3161,.T.);
#1768=ORIENTED_EDGE('',*,*,#2810,.F.);
#1769=ORIENTED_EDGE('',*,*,#3165,.F.);
#1770=ORIENTED_EDGE('',*,*,#3166,.T.);
#1771=ORIENTED_EDGE('',*,*,#3163,.T.);
#1772=ORIENTED_EDGE('',*,*,#2809,.F.);
#1773=ORIENTED_EDGE('',*,*,#3167,.F.);
#1774=ORIENTED_EDGE('',*,*,#3168,.T.);
#1775=ORIENTED_EDGE('',*,*,#3165,.T.);
#1776=ORIENTED_EDGE('',*,*,#2808,.F.);
#1777=ORIENTED_EDGE('',*,*,#3169,.F.);
#1778=ORIENTED_EDGE('',*,*,#3170,.T.);
#1779=ORIENTED_EDGE('',*,*,#3167,.T.);
#1780=ORIENTED_EDGE('',*,*,#2807,.F.);
#1781=ORIENTED_EDGE('',*,*,#3171,.F.);
#1782=ORIENTED_EDGE('',*,*,#3172,.T.);
#1783=ORIENTED_EDGE('',*,*,#3169,.T.);
#1784=ORIENTED_EDGE('',*,*,#2806,.F.);
#1785=ORIENTED_EDGE('',*,*,#3173,.F.);
#1786=ORIENTED_EDGE('',*,*,#3174,.T.);
#1787=ORIENTED_EDGE('',*,*,#3171,.T.);
#1788=ORIENTED_EDGE('',*,*,#2805,.F.);
#1789=ORIENTED_EDGE('',*,*,#3175,.F.);
#1790=ORIENTED_EDGE('',*,*,#3176,.T.);
#1791=ORIENTED_EDGE('',*,*,#3173,.T.);
#1792=ORIENTED_EDGE('',*,*,#2804,.F.);
#1793=ORIENTED_EDGE('',*,*,#3177,.F.);
#1794=ORIENTED_EDGE('',*,*,#3178,.T.);
#1795=ORIENTED_EDGE('',*,*,#3175,.T.);
#1796=ORIENTED_EDGE('',*,*,#2803,.F.);
#1797=ORIENTED_EDGE('',*,*,#3179,.F.);
#1798=ORIENTED_EDGE('',*,*,#3180,.T.);
#1799=ORIENTED_EDGE('',*,*,#3177,.T.);
#1800=ORIENTED_EDGE('',*,*,#2802,.F.);
#1801=ORIENTED_EDGE('',*,*,#3181,.F.);
#1802=ORIENTED_EDGE('',*,*,#3182,.T.);
#1803=ORIENTED_EDGE('',*,*,#3179,.T.);
#1804=ORIENTED_EDGE('',*,*,#2801,.F.);
#1805=ORIENTED_EDGE('',*,*,#3183,.F.);
#1806=ORIENTED_EDGE('',*,*,#3184,.T.);
#1807=ORIENTED_EDGE('',*,*,#3181,.T.);
#1808=ORIENTED_EDGE('',*,*,#2800,.F.);
#1809=ORIENTED_EDGE('',*,*,#3185,.F.);
#1810=ORIENTED_EDGE('',*,*,#3186,.T.);
#1811=ORIENTED_EDGE('',*,*,#3183,.T.);
#1812=ORIENTED_EDGE('',*,*,#2799,.F.);
#1813=ORIENTED_EDGE('',*,*,#3187,.F.);
#1814=ORIENTED_EDGE('',*,*,#3188,.T.);
#1815=ORIENTED_EDGE('',*,*,#3185,.T.);
#1816=ORIENTED_EDGE('',*,*,#2798,.F.);
#1817=ORIENTED_EDGE('',*,*,#3189,.F.);
#1818=ORIENTED_EDGE('',*,*,#3190,.T.);
#1819=ORIENTED_EDGE('',*,*,#3187,.T.);
#1820=ORIENTED_EDGE('',*,*,#2797,.F.);
#1821=ORIENTED_EDGE('',*,*,#3050,.F.);
#1822=ORIENTED_EDGE('',*,*,#3191,.T.);
#1823=ORIENTED_EDGE('',*,*,#3189,.T.);
#1824=ORIENTED_EDGE('',*,*,#3049,.F.);
#1825=ORIENTED_EDGE('',*,*,#3052,.F.);
#1826=ORIENTED_EDGE('',*,*,#3054,.F.);
#1827=ORIENTED_EDGE('',*,*,#3056,.F.);
#1828=ORIENTED_EDGE('',*,*,#3058,.F.);
#1829=ORIENTED_EDGE('',*,*,#3060,.F.);
#1830=ORIENTED_EDGE('',*,*,#3062,.F.);
#1831=ORIENTED_EDGE('',*,*,#3064,.F.);
#1832=ORIENTED_EDGE('',*,*,#3066,.F.);
#1833=ORIENTED_EDGE('',*,*,#3068,.F.);
#1834=ORIENTED_EDGE('',*,*,#3070,.F.);
#1835=ORIENTED_EDGE('',*,*,#3072,.F.);
#1836=ORIENTED_EDGE('',*,*,#3074,.F.);
#1837=ORIENTED_EDGE('',*,*,#3076,.F.);
#1838=ORIENTED_EDGE('',*,*,#3078,.F.);
#1839=ORIENTED_EDGE('',*,*,#3080,.F.);
#1840=ORIENTED_EDGE('',*,*,#3082,.F.);
#1841=ORIENTED_EDGE('',*,*,#3084,.F.);
#1842=ORIENTED_EDGE('',*,*,#3086,.F.);
#1843=ORIENTED_EDGE('',*,*,#3088,.F.);
#1844=ORIENTED_EDGE('',*,*,#3090,.F.);
#1845=ORIENTED_EDGE('',*,*,#3092,.F.);
#1846=ORIENTED_EDGE('',*,*,#3094,.F.);
#1847=ORIENTED_EDGE('',*,*,#3096,.F.);
#1848=ORIENTED_EDGE('',*,*,#3098,.F.);
#1849=ORIENTED_EDGE('',*,*,#3100,.F.);
#1850=ORIENTED_EDGE('',*,*,#3102,.F.);
#1851=ORIENTED_EDGE('',*,*,#3104,.F.);
#1852=ORIENTED_EDGE('',*,*,#3106,.F.);
#1853=ORIENTED_EDGE('',*,*,#3108,.F.);
#1854=ORIENTED_EDGE('',*,*,#3110,.F.);
#1855=ORIENTED_EDGE('',*,*,#3112,.F.);
#1856=ORIENTED_EDGE('',*,*,#3114,.F.);
#1857=ORIENTED_EDGE('',*,*,#3116,.F.);
#1858=ORIENTED_EDGE('',*,*,#3118,.F.);
#1859=ORIENTED_EDGE('',*,*,#3120,.F.);
#1860=ORIENTED_EDGE('',*,*,#3122,.F.);
#1861=ORIENTED_EDGE('',*,*,#3124,.F.);
#1862=ORIENTED_EDGE('',*,*,#3126,.F.);
#1863=ORIENTED_EDGE('',*,*,#3128,.F.);
#1864=ORIENTED_EDGE('',*,*,#3130,.F.);
#1865=ORIENTED_EDGE('',*,*,#3132,.F.);
#1866=ORIENTED_EDGE('',*,*,#3134,.F.);
#1867=ORIENTED_EDGE('',*,*,#3136,.F.);
#1868=ORIENTED_EDGE('',*,*,#3138,.F.);
#1869=ORIENTED_EDGE('',*,*,#3140,.F.);
#1870=ORIENTED_EDGE('',*,*,#3142,.F.);
#1871=ORIENTED_EDGE('',*,*,#3144,.F.);
#1872=ORIENTED_EDGE('',*,*,#3146,.F.);
#1873=ORIENTED_EDGE('',*,*,#3148,.F.);
#1874=ORIENTED_EDGE('',*,*,#3150,.F.);
#1875=ORIENTED_EDGE('',*,*,#3152,.F.);
#1876=ORIENTED_EDGE('',*,*,#3154,.F.);
#1877=ORIENTED_EDGE('',*,*,#3156,.F.);
#1878=ORIENTED_EDGE('',*,*,#3158,.F.);
#1879=ORIENTED_EDGE('',*,*,#3160,.F.);
#1880=ORIENTED_EDGE('',*,*,#3162,.F.);
#1881=ORIENTED_EDGE('',*,*,#3164,.F.);
#1882=ORIENTED_EDGE('',*,*,#3166,.F.);
#1883=ORIENTED_EDGE('',*,*,#3168,.F.);
#1884=ORIENTED_EDGE('',*,*,#3170,.F.);
#1885=ORIENTED_EDGE('',*,*,#3172,.F.);
#1886=ORIENTED_EDGE('',*,*,#3174,.F.);
#1887=ORIENTED_EDGE('',*,*,#3176,.F.);
#1888=ORIENTED_EDGE('',*,*,#3178,.F.);
#1889=ORIENTED_EDGE('',*,*,#3180,.F.);
#1890=ORIENTED_EDGE('',*,*,#3182,.F.);
#1891=ORIENTED_EDGE('',*,*,#3184,.F.);
#1892=ORIENTED_EDGE('',*,*,#3186,.F.);
#1893=ORIENTED_EDGE('',*,*,#3188,.F.);
#1894=ORIENTED_EDGE('',*,*,#3190,.F.);
#1895=ORIENTED_EDGE('',*,*,#3191,.F.);
#1896=ORIENTED_EDGE('',*,*,#3192,.F.);
#1897=ORIENTED_EDGE('',*,*,#3193,.T.);
#1898=ORIENTED_EDGE('',*,*,#3194,.T.);
#1899=ORIENTED_EDGE('',*,*,#2869,.F.);
#1900=ORIENTED_EDGE('',*,*,#2868,.T.);
#1901=ORIENTED_EDGE('',*,*,#3195,.F.);
#1902=ORIENTED_EDGE('',*,*,#3196,.F.);
#1903=ORIENTED_EDGE('',*,*,#3192,.T.);
#1904=ORIENTED_EDGE('',*,*,#3197,.F.);
#1905=ORIENTED_EDGE('',*,*,#3198,.T.);
#1906=ORIENTED_EDGE('',*,*,#3195,.T.);
#1907=ORIENTED_EDGE('',*,*,#3047,.F.);
#1908=ORIENTED_EDGE('',*,*,#3199,.F.);
#1909=ORIENTED_EDGE('',*,*,#3200,.T.);
#1910=ORIENTED_EDGE('',*,*,#3197,.T.);
#1911=ORIENTED_EDGE('',*,*,#3046,.F.);
#1912=ORIENTED_EDGE('',*,*,#3045,.T.);
#1913=ORIENTED_EDGE('',*,*,#3201,.F.);
#1914=ORIENTED_EDGE('',*,*,#3202,.F.);
#1915=ORIENTED_EDGE('',*,*,#3199,.T.);
#1916=ORIENTED_EDGE('',*,*,#3203,.F.);
#1917=ORIENTED_EDGE('',*,*,#3204,.T.);
#1918=ORIENTED_EDGE('',*,*,#3201,.T.);
#1919=ORIENTED_EDGE('',*,*,#3044,.F.);
#1920=ORIENTED_EDGE('',*,*,#3205,.F.);
#1921=ORIENTED_EDGE('',*,*,#3206,.T.);
#1922=ORIENTED_EDGE('',*,*,#3203,.T.);
#1923=ORIENTED_EDGE('',*,*,#3043,.F.);
#1924=ORIENTED_EDGE('',*,*,#3042,.T.);
#1925=ORIENTED_EDGE('',*,*,#3207,.F.);
#1926=ORIENTED_EDGE('',*,*,#3208,.F.);
#1927=ORIENTED_EDGE('',*,*,#3205,.T.);
#1928=ORIENTED_EDGE('',*,*,#3209,.F.);
#1929=ORIENTED_EDGE('',*,*,#3210,.T.);
#1930=ORIENTED_EDGE('',*,*,#3207,.T.);
#1931=ORIENTED_EDGE('',*,*,#3041,.F.);
#1932=ORIENTED_EDGE('',*,*,#3211,.F.);
#1933=ORIENTED_EDGE('',*,*,#3212,.T.);
#1934=ORIENTED_EDGE('',*,*,#3209,.T.);
#1935=ORIENTED_EDGE('',*,*,#3040,.F.);
#1936=ORIENTED_EDGE('',*,*,#3039,.T.);
#1937=ORIENTED_EDGE('',*,*,#3213,.F.);
#1938=ORIENTED_EDGE('',*,*,#3214,.F.);
#1939=ORIENTED_EDGE('',*,*,#3211,.T.);
#1940=ORIENTED_EDGE('',*,*,#3215,.F.);
#1941=ORIENTED_EDGE('',*,*,#3216,.T.);
#1942=ORIENTED_EDGE('',*,*,#3213,.T.);
#1943=ORIENTED_EDGE('',*,*,#3038,.F.);
#1944=ORIENTED_EDGE('',*,*,#3217,.F.);
#1945=ORIENTED_EDGE('',*,*,#3218,.T.);
#1946=ORIENTED_EDGE('',*,*,#3215,.T.);
#1947=ORIENTED_EDGE('',*,*,#3037,.F.);
#1948=ORIENTED_EDGE('',*,*,#3036,.T.);
#1949=ORIENTED_EDGE('',*,*,#3219,.F.);
#1950=ORIENTED_EDGE('',*,*,#3220,.F.);
#1951=ORIENTED_EDGE('',*,*,#3217,.T.);
#1952=ORIENTED_EDGE('',*,*,#3221,.F.);
#1953=ORIENTED_EDGE('',*,*,#3222,.T.);
#1954=ORIENTED_EDGE('',*,*,#3219,.T.);
#1955=ORIENTED_EDGE('',*,*,#3035,.F.);
#1956=ORIENTED_EDGE('',*,*,#3223,.F.);
#1957=ORIENTED_EDGE('',*,*,#3224,.T.);
#1958=ORIENTED_EDGE('',*,*,#3221,.T.);
#1959=ORIENTED_EDGE('',*,*,#3034,.F.);
#1960=ORIENTED_EDGE('',*,*,#3033,.T.);
#1961=ORIENTED_EDGE('',*,*,#3225,.F.);
#1962=ORIENTED_EDGE('',*,*,#3226,.F.);
#1963=ORIENTED_EDGE('',*,*,#3223,.T.);
#1964=ORIENTED_EDGE('',*,*,#3227,.F.);
#1965=ORIENTED_EDGE('',*,*,#3228,.T.);
#1966=ORIENTED_EDGE('',*,*,#3225,.T.);
#1967=ORIENTED_EDGE('',*,*,#3032,.F.);
#1968=ORIENTED_EDGE('',*,*,#3229,.F.);
#1969=ORIENTED_EDGE('',*,*,#3230,.T.);
#1970=ORIENTED_EDGE('',*,*,#3227,.T.);
#1971=ORIENTED_EDGE('',*,*,#3031,.F.);
#1972=ORIENTED_EDGE('',*,*,#3030,.T.);
#1973=ORIENTED_EDGE('',*,*,#3231,.F.);
#1974=ORIENTED_EDGE('',*,*,#3232,.F.);
#1975=ORIENTED_EDGE('',*,*,#3229,.T.);
#1976=ORIENTED_EDGE('',*,*,#3233,.F.);
#1977=ORIENTED_EDGE('',*,*,#3234,.T.);
#1978=ORIENTED_EDGE('',*,*,#3231,.T.);
#1979=ORIENTED_EDGE('',*,*,#3029,.F.);
#1980=ORIENTED_EDGE('',*,*,#3235,.F.);
#1981=ORIENTED_EDGE('',*,*,#3236,.T.);
#1982=ORIENTED_EDGE('',*,*,#3233,.T.);
#1983=ORIENTED_EDGE('',*,*,#3028,.F.);
#1984=ORIENTED_EDGE('',*,*,#3027,.T.);
#1985=ORIENTED_EDGE('',*,*,#3237,.F.);
#1986=ORIENTED_EDGE('',*,*,#3238,.F.);
#1987=ORIENTED_EDGE('',*,*,#3235,.T.);
#1988=ORIENTED_EDGE('',*,*,#3239,.F.);
#1989=ORIENTED_EDGE('',*,*,#3240,.T.);
#1990=ORIENTED_EDGE('',*,*,#3237,.T.);
#1991=ORIENTED_EDGE('',*,*,#3026,.F.);
#1992=ORIENTED_EDGE('',*,*,#3241,.F.);
#1993=ORIENTED_EDGE('',*,*,#3242,.T.);
#1994=ORIENTED_EDGE('',*,*,#3239,.T.);
#1995=ORIENTED_EDGE('',*,*,#3025,.F.);
#1996=ORIENTED_EDGE('',*,*,#3024,.T.);
#1997=ORIENTED_EDGE('',*,*,#3243,.F.);
#1998=ORIENTED_EDGE('',*,*,#3244,.F.);
#1999=ORIENTED_EDGE('',*,*,#3241,.T.);
#2000=ORIENTED_EDGE('',*,*,#3245,.F.);
#2001=ORIENTED_EDGE('',*,*,#3246,.T.);
#2002=ORIENTED_EDGE('',*,*,#3243,.T.);
#2003=ORIENTED_EDGE('',*,*,#3023,.F.);
#2004=ORIENTED_EDGE('',*,*,#3247,.F.);
#2005=ORIENTED_EDGE('',*,*,#3248,.T.);
#2006=ORIENTED_EDGE('',*,*,#3245,.T.);
#2007=ORIENTED_EDGE('',*,*,#3022,.F.);
#2008=ORIENTED_EDGE('',*,*,#3021,.T.);
#2009=ORIENTED_EDGE('',*,*,#3249,.F.);
#2010=ORIENTED_EDGE('',*,*,#3250,.F.);
#2011=ORIENTED_EDGE('',*,*,#3247,.T.);
#2012=ORIENTED_EDGE('',*,*,#3251,.F.);
#2013=ORIENTED_EDGE('',*,*,#3252,.T.);
#2014=ORIENTED_EDGE('',*,*,#3249,.T.);
#2015=ORIENTED_EDGE('',*,*,#3020,.F.);
#2016=ORIENTED_EDGE('',*,*,#3253,.F.);
#2017=ORIENTED_EDGE('',*,*,#3254,.T.);
#2018=ORIENTED_EDGE('',*,*,#3251,.T.);
#2019=ORIENTED_EDGE('',*,*,#3019,.F.);
#2020=ORIENTED_EDGE('',*,*,#3018,.T.);
#2021=ORIENTED_EDGE('',*,*,#3255,.F.);
#2022=ORIENTED_EDGE('',*,*,#3256,.F.);
#2023=ORIENTED_EDGE('',*,*,#3253,.T.);
#2024=ORIENTED_EDGE('',*,*,#3257,.F.);
#2025=ORIENTED_EDGE('',*,*,#3258,.T.);
#2026=ORIENTED_EDGE('',*,*,#3255,.T.);
#2027=ORIENTED_EDGE('',*,*,#3017,.F.);
#2028=ORIENTED_EDGE('',*,*,#3259,.F.);
#2029=ORIENTED_EDGE('',*,*,#3260,.T.);
#2030=ORIENTED_EDGE('',*,*,#3257,.T.);
#2031=ORIENTED_EDGE('',*,*,#3016,.F.);
#2032=ORIENTED_EDGE('',*,*,#3015,.T.);
#2033=ORIENTED_EDGE('',*,*,#3261,.F.);
#2034=ORIENTED_EDGE('',*,*,#3262,.F.);
#2035=ORIENTED_EDGE('',*,*,#3259,.T.);
#2036=ORIENTED_EDGE('',*,*,#3263,.F.);
#2037=ORIENTED_EDGE('',*,*,#3264,.T.);
#2038=ORIENTED_EDGE('',*,*,#3261,.T.);
#2039=ORIENTED_EDGE('',*,*,#3014,.F.);
#2040=ORIENTED_EDGE('',*,*,#3265,.F.);
#2041=ORIENTED_EDGE('',*,*,#3266,.T.);
#2042=ORIENTED_EDGE('',*,*,#3263,.T.);
#2043=ORIENTED_EDGE('',*,*,#3013,.F.);
#2044=ORIENTED_EDGE('',*,*,#3012,.T.);
#2045=ORIENTED_EDGE('',*,*,#3267,.F.);
#2046=ORIENTED_EDGE('',*,*,#3268,.F.);
#2047=ORIENTED_EDGE('',*,*,#3265,.T.);
#2048=ORIENTED_EDGE('',*,*,#3269,.F.);
#2049=ORIENTED_EDGE('',*,*,#3270,.T.);
#2050=ORIENTED_EDGE('',*,*,#3267,.T.);
#2051=ORIENTED_EDGE('',*,*,#3011,.F.);
#2052=ORIENTED_EDGE('',*,*,#3271,.F.);
#2053=ORIENTED_EDGE('',*,*,#3272,.T.);
#2054=ORIENTED_EDGE('',*,*,#3269,.T.);
#2055=ORIENTED_EDGE('',*,*,#3010,.F.);
#2056=ORIENTED_EDGE('',*,*,#3009,.T.);
#2057=ORIENTED_EDGE('',*,*,#3273,.F.);
#2058=ORIENTED_EDGE('',*,*,#3274,.F.);
#2059=ORIENTED_EDGE('',*,*,#3271,.T.);
#2060=ORIENTED_EDGE('',*,*,#3275,.F.);
#2061=ORIENTED_EDGE('',*,*,#3276,.T.);
#2062=ORIENTED_EDGE('',*,*,#3273,.T.);
#2063=ORIENTED_EDGE('',*,*,#3008,.F.);
#2064=ORIENTED_EDGE('',*,*,#3277,.F.);
#2065=ORIENTED_EDGE('',*,*,#3278,.T.);
#2066=ORIENTED_EDGE('',*,*,#3275,.T.);
#2067=ORIENTED_EDGE('',*,*,#3007,.F.);
#2068=ORIENTED_EDGE('',*,*,#3006,.T.);
#2069=ORIENTED_EDGE('',*,*,#3279,.F.);
#2070=ORIENTED_EDGE('',*,*,#3280,.F.);
#2071=ORIENTED_EDGE('',*,*,#3277,.T.);
#2072=ORIENTED_EDGE('',*,*,#3281,.F.);
#2073=ORIENTED_EDGE('',*,*,#3282,.T.);
#2074=ORIENTED_EDGE('',*,*,#3279,.T.);
#2075=ORIENTED_EDGE('',*,*,#3005,.F.);
#2076=ORIENTED_EDGE('',*,*,#3283,.F.);
#2077=ORIENTED_EDGE('',*,*,#3284,.T.);
#2078=ORIENTED_EDGE('',*,*,#3281,.T.);
#2079=ORIENTED_EDGE('',*,*,#3004,.F.);
#2080=ORIENTED_EDGE('',*,*,#3003,.T.);
#2081=ORIENTED_EDGE('',*,*,#3285,.F.);
#2082=ORIENTED_EDGE('',*,*,#3286,.F.);
#2083=ORIENTED_EDGE('',*,*,#3283,.T.);
#2084=ORIENTED_EDGE('',*,*,#3287,.F.);
#2085=ORIENTED_EDGE('',*,*,#3288,.T.);
#2086=ORIENTED_EDGE('',*,*,#3285,.T.);
#2087=ORIENTED_EDGE('',*,*,#3002,.F.);
#2088=ORIENTED_EDGE('',*,*,#3289,.F.);
#2089=ORIENTED_EDGE('',*,*,#3290,.T.);
#2090=ORIENTED_EDGE('',*,*,#3287,.T.);
#2091=ORIENTED_EDGE('',*,*,#3001,.F.);
#2092=ORIENTED_EDGE('',*,*,#3000,.T.);
#2093=ORIENTED_EDGE('',*,*,#3291,.F.);
#2094=ORIENTED_EDGE('',*,*,#3292,.F.);
#2095=ORIENTED_EDGE('',*,*,#3289,.T.);
#2096=ORIENTED_EDGE('',*,*,#3293,.F.);
#2097=ORIENTED_EDGE('',*,*,#3294,.T.);
#2098=ORIENTED_EDGE('',*,*,#3291,.T.);
#2099=ORIENTED_EDGE('',*,*,#2999,.F.);
#2100=ORIENTED_EDGE('',*,*,#3295,.F.);
#2101=ORIENTED_EDGE('',*,*,#3296,.T.);
#2102=ORIENTED_EDGE('',*,*,#3293,.T.);
#2103=ORIENTED_EDGE('',*,*,#2998,.F.);
#2104=ORIENTED_EDGE('',*,*,#2997,.T.);
#2105=ORIENTED_EDGE('',*,*,#3297,.F.);
#2106=ORIENTED_EDGE('',*,*,#3298,.F.);
#2107=ORIENTED_EDGE('',*,*,#3295,.T.);
#2108=ORIENTED_EDGE('',*,*,#3299,.F.);
#2109=ORIENTED_EDGE('',*,*,#3300,.T.);
#2110=ORIENTED_EDGE('',*,*,#3297,.T.);
#2111=ORIENTED_EDGE('',*,*,#2996,.F.);
#2112=ORIENTED_EDGE('',*,*,#3301,.F.);
#2113=ORIENTED_EDGE('',*,*,#3302,.T.);
#2114=ORIENTED_EDGE('',*,*,#3299,.T.);
#2115=ORIENTED_EDGE('',*,*,#2995,.F.);
#2116=ORIENTED_EDGE('',*,*,#2994,.T.);
#2117=ORIENTED_EDGE('',*,*,#3303,.F.);
#2118=ORIENTED_EDGE('',*,*,#3304,.F.);
#2119=ORIENTED_EDGE('',*,*,#3301,.T.);
#2120=ORIENTED_EDGE('',*,*,#3305,.F.);
#2121=ORIENTED_EDGE('',*,*,#3306,.T.);
#2122=ORIENTED_EDGE('',*,*,#3303,.T.);
#2123=ORIENTED_EDGE('',*,*,#2993,.F.);
#2124=ORIENTED_EDGE('',*,*,#3307,.F.);
#2125=ORIENTED_EDGE('',*,*,#3308,.T.);
#2126=ORIENTED_EDGE('',*,*,#3305,.T.);
#2127=ORIENTED_EDGE('',*,*,#2992,.F.);
#2128=ORIENTED_EDGE('',*,*,#2991,.T.);
#2129=ORIENTED_EDGE('',*,*,#3309,.F.);
#2130=ORIENTED_EDGE('',*,*,#3310,.F.);
#2131=ORIENTED_EDGE('',*,*,#3307,.T.);
#2132=ORIENTED_EDGE('',*,*,#3311,.F.);
#2133=ORIENTED_EDGE('',*,*,#3312,.T.);
#2134=ORIENTED_EDGE('',*,*,#3309,.T.);
#2135=ORIENTED_EDGE('',*,*,#2990,.F.);
#2136=ORIENTED_EDGE('',*,*,#3313,.F.);
#2137=ORIENTED_EDGE('',*,*,#3314,.T.);
#2138=ORIENTED_EDGE('',*,*,#3311,.T.);
#2139=ORIENTED_EDGE('',*,*,#2989,.F.);
#2140=ORIENTED_EDGE('',*,*,#2988,.T.);
#2141=ORIENTED_EDGE('',*,*,#3315,.F.);
#2142=ORIENTED_EDGE('',*,*,#3316,.F.);
#2143=ORIENTED_EDGE('',*,*,#3313,.T.);
#2144=ORIENTED_EDGE('',*,*,#3317,.F.);
#2145=ORIENTED_EDGE('',*,*,#3318,.T.);
#2146=ORIENTED_EDGE('',*,*,#3315,.T.);
#2147=ORIENTED_EDGE('',*,*,#2987,.F.);
#2148=ORIENTED_EDGE('',*,*,#3319,.F.);
#2149=ORIENTED_EDGE('',*,*,#3320,.T.);
#2150=ORIENTED_EDGE('',*,*,#3317,.T.);
#2151=ORIENTED_EDGE('',*,*,#2986,.F.);
#2152=ORIENTED_EDGE('',*,*,#2985,.T.);
#2153=ORIENTED_EDGE('',*,*,#3321,.F.);
#2154=ORIENTED_EDGE('',*,*,#3322,.F.);
#2155=ORIENTED_EDGE('',*,*,#3319,.T.);
#2156=ORIENTED_EDGE('',*,*,#3323,.F.);
#2157=ORIENTED_EDGE('',*,*,#3324,.T.);
#2158=ORIENTED_EDGE('',*,*,#3321,.T.);
#2159=ORIENTED_EDGE('',*,*,#2984,.F.);
#2160=ORIENTED_EDGE('',*,*,#3325,.F.);
#2161=ORIENTED_EDGE('',*,*,#3326,.T.);
#2162=ORIENTED_EDGE('',*,*,#3323,.T.);
#2163=ORIENTED_EDGE('',*,*,#2983,.F.);
#2164=ORIENTED_EDGE('',*,*,#2982,.T.);
#2165=ORIENTED_EDGE('',*,*,#3327,.F.);
#2166=ORIENTED_EDGE('',*,*,#3328,.F.);
#2167=ORIENTED_EDGE('',*,*,#3325,.T.);
#2168=ORIENTED_EDGE('',*,*,#3329,.F.);
#2169=ORIENTED_EDGE('',*,*,#3330,.T.);
#2170=ORIENTED_EDGE('',*,*,#3327,.T.);
#2171=ORIENTED_EDGE('',*,*,#2981,.F.);
#2172=ORIENTED_EDGE('',*,*,#3331,.F.);
#2173=ORIENTED_EDGE('',*,*,#3332,.T.);
#2174=ORIENTED_EDGE('',*,*,#3329,.T.);
#2175=ORIENTED_EDGE('',*,*,#2980,.F.);
#2176=ORIENTED_EDGE('',*,*,#2979,.T.);
#2177=ORIENTED_EDGE('',*,*,#3333,.F.);
#2178=ORIENTED_EDGE('',*,*,#3334,.F.);
#2179=ORIENTED_EDGE('',*,*,#3331,.T.);
#2180=ORIENTED_EDGE('',*,*,#3335,.F.);
#2181=ORIENTED_EDGE('',*,*,#3336,.T.);
#2182=ORIENTED_EDGE('',*,*,#3333,.T.);
#2183=ORIENTED_EDGE('',*,*,#2978,.F.);
#2184=ORIENTED_EDGE('',*,*,#3337,.F.);
#2185=ORIENTED_EDGE('',*,*,#3338,.T.);
#2186=ORIENTED_EDGE('',*,*,#3335,.T.);
#2187=ORIENTED_EDGE('',*,*,#2977,.F.);
#2188=ORIENTED_EDGE('',*,*,#2976,.T.);
#2189=ORIENTED_EDGE('',*,*,#3339,.F.);
#2190=ORIENTED_EDGE('',*,*,#3340,.F.);
#2191=ORIENTED_EDGE('',*,*,#3337,.T.);
#2192=ORIENTED_EDGE('',*,*,#3341,.F.);
#2193=ORIENTED_EDGE('',*,*,#3342,.T.);
#2194=ORIENTED_EDGE('',*,*,#3339,.T.);
#2195=ORIENTED_EDGE('',*,*,#2975,.F.);
#2196=ORIENTED_EDGE('',*,*,#3343,.F.);
#2197=ORIENTED_EDGE('',*,*,#3344,.T.);
#2198=ORIENTED_EDGE('',*,*,#3341,.T.);
#2199=ORIENTED_EDGE('',*,*,#2974,.F.);
#2200=ORIENTED_EDGE('',*,*,#2973,.T.);
#2201=ORIENTED_EDGE('',*,*,#3345,.F.);
#2202=ORIENTED_EDGE('',*,*,#3346,.F.);
#2203=ORIENTED_EDGE('',*,*,#3343,.T.);
#2204=ORIENTED_EDGE('',*,*,#3347,.F.);
#2205=ORIENTED_EDGE('',*,*,#3348,.T.);
#2206=ORIENTED_EDGE('',*,*,#3345,.T.);
#2207=ORIENTED_EDGE('',*,*,#2972,.F.);
#2208=ORIENTED_EDGE('',*,*,#3349,.F.);
#2209=ORIENTED_EDGE('',*,*,#3350,.T.);
#2210=ORIENTED_EDGE('',*,*,#3347,.T.);
#2211=ORIENTED_EDGE('',*,*,#2971,.F.);
#2212=ORIENTED_EDGE('',*,*,#2970,.T.);
#2213=ORIENTED_EDGE('',*,*,#3351,.F.);
#2214=ORIENTED_EDGE('',*,*,#3352,.F.);
#2215=ORIENTED_EDGE('',*,*,#3349,.T.);
#2216=ORIENTED_EDGE('',*,*,#3353,.F.);
#2217=ORIENTED_EDGE('',*,*,#3354,.T.);
#2218=ORIENTED_EDGE('',*,*,#3351,.T.);
#2219=ORIENTED_EDGE('',*,*,#2969,.F.);
#2220=ORIENTED_EDGE('',*,*,#3355,.F.);
#2221=ORIENTED_EDGE('',*,*,#3356,.T.);
#2222=ORIENTED_EDGE('',*,*,#3353,.T.);
#2223=ORIENTED_EDGE('',*,*,#2968,.F.);
#2224=ORIENTED_EDGE('',*,*,#2967,.T.);
#2225=ORIENTED_EDGE('',*,*,#3357,.F.);
#2226=ORIENTED_EDGE('',*,*,#3358,.F.);
#2227=ORIENTED_EDGE('',*,*,#3355,.T.);
#2228=ORIENTED_EDGE('',*,*,#3359,.F.);
#2229=ORIENTED_EDGE('',*,*,#3360,.T.);
#2230=ORIENTED_EDGE('',*,*,#3357,.T.);
#2231=ORIENTED_EDGE('',*,*,#2966,.F.);
#2232=ORIENTED_EDGE('',*,*,#3361,.F.);
#2233=ORIENTED_EDGE('',*,*,#3362,.T.);
#2234=ORIENTED_EDGE('',*,*,#3359,.T.);
#2235=ORIENTED_EDGE('',*,*,#2965,.F.);
#2236=ORIENTED_EDGE('',*,*,#2964,.T.);
#2237=ORIENTED_EDGE('',*,*,#3363,.F.);
#2238=ORIENTED_EDGE('',*,*,#3364,.F.);
#2239=ORIENTED_EDGE('',*,*,#3361,.T.);
#2240=ORIENTED_EDGE('',*,*,#3365,.F.);
#2241=ORIENTED_EDGE('',*,*,#3366,.T.);
#2242=ORIENTED_EDGE('',*,*,#3363,.T.);
#2243=ORIENTED_EDGE('',*,*,#2963,.F.);
#2244=ORIENTED_EDGE('',*,*,#3367,.F.);
#2245=ORIENTED_EDGE('',*,*,#3368,.T.);
#2246=ORIENTED_EDGE('',*,*,#3365,.T.);
#2247=ORIENTED_EDGE('',*,*,#2962,.F.);
#2248=ORIENTED_EDGE('',*,*,#2961,.T.);
#2249=ORIENTED_EDGE('',*,*,#3369,.F.);
#2250=ORIENTED_EDGE('',*,*,#3370,.F.);
#2251=ORIENTED_EDGE('',*,*,#3367,.T.);
#2252=ORIENTED_EDGE('',*,*,#3371,.F.);
#2253=ORIENTED_EDGE('',*,*,#3372,.T.);
#2254=ORIENTED_EDGE('',*,*,#3369,.T.);
#2255=ORIENTED_EDGE('',*,*,#2960,.F.);
#2256=ORIENTED_EDGE('',*,*,#3373,.F.);
#2257=ORIENTED_EDGE('',*,*,#3374,.T.);
#2258=ORIENTED_EDGE('',*,*,#3371,.T.);
#2259=ORIENTED_EDGE('',*,*,#2959,.F.);
#2260=ORIENTED_EDGE('',*,*,#2958,.T.);
#2261=ORIENTED_EDGE('',*,*,#3375,.F.);
#2262=ORIENTED_EDGE('',*,*,#3376,.F.);
#2263=ORIENTED_EDGE('',*,*,#3373,.T.);
#2264=ORIENTED_EDGE('',*,*,#3377,.F.);
#2265=ORIENTED_EDGE('',*,*,#3378,.T.);
#2266=ORIENTED_EDGE('',*,*,#3375,.T.);
#2267=ORIENTED_EDGE('',*,*,#2957,.F.);
#2268=ORIENTED_EDGE('',*,*,#3379,.F.);
#2269=ORIENTED_EDGE('',*,*,#3380,.T.);
#2270=ORIENTED_EDGE('',*,*,#3377,.T.);
#2271=ORIENTED_EDGE('',*,*,#2956,.F.);
#2272=ORIENTED_EDGE('',*,*,#2955,.T.);
#2273=ORIENTED_EDGE('',*,*,#3381,.F.);
#2274=ORIENTED_EDGE('',*,*,#3382,.F.);
#2275=ORIENTED_EDGE('',*,*,#3379,.T.);
#2276=ORIENTED_EDGE('',*,*,#3383,.F.);
#2277=ORIENTED_EDGE('',*,*,#3384,.T.);
#2278=ORIENTED_EDGE('',*,*,#3381,.T.);
#2279=ORIENTED_EDGE('',*,*,#2954,.F.);
#2280=ORIENTED_EDGE('',*,*,#3385,.F.);
#2281=ORIENTED_EDGE('',*,*,#3386,.T.);
#2282=ORIENTED_EDGE('',*,*,#3383,.T.);
#2283=ORIENTED_EDGE('',*,*,#2953,.F.);
#2284=ORIENTED_EDGE('',*,*,#2952,.T.);
#2285=ORIENTED_EDGE('',*,*,#3387,.F.);
#2286=ORIENTED_EDGE('',*,*,#3388,.F.);
#2287=ORIENTED_EDGE('',*,*,#3385,.T.);
#2288=ORIENTED_EDGE('',*,*,#3389,.F.);
#2289=ORIENTED_EDGE('',*,*,#3390,.T.);
#2290=ORIENTED_EDGE('',*,*,#3387,.T.);
#2291=ORIENTED_EDGE('',*,*,#2951,.F.);
#2292=ORIENTED_EDGE('',*,*,#3391,.F.);
#2293=ORIENTED_EDGE('',*,*,#3392,.T.);
#2294=ORIENTED_EDGE('',*,*,#3389,.T.);
#2295=ORIENTED_EDGE('',*,*,#2950,.F.);
#2296=ORIENTED_EDGE('',*,*,#2949,.T.);
#2297=ORIENTED_EDGE('',*,*,#3393,.F.);
#2298=ORIENTED_EDGE('',*,*,#3394,.F.);
#2299=ORIENTED_EDGE('',*,*,#3391,.T.);
#2300=ORIENTED_EDGE('',*,*,#3395,.F.);
#2301=ORIENTED_EDGE('',*,*,#3396,.T.);
#2302=ORIENTED_EDGE('',*,*,#3393,.T.);
#2303=ORIENTED_EDGE('',*,*,#2948,.F.);
#2304=ORIENTED_EDGE('',*,*,#3397,.F.);
#2305=ORIENTED_EDGE('',*,*,#3398,.T.);
#2306=ORIENTED_EDGE('',*,*,#3395,.T.);
#2307=ORIENTED_EDGE('',*,*,#2947,.F.);
#2308=ORIENTED_EDGE('',*,*,#2946,.T.);
#2309=ORIENTED_EDGE('',*,*,#3399,.F.);
#2310=ORIENTED_EDGE('',*,*,#3400,.F.);
#2311=ORIENTED_EDGE('',*,*,#3397,.T.);
#2312=ORIENTED_EDGE('',*,*,#3401,.F.);
#2313=ORIENTED_EDGE('',*,*,#3402,.T.);
#2314=ORIENTED_EDGE('',*,*,#3399,.T.);
#2315=ORIENTED_EDGE('',*,*,#2945,.F.);
#2316=ORIENTED_EDGE('',*,*,#3403,.F.);
#2317=ORIENTED_EDGE('',*,*,#3404,.T.);
#2318=ORIENTED_EDGE('',*,*,#3401,.T.);
#2319=ORIENTED_EDGE('',*,*,#2944,.F.);
#2320=ORIENTED_EDGE('',*,*,#2943,.T.);
#2321=ORIENTED_EDGE('',*,*,#3405,.F.);
#2322=ORIENTED_EDGE('',*,*,#3406,.F.);
#2323=ORIENTED_EDGE('',*,*,#3403,.T.);
#2324=ORIENTED_EDGE('',*,*,#3407,.F.);
#2325=ORIENTED_EDGE('',*,*,#3408,.T.);
#2326=ORIENTED_EDGE('',*,*,#3405,.T.);
#2327=ORIENTED_EDGE('',*,*,#2942,.F.);
#2328=ORIENTED_EDGE('',*,*,#3409,.F.);
#2329=ORIENTED_EDGE('',*,*,#3410,.T.);
#2330=ORIENTED_EDGE('',*,*,#3407,.T.);
#2331=ORIENTED_EDGE('',*,*,#2941,.F.);
#2332=ORIENTED_EDGE('',*,*,#2940,.T.);
#2333=ORIENTED_EDGE('',*,*,#3411,.F.);
#2334=ORIENTED_EDGE('',*,*,#3412,.F.);
#2335=ORIENTED_EDGE('',*,*,#3409,.T.);
#2336=ORIENTED_EDGE('',*,*,#3413,.F.);
#2337=ORIENTED_EDGE('',*,*,#3414,.T.);
#2338=ORIENTED_EDGE('',*,*,#3411,.T.);
#2339=ORIENTED_EDGE('',*,*,#2939,.F.);
#2340=ORIENTED_EDGE('',*,*,#3415,.F.);
#2341=ORIENTED_EDGE('',*,*,#3416,.T.);
#2342=ORIENTED_EDGE('',*,*,#3413,.T.);
#2343=ORIENTED_EDGE('',*,*,#2938,.F.);
#2344=ORIENTED_EDGE('',*,*,#2937,.T.);
#2345=ORIENTED_EDGE('',*,*,#3417,.F.);
#2346=ORIENTED_EDGE('',*,*,#3418,.F.);
#2347=ORIENTED_EDGE('',*,*,#3415,.T.);
#2348=ORIENTED_EDGE('',*,*,#3419,.F.);
#2349=ORIENTED_EDGE('',*,*,#3420,.T.);
#2350=ORIENTED_EDGE('',*,*,#3417,.T.);
#2351=ORIENTED_EDGE('',*,*,#2936,.F.);
#2352=ORIENTED_EDGE('',*,*,#3421,.F.);
#2353=ORIENTED_EDGE('',*,*,#3422,.T.);
#2354=ORIENTED_EDGE('',*,*,#3419,.T.);
#2355=ORIENTED_EDGE('',*,*,#2935,.F.);
#2356=ORIENTED_EDGE('',*,*,#2934,.T.);
#2357=ORIENTED_EDGE('',*,*,#3423,.F.);
#2358=ORIENTED_EDGE('',*,*,#3424,.F.);
#2359=ORIENTED_EDGE('',*,*,#3421,.T.);
#2360=ORIENTED_EDGE('',*,*,#3425,.F.);
#2361=ORIENTED_EDGE('',*,*,#3426,.T.);
#2362=ORIENTED_EDGE('',*,*,#3423,.T.);
#2363=ORIENTED_EDGE('',*,*,#2933,.F.);
#2364=ORIENTED_EDGE('',*,*,#3427,.F.);
#2365=ORIENTED_EDGE('',*,*,#3428,.T.);
#2366=ORIENTED_EDGE('',*,*,#3425,.T.);
#2367=ORIENTED_EDGE('',*,*,#2932,.F.);
#2368=ORIENTED_EDGE('',*,*,#2931,.T.);
#2369=ORIENTED_EDGE('',*,*,#3429,.F.);
#2370=ORIENTED_EDGE('',*,*,#3430,.F.);
#2371=ORIENTED_EDGE('',*,*,#3427,.T.);
#2372=ORIENTED_EDGE('',*,*,#3431,.F.);
#2373=ORIENTED_EDGE('',*,*,#3432,.T.);
#2374=ORIENTED_EDGE('',*,*,#3429,.T.);
#2375=ORIENTED_EDGE('',*,*,#2930,.F.);
#2376=ORIENTED_EDGE('',*,*,#3433,.F.);
#2377=ORIENTED_EDGE('',*,*,#3434,.T.);
#2378=ORIENTED_EDGE('',*,*,#3431,.T.);
#2379=ORIENTED_EDGE('',*,*,#2929,.F.);
#2380=ORIENTED_EDGE('',*,*,#2928,.T.);
#2381=ORIENTED_EDGE('',*,*,#3435,.F.);
#2382=ORIENTED_EDGE('',*,*,#3436,.F.);
#2383=ORIENTED_EDGE('',*,*,#3433,.T.);
#2384=ORIENTED_EDGE('',*,*,#3437,.F.);
#2385=ORIENTED_EDGE('',*,*,#3438,.T.);
#2386=ORIENTED_EDGE('',*,*,#3435,.T.);
#2387=ORIENTED_EDGE('',*,*,#2927,.F.);
#2388=ORIENTED_EDGE('',*,*,#3439,.F.);
#2389=ORIENTED_EDGE('',*,*,#3440,.T.);
#2390=ORIENTED_EDGE('',*,*,#3437,.T.);
#2391=ORIENTED_EDGE('',*,*,#2926,.F.);
#2392=ORIENTED_EDGE('',*,*,#2925,.T.);
#2393=ORIENTED_EDGE('',*,*,#3441,.F.);
#2394=ORIENTED_EDGE('',*,*,#3442,.F.);
#2395=ORIENTED_EDGE('',*,*,#3439,.T.);
#2396=ORIENTED_EDGE('',*,*,#3443,.F.);
#2397=ORIENTED_EDGE('',*,*,#3444,.T.);
#2398=ORIENTED_EDGE('',*,*,#3441,.T.);
#2399=ORIENTED_EDGE('',*,*,#2924,.F.);
#2400=ORIENTED_EDGE('',*,*,#3445,.F.);
#2401=ORIENTED_EDGE('',*,*,#3446,.T.);
#2402=ORIENTED_EDGE('',*,*,#3443,.T.);
#2403=ORIENTED_EDGE('',*,*,#2923,.F.);
#2404=ORIENTED_EDGE('',*,*,#2922,.T.);
#2405=ORIENTED_EDGE('',*,*,#3447,.F.);
#2406=ORIENTED_EDGE('',*,*,#3448,.F.);
#2407=ORIENTED_EDGE('',*,*,#3445,.T.);
#2408=ORIENTED_EDGE('',*,*,#3449,.F.);
#2409=ORIENTED_EDGE('',*,*,#3450,.T.);
#2410=ORIENTED_EDGE('',*,*,#3447,.T.);
#2411=ORIENTED_EDGE('',*,*,#2921,.F.);
#2412=ORIENTED_EDGE('',*,*,#3451,.F.);
#2413=ORIENTED_EDGE('',*,*,#3452,.T.);
#2414=ORIENTED_EDGE('',*,*,#3449,.T.);
#2415=ORIENTED_EDGE('',*,*,#2920,.F.);
#2416=ORIENTED_EDGE('',*,*,#2919,.T.);
#2417=ORIENTED_EDGE('',*,*,#3453,.F.);
#2418=ORIENTED_EDGE('',*,*,#3454,.F.);
#2419=ORIENTED_EDGE('',*,*,#3451,.T.);
#2420=ORIENTED_EDGE('',*,*,#3455,.F.);
#2421=ORIENTED_EDGE('',*,*,#3456,.T.);
#2422=ORIENTED_EDGE('',*,*,#3453,.T.);
#2423=ORIENTED_EDGE('',*,*,#2918,.F.);
#2424=ORIENTED_EDGE('',*,*,#3457,.F.);
#2425=ORIENTED_EDGE('',*,*,#3458,.T.);
#2426=ORIENTED_EDGE('',*,*,#3455,.T.);
#2427=ORIENTED_EDGE('',*,*,#2917,.F.);
#2428=ORIENTED_EDGE('',*,*,#2916,.T.);
#2429=ORIENTED_EDGE('',*,*,#3459,.F.);
#2430=ORIENTED_EDGE('',*,*,#3460,.F.);
#2431=ORIENTED_EDGE('',*,*,#3457,.T.);
#2432=ORIENTED_EDGE('',*,*,#3461,.F.);
#2433=ORIENTED_EDGE('',*,*,#3462,.T.);
#2434=ORIENTED_EDGE('',*,*,#3459,.T.);
#2435=ORIENTED_EDGE('',*,*,#2915,.F.);
#2436=ORIENTED_EDGE('',*,*,#3463,.F.);
#2437=ORIENTED_EDGE('',*,*,#3464,.T.);
#2438=ORIENTED_EDGE('',*,*,#3461,.T.);
#2439=ORIENTED_EDGE('',*,*,#2914,.F.);
#2440=ORIENTED_EDGE('',*,*,#2913,.T.);
#2441=ORIENTED_EDGE('',*,*,#3465,.F.);
#2442=ORIENTED_EDGE('',*,*,#3466,.F.);
#2443=ORIENTED_EDGE('',*,*,#3463,.T.);
#2444=ORIENTED_EDGE('',*,*,#3467,.F.);
#2445=ORIENTED_EDGE('',*,*,#3468,.T.);
#2446=ORIENTED_EDGE('',*,*,#3465,.T.);
#2447=ORIENTED_EDGE('',*,*,#2912,.F.);
#2448=ORIENTED_EDGE('',*,*,#3469,.F.);
#2449=ORIENTED_EDGE('',*,*,#3470,.T.);
#2450=ORIENTED_EDGE('',*,*,#3467,.T.);
#2451=ORIENTED_EDGE('',*,*,#2911,.F.);
#2452=ORIENTED_EDGE('',*,*,#2910,.T.);
#2453=ORIENTED_EDGE('',*,*,#3471,.F.);
#2454=ORIENTED_EDGE('',*,*,#3472,.F.);
#2455=ORIENTED_EDGE('',*,*,#3469,.T.);
#2456=ORIENTED_EDGE('',*,*,#3473,.F.);
#2457=ORIENTED_EDGE('',*,*,#3474,.T.);
#2458=ORIENTED_EDGE('',*,*,#3471,.T.);
#2459=ORIENTED_EDGE('',*,*,#2909,.F.);
#2460=ORIENTED_EDGE('',*,*,#3475,.F.);
#2461=ORIENTED_EDGE('',*,*,#3476,.T.);
#2462=ORIENTED_EDGE('',*,*,#3473,.T.);
#2463=ORIENTED_EDGE('',*,*,#2908,.F.);
#2464=ORIENTED_EDGE('',*,*,#2907,.T.);
#2465=ORIENTED_EDGE('',*,*,#3477,.F.);
#2466=ORIENTED_EDGE('',*,*,#3478,.F.);
#2467=ORIENTED_EDGE('',*,*,#3475,.T.);
#2468=ORIENTED_EDGE('',*,*,#3479,.F.);
#2469=ORIENTED_EDGE('',*,*,#3480,.T.);
#2470=ORIENTED_EDGE('',*,*,#3477,.T.);
#2471=ORIENTED_EDGE('',*,*,#2906,.F.);
#2472=ORIENTED_EDGE('',*,*,#3481,.F.);
#2473=ORIENTED_EDGE('',*,*,#3482,.T.);
#2474=ORIENTED_EDGE('',*,*,#3479,.T.);
#2475=ORIENTED_EDGE('',*,*,#2905,.F.);
#2476=ORIENTED_EDGE('',*,*,#2904,.T.);
#2477=ORIENTED_EDGE('',*,*,#3483,.F.);
#2478=ORIENTED_EDGE('',*,*,#3484,.F.);
#2479=ORIENTED_EDGE('',*,*,#3481,.T.);
#2480=ORIENTED_EDGE('',*,*,#3485,.F.);
#2481=ORIENTED_EDGE('',*,*,#3486,.T.);
#2482=ORIENTED_EDGE('',*,*,#3483,.T.);
#2483=ORIENTED_EDGE('',*,*,#2903,.F.);
#2484=ORIENTED_EDGE('',*,*,#3487,.F.);
#2485=ORIENTED_EDGE('',*,*,#3488,.T.);
#2486=ORIENTED_EDGE('',*,*,#3485,.T.);
#2487=ORIENTED_EDGE('',*,*,#2902,.F.);
#2488=ORIENTED_EDGE('',*,*,#2901,.T.);
#2489=ORIENTED_EDGE('',*,*,#3489,.F.);
#2490=ORIENTED_EDGE('',*,*,#3490,.F.);
#2491=ORIENTED_EDGE('',*,*,#3487,.T.);
#2492=ORIENTED_EDGE('',*,*,#3491,.F.);
#2493=ORIENTED_EDGE('',*,*,#3492,.T.);
#2494=ORIENTED_EDGE('',*,*,#3489,.T.);
#2495=ORIENTED_EDGE('',*,*,#2900,.F.);
#2496=ORIENTED_EDGE('',*,*,#3493,.F.);
#2497=ORIENTED_EDGE('',*,*,#3494,.T.);
#2498=ORIENTED_EDGE('',*,*,#3491,.T.);
#2499=ORIENTED_EDGE('',*,*,#2899,.F.);
#2500=ORIENTED_EDGE('',*,*,#2898,.T.);
#2501=ORIENTED_EDGE('',*,*,#3495,.F.);
#2502=ORIENTED_EDGE('',*,*,#3496,.F.);
#2503=ORIENTED_EDGE('',*,*,#3493,.T.);
#2504=ORIENTED_EDGE('',*,*,#3497,.F.);
#2505=ORIENTED_EDGE('',*,*,#3498,.T.);
#2506=ORIENTED_EDGE('',*,*,#3495,.T.);
#2507=ORIENTED_EDGE('',*,*,#2897,.F.);
#2508=ORIENTED_EDGE('',*,*,#3499,.F.);
#2509=ORIENTED_EDGE('',*,*,#3500,.T.);
#2510=ORIENTED_EDGE('',*,*,#3497,.T.);
#2511=ORIENTED_EDGE('',*,*,#2896,.F.);
#2512=ORIENTED_EDGE('',*,*,#2895,.T.);
#2513=ORIENTED_EDGE('',*,*,#3501,.F.);
#2514=ORIENTED_EDGE('',*,*,#3502,.F.);
#2515=ORIENTED_EDGE('',*,*,#3499,.T.);
#2516=ORIENTED_EDGE('',*,*,#3503,.F.);
#2517=ORIENTED_EDGE('',*,*,#3504,.T.);
#2518=ORIENTED_EDGE('',*,*,#3501,.T.);
#2519=ORIENTED_EDGE('',*,*,#2894,.F.);
#2520=ORIENTED_EDGE('',*,*,#3505,.F.);
#2521=ORIENTED_EDGE('',*,*,#3506,.T.);
#2522=ORIENTED_EDGE('',*,*,#3503,.T.);
#2523=ORIENTED_EDGE('',*,*,#2893,.F.);
#2524=ORIENTED_EDGE('',*,*,#2892,.T.);
#2525=ORIENTED_EDGE('',*,*,#3507,.F.);
#2526=ORIENTED_EDGE('',*,*,#3508,.F.);
#2527=ORIENTED_EDGE('',*,*,#3505,.T.);
#2528=ORIENTED_EDGE('',*,*,#3509,.F.);
#2529=ORIENTED_EDGE('',*,*,#3510,.T.);
#2530=ORIENTED_EDGE('',*,*,#3507,.T.);
#2531=ORIENTED_EDGE('',*,*,#2891,.F.);
#2532=ORIENTED_EDGE('',*,*,#3511,.F.);
#2533=ORIENTED_EDGE('',*,*,#3512,.T.);
#2534=ORIENTED_EDGE('',*,*,#3509,.T.);
#2535=ORIENTED_EDGE('',*,*,#2890,.F.);
#2536=ORIENTED_EDGE('',*,*,#2889,.T.);
#2537=ORIENTED_EDGE('',*,*,#3513,.F.);
#2538=ORIENTED_EDGE('',*,*,#3514,.F.);
#2539=ORIENTED_EDGE('',*,*,#3511,.T.);
#2540=ORIENTED_EDGE('',*,*,#3515,.F.);
#2541=ORIENTED_EDGE('',*,*,#3516,.T.);
#2542=ORIENTED_EDGE('',*,*,#3513,.T.);
#2543=ORIENTED_EDGE('',*,*,#2888,.F.);
#2544=ORIENTED_EDGE('',*,*,#3517,.F.);
#2545=ORIENTED_EDGE('',*,*,#3518,.T.);
#2546=ORIENTED_EDGE('',*,*,#3515,.T.);
#2547=ORIENTED_EDGE('',*,*,#2887,.F.);
#2548=ORIENTED_EDGE('',*,*,#2886,.T.);
#2549=ORIENTED_EDGE('',*,*,#3519,.F.);
#2550=ORIENTED_EDGE('',*,*,#3520,.F.);
#2551=ORIENTED_EDGE('',*,*,#3517,.T.);
#2552=ORIENTED_EDGE('',*,*,#3521,.F.);
#2553=ORIENTED_EDGE('',*,*,#3522,.T.);
#2554=ORIENTED_EDGE('',*,*,#3519,.T.);
#2555=ORIENTED_EDGE('',*,*,#2885,.F.);
#2556=ORIENTED_EDGE('',*,*,#3523,.F.);
#2557=ORIENTED_EDGE('',*,*,#3524,.T.);
#2558=ORIENTED_EDGE('',*,*,#3521,.T.);
#2559=ORIENTED_EDGE('',*,*,#2884,.F.);
#2560=ORIENTED_EDGE('',*,*,#2883,.T.);
#2561=ORIENTED_EDGE('',*,*,#3525,.F.);
#2562=ORIENTED_EDGE('',*,*,#3526,.F.);
#2563=ORIENTED_EDGE('',*,*,#3523,.T.);
#2564=ORIENTED_EDGE('',*,*,#3527,.F.);
#2565=ORIENTED_EDGE('',*,*,#3528,.T.);
#2566=ORIENTED_EDGE('',*,*,#3525,.T.);
#2567=ORIENTED_EDGE('',*,*,#2882,.F.);
#2568=ORIENTED_EDGE('',*,*,#3529,.F.);
#2569=ORIENTED_EDGE('',*,*,#3530,.T.);
#2570=ORIENTED_EDGE('',*,*,#3527,.T.);
#2571=ORIENTED_EDGE('',*,*,#2881,.F.);
#2572=ORIENTED_EDGE('',*,*,#2880,.T.);
#2573=ORIENTED_EDGE('',*,*,#3531,.F.);
#2574=ORIENTED_EDGE('',*,*,#3532,.F.);
#2575=ORIENTED_EDGE('',*,*,#3529,.T.);
#2576=ORIENTED_EDGE('',*,*,#3533,.F.);
#2577=ORIENTED_EDGE('',*,*,#3534,.T.);
#2578=ORIENTED_EDGE('',*,*,#3531,.T.);
#2579=ORIENTED_EDGE('',*,*,#2879,.F.);
#2580=ORIENTED_EDGE('',*,*,#3535,.F.);
#2581=ORIENTED_EDGE('',*,*,#3536,.T.);
#2582=ORIENTED_EDGE('',*,*,#3533,.T.);
#2583=ORIENTED_EDGE('',*,*,#2878,.F.);
#2584=ORIENTED_EDGE('',*,*,#2877,.T.);
#2585=ORIENTED_EDGE('',*,*,#3537,.F.);
#2586=ORIENTED_EDGE('',*,*,#3538,.F.);
#2587=ORIENTED_EDGE('',*,*,#3535,.T.);
#2588=ORIENTED_EDGE('',*,*,#3539,.F.);
#2589=ORIENTED_EDGE('',*,*,#3540,.T.);
#2590=ORIENTED_EDGE('',*,*,#3537,.T.);
#2591=ORIENTED_EDGE('',*,*,#2876,.F.);
#2592=ORIENTED_EDGE('',*,*,#3541,.F.);
#2593=ORIENTED_EDGE('',*,*,#3542,.T.);
#2594=ORIENTED_EDGE('',*,*,#3539,.T.);
#2595=ORIENTED_EDGE('',*,*,#2875,.F.);
#2596=ORIENTED_EDGE('',*,*,#2874,.T.);
#2597=ORIENTED_EDGE('',*,*,#3543,.F.);
#2598=ORIENTED_EDGE('',*,*,#3544,.F.);
#2599=ORIENTED_EDGE('',*,*,#3541,.T.);
#2600=ORIENTED_EDGE('',*,*,#3545,.F.);
#2601=ORIENTED_EDGE('',*,*,#3546,.T.);
#2602=ORIENTED_EDGE('',*,*,#3543,.T.);
#2603=ORIENTED_EDGE('',*,*,#2873,.F.);
#2604=ORIENTED_EDGE('',*,*,#3547,.F.);
#2605=ORIENTED_EDGE('',*,*,#3548,.T.);
#2606=ORIENTED_EDGE('',*,*,#3545,.T.);
#2607=ORIENTED_EDGE('',*,*,#2872,.F.);
#2608=ORIENTED_EDGE('',*,*,#2871,.T.);
#2609=ORIENTED_EDGE('',*,*,#3549,.F.);
#2610=ORIENTED_EDGE('',*,*,#3550,.F.);
#2611=ORIENTED_EDGE('',*,*,#3547,.T.);
#2612=ORIENTED_EDGE('',*,*,#3194,.F.);
#2613=ORIENTED_EDGE('',*,*,#3551,.T.);
#2614=ORIENTED_EDGE('',*,*,#3549,.T.);
#2615=ORIENTED_EDGE('',*,*,#2870,.F.);
#2616=ORIENTED_EDGE('',*,*,#3193,.F.);
#2617=ORIENTED_EDGE('',*,*,#3196,.T.);
#2618=ORIENTED_EDGE('',*,*,#3198,.F.);
#2619=ORIENTED_EDGE('',*,*,#3200,.F.);
#2620=ORIENTED_EDGE('',*,*,#3202,.T.);
#2621=ORIENTED_EDGE('',*,*,#3204,.F.);
#2622=ORIENTED_EDGE('',*,*,#3206,.F.);
#2623=ORIENTED_EDGE('',*,*,#3208,.T.);
#2624=ORIENTED_EDGE('',*,*,#3210,.F.);
#2625=ORIENTED_EDGE('',*,*,#3212,.F.);
#2626=ORIENTED_EDGE('',*,*,#3214,.T.);
#2627=ORIENTED_EDGE('',*,*,#3216,.F.);
#2628=ORIENTED_EDGE('',*,*,#3218,.F.);
#2629=ORIENTED_EDGE('',*,*,#3220,.T.);
#2630=ORIENTED_EDGE('',*,*,#3222,.F.);
#2631=ORIENTED_EDGE('',*,*,#3224,.F.);
#2632=ORIENTED_EDGE('',*,*,#3226,.T.);
#2633=ORIENTED_EDGE('',*,*,#3228,.F.);
#2634=ORIENTED_EDGE('',*,*,#3230,.F.);
#2635=ORIENTED_EDGE('',*,*,#3232,.T.);
#2636=ORIENTED_EDGE('',*,*,#3234,.F.);
#2637=ORIENTED_EDGE('',*,*,#3236,.F.);
#2638=ORIENTED_EDGE('',*,*,#3238,.T.);
#2639=ORIENTED_EDGE('',*,*,#3240,.F.);
#2640=ORIENTED_EDGE('',*,*,#3242,.F.);
#2641=ORIENTED_EDGE('',*,*,#3244,.T.);
#2642=ORIENTED_EDGE('',*,*,#3246,.F.);
#2643=ORIENTED_EDGE('',*,*,#3248,.F.);
#2644=ORIENTED_EDGE('',*,*,#3250,.T.);
#2645=ORIENTED_EDGE('',*,*,#3252,.F.);
#2646=ORIENTED_EDGE('',*,*,#3254,.F.);
#2647=ORIENTED_EDGE('',*,*,#3256,.T.);
#2648=ORIENTED_EDGE('',*,*,#3258,.F.);
#2649=ORIENTED_EDGE('',*,*,#3260,.F.);
#2650=ORIENTED_EDGE('',*,*,#3262,.T.);
#2651=ORIENTED_EDGE('',*,*,#3264,.F.);
#2652=ORIENTED_EDGE('',*,*,#3266,.F.);
#2653=ORIENTED_EDGE('',*,*,#3268,.T.);
#2654=ORIENTED_EDGE('',*,*,#3270,.F.);
#2655=ORIENTED_EDGE('',*,*,#3272,.F.);
#2656=ORIENTED_EDGE('',*,*,#3274,.T.);
#2657=ORIENTED_EDGE('',*,*,#3276,.F.);
#2658=ORIENTED_EDGE('',*,*,#3278,.F.);
#2659=ORIENTED_EDGE('',*,*,#3280,.T.);
#2660=ORIENTED_EDGE('',*,*,#3282,.F.);
#2661=ORIENTED_EDGE('',*,*,#3284,.F.);
#2662=ORIENTED_EDGE('',*,*,#3286,.T.);
#2663=ORIENTED_EDGE('',*,*,#3288,.F.);
#2664=ORIENTED_EDGE('',*,*,#3290,.F.);
#2665=ORIENTED_EDGE('',*,*,#3292,.T.);
#2666=ORIENTED_EDGE('',*,*,#3294,.F.);
#2667=ORIENTED_EDGE('',*,*,#3296,.F.);
#2668=ORIENTED_EDGE('',*,*,#3298,.T.);
#2669=ORIENTED_EDGE('',*,*,#3300,.F.);
#2670=ORIENTED_EDGE('',*,*,#3302,.F.);
#2671=ORIENTED_EDGE('',*,*,#3304,.T.);
#2672=ORIENTED_EDGE('',*,*,#3306,.F.);
#2673=ORIENTED_EDGE('',*,*,#3308,.F.);
#2674=ORIENTED_EDGE('',*,*,#3310,.T.);
#2675=ORIENTED_EDGE('',*,*,#3312,.F.);
#2676=ORIENTED_EDGE('',*,*,#3314,.F.);
#2677=ORIENTED_EDGE('',*,*,#3316,.T.);
#2678=ORIENTED_EDGE('',*,*,#3318,.F.);
#2679=ORIENTED_EDGE('',*,*,#3320,.F.);
#2680=ORIENTED_EDGE('',*,*,#3322,.T.);
#2681=ORIENTED_EDGE('',*,*,#3324,.F.);
#2682=ORIENTED_EDGE('',*,*,#3326,.F.);
#2683=ORIENTED_EDGE('',*,*,#3328,.T.);
#2684=ORIENTED_EDGE('',*,*,#3330,.F.);
#2685=ORIENTED_EDGE('',*,*,#3332,.F.);
#2686=ORIENTED_EDGE('',*,*,#3334,.T.);
#2687=ORIENTED_EDGE('',*,*,#3336,.F.);
#2688=ORIENTED_EDGE('',*,*,#3338,.F.);
#2689=ORIENTED_EDGE('',*,*,#3340,.T.);
#2690=ORIENTED_EDGE('',*,*,#3342,.F.);
#2691=ORIENTED_EDGE('',*,*,#3344,.F.);
#2692=ORIENTED_EDGE('',*,*,#3346,.T.);
#2693=ORIENTED_EDGE('',*,*,#3348,.F.);
#2694=ORIENTED_EDGE('',*,*,#3350,.F.);
#2695=ORIENTED_EDGE('',*,*,#3352,.T.);
#2696=ORIENTED_EDGE('',*,*,#3354,.F.);
#2697=ORIENTED_EDGE('',*,*,#3356,.F.);
#2698=ORIENTED_EDGE('',*,*,#3358,.T.);
#2699=ORIENTED_EDGE('',*,*,#3360,.F.);
#2700=ORIENTED_EDGE('',*,*,#3362,.F.);
#2701=ORIENTED_EDGE('',*,*,#3364,.T.);
#2702=ORIENTED_EDGE('',*,*,#3366,.F.);
#2703=ORIENTED_EDGE('',*,*,#3368,.F.);
#2704=ORIENTED_EDGE('',*,*,#3370,.T.);
#2705=ORIENTED_EDGE('',*,*,#3372,.F.);
#2706=ORIENTED_EDGE('',*,*,#3374,.F.);
#2707=ORIENTED_EDGE('',*,*,#3376,.T.);
#2708=ORIENTED_EDGE('',*,*,#3378,.F.);
#2709=ORIENTED_EDGE('',*,*,#3380,.F.);
#2710=ORIENTED_EDGE('',*,*,#3382,.T.);
#2711=ORIENTED_EDGE('',*,*,#3384,.F.);
#2712=ORIENTED_EDGE('',*,*,#3386,.F.);
#2713=ORIENTED_EDGE('',*,*,#3388,.T.);
#2714=ORIENTED_EDGE('',*,*,#3390,.F.);
#2715=ORIENTED_EDGE('',*,*,#3392,.F.);
#2716=ORIENTED_EDGE('',*,*,#3394,.T.);
#2717=ORIENTED_EDGE('',*,*,#3396,.F.);
#2718=ORIENTED_EDGE('',*,*,#3398,.F.);
#2719=ORIENTED_EDGE('',*,*,#3400,.T.);
#2720=ORIENTED_EDGE('',*,*,#3402,.F.);
#2721=ORIENTED_EDGE('',*,*,#3404,.F.);
#2722=ORIENTED_EDGE('',*,*,#3406,.T.);
#2723=ORIENTED_EDGE('',*,*,#3408,.F.);
#2724=ORIENTED_EDGE('',*,*,#3410,.F.);
#2725=ORIENTED_EDGE('',*,*,#3412,.T.);
#2726=ORIENTED_EDGE('',*,*,#3414,.F.);
#2727=ORIENTED_EDGE('',*,*,#3416,.F.);
#2728=ORIENTED_EDGE('',*,*,#3418,.T.);
#2729=ORIENTED_EDGE('',*,*,#3420,.F.);
#2730=ORIENTED_EDGE('',*,*,#3422,.F.);
#2731=ORIENTED_EDGE('',*,*,#3424,.T.);
#2732=ORIENTED_EDGE('',*,*,#3426,.F.);
#2733=ORIENTED_EDGE('',*,*,#3428,.F.);
#2734=ORIENTED_EDGE('',*,*,#3430,.T.);
#2735=ORIENTED_EDGE('',*,*,#3432,.F.);
#2736=ORIENTED_EDGE('',*,*,#3434,.F.);
#2737=ORIENTED_EDGE('',*,*,#3436,.T.);
#2738=ORIENTED_EDGE('',*,*,#3438,.F.);
#2739=ORIENTED_EDGE('',*,*,#3440,.F.);
#2740=ORIENTED_EDGE('',*,*,#3442,.T.);
#2741=ORIENTED_EDGE('',*,*,#3444,.F.);
#2742=ORIENTED_EDGE('',*,*,#3446,.F.);
#2743=ORIENTED_EDGE('',*,*,#3448,.T.);
#2744=ORIENTED_EDGE('',*,*,#3450,.F.);
#2745=ORIENTED_EDGE('',*,*,#3452,.F.);
#2746=ORIENTED_EDGE('',*,*,#3454,.T.);
#2747=ORIENTED_EDGE('',*,*,#3456,.F.);
#2748=ORIENTED_EDGE('',*,*,#3458,.F.);
#2749=ORIENTED_EDGE('',*,*,#3460,.T.);
#2750=ORIENTED_EDGE('',*,*,#3462,.F.);
#2751=ORIENTED_EDGE('',*,*,#3464,.F.);
#2752=ORIENTED_EDGE('',*,*,#3466,.T.);
#2753=ORIENTED_EDGE('',*,*,#3468,.F.);
#2754=ORIENTED_EDGE('',*,*,#3470,.F.);
#2755=ORIENTED_EDGE('',*,*,#3472,.T.);
#2756=ORIENTED_EDGE('',*,*,#3474,.F.);
#2757=ORIENTED_EDGE('',*,*,#3476,.F.);
#2758=ORIENTED_EDGE('',*,*,#3478,.T.);
#2759=ORIENTED_EDGE('',*,*,#3480,.F.);
#2760=ORIENTED_EDGE('',*,*,#3482,.F.);
#2761=ORIENTED_EDGE('',*,*,#3484,.T.);
#2762=ORIENTED_EDGE('',*,*,#3486,.F.);
#2763=ORIENTED_EDGE('',*,*,#3488,.F.);
#2764=ORIENTED_EDGE('',*,*,#3490,.T.);
#2765=ORIENTED_EDGE('',*,*,#3492,.F.);
#2766=ORIENTED_EDGE('',*,*,#3494,.F.);
#2767=ORIENTED_EDGE('',*,*,#3496,.T.);
#2768=ORIENTED_EDGE('',*,*,#3498,.F.);
#2769=ORIENTED_EDGE('',*,*,#3500,.F.);
#2770=ORIENTED_EDGE('',*,*,#3502,.T.);
#2771=ORIENTED_EDGE('',*,*,#3504,.F.);
#2772=ORIENTED_EDGE('',*,*,#3506,.F.);
#2773=ORIENTED_EDGE('',*,*,#3508,.T.);
#2774=ORIENTED_EDGE('',*,*,#3510,.F.);
#2775=ORIENTED_EDGE('',*,*,#3512,.F.);
#2776=ORIENTED_EDGE('',*,*,#3514,.T.);
#2777=ORIENTED_EDGE('',*,*,#3516,.F.);
#2778=ORIENTED_EDGE('',*,*,#3518,.F.);
#2779=ORIENTED_EDGE('',*,*,#3520,.T.);
#2780=ORIENTED_EDGE('',*,*,#3522,.F.);
#2781=ORIENTED_EDGE('',*,*,#3524,.F.);
#2782=ORIENTED_EDGE('',*,*,#3526,.T.);
#2783=ORIENTED_EDGE('',*,*,#3528,.F.);
#2784=ORIENTED_EDGE('',*,*,#3530,.F.);
#2785=ORIENTED_EDGE('',*,*,#3532,.T.);
#2786=ORIENTED_EDGE('',*,*,#3534,.F.);
#2787=ORIENTED_EDGE('',*,*,#3536,.F.);
#2788=ORIENTED_EDGE('',*,*,#3538,.T.);
#2789=ORIENTED_EDGE('',*,*,#3540,.F.);
#2790=ORIENTED_EDGE('',*,*,#3542,.F.);
#2791=ORIENTED_EDGE('',*,*,#3544,.T.);
#2792=ORIENTED_EDGE('',*,*,#3546,.F.);
#2793=ORIENTED_EDGE('',*,*,#3548,.F.);
#2794=ORIENTED_EDGE('',*,*,#3550,.T.);
#2795=ORIENTED_EDGE('',*,*,#3551,.F.);
#2796=EDGE_CURVE('',#3552,#3553,#4056,.T.);
#2797=EDGE_CURVE('',#3553,#3554,#156,.F.);
#2798=EDGE_CURVE('',#3554,#3555,#108,.T.);
#2799=EDGE_CURVE('',#3555,#3556,#157,.T.);
#2800=EDGE_CURVE('',#3556,#3557,#109,.F.);
#2801=EDGE_CURVE('',#3557,#3558,#158,.T.);
#2802=EDGE_CURVE('',#3558,#3559,#4057,.T.);
#2803=EDGE_CURVE('',#3559,#3560,#159,.F.);
#2804=EDGE_CURVE('',#3560,#3561,#110,.T.);
#2805=EDGE_CURVE('',#3561,#3562,#160,.T.);
#2806=EDGE_CURVE('',#3562,#3563,#111,.F.);
#2807=EDGE_CURVE('',#3563,#3564,#161,.T.);
#2808=EDGE_CURVE('',#3564,#3565,#4058,.T.);
#2809=EDGE_CURVE('',#3565,#3566,#162,.F.);
#2810=EDGE_CURVE('',#3566,#3567,#112,.T.);
#2811=EDGE_CURVE('',#3567,#3568,#163,.T.);
#2812=EDGE_CURVE('',#3568,#3569,#113,.F.);
#2813=EDGE_CURVE('',#3569,#3570,#164,.T.);
#2814=EDGE_CURVE('',#3570,#3571,#4059,.T.);
#2815=EDGE_CURVE('',#3571,#3572,#165,.F.);
#2816=EDGE_CURVE('',#3572,#3573,#114,.T.);
#2817=EDGE_CURVE('',#3573,#3574,#166,.T.);
#2818=EDGE_CURVE('',#3574,#3575,#115,.F.);
#2819=EDGE_CURVE('',#3575,#3576,#167,.T.);
#2820=EDGE_CURVE('',#3576,#3577,#4060,.T.);
#2821=EDGE_CURVE('',#3577,#3578,#168,.F.);
#2822=EDGE_CURVE('',#3578,#3579,#116,.T.);
#2823=EDGE_CURVE('',#3579,#3580,#169,.T.);
#2824=EDGE_CURVE('',#3580,#3581,#117,.F.);
#2825=EDGE_CURVE('',#3581,#3582,#170,.T.);
#2826=EDGE_CURVE('',#3582,#3583,#4061,.T.);
#2827=EDGE_CURVE('',#3583,#3584,#171,.F.);
#2828=EDGE_CURVE('',#3584,#3585,#118,.T.);
#2829=EDGE_CURVE('',#3585,#3586,#172,.T.);
#2830=EDGE_CURVE('',#3586,#3587,#119,.F.);
#2831=EDGE_CURVE('',#3587,#3588,#173,.T.);
#2832=EDGE_CURVE('',#3588,#3589,#4062,.T.);
#2833=EDGE_CURVE('',#3589,#3590,#174,.F.);
#2834=EDGE_CURVE('',#3590,#3591,#120,.T.);
#2835=EDGE_CURVE('',#3591,#3592,#175,.T.);
#2836=EDGE_CURVE('',#3592,#3593,#121,.F.);
#2837=EDGE_CURVE('',#3593,#3594,#176,.T.);
#2838=EDGE_CURVE('',#3594,#3595,#4063,.T.);
#2839=EDGE_CURVE('',#3595,#3596,#177,.F.);
#2840=EDGE_CURVE('',#3596,#3597,#122,.T.);
#2841=EDGE_CURVE('',#3597,#3598,#178,.T.);
#2842=EDGE_CURVE('',#3598,#3599,#123,.F.);
#2843=EDGE_CURVE('',#3599,#3600,#179,.T.);
#2844=EDGE_CURVE('',#3600,#3601,#4064,.T.);
#2845=EDGE_CURVE('',#3601,#3602,#180,.F.);
#2846=EDGE_CURVE('',#3602,#3603,#124,.T.);
#2847=EDGE_CURVE('',#3603,#3604,#181,.T.);
#2848=EDGE_CURVE('',#3604,#3605,#125,.F.);
#2849=EDGE_CURVE('',#3605,#3606,#182,.T.);
#2850=EDGE_CURVE('',#3606,#3607,#4065,.T.);
#2851=EDGE_CURVE('',#3607,#3608,#183,.F.);
#2852=EDGE_CURVE('',#3608,#3609,#126,.T.);
#2853=EDGE_CURVE('',#3609,#3610,#184,.T.);
#2854=EDGE_CURVE('',#3610,#3611,#127,.F.);
#2855=EDGE_CURVE('',#3611,#3612,#185,.T.);
#2856=EDGE_CURVE('',#3612,#3613,#4066,.T.);
#2857=EDGE_CURVE('',#3613,#3614,#186,.F.);
#2858=EDGE_CURVE('',#3614,#3615,#128,.T.);
#2859=EDGE_CURVE('',#3615,#3616,#187,.T.);
#2860=EDGE_CURVE('',#3616,#3617,#129,.F.);
#2861=EDGE_CURVE('',#3617,#3618,#188,.T.);
#2862=EDGE_CURVE('',#3618,#3619,#4067,.T.);
#2863=EDGE_CURVE('',#3619,#3620,#189,.F.);
#2864=EDGE_CURVE('',#3620,#3621,#130,.T.);
#2865=EDGE_CURVE('',#3621,#3622,#190,.T.);
#2866=EDGE_CURVE('',#3622,#3623,#131,.F.);
#2867=EDGE_CURVE('',#3623,#3552,#191,.T.);
#2868=EDGE_CURVE('',#3624,#3625,#4068,.T.);
#2869=EDGE_CURVE('',#3624,#3626,#192,.T.);
#2870=EDGE_CURVE('',#3626,#3627,#193,.T.);
#2871=EDGE_CURVE('',#3628,#3627,#4069,.T.);
#2872=EDGE_CURVE('',#3628,#3629,#194,.T.);
#2873=EDGE_CURVE('',#3629,#3630,#195,.T.);
#2874=EDGE_CURVE('',#3631,#3630,#4070,.T.);
#2875=EDGE_CURVE('',#3631,#3632,#196,.T.);
#2876=EDGE_CURVE('',#3632,#3633,#197,.T.);
#2877=EDGE_CURVE('',#3634,#3633,#4071,.T.);
#2878=EDGE_CURVE('',#3634,#3635,#198,.T.);
#2879=EDGE_CURVE('',#3635,#3636,#199,.T.);
#2880=EDGE_CURVE('',#3637,#3636,#4072,.T.);
#2881=EDGE_CURVE('',#3637,#3638,#200,.T.);
#2882=EDGE_CURVE('',#3638,#3639,#201,.T.);
#2883=EDGE_CURVE('',#3640,#3639,#4073,.T.);
#2884=EDGE_CURVE('',#3640,#3641,#202,.T.);
#2885=EDGE_CURVE('',#3641,#3642,#203,.T.);
#2886=EDGE_CURVE('',#3643,#3642,#4074,.T.);
#2887=EDGE_CURVE('',#3643,#3644,#204,.T.);
#2888=EDGE_CURVE('',#3644,#3645,#205,.T.);
#2889=EDGE_CURVE('',#3646,#3645,#4075,.T.);
#2890=EDGE_CURVE('',#3646,#3647,#206,.T.);
#2891=EDGE_CURVE('',#3647,#3648,#207,.T.);
#2892=EDGE_CURVE('',#3649,#3648,#4076,.T.);
#2893=EDGE_CURVE('',#3649,#3650,#208,.T.);
#2894=EDGE_CURVE('',#3650,#3651,#209,.T.);
#2895=EDGE_CURVE('',#3652,#3651,#4077,.T.);
#2896=EDGE_CURVE('',#3652,#3653,#210,.T.);
#2897=EDGE_CURVE('',#3653,#3654,#211,.T.);
#2898=EDGE_CURVE('',#3655,#3654,#4078,.T.);
#2899=EDGE_CURVE('',#3655,#3656,#212,.T.);
#2900=EDGE_CURVE('',#3656,#3657,#213,.T.);
#2901=EDGE_CURVE('',#3658,#3657,#4079,.T.);
#2902=EDGE_CURVE('',#3658,#3659,#214,.T.);
#2903=EDGE_CURVE('',#3659,#3660,#215,.T.);
#2904=EDGE_CURVE('',#3661,#3660,#4080,.T.);
#2905=EDGE_CURVE('',#3661,#3662,#216,.T.);
#2906=EDGE_CURVE('',#3662,#3663,#217,.T.);
#2907=EDGE_CURVE('',#3664,#3663,#4081,.T.);
#2908=EDGE_CURVE('',#3664,#3665,#218,.T.);
#2909=EDGE_CURVE('',#3665,#3666,#219,.T.);
#2910=EDGE_CURVE('',#3667,#3666,#4082,.T.);
#2911=EDGE_CURVE('',#3667,#3668,#220,.T.);
#2912=EDGE_CURVE('',#3668,#3669,#221,.T.);
#2913=EDGE_CURVE('',#3670,#3669,#4083,.T.);
#2914=EDGE_CURVE('',#3670,#3671,#222,.T.);
#2915=EDGE_CURVE('',#3671,#3672,#223,.T.);
#2916=EDGE_CURVE('',#3673,#3672,#4084,.T.);
#2917=EDGE_CURVE('',#3673,#3674,#224,.T.);
#2918=EDGE_CURVE('',#3674,#3675,#225,.T.);
#2919=EDGE_CURVE('',#3676,#3675,#4085,.T.);
#2920=EDGE_CURVE('',#3676,#3677,#226,.T.);
#2921=EDGE_CURVE('',#3677,#3678,#227,.T.);
#2922=EDGE_CURVE('',#3679,#3678,#4086,.T.);
#2923=EDGE_CURVE('',#3679,#3680,#228,.T.);
#2924=EDGE_CURVE('',#3680,#3681,#229,.T.);
#2925=EDGE_CURVE('',#3682,#3681,#4087,.T.);
#2926=EDGE_CURVE('',#3682,#3683,#230,.T.);
#2927=EDGE_CURVE('',#3683,#3684,#231,.T.);
#2928=EDGE_CURVE('',#3685,#3684,#4088,.T.);
#2929=EDGE_CURVE('',#3685,#3686,#232,.T.);
#2930=EDGE_CURVE('',#3686,#3687,#233,.T.);
#2931=EDGE_CURVE('',#3688,#3687,#4089,.T.);
#2932=EDGE_CURVE('',#3688,#3689,#234,.T.);
#2933=EDGE_CURVE('',#3689,#3690,#235,.T.);
#2934=EDGE_CURVE('',#3691,#3690,#4090,.T.);
#2935=EDGE_CURVE('',#3691,#3692,#236,.T.);
#2936=EDGE_CURVE('',#3692,#3693,#237,.T.);
#2937=EDGE_CURVE('',#3694,#3693,#4091,.T.);
#2938=EDGE_CURVE('',#3694,#3695,#238,.T.);
#2939=EDGE_CURVE('',#3695,#3696,#239,.T.);
#2940=EDGE_CURVE('',#3697,#3696,#4092,.T.);
#2941=EDGE_CURVE('',#3697,#3698,#240,.T.);
#2942=EDGE_CURVE('',#3698,#3699,#241,.T.);
#2943=EDGE_CURVE('',#3700,#3699,#4093,.T.);
#2944=EDGE_CURVE('',#3700,#3701,#242,.T.);
#2945=EDGE_CURVE('',#3701,#3702,#243,.T.);
#2946=EDGE_CURVE('',#3703,#3702,#4094,.T.);
#2947=EDGE_CURVE('',#3703,#3704,#244,.T.);
#2948=EDGE_CURVE('',#3704,#3705,#245,.T.);
#2949=EDGE_CURVE('',#3706,#3705,#4095,.T.);
#2950=EDGE_CURVE('',#3706,#3707,#246,.T.);
#2951=EDGE_CURVE('',#3707,#3708,#247,.T.);
#2952=EDGE_CURVE('',#3709,#3708,#4096,.T.);
#2953=EDGE_CURVE('',#3709,#3710,#248,.T.);
#2954=EDGE_CURVE('',#3710,#3711,#249,.T.);
#2955=EDGE_CURVE('',#3712,#3711,#4097,.T.);
#2956=EDGE_CURVE('',#3712,#3713,#250,.T.);
#2957=EDGE_CURVE('',#3713,#3714,#251,.T.);
#2958=EDGE_CURVE('',#3715,#3714,#4098,.T.);
#2959=EDGE_CURVE('',#3715,#3716,#252,.T.);
#2960=EDGE_CURVE('',#3716,#3717,#253,.T.);
#2961=EDGE_CURVE('',#3718,#3717,#4099,.T.);
#2962=EDGE_CURVE('',#3718,#3719,#254,.T.);
#2963=EDGE_CURVE('',#3719,#3720,#255,.T.);
#2964=EDGE_CURVE('',#3721,#3720,#4100,.T.);
#2965=EDGE_CURVE('',#3721,#3722,#256,.T.);
#2966=EDGE_CURVE('',#3722,#3723,#257,.T.);
#2967=EDGE_CURVE('',#3724,#3723,#4101,.T.);
#2968=EDGE_CURVE('',#3724,#3725,#258,.T.);
#2969=EDGE_CURVE('',#3725,#3726,#259,.T.);
#2970=EDGE_CURVE('',#3727,#3726,#4102,.T.);
#2971=EDGE_CURVE('',#3727,#3728,#260,.T.);
#2972=EDGE_CURVE('',#3728,#3729,#261,.T.);
#2973=EDGE_CURVE('',#3730,#3729,#4103,.T.);
#2974=EDGE_CURVE('',#3730,#3731,#262,.T.);
#2975=EDGE_CURVE('',#3731,#3732,#263,.T.);
#2976=EDGE_CURVE('',#3733,#3732,#4104,.T.);
#2977=EDGE_CURVE('',#3733,#3734,#264,.T.);
#2978=EDGE_CURVE('',#3734,#3735,#265,.T.);
#2979=EDGE_CURVE('',#3736,#3735,#4105,.T.);
#2980=EDGE_CURVE('',#3736,#3737,#266,.T.);
#2981=EDGE_CURVE('',#3737,#3738,#267,.T.);
#2982=EDGE_CURVE('',#3739,#3738,#4106,.T.);
#2983=EDGE_CURVE('',#3739,#3740,#268,.T.);
#2984=EDGE_CURVE('',#3740,#3741,#269,.T.);
#2985=EDGE_CURVE('',#3742,#3741,#4107,.T.);
#2986=EDGE_CURVE('',#3742,#3743,#270,.T.);
#2987=EDGE_CURVE('',#3743,#3744,#271,.T.);
#2988=EDGE_CURVE('',#3745,#3744,#4108,.T.);
#2989=EDGE_CURVE('',#3745,#3746,#272,.T.);
#2990=EDGE_CURVE('',#3746,#3747,#273,.T.);
#2991=EDGE_CURVE('',#3748,#3747,#4109,.T.);
#2992=EDGE_CURVE('',#3748,#3749,#274,.T.);
#2993=EDGE_CURVE('',#3749,#3750,#275,.T.);
#2994=EDGE_CURVE('',#3751,#3750,#4110,.T.);
#2995=EDGE_CURVE('',#3751,#3752,#276,.T.);
#2996=EDGE_CURVE('',#3752,#3753,#277,.T.);
#2997=EDGE_CURVE('',#3754,#3753,#4111,.T.);
#2998=EDGE_CURVE('',#3754,#3755,#278,.T.);
#2999=EDGE_CURVE('',#3755,#3756,#279,.T.);
#3000=EDGE_CURVE('',#3757,#3756,#4112,.T.);
#3001=EDGE_CURVE('',#3757,#3758,#280,.T.);
#3002=EDGE_CURVE('',#3758,#3759,#281,.T.);
#3003=EDGE_CURVE('',#3760,#3759,#4113,.T.);
#3004=EDGE_CURVE('',#3760,#3761,#282,.T.);
#3005=EDGE_CURVE('',#3761,#3762,#283,.T.);
#3006=EDGE_CURVE('',#3763,#3762,#4114,.T.);
#3007=EDGE_CURVE('',#3763,#3764,#284,.T.);
#3008=EDGE_CURVE('',#3764,#3765,#285,.T.);
#3009=EDGE_CURVE('',#3766,#3765,#4115,.T.);
#3010=EDGE_CURVE('',#3766,#3767,#286,.T.);
#3011=EDGE_CURVE('',#3767,#3768,#287,.T.);
#3012=EDGE_CURVE('',#3769,#3768,#4116,.T.);
#3013=EDGE_CURVE('',#3769,#3770,#288,.T.);
#3014=EDGE_CURVE('',#3770,#3771,#289,.T.);
#3015=EDGE_CURVE('',#3772,#3771,#4117,.T.);
#3016=EDGE_CURVE('',#3772,#3773,#290,.T.);
#3017=EDGE_CURVE('',#3773,#3774,#291,.T.);
#3018=EDGE_CURVE('',#3775,#3774,#4118,.T.);
#3019=EDGE_CURVE('',#3775,#3776,#292,.T.);
#3020=EDGE_CURVE('',#3776,#3777,#293,.T.);
#3021=EDGE_CURVE('',#3778,#3777,#4119,.T.);
#3022=EDGE_CURVE('',#3778,#3779,#294,.T.);
#3023=EDGE_CURVE('',#3779,#3780,#295,.T.);
#3024=EDGE_CURVE('',#3781,#3780,#4120,.T.);
#3025=EDGE_CURVE('',#3781,#3782,#296,.T.);
#3026=EDGE_CURVE('',#3782,#3783,#297,.T.);
#3027=EDGE_CURVE('',#3784,#3783,#4121,.T.);
#3028=EDGE_CURVE('',#3784,#3785,#298,.T.);
#3029=EDGE_CURVE('',#3785,#3786,#299,.T.);
#3030=EDGE_CURVE('',#3787,#3786,#4122,.T.);
#3031=EDGE_CURVE('',#3787,#3788,#300,.T.);
#3032=EDGE_CURVE('',#3788,#3789,#301,.T.);
#3033=EDGE_CURVE('',#3790,#3789,#4123,.T.);
#3034=EDGE_CURVE('',#3790,#3791,#302,.T.);
#3035=EDGE_CURVE('',#3791,#3792,#303,.T.);
#3036=EDGE_CURVE('',#3793,#3792,#4124,.T.);
#3037=EDGE_CURVE('',#3793,#3794,#304,.T.);
#3038=EDGE_CURVE('',#3794,#3795,#305,.T.);
#3039=EDGE_CURVE('',#3796,#3795,#4125,.T.);
#3040=EDGE_CURVE('',#3796,#3797,#306,.T.);
#3041=EDGE_CURVE('',#3797,#3798,#307,.T.);
#3042=EDGE_CURVE('',#3799,#3798,#4126,.T.);
#3043=EDGE_CURVE('',#3799,#3800,#308,.T.);
#3044=EDGE_CURVE('',#3800,#3801,#309,.T.);
#3045=EDGE_CURVE('',#3802,#3801,#4127,.T.);
#3046=EDGE_CURVE('',#3802,#3803,#310,.T.);
#3047=EDGE_CURVE('',#3803,#3625,#311,.T.);
#3048=EDGE_CURVE('',#3804,#3552,#312,.T.);
#3049=EDGE_CURVE('',#3804,#3805,#4128,.T.);
#3050=EDGE_CURVE('',#3805,#3553,#313,.T.);
#3051=EDGE_CURVE('',#3806,#3623,#314,.T.);
#3052=EDGE_CURVE('',#3806,#3804,#315,.T.);
#3053=EDGE_CURVE('',#3807,#3622,#316,.T.);
#3054=EDGE_CURVE('',#3807,#3806,#132,.F.);
#3055=EDGE_CURVE('',#3808,#3621,#317,.T.);
#3056=EDGE_CURVE('',#3808,#3807,#318,.T.);
#3057=EDGE_CURVE('',#3809,#3620,#319,.T.);
#3058=EDGE_CURVE('',#3809,#3808,#133,.T.);
#3059=EDGE_CURVE('',#3810,#3619,#320,.T.);
#3060=EDGE_CURVE('',#3810,#3809,#321,.F.);
#3061=EDGE_CURVE('',#3811,#3618,#322,.T.);
#3062=EDGE_CURVE('',#3811,#3810,#4129,.T.);
#3063=EDGE_CURVE('',#3812,#3617,#323,.T.);
#3064=EDGE_CURVE('',#3812,#3811,#324,.T.);
#3065=EDGE_CURVE('',#3813,#3616,#325,.T.);
#3066=EDGE_CURVE('',#3813,#3812,#134,.F.);
#3067=EDGE_CURVE('',#3814,#3615,#326,.T.);
#3068=EDGE_CURVE('',#3814,#3813,#327,.T.);
#3069=EDGE_CURVE('',#3815,#3614,#328,.T.);
#3070=EDGE_CURVE('',#3815,#3814,#135,.T.);
#3071=EDGE_CURVE('',#3816,#3613,#329,.T.);
#3072=EDGE_CURVE('',#3816,#3815,#330,.F.);
#3073=EDGE_CURVE('',#3817,#3612,#331,.T.);
#3074=EDGE_CURVE('',#3817,#3816,#4130,.T.);
#3075=EDGE_CURVE('',#3818,#3611,#332,.T.);
#3076=EDGE_CURVE('',#3818,#3817,#333,.T.);
#3077=EDGE_CURVE('',#3819,#3610,#334,.T.);
#3078=EDGE_CURVE('',#3819,#3818,#136,.F.);
#3079=EDGE_CURVE('',#3820,#3609,#335,.T.);
#3080=EDGE_CURVE('',#3820,#3819,#336,.T.);
#3081=EDGE_CURVE('',#3821,#3608,#337,.T.);
#3082=EDGE_CURVE('',#3821,#3820,#137,.T.);
#3083=EDGE_CURVE('',#3822,#3607,#338,.T.);
#3084=EDGE_CURVE('',#3822,#3821,#339,.F.);
#3085=EDGE_CURVE('',#3823,#3606,#340,.T.);
#3086=EDGE_CURVE('',#3823,#3822,#4131,.T.);
#3087=EDGE_CURVE('',#3824,#3605,#341,.T.);
#3088=EDGE_CURVE('',#3824,#3823,#342,.T.);
#3089=EDGE_CURVE('',#3825,#3604,#343,.T.);
#3090=EDGE_CURVE('',#3825,#3824,#138,.F.);
#3091=EDGE_CURVE('',#3826,#3603,#344,.T.);
#3092=EDGE_CURVE('',#3826,#3825,#345,.T.);
#3093=EDGE_CURVE('',#3827,#3602,#346,.T.);
#3094=EDGE_CURVE('',#3827,#3826,#139,.T.);
#3095=EDGE_CURVE('',#3828,#3601,#347,.T.);
#3096=EDGE_CURVE('',#3828,#3827,#348,.F.);
#3097=EDGE_CURVE('',#3829,#3600,#349,.T.);
#3098=EDGE_CURVE('',#3829,#3828,#4132,.T.);
#3099=EDGE_CURVE('',#3830,#3599,#350,.T.);
#3100=EDGE_CURVE('',#3830,#3829,#351,.T.);
#3101=EDGE_CURVE('',#3831,#3598,#352,.T.);
#3102=EDGE_CURVE('',#3831,#3830,#140,.F.);
#3103=EDGE_CURVE('',#3832,#3597,#353,.T.);
#3104=EDGE_CURVE('',#3832,#3831,#354,.T.);
#3105=EDGE_CURVE('',#3833,#3596,#355,.T.);
#3106=EDGE_CURVE('',#3833,#3832,#141,.T.);
#3107=EDGE_CURVE('',#3834,#3595,#356,.T.);
#3108=EDGE_CURVE('',#3834,#3833,#357,.F.);
#3109=EDGE_CURVE('',#3835,#3594,#358,.T.);
#3110=EDGE_CURVE('',#3835,#3834,#4133,.T.);
#3111=EDGE_CURVE('',#3836,#3593,#359,.T.);
#3112=EDGE_CURVE('',#3836,#3835,#360,.T.);
#3113=EDGE_CURVE('',#3837,#3592,#361,.T.);
#3114=EDGE_CURVE('',#3837,#3836,#142,.F.);
#3115=EDGE_CURVE('',#3838,#3591,#362,.T.);
#3116=EDGE_CURVE('',#3838,#3837,#363,.T.);
#3117=EDGE_CURVE('',#3839,#3590,#364,.T.);
#3118=EDGE_CURVE('',#3839,#3838,#143,.T.);
#3119=EDGE_CURVE('',#3840,#3589,#365,.T.);
#3120=EDGE_CURVE('',#3840,#3839,#366,.F.);
#3121=EDGE_CURVE('',#3841,#3588,#367,.T.);
#3122=EDGE_CURVE('',#3841,#3840,#4134,.T.);
#3123=EDGE_CURVE('',#3842,#3587,#368,.T.);
#3124=EDGE_CURVE('',#3842,#3841,#369,.T.);
#3125=EDGE_CURVE('',#3843,#3586,#370,.T.);
#3126=EDGE_CURVE('',#3843,#3842,#144,.F.);
#3127=EDGE_CURVE('',#3844,#3585,#371,.T.);
#3128=EDGE_CURVE('',#3844,#3843,#372,.T.);
#3129=EDGE_CURVE('',#3845,#3584,#373,.T.);
#3130=EDGE_CURVE('',#3845,#3844,#145,.T.);
#3131=EDGE_CURVE('',#3846,#3583,#374,.T.);
#3132=EDGE_CURVE('',#3846,#3845,#375,.F.);
#3133=EDGE_CURVE('',#3847,#3582,#376,.T.);
#3134=EDGE_CURVE('',#3847,#3846,#4135,.T.);
#3135=EDGE_CURVE('',#3848,#3581,#377,.T.);
#3136=EDGE_CURVE('',#3848,#3847,#378,.T.);
#3137=EDGE_CURVE('',#3849,#3580,#379,.T.);
#3138=EDGE_CURVE('',#3849,#3848,#146,.F.);
#3139=EDGE_CURVE('',#3850,#3579,#380,.T.);
#3140=EDGE_CURVE('',#3850,#3849,#381,.T.);
#3141=EDGE_CURVE('',#3851,#3578,#382,.T.);
#3142=EDGE_CURVE('',#3851,#3850,#147,.T.);
#3143=EDGE_CURVE('',#3852,#3577,#383,.T.);
#3144=EDGE_CURVE('',#3852,#3851,#384,.F.);
#3145=EDGE_CURVE('',#3853,#3576,#385,.T.);
#3146=EDGE_CURVE('',#3853,#3852,#4136,.T.);
#3147=EDGE_CURVE('',#3854,#3575,#386,.T.);
#3148=EDGE_CURVE('',#3854,#3853,#387,.T.);
#3149=EDGE_CURVE('',#3855,#3574,#388,.T.);
#3150=EDGE_CURVE('',#3855,#3854,#148,.F.);
#3151=EDGE_CURVE('',#3856,#3573,#389,.T.);
#3152=EDGE_CURVE('',#3856,#3855,#390,.T.);
#3153=EDGE_CURVE('',#3857,#3572,#391,.T.);
#3154=EDGE_CURVE('',#3857,#3856,#149,.T.);
#3155=EDGE_CURVE('',#3858,#3571,#392,.T.);
#3156=EDGE_CURVE('',#3858,#3857,#393,.F.);
#3157=EDGE_CURVE('',#3859,#3570,#394,.T.);
#3158=EDGE_CURVE('',#3859,#3858,#4137,.T.);
#3159=EDGE_CURVE('',#3860,#3569,#395,.T.);
#3160=EDGE_CURVE('',#3860,#3859,#396,.T.);
#3161=EDGE_CURVE('',#3861,#3568,#397,.T.);
#3162=EDGE_CURVE('',#3861,#3860,#150,.F.);
#3163=EDGE_CURVE('',#3862,#3567,#398,.T.);
#3164=EDGE_CURVE('',#3862,#3861,#399,.T.);
#3165=EDGE_CURVE('',#3863,#3566,#400,.T.);
#3166=EDGE_CURVE('',#3863,#3862,#151,.T.);
#3167=EDGE_CURVE('',#3864,#3565,#401,.T.);
#3168=EDGE_CURVE('',#3864,#3863,#402,.F.);
#3169=EDGE_CURVE('',#3865,#3564,#403,.T.);
#3170=EDGE_CURVE('',#3865,#3864,#4138,.T.);
#3171=EDGE_CURVE('',#3866,#3563,#404,.T.);
#3172=EDGE_CURVE('',#3866,#3865,#405,.T.);
#3173=EDGE_CURVE('',#3867,#3562,#406,.T.);
#3174=EDGE_CURVE('',#3867,#3866,#152,.F.);
#3175=EDGE_CURVE('',#3868,#3561,#407,.T.);
#3176=EDGE_CURVE('',#3868,#3867,#408,.T.);
#3177=EDGE_CURVE('',#3869,#3560,#409,.T.);
#3178=EDGE_CURVE('',#3869,#3868,#153,.T.);
#3179=EDGE_CURVE('',#3870,#3559,#410,.T.);
#3180=EDGE_CURVE('',#3870,#3869,#411,.F.);
#3181=EDGE_CURVE('',#3871,#3558,#412,.T.);
#3182=EDGE_CURVE('',#3871,#3870,#4139,.T.);
#3183=EDGE_CURVE('',#3872,#3557,#413,.T.);
#3184=EDGE_CURVE('',#3872,#3871,#414,.T.);
#3185=EDGE_CURVE('',#3873,#3556,#415,.T.);
#3186=EDGE_CURVE('',#3873,#3872,#154,.F.);
#3187=EDGE_CURVE('',#3874,#3555,#416,.T.);
#3188=EDGE_CURVE('',#3874,#3873,#417,.T.);
#3189=EDGE_CURVE('',#3875,#3554,#418,.T.);
#3190=EDGE_CURVE('',#3875,#3874,#155,.T.);
#3191=EDGE_CURVE('',#3805,#3875,#419,.F.);
#3192=EDGE_CURVE('',#3876,#3624,#420,.T.);
#3193=EDGE_CURVE('',#3876,#3877,#421,.T.);
#3194=EDGE_CURVE('',#3877,#3626,#422,.T.);
#3195=EDGE_CURVE('',#3878,#3625,#423,.T.);
#3196=EDGE_CURVE('',#3876,#3878,#4140,.T.);
#3197=EDGE_CURVE('',#3879,#3803,#424,.T.);
#3198=EDGE_CURVE('',#3879,#3878,#425,.T.);
#3199=EDGE_CURVE('',#3880,#3802,#426,.T.);
#3200=EDGE_CURVE('',#3880,#3879,#427,.T.);
#3201=EDGE_CURVE('',#3881,#3801,#428,.T.);
#3202=EDGE_CURVE('',#3880,#3881,#4141,.T.);
#3203=EDGE_CURVE('',#3882,#3800,#429,.T.);
#3204=EDGE_CURVE('',#3882,#3881,#430,.T.);
#3205=EDGE_CURVE('',#3883,#3799,#431,.T.);
#3206=EDGE_CURVE('',#3883,#3882,#432,.T.);
#3207=EDGE_CURVE('',#3884,#3798,#433,.T.);
#3208=EDGE_CURVE('',#3883,#3884,#4142,.T.);
#3209=EDGE_CURVE('',#3885,#3797,#434,.T.);
#3210=EDGE_CURVE('',#3885,#3884,#435,.T.);
#3211=EDGE_CURVE('',#3886,#3796,#436,.T.);
#3212=EDGE_CURVE('',#3886,#3885,#437,.T.);
#3213=EDGE_CURVE('',#3887,#3795,#438,.T.);
#3214=EDGE_CURVE('',#3886,#3887,#4143,.T.);
#3215=EDGE_CURVE('',#3888,#3794,#439,.T.);
#3216=EDGE_CURVE('',#3888,#3887,#440,.T.);
#3217=EDGE_CURVE('',#3889,#3793,#441,.T.);
#3218=EDGE_CURVE('',#3889,#3888,#442,.T.);
#3219=EDGE_CURVE('',#3890,#3792,#443,.T.);
#3220=EDGE_CURVE('',#3889,#3890,#4144,.T.);
#3221=EDGE_CURVE('',#3891,#3791,#444,.T.);
#3222=EDGE_CURVE('',#3891,#3890,#445,.T.);
#3223=EDGE_CURVE('',#3892,#3790,#446,.T.);
#3224=EDGE_CURVE('',#3892,#3891,#447,.T.);
#3225=EDGE_CURVE('',#3893,#3789,#448,.T.);
#3226=EDGE_CURVE('',#3892,#3893,#4145,.T.);
#3227=EDGE_CURVE('',#3894,#3788,#449,.T.);
#3228=EDGE_CURVE('',#3894,#3893,#450,.T.);
#3229=EDGE_CURVE('',#3895,#3787,#451,.T.);
#3230=EDGE_CURVE('',#3895,#3894,#452,.T.);
#3231=EDGE_CURVE('',#3896,#3786,#453,.T.);
#3232=EDGE_CURVE('',#3895,#3896,#4146,.T.);
#3233=EDGE_CURVE('',#3897,#3785,#454,.T.);
#3234=EDGE_CURVE('',#3897,#3896,#455,.T.);
#3235=EDGE_CURVE('',#3898,#3784,#456,.T.);
#3236=EDGE_CURVE('',#3898,#3897,#457,.T.);
#3237=EDGE_CURVE('',#3899,#3783,#458,.T.);
#3238=EDGE_CURVE('',#3898,#3899,#4147,.T.);
#3239=EDGE_CURVE('',#3900,#3782,#459,.T.);
#3240=EDGE_CURVE('',#3900,#3899,#460,.T.);
#3241=EDGE_CURVE('',#3901,#3781,#461,.T.);
#3242=EDGE_CURVE('',#3901,#3900,#462,.T.);
#3243=EDGE_CURVE('',#3902,#3780,#463,.T.);
#3244=EDGE_CURVE('',#3901,#3902,#4148,.T.);
#3245=EDGE_CURVE('',#3903,#3779,#464,.T.);
#3246=EDGE_CURVE('',#3903,#3902,#465,.T.);
#3247=EDGE_CURVE('',#3904,#3778,#466,.T.);
#3248=EDGE_CURVE('',#3904,#3903,#467,.T.);
#3249=EDGE_CURVE('',#3905,#3777,#468,.T.);
#3250=EDGE_CURVE('',#3904,#3905,#4149,.T.);
#3251=EDGE_CURVE('',#3906,#3776,#469,.T.);
#3252=EDGE_CURVE('',#3906,#3905,#470,.T.);
#3253=EDGE_CURVE('',#3907,#3775,#471,.T.);
#3254=EDGE_CURVE('',#3907,#3906,#472,.T.);
#3255=EDGE_CURVE('',#3908,#3774,#473,.T.);
#3256=EDGE_CURVE('',#3907,#3908,#4150,.T.);
#3257=EDGE_CURVE('',#3909,#3773,#474,.T.);
#3258=EDGE_CURVE('',#3909,#3908,#475,.T.);
#3259=EDGE_CURVE('',#3910,#3772,#476,.T.);
#3260=EDGE_CURVE('',#3910,#3909,#477,.T.);
#3261=EDGE_CURVE('',#3911,#3771,#478,.T.);
#3262=EDGE_CURVE('',#3910,#3911,#4151,.T.);
#3263=EDGE_CURVE('',#3912,#3770,#479,.T.);
#3264=EDGE_CURVE('',#3912,#3911,#480,.T.);
#3265=EDGE_CURVE('',#3913,#3769,#481,.T.);
#3266=EDGE_CURVE('',#3913,#3912,#482,.T.);
#3267=EDGE_CURVE('',#3914,#3768,#483,.T.);
#3268=EDGE_CURVE('',#3913,#3914,#4152,.T.);
#3269=EDGE_CURVE('',#3915,#3767,#484,.T.);
#3270=EDGE_CURVE('',#3915,#3914,#485,.T.);
#3271=EDGE_CURVE('',#3916,#3766,#486,.T.);
#3272=EDGE_CURVE('',#3916,#3915,#487,.T.);
#3273=EDGE_CURVE('',#3917,#3765,#488,.T.);
#3274=EDGE_CURVE('',#3916,#3917,#4153,.T.);
#3275=EDGE_CURVE('',#3918,#3764,#489,.T.);
#3276=EDGE_CURVE('',#3918,#3917,#490,.T.);
#3277=EDGE_CURVE('',#3919,#3763,#491,.T.);
#3278=EDGE_CURVE('',#3919,#3918,#492,.T.);
#3279=EDGE_CURVE('',#3920,#3762,#493,.T.);
#3280=EDGE_CURVE('',#3919,#3920,#4154,.T.);
#3281=EDGE_CURVE('',#3921,#3761,#494,.T.);
#3282=EDGE_CURVE('',#3921,#3920,#495,.T.);
#3283=EDGE_CURVE('',#3922,#3760,#496,.T.);
#3284=EDGE_CURVE('',#3922,#3921,#497,.T.);
#3285=EDGE_CURVE('',#3923,#3759,#498,.T.);
#3286=EDGE_CURVE('',#3922,#3923,#4155,.T.);
#3287=EDGE_CURVE('',#3924,#3758,#499,.T.);
#3288=EDGE_CURVE('',#3924,#3923,#500,.T.);
#3289=EDGE_CURVE('',#3925,#3757,#501,.T.);
#3290=EDGE_CURVE('',#3925,#3924,#502,.T.);
#3291=EDGE_CURVE('',#3926,#3756,#503,.T.);
#3292=EDGE_CURVE('',#3925,#3926,#4156,.T.);
#3293=EDGE_CURVE('',#3927,#3755,#504,.T.);
#3294=EDGE_CURVE('',#3927,#3926,#505,.T.);
#3295=EDGE_CURVE('',#3928,#3754,#506,.T.);
#3296=EDGE_CURVE('',#3928,#3927,#507,.T.);
#3297=EDGE_CURVE('',#3929,#3753,#508,.T.);
#3298=EDGE_CURVE('',#3928,#3929,#4157,.T.);
#3299=EDGE_CURVE('',#3930,#3752,#509,.T.);
#3300=EDGE_CURVE('',#3930,#3929,#510,.T.);
#3301=EDGE_CURVE('',#3931,#3751,#511,.T.);
#3302=EDGE_CURVE('',#3931,#3930,#512,.T.);
#3303=EDGE_CURVE('',#3932,#3750,#513,.T.);
#3304=EDGE_CURVE('',#3931,#3932,#4158,.T.);
#3305=EDGE_CURVE('',#3933,#3749,#514,.T.);
#3306=EDGE_CURVE('',#3933,#3932,#515,.T.);
#3307=EDGE_CURVE('',#3934,#3748,#516,.T.);
#3308=EDGE_CURVE('',#3934,#3933,#517,.T.);
#3309=EDGE_CURVE('',#3935,#3747,#518,.T.);
#3310=EDGE_CURVE('',#3934,#3935,#4159,.T.);
#3311=EDGE_CURVE('',#3936,#3746,#519,.T.);
#3312=EDGE_CURVE('',#3936,#3935,#520,.T.);
#3313=EDGE_CURVE('',#3937,#3745,#521,.T.);
#3314=EDGE_CURVE('',#3937,#3936,#522,.T.);
#3315=EDGE_CURVE('',#3938,#3744,#523,.T.);
#3316=EDGE_CURVE('',#3937,#3938,#4160,.T.);
#3317=EDGE_CURVE('',#3939,#3743,#524,.T.);
#3318=EDGE_CURVE('',#3939,#3938,#525,.T.);
#3319=EDGE_CURVE('',#3940,#3742,#526,.T.);
#3320=EDGE_CURVE('',#3940,#3939,#527,.T.);
#3321=EDGE_CURVE('',#3941,#3741,#528,.T.);
#3322=EDGE_CURVE('',#3940,#3941,#4161,.T.);
#3323=EDGE_CURVE('',#3942,#3740,#529,.T.);
#3324=EDGE_CURVE('',#3942,#3941,#530,.T.);
#3325=EDGE_CURVE('',#3943,#3739,#531,.T.);
#3326=EDGE_CURVE('',#3943,#3942,#532,.T.);
#3327=EDGE_CURVE('',#3944,#3738,#533,.T.);
#3328=EDGE_CURVE('',#3943,#3944,#4162,.T.);
#3329=EDGE_CURVE('',#3945,#3737,#534,.T.);
#3330=EDGE_CURVE('',#3945,#3944,#535,.T.);
#3331=EDGE_CURVE('',#3946,#3736,#536,.T.);
#3332=EDGE_CURVE('',#3946,#3945,#537,.T.);
#3333=EDGE_CURVE('',#3947,#3735,#538,.T.);
#3334=EDGE_CURVE('',#3946,#3947,#4163,.T.);
#3335=EDGE_CURVE('',#3948,#3734,#539,.T.);
#3336=EDGE_CURVE('',#3948,#3947,#540,.T.);
#3337=EDGE_CURVE('',#3949,#3733,#541,.T.);
#3338=EDGE_CURVE('',#3949,#3948,#542,.T.);
#3339=EDGE_CURVE('',#3950,#3732,#543,.T.);
#3340=EDGE_CURVE('',#3949,#3950,#4164,.T.);
#3341=EDGE_CURVE('',#3951,#3731,#544,.T.);
#3342=EDGE_CURVE('',#3951,#3950,#545,.T.);
#3343=EDGE_CURVE('',#3952,#3730,#546,.T.);
#3344=EDGE_CURVE('',#3952,#3951,#547,.T.);
#3345=EDGE_CURVE('',#3953,#3729,#548,.T.);
#3346=EDGE_CURVE('',#3952,#3953,#4165,.T.);
#3347=EDGE_CURVE('',#3954,#3728,#549,.T.);
#3348=EDGE_CURVE('',#3954,#3953,#550,.T.);
#3349=EDGE_CURVE('',#3955,#3727,#551,.T.);
#3350=EDGE_CURVE('',#3955,#3954,#552,.T.);
#3351=EDGE_CURVE('',#3956,#3726,#553,.T.);
#3352=EDGE_CURVE('',#3955,#3956,#4166,.T.);
#3353=EDGE_CURVE('',#3957,#3725,#554,.T.);
#3354=EDGE_CURVE('',#3957,#3956,#555,.T.);
#3355=EDGE_CURVE('',#3958,#3724,#556,.T.);
#3356=EDGE_CURVE('',#3958,#3957,#557,.T.);
#3357=EDGE_CURVE('',#3959,#3723,#558,.T.);
#3358=EDGE_CURVE('',#3958,#3959,#4167,.T.);
#3359=EDGE_CURVE('',#3960,#3722,#559,.T.);
#3360=EDGE_CURVE('',#3960,#3959,#560,.T.);
#3361=EDGE_CURVE('',#3961,#3721,#561,.T.);
#3362=EDGE_CURVE('',#3961,#3960,#562,.T.);
#3363=EDGE_CURVE('',#3962,#3720,#563,.T.);
#3364=EDGE_CURVE('',#3961,#3962,#4168,.T.);
#3365=EDGE_CURVE('',#3963,#3719,#564,.T.);
#3366=EDGE_CURVE('',#3963,#3962,#565,.T.);
#3367=EDGE_CURVE('',#3964,#3718,#566,.T.);
#3368=EDGE_CURVE('',#3964,#3963,#567,.T.);
#3369=EDGE_CURVE('',#3965,#3717,#568,.T.);
#3370=EDGE_CURVE('',#3964,#3965,#4169,.T.);
#3371=EDGE_CURVE('',#3966,#3716,#569,.T.);
#3372=EDGE_CURVE('',#3966,#3965,#570,.T.);
#3373=EDGE_CURVE('',#3967,#3715,#571,.T.);
#3374=EDGE_CURVE('',#3967,#3966,#572,.T.);
#3375=EDGE_CURVE('',#3968,#3714,#573,.T.);
#3376=EDGE_CURVE('',#3967,#3968,#4170,.T.);
#3377=EDGE_CURVE('',#3969,#3713,#574,.T.);
#3378=EDGE_CURVE('',#3969,#3968,#575,.T.);
#3379=EDGE_CURVE('',#3970,#3712,#576,.T.);
#3380=EDGE_CURVE('',#3970,#3969,#577,.T.);
#3381=EDGE_CURVE('',#3971,#3711,#578,.T.);
#3382=EDGE_CURVE('',#3970,#3971,#4171,.T.);
#3383=EDGE_CURVE('',#3972,#3710,#579,.T.);
#3384=EDGE_CURVE('',#3972,#3971,#580,.T.);
#3385=EDGE_CURVE('',#3973,#3709,#581,.T.);
#3386=EDGE_CURVE('',#3973,#3972,#582,.T.);
#3387=EDGE_CURVE('',#3974,#3708,#583,.T.);
#3388=EDGE_CURVE('',#3973,#3974,#4172,.T.);
#3389=EDGE_CURVE('',#3975,#3707,#584,.T.);
#3390=EDGE_CURVE('',#3975,#3974,#585,.T.);
#3391=EDGE_CURVE('',#3976,#3706,#586,.T.);
#3392=EDGE_CURVE('',#3976,#3975,#587,.T.);
#3393=EDGE_CURVE('',#3977,#3705,#588,.T.);
#3394=EDGE_CURVE('',#3976,#3977,#4173,.T.);
#3395=EDGE_CURVE('',#3978,#3704,#589,.T.);
#3396=EDGE_CURVE('',#3978,#3977,#590,.T.);
#3397=EDGE_CURVE('',#3979,#3703,#591,.T.);
#3398=EDGE_CURVE('',#3979,#3978,#592,.T.);
#3399=EDGE_CURVE('',#3980,#3702,#593,.T.);
#3400=EDGE_CURVE('',#3979,#3980,#4174,.T.);
#3401=EDGE_CURVE('',#3981,#3701,#594,.T.);
#3402=EDGE_CURVE('',#3981,#3980,#595,.T.);
#3403=EDGE_CURVE('',#3982,#3700,#596,.T.);
#3404=EDGE_CURVE('',#3982,#3981,#597,.T.);
#3405=EDGE_CURVE('',#3983,#3699,#598,.T.);
#3406=EDGE_CURVE('',#3982,#3983,#4175,.T.);
#3407=EDGE_CURVE('',#3984,#3698,#599,.T.);
#3408=EDGE_CURVE('',#3984,#3983,#600,.T.);
#3409=EDGE_CURVE('',#3985,#3697,#601,.T.);
#3410=EDGE_CURVE('',#3985,#3984,#602,.T.);
#3411=EDGE_CURVE('',#3986,#3696,#603,.T.);
#3412=EDGE_CURVE('',#3985,#3986,#4176,.T.);
#3413=EDGE_CURVE('',#3987,#3695,#604,.T.);
#3414=EDGE_CURVE('',#3987,#3986,#605,.T.);
#3415=EDGE_CURVE('',#3988,#3694,#606,.T.);
#3416=EDGE_CURVE('',#3988,#3987,#607,.T.);
#3417=EDGE_CURVE('',#3989,#3693,#608,.T.);
#3418=EDGE_CURVE('',#3988,#3989,#4177,.T.);
#3419=EDGE_CURVE('',#3990,#3692,#609,.T.);
#3420=EDGE_CURVE('',#3990,#3989,#610,.T.);
#3421=EDGE_CURVE('',#3991,#3691,#611,.T.);
#3422=EDGE_CURVE('',#3991,#3990,#612,.T.);
#3423=EDGE_CURVE('',#3992,#3690,#613,.T.);
#3424=EDGE_CURVE('',#3991,#3992,#4178,.T.);
#3425=EDGE_CURVE('',#3993,#3689,#614,.T.);
#3426=EDGE_CURVE('',#3993,#3992,#615,.T.);
#3427=EDGE_CURVE('',#3994,#3688,#616,.T.);
#3428=EDGE_CURVE('',#3994,#3993,#617,.T.);
#3429=EDGE_CURVE('',#3995,#3687,#618,.T.);
#3430=EDGE_CURVE('',#3994,#3995,#4179,.T.);
#3431=EDGE_CURVE('',#3996,#3686,#619,.T.);
#3432=EDGE_CURVE('',#3996,#3995,#620,.T.);
#3433=EDGE_CURVE('',#3997,#3685,#621,.T.);
#3434=EDGE_CURVE('',#3997,#3996,#622,.T.);
#3435=EDGE_CURVE('',#3998,#3684,#623,.T.);
#3436=EDGE_CURVE('',#3997,#3998,#4180,.T.);
#3437=EDGE_CURVE('',#3999,#3683,#624,.T.);
#3438=EDGE_CURVE('',#3999,#3998,#625,.T.);
#3439=EDGE_CURVE('',#4000,#3682,#626,.T.);
#3440=EDGE_CURVE('',#4000,#3999,#627,.T.);
#3441=EDGE_CURVE('',#4001,#3681,#628,.T.);
#3442=EDGE_CURVE('',#4000,#4001,#4181,.T.);
#3443=EDGE_CURVE('',#4002,#3680,#629,.T.);
#3444=EDGE_CURVE('',#4002,#4001,#630,.T.);
#3445=EDGE_CURVE('',#4003,#3679,#631,.T.);
#3446=EDGE_CURVE('',#4003,#4002,#632,.T.);
#3447=EDGE_CURVE('',#4004,#3678,#633,.T.);
#3448=EDGE_CURVE('',#4003,#4004,#4182,.T.);
#3449=EDGE_CURVE('',#4005,#3677,#634,.T.);
#3450=EDGE_CURVE('',#4005,#4004,#635,.T.);
#3451=EDGE_CURVE('',#4006,#3676,#636,.T.);
#3452=EDGE_CURVE('',#4006,#4005,#637,.T.);
#3453=EDGE_CURVE('',#4007,#3675,#638,.T.);
#3454=EDGE_CURVE('',#4006,#4007,#4183,.T.);
#3455=EDGE_CURVE('',#4008,#3674,#639,.T.);
#3456=EDGE_CURVE('',#4008,#4007,#640,.T.);
#3457=EDGE_CURVE('',#4009,#3673,#641,.T.);
#3458=EDGE_CURVE('',#4009,#4008,#642,.T.);
#3459=EDGE_CURVE('',#4010,#3672,#643,.T.);
#3460=EDGE_CURVE('',#4009,#4010,#4184,.T.);
#3461=EDGE_CURVE('',#4011,#3671,#644,.T.);
#3462=EDGE_CURVE('',#4011,#4010,#645,.T.);
#3463=EDGE_CURVE('',#4012,#3670,#646,.T.);
#3464=EDGE_CURVE('',#4012,#4011,#647,.T.);
#3465=EDGE_CURVE('',#4013,#3669,#648,.T.);
#3466=EDGE_CURVE('',#4012,#4013,#4185,.T.);
#3467=EDGE_CURVE('',#4014,#3668,#649,.T.);
#3468=EDGE_CURVE('',#4014,#4013,#650,.T.);
#3469=EDGE_CURVE('',#4015,#3667,#651,.T.);
#3470=EDGE_CURVE('',#4015,#4014,#652,.T.);
#3471=EDGE_CURVE('',#4016,#3666,#653,.T.);
#3472=EDGE_CURVE('',#4015,#4016,#4186,.T.);
#3473=EDGE_CURVE('',#4017,#3665,#654,.T.);
#3474=EDGE_CURVE('',#4017,#4016,#655,.T.);
#3475=EDGE_CURVE('',#4018,#3664,#656,.T.);
#3476=EDGE_CURVE('',#4018,#4017,#657,.T.);
#3477=EDGE_CURVE('',#4019,#3663,#658,.T.);
#3478=EDGE_CURVE('',#4018,#4019,#4187,.T.);
#3479=EDGE_CURVE('',#4020,#3662,#659,.T.);
#3480=EDGE_CURVE('',#4020,#4019,#660,.T.);
#3481=EDGE_CURVE('',#4021,#3661,#661,.T.);
#3482=EDGE_CURVE('',#4021,#4020,#662,.T.);
#3483=EDGE_CURVE('',#4022,#3660,#663,.T.);
#3484=EDGE_CURVE('',#4021,#4022,#4188,.T.);
#3485=EDGE_CURVE('',#4023,#3659,#664,.T.);
#3486=EDGE_CURVE('',#4023,#4022,#665,.T.);
#3487=EDGE_CURVE('',#4024,#3658,#666,.T.);
#3488=EDGE_CURVE('',#4024,#4023,#667,.T.);
#3489=EDGE_CURVE('',#4025,#3657,#668,.T.);
#3490=EDGE_CURVE('',#4024,#4025,#4189,.T.);
#3491=EDGE_CURVE('',#4026,#3656,#669,.T.);
#3492=EDGE_CURVE('',#4026,#4025,#670,.T.);
#3493=EDGE_CURVE('',#4027,#3655,#671,.T.);
#3494=EDGE_CURVE('',#4027,#4026,#672,.T.);
#3495=EDGE_CURVE('',#4028,#3654,#673,.T.);
#3496=EDGE_CURVE('',#4027,#4028,#4190,.T.);
#3497=EDGE_CURVE('',#4029,#3653,#674,.T.);
#3498=EDGE_CURVE('',#4029,#4028,#675,.T.);
#3499=EDGE_CURVE('',#4030,#3652,#676,.T.);
#3500=EDGE_CURVE('',#4030,#4029,#677,.T.);
#3501=EDGE_CURVE('',#4031,#3651,#678,.T.);
#3502=EDGE_CURVE('',#4030,#4031,#4191,.T.);
#3503=EDGE_CURVE('',#4032,#3650,#679,.T.);
#3504=EDGE_CURVE('',#4032,#4031,#680,.T.);
#3505=EDGE_CURVE('',#4033,#3649,#681,.T.);
#3506=EDGE_CURVE('',#4033,#4032,#682,.T.);
#3507=EDGE_CURVE('',#4034,#3648,#683,.T.);
#3508=EDGE_CURVE('',#4033,#4034,#4192,.T.);
#3509=EDGE_CURVE('',#4035,#3647,#684,.T.);
#3510=EDGE_CURVE('',#4035,#4034,#685,.T.);
#3511=EDGE_CURVE('',#4036,#3646,#686,.T.);
#3512=EDGE_CURVE('',#4036,#4035,#687,.T.);
#3513=EDGE_CURVE('',#4037,#3645,#688,.T.);
#3514=EDGE_CURVE('',#4036,#4037,#4193,.T.);
#3515=EDGE_CURVE('',#4038,#3644,#689,.T.);
#3516=EDGE_CURVE('',#4038,#4037,#690,.T.);
#3517=EDGE_CURVE('',#4039,#3643,#691,.T.);
#3518=EDGE_CURVE('',#4039,#4038,#692,.T.);
#3519=EDGE_CURVE('',#4040,#3642,#693,.T.);
#3520=EDGE_CURVE('',#4039,#4040,#4194,.T.);
#3521=EDGE_CURVE('',#4041,#3641,#694,.T.);
#3522=EDGE_CURVE('',#4041,#4040,#695,.T.);
#3523=EDGE_CURVE('',#4042,#3640,#696,.T.);
#3524=EDGE_CURVE('',#4042,#4041,#697,.T.);
#3525=EDGE_CURVE('',#4043,#3639,#698,.T.);
#3526=EDGE_CURVE('',#4042,#4043,#4195,.T.);
#3527=EDGE_CURVE('',#4044,#3638,#699,.T.);
#3528=EDGE_CURVE('',#4044,#4043,#700,.T.);
#3529=EDGE_CURVE('',#4045,#3637,#701,.T.);
#3530=EDGE_CURVE('',#4045,#4044,#702,.T.);
#3531=EDGE_CURVE('',#4046,#3636,#703,.T.);
#3532=EDGE_CURVE('',#4045,#4046,#4196,.T.);
#3533=EDGE_CURVE('',#4047,#3635,#704,.T.);
#3534=EDGE_CURVE('',#4047,#4046,#705,.T.);
#3535=EDGE_CURVE('',#4048,#3634,#706,.T.);
#3536=EDGE_CURVE('',#4048,#4047,#707,.T.);
#3537=EDGE_CURVE('',#4049,#3633,#708,.T.);
#3538=EDGE_CURVE('',#4048,#4049,#4197,.T.);
#3539=EDGE_CURVE('',#4050,#3632,#709,.T.);
#3540=EDGE_CURVE('',#4050,#4049,#710,.T.);
#3541=EDGE_CURVE('',#4051,#3631,#711,.T.);
#3542=EDGE_CURVE('',#4051,#4050,#712,.T.);
#3543=EDGE_CURVE('',#4052,#3630,#713,.T.);
#3544=EDGE_CURVE('',#4051,#4052,#4198,.T.);
#3545=EDGE_CURVE('',#4053,#3629,#714,.T.);
#3546=EDGE_CURVE('',#4053,#4052,#715,.T.);
#3547=EDGE_CURVE('',#4054,#3628,#716,.T.);
#3548=EDGE_CURVE('',#4054,#4053,#717,.T.);
#3549=EDGE_CURVE('',#4055,#3627,#718,.T.);
#3550=EDGE_CURVE('',#4054,#4055,#4199,.T.);
#3551=EDGE_CURVE('',#3877,#4055,#719,.T.);
#3552=VERTEX_POINT('',#6833);
#3553=VERTEX_POINT('',#6834);
#3554=VERTEX_POINT('',#6836);
#3555=VERTEX_POINT('',#6855);
#3556=VERTEX_POINT('',#6857);
#3557=VERTEX_POINT('',#6876);
#3558=VERTEX_POINT('',#6878);
#3559=VERTEX_POINT('',#6880);
#3560=VERTEX_POINT('',#6882);
#3561=VERTEX_POINT('',#6901);
#3562=VERTEX_POINT('',#6903);
#3563=VERTEX_POINT('',#6922);
#3564=VERTEX_POINT('',#6924);
#3565=VERTEX_POINT('',#6926);
#3566=VERTEX_POINT('',#6928);
#3567=VERTEX_POINT('',#6947);
#3568=VERTEX_POINT('',#6949);
#3569=VERTEX_POINT('',#6968);
#3570=VERTEX_POINT('',#6970);
#3571=VERTEX_POINT('',#6972);
#3572=VERTEX_POINT('',#6974);
#3573=VERTEX_POINT('',#6993);
#3574=VERTEX_POINT('',#6995);
#3575=VERTEX_POINT('',#7014);
#3576=VERTEX_POINT('',#7016);
#3577=VERTEX_POINT('',#7018);
#3578=VERTEX_POINT('',#7020);
#3579=VERTEX_POINT('',#7039);
#3580=VERTEX_POINT('',#7041);
#3581=VERTEX_POINT('',#7060);
#3582=VERTEX_POINT('',#7062);
#3583=VERTEX_POINT('',#7064);
#3584=VERTEX_POINT('',#7066);
#3585=VERTEX_POINT('',#7085);
#3586=VERTEX_POINT('',#7087);
#3587=VERTEX_POINT('',#7106);
#3588=VERTEX_POINT('',#7108);
#3589=VERTEX_POINT('',#7110);
#3590=VERTEX_POINT('',#7112);
#3591=VERTEX_POINT('',#7131);
#3592=VERTEX_POINT('',#7133);
#3593=VERTEX_POINT('',#7152);
#3594=VERTEX_POINT('',#7154);
#3595=VERTEX_POINT('',#7156);
#3596=VERTEX_POINT('',#7158);
#3597=VERTEX_POINT('',#7177);
#3598=VERTEX_POINT('',#7179);
#3599=VERTEX_POINT('',#7198);
#3600=VERTEX_POINT('',#7200);
#3601=VERTEX_POINT('',#7202);
#3602=VERTEX_POINT('',#7204);
#3603=VERTEX_POINT('',#7223);
#3604=VERTEX_POINT('',#7225);
#3605=VERTEX_POINT('',#7244);
#3606=VERTEX_POINT('',#7246);
#3607=VERTEX_POINT('',#7248);
#3608=VERTEX_POINT('',#7250);
#3609=VERTEX_POINT('',#7269);
#3610=VERTEX_POINT('',#7271);
#3611=VERTEX_POINT('',#7290);
#3612=VERTEX_POINT('',#7292);
#3613=VERTEX_POINT('',#7294);
#3614=VERTEX_POINT('',#7296);
#3615=VERTEX_POINT('',#7315);
#3616=VERTEX_POINT('',#7317);
#3617=VERTEX_POINT('',#7336);
#3618=VERTEX_POINT('',#7338);
#3619=VERTEX_POINT('',#7340);
#3620=VERTEX_POINT('',#7342);
#3621=VERTEX_POINT('',#7361);
#3622=VERTEX_POINT('',#7363);
#3623=VERTEX_POINT('',#7382);
#3624=VERTEX_POINT('',#7385);
#3625=VERTEX_POINT('',#7386);
#3626=VERTEX_POINT('',#7388);
#3627=VERTEX_POINT('',#7390);
#3628=VERTEX_POINT('',#7392);
#3629=VERTEX_POINT('',#7394);
#3630=VERTEX_POINT('',#7396);
#3631=VERTEX_POINT('',#7398);
#3632=VERTEX_POINT('',#7400);
#3633=VERTEX_POINT('',#7402);
#3634=VERTEX_POINT('',#7404);
#3635=VERTEX_POINT('',#7406);
#3636=VERTEX_POINT('',#7408);
#3637=VERTEX_POINT('',#7410);
#3638=VERTEX_POINT('',#7412);
#3639=VERTEX_POINT('',#7414);
#3640=VERTEX_POINT('',#7416);
#3641=VERTEX_POINT('',#7418);
#3642=VERTEX_POINT('',#7420);
#3643=VERTEX_POINT('',#7422);
#3644=VERTEX_POINT('',#7424);
#3645=VERTEX_POINT('',#7426);
#3646=VERTEX_POINT('',#7428);
#3647=VERTEX_POINT('',#7430);
#3648=VERTEX_POINT('',#7432);
#3649=VERTEX_POINT('',#7434);
#3650=VERTEX_POINT('',#7436);
#3651=VERTEX_POINT('',#7438);
#3652=VERTEX_POINT('',#7440);
#3653=VERTEX_POINT('',#7442);
#3654=VERTEX_POINT('',#7444);
#3655=VERTEX_POINT('',#7446);
#3656=VERTEX_POINT('',#7448);
#3657=VERTEX_POINT('',#7450);
#3658=VERTEX_POINT('',#7452);
#3659=VERTEX_POINT('',#7454);
#3660=VERTEX_POINT('',#7456);
#3661=VERTEX_POINT('',#7458);
#3662=VERTEX_POINT('',#7460);
#3663=VERTEX_POINT('',#7462);
#3664=VERTEX_POINT('',#7464);
#3665=VERTEX_POINT('',#7466);
#3666=VERTEX_POINT('',#7468);
#3667=VERTEX_POINT('',#7470);
#3668=VERTEX_POINT('',#7472);
#3669=VERTEX_POINT('',#7474);
#3670=VERTEX_POINT('',#7476);
#3671=VERTEX_POINT('',#7478);
#3672=VERTEX_POINT('',#7480);
#3673=VERTEX_POINT('',#7482);
#3674=VERTEX_POINT('',#7484);
#3675=VERTEX_POINT('',#7486);
#3676=VERTEX_POINT('',#7488);
#3677=VERTEX_POINT('',#7490);
#3678=VERTEX_POINT('',#7492);
#3679=VERTEX_POINT('',#7494);
#3680=VERTEX_POINT('',#7496);
#3681=VERTEX_POINT('',#7498);
#3682=VERTEX_POINT('',#7500);
#3683=VERTEX_POINT('',#7502);
#3684=VERTEX_POINT('',#7504);
#3685=VERTEX_POINT('',#7506);
#3686=VERTEX_POINT('',#7508);
#3687=VERTEX_POINT('',#7510);
#3688=VERTEX_POINT('',#7512);
#3689=VERTEX_POINT('',#7514);
#3690=VERTEX_POINT('',#7516);
#3691=VERTEX_POINT('',#7518);
#3692=VERTEX_POINT('',#7520);
#3693=VERTEX_POINT('',#7522);
#3694=VERTEX_POINT('',#7524);
#3695=VERTEX_POINT('',#7526);
#3696=VERTEX_POINT('',#7528);
#3697=VERTEX_POINT('',#7530);
#3698=VERTEX_POINT('',#7532);
#3699=VERTEX_POINT('',#7534);
#3700=VERTEX_POINT('',#7536);
#3701=VERTEX_POINT('',#7538);
#3702=VERTEX_POINT('',#7540);
#3703=VERTEX_POINT('',#7542);
#3704=VERTEX_POINT('',#7544);
#3705=VERTEX_POINT('',#7546);
#3706=VERTEX_POINT('',#7548);
#3707=VERTEX_POINT('',#7550);
#3708=VERTEX_POINT('',#7552);
#3709=VERTEX_POINT('',#7554);
#3710=VERTEX_POINT('',#7556);
#3711=VERTEX_POINT('',#7558);
#3712=VERTEX_POINT('',#7560);
#3713=VERTEX_POINT('',#7562);
#3714=VERTEX_POINT('',#7564);
#3715=VERTEX_POINT('',#7566);
#3716=VERTEX_POINT('',#7568);
#3717=VERTEX_POINT('',#7570);
#3718=VERTEX_POINT('',#7572);
#3719=VERTEX_POINT('',#7574);
#3720=VERTEX_POINT('',#7576);
#3721=VERTEX_POINT('',#7578);
#3722=VERTEX_POINT('',#7580);
#3723=VERTEX_POINT('',#7582);
#3724=VERTEX_POINT('',#7584);
#3725=VERTEX_POINT('',#7586);
#3726=VERTEX_POINT('',#7588);
#3727=VERTEX_POINT('',#7590);
#3728=VERTEX_POINT('',#7592);
#3729=VERTEX_POINT('',#7594);
#3730=VERTEX_POINT('',#7596);
#3731=VERTEX_POINT('',#7598);
#3732=VERTEX_POINT('',#7600);
#3733=VERTEX_POINT('',#7602);
#3734=VERTEX_POINT('',#7604);
#3735=VERTEX_POINT('',#7606);
#3736=VERTEX_POINT('',#7608);
#3737=VERTEX_POINT('',#7610);
#3738=VERTEX_POINT('',#7612);
#3739=VERTEX_POINT('',#7614);
#3740=VERTEX_POINT('',#7616);
#3741=VERTEX_POINT('',#7618);
#3742=VERTEX_POINT('',#7620);
#3743=VERTEX_POINT('',#7622);
#3744=VERTEX_POINT('',#7624);
#3745=VERTEX_POINT('',#7626);
#3746=VERTEX_POINT('',#7628);
#3747=VERTEX_POINT('',#7630);
#3748=VERTEX_POINT('',#7632);
#3749=VERTEX_POINT('',#7634);
#3750=VERTEX_POINT('',#7636);
#3751=VERTEX_POINT('',#7638);
#3752=VERTEX_POINT('',#7640);
#3753=VERTEX_POINT('',#7642);
#3754=VERTEX_POINT('',#7644);
#3755=VERTEX_POINT('',#7646);
#3756=VERTEX_POINT('',#7648);
#3757=VERTEX_POINT('',#7650);
#3758=VERTEX_POINT('',#7652);
#3759=VERTEX_POINT('',#7654);
#3760=VERTEX_POINT('',#7656);
#3761=VERTEX_POINT('',#7658);
#3762=VERTEX_POINT('',#7660);
#3763=VERTEX_POINT('',#7662);
#3764=VERTEX_POINT('',#7664);
#3765=VERTEX_POINT('',#7666);
#3766=VERTEX_POINT('',#7668);
#3767=VERTEX_POINT('',#7670);
#3768=VERTEX_POINT('',#7672);
#3769=VERTEX_POINT('',#7674);
#3770=VERTEX_POINT('',#7676);
#3771=VERTEX_POINT('',#7678);
#3772=VERTEX_POINT('',#7680);
#3773=VERTEX_POINT('',#7682);
#3774=VERTEX_POINT('',#7684);
#3775=VERTEX_POINT('',#7686);
#3776=VERTEX_POINT('',#7688);
#3777=VERTEX_POINT('',#7690);
#3778=VERTEX_POINT('',#7692);
#3779=VERTEX_POINT('',#7694);
#3780=VERTEX_POINT('',#7696);
#3781=VERTEX_POINT('',#7698);
#3782=VERTEX_POINT('',#7700);
#3783=VERTEX_POINT('',#7702);
#3784=VERTEX_POINT('',#7704);
#3785=VERTEX_POINT('',#7706);
#3786=VERTEX_POINT('',#7708);
#3787=VERTEX_POINT('',#7710);
#3788=VERTEX_POINT('',#7712);
#3789=VERTEX_POINT('',#7714);
#3790=VERTEX_POINT('',#7716);
#3791=VERTEX_POINT('',#7718);
#3792=VERTEX_POINT('',#7720);
#3793=VERTEX_POINT('',#7722);
#3794=VERTEX_POINT('',#7724);
#3795=VERTEX_POINT('',#7726);
#3796=VERTEX_POINT('',#7728);
#3797=VERTEX_POINT('',#7730);
#3798=VERTEX_POINT('',#7732);
#3799=VERTEX_POINT('',#7734);
#3800=VERTEX_POINT('',#7736);
#3801=VERTEX_POINT('',#7738);
#3802=VERTEX_POINT('',#7740);
#3803=VERTEX_POINT('',#7742);
#3804=VERTEX_POINT('',#7746);
#3805=VERTEX_POINT('',#7748);
#3806=VERTEX_POINT('',#7752);
#3807=VERTEX_POINT('',#7791);
#3808=VERTEX_POINT('',#7812);
#3809=VERTEX_POINT('',#7851);
#3810=VERTEX_POINT('',#7872);
#3811=VERTEX_POINT('',#7876);
#3812=VERTEX_POINT('',#7880);
#3813=VERTEX_POINT('',#7919);
#3814=VERTEX_POINT('',#7940);
#3815=VERTEX_POINT('',#7979);
#3816=VERTEX_POINT('',#8000);
#3817=VERTEX_POINT('',#8004);
#3818=VERTEX_POINT('',#8008);
#3819=VERTEX_POINT('',#8047);
#3820=VERTEX_POINT('',#8068);
#3821=VERTEX_POINT('',#8107);
#3822=VERTEX_POINT('',#8128);
#3823=VERTEX_POINT('',#8132);
#3824=VERTEX_POINT('',#8136);
#3825=VERTEX_POINT('',#8175);
#3826=VERTEX_POINT('',#8196);
#3827=VERTEX_POINT('',#8235);
#3828=VERTEX_POINT('',#8256);
#3829=VERTEX_POINT('',#8260);
#3830=VERTEX_POINT('',#8264);
#3831=VERTEX_POINT('',#8303);
#3832=VERTEX_POINT('',#8324);
#3833=VERTEX_POINT('',#8363);
#3834=VERTEX_POINT('',#8384);
#3835=VERTEX_POINT('',#8388);
#3836=VERTEX_POINT('',#8392);
#3837=VERTEX_POINT('',#8431);
#3838=VERTEX_POINT('',#8452);
#3839=VERTEX_POINT('',#8491);
#3840=VERTEX_POINT('',#8512);
#3841=VERTEX_POINT('',#8516);
#3842=VERTEX_POINT('',#8520);
#3843=VERTEX_POINT('',#8559);
#3844=VERTEX_POINT('',#8580);
#3845=VERTEX_POINT('',#8619);
#3846=VERTEX_POINT('',#8640);
#3847=VERTEX_POINT('',#8644);
#3848=VERTEX_POINT('',#8648);
#3849=VERTEX_POINT('',#8687);
#3850=VERTEX_POINT('',#8708);
#3851=VERTEX_POINT('',#8747);
#3852=VERTEX_POINT('',#8768);
#3853=VERTEX_POINT('',#8772);
#3854=VERTEX_POINT('',#8776);
#3855=VERTEX_POINT('',#8815);
#3856=VERTEX_POINT('',#8836);
#3857=VERTEX_POINT('',#8875);
#3858=VERTEX_POINT('',#8896);
#3859=VERTEX_POINT('',#8900);
#3860=VERTEX_POINT('',#8904);
#3861=VERTEX_POINT('',#8943);
#3862=VERTEX_POINT('',#8964);
#3863=VERTEX_POINT('',#9003);
#3864=VERTEX_POINT('',#9024);
#3865=VERTEX_POINT('',#9028);
#3866=VERTEX_POINT('',#9032);
#3867=VERTEX_POINT('',#9071);
#3868=VERTEX_POINT('',#9092);
#3869=VERTEX_POINT('',#9131);
#3870=VERTEX_POINT('',#9152);
#3871=VERTEX_POINT('',#9156);
#3872=VERTEX_POINT('',#9160);
#3873=VERTEX_POINT('',#9199);
#3874=VERTEX_POINT('',#9220);
#3875=VERTEX_POINT('',#9259);
#3876=VERTEX_POINT('',#9283);
#3877=VERTEX_POINT('',#9285);
#3878=VERTEX_POINT('',#9289);
#3879=VERTEX_POINT('',#9293);
#3880=VERTEX_POINT('',#9297);
#3881=VERTEX_POINT('',#9301);
#3882=VERTEX_POINT('',#9305);
#3883=VERTEX_POINT('',#9309);
#3884=VERTEX_POINT('',#9313);
#3885=VERTEX_POINT('',#9317);
#3886=VERTEX_POINT('',#9321);
#3887=VERTEX_POINT('',#9325);
#3888=VERTEX_POINT('',#9329);
#3889=VERTEX_POINT('',#9333);
#3890=VERTEX_POINT('',#9337);
#3891=VERTEX_POINT('',#9341);
#3892=VERTEX_POINT('',#9345);
#3893=VERTEX_POINT('',#9349);
#3894=VERTEX_POINT('',#9353);
#3895=VERTEX_POINT('',#9357);
#3896=VERTEX_POINT('',#9361);
#3897=VERTEX_POINT('',#9365);
#3898=VERTEX_POINT('',#9369);
#3899=VERTEX_POINT('',#9373);
#3900=VERTEX_POINT('',#9377);
#3901=VERTEX_POINT('',#9381);
#3902=VERTEX_POINT('',#9385);
#3903=VERTEX_POINT('',#9389);
#3904=VERTEX_POINT('',#9393);
#3905=VERTEX_POINT('',#9397);
#3906=VERTEX_POINT('',#9401);
#3907=VERTEX_POINT('',#9405);
#3908=VERTEX_POINT('',#9409);
#3909=VERTEX_POINT('',#9413);
#3910=VERTEX_POINT('',#9417);
#3911=VERTEX_POINT('',#9421);
#3912=VERTEX_POINT('',#9425);
#3913=VERTEX_POINT('',#9429);
#3914=VERTEX_POINT('',#9433);
#3915=VERTEX_POINT('',#9437);
#3916=VERTEX_POINT('',#9441);
#3917=VERTEX_POINT('',#9445);
#3918=VERTEX_POINT('',#9449);
#3919=VERTEX_POINT('',#9453);
#3920=VERTEX_POINT('',#9457);
#3921=VERTEX_POINT('',#9461);
#3922=VERTEX_POINT('',#9465);
#3923=VERTEX_POINT('',#9469);
#3924=VERTEX_POINT('',#9473);
#3925=VERTEX_POINT('',#9477);
#3926=VERTEX_POINT('',#9481);
#3927=VERTEX_POINT('',#9485);
#3928=VERTEX_POINT('',#9489);
#3929=VERTEX_POINT('',#9493);
#3930=VERTEX_POINT('',#9497);
#3931=VERTEX_POINT('',#9501);
#3932=VERTEX_POINT('',#9505);
#3933=VERTEX_POINT('',#9509);
#3934=VERTEX_POINT('',#9513);
#3935=VERTEX_POINT('',#9517);
#3936=VERTEX_POINT('',#9521);
#3937=VERTEX_POINT('',#9525);
#3938=VERTEX_POINT('',#9529);
#3939=VERTEX_POINT('',#9533);
#3940=VERTEX_POINT('',#9537);
#3941=VERTEX_POINT('',#9541);
#3942=VERTEX_POINT('',#9545);
#3943=VERTEX_POINT('',#9549);
#3944=VERTEX_POINT('',#9553);
#3945=VERTEX_POINT('',#9557);
#3946=VERTEX_POINT('',#9561);
#3947=VERTEX_POINT('',#9565);
#3948=VERTEX_POINT('',#9569);
#3949=VERTEX_POINT('',#9573);
#3950=VERTEX_POINT('',#9577);
#3951=VERTEX_POINT('',#9581);
#3952=VERTEX_POINT('',#9585);
#3953=VERTEX_POINT('',#9589);
#3954=VERTEX_POINT('',#9593);
#3955=VERTEX_POINT('',#9597);
#3956=VERTEX_POINT('',#9601);
#3957=VERTEX_POINT('',#9605);
#3958=VERTEX_POINT('',#9609);
#3959=VERTEX_POINT('',#9613);
#3960=VERTEX_POINT('',#9617);
#3961=VERTEX_POINT('',#9621);
#3962=VERTEX_POINT('',#9625);
#3963=VERTEX_POINT('',#9629);
#3964=VERTEX_POINT('',#9633);
#3965=VERTEX_POINT('',#9637);
#3966=VERTEX_POINT('',#9641);
#3967=VERTEX_POINT('',#9645);
#3968=VERTEX_POINT('',#9649);
#3969=VERTEX_POINT('',#9653);
#3970=VERTEX_POINT('',#9657);
#3971=VERTEX_POINT('',#9661);
#3972=VERTEX_POINT('',#9665);
#3973=VERTEX_POINT('',#9669);
#3974=VERTEX_POINT('',#9673);
#3975=VERTEX_POINT('',#9677);
#3976=VERTEX_POINT('',#9681);
#3977=VERTEX_POINT('',#9685);
#3978=VERTEX_POINT('',#9689);
#3979=VERTEX_POINT('',#9693);
#3980=VERTEX_POINT('',#9697);
#3981=VERTEX_POINT('',#9701);
#3982=VERTEX_POINT('',#9705);
#3983=VERTEX_POINT('',#9709);
#3984=VERTEX_POINT('',#9713);
#3985=VERTEX_POINT('',#9717);
#3986=VERTEX_POINT('',#9721);
#3987=VERTEX_POINT('',#9725);
#3988=VERTEX_POINT('',#9729);
#3989=VERTEX_POINT('',#9733);
#3990=VERTEX_POINT('',#9737);
#3991=VERTEX_POINT('',#9741);
#3992=VERTEX_POINT('',#9745);
#3993=VERTEX_POINT('',#9749);
#3994=VERTEX_POINT('',#9753);
#3995=VERTEX_POINT('',#9757);
#3996=VERTEX_POINT('',#9761);
#3997=VERTEX_POINT('',#9765);
#3998=VERTEX_POINT('',#9769);
#3999=VERTEX_POINT('',#9773);
#4000=VERTEX_POINT('',#9777);
#4001=VERTEX_POINT('',#9781);
#4002=VERTEX_POINT('',#9785);
#4003=VERTEX_POINT('',#9789);
#4004=VERTEX_POINT('',#9793);
#4005=VERTEX_POINT('',#9797);
#4006=VERTEX_POINT('',#9801);
#4007=VERTEX_POINT('',#9805);
#4008=VERTEX_POINT('',#9809);
#4009=VERTEX_POINT('',#9813);
#4010=VERTEX_POINT('',#9817);
#4011=VERTEX_POINT('',#9821);
#4012=VERTEX_POINT('',#9825);
#4013=VERTEX_POINT('',#9829);
#4014=VERTEX_POINT('',#9833);
#4015=VERTEX_POINT('',#9837);
#4016=VERTEX_POINT('',#9841);
#4017=VERTEX_POINT('',#9845);
#4018=VERTEX_POINT('',#9849);
#4019=VERTEX_POINT('',#9853);
#4020=VERTEX_POINT('',#9857);
#4021=VERTEX_POINT('',#9861);
#4022=VERTEX_POINT('',#9865);
#4023=VERTEX_POINT('',#9869);
#4024=VERTEX_POINT('',#9873);
#4025=VERTEX_POINT('',#9877);
#4026=VERTEX_POINT('',#9881);
#4027=VERTEX_POINT('',#9885);
#4028=VERTEX_POINT('',#9889);
#4029=VERTEX_POINT('',#9893);
#4030=VERTEX_POINT('',#9897);
#4031=VERTEX_POINT('',#9901);
#4032=VERTEX_POINT('',#9905);
#4033=VERTEX_POINT('',#9909);
#4034=VERTEX_POINT('',#9913);
#4035=VERTEX_POINT('',#9917);
#4036=VERTEX_POINT('',#9921);
#4037=VERTEX_POINT('',#9925);
#4038=VERTEX_POINT('',#9929);
#4039=VERTEX_POINT('',#9933);
#4040=VERTEX_POINT('',#9937);
#4041=VERTEX_POINT('',#9941);
#4042=VERTEX_POINT('',#9945);
#4043=VERTEX_POINT('',#9949);
#4044=VERTEX_POINT('',#9953);
#4045=VERTEX_POINT('',#9957);
#4046=VERTEX_POINT('',#9961);
#4047=VERTEX_POINT('',#9965);
#4048=VERTEX_POINT('',#9969);
#4049=VERTEX_POINT('',#9973);
#4050=VERTEX_POINT('',#9977);
#4051=VERTEX_POINT('',#9981);
#4052=VERTEX_POINT('',#9985);
#4053=VERTEX_POINT('',#9989);
#4054=VERTEX_POINT('',#9993);
#4055=VERTEX_POINT('',#9997);
#4056=CIRCLE('',#5140,0.0075);
#4057=CIRCLE('',#5141,0.0075);
#4058=CIRCLE('',#5142,0.0075);
#4059=CIRCLE('',#5143,0.0075);
#4060=CIRCLE('',#5144,0.0075);
#4061=CIRCLE('',#5145,0.0075);
#4062=CIRCLE('',#5146,0.0075);
#4063=CIRCLE('',#5147,0.0075);
#4064=CIRCLE('',#5148,0.0075);
#4065=CIRCLE('',#5149,0.0075);
#4066=CIRCLE('',#5150,0.0075);
#4067=CIRCLE('',#5151,0.0075);
#4068=CIRCLE('',#5152,0.00245000000004471);
#4069=CIRCLE('',#5153,0.00245000000005489);
#4070=CIRCLE('',#5154,0.00245000000005349);
#4071=CIRCLE('',#5155,0.00245000000001457);
#4072=CIRCLE('',#5156,0.00245000000004988);
#4073=CIRCLE('',#5157,0.00245000000004827);
#4074=CIRCLE('',#5158,0.0024500000000142);
#4075=CIRCLE('',#5159,0.0024500000000529);
#4076=CIRCLE('',#5160,0.00245000000005457);
#4077=CIRCLE('',#5161,0.00245000000001365);
#4078=CIRCLE('',#5162,0.00244999999998565);
#4079=CIRCLE('',#5163,0.00244999999996617);
#4080=CIRCLE('',#5164,0.0024499999999833);
#4081=CIRCLE('',#5165,0.00245000000002181);
#4082=CIRCLE('',#5166,0.00245000000000336);
#4083=CIRCLE('',#5167,0.00245000000003925);
#4084=CIRCLE('',#5168,0.00245000000002091);
#4085=CIRCLE('',#5169,0.00245000000000187);
#4086=CIRCLE('',#5170,0.00245000000000763);
#4087=CIRCLE('',#5171,0.00245000000000024);
#4088=CIRCLE('',#5172,0.00245000000000022);
#4089=CIRCLE('',#5173,0.00244999999999798);
#4090=CIRCLE('',#5174,0.00244999999999391);
#4091=CIRCLE('',#5175,0.00244999999999657);
#4092=CIRCLE('',#5176,0.00244999999996214);
#4093=CIRCLE('',#5177,0.00244999999998529);
#4094=CIRCLE('',#5178,0.00245000000000143);
#4095=CIRCLE('',#5179,0.00245000000000791);
#4096=CIRCLE('',#5180,0.00244999999996455);
#4097=CIRCLE('',#5181,0.00244999999998524);
#4098=CIRCLE('',#5182,0.00245000000001503);
#4099=CIRCLE('',#5183,0.00244999999996052);
#4100=CIRCLE('',#5184,0.00244999999995493);
#4101=CIRCLE('',#5185,0.00244999999994816);
#4102=CIRCLE('',#5186,0.00244999999998139);
#4103=CIRCLE('',#5187,0.00244999999997876);
#4104=CIRCLE('',#5188,0.00244999999994779);
#4105=CIRCLE('',#5189,0.00244999999998712);
#4106=CIRCLE('',#5190,0.00244999999996005);
#4107=CIRCLE('',#5191,0.00245000000001521);
#4108=CIRCLE('',#5192,0.00245000000001468);
#4109=CIRCLE('',#5193,0.00244999999996467);
#4110=CIRCLE('',#5194,0.00245000000000795);
#4111=CIRCLE('',#5195,0.00245000000000147);
#4112=CIRCLE('',#5196,0.00244999999998534);
#4113=CIRCLE('',#5197,0.00244999999997698);
#4114=CIRCLE('',#5198,0.00244999999999459);
#4115=CIRCLE('',#5199,0.00245000000000146);
#4116=CIRCLE('',#5200,0.002449999999998);
#4117=CIRCLE('',#5201,0.00245000000000022);
#4118=CIRCLE('',#5202,0.00245000000000052);
#4119=CIRCLE('',#5203,0.00245000000000762);
#4120=CIRCLE('',#5204,0.00245000000000216);
#4121=CIRCLE('',#5205,0.00245000000003187);
#4122=CIRCLE('',#5206,0.00245000000002448);
#4123=CIRCLE('',#5207,0.00245000000000515);
#4124=CIRCLE('',#5208,0.0024500000000223);
#4125=CIRCLE('',#5209,0.00245000000000834);
#4126=CIRCLE('',#5210,0.00245000000001906);
#4127=CIRCLE('',#5211,0.00244999999998498);
#4128=CIRCLE('',#5213,0.0075);
#4129=CIRCLE('',#5218,0.0075);
#4130=CIRCLE('',#5223,0.0075);
#4131=CIRCLE('',#5228,0.0075);
#4132=CIRCLE('',#5233,0.0075);
#4133=CIRCLE('',#5238,0.0075);
#4134=CIRCLE('',#5243,0.0075);
#4135=CIRCLE('',#5248,0.0075);
#4136=CIRCLE('',#5253,0.0075);
#4137=CIRCLE('',#5258,0.0075);
#4138=CIRCLE('',#5263,0.0075);
#4139=CIRCLE('',#5268,0.0075);
#4140=CIRCLE('',#5275,0.00245000000004471);
#4141=CIRCLE('',#5279,0.00244999999998498);
#4142=CIRCLE('',#5283,0.00245000000001906);
#4143=CIRCLE('',#5287,0.00245000000000834);
#4144=CIRCLE('',#5291,0.0024500000000223);
#4145=CIRCLE('',#5295,0.00245000000000515);
#4146=CIRCLE('',#5299,0.00245000000002448);
#4147=CIRCLE('',#5303,0.00245000000003187);
#4148=CIRCLE('',#5307,0.00245000000000216);
#4149=CIRCLE('',#5311,0.00245000000000762);
#4150=CIRCLE('',#5315,0.00245000000000052);
#4151=CIRCLE('',#5319,0.00245000000000022);
#4152=CIRCLE('',#5323,0.002449999999998);
#4153=CIRCLE('',#5327,0.00245000000000146);
#4154=CIRCLE('',#5331,0.00244999999999459);
#4155=CIRCLE('',#5335,0.00244999999997698);
#4156=CIRCLE('',#5339,0.00244999999998534);
#4157=CIRCLE('',#5343,0.00245000000000147);
#4158=CIRCLE('',#5347,0.00245000000000795);
#4159=CIRCLE('',#5351,0.00244999999996467);
#4160=CIRCLE('',#5355,0.00245000000001468);
#4161=CIRCLE('',#5359,0.00245000000001521);
#4162=CIRCLE('',#5363,0.00244999999996005);
#4163=CIRCLE('',#5367,0.00244999999998712);
#4164=CIRCLE('',#5371,0.00244999999994779);
#4165=CIRCLE('',#5375,0.00244999999997876);
#4166=CIRCLE('',#5379,0.00244999999998139);
#4167=CIRCLE('',#5383,0.00244999999994816);
#4168=CIRCLE('',#5387,0.00244999999995493);
#4169=CIRCLE('',#5391,0.00244999999996052);
#4170=CIRCLE('',#5395,0.00245000000001503);
#4171=CIRCLE('',#5399,0.00244999999998524);
#4172=CIRCLE('',#5403,0.00244999999996455);
#4173=CIRCLE('',#5407,0.00245000000000791);
#4174=CIRCLE('',#5411,0.00245000000000143);
#4175=CIRCLE('',#5415,0.00244999999998529);
#4176=CIRCLE('',#5419,0.00244999999996214);
#4177=CIRCLE('',#5423,0.00244999999999657);
#4178=CIRCLE('',#5427,0.00244999999999391);
#4179=CIRCLE('',#5431,0.00244999999999798);
#4180=CIRCLE('',#5435,0.00245000000000022);
#4181=CIRCLE('',#5439,0.00245000000000024);
#4182=CIRCLE('',#5443,0.00245000000000763);
#4183=CIRCLE('',#5447,0.00245000000000187);
#4184=CIRCLE('',#5451,0.00245000000002091);
#4185=CIRCLE('',#5455,0.00245000000003925);
#4186=CIRCLE('',#5459,0.00245000000000336);
#4187=CIRCLE('',#5463,0.00245000000002181);
#4188=CIRCLE('',#5467,0.0024499999999833);
#4189=CIRCLE('',#5471,0.00244999999996617);
#4190=CIRCLE('',#5475,0.00244999999998565);
#4191=CIRCLE('',#5479,0.00245000000001365);
#4192=CIRCLE('',#5483,0.00245000000005457);
#4193=CIRCLE('',#5487,0.0024500000000529);
#4194=CIRCLE('',#5491,0.0024500000000142);
#4195=CIRCLE('',#5495,0.00245000000004827);
#4196=CIRCLE('',#5499,0.00245000000004988);
#4197=CIRCLE('',#5503,0.00245000000001457);
#4198=CIRCLE('',#5507,0.00245000000005349);
#4199=CIRCLE('',#5511,0.00245000000005489);
#4200=EDGE_LOOP('',(#1284,#1285,#1286,#1287,#1288,#1289,#1290,#1291,#1292,
#1293,#1294,#1295,#1296,#1297,#1298,#1299,#1300,#1301,#1302,#1303,#1304,
#1305,#1306,#1307,#1308,#1309,#1310,#1311,#1312,#1313,#1314,#1315,#1316,
#1317,#1318,#1319,#1320,#1321,#1322,#1323,#1324,#1325,#1326,#1327,#1328,
#1329,#1330,#1331,#1332,#1333,#1334,#1335,#1336,#1337,#1338,#1339,#1340,
#1341,#1342,#1343,#1344,#1345,#1346,#1347,#1348,#1349,#1350,#1351,#1352,
#1353,#1354,#1355));
#4201=EDGE_LOOP('',(#1356,#1357,#1358,#1359,#1360,#1361,#1362,#1363,#1364,
#1365,#1366,#1367,#1368,#1369,#1370,#1371,#1372,#1373,#1374,#1375,#1376,
#1377,#1378,#1379,#1380,#1381,#1382,#1383,#1384,#1385,#1386,#1387,#1388,
#1389,#1390,#1391,#1392,#1393,#1394,#1395,#1396,#1397,#1398,#1399,#1400,
#1401,#1402,#1403,#1404,#1405,#1406,#1407,#1408,#1409,#1410,#1411,#1412,
#1413,#1414,#1415,#1416,#1417,#1418,#1419,#1420,#1421,#1422,#1423,#1424,
#1425,#1426,#1427,#1428,#1429,#1430,#1431,#1432,#1433,#1434,#1435,#1436,
#1437,#1438,#1439,#1440,#1441,#1442,#1443,#1444,#1445,#1446,#1447,#1448,
#1449,#1450,#1451,#1452,#1453,#1454,#1455,#1456,#1457,#1458,#1459,#1460,
#1461,#1462,#1463,#1464,#1465,#1466,#1467,#1468,#1469,#1470,#1471,#1472,
#1473,#1474,#1475,#1476,#1477,#1478,#1479,#1480,#1481,#1482,#1483,#1484,
#1485,#1486,#1487,#1488,#1489,#1490,#1491,#1492,#1493,#1494,#1495,#1496,
#1497,#1498,#1499,#1500,#1501,#1502,#1503,#1504,#1505,#1506,#1507,#1508,
#1509,#1510,#1511,#1512,#1513,#1514,#1515,#1516,#1517,#1518,#1519,#1520,
#1521,#1522,#1523,#1524,#1525,#1526,#1527,#1528,#1529,#1530,#1531,#1532,
#1533,#1534,#1535));
#4202=EDGE_LOOP('',(#1536,#1537,#1538,#1539));
#4203=EDGE_LOOP('',(#1540,#1541,#1542,#1543));
#4204=EDGE_LOOP('',(#1544,#1545,#1546,#1547));
#4205=EDGE_LOOP('',(#1548,#1549,#1550,#1551));
#4206=EDGE_LOOP('',(#1552,#1553,#1554,#1555));
#4207=EDGE_LOOP('',(#1556,#1557,#1558,#1559));
#4208=EDGE_LOOP('',(#1560,#1561,#1562,#1563));
#4209=EDGE_LOOP('',(#1564,#1565,#1566,#1567));
#4210=EDGE_LOOP('',(#1568,#1569,#1570,#1571));
#4211=EDGE_LOOP('',(#1572,#1573,#1574,#1575));
#4212=EDGE_LOOP('',(#1576,#1577,#1578,#1579));
#4213=EDGE_LOOP('',(#1580,#1581,#1582,#1583));
#4214=EDGE_LOOP('',(#1584,#1585,#1586,#1587));
#4215=EDGE_LOOP('',(#1588,#1589,#1590,#1591));
#4216=EDGE_LOOP('',(#1592,#1593,#1594,#1595));
#4217=EDGE_LOOP('',(#1596,#1597,#1598,#1599));
#4218=EDGE_LOOP('',(#1600,#1601,#1602,#1603));
#4219=EDGE_LOOP('',(#1604,#1605,#1606,#1607));
#4220=EDGE_LOOP('',(#1608,#1609,#1610,#1611));
#4221=EDGE_LOOP('',(#1612,#1613,#1614,#1615));
#4222=EDGE_LOOP('',(#1616,#1617,#1618,#1619));
#4223=EDGE_LOOP('',(#1620,#1621,#1622,#1623));
#4224=EDGE_LOOP('',(#1624,#1625,#1626,#1627));
#4225=EDGE_LOOP('',(#1628,#1629,#1630,#1631));
#4226=EDGE_LOOP('',(#1632,#1633,#1634,#1635));
#4227=EDGE_LOOP('',(#1636,#1637,#1638,#1639));
#4228=EDGE_LOOP('',(#1640,#1641,#1642,#1643));
#4229=EDGE_LOOP('',(#1644,#1645,#1646,#1647));
#4230=EDGE_LOOP('',(#1648,#1649,#1650,#1651));
#4231=EDGE_LOOP('',(#1652,#1653,#1654,#1655));
#4232=EDGE_LOOP('',(#1656,#1657,#1658,#1659));
#4233=EDGE_LOOP('',(#1660,#1661,#1662,#1663));
#4234=EDGE_LOOP('',(#1664,#1665,#1666,#1667));
#4235=EDGE_LOOP('',(#1668,#1669,#1670,#1671));
#4236=EDGE_LOOP('',(#1672,#1673,#1674,#1675));
#4237=EDGE_LOOP('',(#1676,#1677,#1678,#1679));
#4238=EDGE_LOOP('',(#1680,#1681,#1682,#1683));
#4239=EDGE_LOOP('',(#1684,#1685,#1686,#1687));
#4240=EDGE_LOOP('',(#1688,#1689,#1690,#1691));
#4241=EDGE_LOOP('',(#1692,#1693,#1694,#1695));
#4242=EDGE_LOOP('',(#1696,#1697,#1698,#1699));
#4243=EDGE_LOOP('',(#1700,#1701,#1702,#1703));
#4244=EDGE_LOOP('',(#1704,#1705,#1706,#1707));
#4245=EDGE_LOOP('',(#1708,#1709,#1710,#1711));
#4246=EDGE_LOOP('',(#1712,#1713,#1714,#1715));
#4247=EDGE_LOOP('',(#1716,#1717,#1718,#1719));
#4248=EDGE_LOOP('',(#1720,#1721,#1722,#1723));
#4249=EDGE_LOOP('',(#1724,#1725,#1726,#1727));
#4250=EDGE_LOOP('',(#1728,#1729,#1730,#1731));
#4251=EDGE_LOOP('',(#1732,#1733,#1734,#1735));
#4252=EDGE_LOOP('',(#1736,#1737,#1738,#1739));
#4253=EDGE_LOOP('',(#1740,#1741,#1742,#1743));
#4254=EDGE_LOOP('',(#1744,#1745,#1746,#1747));
#4255=EDGE_LOOP('',(#1748,#1749,#1750,#1751));
#4256=EDGE_LOOP('',(#1752,#1753,#1754,#1755));
#4257=EDGE_LOOP('',(#1756,#1757,#1758,#1759));
#4258=EDGE_LOOP('',(#1760,#1761,#1762,#1763));
#4259=EDGE_LOOP('',(#1764,#1765,#1766,#1767));
#4260=EDGE_LOOP('',(#1768,#1769,#1770,#1771));
#4261=EDGE_LOOP('',(#1772,#1773,#1774,#1775));
#4262=EDGE_LOOP('',(#1776,#1777,#1778,#1779));
#4263=EDGE_LOOP('',(#1780,#1781,#1782,#1783));
#4264=EDGE_LOOP('',(#1784,#1785,#1786,#1787));
#4265=EDGE_LOOP('',(#1788,#1789,#1790,#1791));
#4266=EDGE_LOOP('',(#1792,#1793,#1794,#1795));
#4267=EDGE_LOOP('',(#1796,#1797,#1798,#1799));
#4268=EDGE_LOOP('',(#1800,#1801,#1802,#1803));
#4269=EDGE_LOOP('',(#1804,#1805,#1806,#1807));
#4270=EDGE_LOOP('',(#1808,#1809,#1810,#1811));
#4271=EDGE_LOOP('',(#1812,#1813,#1814,#1815));
#4272=EDGE_LOOP('',(#1816,#1817,#1818,#1819));
#4273=EDGE_LOOP('',(#1820,#1821,#1822,#1823));
#4274=EDGE_LOOP('',(#1824,#1825,#1826,#1827,#1828,#1829,#1830,#1831,#1832,
#1833,#1834,#1835,#1836,#1837,#1838,#1839,#1840,#1841,#1842,#1843,#1844,
#1845,#1846,#1847,#1848,#1849,#1850,#1851,#1852,#1853,#1854,#1855,#1856,
#1857,#1858,#1859,#1860,#1861,#1862,#1863,#1864,#1865,#1866,#1867,#1868,
#1869,#1870,#1871,#1872,#1873,#1874,#1875,#1876,#1877,#1878,#1879,#1880,
#1881,#1882,#1883,#1884,#1885,#1886,#1887,#1888,#1889,#1890,#1891,#1892,
#1893,#1894,#1895));
#4275=EDGE_LOOP('',(#1896,#1897,#1898,#1899));
#4276=EDGE_LOOP('',(#1900,#1901,#1902,#1903));
#4277=EDGE_LOOP('',(#1904,#1905,#1906,#1907));
#4278=EDGE_LOOP('',(#1908,#1909,#1910,#1911));
#4279=EDGE_LOOP('',(#1912,#1913,#1914,#1915));
#4280=EDGE_LOOP('',(#1916,#1917,#1918,#1919));
#4281=EDGE_LOOP('',(#1920,#1921,#1922,#1923));
#4282=EDGE_LOOP('',(#1924,#1925,#1926,#1927));
#4283=EDGE_LOOP('',(#1928,#1929,#1930,#1931));
#4284=EDGE_LOOP('',(#1932,#1933,#1934,#1935));
#4285=EDGE_LOOP('',(#1936,#1937,#1938,#1939));
#4286=EDGE_LOOP('',(#1940,#1941,#1942,#1943));
#4287=EDGE_LOOP('',(#1944,#1945,#1946,#1947));
#4288=EDGE_LOOP('',(#1948,#1949,#1950,#1951));
#4289=EDGE_LOOP('',(#1952,#1953,#1954,#1955));
#4290=EDGE_LOOP('',(#1956,#1957,#1958,#1959));
#4291=EDGE_LOOP('',(#1960,#1961,#1962,#1963));
#4292=EDGE_LOOP('',(#1964,#1965,#1966,#1967));
#4293=EDGE_LOOP('',(#1968,#1969,#1970,#1971));
#4294=EDGE_LOOP('',(#1972,#1973,#1974,#1975));
#4295=EDGE_LOOP('',(#1976,#1977,#1978,#1979));
#4296=EDGE_LOOP('',(#1980,#1981,#1982,#1983));
#4297=EDGE_LOOP('',(#1984,#1985,#1986,#1987));
#4298=EDGE_LOOP('',(#1988,#1989,#1990,#1991));
#4299=EDGE_LOOP('',(#1992,#1993,#1994,#1995));
#4300=EDGE_LOOP('',(#1996,#1997,#1998,#1999));
#4301=EDGE_LOOP('',(#2000,#2001,#2002,#2003));
#4302=EDGE_LOOP('',(#2004,#2005,#2006,#2007));
#4303=EDGE_LOOP('',(#2008,#2009,#2010,#2011));
#4304=EDGE_LOOP('',(#2012,#2013,#2014,#2015));
#4305=EDGE_LOOP('',(#2016,#2017,#2018,#2019));
#4306=EDGE_LOOP('',(#2020,#2021,#2022,#2023));
#4307=EDGE_LOOP('',(#2024,#2025,#2026,#2027));
#4308=EDGE_LOOP('',(#2028,#2029,#2030,#2031));
#4309=EDGE_LOOP('',(#2032,#2033,#2034,#2035));
#4310=EDGE_LOOP('',(#2036,#2037,#2038,#2039));
#4311=EDGE_LOOP('',(#2040,#2041,#2042,#2043));
#4312=EDGE_LOOP('',(#2044,#2045,#2046,#2047));
#4313=EDGE_LOOP('',(#2048,#2049,#2050,#2051));
#4314=EDGE_LOOP('',(#2052,#2053,#2054,#2055));
#4315=EDGE_LOOP('',(#2056,#2057,#2058,#2059));
#4316=EDGE_LOOP('',(#2060,#2061,#2062,#2063));
#4317=EDGE_LOOP('',(#2064,#2065,#2066,#2067));
#4318=EDGE_LOOP('',(#2068,#2069,#2070,#2071));
#4319=EDGE_LOOP('',(#2072,#2073,#2074,#2075));
#4320=EDGE_LOOP('',(#2076,#2077,#2078,#2079));
#4321=EDGE_LOOP('',(#2080,#2081,#2082,#2083));
#4322=EDGE_LOOP('',(#2084,#2085,#2086,#2087));
#4323=EDGE_LOOP('',(#2088,#2089,#2090,#2091));
#4324=EDGE_LOOP('',(#2092,#2093,#2094,#2095));
#4325=EDGE_LOOP('',(#2096,#2097,#2098,#2099));
#4326=EDGE_LOOP('',(#2100,#2101,#2102,#2103));
#4327=EDGE_LOOP('',(#2104,#2105,#2106,#2107));
#4328=EDGE_LOOP('',(#2108,#2109,#2110,#2111));
#4329=EDGE_LOOP('',(#2112,#2113,#2114,#2115));
#4330=EDGE_LOOP('',(#2116,#2117,#2118,#2119));
#4331=EDGE_LOOP('',(#2120,#2121,#2122,#2123));
#4332=EDGE_LOOP('',(#2124,#2125,#2126,#2127));
#4333=EDGE_LOOP('',(#2128,#2129,#2130,#2131));
#4334=EDGE_LOOP('',(#2132,#2133,#2134,#2135));
#4335=EDGE_LOOP('',(#2136,#2137,#2138,#2139));
#4336=EDGE_LOOP('',(#2140,#2141,#2142,#2143));
#4337=EDGE_LOOP('',(#2144,#2145,#2146,#2147));
#4338=EDGE_LOOP('',(#2148,#2149,#2150,#2151));
#4339=EDGE_LOOP('',(#2152,#2153,#2154,#2155));
#4340=EDGE_LOOP('',(#2156,#2157,#2158,#2159));
#4341=EDGE_LOOP('',(#2160,#2161,#2162,#2163));
#4342=EDGE_LOOP('',(#2164,#2165,#2166,#2167));
#4343=EDGE_LOOP('',(#2168,#2169,#2170,#2171));
#4344=EDGE_LOOP('',(#2172,#2173,#2174,#2175));
#4345=EDGE_LOOP('',(#2176,#2177,#2178,#2179));
#4346=EDGE_LOOP('',(#2180,#2181,#2182,#2183));
#4347=EDGE_LOOP('',(#2184,#2185,#2186,#2187));
#4348=EDGE_LOOP('',(#2188,#2189,#2190,#2191));
#4349=EDGE_LOOP('',(#2192,#2193,#2194,#2195));
#4350=EDGE_LOOP('',(#2196,#2197,#2198,#2199));
#4351=EDGE_LOOP('',(#2200,#2201,#2202,#2203));
#4352=EDGE_LOOP('',(#2204,#2205,#2206,#2207));
#4353=EDGE_LOOP('',(#2208,#2209,#2210,#2211));
#4354=EDGE_LOOP('',(#2212,#2213,#2214,#2215));
#4355=EDGE_LOOP('',(#2216,#2217,#2218,#2219));
#4356=EDGE_LOOP('',(#2220,#2221,#2222,#2223));
#4357=EDGE_LOOP('',(#2224,#2225,#2226,#2227));
#4358=EDGE_LOOP('',(#2228,#2229,#2230,#2231));
#4359=EDGE_LOOP('',(#2232,#2233,#2234,#2235));
#4360=EDGE_LOOP('',(#2236,#2237,#2238,#2239));
#4361=EDGE_LOOP('',(#2240,#2241,#2242,#2243));
#4362=EDGE_LOOP('',(#2244,#2245,#2246,#2247));
#4363=EDGE_LOOP('',(#2248,#2249,#2250,#2251));
#4364=EDGE_LOOP('',(#2252,#2253,#2254,#2255));
#4365=EDGE_LOOP('',(#2256,#2257,#2258,#2259));
#4366=EDGE_LOOP('',(#2260,#2261,#2262,#2263));
#4367=EDGE_LOOP('',(#2264,#2265,#2266,#2267));
#4368=EDGE_LOOP('',(#2268,#2269,#2270,#2271));
#4369=EDGE_LOOP('',(#2272,#2273,#2274,#2275));
#4370=EDGE_LOOP('',(#2276,#2277,#2278,#2279));
#4371=EDGE_LOOP('',(#2280,#2281,#2282,#2283));
#4372=EDGE_LOOP('',(#2284,#2285,#2286,#2287));
#4373=EDGE_LOOP('',(#2288,#2289,#2290,#2291));
#4374=EDGE_LOOP('',(#2292,#2293,#2294,#2295));
#4375=EDGE_LOOP('',(#2296,#2297,#2298,#2299));
#4376=EDGE_LOOP('',(#2300,#2301,#2302,#2303));
#4377=EDGE_LOOP('',(#2304,#2305,#2306,#2307));
#4378=EDGE_LOOP('',(#2308,#2309,#2310,#2311));
#4379=EDGE_LOOP('',(#2312,#2313,#2314,#2315));
#4380=EDGE_LOOP('',(#2316,#2317,#2318,#2319));
#4381=EDGE_LOOP('',(#2320,#2321,#2322,#2323));
#4382=EDGE_LOOP('',(#2324,#2325,#2326,#2327));
#4383=EDGE_LOOP('',(#2328,#2329,#2330,#2331));
#4384=EDGE_LOOP('',(#2332,#2333,#2334,#2335));
#4385=EDGE_LOOP('',(#2336,#2337,#2338,#2339));
#4386=EDGE_LOOP('',(#2340,#2341,#2342,#2343));
#4387=EDGE_LOOP('',(#2344,#2345,#2346,#2347));
#4388=EDGE_LOOP('',(#2348,#2349,#2350,#2351));
#4389=EDGE_LOOP('',(#2352,#2353,#2354,#2355));
#4390=EDGE_LOOP('',(#2356,#2357,#2358,#2359));
#4391=EDGE_LOOP('',(#2360,#2361,#2362,#2363));
#4392=EDGE_LOOP('',(#2364,#2365,#2366,#2367));
#4393=EDGE_LOOP('',(#2368,#2369,#2370,#2371));
#4394=EDGE_LOOP('',(#2372,#2373,#2374,#2375));
#4395=EDGE_LOOP('',(#2376,#2377,#2378,#2379));
#4396=EDGE_LOOP('',(#2380,#2381,#2382,#2383));
#4397=EDGE_LOOP('',(#2384,#2385,#2386,#2387));
#4398=EDGE_LOOP('',(#2388,#2389,#2390,#2391));
#4399=EDGE_LOOP('',(#2392,#2393,#2394,#2395));
#4400=EDGE_LOOP('',(#2396,#2397,#2398,#2399));
#4401=EDGE_LOOP('',(#2400,#2401,#2402,#2403));
#4402=EDGE_LOOP('',(#2404,#2405,#2406,#2407));
#4403=EDGE_LOOP('',(#2408,#2409,#2410,#2411));
#4404=EDGE_LOOP('',(#2412,#2413,#2414,#2415));
#4405=EDGE_LOOP('',(#2416,#2417,#2418,#2419));
#4406=EDGE_LOOP('',(#2420,#2421,#2422,#2423));
#4407=EDGE_LOOP('',(#2424,#2425,#2426,#2427));
#4408=EDGE_LOOP('',(#2428,#2429,#2430,#2431));
#4409=EDGE_LOOP('',(#2432,#2433,#2434,#2435));
#4410=EDGE_LOOP('',(#2436,#2437,#2438,#2439));
#4411=EDGE_LOOP('',(#2440,#2441,#2442,#2443));
#4412=EDGE_LOOP('',(#2444,#2445,#2446,#2447));
#4413=EDGE_LOOP('',(#2448,#2449,#2450,#2451));
#4414=EDGE_LOOP('',(#2452,#2453,#2454,#2455));
#4415=EDGE_LOOP('',(#2456,#2457,#2458,#2459));
#4416=EDGE_LOOP('',(#2460,#2461,#2462,#2463));
#4417=EDGE_LOOP('',(#2464,#2465,#2466,#2467));
#4418=EDGE_LOOP('',(#2468,#2469,#2470,#2471));
#4419=EDGE_LOOP('',(#2472,#2473,#2474,#2475));
#4420=EDGE_LOOP('',(#2476,#2477,#2478,#2479));
#4421=EDGE_LOOP('',(#2480,#2481,#2482,#2483));
#4422=EDGE_LOOP('',(#2484,#2485,#2486,#2487));
#4423=EDGE_LOOP('',(#2488,#2489,#2490,#2491));
#4424=EDGE_LOOP('',(#2492,#2493,#2494,#2495));
#4425=EDGE_LOOP('',(#2496,#2497,#2498,#2499));
#4426=EDGE_LOOP('',(#2500,#2501,#2502,#2503));
#4427=EDGE_LOOP('',(#2504,#2505,#2506,#2507));
#4428=EDGE_LOOP('',(#2508,#2509,#2510,#2511));
#4429=EDGE_LOOP('',(#2512,#2513,#2514,#2515));
#4430=EDGE_LOOP('',(#2516,#2517,#2518,#2519));
#4431=EDGE_LOOP('',(#2520,#2521,#2522,#2523));
#4432=EDGE_LOOP('',(#2524,#2525,#2526,#2527));
#4433=EDGE_LOOP('',(#2528,#2529,#2530,#2531));
#4434=EDGE_LOOP('',(#2532,#2533,#2534,#2535));
#4435=EDGE_LOOP('',(#2536,#2537,#2538,#2539));
#4436=EDGE_LOOP('',(#2540,#2541,#2542,#2543));
#4437=EDGE_LOOP('',(#2544,#2545,#2546,#2547));
#4438=EDGE_LOOP('',(#2548,#2549,#2550,#2551));
#4439=EDGE_LOOP('',(#2552,#2553,#2554,#2555));
#4440=EDGE_LOOP('',(#2556,#2557,#2558,#2559));
#4441=EDGE_LOOP('',(#2560,#2561,#2562,#2563));
#4442=EDGE_LOOP('',(#2564,#2565,#2566,#2567));
#4443=EDGE_LOOP('',(#2568,#2569,#2570,#2571));
#4444=EDGE_LOOP('',(#2572,#2573,#2574,#2575));
#4445=EDGE_LOOP('',(#2576,#2577,#2578,#2579));
#4446=EDGE_LOOP('',(#2580,#2581,#2582,#2583));
#4447=EDGE_LOOP('',(#2584,#2585,#2586,#2587));
#4448=EDGE_LOOP('',(#2588,#2589,#2590,#2591));
#4449=EDGE_LOOP('',(#2592,#2593,#2594,#2595));
#4450=EDGE_LOOP('',(#2596,#2597,#2598,#2599));
#4451=EDGE_LOOP('',(#2600,#2601,#2602,#2603));
#4452=EDGE_LOOP('',(#2604,#2605,#2606,#2607));
#4453=EDGE_LOOP('',(#2608,#2609,#2610,#2611));
#4454=EDGE_LOOP('',(#2612,#2613,#2614,#2615));
#4455=EDGE_LOOP('',(#2616,#2617,#2618,#2619,#2620,#2621,#2622,#2623,#2624,
#2625,#2626,#2627,#2628,#2629,#2630,#2631,#2632,#2633,#2634,#2635,#2636,
#2637,#2638,#2639,#2640,#2641,#2642,#2643,#2644,#2645,#2646,#2647,#2648,
#2649,#2650,#2651,#2652,#2653,#2654,#2655,#2656,#2657,#2658,#2659,#2660,
#2661,#2662,#2663,#2664,#2665,#2666,#2667,#2668,#2669,#2670,#2671,#2672,
#2673,#2674,#2675,#2676,#2677,#2678,#2679,#2680,#2681,#2682,#2683,#2684,
#2685,#2686,#2687,#2688,#2689,#2690,#2691,#2692,#2693,#2694,#2695,#2696,
#2697,#2698,#2699,#2700,#2701,#2702,#2703,#2704,#2705,#2706,#2707,#2708,
#2709,#2710,#2711,#2712,#2713,#2714,#2715,#2716,#2717,#2718,#2719,#2720,
#2721,#2722,#2723,#2724,#2725,#2726,#2727,#2728,#2729,#2730,#2731,#2732,
#2733,#2734,#2735,#2736,#2737,#2738,#2739,#2740,#2741,#2742,#2743,#2744,
#2745,#2746,#2747,#2748,#2749,#2750,#2751,#2752,#2753,#2754,#2755,#2756,
#2757,#2758,#2759,#2760,#2761,#2762,#2763,#2764,#2765,#2766,#2767,#2768,
#2769,#2770,#2771,#2772,#2773,#2774,#2775,#2776,#2777,#2778,#2779,#2780,
#2781,#2782,#2783,#2784,#2785,#2786,#2787,#2788,#2789,#2790,#2791,#2792,
#2793,#2794,#2795));
#4456=FACE_BOUND('',#4200,.T.);
#4457=FACE_BOUND('',#4201,.T.);
#4458=FACE_BOUND('',#4202,.T.);
#4459=FACE_BOUND('',#4203,.T.);
#4460=FACE_BOUND('',#4204,.T.);
#4461=FACE_BOUND('',#4205,.T.);
#4462=FACE_BOUND('',#4206,.T.);
#4463=FACE_BOUND('',#4207,.T.);
#4464=FACE_BOUND('',#4208,.T.);
#4465=FACE_BOUND('',#4209,.T.);
#4466=FACE_BOUND('',#4210,.T.);
#4467=FACE_BOUND('',#4211,.T.);
#4468=FACE_BOUND('',#4212,.T.);
#4469=FACE_BOUND('',#4213,.T.);
#4470=FACE_BOUND('',#4214,.T.);
#4471=FACE_BOUND('',#4215,.T.);
#4472=FACE_BOUND('',#4216,.T.);
#4473=FACE_BOUND('',#4217,.T.);
#4474=FACE_BOUND('',#4218,.T.);
#4475=FACE_BOUND('',#4219,.T.);
#4476=FACE_BOUND('',#4220,.T.);
#4477=FACE_BOUND('',#4221,.T.);
#4478=FACE_BOUND('',#4222,.T.);
#4479=FACE_BOUND('',#4223,.T.);
#4480=FACE_BOUND('',#4224,.T.);
#4481=FACE_BOUND('',#4225,.T.);
#4482=FACE_BOUND('',#4226,.T.);
#4483=FACE_BOUND('',#4227,.T.);
#4484=FACE_BOUND('',#4228,.T.);
#4485=FACE_BOUND('',#4229,.T.);
#4486=FACE_BOUND('',#4230,.T.);
#4487=FACE_BOUND('',#4231,.T.);
#4488=FACE_BOUND('',#4232,.T.);
#4489=FACE_BOUND('',#4233,.T.);
#4490=FACE_BOUND('',#4234,.T.);
#4491=FACE_BOUND('',#4235,.T.);
#4492=FACE_BOUND('',#4236,.T.);
#4493=FACE_BOUND('',#4237,.T.);
#4494=FACE_BOUND('',#4238,.T.);
#4495=FACE_BOUND('',#4239,.T.);
#4496=FACE_BOUND('',#4240,.T.);
#4497=FACE_BOUND('',#4241,.T.);
#4498=FACE_BOUND('',#4242,.T.);
#4499=FACE_BOUND('',#4243,.T.);
#4500=FACE_BOUND('',#4244,.T.);
#4501=FACE_BOUND('',#4245,.T.);
#4502=FACE_BOUND('',#4246,.T.);
#4503=FACE_BOUND('',#4247,.T.);
#4504=FACE_BOUND('',#4248,.T.);
#4505=FACE_BOUND('',#4249,.T.);
#4506=FACE_BOUND('',#4250,.T.);
#4507=FACE_BOUND('',#4251,.T.);
#4508=FACE_BOUND('',#4252,.T.);
#4509=FACE_BOUND('',#4253,.T.);
#4510=FACE_BOUND('',#4254,.T.);
#4511=FACE_BOUND('',#4255,.T.);
#4512=FACE_BOUND('',#4256,.T.);
#4513=FACE_BOUND('',#4257,.T.);
#4514=FACE_BOUND('',#4258,.T.);
#4515=FACE_BOUND('',#4259,.T.);
#4516=FACE_BOUND('',#4260,.T.);
#4517=FACE_BOUND('',#4261,.T.);
#4518=FACE_BOUND('',#4262,.T.);
#4519=FACE_BOUND('',#4263,.T.);
#4520=FACE_BOUND('',#4264,.T.);
#4521=FACE_BOUND('',#4265,.T.);
#4522=FACE_BOUND('',#4266,.T.);
#4523=FACE_BOUND('',#4267,.T.);
#4524=FACE_BOUND('',#4268,.T.);
#4525=FACE_BOUND('',#4269,.T.);
#4526=FACE_BOUND('',#4270,.T.);
#4527=FACE_BOUND('',#4271,.T.);
#4528=FACE_BOUND('',#4272,.T.);
#4529=FACE_BOUND('',#4273,.T.);
#4530=FACE_BOUND('',#4274,.T.);
#4531=FACE_BOUND('',#4275,.T.);
#4532=FACE_BOUND('',#4276,.T.);
#4533=FACE_BOUND('',#4277,.T.);
#4534=FACE_BOUND('',#4278,.T.);
#4535=FACE_BOUND('',#4279,.T.);
#4536=FACE_BOUND('',#4280,.T.);
#4537=FACE_BOUND('',#4281,.T.);
#4538=FACE_BOUND('',#4282,.T.);
#4539=FACE_BOUND('',#4283,.T.);
#4540=FACE_BOUND('',#4284,.T.);
#4541=FACE_BOUND('',#4285,.T.);
#4542=FACE_BOUND('',#4286,.T.);
#4543=FACE_BOUND('',#4287,.T.);
#4544=FACE_BOUND('',#4288,.T.);
#4545=FACE_BOUND('',#4289,.T.);
#4546=FACE_BOUND('',#4290,.T.);
#4547=FACE_BOUND('',#4291,.T.);
#4548=FACE_BOUND('',#4292,.T.);
#4549=FACE_BOUND('',#4293,.T.);
#4550=FACE_BOUND('',#4294,.T.);
#4551=FACE_BOUND('',#4295,.T.);
#4552=FACE_BOUND('',#4296,.T.);
#4553=FACE_BOUND('',#4297,.T.);
#4554=FACE_BOUND('',#4298,.T.);
#4555=FACE_BOUND('',#4299,.T.);
#4556=FACE_BOUND('',#4300,.T.);
#4557=FACE_BOUND('',#4301,.T.);
#4558=FACE_BOUND('',#4302,.T.);
#4559=FACE_BOUND('',#4303,.T.);
#4560=FACE_BOUND('',#4304,.T.);
#4561=FACE_BOUND('',#4305,.T.);
#4562=FACE_BOUND('',#4306,.T.);
#4563=FACE_BOUND('',#4307,.T.);
#4564=FACE_BOUND('',#4308,.T.);
#4565=FACE_BOUND('',#4309,.T.);
#4566=FACE_BOUND('',#4310,.T.);
#4567=FACE_BOUND('',#4311,.T.);
#4568=FACE_BOUND('',#4312,.T.);
#4569=FACE_BOUND('',#4313,.T.);
#4570=FACE_BOUND('',#4314,.T.);
#4571=FACE_BOUND('',#4315,.T.);
#4572=FACE_BOUND('',#4316,.T.);
#4573=FACE_BOUND('',#4317,.T.);
#4574=FACE_BOUND('',#4318,.T.);
#4575=FACE_BOUND('',#4319,.T.);
#4576=FACE_BOUND('',#4320,.T.);
#4577=FACE_BOUND('',#4321,.T.);
#4578=FACE_BOUND('',#4322,.T.);
#4579=FACE_BOUND('',#4323,.T.);
#4580=FACE_BOUND('',#4324,.T.);
#4581=FACE_BOUND('',#4325,.T.);
#4582=FACE_BOUND('',#4326,.T.);
#4583=FACE_BOUND('',#4327,.T.);
#4584=FACE_BOUND('',#4328,.T.);
#4585=FACE_BOUND('',#4329,.T.);
#4586=FACE_BOUND('',#4330,.T.);
#4587=FACE_BOUND('',#4331,.T.);
#4588=FACE_BOUND('',#4332,.T.);
#4589=FACE_BOUND('',#4333,.T.);
#4590=FACE_BOUND('',#4334,.T.);
#4591=FACE_BOUND('',#4335,.T.);
#4592=FACE_BOUND('',#4336,.T.);
#4593=FACE_BOUND('',#4337,.T.);
#4594=FACE_BOUND('',#4338,.T.);
#4595=FACE_BOUND('',#4339,.T.);
#4596=FACE_BOUND('',#4340,.T.);
#4597=FACE_BOUND('',#4341,.T.);
#4598=FACE_BOUND('',#4342,.T.);
#4599=FACE_BOUND('',#4343,.T.);
#4600=FACE_BOUND('',#4344,.T.);
#4601=FACE_BOUND('',#4345,.T.);
#4602=FACE_BOUND('',#4346,.T.);
#4603=FACE_BOUND('',#4347,.T.);
#4604=FACE_BOUND('',#4348,.T.);
#4605=FACE_BOUND('',#4349,.T.);
#4606=FACE_BOUND('',#4350,.T.);
#4607=FACE_BOUND('',#4351,.T.);
#4608=FACE_BOUND('',#4352,.T.);
#4609=FACE_BOUND('',#4353,.T.);
#4610=FACE_BOUND('',#4354,.T.);
#4611=FACE_BOUND('',#4355,.T.);
#4612=FACE_BOUND('',#4356,.T.);
#4613=FACE_BOUND('',#4357,.T.);
#4614=FACE_BOUND('',#4358,.T.);
#4615=FACE_BOUND('',#4359,.T.);
#4616=FACE_BOUND('',#4360,.T.);
#4617=FACE_BOUND('',#4361,.T.);
#4618=FACE_BOUND('',#4362,.T.);
#4619=FACE_BOUND('',#4363,.T.);
#4620=FACE_BOUND('',#4364,.T.);
#4621=FACE_BOUND('',#4365,.T.);
#4622=FACE_BOUND('',#4366,.T.);
#4623=FACE_BOUND('',#4367,.T.);
#4624=FACE_BOUND('',#4368,.T.);
#4625=FACE_BOUND('',#4369,.T.);
#4626=FACE_BOUND('',#4370,.T.);
#4627=FACE_BOUND('',#4371,.T.);
#4628=FACE_BOUND('',#4372,.T.);
#4629=FACE_BOUND('',#4373,.T.);
#4630=FACE_BOUND('',#4374,.T.);
#4631=FACE_BOUND('',#4375,.T.);
#4632=FACE_BOUND('',#4376,.T.);
#4633=FACE_BOUND('',#4377,.T.);
#4634=FACE_BOUND('',#4378,.T.);
#4635=FACE_BOUND('',#4379,.T.);
#4636=FACE_BOUND('',#4380,.T.);
#4637=FACE_BOUND('',#4381,.T.);
#4638=FACE_BOUND('',#4382,.T.);
#4639=FACE_BOUND('',#4383,.T.);
#4640=FACE_BOUND('',#4384,.T.);
#4641=FACE_BOUND('',#4385,.T.);
#4642=FACE_BOUND('',#4386,.T.);
#4643=FACE_BOUND('',#4387,.T.);
#4644=FACE_BOUND('',#4388,.T.);
#4645=FACE_BOUND('',#4389,.T.);
#4646=FACE_BOUND('',#4390,.T.);
#4647=FACE_BOUND('',#4391,.T.);
#4648=FACE_BOUND('',#4392,.T.);
#4649=FACE_BOUND('',#4393,.T.);
#4650=FACE_BOUND('',#4394,.T.);
#4651=FACE_BOUND('',#4395,.T.);
#4652=FACE_BOUND('',#4396,.T.);
#4653=FACE_BOUND('',#4397,.T.);
#4654=FACE_BOUND('',#4398,.T.);
#4655=FACE_BOUND('',#4399,.T.);
#4656=FACE_BOUND('',#4400,.T.);
#4657=FACE_BOUND('',#4401,.T.);
#4658=FACE_BOUND('',#4402,.T.);
#4659=FACE_BOUND('',#4403,.T.);
#4660=FACE_BOUND('',#4404,.T.);
#4661=FACE_BOUND('',#4405,.T.);
#4662=FACE_BOUND('',#4406,.T.);
#4663=FACE_BOUND('',#4407,.T.);
#4664=FACE_BOUND('',#4408,.T.);
#4665=FACE_BOUND('',#4409,.T.);
#4666=FACE_BOUND('',#4410,.T.);
#4667=FACE_BOUND('',#4411,.T.);
#4668=FACE_BOUND('',#4412,.T.);
#4669=FACE_BOUND('',#4413,.T.);
#4670=FACE_BOUND('',#4414,.T.);
#4671=FACE_BOUND('',#4415,.T.);
#4672=FACE_BOUND('',#4416,.T.);
#4673=FACE_BOUND('',#4417,.T.);
#4674=FACE_BOUND('',#4418,.T.);
#4675=FACE_BOUND('',#4419,.T.);
#4676=FACE_BOUND('',#4420,.T.);
#4677=FACE_BOUND('',#4421,.T.);
#4678=FACE_BOUND('',#4422,.T.);
#4679=FACE_BOUND('',#4423,.T.);
#4680=FACE_BOUND('',#4424,.T.);
#4681=FACE_BOUND('',#4425,.T.);
#4682=FACE_BOUND('',#4426,.T.);
#4683=FACE_BOUND('',#4427,.T.);
#4684=FACE_BOUND('',#4428,.T.);
#4685=FACE_BOUND('',#4429,.T.);
#4686=FACE_BOUND('',#4430,.T.);
#4687=FACE_BOUND('',#4431,.T.);
#4688=FACE_BOUND('',#4432,.T.);
#4689=FACE_BOUND('',#4433,.T.);
#4690=FACE_BOUND('',#4434,.T.);
#4691=FACE_BOUND('',#4435,.T.);
#4692=FACE_BOUND('',#4436,.T.);
#4693=FACE_BOUND('',#4437,.T.);
#4694=FACE_BOUND('',#4438,.T.);
#4695=FACE_BOUND('',#4439,.T.);
#4696=FACE_BOUND('',#4440,.T.);
#4697=FACE_BOUND('',#4441,.T.);
#4698=FACE_BOUND('',#4442,.T.);
#4699=FACE_BOUND('',#4443,.T.);
#4700=FACE_BOUND('',#4444,.T.);
#4701=FACE_BOUND('',#4445,.T.);
#4702=FACE_BOUND('',#4446,.T.);
#4703=FACE_BOUND('',#4447,.T.);
#4704=FACE_BOUND('',#4448,.T.);
#4705=FACE_BOUND('',#4449,.T.);
#4706=FACE_BOUND('',#4450,.T.);
#4707=FACE_BOUND('',#4451,.T.);
#4708=FACE_BOUND('',#4452,.T.);
#4709=FACE_BOUND('',#4453,.T.);
#4710=FACE_BOUND('',#4454,.T.);
#4711=FACE_BOUND('',#4455,.T.);
#4712=PLANE('',#5139);
#4713=PLANE('',#5214);
#4714=PLANE('',#5215);
#4715=PLANE('',#5216);
#4716=PLANE('',#5219);
#4717=PLANE('',#5220);
#4718=PLANE('',#5221);
#4719=PLANE('',#5224);
#4720=PLANE('',#5225);
#4721=PLANE('',#5226);
#4722=PLANE('',#5229);
#4723=PLANE('',#5230);
#4724=PLANE('',#5231);
#4725=PLANE('',#5234);
#4726=PLANE('',#5235);
#4727=PLANE('',#5236);
#4728=PLANE('',#5239);
#4729=PLANE('',#5240);
#4730=PLANE('',#5241);
#4731=PLANE('',#5244);
#4732=PLANE('',#5245);
#4733=PLANE('',#5246);
#4734=PLANE('',#5249);
#4735=PLANE('',#5250);
#4736=PLANE('',#5251);
#4737=PLANE('',#5254);
#4738=PLANE('',#5255);
#4739=PLANE('',#5256);
#4740=PLANE('',#5259);
#4741=PLANE('',#5260);
#4742=PLANE('',#5261);
#4743=PLANE('',#5264);
#4744=PLANE('',#5265);
#4745=PLANE('',#5266);
#4746=PLANE('',#5269);
#4747=PLANE('',#5270);
#4748=PLANE('',#5271);
#4749=PLANE('',#5272);
#4750=PLANE('',#5273);
#4751=PLANE('',#5276);
#4752=PLANE('',#5277);
#4753=PLANE('',#5280);
#4754=PLANE('',#5281);
#4755=PLANE('',#5284);
#4756=PLANE('',#5285);
#4757=PLANE('',#5288);
#4758=PLANE('',#5289);
#4759=PLANE('',#5292);
#4760=PLANE('',#5293);
#4761=PLANE('',#5296);
#4762=PLANE('',#5297);
#4763=PLANE('',#5300);
#4764=PLANE('',#5301);
#4765=PLANE('',#5304);
#4766=PLANE('',#5305);
#4767=PLANE('',#5308);
#4768=PLANE('',#5309);
#4769=PLANE('',#5312);
#4770=PLANE('',#5313);
#4771=PLANE('',#5316);
#4772=PLANE('',#5317);
#4773=PLANE('',#5320);
#4774=PLANE('',#5321);
#4775=PLANE('',#5324);
#4776=PLANE('',#5325);
#4777=PLANE('',#5328);
#4778=PLANE('',#5329);
#4779=PLANE('',#5332);
#4780=PLANE('',#5333);
#4781=PLANE('',#5336);
#4782=PLANE('',#5337);
#4783=PLANE('',#5340);
#4784=PLANE('',#5341);
#4785=PLANE('',#5344);
#4786=PLANE('',#5345);
#4787=PLANE('',#5348);
#4788=PLANE('',#5349);
#4789=PLANE('',#5352);
#4790=PLANE('',#5353);
#4791=PLANE('',#5356);
#4792=PLANE('',#5357);
#4793=PLANE('',#5360);
#4794=PLANE('',#5361);
#4795=PLANE('',#5364);
#4796=PLANE('',#5365);
#4797=PLANE('',#5368);
#4798=PLANE('',#5369);
#4799=PLANE('',#5372);
#4800=PLANE('',#5373);
#4801=PLANE('',#5376);
#4802=PLANE('',#5377);
#4803=PLANE('',#5380);
#4804=PLANE('',#5381);
#4805=PLANE('',#5384);
#4806=PLANE('',#5385);
#4807=PLANE('',#5388);
#4808=PLANE('',#5389);
#4809=PLANE('',#5392);
#4810=PLANE('',#5393);
#4811=PLANE('',#5396);
#4812=PLANE('',#5397);
#4813=PLANE('',#5400);
#4814=PLANE('',#5401);
#4815=PLANE('',#5404);
#4816=PLANE('',#5405);
#4817=PLANE('',#5408);
#4818=PLANE('',#5409);
#4819=PLANE('',#5412);
#4820=PLANE('',#5413);
#4821=PLANE('',#5416);
#4822=PLANE('',#5417);
#4823=PLANE('',#5420);
#4824=PLANE('',#5421);
#4825=PLANE('',#5424);
#4826=PLANE('',#5425);
#4827=PLANE('',#5428);
#4828=PLANE('',#5429);
#4829=PLANE('',#5432);
#4830=PLANE('',#5433);
#4831=PLANE('',#5436);
#4832=PLANE('',#5437);
#4833=PLANE('',#5440);
#4834=PLANE('',#5441);
#4835=PLANE('',#5444);
#4836=PLANE('',#5445);
#4837=PLANE('',#5448);
#4838=PLANE('',#5449);
#4839=PLANE('',#5452);
#4840=PLANE('',#5453);
#4841=PLANE('',#5456);
#4842=PLANE('',#5457);
#4843=PLANE('',#5460);
#4844=PLANE('',#5461);
#4845=PLANE('',#5464);
#4846=PLANE('',#5465);
#4847=PLANE('',#5468);
#4848=PLANE('',#5469);
#4849=PLANE('',#5472);
#4850=PLANE('',#5473);
#4851=PLANE('',#5476);
#4852=PLANE('',#5477);
#4853=PLANE('',#5480);
#4854=PLANE('',#5481);
#4855=PLANE('',#5484);
#4856=PLANE('',#5485);
#4857=PLANE('',#5488);
#4858=PLANE('',#5489);
#4859=PLANE('',#5492);
#4860=PLANE('',#5493);
#4861=PLANE('',#5496);
#4862=PLANE('',#5497);
#4863=PLANE('',#5500);
#4864=PLANE('',#5501);
#4865=PLANE('',#5504);
#4866=PLANE('',#5505);
#4867=PLANE('',#5508);
#4868=PLANE('',#5509);
#4869=PLANE('',#5512);
#4870=PLANE('',#5513);
#4871=ADVANCED_FACE('',(#4456,#4457),#4712,.T.);
#4872=ADVANCED_FACE('',(#4458),#36,.T.);
#4873=ADVANCED_FACE('',(#4459),#4713,.T.);
#4874=ADVANCED_FACE('',(#4460),#12,.F.);
#4875=ADVANCED_FACE('',(#4461),#4714,.T.);
#4876=ADVANCED_FACE('',(#4462),#13,.T.);
#4877=ADVANCED_FACE('',(#4463),#4715,.T.);
#4878=ADVANCED_FACE('',(#4464),#37,.T.);
#4879=ADVANCED_FACE('',(#4465),#4716,.T.);
#4880=ADVANCED_FACE('',(#4466),#14,.F.);
#4881=ADVANCED_FACE('',(#4467),#4717,.T.);
#4882=ADVANCED_FACE('',(#4468),#15,.T.);
#4883=ADVANCED_FACE('',(#4469),#4718,.T.);
#4884=ADVANCED_FACE('',(#4470),#38,.T.);
#4885=ADVANCED_FACE('',(#4471),#4719,.T.);
#4886=ADVANCED_FACE('',(#4472),#16,.F.);
#4887=ADVANCED_FACE('',(#4473),#4720,.T.);
#4888=ADVANCED_FACE('',(#4474),#17,.T.);
#4889=ADVANCED_FACE('',(#4475),#4721,.T.);
#4890=ADVANCED_FACE('',(#4476),#39,.T.);
#4891=ADVANCED_FACE('',(#4477),#4722,.T.);
#4892=ADVANCED_FACE('',(#4478),#18,.F.);
#4893=ADVANCED_FACE('',(#4479),#4723,.T.);
#4894=ADVANCED_FACE('',(#4480),#19,.T.);
#4895=ADVANCED_FACE('',(#4481),#4724,.T.);
#4896=ADVANCED_FACE('',(#4482),#40,.T.);
#4897=ADVANCED_FACE('',(#4483),#4725,.T.);
#4898=ADVANCED_FACE('',(#4484),#20,.F.);
#4899=ADVANCED_FACE('',(#4485),#4726,.T.);
#4900=ADVANCED_FACE('',(#4486),#21,.T.);
#4901=ADVANCED_FACE('',(#4487),#4727,.T.);
#4902=ADVANCED_FACE('',(#4488),#41,.T.);
#4903=ADVANCED_FACE('',(#4489),#4728,.T.);
#4904=ADVANCED_FACE('',(#4490),#22,.F.);
#4905=ADVANCED_FACE('',(#4491),#4729,.T.);
#4906=ADVANCED_FACE('',(#4492),#23,.T.);
#4907=ADVANCED_FACE('',(#4493),#4730,.T.);
#4908=ADVANCED_FACE('',(#4494),#42,.T.);
#4909=ADVANCED_FACE('',(#4495),#4731,.T.);
#4910=ADVANCED_FACE('',(#4496),#24,.F.);
#4911=ADVANCED_FACE('',(#4497),#4732,.T.);
#4912=ADVANCED_FACE('',(#4498),#25,.T.);
#4913=ADVANCED_FACE('',(#4499),#4733,.T.);
#4914=ADVANCED_FACE('',(#4500),#43,.T.);
#4915=ADVANCED_FACE('',(#4501),#4734,.T.);
#4916=ADVANCED_FACE('',(#4502),#26,.F.);
#4917=ADVANCED_FACE('',(#4503),#4735,.T.);
#4918=ADVANCED_FACE('',(#4504),#27,.T.);
#4919=ADVANCED_FACE('',(#4505),#4736,.T.);
#4920=ADVANCED_FACE('',(#4506),#44,.T.);
#4921=ADVANCED_FACE('',(#4507),#4737,.T.);
#4922=ADVANCED_FACE('',(#4508),#28,.F.);
#4923=ADVANCED_FACE('',(#4509),#4738,.T.);
#4924=ADVANCED_FACE('',(#4510),#29,.T.);
#4925=ADVANCED_FACE('',(#4511),#4739,.T.);
#4926=ADVANCED_FACE('',(#4512),#45,.T.);
#4927=ADVANCED_FACE('',(#4513),#4740,.T.);
#4928=ADVANCED_FACE('',(#4514),#30,.F.);
#4929=ADVANCED_FACE('',(#4515),#4741,.T.);
#4930=ADVANCED_FACE('',(#4516),#31,.T.);
#4931=ADVANCED_FACE('',(#4517),#4742,.T.);
#4932=ADVANCED_FACE('',(#4518),#46,.T.);
#4933=ADVANCED_FACE('',(#4519),#4743,.T.);
#4934=ADVANCED_FACE('',(#4520),#32,.F.);
#4935=ADVANCED_FACE('',(#4521),#4744,.T.);
#4936=ADVANCED_FACE('',(#4522),#33,.T.);
#4937=ADVANCED_FACE('',(#4523),#4745,.T.);
#4938=ADVANCED_FACE('',(#4524),#47,.T.);
#4939=ADVANCED_FACE('',(#4525),#4746,.T.);
#4940=ADVANCED_FACE('',(#4526),#34,.F.);
#4941=ADVANCED_FACE('',(#4527),#4747,.T.);
#4942=ADVANCED_FACE('',(#4528),#35,.T.);
#4943=ADVANCED_FACE('',(#4529),#4748,.T.);
#4944=ADVANCED_FACE('',(#4530),#4749,.F.);
#4945=ADVANCED_FACE('',(#4531),#4750,.T.);
#4946=ADVANCED_FACE('',(#4532),#48,.F.);
#4947=ADVANCED_FACE('',(#4533),#4751,.T.);
#4948=ADVANCED_FACE('',(#4534),#4752,.T.);
#4949=ADVANCED_FACE('',(#4535),#49,.F.);
#4950=ADVANCED_FACE('',(#4536),#4753,.T.);
#4951=ADVANCED_FACE('',(#4537),#4754,.T.);
#4952=ADVANCED_FACE('',(#4538),#50,.F.);
#4953=ADVANCED_FACE('',(#4539),#4755,.T.);
#4954=ADVANCED_FACE('',(#4540),#4756,.T.);
#4955=ADVANCED_FACE('',(#4541),#51,.F.);
#4956=ADVANCED_FACE('',(#4542),#4757,.T.);
#4957=ADVANCED_FACE('',(#4543),#4758,.T.);
#4958=ADVANCED_FACE('',(#4544),#52,.F.);
#4959=ADVANCED_FACE('',(#4545),#4759,.T.);
#4960=ADVANCED_FACE('',(#4546),#4760,.T.);
#4961=ADVANCED_FACE('',(#4547),#53,.F.);
#4962=ADVANCED_FACE('',(#4548),#4761,.T.);
#4963=ADVANCED_FACE('',(#4549),#4762,.T.);
#4964=ADVANCED_FACE('',(#4550),#54,.F.);
#4965=ADVANCED_FACE('',(#4551),#4763,.T.);
#4966=ADVANCED_FACE('',(#4552),#4764,.T.);
#4967=ADVANCED_FACE('',(#4553),#55,.F.);
#4968=ADVANCED_FACE('',(#4554),#4765,.T.);
#4969=ADVANCED_FACE('',(#4555),#4766,.T.);
#4970=ADVANCED_FACE('',(#4556),#56,.F.);
#4971=ADVANCED_FACE('',(#4557),#4767,.T.);
#4972=ADVANCED_FACE('',(#4558),#4768,.T.);
#4973=ADVANCED_FACE('',(#4559),#57,.F.);
#4974=ADVANCED_FACE('',(#4560),#4769,.T.);
#4975=ADVANCED_FACE('',(#4561),#4770,.T.);
#4976=ADVANCED_FACE('',(#4562),#58,.F.);
#4977=ADVANCED_FACE('',(#4563),#4771,.T.);
#4978=ADVANCED_FACE('',(#4564),#4772,.T.);
#4979=ADVANCED_FACE('',(#4565),#59,.F.);
#4980=ADVANCED_FACE('',(#4566),#4773,.T.);
#4981=ADVANCED_FACE('',(#4567),#4774,.T.);
#4982=ADVANCED_FACE('',(#4568),#60,.F.);
#4983=ADVANCED_FACE('',(#4569),#4775,.T.);
#4984=ADVANCED_FACE('',(#4570),#4776,.T.);
#4985=ADVANCED_FACE('',(#4571),#61,.F.);
#4986=ADVANCED_FACE('',(#4572),#4777,.T.);
#4987=ADVANCED_FACE('',(#4573),#4778,.T.);
#4988=ADVANCED_FACE('',(#4574),#62,.F.);
#4989=ADVANCED_FACE('',(#4575),#4779,.T.);
#4990=ADVANCED_FACE('',(#4576),#4780,.T.);
#4991=ADVANCED_FACE('',(#4577),#63,.F.);
#4992=ADVANCED_FACE('',(#4578),#4781,.T.);
#4993=ADVANCED_FACE('',(#4579),#4782,.T.);
#4994=ADVANCED_FACE('',(#4580),#64,.F.);
#4995=ADVANCED_FACE('',(#4581),#4783,.T.);
#4996=ADVANCED_FACE('',(#4582),#4784,.T.);
#4997=ADVANCED_FACE('',(#4583),#65,.F.);
#4998=ADVANCED_FACE('',(#4584),#4785,.T.);
#4999=ADVANCED_FACE('',(#4585),#4786,.T.);
#5000=ADVANCED_FACE('',(#4586),#66,.F.);
#5001=ADVANCED_FACE('',(#4587),#4787,.T.);
#5002=ADVANCED_FACE('',(#4588),#4788,.T.);
#5003=ADVANCED_FACE('',(#4589),#67,.F.);
#5004=ADVANCED_FACE('',(#4590),#4789,.T.);
#5005=ADVANCED_FACE('',(#4591),#4790,.T.);
#5006=ADVANCED_FACE('',(#4592),#68,.F.);
#5007=ADVANCED_FACE('',(#4593),#4791,.T.);
#5008=ADVANCED_FACE('',(#4594),#4792,.T.);
#5009=ADVANCED_FACE('',(#4595),#69,.F.);
#5010=ADVANCED_FACE('',(#4596),#4793,.T.);
#5011=ADVANCED_FACE('',(#4597),#4794,.T.);
#5012=ADVANCED_FACE('',(#4598),#70,.F.);
#5013=ADVANCED_FACE('',(#4599),#4795,.T.);
#5014=ADVANCED_FACE('',(#4600),#4796,.T.);
#5015=ADVANCED_FACE('',(#4601),#71,.F.);
#5016=ADVANCED_FACE('',(#4602),#4797,.T.);
#5017=ADVANCED_FACE('',(#4603),#4798,.T.);
#5018=ADVANCED_FACE('',(#4604),#72,.F.);
#5019=ADVANCED_FACE('',(#4605),#4799,.T.);
#5020=ADVANCED_FACE('',(#4606),#4800,.T.);
#5021=ADVANCED_FACE('',(#4607),#73,.F.);
#5022=ADVANCED_FACE('',(#4608),#4801,.T.);
#5023=ADVANCED_FACE('',(#4609),#4802,.T.);
#5024=ADVANCED_FACE('',(#4610),#74,.F.);
#5025=ADVANCED_FACE('',(#4611),#4803,.T.);
#5026=ADVANCED_FACE('',(#4612),#4804,.T.);
#5027=ADVANCED_FACE('',(#4613),#75,.F.);
#5028=ADVANCED_FACE('',(#4614),#4805,.T.);
#5029=ADVANCED_FACE('',(#4615),#4806,.T.);
#5030=ADVANCED_FACE('',(#4616),#76,.F.);
#5031=ADVANCED_FACE('',(#4617),#4807,.T.);
#5032=ADVANCED_FACE('',(#4618),#4808,.T.);
#5033=ADVANCED_FACE('',(#4619),#77,.F.);
#5034=ADVANCED_FACE('',(#4620),#4809,.T.);
#5035=ADVANCED_FACE('',(#4621),#4810,.T.);
#5036=ADVANCED_FACE('',(#4622),#78,.F.);
#5037=ADVANCED_FACE('',(#4623),#4811,.T.);
#5038=ADVANCED_FACE('',(#4624),#4812,.T.);
#5039=ADVANCED_FACE('',(#4625),#79,.F.);
#5040=ADVANCED_FACE('',(#4626),#4813,.T.);
#5041=ADVANCED_FACE('',(#4627),#4814,.T.);
#5042=ADVANCED_FACE('',(#4628),#80,.F.);
#5043=ADVANCED_FACE('',(#4629),#4815,.T.);
#5044=ADVANCED_FACE('',(#4630),#4816,.T.);
#5045=ADVANCED_FACE('',(#4631),#81,.F.);
#5046=ADVANCED_FACE('',(#4632),#4817,.T.);
#5047=ADVANCED_FACE('',(#4633),#4818,.T.);
#5048=ADVANCED_FACE('',(#4634),#82,.F.);
#5049=ADVANCED_FACE('',(#4635),#4819,.T.);
#5050=ADVANCED_FACE('',(#4636),#4820,.T.);
#5051=ADVANCED_FACE('',(#4637),#83,.F.);
#5052=ADVANCED_FACE('',(#4638),#4821,.T.);
#5053=ADVANCED_FACE('',(#4639),#4822,.T.);
#5054=ADVANCED_FACE('',(#4640),#84,.F.);
#5055=ADVANCED_FACE('',(#4641),#4823,.T.);
#5056=ADVANCED_FACE('',(#4642),#4824,.T.);
#5057=ADVANCED_FACE('',(#4643),#85,.F.);
#5058=ADVANCED_FACE('',(#4644),#4825,.T.);
#5059=ADVANCED_FACE('',(#4645),#4826,.T.);
#5060=ADVANCED_FACE('',(#4646),#86,.F.);
#5061=ADVANCED_FACE('',(#4647),#4827,.T.);
#5062=ADVANCED_FACE('',(#4648),#4828,.T.);
#5063=ADVANCED_FACE('',(#4649),#87,.F.);
#5064=ADVANCED_FACE('',(#4650),#4829,.T.);
#5065=ADVANCED_FACE('',(#4651),#4830,.T.);
#5066=ADVANCED_FACE('',(#4652),#88,.F.);
#5067=ADVANCED_FACE('',(#4653),#4831,.T.);
#5068=ADVANCED_FACE('',(#4654),#4832,.T.);
#5069=ADVANCED_FACE('',(#4655),#89,.F.);
#5070=ADVANCED_FACE('',(#4656),#4833,.T.);
#5071=ADVANCED_FACE('',(#4657),#4834,.T.);
#5072=ADVANCED_FACE('',(#4658),#90,.F.);
#5073=ADVANCED_FACE('',(#4659),#4835,.T.);
#5074=ADVANCED_FACE('',(#4660),#4836,.T.);
#5075=ADVANCED_FACE('',(#4661),#91,.F.);
#5076=ADVANCED_FACE('',(#4662),#4837,.T.);
#5077=ADVANCED_FACE('',(#4663),#4838,.T.);
#5078=ADVANCED_FACE('',(#4664),#92,.F.);
#5079=ADVANCED_FACE('',(#4665),#4839,.T.);
#5080=ADVANCED_FACE('',(#4666),#4840,.T.);
#5081=ADVANCED_FACE('',(#4667),#93,.F.);
#5082=ADVANCED_FACE('',(#4668),#4841,.T.);
#5083=ADVANCED_FACE('',(#4669),#4842,.T.);
#5084=ADVANCED_FACE('',(#4670),#94,.F.);
#5085=ADVANCED_FACE('',(#4671),#4843,.T.);
#5086=ADVANCED_FACE('',(#4672),#4844,.T.);
#5087=ADVANCED_FACE('',(#4673),#95,.F.);
#5088=ADVANCED_FACE('',(#4674),#4845,.T.);
#5089=ADVANCED_FACE('',(#4675),#4846,.T.);
#5090=ADVANCED_FACE('',(#4676),#96,.F.);
#5091=ADVANCED_FACE('',(#4677),#4847,.T.);
#5092=ADVANCED_FACE('',(#4678),#4848,.T.);
#5093=ADVANCED_FACE('',(#4679),#97,.F.);
#5094=ADVANCED_FACE('',(#4680),#4849,.T.);
#5095=ADVANCED_FACE('',(#4681),#4850,.T.);
#5096=ADVANCED_FACE('',(#4682),#98,.F.);
#5097=ADVANCED_FACE('',(#4683),#4851,.T.);
#5098=ADVANCED_FACE('',(#4684),#4852,.T.);
#5099=ADVANCED_FACE('',(#4685),#99,.F.);
#5100=ADVANCED_FACE('',(#4686),#4853,.T.);
#5101=ADVANCED_FACE('',(#4687),#4854,.T.);
#5102=ADVANCED_FACE('',(#4688),#100,.F.);
#5103=ADVANCED_FACE('',(#4689),#4855,.T.);
#5104=ADVANCED_FACE('',(#4690),#4856,.T.);
#5105=ADVANCED_FACE('',(#4691),#101,.F.);
#5106=ADVANCED_FACE('',(#4692),#4857,.T.);
#5107=ADVANCED_FACE('',(#4693),#4858,.T.);
#5108=ADVANCED_FACE('',(#4694),#102,.F.);
#5109=ADVANCED_FACE('',(#4695),#4859,.T.);
#5110=ADVANCED_FACE('',(#4696),#4860,.T.);
#5111=ADVANCED_FACE('',(#4697),#103,.F.);
#5112=ADVANCED_FACE('',(#4698),#4861,.T.);
#5113=ADVANCED_FACE('',(#4699),#4862,.T.);
#5114=ADVANCED_FACE('',(#4700),#104,.F.);
#5115=ADVANCED_FACE('',(#4701),#4863,.T.);
#5116=ADVANCED_FACE('',(#4702),#4864,.T.);
#5117=ADVANCED_FACE('',(#4703),#105,.F.);
#5118=ADVANCED_FACE('',(#4704),#4865,.T.);
#5119=ADVANCED_FACE('',(#4705),#4866,.T.);
#5120=ADVANCED_FACE('',(#4706),#106,.F.);
#5121=ADVANCED_FACE('',(#4707),#4867,.T.);
#5122=ADVANCED_FACE('',(#4708),#4868,.T.);
#5123=ADVANCED_FACE('',(#4709),#107,.F.);
#5124=ADVANCED_FACE('',(#4710),#4869,.T.);
#5125=ADVANCED_FACE('',(#4711),#4870,.T.);
#5126=CLOSED_SHELL('',(#4871,#4872,#4873,#4874,#4875,#4876,#4877,#4878,
#4879,#4880,#4881,#4882,#4883,#4884,#4885,#4886,#4887,#4888,#4889,#4890,
#4891,#4892,#4893,#4894,#4895,#4896,#4897,#4898,#4899,#4900,#4901,#4902,
#4903,#4904,#4905,#4906,#4907,#4908,#4909,#4910,#4911,#4912,#4913,#4914,
#4915,#4916,#4917,#4918,#4919,#4920,#4921,#4922,#4923,#4924,#4925,#4926,
#4927,#4928,#4929,#4930,#4931,#4932,#4933,#4934,#4935,#4936,#4937,#4938,
#4939,#4940,#4941,#4942,#4943,#4944,#4945,#4946,#4947,#4948,#4949,#4950,
#4951,#4952,#4953,#4954,#4955,#4956,#4957,#4958,#4959,#4960,#4961,#4962,
#4963,#4964,#4965,#4966,#4967,#4968,#4969,#4970,#4971,#4972,#4973,#4974,
#4975,#4976,#4977,#4978,#4979,#4980,#4981,#4982,#4983,#4984,#4985,#4986,
#4987,#4988,#4989,#4990,#4991,#4992,#4993,#4994,#4995,#4996,#4997,#4998,
#4999,#5000,#5001,#5002,#5003,#5004,#5005,#5006,#5007,#5008,#5009,#5010,
#5011,#5012,#5013,#5014,#5015,#5016,#5017,#5018,#5019,#5020,#5021,#5022,
#5023,#5024,#5025,#5026,#5027,#5028,#5029,#5030,#5031,#5032,#5033,#5034,
#5035,#5036,#5037,#5038,#5039,#5040,#5041,#5042,#5043,#5044,#5045,#5046,
#5047,#5048,#5049,#5050,#5051,#5052,#5053,#5054,#5055,#5056,#5057,#5058,
#5059,#5060,#5061,#5062,#5063,#5064,#5065,#5066,#5067,#5068,#5069,#5070,
#5071,#5072,#5073,#5074,#5075,#5076,#5077,#5078,#5079,#5080,#5081,#5082,
#5083,#5084,#5085,#5086,#5087,#5088,#5089,#5090,#5091,#5092,#5093,#5094,
#5095,#5096,#5097,#5098,#5099,#5100,#5101,#5102,#5103,#5104,#5105,#5106,
#5107,#5108,#5109,#5110,#5111,#5112,#5113,#5114,#5115,#5116,#5117,#5118,
#5119,#5120,#5121,#5122,#5123,#5124,#5125));
#5127=STYLED_ITEM('',(#5128),#5135);
#5128=PRESENTATION_STYLE_ASSIGNMENT((#5129));
#5129=SURFACE_STYLE_USAGE(.BOTH.,#5130);
#5130=SURFACE_SIDE_STYLE('',(#5131));
#5131=SURFACE_STYLE_FILL_AREA(#5132);
#5132=FILL_AREA_STYLE('',(#5133));
#5133=FILL_AREA_STYLE_COLOUR('',#5134);
#5134=COLOUR_RGB('',0.980392156862745,0.713725490196078,0.00392156862745098);
#5135=MANIFOLD_SOLID_BREP('TurntableGear',#5126);
#5136=SHAPE_DEFINITION_REPRESENTATION(#10008,#5137);
#5137=SHAPE_REPRESENTATION('TurntableGear',(#5138),#10003);
#5138=AXIS2_PLACEMENT_3D('',#6830,#5514,#5515);
#5139=AXIS2_PLACEMENT_3D('',#6831,#5516,#5517);
#5140=AXIS2_PLACEMENT_3D('',#6832,#5518,#5519);
#5141=AXIS2_PLACEMENT_3D('',#6879,#5523,#5524);
#5142=AXIS2_PLACEMENT_3D('',#6925,#5528,#5529);
#5143=AXIS2_PLACEMENT_3D('',#6971,#5533,#5534);
#5144=AXIS2_PLACEMENT_3D('',#7017,#5538,#5539);
#5145=AXIS2_PLACEMENT_3D('',#7063,#5543,#5544);
#5146=AXIS2_PLACEMENT_3D('',#7109,#5548,#5549);
#5147=AXIS2_PLACEMENT_3D('',#7155,#5553,#5554);
#5148=AXIS2_PLACEMENT_3D('',#7201,#5558,#5559);
#5149=AXIS2_PLACEMENT_3D('',#7247,#5563,#5564);
#5150=AXIS2_PLACEMENT_3D('',#7293,#5568,#5569);
#5151=AXIS2_PLACEMENT_3D('',#7339,#5573,#5574);
#5152=AXIS2_PLACEMENT_3D('',#7384,#5578,#5579);
#5153=AXIS2_PLACEMENT_3D('',#7391,#5582,#5583);
#5154=AXIS2_PLACEMENT_3D('',#7397,#5586,#5587);
#5155=AXIS2_PLACEMENT_3D('',#7403,#5590,#5591);
#5156=AXIS2_PLACEMENT_3D('',#7409,#5594,#5595);
#5157=AXIS2_PLACEMENT_3D('',#7415,#5598,#5599);
#5158=AXIS2_PLACEMENT_3D('',#7421,#5602,#5603);
#5159=AXIS2_PLACEMENT_3D('',#7427,#5606,#5607);
#5160=AXIS2_PLACEMENT_3D('',#7433,#5610,#5611);
#5161=AXIS2_PLACEMENT_3D('',#7439,#5614,#5615);
#5162=AXIS2_PLACEMENT_3D('',#7445,#5618,#5619);
#5163=AXIS2_PLACEMENT_3D('',#7451,#5622,#5623);
#5164=AXIS2_PLACEMENT_3D('',#7457,#5626,#5627);
#5165=AXIS2_PLACEMENT_3D('',#7463,#5630,#5631);
#5166=AXIS2_PLACEMENT_3D('',#7469,#5634,#5635);
#5167=AXIS2_PLACEMENT_3D('',#7475,#5638,#5639);
#5168=AXIS2_PLACEMENT_3D('',#7481,#5642,#5643);
#5169=AXIS2_PLACEMENT_3D('',#7487,#5646,#5647);
#5170=AXIS2_PLACEMENT_3D('',#7493,#5650,#5651);
#5171=AXIS2_PLACEMENT_3D('',#7499,#5654,#5655);
#5172=AXIS2_PLACEMENT_3D('',#7505,#5658,#5659);
#5173=AXIS2_PLACEMENT_3D('',#7511,#5662,#5663);
#5174=AXIS2_PLACEMENT_3D('',#7517,#5666,#5667);
#5175=AXIS2_PLACEMENT_3D('',#7523,#5670,#5671);
#5176=AXIS2_PLACEMENT_3D('',#7529,#5674,#5675);
#5177=AXIS2_PLACEMENT_3D('',#7535,#5678,#5679);
#5178=AXIS2_PLACEMENT_3D('',#7541,#5682,#5683);
#5179=AXIS2_PLACEMENT_3D('',#7547,#5686,#5687);
#5180=AXIS2_PLACEMENT_3D('',#7553,#5690,#5691);
#5181=AXIS2_PLACEMENT_3D('',#7559,#5694,#5695);
#5182=AXIS2_PLACEMENT_3D('',#7565,#5698,#5699);
#5183=AXIS2_PLACEMENT_3D('',#7571,#5702,#5703);
#5184=AXIS2_PLACEMENT_3D('',#7577,#5706,#5707);
#5185=AXIS2_PLACEMENT_3D('',#7583,#5710,#5711);
#5186=AXIS2_PLACEMENT_3D('',#7589,#5714,#5715);
#5187=AXIS2_PLACEMENT_3D('',#7595,#5718,#5719);
#5188=AXIS2_PLACEMENT_3D('',#7601,#5722,#5723);
#5189=AXIS2_PLACEMENT_3D('',#7607,#5726,#5727);
#5190=AXIS2_PLACEMENT_3D('',#7613,#5730,#5731);
#5191=AXIS2_PLACEMENT_3D('',#7619,#5734,#5735);
#5192=AXIS2_PLACEMENT_3D('',#7625,#5738,#5739);
#5193=AXIS2_PLACEMENT_3D('',#7631,#5742,#5743);
#5194=AXIS2_PLACEMENT_3D('',#7637,#5746,#5747);
#5195=AXIS2_PLACEMENT_3D('',#7643,#5750,#5751);
#5196=AXIS2_PLACEMENT_3D('',#7649,#5754,#5755);
#5197=AXIS2_PLACEMENT_3D('',#7655,#5758,#5759);
#5198=AXIS2_PLACEMENT_3D('',#7661,#5762,#5763);
#5199=AXIS2_PLACEMENT_3D('',#7667,#5766,#5767);
#5200=AXIS2_PLACEMENT_3D('',#7673,#5770,#5771);
#5201=AXIS2_PLACEMENT_3D('',#7679,#5774,#5775);
#5202=AXIS2_PLACEMENT_3D('',#7685,#5778,#5779);
#5203=AXIS2_PLACEMENT_3D('',#7691,#5782,#5783);
#5204=AXIS2_PLACEMENT_3D('',#7697,#5786,#5787);
#5205=AXIS2_PLACEMENT_3D('',#7703,#5790,#5791);
#5206=AXIS2_PLACEMENT_3D('',#7709,#5794,#5795);
#5207=AXIS2_PLACEMENT_3D('',#7715,#5798,#5799);
#5208=AXIS2_PLACEMENT_3D('',#7721,#5802,#5803);
#5209=AXIS2_PLACEMENT_3D('',#7727,#5806,#5807);
#5210=AXIS2_PLACEMENT_3D('',#7733,#5810,#5811);
#5211=AXIS2_PLACEMENT_3D('',#7739,#5814,#5815);
#5212=AXIS2_PLACEMENT_3D('',#7744,#5818,#5819);
#5213=AXIS2_PLACEMENT_3D('',#7747,#5821,#5822);
#5214=AXIS2_PLACEMENT_3D('',#7750,#5824,#5825);
#5215=AXIS2_PLACEMENT_3D('',#7810,#5829,#5830);
#5216=AXIS2_PLACEMENT_3D('',#7870,#5834,#5835);
#5217=AXIS2_PLACEMENT_3D('',#7874,#5838,#5839);
#5218=AXIS2_PLACEMENT_3D('',#7877,#5841,#5842);
#5219=AXIS2_PLACEMENT_3D('',#7878,#5843,#5844);
#5220=AXIS2_PLACEMENT_3D('',#7938,#5848,#5849);
#5221=AXIS2_PLACEMENT_3D('',#7998,#5853,#5854);
#5222=AXIS2_PLACEMENT_3D('',#8002,#5857,#5858);
#5223=AXIS2_PLACEMENT_3D('',#8005,#5860,#5861);
#5224=AXIS2_PLACEMENT_3D('',#8006,#5862,#5863);
#5225=AXIS2_PLACEMENT_3D('',#8066,#5867,#5868);
#5226=AXIS2_PLACEMENT_3D('',#8126,#5872,#5873);
#5227=AXIS2_PLACEMENT_3D('',#8130,#5876,#5877);
#5228=AXIS2_PLACEMENT_3D('',#8133,#5879,#5880);
#5229=AXIS2_PLACEMENT_3D('',#8134,#5881,#5882);
#5230=AXIS2_PLACEMENT_3D('',#8194,#5886,#5887);
#5231=AXIS2_PLACEMENT_3D('',#8254,#5891,#5892);
#5232=AXIS2_PLACEMENT_3D('',#8258,#5895,#5896);
#5233=AXIS2_PLACEMENT_3D('',#8261,#5898,#5899);
#5234=AXIS2_PLACEMENT_3D('',#8262,#5900,#5901);
#5235=AXIS2_PLACEMENT_3D('',#8322,#5905,#5906);
#5236=AXIS2_PLACEMENT_3D('',#8382,#5910,#5911);
#5237=AXIS2_PLACEMENT_3D('',#8386,#5914,#5915);
#5238=AXIS2_PLACEMENT_3D('',#8389,#5917,#5918);
#5239=AXIS2_PLACEMENT_3D('',#8390,#5919,#5920);
#5240=AXIS2_PLACEMENT_3D('',#8450,#5924,#5925);
#5241=AXIS2_PLACEMENT_3D('',#8510,#5929,#5930);
#5242=AXIS2_PLACEMENT_3D('',#8514,#5933,#5934);
#5243=AXIS2_PLACEMENT_3D('',#8517,#5936,#5937);
#5244=AXIS2_PLACEMENT_3D('',#8518,#5938,#5939);
#5245=AXIS2_PLACEMENT_3D('',#8578,#5943,#5944);
#5246=AXIS2_PLACEMENT_3D('',#8638,#5948,#5949);
#5247=AXIS2_PLACEMENT_3D('',#8642,#5952,#5953);
#5248=AXIS2_PLACEMENT_3D('',#8645,#5955,#5956);
#5249=AXIS2_PLACEMENT_3D('',#8646,#5957,#5958);
#5250=AXIS2_PLACEMENT_3D('',#8706,#5962,#5963);
#5251=AXIS2_PLACEMENT_3D('',#8766,#5967,#5968);
#5252=AXIS2_PLACEMENT_3D('',#8770,#5971,#5972);
#5253=AXIS2_PLACEMENT_3D('',#8773,#5974,#5975);
#5254=AXIS2_PLACEMENT_3D('',#8774,#5976,#5977);
#5255=AXIS2_PLACEMENT_3D('',#8834,#5981,#5982);
#5256=AXIS2_PLACEMENT_3D('',#8894,#5986,#5987);
#5257=AXIS2_PLACEMENT_3D('',#8898,#5990,#5991);
#5258=AXIS2_PLACEMENT_3D('',#8901,#5993,#5994);
#5259=AXIS2_PLACEMENT_3D('',#8902,#5995,#5996);
#5260=AXIS2_PLACEMENT_3D('',#8962,#6000,#6001);
#5261=AXIS2_PLACEMENT_3D('',#9022,#6005,#6006);
#5262=AXIS2_PLACEMENT_3D('',#9026,#6009,#6010);
#5263=AXIS2_PLACEMENT_3D('',#9029,#6012,#6013);
#5264=AXIS2_PLACEMENT_3D('',#9030,#6014,#6015);
#5265=AXIS2_PLACEMENT_3D('',#9090,#6019,#6020);
#5266=AXIS2_PLACEMENT_3D('',#9150,#6024,#6025);
#5267=AXIS2_PLACEMENT_3D('',#9154,#6028,#6029);
#5268=AXIS2_PLACEMENT_3D('',#9157,#6031,#6032);
#5269=AXIS2_PLACEMENT_3D('',#9158,#6033,#6034);
#5270=AXIS2_PLACEMENT_3D('',#9218,#6038,#6039);
#5271=AXIS2_PLACEMENT_3D('',#9278,#6043,#6044);
#5272=AXIS2_PLACEMENT_3D('',#9280,#6046,#6047);
#5273=AXIS2_PLACEMENT_3D('',#9281,#6048,#6049);
#5274=AXIS2_PLACEMENT_3D('',#9287,#6053,#6054);
#5275=AXIS2_PLACEMENT_3D('',#9290,#6056,#6057);
#5276=AXIS2_PLACEMENT_3D('',#9291,#6058,#6059);
#5277=AXIS2_PLACEMENT_3D('',#9295,#6062,#6063);
#5278=AXIS2_PLACEMENT_3D('',#9299,#6066,#6067);
#5279=AXIS2_PLACEMENT_3D('',#9302,#6069,#6070);
#5280=AXIS2_PLACEMENT_3D('',#9303,#6071,#6072);
#5281=AXIS2_PLACEMENT_3D('',#9307,#6075,#6076);
#5282=AXIS2_PLACEMENT_3D('',#9311,#6079,#6080);
#5283=AXIS2_PLACEMENT_3D('',#9314,#6082,#6083);
#5284=AXIS2_PLACEMENT_3D('',#9315,#6084,#6085);
#5285=AXIS2_PLACEMENT_3D('',#9319,#6088,#6089);
#5286=AXIS2_PLACEMENT_3D('',#9323,#6092,#6093);
#5287=AXIS2_PLACEMENT_3D('',#9326,#6095,#6096);
#5288=AXIS2_PLACEMENT_3D('',#9327,#6097,#6098);
#5289=AXIS2_PLACEMENT_3D('',#9331,#6101,#6102);
#5290=AXIS2_PLACEMENT_3D('',#9335,#6105,#6106);
#5291=AXIS2_PLACEMENT_3D('',#9338,#6108,#6109);
#5292=AXIS2_PLACEMENT_3D('',#9339,#6110,#6111);
#5293=AXIS2_PLACEMENT_3D('',#9343,#6114,#6115);
#5294=AXIS2_PLACEMENT_3D('',#9347,#6118,#6119);
#5295=AXIS2_PLACEMENT_3D('',#9350,#6121,#6122);
#5296=AXIS2_PLACEMENT_3D('',#9351,#6123,#6124);
#5297=AXIS2_PLACEMENT_3D('',#9355,#6127,#6128);
#5298=AXIS2_PLACEMENT_3D('',#9359,#6131,#6132);
#5299=AXIS2_PLACEMENT_3D('',#9362,#6134,#6135);
#5300=AXIS2_PLACEMENT_3D('',#9363,#6136,#6137);
#5301=AXIS2_PLACEMENT_3D('',#9367,#6140,#6141);
#5302=AXIS2_PLACEMENT_3D('',#9371,#6144,#6145);
#5303=AXIS2_PLACEMENT_3D('',#9374,#6147,#6148);
#5304=AXIS2_PLACEMENT_3D('',#9375,#6149,#6150);
#5305=AXIS2_PLACEMENT_3D('',#9379,#6153,#6154);
#5306=AXIS2_PLACEMENT_3D('',#9383,#6157,#6158);
#5307=AXIS2_PLACEMENT_3D('',#9386,#6160,#6161);
#5308=AXIS2_PLACEMENT_3D('',#9387,#6162,#6163);
#5309=AXIS2_PLACEMENT_3D('',#9391,#6166,#6167);
#5310=AXIS2_PLACEMENT_3D('',#9395,#6170,#6171);
#5311=AXIS2_PLACEMENT_3D('',#9398,#6173,#6174);
#5312=AXIS2_PLACEMENT_3D('',#9399,#6175,#6176);
#5313=AXIS2_PLACEMENT_3D('',#9403,#6179,#6180);
#5314=AXIS2_PLACEMENT_3D('',#9407,#6183,#6184);
#5315=AXIS2_PLACEMENT_3D('',#9410,#6186,#6187);
#5316=AXIS2_PLACEMENT_3D('',#9411,#6188,#6189);
#5317=AXIS2_PLACEMENT_3D('',#9415,#6192,#6193);
#5318=AXIS2_PLACEMENT_3D('',#9419,#6196,#6197);
#5319=AXIS2_PLACEMENT_3D('',#9422,#6199,#6200);
#5320=AXIS2_PLACEMENT_3D('',#9423,#6201,#6202);
#5321=AXIS2_PLACEMENT_3D('',#9427,#6205,#6206);
#5322=AXIS2_PLACEMENT_3D('',#9431,#6209,#6210);
#5323=AXIS2_PLACEMENT_3D('',#9434,#6212,#6213);
#5324=AXIS2_PLACEMENT_3D('',#9435,#6214,#6215);
#5325=AXIS2_PLACEMENT_3D('',#9439,#6218,#6219);
#5326=AXIS2_PLACEMENT_3D('',#9443,#6222,#6223);
#5327=AXIS2_PLACEMENT_3D('',#9446,#6225,#6226);
#5328=AXIS2_PLACEMENT_3D('',#9447,#6227,#6228);
#5329=AXIS2_PLACEMENT_3D('',#9451,#6231,#6232);
#5330=AXIS2_PLACEMENT_3D('',#9455,#6235,#6236);
#5331=AXIS2_PLACEMENT_3D('',#9458,#6238,#6239);
#5332=AXIS2_PLACEMENT_3D('',#9459,#6240,#6241);
#5333=AXIS2_PLACEMENT_3D('',#9463,#6244,#6245);
#5334=AXIS2_PLACEMENT_3D('',#9467,#6248,#6249);
#5335=AXIS2_PLACEMENT_3D('',#9470,#6251,#6252);
#5336=AXIS2_PLACEMENT_3D('',#9471,#6253,#6254);
#5337=AXIS2_PLACEMENT_3D('',#9475,#6257,#6258);
#5338=AXIS2_PLACEMENT_3D('',#9479,#6261,#6262);
#5339=AXIS2_PLACEMENT_3D('',#9482,#6264,#6265);
#5340=AXIS2_PLACEMENT_3D('',#9483,#6266,#6267);
#5341=AXIS2_PLACEMENT_3D('',#9487,#6270,#6271);
#5342=AXIS2_PLACEMENT_3D('',#9491,#6274,#6275);
#5343=AXIS2_PLACEMENT_3D('',#9494,#6277,#6278);
#5344=AXIS2_PLACEMENT_3D('',#9495,#6279,#6280);
#5345=AXIS2_PLACEMENT_3D('',#9499,#6283,#6284);
#5346=AXIS2_PLACEMENT_3D('',#9503,#6287,#6288);
#5347=AXIS2_PLACEMENT_3D('',#9506,#6290,#6291);
#5348=AXIS2_PLACEMENT_3D('',#9507,#6292,#6293);
#5349=AXIS2_PLACEMENT_3D('',#9511,#6296,#6297);
#5350=AXIS2_PLACEMENT_3D('',#9515,#6300,#6301);
#5351=AXIS2_PLACEMENT_3D('',#9518,#6303,#6304);
#5352=AXIS2_PLACEMENT_3D('',#9519,#6305,#6306);
#5353=AXIS2_PLACEMENT_3D('',#9523,#6309,#6310);
#5354=AXIS2_PLACEMENT_3D('',#9527,#6313,#6314);
#5355=AXIS2_PLACEMENT_3D('',#9530,#6316,#6317);
#5356=AXIS2_PLACEMENT_3D('',#9531,#6318,#6319);
#5357=AXIS2_PLACEMENT_3D('',#9535,#6322,#6323);
#5358=AXIS2_PLACEMENT_3D('',#9539,#6326,#6327);
#5359=AXIS2_PLACEMENT_3D('',#9542,#6329,#6330);
#5360=AXIS2_PLACEMENT_3D('',#9543,#6331,#6332);
#5361=AXIS2_PLACEMENT_3D('',#9547,#6335,#6336);
#5362=AXIS2_PLACEMENT_3D('',#9551,#6339,#6340);
#5363=AXIS2_PLACEMENT_3D('',#9554,#6342,#6343);
#5364=AXIS2_PLACEMENT_3D('',#9555,#6344,#6345);
#5365=AXIS2_PLACEMENT_3D('',#9559,#6348,#6349);
#5366=AXIS2_PLACEMENT_3D('',#9563,#6352,#6353);
#5367=AXIS2_PLACEMENT_3D('',#9566,#6355,#6356);
#5368=AXIS2_PLACEMENT_3D('',#9567,#6357,#6358);
#5369=AXIS2_PLACEMENT_3D('',#9571,#6361,#6362);
#5370=AXIS2_PLACEMENT_3D('',#9575,#6365,#6366);
#5371=AXIS2_PLACEMENT_3D('',#9578,#6368,#6369);
#5372=AXIS2_PLACEMENT_3D('',#9579,#6370,#6371);
#5373=AXIS2_PLACEMENT_3D('',#9583,#6374,#6375);
#5374=AXIS2_PLACEMENT_3D('',#9587,#6378,#6379);
#5375=AXIS2_PLACEMENT_3D('',#9590,#6381,#6382);
#5376=AXIS2_PLACEMENT_3D('',#9591,#6383,#6384);
#5377=AXIS2_PLACEMENT_3D('',#9595,#6387,#6388);
#5378=AXIS2_PLACEMENT_3D('',#9599,#6391,#6392);
#5379=AXIS2_PLACEMENT_3D('',#9602,#6394,#6395);
#5380=AXIS2_PLACEMENT_3D('',#9603,#6396,#6397);
#5381=AXIS2_PLACEMENT_3D('',#9607,#6400,#6401);
#5382=AXIS2_PLACEMENT_3D('',#9611,#6404,#6405);
#5383=AXIS2_PLACEMENT_3D('',#9614,#6407,#6408);
#5384=AXIS2_PLACEMENT_3D('',#9615,#6409,#6410);
#5385=AXIS2_PLACEMENT_3D('',#9619,#6413,#6414);
#5386=AXIS2_PLACEMENT_3D('',#9623,#6417,#6418);
#5387=AXIS2_PLACEMENT_3D('',#9626,#6420,#6421);
#5388=AXIS2_PLACEMENT_3D('',#9627,#6422,#6423);
#5389=AXIS2_PLACEMENT_3D('',#9631,#6426,#6427);
#5390=AXIS2_PLACEMENT_3D('',#9635,#6430,#6431);
#5391=AXIS2_PLACEMENT_3D('',#9638,#6433,#6434);
#5392=AXIS2_PLACEMENT_3D('',#9639,#6435,#6436);
#5393=AXIS2_PLACEMENT_3D('',#9643,#6439,#6440);
#5394=AXIS2_PLACEMENT_3D('',#9647,#6443,#6444);
#5395=AXIS2_PLACEMENT_3D('',#9650,#6446,#6447);
#5396=AXIS2_PLACEMENT_3D('',#9651,#6448,#6449);
#5397=AXIS2_PLACEMENT_3D('',#9655,#6452,#6453);
#5398=AXIS2_PLACEMENT_3D('',#9659,#6456,#6457);
#5399=AXIS2_PLACEMENT_3D('',#9662,#6459,#6460);
#5400=AXIS2_PLACEMENT_3D('',#9663,#6461,#6462);
#5401=AXIS2_PLACEMENT_3D('',#9667,#6465,#6466);
#5402=AXIS2_PLACEMENT_3D('',#9671,#6469,#6470);
#5403=AXIS2_PLACEMENT_3D('',#9674,#6472,#6473);
#5404=AXIS2_PLACEMENT_3D('',#9675,#6474,#6475);
#5405=AXIS2_PLACEMENT_3D('',#9679,#6478,#6479);
#5406=AXIS2_PLACEMENT_3D('',#9683,#6482,#6483);
#5407=AXIS2_PLACEMENT_3D('',#9686,#6485,#6486);
#5408=AXIS2_PLACEMENT_3D('',#9687,#6487,#6488);
#5409=AXIS2_PLACEMENT_3D('',#9691,#6491,#6492);
#5410=AXIS2_PLACEMENT_3D('',#9695,#6495,#6496);
#5411=AXIS2_PLACEMENT_3D('',#9698,#6498,#6499);
#5412=AXIS2_PLACEMENT_3D('',#9699,#6500,#6501);
#5413=AXIS2_PLACEMENT_3D('',#9703,#6504,#6505);
#5414=AXIS2_PLACEMENT_3D('',#9707,#6508,#6509);
#5415=AXIS2_PLACEMENT_3D('',#9710,#6511,#6512);
#5416=AXIS2_PLACEMENT_3D('',#9711,#6513,#6514);
#5417=AXIS2_PLACEMENT_3D('',#9715,#6517,#6518);
#5418=AXIS2_PLACEMENT_3D('',#9719,#6521,#6522);
#5419=AXIS2_PLACEMENT_3D('',#9722,#6524,#6525);
#5420=AXIS2_PLACEMENT_3D('',#9723,#6526,#6527);
#5421=AXIS2_PLACEMENT_3D('',#9727,#6530,#6531);
#5422=AXIS2_PLACEMENT_3D('',#9731,#6534,#6535);
#5423=AXIS2_PLACEMENT_3D('',#9734,#6537,#6538);
#5424=AXIS2_PLACEMENT_3D('',#9735,#6539,#6540);
#5425=AXIS2_PLACEMENT_3D('',#9739,#6543,#6544);
#5426=AXIS2_PLACEMENT_3D('',#9743,#6547,#6548);
#5427=AXIS2_PLACEMENT_3D('',#9746,#6550,#6551);
#5428=AXIS2_PLACEMENT_3D('',#9747,#6552,#6553);
#5429=AXIS2_PLACEMENT_3D('',#9751,#6556,#6557);
#5430=AXIS2_PLACEMENT_3D('',#9755,#6560,#6561);
#5431=AXIS2_PLACEMENT_3D('',#9758,#6563,#6564);
#5432=AXIS2_PLACEMENT_3D('',#9759,#6565,#6566);
#5433=AXIS2_PLACEMENT_3D('',#9763,#6569,#6570);
#5434=AXIS2_PLACEMENT_3D('',#9767,#6573,#6574);
#5435=AXIS2_PLACEMENT_3D('',#9770,#6576,#6577);
#5436=AXIS2_PLACEMENT_3D('',#9771,#6578,#6579);
#5437=AXIS2_PLACEMENT_3D('',#9775,#6582,#6583);
#5438=AXIS2_PLACEMENT_3D('',#9779,#6586,#6587);
#5439=AXIS2_PLACEMENT_3D('',#9782,#6589,#6590);
#5440=AXIS2_PLACEMENT_3D('',#9783,#6591,#6592);
#5441=AXIS2_PLACEMENT_3D('',#9787,#6595,#6596);
#5442=AXIS2_PLACEMENT_3D('',#9791,#6599,#6600);
#5443=AXIS2_PLACEMENT_3D('',#9794,#6602,#6603);
#5444=AXIS2_PLACEMENT_3D('',#9795,#6604,#6605);
#5445=AXIS2_PLACEMENT_3D('',#9799,#6608,#6609);
#5446=AXIS2_PLACEMENT_3D('',#9803,#6612,#6613);
#5447=AXIS2_PLACEMENT_3D('',#9806,#6615,#6616);
#5448=AXIS2_PLACEMENT_3D('',#9807,#6617,#6618);
#5449=AXIS2_PLACEMENT_3D('',#9811,#6621,#6622);
#5450=AXIS2_PLACEMENT_3D('',#9815,#6625,#6626);
#5451=AXIS2_PLACEMENT_3D('',#9818,#6628,#6629);
#5452=AXIS2_PLACEMENT_3D('',#9819,#6630,#6631);
#5453=AXIS2_PLACEMENT_3D('',#9823,#6634,#6635);
#5454=AXIS2_PLACEMENT_3D('',#9827,#6638,#6639);
#5455=AXIS2_PLACEMENT_3D('',#9830,#6641,#6642);
#5456=AXIS2_PLACEMENT_3D('',#9831,#6643,#6644);
#5457=AXIS2_PLACEMENT_3D('',#9835,#6647,#6648);
#5458=AXIS2_PLACEMENT_3D('',#9839,#6651,#6652);
#5459=AXIS2_PLACEMENT_3D('',#9842,#6654,#6655);
#5460=AXIS2_PLACEMENT_3D('',#9843,#6656,#6657);
#5461=AXIS2_PLACEMENT_3D('',#9847,#6660,#6661);
#5462=AXIS2_PLACEMENT_3D('',#9851,#6664,#6665);
#5463=AXIS2_PLACEMENT_3D('',#9854,#6667,#6668);
#5464=AXIS2_PLACEMENT_3D('',#9855,#6669,#6670);
#5465=AXIS2_PLACEMENT_3D('',#9859,#6673,#6674);
#5466=AXIS2_PLACEMENT_3D('',#9863,#6677,#6678);
#5467=AXIS2_PLACEMENT_3D('',#9866,#6680,#6681);
#5468=AXIS2_PLACEMENT_3D('',#9867,#6682,#6683);
#5469=AXIS2_PLACEMENT_3D('',#9871,#6686,#6687);
#5470=AXIS2_PLACEMENT_3D('',#9875,#6690,#6691);
#5471=AXIS2_PLACEMENT_3D('',#9878,#6693,#6694);
#5472=AXIS2_PLACEMENT_3D('',#9879,#6695,#6696);
#5473=AXIS2_PLACEMENT_3D('',#9883,#6699,#6700);
#5474=AXIS2_PLACEMENT_3D('',#9887,#6703,#6704);
#5475=AXIS2_PLACEMENT_3D('',#9890,#6706,#6707);
#5476=AXIS2_PLACEMENT_3D('',#9891,#6708,#6709);
#5477=AXIS2_PLACEMENT_3D('',#9895,#6712,#6713);
#5478=AXIS2_PLACEMENT_3D('',#9899,#6716,#6717);
#5479=AXIS2_PLACEMENT_3D('',#9902,#6719,#6720);
#5480=AXIS2_PLACEMENT_3D('',#9903,#6721,#6722);
#5481=AXIS2_PLACEMENT_3D('',#9907,#6725,#6726);
#5482=AXIS2_PLACEMENT_3D('',#9911,#6729,#6730);
#5483=AXIS2_PLACEMENT_3D('',#9914,#6732,#6733);
#5484=AXIS2_PLACEMENT_3D('',#9915,#6734,#6735);
#5485=AXIS2_PLACEMENT_3D('',#9919,#6738,#6739);
#5486=AXIS2_PLACEMENT_3D('',#9923,#6742,#6743);
#5487=AXIS2_PLACEMENT_3D('',#9926,#6745,#6746);
#5488=AXIS2_PLACEMENT_3D('',#9927,#6747,#6748);
#5489=AXIS2_PLACEMENT_3D('',#9931,#6751,#6752);
#5490=AXIS2_PLACEMENT_3D('',#9935,#6755,#6756);
#5491=AXIS2_PLACEMENT_3D('',#9938,#6758,#6759);
#5492=AXIS2_PLACEMENT_3D('',#9939,#6760,#6761);
#5493=AXIS2_PLACEMENT_3D('',#9943,#6764,#6765);
#5494=AXIS2_PLACEMENT_3D('',#9947,#6768,#6769);
#5495=AXIS2_PLACEMENT_3D('',#9950,#6771,#6772);
#5496=AXIS2_PLACEMENT_3D('',#9951,#6773,#6774);
#5497=AXIS2_PLACEMENT_3D('',#9955,#6777,#6778);
#5498=AXIS2_PLACEMENT_3D('',#9959,#6781,#6782);
#5499=AXIS2_PLACEMENT_3D('',#9962,#6784,#6785);
#5500=AXIS2_PLACEMENT_3D('',#9963,#6786,#6787);
#5501=AXIS2_PLACEMENT_3D('',#9967,#6790,#6791);
#5502=AXIS2_PLACEMENT_3D('',#9971,#6794,#6795);
#5503=AXIS2_PLACEMENT_3D('',#9974,#6797,#6798);
#5504=AXIS2_PLACEMENT_3D('',#9975,#6799,#6800);
#5505=AXIS2_PLACEMENT_3D('',#9979,#6803,#6804);
#5506=AXIS2_PLACEMENT_3D('',#9983,#6807,#6808);
#5507=AXIS2_PLACEMENT_3D('',#9986,#6810,#6811);
#5508=AXIS2_PLACEMENT_3D('',#9987,#6812,#6813);
#5509=AXIS2_PLACEMENT_3D('',#9991,#6816,#6817);
#5510=AXIS2_PLACEMENT_3D('',#9995,#6820,#6821);
#5511=AXIS2_PLACEMENT_3D('',#9998,#6823,#6824);
#5512=AXIS2_PLACEMENT_3D('',#9999,#6825,#6826);
#5513=AXIS2_PLACEMENT_3D('',#10001,#6828,#6829);
#5514=DIRECTION('',(0.,0.,1.));
#5515=DIRECTION('',(1.,0.,0.));
#5516=DIRECTION('',(0.,0.,1.));
#5517=DIRECTION('',(1.,2.51114491888866E-15,0.));
#5518=DIRECTION('',(0.,0.,1.));
#5519=DIRECTION('',(1.,0.,0.));
#5520=DIRECTION('',(-0.931874702121644,-0.362780291010548,0.));
#5521=DIRECTION('',(-0.5,0.866025403784439,0.));
#5522=DIRECTION('',(-0.780114299068268,-0.625637019676126,0.));
#5523=DIRECTION('',(0.,0.,1.));
#5524=DIRECTION('',(1.,0.,0.));
#5525=DIRECTION('',(-0.625637019676126,-0.780114299068268,0.));
#5526=DIRECTION('',(-0.866025403784439,0.5,0.));
#5527=DIRECTION('',(-0.362780291010548,-0.931874702121644,0.));
#5528=DIRECTION('',(0.,0.,1.));
#5529=DIRECTION('',(1.,0.,0.));
#5530=DIRECTION('',(-0.151760403053376,-0.988417310686674,0.));
#5531=DIRECTION('',(-1.,6.12323399573677E-17,0.));
#5532=DIRECTION('',(0.151760403053376,-0.988417310686674,0.));
#5533=DIRECTION('',(0.,0.,1.));
#5534=DIRECTION('',(1.,0.,0.));
#5535=DIRECTION('',(0.362780291010548,-0.931874702121644,0.));
#5536=DIRECTION('',(-0.866025403784439,-0.5,0.));
#5537=DIRECTION('',(0.625637019676126,-0.780114299068268,0.));
#5538=DIRECTION('',(0.,0.,1.));
#5539=DIRECTION('',(1.,0.,0.));
#5540=DIRECTION('',(0.780114299068268,-0.625637019676126,0.));
#5541=DIRECTION('',(-0.5,-0.866025403784439,0.));
#5542=DIRECTION('',(0.931874702121644,-0.362780291010548,0.));
#5543=DIRECTION('',(0.,0.,1.));
#5544=DIRECTION('',(1.,0.,0.));
#5545=DIRECTION('',(0.988417310686674,-0.151760403053376,0.));
#5546=DIRECTION('',(-1.22464679914735E-16,-1.,0.));
#5547=DIRECTION('',(0.988417310686674,0.151760403053376,0.));
#5548=DIRECTION('',(0.,0.,1.));
#5549=DIRECTION('',(1.,0.,0.));
#5550=DIRECTION('',(0.931874702121644,0.362780291010547,0.));
#5551=DIRECTION('',(0.5,-0.866025403784439,0.));
#5552=DIRECTION('',(0.780114299068268,0.625637019676126,0.));
#5553=DIRECTION('',(0.,0.,1.));
#5554=DIRECTION('',(1.,0.,0.));
#5555=DIRECTION('',(0.625637019676127,0.780114299068268,0.));
#5556=DIRECTION('',(0.866025403784438,-0.5,0.));
#5557=DIRECTION('',(0.362780291010548,0.931874702121644,0.));
#5558=DIRECTION('',(0.,0.,1.));
#5559=DIRECTION('',(1.,0.,0.));
#5560=DIRECTION('',(0.151760403053376,0.988417310686674,0.));
#5561=DIRECTION('',(1.,-1.83697019872103E-16,0.));
#5562=DIRECTION('',(-0.151760403053376,0.988417310686674,0.));
#5563=DIRECTION('',(0.,0.,1.));
#5564=DIRECTION('',(1.,0.,0.));
#5565=DIRECTION('',(-0.362780291010548,0.931874702121644,0.));
#5566=DIRECTION('',(0.866025403784439,0.5,0.));
#5567=DIRECTION('',(-0.625637019676126,0.780114299068268,0.));
#5568=DIRECTION('',(0.,0.,1.));
#5569=DIRECTION('',(1.,0.,0.));
#5570=DIRECTION('',(-0.780114299068268,0.625637019676126,0.));
#5571=DIRECTION('',(0.5,0.866025403784439,0.));
#5572=DIRECTION('',(-0.931874702121644,0.362780291010547,0.));
#5573=DIRECTION('',(0.,0.,1.));
#5574=DIRECTION('',(1.,0.,0.));
#5575=DIRECTION('',(-0.988417310686674,0.151760403053376,0.));
#5576=DIRECTION('',(0.,1.,0.));
#5577=DIRECTION('',(-0.988417310686674,-0.151760403053376,0.));
#5578=DIRECTION('',(0.,0.,1.));
#5579=DIRECTION('',(1.,0.,0.));
#5580=DIRECTION('',(-0.933580426497345,0.358367949544929,0.));
#5581=DIRECTION('',(-0.358367949544802,-0.933580426497393,0.));
#5582=DIRECTION('',(0.,0.,1.));
#5583=DIRECTION('',(1.,0.,0.));
#5584=DIRECTION('',(-0.891006524188069,0.453990499740133,0.));
#5585=DIRECTION('',(-0.453990499739515,-0.891006524188384,0.));
#5586=DIRECTION('',(0.,0.,1.));
#5587=DIRECTION('',(1.,0.,0.));
#5588=DIRECTION('',(-0.838670567945345,0.544639035015149,0.));
#5589=DIRECTION('',(-0.544639035015073,-0.838670567945394,0.));
#5590=DIRECTION('',(0.,0.,1.));
#5591=DIRECTION('',(1.,0.,0.));
#5592=DIRECTION('',(-0.7771459614571,0.629320391049679,0.));
#5593=DIRECTION('',(-0.62932039104918,-0.777145961457503,0.));
#5594=DIRECTION('',(0.,0.,1.));
#5595=DIRECTION('',(1.,0.,0.));
#5596=DIRECTION('',(-0.70710678118654,0.707106781186555,0.));
#5597=DIRECTION('',(-0.70710678118679,-0.707106781186305,0.));
#5598=DIRECTION('',(0.,0.,1.));
#5599=DIRECTION('',(1.,0.,0.));
#5600=DIRECTION('',(-0.629320391049024,0.77714596145763,0.));
#5601=DIRECTION('',(-0.777145961457205,-0.629320391049548,0.));
#5602=DIRECTION('',(0.,0.,1.));
#5603=DIRECTION('',(1.,0.,0.));
#5604=DIRECTION('',(-0.5446390350148,0.838670567945572,0.));
#5605=DIRECTION('',(-0.83867056794557,-0.544639035014803,0.));
#5606=DIRECTION('',(0.,0.,1.));
#5607=DIRECTION('',(1.,0.,0.));
#5608=DIRECTION('',(-0.453990499740138,0.891006524188067,0.));
#5609=DIRECTION('',(-0.891006524188181,-0.453990499739914,0.));
#5610=DIRECTION('',(0.,0.,1.));
#5611=DIRECTION('',(1.,0.,0.));
#5612=DIRECTION('',(-0.358367949544822,0.933580426497385,0.));
#5613=DIRECTION('',(-0.933580426497011,-0.358367949545796,0.));
#5614=DIRECTION('',(0.,0.,1.));
#5615=DIRECTION('',(1.,0.,0.));
#5616=DIRECTION('',(-0.258819045101606,0.965925826289314,0.));
#5617=DIRECTION('',(-0.965925826288951,-0.258819045102961,0.));
#5618=DIRECTION('',(0.,0.,1.));
#5619=DIRECTION('',(1.,0.,0.));
#5620=DIRECTION('',(-0.156434465040161,0.987688340595149,0.));
#5621=DIRECTION('',(-0.987688340595136,-0.15643446504024,0.));
#5622=DIRECTION('',(0.,0.,1.));
#5623=DIRECTION('',(1.,0.,0.));
#5624=DIRECTION('',(-0.0523359562429071,0.998629534754576,0.));
#5625=DIRECTION('',(-0.998629534754574,-0.0523359562429441,0.));
#5626=DIRECTION('',(0.,0.,1.));
#5627=DIRECTION('',(1.,0.,0.));
#5628=DIRECTION('',(0.052335956243635,0.998629534754538,0.));
#5629=DIRECTION('',(-0.998629534754566,0.0523359562430954,0.));
#5630=DIRECTION('',(0.,0.,1.));
#5631=DIRECTION('',(1.,0.,0.));
#5632=DIRECTION('',(0.156434465040284,0.987688340595129,0.));
#5633=DIRECTION('',(-0.987688340595145,0.156434465040186,0.));
#5634=DIRECTION('',(0.,0.,1.));
#5635=DIRECTION('',(1.,0.,0.));
#5636=DIRECTION('',(0.258819045102679,0.965925826289026,0.));
#5637=DIRECTION('',(-0.965925826289208,0.258819045101999,0.));
#5638=DIRECTION('',(0.,0.,1.));
#5639=DIRECTION('',(1.,0.,0.));
#5640=DIRECTION('',(0.358367949545394,0.933580426497166,0.));
#5641=DIRECTION('',(-0.933580426497373,0.358367949544854,0.));
#5642=DIRECTION('',(0.,0.,1.));
#5643=DIRECTION('',(1.,0.,0.));
#5644=DIRECTION('',(0.453990499739935,0.89100652418817,0.));
#5645=DIRECTION('',(-0.891006524188448,0.45399049973939,0.));
#5646=DIRECTION('',(0.,0.,1.));
#5647=DIRECTION('',(1.,0.,0.));
#5648=DIRECTION('',(0.544639035015692,0.838670567944993,0.));
#5649=DIRECTION('',(-0.838670567945807,0.544639035014438,0.));
#5650=DIRECTION('',(0.,0.,1.));
#5651=DIRECTION('',(1.,0.,0.));
#5652=DIRECTION('',(0.629320391049652,0.777145961457121,0.));
#5653=DIRECTION('',(-0.777145961457046,0.629320391049746,0.));
#5654=DIRECTION('',(0.,0.,1.));
#5655=DIRECTION('',(1.,0.,0.));
#5656=DIRECTION('',(0.707106781186318,0.707106781186778,0.));
#5657=DIRECTION('',(-0.707106781186712,0.707106781186383,0.));
#5658=DIRECTION('',(0.,0.,1.));
#5659=DIRECTION('',(1.,0.,0.));
#5660=DIRECTION('',(0.777145961457028,0.629320391049767,0.));
#5661=DIRECTION('',(-0.629320391049906,0.777145961456915,0.));
#5662=DIRECTION('',(0.,0.,1.));
#5663=DIRECTION('',(1.,0.,0.));
#5664=DIRECTION('',(0.838670567945494,0.544639035014919,0.));
#5665=DIRECTION('',(-0.544639035014815,0.838670567945562,0.));
#5666=DIRECTION('',(0.,0.,1.));
#5667=DIRECTION('',(1.,0.,0.));
#5668=DIRECTION('',(0.891006524188415,0.453990499739455,0.));
#5669=DIRECTION('',(-0.45399049973946,0.891006524188412,0.));
#5670=DIRECTION('',(0.,0.,1.));
#5671=DIRECTION('',(1.,0.,0.));
#5672=DIRECTION('',(0.933580426497399,0.358367949544788,0.));
#5673=DIRECTION('',(-0.358367949545684,0.933580426497055,0.));
#5674=DIRECTION('',(0.,0.,1.));
#5675=DIRECTION('',(1.,0.,0.));
#5676=DIRECTION('',(0.965925826289061,0.258819045102548,0.));
#5677=DIRECTION('',(-0.25881904510292,0.965925826288962,0.));
#5678=DIRECTION('',(0.,0.,1.));
#5679=DIRECTION('',(1.,0.,0.));
#5680=DIRECTION('',(0.98768834059524,0.156434465039586,0.));
#5681=DIRECTION('',(-0.156434465041004,0.987688340595016,0.));
#5682=DIRECTION('',(0.,0.,1.));
#5683=DIRECTION('',(1.,0.,0.));
#5684=DIRECTION('',(0.998629534754566,0.0523359562430951,0.));
#5685=DIRECTION('',(-0.0523359562432825,0.998629534754556,0.));
#5686=DIRECTION('',(0.,0.,1.));
#5687=DIRECTION('',(1.,0.,0.));
#5688=DIRECTION('',(0.998629534754579,-0.0523359562428442,0.));
#5689=DIRECTION('',(0.0523359562424402,0.9986295347546,0.));
#5690=DIRECTION('',(0.,0.,1.));
#5691=DIRECTION('',(1.,0.,0.));
#5692=DIRECTION('',(0.987688340595144,-0.156434465040191,0.));
#5693=DIRECTION('',(0.156434465040532,0.98768834059509,0.));
#5694=DIRECTION('',(0.,0.,1.));
#5695=DIRECTION('',(1.,0.,0.));
#5696=DIRECTION('',(0.965925826288847,-0.258819045103346,0.));
#5697=DIRECTION('',(0.258819045101602,0.965925826289315,0.));
#5698=DIRECTION('',(0.,0.,1.));
#5699=DIRECTION('',(1.,0.,0.));
#5700=DIRECTION('',(0.933580426497032,-0.358367949545742,0.));
#5701=DIRECTION('',(0.35836794954512,0.933580426497271,0.));
#5702=DIRECTION('',(0.,0.,1.));
#5703=DIRECTION('',(1.,0.,0.));
#5704=DIRECTION('',(0.891006524188236,-0.453990499739807,0.));
#5705=DIRECTION('',(0.453990499740337,0.891006524187965,0.));
#5706=DIRECTION('',(0.,0.,1.));
#5707=DIRECTION('',(1.,0.,0.));
#5708=DIRECTION('',(0.838670567945676,-0.54463903501464,0.));
#5709=DIRECTION('',(0.544639035013768,0.838670567946242,0.));
#5710=DIRECTION('',(0.,0.,1.));
#5711=DIRECTION('',(1.,0.,0.));
#5712=DIRECTION('',(0.777145961457356,-0.629320391049363,0.));
#5713=DIRECTION('',(0.629320391049229,0.777145961457464,0.));
#5714=DIRECTION('',(0.,0.,1.));
#5715=DIRECTION('',(1.,0.,0.));
#5716=DIRECTION('',(0.707106781186615,-0.70710678118648,0.));
#5717=DIRECTION('',(0.707106781186565,0.70710678118653,0.));
#5718=DIRECTION('',(0.,0.,1.));
#5719=DIRECTION('',(1.,0.,0.));
#5720=DIRECTION('',(0.629320391049878,-0.777145961456938,0.));
#5721=DIRECTION('',(0.777145961456987,0.629320391049818,0.));
#5722=DIRECTION('',(0.,0.,1.));
#5723=DIRECTION('',(1.,0.,0.));
#5724=DIRECTION('',(0.544639035015357,-0.83867056794521,0.));
#5725=DIRECTION('',(0.838670567945581,0.544639035014785,0.));
#5726=DIRECTION('',(0.,0.,1.));
#5727=DIRECTION('',(1.,0.,0.));
#5728=DIRECTION('',(0.453990499740188,-0.891006524188041,0.));
#5729=DIRECTION('',(0.891006524188444,0.453990499739398,0.));
#5730=DIRECTION('',(0.,0.,1.));
#5731=DIRECTION('',(1.,0.,0.));
#5732=DIRECTION('',(0.358367949545034,-0.933580426497304,0.));
#5733=DIRECTION('',(0.933580426497091,0.35836794954559,0.));
#5734=DIRECTION('',(0.,0.,1.));
#5735=DIRECTION('',(1.,0.,0.));
#5736=DIRECTION('',(0.258819045103055,-0.965925826288925,0.));
#5737=DIRECTION('',(0.965925826288968,0.258819045102894,0.));
#5738=DIRECTION('',(0.,0.,1.));
#5739=DIRECTION('',(1.,0.,0.));
#5740=DIRECTION('',(0.15643446503905,-0.987688340595325,0.));
#5741=DIRECTION('',(0.987688340595146,0.156434465040182,0.));
#5742=DIRECTION('',(0.,0.,1.));
#5743=DIRECTION('',(1.,0.,0.));
#5744=DIRECTION('',(0.0523359562417966,-0.998629534754634,0.));
#5745=DIRECTION('',(0.998629534754569,0.0523359562430429,0.));
#5746=DIRECTION('',(0.,0.,1.));
#5747=DIRECTION('',(1.,0.,0.));
#5748=DIRECTION('',(-0.0523359562446608,-0.998629534754484,0.));
#5749=DIRECTION('',(0.998629534754592,-0.0523359562425917,0.));
#5750=DIRECTION('',(0.,0.,1.));
#5751=DIRECTION('',(1.,0.,0.));
#5752=DIRECTION('',(-0.156434465040511,-0.987688340595094,0.));
#5753=DIRECTION('',(0.98768834059516,-0.156434465040089,0.));
#5754=DIRECTION('',(0.,0.,1.));
#5755=DIRECTION('',(1.,0.,0.));
#5756=DIRECTION('',(-0.258819045102119,-0.965925826289176,0.));
#5757=DIRECTION('',(0.965925826289181,-0.258819045102102,0.));
#5758=DIRECTION('',(0.,0.,1.));
#5759=DIRECTION('',(1.,0.,0.));
#5760=DIRECTION('',(-0.358367949545576,-0.933580426497096,0.));
#5761=DIRECTION('',(0.933580426497415,-0.358367949544746,0.));
#5762=DIRECTION('',(0.,0.,1.));
#5763=DIRECTION('',(1.,0.,0.));
#5764=DIRECTION('',(-0.453990499741172,-0.89100652418754,0.));
#5765=DIRECTION('',(0.89100652418841,-0.453990499739465,0.));
#5766=DIRECTION('',(0.,0.,1.));
#5767=DIRECTION('',(1.,0.,0.));
#5768=DIRECTION('',(-0.544639035014943,-0.838670567945479,0.));
#5769=DIRECTION('',(0.838670567945697,-0.544639035014607,0.));
#5770=DIRECTION('',(0.,0.,1.));
#5771=DIRECTION('',(1.,0.,0.));
#5772=DIRECTION('',(-0.629320391049714,-0.777145961457071,0.));
#5773=DIRECTION('',(0.777145961457028,-0.629320391049766,0.));
#5774=DIRECTION('',(0.,0.,1.));
#5775=DIRECTION('',(1.,0.,0.));
#5776=DIRECTION('',(-0.707106781186707,-0.707106781186388,0.));
#5777=DIRECTION('',(0.707106781186925,-0.707106781186171,0.));
#5778=DIRECTION('',(0.,0.,1.));
#5779=DIRECTION('',(1.,0.,0.));
#5780=DIRECTION('',(-0.777145961456502,-0.629320391050416,0.));
#5781=DIRECTION('',(0.629320391048946,-0.777145961457693,0.));
#5782=DIRECTION('',(0.,0.,1.));
#5783=DIRECTION('',(1.,0.,0.));
#5784=DIRECTION('',(-0.838670567945328,-0.544639035015176,0.));
#5785=DIRECTION('',(0.544639035015182,-0.838670567945324,0.));
#5786=DIRECTION('',(0.,0.,1.));
#5787=DIRECTION('',(1.,0.,0.));
#5788=DIRECTION('',(-0.891006524188953,-0.453990499738398,0.));
#5789=DIRECTION('',(0.453990499739712,-0.891006524188284,0.));
#5790=DIRECTION('',(0.,0.,1.));
#5791=DIRECTION('',(1.,0.,0.));
#5792=DIRECTION('',(-0.933580426496897,-0.358367949546096,0.));
#5793=DIRECTION('',(0.358367949545123,-0.93358042649727,0.));
#5794=DIRECTION('',(0.,0.,1.));
#5795=DIRECTION('',(1.,0.,0.));
#5796=DIRECTION('',(-0.965925826289159,-0.258819045102183,0.));
#5797=DIRECTION('',(0.258819045102586,-0.965925826289051,0.));
#5798=DIRECTION('',(0.,0.,1.));
#5799=DIRECTION('',(1.,0.,0.));
#5800=DIRECTION('',(-0.987688340595169,-0.156434465040033,0.));
#5801=DIRECTION('',(0.156434465040455,-0.987688340595102,0.));
#5802=DIRECTION('',(0.,0.,1.));
#5803=DIRECTION('',(1.,0.,0.));
#5804=DIRECTION('',(-0.998629534754577,-0.0523359562428918,0.));
#5805=DIRECTION('',(0.052335956244106,-0.998629534754513,0.));
#5806=DIRECTION('',(0.,0.,1.));
#5807=DIRECTION('',(1.,0.,0.));
#5808=DIRECTION('',(-0.998629534754569,0.0523359562430426,0.));
#5809=DIRECTION('',(-0.0523359562429945,-0.998629534754571,0.));
#5810=DIRECTION('',(0.,0.,1.));
#5811=DIRECTION('',(1.,0.,0.));
#5812=DIRECTION('',(-0.98768834059516,0.156434465040089,0.));
#5813=DIRECTION('',(-0.156434465039721,-0.987688340595218,0.));
#5814=DIRECTION('',(0.,0.,1.));
#5815=DIRECTION('',(1.,0.,0.));
#5816=DIRECTION('',(-0.965925826289021,0.258819045102698,0.));
#5817=DIRECTION('',(-0.258819045102009,-0.965925826289205,0.));
#5818=DIRECTION('',(0.,0.,1.));
#5819=DIRECTION('',(1.,0.,0.));
#5820=DIRECTION('',(0.,0.,1.));
#5821=DIRECTION('',(0.,0.,1.));
#5822=DIRECTION('',(1.,0.,0.));
#5823=DIRECTION('',(0.,0.,1.));
#5824=DIRECTION('',(-0.151760403053376,0.988417310686674,0.));
#5825=DIRECTION('',(-0.988417310686674,-0.151760403053376,0.));
#5826=DIRECTION('',(0.,0.,1.));
#5827=DIRECTION('',(-0.988417310686674,-0.151760403053376,0.));
#5828=DIRECTION('',(0.,0.,1.));
#5829=DIRECTION('',(1.,0.,0.));
#5830=DIRECTION('',(0.,0.,-1.));
#5831=DIRECTION('',(0.,0.,1.));
#5832=DIRECTION('',(0.,1.,0.));
#5833=DIRECTION('',(0.,0.,1.));
#5834=DIRECTION('',(-0.151760403053376,-0.988417310686674,0.));
#5835=DIRECTION('',(0.988417310686674,-0.151760403053376,0.));
#5836=DIRECTION('',(0.,0.,1.));
#5837=DIRECTION('',(-0.988417310686674,0.151760403053376,0.));
#5838=DIRECTION('',(0.,0.,1.));
#5839=DIRECTION('',(1.,0.,0.));
#5840=DIRECTION('',(0.,0.,1.));
#5841=DIRECTION('',(0.,0.,1.));
#5842=DIRECTION('',(1.,0.,0.));
#5843=DIRECTION('',(0.362780291010547,0.931874702121644,0.));
#5844=DIRECTION('',(-0.931874702121644,0.362780291010547,0.));
#5845=DIRECTION('',(0.,0.,1.));
#5846=DIRECTION('',(-0.931874702121644,0.362780291010547,0.));
#5847=DIRECTION('',(0.,0.,1.));
#5848=DIRECTION('',(0.866025403784439,-0.5,0.));
#5849=DIRECTION('',(0.5,0.866025403784439,0.));
#5850=DIRECTION('',(0.,0.,1.));
#5851=DIRECTION('',(0.5,0.866025403784439,0.));
#5852=DIRECTION('',(0.,0.,1.));
#5853=DIRECTION('',(-0.625637019676126,-0.780114299068268,0.));
#5854=DIRECTION('',(0.780114299068268,-0.625637019676126,0.));
#5855=DIRECTION('',(0.,0.,1.));
#5856=DIRECTION('',(-0.780114299068268,0.625637019676126,0.));
#5857=DIRECTION('',(0.,0.,1.));
#5858=DIRECTION('',(1.,0.,0.));
#5859=DIRECTION('',(0.,0.,1.));
#5860=DIRECTION('',(0.,0.,1.));
#5861=DIRECTION('',(1.,0.,0.));
#5862=DIRECTION('',(0.780114299068268,0.625637019676126,0.));
#5863=DIRECTION('',(-0.625637019676126,0.780114299068268,0.));
#5864=DIRECTION('',(0.,0.,1.));
#5865=DIRECTION('',(-0.625637019676126,0.780114299068268,0.));
#5866=DIRECTION('',(0.,0.,1.));
#5867=DIRECTION('',(0.5,-0.866025403784439,0.));
#5868=DIRECTION('',(0.866025403784439,0.5,0.));
#5869=DIRECTION('',(0.,0.,1.));
#5870=DIRECTION('',(0.866025403784439,0.5,0.));
#5871=DIRECTION('',(0.,0.,1.));
#5872=DIRECTION('',(-0.931874702121644,-0.362780291010548,0.));
#5873=DIRECTION('',(0.362780291010548,-0.931874702121644,0.));
#5874=DIRECTION('',(0.,0.,1.));
#5875=DIRECTION('',(-0.362780291010548,0.931874702121644,0.));
#5876=DIRECTION('',(0.,0.,1.));
#5877=DIRECTION('',(1.,0.,0.));
#5878=DIRECTION('',(0.,0.,1.));
#5879=DIRECTION('',(0.,0.,1.));
#5880=DIRECTION('',(1.,0.,0.));
#5881=DIRECTION('',(0.988417310686674,0.151760403053376,0.));
#5882=DIRECTION('',(-0.151760403053376,0.988417310686674,0.));
#5883=DIRECTION('',(0.,0.,1.));
#5884=DIRECTION('',(-0.151760403053376,0.988417310686674,0.));
#5885=DIRECTION('',(0.,0.,1.));
#5886=DIRECTION('',(-1.83697019872103E-16,-1.,0.));
#5887=DIRECTION('',(1.,-1.83697019872103E-16,0.));
#5888=DIRECTION('',(0.,0.,1.));
#5889=DIRECTION('',(1.,-1.83697019872103E-16,0.));
#5890=DIRECTION('',(0.,0.,1.));
#5891=DIRECTION('',(-0.988417310686674,0.151760403053376,0.));
#5892=DIRECTION('',(-0.151760403053376,-0.988417310686674,0.));
#5893=DIRECTION('',(0.,0.,1.));
#5894=DIRECTION('',(0.151760403053376,0.988417310686674,0.));
#5895=DIRECTION('',(0.,0.,1.));
#5896=DIRECTION('',(1.,0.,0.));
#5897=DIRECTION('',(0.,0.,1.));
#5898=DIRECTION('',(0.,0.,1.));
#5899=DIRECTION('',(1.,0.,0.));
#5900=DIRECTION('',(0.931874702121644,-0.362780291010548,0.));
#5901=DIRECTION('',(0.362780291010548,0.931874702121644,0.));
#5902=DIRECTION('',(0.,0.,1.));
#5903=DIRECTION('',(0.362780291010548,0.931874702121644,0.));
#5904=DIRECTION('',(0.,0.,1.));
#5905=DIRECTION('',(-0.5,-0.866025403784438,0.));
#5906=DIRECTION('',(0.866025403784438,-0.5,0.));
#5907=DIRECTION('',(0.,0.,1.));
#5908=DIRECTION('',(0.866025403784438,-0.5,0.));
#5909=DIRECTION('',(0.,0.,1.));
#5910=DIRECTION('',(-0.780114299068268,0.625637019676127,0.));
#5911=DIRECTION('',(-0.625637019676127,-0.780114299068268,0.));
#5912=DIRECTION('',(0.,0.,1.));
#5913=DIRECTION('',(0.625637019676127,0.780114299068268,0.));
#5914=DIRECTION('',(0.,0.,1.));
#5915=DIRECTION('',(1.,0.,0.));
#5916=DIRECTION('',(0.,0.,1.));
#5917=DIRECTION('',(0.,0.,1.));
#5918=DIRECTION('',(1.,0.,0.));
#5919=DIRECTION('',(0.625637019676126,-0.780114299068268,0.));
#5920=DIRECTION('',(0.780114299068268,0.625637019676126,0.));
#5921=DIRECTION('',(0.,0.,1.));
#5922=DIRECTION('',(0.780114299068268,0.625637019676126,0.));
#5923=DIRECTION('',(0.,0.,1.));
#5924=DIRECTION('',(-0.866025403784439,-0.5,0.));
#5925=DIRECTION('',(0.5,-0.866025403784439,0.));
#5926=DIRECTION('',(0.,0.,1.));
#5927=DIRECTION('',(0.5,-0.866025403784439,0.));
#5928=DIRECTION('',(0.,0.,1.));
#5929=DIRECTION('',(-0.362780291010547,0.931874702121644,0.));
#5930=DIRECTION('',(-0.931874702121644,-0.362780291010547,0.));
#5931=DIRECTION('',(0.,0.,1.));
#5932=DIRECTION('',(0.931874702121644,0.362780291010547,0.));
#5933=DIRECTION('',(0.,0.,1.));
#5934=DIRECTION('',(1.,0.,0.));
#5935=DIRECTION('',(0.,0.,1.));
#5936=DIRECTION('',(0.,0.,1.));
#5937=DIRECTION('',(1.,0.,0.));
#5938=DIRECTION('',(0.151760403053376,-0.988417310686674,0.));
#5939=DIRECTION('',(0.988417310686674,0.151760403053376,0.));
#5940=DIRECTION('',(0.,0.,1.));
#5941=DIRECTION('',(0.988417310686674,0.151760403053376,0.));
#5942=DIRECTION('',(0.,0.,1.));
#5943=DIRECTION('',(-1.,1.22464679914735E-16,0.));
#5944=DIRECTION('',(-1.22464679914735E-16,-1.,0.));
#5945=DIRECTION('',(0.,0.,1.));
#5946=DIRECTION('',(-1.22464679914735E-16,-1.,0.));
#5947=DIRECTION('',(0.,0.,1.));
#5948=DIRECTION('',(0.151760403053376,0.988417310686674,0.));
#5949=DIRECTION('',(-0.988417310686674,0.151760403053376,0.));
#5950=DIRECTION('',(0.,0.,1.));
#5951=DIRECTION('',(0.988417310686674,-0.151760403053376,0.));
#5952=DIRECTION('',(0.,0.,1.));
#5953=DIRECTION('',(1.,0.,0.));
#5954=DIRECTION('',(0.,0.,1.));
#5955=DIRECTION('',(0.,0.,1.));
#5956=DIRECTION('',(1.,0.,0.));
#5957=DIRECTION('',(-0.362780291010548,-0.931874702121644,0.));
#5958=DIRECTION('',(0.931874702121644,-0.362780291010548,0.));
#5959=DIRECTION('',(0.,0.,1.));
#5960=DIRECTION('',(0.931874702121644,-0.362780291010548,0.));
#5961=DIRECTION('',(0.,0.,1.));
#5962=DIRECTION('',(-0.866025403784439,0.5,0.));
#5963=DIRECTION('',(-0.5,-0.866025403784439,0.));
#5964=DIRECTION('',(0.,0.,1.));
#5965=DIRECTION('',(-0.5,-0.866025403784439,0.));
#5966=DIRECTION('',(0.,0.,1.));
#5967=DIRECTION('',(0.625637019676126,0.780114299068268,0.));
#5968=DIRECTION('',(-0.780114299068268,0.625637019676126,0.));
#5969=DIRECTION('',(0.,0.,1.));
#5970=DIRECTION('',(0.780114299068268,-0.625637019676126,0.));
#5971=DIRECTION('',(0.,0.,1.));
#5972=DIRECTION('',(1.,0.,0.));
#5973=DIRECTION('',(0.,0.,1.));
#5974=DIRECTION('',(0.,0.,1.));
#5975=DIRECTION('',(1.,0.,0.));
#5976=DIRECTION('',(-0.780114299068268,-0.625637019676126,0.));
#5977=DIRECTION('',(0.625637019676126,-0.780114299068268,0.));
#5978=DIRECTION('',(0.,0.,1.));
#5979=DIRECTION('',(0.625637019676126,-0.780114299068268,0.));
#5980=DIRECTION('',(0.,0.,1.));
#5981=DIRECTION('',(-0.5,0.866025403784439,0.));
#5982=DIRECTION('',(-0.866025403784439,-0.5,0.));
#5983=DIRECTION('',(0.,0.,1.));
#5984=DIRECTION('',(-0.866025403784439,-0.5,0.));
#5985=DIRECTION('',(0.,0.,1.));
#5986=DIRECTION('',(0.931874702121644,0.362780291010548,0.));
#5987=DIRECTION('',(-0.362780291010548,0.931874702121644,0.));
#5988=DIRECTION('',(0.,0.,1.));
#5989=DIRECTION('',(0.362780291010548,-0.931874702121644,0.));
#5990=DIRECTION('',(0.,0.,1.));
#5991=DIRECTION('',(1.,0.,0.));
#5992=DIRECTION('',(0.,0.,1.));
#5993=DIRECTION('',(0.,0.,1.));
#5994=DIRECTION('',(1.,0.,0.));
#5995=DIRECTION('',(-0.988417310686674,-0.151760403053376,0.));
#5996=DIRECTION('',(0.151760403053376,-0.988417310686674,0.));
#5997=DIRECTION('',(0.,0.,1.));
#5998=DIRECTION('',(0.151760403053376,-0.988417310686674,0.));
#5999=DIRECTION('',(0.,0.,1.));
#6000=DIRECTION('',(6.12323399573677E-17,1.,0.));
#6001=DIRECTION('',(-1.,6.12323399573677E-17,0.));
#6002=DIRECTION('',(0.,0.,1.));
#6003=DIRECTION('',(-1.,6.12323399573677E-17,0.));
#6004=DIRECTION('',(0.,0.,1.));
#6005=DIRECTION('',(0.988417310686674,-0.151760403053376,0.));
#6006=DIRECTION('',(0.151760403053376,0.988417310686674,0.));
#6007=DIRECTION('',(0.,0.,1.));
#6008=DIRECTION('',(-0.151760403053376,-0.988417310686674,0.));
#6009=DIRECTION('',(0.,0.,1.));
#6010=DIRECTION('',(1.,0.,0.));
#6011=DIRECTION('',(0.,0.,1.));
#6012=DIRECTION('',(0.,0.,1.));
#6013=DIRECTION('',(1.,0.,0.));
#6014=DIRECTION('',(-0.931874702121644,0.362780291010548,0.));
#6015=DIRECTION('',(-0.362780291010548,-0.931874702121644,0.));
#6016=DIRECTION('',(0.,0.,1.));
#6017=DIRECTION('',(-0.362780291010548,-0.931874702121644,0.));
#6018=DIRECTION('',(0.,0.,1.));
#6019=DIRECTION('',(0.5,0.866025403784439,0.));
#6020=DIRECTION('',(-0.866025403784439,0.5,0.));
#6021=DIRECTION('',(0.,0.,1.));
#6022=DIRECTION('',(-0.866025403784439,0.5,0.));
#6023=DIRECTION('',(0.,0.,1.));
#6024=DIRECTION('',(0.780114299068268,-0.625637019676126,0.));
#6025=DIRECTION('',(0.625637019676126,0.780114299068268,0.));
#6026=DIRECTION('',(0.,0.,1.));
#6027=DIRECTION('',(-0.625637019676126,-0.780114299068268,0.));
#6028=DIRECTION('',(0.,0.,1.));
#6029=DIRECTION('',(1.,0.,0.));
#6030=DIRECTION('',(0.,0.,1.));
#6031=DIRECTION('',(0.,0.,1.));
#6032=DIRECTION('',(1.,0.,0.));
#6033=DIRECTION('',(-0.625637019676126,0.780114299068268,0.));
#6034=DIRECTION('',(-0.780114299068268,-0.625637019676126,0.));
#6035=DIRECTION('',(0.,0.,1.));
#6036=DIRECTION('',(-0.780114299068268,-0.625637019676126,0.));
#6037=DIRECTION('',(0.,0.,1.));
#6038=DIRECTION('',(0.866025403784439,0.5,0.));
#6039=DIRECTION('',(-0.5,0.866025403784439,0.));
#6040=DIRECTION('',(0.,0.,1.));
#6041=DIRECTION('',(-0.5,0.866025403784439,0.));
#6042=DIRECTION('',(0.,0.,1.));
#6043=DIRECTION('',(0.362780291010548,-0.931874702121644,0.));
#6044=DIRECTION('',(0.931874702121644,0.362780291010548,0.));
#6045=DIRECTION('',(-0.931874702121644,-0.362780291010548,0.));
#6046=DIRECTION('',(0.,0.,1.));
#6047=DIRECTION('',(1.,2.51114491888866E-15,0.));
#6048=DIRECTION('',(0.358367949544929,0.933580426497344,0.));
#6049=DIRECTION('',(-0.933580426497345,0.358367949544929,0.));
#6050=DIRECTION('',(0.,0.,1.));
#6051=DIRECTION('',(-0.933580426497344,0.358367949544929,0.));
#6052=DIRECTION('',(0.,0.,1.));
#6053=DIRECTION('',(0.,0.,1.));
#6054=DIRECTION('',(1.,0.,0.));
#6055=DIRECTION('',(0.,0.,1.));
#6056=DIRECTION('',(0.,0.,1.));
#6057=DIRECTION('',(1.,0.,0.));
#6058=DIRECTION('',(-0.965925826289205,0.258819045102009,0.));
#6059=DIRECTION('',(-0.258819045102009,-0.965925826289205,0.));
#6060=DIRECTION('',(0.,0.,1.));
#6061=DIRECTION('',(-0.258819045102009,-0.965925826289205,0.));
#6062=DIRECTION('',(0.258819045102698,0.965925826289021,0.));
#6063=DIRECTION('',(-0.965925826289021,0.258819045102698,0.));
#6064=DIRECTION('',(0.,0.,1.));
#6065=DIRECTION('',(-0.965925826289021,0.258819045102698,0.));
#6066=DIRECTION('',(0.,0.,1.));
#6067=DIRECTION('',(1.,0.,0.));
#6068=DIRECTION('',(0.,0.,1.));
#6069=DIRECTION('',(0.,0.,1.));
#6070=DIRECTION('',(1.,0.,0.));
#6071=DIRECTION('',(-0.987688340595218,0.156434465039721,0.));
#6072=DIRECTION('',(-0.156434465039721,-0.987688340595218,0.));
#6073=DIRECTION('',(0.,0.,1.));
#6074=DIRECTION('',(-0.156434465039721,-0.987688340595218,0.));
#6075=DIRECTION('',(0.156434465040089,0.98768834059516,0.));
#6076=DIRECTION('',(-0.98768834059516,0.156434465040089,0.));
#6077=DIRECTION('',(0.,0.,1.));
#6078=DIRECTION('',(-0.98768834059516,0.156434465040089,0.));
#6079=DIRECTION('',(0.,0.,1.));
#6080=DIRECTION('',(1.,0.,0.));
#6081=DIRECTION('',(0.,0.,1.));
#6082=DIRECTION('',(0.,0.,1.));
#6083=DIRECTION('',(1.,0.,0.));
#6084=DIRECTION('',(-0.998629534754571,0.0523359562429944,0.));
#6085=DIRECTION('',(-0.0523359562429945,-0.998629534754571,0.));
#6086=DIRECTION('',(0.,0.,1.));
#6087=DIRECTION('',(-0.0523359562429944,-0.998629534754571,0.));
#6088=DIRECTION('',(0.0523359562430425,0.998629534754569,0.));
#6089=DIRECTION('',(-0.998629534754569,0.0523359562430426,0.));
#6090=DIRECTION('',(0.,0.,1.));
#6091=DIRECTION('',(-0.998629534754569,0.0523359562430425,0.));
#6092=DIRECTION('',(0.,0.,1.));
#6093=DIRECTION('',(1.,0.,0.));
#6094=DIRECTION('',(0.,0.,1.));
#6095=DIRECTION('',(0.,0.,1.));
#6096=DIRECTION('',(1.,0.,0.));
#6097=DIRECTION('',(-0.998629534754513,-0.052335956244106,0.));
#6098=DIRECTION('',(0.052335956244106,-0.998629534754513,0.));
#6099=DIRECTION('',(0.,0.,1.));
#6100=DIRECTION('',(0.052335956244106,-0.998629534754513,0.));
#6101=DIRECTION('',(-0.0523359562428918,0.998629534754576,0.));
#6102=DIRECTION('',(-0.998629534754577,-0.0523359562428918,0.));
#6103=DIRECTION('',(0.,0.,1.));
#6104=DIRECTION('',(-0.998629534754577,-0.0523359562428918,0.));
#6105=DIRECTION('',(0.,0.,1.));
#6106=DIRECTION('',(1.,0.,0.));
#6107=DIRECTION('',(0.,0.,1.));
#6108=DIRECTION('',(0.,0.,1.));
#6109=DIRECTION('',(1.,0.,0.));
#6110=DIRECTION('',(-0.987688340595102,-0.156434465040455,0.));
#6111=DIRECTION('',(0.156434465040455,-0.987688340595102,0.));
#6112=DIRECTION('',(0.,0.,1.));
#6113=DIRECTION('',(0.156434465040455,-0.987688340595102,0.));
#6114=DIRECTION('',(-0.156434465040033,0.987688340595169,0.));
#6115=DIRECTION('',(-0.987688340595169,-0.156434465040033,0.));
#6116=DIRECTION('',(0.,0.,1.));
#6117=DIRECTION('',(-0.987688340595169,-0.156434465040033,0.));
#6118=DIRECTION('',(0.,0.,1.));
#6119=DIRECTION('',(1.,0.,0.));
#6120=DIRECTION('',(0.,0.,1.));
#6121=DIRECTION('',(0.,0.,1.));
#6122=DIRECTION('',(1.,0.,0.));
#6123=DIRECTION('',(-0.965925826289051,-0.258819045102586,0.));
#6124=DIRECTION('',(0.258819045102586,-0.965925826289051,0.));
#6125=DIRECTION('',(0.,0.,1.));
#6126=DIRECTION('',(0.258819045102586,-0.965925826289051,0.));
#6127=DIRECTION('',(-0.258819045102183,0.965925826289159,0.));
#6128=DIRECTION('',(-0.965925826289159,-0.258819045102183,0.));
#6129=DIRECTION('',(0.,0.,1.));
#6130=DIRECTION('',(-0.965925826289159,-0.258819045102183,0.));
#6131=DIRECTION('',(0.,0.,1.));
#6132=DIRECTION('',(1.,0.,0.));
#6133=DIRECTION('',(0.,0.,1.));
#6134=DIRECTION('',(0.,0.,1.));
#6135=DIRECTION('',(1.,0.,0.));
#6136=DIRECTION('',(-0.93358042649727,-0.358367949545123,0.));
#6137=DIRECTION('',(0.358367949545123,-0.93358042649727,0.));
#6138=DIRECTION('',(0.,0.,1.));
#6139=DIRECTION('',(0.358367949545123,-0.93358042649727,0.));
#6140=DIRECTION('',(-0.358367949546096,0.933580426496897,0.));
#6141=DIRECTION('',(-0.933580426496897,-0.358367949546096,0.));
#6142=DIRECTION('',(0.,0.,1.));
#6143=DIRECTION('',(-0.933580426496897,-0.358367949546096,0.));
#6144=DIRECTION('',(0.,0.,1.));
#6145=DIRECTION('',(1.,0.,0.));
#6146=DIRECTION('',(0.,0.,1.));
#6147=DIRECTION('',(0.,0.,1.));
#6148=DIRECTION('',(1.,0.,0.));
#6149=DIRECTION('',(-0.891006524188284,-0.453990499739712,0.));
#6150=DIRECTION('',(0.453990499739712,-0.891006524188284,0.));
#6151=DIRECTION('',(0.,0.,1.));
#6152=DIRECTION('',(0.453990499739712,-0.891006524188284,0.));
#6153=DIRECTION('',(-0.453990499738398,0.891006524188953,0.));
#6154=DIRECTION('',(-0.891006524188953,-0.453990499738398,0.));
#6155=DIRECTION('',(0.,0.,1.));
#6156=DIRECTION('',(-0.891006524188953,-0.453990499738398,0.));
#6157=DIRECTION('',(0.,0.,1.));
#6158=DIRECTION('',(1.,0.,0.));
#6159=DIRECTION('',(0.,0.,1.));
#6160=DIRECTION('',(0.,0.,1.));
#6161=DIRECTION('',(1.,0.,0.));
#6162=DIRECTION('',(-0.838670567945324,-0.544639035015182,0.));
#6163=DIRECTION('',(0.544639035015182,-0.838670567945324,0.));
#6164=DIRECTION('',(0.,0.,1.));
#6165=DIRECTION('',(0.544639035015182,-0.838670567945324,0.));
#6166=DIRECTION('',(-0.544639035015176,0.838670567945328,0.));
#6167=DIRECTION('',(-0.838670567945328,-0.544639035015176,0.));
#6168=DIRECTION('',(0.,0.,1.));
#6169=DIRECTION('',(-0.838670567945328,-0.544639035015176,0.));
#6170=DIRECTION('',(0.,0.,1.));
#6171=DIRECTION('',(1.,0.,0.));
#6172=DIRECTION('',(0.,0.,1.));
#6173=DIRECTION('',(0.,0.,1.));
#6174=DIRECTION('',(1.,0.,0.));
#6175=DIRECTION('',(-0.777145961457693,-0.629320391048946,0.));
#6176=DIRECTION('',(0.629320391048946,-0.777145961457693,0.));
#6177=DIRECTION('',(0.,0.,1.));
#6178=DIRECTION('',(0.629320391048946,-0.777145961457693,0.));
#6179=DIRECTION('',(-0.629320391050416,0.777145961456502,0.));
#6180=DIRECTION('',(-0.777145961456502,-0.629320391050416,0.));
#6181=DIRECTION('',(0.,0.,1.));
#6182=DIRECTION('',(-0.777145961456502,-0.629320391050416,0.));
#6183=DIRECTION('',(0.,0.,1.));
#6184=DIRECTION('',(1.,0.,0.));
#6185=DIRECTION('',(0.,0.,1.));
#6186=DIRECTION('',(0.,0.,1.));
#6187=DIRECTION('',(1.,0.,0.));
#6188=DIRECTION('',(-0.707106781186171,-0.707106781186925,0.));
#6189=DIRECTION('',(0.707106781186925,-0.707106781186171,0.));
#6190=DIRECTION('',(0.,0.,1.));
#6191=DIRECTION('',(0.707106781186925,-0.707106781186171,0.));
#6192=DIRECTION('',(-0.707106781186388,0.707106781186707,0.));
#6193=DIRECTION('',(-0.707106781186707,-0.707106781186388,0.));
#6194=DIRECTION('',(0.,0.,1.));
#6195=DIRECTION('',(-0.707106781186707,-0.707106781186388,0.));
#6196=DIRECTION('',(0.,0.,1.));
#6197=DIRECTION('',(1.,0.,0.));
#6198=DIRECTION('',(0.,0.,1.));
#6199=DIRECTION('',(0.,0.,1.));
#6200=DIRECTION('',(1.,0.,0.));
#6201=DIRECTION('',(-0.629320391049766,-0.777145961457028,0.));
#6202=DIRECTION('',(0.777145961457028,-0.629320391049766,0.));
#6203=DIRECTION('',(0.,0.,1.));
#6204=DIRECTION('',(0.777145961457028,-0.629320391049767,0.));
#6205=DIRECTION('',(-0.777145961457071,0.629320391049714,0.));
#6206=DIRECTION('',(-0.629320391049714,-0.777145961457071,0.));
#6207=DIRECTION('',(0.,0.,1.));
#6208=DIRECTION('',(-0.629320391049714,-0.777145961457071,0.));
#6209=DIRECTION('',(0.,0.,1.));
#6210=DIRECTION('',(1.,0.,0.));
#6211=DIRECTION('',(0.,0.,1.));
#6212=DIRECTION('',(0.,0.,1.));
#6213=DIRECTION('',(1.,0.,0.));
#6214=DIRECTION('',(-0.544639035014607,-0.838670567945697,0.));
#6215=DIRECTION('',(0.838670567945697,-0.544639035014607,0.));
#6216=DIRECTION('',(0.,0.,1.));
#6217=DIRECTION('',(0.838670567945697,-0.544639035014607,0.));
#6218=DIRECTION('',(-0.838670567945478,0.544639035014943,0.));
#6219=DIRECTION('',(-0.544639035014943,-0.838670567945479,0.));
#6220=DIRECTION('',(0.,0.,1.));
#6221=DIRECTION('',(-0.544639035014943,-0.838670567945479,0.));
#6222=DIRECTION('',(0.,0.,1.));
#6223=DIRECTION('',(1.,0.,0.));
#6224=DIRECTION('',(0.,0.,1.));
#6225=DIRECTION('',(0.,0.,1.));
#6226=DIRECTION('',(1.,0.,0.));
#6227=DIRECTION('',(-0.453990499739465,-0.89100652418841,0.));
#6228=DIRECTION('',(0.89100652418841,-0.453990499739465,0.));
#6229=DIRECTION('',(0.,0.,1.));
#6230=DIRECTION('',(0.89100652418841,-0.453990499739465,0.));
#6231=DIRECTION('',(-0.89100652418754,0.453990499741172,0.));
#6232=DIRECTION('',(-0.453990499741172,-0.89100652418754,0.));
#6233=DIRECTION('',(0.,0.,1.));
#6234=DIRECTION('',(-0.453990499741172,-0.89100652418754,0.));
#6235=DIRECTION('',(0.,0.,1.));
#6236=DIRECTION('',(1.,0.,0.));
#6237=DIRECTION('',(0.,0.,1.));
#6238=DIRECTION('',(0.,0.,1.));
#6239=DIRECTION('',(1.,0.,0.));
#6240=DIRECTION('',(-0.358367949544746,-0.933580426497415,0.));
#6241=DIRECTION('',(0.933580426497415,-0.358367949544746,0.));
#6242=DIRECTION('',(0.,0.,1.));
#6243=DIRECTION('',(0.933580426497415,-0.358367949544746,0.));
#6244=DIRECTION('',(-0.933580426497096,0.358367949545576,0.));
#6245=DIRECTION('',(-0.358367949545576,-0.933580426497096,0.));
#6246=DIRECTION('',(0.,0.,1.));
#6247=DIRECTION('',(-0.358367949545576,-0.933580426497096,0.));
#6248=DIRECTION('',(0.,0.,1.));
#6249=DIRECTION('',(1.,0.,0.));
#6250=DIRECTION('',(0.,0.,1.));
#6251=DIRECTION('',(0.,0.,1.));
#6252=DIRECTION('',(1.,0.,0.));
#6253=DIRECTION('',(-0.258819045102102,-0.965925826289181,0.));
#6254=DIRECTION('',(0.965925826289181,-0.258819045102102,0.));
#6255=DIRECTION('',(0.,0.,1.));
#6256=DIRECTION('',(0.965925826289181,-0.258819045102102,0.));
#6257=DIRECTION('',(-0.965925826289176,0.258819045102119,0.));
#6258=DIRECTION('',(-0.258819045102119,-0.965925826289176,0.));
#6259=DIRECTION('',(0.,0.,1.));
#6260=DIRECTION('',(-0.258819045102119,-0.965925826289176,0.));
#6261=DIRECTION('',(0.,0.,1.));
#6262=DIRECTION('',(1.,0.,0.));
#6263=DIRECTION('',(0.,0.,1.));
#6264=DIRECTION('',(0.,0.,1.));
#6265=DIRECTION('',(1.,0.,0.));
#6266=DIRECTION('',(-0.156434465040089,-0.98768834059516,0.));
#6267=DIRECTION('',(0.98768834059516,-0.156434465040089,0.));
#6268=DIRECTION('',(0.,0.,1.));
#6269=DIRECTION('',(0.98768834059516,-0.156434465040089,0.));
#6270=DIRECTION('',(-0.987688340595093,0.156434465040511,0.));
#6271=DIRECTION('',(-0.156434465040511,-0.987688340595094,0.));
#6272=DIRECTION('',(0.,0.,1.));
#6273=DIRECTION('',(-0.156434465040511,-0.987688340595093,0.));
#6274=DIRECTION('',(0.,0.,1.));
#6275=DIRECTION('',(1.,0.,0.));
#6276=DIRECTION('',(0.,0.,1.));
#6277=DIRECTION('',(0.,0.,1.));
#6278=DIRECTION('',(1.,0.,0.));
#6279=DIRECTION('',(-0.0523359562425917,-0.998629534754592,0.));
#6280=DIRECTION('',(0.998629534754592,-0.0523359562425917,0.));
#6281=DIRECTION('',(0.,0.,1.));
#6282=DIRECTION('',(0.998629534754592,-0.0523359562425917,0.));
#6283=DIRECTION('',(-0.998629534754484,0.0523359562446608,0.));
#6284=DIRECTION('',(-0.0523359562446608,-0.998629534754484,0.));
#6285=DIRECTION('',(0.,0.,1.));
#6286=DIRECTION('',(-0.0523359562446608,-0.998629534754484,0.));
#6287=DIRECTION('',(0.,0.,1.));
#6288=DIRECTION('',(1.,0.,0.));
#6289=DIRECTION('',(0.,0.,1.));
#6290=DIRECTION('',(0.,0.,1.));
#6291=DIRECTION('',(1.,0.,0.));
#6292=DIRECTION('',(0.0523359562430429,-0.998629534754569,0.));
#6293=DIRECTION('',(0.998629534754569,0.0523359562430429,0.));
#6294=DIRECTION('',(0.,0.,1.));
#6295=DIRECTION('',(0.998629534754569,0.0523359562430429,0.));
#6296=DIRECTION('',(-0.998629534754634,-0.0523359562417966,0.));
#6297=DIRECTION('',(0.0523359562417966,-0.998629534754634,0.));
#6298=DIRECTION('',(0.,0.,1.));
#6299=DIRECTION('',(0.0523359562417966,-0.998629534754634,0.));
#6300=DIRECTION('',(0.,0.,1.));
#6301=DIRECTION('',(1.,0.,0.));
#6302=DIRECTION('',(0.,0.,1.));
#6303=DIRECTION('',(0.,0.,1.));
#6304=DIRECTION('',(1.,0.,0.));
#6305=DIRECTION('',(0.156434465040182,-0.987688340595145,0.));
#6306=DIRECTION('',(0.987688340595146,0.156434465040182,0.));
#6307=DIRECTION('',(0.,0.,1.));
#6308=DIRECTION('',(0.987688340595145,0.156434465040182,0.));
#6309=DIRECTION('',(-0.987688340595325,-0.15643446503905,0.));
#6310=DIRECTION('',(0.15643446503905,-0.987688340595325,0.));
#6311=DIRECTION('',(0.,0.,1.));
#6312=DIRECTION('',(0.15643446503905,-0.987688340595325,0.));
#6313=DIRECTION('',(0.,0.,1.));
#6314=DIRECTION('',(1.,0.,0.));
#6315=DIRECTION('',(0.,0.,1.));
#6316=DIRECTION('',(0.,0.,1.));
#6317=DIRECTION('',(1.,0.,0.));
#6318=DIRECTION('',(0.258819045102894,-0.965925826288968,0.));
#6319=DIRECTION('',(0.965925826288968,0.258819045102894,0.));
#6320=DIRECTION('',(0.,0.,1.));
#6321=DIRECTION('',(0.965925826288968,0.258819045102894,0.));
#6322=DIRECTION('',(-0.965925826288925,-0.258819045103055,0.));
#6323=DIRECTION('',(0.258819045103055,-0.965925826288925,0.));
#6324=DIRECTION('',(0.,0.,1.));
#6325=DIRECTION('',(0.258819045103055,-0.965925826288925,0.));
#6326=DIRECTION('',(0.,0.,1.));
#6327=DIRECTION('',(1.,0.,0.));
#6328=DIRECTION('',(0.,0.,1.));
#6329=DIRECTION('',(0.,0.,1.));
#6330=DIRECTION('',(1.,0.,0.));
#6331=DIRECTION('',(0.35836794954559,-0.93358042649709,0.));
#6332=DIRECTION('',(0.933580426497091,0.35836794954559,0.));
#6333=DIRECTION('',(0.,0.,1.));
#6334=DIRECTION('',(0.933580426497091,0.35836794954559,0.));
#6335=DIRECTION('',(-0.933580426497304,-0.358367949545034,0.));
#6336=DIRECTION('',(0.358367949545034,-0.933580426497304,0.));
#6337=DIRECTION('',(0.,0.,1.));
#6338=DIRECTION('',(0.358367949545034,-0.933580426497304,0.));
#6339=DIRECTION('',(0.,0.,1.));
#6340=DIRECTION('',(1.,0.,0.));
#6341=DIRECTION('',(0.,0.,1.));
#6342=DIRECTION('',(0.,0.,1.));
#6343=DIRECTION('',(1.,0.,0.));
#6344=DIRECTION('',(0.453990499739397,-0.891006524188444,0.));
#6345=DIRECTION('',(0.891006524188444,0.453990499739398,0.));
#6346=DIRECTION('',(0.,0.,1.));
#6347=DIRECTION('',(0.891006524188444,0.453990499739397,0.));
#6348=DIRECTION('',(-0.891006524188041,-0.453990499740188,0.));
#6349=DIRECTION('',(0.453990499740188,-0.891006524188041,0.));
#6350=DIRECTION('',(0.,0.,1.));
#6351=DIRECTION('',(0.453990499740188,-0.891006524188041,0.));
#6352=DIRECTION('',(0.,0.,1.));
#6353=DIRECTION('',(1.,0.,0.));
#6354=DIRECTION('',(0.,0.,1.));
#6355=DIRECTION('',(0.,0.,1.));
#6356=DIRECTION('',(1.,0.,0.));
#6357=DIRECTION('',(0.544639035014785,-0.838670567945581,0.));
#6358=DIRECTION('',(0.838670567945581,0.544639035014785,0.));
#6359=DIRECTION('',(0.,0.,1.));
#6360=DIRECTION('',(0.838670567945581,0.544639035014785,0.));
#6361=DIRECTION('',(-0.83867056794521,-0.544639035015357,0.));
#6362=DIRECTION('',(0.544639035015357,-0.83867056794521,0.));
#6363=DIRECTION('',(0.,0.,1.));
#6364=DIRECTION('',(0.544639035015357,-0.83867056794521,0.));
#6365=DIRECTION('',(0.,0.,1.));
#6366=DIRECTION('',(1.,0.,0.));
#6367=DIRECTION('',(0.,0.,1.));
#6368=DIRECTION('',(0.,0.,1.));
#6369=DIRECTION('',(1.,0.,0.));
#6370=DIRECTION('',(0.629320391049818,-0.777145961456987,0.));
#6371=DIRECTION('',(0.777145961456987,0.629320391049818,0.));
#6372=DIRECTION('',(0.,0.,1.));
#6373=DIRECTION('',(0.777145961456987,0.629320391049818,0.));
#6374=DIRECTION('',(-0.777145961456938,-0.629320391049878,0.));
#6375=DIRECTION('',(0.629320391049878,-0.777145961456938,0.));
#6376=DIRECTION('',(0.,0.,1.));
#6377=DIRECTION('',(0.629320391049878,-0.777145961456938,0.));
#6378=DIRECTION('',(0.,0.,1.));
#6379=DIRECTION('',(1.,0.,0.));
#6380=DIRECTION('',(0.,0.,1.));
#6381=DIRECTION('',(0.,0.,1.));
#6382=DIRECTION('',(1.,0.,0.));
#6383=DIRECTION('',(0.70710678118653,-0.707106781186565,0.));
#6384=DIRECTION('',(0.707106781186565,0.70710678118653,0.));
#6385=DIRECTION('',(0.,0.,1.));
#6386=DIRECTION('',(0.707106781186565,0.70710678118653,0.));
#6387=DIRECTION('',(-0.70710678118648,-0.707106781186615,0.));
#6388=DIRECTION('',(0.707106781186615,-0.70710678118648,0.));
#6389=DIRECTION('',(0.,0.,1.));
#6390=DIRECTION('',(0.707106781186615,-0.70710678118648,0.));
#6391=DIRECTION('',(0.,0.,1.));
#6392=DIRECTION('',(1.,0.,0.));
#6393=DIRECTION('',(0.,0.,1.));
#6394=DIRECTION('',(0.,0.,1.));
#6395=DIRECTION('',(1.,0.,0.));
#6396=DIRECTION('',(0.777145961457464,-0.629320391049229,0.));
#6397=DIRECTION('',(0.629320391049229,0.777145961457464,0.));
#6398=DIRECTION('',(0.,0.,1.));
#6399=DIRECTION('',(0.629320391049229,0.777145961457464,0.));
#6400=DIRECTION('',(-0.629320391049362,-0.777145961457356,0.));
#6401=DIRECTION('',(0.777145961457356,-0.629320391049363,0.));
#6402=DIRECTION('',(0.,0.,1.));
#6403=DIRECTION('',(0.777145961457356,-0.629320391049363,0.));
#6404=DIRECTION('',(0.,0.,1.));
#6405=DIRECTION('',(1.,0.,0.));
#6406=DIRECTION('',(0.,0.,1.));
#6407=DIRECTION('',(0.,0.,1.));
#6408=DIRECTION('',(1.,0.,0.));
#6409=DIRECTION('',(0.838670567946242,-0.544639035013768,0.));
#6410=DIRECTION('',(0.544639035013768,0.838670567946242,0.));
#6411=DIRECTION('',(0.,0.,1.));
#6412=DIRECTION('',(0.544639035013768,0.838670567946242,0.));
#6413=DIRECTION('',(-0.54463903501464,-0.838670567945676,0.));
#6414=DIRECTION('',(0.838670567945676,-0.54463903501464,0.));
#6415=DIRECTION('',(0.,0.,1.));
#6416=DIRECTION('',(0.838670567945676,-0.54463903501464,0.));
#6417=DIRECTION('',(0.,0.,1.));
#6418=DIRECTION('',(1.,0.,0.));
#6419=DIRECTION('',(0.,0.,1.));
#6420=DIRECTION('',(0.,0.,1.));
#6421=DIRECTION('',(1.,0.,0.));
#6422=DIRECTION('',(0.891006524187965,-0.453990499740337,0.));
#6423=DIRECTION('',(0.453990499740337,0.891006524187965,0.));
#6424=DIRECTION('',(0.,0.,1.));
#6425=DIRECTION('',(0.453990499740337,0.891006524187965,0.));
#6426=DIRECTION('',(-0.453990499739806,-0.891006524188236,0.));
#6427=DIRECTION('',(0.891006524188236,-0.453990499739807,0.));
#6428=DIRECTION('',(0.,0.,1.));
#6429=DIRECTION('',(0.891006524188236,-0.453990499739806,0.));
#6430=DIRECTION('',(0.,0.,1.));
#6431=DIRECTION('',(1.,0.,0.));
#6432=DIRECTION('',(0.,0.,1.));
#6433=DIRECTION('',(0.,0.,1.));
#6434=DIRECTION('',(1.,0.,0.));
#6435=DIRECTION('',(0.933580426497271,-0.35836794954512,0.));
#6436=DIRECTION('',(0.35836794954512,0.933580426497271,0.));
#6437=DIRECTION('',(0.,0.,1.));
#6438=DIRECTION('',(0.35836794954512,0.933580426497271,0.));
#6439=DIRECTION('',(-0.358367949545742,-0.933580426497032,0.));
#6440=DIRECTION('',(0.933580426497032,-0.358367949545742,0.));
#6441=DIRECTION('',(0.,0.,1.));
#6442=DIRECTION('',(0.933580426497032,-0.358367949545742,0.));
#6443=DIRECTION('',(0.,0.,1.));
#6444=DIRECTION('',(1.,0.,0.));
#6445=DIRECTION('',(0.,0.,1.));
#6446=DIRECTION('',(0.,0.,1.));
#6447=DIRECTION('',(1.,0.,0.));
#6448=DIRECTION('',(0.965925826289314,-0.258819045101602,0.));
#6449=DIRECTION('',(0.258819045101602,0.965925826289315,0.));
#6450=DIRECTION('',(0.,0.,1.));
#6451=DIRECTION('',(0.258819045101602,0.965925826289315,0.));
#6452=DIRECTION('',(-0.258819045103346,-0.965925826288847,0.));
#6453=DIRECTION('',(0.965925826288847,-0.258819045103346,0.));
#6454=DIRECTION('',(0.,0.,1.));
#6455=DIRECTION('',(0.965925826288847,-0.258819045103346,0.));
#6456=DIRECTION('',(0.,0.,1.));
#6457=DIRECTION('',(1.,0.,0.));
#6458=DIRECTION('',(0.,0.,1.));
#6459=DIRECTION('',(0.,0.,1.));
#6460=DIRECTION('',(1.,0.,0.));
#6461=DIRECTION('',(0.98768834059509,-0.156434465040532,0.));
#6462=DIRECTION('',(0.156434465040532,0.98768834059509,0.));
#6463=DIRECTION('',(0.,0.,1.));
#6464=DIRECTION('',(0.156434465040532,0.98768834059509,0.));
#6465=DIRECTION('',(-0.156434465040191,-0.987688340595144,0.));
#6466=DIRECTION('',(0.987688340595144,-0.156434465040191,0.));
#6467=DIRECTION('',(0.,0.,1.));
#6468=DIRECTION('',(0.987688340595144,-0.156434465040191,0.));
#6469=DIRECTION('',(0.,0.,1.));
#6470=DIRECTION('',(1.,0.,0.));
#6471=DIRECTION('',(0.,0.,1.));
#6472=DIRECTION('',(0.,0.,1.));
#6473=DIRECTION('',(1.,0.,0.));
#6474=DIRECTION('',(0.9986295347546,-0.0523359562424402,0.));
#6475=DIRECTION('',(0.0523359562424402,0.9986295347546,0.));
#6476=DIRECTION('',(0.,0.,1.));
#6477=DIRECTION('',(0.0523359562424403,0.9986295347546,0.));
#6478=DIRECTION('',(-0.0523359562428442,-0.998629534754579,0.));
#6479=DIRECTION('',(0.998629534754579,-0.0523359562428442,0.));
#6480=DIRECTION('',(0.,0.,1.));
#6481=DIRECTION('',(0.998629534754579,-0.0523359562428442,0.));
#6482=DIRECTION('',(0.,0.,1.));
#6483=DIRECTION('',(1.,0.,0.));
#6484=DIRECTION('',(0.,0.,1.));
#6485=DIRECTION('',(0.,0.,1.));
#6486=DIRECTION('',(1.,0.,0.));
#6487=DIRECTION('',(0.998629534754556,0.0523359562432825,0.));
#6488=DIRECTION('',(-0.0523359562432825,0.998629534754556,0.));
#6489=DIRECTION('',(0.,0.,1.));
#6490=DIRECTION('',(-0.0523359562432825,0.998629534754556,0.));
#6491=DIRECTION('',(0.0523359562430951,-0.998629534754566,0.));
#6492=DIRECTION('',(0.998629534754566,0.0523359562430951,0.));
#6493=DIRECTION('',(0.,0.,1.));
#6494=DIRECTION('',(0.998629534754566,0.0523359562430951,0.));
#6495=DIRECTION('',(0.,0.,1.));
#6496=DIRECTION('',(1.,0.,0.));
#6497=DIRECTION('',(0.,0.,1.));
#6498=DIRECTION('',(0.,0.,1.));
#6499=DIRECTION('',(1.,0.,0.));
#6500=DIRECTION('',(0.987688340595015,0.156434465041004,0.));
#6501=DIRECTION('',(-0.156434465041004,0.987688340595016,0.));
#6502=DIRECTION('',(0.,0.,1.));
#6503=DIRECTION('',(-0.156434465041004,0.987688340595015,0.));
#6504=DIRECTION('',(0.156434465039586,-0.98768834059524,0.));
#6505=DIRECTION('',(0.98768834059524,0.156434465039586,0.));
#6506=DIRECTION('',(0.,0.,1.));
#6507=DIRECTION('',(0.98768834059524,0.156434465039586,0.));
#6508=DIRECTION('',(0.,0.,1.));
#6509=DIRECTION('',(1.,0.,0.));
#6510=DIRECTION('',(0.,0.,1.));
#6511=DIRECTION('',(0.,0.,1.));
#6512=DIRECTION('',(1.,0.,0.));
#6513=DIRECTION('',(0.965925826288961,0.25881904510292,0.));
#6514=DIRECTION('',(-0.25881904510292,0.965925826288962,0.));
#6515=DIRECTION('',(0.,0.,1.));
#6516=DIRECTION('',(-0.25881904510292,0.965925826288962,0.));
#6517=DIRECTION('',(0.258819045102548,-0.965925826289061,0.));
#6518=DIRECTION('',(0.965925826289061,0.258819045102548,0.));
#6519=DIRECTION('',(0.,0.,1.));
#6520=DIRECTION('',(0.965925826289061,0.258819045102548,0.));
#6521=DIRECTION('',(0.,0.,1.));
#6522=DIRECTION('',(1.,0.,0.));
#6523=DIRECTION('',(0.,0.,1.));
#6524=DIRECTION('',(0.,0.,1.));
#6525=DIRECTION('',(1.,0.,0.));
#6526=DIRECTION('',(0.933580426497055,0.358367949545684,0.));
#6527=DIRECTION('',(-0.358367949545684,0.933580426497055,0.));
#6528=DIRECTION('',(0.,0.,1.));
#6529=DIRECTION('',(-0.358367949545684,0.933580426497055,0.));
#6530=DIRECTION('',(0.358367949544788,-0.933580426497399,0.));
#6531=DIRECTION('',(0.933580426497399,0.358367949544788,0.));
#6532=DIRECTION('',(0.,0.,1.));
#6533=DIRECTION('',(0.933580426497399,0.358367949544788,0.));
#6534=DIRECTION('',(0.,0.,1.));
#6535=DIRECTION('',(1.,0.,0.));
#6536=DIRECTION('',(0.,0.,1.));
#6537=DIRECTION('',(0.,0.,1.));
#6538=DIRECTION('',(1.,0.,0.));
#6539=DIRECTION('',(0.891006524188412,0.45399049973946,0.));
#6540=DIRECTION('',(-0.45399049973946,0.891006524188412,0.));
#6541=DIRECTION('',(0.,0.,1.));
#6542=DIRECTION('',(-0.45399049973946,0.891006524188412,0.));
#6543=DIRECTION('',(0.453990499739455,-0.891006524188415,0.));
#6544=DIRECTION('',(0.891006524188415,0.453990499739455,0.));
#6545=DIRECTION('',(0.,0.,1.));
#6546=DIRECTION('',(0.891006524188415,0.453990499739455,0.));
#6547=DIRECTION('',(0.,0.,1.));
#6548=DIRECTION('',(1.,0.,0.));
#6549=DIRECTION('',(0.,0.,1.));
#6550=DIRECTION('',(0.,0.,1.));
#6551=DIRECTION('',(1.,0.,0.));
#6552=DIRECTION('',(0.838670567945562,0.544639035014815,0.));
#6553=DIRECTION('',(-0.544639035014815,0.838670567945562,0.));
#6554=DIRECTION('',(0.,0.,1.));
#6555=DIRECTION('',(-0.544639035014815,0.838670567945562,0.));
#6556=DIRECTION('',(0.544639035014919,-0.838670567945494,0.));
#6557=DIRECTION('',(0.838670567945494,0.544639035014919,0.));
#6558=DIRECTION('',(0.,0.,1.));
#6559=DIRECTION('',(0.838670567945495,0.544639035014919,0.));
#6560=DIRECTION('',(0.,0.,1.));
#6561=DIRECTION('',(1.,0.,0.));
#6562=DIRECTION('',(0.,0.,1.));
#6563=DIRECTION('',(0.,0.,1.));
#6564=DIRECTION('',(1.,0.,0.));
#6565=DIRECTION('',(0.777145961456915,0.629320391049906,0.));
#6566=DIRECTION('',(-0.629320391049906,0.777145961456915,0.));
#6567=DIRECTION('',(0.,0.,1.));
#6568=DIRECTION('',(-0.629320391049906,0.777145961456915,0.));
#6569=DIRECTION('',(0.629320391049767,-0.777145961457028,0.));
#6570=DIRECTION('',(0.777145961457028,0.629320391049767,0.));
#6571=DIRECTION('',(0.,0.,1.));
#6572=DIRECTION('',(0.777145961457028,0.629320391049767,0.));
#6573=DIRECTION('',(0.,0.,1.));
#6574=DIRECTION('',(1.,0.,0.));
#6575=DIRECTION('',(0.,0.,1.));
#6576=DIRECTION('',(0.,0.,1.));
#6577=DIRECTION('',(1.,0.,0.));
#6578=DIRECTION('',(0.707106781186383,0.707106781186712,0.));
#6579=DIRECTION('',(-0.707106781186712,0.707106781186383,0.));
#6580=DIRECTION('',(0.,0.,1.));
#6581=DIRECTION('',(-0.707106781186712,0.707106781186383,0.));
#6582=DIRECTION('',(0.707106781186778,-0.707106781186318,0.));
#6583=DIRECTION('',(0.707106781186318,0.707106781186778,0.));
#6584=DIRECTION('',(0.,0.,1.));
#6585=DIRECTION('',(0.707106781186318,0.707106781186778,0.));
#6586=DIRECTION('',(0.,0.,1.));
#6587=DIRECTION('',(1.,0.,0.));
#6588=DIRECTION('',(0.,0.,1.));
#6589=DIRECTION('',(0.,0.,1.));
#6590=DIRECTION('',(1.,0.,0.));
#6591=DIRECTION('',(0.629320391049746,0.777145961457046,0.));
#6592=DIRECTION('',(-0.777145961457046,0.629320391049746,0.));
#6593=DIRECTION('',(0.,0.,1.));
#6594=DIRECTION('',(-0.777145961457046,0.629320391049746,0.));
#6595=DIRECTION('',(0.777145961457121,-0.629320391049652,0.));
#6596=DIRECTION('',(0.629320391049652,0.777145961457121,0.));
#6597=DIRECTION('',(0.,0.,1.));
#6598=DIRECTION('',(0.629320391049652,0.777145961457121,0.));
#6599=DIRECTION('',(0.,0.,1.));
#6600=DIRECTION('',(1.,0.,0.));
#6601=DIRECTION('',(0.,0.,1.));
#6602=DIRECTION('',(0.,0.,1.));
#6603=DIRECTION('',(1.,0.,0.));
#6604=DIRECTION('',(0.544639035014438,0.838670567945807,0.));
#6605=DIRECTION('',(-0.838670567945807,0.544639035014438,0.));
#6606=DIRECTION('',(0.,0.,1.));
#6607=DIRECTION('',(-0.838670567945807,0.544639035014438,0.));
#6608=DIRECTION('',(0.838670567944993,-0.544639035015692,0.));
#6609=DIRECTION('',(0.544639035015692,0.838670567944993,0.));
#6610=DIRECTION('',(0.,0.,1.));
#6611=DIRECTION('',(0.544639035015692,0.838670567944993,0.));
#6612=DIRECTION('',(0.,0.,1.));
#6613=DIRECTION('',(1.,0.,0.));
#6614=DIRECTION('',(0.,0.,1.));
#6615=DIRECTION('',(0.,0.,1.));
#6616=DIRECTION('',(1.,0.,0.));
#6617=DIRECTION('',(0.45399049973939,0.891006524188448,0.));
#6618=DIRECTION('',(-0.891006524188448,0.45399049973939,0.));
#6619=DIRECTION('',(0.,0.,1.));
#6620=DIRECTION('',(-0.891006524188448,0.45399049973939,0.));
#6621=DIRECTION('',(0.89100652418817,-0.453990499739935,0.));
#6622=DIRECTION('',(0.453990499739935,0.89100652418817,0.));
#6623=DIRECTION('',(0.,0.,1.));
#6624=DIRECTION('',(0.453990499739935,0.89100652418817,0.));
#6625=DIRECTION('',(0.,0.,1.));
#6626=DIRECTION('',(1.,0.,0.));
#6627=DIRECTION('',(0.,0.,1.));
#6628=DIRECTION('',(0.,0.,1.));
#6629=DIRECTION('',(1.,0.,0.));
#6630=DIRECTION('',(0.358367949544854,0.933580426497373,0.));
#6631=DIRECTION('',(-0.933580426497373,0.358367949544854,0.));
#6632=DIRECTION('',(0.,0.,1.));
#6633=DIRECTION('',(-0.933580426497373,0.358367949544854,0.));
#6634=DIRECTION('',(0.933580426497166,-0.358367949545394,0.));
#6635=DIRECTION('',(0.358367949545394,0.933580426497166,0.));
#6636=DIRECTION('',(0.,0.,1.));
#6637=DIRECTION('',(0.358367949545394,0.933580426497166,0.));
#6638=DIRECTION('',(0.,0.,1.));
#6639=DIRECTION('',(1.,0.,0.));
#6640=DIRECTION('',(0.,0.,1.));
#6641=DIRECTION('',(0.,0.,1.));
#6642=DIRECTION('',(1.,0.,0.));
#6643=DIRECTION('',(0.258819045101999,0.965925826289208,0.));
#6644=DIRECTION('',(-0.965925826289208,0.258819045101999,0.));
#6645=DIRECTION('',(0.,0.,1.));
#6646=DIRECTION('',(-0.965925826289208,0.258819045101999,0.));
#6647=DIRECTION('',(0.965925826289026,-0.258819045102679,0.));
#6648=DIRECTION('',(0.258819045102679,0.965925826289026,0.));
#6649=DIRECTION('',(0.,0.,1.));
#6650=DIRECTION('',(0.258819045102679,0.965925826289026,0.));
#6651=DIRECTION('',(0.,0.,1.));
#6652=DIRECTION('',(1.,0.,0.));
#6653=DIRECTION('',(0.,0.,1.));
#6654=DIRECTION('',(0.,0.,1.));
#6655=DIRECTION('',(1.,0.,0.));
#6656=DIRECTION('',(0.156434465040186,0.987688340595145,0.));
#6657=DIRECTION('',(-0.987688340595145,0.156434465040186,0.));
#6658=DIRECTION('',(0.,0.,1.));
#6659=DIRECTION('',(-0.987688340595145,0.156434465040186,0.));
#6660=DIRECTION('',(0.987688340595129,-0.156434465040284,0.));
#6661=DIRECTION('',(0.156434465040284,0.987688340595129,0.));
#6662=DIRECTION('',(0.,0.,1.));
#6663=DIRECTION('',(0.156434465040284,0.987688340595129,0.));
#6664=DIRECTION('',(0.,0.,1.));
#6665=DIRECTION('',(1.,0.,0.));
#6666=DIRECTION('',(0.,0.,1.));
#6667=DIRECTION('',(0.,0.,1.));
#6668=DIRECTION('',(1.,0.,0.));
#6669=DIRECTION('',(0.0523359562430954,0.998629534754566,0.));
#6670=DIRECTION('',(-0.998629534754566,0.0523359562430954,0.));
#6671=DIRECTION('',(0.,0.,1.));
#6672=DIRECTION('',(-0.998629534754566,0.0523359562430954,0.));
#6673=DIRECTION('',(0.998629534754538,-0.052335956243635,0.));
#6674=DIRECTION('',(0.052335956243635,0.998629534754538,0.));
#6675=DIRECTION('',(0.,0.,1.));
#6676=DIRECTION('',(0.052335956243635,0.998629534754538,0.));
#6677=DIRECTION('',(0.,0.,1.));
#6678=DIRECTION('',(1.,0.,0.));
#6679=DIRECTION('',(0.,0.,1.));
#6680=DIRECTION('',(0.,0.,1.));
#6681=DIRECTION('',(1.,0.,0.));
#6682=DIRECTION('',(-0.052335956242944,0.998629534754574,0.));
#6683=DIRECTION('',(-0.998629534754574,-0.0523359562429441,0.));
#6684=DIRECTION('',(0.,0.,1.));
#6685=DIRECTION('',(-0.998629534754574,-0.052335956242944,0.));
#6686=DIRECTION('',(0.998629534754576,0.0523359562429071,0.));
#6687=DIRECTION('',(-0.0523359562429071,0.998629534754576,0.));
#6688=DIRECTION('',(0.,0.,1.));
#6689=DIRECTION('',(-0.0523359562429071,0.998629534754576,0.));
#6690=DIRECTION('',(0.,0.,1.));
#6691=DIRECTION('',(1.,0.,0.));
#6692=DIRECTION('',(0.,0.,1.));
#6693=DIRECTION('',(0.,0.,1.));
#6694=DIRECTION('',(1.,0.,0.));
#6695=DIRECTION('',(-0.15643446504024,0.987688340595136,0.));
#6696=DIRECTION('',(-0.987688340595136,-0.15643446504024,0.));
#6697=DIRECTION('',(0.,0.,1.));
#6698=DIRECTION('',(-0.987688340595136,-0.15643446504024,0.));
#6699=DIRECTION('',(0.987688340595149,0.156434465040161,0.));
#6700=DIRECTION('',(-0.156434465040161,0.987688340595149,0.));
#6701=DIRECTION('',(0.,0.,1.));
#6702=DIRECTION('',(-0.156434465040161,0.987688340595149,0.));
#6703=DIRECTION('',(0.,0.,1.));
#6704=DIRECTION('',(1.,0.,0.));
#6705=DIRECTION('',(0.,0.,1.));
#6706=DIRECTION('',(0.,0.,1.));
#6707=DIRECTION('',(1.,0.,0.));
#6708=DIRECTION('',(-0.258819045102961,0.96592582628895,0.));
#6709=DIRECTION('',(-0.965925826288951,-0.258819045102961,0.));
#6710=DIRECTION('',(0.,0.,1.));
#6711=DIRECTION('',(-0.96592582628895,-0.258819045102961,0.));
#6712=DIRECTION('',(0.965925826289314,0.258819045101606,0.));
#6713=DIRECTION('',(-0.258819045101606,0.965925826289314,0.));
#6714=DIRECTION('',(0.,0.,1.));
#6715=DIRECTION('',(-0.258819045101606,0.965925826289314,0.));
#6716=DIRECTION('',(0.,0.,1.));
#6717=DIRECTION('',(1.,0.,0.));
#6718=DIRECTION('',(0.,0.,1.));
#6719=DIRECTION('',(0.,0.,1.));
#6720=DIRECTION('',(1.,0.,0.));
#6721=DIRECTION('',(-0.358367949545796,0.933580426497011,0.));
#6722=DIRECTION('',(-0.933580426497011,-0.358367949545796,0.));
#6723=DIRECTION('',(0.,0.,1.));
#6724=DIRECTION('',(-0.933580426497012,-0.358367949545796,0.));
#6725=DIRECTION('',(0.933580426497385,0.358367949544822,0.));
#6726=DIRECTION('',(-0.358367949544822,0.933580426497385,0.));
#6727=DIRECTION('',(0.,0.,1.));
#6728=DIRECTION('',(-0.358367949544822,0.933580426497385,0.));
#6729=DIRECTION('',(0.,0.,1.));
#6730=DIRECTION('',(1.,0.,0.));
#6731=DIRECTION('',(0.,0.,1.));
#6732=DIRECTION('',(0.,0.,1.));
#6733=DIRECTION('',(1.,0.,0.));
#6734=DIRECTION('',(-0.453990499739914,0.891006524188181,0.));
#6735=DIRECTION('',(-0.891006524188181,-0.453990499739914,0.));
#6736=DIRECTION('',(0.,0.,1.));
#6737=DIRECTION('',(-0.891006524188181,-0.453990499739914,0.));
#6738=DIRECTION('',(0.891006524188067,0.453990499740138,0.));
#6739=DIRECTION('',(-0.453990499740138,0.891006524188067,0.));
#6740=DIRECTION('',(0.,0.,1.));
#6741=DIRECTION('',(-0.453990499740138,0.891006524188067,0.));
#6742=DIRECTION('',(0.,0.,1.));
#6743=DIRECTION('',(1.,0.,0.));
#6744=DIRECTION('',(0.,0.,1.));
#6745=DIRECTION('',(0.,0.,1.));
#6746=DIRECTION('',(1.,0.,0.));
#6747=DIRECTION('',(-0.544639035014803,0.83867056794557,0.));
#6748=DIRECTION('',(-0.83867056794557,-0.544639035014803,0.));
#6749=DIRECTION('',(0.,0.,1.));
#6750=DIRECTION('',(-0.83867056794557,-0.544639035014803,0.));
#6751=DIRECTION('',(0.838670567945572,0.5446390350148,0.));
#6752=DIRECTION('',(-0.5446390350148,0.838670567945572,0.));
#6753=DIRECTION('',(0.,0.,1.));
#6754=DIRECTION('',(-0.5446390350148,0.838670567945572,0.));
#6755=DIRECTION('',(0.,0.,1.));
#6756=DIRECTION('',(1.,0.,0.));
#6757=DIRECTION('',(0.,0.,1.));
#6758=DIRECTION('',(0.,0.,1.));
#6759=DIRECTION('',(1.,0.,0.));
#6760=DIRECTION('',(-0.629320391049548,0.777145961457205,0.));
#6761=DIRECTION('',(-0.777145961457205,-0.629320391049548,0.));
#6762=DIRECTION('',(0.,0.,1.));
#6763=DIRECTION('',(-0.777145961457205,-0.629320391049548,0.));
#6764=DIRECTION('',(0.77714596145763,0.629320391049023,0.));
#6765=DIRECTION('',(-0.629320391049024,0.77714596145763,0.));
#6766=DIRECTION('',(0.,0.,1.));
#6767=DIRECTION('',(-0.629320391049023,0.77714596145763,0.));
#6768=DIRECTION('',(0.,0.,1.));
#6769=DIRECTION('',(1.,0.,0.));
#6770=DIRECTION('',(0.,0.,1.));
#6771=DIRECTION('',(0.,0.,1.));
#6772=DIRECTION('',(1.,0.,0.));
#6773=DIRECTION('',(-0.707106781186305,0.70710678118679,0.));
#6774=DIRECTION('',(-0.70710678118679,-0.707106781186305,0.));
#6775=DIRECTION('',(0.,0.,1.));
#6776=DIRECTION('',(-0.70710678118679,-0.707106781186305,0.));
#6777=DIRECTION('',(0.707106781186555,0.70710678118654,0.));
#6778=DIRECTION('',(-0.70710678118654,0.707106781186555,0.));
#6779=DIRECTION('',(0.,0.,1.));
#6780=DIRECTION('',(-0.70710678118654,0.707106781186555,0.));
#6781=DIRECTION('',(0.,0.,1.));
#6782=DIRECTION('',(1.,0.,0.));
#6783=DIRECTION('',(0.,0.,1.));
#6784=DIRECTION('',(0.,0.,1.));
#6785=DIRECTION('',(1.,0.,0.));
#6786=DIRECTION('',(-0.777145961457503,0.62932039104918,0.));
#6787=DIRECTION('',(-0.62932039104918,-0.777145961457503,0.));
#6788=DIRECTION('',(0.,0.,1.));
#6789=DIRECTION('',(-0.62932039104918,-0.777145961457503,0.));
#6790=DIRECTION('',(0.629320391049679,0.7771459614571,0.));
#6791=DIRECTION('',(-0.7771459614571,0.629320391049679,0.));
#6792=DIRECTION('',(0.,0.,1.));
#6793=DIRECTION('',(-0.7771459614571,0.629320391049679,0.));
#6794=DIRECTION('',(0.,0.,1.));
#6795=DIRECTION('',(1.,0.,0.));
#6796=DIRECTION('',(0.,0.,1.));
#6797=DIRECTION('',(0.,0.,1.));
#6798=DIRECTION('',(1.,0.,0.));
#6799=DIRECTION('',(-0.838670567945394,0.544639035015073,0.));
#6800=DIRECTION('',(-0.544639035015073,-0.838670567945394,0.));
#6801=DIRECTION('',(0.,0.,1.));
#6802=DIRECTION('',(-0.544639035015073,-0.838670567945394,0.));
#6803=DIRECTION('',(0.544639035015149,0.838670567945345,0.));
#6804=DIRECTION('',(-0.838670567945345,0.544639035015149,0.));
#6805=DIRECTION('',(0.,0.,1.));
#6806=DIRECTION('',(-0.838670567945345,0.544639035015149,0.));
#6807=DIRECTION('',(0.,0.,1.));
#6808=DIRECTION('',(1.,0.,0.));
#6809=DIRECTION('',(0.,0.,1.));
#6810=DIRECTION('',(0.,0.,1.));
#6811=DIRECTION('',(1.,0.,0.));
#6812=DIRECTION('',(-0.891006524188384,0.453990499739515,0.));
#6813=DIRECTION('',(-0.453990499739515,-0.891006524188384,0.));
#6814=DIRECTION('',(0.,0.,1.));
#6815=DIRECTION('',(-0.453990499739515,-0.891006524188384,0.));
#6816=DIRECTION('',(0.453990499740133,0.891006524188069,0.));
#6817=DIRECTION('',(-0.891006524188069,0.453990499740133,0.));
#6818=DIRECTION('',(0.,0.,1.));
#6819=DIRECTION('',(-0.89100652418807,0.453990499740133,0.));
#6820=DIRECTION('',(0.,0.,1.));
#6821=DIRECTION('',(1.,0.,0.));
#6822=DIRECTION('',(0.,0.,1.));
#6823=DIRECTION('',(0.,0.,1.));
#6824=DIRECTION('',(1.,0.,0.));
#6825=DIRECTION('',(-0.933580426497393,0.358367949544802,0.));
#6826=DIRECTION('',(-0.358367949544802,-0.933580426497393,0.));
#6827=DIRECTION('',(-0.358367949544802,-0.933580426497393,0.));
#6828=DIRECTION('',(0.,0.,1.));
#6829=DIRECTION('',(1.,0.,0.));
#6830=CARTESIAN_POINT('',(0.,0.,0.));
#6831=CARTESIAN_POINT('',(-6.6130927153957E-18,-0.036,0.1265));
#6832=CARTESIAN_POINT('',(-6.93889390390723E-18,-0.036,0.1265));
#6833=CARTESIAN_POINT('',(0.00741312983015005,-0.0348617969770997,0.1265));
#6834=CARTESIAN_POINT('',(0.00698906026591231,-0.0332791478174208,0.1265));
#6835=CARTESIAN_POINT('',(0.00743507114781963,-0.0331055150777791,0.1265));
#6836=CARTESIAN_POINT('',(0.00788108202972696,-0.0329318823381374,0.1265));
#6837=CARTESIAN_POINT('',(0.00788108202972696,-0.0329318823381374,0.1265));
#6838=CARTESIAN_POINT('',(0.00792775223228819,-0.0329078581657042,0.1265));
#6839=CARTESIAN_POINT('',(0.00802153601933071,-0.0328595815834805,0.1265));
#6840=CARTESIAN_POINT('',(0.00815240540452567,-0.0327656511229391,0.1265));
#6841=CARTESIAN_POINT('',(0.00827981003594672,-0.0326632165355916,0.1265));
#6842=CARTESIAN_POINT('',(0.00840296303994654,-0.0325511408898558,0.1265));
#6843=CARTESIAN_POINT('',(0.00852240795156881,-0.0324311044269509,0.1265));
#6844=CARTESIAN_POINT('',(0.00863814633615383,-0.0323035476798766,0.1265));
#6845=CARTESIAN_POINT('',(0.00875022931813075,-0.032168998477233,0.1265));
#6846=CARTESIAN_POINT('',(0.00885863630162612,-0.0320278127477883,0.1265));
#6847=CARTESIAN_POINT('',(0.00896332768941472,-0.0318802971434543,0.1265));
#6848=CARTESIAN_POINT('',(0.00906424580161367,-0.0317267088525004,0.1265));
#6849=CARTESIAN_POINT('',(0.00916131018712629,-0.0315672657888115,0.1265));
#6850=CARTESIAN_POINT('',(0.00925446921473123,-0.0314021904189148,0.1265));
#6851=CARTESIAN_POINT('',(0.00934351853807096,-0.0312315782019007,0.1265));
#6852=CARTESIAN_POINT('',(0.00942879836331115,-0.0310559237710987,0.1265));
#6853=CARTESIAN_POINT('',(0.00948178593704746,-0.0309351855891798,0.1265));
#6854=CARTESIAN_POINT('',(0.00950837698824794,-0.0308745948704344,0.1265));
#6855=CARTESIAN_POINT('',(0.00950837698824794,-0.0308745948704344,0.1265));
#6856=CARTESIAN_POINT('',(0.00935064826463138,-0.0306014007073175,0.1265));
#6857=CARTESIAN_POINT('',(0.00919291954101483,-0.0303282065442006,0.1265));
#6858=CARTESIAN_POINT('',(0.00659760885183619,-0.0307088415838787,0.1265));
#6859=CARTESIAN_POINT('',(0.00664174949674881,-0.0306804360890775,0.1265));
#6860=CARTESIAN_POINT('',(0.00673045013688366,-0.0306233552381474,0.1265));
#6861=CARTESIAN_POINT('',(0.00687723099449924,-0.0305569842562617,0.1265));
#6862=CARTESIAN_POINT('',(0.00702964426507881,-0.030497865902565,0.1265));
#6863=CARTESIAN_POINT('',(0.00718828112343152,-0.0304472500954166,0.1265));
#6864=CARTESIAN_POINT('',(0.00735195820549875,-0.0304038259990515,0.1265));
#6865=CARTESIAN_POINT('',(0.00752029478118166,-0.0303673719913449,0.1265));
#6866=CARTESIAN_POINT('',(0.00769285929971843,-0.0303375798829429,0.1265));
#6867=CARTESIAN_POINT('',(0.00786933321981701,-0.0303142895460106,0.1265));
#6868=CARTESIAN_POINT('',(0.00804943117451929,-0.0302973819467952,0.1265));
#6869=CARTESIAN_POINT('',(0.00823290159230868,-0.0302867784434059,0.1265));
#6870=CARTESIAN_POINT('',(0.00841951552867674,-0.0302824397515937,0.1265));
#6871=CARTESIAN_POINT('',(0.00860905450634891,-0.0302842993520443,0.1265));
#6872=CARTESIAN_POINT('',(0.00880133368214889,-0.0302924864843493,0.1265));
#6873=CARTESIAN_POINT('',(0.00899609479413088,-0.030306459204662,0.1265));
#6874=CARTESIAN_POINT('',(0.00912715091374752,-0.0303209397106809,0.1265));
#6875=CARTESIAN_POINT('',(0.00919291954101483,-0.0303282065442006,0.1265));
#6876=CARTESIAN_POINT('',(0.00659760885183619,-0.0307088415838787,0.1265));
#6877=CARTESIAN_POINT('',(0.0062242330474241,-0.0310082819681539,0.1265));
#6878=CARTESIAN_POINT('',(0.005850857243012,-0.031307722352429,0.1265));
#6879=CARTESIAN_POINT('',(-6.93889390390723E-18,-0.036,0.1265));
#6880=CARTESIAN_POINT('',(0.00469227764757091,-0.0301491427569879,0.1265));
#6881=CARTESIAN_POINT('',(0.00499171803184608,-0.0297757669525759,0.1265));
#6882=CARTESIAN_POINT('',(0.00529115841612126,-0.0294023911481638,0.1265));
#6883=CARTESIAN_POINT('',(0.00529115841612126,-0.0294023911481638,0.1265));
#6884=CARTESIAN_POINT('',(0.00531956391092247,-0.0293582505032511,0.1265));
#6885=CARTESIAN_POINT('',(0.00537664476185257,-0.0292695498631163,0.1265));
#6886=CARTESIAN_POINT('',(0.00544301574373832,-0.0291227690055007,0.1265));
#6887=CARTESIAN_POINT('',(0.00550213409743503,-0.0289703557349211,0.1265));
#6888=CARTESIAN_POINT('',(0.0055527499045833,-0.0288117188765684,0.1265));
#6889=CARTESIAN_POINT('',(0.00559617400094853,-0.0286480417945012,0.1265));
#6890=CARTESIAN_POINT('',(0.005632628008655,-0.0284797052188183,0.1265));
#6891=CARTESIAN_POINT('',(0.00566242011705711,-0.0283071407002815,0.1265));
#6892=CARTESIAN_POINT('',(0.00568571045398942,-0.028130666780183,0.1265));
#6893=CARTESIAN_POINT('',(0.00570261805320473,-0.0279505688254806,0.1265));
#6894=CARTESIAN_POINT('',(0.00571322155659404,-0.0277670984076913,0.1265));
#6895=CARTESIAN_POINT('',(0.00571756024840628,-0.0275804844713233,0.1265));
#6896=CARTESIAN_POINT('',(0.00571570064795563,-0.027390945493651,0.1265));
#6897=CARTESIAN_POINT('',(0.00570751351565065,-0.0271986663178511,0.1265));
#6898=CARTESIAN_POINT('',(0.00569354079533791,-0.0270039052058691,0.1265));
#6899=CARTESIAN_POINT('',(0.00567906028931902,-0.0268728490862525,0.1265));
#6900=CARTESIAN_POINT('',(0.00567179345579928,-0.0268070804589851,0.1265));
#6901=CARTESIAN_POINT('',(0.00567179345579928,-0.0268070804589851,0.1265));
#6902=CARTESIAN_POINT('',(0.00539859929268241,-0.0266493517353686,0.1265));
#6903=CARTESIAN_POINT('',(0.00512540512956555,-0.026491623011752,0.1265));
#6904=CARTESIAN_POINT('',(0.00306811766186257,-0.028118917970273,0.1265));
#6905=CARTESIAN_POINT('',(0.00309214183429572,-0.0280722477677118,0.1265));
#6906=CARTESIAN_POINT('',(0.0031404184165194,-0.0279784639806692,0.1265));
#6907=CARTESIAN_POINT('',(0.00323434887706088,-0.0278475945954743,0.1265));
#6908=CARTESIAN_POINT('',(0.0033367834644083,-0.0277201899640532,0.1265));
#6909=CARTESIAN_POINT('',(0.00344885911014416,-0.0275970369600534,0.1265));
#6910=CARTESIAN_POINT('',(0.00356889557304908,-0.0274775920484312,0.1265));
#6911=CARTESIAN_POINT('',(0.00369645232012333,-0.0273618536638462,0.1265));
#6912=CARTESIAN_POINT('',(0.00383100152276695,-0.0272497706818693,0.1265));
#6913=CARTESIAN_POINT('',(0.00397218725221159,-0.0271413636983739,0.1265));
#6914=CARTESIAN_POINT('',(0.00411970285654573,-0.0270366723105853,0.1265));
#6915=CARTESIAN_POINT('',(0.00427329114749962,-0.0269357541983863,0.1265));
#6916=CARTESIAN_POINT('',(0.00443273421118846,-0.0268386898128737,0.1265));
#6917=CARTESIAN_POINT('',(0.00459780958108521,-0.0267455307852687,0.1265));
#6918=CARTESIAN_POINT('',(0.00476842179809922,-0.026656481461929,0.1265));
#6919=CARTESIAN_POINT('',(0.00494407622890129,-0.0265712016366888,0.1265));
#6920=CARTESIAN_POINT('',(0.00506481441082016,-0.0265182140629525,0.1265));
#6921=CARTESIAN_POINT('',(0.00512540512956555,-0.026491623011752,0.1265));
#6922=CARTESIAN_POINT('',(0.00306811766186257,-0.028118917970273,0.1265));
#6923=CARTESIAN_POINT('',(0.00289448492222083,-0.0285649288521804,0.1265));
#6924=CARTESIAN_POINT('',(0.00272085218257909,-0.0290109397340876,0.1265));
#6925=CARTESIAN_POINT('',(-6.93889390390723E-18,-0.036,0.1265));
#6926=CARTESIAN_POINT('',(0.00113820302290028,-0.02858687016985,0.1265));
#6927=CARTESIAN_POINT('',(0.0012108381003955,-0.028113797045933,0.1265));
#6928=CARTESIAN_POINT('',(0.00128347317789073,-0.0276407239220161,0.1265));
#6929=CARTESIAN_POINT('',(0.00128347317789073,-0.0276407239220161,0.1265));
#6930=CARTESIAN_POINT('',(0.00128600273553934,-0.0275882942547817,0.1265));
#6931=CARTESIAN_POINT('',(0.00129108588244701,-0.027482936821628,0.1265));
#6932=CARTESIAN_POINT('',(0.0012751744100264,-0.0273226353792007,0.1265));
#6933=CARTESIAN_POINT('',(0.00125016577086788,-0.0271610824381566,0.1265));
#6934=CARTESIAN_POINT('',(0.00121468191651498,-0.0269983909852724,0.1265));
#6935=CARTESIAN_POINT('',(0.00117044974607004,-0.0268349304260023,0.1265));
#6936=CARTESIAN_POINT('',(0.00111785155497213,-0.0266709196712216,0.1265));
#6937=CARTESIAN_POINT('',(0.00105737001841228,-0.0265065783601759,0.1265));
#6938=CARTESIAN_POINT('',(0.000989303081809077,-0.0263421022937989,0.1265));
#6939=CARTESIAN_POINT('',(0.000913896514895395,-0.0261776790902495,0.1265));
#6940=CARTESIAN_POINT('',(0.00083134420930496,-0.0260134872959063,0.1265));
#6941=CARTESIAN_POINT('',(0.000741794658449514,-0.0258497055404052,0.1265));
#6942=CARTESIAN_POINT('',(0.000645414708382287,-0.0256864897709591,0.1265));
#6943=CARTESIAN_POINT('',(0.000542184855922036,-0.0255240646862501,0.1265));
#6944=CARTESIAN_POINT('',(0.000432703569180237,-0.0253623829757607,0.1265));
#6945=CARTESIAN_POINT('',(0.000354635023299903,-0.0252561252998608,0.1265));
#6946=CARTESIAN_POINT('',(0.000315457447233075,-0.0252028014146351,0.1265));
#6947=CARTESIAN_POINT('',(0.000315457447233075,-0.0252028014146351,0.1265));
#6948=CARTESIAN_POINT('',(-3.46944695195361E-17,-0.0252028014146351,0.1265));
#6949=CARTESIAN_POINT('',(-0.000315457447233145,-0.0252028014146351,0.1265));
#6950=CARTESIAN_POINT('',(-0.00128347317789079,-0.0276407239220161,0.1265));
#6951=CARTESIAN_POINT('',(-0.0012860027355394,-0.0275882942547817,0.1265));
#6952=CARTESIAN_POINT('',(-0.00129108588244706,-0.027482936821628,0.1265));
#6953=CARTESIAN_POINT('',(-0.00127517441002645,-0.0273226353792007,0.1265));
#6954=CARTESIAN_POINT('',(-0.00125016577086794,-0.0271610824381566,0.1265));
#6955=CARTESIAN_POINT('',(-0.00121468191651504,-0.0269983909852725,0.1265));
#6956=CARTESIAN_POINT('',(-0.00117044974607009,-0.0268349304260023,0.1265));
#6957=CARTESIAN_POINT('',(-0.0011178515549722,-0.0266709196712216,0.1265));
#6958=CARTESIAN_POINT('',(-0.00105737001841234,-0.0265065783601759,0.1265));
#6959=CARTESIAN_POINT('',(-0.00098930308180914,-0.0263421022937989,0.1265));
#6960=CARTESIAN_POINT('',(-0.000913896514895457,-0.0261776790902495,0.1265));
#6961=CARTESIAN_POINT('',(-0.000831344209305023,-0.0260134872959063,0.1265));
#6962=CARTESIAN_POINT('',(-0.000741794658449577,-0.0258497055404052,0.1265));
#6963=CARTESIAN_POINT('',(-0.00064541470838235,-0.0256864897709591,0.1265));
#6964=CARTESIAN_POINT('',(-0.000542184855922098,-0.0255240646862501,0.1265));
#6965=CARTESIAN_POINT('',(-0.000432703569180307,-0.0253623829757607,0.1265));
#6966=CARTESIAN_POINT('',(-0.000354635023299972,-0.0252561252998608,0.1265));
#6967=CARTESIAN_POINT('',(-0.000315457447233145,-0.0252028014146351,0.1265));
#6968=CARTESIAN_POINT('',(-0.00128347317789079,-0.0276407239220161,0.1265));
#6969=CARTESIAN_POINT('',(-0.00121083810039556,-0.028113797045933,0.1265));
#6970=CARTESIAN_POINT('',(-0.00113820302290033,-0.02858687016985,0.1265));
#6971=CARTESIAN_POINT('',(-6.93889390390723E-18,-0.036,0.1265));
#6972=CARTESIAN_POINT('',(-0.00272085218257914,-0.0290109397340877,0.1265));
#6973=CARTESIAN_POINT('',(-0.00289448492222088,-0.0285649288521804,0.1265));
#6974=CARTESIAN_POINT('',(-0.00306811766186263,-0.028118917970273,0.1265));
#6975=CARTESIAN_POINT('',(-0.00306811766186263,-0.028118917970273,0.1265));
#6976=CARTESIAN_POINT('',(-0.00309214183429578,-0.0280722477677118,0.1265));
#6977=CARTESIAN_POINT('',(-0.00314041841651946,-0.0279784639806693,0.1265));
#6978=CARTESIAN_POINT('',(-0.00323434887706093,-0.0278475945954743,0.1265));
#6979=CARTESIAN_POINT('',(-0.00333678346440835,-0.0277201899640532,0.1265));
#6980=CARTESIAN_POINT('',(-0.00344885911014422,-0.0275970369600534,0.1265));
#6981=CARTESIAN_POINT('',(-0.00356889557304914,-0.0274775920484312,0.1265));
#6982=CARTESIAN_POINT('',(-0.00369645232012338,-0.0273618536638462,0.1265));
#6983=CARTESIAN_POINT('',(-0.003831001522767,-0.0272497706818693,0.1265));
#6984=CARTESIAN_POINT('',(-0.00397218725221164,-0.0271413636983739,0.1265));
#6985=CARTESIAN_POINT('',(-0.00411970285654578,-0.0270366723105853,0.1265));
#6986=CARTESIAN_POINT('',(-0.00427329114749968,-0.0269357541983863,0.1265));
#6987=CARTESIAN_POINT('',(-0.00443273421118852,-0.0268386898128737,0.1265));
#6988=CARTESIAN_POINT('',(-0.00459780958108526,-0.0267455307852687,0.1265));
#6989=CARTESIAN_POINT('',(-0.00476842179809927,-0.026656481461929,0.1265));
#6990=CARTESIAN_POINT('',(-0.00494407622890136,-0.0265712016366889,0.1265));
#6991=CARTESIAN_POINT('',(-0.00506481441082023,-0.0265182140629525,0.1265));
#6992=CARTESIAN_POINT('',(-0.00512540512956561,-0.026491623011752,0.1265));
#6993=CARTESIAN_POINT('',(-0.00512540512956561,-0.026491623011752,0.1265));
#6994=CARTESIAN_POINT('',(-0.00539859929268248,-0.0266493517353686,0.1265));
#6995=CARTESIAN_POINT('',(-0.00567179345579934,-0.0268070804589851,0.1265));
#6996=CARTESIAN_POINT('',(-0.00529115841612131,-0.0294023911481638,0.1265));
#6997=CARTESIAN_POINT('',(-0.00531956391092252,-0.0293582505032512,0.1265));
#6998=CARTESIAN_POINT('',(-0.00537664476185262,-0.0292695498631163,0.1265));
#6999=CARTESIAN_POINT('',(-0.00544301574373837,-0.0291227690055007,0.1265));
#7000=CARTESIAN_POINT('',(-0.00550213409743508,-0.0289703557349212,0.1265));
#7001=CARTESIAN_POINT('',(-0.00555274990458336,-0.0288117188765684,0.1265));
#7002=CARTESIAN_POINT('',(-0.00559617400094857,-0.0286480417945013,0.1265));
#7003=CARTESIAN_POINT('',(-0.00563262800865505,-0.0284797052188183,0.1265));
#7004=CARTESIAN_POINT('',(-0.00566242011705716,-0.0283071407002815,0.1265));
#7005=CARTESIAN_POINT('',(-0.00568571045398948,-0.028130666780183,0.1265));
#7006=CARTESIAN_POINT('',(-0.00570261805320478,-0.0279505688254807,0.1265));
#7007=CARTESIAN_POINT('',(-0.0057132215565941,-0.0277670984076913,0.1265));
#7008=CARTESIAN_POINT('',(-0.00571756024840633,-0.0275804844713233,0.1265));
#7009=CARTESIAN_POINT('',(-0.00571570064795569,-0.0273909454936511,0.1265));
#7010=CARTESIAN_POINT('',(-0.0057075135156507,-0.0271986663178511,0.1265));
#7011=CARTESIAN_POINT('',(-0.00569354079533798,-0.0270039052058691,0.1265));
#7012=CARTESIAN_POINT('',(-0.00567906028931908,-0.0268728490862525,0.1265));
#7013=CARTESIAN_POINT('',(-0.00567179345579934,-0.0268070804589851,0.1265));
#7014=CARTESIAN_POINT('',(-0.00529115841612131,-0.0294023911481638,0.1265));
#7015=CARTESIAN_POINT('',(-0.00499171803184613,-0.0297757669525759,0.1265));
#7016=CARTESIAN_POINT('',(-0.00469227764757095,-0.030149142756988,0.1265));
#7017=CARTESIAN_POINT('',(-6.93889390390723E-18,-0.036,0.1265));
#7018=CARTESIAN_POINT('',(-0.00585085724301204,-0.031307722352429,0.1265));
#7019=CARTESIAN_POINT('',(-0.00622423304742414,-0.0310082819681539,0.1265));
#7020=CARTESIAN_POINT('',(-0.00659760885183624,-0.0307088415838788,0.1265));
#7021=CARTESIAN_POINT('',(-0.00659760885183624,-0.0307088415838788,0.1265));
#7022=CARTESIAN_POINT('',(-0.00664174949674885,-0.0306804360890775,0.1265));
#7023=CARTESIAN_POINT('',(-0.00673045013688371,-0.0306233552381474,0.1265));
#7024=CARTESIAN_POINT('',(-0.00687723099449928,-0.0305569842562617,0.1265));
#7025=CARTESIAN_POINT('',(-0.00702964426507885,-0.030497865902565,0.1265));
#7026=CARTESIAN_POINT('',(-0.00718828112343157,-0.0304472500954167,0.1265));
#7027=CARTESIAN_POINT('',(-0.00735195820549878,-0.0304038259990515,0.1265));
#7028=CARTESIAN_POINT('',(-0.00752029478118171,-0.030367371991345,0.1265));
#7029=CARTESIAN_POINT('',(-0.00769285929971847,-0.0303375798829429,0.1265));
#7030=CARTESIAN_POINT('',(-0.00786933321981705,-0.0303142895460106,0.1265));
#7031=CARTESIAN_POINT('',(-0.00804943117451933,-0.0302973819467953,0.1265));
#7032=CARTESIAN_POINT('',(-0.00823290159230872,-0.0302867784434059,0.1265));
#7033=CARTESIAN_POINT('',(-0.00841951552867678,-0.0302824397515937,0.1265));
#7034=CARTESIAN_POINT('',(-0.00860905450634895,-0.0302842993520444,0.1265));
#7035=CARTESIAN_POINT('',(-0.00880133368214893,-0.0302924864843493,0.1265));
#7036=CARTESIAN_POINT('',(-0.00899609479413092,-0.030306459204662,0.1265));
#7037=CARTESIAN_POINT('',(-0.00912715091374756,-0.0303209397106809,0.1265));
#7038=CARTESIAN_POINT('',(-0.00919291954101487,-0.0303282065442007,0.1265));
#7039=CARTESIAN_POINT('',(-0.00919291954101487,-0.0303282065442007,0.1265));
#7040=CARTESIAN_POINT('',(-0.00935064826463142,-0.0306014007073175,0.1265));
#7041=CARTESIAN_POINT('',(-0.00950837698824798,-0.0308745948704344,0.1265));
#7042=CARTESIAN_POINT('',(-0.00788108202972699,-0.0329318823381374,0.1265));
#7043=CARTESIAN_POINT('',(-0.00792775223228822,-0.0329078581657042,0.1265));
#7044=CARTESIAN_POINT('',(-0.00802153601933074,-0.0328595815834806,0.1265));
#7045=CARTESIAN_POINT('',(-0.0081524054045257,-0.0327656511229391,0.1265));
#7046=CARTESIAN_POINT('',(-0.00827981003594675,-0.0326632165355917,0.1265));
#7047=CARTESIAN_POINT('',(-0.00840296303994657,-0.0325511408898558,0.1265));
#7048=CARTESIAN_POINT('',(-0.00852240795156884,-0.0324311044269509,0.1265));
#7049=CARTESIAN_POINT('',(-0.00863814633615386,-0.0323035476798766,0.1265));
#7050=CARTESIAN_POINT('',(-0.00875022931813078,-0.0321689984772331,0.1265));
#7051=CARTESIAN_POINT('',(-0.00885863630162615,-0.0320278127477884,0.1265));
#7052=CARTESIAN_POINT('',(-0.00896332768941476,-0.0318802971434543,0.1265));
#7053=CARTESIAN_POINT('',(-0.0090642458016137,-0.0317267088525004,0.1265));
#7054=CARTESIAN_POINT('',(-0.00916131018712632,-0.0315672657888115,0.1265));
#7055=CARTESIAN_POINT('',(-0.00925446921473126,-0.0314021904189148,0.1265));
#7056=CARTESIAN_POINT('',(-0.00934351853807099,-0.0312315782019007,0.1265));
#7057=CARTESIAN_POINT('',(-0.00942879836331119,-0.0310559237710987,0.1265));
#7058=CARTESIAN_POINT('',(-0.0094817859370475,-0.0309351855891799,0.1265));
#7059=CARTESIAN_POINT('',(-0.00950837698824798,-0.0308745948704344,0.1265));
#7060=CARTESIAN_POINT('',(-0.00788108202972699,-0.0329318823381374,0.1265));
#7061=CARTESIAN_POINT('',(-0.00743507114781966,-0.0331055150777792,0.1265));
#7062=CARTESIAN_POINT('',(-0.00698906026591234,-0.0332791478174209,0.1265));
#7063=CARTESIAN_POINT('',(-6.93889390390723E-18,-0.036,0.1265));
#7064=CARTESIAN_POINT('',(-0.00741312983015007,-0.0348617969770997,0.1265));
#7065=CARTESIAN_POINT('',(-0.00788620295406698,-0.0347891618996045,0.1265));
#7066=CARTESIAN_POINT('',(-0.00835927607798389,-0.0347165268221093,0.1265));
#7067=CARTESIAN_POINT('',(-0.00835927607798389,-0.0347165268221093,0.1265));
#7068=CARTESIAN_POINT('',(-0.00841170574521825,-0.0347139972644607,0.1265));
#7069=CARTESIAN_POINT('',(-0.00851706317837203,-0.034708914117553,0.1265));
#7070=CARTESIAN_POINT('',(-0.00867736462079926,-0.0347248255899736,0.1265));
#7071=CARTESIAN_POINT('',(-0.00883891756184339,-0.0347498342291321,0.1265));
#7072=CARTESIAN_POINT('',(-0.00900160901472753,-0.034785318083485,0.1265));
#7073=CARTESIAN_POINT('',(-0.00916506957399767,-0.03482955025393,0.1265));
#7074=CARTESIAN_POINT('',(-0.00932908032877839,-0.0348821484450278,0.1265));
#7075=CARTESIAN_POINT('',(-0.00949342163982412,-0.0349426299815877,0.1265));
#7076=CARTESIAN_POINT('',(-0.00965789770620107,-0.0350106969181909,0.1265));
#7077=CARTESIAN_POINT('',(-0.00982232090975052,-0.0350861034851046,0.1265));
#7078=CARTESIAN_POINT('',(-0.00998651270409373,-0.0351686557906951,0.1265));
#7079=CARTESIAN_POINT('',(-0.0101502944595948,-0.0352582053415505,0.1265));
#7080=CARTESIAN_POINT('',(-0.0103135102290409,-0.0353545852916177,0.1265));
#7081=CARTESIAN_POINT('',(-0.0104759353137499,-0.0354578151440779,0.1265));
#7082=CARTESIAN_POINT('',(-0.0106376170242393,-0.0355672964308197,0.1265));
#7083=CARTESIAN_POINT('',(-0.0107438747001392,-0.0356453649767001,0.1265));
#7084=CARTESIAN_POINT('',(-0.0107971985853649,-0.0356845425527669,0.1265));
#7085=CARTESIAN_POINT('',(-0.0107971985853649,-0.0356845425527669,0.1265));
#7086=CARTESIAN_POINT('',(-0.0107971985853649,-0.036,0.1265));
#7087=CARTESIAN_POINT('',(-0.0107971985853649,-0.0363154574472331,0.1265));
#7088=CARTESIAN_POINT('',(-0.00835927607798389,-0.0372834731778908,0.1265));
#7089=CARTESIAN_POINT('',(-0.00841170574521825,-0.0372860027355394,0.1265));
#7090=CARTESIAN_POINT('',(-0.00851706317837202,-0.037291085882447,0.1265));
#7091=CARTESIAN_POINT('',(-0.00867736462079925,-0.0372751744100265,0.1265));
#7092=CARTESIAN_POINT('',(-0.00883891756184338,-0.0372501657708679,0.1265));
#7093=CARTESIAN_POINT('',(-0.00900160901472753,-0.0372146819165151,0.1265));
#7094=CARTESIAN_POINT('',(-0.00916506957399766,-0.0371704497460701,0.1265));
#7095=CARTESIAN_POINT('',(-0.00932908032877839,-0.0371178515549722,0.1265));
#7096=CARTESIAN_POINT('',(-0.00949342163982412,-0.0370573700184123,0.1265));
#7097=CARTESIAN_POINT('',(-0.00965789770620107,-0.0369893030818092,0.1265));
#7098=CARTESIAN_POINT('',(-0.00982232090975052,-0.0369138965148955,0.1265));
#7099=CARTESIAN_POINT('',(-0.00998651270409373,-0.036831344209305,0.1265));
#7100=CARTESIAN_POINT('',(-0.0101502944595948,-0.0367417946584496,0.1265));
#7101=CARTESIAN_POINT('',(-0.0103135102290409,-0.0366454147083823,0.1265));
#7102=CARTESIAN_POINT('',(-0.0104759353137499,-0.0365421848559221,0.1265));
#7103=CARTESIAN_POINT('',(-0.0106376170242393,-0.0364327035691803,0.1265));
#7104=CARTESIAN_POINT('',(-0.0107438747001392,-0.0363546350233,0.1265));
#7105=CARTESIAN_POINT('',(-0.0107971985853649,-0.0363154574472331,0.1265));
#7106=CARTESIAN_POINT('',(-0.00835927607798389,-0.0372834731778908,0.1265));
#7107=CARTESIAN_POINT('',(-0.00788620295406698,-0.0372108381003955,0.1265));
#7108=CARTESIAN_POINT('',(-0.00741312983015006,-0.0371382030229003,0.1265));
#7109=CARTESIAN_POINT('',(-6.93889390390723E-18,-0.036,0.1265));
#7110=CARTESIAN_POINT('',(-0.00698906026591233,-0.0387208521825792,0.1265));
#7111=CARTESIAN_POINT('',(-0.00743507114781965,-0.0388944849222209,0.1265));
#7112=CARTESIAN_POINT('',(-0.00788108202972697,-0.0390681176618626,0.1265));
#7113=CARTESIAN_POINT('',(-0.00788108202972697,-0.0390681176618626,0.1265));
#7114=CARTESIAN_POINT('',(-0.0079277522322882,-0.0390921418342957,0.1265));
#7115=CARTESIAN_POINT('',(-0.00802153601933072,-0.0391404184165195,0.1265));
#7116=CARTESIAN_POINT('',(-0.00815240540452569,-0.0392343488770609,0.1265));
#7117=CARTESIAN_POINT('',(-0.00827981003594674,-0.0393367834644083,0.1265));
#7118=CARTESIAN_POINT('',(-0.00840296303994655,-0.0394488591101442,0.1265));
#7119=CARTESIAN_POINT('',(-0.00852240795156883,-0.0395688955730491,0.1265));
#7120=CARTESIAN_POINT('',(-0.00863814633615385,-0.0396964523201234,0.1265));
#7121=CARTESIAN_POINT('',(-0.00875022931813076,-0.039831001522767,0.1265));
#7122=CARTESIAN_POINT('',(-0.00885863630162614,-0.0399721872522117,0.1265));
#7123=CARTESIAN_POINT('',(-0.00896332768941473,-0.0401197028565457,0.1265));
#7124=CARTESIAN_POINT('',(-0.00906424580161368,-0.0402732911474996,0.1265));
#7125=CARTESIAN_POINT('',(-0.0091613101871263,-0.0404327342111885,0.1265));
#7126=CARTESIAN_POINT('',(-0.00925446921473124,-0.0405978095810852,0.1265));
#7127=CARTESIAN_POINT('',(-0.00934351853807097,-0.0407684217980993,0.1265));
#7128=CARTESIAN_POINT('',(-0.00942879836331117,-0.0409440762289013,0.1265));
#7129=CARTESIAN_POINT('',(-0.00948178593704747,-0.0410648144108202,0.1265));
#7130=CARTESIAN_POINT('',(-0.00950837698824795,-0.0411254051295656,0.1265));
#7131=CARTESIAN_POINT('',(-0.00950837698824795,-0.0411254051295656,0.1265));
#7132=CARTESIAN_POINT('',(-0.0093506482646314,-0.0413985992926824,0.1265));
#7133=CARTESIAN_POINT('',(-0.00919291954101484,-0.0416717934557993,0.1265));
#7134=CARTESIAN_POINT('',(-0.00659760885183621,-0.0412911584161213,0.1265));
#7135=CARTESIAN_POINT('',(-0.00664174949674882,-0.0413195639109225,0.1265));
#7136=CARTESIAN_POINT('',(-0.00673045013688368,-0.0413766447618526,0.1265));
#7137=CARTESIAN_POINT('',(-0.00687723099449926,-0.0414430157437384,0.1265));
#7138=CARTESIAN_POINT('',(-0.00702964426507882,-0.0415021340974351,0.1265));
#7139=CARTESIAN_POINT('',(-0.00718828112343153,-0.0415527499045833,0.1265));
#7140=CARTESIAN_POINT('',(-0.00735195820549876,-0.0415961740009485,0.1265));
#7141=CARTESIAN_POINT('',(-0.00752029478118168,-0.041632628008655,0.1265));
#7142=CARTESIAN_POINT('',(-0.00769285929971844,-0.0416624201170571,0.1265));
#7143=CARTESIAN_POINT('',(-0.00786933321981703,-0.0416857104539895,0.1265));
#7144=CARTESIAN_POINT('',(-0.00804943117451931,-0.0417026180532047,0.1265));
#7145=CARTESIAN_POINT('',(-0.00823290159230869,-0.0417132215565941,0.1265));
#7146=CARTESIAN_POINT('',(-0.00841951552867675,-0.0417175602484063,0.1265));
#7147=CARTESIAN_POINT('',(-0.00860905450634892,-0.0417157006479557,0.1265));
#7148=CARTESIAN_POINT('',(-0.0088013336821489,-0.0417075135156507,0.1265));
#7149=CARTESIAN_POINT('',(-0.00899609479413089,-0.0416935407953379,0.1265));
#7150=CARTESIAN_POINT('',(-0.00912715091374753,-0.0416790602893191,0.1265));
#7151=CARTESIAN_POINT('',(-0.00919291954101484,-0.0416717934557993,0.1265));
#7152=CARTESIAN_POINT('',(-0.00659760885183621,-0.0412911584161213,0.1265));
#7153=CARTESIAN_POINT('',(-0.00622423304742411,-0.0409917180318461,0.1265));
#7154=CARTESIAN_POINT('',(-0.00585085724301202,-0.0406922776475709,0.1265));
#7155=CARTESIAN_POINT('',(-6.93889390390723E-18,-0.036,0.1265));
#7156=CARTESIAN_POINT('',(-0.00469227764757094,-0.0418508572430121,0.1265));
#7157=CARTESIAN_POINT('',(-0.0049917180318461,-0.0422242330474241,0.1265));
#7158=CARTESIAN_POINT('',(-0.00529115841612127,-0.0425976088518362,0.1265));
#7159=CARTESIAN_POINT('',(-0.00529115841612127,-0.0425976088518362,0.1265));
#7160=CARTESIAN_POINT('',(-0.00531956391092249,-0.0426417494967489,0.1265));
#7161=CARTESIAN_POINT('',(-0.00537664476185258,-0.0427304501368837,0.1265));
#7162=CARTESIAN_POINT('',(-0.00544301574373834,-0.0428772309944992,0.1265));
#7163=CARTESIAN_POINT('',(-0.00550213409743505,-0.0430296442650789,0.1265));
#7164=CARTESIAN_POINT('',(-0.00555274990458332,-0.0431882811234316,0.1265));
#7165=CARTESIAN_POINT('',(-0.00559617400094855,-0.0433519582054987,0.1265));
#7166=CARTESIAN_POINT('',(-0.00563262800865502,-0.0435202947811817,0.1265));
#7167=CARTESIAN_POINT('',(-0.00566242011705714,-0.0436928592997185,0.1265));
#7168=CARTESIAN_POINT('',(-0.00568571045398945,-0.043869333219817,0.1265));
#7169=CARTESIAN_POINT('',(-0.00570261805320475,-0.0440494311745193,0.1265));
#7170=CARTESIAN_POINT('',(-0.00571322155659406,-0.0442329015923087,0.1265));
#7171=CARTESIAN_POINT('',(-0.0057175602484063,-0.0444195155286767,0.1265));
#7172=CARTESIAN_POINT('',(-0.00571570064795566,-0.044609054506349,0.1265));
#7173=CARTESIAN_POINT('',(-0.00570751351565067,-0.0448013336821489,0.1265));
#7174=CARTESIAN_POINT('',(-0.00569354079533794,-0.0449960947941309,0.1265));
#7175=CARTESIAN_POINT('',(-0.00567906028931905,-0.0451271509137476,0.1265));
#7176=CARTESIAN_POINT('',(-0.0056717934557993,-0.0451929195410149,0.1265));
#7177=CARTESIAN_POINT('',(-0.0056717934557993,-0.0451929195410149,0.1265));
#7178=CARTESIAN_POINT('',(-0.00539859929268243,-0.0453506482646314,0.1265));
#7179=CARTESIAN_POINT('',(-0.00512540512956557,-0.045508376988248,0.1265));
#7180=CARTESIAN_POINT('',(-0.0030681176618626,-0.043881082029727,0.1265));
#7181=CARTESIAN_POINT('',(-0.00309214183429574,-0.0439277522322882,0.1265));
#7182=CARTESIAN_POINT('',(-0.00314041841651942,-0.0440215360193308,0.1265));
#7183=CARTESIAN_POINT('',(-0.0032343488770609,-0.0441524054045257,0.1265));
#7184=CARTESIAN_POINT('',(-0.00333678346440832,-0.0442798100359468,0.1265));
#7185=CARTESIAN_POINT('',(-0.00344885911014418,-0.0444029630399465,0.1265));
#7186=CARTESIAN_POINT('',(-0.00356889557304911,-0.0445224079515689,0.1265));
#7187=CARTESIAN_POINT('',(-0.00369645232012335,-0.0446381463361539,0.1265));
#7188=CARTESIAN_POINT('',(-0.00383100152276696,-0.0447502293181308,0.1265));
#7189=CARTESIAN_POINT('',(-0.0039721872522116,-0.0448586363016261,0.1265));
#7190=CARTESIAN_POINT('',(-0.00411970285654575,-0.0449633276894148,0.1265));
#7191=CARTESIAN_POINT('',(-0.00427329114749964,-0.0450642458016137,0.1265));
#7192=CARTESIAN_POINT('',(-0.00443273421118847,-0.0451613101871263,0.1265));
#7193=CARTESIAN_POINT('',(-0.00459780958108523,-0.0452544692147313,0.1265));
#7194=CARTESIAN_POINT('',(-0.00476842179809923,-0.045343518538071,0.1265));
#7195=CARTESIAN_POINT('',(-0.00494407622890131,-0.0454287983633112,0.1265));
#7196=CARTESIAN_POINT('',(-0.00506481441082018,-0.0454817859370475,0.1265));
#7197=CARTESIAN_POINT('',(-0.00512540512956557,-0.045508376988248,0.1265));
#7198=CARTESIAN_POINT('',(-0.0030681176618626,-0.043881082029727,0.1265));
#7199=CARTESIAN_POINT('',(-0.00289448492222086,-0.0434350711478197,0.1265));
#7200=CARTESIAN_POINT('',(-0.00272085218257912,-0.0429890602659124,0.1265));
#7201=CARTESIAN_POINT('',(-6.93889390390723E-18,-0.036,0.1265));
#7202=CARTESIAN_POINT('',(-0.0011382030229003,-0.04341312983015,0.1265));
#7203=CARTESIAN_POINT('',(-0.00121083810039552,-0.0438862029540669,0.1265));
#7204=CARTESIAN_POINT('',(-0.00128347317789074,-0.0443592760779839,0.1265));
#7205=CARTESIAN_POINT('',(-0.00128347317789074,-0.0443592760779839,0.1265));
#7206=CARTESIAN_POINT('',(-0.00128600273553935,-0.0444117057452183,0.1265));
#7207=CARTESIAN_POINT('',(-0.00129108588244702,-0.044517063178372,0.1265));
#7208=CARTESIAN_POINT('',(-0.00127517441002641,-0.0446773646207992,0.1265));
#7209=CARTESIAN_POINT('',(-0.00125016577086789,-0.0448389175618434,0.1265));
#7210=CARTESIAN_POINT('',(-0.00121468191651499,-0.0450016090147275,0.1265));
#7211=CARTESIAN_POINT('',(-0.00117044974607005,-0.0451650695739977,0.1265));
#7212=CARTESIAN_POINT('',(-0.00111785155497215,-0.0453290803287784,0.1265));
#7213=CARTESIAN_POINT('',(-0.00105737001841229,-0.0454934216398241,0.1265));
#7214=CARTESIAN_POINT('',(-0.000989303081809091,-0.0456578977062011,0.1265));
#7215=CARTESIAN_POINT('',(-0.000913896514895408,-0.0458223209097505,0.1265));
#7216=CARTESIAN_POINT('',(-0.000831344209304974,-0.0459865127040937,0.1265));
#7217=CARTESIAN_POINT('',(-0.000741794658449528,-0.0461502944595948,0.1265));
#7218=CARTESIAN_POINT('',(-0.000645414708382301,-0.0463135102290409,0.1265));
#7219=CARTESIAN_POINT('',(-0.00054218485592205,-0.0464759353137499,0.1265));
#7220=CARTESIAN_POINT('',(-0.000432703569180251,-0.0466376170242393,0.1265));
#7221=CARTESIAN_POINT('',(-0.000354635023299917,-0.0467438747001392,0.1265));
#7222=CARTESIAN_POINT('',(-0.000315457447233089,-0.0467971985853649,0.1265));
#7223=CARTESIAN_POINT('',(-0.000315457447233089,-0.0467971985853649,0.1265));
#7224=CARTESIAN_POINT('',(2.08166817117217E-17,-0.0467971985853649,0.1265));
#7225=CARTESIAN_POINT('',(0.000315457447233131,-0.0467971985853649,0.1265));
#7226=CARTESIAN_POINT('',(0.00128347317789077,-0.0443592760779839,0.1265));
#7227=CARTESIAN_POINT('',(0.00128600273553939,-0.0444117057452183,0.1265));
#7228=CARTESIAN_POINT('',(0.00129108588244705,-0.044517063178372,0.1265));
#7229=CARTESIAN_POINT('',(0.00127517441002644,-0.0446773646207992,0.1265));
#7230=CARTESIAN_POINT('',(0.00125016577086792,-0.0448389175618434,0.1265));
#7231=CARTESIAN_POINT('',(0.00121468191651503,-0.0450016090147275,0.1265));
#7232=CARTESIAN_POINT('',(0.00117044974607008,-0.0451650695739977,0.1265));
#7233=CARTESIAN_POINT('',(0.00111785155497218,-0.0453290803287784,0.1265));
#7234=CARTESIAN_POINT('',(0.00105737001841233,-0.0454934216398241,0.1265));
#7235=CARTESIAN_POINT('',(0.000989303081809126,-0.0456578977062011,0.1265));
#7236=CARTESIAN_POINT('',(0.000913896514895443,-0.0458223209097505,0.1265));
#7237=CARTESIAN_POINT('',(0.000831344209305009,-0.0459865127040937,0.1265));
#7238=CARTESIAN_POINT('',(0.000741794658449563,-0.0461502944595948,0.1265));
#7239=CARTESIAN_POINT('',(0.000645414708382336,-0.0463135102290409,0.1265));
#7240=CARTESIAN_POINT('',(0.000542184855922084,-0.0464759353137499,0.1265));
#7241=CARTESIAN_POINT('',(0.000432703569180293,-0.0466376170242393,0.1265));
#7242=CARTESIAN_POINT('',(0.000354635023299958,-0.0467438747001392,0.1265));
#7243=CARTESIAN_POINT('',(0.000315457447233131,-0.0467971985853649,0.1265));
#7244=CARTESIAN_POINT('',(0.00128347317789077,-0.0443592760779839,0.1265));
#7245=CARTESIAN_POINT('',(0.00121083810039554,-0.0438862029540669,0.1265));
#7246=CARTESIAN_POINT('',(0.00113820302290032,-0.04341312983015,0.1265));
#7247=CARTESIAN_POINT('',(-6.93889390390723E-18,-0.036,0.1265));
#7248=CARTESIAN_POINT('',(0.00272085218257913,-0.0429890602659123,0.1265));
#7249=CARTESIAN_POINT('',(0.00289448492222088,-0.0434350711478197,0.1265));
#7250=CARTESIAN_POINT('',(0.00306811766186262,-0.043881082029727,0.1265));
#7251=CARTESIAN_POINT('',(0.00306811766186262,-0.043881082029727,0.1265));
#7252=CARTESIAN_POINT('',(0.00309214183429576,-0.0439277522322882,0.1265));
#7253=CARTESIAN_POINT('',(0.00314041841651944,-0.0440215360193307,0.1265));
#7254=CARTESIAN_POINT('',(0.00323434887706092,-0.0441524054045257,0.1265));
#7255=CARTESIAN_POINT('',(0.00333678346440835,-0.0442798100359467,0.1265));
#7256=CARTESIAN_POINT('',(0.00344885911014421,-0.0444029630399465,0.1265));
#7257=CARTESIAN_POINT('',(0.00356889557304912,-0.0445224079515688,0.1265));
#7258=CARTESIAN_POINT('',(0.00369645232012338,-0.0446381463361539,0.1265));
#7259=CARTESIAN_POINT('',(0.003831001522767,-0.0447502293181307,0.1265));
#7260=CARTESIAN_POINT('',(0.00397218725221163,-0.0448586363016261,0.1265));
#7261=CARTESIAN_POINT('',(0.00411970285654577,-0.0449633276894148,0.1265));
#7262=CARTESIAN_POINT('',(0.00427329114749966,-0.0450642458016137,0.1265));
#7263=CARTESIAN_POINT('',(0.0044327342111885,-0.0451613101871263,0.1265));
#7264=CARTESIAN_POINT('',(0.00459780958108525,-0.0452544692147312,0.1265));
#7265=CARTESIAN_POINT('',(0.00476842179809927,-0.045343518538071,0.1265));
#7266=CARTESIAN_POINT('',(0.00494407622890135,-0.0454287983633112,0.1265));
#7267=CARTESIAN_POINT('',(0.00506481441082021,-0.0454817859370475,0.1265));
#7268=CARTESIAN_POINT('',(0.0051254051295656,-0.0455083769882479,0.1265));
#7269=CARTESIAN_POINT('',(0.0051254051295656,-0.0455083769882479,0.1265));
#7270=CARTESIAN_POINT('',(0.00539859929268247,-0.0453506482646314,0.1265));
#7271=CARTESIAN_POINT('',(0.00567179345579933,-0.0451929195410148,0.1265));
#7272=CARTESIAN_POINT('',(0.00529115841612129,-0.0425976088518362,0.1265));
#7273=CARTESIAN_POINT('',(0.00531956391092251,-0.0426417494967488,0.1265));
#7274=CARTESIAN_POINT('',(0.00537664476185261,-0.0427304501368836,0.1265));
#7275=CARTESIAN_POINT('',(0.00544301574373836,-0.0428772309944992,0.1265));
#7276=CARTESIAN_POINT('',(0.00550213409743507,-0.0430296442650788,0.1265));
#7277=CARTESIAN_POINT('',(0.00555274990458334,-0.0431882811234316,0.1265));
#7278=CARTESIAN_POINT('',(0.00559617400094856,-0.0433519582054987,0.1265));
#7279=CARTESIAN_POINT('',(0.00563262800865504,-0.0435202947811817,0.1265));
#7280=CARTESIAN_POINT('',(0.00566242011705715,-0.0436928592997185,0.1265));
#7281=CARTESIAN_POINT('',(0.00568571045398947,-0.043869333219817,0.1265));
#7282=CARTESIAN_POINT('',(0.00570261805320477,-0.0440494311745193,0.1265));
#7283=CARTESIAN_POINT('',(0.00571322155659408,-0.0442329015923087,0.1265));
#7284=CARTESIAN_POINT('',(0.00571756024840632,-0.0444195155286767,0.1265));
#7285=CARTESIAN_POINT('',(0.00571570064795568,-0.0446090545063489,0.1265));
#7286=CARTESIAN_POINT('',(0.0057075135156507,-0.0448013336821489,0.1265));
#7287=CARTESIAN_POINT('',(0.00569354079533797,-0.0449960947941309,0.1265));
#7288=CARTESIAN_POINT('',(0.00567906028931907,-0.0451271509137475,0.1265));
#7289=CARTESIAN_POINT('',(0.00567179345579933,-0.0451929195410148,0.1265));
#7290=CARTESIAN_POINT('',(0.00529115841612129,-0.0425976088518362,0.1265));
#7291=CARTESIAN_POINT('',(0.00499171803184612,-0.0422242330474241,0.1265));
#7292=CARTESIAN_POINT('',(0.00469227764757095,-0.041850857243012,0.1265));
#7293=CARTESIAN_POINT('',(-6.93889390390723E-18,-0.036,0.1265));
#7294=CARTESIAN_POINT('',(0.00585085724301203,-0.0406922776475709,0.1265));
#7295=CARTESIAN_POINT('',(0.00622423304742413,-0.0409917180318461,0.1265));
#7296=CARTESIAN_POINT('',(0.00659760885183622,-0.0412911584161212,0.1265));
#7297=CARTESIAN_POINT('',(0.00659760885183622,-0.0412911584161212,0.1265));
#7298=CARTESIAN_POINT('',(0.00664174949674884,-0.0413195639109225,0.1265));
#7299=CARTESIAN_POINT('',(0.0067304501368837,-0.0413766447618526,0.1265));
#7300=CARTESIAN_POINT('',(0.00687723099449927,-0.0414430157437383,0.1265));
#7301=CARTESIAN_POINT('',(0.00702964426507884,-0.0415021340974351,0.1265));
#7302=CARTESIAN_POINT('',(0.00718828112343156,-0.0415527499045833,0.1265));
#7303=CARTESIAN_POINT('',(0.00735195820549878,-0.0415961740009485,0.1265));
#7304=CARTESIAN_POINT('',(0.00752029478118169,-0.041632628008655,0.1265));
#7305=CARTESIAN_POINT('',(0.00769285929971847,-0.0416624201170571,0.1265));
#7306=CARTESIAN_POINT('',(0.00786933321981704,-0.0416857104539895,0.1265));
#7307=CARTESIAN_POINT('',(0.00804943117451932,-0.0417026180532047,0.1265));
#7308=CARTESIAN_POINT('',(0.00823290159230871,-0.0417132215565941,0.1265));
#7309=CARTESIAN_POINT('',(0.00841951552867677,-0.0417175602484063,0.1265));
#7310=CARTESIAN_POINT('',(0.00860905450634894,-0.0417157006479557,0.1265));
#7311=CARTESIAN_POINT('',(0.00880133368214892,-0.0417075135156506,0.1265));
#7312=CARTESIAN_POINT('',(0.00899609479413091,-0.0416935407953379,0.1265));
#7313=CARTESIAN_POINT('',(0.00912715091374755,-0.0416790602893191,0.1265));
#7314=CARTESIAN_POINT('',(0.00919291954101486,-0.0416717934557992,0.1265));
#7315=CARTESIAN_POINT('',(0.00919291954101486,-0.0416717934557992,0.1265));
#7316=CARTESIAN_POINT('',(0.00935064826463141,-0.0413985992926824,0.1265));
#7317=CARTESIAN_POINT('',(0.00950837698824797,-0.0411254051295655,0.1265));
#7318=CARTESIAN_POINT('',(0.00788108202972697,-0.0390681176618626,0.1265));
#7319=CARTESIAN_POINT('',(0.0079277522322882,-0.0390921418342957,0.1265));
#7320=CARTESIAN_POINT('',(0.00802153601933072,-0.0391404184165194,0.1265));
#7321=CARTESIAN_POINT('',(0.00815240540452569,-0.0392343488770609,0.1265));
#7322=CARTESIAN_POINT('',(0.00827981003594674,-0.0393367834644083,0.1265));
#7323=CARTESIAN_POINT('',(0.00840296303994655,-0.0394488591101441,0.1265));
#7324=CARTESIAN_POINT('',(0.00852240795156883,-0.0395688955730491,0.1265));
#7325=CARTESIAN_POINT('',(0.00863814633615385,-0.0396964523201233,0.1265));
#7326=CARTESIAN_POINT('',(0.00875022931813077,-0.0398310015227669,0.1265));
#7327=CARTESIAN_POINT('',(0.00885863630162614,-0.0399721872522116,0.1265));
#7328=CARTESIAN_POINT('',(0.00896332768941474,-0.0401197028565457,0.1265));
#7329=CARTESIAN_POINT('',(0.00906424580161369,-0.0402732911474996,0.1265));
#7330=CARTESIAN_POINT('',(0.00916131018712631,-0.0404327342111885,0.1265));
#7331=CARTESIAN_POINT('',(0.00925446921473125,-0.0405978095810852,0.1265));
#7332=CARTESIAN_POINT('',(0.00934351853807098,-0.0407684217980993,0.1265));
#7333=CARTESIAN_POINT('',(0.00942879836331118,-0.0409440762289013,0.1265));
#7334=CARTESIAN_POINT('',(0.00948178593704748,-0.0410648144108202,0.1265));
#7335=CARTESIAN_POINT('',(0.00950837698824797,-0.0411254051295655,0.1265));
#7336=CARTESIAN_POINT('',(0.00788108202972697,-0.0390681176618626,0.1265));
#7337=CARTESIAN_POINT('',(0.00743507114781965,-0.0388944849222208,0.1265));
#7338=CARTESIAN_POINT('',(0.00698906026591233,-0.0387208521825791,0.1265));
#7339=CARTESIAN_POINT('',(-6.93889390390723E-18,-0.036,0.1265));
#7340=CARTESIAN_POINT('',(0.00741312983015005,-0.0371382030229003,0.1265));
#7341=CARTESIAN_POINT('',(0.00788620295406697,-0.0372108381003955,0.1265));
#7342=CARTESIAN_POINT('',(0.00835927607798388,-0.0372834731778907,0.1265));
#7343=CARTESIAN_POINT('',(0.00835927607798388,-0.0372834731778907,0.1265));
#7344=CARTESIAN_POINT('',(0.00841170574521824,-0.0372860027355394,0.1265));
#7345=CARTESIAN_POINT('',(0.00851706317837202,-0.037291085882447,0.1265));
#7346=CARTESIAN_POINT('',(0.00867736462079925,-0.0372751744100264,0.1265));
#7347=CARTESIAN_POINT('',(0.00883891756184338,-0.0372501657708679,0.1265));
#7348=CARTESIAN_POINT('',(0.00900160901472752,-0.037214681916515,0.1265));
#7349=CARTESIAN_POINT('',(0.00916506957399765,-0.03717044974607,0.1265));
#7350=CARTESIAN_POINT('',(0.00932908032877838,-0.0371178515549722,0.1265));
#7351=CARTESIAN_POINT('',(0.00949342163982411,-0.0370573700184123,0.1265));
#7352=CARTESIAN_POINT('',(0.00965789770620106,-0.0369893030818091,0.1265));
#7353=CARTESIAN_POINT('',(0.00982232090975051,-0.0369138965148954,0.1265));
#7354=CARTESIAN_POINT('',(0.00998651270409372,-0.036831344209305,0.1265));
#7355=CARTESIAN_POINT('',(0.0101502944595948,-0.0367417946584495,0.1265));
#7356=CARTESIAN_POINT('',(0.0103135102290409,-0.0366454147083823,0.1265));
#7357=CARTESIAN_POINT('',(0.0104759353137499,-0.0365421848559221,0.1265));
#7358=CARTESIAN_POINT('',(0.0106376170242393,-0.0364327035691802,0.1265));
#7359=CARTESIAN_POINT('',(0.0107438747001392,-0.0363546350232999,0.1265));
#7360=CARTESIAN_POINT('',(0.0107971985853649,-0.0363154574472331,0.1265));
#7361=CARTESIAN_POINT('',(0.0107971985853649,-0.0363154574472331,0.1265));
#7362=CARTESIAN_POINT('',(0.0107971985853649,-0.036,0.1265));
#7363=CARTESIAN_POINT('',(0.0107971985853649,-0.0356845425527669,0.1265));
#7364=CARTESIAN_POINT('',(0.00835927607798387,-0.0347165268221092,0.1265));
#7365=CARTESIAN_POINT('',(0.00841170574521824,-0.0347139972644606,0.1265));
#7366=CARTESIAN_POINT('',(0.00851706317837201,-0.034708914117553,0.1265));
#7367=CARTESIAN_POINT('',(0.00867736462079924,-0.0347248255899736,0.1265));
#7368=CARTESIAN_POINT('',(0.00883891756184337,-0.0347498342291321,0.1265));
#7369=CARTESIAN_POINT('',(0.00900160901472751,-0.034785318083485,0.1265));
#7370=CARTESIAN_POINT('',(0.00916506957399765,-0.0348295502539299,0.1265));
#7371=CARTESIAN_POINT('',(0.00932908032877837,-0.0348821484450278,0.1265));
#7372=CARTESIAN_POINT('',(0.0094934216398241,-0.0349426299815877,0.1265));
#7373=CARTESIAN_POINT('',(0.00965789770620106,-0.0350106969181909,0.1265));
#7374=CARTESIAN_POINT('',(0.0098223209097505,-0.0350861034851045,0.1265));
#7375=CARTESIAN_POINT('',(0.00998651270409371,-0.035168655790695,0.1265));
#7376=CARTESIAN_POINT('',(0.0101502944595948,-0.0352582053415504,0.1265));
#7377=CARTESIAN_POINT('',(0.0103135102290409,-0.0353545852916176,0.1265));
#7378=CARTESIAN_POINT('',(0.0104759353137499,-0.0354578151440779,0.1265));
#7379=CARTESIAN_POINT('',(0.0106376170242393,-0.0355672964308197,0.1265));
#7380=CARTESIAN_POINT('',(0.0107438747001392,-0.0356453649767,0.1265));
#7381=CARTESIAN_POINT('',(0.0107971985853649,-0.0356845425527669,0.1265));
#7382=CARTESIAN_POINT('',(0.00835927607798387,-0.0347165268221092,0.1265));
#7383=CARTESIAN_POINT('',(0.00788620295406696,-0.0347891618996045,0.1265));
#7384=CARTESIAN_POINT('',(-2.00799663355178E-14,-0.03599999999996,0.1265));
#7385=CARTESIAN_POINT('',(0.00108526853918852,-0.0381965181988458,0.1265));
#7386=CARTESIAN_POINT('',(0.00113911570919905,-0.0381690816953352,0.1265));
#7387=CARTESIAN_POINT('',(-0.000595500357117026,-0.0375513314683487,0.1265));
#7388=CARTESIAN_POINT('',(0.000955831111222904,-0.0381468318254582,0.1265));
#7389=CARTESIAN_POINT('',(0.00155133146833839,-0.0365955003571128,0.1265));
#7390=CARTESIAN_POINT('',(0.000906144737840238,-0.0382762692534218,0.1265));
#7391=CARTESIAN_POINT('',(-1.97456525956319E-14,-0.0359999999999487,0.1265));
#7392=CARTESIAN_POINT('',(0.000849724652717503,-0.0382979268949514,0.1265));
#7393=CARTESIAN_POINT('',(-0.000754396438253487,-0.0374805863750296,0.1265));
#7394=CARTESIAN_POINT('',(0.000726189936780826,-0.0382349828132935,0.1265));
#7395=CARTESIAN_POINT('',(0.00148058637503705,-0.036754396438256,0.1265));
#7396=CARTESIAN_POINT('',(0.000663245855116824,-0.0383585175292267,0.1265));
#7397=CARTESIAN_POINT('',(-1.4189929613273E-14,-0.0359999999999484,0.1265));
#7398=CARTESIAN_POINT('',(0.000604871005127208,-0.0383741590231398,0.1265));
#7399=CARTESIAN_POINT('',(-0.000905027194150507,-0.0373936196675713,0.1265));
#7400=CARTESIAN_POINT('',(0.000488592473422677,-0.0382986468617231,0.1265));
#7401=CARTESIAN_POINT('',(0.0013936196675736,-0.0369050271941518,0.1265));
#7402=CARTESIAN_POINT('',(0.000413080312006798,-0.0384149253934302,0.1265));
#7403=CARTESIAN_POINT('',(-2.80933045923582E-15,-0.0359999999999856,0.1265));
#7404=CARTESIAN_POINT('',(0.000353390264230596,-0.0384243793682397,0.1265));
#7405=CARTESIAN_POINT('',(-0.00104574228271937,-0.0372913841713991,0.1265));
#7406=CARTESIAN_POINT('',(0.00024564188867782,-0.0383371264541169,0.1265));
#7407=CARTESIAN_POINT('',(0.00129138417139009,-0.0370457422827107,0.1265));
#7408=CARTESIAN_POINT('',(0.000158388974547754,-0.0384448748296616,0.1265));
#7409=CARTESIAN_POINT('',(-3.0526457555323E-15,-0.0359999999999501,0.1265));
#7410=CARTESIAN_POINT('',(9.80377056473845E-5,-0.0384480377056473,0.1265));
#7411=CARTESIAN_POINT('',(-0.00117499999999983,-0.037175,0.1265));
#7412=CARTESIAN_POINT('',(1.83013326715553E-16,-0.03835,0.1265));
#7413=CARTESIAN_POINT('',(0.00117500000000254,-0.0371750000000034,0.1265));
#7414=CARTESIAN_POINT('',(-9.80377056449076E-5,-0.03844803770565,0.1265));
#7415=CARTESIAN_POINT('',(3.00013648906611E-15,-0.0359999999999518,0.1265));
#7416=CARTESIAN_POINT('',(-0.00015838897455458,-0.038444874829667,0.1265));
#7417=CARTESIAN_POINT('',(-0.00129138417138812,-0.0370457422827086,0.1265));
#7418=CARTESIAN_POINT('',(-0.000245641888670122,-0.0383371264541083,0.1265));
#7419=CARTESIAN_POINT('',(0.0010457422827206,-0.0372913841714011,0.1265));
#7420=CARTESIAN_POINT('',(-0.000353390264228186,-0.0384243793682428,0.1265));
#7421=CARTESIAN_POINT('',(2.7981360718049E-15,-0.035999999999986,0.1265));
#7422=CARTESIAN_POINT('',(-0.000413080312006293,-0.0384149253934298,0.1265));
#7423=CARTESIAN_POINT('',(-0.00139361966757045,-0.0369050271941491,0.1265));
#7424=CARTESIAN_POINT('',(-0.000488592473419208,-0.0382986468617229,0.1265));
#7425=CARTESIAN_POINT('',(0.000905027194152824,-0.0373936196675762,0.1265));
#7426=CARTESIAN_POINT('',(-0.000604871005125657,-0.0383741590231423,0.1265));
#7427=CARTESIAN_POINT('',(1.41226548684703E-14,-0.035999999999949,0.1265));
#7428=CARTESIAN_POINT('',(-0.000663245855117076,-0.0383585175292267,0.1265));
#7429=CARTESIAN_POINT('',(-0.001480586375044,-0.0367543964382609,0.1265));
#7430=CARTESIAN_POINT('',(-0.000726189936787255,-0.0382349828132968,0.1265));
#7431=CARTESIAN_POINT('',(0.000754396438254555,-0.0374805863750325,0.1265));
#7432=CARTESIAN_POINT('',(-0.000849724652716256,-0.0382979268949538,0.1265));
#7433=CARTESIAN_POINT('',(1.97052118545982E-14,-0.0359999999999491,0.1265));
#7434=CARTESIAN_POINT('',(-0.000906144737846067,-0.0382762692534218,0.1265));
#7435=CARTESIAN_POINT('',(-0.00155133146833838,-0.0365955003571128,0.1265));
#7436=CARTESIAN_POINT('',(-0.000955831111222868,-0.0381468318254582,0.1265));
#7437=CARTESIAN_POINT('',(0.000595500357114512,-0.0375513314683378,0.1265));
#7438=CARTESIAN_POINT('',(-0.00108526853919186,-0.038196518198837,0.1265));
#7439=CARTESIAN_POINT('',(5.83994658187592E-15,-0.0359999999999876,0.1265));
#7440=CARTESIAN_POINT('',(-0.00113911570920425,-0.0381690816953364,0.1265));
#7441=CARTESIAN_POINT('',(-0.00160507984943574,-0.0364300798494422,0.1265));
#7442=CARTESIAN_POINT('',(-0.00117499999999013,-0.0380351596988908,0.1265));
#7443=CARTESIAN_POINT('',(0.00043007984944602,-0.0376050798494412,0.1265));
#7444=CARTESIAN_POINT('',(-0.00130892199644431,-0.0380710439896846,0.1265));
#7445=CARTESIAN_POINT('',(-7.84008274967718E-15,-0.0360000000000119,0.1265));
#7446=CARTESIAN_POINT('',(-0.0013596062904771,-0.0380381292242875,0.1265));
#7447=CARTESIAN_POINT('',(-0.0016412426398334,-0.0362599472969467,0.1265));
#7448=CARTESIAN_POINT('',(-0.00138129534288658,-0.0379011899367811,0.1265));
#7449=CARTESIAN_POINT('',(0.000259947296946884,-0.037641242639834,0.1265));
#7450=CARTESIAN_POINT('',(-0.00151823463039375,-0.0379228789891911,0.1265));
#7451=CARTESIAN_POINT('',(-2.1635145931731E-14,-0.0360000000000259,0.1265));
#7452=CARTESIAN_POINT('',(-0.00156520074071559,-0.0378848465829512,0.1265));
#7453=CARTESIAN_POINT('',(-0.00165942363240714,-0.0360869667074642,0.1265));
#7454=CARTESIAN_POINT('',(-0.00157245692494292,-0.0377463903398719,0.1265));
#7455=CARTESIAN_POINT('',(8.69667074642772E-5,-0.0376594236324077,0.1265));
#7456=CARTESIAN_POINT('',(-0.00171091316802274,-0.0377536465240996,0.1265));
#7457=CARTESIAN_POINT('',(-1.1852714990046E-14,-0.0360000000000116,0.1265));
#7458=CARTESIAN_POINT('',(-0.00175364652409947,-0.0377109131680227,0.1265));
#7459=CARTESIAN_POINT('',(-0.00165942363239903,-0.035913033292535,0.1265));
#7460=CARTESIAN_POINT('',(-0.00174639033986452,-0.0375724569249438,0.1265));
#7461=CARTESIAN_POINT('',(-8.69667074646609E-5,-0.0376594236324099,0.1265));
#7462=CARTESIAN_POINT('',(-0.00188484658295141,-0.0375652007407177,0.1265));
#7463=CARTESIAN_POINT('',(1.71743045132567E-14,-0.0359999999999865,0.1265));
#7464=CARTESIAN_POINT('',(-0.0019228789891912,-0.0375182346303937,0.1265));
#7465=CARTESIAN_POINT('',(-0.00164124263983356,-0.0357400527030531,0.1265));
#7466=CARTESIAN_POINT('',(-0.00190118993678057,-0.0373812953428874,0.1265));
#7467=CARTESIAN_POINT('',(-0.000259947296946822,-0.0376412426398341,0.1265));
#7468=CARTESIAN_POINT('',(-0.00203812922428753,-0.0373596062904771,0.1265));
#7469=CARTESIAN_POINT('',(2.90371025835068E-15,-0.0359999999999982,0.1265));
#7470=CARTESIAN_POINT('',(-0.00207104398968906,-0.0373089219964431,0.1265));
#7471=CARTESIAN_POINT('',(-0.00160507984944475,-0.0355699201505535,0.1265));
#7472=CARTESIAN_POINT('',(-0.00203515969889181,-0.0371750000000005,0.1265));
#7473=CARTESIAN_POINT('',(-0.000430079849444174,-0.0376050798494407,0.1265));
#7474=CARTESIAN_POINT('',(-0.00216908169533508,-0.037139115709199,0.1265));
#7475=CARTESIAN_POINT('',(3.49529433174567E-14,-0.0359999999999821,0.1265));
#7476=CARTESIAN_POINT('',(-0.00219651819884207,-0.0370852685391899,0.1265));
#7477=CARTESIAN_POINT('',(-0.001551331468343,-0.0354044996428843,0.1265));
#7478=CARTESIAN_POINT('',(-0.00214683182545922,-0.0369558311112285,0.1265));
#7479=CARTESIAN_POINT('',(-0.000595500357113175,-0.037551331468339,0.1265));
#7480=CARTESIAN_POINT('',(-0.0022762692534201,-0.0369061447378415,0.1265));
#7481=CARTESIAN_POINT('',(1.95392747120993E-14,-0.0359999999999925,0.1265));
#7482=CARTESIAN_POINT('',(-0.00229792689495758,-0.0368497246527143,0.1265));
#7483=CARTESIAN_POINT('',(-0.0014805863750323,-0.0352456035617456,0.1265));
#7484=CARTESIAN_POINT('',(-0.00223498281328953,-0.0367261899367832,0.1265));
#7485=CARTESIAN_POINT('',(-0.000754396438255074,-0.0374805863750357,0.1265));
#7486=CARTESIAN_POINT('',(-0.002358517529226,-0.0366632458551156,0.1265));
#7487=CARTESIAN_POINT('',(1.81300287283026E-15,-0.0359999999999995,0.1265));
#7488=CARTESIAN_POINT('',(-0.00237415902313982,-0.0366048710051272,0.1265));
#7489=CARTESIAN_POINT('',(-0.0013936196675643,-0.0350949728058528,0.1265));
#7490=CARTESIAN_POINT('',(-0.00229864686171749,-0.0364885924734263,0.1265));
#7491=CARTESIAN_POINT('',(-0.000905027194145758,-0.0373936196675666,0.1265));
#7492=CARTESIAN_POINT('',(-0.00241492539342599,-0.0364130803120003,0.1265));
#7493=CARTESIAN_POINT('',(7.54561343963012E-15,-0.0359999999999988,0.1265));
#7494=CARTESIAN_POINT('',(-0.00242437936823982,-0.0363533902642307,0.1265));
#7495=CARTESIAN_POINT('',(-0.0012913841713998,-0.0349542577172802,0.1265));
#7496=CARTESIAN_POINT('',(-0.00233712645411749,-0.0362456418886773,0.1265));
#7497=CARTESIAN_POINT('',(-0.0010457422827173,-0.0372913841713964,0.1265));
#7498=CARTESIAN_POINT('',(-0.00244487482966641,-0.0361583889745538,0.1265));
#7499=CARTESIAN_POINT('',(2.42210765333261E-16,-0.036,0.1265));
#7500=CARTESIAN_POINT('',(-0.00244803770564739,-0.0360980377056474,0.1265));
#7501=CARTESIAN_POINT('',(-0.00117500000000324,-0.0348249999999976,0.1265));
#7502=CARTESIAN_POINT('',(-0.00235000000000249,-0.0359999999999976,0.1265));
#7503=CARTESIAN_POINT('',(-0.00117499999999774,-0.0371749999999983,0.1265));
#7504=CARTESIAN_POINT('',(-0.0024480377056457,-0.0359019622943509,0.1265));
#7505=CARTESIAN_POINT('',(2.22044604925032E-16,-0.036,0.1265));
#7506=CARTESIAN_POINT('',(-0.00244487482966706,-0.0358416110254455,0.1265));
#7507=CARTESIAN_POINT('',(-0.00104574228271747,-0.0347086158286035,0.1265));
#7508=CARTESIAN_POINT('',(-0.00233712645411492,-0.0357543581113217,0.1265));
#7509=CARTESIAN_POINT('',(-0.00129138417139632,-0.0370457422827177,0.1265));
#7510=CARTESIAN_POINT('',(-0.00242437936823915,-0.0356466097357689,0.1265));
#7511=CARTESIAN_POINT('',(-1.97888580522055E-15,-0.0359999999999995,0.1265));
#7512=CARTESIAN_POINT('',(-0.00241492539342995,-0.0355869196879937,0.1265));
#7513=CARTESIAN_POINT('',(-0.000905027194150444,-0.034606380332428,0.1265));
#7514=CARTESIAN_POINT('',(-0.00229864686172385,-0.0355114075265793,0.1265));
#7515=CARTESIAN_POINT('',(-0.00139361966757599,-0.0369050271941527,0.1265));
#7516=CARTESIAN_POINT('',(-0.00237415902314215,-0.0353951289948743,0.1265));
#7517=CARTESIAN_POINT('',(-5.87745997704392E-15,-0.0359999999999983,0.1265));
#7518=CARTESIAN_POINT('',(-0.0023585175292268,-0.0353367541448829,0.1265));
#7519=CARTESIAN_POINT('',(-0.000754396438255492,-0.0345194136249638,0.1265));
#7520=CARTESIAN_POINT('',(-0.00223498281329312,-0.0352738100632199,0.1265));
#7521=CARTESIAN_POINT('',(-0.00148058637503861,-0.0367543964382567,0.1265));
#7522=CARTESIAN_POINT('',(-0.00229792689495863,-0.0351502753472863,0.1265));
#7523=CARTESIAN_POINT('',(-3.22983827183432E-15,-0.0359999999999988,0.1265));
#7524=CARTESIAN_POINT('',(-0.00227626925342191,-0.0350938552621539,0.1265));
#7525=CARTESIAN_POINT('',(-0.00059550035711265,-0.034448668531662,0.1265));
#7526=CARTESIAN_POINT('',(-0.00214683182545796,-0.0350441688887775,0.1265));
#7527=CARTESIAN_POINT('',(-0.00155133146833926,-0.0365955003571148,0.1265));
#7528=CARTESIAN_POINT('',(-0.00219651819883818,-0.0349147314608086,0.1265));
#7529=CARTESIAN_POINT('',(-3.37267106603756E-14,-0.0359999999999827,0.1265));
#7530=CARTESIAN_POINT('',(-0.00216908169533656,-0.0348608842907957,0.1265));
#7531=CARTESIAN_POINT('',(-0.000430079849446826,-0.034394920150553,0.1265));
#7532=CARTESIAN_POINT('',(-0.0020351596988935,-0.034825,0.1265));
#7533=CARTESIAN_POINT('',(-0.0016050798494417,-0.0364300798494461,0.1265));
#7534=CARTESIAN_POINT('',(-0.00207104398968499,-0.0346910780035558,0.1265));
#7535=CARTESIAN_POINT('',(-1.22081164621868E-14,-0.0359999999999917,0.1265));
#7536=CARTESIAN_POINT('',(-0.00203812922428758,-0.0346403937095228,0.1265));
#7537=CARTESIAN_POINT('',(-0.000259947296944599,-0.0343587573601735,0.1265));
#7538=CARTESIAN_POINT('',(-0.00190118993678006,-0.0346187046571194,0.1265));
#7539=CARTESIAN_POINT('',(-0.00164124263982459,-0.0362599472969467,0.1265));
#7540=CARTESIAN_POINT('',(-0.00192287898918323,-0.034481765369605,0.1265));
#7541=CARTESIAN_POINT('',(1.25149456770002E-15,-0.0360000000000006,0.1265));
#7542=CARTESIAN_POINT('',(-0.00188484658295133,-0.0344347992592843,0.1265));
#7543=CARTESIAN_POINT('',(-8.69667074646335E-5,-0.0343405763675906,0.1265));
#7544=CARTESIAN_POINT('',(-0.00174639033987197,-0.0344275430750551,0.1265));
#7545=CARTESIAN_POINT('',(-0.00165942363240342,-0.0360869667074646,0.1265));
#7546=CARTESIAN_POINT('',(-0.00175364652409601,-0.0342890868319771,0.1265));
#7547=CARTESIAN_POINT('',(5.48953243972861E-15,-0.0360000000000056,0.1265));
#7548=CARTESIAN_POINT('',(-0.00171091316802277,-0.0342463534759004,0.1265));
#7549=CARTESIAN_POINT('',(8.69667074641808E-5,-0.034340576367591,0.1265));
#7550=CARTESIAN_POINT('',(-0.00157245692494327,-0.0342536096601269,0.1265));
#7551=CARTESIAN_POINT('',(-0.00165942363240148,-0.0359130332925369,0.1265));
#7552=CARTESIAN_POINT('',(-0.0015652007407104,-0.034115153417049,0.1265));
#7553=CARTESIAN_POINT('',(-2.25197464842619E-14,-0.0359999999999726,0.1265));
#7554=CARTESIAN_POINT('',(-0.00151823463039376,-0.0340771210108087,0.1265));
#7555=CARTESIAN_POINT('',(0.000259947296946876,-0.0343587573601655,0.1265));
#7556=CARTESIAN_POINT('',(-0.00138129534288729,-0.0340988100632187,0.1265));
#7557=CARTESIAN_POINT('',(-0.00164124263983787,-0.035740052703052,0.1265));
#7558=CARTESIAN_POINT('',(-0.00135960629048036,-0.033961870775712,0.1265));
#7559=CARTESIAN_POINT('',(-8.16566866207458E-15,-0.0359999999999877,0.1265));
#7560=CARTESIAN_POINT('',(-0.00130892199644313,-0.0339289560103108,0.1265));
#7561=CARTESIAN_POINT('',(0.000430079849445394,-0.0343949201505636,0.1265));
#7562=CARTESIAN_POINT('',(-0.00117500000000233,-0.0339648403011152,0.1265));
#7563=CARTESIAN_POINT('',(-0.00160507984943591,-0.0355699201505578,0.1265));
#7564=CARTESIAN_POINT('',(-0.00113911570919475,-0.0338309183046661,0.1265));
#7565=CARTESIAN_POINT('',(6.76390367326807E-15,-0.0360000000000133,0.1265));
#7566=CARTESIAN_POINT('',(-0.00108526853918992,-0.0338034818011578,0.1265));
#7567=CARTESIAN_POINT('',(0.00059550035711462,-0.0344486685316616,0.1265));
#7568=CARTESIAN_POINT('',(-0.000955831111229965,-0.0338531681745446,0.1265));
#7569=CARTESIAN_POINT('',(-0.00155133146834204,-0.0354044996428851,0.1265));
#7570=CARTESIAN_POINT('',(-0.000906144737844248,-0.0337237307465789,0.1265));
#7571=CARTESIAN_POINT('',(-1.40064283955799E-14,-0.035999999999963,0.1265));
#7572=CARTESIAN_POINT('',(-0.000849724652714317,-0.0337020731050423,0.1265));
#7573=CARTESIAN_POINT('',(0.000754396438255029,-0.034519413624966,0.1265));
#7574=CARTESIAN_POINT('',(-0.000726189936782552,-0.0337650171867091,0.1265));
#7575=CARTESIAN_POINT('',(-0.00148058637504647,-0.0352456035617374,0.1265));
#7576=CARTESIAN_POINT('',(-0.000663245855125462,-0.033641482470769,0.1265));
#7577=CARTESIAN_POINT('',(-1.18666469879625E-14,-0.0359999999999565,0.1265));
#7578=CARTESIAN_POINT('',(-0.000604871005127256,-0.0336258409768601,0.1265));
#7579=CARTESIAN_POINT('',(0.000905027194153793,-0.0346063803324218,0.1265));
#7580=CARTESIAN_POINT('',(-0.000488592473419063,-0.0337013531382714,0.1265));
#7581=CARTESIAN_POINT('',(-0.00139361966755909,-0.0350949728058607,0.1265));
#7582=CARTESIAN_POINT('',(-0.000413080311993248,-0.0335850746065786,0.1265));
#7583=CARTESIAN_POINT('',(-8.53795658305179E-15,-0.0359999999999488,0.1265));
#7584=CARTESIAN_POINT('',(-0.00035339026423062,-0.0335756206317601,0.1265));
#7585=CARTESIAN_POINT('',(0.00104574228272222,-0.0347086158285963,0.1265));
#7586=CARTESIAN_POINT('',(-0.000245641888674842,-0.0336628735458795,0.1265));
#7587=CARTESIAN_POINT('',(-0.00129138417139057,-0.0349542577172888,0.1265));
#7588=CARTESIAN_POINT('',(-0.000158388974548225,-0.0335551251703381,0.1265));
#7589=CARTESIAN_POINT('',(-1.3934369608691E-15,-0.0359999999999814,0.1265));
#7590=CARTESIAN_POINT('',(-9.80377056474077E-5,-0.0335519622943525,0.1265));
#7591=CARTESIAN_POINT('',(0.00117500000000065,-0.0348249999999991,0.1265));
#7592=CARTESIAN_POINT('',(6.41414005242424E-16,-0.0336499999999993,0.1265));
#7593=CARTESIAN_POINT('',(-0.00117500000000021,-0.034825,0.1265));
#7594=CARTESIAN_POINT('',(9.80377056471926E-5,-0.0335519622943524,0.1265));
#7595=CARTESIAN_POINT('',(1.43195324304665E-15,-0.0359999999999787,0.1265));
#7596=CARTESIAN_POINT('',(0.000158388974554555,-0.0335551251703329,0.1265));
#7597=CARTESIAN_POINT('',(0.00129138417139758,-0.0349542577172813,0.1265));
#7598=CARTESIAN_POINT('',(0.000245641888679323,-0.0336628735458843,0.1265));
#7599=CARTESIAN_POINT('',(-0.00104574228271862,-0.0347086158286023,0.1265));
#7600=CARTESIAN_POINT('',(0.00035339026423019,-0.0335756206317597,0.1265));
#7601=CARTESIAN_POINT('',(8.52483773676471E-15,-0.0359999999999484,0.1265));
#7602=CARTESIAN_POINT('',(0.000413080312006305,-0.03358507460657,0.1265));
#7603=CARTESIAN_POINT('',(0.0013936196675767,-0.0350949728058455,0.1265));
#7604=CARTESIAN_POINT('',(0.00048859247342515,-0.0337013531382733,0.1265));
#7605=CARTESIAN_POINT('',(-0.000905027194153085,-0.0346063803324234,0.1265));
#7606=CARTESIAN_POINT('',(0.000604871005125358,-0.0336258409768573,0.1265));
#7607=CARTESIAN_POINT('',(3.78397400219166E-15,-0.0359999999999876,0.1265));
#7608=CARTESIAN_POINT('',(0.000663245855117095,-0.0336414824707731,0.1265));
#7609=CARTESIAN_POINT('',(0.00148058637504457,-0.0352456035617388,0.1265));
#7610=CARTESIAN_POINT('',(0.00072618993678779,-0.033765017186703,0.1265));
#7611=CARTESIAN_POINT('',(-0.000754396438257151,-0.0345194136249602,0.1265));
#7612=CARTESIAN_POINT('',(0.000849724652713256,-0.0337020731050404,0.1265));
#7613=CARTESIAN_POINT('',(1.40341297610869E-14,-0.0359999999999625,0.1265));
#7614=CARTESIAN_POINT('',(0.000906144737846115,-0.033723730746578,0.1265));
#7615=CARTESIAN_POINT('',(0.00155133146834098,-0.0354044996428857,0.1265));
#7616=CARTESIAN_POINT('',(0.000955831111225256,-0.033853168174541,0.1265));
#7617=CARTESIAN_POINT('',(-0.00059550035711523,-0.0344486685316593,0.1265));
#7618=CARTESIAN_POINT('',(0.00108526853919091,-0.0338034818011606,0.1265));
#7619=CARTESIAN_POINT('',(-6.9482180425906E-15,-0.0360000000000134,0.1265));
#7620=CARTESIAN_POINT('',(0.00113911570920431,-0.0338309183046634,0.1265));
#7621=CARTESIAN_POINT('',(0.00160507984945288,-0.0355699201505507,0.1265));
#7622=CARTESIAN_POINT('',(0.00117500000000551,-0.0339648403011051,0.1265));
#7623=CARTESIAN_POINT('',(-0.00043007984944631,-0.0343949201505573,0.1265));
#7624=CARTESIAN_POINT('',(0.00130892199644393,-0.0339289560103141,0.1265));
#7625=CARTESIAN_POINT('',(-7.93169783325221E-15,-0.0360000000000122,0.1265));
#7626=CARTESIAN_POINT('',(0.00135960629047718,-0.0339618707757124,0.1265));
#7627=CARTESIAN_POINT('',(0.00164124263981992,-0.0357400527030573,0.1265));
#7628=CARTESIAN_POINT('',(0.00138129534287466,-0.0340988100632209,0.1265));
#7629=CARTESIAN_POINT('',(-0.00025994729694692,-0.0343587573601652,0.1265));
#7630=CARTESIAN_POINT('',(0.00151823463039363,-0.0340771210108083,0.1265));
#7631=CARTESIAN_POINT('',(2.24621753489029E-14,-0.0359999999999727,0.1265));
#7632=CARTESIAN_POINT('',(0.00156520074071567,-0.0341151534170486,0.1265));
#7633=CARTESIAN_POINT('',(0.00165942363239357,-0.0359130332925384,0.1265));
#7634=CARTESIAN_POINT('',(0.0015724569249311,-0.0342536096601287,0.1265));
#7635=CARTESIAN_POINT('',(-8.69667074644239E-5,-0.034340576367593,0.1265));
#7636=CARTESIAN_POINT('',(0.00171091316802273,-0.0342463534759008,0.1265));
#7637=CARTESIAN_POINT('',(-5.52086588251344E-15,-0.0360000000000056,0.1265));
#7638=CARTESIAN_POINT('',(0.00175364652409957,-0.0342890868319772,0.1265));
#7639=CARTESIAN_POINT('',(0.0016594236323863,-0.036086966707466,0.1265));
#7640=CARTESIAN_POINT('',(0.00174639033985359,-0.0344275430750557,0.1265));
#7641=CARTESIAN_POINT('',(8.69667074634992E-5,-0.034340576367596,0.1265));
#7642=CARTESIAN_POINT('',(0.00188484658295112,-0.0344347992592873,0.1265));
#7643=CARTESIAN_POINT('',(-1.28640587765405E-15,-0.0360000000000006,0.1265));
#7644=CARTESIAN_POINT('',(0.00192287898919129,-0.0344817653696062,0.1265));
#7645=CARTESIAN_POINT('',(0.00164124263983065,-0.0362599472969468,0.1265));
#7646=CARTESIAN_POINT('',(0.00190118993677809,-0.0346187046571122,0.1265));
#7647=CARTESIAN_POINT('',(0.00025994729694645,-0.0343587573601671,0.1265));
#7648=CARTESIAN_POINT('',(0.00203812922428734,-0.034640393709524,0.1265));
#7649=CARTESIAN_POINT('',(1.21723377904948E-14,-0.0359999999999918,0.1265));
#7650=CARTESIAN_POINT('',(0.00207104398968915,-0.0346910780035568,0.1265));
#7651=CARTESIAN_POINT('',(0.00160507984945175,-0.0364300798494473,0.1265));
#7652=CARTESIAN_POINT('',(0.00203515969889762,-0.0348250000000011,0.1265));
#7653=CARTESIAN_POINT('',(0.00043007984944483,-0.0343949201505575,0.1265));
#7654=CARTESIAN_POINT('',(0.00216908169533552,-0.0348608842907993,0.1265));
#7655=CARTESIAN_POINT('',(2.05499679772903E-14,-0.0359999999999896,0.1265));
#7656=CARTESIAN_POINT('',(0.00219651819884214,-0.0349147314608101,0.1265));
#7657=CARTESIAN_POINT('',(0.00155133146834052,-0.0365955003571152,0.1265));
#7658=CARTESIAN_POINT('',(0.00214683182545714,-0.0350441688887707,0.1265));
#7659=CARTESIAN_POINT('',(0.000595500357112631,-0.0344486685316618,0.1265));
#7660=CARTESIAN_POINT('',(0.00227626925341982,-0.0350938552621592,0.1265));
#7661=CARTESIAN_POINT('',(5.06691043289376E-15,-0.0359999999999981,0.1265));
#7662=CARTESIAN_POINT('',(0.00229792689495764,-0.0351502753472857,0.1265));
#7663=CARTESIAN_POINT('',(0.00148058637501602,-0.0367543964382488,0.1265));
#7664=CARTESIAN_POINT('',(0.00223498281327634,-0.0352738100632101,0.1265));
#7665=CARTESIAN_POINT('',(0.000754396438255787,-0.0345194136249631,0.1265));
#7666=CARTESIAN_POINT('',(0.00235851752922652,-0.0353367541448833,0.1265));
#7667=CARTESIAN_POINT('',(-1.41705223943855E-15,-0.036,0.1265));
#7668=CARTESIAN_POINT('',(0.00237415902313987,-0.0353951289948728,0.1265));
#7669=CARTESIAN_POINT('',(0.00139361966757416,-0.0369050271941519,0.1265));
#7670=CARTESIAN_POINT('',(0.00229864686172529,-0.0355114075265788,0.1265));
#7671=CARTESIAN_POINT('',(0.000905027194147571,-0.0346063803324312,0.1265));
#7672=CARTESIAN_POINT('',(0.00241492539342733,-0.0355869196879977,0.1265));
#7673=CARTESIAN_POINT('',(1.97628372000658E-15,-0.0359999999999996,0.1265));
#7674=CARTESIAN_POINT('',(0.00242437936823985,-0.0356466097357694,0.1265));
#7675=CARTESIAN_POINT('',(0.00129138417139875,-0.0370457422827192,0.1265));
#7676=CARTESIAN_POINT('',(0.00233712645411661,-0.035754358111322,0.1265));
#7677=CARTESIAN_POINT('',(0.00104574228271762,-0.0347086158286033,0.1265));
#7678=CARTESIAN_POINT('',(0.00244487482966667,-0.0358416110254459,0.1265));
#7679=CARTESIAN_POINT('',(-2.15973072759113E-16,-0.036,0.1265));
#7680=CARTESIAN_POINT('',(0.0024480377056474,-0.0359019622943526,0.1265));
#7681=CARTESIAN_POINT('',(0.0011749999999977,-0.0371749999999983,0.1265));
#7682=CARTESIAN_POINT('',(0.00234999999999823,-0.0359999999999983,0.1265));
#7683=CARTESIAN_POINT('',(0.00117499999999495,-0.0348250000000038,0.1265));
#7684=CARTESIAN_POINT('',(0.00244803770564364,-0.0360980377056511,0.1265));
#7685=CARTESIAN_POINT('',(-5.15429712799609E-16,-0.036,0.1265));
#7686=CARTESIAN_POINT('',(0.00244487482966706,-0.0361583889745546,0.1265));
#7687=CARTESIAN_POINT('',(0.00104574228272485,-0.0372913841714035,0.1265));
#7688=CARTESIAN_POINT('',(0.00233712645412033,-0.036245641888685,0.1265));
#7689=CARTESIAN_POINT('',(0.00129138417140965,-0.0349542577172741,0.1265));
#7690=CARTESIAN_POINT('',(0.00242437936824947,-0.0363533902642228,0.1265));
#7691=CARTESIAN_POINT('',(-7.52154415140094E-15,-0.0359999999999987,0.1265));
#7692=CARTESIAN_POINT('',(0.00241492539342993,-0.0364130803120063,0.1265));
#7693=CARTESIAN_POINT('',(0.000905027194152674,-0.0373936196675746,0.1265));
#7694=CARTESIAN_POINT('',(0.00229864686172536,-0.0364885924734231,0.1265));
#7695=CARTESIAN_POINT('',(0.00139361966757123,-0.0350949728058495,0.1265));
#7696=CARTESIAN_POINT('',(0.00237415902313845,-0.0366048710051281,0.1265));
#7697=CARTESIAN_POINT('',(-2.06735670249536E-15,-0.0359999999999993,0.1265));
#7698=CARTESIAN_POINT('',(0.00235851752922676,-0.0366632458551171,0.1265));
#7699=CARTESIAN_POINT('',(0.000754396438247001,-0.037480586375024,0.1265));
#7700=CARTESIAN_POINT('',(0.00223498281328727,-0.0367261899367686,0.1265));
#7701=CARTESIAN_POINT('',(0.00148058637503541,-0.0352456035617444,0.1265));
#7702=CARTESIAN_POINT('',(0.00229792689495611,-0.036849724652715,0.1265));
#7703=CARTESIAN_POINT('',(-2.97943093807706E-14,-0.0359999999999886,0.1265));
#7704=CARTESIAN_POINT('',(0.00227626925342184,-0.0369061447378461,0.1265));
#7705=CARTESIAN_POINT('',(0.000595500357121054,-0.0375513314683534,0.1265));
#7706=CARTESIAN_POINT('',(0.00214683182546336,-0.0369558311112366,0.1265));
#7707=CARTESIAN_POINT('',(0.00155133146834663,-0.0354044996428834,0.1265));
#7708=CARTESIAN_POINT('',(0.00219651819884419,-0.0370852685391891,0.1265));
#7709=CARTESIAN_POINT('',(-2.179831835869E-14,-0.0359999999999888,0.1265));
#7710=CARTESIAN_POINT('',(0.00216908169533649,-0.0371391157092043,0.1265));
#7711=CARTESIAN_POINT('',(0.000430079849444906,-0.0376050798494423,0.1265));
#7712=CARTESIAN_POINT('',(0.00203515969889235,-0.0371749999999959,0.1265));
#7713=CARTESIAN_POINT('',(0.00160507984944613,-0.0355699201505534,0.1265));
#7714=CARTESIAN_POINT('',(0.00207104398968868,-0.0373089219964432,0.1265));
#7715=CARTESIAN_POINT('',(-4.39470508595275E-15,-0.0359999999999972,0.1265));
#7716=CARTESIAN_POINT('',(0.00203812922428749,-0.0373596062904771,0.1265));
#7717=CARTESIAN_POINT('',(0.000259947296946147,-0.0376412426398316,0.1265));
#7718=CARTESIAN_POINT('',(0.00190118993678076,-0.037381295342885,0.1265));
#7719=CARTESIAN_POINT('',(0.00164124263983156,-0.0357400527030531,0.1265));
#7720=CARTESIAN_POINT('',(0.00192287898918907,-0.0375182346303941,0.1265));
#7721=CARTESIAN_POINT('',(-1.74385245826914E-14,-0.035999999999986,0.1265));
#7722=CARTESIAN_POINT('',(0.00188484658295124,-0.0375652007407157,0.1265));
#7723=CARTESIAN_POINT('',(8.69667074641565E-5,-0.037659423632407,0.1265));
#7724=CARTESIAN_POINT('',(0.00174639033987186,-0.0375724569249428,0.1265));
#7725=CARTESIAN_POINT('',(0.00165942363239334,-0.0359130332925345,0.1265));
#7726=CARTESIAN_POINT('',(0.00175364652408748,-0.0377109131680234,0.1265));
#7727=CARTESIAN_POINT('',(-5.93232060697169E-15,-0.0359999999999941,0.1265));
#7728=CARTESIAN_POINT('',(0.00171091316802269,-0.0377536465240995,0.1265));
#7729=CARTESIAN_POINT('',(-8.69667074643761E-5,-0.0376594236324061,0.1265));
#7730=CARTESIAN_POINT('',(0.0015724569249434,-0.0377463903398706,0.1265));
#7731=CARTESIAN_POINT('',(0.00165942363240834,-0.0360869667074644,0.1265));
#7732=CARTESIAN_POINT('',(0.00156520074071631,-0.0378848465829513,0.1265));
#7733=CARTESIAN_POINT('',(-1.23457017178752E-14,-0.0359999999999854,0.1265));
#7734=CARTESIAN_POINT('',(0.00151823463039367,-0.0379228789891912,0.1265));
#7735=CARTESIAN_POINT('',(-0.0002599472969469,-0.0376412426398356,0.1265));
#7736=CARTESIAN_POINT('',(0.00138129534288715,-0.0379011899367823,0.1265));
#7737=CARTESIAN_POINT('',(0.00164124263982823,-0.0362599472969451,0.1265));
#7738=CARTESIAN_POINT('',(0.00135960629047196,-0.0380381292242868,0.1265));
#7739=CARTESIAN_POINT('',(8.32244429621598E-15,-0.0360000000000124,0.1265));
#7740=CARTESIAN_POINT('',(0.00130892199644304,-0.038071043989689,0.1265));
#7741=CARTESIAN_POINT('',(-0.000430079849446396,-0.0376050798494443,0.1265));
#7742=CARTESIAN_POINT('',(0.00117500000000056,-0.0380351596988914,0.1265));
#7743=CARTESIAN_POINT('',(0.00160507984944077,-0.0364300798494442,0.1265));
#7744=CARTESIAN_POINT('',(-6.93889390390723E-18,-0.036,0.118));
#7745=CARTESIAN_POINT('',(0.00741312983015005,-0.0348617969770997,0.118));
#7746=CARTESIAN_POINT('',(0.00741312983015005,-0.0348617969770997,0.118));
#7747=CARTESIAN_POINT('',(-6.93889390390723E-18,-0.036,0.118));
#7748=CARTESIAN_POINT('',(0.00698906026591231,-0.0332791478174208,0.118));
#7749=CARTESIAN_POINT('',(0.00698906026591231,-0.0332791478174208,0.118));
#7750=CARTESIAN_POINT('',(0.00788620295406696,-0.0347891618996045,0.118));
#7751=CARTESIAN_POINT('',(0.00835927607798387,-0.0347165268221092,0.118));
#7752=CARTESIAN_POINT('',(0.00835927607798387,-0.0347165268221092,0.118));
#7753=CARTESIAN_POINT('',(0.00788620295406696,-0.0347891618996045,0.118));
#7754=CARTESIAN_POINT('',(0.00835927607798387,-0.0347165268221092,0.118));
#7755=CARTESIAN_POINT('',(0.00835927607798387,-0.0347165268221092,0.1265));
#7756=CARTESIAN_POINT('',(0.00841170574521824,-0.0347139972644606,0.118));
#7757=CARTESIAN_POINT('',(0.00841170574521824,-0.0347139972644606,0.1265));
#7758=CARTESIAN_POINT('',(0.00851706317837201,-0.034708914117553,0.118));
#7759=CARTESIAN_POINT('',(0.00851706317837201,-0.034708914117553,0.1265));
#7760=CARTESIAN_POINT('',(0.00867736462079924,-0.0347248255899736,0.118));
#7761=CARTESIAN_POINT('',(0.00867736462079924,-0.0347248255899736,0.1265));
#7762=CARTESIAN_POINT('',(0.00883891756184337,-0.0347498342291321,0.118));
#7763=CARTESIAN_POINT('',(0.00883891756184337,-0.0347498342291321,0.1265));
#7764=CARTESIAN_POINT('',(0.00900160901472751,-0.034785318083485,0.118));
#7765=CARTESIAN_POINT('',(0.00900160901472751,-0.034785318083485,0.1265));
#7766=CARTESIAN_POINT('',(0.00916506957399765,-0.0348295502539299,0.118));
#7767=CARTESIAN_POINT('',(0.00916506957399765,-0.0348295502539299,0.1265));
#7768=CARTESIAN_POINT('',(0.00932908032877837,-0.0348821484450278,0.118));
#7769=CARTESIAN_POINT('',(0.00932908032877837,-0.0348821484450278,0.1265));
#7770=CARTESIAN_POINT('',(0.0094934216398241,-0.0349426299815877,0.118));
#7771=CARTESIAN_POINT('',(0.0094934216398241,-0.0349426299815877,0.1265));
#7772=CARTESIAN_POINT('',(0.00965789770620106,-0.0350106969181909,0.118));
#7773=CARTESIAN_POINT('',(0.00965789770620106,-0.0350106969181909,0.1265));
#7774=CARTESIAN_POINT('',(0.0098223209097505,-0.0350861034851045,0.118));
#7775=CARTESIAN_POINT('',(0.0098223209097505,-0.0350861034851045,0.1265));
#7776=CARTESIAN_POINT('',(0.00998651270409371,-0.035168655790695,0.118));
#7777=CARTESIAN_POINT('',(0.00998651270409371,-0.035168655790695,0.1265));
#7778=CARTESIAN_POINT('',(0.0101502944595948,-0.0352582053415504,0.118));
#7779=CARTESIAN_POINT('',(0.0101502944595948,-0.0352582053415504,0.1265));
#7780=CARTESIAN_POINT('',(0.0103135102290409,-0.0353545852916176,0.118));
#7781=CARTESIAN_POINT('',(0.0103135102290409,-0.0353545852916176,0.1265));
#7782=CARTESIAN_POINT('',(0.0104759353137499,-0.0354578151440779,0.118));
#7783=CARTESIAN_POINT('',(0.0104759353137499,-0.0354578151440779,0.1265));
#7784=CARTESIAN_POINT('',(0.0106376170242393,-0.0355672964308197,0.118));
#7785=CARTESIAN_POINT('',(0.0106376170242393,-0.0355672964308197,0.1265));
#7786=CARTESIAN_POINT('',(0.0107438747001392,-0.0356453649767,0.118));
#7787=CARTESIAN_POINT('',(0.0107438747001392,-0.0356453649767,0.1265));
#7788=CARTESIAN_POINT('',(0.0107971985853649,-0.0356845425527669,0.118));
#7789=CARTESIAN_POINT('',(0.0107971985853649,-0.0356845425527669,0.1265));
#7790=CARTESIAN_POINT('',(0.0107971985853649,-0.0356845425527669,0.118));
#7791=CARTESIAN_POINT('',(0.0107971985853649,-0.0356845425527669,0.118));
#7792=CARTESIAN_POINT('',(0.00835927607798387,-0.0347165268221092,0.118));
#7793=CARTESIAN_POINT('',(0.00841170574521824,-0.0347139972644606,0.118));
#7794=CARTESIAN_POINT('',(0.00851706317837201,-0.034708914117553,0.118));
#7795=CARTESIAN_POINT('',(0.00867736462079924,-0.0347248255899736,0.118));
#7796=CARTESIAN_POINT('',(0.00883891756184337,-0.0347498342291321,0.118));
#7797=CARTESIAN_POINT('',(0.00900160901472751,-0.034785318083485,0.118));
#7798=CARTESIAN_POINT('',(0.00916506957399765,-0.0348295502539299,0.118));
#7799=CARTESIAN_POINT('',(0.00932908032877837,-0.0348821484450278,0.118));
#7800=CARTESIAN_POINT('',(0.0094934216398241,-0.0349426299815877,0.118));
#7801=CARTESIAN_POINT('',(0.00965789770620106,-0.0350106969181909,0.118));
#7802=CARTESIAN_POINT('',(0.0098223209097505,-0.0350861034851045,0.118));
#7803=CARTESIAN_POINT('',(0.00998651270409371,-0.035168655790695,0.118));
#7804=CARTESIAN_POINT('',(0.0101502944595948,-0.0352582053415504,0.118));
#7805=CARTESIAN_POINT('',(0.0103135102290409,-0.0353545852916176,0.118));
#7806=CARTESIAN_POINT('',(0.0104759353137499,-0.0354578151440779,0.118));
#7807=CARTESIAN_POINT('',(0.0106376170242393,-0.0355672964308197,0.118));
#7808=CARTESIAN_POINT('',(0.0107438747001392,-0.0356453649767,0.118));
#7809=CARTESIAN_POINT('',(0.0107971985853649,-0.0356845425527669,0.118));
#7810=CARTESIAN_POINT('',(0.0107971985853649,-0.036,0.118));
#7811=CARTESIAN_POINT('',(0.0107971985853649,-0.0363154574472331,0.118));
#7812=CARTESIAN_POINT('',(0.0107971985853649,-0.0363154574472331,0.118));
#7813=CARTESIAN_POINT('',(0.0107971985853649,-0.036,0.118));
#7814=CARTESIAN_POINT('',(0.00835927607798388,-0.0372834731778907,0.118));
#7815=CARTESIAN_POINT('',(0.00835927607798388,-0.0372834731778907,0.1265));
#7816=CARTESIAN_POINT('',(0.00841170574521824,-0.0372860027355394,0.118));
#7817=CARTESIAN_POINT('',(0.00841170574521824,-0.0372860027355394,0.1265));
#7818=CARTESIAN_POINT('',(0.00851706317837202,-0.037291085882447,0.118));
#7819=CARTESIAN_POINT('',(0.00851706317837202,-0.037291085882447,0.1265));
#7820=CARTESIAN_POINT('',(0.00867736462079925,-0.0372751744100264,0.118));
#7821=CARTESIAN_POINT('',(0.00867736462079925,-0.0372751744100264,0.1265));
#7822=CARTESIAN_POINT('',(0.00883891756184338,-0.0372501657708679,0.118));
#7823=CARTESIAN_POINT('',(0.00883891756184338,-0.0372501657708679,0.1265));
#7824=CARTESIAN_POINT('',(0.00900160901472752,-0.037214681916515,0.118));
#7825=CARTESIAN_POINT('',(0.00900160901472752,-0.037214681916515,0.1265));
#7826=CARTESIAN_POINT('',(0.00916506957399765,-0.03717044974607,0.118));
#7827=CARTESIAN_POINT('',(0.00916506957399765,-0.03717044974607,0.1265));
#7828=CARTESIAN_POINT('',(0.00932908032877838,-0.0371178515549722,0.118));
#7829=CARTESIAN_POINT('',(0.00932908032877838,-0.0371178515549722,0.1265));
#7830=CARTESIAN_POINT('',(0.00949342163982411,-0.0370573700184123,0.118));
#7831=CARTESIAN_POINT('',(0.00949342163982411,-0.0370573700184123,0.1265));
#7832=CARTESIAN_POINT('',(0.00965789770620106,-0.0369893030818091,0.118));
#7833=CARTESIAN_POINT('',(0.00965789770620106,-0.0369893030818091,0.1265));
#7834=CARTESIAN_POINT('',(0.00982232090975051,-0.0369138965148954,0.118));
#7835=CARTESIAN_POINT('',(0.00982232090975051,-0.0369138965148954,0.1265));
#7836=CARTESIAN_POINT('',(0.00998651270409372,-0.036831344209305,0.118));
#7837=CARTESIAN_POINT('',(0.00998651270409372,-0.036831344209305,0.1265));
#7838=CARTESIAN_POINT('',(0.0101502944595948,-0.0367417946584495,0.118));
#7839=CARTESIAN_POINT('',(0.0101502944595948,-0.0367417946584495,0.1265));
#7840=CARTESIAN_POINT('',(0.0103135102290409,-0.0366454147083823,0.118));
#7841=CARTESIAN_POINT('',(0.0103135102290409,-0.0366454147083823,0.1265));
#7842=CARTESIAN_POINT('',(0.0104759353137499,-0.0365421848559221,0.118));
#7843=CARTESIAN_POINT('',(0.0104759353137499,-0.0365421848559221,0.1265));
#7844=CARTESIAN_POINT('',(0.0106376170242393,-0.0364327035691802,0.118));
#7845=CARTESIAN_POINT('',(0.0106376170242393,-0.0364327035691802,0.1265));
#7846=CARTESIAN_POINT('',(0.0107438747001392,-0.0363546350232999,0.118));
#7847=CARTESIAN_POINT('',(0.0107438747001392,-0.0363546350232999,0.1265));
#7848=CARTESIAN_POINT('',(0.0107971985853649,-0.0363154574472331,0.118));
#7849=CARTESIAN_POINT('',(0.0107971985853649,-0.0363154574472331,0.1265));
#7850=CARTESIAN_POINT('',(0.00835927607798388,-0.0372834731778907,0.118));
#7851=CARTESIAN_POINT('',(0.00835927607798388,-0.0372834731778907,0.118));
#7852=CARTESIAN_POINT('',(0.00835927607798388,-0.0372834731778907,0.118));
#7853=CARTESIAN_POINT('',(0.00841170574521824,-0.0372860027355394,0.118));
#7854=CARTESIAN_POINT('',(0.00851706317837202,-0.037291085882447,0.118));
#7855=CARTESIAN_POINT('',(0.00867736462079925,-0.0372751744100264,0.118));
#7856=CARTESIAN_POINT('',(0.00883891756184338,-0.0372501657708679,0.118));
#7857=CARTESIAN_POINT('',(0.00900160901472752,-0.037214681916515,0.118));
#7858=CARTESIAN_POINT('',(0.00916506957399765,-0.03717044974607,0.118));
#7859=CARTESIAN_POINT('',(0.00932908032877838,-0.0371178515549722,0.118));
#7860=CARTESIAN_POINT('',(0.00949342163982411,-0.0370573700184123,0.118));
#7861=CARTESIAN_POINT('',(0.00965789770620106,-0.0369893030818091,0.118));
#7862=CARTESIAN_POINT('',(0.00982232090975051,-0.0369138965148954,0.118));
#7863=CARTESIAN_POINT('',(0.00998651270409372,-0.036831344209305,0.118));
#7864=CARTESIAN_POINT('',(0.0101502944595948,-0.0367417946584495,0.118));
#7865=CARTESIAN_POINT('',(0.0103135102290409,-0.0366454147083823,0.118));
#7866=CARTESIAN_POINT('',(0.0104759353137499,-0.0365421848559221,0.118));
#7867=CARTESIAN_POINT('',(0.0106376170242393,-0.0364327035691802,0.118));
#7868=CARTESIAN_POINT('',(0.0107438747001392,-0.0363546350232999,0.118));
#7869=CARTESIAN_POINT('',(0.0107971985853649,-0.0363154574472331,0.118));
#7870=CARTESIAN_POINT('',(0.00788620295406697,-0.0372108381003955,0.118));
#7871=CARTESIAN_POINT('',(0.00741312983015005,-0.0371382030229003,0.118));
#7872=CARTESIAN_POINT('',(0.00741312983015005,-0.0371382030229003,0.118));
#7873=CARTESIAN_POINT('',(0.00788620295406697,-0.0372108381003955,0.118));
#7874=CARTESIAN_POINT('',(-6.93889390390723E-18,-0.036,0.118));
#7875=CARTESIAN_POINT('',(0.00698906026591233,-0.0387208521825791,0.118));
#7876=CARTESIAN_POINT('',(0.00698906026591233,-0.0387208521825791,0.118));
#7877=CARTESIAN_POINT('',(-6.93889390390723E-18,-0.036,0.118));
#7878=CARTESIAN_POINT('',(0.00743507114781965,-0.0388944849222208,0.118));
#7879=CARTESIAN_POINT('',(0.00788108202972697,-0.0390681176618626,0.118));
#7880=CARTESIAN_POINT('',(0.00788108202972697,-0.0390681176618626,0.118));
#7881=CARTESIAN_POINT('',(0.00743507114781965,-0.0388944849222208,0.118));
#7882=CARTESIAN_POINT('',(0.00788108202972697,-0.0390681176618626,0.118));
#7883=CARTESIAN_POINT('',(0.00788108202972697,-0.0390681176618626,0.1265));
#7884=CARTESIAN_POINT('',(0.0079277522322882,-0.0390921418342957,0.118));
#7885=CARTESIAN_POINT('',(0.0079277522322882,-0.0390921418342957,0.1265));
#7886=CARTESIAN_POINT('',(0.00802153601933072,-0.0391404184165194,0.118));
#7887=CARTESIAN_POINT('',(0.00802153601933072,-0.0391404184165194,0.1265));
#7888=CARTESIAN_POINT('',(0.00815240540452569,-0.0392343488770609,0.118));
#7889=CARTESIAN_POINT('',(0.00815240540452569,-0.0392343488770609,0.1265));
#7890=CARTESIAN_POINT('',(0.00827981003594674,-0.0393367834644083,0.118));
#7891=CARTESIAN_POINT('',(0.00827981003594674,-0.0393367834644083,0.1265));
#7892=CARTESIAN_POINT('',(0.00840296303994655,-0.0394488591101441,0.118));
#7893=CARTESIAN_POINT('',(0.00840296303994655,-0.0394488591101441,0.1265));
#7894=CARTESIAN_POINT('',(0.00852240795156883,-0.0395688955730491,0.118));
#7895=CARTESIAN_POINT('',(0.00852240795156883,-0.0395688955730491,0.1265));
#7896=CARTESIAN_POINT('',(0.00863814633615385,-0.0396964523201233,0.118));
#7897=CARTESIAN_POINT('',(0.00863814633615385,-0.0396964523201233,0.1265));
#7898=CARTESIAN_POINT('',(0.00875022931813077,-0.0398310015227669,0.118));
#7899=CARTESIAN_POINT('',(0.00875022931813077,-0.0398310015227669,0.1265));
#7900=CARTESIAN_POINT('',(0.00885863630162614,-0.0399721872522116,0.118));
#7901=CARTESIAN_POINT('',(0.00885863630162614,-0.0399721872522116,0.1265));
#7902=CARTESIAN_POINT('',(0.00896332768941474,-0.0401197028565457,0.118));
#7903=CARTESIAN_POINT('',(0.00896332768941474,-0.0401197028565457,0.1265));
#7904=CARTESIAN_POINT('',(0.00906424580161369,-0.0402732911474996,0.118));
#7905=CARTESIAN_POINT('',(0.00906424580161369,-0.0402732911474996,0.1265));
#7906=CARTESIAN_POINT('',(0.00916131018712631,-0.0404327342111885,0.118));
#7907=CARTESIAN_POINT('',(0.00916131018712631,-0.0404327342111885,0.1265));
#7908=CARTESIAN_POINT('',(0.00925446921473125,-0.0405978095810852,0.118));
#7909=CARTESIAN_POINT('',(0.00925446921473125,-0.0405978095810852,0.1265));
#7910=CARTESIAN_POINT('',(0.00934351853807098,-0.0407684217980993,0.118));
#7911=CARTESIAN_POINT('',(0.00934351853807098,-0.0407684217980993,0.1265));
#7912=CARTESIAN_POINT('',(0.00942879836331118,-0.0409440762289013,0.118));
#7913=CARTESIAN_POINT('',(0.00942879836331118,-0.0409440762289013,0.1265));
#7914=CARTESIAN_POINT('',(0.00948178593704748,-0.0410648144108202,0.118));
#7915=CARTESIAN_POINT('',(0.00948178593704748,-0.0410648144108202,0.1265));
#7916=CARTESIAN_POINT('',(0.00950837698824797,-0.0411254051295655,0.118));
#7917=CARTESIAN_POINT('',(0.00950837698824797,-0.0411254051295655,0.1265));
#7918=CARTESIAN_POINT('',(0.00950837698824797,-0.0411254051295655,0.118));
#7919=CARTESIAN_POINT('',(0.00950837698824797,-0.0411254051295655,0.118));
#7920=CARTESIAN_POINT('',(0.00788108202972697,-0.0390681176618626,0.118));
#7921=CARTESIAN_POINT('',(0.0079277522322882,-0.0390921418342957,0.118));
#7922=CARTESIAN_POINT('',(0.00802153601933072,-0.0391404184165194,0.118));
#7923=CARTESIAN_POINT('',(0.00815240540452569,-0.0392343488770609,0.118));
#7924=CARTESIAN_POINT('',(0.00827981003594674,-0.0393367834644083,0.118));
#7925=CARTESIAN_POINT('',(0.00840296303994655,-0.0394488591101441,0.118));
#7926=CARTESIAN_POINT('',(0.00852240795156883,-0.0395688955730491,0.118));
#7927=CARTESIAN_POINT('',(0.00863814633615385,-0.0396964523201233,0.118));
#7928=CARTESIAN_POINT('',(0.00875022931813077,-0.0398310015227669,0.118));
#7929=CARTESIAN_POINT('',(0.00885863630162614,-0.0399721872522116,0.118));
#7930=CARTESIAN_POINT('',(0.00896332768941474,-0.0401197028565457,0.118));
#7931=CARTESIAN_POINT('',(0.00906424580161369,-0.0402732911474996,0.118));
#7932=CARTESIAN_POINT('',(0.00916131018712631,-0.0404327342111885,0.118));
#7933=CARTESIAN_POINT('',(0.00925446921473125,-0.0405978095810852,0.118));
#7934=CARTESIAN_POINT('',(0.00934351853807098,-0.0407684217980993,0.118));
#7935=CARTESIAN_POINT('',(0.00942879836331118,-0.0409440762289013,0.118));
#7936=CARTESIAN_POINT('',(0.00948178593704748,-0.0410648144108202,0.118));
#7937=CARTESIAN_POINT('',(0.00950837698824797,-0.0411254051295655,0.118));
#7938=CARTESIAN_POINT('',(0.00935064826463141,-0.0413985992926824,0.118));
#7939=CARTESIAN_POINT('',(0.00919291954101486,-0.0416717934557992,0.118));
#7940=CARTESIAN_POINT('',(0.00919291954101486,-0.0416717934557992,0.118));
#7941=CARTESIAN_POINT('',(0.00935064826463141,-0.0413985992926824,0.118));
#7942=CARTESIAN_POINT('',(0.00659760885183622,-0.0412911584161212,0.118));
#7943=CARTESIAN_POINT('',(0.00659760885183622,-0.0412911584161212,0.1265));
#7944=CARTESIAN_POINT('',(0.00664174949674884,-0.0413195639109225,0.118));
#7945=CARTESIAN_POINT('',(0.00664174949674884,-0.0413195639109225,0.1265));
#7946=CARTESIAN_POINT('',(0.0067304501368837,-0.0413766447618526,0.118));
#7947=CARTESIAN_POINT('',(0.0067304501368837,-0.0413766447618526,0.1265));
#7948=CARTESIAN_POINT('',(0.00687723099449927,-0.0414430157437383,0.118));
#7949=CARTESIAN_POINT('',(0.00687723099449927,-0.0414430157437383,0.1265));
#7950=CARTESIAN_POINT('',(0.00702964426507884,-0.0415021340974351,0.118));
#7951=CARTESIAN_POINT('',(0.00702964426507884,-0.0415021340974351,0.1265));
#7952=CARTESIAN_POINT('',(0.00718828112343156,-0.0415527499045833,0.118));
#7953=CARTESIAN_POINT('',(0.00718828112343156,-0.0415527499045833,0.1265));
#7954=CARTESIAN_POINT('',(0.00735195820549878,-0.0415961740009485,0.118));
#7955=CARTESIAN_POINT('',(0.00735195820549878,-0.0415961740009485,0.1265));
#7956=CARTESIAN_POINT('',(0.00752029478118169,-0.041632628008655,0.118));
#7957=CARTESIAN_POINT('',(0.00752029478118169,-0.041632628008655,0.1265));
#7958=CARTESIAN_POINT('',(0.00769285929971847,-0.0416624201170571,0.118));
#7959=CARTESIAN_POINT('',(0.00769285929971847,-0.0416624201170571,0.1265));
#7960=CARTESIAN_POINT('',(0.00786933321981704,-0.0416857104539895,0.118));
#7961=CARTESIAN_POINT('',(0.00786933321981704,-0.0416857104539895,0.1265));
#7962=CARTESIAN_POINT('',(0.00804943117451932,-0.0417026180532047,0.118));
#7963=CARTESIAN_POINT('',(0.00804943117451932,-0.0417026180532047,0.1265));
#7964=CARTESIAN_POINT('',(0.00823290159230871,-0.0417132215565941,0.118));
#7965=CARTESIAN_POINT('',(0.00823290159230871,-0.0417132215565941,0.1265));
#7966=CARTESIAN_POINT('',(0.00841951552867677,-0.0417175602484063,0.118));
#7967=CARTESIAN_POINT('',(0.00841951552867677,-0.0417175602484063,0.1265));
#7968=CARTESIAN_POINT('',(0.00860905450634894,-0.0417157006479557,0.118));
#7969=CARTESIAN_POINT('',(0.00860905450634894,-0.0417157006479557,0.1265));
#7970=CARTESIAN_POINT('',(0.00880133368214892,-0.0417075135156506,0.118));
#7971=CARTESIAN_POINT('',(0.00880133368214892,-0.0417075135156506,0.1265));
#7972=CARTESIAN_POINT('',(0.00899609479413091,-0.0416935407953379,0.118));
#7973=CARTESIAN_POINT('',(0.00899609479413091,-0.0416935407953379,0.1265));
#7974=CARTESIAN_POINT('',(0.00912715091374755,-0.0416790602893191,0.118));
#7975=CARTESIAN_POINT('',(0.00912715091374755,-0.0416790602893191,0.1265));
#7976=CARTESIAN_POINT('',(0.00919291954101486,-0.0416717934557992,0.118));
#7977=CARTESIAN_POINT('',(0.00919291954101486,-0.0416717934557992,0.1265));
#7978=CARTESIAN_POINT('',(0.00659760885183622,-0.0412911584161212,0.118));
#7979=CARTESIAN_POINT('',(0.00659760885183622,-0.0412911584161212,0.118));
#7980=CARTESIAN_POINT('',(0.00659760885183622,-0.0412911584161212,0.118));
#7981=CARTESIAN_POINT('',(0.00664174949674884,-0.0413195639109225,0.118));
#7982=CARTESIAN_POINT('',(0.0067304501368837,-0.0413766447618526,0.118));
#7983=CARTESIAN_POINT('',(0.00687723099449927,-0.0414430157437383,0.118));
#7984=CARTESIAN_POINT('',(0.00702964426507884,-0.0415021340974351,0.118));
#7985=CARTESIAN_POINT('',(0.00718828112343156,-0.0415527499045833,0.118));
#7986=CARTESIAN_POINT('',(0.00735195820549878,-0.0415961740009485,0.118));
#7987=CARTESIAN_POINT('',(0.00752029478118169,-0.041632628008655,0.118));
#7988=CARTESIAN_POINT('',(0.00769285929971847,-0.0416624201170571,0.118));
#7989=CARTESIAN_POINT('',(0.00786933321981704,-0.0416857104539895,0.118));
#7990=CARTESIAN_POINT('',(0.00804943117451932,-0.0417026180532047,0.118));
#7991=CARTESIAN_POINT('',(0.00823290159230871,-0.0417132215565941,0.118));
#7992=CARTESIAN_POINT('',(0.00841951552867677,-0.0417175602484063,0.118));
#7993=CARTESIAN_POINT('',(0.00860905450634894,-0.0417157006479557,0.118));
#7994=CARTESIAN_POINT('',(0.00880133368214892,-0.0417075135156506,0.118));
#7995=CARTESIAN_POINT('',(0.00899609479413091,-0.0416935407953379,0.118));
#7996=CARTESIAN_POINT('',(0.00912715091374755,-0.0416790602893191,0.118));
#7997=CARTESIAN_POINT('',(0.00919291954101486,-0.0416717934557992,0.118));
#7998=CARTESIAN_POINT('',(0.00622423304742413,-0.0409917180318461,0.118));
#7999=CARTESIAN_POINT('',(0.00585085724301203,-0.0406922776475709,0.118));
#8000=CARTESIAN_POINT('',(0.00585085724301203,-0.0406922776475709,0.118));
#8001=CARTESIAN_POINT('',(0.00622423304742413,-0.0409917180318461,0.118));
#8002=CARTESIAN_POINT('',(-6.93889390390723E-18,-0.036,0.118));
#8003=CARTESIAN_POINT('',(0.00469227764757095,-0.041850857243012,0.118));
#8004=CARTESIAN_POINT('',(0.00469227764757095,-0.041850857243012,0.118));
#8005=CARTESIAN_POINT('',(-6.93889390390723E-18,-0.036,0.118));
#8006=CARTESIAN_POINT('',(0.00499171803184612,-0.0422242330474241,0.118));
#8007=CARTESIAN_POINT('',(0.00529115841612129,-0.0425976088518362,0.118));
#8008=CARTESIAN_POINT('',(0.00529115841612129,-0.0425976088518362,0.118));
#8009=CARTESIAN_POINT('',(0.00499171803184612,-0.0422242330474241,0.118));
#8010=CARTESIAN_POINT('',(0.00529115841612129,-0.0425976088518362,0.118));
#8011=CARTESIAN_POINT('',(0.00529115841612129,-0.0425976088518362,0.1265));
#8012=CARTESIAN_POINT('',(0.00531956391092251,-0.0426417494967488,0.118));
#8013=CARTESIAN_POINT('',(0.00531956391092251,-0.0426417494967488,0.1265));
#8014=CARTESIAN_POINT('',(0.00537664476185261,-0.0427304501368836,0.118));
#8015=CARTESIAN_POINT('',(0.00537664476185261,-0.0427304501368836,0.1265));
#8016=CARTESIAN_POINT('',(0.00544301574373836,-0.0428772309944992,0.118));
#8017=CARTESIAN_POINT('',(0.00544301574373836,-0.0428772309944992,0.1265));
#8018=CARTESIAN_POINT('',(0.00550213409743507,-0.0430296442650788,0.118));
#8019=CARTESIAN_POINT('',(0.00550213409743507,-0.0430296442650788,0.1265));
#8020=CARTESIAN_POINT('',(0.00555274990458334,-0.0431882811234316,0.118));
#8021=CARTESIAN_POINT('',(0.00555274990458334,-0.0431882811234316,0.1265));
#8022=CARTESIAN_POINT('',(0.00559617400094856,-0.0433519582054987,0.118));
#8023=CARTESIAN_POINT('',(0.00559617400094856,-0.0433519582054987,0.1265));
#8024=CARTESIAN_POINT('',(0.00563262800865504,-0.0435202947811817,0.118));
#8025=CARTESIAN_POINT('',(0.00563262800865504,-0.0435202947811817,0.1265));
#8026=CARTESIAN_POINT('',(0.00566242011705715,-0.0436928592997185,0.118));
#8027=CARTESIAN_POINT('',(0.00566242011705715,-0.0436928592997185,0.1265));
#8028=CARTESIAN_POINT('',(0.00568571045398947,-0.043869333219817,0.118));
#8029=CARTESIAN_POINT('',(0.00568571045398947,-0.043869333219817,0.1265));
#8030=CARTESIAN_POINT('',(0.00570261805320477,-0.0440494311745193,0.118));
#8031=CARTESIAN_POINT('',(0.00570261805320477,-0.0440494311745193,0.1265));
#8032=CARTESIAN_POINT('',(0.00571322155659408,-0.0442329015923087,0.118));
#8033=CARTESIAN_POINT('',(0.00571322155659408,-0.0442329015923087,0.1265));
#8034=CARTESIAN_POINT('',(0.00571756024840632,-0.0444195155286767,0.118));
#8035=CARTESIAN_POINT('',(0.00571756024840632,-0.0444195155286767,0.1265));
#8036=CARTESIAN_POINT('',(0.00571570064795568,-0.0446090545063489,0.118));
#8037=CARTESIAN_POINT('',(0.00571570064795568,-0.0446090545063489,0.1265));
#8038=CARTESIAN_POINT('',(0.0057075135156507,-0.0448013336821489,0.118));
#8039=CARTESIAN_POINT('',(0.0057075135156507,-0.0448013336821489,0.1265));
#8040=CARTESIAN_POINT('',(0.00569354079533797,-0.0449960947941309,0.118));
#8041=CARTESIAN_POINT('',(0.00569354079533797,-0.0449960947941309,0.1265));
#8042=CARTESIAN_POINT('',(0.00567906028931907,-0.0451271509137475,0.118));
#8043=CARTESIAN_POINT('',(0.00567906028931907,-0.0451271509137475,0.1265));
#8044=CARTESIAN_POINT('',(0.00567179345579933,-0.0451929195410148,0.118));
#8045=CARTESIAN_POINT('',(0.00567179345579933,-0.0451929195410148,0.1265));
#8046=CARTESIAN_POINT('',(0.00567179345579933,-0.0451929195410148,0.118));
#8047=CARTESIAN_POINT('',(0.00567179345579933,-0.0451929195410148,0.118));
#8048=CARTESIAN_POINT('',(0.00529115841612129,-0.0425976088518362,0.118));
#8049=CARTESIAN_POINT('',(0.00531956391092251,-0.0426417494967488,0.118));
#8050=CARTESIAN_POINT('',(0.00537664476185261,-0.0427304501368836,0.118));
#8051=CARTESIAN_POINT('',(0.00544301574373836,-0.0428772309944992,0.118));
#8052=CARTESIAN_POINT('',(0.00550213409743507,-0.0430296442650788,0.118));
#8053=CARTESIAN_POINT('',(0.00555274990458334,-0.0431882811234316,0.118));
#8054=CARTESIAN_POINT('',(0.00559617400094856,-0.0433519582054987,0.118));
#8055=CARTESIAN_POINT('',(0.00563262800865504,-0.0435202947811817,0.118));
#8056=CARTESIAN_POINT('',(0.00566242011705715,-0.0436928592997185,0.118));
#8057=CARTESIAN_POINT('',(0.00568571045398947,-0.043869333219817,0.118));
#8058=CARTESIAN_POINT('',(0.00570261805320477,-0.0440494311745193,0.118));
#8059=CARTESIAN_POINT('',(0.00571322155659408,-0.0442329015923087,0.118));
#8060=CARTESIAN_POINT('',(0.00571756024840632,-0.0444195155286767,0.118));
#8061=CARTESIAN_POINT('',(0.00571570064795568,-0.0446090545063489,0.118));
#8062=CARTESIAN_POINT('',(0.0057075135156507,-0.0448013336821489,0.118));
#8063=CARTESIAN_POINT('',(0.00569354079533797,-0.0449960947941309,0.118));
#8064=CARTESIAN_POINT('',(0.00567906028931907,-0.0451271509137475,0.118));
#8065=CARTESIAN_POINT('',(0.00567179345579933,-0.0451929195410148,0.118));
#8066=CARTESIAN_POINT('',(0.00539859929268247,-0.0453506482646314,0.118));
#8067=CARTESIAN_POINT('',(0.0051254051295656,-0.0455083769882479,0.118));
#8068=CARTESIAN_POINT('',(0.0051254051295656,-0.0455083769882479,0.118));
#8069=CARTESIAN_POINT('',(0.00539859929268247,-0.0453506482646314,0.118));
#8070=CARTESIAN_POINT('',(0.00306811766186262,-0.043881082029727,0.118));
#8071=CARTESIAN_POINT('',(0.00306811766186262,-0.043881082029727,0.1265));
#8072=CARTESIAN_POINT('',(0.00309214183429576,-0.0439277522322882,0.118));
#8073=CARTESIAN_POINT('',(0.00309214183429576,-0.0439277522322882,0.1265));
#8074=CARTESIAN_POINT('',(0.00314041841651944,-0.0440215360193307,0.118));
#8075=CARTESIAN_POINT('',(0.00314041841651944,-0.0440215360193307,0.1265));
#8076=CARTESIAN_POINT('',(0.00323434887706092,-0.0441524054045257,0.118));
#8077=CARTESIAN_POINT('',(0.00323434887706092,-0.0441524054045257,0.1265));
#8078=CARTESIAN_POINT('',(0.00333678346440835,-0.0442798100359467,0.118));
#8079=CARTESIAN_POINT('',(0.00333678346440835,-0.0442798100359467,0.1265));
#8080=CARTESIAN_POINT('',(0.00344885911014421,-0.0444029630399465,0.118));
#8081=CARTESIAN_POINT('',(0.00344885911014421,-0.0444029630399465,0.1265));
#8082=CARTESIAN_POINT('',(0.00356889557304912,-0.0445224079515688,0.118));
#8083=CARTESIAN_POINT('',(0.00356889557304912,-0.0445224079515688,0.1265));
#8084=CARTESIAN_POINT('',(0.00369645232012338,-0.0446381463361539,0.118));
#8085=CARTESIAN_POINT('',(0.00369645232012338,-0.0446381463361539,0.1265));
#8086=CARTESIAN_POINT('',(0.003831001522767,-0.0447502293181307,0.118));
#8087=CARTESIAN_POINT('',(0.003831001522767,-0.0447502293181307,0.1265));
#8088=CARTESIAN_POINT('',(0.00397218725221163,-0.0448586363016261,0.118));
#8089=CARTESIAN_POINT('',(0.00397218725221163,-0.0448586363016261,0.1265));
#8090=CARTESIAN_POINT('',(0.00411970285654577,-0.0449633276894148,0.118));
#8091=CARTESIAN_POINT('',(0.00411970285654577,-0.0449633276894148,0.1265));
#8092=CARTESIAN_POINT('',(0.00427329114749966,-0.0450642458016137,0.118));
#8093=CARTESIAN_POINT('',(0.00427329114749966,-0.0450642458016137,0.1265));
#8094=CARTESIAN_POINT('',(0.0044327342111885,-0.0451613101871263,0.118));
#8095=CARTESIAN_POINT('',(0.0044327342111885,-0.0451613101871263,0.1265));
#8096=CARTESIAN_POINT('',(0.00459780958108525,-0.0452544692147312,0.118));
#8097=CARTESIAN_POINT('',(0.00459780958108525,-0.0452544692147312,0.1265));
#8098=CARTESIAN_POINT('',(0.00476842179809927,-0.045343518538071,0.118));
#8099=CARTESIAN_POINT('',(0.00476842179809927,-0.045343518538071,0.1265));
#8100=CARTESIAN_POINT('',(0.00494407622890135,-0.0454287983633112,0.118));
#8101=CARTESIAN_POINT('',(0.00494407622890135,-0.0454287983633112,0.1265));
#8102=CARTESIAN_POINT('',(0.00506481441082021,-0.0454817859370475,0.118));
#8103=CARTESIAN_POINT('',(0.00506481441082021,-0.0454817859370475,0.1265));
#8104=CARTESIAN_POINT('',(0.0051254051295656,-0.0455083769882479,0.118));
#8105=CARTESIAN_POINT('',(0.0051254051295656,-0.0455083769882479,0.1265));
#8106=CARTESIAN_POINT('',(0.00306811766186262,-0.043881082029727,0.118));
#8107=CARTESIAN_POINT('',(0.00306811766186262,-0.043881082029727,0.118));
#8108=CARTESIAN_POINT('',(0.00306811766186262,-0.043881082029727,0.118));
#8109=CARTESIAN_POINT('',(0.00309214183429576,-0.0439277522322882,0.118));
#8110=CARTESIAN_POINT('',(0.00314041841651944,-0.0440215360193307,0.118));
#8111=CARTESIAN_POINT('',(0.00323434887706092,-0.0441524054045257,0.118));
#8112=CARTESIAN_POINT('',(0.00333678346440835,-0.0442798100359467,0.118));
#8113=CARTESIAN_POINT('',(0.00344885911014421,-0.0444029630399465,0.118));
#8114=CARTESIAN_POINT('',(0.00356889557304912,-0.0445224079515688,0.118));
#8115=CARTESIAN_POINT('',(0.00369645232012338,-0.0446381463361539,0.118));
#8116=CARTESIAN_POINT('',(0.003831001522767,-0.0447502293181307,0.118));
#8117=CARTESIAN_POINT('',(0.00397218725221163,-0.0448586363016261,0.118));
#8118=CARTESIAN_POINT('',(0.00411970285654577,-0.0449633276894148,0.118));
#8119=CARTESIAN_POINT('',(0.00427329114749966,-0.0450642458016137,0.118));
#8120=CARTESIAN_POINT('',(0.0044327342111885,-0.0451613101871263,0.118));
#8121=CARTESIAN_POINT('',(0.00459780958108525,-0.0452544692147312,0.118));
#8122=CARTESIAN_POINT('',(0.00476842179809927,-0.045343518538071,0.118));
#8123=CARTESIAN_POINT('',(0.00494407622890135,-0.0454287983633112,0.118));
#8124=CARTESIAN_POINT('',(0.00506481441082021,-0.0454817859370475,0.118));
#8125=CARTESIAN_POINT('',(0.0051254051295656,-0.0455083769882479,0.118));
#8126=CARTESIAN_POINT('',(0.00289448492222088,-0.0434350711478197,0.118));
#8127=CARTESIAN_POINT('',(0.00272085218257913,-0.0429890602659123,0.118));
#8128=CARTESIAN_POINT('',(0.00272085218257913,-0.0429890602659123,0.118));
#8129=CARTESIAN_POINT('',(0.00289448492222088,-0.0434350711478197,0.118));
#8130=CARTESIAN_POINT('',(-6.93889390390723E-18,-0.036,0.118));
#8131=CARTESIAN_POINT('',(0.00113820302290032,-0.04341312983015,0.118));
#8132=CARTESIAN_POINT('',(0.00113820302290032,-0.04341312983015,0.118));
#8133=CARTESIAN_POINT('',(-6.93889390390723E-18,-0.036,0.118));
#8134=CARTESIAN_POINT('',(0.00121083810039554,-0.0438862029540669,0.118));
#8135=CARTESIAN_POINT('',(0.00128347317789077,-0.0443592760779839,0.118));
#8136=CARTESIAN_POINT('',(0.00128347317789077,-0.0443592760779839,0.118));
#8137=CARTESIAN_POINT('',(0.00121083810039554,-0.0438862029540669,0.118));
#8138=CARTESIAN_POINT('',(0.00128347317789077,-0.0443592760779839,0.118));
#8139=CARTESIAN_POINT('',(0.00128347317789077,-0.0443592760779839,0.1265));
#8140=CARTESIAN_POINT('',(0.00128600273553939,-0.0444117057452183,0.118));
#8141=CARTESIAN_POINT('',(0.00128600273553939,-0.0444117057452183,0.1265));
#8142=CARTESIAN_POINT('',(0.00129108588244705,-0.044517063178372,0.118));
#8143=CARTESIAN_POINT('',(0.00129108588244705,-0.044517063178372,0.1265));
#8144=CARTESIAN_POINT('',(0.00127517441002644,-0.0446773646207992,0.118));
#8145=CARTESIAN_POINT('',(0.00127517441002644,-0.0446773646207992,0.1265));
#8146=CARTESIAN_POINT('',(0.00125016577086792,-0.0448389175618434,0.118));
#8147=CARTESIAN_POINT('',(0.00125016577086792,-0.0448389175618434,0.1265));
#8148=CARTESIAN_POINT('',(0.00121468191651503,-0.0450016090147275,0.118));
#8149=CARTESIAN_POINT('',(0.00121468191651503,-0.0450016090147275,0.1265));
#8150=CARTESIAN_POINT('',(0.00117044974607008,-0.0451650695739977,0.118));
#8151=CARTESIAN_POINT('',(0.00117044974607008,-0.0451650695739977,0.1265));
#8152=CARTESIAN_POINT('',(0.00111785155497218,-0.0453290803287784,0.118));
#8153=CARTESIAN_POINT('',(0.00111785155497218,-0.0453290803287784,0.1265));
#8154=CARTESIAN_POINT('',(0.00105737001841233,-0.0454934216398241,0.118));
#8155=CARTESIAN_POINT('',(0.00105737001841233,-0.0454934216398241,0.1265));
#8156=CARTESIAN_POINT('',(0.000989303081809126,-0.0456578977062011,0.118));
#8157=CARTESIAN_POINT('',(0.000989303081809126,-0.0456578977062011,0.1265));
#8158=CARTESIAN_POINT('',(0.000913896514895443,-0.0458223209097505,0.118));
#8159=CARTESIAN_POINT('',(0.000913896514895443,-0.0458223209097505,0.1265));
#8160=CARTESIAN_POINT('',(0.000831344209305009,-0.0459865127040937,0.118));
#8161=CARTESIAN_POINT('',(0.000831344209305009,-0.0459865127040937,0.1265));
#8162=CARTESIAN_POINT('',(0.000741794658449563,-0.0461502944595948,0.118));
#8163=CARTESIAN_POINT('',(0.000741794658449563,-0.0461502944595948,0.1265));
#8164=CARTESIAN_POINT('',(0.000645414708382336,-0.0463135102290409,0.118));
#8165=CARTESIAN_POINT('',(0.000645414708382336,-0.0463135102290409,0.1265));
#8166=CARTESIAN_POINT('',(0.000542184855922084,-0.0464759353137499,0.118));
#8167=CARTESIAN_POINT('',(0.000542184855922084,-0.0464759353137499,0.1265));
#8168=CARTESIAN_POINT('',(0.000432703569180293,-0.0466376170242393,0.118));
#8169=CARTESIAN_POINT('',(0.000432703569180293,-0.0466376170242393,0.1265));
#8170=CARTESIAN_POINT('',(0.000354635023299958,-0.0467438747001392,0.118));
#8171=CARTESIAN_POINT('',(0.000354635023299958,-0.0467438747001392,0.1265));
#8172=CARTESIAN_POINT('',(0.000315457447233131,-0.0467971985853649,0.118));
#8173=CARTESIAN_POINT('',(0.000315457447233131,-0.0467971985853649,0.1265));
#8174=CARTESIAN_POINT('',(0.000315457447233131,-0.0467971985853649,0.118));
#8175=CARTESIAN_POINT('',(0.000315457447233131,-0.0467971985853649,0.118));
#8176=CARTESIAN_POINT('',(0.00128347317789077,-0.0443592760779839,0.118));
#8177=CARTESIAN_POINT('',(0.00128600273553939,-0.0444117057452183,0.118));
#8178=CARTESIAN_POINT('',(0.00129108588244705,-0.044517063178372,0.118));
#8179=CARTESIAN_POINT('',(0.00127517441002644,-0.0446773646207992,0.118));
#8180=CARTESIAN_POINT('',(0.00125016577086792,-0.0448389175618434,0.118));
#8181=CARTESIAN_POINT('',(0.00121468191651503,-0.0450016090147275,0.118));
#8182=CARTESIAN_POINT('',(0.00117044974607008,-0.0451650695739977,0.118));
#8183=CARTESIAN_POINT('',(0.00111785155497218,-0.0453290803287784,0.118));
#8184=CARTESIAN_POINT('',(0.00105737001841233,-0.0454934216398241,0.118));
#8185=CARTESIAN_POINT('',(0.000989303081809126,-0.0456578977062011,0.118));
#8186=CARTESIAN_POINT('',(0.000913896514895443,-0.0458223209097505,0.118));
#8187=CARTESIAN_POINT('',(0.000831344209305009,-0.0459865127040937,0.118));
#8188=CARTESIAN_POINT('',(0.000741794658449563,-0.0461502944595948,0.118));
#8189=CARTESIAN_POINT('',(0.000645414708382336,-0.0463135102290409,0.118));
#8190=CARTESIAN_POINT('',(0.000542184855922084,-0.0464759353137499,0.118));
#8191=CARTESIAN_POINT('',(0.000432703569180293,-0.0466376170242393,0.118));
#8192=CARTESIAN_POINT('',(0.000354635023299958,-0.0467438747001392,0.118));
#8193=CARTESIAN_POINT('',(0.000315457447233131,-0.0467971985853649,0.118));
#8194=CARTESIAN_POINT('',(2.08166817117217E-17,-0.0467971985853649,0.118));
#8195=CARTESIAN_POINT('',(-0.000315457447233089,-0.0467971985853649,0.118));
#8196=CARTESIAN_POINT('',(-0.000315457447233089,-0.0467971985853649,0.118));
#8197=CARTESIAN_POINT('',(2.08166817117217E-17,-0.0467971985853649,0.118));
#8198=CARTESIAN_POINT('',(-0.00128347317789074,-0.0443592760779839,0.118));
#8199=CARTESIAN_POINT('',(-0.00128347317789074,-0.0443592760779839,0.1265));
#8200=CARTESIAN_POINT('',(-0.00128600273553935,-0.0444117057452183,0.118));
#8201=CARTESIAN_POINT('',(-0.00128600273553935,-0.0444117057452183,0.1265));
#8202=CARTESIAN_POINT('',(-0.00129108588244702,-0.044517063178372,0.118));
#8203=CARTESIAN_POINT('',(-0.00129108588244702,-0.044517063178372,0.1265));
#8204=CARTESIAN_POINT('',(-0.00127517441002641,-0.0446773646207992,0.118));
#8205=CARTESIAN_POINT('',(-0.00127517441002641,-0.0446773646207992,0.1265));
#8206=CARTESIAN_POINT('',(-0.00125016577086789,-0.0448389175618434,0.118));
#8207=CARTESIAN_POINT('',(-0.00125016577086789,-0.0448389175618434,0.1265));
#8208=CARTESIAN_POINT('',(-0.00121468191651499,-0.0450016090147275,0.118));
#8209=CARTESIAN_POINT('',(-0.00121468191651499,-0.0450016090147275,0.1265));
#8210=CARTESIAN_POINT('',(-0.00117044974607005,-0.0451650695739977,0.118));
#8211=CARTESIAN_POINT('',(-0.00117044974607005,-0.0451650695739977,0.1265));
#8212=CARTESIAN_POINT('',(-0.00111785155497215,-0.0453290803287784,0.118));
#8213=CARTESIAN_POINT('',(-0.00111785155497215,-0.0453290803287784,0.1265));
#8214=CARTESIAN_POINT('',(-0.00105737001841229,-0.0454934216398241,0.118));
#8215=CARTESIAN_POINT('',(-0.00105737001841229,-0.0454934216398241,0.1265));
#8216=CARTESIAN_POINT('',(-0.000989303081809091,-0.0456578977062011,0.118));
#8217=CARTESIAN_POINT('',(-0.000989303081809091,-0.0456578977062011,0.1265));
#8218=CARTESIAN_POINT('',(-0.000913896514895408,-0.0458223209097505,0.118));
#8219=CARTESIAN_POINT('',(-0.000913896514895408,-0.0458223209097505,0.1265));
#8220=CARTESIAN_POINT('',(-0.000831344209304974,-0.0459865127040937,0.118));
#8221=CARTESIAN_POINT('',(-0.000831344209304974,-0.0459865127040937,0.1265));
#8222=CARTESIAN_POINT('',(-0.000741794658449528,-0.0461502944595948,0.118));
#8223=CARTESIAN_POINT('',(-0.000741794658449528,-0.0461502944595948,0.1265));
#8224=CARTESIAN_POINT('',(-0.000645414708382301,-0.0463135102290409,0.118));
#8225=CARTESIAN_POINT('',(-0.000645414708382301,-0.0463135102290409,0.1265));
#8226=CARTESIAN_POINT('',(-0.00054218485592205,-0.0464759353137499,0.118));
#8227=CARTESIAN_POINT('',(-0.00054218485592205,-0.0464759353137499,0.1265));
#8228=CARTESIAN_POINT('',(-0.000432703569180251,-0.0466376170242393,0.118));
#8229=CARTESIAN_POINT('',(-0.000432703569180251,-0.0466376170242393,0.1265));
#8230=CARTESIAN_POINT('',(-0.000354635023299917,-0.0467438747001392,0.118));
#8231=CARTESIAN_POINT('',(-0.000354635023299917,-0.0467438747001392,0.1265));
#8232=CARTESIAN_POINT('',(-0.000315457447233089,-0.0467971985853649,0.118));
#8233=CARTESIAN_POINT('',(-0.000315457447233089,-0.0467971985853649,0.1265));
#8234=CARTESIAN_POINT('',(-0.00128347317789074,-0.0443592760779839,0.118));
#8235=CARTESIAN_POINT('',(-0.00128347317789074,-0.0443592760779839,0.118));
#8236=CARTESIAN_POINT('',(-0.00128347317789074,-0.0443592760779839,0.118));
#8237=CARTESIAN_POINT('',(-0.00128600273553935,-0.0444117057452183,0.118));
#8238=CARTESIAN_POINT('',(-0.00129108588244702,-0.044517063178372,0.118));
#8239=CARTESIAN_POINT('',(-0.00127517441002641,-0.0446773646207992,0.118));
#8240=CARTESIAN_POINT('',(-0.00125016577086789,-0.0448389175618434,0.118));
#8241=CARTESIAN_POINT('',(-0.00121468191651499,-0.0450016090147275,0.118));
#8242=CARTESIAN_POINT('',(-0.00117044974607005,-0.0451650695739977,0.118));
#8243=CARTESIAN_POINT('',(-0.00111785155497215,-0.0453290803287784,0.118));
#8244=CARTESIAN_POINT('',(-0.00105737001841229,-0.0454934216398241,0.118));
#8245=CARTESIAN_POINT('',(-0.000989303081809091,-0.0456578977062011,0.118));
#8246=CARTESIAN_POINT('',(-0.000913896514895408,-0.0458223209097505,0.118));
#8247=CARTESIAN_POINT('',(-0.000831344209304974,-0.0459865127040937,0.118));
#8248=CARTESIAN_POINT('',(-0.000741794658449528,-0.0461502944595948,0.118));
#8249=CARTESIAN_POINT('',(-0.000645414708382301,-0.0463135102290409,0.118));
#8250=CARTESIAN_POINT('',(-0.00054218485592205,-0.0464759353137499,0.118));
#8251=CARTESIAN_POINT('',(-0.000432703569180251,-0.0466376170242393,0.118));
#8252=CARTESIAN_POINT('',(-0.000354635023299917,-0.0467438747001392,0.118));
#8253=CARTESIAN_POINT('',(-0.000315457447233089,-0.0467971985853649,0.118));
#8254=CARTESIAN_POINT('',(-0.00121083810039552,-0.0438862029540669,0.118));
#8255=CARTESIAN_POINT('',(-0.0011382030229003,-0.04341312983015,0.118));
#8256=CARTESIAN_POINT('',(-0.0011382030229003,-0.04341312983015,0.118));
#8257=CARTESIAN_POINT('',(-0.00121083810039552,-0.0438862029540669,0.118));
#8258=CARTESIAN_POINT('',(-6.93889390390723E-18,-0.036,0.118));
#8259=CARTESIAN_POINT('',(-0.00272085218257912,-0.0429890602659124,0.118));
#8260=CARTESIAN_POINT('',(-0.00272085218257912,-0.0429890602659124,0.118));
#8261=CARTESIAN_POINT('',(-6.93889390390723E-18,-0.036,0.118));
#8262=CARTESIAN_POINT('',(-0.00289448492222086,-0.0434350711478197,0.118));
#8263=CARTESIAN_POINT('',(-0.0030681176618626,-0.043881082029727,0.118));
#8264=CARTESIAN_POINT('',(-0.0030681176618626,-0.043881082029727,0.118));
#8265=CARTESIAN_POINT('',(-0.00289448492222086,-0.0434350711478197,0.118));
#8266=CARTESIAN_POINT('',(-0.0030681176618626,-0.043881082029727,0.118));
#8267=CARTESIAN_POINT('',(-0.0030681176618626,-0.043881082029727,0.1265));
#8268=CARTESIAN_POINT('',(-0.00309214183429574,-0.0439277522322882,0.118));
#8269=CARTESIAN_POINT('',(-0.00309214183429574,-0.0439277522322882,0.1265));
#8270=CARTESIAN_POINT('',(-0.00314041841651942,-0.0440215360193308,0.118));
#8271=CARTESIAN_POINT('',(-0.00314041841651942,-0.0440215360193308,0.1265));
#8272=CARTESIAN_POINT('',(-0.0032343488770609,-0.0441524054045257,0.118));
#8273=CARTESIAN_POINT('',(-0.0032343488770609,-0.0441524054045257,0.1265));
#8274=CARTESIAN_POINT('',(-0.00333678346440832,-0.0442798100359468,0.118));
#8275=CARTESIAN_POINT('',(-0.00333678346440832,-0.0442798100359468,0.1265));
#8276=CARTESIAN_POINT('',(-0.00344885911014418,-0.0444029630399465,0.118));
#8277=CARTESIAN_POINT('',(-0.00344885911014418,-0.0444029630399465,0.1265));
#8278=CARTESIAN_POINT('',(-0.00356889557304911,-0.0445224079515689,0.118));
#8279=CARTESIAN_POINT('',(-0.00356889557304911,-0.0445224079515689,0.1265));
#8280=CARTESIAN_POINT('',(-0.00369645232012335,-0.0446381463361539,0.118));
#8281=CARTESIAN_POINT('',(-0.00369645232012335,-0.0446381463361539,0.1265));
#8282=CARTESIAN_POINT('',(-0.00383100152276696,-0.0447502293181308,0.118));
#8283=CARTESIAN_POINT('',(-0.00383100152276696,-0.0447502293181308,0.1265));
#8284=CARTESIAN_POINT('',(-0.0039721872522116,-0.0448586363016261,0.118));
#8285=CARTESIAN_POINT('',(-0.0039721872522116,-0.0448586363016261,0.1265));
#8286=CARTESIAN_POINT('',(-0.00411970285654575,-0.0449633276894148,0.118));
#8287=CARTESIAN_POINT('',(-0.00411970285654575,-0.0449633276894148,0.1265));
#8288=CARTESIAN_POINT('',(-0.00427329114749964,-0.0450642458016137,0.118));
#8289=CARTESIAN_POINT('',(-0.00427329114749964,-0.0450642458016137,0.1265));
#8290=CARTESIAN_POINT('',(-0.00443273421118847,-0.0451613101871263,0.118));
#8291=CARTESIAN_POINT('',(-0.00443273421118847,-0.0451613101871263,0.1265));
#8292=CARTESIAN_POINT('',(-0.00459780958108523,-0.0452544692147313,0.118));
#8293=CARTESIAN_POINT('',(-0.00459780958108523,-0.0452544692147313,0.1265));
#8294=CARTESIAN_POINT('',(-0.00476842179809923,-0.045343518538071,0.118));
#8295=CARTESIAN_POINT('',(-0.00476842179809923,-0.045343518538071,0.1265));
#8296=CARTESIAN_POINT('',(-0.00494407622890131,-0.0454287983633112,0.118));
#8297=CARTESIAN_POINT('',(-0.00494407622890131,-0.0454287983633112,0.1265));
#8298=CARTESIAN_POINT('',(-0.00506481441082018,-0.0454817859370475,0.118));
#8299=CARTESIAN_POINT('',(-0.00506481441082018,-0.0454817859370475,0.1265));
#8300=CARTESIAN_POINT('',(-0.00512540512956557,-0.045508376988248,0.118));
#8301=CARTESIAN_POINT('',(-0.00512540512956557,-0.045508376988248,0.1265));
#8302=CARTESIAN_POINT('',(-0.00512540512956557,-0.045508376988248,0.118));
#8303=CARTESIAN_POINT('',(-0.00512540512956557,-0.045508376988248,0.118));
#8304=CARTESIAN_POINT('',(-0.0030681176618626,-0.043881082029727,0.118));
#8305=CARTESIAN_POINT('',(-0.00309214183429574,-0.0439277522322882,0.118));
#8306=CARTESIAN_POINT('',(-0.00314041841651942,-0.0440215360193308,0.118));
#8307=CARTESIAN_POINT('',(-0.0032343488770609,-0.0441524054045257,0.118));
#8308=CARTESIAN_POINT('',(-0.00333678346440832,-0.0442798100359468,0.118));
#8309=CARTESIAN_POINT('',(-0.00344885911014418,-0.0444029630399465,0.118));
#8310=CARTESIAN_POINT('',(-0.00356889557304911,-0.0445224079515689,0.118));
#8311=CARTESIAN_POINT('',(-0.00369645232012335,-0.0446381463361539,0.118));
#8312=CARTESIAN_POINT('',(-0.00383100152276696,-0.0447502293181308,0.118));
#8313=CARTESIAN_POINT('',(-0.0039721872522116,-0.0448586363016261,0.118));
#8314=CARTESIAN_POINT('',(-0.00411970285654575,-0.0449633276894148,0.118));
#8315=CARTESIAN_POINT('',(-0.00427329114749964,-0.0450642458016137,0.118));
#8316=CARTESIAN_POINT('',(-0.00443273421118847,-0.0451613101871263,0.118));
#8317=CARTESIAN_POINT('',(-0.00459780958108523,-0.0452544692147313,0.118));
#8318=CARTESIAN_POINT('',(-0.00476842179809923,-0.045343518538071,0.118));
#8319=CARTESIAN_POINT('',(-0.00494407622890131,-0.0454287983633112,0.118));
#8320=CARTESIAN_POINT('',(-0.00506481441082018,-0.0454817859370475,0.118));
#8321=CARTESIAN_POINT('',(-0.00512540512956557,-0.045508376988248,0.118));
#8322=CARTESIAN_POINT('',(-0.00539859929268243,-0.0453506482646314,0.118));
#8323=CARTESIAN_POINT('',(-0.0056717934557993,-0.0451929195410149,0.118));
#8324=CARTESIAN_POINT('',(-0.0056717934557993,-0.0451929195410149,0.118));
#8325=CARTESIAN_POINT('',(-0.00539859929268243,-0.0453506482646314,0.118));
#8326=CARTESIAN_POINT('',(-0.00529115841612127,-0.0425976088518362,0.118));
#8327=CARTESIAN_POINT('',(-0.00529115841612127,-0.0425976088518362,0.1265));
#8328=CARTESIAN_POINT('',(-0.00531956391092249,-0.0426417494967489,0.118));
#8329=CARTESIAN_POINT('',(-0.00531956391092249,-0.0426417494967489,0.1265));
#8330=CARTESIAN_POINT('',(-0.00537664476185258,-0.0427304501368837,0.118));
#8331=CARTESIAN_POINT('',(-0.00537664476185258,-0.0427304501368837,0.1265));
#8332=CARTESIAN_POINT('',(-0.00544301574373834,-0.0428772309944992,0.118));
#8333=CARTESIAN_POINT('',(-0.00544301574373834,-0.0428772309944992,0.1265));
#8334=CARTESIAN_POINT('',(-0.00550213409743505,-0.0430296442650789,0.118));
#8335=CARTESIAN_POINT('',(-0.00550213409743505,-0.0430296442650789,0.1265));
#8336=CARTESIAN_POINT('',(-0.00555274990458332,-0.0431882811234316,0.118));
#8337=CARTESIAN_POINT('',(-0.00555274990458332,-0.0431882811234316,0.1265));
#8338=CARTESIAN_POINT('',(-0.00559617400094855,-0.0433519582054987,0.118));
#8339=CARTESIAN_POINT('',(-0.00559617400094855,-0.0433519582054987,0.1265));
#8340=CARTESIAN_POINT('',(-0.00563262800865502,-0.0435202947811817,0.118));
#8341=CARTESIAN_POINT('',(-0.00563262800865502,-0.0435202947811817,0.1265));
#8342=CARTESIAN_POINT('',(-0.00566242011705714,-0.0436928592997185,0.118));
#8343=CARTESIAN_POINT('',(-0.00566242011705714,-0.0436928592997185,0.1265));
#8344=CARTESIAN_POINT('',(-0.00568571045398945,-0.043869333219817,0.118));
#8345=CARTESIAN_POINT('',(-0.00568571045398945,-0.043869333219817,0.1265));
#8346=CARTESIAN_POINT('',(-0.00570261805320475,-0.0440494311745193,0.118));
#8347=CARTESIAN_POINT('',(-0.00570261805320475,-0.0440494311745193,0.1265));
#8348=CARTESIAN_POINT('',(-0.00571322155659406,-0.0442329015923087,0.118));
#8349=CARTESIAN_POINT('',(-0.00571322155659406,-0.0442329015923087,0.1265));
#8350=CARTESIAN_POINT('',(-0.0057175602484063,-0.0444195155286767,0.118));
#8351=CARTESIAN_POINT('',(-0.0057175602484063,-0.0444195155286767,0.1265));
#8352=CARTESIAN_POINT('',(-0.00571570064795566,-0.044609054506349,0.118));
#8353=CARTESIAN_POINT('',(-0.00571570064795566,-0.044609054506349,0.1265));
#8354=CARTESIAN_POINT('',(-0.00570751351565067,-0.0448013336821489,0.118));
#8355=CARTESIAN_POINT('',(-0.00570751351565067,-0.0448013336821489,0.1265));
#8356=CARTESIAN_POINT('',(-0.00569354079533794,-0.0449960947941309,0.118));
#8357=CARTESIAN_POINT('',(-0.00569354079533794,-0.0449960947941309,0.1265));
#8358=CARTESIAN_POINT('',(-0.00567906028931905,-0.0451271509137476,0.118));
#8359=CARTESIAN_POINT('',(-0.00567906028931905,-0.0451271509137476,0.1265));
#8360=CARTESIAN_POINT('',(-0.0056717934557993,-0.0451929195410149,0.118));
#8361=CARTESIAN_POINT('',(-0.0056717934557993,-0.0451929195410149,0.1265));
#8362=CARTESIAN_POINT('',(-0.00529115841612127,-0.0425976088518362,0.118));
#8363=CARTESIAN_POINT('',(-0.00529115841612127,-0.0425976088518362,0.118));
#8364=CARTESIAN_POINT('',(-0.00529115841612127,-0.0425976088518362,0.118));
#8365=CARTESIAN_POINT('',(-0.00531956391092249,-0.0426417494967489,0.118));
#8366=CARTESIAN_POINT('',(-0.00537664476185258,-0.0427304501368837,0.118));
#8367=CARTESIAN_POINT('',(-0.00544301574373834,-0.0428772309944992,0.118));
#8368=CARTESIAN_POINT('',(-0.00550213409743505,-0.0430296442650789,0.118));
#8369=CARTESIAN_POINT('',(-0.00555274990458332,-0.0431882811234316,0.118));
#8370=CARTESIAN_POINT('',(-0.00559617400094855,-0.0433519582054987,0.118));
#8371=CARTESIAN_POINT('',(-0.00563262800865502,-0.0435202947811817,0.118));
#8372=CARTESIAN_POINT('',(-0.00566242011705714,-0.0436928592997185,0.118));
#8373=CARTESIAN_POINT('',(-0.00568571045398945,-0.043869333219817,0.118));
#8374=CARTESIAN_POINT('',(-0.00570261805320475,-0.0440494311745193,0.118));
#8375=CARTESIAN_POINT('',(-0.00571322155659406,-0.0442329015923087,0.118));
#8376=CARTESIAN_POINT('',(-0.0057175602484063,-0.0444195155286767,0.118));
#8377=CARTESIAN_POINT('',(-0.00571570064795566,-0.044609054506349,0.118));
#8378=CARTESIAN_POINT('',(-0.00570751351565067,-0.0448013336821489,0.118));
#8379=CARTESIAN_POINT('',(-0.00569354079533794,-0.0449960947941309,0.118));
#8380=CARTESIAN_POINT('',(-0.00567906028931905,-0.0451271509137476,0.118));
#8381=CARTESIAN_POINT('',(-0.0056717934557993,-0.0451929195410149,0.118));
#8382=CARTESIAN_POINT('',(-0.0049917180318461,-0.0422242330474241,0.118));
#8383=CARTESIAN_POINT('',(-0.00469227764757094,-0.0418508572430121,0.118));
#8384=CARTESIAN_POINT('',(-0.00469227764757094,-0.0418508572430121,0.118));
#8385=CARTESIAN_POINT('',(-0.0049917180318461,-0.0422242330474241,0.118));
#8386=CARTESIAN_POINT('',(-6.93889390390723E-18,-0.036,0.118));
#8387=CARTESIAN_POINT('',(-0.00585085724301202,-0.0406922776475709,0.118));
#8388=CARTESIAN_POINT('',(-0.00585085724301202,-0.0406922776475709,0.118));
#8389=CARTESIAN_POINT('',(-6.93889390390723E-18,-0.036,0.118));
#8390=CARTESIAN_POINT('',(-0.00622423304742411,-0.0409917180318461,0.118));
#8391=CARTESIAN_POINT('',(-0.00659760885183621,-0.0412911584161213,0.118));
#8392=CARTESIAN_POINT('',(-0.00659760885183621,-0.0412911584161213,0.118));
#8393=CARTESIAN_POINT('',(-0.00622423304742411,-0.0409917180318461,0.118));
#8394=CARTESIAN_POINT('',(-0.00659760885183621,-0.0412911584161213,0.118));
#8395=CARTESIAN_POINT('',(-0.00659760885183621,-0.0412911584161213,0.1265));
#8396=CARTESIAN_POINT('',(-0.00664174949674882,-0.0413195639109225,0.118));
#8397=CARTESIAN_POINT('',(-0.00664174949674882,-0.0413195639109225,0.1265));
#8398=CARTESIAN_POINT('',(-0.00673045013688368,-0.0413766447618526,0.118));
#8399=CARTESIAN_POINT('',(-0.00673045013688368,-0.0413766447618526,0.1265));
#8400=CARTESIAN_POINT('',(-0.00687723099449926,-0.0414430157437384,0.118));
#8401=CARTESIAN_POINT('',(-0.00687723099449926,-0.0414430157437384,0.1265));
#8402=CARTESIAN_POINT('',(-0.00702964426507882,-0.0415021340974351,0.118));
#8403=CARTESIAN_POINT('',(-0.00702964426507882,-0.0415021340974351,0.1265));
#8404=CARTESIAN_POINT('',(-0.00718828112343153,-0.0415527499045833,0.118));
#8405=CARTESIAN_POINT('',(-0.00718828112343153,-0.0415527499045833,0.1265));
#8406=CARTESIAN_POINT('',(-0.00735195820549876,-0.0415961740009485,0.118));
#8407=CARTESIAN_POINT('',(-0.00735195820549876,-0.0415961740009485,0.1265));
#8408=CARTESIAN_POINT('',(-0.00752029478118168,-0.041632628008655,0.118));
#8409=CARTESIAN_POINT('',(-0.00752029478118168,-0.041632628008655,0.1265));
#8410=CARTESIAN_POINT('',(-0.00769285929971844,-0.0416624201170571,0.118));
#8411=CARTESIAN_POINT('',(-0.00769285929971844,-0.0416624201170571,0.1265));
#8412=CARTESIAN_POINT('',(-0.00786933321981703,-0.0416857104539895,0.118));
#8413=CARTESIAN_POINT('',(-0.00786933321981703,-0.0416857104539895,0.1265));
#8414=CARTESIAN_POINT('',(-0.00804943117451931,-0.0417026180532047,0.118));
#8415=CARTESIAN_POINT('',(-0.00804943117451931,-0.0417026180532047,0.1265));
#8416=CARTESIAN_POINT('',(-0.00823290159230869,-0.0417132215565941,0.118));
#8417=CARTESIAN_POINT('',(-0.00823290159230869,-0.0417132215565941,0.1265));
#8418=CARTESIAN_POINT('',(-0.00841951552867675,-0.0417175602484063,0.118));
#8419=CARTESIAN_POINT('',(-0.00841951552867675,-0.0417175602484063,0.1265));
#8420=CARTESIAN_POINT('',(-0.00860905450634892,-0.0417157006479557,0.118));
#8421=CARTESIAN_POINT('',(-0.00860905450634892,-0.0417157006479557,0.1265));
#8422=CARTESIAN_POINT('',(-0.0088013336821489,-0.0417075135156507,0.118));
#8423=CARTESIAN_POINT('',(-0.0088013336821489,-0.0417075135156507,0.1265));
#8424=CARTESIAN_POINT('',(-0.00899609479413089,-0.0416935407953379,0.118));
#8425=CARTESIAN_POINT('',(-0.00899609479413089,-0.0416935407953379,0.1265));
#8426=CARTESIAN_POINT('',(-0.00912715091374753,-0.0416790602893191,0.118));
#8427=CARTESIAN_POINT('',(-0.00912715091374753,-0.0416790602893191,0.1265));
#8428=CARTESIAN_POINT('',(-0.00919291954101484,-0.0416717934557993,0.118));
#8429=CARTESIAN_POINT('',(-0.00919291954101484,-0.0416717934557993,0.1265));
#8430=CARTESIAN_POINT('',(-0.00919291954101484,-0.0416717934557993,0.118));
#8431=CARTESIAN_POINT('',(-0.00919291954101484,-0.0416717934557993,0.118));
#8432=CARTESIAN_POINT('',(-0.00659760885183621,-0.0412911584161213,0.118));
#8433=CARTESIAN_POINT('',(-0.00664174949674882,-0.0413195639109225,0.118));
#8434=CARTESIAN_POINT('',(-0.00673045013688368,-0.0413766447618526,0.118));
#8435=CARTESIAN_POINT('',(-0.00687723099449926,-0.0414430157437384,0.118));
#8436=CARTESIAN_POINT('',(-0.00702964426507882,-0.0415021340974351,0.118));
#8437=CARTESIAN_POINT('',(-0.00718828112343153,-0.0415527499045833,0.118));
#8438=CARTESIAN_POINT('',(-0.00735195820549876,-0.0415961740009485,0.118));
#8439=CARTESIAN_POINT('',(-0.00752029478118168,-0.041632628008655,0.118));
#8440=CARTESIAN_POINT('',(-0.00769285929971844,-0.0416624201170571,0.118));
#8441=CARTESIAN_POINT('',(-0.00786933321981703,-0.0416857104539895,0.118));
#8442=CARTESIAN_POINT('',(-0.00804943117451931,-0.0417026180532047,0.118));
#8443=CARTESIAN_POINT('',(-0.00823290159230869,-0.0417132215565941,0.118));
#8444=CARTESIAN_POINT('',(-0.00841951552867675,-0.0417175602484063,0.118));
#8445=CARTESIAN_POINT('',(-0.00860905450634892,-0.0417157006479557,0.118));
#8446=CARTESIAN_POINT('',(-0.0088013336821489,-0.0417075135156507,0.118));
#8447=CARTESIAN_POINT('',(-0.00899609479413089,-0.0416935407953379,0.118));
#8448=CARTESIAN_POINT('',(-0.00912715091374753,-0.0416790602893191,0.118));
#8449=CARTESIAN_POINT('',(-0.00919291954101484,-0.0416717934557993,0.118));
#8450=CARTESIAN_POINT('',(-0.0093506482646314,-0.0413985992926824,0.118));
#8451=CARTESIAN_POINT('',(-0.00950837698824795,-0.0411254051295656,0.118));
#8452=CARTESIAN_POINT('',(-0.00950837698824795,-0.0411254051295656,0.118));
#8453=CARTESIAN_POINT('',(-0.0093506482646314,-0.0413985992926824,0.118));
#8454=CARTESIAN_POINT('',(-0.00788108202972697,-0.0390681176618626,0.118));
#8455=CARTESIAN_POINT('',(-0.00788108202972697,-0.0390681176618626,0.1265));
#8456=CARTESIAN_POINT('',(-0.0079277522322882,-0.0390921418342957,0.118));
#8457=CARTESIAN_POINT('',(-0.0079277522322882,-0.0390921418342957,0.1265));
#8458=CARTESIAN_POINT('',(-0.00802153601933072,-0.0391404184165195,0.118));
#8459=CARTESIAN_POINT('',(-0.00802153601933072,-0.0391404184165195,0.1265));
#8460=CARTESIAN_POINT('',(-0.00815240540452569,-0.0392343488770609,0.118));
#8461=CARTESIAN_POINT('',(-0.00815240540452569,-0.0392343488770609,0.1265));
#8462=CARTESIAN_POINT('',(-0.00827981003594674,-0.0393367834644083,0.118));
#8463=CARTESIAN_POINT('',(-0.00827981003594674,-0.0393367834644083,0.1265));
#8464=CARTESIAN_POINT('',(-0.00840296303994655,-0.0394488591101442,0.118));
#8465=CARTESIAN_POINT('',(-0.00840296303994655,-0.0394488591101442,0.1265));
#8466=CARTESIAN_POINT('',(-0.00852240795156883,-0.0395688955730491,0.118));
#8467=CARTESIAN_POINT('',(-0.00852240795156883,-0.0395688955730491,0.1265));
#8468=CARTESIAN_POINT('',(-0.00863814633615385,-0.0396964523201234,0.118));
#8469=CARTESIAN_POINT('',(-0.00863814633615385,-0.0396964523201234,0.1265));
#8470=CARTESIAN_POINT('',(-0.00875022931813076,-0.039831001522767,0.118));
#8471=CARTESIAN_POINT('',(-0.00875022931813076,-0.039831001522767,0.1265));
#8472=CARTESIAN_POINT('',(-0.00885863630162614,-0.0399721872522117,0.118));
#8473=CARTESIAN_POINT('',(-0.00885863630162614,-0.0399721872522117,0.1265));
#8474=CARTESIAN_POINT('',(-0.00896332768941473,-0.0401197028565457,0.118));
#8475=CARTESIAN_POINT('',(-0.00896332768941473,-0.0401197028565457,0.1265));
#8476=CARTESIAN_POINT('',(-0.00906424580161368,-0.0402732911474996,0.118));
#8477=CARTESIAN_POINT('',(-0.00906424580161368,-0.0402732911474996,0.1265));
#8478=CARTESIAN_POINT('',(-0.0091613101871263,-0.0404327342111885,0.118));
#8479=CARTESIAN_POINT('',(-0.0091613101871263,-0.0404327342111885,0.1265));
#8480=CARTESIAN_POINT('',(-0.00925446921473124,-0.0405978095810852,0.118));
#8481=CARTESIAN_POINT('',(-0.00925446921473124,-0.0405978095810852,0.1265));
#8482=CARTESIAN_POINT('',(-0.00934351853807097,-0.0407684217980993,0.118));
#8483=CARTESIAN_POINT('',(-0.00934351853807097,-0.0407684217980993,0.1265));
#8484=CARTESIAN_POINT('',(-0.00942879836331117,-0.0409440762289013,0.118));
#8485=CARTESIAN_POINT('',(-0.00942879836331117,-0.0409440762289013,0.1265));
#8486=CARTESIAN_POINT('',(-0.00948178593704747,-0.0410648144108202,0.118));
#8487=CARTESIAN_POINT('',(-0.00948178593704747,-0.0410648144108202,0.1265));
#8488=CARTESIAN_POINT('',(-0.00950837698824795,-0.0411254051295656,0.118));
#8489=CARTESIAN_POINT('',(-0.00950837698824795,-0.0411254051295656,0.1265));
#8490=CARTESIAN_POINT('',(-0.00788108202972697,-0.0390681176618626,0.118));
#8491=CARTESIAN_POINT('',(-0.00788108202972697,-0.0390681176618626,0.118));
#8492=CARTESIAN_POINT('',(-0.00788108202972697,-0.0390681176618626,0.118));
#8493=CARTESIAN_POINT('',(-0.0079277522322882,-0.0390921418342957,0.118));
#8494=CARTESIAN_POINT('',(-0.00802153601933072,-0.0391404184165195,0.118));
#8495=CARTESIAN_POINT('',(-0.00815240540452569,-0.0392343488770609,0.118));
#8496=CARTESIAN_POINT('',(-0.00827981003594674,-0.0393367834644083,0.118));
#8497=CARTESIAN_POINT('',(-0.00840296303994655,-0.0394488591101442,0.118));
#8498=CARTESIAN_POINT('',(-0.00852240795156883,-0.0395688955730491,0.118));
#8499=CARTESIAN_POINT('',(-0.00863814633615385,-0.0396964523201234,0.118));
#8500=CARTESIAN_POINT('',(-0.00875022931813076,-0.039831001522767,0.118));
#8501=CARTESIAN_POINT('',(-0.00885863630162614,-0.0399721872522117,0.118));
#8502=CARTESIAN_POINT('',(-0.00896332768941473,-0.0401197028565457,0.118));
#8503=CARTESIAN_POINT('',(-0.00906424580161368,-0.0402732911474996,0.118));
#8504=CARTESIAN_POINT('',(-0.0091613101871263,-0.0404327342111885,0.118));
#8505=CARTESIAN_POINT('',(-0.00925446921473124,-0.0405978095810852,0.118));
#8506=CARTESIAN_POINT('',(-0.00934351853807097,-0.0407684217980993,0.118));
#8507=CARTESIAN_POINT('',(-0.00942879836331117,-0.0409440762289013,0.118));
#8508=CARTESIAN_POINT('',(-0.00948178593704747,-0.0410648144108202,0.118));
#8509=CARTESIAN_POINT('',(-0.00950837698824795,-0.0411254051295656,0.118));
#8510=CARTESIAN_POINT('',(-0.00743507114781965,-0.0388944849222209,0.118));
#8511=CARTESIAN_POINT('',(-0.00698906026591233,-0.0387208521825792,0.118));
#8512=CARTESIAN_POINT('',(-0.00698906026591233,-0.0387208521825792,0.118));
#8513=CARTESIAN_POINT('',(-0.00743507114781965,-0.0388944849222209,0.118));
#8514=CARTESIAN_POINT('',(-6.93889390390723E-18,-0.036,0.118));
#8515=CARTESIAN_POINT('',(-0.00741312983015006,-0.0371382030229003,0.118));
#8516=CARTESIAN_POINT('',(-0.00741312983015006,-0.0371382030229003,0.118));
#8517=CARTESIAN_POINT('',(-6.93889390390723E-18,-0.036,0.118));
#8518=CARTESIAN_POINT('',(-0.00788620295406698,-0.0372108381003955,0.118));
#8519=CARTESIAN_POINT('',(-0.00835927607798389,-0.0372834731778908,0.118));
#8520=CARTESIAN_POINT('',(-0.00835927607798389,-0.0372834731778908,0.118));
#8521=CARTESIAN_POINT('',(-0.00788620295406698,-0.0372108381003955,0.118));
#8522=CARTESIAN_POINT('',(-0.00835927607798389,-0.0372834731778908,0.118));
#8523=CARTESIAN_POINT('',(-0.00835927607798389,-0.0372834731778908,0.1265));
#8524=CARTESIAN_POINT('',(-0.00841170574521825,-0.0372860027355394,0.118));
#8525=CARTESIAN_POINT('',(-0.00841170574521825,-0.0372860027355394,0.1265));
#8526=CARTESIAN_POINT('',(-0.00851706317837202,-0.037291085882447,0.118));
#8527=CARTESIAN_POINT('',(-0.00851706317837202,-0.037291085882447,0.1265));
#8528=CARTESIAN_POINT('',(-0.00867736462079925,-0.0372751744100265,0.118));
#8529=CARTESIAN_POINT('',(-0.00867736462079925,-0.0372751744100265,0.1265));
#8530=CARTESIAN_POINT('',(-0.00883891756184338,-0.0372501657708679,0.118));
#8531=CARTESIAN_POINT('',(-0.00883891756184338,-0.0372501657708679,0.1265));
#8532=CARTESIAN_POINT('',(-0.00900160901472753,-0.0372146819165151,0.118));
#8533=CARTESIAN_POINT('',(-0.00900160901472753,-0.0372146819165151,0.1265));
#8534=CARTESIAN_POINT('',(-0.00916506957399766,-0.0371704497460701,0.118));
#8535=CARTESIAN_POINT('',(-0.00916506957399766,-0.0371704497460701,0.1265));
#8536=CARTESIAN_POINT('',(-0.00932908032877839,-0.0371178515549722,0.118));
#8537=CARTESIAN_POINT('',(-0.00932908032877839,-0.0371178515549722,0.1265));
#8538=CARTESIAN_POINT('',(-0.00949342163982412,-0.0370573700184123,0.118));
#8539=CARTESIAN_POINT('',(-0.00949342163982412,-0.0370573700184123,0.1265));
#8540=CARTESIAN_POINT('',(-0.00965789770620107,-0.0369893030818092,0.118));
#8541=CARTESIAN_POINT('',(-0.00965789770620107,-0.0369893030818092,0.1265));
#8542=CARTESIAN_POINT('',(-0.00982232090975052,-0.0369138965148955,0.118));
#8543=CARTESIAN_POINT('',(-0.00982232090975052,-0.0369138965148955,0.1265));
#8544=CARTESIAN_POINT('',(-0.00998651270409373,-0.036831344209305,0.118));
#8545=CARTESIAN_POINT('',(-0.00998651270409373,-0.036831344209305,0.1265));
#8546=CARTESIAN_POINT('',(-0.0101502944595948,-0.0367417946584496,0.118));
#8547=CARTESIAN_POINT('',(-0.0101502944595948,-0.0367417946584496,0.1265));
#8548=CARTESIAN_POINT('',(-0.0103135102290409,-0.0366454147083823,0.118));
#8549=CARTESIAN_POINT('',(-0.0103135102290409,-0.0366454147083823,0.1265));
#8550=CARTESIAN_POINT('',(-0.0104759353137499,-0.0365421848559221,0.118));
#8551=CARTESIAN_POINT('',(-0.0104759353137499,-0.0365421848559221,0.1265));
#8552=CARTESIAN_POINT('',(-0.0106376170242393,-0.0364327035691803,0.118));
#8553=CARTESIAN_POINT('',(-0.0106376170242393,-0.0364327035691803,0.1265));
#8554=CARTESIAN_POINT('',(-0.0107438747001392,-0.0363546350233,0.118));
#8555=CARTESIAN_POINT('',(-0.0107438747001392,-0.0363546350233,0.1265));
#8556=CARTESIAN_POINT('',(-0.0107971985853649,-0.0363154574472331,0.118));
#8557=CARTESIAN_POINT('',(-0.0107971985853649,-0.0363154574472331,0.1265));
#8558=CARTESIAN_POINT('',(-0.0107971985853649,-0.0363154574472331,0.118));
#8559=CARTESIAN_POINT('',(-0.0107971985853649,-0.0363154574472331,0.118));
#8560=CARTESIAN_POINT('',(-0.00835927607798389,-0.0372834731778908,0.118));
#8561=CARTESIAN_POINT('',(-0.00841170574521825,-0.0372860027355394,0.118));
#8562=CARTESIAN_POINT('',(-0.00851706317837202,-0.037291085882447,0.118));
#8563=CARTESIAN_POINT('',(-0.00867736462079925,-0.0372751744100265,0.118));
#8564=CARTESIAN_POINT('',(-0.00883891756184338,-0.0372501657708679,0.118));
#8565=CARTESIAN_POINT('',(-0.00900160901472753,-0.0372146819165151,0.118));
#8566=CARTESIAN_POINT('',(-0.00916506957399766,-0.0371704497460701,0.118));
#8567=CARTESIAN_POINT('',(-0.00932908032877839,-0.0371178515549722,0.118));
#8568=CARTESIAN_POINT('',(-0.00949342163982412,-0.0370573700184123,0.118));
#8569=CARTESIAN_POINT('',(-0.00965789770620107,-0.0369893030818092,0.118));
#8570=CARTESIAN_POINT('',(-0.00982232090975052,-0.0369138965148955,0.118));
#8571=CARTESIAN_POINT('',(-0.00998651270409373,-0.036831344209305,0.118));
#8572=CARTESIAN_POINT('',(-0.0101502944595948,-0.0367417946584496,0.118));
#8573=CARTESIAN_POINT('',(-0.0103135102290409,-0.0366454147083823,0.118));
#8574=CARTESIAN_POINT('',(-0.0104759353137499,-0.0365421848559221,0.118));
#8575=CARTESIAN_POINT('',(-0.0106376170242393,-0.0364327035691803,0.118));
#8576=CARTESIAN_POINT('',(-0.0107438747001392,-0.0363546350233,0.118));
#8577=CARTESIAN_POINT('',(-0.0107971985853649,-0.0363154574472331,0.118));
#8578=CARTESIAN_POINT('',(-0.0107971985853649,-0.036,0.118));
#8579=CARTESIAN_POINT('',(-0.0107971985853649,-0.0356845425527669,0.118));
#8580=CARTESIAN_POINT('',(-0.0107971985853649,-0.0356845425527669,0.118));
#8581=CARTESIAN_POINT('',(-0.0107971985853649,-0.036,0.118));
#8582=CARTESIAN_POINT('',(-0.00835927607798389,-0.0347165268221093,0.118));
#8583=CARTESIAN_POINT('',(-0.00835927607798389,-0.0347165268221093,0.1265));
#8584=CARTESIAN_POINT('',(-0.00841170574521825,-0.0347139972644607,0.118));
#8585=CARTESIAN_POINT('',(-0.00841170574521825,-0.0347139972644607,0.1265));
#8586=CARTESIAN_POINT('',(-0.00851706317837203,-0.034708914117553,0.118));
#8587=CARTESIAN_POINT('',(-0.00851706317837203,-0.034708914117553,0.1265));
#8588=CARTESIAN_POINT('',(-0.00867736462079926,-0.0347248255899736,0.118));
#8589=CARTESIAN_POINT('',(-0.00867736462079926,-0.0347248255899736,0.1265));
#8590=CARTESIAN_POINT('',(-0.00883891756184339,-0.0347498342291321,0.118));
#8591=CARTESIAN_POINT('',(-0.00883891756184339,-0.0347498342291321,0.1265));
#8592=CARTESIAN_POINT('',(-0.00900160901472753,-0.034785318083485,0.118));
#8593=CARTESIAN_POINT('',(-0.00900160901472753,-0.034785318083485,0.1265));
#8594=CARTESIAN_POINT('',(-0.00916506957399767,-0.03482955025393,0.118));
#8595=CARTESIAN_POINT('',(-0.00916506957399767,-0.03482955025393,0.1265));
#8596=CARTESIAN_POINT('',(-0.00932908032877839,-0.0348821484450278,0.118));
#8597=CARTESIAN_POINT('',(-0.00932908032877839,-0.0348821484450278,0.1265));
#8598=CARTESIAN_POINT('',(-0.00949342163982412,-0.0349426299815877,0.118));
#8599=CARTESIAN_POINT('',(-0.00949342163982412,-0.0349426299815877,0.1265));
#8600=CARTESIAN_POINT('',(-0.00965789770620107,-0.0350106969181909,0.118));
#8601=CARTESIAN_POINT('',(-0.00965789770620107,-0.0350106969181909,0.1265));
#8602=CARTESIAN_POINT('',(-0.00982232090975052,-0.0350861034851046,0.118));
#8603=CARTESIAN_POINT('',(-0.00982232090975052,-0.0350861034851046,0.1265));
#8604=CARTESIAN_POINT('',(-0.00998651270409373,-0.0351686557906951,0.118));
#8605=CARTESIAN_POINT('',(-0.00998651270409373,-0.0351686557906951,0.1265));
#8606=CARTESIAN_POINT('',(-0.0101502944595948,-0.0352582053415505,0.118));
#8607=CARTESIAN_POINT('',(-0.0101502944595948,-0.0352582053415505,0.1265));
#8608=CARTESIAN_POINT('',(-0.0103135102290409,-0.0353545852916177,0.118));
#8609=CARTESIAN_POINT('',(-0.0103135102290409,-0.0353545852916177,0.1265));
#8610=CARTESIAN_POINT('',(-0.0104759353137499,-0.0354578151440779,0.118));
#8611=CARTESIAN_POINT('',(-0.0104759353137499,-0.0354578151440779,0.1265));
#8612=CARTESIAN_POINT('',(-0.0106376170242393,-0.0355672964308197,0.118));
#8613=CARTESIAN_POINT('',(-0.0106376170242393,-0.0355672964308197,0.1265));
#8614=CARTESIAN_POINT('',(-0.0107438747001392,-0.0356453649767001,0.118));
#8615=CARTESIAN_POINT('',(-0.0107438747001392,-0.0356453649767001,0.1265));
#8616=CARTESIAN_POINT('',(-0.0107971985853649,-0.0356845425527669,0.118));
#8617=CARTESIAN_POINT('',(-0.0107971985853649,-0.0356845425527669,0.1265));
#8618=CARTESIAN_POINT('',(-0.00835927607798389,-0.0347165268221093,0.118));
#8619=CARTESIAN_POINT('',(-0.00835927607798389,-0.0347165268221093,0.118));
#8620=CARTESIAN_POINT('',(-0.00835927607798389,-0.0347165268221093,0.118));
#8621=CARTESIAN_POINT('',(-0.00841170574521825,-0.0347139972644607,0.118));
#8622=CARTESIAN_POINT('',(-0.00851706317837203,-0.034708914117553,0.118));
#8623=CARTESIAN_POINT('',(-0.00867736462079926,-0.0347248255899736,0.118));
#8624=CARTESIAN_POINT('',(-0.00883891756184339,-0.0347498342291321,0.118));
#8625=CARTESIAN_POINT('',(-0.00900160901472753,-0.034785318083485,0.118));
#8626=CARTESIAN_POINT('',(-0.00916506957399767,-0.03482955025393,0.118));
#8627=CARTESIAN_POINT('',(-0.00932908032877839,-0.0348821484450278,0.118));
#8628=CARTESIAN_POINT('',(-0.00949342163982412,-0.0349426299815877,0.118));
#8629=CARTESIAN_POINT('',(-0.00965789770620107,-0.0350106969181909,0.118));
#8630=CARTESIAN_POINT('',(-0.00982232090975052,-0.0350861034851046,0.118));
#8631=CARTESIAN_POINT('',(-0.00998651270409373,-0.0351686557906951,0.118));
#8632=CARTESIAN_POINT('',(-0.0101502944595948,-0.0352582053415505,0.118));
#8633=CARTESIAN_POINT('',(-0.0103135102290409,-0.0353545852916177,0.118));
#8634=CARTESIAN_POINT('',(-0.0104759353137499,-0.0354578151440779,0.118));
#8635=CARTESIAN_POINT('',(-0.0106376170242393,-0.0355672964308197,0.118));
#8636=CARTESIAN_POINT('',(-0.0107438747001392,-0.0356453649767001,0.118));
#8637=CARTESIAN_POINT('',(-0.0107971985853649,-0.0356845425527669,0.118));
#8638=CARTESIAN_POINT('',(-0.00788620295406698,-0.0347891618996045,0.118));
#8639=CARTESIAN_POINT('',(-0.00741312983015007,-0.0348617969770997,0.118));
#8640=CARTESIAN_POINT('',(-0.00741312983015007,-0.0348617969770997,0.118));
#8641=CARTESIAN_POINT('',(-0.00788620295406698,-0.0347891618996045,0.118));
#8642=CARTESIAN_POINT('',(-6.93889390390723E-18,-0.036,0.118));
#8643=CARTESIAN_POINT('',(-0.00698906026591234,-0.0332791478174209,0.118));
#8644=CARTESIAN_POINT('',(-0.00698906026591234,-0.0332791478174209,0.118));
#8645=CARTESIAN_POINT('',(-6.93889390390723E-18,-0.036,0.118));
#8646=CARTESIAN_POINT('',(-0.00743507114781966,-0.0331055150777792,0.118));
#8647=CARTESIAN_POINT('',(-0.00788108202972699,-0.0329318823381374,0.118));
#8648=CARTESIAN_POINT('',(-0.00788108202972699,-0.0329318823381374,0.118));
#8649=CARTESIAN_POINT('',(-0.00743507114781966,-0.0331055150777792,0.118));
#8650=CARTESIAN_POINT('',(-0.00788108202972699,-0.0329318823381374,0.118));
#8651=CARTESIAN_POINT('',(-0.00788108202972699,-0.0329318823381374,0.1265));
#8652=CARTESIAN_POINT('',(-0.00792775223228822,-0.0329078581657042,0.118));
#8653=CARTESIAN_POINT('',(-0.00792775223228822,-0.0329078581657042,0.1265));
#8654=CARTESIAN_POINT('',(-0.00802153601933074,-0.0328595815834806,0.118));
#8655=CARTESIAN_POINT('',(-0.00802153601933074,-0.0328595815834806,0.1265));
#8656=CARTESIAN_POINT('',(-0.0081524054045257,-0.0327656511229391,0.118));
#8657=CARTESIAN_POINT('',(-0.0081524054045257,-0.0327656511229391,0.1265));
#8658=CARTESIAN_POINT('',(-0.00827981003594675,-0.0326632165355917,0.118));
#8659=CARTESIAN_POINT('',(-0.00827981003594675,-0.0326632165355917,0.1265));
#8660=CARTESIAN_POINT('',(-0.00840296303994657,-0.0325511408898558,0.118));
#8661=CARTESIAN_POINT('',(-0.00840296303994657,-0.0325511408898558,0.1265));
#8662=CARTESIAN_POINT('',(-0.00852240795156884,-0.0324311044269509,0.118));
#8663=CARTESIAN_POINT('',(-0.00852240795156884,-0.0324311044269509,0.1265));
#8664=CARTESIAN_POINT('',(-0.00863814633615386,-0.0323035476798766,0.118));
#8665=CARTESIAN_POINT('',(-0.00863814633615386,-0.0323035476798766,0.1265));
#8666=CARTESIAN_POINT('',(-0.00875022931813078,-0.0321689984772331,0.118));
#8667=CARTESIAN_POINT('',(-0.00875022931813078,-0.0321689984772331,0.1265));
#8668=CARTESIAN_POINT('',(-0.00885863630162615,-0.0320278127477884,0.118));
#8669=CARTESIAN_POINT('',(-0.00885863630162615,-0.0320278127477884,0.1265));
#8670=CARTESIAN_POINT('',(-0.00896332768941476,-0.0318802971434543,0.118));
#8671=CARTESIAN_POINT('',(-0.00896332768941476,-0.0318802971434543,0.1265));
#8672=CARTESIAN_POINT('',(-0.0090642458016137,-0.0317267088525004,0.118));
#8673=CARTESIAN_POINT('',(-0.0090642458016137,-0.0317267088525004,0.1265));
#8674=CARTESIAN_POINT('',(-0.00916131018712632,-0.0315672657888115,0.118));
#8675=CARTESIAN_POINT('',(-0.00916131018712632,-0.0315672657888115,0.1265));
#8676=CARTESIAN_POINT('',(-0.00925446921473126,-0.0314021904189148,0.118));
#8677=CARTESIAN_POINT('',(-0.00925446921473126,-0.0314021904189148,0.1265));
#8678=CARTESIAN_POINT('',(-0.00934351853807099,-0.0312315782019007,0.118));
#8679=CARTESIAN_POINT('',(-0.00934351853807099,-0.0312315782019007,0.1265));
#8680=CARTESIAN_POINT('',(-0.00942879836331119,-0.0310559237710987,0.118));
#8681=CARTESIAN_POINT('',(-0.00942879836331119,-0.0310559237710987,0.1265));
#8682=CARTESIAN_POINT('',(-0.0094817859370475,-0.0309351855891799,0.118));
#8683=CARTESIAN_POINT('',(-0.0094817859370475,-0.0309351855891799,0.1265));
#8684=CARTESIAN_POINT('',(-0.00950837698824798,-0.0308745948704344,0.118));
#8685=CARTESIAN_POINT('',(-0.00950837698824798,-0.0308745948704344,0.1265));
#8686=CARTESIAN_POINT('',(-0.00950837698824798,-0.0308745948704344,0.118));
#8687=CARTESIAN_POINT('',(-0.00950837698824798,-0.0308745948704344,0.118));
#8688=CARTESIAN_POINT('',(-0.00788108202972699,-0.0329318823381374,0.118));
#8689=CARTESIAN_POINT('',(-0.00792775223228822,-0.0329078581657042,0.118));
#8690=CARTESIAN_POINT('',(-0.00802153601933074,-0.0328595815834806,0.118));
#8691=CARTESIAN_POINT('',(-0.0081524054045257,-0.0327656511229391,0.118));
#8692=CARTESIAN_POINT('',(-0.00827981003594675,-0.0326632165355917,0.118));
#8693=CARTESIAN_POINT('',(-0.00840296303994657,-0.0325511408898558,0.118));
#8694=CARTESIAN_POINT('',(-0.00852240795156884,-0.0324311044269509,0.118));
#8695=CARTESIAN_POINT('',(-0.00863814633615386,-0.0323035476798766,0.118));
#8696=CARTESIAN_POINT('',(-0.00875022931813078,-0.0321689984772331,0.118));
#8697=CARTESIAN_POINT('',(-0.00885863630162615,-0.0320278127477884,0.118));
#8698=CARTESIAN_POINT('',(-0.00896332768941476,-0.0318802971434543,0.118));
#8699=CARTESIAN_POINT('',(-0.0090642458016137,-0.0317267088525004,0.118));
#8700=CARTESIAN_POINT('',(-0.00916131018712632,-0.0315672657888115,0.118));
#8701=CARTESIAN_POINT('',(-0.00925446921473126,-0.0314021904189148,0.118));
#8702=CARTESIAN_POINT('',(-0.00934351853807099,-0.0312315782019007,0.118));
#8703=CARTESIAN_POINT('',(-0.00942879836331119,-0.0310559237710987,0.118));
#8704=CARTESIAN_POINT('',(-0.0094817859370475,-0.0309351855891799,0.118));
#8705=CARTESIAN_POINT('',(-0.00950837698824798,-0.0308745948704344,0.118));
#8706=CARTESIAN_POINT('',(-0.00935064826463142,-0.0306014007073175,0.118));
#8707=CARTESIAN_POINT('',(-0.00919291954101487,-0.0303282065442007,0.118));
#8708=CARTESIAN_POINT('',(-0.00919291954101487,-0.0303282065442007,0.118));
#8709=CARTESIAN_POINT('',(-0.00935064826463142,-0.0306014007073175,0.118));
#8710=CARTESIAN_POINT('',(-0.00659760885183624,-0.0307088415838788,0.118));
#8711=CARTESIAN_POINT('',(-0.00659760885183624,-0.0307088415838788,0.1265));
#8712=CARTESIAN_POINT('',(-0.00664174949674885,-0.0306804360890775,0.118));
#8713=CARTESIAN_POINT('',(-0.00664174949674885,-0.0306804360890775,0.1265));
#8714=CARTESIAN_POINT('',(-0.00673045013688371,-0.0306233552381474,0.118));
#8715=CARTESIAN_POINT('',(-0.00673045013688371,-0.0306233552381474,0.1265));
#8716=CARTESIAN_POINT('',(-0.00687723099449928,-0.0305569842562617,0.118));
#8717=CARTESIAN_POINT('',(-0.00687723099449928,-0.0305569842562617,0.1265));
#8718=CARTESIAN_POINT('',(-0.00702964426507885,-0.030497865902565,0.118));
#8719=CARTESIAN_POINT('',(-0.00702964426507885,-0.030497865902565,0.1265));
#8720=CARTESIAN_POINT('',(-0.00718828112343157,-0.0304472500954167,0.118));
#8721=CARTESIAN_POINT('',(-0.00718828112343157,-0.0304472500954167,0.1265));
#8722=CARTESIAN_POINT('',(-0.00735195820549878,-0.0304038259990515,0.118));
#8723=CARTESIAN_POINT('',(-0.00735195820549878,-0.0304038259990515,0.1265));
#8724=CARTESIAN_POINT('',(-0.00752029478118171,-0.030367371991345,0.118));
#8725=CARTESIAN_POINT('',(-0.00752029478118171,-0.030367371991345,0.1265));
#8726=CARTESIAN_POINT('',(-0.00769285929971847,-0.0303375798829429,0.118));
#8727=CARTESIAN_POINT('',(-0.00769285929971847,-0.0303375798829429,0.1265));
#8728=CARTESIAN_POINT('',(-0.00786933321981705,-0.0303142895460106,0.118));
#8729=CARTESIAN_POINT('',(-0.00786933321981705,-0.0303142895460106,0.1265));
#8730=CARTESIAN_POINT('',(-0.00804943117451933,-0.0302973819467953,0.118));
#8731=CARTESIAN_POINT('',(-0.00804943117451933,-0.0302973819467953,0.1265));
#8732=CARTESIAN_POINT('',(-0.00823290159230872,-0.0302867784434059,0.118));
#8733=CARTESIAN_POINT('',(-0.00823290159230872,-0.0302867784434059,0.1265));
#8734=CARTESIAN_POINT('',(-0.00841951552867678,-0.0302824397515937,0.118));
#8735=CARTESIAN_POINT('',(-0.00841951552867678,-0.0302824397515937,0.1265));
#8736=CARTESIAN_POINT('',(-0.00860905450634895,-0.0302842993520444,0.118));
#8737=CARTESIAN_POINT('',(-0.00860905450634895,-0.0302842993520444,0.1265));
#8738=CARTESIAN_POINT('',(-0.00880133368214893,-0.0302924864843493,0.118));
#8739=CARTESIAN_POINT('',(-0.00880133368214893,-0.0302924864843493,0.1265));
#8740=CARTESIAN_POINT('',(-0.00899609479413092,-0.030306459204662,0.118));
#8741=CARTESIAN_POINT('',(-0.00899609479413092,-0.030306459204662,0.1265));
#8742=CARTESIAN_POINT('',(-0.00912715091374756,-0.0303209397106809,0.118));
#8743=CARTESIAN_POINT('',(-0.00912715091374756,-0.0303209397106809,0.1265));
#8744=CARTESIAN_POINT('',(-0.00919291954101487,-0.0303282065442007,0.118));
#8745=CARTESIAN_POINT('',(-0.00919291954101487,-0.0303282065442007,0.1265));
#8746=CARTESIAN_POINT('',(-0.00659760885183624,-0.0307088415838788,0.118));
#8747=CARTESIAN_POINT('',(-0.00659760885183624,-0.0307088415838788,0.118));
#8748=CARTESIAN_POINT('',(-0.00659760885183624,-0.0307088415838788,0.118));
#8749=CARTESIAN_POINT('',(-0.00664174949674885,-0.0306804360890775,0.118));
#8750=CARTESIAN_POINT('',(-0.00673045013688371,-0.0306233552381474,0.118));
#8751=CARTESIAN_POINT('',(-0.00687723099449928,-0.0305569842562617,0.118));
#8752=CARTESIAN_POINT('',(-0.00702964426507885,-0.030497865902565,0.118));
#8753=CARTESIAN_POINT('',(-0.00718828112343157,-0.0304472500954167,0.118));
#8754=CARTESIAN_POINT('',(-0.00735195820549878,-0.0304038259990515,0.118));
#8755=CARTESIAN_POINT('',(-0.00752029478118171,-0.030367371991345,0.118));
#8756=CARTESIAN_POINT('',(-0.00769285929971847,-0.0303375798829429,0.118));
#8757=CARTESIAN_POINT('',(-0.00786933321981705,-0.0303142895460106,0.118));
#8758=CARTESIAN_POINT('',(-0.00804943117451933,-0.0302973819467953,0.118));
#8759=CARTESIAN_POINT('',(-0.00823290159230872,-0.0302867784434059,0.118));
#8760=CARTESIAN_POINT('',(-0.00841951552867678,-0.0302824397515937,0.118));
#8761=CARTESIAN_POINT('',(-0.00860905450634895,-0.0302842993520444,0.118));
#8762=CARTESIAN_POINT('',(-0.00880133368214893,-0.0302924864843493,0.118));
#8763=CARTESIAN_POINT('',(-0.00899609479413092,-0.030306459204662,0.118));
#8764=CARTESIAN_POINT('',(-0.00912715091374756,-0.0303209397106809,0.118));
#8765=CARTESIAN_POINT('',(-0.00919291954101487,-0.0303282065442007,0.118));
#8766=CARTESIAN_POINT('',(-0.00622423304742414,-0.0310082819681539,0.118));
#8767=CARTESIAN_POINT('',(-0.00585085724301204,-0.031307722352429,0.118));
#8768=CARTESIAN_POINT('',(-0.00585085724301204,-0.031307722352429,0.118));
#8769=CARTESIAN_POINT('',(-0.00622423304742414,-0.0310082819681539,0.118));
#8770=CARTESIAN_POINT('',(-6.93889390390723E-18,-0.036,0.118));
#8771=CARTESIAN_POINT('',(-0.00469227764757095,-0.030149142756988,0.118));
#8772=CARTESIAN_POINT('',(-0.00469227764757095,-0.030149142756988,0.118));
#8773=CARTESIAN_POINT('',(-6.93889390390723E-18,-0.036,0.118));
#8774=CARTESIAN_POINT('',(-0.00499171803184613,-0.0297757669525759,0.118));
#8775=CARTESIAN_POINT('',(-0.00529115841612131,-0.0294023911481638,0.118));
#8776=CARTESIAN_POINT('',(-0.00529115841612131,-0.0294023911481638,0.118));
#8777=CARTESIAN_POINT('',(-0.00499171803184613,-0.0297757669525759,0.118));
#8778=CARTESIAN_POINT('',(-0.00529115841612131,-0.0294023911481638,0.118));
#8779=CARTESIAN_POINT('',(-0.00529115841612131,-0.0294023911481638,0.1265));
#8780=CARTESIAN_POINT('',(-0.00531956391092252,-0.0293582505032512,0.118));
#8781=CARTESIAN_POINT('',(-0.00531956391092252,-0.0293582505032512,0.1265));
#8782=CARTESIAN_POINT('',(-0.00537664476185262,-0.0292695498631163,0.118));
#8783=CARTESIAN_POINT('',(-0.00537664476185262,-0.0292695498631163,0.1265));
#8784=CARTESIAN_POINT('',(-0.00544301574373837,-0.0291227690055007,0.118));
#8785=CARTESIAN_POINT('',(-0.00544301574373837,-0.0291227690055007,0.1265));
#8786=CARTESIAN_POINT('',(-0.00550213409743508,-0.0289703557349212,0.118));
#8787=CARTESIAN_POINT('',(-0.00550213409743508,-0.0289703557349212,0.1265));
#8788=CARTESIAN_POINT('',(-0.00555274990458336,-0.0288117188765684,0.118));
#8789=CARTESIAN_POINT('',(-0.00555274990458336,-0.0288117188765684,0.1265));
#8790=CARTESIAN_POINT('',(-0.00559617400094857,-0.0286480417945013,0.118));
#8791=CARTESIAN_POINT('',(-0.00559617400094857,-0.0286480417945013,0.1265));
#8792=CARTESIAN_POINT('',(-0.00563262800865505,-0.0284797052188183,0.118));
#8793=CARTESIAN_POINT('',(-0.00563262800865505,-0.0284797052188183,0.1265));
#8794=CARTESIAN_POINT('',(-0.00566242011705716,-0.0283071407002815,0.118));
#8795=CARTESIAN_POINT('',(-0.00566242011705716,-0.0283071407002815,0.1265));
#8796=CARTESIAN_POINT('',(-0.00568571045398948,-0.028130666780183,0.118));
#8797=CARTESIAN_POINT('',(-0.00568571045398948,-0.028130666780183,0.1265));
#8798=CARTESIAN_POINT('',(-0.00570261805320478,-0.0279505688254807,0.118));
#8799=CARTESIAN_POINT('',(-0.00570261805320478,-0.0279505688254807,0.1265));
#8800=CARTESIAN_POINT('',(-0.0057132215565941,-0.0277670984076913,0.118));
#8801=CARTESIAN_POINT('',(-0.0057132215565941,-0.0277670984076913,0.1265));
#8802=CARTESIAN_POINT('',(-0.00571756024840633,-0.0275804844713233,0.118));
#8803=CARTESIAN_POINT('',(-0.00571756024840633,-0.0275804844713233,0.1265));
#8804=CARTESIAN_POINT('',(-0.00571570064795569,-0.0273909454936511,0.118));
#8805=CARTESIAN_POINT('',(-0.00571570064795569,-0.0273909454936511,0.1265));
#8806=CARTESIAN_POINT('',(-0.0057075135156507,-0.0271986663178511,0.118));
#8807=CARTESIAN_POINT('',(-0.0057075135156507,-0.0271986663178511,0.1265));
#8808=CARTESIAN_POINT('',(-0.00569354079533798,-0.0270039052058691,0.118));
#8809=CARTESIAN_POINT('',(-0.00569354079533798,-0.0270039052058691,0.1265));
#8810=CARTESIAN_POINT('',(-0.00567906028931908,-0.0268728490862525,0.118));
#8811=CARTESIAN_POINT('',(-0.00567906028931908,-0.0268728490862525,0.1265));
#8812=CARTESIAN_POINT('',(-0.00567179345579934,-0.0268070804589851,0.118));
#8813=CARTESIAN_POINT('',(-0.00567179345579934,-0.0268070804589851,0.1265));
#8814=CARTESIAN_POINT('',(-0.00567179345579934,-0.0268070804589851,0.118));
#8815=CARTESIAN_POINT('',(-0.00567179345579934,-0.0268070804589851,0.118));
#8816=CARTESIAN_POINT('',(-0.00529115841612131,-0.0294023911481638,0.118));
#8817=CARTESIAN_POINT('',(-0.00531956391092252,-0.0293582505032512,0.118));
#8818=CARTESIAN_POINT('',(-0.00537664476185262,-0.0292695498631163,0.118));
#8819=CARTESIAN_POINT('',(-0.00544301574373837,-0.0291227690055007,0.118));
#8820=CARTESIAN_POINT('',(-0.00550213409743508,-0.0289703557349212,0.118));
#8821=CARTESIAN_POINT('',(-0.00555274990458336,-0.0288117188765684,0.118));
#8822=CARTESIAN_POINT('',(-0.00559617400094857,-0.0286480417945013,0.118));
#8823=CARTESIAN_POINT('',(-0.00563262800865505,-0.0284797052188183,0.118));
#8824=CARTESIAN_POINT('',(-0.00566242011705716,-0.0283071407002815,0.118));
#8825=CARTESIAN_POINT('',(-0.00568571045398948,-0.028130666780183,0.118));
#8826=CARTESIAN_POINT('',(-0.00570261805320478,-0.0279505688254807,0.118));
#8827=CARTESIAN_POINT('',(-0.0057132215565941,-0.0277670984076913,0.118));
#8828=CARTESIAN_POINT('',(-0.00571756024840633,-0.0275804844713233,0.118));
#8829=CARTESIAN_POINT('',(-0.00571570064795569,-0.0273909454936511,0.118));
#8830=CARTESIAN_POINT('',(-0.0057075135156507,-0.0271986663178511,0.118));
#8831=CARTESIAN_POINT('',(-0.00569354079533798,-0.0270039052058691,0.118));
#8832=CARTESIAN_POINT('',(-0.00567906028931908,-0.0268728490862525,0.118));
#8833=CARTESIAN_POINT('',(-0.00567179345579934,-0.0268070804589851,0.118));
#8834=CARTESIAN_POINT('',(-0.00539859929268248,-0.0266493517353686,0.118));
#8835=CARTESIAN_POINT('',(-0.00512540512956561,-0.026491623011752,0.118));
#8836=CARTESIAN_POINT('',(-0.00512540512956561,-0.026491623011752,0.118));
#8837=CARTESIAN_POINT('',(-0.00539859929268248,-0.0266493517353686,0.118));
#8838=CARTESIAN_POINT('',(-0.00306811766186263,-0.028118917970273,0.118));
#8839=CARTESIAN_POINT('',(-0.00306811766186263,-0.028118917970273,0.1265));
#8840=CARTESIAN_POINT('',(-0.00309214183429578,-0.0280722477677118,0.118));
#8841=CARTESIAN_POINT('',(-0.00309214183429578,-0.0280722477677118,0.1265));
#8842=CARTESIAN_POINT('',(-0.00314041841651946,-0.0279784639806693,0.118));
#8843=CARTESIAN_POINT('',(-0.00314041841651946,-0.0279784639806693,0.1265));
#8844=CARTESIAN_POINT('',(-0.00323434887706093,-0.0278475945954743,0.118));
#8845=CARTESIAN_POINT('',(-0.00323434887706093,-0.0278475945954743,0.1265));
#8846=CARTESIAN_POINT('',(-0.00333678346440835,-0.0277201899640532,0.118));
#8847=CARTESIAN_POINT('',(-0.00333678346440835,-0.0277201899640532,0.1265));
#8848=CARTESIAN_POINT('',(-0.00344885911014422,-0.0275970369600534,0.118));
#8849=CARTESIAN_POINT('',(-0.00344885911014422,-0.0275970369600534,0.1265));
#8850=CARTESIAN_POINT('',(-0.00356889557304914,-0.0274775920484312,0.118));
#8851=CARTESIAN_POINT('',(-0.00356889557304914,-0.0274775920484312,0.1265));
#8852=CARTESIAN_POINT('',(-0.00369645232012338,-0.0273618536638462,0.118));
#8853=CARTESIAN_POINT('',(-0.00369645232012338,-0.0273618536638462,0.1265));
#8854=CARTESIAN_POINT('',(-0.003831001522767,-0.0272497706818693,0.118));
#8855=CARTESIAN_POINT('',(-0.003831001522767,-0.0272497706818693,0.1265));
#8856=CARTESIAN_POINT('',(-0.00397218725221164,-0.0271413636983739,0.118));
#8857=CARTESIAN_POINT('',(-0.00397218725221164,-0.0271413636983739,0.1265));
#8858=CARTESIAN_POINT('',(-0.00411970285654578,-0.0270366723105853,0.118));
#8859=CARTESIAN_POINT('',(-0.00411970285654578,-0.0270366723105853,0.1265));
#8860=CARTESIAN_POINT('',(-0.00427329114749968,-0.0269357541983863,0.118));
#8861=CARTESIAN_POINT('',(-0.00427329114749968,-0.0269357541983863,0.1265));
#8862=CARTESIAN_POINT('',(-0.00443273421118852,-0.0268386898128737,0.118));
#8863=CARTESIAN_POINT('',(-0.00443273421118852,-0.0268386898128737,0.1265));
#8864=CARTESIAN_POINT('',(-0.00459780958108526,-0.0267455307852687,0.118));
#8865=CARTESIAN_POINT('',(-0.00459780958108526,-0.0267455307852687,0.1265));
#8866=CARTESIAN_POINT('',(-0.00476842179809927,-0.026656481461929,0.118));
#8867=CARTESIAN_POINT('',(-0.00476842179809927,-0.026656481461929,0.1265));
#8868=CARTESIAN_POINT('',(-0.00494407622890136,-0.0265712016366889,0.118));
#8869=CARTESIAN_POINT('',(-0.00494407622890136,-0.0265712016366889,0.1265));
#8870=CARTESIAN_POINT('',(-0.00506481441082023,-0.0265182140629525,0.118));
#8871=CARTESIAN_POINT('',(-0.00506481441082023,-0.0265182140629525,0.1265));
#8872=CARTESIAN_POINT('',(-0.00512540512956561,-0.026491623011752,0.118));
#8873=CARTESIAN_POINT('',(-0.00512540512956561,-0.026491623011752,0.1265));
#8874=CARTESIAN_POINT('',(-0.00306811766186263,-0.028118917970273,0.118));
#8875=CARTESIAN_POINT('',(-0.00306811766186263,-0.028118917970273,0.118));
#8876=CARTESIAN_POINT('',(-0.00306811766186263,-0.028118917970273,0.118));
#8877=CARTESIAN_POINT('',(-0.00309214183429578,-0.0280722477677118,0.118));
#8878=CARTESIAN_POINT('',(-0.00314041841651946,-0.0279784639806693,0.118));
#8879=CARTESIAN_POINT('',(-0.00323434887706093,-0.0278475945954743,0.118));
#8880=CARTESIAN_POINT('',(-0.00333678346440835,-0.0277201899640532,0.118));
#8881=CARTESIAN_POINT('',(-0.00344885911014422,-0.0275970369600534,0.118));
#8882=CARTESIAN_POINT('',(-0.00356889557304914,-0.0274775920484312,0.118));
#8883=CARTESIAN_POINT('',(-0.00369645232012338,-0.0273618536638462,0.118));
#8884=CARTESIAN_POINT('',(-0.003831001522767,-0.0272497706818693,0.118));
#8885=CARTESIAN_POINT('',(-0.00397218725221164,-0.0271413636983739,0.118));
#8886=CARTESIAN_POINT('',(-0.00411970285654578,-0.0270366723105853,0.118));
#8887=CARTESIAN_POINT('',(-0.00427329114749968,-0.0269357541983863,0.118));
#8888=CARTESIAN_POINT('',(-0.00443273421118852,-0.0268386898128737,0.118));
#8889=CARTESIAN_POINT('',(-0.00459780958108526,-0.0267455307852687,0.118));
#8890=CARTESIAN_POINT('',(-0.00476842179809927,-0.026656481461929,0.118));
#8891=CARTESIAN_POINT('',(-0.00494407622890136,-0.0265712016366889,0.118));
#8892=CARTESIAN_POINT('',(-0.00506481441082023,-0.0265182140629525,0.118));
#8893=CARTESIAN_POINT('',(-0.00512540512956561,-0.026491623011752,0.118));
#8894=CARTESIAN_POINT('',(-0.00289448492222088,-0.0285649288521804,0.118));
#8895=CARTESIAN_POINT('',(-0.00272085218257914,-0.0290109397340877,0.118));
#8896=CARTESIAN_POINT('',(-0.00272085218257914,-0.0290109397340877,0.118));
#8897=CARTESIAN_POINT('',(-0.00289448492222088,-0.0285649288521804,0.118));
#8898=CARTESIAN_POINT('',(-6.93889390390723E-18,-0.036,0.118));
#8899=CARTESIAN_POINT('',(-0.00113820302290033,-0.02858687016985,0.118));
#8900=CARTESIAN_POINT('',(-0.00113820302290033,-0.02858687016985,0.118));
#8901=CARTESIAN_POINT('',(-6.93889390390723E-18,-0.036,0.118));
#8902=CARTESIAN_POINT('',(-0.00121083810039556,-0.028113797045933,0.118));
#8903=CARTESIAN_POINT('',(-0.00128347317789079,-0.0276407239220161,0.118));
#8904=CARTESIAN_POINT('',(-0.00128347317789079,-0.0276407239220161,0.118));
#8905=CARTESIAN_POINT('',(-0.00121083810039556,-0.028113797045933,0.118));
#8906=CARTESIAN_POINT('',(-0.00128347317789079,-0.0276407239220161,0.118));
#8907=CARTESIAN_POINT('',(-0.00128347317789079,-0.0276407239220161,0.1265));
#8908=CARTESIAN_POINT('',(-0.0012860027355394,-0.0275882942547817,0.118));
#8909=CARTESIAN_POINT('',(-0.0012860027355394,-0.0275882942547817,0.1265));
#8910=CARTESIAN_POINT('',(-0.00129108588244706,-0.027482936821628,0.118));
#8911=CARTESIAN_POINT('',(-0.00129108588244706,-0.027482936821628,0.1265));
#8912=CARTESIAN_POINT('',(-0.00127517441002645,-0.0273226353792007,0.118));
#8913=CARTESIAN_POINT('',(-0.00127517441002645,-0.0273226353792007,0.1265));
#8914=CARTESIAN_POINT('',(-0.00125016577086794,-0.0271610824381566,0.118));
#8915=CARTESIAN_POINT('',(-0.00125016577086794,-0.0271610824381566,0.1265));
#8916=CARTESIAN_POINT('',(-0.00121468191651504,-0.0269983909852725,0.118));
#8917=CARTESIAN_POINT('',(-0.00121468191651504,-0.0269983909852725,0.1265));
#8918=CARTESIAN_POINT('',(-0.00117044974607009,-0.0268349304260023,0.118));
#8919=CARTESIAN_POINT('',(-0.00117044974607009,-0.0268349304260023,0.1265));
#8920=CARTESIAN_POINT('',(-0.0011178515549722,-0.0266709196712216,0.118));
#8921=CARTESIAN_POINT('',(-0.0011178515549722,-0.0266709196712216,0.1265));
#8922=CARTESIAN_POINT('',(-0.00105737001841234,-0.0265065783601759,0.118));
#8923=CARTESIAN_POINT('',(-0.00105737001841234,-0.0265065783601759,0.1265));
#8924=CARTESIAN_POINT('',(-0.00098930308180914,-0.0263421022937989,0.118));
#8925=CARTESIAN_POINT('',(-0.00098930308180914,-0.0263421022937989,0.1265));
#8926=CARTESIAN_POINT('',(-0.000913896514895457,-0.0261776790902495,0.118));
#8927=CARTESIAN_POINT('',(-0.000913896514895457,-0.0261776790902495,0.1265));
#8928=CARTESIAN_POINT('',(-0.000831344209305023,-0.0260134872959063,0.118));
#8929=CARTESIAN_POINT('',(-0.000831344209305023,-0.0260134872959063,0.1265));
#8930=CARTESIAN_POINT('',(-0.000741794658449577,-0.0258497055404052,0.118));
#8931=CARTESIAN_POINT('',(-0.000741794658449577,-0.0258497055404052,0.1265));
#8932=CARTESIAN_POINT('',(-0.00064541470838235,-0.0256864897709591,0.118));
#8933=CARTESIAN_POINT('',(-0.00064541470838235,-0.0256864897709591,0.1265));
#8934=CARTESIAN_POINT('',(-0.000542184855922098,-0.0255240646862501,0.118));
#8935=CARTESIAN_POINT('',(-0.000542184855922098,-0.0255240646862501,0.1265));
#8936=CARTESIAN_POINT('',(-0.000432703569180307,-0.0253623829757607,0.118));
#8937=CARTESIAN_POINT('',(-0.000432703569180307,-0.0253623829757607,0.1265));
#8938=CARTESIAN_POINT('',(-0.000354635023299972,-0.0252561252998608,0.118));
#8939=CARTESIAN_POINT('',(-0.000354635023299972,-0.0252561252998608,0.1265));
#8940=CARTESIAN_POINT('',(-0.000315457447233145,-0.0252028014146351,0.118));
#8941=CARTESIAN_POINT('',(-0.000315457447233145,-0.0252028014146351,0.1265));
#8942=CARTESIAN_POINT('',(-0.000315457447233145,-0.0252028014146351,0.118));
#8943=CARTESIAN_POINT('',(-0.000315457447233145,-0.0252028014146351,0.118));
#8944=CARTESIAN_POINT('',(-0.00128347317789079,-0.0276407239220161,0.118));
#8945=CARTESIAN_POINT('',(-0.0012860027355394,-0.0275882942547817,0.118));
#8946=CARTESIAN_POINT('',(-0.00129108588244706,-0.027482936821628,0.118));
#8947=CARTESIAN_POINT('',(-0.00127517441002645,-0.0273226353792007,0.118));
#8948=CARTESIAN_POINT('',(-0.00125016577086794,-0.0271610824381566,0.118));
#8949=CARTESIAN_POINT('',(-0.00121468191651504,-0.0269983909852725,0.118));
#8950=CARTESIAN_POINT('',(-0.00117044974607009,-0.0268349304260023,0.118));
#8951=CARTESIAN_POINT('',(-0.0011178515549722,-0.0266709196712216,0.118));
#8952=CARTESIAN_POINT('',(-0.00105737001841234,-0.0265065783601759,0.118));
#8953=CARTESIAN_POINT('',(-0.00098930308180914,-0.0263421022937989,0.118));
#8954=CARTESIAN_POINT('',(-0.000913896514895457,-0.0261776790902495,0.118));
#8955=CARTESIAN_POINT('',(-0.000831344209305023,-0.0260134872959063,0.118));
#8956=CARTESIAN_POINT('',(-0.000741794658449577,-0.0258497055404052,0.118));
#8957=CARTESIAN_POINT('',(-0.00064541470838235,-0.0256864897709591,0.118));
#8958=CARTESIAN_POINT('',(-0.000542184855922098,-0.0255240646862501,0.118));
#8959=CARTESIAN_POINT('',(-0.000432703569180307,-0.0253623829757607,0.118));
#8960=CARTESIAN_POINT('',(-0.000354635023299972,-0.0252561252998608,0.118));
#8961=CARTESIAN_POINT('',(-0.000315457447233145,-0.0252028014146351,0.118));
#8962=CARTESIAN_POINT('',(-3.46944695195361E-17,-0.0252028014146351,0.118));
#8963=CARTESIAN_POINT('',(0.000315457447233075,-0.0252028014146351,0.118));
#8964=CARTESIAN_POINT('',(0.000315457447233075,-0.0252028014146351,0.118));
#8965=CARTESIAN_POINT('',(-3.46944695195361E-17,-0.0252028014146351,0.118));
#8966=CARTESIAN_POINT('',(0.00128347317789073,-0.0276407239220161,0.118));
#8967=CARTESIAN_POINT('',(0.00128347317789073,-0.0276407239220161,0.1265));
#8968=CARTESIAN_POINT('',(0.00128600273553934,-0.0275882942547817,0.118));
#8969=CARTESIAN_POINT('',(0.00128600273553934,-0.0275882942547817,0.1265));
#8970=CARTESIAN_POINT('',(0.00129108588244701,-0.027482936821628,0.118));
#8971=CARTESIAN_POINT('',(0.00129108588244701,-0.027482936821628,0.1265));
#8972=CARTESIAN_POINT('',(0.0012751744100264,-0.0273226353792007,0.118));
#8973=CARTESIAN_POINT('',(0.0012751744100264,-0.0273226353792007,0.1265));
#8974=CARTESIAN_POINT('',(0.00125016577086788,-0.0271610824381566,0.118));
#8975=CARTESIAN_POINT('',(0.00125016577086788,-0.0271610824381566,0.1265));
#8976=CARTESIAN_POINT('',(0.00121468191651498,-0.0269983909852724,0.118));
#8977=CARTESIAN_POINT('',(0.00121468191651498,-0.0269983909852724,0.1265));
#8978=CARTESIAN_POINT('',(0.00117044974607004,-0.0268349304260023,0.118));
#8979=CARTESIAN_POINT('',(0.00117044974607004,-0.0268349304260023,0.1265));
#8980=CARTESIAN_POINT('',(0.00111785155497213,-0.0266709196712216,0.118));
#8981=CARTESIAN_POINT('',(0.00111785155497213,-0.0266709196712216,0.1265));
#8982=CARTESIAN_POINT('',(0.00105737001841228,-0.0265065783601759,0.118));
#8983=CARTESIAN_POINT('',(0.00105737001841228,-0.0265065783601759,0.1265));
#8984=CARTESIAN_POINT('',(0.000989303081809077,-0.0263421022937989,0.118));
#8985=CARTESIAN_POINT('',(0.000989303081809077,-0.0263421022937989,0.1265));
#8986=CARTESIAN_POINT('',(0.000913896514895395,-0.0261776790902495,0.118));
#8987=CARTESIAN_POINT('',(0.000913896514895395,-0.0261776790902495,0.1265));
#8988=CARTESIAN_POINT('',(0.00083134420930496,-0.0260134872959063,0.118));
#8989=CARTESIAN_POINT('',(0.00083134420930496,-0.0260134872959063,0.1265));
#8990=CARTESIAN_POINT('',(0.000741794658449514,-0.0258497055404052,0.118));
#8991=CARTESIAN_POINT('',(0.000741794658449514,-0.0258497055404052,0.1265));
#8992=CARTESIAN_POINT('',(0.000645414708382287,-0.0256864897709591,0.118));
#8993=CARTESIAN_POINT('',(0.000645414708382287,-0.0256864897709591,0.1265));
#8994=CARTESIAN_POINT('',(0.000542184855922036,-0.0255240646862501,0.118));
#8995=CARTESIAN_POINT('',(0.000542184855922036,-0.0255240646862501,0.1265));
#8996=CARTESIAN_POINT('',(0.000432703569180237,-0.0253623829757607,0.118));
#8997=CARTESIAN_POINT('',(0.000432703569180237,-0.0253623829757607,0.1265));
#8998=CARTESIAN_POINT('',(0.000354635023299903,-0.0252561252998608,0.118));
#8999=CARTESIAN_POINT('',(0.000354635023299903,-0.0252561252998608,0.1265));
#9000=CARTESIAN_POINT('',(0.000315457447233075,-0.0252028014146351,0.118));
#9001=CARTESIAN_POINT('',(0.000315457447233075,-0.0252028014146351,0.1265));
#9002=CARTESIAN_POINT('',(0.00128347317789073,-0.0276407239220161,0.118));
#9003=CARTESIAN_POINT('',(0.00128347317789073,-0.0276407239220161,0.118));
#9004=CARTESIAN_POINT('',(0.00128347317789073,-0.0276407239220161,0.118));
#9005=CARTESIAN_POINT('',(0.00128600273553934,-0.0275882942547817,0.118));
#9006=CARTESIAN_POINT('',(0.00129108588244701,-0.027482936821628,0.118));
#9007=CARTESIAN_POINT('',(0.0012751744100264,-0.0273226353792007,0.118));
#9008=CARTESIAN_POINT('',(0.00125016577086788,-0.0271610824381566,0.118));
#9009=CARTESIAN_POINT('',(0.00121468191651498,-0.0269983909852724,0.118));
#9010=CARTESIAN_POINT('',(0.00117044974607004,-0.0268349304260023,0.118));
#9011=CARTESIAN_POINT('',(0.00111785155497213,-0.0266709196712216,0.118));
#9012=CARTESIAN_POINT('',(0.00105737001841228,-0.0265065783601759,0.118));
#9013=CARTESIAN_POINT('',(0.000989303081809077,-0.0263421022937989,0.118));
#9014=CARTESIAN_POINT('',(0.000913896514895395,-0.0261776790902495,0.118));
#9015=CARTESIAN_POINT('',(0.00083134420930496,-0.0260134872959063,0.118));
#9016=CARTESIAN_POINT('',(0.000741794658449514,-0.0258497055404052,0.118));
#9017=CARTESIAN_POINT('',(0.000645414708382287,-0.0256864897709591,0.118));
#9018=CARTESIAN_POINT('',(0.000542184855922036,-0.0255240646862501,0.118));
#9019=CARTESIAN_POINT('',(0.000432703569180237,-0.0253623829757607,0.118));
#9020=CARTESIAN_POINT('',(0.000354635023299903,-0.0252561252998608,0.118));
#9021=CARTESIAN_POINT('',(0.000315457447233075,-0.0252028014146351,0.118));
#9022=CARTESIAN_POINT('',(0.0012108381003955,-0.028113797045933,0.118));
#9023=CARTESIAN_POINT('',(0.00113820302290028,-0.02858687016985,0.118));
#9024=CARTESIAN_POINT('',(0.00113820302290028,-0.02858687016985,0.118));
#9025=CARTESIAN_POINT('',(0.0012108381003955,-0.028113797045933,0.118));
#9026=CARTESIAN_POINT('',(-6.93889390390723E-18,-0.036,0.118));
#9027=CARTESIAN_POINT('',(0.00272085218257909,-0.0290109397340876,0.118));
#9028=CARTESIAN_POINT('',(0.00272085218257909,-0.0290109397340876,0.118));
#9029=CARTESIAN_POINT('',(-6.93889390390723E-18,-0.036,0.118));
#9030=CARTESIAN_POINT('',(0.00289448492222083,-0.0285649288521804,0.118));
#9031=CARTESIAN_POINT('',(0.00306811766186257,-0.028118917970273,0.118));
#9032=CARTESIAN_POINT('',(0.00306811766186257,-0.028118917970273,0.118));
#9033=CARTESIAN_POINT('',(0.00289448492222083,-0.0285649288521804,0.118));
#9034=CARTESIAN_POINT('',(0.00306811766186257,-0.028118917970273,0.118));
#9035=CARTESIAN_POINT('',(0.00306811766186257,-0.028118917970273,0.1265));
#9036=CARTESIAN_POINT('',(0.00309214183429572,-0.0280722477677118,0.118));
#9037=CARTESIAN_POINT('',(0.00309214183429572,-0.0280722477677118,0.1265));
#9038=CARTESIAN_POINT('',(0.0031404184165194,-0.0279784639806692,0.118));
#9039=CARTESIAN_POINT('',(0.0031404184165194,-0.0279784639806692,0.1265));
#9040=CARTESIAN_POINT('',(0.00323434887706088,-0.0278475945954743,0.118));
#9041=CARTESIAN_POINT('',(0.00323434887706088,-0.0278475945954743,0.1265));
#9042=CARTESIAN_POINT('',(0.0033367834644083,-0.0277201899640532,0.118));
#9043=CARTESIAN_POINT('',(0.0033367834644083,-0.0277201899640532,0.1265));
#9044=CARTESIAN_POINT('',(0.00344885911014416,-0.0275970369600534,0.118));
#9045=CARTESIAN_POINT('',(0.00344885911014416,-0.0275970369600534,0.1265));
#9046=CARTESIAN_POINT('',(0.00356889557304908,-0.0274775920484312,0.118));
#9047=CARTESIAN_POINT('',(0.00356889557304908,-0.0274775920484312,0.1265));
#9048=CARTESIAN_POINT('',(0.00369645232012333,-0.0273618536638462,0.118));
#9049=CARTESIAN_POINT('',(0.00369645232012333,-0.0273618536638462,0.1265));
#9050=CARTESIAN_POINT('',(0.00383100152276695,-0.0272497706818693,0.118));
#9051=CARTESIAN_POINT('',(0.00383100152276695,-0.0272497706818693,0.1265));
#9052=CARTESIAN_POINT('',(0.00397218725221159,-0.0271413636983739,0.118));
#9053=CARTESIAN_POINT('',(0.00397218725221159,-0.0271413636983739,0.1265));
#9054=CARTESIAN_POINT('',(0.00411970285654573,-0.0270366723105853,0.118));
#9055=CARTESIAN_POINT('',(0.00411970285654573,-0.0270366723105853,0.1265));
#9056=CARTESIAN_POINT('',(0.00427329114749962,-0.0269357541983863,0.118));
#9057=CARTESIAN_POINT('',(0.00427329114749962,-0.0269357541983863,0.1265));
#9058=CARTESIAN_POINT('',(0.00443273421118846,-0.0268386898128737,0.118));
#9059=CARTESIAN_POINT('',(0.00443273421118846,-0.0268386898128737,0.1265));
#9060=CARTESIAN_POINT('',(0.00459780958108521,-0.0267455307852687,0.118));
#9061=CARTESIAN_POINT('',(0.00459780958108521,-0.0267455307852687,0.1265));
#9062=CARTESIAN_POINT('',(0.00476842179809922,-0.026656481461929,0.118));
#9063=CARTESIAN_POINT('',(0.00476842179809922,-0.026656481461929,0.1265));
#9064=CARTESIAN_POINT('',(0.00494407622890129,-0.0265712016366888,0.118));
#9065=CARTESIAN_POINT('',(0.00494407622890129,-0.0265712016366888,0.1265));
#9066=CARTESIAN_POINT('',(0.00506481441082016,-0.0265182140629525,0.118));
#9067=CARTESIAN_POINT('',(0.00506481441082016,-0.0265182140629525,0.1265));
#9068=CARTESIAN_POINT('',(0.00512540512956555,-0.026491623011752,0.118));
#9069=CARTESIAN_POINT('',(0.00512540512956555,-0.026491623011752,0.1265));
#9070=CARTESIAN_POINT('',(0.00512540512956555,-0.026491623011752,0.118));
#9071=CARTESIAN_POINT('',(0.00512540512956555,-0.026491623011752,0.118));
#9072=CARTESIAN_POINT('',(0.00306811766186257,-0.028118917970273,0.118));
#9073=CARTESIAN_POINT('',(0.00309214183429572,-0.0280722477677118,0.118));
#9074=CARTESIAN_POINT('',(0.0031404184165194,-0.0279784639806692,0.118));
#9075=CARTESIAN_POINT('',(0.00323434887706088,-0.0278475945954743,0.118));
#9076=CARTESIAN_POINT('',(0.0033367834644083,-0.0277201899640532,0.118));
#9077=CARTESIAN_POINT('',(0.00344885911014416,-0.0275970369600534,0.118));
#9078=CARTESIAN_POINT('',(0.00356889557304908,-0.0274775920484312,0.118));
#9079=CARTESIAN_POINT('',(0.00369645232012333,-0.0273618536638462,0.118));
#9080=CARTESIAN_POINT('',(0.00383100152276695,-0.0272497706818693,0.118));
#9081=CARTESIAN_POINT('',(0.00397218725221159,-0.0271413636983739,0.118));
#9082=CARTESIAN_POINT('',(0.00411970285654573,-0.0270366723105853,0.118));
#9083=CARTESIAN_POINT('',(0.00427329114749962,-0.0269357541983863,0.118));
#9084=CARTESIAN_POINT('',(0.00443273421118846,-0.0268386898128737,0.118));
#9085=CARTESIAN_POINT('',(0.00459780958108521,-0.0267455307852687,0.118));
#9086=CARTESIAN_POINT('',(0.00476842179809922,-0.026656481461929,0.118));
#9087=CARTESIAN_POINT('',(0.00494407622890129,-0.0265712016366888,0.118));
#9088=CARTESIAN_POINT('',(0.00506481441082016,-0.0265182140629525,0.118));
#9089=CARTESIAN_POINT('',(0.00512540512956555,-0.026491623011752,0.118));
#9090=CARTESIAN_POINT('',(0.00539859929268241,-0.0266493517353686,0.118));
#9091=CARTESIAN_POINT('',(0.00567179345579928,-0.0268070804589851,0.118));
#9092=CARTESIAN_POINT('',(0.00567179345579928,-0.0268070804589851,0.118));
#9093=CARTESIAN_POINT('',(0.00539859929268241,-0.0266493517353686,0.118));
#9094=CARTESIAN_POINT('',(0.00529115841612126,-0.0294023911481638,0.118));
#9095=CARTESIAN_POINT('',(0.00529115841612126,-0.0294023911481638,0.1265));
#9096=CARTESIAN_POINT('',(0.00531956391092247,-0.0293582505032511,0.118));
#9097=CARTESIAN_POINT('',(0.00531956391092247,-0.0293582505032511,0.1265));
#9098=CARTESIAN_POINT('',(0.00537664476185257,-0.0292695498631163,0.118));
#9099=CARTESIAN_POINT('',(0.00537664476185257,-0.0292695498631163,0.1265));
#9100=CARTESIAN_POINT('',(0.00544301574373832,-0.0291227690055007,0.118));
#9101=CARTESIAN_POINT('',(0.00544301574373832,-0.0291227690055007,0.1265));
#9102=CARTESIAN_POINT('',(0.00550213409743503,-0.0289703557349211,0.118));
#9103=CARTESIAN_POINT('',(0.00550213409743503,-0.0289703557349211,0.1265));
#9104=CARTESIAN_POINT('',(0.0055527499045833,-0.0288117188765684,0.118));
#9105=CARTESIAN_POINT('',(0.0055527499045833,-0.0288117188765684,0.1265));
#9106=CARTESIAN_POINT('',(0.00559617400094853,-0.0286480417945012,0.118));
#9107=CARTESIAN_POINT('',(0.00559617400094853,-0.0286480417945012,0.1265));
#9108=CARTESIAN_POINT('',(0.005632628008655,-0.0284797052188183,0.118));
#9109=CARTESIAN_POINT('',(0.005632628008655,-0.0284797052188183,0.1265));
#9110=CARTESIAN_POINT('',(0.00566242011705711,-0.0283071407002815,0.118));
#9111=CARTESIAN_POINT('',(0.00566242011705711,-0.0283071407002815,0.1265));
#9112=CARTESIAN_POINT('',(0.00568571045398942,-0.028130666780183,0.118));
#9113=CARTESIAN_POINT('',(0.00568571045398942,-0.028130666780183,0.1265));
#9114=CARTESIAN_POINT('',(0.00570261805320473,-0.0279505688254806,0.118));
#9115=CARTESIAN_POINT('',(0.00570261805320473,-0.0279505688254806,0.1265));
#9116=CARTESIAN_POINT('',(0.00571322155659404,-0.0277670984076913,0.118));
#9117=CARTESIAN_POINT('',(0.00571322155659404,-0.0277670984076913,0.1265));
#9118=CARTESIAN_POINT('',(0.00571756024840628,-0.0275804844713233,0.118));
#9119=CARTESIAN_POINT('',(0.00571756024840628,-0.0275804844713233,0.1265));
#9120=CARTESIAN_POINT('',(0.00571570064795563,-0.027390945493651,0.118));
#9121=CARTESIAN_POINT('',(0.00571570064795563,-0.027390945493651,0.1265));
#9122=CARTESIAN_POINT('',(0.00570751351565065,-0.0271986663178511,0.118));
#9123=CARTESIAN_POINT('',(0.00570751351565065,-0.0271986663178511,0.1265));
#9124=CARTESIAN_POINT('',(0.00569354079533791,-0.0270039052058691,0.118));
#9125=CARTESIAN_POINT('',(0.00569354079533791,-0.0270039052058691,0.1265));
#9126=CARTESIAN_POINT('',(0.00567906028931902,-0.0268728490862525,0.118));
#9127=CARTESIAN_POINT('',(0.00567906028931902,-0.0268728490862525,0.1265));
#9128=CARTESIAN_POINT('',(0.00567179345579928,-0.0268070804589851,0.118));
#9129=CARTESIAN_POINT('',(0.00567179345579928,-0.0268070804589851,0.1265));
#9130=CARTESIAN_POINT('',(0.00529115841612126,-0.0294023911481638,0.118));
#9131=CARTESIAN_POINT('',(0.00529115841612126,-0.0294023911481638,0.118));
#9132=CARTESIAN_POINT('',(0.00529115841612126,-0.0294023911481638,0.118));
#9133=CARTESIAN_POINT('',(0.00531956391092247,-0.0293582505032511,0.118));
#9134=CARTESIAN_POINT('',(0.00537664476185257,-0.0292695498631163,0.118));
#9135=CARTESIAN_POINT('',(0.00544301574373832,-0.0291227690055007,0.118));
#9136=CARTESIAN_POINT('',(0.00550213409743503,-0.0289703557349211,0.118));
#9137=CARTESIAN_POINT('',(0.0055527499045833,-0.0288117188765684,0.118));
#9138=CARTESIAN_POINT('',(0.00559617400094853,-0.0286480417945012,0.118));
#9139=CARTESIAN_POINT('',(0.005632628008655,-0.0284797052188183,0.118));
#9140=CARTESIAN_POINT('',(0.00566242011705711,-0.0283071407002815,0.118));
#9141=CARTESIAN_POINT('',(0.00568571045398942,-0.028130666780183,0.118));
#9142=CARTESIAN_POINT('',(0.00570261805320473,-0.0279505688254806,0.118));
#9143=CARTESIAN_POINT('',(0.00571322155659404,-0.0277670984076913,0.118));
#9144=CARTESIAN_POINT('',(0.00571756024840628,-0.0275804844713233,0.118));
#9145=CARTESIAN_POINT('',(0.00571570064795563,-0.027390945493651,0.118));
#9146=CARTESIAN_POINT('',(0.00570751351565065,-0.0271986663178511,0.118));
#9147=CARTESIAN_POINT('',(0.00569354079533791,-0.0270039052058691,0.118));
#9148=CARTESIAN_POINT('',(0.00567906028931902,-0.0268728490862525,0.118));
#9149=CARTESIAN_POINT('',(0.00567179345579928,-0.0268070804589851,0.118));
#9150=CARTESIAN_POINT('',(0.00499171803184608,-0.0297757669525759,0.118));
#9151=CARTESIAN_POINT('',(0.00469227764757091,-0.0301491427569879,0.118));
#9152=CARTESIAN_POINT('',(0.00469227764757091,-0.0301491427569879,0.118));
#9153=CARTESIAN_POINT('',(0.00499171803184608,-0.0297757669525759,0.118));
#9154=CARTESIAN_POINT('',(-6.93889390390723E-18,-0.036,0.118));
#9155=CARTESIAN_POINT('',(0.005850857243012,-0.031307722352429,0.118));
#9156=CARTESIAN_POINT('',(0.005850857243012,-0.031307722352429,0.118));
#9157=CARTESIAN_POINT('',(-6.93889390390723E-18,-0.036,0.118));
#9158=CARTESIAN_POINT('',(0.0062242330474241,-0.0310082819681539,0.118));
#9159=CARTESIAN_POINT('',(0.00659760885183619,-0.0307088415838787,0.118));
#9160=CARTESIAN_POINT('',(0.00659760885183619,-0.0307088415838787,0.118));
#9161=CARTESIAN_POINT('',(0.0062242330474241,-0.0310082819681539,0.118));
#9162=CARTESIAN_POINT('',(0.00659760885183619,-0.0307088415838787,0.118));
#9163=CARTESIAN_POINT('',(0.00659760885183619,-0.0307088415838787,0.1265));
#9164=CARTESIAN_POINT('',(0.00664174949674881,-0.0306804360890775,0.118));
#9165=CARTESIAN_POINT('',(0.00664174949674881,-0.0306804360890775,0.1265));
#9166=CARTESIAN_POINT('',(0.00673045013688366,-0.0306233552381474,0.118));
#9167=CARTESIAN_POINT('',(0.00673045013688366,-0.0306233552381474,0.1265));
#9168=CARTESIAN_POINT('',(0.00687723099449924,-0.0305569842562617,0.118));
#9169=CARTESIAN_POINT('',(0.00687723099449924,-0.0305569842562617,0.1265));
#9170=CARTESIAN_POINT('',(0.00702964426507881,-0.030497865902565,0.118));
#9171=CARTESIAN_POINT('',(0.00702964426507881,-0.030497865902565,0.1265));
#9172=CARTESIAN_POINT('',(0.00718828112343152,-0.0304472500954166,0.118));
#9173=CARTESIAN_POINT('',(0.00718828112343152,-0.0304472500954166,0.1265));
#9174=CARTESIAN_POINT('',(0.00735195820549875,-0.0304038259990515,0.118));
#9175=CARTESIAN_POINT('',(0.00735195820549875,-0.0304038259990515,0.1265));
#9176=CARTESIAN_POINT('',(0.00752029478118166,-0.0303673719913449,0.118));
#9177=CARTESIAN_POINT('',(0.00752029478118166,-0.0303673719913449,0.1265));
#9178=CARTESIAN_POINT('',(0.00769285929971843,-0.0303375798829429,0.118));
#9179=CARTESIAN_POINT('',(0.00769285929971843,-0.0303375798829429,0.1265));
#9180=CARTESIAN_POINT('',(0.00786933321981701,-0.0303142895460106,0.118));
#9181=CARTESIAN_POINT('',(0.00786933321981701,-0.0303142895460106,0.1265));
#9182=CARTESIAN_POINT('',(0.00804943117451929,-0.0302973819467952,0.118));
#9183=CARTESIAN_POINT('',(0.00804943117451929,-0.0302973819467952,0.1265));
#9184=CARTESIAN_POINT('',(0.00823290159230868,-0.0302867784434059,0.118));
#9185=CARTESIAN_POINT('',(0.00823290159230868,-0.0302867784434059,0.1265));
#9186=CARTESIAN_POINT('',(0.00841951552867674,-0.0302824397515937,0.118));
#9187=CARTESIAN_POINT('',(0.00841951552867674,-0.0302824397515937,0.1265));
#9188=CARTESIAN_POINT('',(0.00860905450634891,-0.0302842993520443,0.118));
#9189=CARTESIAN_POINT('',(0.00860905450634891,-0.0302842993520443,0.1265));
#9190=CARTESIAN_POINT('',(0.00880133368214889,-0.0302924864843493,0.118));
#9191=CARTESIAN_POINT('',(0.00880133368214889,-0.0302924864843493,0.1265));
#9192=CARTESIAN_POINT('',(0.00899609479413088,-0.030306459204662,0.118));
#9193=CARTESIAN_POINT('',(0.00899609479413088,-0.030306459204662,0.1265));
#9194=CARTESIAN_POINT('',(0.00912715091374752,-0.0303209397106809,0.118));
#9195=CARTESIAN_POINT('',(0.00912715091374752,-0.0303209397106809,0.1265));
#9196=CARTESIAN_POINT('',(0.00919291954101483,-0.0303282065442006,0.118));
#9197=CARTESIAN_POINT('',(0.00919291954101483,-0.0303282065442006,0.1265));
#9198=CARTESIAN_POINT('',(0.00919291954101483,-0.0303282065442006,0.118));
#9199=CARTESIAN_POINT('',(0.00919291954101483,-0.0303282065442006,0.118));
#9200=CARTESIAN_POINT('',(0.00659760885183619,-0.0307088415838787,0.118));
#9201=CARTESIAN_POINT('',(0.00664174949674881,-0.0306804360890775,0.118));
#9202=CARTESIAN_POINT('',(0.00673045013688366,-0.0306233552381474,0.118));
#9203=CARTESIAN_POINT('',(0.00687723099449924,-0.0305569842562617,0.118));
#9204=CARTESIAN_POINT('',(0.00702964426507881,-0.030497865902565,0.118));
#9205=CARTESIAN_POINT('',(0.00718828112343152,-0.0304472500954166,0.118));
#9206=CARTESIAN_POINT('',(0.00735195820549875,-0.0304038259990515,0.118));
#9207=CARTESIAN_POINT('',(0.00752029478118166,-0.0303673719913449,0.118));
#9208=CARTESIAN_POINT('',(0.00769285929971843,-0.0303375798829429,0.118));
#9209=CARTESIAN_POINT('',(0.00786933321981701,-0.0303142895460106,0.118));
#9210=CARTESIAN_POINT('',(0.00804943117451929,-0.0302973819467952,0.118));
#9211=CARTESIAN_POINT('',(0.00823290159230868,-0.0302867784434059,0.118));
#9212=CARTESIAN_POINT('',(0.00841951552867674,-0.0302824397515937,0.118));
#9213=CARTESIAN_POINT('',(0.00860905450634891,-0.0302842993520443,0.118));
#9214=CARTESIAN_POINT('',(0.00880133368214889,-0.0302924864843493,0.118));
#9215=CARTESIAN_POINT('',(0.00899609479413088,-0.030306459204662,0.118));
#9216=CARTESIAN_POINT('',(0.00912715091374752,-0.0303209397106809,0.118));
#9217=CARTESIAN_POINT('',(0.00919291954101483,-0.0303282065442006,0.118));
#9218=CARTESIAN_POINT('',(0.00935064826463138,-0.0306014007073175,0.118));
#9219=CARTESIAN_POINT('',(0.00950837698824794,-0.0308745948704344,0.118));
#9220=CARTESIAN_POINT('',(0.00950837698824794,-0.0308745948704344,0.118));
#9221=CARTESIAN_POINT('',(0.00935064826463138,-0.0306014007073175,0.118));
#9222=CARTESIAN_POINT('',(0.00788108202972696,-0.0329318823381374,0.118));
#9223=CARTESIAN_POINT('',(0.00788108202972696,-0.0329318823381374,0.1265));
#9224=CARTESIAN_POINT('',(0.00792775223228819,-0.0329078581657042,0.118));
#9225=CARTESIAN_POINT('',(0.00792775223228819,-0.0329078581657042,0.1265));
#9226=CARTESIAN_POINT('',(0.00802153601933071,-0.0328595815834805,0.118));
#9227=CARTESIAN_POINT('',(0.00802153601933071,-0.0328595815834805,0.1265));
#9228=CARTESIAN_POINT('',(0.00815240540452567,-0.0327656511229391,0.118));
#9229=CARTESIAN_POINT('',(0.00815240540452567,-0.0327656511229391,0.1265));
#9230=CARTESIAN_POINT('',(0.00827981003594672,-0.0326632165355916,0.118));
#9231=CARTESIAN_POINT('',(0.00827981003594672,-0.0326632165355916,0.1265));
#9232=CARTESIAN_POINT('',(0.00840296303994654,-0.0325511408898558,0.118));
#9233=CARTESIAN_POINT('',(0.00840296303994654,-0.0325511408898558,0.1265));
#9234=CARTESIAN_POINT('',(0.00852240795156881,-0.0324311044269509,0.118));
#9235=CARTESIAN_POINT('',(0.00852240795156881,-0.0324311044269509,0.1265));
#9236=CARTESIAN_POINT('',(0.00863814633615383,-0.0323035476798766,0.118));
#9237=CARTESIAN_POINT('',(0.00863814633615383,-0.0323035476798766,0.1265));
#9238=CARTESIAN_POINT('',(0.00875022931813075,-0.032168998477233,0.118));
#9239=CARTESIAN_POINT('',(0.00875022931813075,-0.032168998477233,0.1265));
#9240=CARTESIAN_POINT('',(0.00885863630162612,-0.0320278127477883,0.118));
#9241=CARTESIAN_POINT('',(0.00885863630162612,-0.0320278127477883,0.1265));
#9242=CARTESIAN_POINT('',(0.00896332768941472,-0.0318802971434543,0.118));
#9243=CARTESIAN_POINT('',(0.00896332768941472,-0.0318802971434543,0.1265));
#9244=CARTESIAN_POINT('',(0.00906424580161367,-0.0317267088525004,0.118));
#9245=CARTESIAN_POINT('',(0.00906424580161367,-0.0317267088525004,0.1265));
#9246=CARTESIAN_POINT('',(0.00916131018712629,-0.0315672657888115,0.118));
#9247=CARTESIAN_POINT('',(0.00916131018712629,-0.0315672657888115,0.1265));
#9248=CARTESIAN_POINT('',(0.00925446921473123,-0.0314021904189148,0.118));
#9249=CARTESIAN_POINT('',(0.00925446921473123,-0.0314021904189148,0.1265));
#9250=CARTESIAN_POINT('',(0.00934351853807096,-0.0312315782019007,0.118));
#9251=CARTESIAN_POINT('',(0.00934351853807096,-0.0312315782019007,0.1265));
#9252=CARTESIAN_POINT('',(0.00942879836331115,-0.0310559237710987,0.118));
#9253=CARTESIAN_POINT('',(0.00942879836331115,-0.0310559237710987,0.1265));
#9254=CARTESIAN_POINT('',(0.00948178593704746,-0.0309351855891798,0.118));
#9255=CARTESIAN_POINT('',(0.00948178593704746,-0.0309351855891798,0.1265));
#9256=CARTESIAN_POINT('',(0.00950837698824794,-0.0308745948704344,0.118));
#9257=CARTESIAN_POINT('',(0.00950837698824794,-0.0308745948704344,0.1265));
#9258=CARTESIAN_POINT('',(0.00788108202972696,-0.0329318823381374,0.118));
#9259=CARTESIAN_POINT('',(0.00788108202972696,-0.0329318823381374,0.118));
#9260=CARTESIAN_POINT('',(0.00788108202972696,-0.0329318823381374,0.118));
#9261=CARTESIAN_POINT('',(0.00792775223228819,-0.0329078581657042,0.118));
#9262=CARTESIAN_POINT('',(0.00802153601933071,-0.0328595815834805,0.118));
#9263=CARTESIAN_POINT('',(0.00815240540452567,-0.0327656511229391,0.118));
#9264=CARTESIAN_POINT('',(0.00827981003594672,-0.0326632165355916,0.118));
#9265=CARTESIAN_POINT('',(0.00840296303994654,-0.0325511408898558,0.118));
#9266=CARTESIAN_POINT('',(0.00852240795156881,-0.0324311044269509,0.118));
#9267=CARTESIAN_POINT('',(0.00863814633615383,-0.0323035476798766,0.118));
#9268=CARTESIAN_POINT('',(0.00875022931813075,-0.032168998477233,0.118));
#9269=CARTESIAN_POINT('',(0.00885863630162612,-0.0320278127477883,0.118));
#9270=CARTESIAN_POINT('',(0.00896332768941472,-0.0318802971434543,0.118));
#9271=CARTESIAN_POINT('',(0.00906424580161367,-0.0317267088525004,0.118));
#9272=CARTESIAN_POINT('',(0.00916131018712629,-0.0315672657888115,0.118));
#9273=CARTESIAN_POINT('',(0.00925446921473123,-0.0314021904189148,0.118));
#9274=CARTESIAN_POINT('',(0.00934351853807096,-0.0312315782019007,0.118));
#9275=CARTESIAN_POINT('',(0.00942879836331115,-0.0310559237710987,0.118));
#9276=CARTESIAN_POINT('',(0.00948178593704746,-0.0309351855891798,0.118));
#9277=CARTESIAN_POINT('',(0.00950837698824794,-0.0308745948704344,0.118));
#9278=CARTESIAN_POINT('',(0.00743507114781963,-0.0331055150777791,0.118));
#9279=CARTESIAN_POINT('',(0.00743507114781963,-0.0331055150777791,0.118));
#9280=CARTESIAN_POINT('',(-6.6130927153957E-18,-0.036,0.118));
#9281=CARTESIAN_POINT('',(0.00102054982520762,-0.0381716750121548,0.12435));
#9282=CARTESIAN_POINT('',(0.00108526853918852,-0.0381965181988458,0.12435));
#9283=CARTESIAN_POINT('',(0.00108526853918852,-0.0381965181988458,0.12435));
#9284=CARTESIAN_POINT('',(0.00102054982520762,-0.0381716750121548,0.12435));
#9285=CARTESIAN_POINT('',(0.000955831111222904,-0.0381468318254582,0.12435));
#9286=CARTESIAN_POINT('',(0.000955831111222904,-0.0381468318254582,0.12435));
#9287=CARTESIAN_POINT('',(-2.00799663355178E-14,-0.03599999999996,0.12435));
#9288=CARTESIAN_POINT('',(0.00113911570919905,-0.0381690816953352,0.12435));
#9289=CARTESIAN_POINT('',(0.00113911570919905,-0.0381690816953352,0.12435));
#9290=CARTESIAN_POINT('',(-2.00799663355178E-14,-0.03599999999996,0.12435));
#9291=CARTESIAN_POINT('',(0.00115705785459686,-0.0381021206971136,0.12435));
#9292=CARTESIAN_POINT('',(0.00117500000000056,-0.0380351596988914,0.12435));
#9293=CARTESIAN_POINT('',(0.00117500000000056,-0.0380351596988914,0.12435));
#9294=CARTESIAN_POINT('',(0.00115705785459686,-0.0381021206971136,0.12435));
#9295=CARTESIAN_POINT('',(0.0012419609982221,-0.0380531018442893,0.12435));
#9296=CARTESIAN_POINT('',(0.00130892199644304,-0.038071043989689,0.12435));
#9297=CARTESIAN_POINT('',(0.00130892199644304,-0.038071043989689,0.12435));
#9298=CARTESIAN_POINT('',(0.0012419609982221,-0.0380531018442893,0.12435));
#9299=CARTESIAN_POINT('',(8.32244429621598E-15,-0.0360000000000124,0.12435));
#9300=CARTESIAN_POINT('',(0.00135960629047196,-0.0380381292242868,0.12435));
#9301=CARTESIAN_POINT('',(0.00135960629047196,-0.0380381292242868,0.12435));
#9302=CARTESIAN_POINT('',(8.32244429621598E-15,-0.0360000000000124,0.12435));
#9303=CARTESIAN_POINT('',(0.001370450816677,-0.0379696595805335,0.12435));
#9304=CARTESIAN_POINT('',(0.00138129534288715,-0.0379011899367823,0.12435));
#9305=CARTESIAN_POINT('',(0.00138129534288715,-0.0379011899367823,0.12435));
#9306=CARTESIAN_POINT('',(0.001370450816677,-0.0379696595805335,0.12435));
#9307=CARTESIAN_POINT('',(0.00144976498664035,-0.0379120344629874,0.12435));
#9308=CARTESIAN_POINT('',(0.00151823463039367,-0.0379228789891912,0.12435));
#9309=CARTESIAN_POINT('',(0.00151823463039367,-0.0379228789891912,0.12435));
#9310=CARTESIAN_POINT('',(0.00144976498664035,-0.0379120344629874,0.12435));
#9311=CARTESIAN_POINT('',(-1.23457017178752E-14,-0.0359999999999854,0.12435));
#9312=CARTESIAN_POINT('',(0.00156520074071631,-0.0378848465829513,0.12435));
#9313=CARTESIAN_POINT('',(0.00156520074071631,-0.0378848465829513,0.12435));
#9314=CARTESIAN_POINT('',(-1.23457017178752E-14,-0.0359999999999854,0.12435));
#9315=CARTESIAN_POINT('',(0.00156882883283014,-0.0378156184614116,0.12435));
#9316=CARTESIAN_POINT('',(0.0015724569249434,-0.0377463903398706,0.12435));
#9317=CARTESIAN_POINT('',(0.0015724569249434,-0.0377463903398706,0.12435));
#9318=CARTESIAN_POINT('',(0.00156882883283014,-0.0378156184614116,0.12435));
#9319=CARTESIAN_POINT('',(0.00164168504648311,-0.0377500184319845,0.12435));
#9320=CARTESIAN_POINT('',(0.00171091316802269,-0.0377536465240995,0.12435));
#9321=CARTESIAN_POINT('',(0.00171091316802269,-0.0377536465240995,0.12435));
#9322=CARTESIAN_POINT('',(0.00164168504648311,-0.0377500184319845,0.12435));
#9323=CARTESIAN_POINT('',(-5.93232060697169E-15,-0.0359999999999941,0.12435));
#9324=CARTESIAN_POINT('',(0.00175364652408748,-0.0377109131680234,0.12435));
#9325=CARTESIAN_POINT('',(0.00175364652408748,-0.0377109131680234,0.12435));
#9326=CARTESIAN_POINT('',(-5.93232060697169E-15,-0.0359999999999941,0.12435));
#9327=CARTESIAN_POINT('',(0.00175001843197356,-0.0376416850464837,0.12435));
#9328=CARTESIAN_POINT('',(0.00174639033987186,-0.0375724569249428,0.12435));
#9329=CARTESIAN_POINT('',(0.00174639033987186,-0.0375724569249428,0.12435));
#9330=CARTESIAN_POINT('',(0.00175001843197356,-0.0376416850464837,0.12435));
#9331=CARTESIAN_POINT('',(0.00181561846141157,-0.037568828832829,0.12435));
#9332=CARTESIAN_POINT('',(0.00188484658295124,-0.0375652007407157,0.12435));
#9333=CARTESIAN_POINT('',(0.00188484658295124,-0.0375652007407157,0.12435));
#9334=CARTESIAN_POINT('',(0.00181561846141157,-0.037568828832829,0.12435));
#9335=CARTESIAN_POINT('',(-1.74385245826914E-14,-0.035999999999986,0.12435));
#9336=CARTESIAN_POINT('',(0.00192287898918907,-0.0375182346303941,0.12435));
#9337=CARTESIAN_POINT('',(0.00192287898918907,-0.0375182346303941,0.12435));
#9338=CARTESIAN_POINT('',(-1.74385245826914E-14,-0.035999999999986,0.12435));
#9339=CARTESIAN_POINT('',(0.00191203446298399,-0.0374497649866409,0.12435));
#9340=CARTESIAN_POINT('',(0.00190118993678076,-0.037381295342885,0.12435));
#9341=CARTESIAN_POINT('',(0.00190118993678076,-0.037381295342885,0.12435));
#9342=CARTESIAN_POINT('',(0.00191203446298399,-0.0374497649866409,0.12435));
#9343=CARTESIAN_POINT('',(0.00196965958053397,-0.0373704508166799,0.12435));
#9344=CARTESIAN_POINT('',(0.00203812922428749,-0.0373596062904771,0.12435));
#9345=CARTESIAN_POINT('',(0.00203812922428749,-0.0373596062904771,0.12435));
#9346=CARTESIAN_POINT('',(0.00196965958053397,-0.0373704508166799,0.12435));
#9347=CARTESIAN_POINT('',(-4.39470508595275E-15,-0.0359999999999972,0.12435));
#9348=CARTESIAN_POINT('',(0.00207104398968868,-0.0373089219964432,0.12435));
#9349=CARTESIAN_POINT('',(0.00207104398968868,-0.0373089219964432,0.12435));
#9350=CARTESIAN_POINT('',(-4.39470508595275E-15,-0.0359999999999972,0.12435));
#9351=CARTESIAN_POINT('',(0.00205310184429084,-0.0372419609982217,0.12435));
#9352=CARTESIAN_POINT('',(0.00203515969889235,-0.0371749999999959,0.12435));
#9353=CARTESIAN_POINT('',(0.00203515969889235,-0.0371749999999959,0.12435));
#9354=CARTESIAN_POINT('',(0.00205310184429084,-0.0372419609982217,0.12435));
#9355=CARTESIAN_POINT('',(0.0021021206971139,-0.0371570578545981,0.12435));
#9356=CARTESIAN_POINT('',(0.00216908169533649,-0.0371391157092043,0.12435));
#9357=CARTESIAN_POINT('',(0.00216908169533649,-0.0371391157092043,0.12435));
#9358=CARTESIAN_POINT('',(0.0021021206971139,-0.0371570578545981,0.12435));
#9359=CARTESIAN_POINT('',(-2.179831835869E-14,-0.0359999999999888,0.12435));
#9360=CARTESIAN_POINT('',(0.00219651819884419,-0.0370852685391891,0.12435));
#9361=CARTESIAN_POINT('',(0.00219651819884419,-0.0370852685391891,0.12435));
#9362=CARTESIAN_POINT('',(-2.179831835869E-14,-0.0359999999999888,0.12435));
#9363=CARTESIAN_POINT('',(0.0021716750121532,-0.0370205498252082,0.12435));
#9364=CARTESIAN_POINT('',(0.00214683182546336,-0.0369558311112366,0.12435));
#9365=CARTESIAN_POINT('',(0.00214683182546336,-0.0369558311112366,0.12435));
#9366=CARTESIAN_POINT('',(0.0021716750121532,-0.0370205498252082,0.12435));
#9367=CARTESIAN_POINT('',(0.00221155053944423,-0.0369309879245455,0.12435));
#9368=CARTESIAN_POINT('',(0.00227626925342184,-0.0369061447378461,0.12435));
#9369=CARTESIAN_POINT('',(0.00227626925342184,-0.0369061447378461,0.12435));
#9370=CARTESIAN_POINT('',(0.00221155053944423,-0.0369309879245455,0.12435));
#9371=CARTESIAN_POINT('',(-2.97943093807706E-14,-0.0359999999999886,0.12435));
#9372=CARTESIAN_POINT('',(0.00229792689495611,-0.036849724652715,0.12435));
#9373=CARTESIAN_POINT('',(0.00229792689495611,-0.036849724652715,0.12435));
#9374=CARTESIAN_POINT('',(-2.97943093807706E-14,-0.0359999999999886,0.12435));
#9375=CARTESIAN_POINT('',(0.0022664548541241,-0.0367879572947485,0.12435));
#9376=CARTESIAN_POINT('',(0.00223498281328727,-0.0367261899367686,0.12435));
#9377=CARTESIAN_POINT('',(0.00223498281328727,-0.0367261899367686,0.12435));
#9378=CARTESIAN_POINT('',(0.0022664548541241,-0.0367879572947485,0.12435));
#9379=CARTESIAN_POINT('',(0.00229675017125389,-0.0366947178959367,0.12435));
#9380=CARTESIAN_POINT('',(0.00235851752922676,-0.0366632458551171,0.12435));
#9381=CARTESIAN_POINT('',(0.00235851752922676,-0.0366632458551171,0.12435));
#9382=CARTESIAN_POINT('',(0.00229675017125389,-0.0366947178959367,0.12435));
#9383=CARTESIAN_POINT('',(-2.06735670249536E-15,-0.0359999999999993,0.12435));
#9384=CARTESIAN_POINT('',(0.00237415902313845,-0.0366048710051281,0.12435));
#9385=CARTESIAN_POINT('',(0.00237415902313845,-0.0366048710051281,0.12435));
#9386=CARTESIAN_POINT('',(-2.06735670249536E-15,-0.0359999999999993,0.12435));
#9387=CARTESIAN_POINT('',(0.00233640294243073,-0.0365467317392754,0.12435));
#9388=CARTESIAN_POINT('',(0.00229864686172536,-0.0364885924734231,0.12435));
#9389=CARTESIAN_POINT('',(0.00229864686172536,-0.0364885924734231,0.12435));
#9390=CARTESIAN_POINT('',(0.00233640294243073,-0.0365467317392754,0.12435));
#9391=CARTESIAN_POINT('',(0.0023567861275781,-0.0364508363927155,0.12435));
#9392=CARTESIAN_POINT('',(0.00241492539342993,-0.0364130803120063,0.12435));
#9393=CARTESIAN_POINT('',(0.00241492539342993,-0.0364130803120063,0.12435));
#9394=CARTESIAN_POINT('',(0.0023567861275781,-0.0364508363927155,0.12435));
#9395=CARTESIAN_POINT('',(-7.52154415140094E-15,-0.0359999999999987,0.12435));
#9396=CARTESIAN_POINT('',(0.00242437936824947,-0.0363533902642228,0.12435));
#9397=CARTESIAN_POINT('',(0.00242437936824947,-0.0363533902642228,0.12435));
#9398=CARTESIAN_POINT('',(-7.52154415140094E-15,-0.0359999999999987,0.12435));
#9399=CARTESIAN_POINT('',(0.00238075291118734,-0.0362995160764469,0.12435));
#9400=CARTESIAN_POINT('',(0.00233712645412033,-0.036245641888685,0.12435));
#9401=CARTESIAN_POINT('',(0.00233712645412033,-0.036245641888685,0.12435));
#9402=CARTESIAN_POINT('',(0.00238075291118734,-0.0362995160764469,0.12435));
#9403=CARTESIAN_POINT('',(0.0023910006418961,-0.0362020154316228,0.12435));
#9404=CARTESIAN_POINT('',(0.00244487482966706,-0.0361583889745546,0.12435));
#9405=CARTESIAN_POINT('',(0.00244487482966706,-0.0361583889745546,0.12435));
#9406=CARTESIAN_POINT('',(0.0023910006418961,-0.0362020154316228,0.12435));
#9407=CARTESIAN_POINT('',(-5.15429712799609E-16,-0.036,0.12435));
#9408=CARTESIAN_POINT('',(0.00244803770564364,-0.0360980377056511,0.12435));
#9409=CARTESIAN_POINT('',(0.00244803770564364,-0.0360980377056511,0.12435));
#9410=CARTESIAN_POINT('',(-5.15429712799609E-16,-0.036,0.12435));
#9411=CARTESIAN_POINT('',(0.00239901885281992,-0.0360490188528274,0.12435));
#9412=CARTESIAN_POINT('',(0.00234999999999823,-0.0359999999999983,0.12435));
#9413=CARTESIAN_POINT('',(0.00234999999999823,-0.0359999999999983,0.12435));
#9414=CARTESIAN_POINT('',(0.00239901885281992,-0.0360490188528274,0.12435));
#9415=CARTESIAN_POINT('',(0.00239901885282194,-0.0359509811471746,0.12435));
#9416=CARTESIAN_POINT('',(0.0024480377056474,-0.0359019622943526,0.12435));
#9417=CARTESIAN_POINT('',(0.0024480377056474,-0.0359019622943526,0.12435));
#9418=CARTESIAN_POINT('',(0.00239901885282194,-0.0359509811471746,0.12435));
#9419=CARTESIAN_POINT('',(-2.15973072759113E-16,-0.036,0.12435));
#9420=CARTESIAN_POINT('',(0.00244487482966667,-0.0358416110254459,0.12435));
#9421=CARTESIAN_POINT('',(0.00244487482966667,-0.0358416110254459,0.12435));
#9422=CARTESIAN_POINT('',(-2.15973072759113E-16,-0.036,0.12435));
#9423=CARTESIAN_POINT('',(0.00239100064189086,-0.0357979845683837,0.12435));
#9424=CARTESIAN_POINT('',(0.00233712645411661,-0.035754358111322,0.12435));
#9425=CARTESIAN_POINT('',(0.00233712645411661,-0.035754358111322,0.12435));
#9426=CARTESIAN_POINT('',(0.00239100064189086,-0.0357979845683837,0.12435));
#9427=CARTESIAN_POINT('',(0.0023807529111788,-0.0357004839235462,0.12435));
#9428=CARTESIAN_POINT('',(0.00242437936823985,-0.0356466097357694,0.12435));
#9429=CARTESIAN_POINT('',(0.00242437936823985,-0.0356466097357694,0.12435));
#9430=CARTESIAN_POINT('',(0.0023807529111788,-0.0357004839235462,0.12435));
#9431=CARTESIAN_POINT('',(1.97628372000658E-15,-0.0359999999999996,0.12435));
#9432=CARTESIAN_POINT('',(0.00241492539342733,-0.0355869196879977,0.12435));
#9433=CARTESIAN_POINT('',(0.00241492539342733,-0.0355869196879977,0.12435));
#9434=CARTESIAN_POINT('',(1.97628372000658E-15,-0.0359999999999996,0.12435));
#9435=CARTESIAN_POINT('',(0.00235678612757457,-0.03554916360729,0.12435));
#9436=CARTESIAN_POINT('',(0.00229864686172529,-0.0355114075265788,0.12435));
#9437=CARTESIAN_POINT('',(0.00229864686172529,-0.0355114075265788,0.12435));
#9438=CARTESIAN_POINT('',(0.00235678612757457,-0.03554916360729,0.12435));
#9439=CARTESIAN_POINT('',(0.00233640294243299,-0.035453268260726,0.12435));
#9440=CARTESIAN_POINT('',(0.00237415902313987,-0.0353951289948728,0.12435));
#9441=CARTESIAN_POINT('',(0.00237415902313987,-0.0353951289948728,0.12435));
#9442=CARTESIAN_POINT('',(0.00233640294243299,-0.035453268260726,0.12435));
#9443=CARTESIAN_POINT('',(-1.41705223943855E-15,-0.036,0.12435));
#9444=CARTESIAN_POINT('',(0.00235851752922652,-0.0353367541448833,0.12435));
#9445=CARTESIAN_POINT('',(0.00235851752922652,-0.0353367541448833,0.12435));
#9446=CARTESIAN_POINT('',(-1.41705223943855E-15,-0.036,0.12435));
#9447=CARTESIAN_POINT('',(0.00229675017125994,-0.0353052821040514,0.12435));
#9448=CARTESIAN_POINT('',(0.00223498281327634,-0.0352738100632101,0.12435));
#9449=CARTESIAN_POINT('',(0.00223498281327634,-0.0352738100632101,0.12435));
#9450=CARTESIAN_POINT('',(0.00229675017125994,-0.0353052821040514,0.12435));
#9451=CARTESIAN_POINT('',(0.00226645485410846,-0.0352120427052436,0.12435));
#9452=CARTESIAN_POINT('',(0.00229792689495764,-0.0351502753472857,0.12435));
#9453=CARTESIAN_POINT('',(0.00229792689495764,-0.0351502753472857,0.12435));
#9454=CARTESIAN_POINT('',(0.00226645485410846,-0.0352120427052436,0.12435));
#9455=CARTESIAN_POINT('',(5.06691043289376E-15,-0.0359999999999981,0.12435));
#9456=CARTESIAN_POINT('',(0.00227626925341982,-0.0350938552621592,0.12435));
#9457=CARTESIAN_POINT('',(0.00227626925341982,-0.0350938552621592,0.12435));
#9458=CARTESIAN_POINT('',(5.06691043289376E-15,-0.0359999999999981,0.12435));
#9459=CARTESIAN_POINT('',(0.00221155053943892,-0.0350690120754682,0.12435));
#9460=CARTESIAN_POINT('',(0.00214683182545714,-0.0350441688887707,0.12435));
#9461=CARTESIAN_POINT('',(0.00214683182545714,-0.0350441688887707,0.12435));
#9462=CARTESIAN_POINT('',(0.00221155053943892,-0.0350690120754682,0.12435));
#9463=CARTESIAN_POINT('',(0.00217167501214817,-0.0349794501747898,0.12435));
#9464=CARTESIAN_POINT('',(0.00219651819884214,-0.0349147314608101,0.12435));
#9465=CARTESIAN_POINT('',(0.00219651819884214,-0.0349147314608101,0.12435));
#9466=CARTESIAN_POINT('',(0.00217167501214817,-0.0349794501747898,0.12435));
#9467=CARTESIAN_POINT('',(2.05499679772903E-14,-0.0359999999999896,0.12435));
#9468=CARTESIAN_POINT('',(0.00216908169533552,-0.0348608842907993,0.12435));
#9469=CARTESIAN_POINT('',(0.00216908169533552,-0.0348608842907993,0.12435));
#9470=CARTESIAN_POINT('',(2.05499679772903E-14,-0.0359999999999896,0.12435));
#9471=CARTESIAN_POINT('',(0.00210212069711397,-0.0348429421454016,0.12435));
#9472=CARTESIAN_POINT('',(0.00203515969889762,-0.0348250000000011,0.12435));
#9473=CARTESIAN_POINT('',(0.00203515969889762,-0.0348250000000011,0.12435));
#9474=CARTESIAN_POINT('',(0.00210212069711397,-0.0348429421454016,0.12435));
#9475=CARTESIAN_POINT('',(0.00205310184429544,-0.0347580390017795,0.12435));
#9476=CARTESIAN_POINT('',(0.00207104398968915,-0.0346910780035568,0.12435));
#9477=CARTESIAN_POINT('',(0.00207104398968915,-0.0346910780035568,0.12435));
#9478=CARTESIAN_POINT('',(0.00205310184429544,-0.0347580390017795,0.12435));
#9479=CARTESIAN_POINT('',(1.21723377904948E-14,-0.0359999999999918,0.12435));
#9480=CARTESIAN_POINT('',(0.00203812922428734,-0.034640393709524,0.12435));
#9481=CARTESIAN_POINT('',(0.00203812922428734,-0.034640393709524,0.12435));
#9482=CARTESIAN_POINT('',(1.21723377904948E-14,-0.0359999999999918,0.12435));
#9483=CARTESIAN_POINT('',(0.00196965958053414,-0.0346295491833188,0.12435));
#9484=CARTESIAN_POINT('',(0.00190118993677809,-0.0346187046571122,0.12435));
#9485=CARTESIAN_POINT('',(0.00190118993677809,-0.0346187046571122,0.12435));
#9486=CARTESIAN_POINT('',(0.00196965958053414,-0.0346295491833188,0.12435));
#9487=CARTESIAN_POINT('',(0.00191203446298319,-0.034550235013359,0.12435));
#9488=CARTESIAN_POINT('',(0.00192287898919129,-0.0344817653696062,0.12435));
#9489=CARTESIAN_POINT('',(0.00192287898919129,-0.0344817653696062,0.12435));
#9490=CARTESIAN_POINT('',(0.00191203446298319,-0.034550235013359,0.12435));
#9491=CARTESIAN_POINT('',(-1.28640587765405E-15,-0.0360000000000006,0.12435));
#9492=CARTESIAN_POINT('',(0.00188484658295112,-0.0344347992592873,0.12435));
#9493=CARTESIAN_POINT('',(0.00188484658295112,-0.0344347992592873,0.12435));
#9494=CARTESIAN_POINT('',(-1.28640587765405E-15,-0.0360000000000006,0.12435));
#9495=CARTESIAN_POINT('',(0.00181561846141141,-0.0344311711671735,0.12435));
#9496=CARTESIAN_POINT('',(0.00174639033985359,-0.0344275430750557,0.12435));
#9497=CARTESIAN_POINT('',(0.00174639033985359,-0.0344275430750557,0.12435));
#9498=CARTESIAN_POINT('',(0.00181561846141141,-0.0344311711671735,0.12435));
#9499=CARTESIAN_POINT('',(0.00175001843196754,-0.034358314953516,0.12435));
#9500=CARTESIAN_POINT('',(0.00175364652409957,-0.0342890868319772,0.12435));
#9501=CARTESIAN_POINT('',(0.00175364652409957,-0.0342890868319772,0.12435));
#9502=CARTESIAN_POINT('',(0.00175001843196754,-0.034358314953516,0.12435));
#9503=CARTESIAN_POINT('',(-5.52086588251344E-15,-0.0360000000000056,0.12435));
#9504=CARTESIAN_POINT('',(0.00171091316802273,-0.0342463534759008,0.12435));
#9505=CARTESIAN_POINT('',(0.00171091316802273,-0.0342463534759008,0.12435));
#9506=CARTESIAN_POINT('',(-5.52086588251344E-15,-0.0360000000000056,0.12435));
#9507=CARTESIAN_POINT('',(0.00164168504648302,-0.0342499815680146,0.12435));
#9508=CARTESIAN_POINT('',(0.0015724569249311,-0.0342536096601287,0.12435));
#9509=CARTESIAN_POINT('',(0.0015724569249311,-0.0342536096601287,0.12435));
#9510=CARTESIAN_POINT('',(0.00164168504648302,-0.0342499815680146,0.12435));
#9511=CARTESIAN_POINT('',(0.00156882883281735,-0.034184381538589,0.12435));
#9512=CARTESIAN_POINT('',(0.00156520074071567,-0.0341151534170486,0.12435));
#9513=CARTESIAN_POINT('',(0.00156520074071567,-0.0341151534170486,0.12435));
#9514=CARTESIAN_POINT('',(0.00156882883281735,-0.034184381538589,0.12435));
#9515=CARTESIAN_POINT('',(2.24621753489029E-14,-0.0359999999999727,0.12435));
#9516=CARTESIAN_POINT('',(0.00151823463039363,-0.0340771210108083,0.12435));
#9517=CARTESIAN_POINT('',(0.00151823463039363,-0.0340771210108083,0.12435));
#9518=CARTESIAN_POINT('',(2.24621753489029E-14,-0.0359999999999727,0.12435));
#9519=CARTESIAN_POINT('',(0.00144976498664043,-0.0340879655370133,0.12435));
#9520=CARTESIAN_POINT('',(0.00138129534287466,-0.0340988100632209,0.12435));
#9521=CARTESIAN_POINT('',(0.00138129534287466,-0.0340988100632209,0.12435));
#9522=CARTESIAN_POINT('',(0.00144976498664043,-0.0340879655370133,0.12435));
#9523=CARTESIAN_POINT('',(0.00137045081666967,-0.0340303404194676,0.12435));
#9524=CARTESIAN_POINT('',(0.00135960629047718,-0.0339618707757124,0.12435));
#9525=CARTESIAN_POINT('',(0.00135960629047718,-0.0339618707757124,0.12435));
#9526=CARTESIAN_POINT('',(0.00137045081666967,-0.0340303404194676,0.12435));
#9527=CARTESIAN_POINT('',(-7.93169783325221E-15,-0.0360000000000122,0.12435));
#9528=CARTESIAN_POINT('',(0.00130892199644393,-0.0339289560103141,0.12435));
#9529=CARTESIAN_POINT('',(0.00130892199644393,-0.0339289560103141,0.12435));
#9530=CARTESIAN_POINT('',(-7.93169783325221E-15,-0.0360000000000122,0.12435));
#9531=CARTESIAN_POINT('',(0.00124196099822239,-0.0339468981557119,0.12435));
#9532=CARTESIAN_POINT('',(0.00117500000000551,-0.0339648403011051,0.12435));
#9533=CARTESIAN_POINT('',(0.00117500000000551,-0.0339648403011051,0.12435));
#9534=CARTESIAN_POINT('',(0.00124196099822239,-0.0339468981557119,0.12435));
#9535=CARTESIAN_POINT('',(0.00115705785460763,-0.0338978793028836,0.12435));
#9536=CARTESIAN_POINT('',(0.00113911570920431,-0.0338309183046634,0.12435));
#9537=CARTESIAN_POINT('',(0.00113911570920431,-0.0338309183046634,0.12435));
#9538=CARTESIAN_POINT('',(0.00115705785460763,-0.0338978793028836,0.12435));
#9539=CARTESIAN_POINT('',(-6.9482180425906E-15,-0.0360000000000134,0.12435));
#9540=CARTESIAN_POINT('',(0.00108526853919091,-0.0338034818011606,0.12435));
#9541=CARTESIAN_POINT('',(0.00108526853919091,-0.0338034818011606,0.12435));
#9542=CARTESIAN_POINT('',(-6.9482180425906E-15,-0.0360000000000134,0.12435));
#9543=CARTESIAN_POINT('',(0.00102054982521004,-0.0338283249878516,0.12435));
#9544=CARTESIAN_POINT('',(0.000955831111225256,-0.033853168174541,0.12435));
#9545=CARTESIAN_POINT('',(0.000955831111225256,-0.033853168174541,0.12435));
#9546=CARTESIAN_POINT('',(0.00102054982521004,-0.0338283249878516,0.12435));
#9547=CARTESIAN_POINT('',(0.000930987924534271,-0.0337884494605601,0.12435));
#9548=CARTESIAN_POINT('',(0.000906144737846115,-0.033723730746578,0.12435));
#9549=CARTESIAN_POINT('',(0.000906144737846115,-0.033723730746578,0.12435));
#9550=CARTESIAN_POINT('',(0.000930987924534271,-0.0337884494605601,0.12435));
#9551=CARTESIAN_POINT('',(1.40341297610869E-14,-0.0359999999999625,0.12435));
#9552=CARTESIAN_POINT('',(0.000849724652713256,-0.0337020731050404,0.12435));
#9553=CARTESIAN_POINT('',(0.000849724652713256,-0.0337020731050404,0.12435));
#9554=CARTESIAN_POINT('',(1.40341297610869E-14,-0.0359999999999625,0.12435));
#9555=CARTESIAN_POINT('',(0.000787957294746669,-0.0337335451458724,0.12435));
#9556=CARTESIAN_POINT('',(0.00072618993678779,-0.033765017186703,0.12435));
#9557=CARTESIAN_POINT('',(0.00072618993678779,-0.033765017186703,0.12435));
#9558=CARTESIAN_POINT('',(0.000787957294746669,-0.0337335451458724,0.12435));
#9559=CARTESIAN_POINT('',(0.000694717895955742,-0.0337032498287364,0.12435));
#9560=CARTESIAN_POINT('',(0.000663245855117095,-0.0336414824707731,0.12435));
#9561=CARTESIAN_POINT('',(0.000663245855117095,-0.0336414824707731,0.12435));
#9562=CARTESIAN_POINT('',(0.000694717895955742,-0.0337032498287364,0.12435));
#9563=CARTESIAN_POINT('',(3.78397400219166E-15,-0.0359999999999876,0.12435));
#9564=CARTESIAN_POINT('',(0.000604871005125358,-0.0336258409768573,0.12435));
#9565=CARTESIAN_POINT('',(0.000604871005125358,-0.0336258409768573,0.12435));
#9566=CARTESIAN_POINT('',(3.78397400219166E-15,-0.0359999999999876,0.12435));
#9567=CARTESIAN_POINT('',(0.000546731739272599,-0.033663597057565,0.12435));
#9568=CARTESIAN_POINT('',(0.00048859247342515,-0.0337013531382733,0.12435));
#9569=CARTESIAN_POINT('',(0.00048859247342515,-0.0337013531382733,0.12435));
#9570=CARTESIAN_POINT('',(0.000546731739272599,-0.033663597057565,0.12435));
#9571=CARTESIAN_POINT('',(0.000450836392717425,-0.0336432138724206,0.12435));
#9572=CARTESIAN_POINT('',(0.000413080312006305,-0.03358507460657,0.12435));
#9573=CARTESIAN_POINT('',(0.000413080312006305,-0.03358507460657,0.12435));
#9574=CARTESIAN_POINT('',(0.000450836392717425,-0.0336432138724206,0.12435));
#9575=CARTESIAN_POINT('',(8.52483773676471E-15,-0.0359999999999484,0.12435));
#9576=CARTESIAN_POINT('',(0.00035339026423019,-0.0335756206317597,0.12435));
#9577=CARTESIAN_POINT('',(0.00035339026423019,-0.0335756206317597,0.12435));
#9578=CARTESIAN_POINT('',(8.52483773676471E-15,-0.0359999999999484,0.12435));
#9579=CARTESIAN_POINT('',(0.00029951607645438,-0.0336192470888219,0.12435));
#9580=CARTESIAN_POINT('',(0.000245641888679323,-0.0336628735458843,0.12435));
#9581=CARTESIAN_POINT('',(0.000245641888679323,-0.0336628735458843,0.12435));
#9582=CARTESIAN_POINT('',(0.00029951607645438,-0.0336192470888219,0.12435));
#9583=CARTESIAN_POINT('',(0.00020201543161712,-0.0336089993581084,0.12435));
#9584=CARTESIAN_POINT('',(0.000158388974554555,-0.0335551251703329,0.12435));
#9585=CARTESIAN_POINT('',(0.000158388974554555,-0.0335551251703329,0.12435));
#9586=CARTESIAN_POINT('',(0.00020201543161712,-0.0336089993581084,0.12435));
#9587=CARTESIAN_POINT('',(1.43195324304665E-15,-0.0359999999999787,0.12435));
#9588=CARTESIAN_POINT('',(9.80377056471926E-5,-0.0335519622943524,0.12435));
#9589=CARTESIAN_POINT('',(9.80377056471926E-5,-0.0335519622943524,0.12435));
#9590=CARTESIAN_POINT('',(1.43195324304665E-15,-0.0359999999999787,0.12435));
#9591=CARTESIAN_POINT('',(4.90188528234953E-5,-0.0336009811471761,0.12435));
#9592=CARTESIAN_POINT('',(6.41414005242424E-16,-0.0336499999999993,0.12435));
#9593=CARTESIAN_POINT('',(6.41414005242424E-16,-0.0336499999999993,0.12435));
#9594=CARTESIAN_POINT('',(4.90188528234953E-5,-0.0336009811471761,0.12435));
#9595=CARTESIAN_POINT('',(-4.90188528230594E-5,-0.0336009811471757,0.12435));
#9596=CARTESIAN_POINT('',(-9.80377056474077E-5,-0.0335519622943525,0.12435));
#9597=CARTESIAN_POINT('',(-9.80377056474077E-5,-0.0335519622943525,0.12435));
#9598=CARTESIAN_POINT('',(-4.90188528230594E-5,-0.0336009811471757,0.12435));
#9599=CARTESIAN_POINT('',(-1.3934369608691E-15,-0.0359999999999814,0.12435));
#9600=CARTESIAN_POINT('',(-0.000158388974548225,-0.0335551251703381,0.12435));
#9601=CARTESIAN_POINT('',(-0.000158388974548225,-0.0335551251703381,0.12435));
#9602=CARTESIAN_POINT('',(-1.3934369608691E-15,-0.0359999999999814,0.12435));
#9603=CARTESIAN_POINT('',(-0.000202015431610382,-0.0336089993581139,0.12435));
#9604=CARTESIAN_POINT('',(-0.000245641888674842,-0.0336628735458795,0.12435));
#9605=CARTESIAN_POINT('',(-0.000245641888674842,-0.0336628735458795,0.12435));
#9606=CARTESIAN_POINT('',(-0.000202015431610382,-0.0336089993581139,0.12435));
#9607=CARTESIAN_POINT('',(-0.000299516076450679,-0.0336192470888173,0.12435));
#9608=CARTESIAN_POINT('',(-0.00035339026423062,-0.0335756206317601,0.12435));
#9609=CARTESIAN_POINT('',(-0.00035339026423062,-0.0335756206317601,0.12435));
#9610=CARTESIAN_POINT('',(-0.000299516076450679,-0.0336192470888173,0.12435));
#9611=CARTESIAN_POINT('',(-8.53795658305179E-15,-0.0359999999999488,0.12435));
#9612=CARTESIAN_POINT('',(-0.000413080311993248,-0.0335850746065786,0.12435));
#9613=CARTESIAN_POINT('',(-0.000413080311993248,-0.0335850746065786,0.12435));
#9614=CARTESIAN_POINT('',(-8.53795658305179E-15,-0.0359999999999488,0.12435));
#9615=CARTESIAN_POINT('',(-0.000450836392700863,-0.0336432138724314,0.12435));
#9616=CARTESIAN_POINT('',(-0.000488592473419063,-0.0337013531382714,0.12435));
#9617=CARTESIAN_POINT('',(-0.000488592473419063,-0.0337013531382714,0.12435));
#9618=CARTESIAN_POINT('',(-0.000450836392700863,-0.0336432138724314,0.12435));
#9619=CARTESIAN_POINT('',(-0.000546731739271829,-0.0336635970575638,0.12435));
#9620=CARTESIAN_POINT('',(-0.000604871005127256,-0.0336258409768601,0.12435));
#9621=CARTESIAN_POINT('',(-0.000604871005127256,-0.0336258409768601,0.12435));
#9622=CARTESIAN_POINT('',(-0.000546731739271829,-0.0336635970575638,0.12435));
#9623=CARTESIAN_POINT('',(-1.18666469879625E-14,-0.0359999999999565,0.12435));
#9624=CARTESIAN_POINT('',(-0.000663245855125462,-0.033641482470769,0.12435));
#9625=CARTESIAN_POINT('',(-0.000663245855125462,-0.033641482470769,0.12435));
#9626=CARTESIAN_POINT('',(-1.18666469879625E-14,-0.0359999999999565,0.12435));
#9627=CARTESIAN_POINT('',(-0.000694717895957523,-0.0337032498287356,0.12435));
#9628=CARTESIAN_POINT('',(-0.000726189936782552,-0.0337650171867091,0.12435));
#9629=CARTESIAN_POINT('',(-0.000726189936782552,-0.0337650171867091,0.12435));
#9630=CARTESIAN_POINT('',(-0.000694717895957523,-0.0337032498287356,0.12435));
#9631=CARTESIAN_POINT('',(-0.000787957294749123,-0.0337335451458771,0.12435));
#9632=CARTESIAN_POINT('',(-0.000849724652714317,-0.0337020731050423,0.12435));
#9633=CARTESIAN_POINT('',(-0.000849724652714317,-0.0337020731050423,0.12435));
#9634=CARTESIAN_POINT('',(-0.000787957294749123,-0.0337335451458771,0.12435));
#9635=CARTESIAN_POINT('',(-1.40064283955799E-14,-0.035999999999963,0.12435));
#9636=CARTESIAN_POINT('',(-0.000906144737844248,-0.0337237307465789,0.12435));
#9637=CARTESIAN_POINT('',(-0.000906144737844248,-0.0337237307465789,0.12435));
#9638=CARTESIAN_POINT('',(-1.40064283955799E-14,-0.035999999999963,0.12435));
#9639=CARTESIAN_POINT('',(-0.00093098792453524,-0.0337884494605597,0.12435));
#9640=CARTESIAN_POINT('',(-0.000955831111229965,-0.0338531681745446,0.12435));
#9641=CARTESIAN_POINT('',(-0.000955831111229965,-0.0338531681745446,0.12435));
#9642=CARTESIAN_POINT('',(-0.00093098792453524,-0.0337884494605597,0.12435));
#9643=CARTESIAN_POINT('',(-0.00102054982521083,-0.0338283249878536,0.12435));
#9644=CARTESIAN_POINT('',(-0.00108526853918992,-0.0338034818011578,0.12435));
#9645=CARTESIAN_POINT('',(-0.00108526853918992,-0.0338034818011578,0.12435));
#9646=CARTESIAN_POINT('',(-0.00102054982521083,-0.0338283249878536,0.12435));
#9647=CARTESIAN_POINT('',(6.76390367326807E-15,-0.0360000000000133,0.12435));
#9648=CARTESIAN_POINT('',(-0.00113911570919475,-0.0338309183046661,0.12435));
#9649=CARTESIAN_POINT('',(-0.00113911570919475,-0.0338309183046661,0.12435));
#9650=CARTESIAN_POINT('',(6.76390367326807E-15,-0.0360000000000133,0.12435));
#9651=CARTESIAN_POINT('',(-0.00115705785459253,-0.0338978793028876,0.12435));
#9652=CARTESIAN_POINT('',(-0.00117500000000233,-0.0339648403011152,0.12435));
#9653=CARTESIAN_POINT('',(-0.00117500000000233,-0.0339648403011152,0.12435));
#9654=CARTESIAN_POINT('',(-0.00115705785459253,-0.0338978793028876,0.12435));
#9655=CARTESIAN_POINT('',(-0.00124196099822386,-0.0339468981557173,0.12435));
#9656=CARTESIAN_POINT('',(-0.00130892199644313,-0.0339289560103108,0.12435));
#9657=CARTESIAN_POINT('',(-0.00130892199644313,-0.0339289560103108,0.12435));
#9658=CARTESIAN_POINT('',(-0.00124196099822386,-0.0339468981557173,0.12435));
#9659=CARTESIAN_POINT('',(-8.16566866207458E-15,-0.0359999999999877,0.12435));
#9660=CARTESIAN_POINT('',(-0.00135960629048036,-0.033961870775712,0.12435));
#9661=CARTESIAN_POINT('',(-0.00135960629048036,-0.033961870775712,0.12435));
#9662=CARTESIAN_POINT('',(-8.16566866207458E-15,-0.0359999999999877,0.12435));
#9663=CARTESIAN_POINT('',(-0.00137045081668545,-0.0340303404194651,0.12435));
#9664=CARTESIAN_POINT('',(-0.00138129534288729,-0.0340988100632187,0.12435));
#9665=CARTESIAN_POINT('',(-0.00138129534288729,-0.0340988100632187,0.12435));
#9666=CARTESIAN_POINT('',(-0.00137045081668545,-0.0340303404194651,0.12435));
#9667=CARTESIAN_POINT('',(-0.0014497649866405,-0.0340879655370136,0.12435));
#9668=CARTESIAN_POINT('',(-0.00151823463039376,-0.0340771210108087,0.12435));
#9669=CARTESIAN_POINT('',(-0.00151823463039376,-0.0340771210108087,0.12435));
#9670=CARTESIAN_POINT('',(-0.0014497649866405,-0.0340879655370136,0.12435));
#9671=CARTESIAN_POINT('',(-2.25197464842619E-14,-0.0359999999999726,0.12435));
#9672=CARTESIAN_POINT('',(-0.0015652007407104,-0.034115153417049,0.12435));
#9673=CARTESIAN_POINT('',(-0.0015652007407104,-0.034115153417049,0.12435));
#9674=CARTESIAN_POINT('',(-2.25197464842619E-14,-0.0359999999999726,0.12435));
#9675=CARTESIAN_POINT('',(-0.00156882883282419,-0.0341843815385887,0.12435));
#9676=CARTESIAN_POINT('',(-0.00157245692494327,-0.0342536096601269,0.12435));
#9677=CARTESIAN_POINT('',(-0.00157245692494327,-0.0342536096601269,0.12435));
#9678=CARTESIAN_POINT('',(-0.00156882883282419,-0.0341843815385887,0.12435));
#9679=CARTESIAN_POINT('',(-0.00164168504648297,-0.034249981568013,0.12435));
#9680=CARTESIAN_POINT('',(-0.00171091316802277,-0.0342463534759004,0.12435));
#9681=CARTESIAN_POINT('',(-0.00171091316802277,-0.0342463534759004,0.12435));
#9682=CARTESIAN_POINT('',(-0.00164168504648297,-0.034249981568013,0.12435));
#9683=CARTESIAN_POINT('',(5.48953243972861E-15,-0.0360000000000056,0.12435));
#9684=CARTESIAN_POINT('',(-0.00175364652409601,-0.0342890868319771,0.12435));
#9685=CARTESIAN_POINT('',(-0.00175364652409601,-0.0342890868319771,0.12435));
#9686=CARTESIAN_POINT('',(5.48953243972861E-15,-0.0360000000000056,0.12435));
#9687=CARTESIAN_POINT('',(-0.00175001843198215,-0.0343583149535168,0.12435));
#9688=CARTESIAN_POINT('',(-0.00174639033987197,-0.0344275430750551,0.12435));
#9689=CARTESIAN_POINT('',(-0.00174639033987197,-0.0344275430750551,0.12435));
#9690=CARTESIAN_POINT('',(-0.00175001843198215,-0.0343583149535168,0.12435));
#9691=CARTESIAN_POINT('',(-0.00181561846141168,-0.0344311711671689,0.12435));
#9692=CARTESIAN_POINT('',(-0.00188484658295133,-0.0344347992592843,0.12435));
#9693=CARTESIAN_POINT('',(-0.00188484658295133,-0.0344347992592843,0.12435));
#9694=CARTESIAN_POINT('',(-0.00181561846141168,-0.0344311711671689,0.12435));
#9695=CARTESIAN_POINT('',(1.25149456770002E-15,-0.0360000000000006,0.12435));
#9696=CARTESIAN_POINT('',(-0.00192287898918323,-0.034481765369605,0.12435));
#9697=CARTESIAN_POINT('',(-0.00192287898918323,-0.034481765369605,0.12435));
#9698=CARTESIAN_POINT('',(1.25149456770002E-15,-0.0360000000000006,0.12435));
#9699=CARTESIAN_POINT('',(-0.00191203446297811,-0.0345502350133582,0.12435));
#9700=CARTESIAN_POINT('',(-0.00190118993678006,-0.0346187046571194,0.12435));
#9701=CARTESIAN_POINT('',(-0.00190118993678006,-0.0346187046571194,0.12435));
#9702=CARTESIAN_POINT('',(-0.00191203446297811,-0.0345502350133582,0.12435));
#9703=CARTESIAN_POINT('',(-0.00196965958053328,-0.0346295491833245,0.12435));
#9704=CARTESIAN_POINT('',(-0.00203812922428758,-0.0346403937095228,0.12435));
#9705=CARTESIAN_POINT('',(-0.00203812922428758,-0.0346403937095228,0.12435));
#9706=CARTESIAN_POINT('',(-0.00196965958053328,-0.0346295491833245,0.12435));
#9707=CARTESIAN_POINT('',(-1.22081164621868E-14,-0.0359999999999917,0.12435));
#9708=CARTESIAN_POINT('',(-0.00207104398968499,-0.0346910780035558,0.12435));
#9709=CARTESIAN_POINT('',(-0.00207104398968499,-0.0346910780035558,0.12435));
#9710=CARTESIAN_POINT('',(-1.22081164621868E-14,-0.0359999999999917,0.12435));
#9711=CARTESIAN_POINT('',(-0.00205310184428712,-0.0347580390017773,0.12435));
#9712=CARTESIAN_POINT('',(-0.0020351596988935,-0.034825,0.12435));
#9713=CARTESIAN_POINT('',(-0.0020351596988935,-0.034825,0.12435));
#9714=CARTESIAN_POINT('',(-0.00205310184428712,-0.0347580390017773,0.12435));
#9715=CARTESIAN_POINT('',(-0.00210212069711505,-0.0348429421453977,0.12435));
#9716=CARTESIAN_POINT('',(-0.00216908169533656,-0.0348608842907957,0.12435));
#9717=CARTESIAN_POINT('',(-0.00216908169533656,-0.0348608842907957,0.12435));
#9718=CARTESIAN_POINT('',(-0.00210212069711505,-0.0348429421453977,0.12435));
#9719=CARTESIAN_POINT('',(-3.37267106603756E-14,-0.0359999999999827,0.12435));
#9720=CARTESIAN_POINT('',(-0.00219651819883818,-0.0349147314608086,0.12435));
#9721=CARTESIAN_POINT('',(-0.00219651819883818,-0.0349147314608086,0.12435));
#9722=CARTESIAN_POINT('',(-3.37267106603756E-14,-0.0359999999999827,0.12435));
#9723=CARTESIAN_POINT('',(-0.00217167501214715,-0.0349794501747895,0.12435));
#9724=CARTESIAN_POINT('',(-0.00214683182545796,-0.0350441688887775,0.12435));
#9725=CARTESIAN_POINT('',(-0.00214683182545796,-0.0350441688887775,0.12435));
#9726=CARTESIAN_POINT('',(-0.00217167501214715,-0.0349794501747895,0.12435));
#9727=CARTESIAN_POINT('',(-0.00221155053943886,-0.0350690120754685,0.12435));
#9728=CARTESIAN_POINT('',(-0.00227626925342191,-0.0350938552621539,0.12435));
#9729=CARTESIAN_POINT('',(-0.00227626925342191,-0.0350938552621539,0.12435));
#9730=CARTESIAN_POINT('',(-0.00221155053943886,-0.0350690120754685,0.12435));
#9731=CARTESIAN_POINT('',(-3.22983827183432E-15,-0.0359999999999988,0.12435));
#9732=CARTESIAN_POINT('',(-0.00229792689495863,-0.0351502753472863,0.12435));
#9733=CARTESIAN_POINT('',(-0.00229792689495863,-0.0351502753472863,0.12435));
#9734=CARTESIAN_POINT('',(-3.22983827183432E-15,-0.0359999999999988,0.12435));
#9735=CARTESIAN_POINT('',(-0.00226645485412663,-0.0352120427052528,0.12435));
#9736=CARTESIAN_POINT('',(-0.00223498281329312,-0.0352738100632199,0.12435));
#9737=CARTESIAN_POINT('',(-0.00223498281329312,-0.0352738100632199,0.12435));
#9738=CARTESIAN_POINT('',(-0.00226645485412663,-0.0352120427052528,0.12435));
#9739=CARTESIAN_POINT('',(-0.00229675017125969,-0.0353052821040519,0.12435));
#9740=CARTESIAN_POINT('',(-0.0023585175292268,-0.0353367541448829,0.12435));
#9741=CARTESIAN_POINT('',(-0.0023585175292268,-0.0353367541448829,0.12435));
#9742=CARTESIAN_POINT('',(-0.00229675017125969,-0.0353052821040519,0.12435));
#9743=CARTESIAN_POINT('',(-5.87745997704392E-15,-0.0359999999999983,0.12435));
#9744=CARTESIAN_POINT('',(-0.00237415902314215,-0.0353951289948743,0.12435));
#9745=CARTESIAN_POINT('',(-0.00237415902314215,-0.0353951289948743,0.12435));
#9746=CARTESIAN_POINT('',(-5.87745997704392E-15,-0.0359999999999983,0.12435));
#9747=CARTESIAN_POINT('',(-0.00233640294243446,-0.035453268260727,0.12435));
#9748=CARTESIAN_POINT('',(-0.00229864686172385,-0.0355114075265793,0.12435));
#9749=CARTESIAN_POINT('',(-0.00229864686172385,-0.0355114075265793,0.12435));
#9750=CARTESIAN_POINT('',(-0.00233640294243446,-0.035453268260727,0.12435));
#9751=CARTESIAN_POINT('',(-0.0023567861275766,-0.035549163607287,0.12435));
#9752=CARTESIAN_POINT('',(-0.00241492539342995,-0.0355869196879937,0.12435));
#9753=CARTESIAN_POINT('',(-0.00241492539342995,-0.0355869196879937,0.12435));
#9754=CARTESIAN_POINT('',(-0.0023567861275766,-0.035549163607287,0.12435));
#9755=CARTESIAN_POINT('',(-1.97888580522055E-15,-0.0359999999999995,0.12435));
#9756=CARTESIAN_POINT('',(-0.00242437936823915,-0.0356466097357689,0.12435));
#9757=CARTESIAN_POINT('',(-0.00242437936823915,-0.0356466097357689,0.12435));
#9758=CARTESIAN_POINT('',(-1.97888580522055E-15,-0.0359999999999995,0.12435));
#9759=CARTESIAN_POINT('',(-0.00238075291117695,-0.0357004839235447,0.12435));
#9760=CARTESIAN_POINT('',(-0.00233712645411492,-0.0357543581113217,0.12435));
#9761=CARTESIAN_POINT('',(-0.00233712645411492,-0.0357543581113217,0.12435));
#9762=CARTESIAN_POINT('',(-0.00238075291117695,-0.0357004839235447,0.12435));
#9763=CARTESIAN_POINT('',(-0.00239100064189072,-0.0357979845683839,0.12435));
#9764=CARTESIAN_POINT('',(-0.00244487482966706,-0.0358416110254455,0.12435));
#9765=CARTESIAN_POINT('',(-0.00244487482966706,-0.0358416110254455,0.12435));
#9766=CARTESIAN_POINT('',(-0.00239100064189072,-0.0357979845683839,0.12435));
#9767=CARTESIAN_POINT('',(2.22044604925032E-16,-0.036,0.12435));
#9768=CARTESIAN_POINT('',(-0.0024480377056457,-0.0359019622943509,0.12435));
#9769=CARTESIAN_POINT('',(-0.0024480377056457,-0.0359019622943509,0.12435));
#9770=CARTESIAN_POINT('',(2.22044604925032E-16,-0.036,0.12435));
#9771=CARTESIAN_POINT('',(-0.00239901885282199,-0.0359509811471746,0.12435));
#9772=CARTESIAN_POINT('',(-0.00235000000000249,-0.0359999999999976,0.12435));
#9773=CARTESIAN_POINT('',(-0.00235000000000249,-0.0359999999999976,0.12435));
#9774=CARTESIAN_POINT('',(-0.00239901885282199,-0.0359509811471746,0.12435));
#9775=CARTESIAN_POINT('',(-0.00239901885282617,-0.0360490188528212,0.12435));
#9776=CARTESIAN_POINT('',(-0.00244803770564739,-0.0360980377056474,0.12435));
#9777=CARTESIAN_POINT('',(-0.00244803770564739,-0.0360980377056474,0.12435));
#9778=CARTESIAN_POINT('',(-0.00239901885282617,-0.0360490188528212,0.12435));
#9779=CARTESIAN_POINT('',(2.42210765333261E-16,-0.036,0.12435));
#9780=CARTESIAN_POINT('',(-0.00244487482966641,-0.0361583889745538,0.12435));
#9781=CARTESIAN_POINT('',(-0.00244487482966641,-0.0361583889745538,0.12435));
#9782=CARTESIAN_POINT('',(2.42210765333261E-16,-0.036,0.12435));
#9783=CARTESIAN_POINT('',(-0.0023910006418906,-0.036202015431616,0.12435));
#9784=CARTESIAN_POINT('',(-0.00233712645411749,-0.0362456418886773,0.12435));
#9785=CARTESIAN_POINT('',(-0.00233712645411749,-0.0362456418886773,0.12435));
#9786=CARTESIAN_POINT('',(-0.0023910006418906,-0.036202015431616,0.12435));
#9787=CARTESIAN_POINT('',(-0.00238075291117967,-0.0362995160764532,0.12435));
#9788=CARTESIAN_POINT('',(-0.00242437936823982,-0.0363533902642307,0.12435));
#9789=CARTESIAN_POINT('',(-0.00242437936823982,-0.0363533902642307,0.12435));
#9790=CARTESIAN_POINT('',(-0.00238075291117967,-0.0362995160764532,0.12435));
#9791=CARTESIAN_POINT('',(7.54561343963012E-15,-0.0359999999999988,0.12435));
#9792=CARTESIAN_POINT('',(-0.00241492539342599,-0.0364130803120003,0.12435));
#9793=CARTESIAN_POINT('',(-0.00241492539342599,-0.0364130803120003,0.12435));
#9794=CARTESIAN_POINT('',(7.54561343963012E-15,-0.0359999999999988,0.12435));
#9795=CARTESIAN_POINT('',(-0.00235678612757323,-0.0364508363927079,0.12435));
#9796=CARTESIAN_POINT('',(-0.00229864686171749,-0.0364885924734263,0.12435));
#9797=CARTESIAN_POINT('',(-0.00229864686171749,-0.0364885924734263,0.12435));
#9798=CARTESIAN_POINT('',(-0.00235678612757323,-0.0364508363927079,0.12435));
#9799=CARTESIAN_POINT('',(-0.00233640294242524,-0.036546731739279,0.12435));
#9800=CARTESIAN_POINT('',(-0.00237415902313982,-0.0366048710051272,0.12435));
#9801=CARTESIAN_POINT('',(-0.00237415902313982,-0.0366048710051272,0.12435));
#9802=CARTESIAN_POINT('',(-0.00233640294242524,-0.036546731739279,0.12435));
#9803=CARTESIAN_POINT('',(1.81300287283026E-15,-0.0359999999999995,0.12435));
#9804=CARTESIAN_POINT('',(-0.002358517529226,-0.0366632458551156,0.12435));
#9805=CARTESIAN_POINT('',(-0.002358517529226,-0.0366632458551156,0.12435));
#9806=CARTESIAN_POINT('',(1.81300287283026E-15,-0.0359999999999995,0.12435));
#9807=CARTESIAN_POINT('',(-0.00229675017125941,-0.0366947178959476,0.12435));
#9808=CARTESIAN_POINT('',(-0.00223498281328953,-0.0367261899367832,0.12435));
#9809=CARTESIAN_POINT('',(-0.00223498281328953,-0.0367261899367832,0.12435));
#9810=CARTESIAN_POINT('',(-0.00229675017125941,-0.0366947178959476,0.12435));
#9811=CARTESIAN_POINT('',(-0.00226645485412156,-0.0367879572947498,0.12435));
#9812=CARTESIAN_POINT('',(-0.00229792689495758,-0.0368497246527143,0.12435));
#9813=CARTESIAN_POINT('',(-0.00229792689495758,-0.0368497246527143,0.12435));
#9814=CARTESIAN_POINT('',(-0.00226645485412156,-0.0367879572947498,0.12435));
#9815=CARTESIAN_POINT('',(1.95392747120993E-14,-0.0359999999999925,0.12435));
#9816=CARTESIAN_POINT('',(-0.0022762692534201,-0.0369061447378415,0.12435));
#9817=CARTESIAN_POINT('',(-0.0022762692534201,-0.0369061447378415,0.12435));
#9818=CARTESIAN_POINT('',(1.95392747120993E-14,-0.0359999999999925,0.12435));
#9819=CARTESIAN_POINT('',(-0.00221155053943921,-0.0369309879245325,0.12435));
#9820=CARTESIAN_POINT('',(-0.00214683182545922,-0.0369558311112285,0.12435));
#9821=CARTESIAN_POINT('',(-0.00214683182545922,-0.0369558311112285,0.12435));
#9822=CARTESIAN_POINT('',(-0.00221155053943921,-0.0369309879245325,0.12435));
#9823=CARTESIAN_POINT('',(-0.00217167501215023,-0.0370205498252094,0.12435));
#9824=CARTESIAN_POINT('',(-0.00219651819884207,-0.0370852685391899,0.12435));
#9825=CARTESIAN_POINT('',(-0.00219651819884207,-0.0370852685391899,0.12435));
#9826=CARTESIAN_POINT('',(-0.00217167501215023,-0.0370205498252094,0.12435));
#9827=CARTESIAN_POINT('',(3.49529433174567E-14,-0.0359999999999821,0.12435));
#9828=CARTESIAN_POINT('',(-0.00216908169533508,-0.037139115709199,0.12435));
#9829=CARTESIAN_POINT('',(-0.00216908169533508,-0.037139115709199,0.12435));
#9830=CARTESIAN_POINT('',(3.49529433174567E-14,-0.0359999999999821,0.12435));
#9831=CARTESIAN_POINT('',(-0.00210212069711353,-0.0371570578545968,0.12435));
#9832=CARTESIAN_POINT('',(-0.00203515969889181,-0.0371750000000005,0.12435));
#9833=CARTESIAN_POINT('',(-0.00203515969889181,-0.0371750000000005,0.12435));
#9834=CARTESIAN_POINT('',(-0.00210212069711353,-0.0371570578545968,0.12435));
#9835=CARTESIAN_POINT('',(-0.00205310184428966,-0.0372419609982221,0.12435));
#9836=CARTESIAN_POINT('',(-0.00207104398968906,-0.0373089219964431,0.12435));
#9837=CARTESIAN_POINT('',(-0.00207104398968906,-0.0373089219964431,0.12435));
#9838=CARTESIAN_POINT('',(-0.00205310184428966,-0.0372419609982221,0.12435));
#9839=CARTESIAN_POINT('',(2.90371025835068E-15,-0.0359999999999982,0.12435));
#9840=CARTESIAN_POINT('',(-0.00203812922428753,-0.0373596062904771,0.12435));
#9841=CARTESIAN_POINT('',(-0.00203812922428753,-0.0373596062904771,0.12435));
#9842=CARTESIAN_POINT('',(2.90371025835068E-15,-0.0359999999999982,0.12435));
#9843=CARTESIAN_POINT('',(-0.00196965958053433,-0.0373704508166822,0.12435));
#9844=CARTESIAN_POINT('',(-0.00190118993678057,-0.0373812953428874,0.12435));
#9845=CARTESIAN_POINT('',(-0.00190118993678057,-0.0373812953428874,0.12435));
#9846=CARTESIAN_POINT('',(-0.00196965958053433,-0.0373704508166822,0.12435));
#9847=CARTESIAN_POINT('',(-0.00191203446298565,-0.0374497649866407,0.12435));
#9848=CARTESIAN_POINT('',(-0.0019228789891912,-0.0375182346303937,0.12435));
#9849=CARTESIAN_POINT('',(-0.0019228789891912,-0.0375182346303937,0.12435));
#9850=CARTESIAN_POINT('',(-0.00191203446298565,-0.0374497649866407,0.12435));
#9851=CARTESIAN_POINT('',(1.71743045132567E-14,-0.0359999999999865,0.12435));
#9852=CARTESIAN_POINT('',(-0.00188484658295141,-0.0375652007407177,0.12435));
#9853=CARTESIAN_POINT('',(-0.00188484658295141,-0.0375652007407177,0.12435));
#9854=CARTESIAN_POINT('',(1.71743045132567E-14,-0.0359999999999865,0.12435));
#9855=CARTESIAN_POINT('',(-0.00181561846141171,-0.0375688288328316,0.12435));
#9856=CARTESIAN_POINT('',(-0.00174639033986452,-0.0375724569249438,0.12435));
#9857=CARTESIAN_POINT('',(-0.00174639033986452,-0.0375724569249438,0.12435));
#9858=CARTESIAN_POINT('',(-0.00181561846141171,-0.0375688288328316,0.12435));
#9859=CARTESIAN_POINT('',(-0.0017500184319784,-0.0376416850464835,0.12435));
#9860=CARTESIAN_POINT('',(-0.00175364652409947,-0.0377109131680227,0.12435));
#9861=CARTESIAN_POINT('',(-0.00175364652409947,-0.0377109131680227,0.12435));
#9862=CARTESIAN_POINT('',(-0.0017500184319784,-0.0376416850464835,0.12435));
#9863=CARTESIAN_POINT('',(-1.1852714990046E-14,-0.0360000000000116,0.12435));
#9864=CARTESIAN_POINT('',(-0.00171091316802274,-0.0377536465240996,0.12435));
#9865=CARTESIAN_POINT('',(-0.00171091316802274,-0.0377536465240996,0.12435));
#9866=CARTESIAN_POINT('',(-1.1852714990046E-14,-0.0360000000000116,0.12435));
#9867=CARTESIAN_POINT('',(-0.00164168504648304,-0.0377500184319858,0.12435));
#9868=CARTESIAN_POINT('',(-0.00157245692494292,-0.0377463903398719,0.12435));
#9869=CARTESIAN_POINT('',(-0.00157245692494292,-0.0377463903398719,0.12435));
#9870=CARTESIAN_POINT('',(-0.00164168504648304,-0.0377500184319858,0.12435));
#9871=CARTESIAN_POINT('',(-0.00156882883282908,-0.0378156184614116,0.12435));
#9872=CARTESIAN_POINT('',(-0.00156520074071559,-0.0378848465829512,0.12435));
#9873=CARTESIAN_POINT('',(-0.00156520074071559,-0.0378848465829512,0.12435));
#9874=CARTESIAN_POINT('',(-0.00156882883282908,-0.0378156184614116,0.12435));
#9875=CARTESIAN_POINT('',(-2.1635145931731E-14,-0.0360000000000259,0.12435));
#9876=CARTESIAN_POINT('',(-0.00151823463039375,-0.0379228789891911,0.12435));
#9877=CARTESIAN_POINT('',(-0.00151823463039375,-0.0379228789891911,0.12435));
#9878=CARTESIAN_POINT('',(-2.1635145931731E-14,-0.0360000000000259,0.12435));
#9879=CARTESIAN_POINT('',(-0.00144976498664055,-0.037912034462986,0.12435));
#9880=CARTESIAN_POINT('',(-0.00138129534288658,-0.0379011899367811,0.12435));
#9881=CARTESIAN_POINT('',(-0.00138129534288658,-0.0379011899367811,0.12435));
#9882=CARTESIAN_POINT('',(-0.00144976498664055,-0.037912034462986,0.12435));
#9883=CARTESIAN_POINT('',(-0.00137045081668151,-0.0379696595805343,0.12435));
#9884=CARTESIAN_POINT('',(-0.0013596062904771,-0.0380381292242875,0.12435));
#9885=CARTESIAN_POINT('',(-0.0013596062904771,-0.0380381292242875,0.12435));
#9886=CARTESIAN_POINT('',(-0.00137045081668151,-0.0379696595805343,0.12435));
#9887=CARTESIAN_POINT('',(-7.84008274967718E-15,-0.0360000000000119,0.12435));
#9888=CARTESIAN_POINT('',(-0.00130892199644431,-0.0380710439896846,0.12435));
#9889=CARTESIAN_POINT('',(-0.00130892199644431,-0.0380710439896846,0.12435));
#9890=CARTESIAN_POINT('',(-7.84008274967718E-15,-0.0360000000000119,0.12435));
#9891=CARTESIAN_POINT('',(-0.00124196099822278,-0.0380531018442868,0.12435));
#9892=CARTESIAN_POINT('',(-0.00117499999999013,-0.0380351596988908,0.12435));
#9893=CARTESIAN_POINT('',(-0.00117499999999013,-0.0380351596988908,0.12435));
#9894=CARTESIAN_POINT('',(-0.00124196099822278,-0.0380531018442868,0.12435));
#9895=CARTESIAN_POINT('',(-0.00115705785459235,-0.0381021206971124,0.12435));
#9896=CARTESIAN_POINT('',(-0.00113911570920425,-0.0381690816953364,0.12435));
#9897=CARTESIAN_POINT('',(-0.00113911570920425,-0.0381690816953364,0.12435));
#9898=CARTESIAN_POINT('',(-0.00115705785459235,-0.0381021206971124,0.12435));
#9899=CARTESIAN_POINT('',(5.83994658187592E-15,-0.0359999999999876,0.12435));
#9900=CARTESIAN_POINT('',(-0.00108526853919186,-0.038196518198837,0.12435));
#9901=CARTESIAN_POINT('',(-0.00108526853919186,-0.038196518198837,0.12435));
#9902=CARTESIAN_POINT('',(5.83994658187592E-15,-0.0359999999999876,0.12435));
#9903=CARTESIAN_POINT('',(-0.00102054982521099,-0.038171675012146,0.12435));
#9904=CARTESIAN_POINT('',(-0.000955831111222868,-0.0381468318254582,0.12435));
#9905=CARTESIAN_POINT('',(-0.000955831111222868,-0.0381468318254582,0.12435));
#9906=CARTESIAN_POINT('',(-0.00102054982521099,-0.038171675012146,0.12435));
#9907=CARTESIAN_POINT('',(-0.000930987924531897,-0.038211550539439,0.12435));
#9908=CARTESIAN_POINT('',(-0.000906144737846067,-0.0382762692534218,0.12435));
#9909=CARTESIAN_POINT('',(-0.000906144737846067,-0.0382762692534218,0.12435));
#9910=CARTESIAN_POINT('',(-0.000930987924531897,-0.038211550539439,0.12435));
#9911=CARTESIAN_POINT('',(1.97052118545982E-14,-0.0359999999999491,0.12435));
#9912=CARTESIAN_POINT('',(-0.000849724652716256,-0.0382979268949538,0.12435));
#9913=CARTESIAN_POINT('',(-0.000849724652716256,-0.0382979268949538,0.12435));
#9914=CARTESIAN_POINT('',(1.97052118545982E-14,-0.0359999999999491,0.12435));
#9915=CARTESIAN_POINT('',(-0.00078795729474969,-0.0382664548541218,0.12435));
#9916=CARTESIAN_POINT('',(-0.000726189936787255,-0.0382349828132968,0.12435));
#9917=CARTESIAN_POINT('',(-0.000726189936787255,-0.0382349828132968,0.12435));
#9918=CARTESIAN_POINT('',(-0.00078795729474969,-0.0382664548541218,0.12435));
#9919=CARTESIAN_POINT('',(-0.000694717895955211,-0.0382967501712633,0.12435));
#9920=CARTESIAN_POINT('',(-0.000663245855117076,-0.0383585175292267,0.12435));
#9921=CARTESIAN_POINT('',(-0.000663245855117076,-0.0383585175292267,0.12435));
#9922=CARTESIAN_POINT('',(-0.000694717895955211,-0.0382967501712633,0.12435));
#9923=CARTESIAN_POINT('',(1.41226548684703E-14,-0.035999999999949,0.12435));
#9924=CARTESIAN_POINT('',(-0.000604871005125657,-0.0383741590231423,0.12435));
#9925=CARTESIAN_POINT('',(-0.000604871005125657,-0.0383741590231423,0.12435));
#9926=CARTESIAN_POINT('',(1.41226548684703E-14,-0.035999999999949,0.12435));
#9927=CARTESIAN_POINT('',(-0.0005467317392729,-0.0383364029424346,0.12435));
#9928=CARTESIAN_POINT('',(-0.000488592473419208,-0.0382986468617229,0.12435));
#9929=CARTESIAN_POINT('',(-0.000488592473419208,-0.0382986468617229,0.12435));
#9930=CARTESIAN_POINT('',(-0.0005467317392729,-0.0383364029424346,0.12435));
#9931=CARTESIAN_POINT('',(-0.00045083639271152,-0.0383567861275756,0.12435));
#9932=CARTESIAN_POINT('',(-0.000413080312006293,-0.0384149253934298,0.12435));
#9933=CARTESIAN_POINT('',(-0.000413080312006293,-0.0384149253934298,0.12435));
#9934=CARTESIAN_POINT('',(-0.00045083639271152,-0.0383567861275756,0.12435));
#9935=CARTESIAN_POINT('',(2.7981360718049E-15,-0.035999999999986,0.12435));
#9936=CARTESIAN_POINT('',(-0.000353390264228186,-0.0384243793682428,0.12435));
#9937=CARTESIAN_POINT('',(-0.000353390264228186,-0.0384243793682428,0.12435));
#9938=CARTESIAN_POINT('',(2.7981360718049E-15,-0.035999999999986,0.12435));
#9939=CARTESIAN_POINT('',(-0.000299516076452363,-0.0383807529111807,0.12435));
#9940=CARTESIAN_POINT('',(-0.000245641888670122,-0.0383371264541083,0.12435));
#9941=CARTESIAN_POINT('',(-0.000245641888670122,-0.0383371264541083,0.12435));
#9942=CARTESIAN_POINT('',(-0.000299516076452363,-0.0383807529111807,0.12435));
#9943=CARTESIAN_POINT('',(-0.000202015431607978,-0.0383910006418842,0.12435));
#9944=CARTESIAN_POINT('',(-0.00015838897455458,-0.038444874829667,0.12435));
#9945=CARTESIAN_POINT('',(-0.00015838897455458,-0.038444874829667,0.12435));
#9946=CARTESIAN_POINT('',(-0.000202015431607978,-0.0383910006418842,0.12435));
#9947=CARTESIAN_POINT('',(3.00013648906611E-15,-0.0359999999999518,0.12435));
#9948=CARTESIAN_POINT('',(-9.80377056449076E-5,-0.03844803770565,0.12435));
#9949=CARTESIAN_POINT('',(-9.80377056449076E-5,-0.03844803770565,0.12435));
#9950=CARTESIAN_POINT('',(3.00013648906611E-15,-0.0359999999999518,0.12435));
#9951=CARTESIAN_POINT('',(-4.90188528211929E-5,-0.0383990188528262,0.12435));
#9952=CARTESIAN_POINT('',(1.83013326715553E-16,-0.03835,0.12435));
#9953=CARTESIAN_POINT('',(1.83013326715553E-16,-0.03835,0.12435));
#9954=CARTESIAN_POINT('',(-4.90188528211929E-5,-0.0383990188528262,0.12435));
#9955=CARTESIAN_POINT('',(4.90188528238804E-5,-0.0383990188528235,0.12435));
#9956=CARTESIAN_POINT('',(9.80377056473845E-5,-0.0384480377056473,0.12435));
#9957=CARTESIAN_POINT('',(9.80377056473845E-5,-0.0384480377056473,0.12435));
#9958=CARTESIAN_POINT('',(4.90188528238804E-5,-0.0383990188528235,0.12435));
#9959=CARTESIAN_POINT('',(-3.0526457555323E-15,-0.0359999999999501,0.12435));
#9960=CARTESIAN_POINT('',(0.000158388974547754,-0.0384448748296616,0.12435));
#9961=CARTESIAN_POINT('',(0.000158388974547754,-0.0384448748296616,0.12435));
#9962=CARTESIAN_POINT('',(-3.0526457555323E-15,-0.0359999999999501,0.12435));
#9963=CARTESIAN_POINT('',(0.000202015431609908,-0.0383910006418857,0.12435));
#9964=CARTESIAN_POINT('',(0.00024564188867782,-0.0383371264541169,0.12435));
#9965=CARTESIAN_POINT('',(0.00024564188867782,-0.0383371264541169,0.12435));
#9966=CARTESIAN_POINT('',(0.000202015431609908,-0.0383910006418857,0.12435));
#9967=CARTESIAN_POINT('',(0.000299516076453638,-0.0383807529111791,0.12435));
#9968=CARTESIAN_POINT('',(0.000353390264230596,-0.0384243793682397,0.12435));
#9969=CARTESIAN_POINT('',(0.000353390264230596,-0.0384243793682397,0.12435));
#9970=CARTESIAN_POINT('',(0.000299516076453638,-0.0383807529111791,0.12435));
#9971=CARTESIAN_POINT('',(-2.80933045923582E-15,-0.0359999999999856,0.12435));
#9972=CARTESIAN_POINT('',(0.000413080312006798,-0.0384149253934302,0.12435));
#9973=CARTESIAN_POINT('',(0.000413080312006798,-0.0384149253934302,0.12435));
#9974=CARTESIAN_POINT('',(-2.80933045923582E-15,-0.0359999999999856,0.12435));
#9975=CARTESIAN_POINT('',(0.000450836392714505,-0.0383567861275775,0.12435));
#9976=CARTESIAN_POINT('',(0.000488592473422677,-0.0382986468617231,0.12435));
#9977=CARTESIAN_POINT('',(0.000488592473422677,-0.0382986468617231,0.12435));
#9978=CARTESIAN_POINT('',(0.000450836392714505,-0.0383567861275775,0.12435));
#9979=CARTESIAN_POINT('',(0.000546731739275419,-0.0383364029424308,0.12435));
#9980=CARTESIAN_POINT('',(0.000604871005127208,-0.0383741590231398,0.12435));
#9981=CARTESIAN_POINT('',(0.000604871005127208,-0.0383741590231398,0.12435));
#9982=CARTESIAN_POINT('',(0.000546731739275419,-0.0383364029424308,0.12435));
#9983=CARTESIAN_POINT('',(-1.4189929613273E-14,-0.0359999999999484,0.12435));
#9984=CARTESIAN_POINT('',(0.000663245855116824,-0.0383585175292267,0.12435));
#9985=CARTESIAN_POINT('',(0.000663245855116824,-0.0383585175292267,0.12435));
#9986=CARTESIAN_POINT('',(-1.4189929613273E-14,-0.0359999999999484,0.12435));
#9987=CARTESIAN_POINT('',(0.000694717895948825,-0.0382967501712601,0.12435));
#9988=CARTESIAN_POINT('',(0.000726189936780826,-0.0382349828132935,0.12435));
#9989=CARTESIAN_POINT('',(0.000726189936780826,-0.0382349828132935,0.12435));
#9990=CARTESIAN_POINT('',(0.000694717895948825,-0.0382967501712601,0.12435));
#9991=CARTESIAN_POINT('',(0.00078795729475094,-0.0382664548541193,0.12435));
#9992=CARTESIAN_POINT('',(0.000849724652717503,-0.0382979268949514,0.12435));
#9993=CARTESIAN_POINT('',(0.000849724652717503,-0.0382979268949514,0.12435));
#9994=CARTESIAN_POINT('',(0.00078795729475094,-0.0382664548541193,0.12435));
#9995=CARTESIAN_POINT('',(-1.97456525956319E-14,-0.0359999999999487,0.12435));
#9996=CARTESIAN_POINT('',(0.000906144737846087,-0.0382762692534218,0.12435));
#9997=CARTESIAN_POINT('',(0.000906144737846087,-0.0382762692534218,0.12435));
#9998=CARTESIAN_POINT('',(-1.97456525956319E-14,-0.0359999999999487,0.12435));
#9999=CARTESIAN_POINT('',(0.000930987924531934,-0.038211550539439,0.12435));
#10000=CARTESIAN_POINT('',(0.000930987924531934,-0.038211550539439,0.12435));
#10001=CARTESIAN_POINT('',(0.,0.,0.12435));
#10002=MECHANICAL_DESIGN_GEOMETRIC_PRESENTATION_REPRESENTATION('',(#5127),
#10003);
#10003=(
GEOMETRIC_REPRESENTATION_CONTEXT(3)
GLOBAL_UNCERTAINTY_ASSIGNED_CONTEXT((#10004))
GLOBAL_UNIT_ASSIGNED_CONTEXT((#10007,#10006,#10005))
REPRESENTATION_CONTEXT('TurntableGear','TOP_LEVEL_ASSEMBLY_PART')
);
#10004=UNCERTAINTY_MEASURE_WITH_UNIT(LENGTH_MEASURE(2.E-5),#10007,
'DISTANCE_ACCURACY_VALUE','Maximum Tolerance applied to model');
#10005=(
NAMED_UNIT(*)
SI_UNIT($,.STERADIAN.)
SOLID_ANGLE_UNIT()
);
#10006=(
NAMED_UNIT(*)
PLANE_ANGLE_UNIT()
SI_UNIT($,.RADIAN.)
);
#10007=(
LENGTH_UNIT()
NAMED_UNIT(*)
SI_UNIT($,.METRE.)
);
#10008=PRODUCT_DEFINITION_SHAPE('','',#10009);
#10009=PRODUCT_DEFINITION('','',#10011,#10010);
#10010=PRODUCT_DEFINITION_CONTEXT('',#10017,'design');
#10011=PRODUCT_DEFINITION_FORMATION_WITH_SPECIFIED_SOURCE('','',#10013,
 .NOT_KNOWN.);
#10012=PRODUCT_RELATED_PRODUCT_CATEGORY('','',(#10013));
#10013=PRODUCT('TurntableGear','TurntableGear','TurntableGear',(#10015));
#10014=PRODUCT_CATEGORY('','');
#10015=PRODUCT_CONTEXT('',#10017,'mechanical');
#10016=APPLICATION_PROTOCOL_DEFINITION('international standard',
'ap242_managed_model_based_3d_engineering',2011,#10017);
#10017=APPLICATION_CONTEXT('managed model based 3d engineering');
ENDSEC;
END-ISO-10303-21;
