ISO-10303-21;
HEADER;
/* Generated by software containing ST-Developer
 * from STEP Tools, Inc. (www.steptools.com) 
 */
/* OPTION: using custom renumber hook */

FILE_DESCRIPTION(
/* description */ ('STEP AP242',
'CAx-IF Rec.Pracs.---Representation and Presentation of Product Manufa
cturing Information (PMI)---4.0---2014-10-13',
'CAx-IF Rec.Pracs.---3D Tessellated Geometry---0.4---2014-09-14','2;1',
'CAx-IF Rec.Pracs.---User Defined Attributes---1.5---2016-08-15'),
/* implementation_level */ '2;1');

FILE_NAME(
/* name */ 'Assembly 1 - ControlPanelMount',
/* time_stamp */ '2025-11-19T05:29:14Z',
/* author */ (''),
/* organization */ (''),
/* preprocessor_version */ 'ST-DEVELOPER v20',
/* originating_system */ 'ONSHAPE BY PTC INC, 1.206',
/* authorisation */ '  ');

FILE_SCHEMA (('AP242_MANAGED_MODEL_BASED_3D_ENGINEERING_MIM_LF { 1 0 10303 442 1 1 4 }'));
ENDSEC;

DATA;
#10=SHAPE_REPRESENTATION_RELATIONSHIP('','',#976,#11);
#11=ADVANCED_BREP_SHAPE_REPRESENTATION('',(#974),#2428);
#12=CYLINDRICAL_SURFACE('',#1008,0.000492439332776245);
#13=B_SPLINE_SURFACE_WITH_KNOTS('',3,1,((#1511,#1512),(#1513,#1514),(#1515,
#1516),(#1517,#1518)),.SURF_OF_LINEAR_EXTRUSION.,.F.,.F.,.F.,(4,4),(2,2),
(-7.75524486430443E-12,1.00600230929875),(0.,1.),
 .PIECEWISE_BEZIER_KNOTS.);
#14=B_SPLINE_SURFACE_WITH_KNOTS('',3,1,((#1564,#1565),(#1566,#1567),(#1568,
#1569),(#1570,#1571)),.SURF_OF_LINEAR_EXTRUSION.,.F.,.F.,.F.,(4,4),(2,2),
(-1.01985510795603E-8,0.999999992725858),(0.,1.),
 .PIECEWISE_BEZIER_KNOTS.);
#15=B_SPLINE_SURFACE_WITH_KNOTS('',2,3,((#1582,#1583,#1584,#1585,#1586,
#1587,#1588,#1589,#1590,#1591,#1592,#1593,#1594,#1595),(#1596,#1597,#1598,
#1599,#1600,#1601,#1602,#1603,#1604,#1605,#1606,#1607,#1608,#1609),(#1610,
#1611,#1612,#1613,#1614,#1615,#1616,#1617,#1618,#1619,#1620,#1621,#1622,
#1623)),.UNSPECIFIED.,.F.,.F.,.F.,(3,3),(4,2,2,2,2,2,4),(0.,1.),(0.00158515167130085,
0.00164625731698014,0.00231460151961085,0.00298294572224155,0.00431963412750295,
0.00699301093802576,0.0118916372424684),.UNSPECIFIED.);
#16=B_SPLINE_SURFACE_WITH_KNOTS('',2,3,((#1624,#1625,#1626,#1627,#1628,
#1629,#1630,#1631,#1632,#1633,#1634,#1635,#1636,#1637),(#1638,#1639,#1640,
#1641,#1642,#1643,#1644,#1645,#1646,#1647,#1648,#1649,#1650,#1651),(#1652,
#1653,#1654,#1655,#1656,#1657,#1658,#1659,#1660,#1661,#1662,#1663,#1664,
#1665)),.UNSPECIFIED.,.F.,.F.,.F.,(3,3),(4,2,2,2,2,2,4),(0.,1.),(0.00158515167105386,
0.00164625731673272,0.00231460151936404,0.00298294572199535,0.00431963412725798,
0.00699301093778325,0.0118916372422218),.UNSPECIFIED.);
#17=B_SPLINE_SURFACE_WITH_KNOTS('',3,3,((#1666,#1667,#1668,#1669,#1670,
#1671,#1672,#1673,#1674,#1675),(#1676,#1677,#1678,#1679,#1680,#1681,#1682,
#1683,#1684,#1685),(#1686,#1687,#1688,#1689,#1690,#1691,#1692,#1693,#1694,
#1695),(#1696,#1697,#1698,#1699,#1700,#1701,#1702,#1703,#1704,#1705),(#1706,
#1707,#1708,#1709,#1710,#1711,#1712,#1713,#1714,#1715),(#1716,#1717,#1718,
#1719,#1720,#1721,#1722,#1723,#1724,#1725),(#1726,#1727,#1728,#1729,#1730,
#1731,#1732,#1733,#1734,#1735),(#1736,#1737,#1738,#1739,#1740,#1741,#1742,
#1743,#1744,#1745),(#1746,#1747,#1748,#1749,#1750,#1751,#1752,#1753,#1754,
#1755),(#1756,#1757,#1758,#1759,#1760,#1761,#1762,#1763,#1764,#1765)),
 .UNSPECIFIED.,.F.,.F.,.F.,(4,2,2,2,4),(4,2,2,2,4),(0.,0.25,0.5,0.75,1.),
(0.,0.25,0.5,0.75,1.),.UNSPECIFIED.);
#18=B_SPLINE_SURFACE_WITH_KNOTS('',3,3,((#1795,#1796,#1797,#1798,#1799,
#1800),(#1801,#1802,#1803,#1804,#1805,#1806),(#1807,#1808,#1809,#1810,#1811,
#1812),(#1813,#1814,#1815,#1816,#1817,#1818),(#1819,#1820,#1821,#1822,#1823,
#1824),(#1825,#1826,#1827,#1828,#1829,#1830)),.UNSPECIFIED.,.F.,.F.,.F.,
(4,2,4),(4,2,4),(0.,0.5,1.),(0.,0.5,1.),.UNSPECIFIED.);
#19=B_SPLINE_SURFACE_WITH_KNOTS('',3,3,((#1846,#1847,#1848,#1849,#1850,
#1851,#1852,#1853,#1854,#1855),(#1856,#1857,#1858,#1859,#1860,#1861,#1862,
#1863,#1864,#1865),(#1866,#1867,#1868,#1869,#1870,#1871,#1872,#1873,#1874,
#1875),(#1876,#1877,#1878,#1879,#1880,#1881,#1882,#1883,#1884,#1885),(#1886,
#1887,#1888,#1889,#1890,#1891,#1892,#1893,#1894,#1895),(#1896,#1897,#1898,
#1899,#1900,#1901,#1902,#1903,#1904,#1905),(#1906,#1907,#1908,#1909,#1910,
#1911,#1912,#1913,#1914,#1915),(#1916,#1917,#1918,#1919,#1920,#1921,#1922,
#1923,#1924,#1925),(#1926,#1927,#1928,#1929,#1930,#1931,#1932,#1933,#1934,
#1935),(#1936,#1937,#1938,#1939,#1940,#1941,#1942,#1943,#1944,#1945)),
 .UNSPECIFIED.,.F.,.F.,.F.,(4,2,2,2,4),(4,2,2,2,4),(0.,0.25,0.5,0.75,1.),
(0.,0.25,0.5,0.75,1.),.UNSPECIFIED.);
#20=B_SPLINE_SURFACE_WITH_KNOTS('',3,3,((#1975,#1976,#1977,#1978,#1979,
#1980),(#1981,#1982,#1983,#1984,#1985,#1986),(#1987,#1988,#1989,#1990,#1991,
#1992),(#1993,#1994,#1995,#1996,#1997,#1998),(#1999,#2000,#2001,#2002,#2003,
#2004),(#2005,#2006,#2007,#2008,#2009,#2010)),.UNSPECIFIED.,.F.,.F.,.F.,
(4,2,4),(4,2,4),(0.,0.5,1.),(0.,0.5,1.),.UNSPECIFIED.);
#21=B_SPLINE_SURFACE_WITH_KNOTS('',3,1,((#2026,#2027),(#2028,#2029),(#2030,
#2031),(#2032,#2033)),.SURF_OF_LINEAR_EXTRUSION.,.F.,.F.,.F.,(4,4),(2,2),
(-4.98472692394349E-14,1.00000000000006),(0.,1.),
 .PIECEWISE_BEZIER_KNOTS.);
#22=B_SPLINE_SURFACE_WITH_KNOTS('',3,1,((#2038,#2039),(#2040,#2041),(#2042,
#2043),(#2044,#2045)),.SURF_OF_LINEAR_EXTRUSION.,.F.,.F.,.F.,(4,4),(2,2),
(-1.19875199512562E-12,0.999999999968939),(0.,1.),
 .PIECEWISE_BEZIER_KNOTS.);
#23=B_SPLINE_SURFACE_WITH_KNOTS('',3,3,((#2050,#2051,#2052,#2053),(#2054,
#2055,#2056,#2057),(#2058,#2059,#2060,#2061),(#2062,#2063,#2064,#2065),
(#2066,#2067,#2068,#2069),(#2070,#2071,#2072,#2073),(#2074,#2075,#2076,
#2077),(#2078,#2079,#2080,#2081),(#2082,#2083,#2084,#2085),(#2086,#2087,
#2088,#2089)),.UNSPECIFIED.,.F.,.F.,.F.,(4,2,2,2,4),(4,4),(0.,0.25,0.5,
0.75,1.),(0.,1.),.UNSPECIFIED.);
#24=B_SPLINE_SURFACE_WITH_KNOTS('',3,3,((#2090,#2091,#2092,#2093),(#2094,
#2095,#2096,#2097),(#2098,#2099,#2100,#2101),(#2102,#2103,#2104,#2105),
(#2106,#2107,#2108,#2109),(#2110,#2111,#2112,#2113),(#2114,#2115,#2116,
#2117),(#2118,#2119,#2120,#2121),(#2122,#2123,#2124,#2125),(#2126,#2127,
#2128,#2129)),.UNSPECIFIED.,.F.,.F.,.F.,(4,2,2,2,4),(4,4),(0.,0.25,0.5,
0.75,1.),(0.,1.),.UNSPECIFIED.);
#25=B_SPLINE_SURFACE_WITH_KNOTS('',3,1,((#2134,#2135),(#2136,#2137),(#2138,
#2139),(#2140,#2141)),.SURF_OF_LINEAR_EXTRUSION.,.F.,.F.,.F.,(4,4),(2,2),
(-6.18772776474269E-14,1.00000000004886),(0.,1.),
 .PIECEWISE_BEZIER_KNOTS.);
#26=B_SPLINE_SURFACE_WITH_KNOTS('',3,1,((#2146,#2147),(#2148,#2149),(#2150,
#2151),(#2152,#2153)),.SURF_OF_LINEAR_EXTRUSION.,.F.,.F.,.F.,(4,4),(2,2),
(-9.14073951915228E-14,1.00000000000088),(0.,1.),
 .PIECEWISE_BEZIER_KNOTS.);
#27=B_SPLINE_SURFACE_WITH_KNOTS('',3,3,((#2158,#2159,#2160,#2161,#2162,
#2163),(#2164,#2165,#2166,#2167,#2168,#2169),(#2170,#2171,#2172,#2173,#2174,
#2175),(#2176,#2177,#2178,#2179,#2180,#2181),(#2182,#2183,#2184,#2185,#2186,
#2187),(#2188,#2189,#2190,#2191,#2192,#2193)),.UNSPECIFIED.,.F.,.F.,.F.,
(4,2,4),(4,2,4),(0.,0.5,1.),(0.,0.5,1.),.UNSPECIFIED.);
#28=B_SPLINE_SURFACE_WITH_KNOTS('',3,3,((#2198,#2199,#2200,#2201),(#2202,
#2203,#2204,#2205),(#2206,#2207,#2208,#2209),(#2210,#2211,#2212,#2213),
(#2214,#2215,#2216,#2217),(#2218,#2219,#2220,#2221),(#2222,#2223,#2224,
#2225),(#2226,#2227,#2228,#2229),(#2230,#2231,#2232,#2233),(#2234,#2235,
#2236,#2237)),.UNSPECIFIED.,.F.,.F.,.F.,(4,2,2,2,4),(4,4),(0.,0.25,0.5,
0.75,1.),(0.,1.),.UNSPECIFIED.);
#29=B_SPLINE_SURFACE_WITH_KNOTS('',3,3,((#2238,#2239,#2240,#2241),(#2242,
#2243,#2244,#2245),(#2246,#2247,#2248,#2249),(#2250,#2251,#2252,#2253),
(#2254,#2255,#2256,#2257),(#2258,#2259,#2260,#2261),(#2262,#2263,#2264,
#2265),(#2266,#2267,#2268,#2269),(#2270,#2271,#2272,#2273),(#2274,#2275,
#2276,#2277)),.UNSPECIFIED.,.F.,.F.,.F.,(4,2,2,2,4),(4,4),(0.,0.25,0.5,
0.75,1.),(0.,1.),.UNSPECIFIED.);
#30=B_SPLINE_SURFACE_WITH_KNOTS('',3,3,((#2282,#2283,#2284,#2285),(#2286,
#2287,#2288,#2289),(#2290,#2291,#2292,#2293),(#2294,#2295,#2296,#2297),
(#2298,#2299,#2300,#2301),(#2302,#2303,#2304,#2305),(#2306,#2307,#2308,
#2309),(#2310,#2311,#2312,#2313),(#2314,#2315,#2316,#2317),(#2318,#2319,
#2320,#2321)),.UNSPECIFIED.,.F.,.F.,.F.,(4,2,2,2,4),(4,4),(0.,0.25,0.5,
0.75,1.),(0.,1.),.UNSPECIFIED.);
#31=B_SPLINE_SURFACE_WITH_KNOTS('',3,3,((#2326,#2327,#2328,#2329,#2330,
#2331),(#2332,#2333,#2334,#2335,#2336,#2337),(#2338,#2339,#2340,#2341,#2342,
#2343),(#2344,#2345,#2346,#2347,#2348,#2349),(#2350,#2351,#2352,#2353,#2354,
#2355),(#2356,#2357,#2358,#2359,#2360,#2361)),.UNSPECIFIED.,.F.,.F.,.F.,
(4,2,4),(4,2,4),(0.,0.5,1.),(0.,0.5,1.),.UNSPECIFIED.);
#32=B_SPLINE_SURFACE_WITH_KNOTS('',3,3,((#2371,#2372,#2373,#2374),(#2375,
#2376,#2377,#2378),(#2379,#2380,#2381,#2382),(#2383,#2384,#2385,#2386),
(#2387,#2388,#2389,#2390),(#2391,#2392,#2393,#2394),(#2395,#2396,#2397,
#2398),(#2399,#2400,#2401,#2402),(#2403,#2404,#2405,#2406),(#2407,#2408,
#2409,#2410)),.UNSPECIFIED.,.F.,.F.,.F.,(4,2,2,2,4),(4,4),(0.,0.25,0.5,
0.75,1.),(0.,1.),.UNSPECIFIED.);
#33=B_SPLINE_SURFACE_WITH_KNOTS('',3,1,((#2411,#2412),(#2413,#2414),(#2415,
#2416),(#2417,#2418)),.SURF_OF_LINEAR_EXTRUSION.,.F.,.F.,.F.,(4,4),(2,2),
(-2.02918484033919E-11,1.00000000000011),(0.,1.),
 .PIECEWISE_BEZIER_KNOTS.);
#34=B_SPLINE_SURFACE_WITH_KNOTS('',3,1,((#2419,#2420),(#2421,#2422),(#2423,
#2424),(#2425,#2426)),.SURF_OF_LINEAR_EXTRUSION.,.F.,.F.,.F.,(4,4),(2,2),
(-1.25449925520904E-11,1.0000000000002),(0.,1.),
 .PIECEWISE_BEZIER_KNOTS.);
#35=LINE('',#1154,#108);
#36=LINE('',#1156,#109);
#37=LINE('',#1158,#110);
#38=LINE('',#1160,#111);
#39=LINE('',#1162,#112);
#40=LINE('',#1164,#113);
#41=LINE('',#1166,#114);
#42=LINE('',#1168,#115);
#43=LINE('',#1170,#116);
#44=LINE('',#1172,#117);
#45=LINE('',#1174,#118);
#46=LINE('',#1182,#119);
#47=LINE('',#1184,#120);
#48=LINE('',#1186,#121);
#49=LINE('',#1188,#122);
#50=LINE('',#1190,#123);
#51=LINE('',#1192,#124);
#52=LINE('',#1194,#125);
#53=LINE('',#1196,#126);
#54=LINE('',#1198,#127);
#55=LINE('',#1200,#128);
#56=LINE('',#1202,#129);
#57=LINE('',#1204,#130);
#58=LINE('',#1206,#131);
#59=LINE('',#1214,#132);
#60=LINE('',#1216,#133);
#61=LINE('',#1217,#134);
#62=LINE('',#1218,#135);
#63=LINE('',#1220,#136);
#64=LINE('',#1227,#137);
#65=LINE('',#1228,#138);
#66=LINE('',#1230,#139);
#67=LINE('',#1231,#140);
#68=LINE('',#1233,#141);
#69=LINE('',#1236,#142);
#70=LINE('',#1238,#143);
#71=LINE('',#1240,#144);
#72=LINE('',#1242,#145);
#73=LINE('',#1250,#146);
#74=LINE('',#1252,#147);
#75=LINE('',#1254,#148);
#76=LINE('',#1281,#149);
#77=LINE('',#1288,#150);
#78=LINE('',#1290,#151);
#79=LINE('',#1292,#152);
#80=LINE('',#1294,#153);
#81=LINE('',#1296,#154);
#82=LINE('',#1309,#155);
#83=LINE('',#1336,#156);
#84=LINE('',#1338,#157);
#85=LINE('',#1340,#158);
#86=LINE('',#1342,#159);
#87=LINE('',#1344,#160);
#88=LINE('',#1346,#161);
#89=LINE('',#1348,#162);
#90=LINE('',#1350,#163);
#91=LINE('',#1362,#164);
#92=LINE('',#1364,#165);
#93=LINE('',#1366,#166);
#94=LINE('',#1367,#167);
#95=LINE('',#1374,#168);
#96=LINE('',#1442,#169);
#97=LINE('',#1451,#170);
#98=LINE('',#1452,#171);
#99=LINE('',#1465,#172);
#100=LINE('',#1468,#173);
#101=LINE('',#1470,#174);
#102=LINE('',#1473,#175);
#103=LINE('',#1475,#176);
#104=LINE('',#1478,#177);
#105=LINE('',#1519,#178);
#106=LINE('',#1558,#179);
#107=LINE('',#1572,#180);
#108=VECTOR('',#1013,1.);
#109=VECTOR('',#1014,1.);
#110=VECTOR('',#1015,1.);
#111=VECTOR('',#1016,1.);
#112=VECTOR('',#1017,1.);
#113=VECTOR('',#1018,1.);
#114=VECTOR('',#1019,1.);
#115=VECTOR('',#1020,1.);
#116=VECTOR('',#1021,1.);
#117=VECTOR('',#1022,1.);
#118=VECTOR('',#1025,1.);
#119=VECTOR('',#1026,1.);
#120=VECTOR('',#1027,1.);
#121=VECTOR('',#1028,1.);
#122=VECTOR('',#1029,1.);
#123=VECTOR('',#1030,1.);
#124=VECTOR('',#1031,1.);
#125=VECTOR('',#1032,1.);
#126=VECTOR('',#1033,1.);
#127=VECTOR('',#1034,1.);
#128=VECTOR('',#1037,1.);
#129=VECTOR('',#1038,1.);
#130=VECTOR('',#1039,1.);
#131=VECTOR('',#1042,1.);
#132=VECTOR('',#1043,1.);
#133=VECTOR('',#1044,1.);
#134=VECTOR('',#1045,1.);
#135=VECTOR('',#1046,1.);
#136=VECTOR('',#1047,1.);
#137=VECTOR('',#1050,1.);
#138=VECTOR('',#1051,1.);
#139=VECTOR('',#1054,1.);
#140=VECTOR('',#1055,1.);
#141=VECTOR('',#1058,1.);
#142=VECTOR('',#1059,1.);
#143=VECTOR('',#1060,1.);
#144=VECTOR('',#1061,1.);
#145=VECTOR('',#1064,1.);
#146=VECTOR('',#1065,1.);
#147=VECTOR('',#1066,1.);
#148=VECTOR('',#1067,1.);
#149=VECTOR('',#1070,1.);
#150=VECTOR('',#1071,1.);
#151=VECTOR('',#1072,1.);
#152=VECTOR('',#1073,1.);
#153=VECTOR('',#1074,1.);
#154=VECTOR('',#1075,1.);
#155=VECTOR('',#1078,1.);
#156=VECTOR('',#1081,1.);
#157=VECTOR('',#1082,1.);
#158=VECTOR('',#1083,1.);
#159=VECTOR('',#1086,1.);
#160=VECTOR('',#1087,1.);
#161=VECTOR('',#1090,1.);
#162=VECTOR('',#1091,1.);
#163=VECTOR('',#1094,1.);
#164=VECTOR('',#1097,1.);
#165=VECTOR('',#1098,1.);
#166=VECTOR('',#1099,1.);
#167=VECTOR('',#1100,1.);
#168=VECTOR('',#1101,1.);
#169=VECTOR('',#1108,1.);
#170=VECTOR('',#1111,1.);
#171=VECTOR('',#1112,1.);
#172=VECTOR('',#1115,1.);
#173=VECTOR('',#1120,1.);
#174=VECTOR('',#1123,1.);
#175=VECTOR('',#1128,1.);
#176=VECTOR('',#1131,1.);
#177=VECTOR('',#1136,1.);
#178=VECTOR('',#1137,1.);
#179=VECTOR('',#1140,1.);
#180=VECTOR('',#1141,1.);
#181=ORIENTED_EDGE('',*,*,#467,.F.);
#182=ORIENTED_EDGE('',*,*,#468,.T.);
#183=ORIENTED_EDGE('',*,*,#469,.T.);
#184=ORIENTED_EDGE('',*,*,#470,.F.);
#185=ORIENTED_EDGE('',*,*,#471,.F.);
#186=ORIENTED_EDGE('',*,*,#472,.T.);
#187=ORIENTED_EDGE('',*,*,#473,.F.);
#188=ORIENTED_EDGE('',*,*,#474,.F.);
#189=ORIENTED_EDGE('',*,*,#475,.T.);
#190=ORIENTED_EDGE('',*,*,#476,.T.);
#191=ORIENTED_EDGE('',*,*,#477,.T.);
#192=ORIENTED_EDGE('',*,*,#478,.F.);
#193=ORIENTED_EDGE('',*,*,#479,.T.);
#194=ORIENTED_EDGE('',*,*,#480,.F.);
#195=ORIENTED_EDGE('',*,*,#481,.T.);
#196=ORIENTED_EDGE('',*,*,#482,.F.);
#197=ORIENTED_EDGE('',*,*,#483,.T.);
#198=ORIENTED_EDGE('',*,*,#484,.T.);
#199=ORIENTED_EDGE('',*,*,#485,.T.);
#200=ORIENTED_EDGE('',*,*,#486,.T.);
#201=ORIENTED_EDGE('',*,*,#487,.T.);
#202=ORIENTED_EDGE('',*,*,#488,.F.);
#203=ORIENTED_EDGE('',*,*,#489,.F.);
#204=ORIENTED_EDGE('',*,*,#481,.F.);
#205=ORIENTED_EDGE('',*,*,#490,.F.);
#206=ORIENTED_EDGE('',*,*,#491,.F.);
#207=ORIENTED_EDGE('',*,*,#492,.F.);
#208=ORIENTED_EDGE('',*,*,#493,.T.);
#209=ORIENTED_EDGE('',*,*,#494,.F.);
#210=ORIENTED_EDGE('',*,*,#495,.F.);
#211=ORIENTED_EDGE('',*,*,#472,.F.);
#212=ORIENTED_EDGE('',*,*,#496,.F.);
#213=ORIENTED_EDGE('',*,*,#485,.F.);
#214=ORIENTED_EDGE('',*,*,#497,.T.);
#215=ORIENTED_EDGE('',*,*,#498,.F.);
#216=ORIENTED_EDGE('',*,*,#499,.T.);
#217=ORIENTED_EDGE('',*,*,#500,.T.);
#218=ORIENTED_EDGE('',*,*,#487,.F.);
#219=ORIENTED_EDGE('',*,*,#501,.F.);
#220=ORIENTED_EDGE('',*,*,#470,.T.);
#221=ORIENTED_EDGE('',*,*,#502,.F.);
#222=ORIENTED_EDGE('',*,*,#468,.F.);
#223=ORIENTED_EDGE('',*,*,#503,.T.);
#224=ORIENTED_EDGE('',*,*,#478,.T.);
#225=ORIENTED_EDGE('',*,*,#469,.F.);
#226=ORIENTED_EDGE('',*,*,#502,.T.);
#227=ORIENTED_EDGE('',*,*,#488,.T.);
#228=ORIENTED_EDGE('',*,*,#500,.F.);
#229=ORIENTED_EDGE('',*,*,#504,.F.);
#230=ORIENTED_EDGE('',*,*,#505,.T.);
#231=ORIENTED_EDGE('',*,*,#506,.T.);
#232=ORIENTED_EDGE('',*,*,#507,.F.);
#233=ORIENTED_EDGE('',*,*,#508,.T.);
#234=ORIENTED_EDGE('',*,*,#509,.T.);
#235=ORIENTED_EDGE('',*,*,#510,.F.);
#236=ORIENTED_EDGE('',*,*,#511,.F.);
#237=ORIENTED_EDGE('',*,*,#512,.F.);
#238=ORIENTED_EDGE('',*,*,#513,.T.);
#239=ORIENTED_EDGE('',*,*,#494,.T.);
#240=ORIENTED_EDGE('',*,*,#514,.T.);
#241=ORIENTED_EDGE('',*,*,#515,.T.);
#242=ORIENTED_EDGE('',*,*,#516,.T.);
#243=ORIENTED_EDGE('',*,*,#517,.T.);
#244=ORIENTED_EDGE('',*,*,#518,.F.);
#245=ORIENTED_EDGE('',*,*,#519,.T.);
#246=ORIENTED_EDGE('',*,*,#520,.F.);
#247=ORIENTED_EDGE('',*,*,#521,.T.);
#248=ORIENTED_EDGE('',*,*,#522,.F.);
#249=ORIENTED_EDGE('',*,*,#523,.F.);
#250=ORIENTED_EDGE('',*,*,#524,.T.);
#251=ORIENTED_EDGE('',*,*,#525,.T.);
#252=ORIENTED_EDGE('',*,*,#526,.T.);
#253=ORIENTED_EDGE('',*,*,#527,.F.);
#254=ORIENTED_EDGE('',*,*,#528,.T.);
#255=ORIENTED_EDGE('',*,*,#529,.T.);
#256=ORIENTED_EDGE('',*,*,#530,.T.);
#257=ORIENTED_EDGE('',*,*,#531,.T.);
#258=ORIENTED_EDGE('',*,*,#532,.T.);
#259=ORIENTED_EDGE('',*,*,#505,.F.);
#260=ORIENTED_EDGE('',*,*,#533,.T.);
#261=ORIENTED_EDGE('',*,*,#534,.T.);
#262=ORIENTED_EDGE('',*,*,#535,.F.);
#263=ORIENTED_EDGE('',*,*,#533,.F.);
#264=ORIENTED_EDGE('',*,*,#504,.T.);
#265=ORIENTED_EDGE('',*,*,#536,.T.);
#266=ORIENTED_EDGE('',*,*,#537,.F.);
#267=ORIENTED_EDGE('',*,*,#536,.F.);
#268=ORIENTED_EDGE('',*,*,#507,.T.);
#269=ORIENTED_EDGE('',*,*,#538,.T.);
#270=ORIENTED_EDGE('',*,*,#539,.F.);
#271=ORIENTED_EDGE('',*,*,#506,.F.);
#272=ORIENTED_EDGE('',*,*,#535,.T.);
#273=ORIENTED_EDGE('',*,*,#540,.T.);
#274=ORIENTED_EDGE('',*,*,#538,.F.);
#275=ORIENTED_EDGE('',*,*,#541,.T.);
#276=ORIENTED_EDGE('',*,*,#542,.T.);
#277=ORIENTED_EDGE('',*,*,#498,.T.);
#278=ORIENTED_EDGE('',*,*,#543,.F.);
#279=ORIENTED_EDGE('',*,*,#544,.F.);
#280=ORIENTED_EDGE('',*,*,#545,.T.);
#281=ORIENTED_EDGE('',*,*,#491,.T.);
#282=ORIENTED_EDGE('',*,*,#546,.T.);
#283=ORIENTED_EDGE('',*,*,#547,.T.);
#284=ORIENTED_EDGE('',*,*,#548,.T.);
#285=ORIENTED_EDGE('',*,*,#549,.T.);
#286=ORIENTED_EDGE('',*,*,#550,.T.);
#287=ORIENTED_EDGE('',*,*,#534,.F.);
#288=ORIENTED_EDGE('',*,*,#537,.T.);
#289=ORIENTED_EDGE('',*,*,#539,.T.);
#290=ORIENTED_EDGE('',*,*,#540,.F.);
#291=ORIENTED_EDGE('',*,*,#527,.T.);
#292=ORIENTED_EDGE('',*,*,#551,.T.);
#293=ORIENTED_EDGE('',*,*,#548,.F.);
#294=ORIENTED_EDGE('',*,*,#552,.T.);
#295=ORIENTED_EDGE('',*,*,#508,.F.);
#296=ORIENTED_EDGE('',*,*,#553,.T.);
#297=ORIENTED_EDGE('',*,*,#518,.T.);
#298=ORIENTED_EDGE('',*,*,#554,.T.);
#299=ORIENTED_EDGE('',*,*,#555,.T.);
#300=ORIENTED_EDGE('',*,*,#556,.T.);
#301=ORIENTED_EDGE('',*,*,#492,.T.);
#302=ORIENTED_EDGE('',*,*,#557,.T.);
#303=ORIENTED_EDGE('',*,*,#558,.T.);
#304=ORIENTED_EDGE('',*,*,#559,.T.);
#305=ORIENTED_EDGE('',*,*,#560,.T.);
#306=ORIENTED_EDGE('',*,*,#561,.T.);
#307=ORIENTED_EDGE('',*,*,#510,.T.);
#308=ORIENTED_EDGE('',*,*,#562,.T.);
#309=ORIENTED_EDGE('',*,*,#546,.F.);
#310=ORIENTED_EDGE('',*,*,#490,.T.);
#311=ORIENTED_EDGE('',*,*,#480,.T.);
#312=ORIENTED_EDGE('',*,*,#563,.T.);
#313=ORIENTED_EDGE('',*,*,#564,.T.);
#314=ORIENTED_EDGE('',*,*,#476,.F.);
#315=ORIENTED_EDGE('',*,*,#565,.T.);
#316=ORIENTED_EDGE('',*,*,#521,.F.);
#317=ORIENTED_EDGE('',*,*,#566,.F.);
#318=ORIENTED_EDGE('',*,*,#520,.T.);
#319=ORIENTED_EDGE('',*,*,#567,.T.);
#320=ORIENTED_EDGE('',*,*,#512,.T.);
#321=ORIENTED_EDGE('',*,*,#568,.T.);
#322=ORIENTED_EDGE('',*,*,#569,.F.);
#323=ORIENTED_EDGE('',*,*,#477,.F.);
#324=ORIENTED_EDGE('',*,*,#566,.T.);
#325=ORIENTED_EDGE('',*,*,#471,.T.);
#326=ORIENTED_EDGE('',*,*,#501,.T.);
#327=ORIENTED_EDGE('',*,*,#486,.F.);
#328=ORIENTED_EDGE('',*,*,#496,.T.);
#329=ORIENTED_EDGE('',*,*,#495,.T.);
#330=ORIENTED_EDGE('',*,*,#524,.F.);
#331=ORIENTED_EDGE('',*,*,#570,.F.);
#332=ORIENTED_EDGE('',*,*,#473,.T.);
#333=ORIENTED_EDGE('',*,*,#565,.F.);
#334=ORIENTED_EDGE('',*,*,#475,.F.);
#335=ORIENTED_EDGE('',*,*,#571,.T.);
#336=ORIENTED_EDGE('',*,*,#522,.T.);
#337=ORIENTED_EDGE('',*,*,#523,.T.);
#338=ORIENTED_EDGE('',*,*,#571,.F.);
#339=ORIENTED_EDGE('',*,*,#474,.T.);
#340=ORIENTED_EDGE('',*,*,#570,.T.);
#341=ORIENTED_EDGE('',*,*,#489,.T.);
#342=ORIENTED_EDGE('',*,*,#545,.F.);
#343=ORIENTED_EDGE('',*,*,#572,.F.);
#344=ORIENTED_EDGE('',*,*,#482,.T.);
#345=ORIENTED_EDGE('',*,*,#497,.F.);
#346=ORIENTED_EDGE('',*,*,#484,.F.);
#347=ORIENTED_EDGE('',*,*,#573,.T.);
#348=ORIENTED_EDGE('',*,*,#543,.T.);
#349=ORIENTED_EDGE('',*,*,#572,.T.);
#350=ORIENTED_EDGE('',*,*,#544,.T.);
#351=ORIENTED_EDGE('',*,*,#573,.F.);
#352=ORIENTED_EDGE('',*,*,#483,.F.);
#353=ORIENTED_EDGE('',*,*,#574,.F.);
#354=ORIENTED_EDGE('',*,*,#575,.T.);
#355=ORIENTED_EDGE('',*,*,#563,.F.);
#356=ORIENTED_EDGE('',*,*,#576,.T.);
#357=ORIENTED_EDGE('',*,*,#577,.F.);
#358=ORIENTED_EDGE('',*,*,#578,.T.);
#359=ORIENTED_EDGE('',*,*,#511,.T.);
#360=ORIENTED_EDGE('',*,*,#579,.T.);
#361=ORIENTED_EDGE('',*,*,#569,.T.);
#362=ORIENTED_EDGE('',*,*,#580,.T.);
#363=ORIENTED_EDGE('',*,*,#581,.F.);
#364=ORIENTED_EDGE('',*,*,#582,.F.);
#365=ORIENTED_EDGE('',*,*,#467,.T.);
#366=ORIENTED_EDGE('',*,*,#582,.T.);
#367=ORIENTED_EDGE('',*,*,#583,.F.);
#368=ORIENTED_EDGE('',*,*,#576,.F.);
#369=ORIENTED_EDGE('',*,*,#479,.F.);
#370=ORIENTED_EDGE('',*,*,#503,.F.);
#371=ORIENTED_EDGE('',*,*,#581,.T.);
#372=ORIENTED_EDGE('',*,*,#584,.T.);
#373=ORIENTED_EDGE('',*,*,#577,.T.);
#374=ORIENTED_EDGE('',*,*,#585,.T.);
#375=ORIENTED_EDGE('',*,*,#574,.T.);
#376=ORIENTED_EDGE('',*,*,#583,.T.);
#377=ORIENTED_EDGE('',*,*,#568,.F.);
#378=ORIENTED_EDGE('',*,*,#578,.F.);
#379=ORIENTED_EDGE('',*,*,#584,.F.);
#380=ORIENTED_EDGE('',*,*,#580,.F.);
#381=ORIENTED_EDGE('',*,*,#564,.F.);
#382=ORIENTED_EDGE('',*,*,#575,.F.);
#383=ORIENTED_EDGE('',*,*,#585,.F.);
#384=ORIENTED_EDGE('',*,*,#579,.F.);
#385=ORIENTED_EDGE('',*,*,#586,.F.);
#386=ORIENTED_EDGE('',*,*,#587,.T.);
#387=ORIENTED_EDGE('',*,*,#588,.T.);
#388=ORIENTED_EDGE('',*,*,#589,.T.);
#389=ORIENTED_EDGE('',*,*,#589,.F.);
#390=ORIENTED_EDGE('',*,*,#590,.T.);
#391=ORIENTED_EDGE('',*,*,#591,.F.);
#392=ORIENTED_EDGE('',*,*,#592,.T.);
#393=ORIENTED_EDGE('',*,*,#593,.F.);
#394=ORIENTED_EDGE('',*,*,#594,.T.);
#395=ORIENTED_EDGE('',*,*,#595,.T.);
#396=ORIENTED_EDGE('',*,*,#596,.T.);
#397=ORIENTED_EDGE('',*,*,#596,.F.);
#398=ORIENTED_EDGE('',*,*,#597,.T.);
#399=ORIENTED_EDGE('',*,*,#598,.F.);
#400=ORIENTED_EDGE('',*,*,#599,.T.);
#401=ORIENTED_EDGE('',*,*,#551,.F.);
#402=ORIENTED_EDGE('',*,*,#526,.F.);
#403=ORIENTED_EDGE('',*,*,#600,.F.);
#404=ORIENTED_EDGE('',*,*,#549,.F.);
#405=ORIENTED_EDGE('',*,*,#499,.F.);
#406=ORIENTED_EDGE('',*,*,#542,.F.);
#407=ORIENTED_EDGE('',*,*,#601,.F.);
#408=ORIENTED_EDGE('',*,*,#557,.F.);
#409=ORIENTED_EDGE('',*,*,#600,.T.);
#410=ORIENTED_EDGE('',*,*,#525,.F.);
#411=ORIENTED_EDGE('',*,*,#597,.F.);
#412=ORIENTED_EDGE('',*,*,#595,.F.);
#413=ORIENTED_EDGE('',*,*,#550,.F.);
#414=ORIENTED_EDGE('',*,*,#601,.T.);
#415=ORIENTED_EDGE('',*,*,#541,.F.);
#416=ORIENTED_EDGE('',*,*,#594,.F.);
#417=ORIENTED_EDGE('',*,*,#602,.F.);
#418=ORIENTED_EDGE('',*,*,#558,.F.);
#419=ORIENTED_EDGE('',*,*,#493,.F.);
#420=ORIENTED_EDGE('',*,*,#556,.F.);
#421=ORIENTED_EDGE('',*,*,#603,.F.);
#422=ORIENTED_EDGE('',*,*,#514,.F.);
#423=ORIENTED_EDGE('',*,*,#554,.F.);
#424=ORIENTED_EDGE('',*,*,#517,.F.);
#425=ORIENTED_EDGE('',*,*,#604,.F.);
#426=ORIENTED_EDGE('',*,*,#528,.F.);
#427=ORIENTED_EDGE('',*,*,#602,.T.);
#428=ORIENTED_EDGE('',*,*,#593,.T.);
#429=ORIENTED_EDGE('',*,*,#599,.F.);
#430=ORIENTED_EDGE('',*,*,#605,.F.);
#431=ORIENTED_EDGE('',*,*,#603,.T.);
#432=ORIENTED_EDGE('',*,*,#555,.F.);
#433=ORIENTED_EDGE('',*,*,#590,.F.);
#434=ORIENTED_EDGE('',*,*,#588,.F.);
#435=ORIENTED_EDGE('',*,*,#515,.F.);
#436=ORIENTED_EDGE('',*,*,#604,.T.);
#437=ORIENTED_EDGE('',*,*,#516,.F.);
#438=ORIENTED_EDGE('',*,*,#587,.F.);
#439=ORIENTED_EDGE('',*,*,#606,.F.);
#440=ORIENTED_EDGE('',*,*,#529,.F.);
#441=ORIENTED_EDGE('',*,*,#598,.T.);
#442=ORIENTED_EDGE('',*,*,#532,.F.);
#443=ORIENTED_EDGE('',*,*,#607,.F.);
#444=ORIENTED_EDGE('',*,*,#559,.F.);
#445=ORIENTED_EDGE('',*,*,#605,.T.);
#446=ORIENTED_EDGE('',*,*,#606,.T.);
#447=ORIENTED_EDGE('',*,*,#586,.T.);
#448=ORIENTED_EDGE('',*,*,#592,.F.);
#449=ORIENTED_EDGE('',*,*,#608,.F.);
#450=ORIENTED_EDGE('',*,*,#607,.T.);
#451=ORIENTED_EDGE('',*,*,#531,.F.);
#452=ORIENTED_EDGE('',*,*,#609,.F.);
#453=ORIENTED_EDGE('',*,*,#560,.F.);
#454=ORIENTED_EDGE('',*,*,#591,.T.);
#455=ORIENTED_EDGE('',*,*,#561,.F.);
#456=ORIENTED_EDGE('',*,*,#609,.T.);
#457=ORIENTED_EDGE('',*,*,#530,.F.);
#458=ORIENTED_EDGE('',*,*,#608,.T.);
#459=ORIENTED_EDGE('',*,*,#562,.F.);
#460=ORIENTED_EDGE('',*,*,#509,.F.);
#461=ORIENTED_EDGE('',*,*,#552,.F.);
#462=ORIENTED_EDGE('',*,*,#547,.F.);
#463=ORIENTED_EDGE('',*,*,#567,.F.);
#464=ORIENTED_EDGE('',*,*,#519,.F.);
#465=ORIENTED_EDGE('',*,*,#553,.F.);
#466=ORIENTED_EDGE('',*,*,#513,.F.);
#467=EDGE_CURVE('',#610,#611,#702,.T.);
#468=EDGE_CURVE('',#610,#612,#35,.T.);
#469=EDGE_CURVE('',#612,#613,#36,.T.);
#470=EDGE_CURVE('',#614,#613,#37,.T.);
#471=EDGE_CURVE('',#615,#614,#38,.T.);
#472=EDGE_CURVE('',#615,#616,#39,.F.);
#473=EDGE_CURVE('',#617,#616,#40,.T.);
#474=EDGE_CURVE('',#618,#617,#41,.T.);
#475=EDGE_CURVE('',#618,#619,#42,.T.);
#476=EDGE_CURVE('',#619,#620,#43,.F.);
#477=EDGE_CURVE('',#620,#611,#44,.T.);
#478=EDGE_CURVE('',#621,#622,#45,.T.);
#479=EDGE_CURVE('',#621,#623,#703,.T.);
#480=EDGE_CURVE('',#624,#623,#46,.T.);
#481=EDGE_CURVE('',#624,#625,#47,.F.);
#482=EDGE_CURVE('',#626,#625,#48,.T.);
#483=EDGE_CURVE('',#626,#627,#49,.T.);
#484=EDGE_CURVE('',#627,#628,#50,.T.);
#485=EDGE_CURVE('',#628,#629,#51,.F.);
#486=EDGE_CURVE('',#629,#630,#52,.T.);
#487=EDGE_CURVE('',#630,#631,#53,.T.);
#488=EDGE_CURVE('',#622,#631,#54,.T.);
#489=EDGE_CURVE('',#625,#632,#55,.T.);
#490=EDGE_CURVE('',#633,#624,#56,.F.);
#491=EDGE_CURVE('',#632,#633,#57,.F.);
#492=EDGE_CURVE('',#634,#635,#58,.F.);
#493=EDGE_CURVE('',#634,#636,#704,.T.);
#494=EDGE_CURVE('',#637,#636,#59,.F.);
#495=EDGE_CURVE('',#616,#637,#60,.T.);
#496=EDGE_CURVE('',#629,#615,#61,.F.);
#497=EDGE_CURVE('',#628,#638,#62,.T.);
#498=EDGE_CURVE('',#639,#638,#63,.F.);
#499=EDGE_CURVE('',#639,#635,#705,.T.);
#500=EDGE_CURVE('',#613,#631,#64,.T.);
#501=EDGE_CURVE('',#614,#630,#65,.T.);
#502=EDGE_CURVE('',#612,#622,#66,.T.);
#503=EDGE_CURVE('',#610,#621,#67,.T.);
#504=EDGE_CURVE('',#640,#641,#68,.T.);
#505=EDGE_CURVE('',#640,#642,#69,.T.);
#506=EDGE_CURVE('',#642,#643,#70,.T.);
#507=EDGE_CURVE('',#641,#643,#71,.T.);
#508=EDGE_CURVE('',#644,#645,#72,.T.);
#509=EDGE_CURVE('',#645,#646,#706,.T.);
#510=EDGE_CURVE('',#647,#646,#73,.T.);
#511=EDGE_CURVE('',#648,#647,#74,.T.);
#512=EDGE_CURVE('',#649,#648,#75,.T.);
#513=EDGE_CURVE('',#649,#644,#707,.T.);
#514=EDGE_CURVE('',#636,#650,#708,.T.);
#515=EDGE_CURVE('',#650,#651,#709,.T.);
#516=EDGE_CURVE('',#651,#652,#710,.T.);
#517=EDGE_CURVE('',#652,#653,#711,.T.);
#518=EDGE_CURVE('',#654,#653,#76,.T.);
#519=EDGE_CURVE('',#654,#655,#712,.T.);
#520=EDGE_CURVE('',#656,#655,#77,.T.);
#521=EDGE_CURVE('',#656,#657,#78,.F.);
#522=EDGE_CURVE('',#658,#657,#79,.T.);
#523=EDGE_CURVE('',#659,#658,#80,.T.);
#524=EDGE_CURVE('',#659,#637,#81,.T.);
#525=EDGE_CURVE('',#660,#661,#713,.T.);
#526=EDGE_CURVE('',#661,#662,#714,.T.);
#527=EDGE_CURVE('',#663,#662,#82,.T.);
#528=EDGE_CURVE('',#663,#664,#715,.T.);
#529=EDGE_CURVE('',#664,#665,#716,.T.);
#530=EDGE_CURVE('',#665,#666,#717,.T.);
#531=EDGE_CURVE('',#666,#667,#718,.T.);
#532=EDGE_CURVE('',#667,#660,#719,.T.);
#533=EDGE_CURVE('',#640,#668,#83,.T.);
#534=EDGE_CURVE('',#668,#669,#84,.T.);
#535=EDGE_CURVE('',#642,#669,#85,.T.);
#536=EDGE_CURVE('',#641,#670,#86,.T.);
#537=EDGE_CURVE('',#668,#670,#87,.T.);
#538=EDGE_CURVE('',#643,#671,#88,.T.);
#539=EDGE_CURVE('',#670,#671,#89,.T.);
#540=EDGE_CURVE('',#669,#671,#90,.T.);
#541=EDGE_CURVE('',#672,#673,#720,.T.);
#542=EDGE_CURVE('',#673,#639,#721,.T.);
#543=EDGE_CURVE('',#674,#638,#91,.T.);
#544=EDGE_CURVE('',#675,#674,#92,.T.);
#545=EDGE_CURVE('',#675,#632,#93,.T.);
#546=EDGE_CURVE('',#633,#676,#94,.T.);
#547=EDGE_CURVE('',#676,#677,#722,.T.);
#548=EDGE_CURVE('',#677,#678,#95,.T.);
#549=EDGE_CURVE('',#678,#679,#723,.T.);
#550=EDGE_CURVE('',#679,#672,#724,.T.);
#551=EDGE_CURVE('',#662,#678,#725,.T.);
#552=EDGE_CURVE('',#677,#645,#726,.T.);
#553=EDGE_CURVE('',#644,#654,#727,.T.);
#554=EDGE_CURVE('',#653,#663,#728,.T.);
#555=EDGE_CURVE('',#680,#681,#729,.T.);
#556=EDGE_CURVE('',#681,#634,#730,.T.);
#557=EDGE_CURVE('',#635,#682,#731,.T.);
#558=EDGE_CURVE('',#682,#683,#732,.T.);
#559=EDGE_CURVE('',#683,#684,#733,.T.);
#560=EDGE_CURVE('',#684,#685,#734,.T.);
#561=EDGE_CURVE('',#685,#680,#735,.T.);
#562=EDGE_CURVE('',#646,#676,#736,.T.);
#563=EDGE_CURVE('',#623,#686,#96,.T.);
#564=EDGE_CURVE('',#686,#647,#737,.T.);
#565=EDGE_CURVE('',#619,#657,#97,.T.);
#566=EDGE_CURVE('',#620,#656,#98,.F.);
#567=EDGE_CURVE('',#655,#649,#738,.T.);
#568=EDGE_CURVE('',#648,#687,#739,.T.);
#569=EDGE_CURVE('',#611,#687,#99,.T.);
#570=EDGE_CURVE('',#617,#659,#100,.T.);
#571=EDGE_CURVE('',#618,#658,#101,.T.);
#572=EDGE_CURVE('',#626,#675,#102,.T.);
#573=EDGE_CURVE('',#627,#674,#103,.T.);
#574=EDGE_CURVE('',#688,#689,#104,.F.);
#575=EDGE_CURVE('',#688,#686,#740,.T.);
#576=EDGE_CURVE('',#623,#689,#741,.T.);
#577=EDGE_CURVE('',#690,#691,#105,.F.);
#578=EDGE_CURVE('',#690,#648,#742,.T.);
#579=EDGE_CURVE('',#647,#691,#743,.T.);
#580=EDGE_CURVE('',#687,#692,#744,.T.);
#581=EDGE_CURVE('',#693,#692,#106,.T.);
#582=EDGE_CURVE('',#611,#693,#745,.T.);
#583=EDGE_CURVE('',#689,#693,#107,.T.);
#584=EDGE_CURVE('',#692,#690,#746,.T.);
#585=EDGE_CURVE('',#691,#688,#747,.T.);
#586=EDGE_CURVE('',#694,#695,#748,.F.);
#587=EDGE_CURVE('',#694,#651,#749,.T.);
#588=EDGE_CURVE('',#651,#696,#750,.F.);
#589=EDGE_CURVE('',#696,#695,#751,.F.);
#590=EDGE_CURVE('',#696,#680,#752,.T.);
#591=EDGE_CURVE('',#697,#680,#753,.T.);
#592=EDGE_CURVE('',#697,#695,#754,.F.);
#593=EDGE_CURVE('',#698,#699,#755,.F.);
#594=EDGE_CURVE('',#698,#672,#756,.T.);
#595=EDGE_CURVE('',#672,#700,#757,.F.);
#596=EDGE_CURVE('',#700,#699,#758,.F.);
#597=EDGE_CURVE('',#700,#660,#759,.T.);
#598=EDGE_CURVE('',#701,#660,#760,.T.);
#599=EDGE_CURVE('',#701,#699,#761,.F.);
#600=EDGE_CURVE('',#679,#661,#762,.F.);
#601=EDGE_CURVE('',#682,#673,#763,.F.);
#602=EDGE_CURVE('',#683,#698,#764,.F.);
#603=EDGE_CURVE('',#650,#681,#765,.F.);
#604=EDGE_CURVE('',#664,#652,#766,.F.);
#605=EDGE_CURVE('',#683,#701,#767,.F.);
#606=EDGE_CURVE('',#665,#694,#768,.F.);
#607=EDGE_CURVE('',#684,#667,#769,.T.);
#608=EDGE_CURVE('',#665,#697,#770,.F.);
#609=EDGE_CURVE('',#685,#666,#771,.F.);
#610=VERTEX_POINT('',#1152);
#611=VERTEX_POINT('',#1153);
#612=VERTEX_POINT('',#1155);
#613=VERTEX_POINT('',#1157);
#614=VERTEX_POINT('',#1159);
#615=VERTEX_POINT('',#1161);
#616=VERTEX_POINT('',#1163);
#617=VERTEX_POINT('',#1165);
#618=VERTEX_POINT('',#1167);
#619=VERTEX_POINT('',#1169);
#620=VERTEX_POINT('',#1171);
#621=VERTEX_POINT('',#1175);
#622=VERTEX_POINT('',#1176);
#623=VERTEX_POINT('',#1181);
#624=VERTEX_POINT('',#1183);
#625=VERTEX_POINT('',#1185);
#626=VERTEX_POINT('',#1187);
#627=VERTEX_POINT('',#1189);
#628=VERTEX_POINT('',#1191);
#629=VERTEX_POINT('',#1193);
#630=VERTEX_POINT('',#1195);
#631=VERTEX_POINT('',#1197);
#632=VERTEX_POINT('',#1201);
#633=VERTEX_POINT('',#1203);
#634=VERTEX_POINT('',#1207);
#635=VERTEX_POINT('',#1208);
#636=VERTEX_POINT('',#1213);
#637=VERTEX_POINT('',#1215);
#638=VERTEX_POINT('',#1219);
#639=VERTEX_POINT('',#1221);
#640=VERTEX_POINT('',#1234);
#641=VERTEX_POINT('',#1235);
#642=VERTEX_POINT('',#1237);
#643=VERTEX_POINT('',#1239);
#644=VERTEX_POINT('',#1243);
#645=VERTEX_POINT('',#1244);
#646=VERTEX_POINT('',#1249);
#647=VERTEX_POINT('',#1251);
#648=VERTEX_POINT('',#1253);
#649=VERTEX_POINT('',#1255);
#650=VERTEX_POINT('',#1265);
#651=VERTEX_POINT('',#1270);
#652=VERTEX_POINT('',#1275);
#653=VERTEX_POINT('',#1280);
#654=VERTEX_POINT('',#1282);
#655=VERTEX_POINT('',#1287);
#656=VERTEX_POINT('',#1289);
#657=VERTEX_POINT('',#1291);
#658=VERTEX_POINT('',#1293);
#659=VERTEX_POINT('',#1295);
#660=VERTEX_POINT('',#1302);
#661=VERTEX_POINT('',#1303);
#662=VERTEX_POINT('',#1308);
#663=VERTEX_POINT('',#1310);
#664=VERTEX_POINT('',#1315);
#665=VERTEX_POINT('',#1320);
#666=VERTEX_POINT('',#1325);
#667=VERTEX_POINT('',#1330);
#668=VERTEX_POINT('',#1337);
#669=VERTEX_POINT('',#1339);
#670=VERTEX_POINT('',#1343);
#671=VERTEX_POINT('',#1347);
#672=VERTEX_POINT('',#1356);
#673=VERTEX_POINT('',#1357);
#674=VERTEX_POINT('',#1363);
#675=VERTEX_POINT('',#1365);
#676=VERTEX_POINT('',#1368);
#677=VERTEX_POINT('',#1373);
#678=VERTEX_POINT('',#1375);
#679=VERTEX_POINT('',#1380);
#680=VERTEX_POINT('',#1407);
#681=VERTEX_POINT('',#1408);
#682=VERTEX_POINT('',#1417);
#683=VERTEX_POINT('',#1422);
#684=VERTEX_POINT('',#1427);
#685=VERTEX_POINT('',#1432);
#686=VERTEX_POINT('',#1443);
#687=VERTEX_POINT('',#1464);
#688=VERTEX_POINT('',#1479);
#689=VERTEX_POINT('',#1480);
#690=VERTEX_POINT('',#1520);
#691=VERTEX_POINT('',#1521);
#692=VERTEX_POINT('',#1557);
#693=VERTEX_POINT('',#1559);
#694=VERTEX_POINT('',#1776);
#695=VERTEX_POINT('',#1777);
#696=VERTEX_POINT('',#1788);
#697=VERTEX_POINT('',#1839);
#698=VERTEX_POINT('',#1956);
#699=VERTEX_POINT('',#1957);
#700=VERTEX_POINT('',#1968);
#701=VERTEX_POINT('',#2019);
#702=B_SPLINE_CURVE_WITH_KNOTS('',3,(#1148,#1149,#1150,#1151),
 .UNSPECIFIED.,.F.,.F.,(4,4),(0.,1.),.PIECEWISE_BEZIER_KNOTS.);
#703=B_SPLINE_CURVE_WITH_KNOTS('',3,(#1177,#1178,#1179,#1180),
 .UNSPECIFIED.,.F.,.F.,(4,4),(0.,1.),.PIECEWISE_BEZIER_KNOTS.);
#704=B_SPLINE_CURVE_WITH_KNOTS('',3,(#1209,#1210,#1211,#1212),
 .UNSPECIFIED.,.F.,.F.,(4,4),(0.,1.),.UNSPECIFIED.);
#705=B_SPLINE_CURVE_WITH_KNOTS('',3,(#1222,#1223,#1224,#1225),
 .UNSPECIFIED.,.F.,.F.,(4,4),(0.,1.),.UNSPECIFIED.);
#706=B_SPLINE_CURVE_WITH_KNOTS('',3,(#1245,#1246,#1247,#1248),
 .UNSPECIFIED.,.F.,.F.,(4,4),(0.,1.),.UNSPECIFIED.);
#707=B_SPLINE_CURVE_WITH_KNOTS('',3,(#1256,#1257,#1258,#1259),
 .UNSPECIFIED.,.F.,.F.,(4,4),(0.,1.),.UNSPECIFIED.);
#708=B_SPLINE_CURVE_WITH_KNOTS('',3,(#1261,#1262,#1263,#1264),
 .UNSPECIFIED.,.F.,.F.,(4,4),(0.,1.),.UNSPECIFIED.);
#709=B_SPLINE_CURVE_WITH_KNOTS('',3,(#1266,#1267,#1268,#1269),
 .UNSPECIFIED.,.F.,.F.,(4,4),(0.,1.),.UNSPECIFIED.);
#710=B_SPLINE_CURVE_WITH_KNOTS('',3,(#1271,#1272,#1273,#1274),
 .UNSPECIFIED.,.F.,.F.,(4,4),(0.,1.),.UNSPECIFIED.);
#711=B_SPLINE_CURVE_WITH_KNOTS('',3,(#1276,#1277,#1278,#1279),
 .UNSPECIFIED.,.F.,.F.,(4,4),(0.,1.),.UNSPECIFIED.);
#712=B_SPLINE_CURVE_WITH_KNOTS('',3,(#1283,#1284,#1285,#1286),
 .UNSPECIFIED.,.F.,.F.,(4,4),(0.,1.),.UNSPECIFIED.);
#713=B_SPLINE_CURVE_WITH_KNOTS('',3,(#1298,#1299,#1300,#1301),
 .UNSPECIFIED.,.F.,.F.,(4,4),(0.,1.),.UNSPECIFIED.);
#714=B_SPLINE_CURVE_WITH_KNOTS('',3,(#1304,#1305,#1306,#1307),
 .UNSPECIFIED.,.F.,.F.,(4,4),(0.,1.),.UNSPECIFIED.);
#715=B_SPLINE_CURVE_WITH_KNOTS('',3,(#1311,#1312,#1313,#1314),
 .UNSPECIFIED.,.F.,.F.,(4,4),(0.,1.),.UNSPECIFIED.);
#716=B_SPLINE_CURVE_WITH_KNOTS('',3,(#1316,#1317,#1318,#1319),
 .UNSPECIFIED.,.F.,.F.,(4,4),(0.,1.),.UNSPECIFIED.);
#717=B_SPLINE_CURVE_WITH_KNOTS('',3,(#1321,#1322,#1323,#1324),
 .UNSPECIFIED.,.F.,.F.,(4,4),(0.,0.999287054794177),.UNSPECIFIED.);
#718=B_SPLINE_CURVE_WITH_KNOTS('',3,(#1326,#1327,#1328,#1329),
 .UNSPECIFIED.,.F.,.F.,(4,4),(0.,1.),.UNSPECIFIED.);
#719=B_SPLINE_CURVE_WITH_KNOTS('',3,(#1331,#1332,#1333,#1334),
 .UNSPECIFIED.,.F.,.F.,(4,4),(0.000711782471887023,1.),.UNSPECIFIED.);
#720=B_SPLINE_CURVE_WITH_KNOTS('',3,(#1352,#1353,#1354,#1355),
 .UNSPECIFIED.,.F.,.F.,(4,4),(0.,1.),.UNSPECIFIED.);
#721=B_SPLINE_CURVE_WITH_KNOTS('',3,(#1358,#1359,#1360,#1361),
 .UNSPECIFIED.,.F.,.F.,(4,4),(0.,1.),.UNSPECIFIED.);
#722=B_SPLINE_CURVE_WITH_KNOTS('',3,(#1369,#1370,#1371,#1372),
 .UNSPECIFIED.,.F.,.F.,(4,4),(0.,1.),.UNSPECIFIED.);
#723=B_SPLINE_CURVE_WITH_KNOTS('',3,(#1376,#1377,#1378,#1379),
 .UNSPECIFIED.,.F.,.F.,(4,4),(0.,1.),.UNSPECIFIED.);
#724=B_SPLINE_CURVE_WITH_KNOTS('',3,(#1381,#1382,#1383,#1384),
 .UNSPECIFIED.,.F.,.F.,(4,4),(0.,1.),.UNSPECIFIED.);
#725=B_SPLINE_CURVE_WITH_KNOTS('',3,(#1386,#1387,#1388,#1389),
 .UNSPECIFIED.,.F.,.F.,(4,4),(0.,1.),.UNSPECIFIED.);
#726=B_SPLINE_CURVE_WITH_KNOTS('',3,(#1390,#1391,#1392,#1393),
 .UNSPECIFIED.,.F.,.F.,(4,4),(0.,1.),.UNSPECIFIED.);
#727=B_SPLINE_CURVE_WITH_KNOTS('',3,(#1394,#1395,#1396,#1397),
 .UNSPECIFIED.,.F.,.F.,(4,4),(0.,1.),.UNSPECIFIED.);
#728=B_SPLINE_CURVE_WITH_KNOTS('',3,(#1398,#1399,#1400,#1401),
 .UNSPECIFIED.,.F.,.F.,(4,4),(0.,1.),.UNSPECIFIED.);
#729=B_SPLINE_CURVE_WITH_KNOTS('',3,(#1403,#1404,#1405,#1406),
 .UNSPECIFIED.,.F.,.F.,(4,4),(0.,1.),.UNSPECIFIED.);
#730=B_SPLINE_CURVE_WITH_KNOTS('',3,(#1409,#1410,#1411,#1412),
 .UNSPECIFIED.,.F.,.F.,(4,4),(0.,1.),.UNSPECIFIED.);
#731=B_SPLINE_CURVE_WITH_KNOTS('',3,(#1413,#1414,#1415,#1416),
 .UNSPECIFIED.,.F.,.F.,(4,4),(0.,1.),.UNSPECIFIED.);
#732=B_SPLINE_CURVE_WITH_KNOTS('',3,(#1418,#1419,#1420,#1421),
 .UNSPECIFIED.,.F.,.F.,(4,4),(0.,1.),.UNSPECIFIED.);
#733=B_SPLINE_CURVE_WITH_KNOTS('',3,(#1423,#1424,#1425,#1426),
 .UNSPECIFIED.,.F.,.F.,(4,4),(0.,0.999286234745873),.UNSPECIFIED.);
#734=B_SPLINE_CURVE_WITH_KNOTS('',3,(#1428,#1429,#1430,#1431),
 .UNSPECIFIED.,.F.,.F.,(4,4),(0.,1.),.UNSPECIFIED.);
#735=B_SPLINE_CURVE_WITH_KNOTS('',3,(#1433,#1434,#1435,#1436),
 .UNSPECIFIED.,.F.,.F.,(4,4),(0.000711822964303498,1.),.UNSPECIFIED.);
#736=B_SPLINE_CURVE_WITH_KNOTS('',3,(#1438,#1439,#1440,#1441),
 .UNSPECIFIED.,.F.,.F.,(4,4),(0.,1.),.UNSPECIFIED.);
#737=B_SPLINE_CURVE_WITH_KNOTS('',3,(#1444,#1445,#1446,#1447,#1448,#1449),
 .UNSPECIFIED.,.F.,.F.,(4,1,1,4),(0.,0.000541401630046191,0.000812102445069286,
0.00108280326009238),.UNSPECIFIED.);
#738=B_SPLINE_CURVE_WITH_KNOTS('',3,(#1454,#1455,#1456,#1457),
 .UNSPECIFIED.,.F.,.F.,(4,4),(0.,1.),.UNSPECIFIED.);
#739=B_SPLINE_CURVE_WITH_KNOTS('',3,(#1458,#1459,#1460,#1461,#1462,#1463),
 .UNSPECIFIED.,.F.,.F.,(4,1,1,4),(0.,0.000269794879136255,0.00053958975827251,
0.00107917951654502),.UNSPECIFIED.);
#740=B_SPLINE_CURVE_WITH_KNOTS('',3,(#1481,#1482,#1483,#1484,#1485,#1486,
#1487,#1488,#1489,#1490,#1491,#1492,#1493,#1494,#1495,#1496,#1497,#1498,
#1499,#1500,#1501,#1502,#1503,#1504,#1505,#1506),.UNSPECIFIED.,.F.,.F.,
(4,1,1,1,1,1,1,1,1,1,1,1,1,1,1,1,1,1,1,1,1,1,1,4),(0.,0.0625,0.125,0.1875,
0.21875,0.234375,0.25,0.265625,0.28125,0.3125,0.375,0.4375,0.46875,0.5,
0.53125,0.5625,0.625,0.6875,0.71875,0.75,0.78125,0.8125,0.875,1.),
 .UNSPECIFIED.);
#741=B_SPLINE_CURVE_WITH_KNOTS('',3,(#1507,#1508,#1509,#1510),
 .UNSPECIFIED.,.F.,.F.,(4,4),(0.,1.),.PIECEWISE_BEZIER_KNOTS.);
#742=B_SPLINE_CURVE_WITH_KNOTS('',3,(#1522,#1523,#1524,#1525),
 .UNSPECIFIED.,.F.,.F.,(4,4),(3.69015080706981E-8,1.),.UNSPECIFIED.);
#743=B_SPLINE_CURVE_WITH_KNOTS('',3,(#1526,#1527,#1528,#1529),
 .UNSPECIFIED.,.F.,.F.,(4,4),(0.,0.999999963099098),.UNSPECIFIED.);
#744=B_SPLINE_CURVE_WITH_KNOTS('',3,(#1531,#1532,#1533,#1534,#1535,#1536,
#1537,#1538,#1539,#1540,#1541,#1542,#1543,#1544,#1545,#1546,#1547,#1548,
#1549,#1550,#1551,#1552,#1553,#1554,#1555,#1556),.UNSPECIFIED.,.F.,.F.,
(4,1,1,1,1,1,1,1,1,1,1,1,1,1,1,1,1,1,1,1,1,1,1,4),(0.,0.125,0.1875,0.21875,
0.25,0.28125,0.3125,0.375,0.4375,0.46875,0.5,0.53125,0.5625,0.625,0.6875,
0.71875,0.734375,0.75,0.765625,0.78125,0.8125,0.875,0.9375,1.),
 .UNSPECIFIED.);
#745=B_SPLINE_CURVE_WITH_KNOTS('',3,(#1560,#1561,#1562,#1563),
 .UNSPECIFIED.,.F.,.F.,(4,4),(0.,1.),.PIECEWISE_BEZIER_KNOTS.);
#746=B_SPLINE_CURVE_WITH_KNOTS('',3,(#1574,#1575,#1576,#1577),
 .UNSPECIFIED.,.F.,.F.,(4,4),(0.,1.),.UNSPECIFIED.);
#747=B_SPLINE_CURVE_WITH_KNOTS('',3,(#1578,#1579,#1580,#1581),
 .UNSPECIFIED.,.F.,.F.,(4,4),(0.,1.),.UNSPECIFIED.);
#748=B_SPLINE_CURVE_WITH_KNOTS('',3,(#1766,#1767,#1768,#1769,#1770,#1771,
#1772,#1773,#1774,#1775),.UNSPECIFIED.,.F.,.F.,(4,2,2,2,4),(0.,0.25,0.5,
0.75,1.),.UNSPECIFIED.);
#749=B_SPLINE_CURVE_WITH_KNOTS('',3,(#1778,#1779,#1780,#1781,#1782),
 .UNSPECIFIED.,.F.,.F.,(4,1,4),(0.,0.5,1.),.UNSPECIFIED.);
#750=B_SPLINE_CURVE_WITH_KNOTS('',3,(#1783,#1784,#1785,#1786,#1787),
 .UNSPECIFIED.,.F.,.F.,(4,1,4),(0.,0.5,1.),.UNSPECIFIED.);
#751=B_SPLINE_CURVE_WITH_KNOTS('',3,(#1789,#1790,#1791,#1792,#1793,#1794),
 .UNSPECIFIED.,.F.,.F.,(4,2,4),(0.,0.5,1.),.UNSPECIFIED.);
#752=B_SPLINE_CURVE_WITH_KNOTS('',3,(#1831,#1832,#1833,#1834),
 .UNSPECIFIED.,.F.,.F.,(4,4),(0.,1.),.UNSPECIFIED.);
#753=B_SPLINE_CURVE_WITH_KNOTS('',3,(#1835,#1836,#1837,#1838),
 .UNSPECIFIED.,.F.,.F.,(4,4),(0.,1.),.UNSPECIFIED.);
#754=B_SPLINE_CURVE_WITH_KNOTS('',3,(#1840,#1841,#1842,#1843,#1844,#1845),
 .UNSPECIFIED.,.F.,.F.,(4,2,4),(0.,0.5,1.),.UNSPECIFIED.);
#755=B_SPLINE_CURVE_WITH_KNOTS('',3,(#1946,#1947,#1948,#1949,#1950,#1951,
#1952,#1953,#1954,#1955),.UNSPECIFIED.,.F.,.F.,(4,2,2,2,4),(0.,0.25,0.5,
0.75,1.),.UNSPECIFIED.);
#756=B_SPLINE_CURVE_WITH_KNOTS('',3,(#1958,#1959,#1960,#1961,#1962),
 .UNSPECIFIED.,.F.,.F.,(4,1,4),(0.,0.5,1.),.UNSPECIFIED.);
#757=B_SPLINE_CURVE_WITH_KNOTS('',3,(#1963,#1964,#1965,#1966,#1967),
 .UNSPECIFIED.,.F.,.F.,(4,1,4),(0.,0.5,1.),.UNSPECIFIED.);
#758=B_SPLINE_CURVE_WITH_KNOTS('',3,(#1969,#1970,#1971,#1972,#1973,#1974),
 .UNSPECIFIED.,.F.,.F.,(4,2,4),(0.,0.5,1.),.UNSPECIFIED.);
#759=B_SPLINE_CURVE_WITH_KNOTS('',3,(#2011,#2012,#2013,#2014),
 .UNSPECIFIED.,.F.,.F.,(4,4),(0.,1.),.UNSPECIFIED.);
#760=B_SPLINE_CURVE_WITH_KNOTS('',3,(#2015,#2016,#2017,#2018),
 .UNSPECIFIED.,.F.,.F.,(4,4),(0.,1.),.UNSPECIFIED.);
#761=B_SPLINE_CURVE_WITH_KNOTS('',3,(#2020,#2021,#2022,#2023,#2024,#2025),
 .UNSPECIFIED.,.F.,.F.,(4,2,4),(0.,0.5,1.),.UNSPECIFIED.);
#762=B_SPLINE_CURVE_WITH_KNOTS('',3,(#2034,#2035,#2036,#2037),
 .UNSPECIFIED.,.F.,.F.,(4,4),(0.,1.),.UNSPECIFIED.);
#763=B_SPLINE_CURVE_WITH_KNOTS('',3,(#2046,#2047,#2048,#2049),
 .UNSPECIFIED.,.F.,.F.,(4,4),(0.,1.),.UNSPECIFIED.);
#764=B_SPLINE_CURVE_WITH_KNOTS('',3,(#2130,#2131,#2132,#2133),
 .UNSPECIFIED.,.F.,.F.,(4,4),(0.,1.),.UNSPECIFIED.);
#765=B_SPLINE_CURVE_WITH_KNOTS('',3,(#2142,#2143,#2144,#2145),
 .UNSPECIFIED.,.F.,.F.,(4,4),(0.,1.),.UNSPECIFIED.);
#766=B_SPLINE_CURVE_WITH_KNOTS('',3,(#2154,#2155,#2156,#2157),
 .UNSPECIFIED.,.F.,.F.,(4,4),(0.,1.),.UNSPECIFIED.);
#767=B_SPLINE_CURVE_WITH_KNOTS('',3,(#2194,#2195,#2196,#2197),
 .UNSPECIFIED.,.F.,.F.,(4,4),(0.,1.),.UNSPECIFIED.);
#768=B_SPLINE_CURVE_WITH_KNOTS('',3,(#2278,#2279,#2280,#2281),
 .UNSPECIFIED.,.F.,.F.,(4,4),(0.,1.),.UNSPECIFIED.);
#769=B_SPLINE_CURVE_WITH_KNOTS('',3,(#2322,#2323,#2324,#2325),
 .UNSPECIFIED.,.F.,.F.,(4,4),(0.,1.),.UNSPECIFIED.);
#770=B_SPLINE_CURVE_WITH_KNOTS('',3,(#2362,#2363,#2364,#2365),
 .UNSPECIFIED.,.F.,.F.,(4,4),(0.,1.),.UNSPECIFIED.);
#771=B_SPLINE_CURVE_WITH_KNOTS('',3,(#2367,#2368,#2369,#2370),
 .UNSPECIFIED.,.F.,.F.,(4,4),(0.,1.),.UNSPECIFIED.);
#772=EDGE_LOOP('',(#181,#182,#183,#184,#185,#186,#187,#188,#189,#190,#191));
#773=EDGE_LOOP('',(#192,#193,#194,#195,#196,#197,#198,#199,#200,#201,#202));
#774=EDGE_LOOP('',(#203,#204,#205,#206));
#775=EDGE_LOOP('',(#207,#208,#209,#210,#211,#212,#213,#214,#215,#216));
#776=EDGE_LOOP('',(#217,#218,#219,#220));
#777=EDGE_LOOP('',(#221,#222,#223,#224));
#778=EDGE_LOOP('',(#225,#226,#227,#228));
#779=EDGE_LOOP('',(#229,#230,#231,#232));
#780=EDGE_LOOP('',(#233,#234,#235,#236,#237,#238));
#781=EDGE_LOOP('',(#239,#240,#241,#242,#243,#244,#245,#246,#247,#248,#249,
#250));
#782=EDGE_LOOP('',(#251,#252,#253,#254,#255,#256,#257,#258));
#783=EDGE_LOOP('',(#259,#260,#261,#262));
#784=EDGE_LOOP('',(#263,#264,#265,#266));
#785=EDGE_LOOP('',(#267,#268,#269,#270));
#786=EDGE_LOOP('',(#271,#272,#273,#274));
#787=EDGE_LOOP('',(#275,#276,#277,#278,#279,#280,#281,#282,#283,#284,#285,
#286));
#788=EDGE_LOOP('',(#287,#288,#289,#290));
#789=EDGE_LOOP('',(#291,#292,#293,#294,#295,#296,#297,#298));
#790=EDGE_LOOP('',(#299,#300,#301,#302,#303,#304,#305,#306));
#791=EDGE_LOOP('',(#307,#308,#309,#310,#311,#312,#313));
#792=EDGE_LOOP('',(#314,#315,#316,#317));
#793=EDGE_LOOP('',(#318,#319,#320,#321,#322,#323,#324));
#794=EDGE_LOOP('',(#325,#326,#327,#328));
#795=EDGE_LOOP('',(#329,#330,#331,#332));
#796=EDGE_LOOP('',(#333,#334,#335,#336));
#797=EDGE_LOOP('',(#337,#338,#339,#340));
#798=EDGE_LOOP('',(#341,#342,#343,#344));
#799=EDGE_LOOP('',(#345,#346,#347,#348));
#800=EDGE_LOOP('',(#349,#350,#351,#352));
#801=EDGE_LOOP('',(#353,#354,#355,#356));
#802=EDGE_LOOP('',(#357,#358,#359,#360));
#803=EDGE_LOOP('',(#361,#362,#363,#364));
#804=EDGE_LOOP('',(#365,#366,#367,#368,#369,#370));
#805=EDGE_LOOP('',(#371,#372,#373,#374,#375,#376));
#806=EDGE_LOOP('',(#377,#378,#379,#380));
#807=EDGE_LOOP('',(#381,#382,#383,#384));
#808=EDGE_LOOP('',(#385,#386,#387,#388));
#809=EDGE_LOOP('',(#389,#390,#391,#392));
#810=EDGE_LOOP('',(#393,#394,#395,#396));
#811=EDGE_LOOP('',(#397,#398,#399,#400));
#812=EDGE_LOOP('',(#401,#402,#403,#404));
#813=EDGE_LOOP('',(#405,#406,#407,#408));
#814=EDGE_LOOP('',(#409,#410,#411,#412,#413));
#815=EDGE_LOOP('',(#414,#415,#416,#417,#418));
#816=EDGE_LOOP('',(#419,#420,#421,#422));
#817=EDGE_LOOP('',(#423,#424,#425,#426));
#818=EDGE_LOOP('',(#427,#428,#429,#430));
#819=EDGE_LOOP('',(#431,#432,#433,#434,#435));
#820=EDGE_LOOP('',(#436,#437,#438,#439,#440));
#821=EDGE_LOOP('',(#441,#442,#443,#444,#445));
#822=EDGE_LOOP('',(#446,#447,#448,#449));
#823=EDGE_LOOP('',(#450,#451,#452,#453));
#824=EDGE_LOOP('',(#454,#455,#456,#457,#458));
#825=EDGE_LOOP('',(#459,#460,#461,#462));
#826=EDGE_LOOP('',(#463,#464,#465,#466));
#827=FACE_BOUND('',#772,.T.);
#828=FACE_BOUND('',#773,.T.);
#829=FACE_BOUND('',#774,.T.);
#830=FACE_BOUND('',#775,.T.);
#831=FACE_BOUND('',#776,.T.);
#832=FACE_BOUND('',#777,.T.);
#833=FACE_BOUND('',#778,.T.);
#834=FACE_BOUND('',#779,.T.);
#835=FACE_BOUND('',#780,.T.);
#836=FACE_BOUND('',#781,.T.);
#837=FACE_BOUND('',#782,.T.);
#838=FACE_BOUND('',#783,.T.);
#839=FACE_BOUND('',#784,.T.);
#840=FACE_BOUND('',#785,.T.);
#841=FACE_BOUND('',#786,.T.);
#842=FACE_BOUND('',#787,.T.);
#843=FACE_BOUND('',#788,.T.);
#844=FACE_BOUND('',#789,.T.);
#845=FACE_BOUND('',#790,.T.);
#846=FACE_BOUND('',#791,.T.);
#847=FACE_BOUND('',#792,.T.);
#848=FACE_BOUND('',#793,.T.);
#849=FACE_BOUND('',#794,.T.);
#850=FACE_BOUND('',#795,.T.);
#851=FACE_BOUND('',#796,.T.);
#852=FACE_BOUND('',#797,.T.);
#853=FACE_BOUND('',#798,.T.);
#854=FACE_BOUND('',#799,.T.);
#855=FACE_BOUND('',#800,.T.);
#856=FACE_BOUND('',#801,.T.);
#857=FACE_BOUND('',#802,.T.);
#858=FACE_BOUND('',#803,.T.);
#859=FACE_BOUND('',#804,.T.);
#860=FACE_BOUND('',#805,.T.);
#861=FACE_BOUND('',#806,.T.);
#862=FACE_BOUND('',#807,.T.);
#863=FACE_BOUND('',#808,.T.);
#864=FACE_BOUND('',#809,.T.);
#865=FACE_BOUND('',#810,.T.);
#866=FACE_BOUND('',#811,.T.);
#867=FACE_BOUND('',#812,.T.);
#868=FACE_BOUND('',#813,.T.);
#869=FACE_BOUND('',#814,.T.);
#870=FACE_BOUND('',#815,.T.);
#871=FACE_BOUND('',#816,.T.);
#872=FACE_BOUND('',#817,.T.);
#873=FACE_BOUND('',#818,.T.);
#874=FACE_BOUND('',#819,.T.);
#875=FACE_BOUND('',#820,.T.);
#876=FACE_BOUND('',#821,.T.);
#877=FACE_BOUND('',#822,.T.);
#878=FACE_BOUND('',#823,.T.);
#879=FACE_BOUND('',#824,.T.);
#880=FACE_BOUND('',#825,.T.);
#881=FACE_BOUND('',#826,.T.);
#882=PLANE('',#978);
#883=PLANE('',#979);
#884=PLANE('',#980);
#885=PLANE('',#981);
#886=PLANE('',#982);
#887=PLANE('',#983);
#888=PLANE('',#984);
#889=PLANE('',#985);
#890=PLANE('',#986);
#891=PLANE('',#987);
#892=PLANE('',#988);
#893=PLANE('',#989);
#894=PLANE('',#990);
#895=PLANE('',#991);
#896=PLANE('',#992);
#897=PLANE('',#993);
#898=PLANE('',#994);
#899=PLANE('',#995);
#900=PLANE('',#996);
#901=PLANE('',#997);
#902=PLANE('',#998);
#903=PLANE('',#999);
#904=PLANE('',#1000);
#905=PLANE('',#1001);
#906=PLANE('',#1002);
#907=PLANE('',#1003);
#908=PLANE('',#1004);
#909=PLANE('',#1005);
#910=PLANE('',#1006);
#911=PLANE('',#1007);
#912=ADVANCED_FACE('',(#827),#882,.F.);
#913=ADVANCED_FACE('',(#828),#883,.T.);
#914=ADVANCED_FACE('',(#829),#884,.F.);
#915=ADVANCED_FACE('',(#830),#885,.F.);
#916=ADVANCED_FACE('',(#831),#886,.F.);
#917=ADVANCED_FACE('',(#832),#887,.T.);
#918=ADVANCED_FACE('',(#833,#834),#888,.T.);
#919=ADVANCED_FACE('',(#835),#889,.F.);
#920=ADVANCED_FACE('',(#836),#890,.T.);
#921=ADVANCED_FACE('',(#837),#891,.T.);
#922=ADVANCED_FACE('',(#838),#892,.F.);
#923=ADVANCED_FACE('',(#839),#893,.T.);
#924=ADVANCED_FACE('',(#840),#894,.T.);
#925=ADVANCED_FACE('',(#841),#895,.F.);
#926=ADVANCED_FACE('',(#842),#896,.F.);
#927=ADVANCED_FACE('',(#843,#844),#897,.T.);
#928=ADVANCED_FACE('',(#845),#898,.F.);
#929=ADVANCED_FACE('',(#846),#899,.F.);
#930=ADVANCED_FACE('',(#847),#900,.F.);
#931=ADVANCED_FACE('',(#848),#901,.F.);
#932=ADVANCED_FACE('',(#849),#902,.F.);
#933=ADVANCED_FACE('',(#850),#903,.F.);
#934=ADVANCED_FACE('',(#851),#904,.T.);
#935=ADVANCED_FACE('',(#852),#905,.F.);
#936=ADVANCED_FACE('',(#853),#906,.F.);
#937=ADVANCED_FACE('',(#854),#907,.T.);
#938=ADVANCED_FACE('',(#855),#908,.F.);
#939=ADVANCED_FACE('',(#856),#909,.T.);
#940=ADVANCED_FACE('',(#857),#13,.T.);
#941=ADVANCED_FACE('',(#858),#910,.F.);
#942=ADVANCED_FACE('',(#859),#14,.T.);
#943=ADVANCED_FACE('',(#860),#911,.F.);
#944=ADVANCED_FACE('',(#861),#15,.T.);
#945=ADVANCED_FACE('',(#862),#16,.T.);
#946=ADVANCED_FACE('',(#863),#17,.T.);
#947=ADVANCED_FACE('',(#864),#18,.T.);
#948=ADVANCED_FACE('',(#865),#19,.T.);
#949=ADVANCED_FACE('',(#866),#20,.T.);
#950=ADVANCED_FACE('',(#867),#21,.T.);
#951=ADVANCED_FACE('',(#868),#22,.T.);
#952=ADVANCED_FACE('',(#869),#23,.T.);
#953=ADVANCED_FACE('',(#870),#24,.T.);
#954=ADVANCED_FACE('',(#871),#25,.T.);
#955=ADVANCED_FACE('',(#872),#26,.T.);
#956=ADVANCED_FACE('',(#873),#27,.T.);
#957=ADVANCED_FACE('',(#874),#28,.T.);
#958=ADVANCED_FACE('',(#875),#29,.T.);
#959=ADVANCED_FACE('',(#876),#30,.T.);
#960=ADVANCED_FACE('',(#877),#31,.T.);
#961=ADVANCED_FACE('',(#878),#12,.T.);
#962=ADVANCED_FACE('',(#879),#32,.T.);
#963=ADVANCED_FACE('',(#880),#33,.T.);
#964=ADVANCED_FACE('',(#881),#34,.T.);
#965=CLOSED_SHELL('',(#912,#913,#914,#915,#916,#917,#918,#919,#920,#921,
#922,#923,#924,#925,#926,#927,#928,#929,#930,#931,#932,#933,#934,#935,#936,
#937,#938,#939,#940,#941,#942,#943,#944,#945,#946,#947,#948,#949,#950,#951,
#952,#953,#954,#955,#956,#957,#958,#959,#960,#961,#962,#963,#964));
#966=STYLED_ITEM('',(#967),#974);
#967=PRESENTATION_STYLE_ASSIGNMENT((#968));
#968=SURFACE_STYLE_USAGE(.BOTH.,#969);
#969=SURFACE_SIDE_STYLE('',(#970));
#970=SURFACE_STYLE_FILL_AREA(#971);
#971=FILL_AREA_STYLE('',(#972));
#972=FILL_AREA_STYLE_COLOUR('',#973);
#973=COLOUR_RGB('',0.972549019607843,0.972549019607843,0.972549019607843);
#974=MANIFOLD_SOLID_BREP('ControlPanelMount',#965);
#975=SHAPE_DEFINITION_REPRESENTATION(#2433,#976);
#976=SHAPE_REPRESENTATION('ControlPanelMount',(#977),#2428);
#977=AXIS2_PLACEMENT_3D('',#1146,#1009,#1010);
#978=AXIS2_PLACEMENT_3D('',#1147,#1011,#1012);
#979=AXIS2_PLACEMENT_3D('',#1173,#1023,#1024);
#980=AXIS2_PLACEMENT_3D('',#1199,#1035,#1036);
#981=AXIS2_PLACEMENT_3D('',#1205,#1040,#1041);
#982=AXIS2_PLACEMENT_3D('',#1226,#1048,#1049);
#983=AXIS2_PLACEMENT_3D('',#1229,#1052,#1053);
#984=AXIS2_PLACEMENT_3D('',#1232,#1056,#1057);
#985=AXIS2_PLACEMENT_3D('',#1241,#1062,#1063);
#986=AXIS2_PLACEMENT_3D('',#1260,#1068,#1069);
#987=AXIS2_PLACEMENT_3D('',#1297,#1076,#1077);
#988=AXIS2_PLACEMENT_3D('',#1335,#1079,#1080);
#989=AXIS2_PLACEMENT_3D('',#1341,#1084,#1085);
#990=AXIS2_PLACEMENT_3D('',#1345,#1088,#1089);
#991=AXIS2_PLACEMENT_3D('',#1349,#1092,#1093);
#992=AXIS2_PLACEMENT_3D('',#1351,#1095,#1096);
#993=AXIS2_PLACEMENT_3D('',#1385,#1102,#1103);
#994=AXIS2_PLACEMENT_3D('',#1402,#1104,#1105);
#995=AXIS2_PLACEMENT_3D('',#1437,#1106,#1107);
#996=AXIS2_PLACEMENT_3D('',#1450,#1109,#1110);
#997=AXIS2_PLACEMENT_3D('',#1453,#1113,#1114);
#998=AXIS2_PLACEMENT_3D('',#1466,#1116,#1117);
#999=AXIS2_PLACEMENT_3D('',#1467,#1118,#1119);
#1000=AXIS2_PLACEMENT_3D('',#1469,#1121,#1122);
#1001=AXIS2_PLACEMENT_3D('',#1471,#1124,#1125);
#1002=AXIS2_PLACEMENT_3D('',#1472,#1126,#1127);
#1003=AXIS2_PLACEMENT_3D('',#1474,#1129,#1130);
#1004=AXIS2_PLACEMENT_3D('',#1476,#1132,#1133);
#1005=AXIS2_PLACEMENT_3D('',#1477,#1134,#1135);
#1006=AXIS2_PLACEMENT_3D('',#1530,#1138,#1139);
#1007=AXIS2_PLACEMENT_3D('',#1573,#1142,#1143);
#1008=AXIS2_PLACEMENT_3D('',#2366,#1144,#1145);
#1009=DIRECTION('',(0.,0.,1.));
#1010=DIRECTION('',(1.,0.,0.));
#1011=DIRECTION('',(-1.,-5.82224159023956E-13,-4.85750493510554E-16));
#1012=DIRECTION('',(5.82224159023956E-13,-1.,0.));
#1013=DIRECTION('',(4.11351173548553E-13,-0.707106781186556,0.70710678118654));
#1014=DIRECTION('',(4.12038128484396E-13,-0.70710678118654,-0.707106781186556));
#1015=DIRECTION('',(4.11351173548553E-13,-0.707106781186556,0.70710678118654));
#1016=DIRECTION('',(-3.98834774009086E-16,-0.938650865953302,0.344868890805065));
#1017=DIRECTION('',(0.,0.,-1.));
#1018=DIRECTION('',(-6.14046117934813E-16,-1.,0.));
#1019=DIRECTION('',(5.82867087928208E-13,-3.57907272614285E-28,-1.));
#1020=DIRECTION('',(-6.14046117934813E-16,-1.,0.));
#1021=DIRECTION('',(0.,0.,-1.));
#1022=DIRECTION('',(1.04337927162072E-13,-0.070282505043227,0.997527127192463));
#1023=DIRECTION('',(-1.,-5.82224159023956E-13,-4.85750493510554E-16));
#1024=DIRECTION('',(5.82224159023956E-13,-1.,0.));
#1025=DIRECTION('',(4.11351173548553E-13,-0.707106781186556,0.70710678118654));
#1026=DIRECTION('',(-1.00859996256723E-13,-0.0702825050356803,0.997527127192995));
#1027=DIRECTION('',(0.,0.,1.));
#1028=DIRECTION('',(-6.14046117934813E-16,-1.,0.));
#1029=DIRECTION('',(5.82867087928208E-13,-3.57907272614285E-28,-1.));
#1030=DIRECTION('',(-6.14046117934813E-16,-1.,0.));
#1031=DIRECTION('',(0.,0.,1.));
#1032=DIRECTION('',(-7.97669548020124E-16,-0.938650865952992,0.344868890805909));
#1033=DIRECTION('',(4.11351173548553E-13,-0.707106781186556,0.70710678118654));
#1034=DIRECTION('',(4.12038128484396E-13,-0.70710678118654,-0.707106781186556));
#1035=DIRECTION('',(-6.14046117934813E-16,-1.,0.));
#1036=DIRECTION('',(1.,-6.14046117934813E-16,0.));
#1037=DIRECTION('',(1.,-6.14046117934813E-16,0.));
#1038=DIRECTION('',(1.,-6.14046117934813E-16,0.));
#1039=DIRECTION('',(5.8368342838749E-13,-3.58408543304221E-28,-1.));
#1040=DIRECTION('',(-6.14046117934813E-16,-1.,0.));
#1041=DIRECTION('',(1.,-6.14046117934813E-16,0.));
#1042=DIRECTION('',(-1.,6.14046117934813E-16,0.));
#1043=DIRECTION('',(-5.83683428387491E-13,3.58408543304221E-28,1.));
#1044=DIRECTION('',(-1.,6.14046117934813E-16,0.));
#1045=DIRECTION('',(1.,-6.14046117934813E-16,3.56272557997764E-16));
#1046=DIRECTION('',(1.,-6.14046117934813E-16,0.));
#1047=DIRECTION('',(5.8368342838749E-13,-3.58408543304221E-28,-1.));
#1048=DIRECTION('',(4.11767721326456E-13,-0.70710678118654,-0.707106781186556));
#1049=DIRECTION('',(0.,0.707106781186556,-0.70710678118654));
#1050=DIRECTION('',(1.,5.82032952288896E-13,2.94543758449965E-16));
#1051=DIRECTION('',(1.,5.82032952288896E-13,2.94543758449965E-16));
#1052=DIRECTION('',(4.11830702011884E-13,-0.70710678118654,-0.707106781186556));
#1053=DIRECTION('',(0.,0.707106781186556,-0.70710678118654));
#1054=DIRECTION('',(1.,5.82077486358646E-13,3.39077828199761E-16));
#1055=DIRECTION('',(1.,5.82077486358646E-13,3.39077828199761E-16));
#1056=DIRECTION('',(4.11351173548553E-13,-0.707106781186556,0.70710678118654));
#1057=DIRECTION('',(1.,2.90869204265229E-13,-2.90869204265223E-13));
#1058=DIRECTION('',(1.,5.82039705168072E-13,3.01296637625993E-16));
#1059=DIRECTION('',(4.11808268644929E-13,-0.70710678118654,-0.707106781186556));
#1060=DIRECTION('',(1.,5.82126543969415E-13,3.88135438968959E-16));
#1061=DIRECTION('',(4.11808268644929E-13,-0.70710678118654,-0.707106781186556));
#1062=DIRECTION('',(4.11842514629237E-13,-0.70710678118654,-0.707106781186556));
#1063=DIRECTION('',(0.,0.707106781186556,-0.70710678118654));
#1064=DIRECTION('',(1.,5.8208583914048E-13,3.47430610034211E-16));
#1065=DIRECTION('',(1.,5.8208583914048E-13,3.47430610034211E-16));
#1066=DIRECTION('',(1.,5.8208583914048E-13,3.47430610034211E-16));
#1067=DIRECTION('',(1.,5.8208583914048E-13,3.47430610034211E-16));
#1068=DIRECTION('',(-1.,-5.82194953435067E-13,-4.56544904621258E-16));
#1069=DIRECTION('',(5.82194953435067E-13,-1.,0.));
#1070=DIRECTION('',(4.11996825544491E-13,-0.70710678118654,-0.707106781186556));
#1071=DIRECTION('',(2.31862060360159E-15,-0.070282505043369,0.997527127192453));
#1072=DIRECTION('',(-5.83683428387491E-13,3.58408543304221E-28,1.));
#1073=DIRECTION('',(-6.14046117934813E-16,-1.,0.));
#1074=DIRECTION('',(-5.82867087928208E-13,3.57907272614285E-28,1.));
#1075=DIRECTION('',(-6.14046117934813E-16,-1.,0.));
#1076=DIRECTION('',(4.11781869287664E-13,-0.70710678118654,-0.707106781186556));
#1077=DIRECTION('',(0.,0.707106781186556,-0.70710678118654));
#1078=DIRECTION('',(1.,5.82042956408206E-13,3.04547877759879E-16));
#1079=DIRECTION('',(-1.,-5.82061623572747E-13,-3.23215042300921E-16));
#1080=DIRECTION('',(5.82061623572747E-13,-1.,0.));
#1081=DIRECTION('',(4.11351173548553E-13,-0.707106781186556,0.70710678118654));
#1082=DIRECTION('',(4.11808268644929E-13,-0.70710678118654,-0.707106781186556));
#1083=DIRECTION('',(4.11351173548553E-13,-0.707106781186556,0.70710678118654));
#1084=DIRECTION('',(4.11777271339772E-13,-0.70710678118654,-0.707106781186556));
#1085=DIRECTION('',(0.,0.707106781186556,-0.70710678118654));
#1086=DIRECTION('',(4.11351173548553E-13,-0.707106781186556,0.70710678118654));
#1087=DIRECTION('',(1.,5.82039705168072E-13,3.01296637625993E-16));
#1088=DIRECTION('',(-1.,-5.82061623572747E-13,-3.23215042300921E-16));
#1089=DIRECTION('',(5.82061623572747E-13,-1.,0.));
#1090=DIRECTION('',(4.11351173548553E-13,-0.707106781186556,0.70710678118654));
#1091=DIRECTION('',(4.11808268644929E-13,-0.70710678118654,-0.707106781186556));
#1092=DIRECTION('',(4.11900079950372E-13,-0.70710678118654,-0.707106781186556));
#1093=DIRECTION('',(0.,0.707106781186556,-0.70710678118654));
#1094=DIRECTION('',(1.,5.82126543969415E-13,3.88135438968959E-16));
#1095=DIRECTION('',(-1.,-5.82194953435067E-13,-4.56544904621302E-16));
#1096=DIRECTION('',(5.82194953435067E-13,-1.,0.));
#1097=DIRECTION('',(-6.14046117934813E-16,-1.,0.));
#1098=DIRECTION('',(5.82867087928208E-13,-3.57907272614285E-28,-1.));
#1099=DIRECTION('',(-6.14046117934813E-16,-1.,0.));
#1100=DIRECTION('',(2.31862060360287E-15,-0.0702825050355316,0.997527127193005));
#1101=DIRECTION('',(4.11996825544491E-13,-0.70710678118654,-0.707106781186556));
#1102=DIRECTION('',(4.11351173548553E-13,-0.707106781186556,0.70710678118654));
#1103=DIRECTION('',(1.,2.90869204265229E-13,-2.90869204265223E-13));
#1104=DIRECTION('',(2.00263531130454E-16,0.326137606413,0.945322305715463));
#1105=DIRECTION('',(0.,-0.945322305715463,0.326137606413));
#1106=DIRECTION('',(-6.12527659987532E-16,-0.997527127193006,-0.0702825050355316));
#1107=DIRECTION('',(0.,0.0702825050355316,-0.997527127193006));
#1108=DIRECTION('',(-1.00859996256723E-13,-0.0702825050356803,0.997527127192995));
#1109=DIRECTION('',(-6.14046117934813E-16,-1.,0.));
#1110=DIRECTION('',(1.,-6.14046117934813E-16,0.));
#1111=DIRECTION('',(-1.,6.14046117934813E-16,0.));
#1112=DIRECTION('',(1.,-6.14046117934813E-16,0.));
#1113=DIRECTION('',(-6.12527659987199E-16,-0.997527127192463,-0.070282505043227));
#1114=DIRECTION('',(0.,0.070282505043227,-0.997527127192463));
#1115=DIRECTION('',(1.04337927162072E-13,-0.070282505043227,0.997527127192463));
#1116=DIRECTION('',(1.22650141484035E-16,-0.344868890805909,-0.938650865952992));
#1117=DIRECTION('',(0.,0.938650865952992,-0.344868890805909));
#1118=DIRECTION('',(0.,0.,1.));
#1119=DIRECTION('',(1.,0.,0.));
#1120=DIRECTION('',(-1.,6.14046117934813E-16,0.));
#1121=DIRECTION('',(0.,0.,1.));
#1122=DIRECTION('',(1.,0.,0.));
#1123=DIRECTION('',(-1.,6.14046117934813E-16,0.));
#1124=DIRECTION('',(-6.14046117934813E-16,-1.,0.));
#1125=DIRECTION('',(1.,-6.14046117934813E-16,0.));
#1126=DIRECTION('',(0.,0.,-1.));
#1127=DIRECTION('',(-1.,0.,0.));
#1128=DIRECTION('',(1.,-6.14046117934813E-16,0.));
#1129=DIRECTION('',(0.,0.,-1.));
#1130=DIRECTION('',(-1.,0.,0.));
#1131=DIRECTION('',(1.,-6.14046117934813E-16,0.));
#1132=DIRECTION('',(-6.14046117934813E-16,-1.,0.));
#1133=DIRECTION('',(1.,-6.14046117934813E-16,0.));
#1134=DIRECTION('',(1.,1.48613480125761E-12,9.04342239629107E-13));
#1135=DIRECTION('',(-1.48613480125761E-12,1.,0.));
#1136=DIRECTION('',(0.,1.,0.));
#1137=DIRECTION('',(-1.,-1.78136278998873E-16,0.));
#1138=DIRECTION('',(1.,-3.64392085801182E-12,-4.22821607857942E-12));
#1139=DIRECTION('',(-4.22821607857942E-12,0.,-1.));
#1140=DIRECTION('',(0.,1.,0.));
#1141=DIRECTION('',(-1.,0.,0.));
#1142=DIRECTION('',(0.,0.,1.));
#1143=DIRECTION('',(1.,0.,0.));
#1144=DIRECTION('',(-1.,1.5546262830156E-11,-7.47641419459448E-12));
#1145=DIRECTION('',(-1.5546262830156E-11,-1.,0.));
#1146=CARTESIAN_POINT('',(0.,0.,0.));
#1147=CARTESIAN_POINT('',(-0.0782223345159742,-0.127811895470248,0.123416112943159));
#1148=CARTESIAN_POINT('',(-0.0782223345159655,-0.112962653065331,0.138265355348077));
#1149=CARTESIAN_POINT('',(-0.0782223345159666,-0.111157552088517,0.136460254371263));
#1150=CARTESIAN_POINT('',(-0.078222334515977,-0.110578776044259,0.133480127185632));
#1151=CARTESIAN_POINT('',(-0.0782223345159875,-0.11,0.1305));
#1152=CARTESIAN_POINT('',(-0.0782223345159655,-0.112962653065331,0.138265355348077));
#1153=CARTESIAN_POINT('',(-0.0782223345159835,-0.110225409368456,0.131644809387322));
#1154=CARTESIAN_POINT('',(-0.0782223345159828,-0.112962653065331,0.138265355348077));
#1155=CARTESIAN_POINT('',(-0.0782223345159824,-0.113669759846517,0.138972462129263));
#1156=CARTESIAN_POINT('',(-0.0782223345159737,-0.128519002251435,0.124123219724346));
#1157=CARTESIAN_POINT('',(-0.0782223345159651,-0.143368244656352,0.109273977319428));
#1158=CARTESIAN_POINT('',(-0.0782223345159655,-0.142661137875165,0.108566870538241));
#1159=CARTESIAN_POINT('',(-0.0782223345159655,-0.142661137875165,0.108566870538241));
#1160=CARTESIAN_POINT('',(-0.0782223345159655,-0.11,0.0965668705382414));
#1161=CARTESIAN_POINT('',(-0.0782223345159655,-0.11,0.0965668705382414));
#1162=CARTESIAN_POINT('',(-0.0782223345159655,-0.11,0.0955062103664616));
#1163=CARTESIAN_POINT('',(-0.0782223345159741,-0.11,0.101445550194682));
#1164=CARTESIAN_POINT('',(-0.0782223345159741,-0.1025,0.101445550194682));
#1165=CARTESIAN_POINT('',(-0.0782223345159741,-0.1025,0.101445550194682));
#1166=CARTESIAN_POINT('',(-0.0782223345159712,-0.1025,0.106445550194682));
#1167=CARTESIAN_POINT('',(-0.0782223345159742,-0.1025,0.111445550194682));
#1168=CARTESIAN_POINT('',(-0.0782223345159742,-0.1025,0.111445550194682));
#1169=CARTESIAN_POINT('',(-0.0782223345159742,-0.11,0.111445550194682));
#1170=CARTESIAN_POINT('',(-0.0782223345159655,-0.11,0.0955062103664616));
#1171=CARTESIAN_POINT('',(-0.0782223345159841,-0.11,0.128445550194682));
#1172=CARTESIAN_POINT('',(-0.0782223345159841,-0.11,0.128445550194682));
#1173=CARTESIAN_POINT('',(0.0775885748148707,-0.127811895470157,0.123416112943159));
#1174=CARTESIAN_POINT('',(0.0775885748148621,-0.11296265306524,0.138265355348077));
#1175=CARTESIAN_POINT('',(0.0775885748148621,-0.11296265306524,0.138265355348077));
#1176=CARTESIAN_POINT('',(0.0775885748148625,-0.113669759846427,0.138972462129263));
#1177=CARTESIAN_POINT('',(0.0775885748148621,-0.11296265306524,0.138265355348077));
#1178=CARTESIAN_POINT('',(0.077588574814861,-0.111157552088441,0.136460254371278));
#1179=CARTESIAN_POINT('',(0.0775885748148632,-0.11057877604422,0.133480127185639));
#1180=CARTESIAN_POINT('',(0.0775885748148654,-0.11,0.1305));
#1181=CARTESIAN_POINT('',(0.0775885748148617,-0.110225409359033,0.131644809387916));
#1182=CARTESIAN_POINT('',(0.0775885748148621,-0.11,0.128445550194682));
#1183=CARTESIAN_POINT('',(0.0775885748148621,-0.11,0.128445550194682));
#1184=CARTESIAN_POINT('',(0.0775885748148621,-0.11,0.127384890022902));
#1185=CARTESIAN_POINT('',(0.0775885748148707,-0.11,0.111445550194682));
#1186=CARTESIAN_POINT('',(0.0775885748148707,-0.1025,0.111445550194682));
#1187=CARTESIAN_POINT('',(0.0775885748148707,-0.1025,0.111445550194682));
#1188=CARTESIAN_POINT('',(0.0775885748148736,-0.1025,0.106445550194682));
#1189=CARTESIAN_POINT('',(0.0775885748148707,-0.1025,0.101445550194682));
#1190=CARTESIAN_POINT('',(0.0775885748148707,-0.1025,0.101445550194682));
#1191=CARTESIAN_POINT('',(0.0775885748148707,-0.11,0.101445550194682));
#1192=CARTESIAN_POINT('',(0.0775885748148621,-0.11,0.127384890022902));
#1193=CARTESIAN_POINT('',(0.0775885748148794,-0.11,0.0965668705382415));
#1194=CARTESIAN_POINT('',(0.0775885748148794,-0.11,0.0965668705382415));
#1195=CARTESIAN_POINT('',(0.0775885748148796,-0.142661137875075,0.108566870538242));
#1196=CARTESIAN_POINT('',(0.0775885748148794,-0.142661137875075,0.108566870538241));
#1197=CARTESIAN_POINT('',(0.0775885748148798,-0.143368244656261,0.109273977319428));
#1198=CARTESIAN_POINT('',(0.0775885748148711,-0.128519002251344,0.124123219724346));
#1199=CARTESIAN_POINT('',(1.84386606624281E-18,-0.11,0.112472775097341));
#1200=CARTESIAN_POINT('',(0.0790885748148736,-0.11,0.111445550194682));
#1201=CARTESIAN_POINT('',(0.0805885748148707,-0.11,0.111445550194682));
#1202=CARTESIAN_POINT('',(0.0790885748148615,-0.11,0.128445550194682));
#1203=CARTESIAN_POINT('',(0.0805885748148608,-0.11,0.128445550194682));
#1204=CARTESIAN_POINT('',(0.0805885748148658,-0.11,0.119945550194682));
#1205=CARTESIAN_POINT('',(1.84386606624281E-18,-0.11,0.112472775097341));
#1206=CARTESIAN_POINT('',(0.0790885748148806,-0.11,0.0944455501946818));
#1207=CARTESIAN_POINT('',(-0.0807223345159855,-0.11,0.0944455501946818));
#1208=CARTESIAN_POINT('',(0.0800885748148594,-0.11,0.0944455501946818));
#1209=CARTESIAN_POINT('',(-0.0807223345159855,-0.11,0.0944455501946819));
#1210=CARTESIAN_POINT('',(-0.0810556678492766,-0.11,0.0944455501946819));
#1211=CARTESIAN_POINT('',(-0.0812223345159429,-0.11,0.0946218569057938));
#1212=CARTESIAN_POINT('',(-0.0812223345159845,-0.11,0.0949744703280176));
#1213=CARTESIAN_POINT('',(-0.0812223345159645,-0.11,0.0949744703280175));
#1214=CARTESIAN_POINT('',(-0.0812223345159791,-0.11,0.119945550194682));
#1215=CARTESIAN_POINT('',(-0.0812223345159683,-0.11,0.101445550194682));
#1216=CARTESIAN_POINT('',(-0.0797223345159712,-0.11,0.101445550194682));
#1217=CARTESIAN_POINT('',(-0.000316879850543059,-0.11,0.0965668705382414));
#1218=CARTESIAN_POINT('',(0.0790885748148736,-0.11,0.101445550194682));
#1219=CARTESIAN_POINT('',(0.0805885748148766,-0.11,0.101445550194682));
#1220=CARTESIAN_POINT('',(0.0805885748148658,-0.11,0.119945550194682));
#1221=CARTESIAN_POINT('',(0.0805885748148804,-0.11,0.0949744703279925));
#1222=CARTESIAN_POINT('',(0.0805885748148604,-0.11,0.0949744703279926));
#1223=CARTESIAN_POINT('',(0.0805885748148604,-0.11,0.0946218569057855));
#1224=CARTESIAN_POINT('',(0.0804219081481934,-0.11,0.0944455501946819));
#1225=CARTESIAN_POINT('',(0.0800885748148594,-0.11,0.0944455501946819));
#1226=CARTESIAN_POINT('',(-0.000316879850543064,-0.14266113787512,0.108566870538241));
#1227=CARTESIAN_POINT('',(-0.000316879850542653,-0.143368244656307,0.109273977319428));
#1228=CARTESIAN_POINT('',(-0.000316879850543064,-0.14266113787512,0.108566870538241));
#1229=CARTESIAN_POINT('',(-0.00031687985056037,-0.112962653065285,0.138265355348077));
#1230=CARTESIAN_POINT('',(-0.000316879850559959,-0.113669759846472,0.138972462129263));
#1231=CARTESIAN_POINT('',(-0.00031687985056037,-0.112962653065285,0.138265355348077));
#1232=CARTESIAN_POINT('',(-0.000316879850551299,-0.128519002251389,0.124123219724346));
#1233=CARTESIAN_POINT('',(-0.000316879850560777,-0.112255546284099,0.140386675691636));
#1234=CARTESIAN_POINT('',(-0.0802223345159832,-0.112255546284145,0.140386675691636));
#1235=CARTESIAN_POINT('',(0.0795885748148617,-0.112255546284052,0.140386675691636));
#1236=CARTESIAN_POINT('',(-0.0802223345159737,-0.128519002251436,0.124123219724346));
#1237=CARTESIAN_POINT('',(-0.0802223345159643,-0.144782458218726,0.107859763757055));
#1238=CARTESIAN_POINT('',(-0.000316879850541834,-0.14478245821868,0.107859763757055));
#1239=CARTESIAN_POINT('',(0.0795885748148806,-0.144782458218657,0.107859763757078));
#1240=CARTESIAN_POINT('',(0.0795885748148711,-0.128519002251343,0.124123219724346));
#1241=CARTESIAN_POINT('',(-0.000316879850561604,-0.110841332721726,0.140386675691636));
#1242=CARTESIAN_POINT('',(-0.000316879850559754,-0.114023313237065,0.143568656206976));
#1243=CARTESIAN_POINT('',(-0.0807223345159821,-0.114023313237112,0.143568656206976));
#1244=CARTESIAN_POINT('',(0.0800885748148628,-0.114023313237019,0.143568656206976));
#1245=CARTESIAN_POINT('',(0.0800885748148629,-0.114023313237019,0.143568656206976));
#1246=CARTESIAN_POINT('',(0.0800885748148622,-0.112962653065239,0.142507996035196));
#1247=CARTESIAN_POINT('',(0.0800885748148614,-0.111901992893459,0.141447335863416));
#1248=CARTESIAN_POINT('',(0.0800885748148607,-0.110841332721679,0.140386675691636));
#1249=CARTESIAN_POINT('',(0.0800885748148607,-0.110841332721679,0.140386675691636));
#1250=CARTESIAN_POINT('',(-0.000316879850561604,-0.110841332721726,0.140386675691636));
#1251=CARTESIAN_POINT('',(0.0770885748148615,-0.110841332721681,0.140386675691636));
#1252=CARTESIAN_POINT('',(-0.000316879850561604,-0.110841332721726,0.140386675691636));
#1253=CARTESIAN_POINT('',(-0.0777223345159518,-0.110841332721771,0.140386675691636));
#1254=CARTESIAN_POINT('',(-0.000316879850561604,-0.110841332721726,0.140386675691636));
#1255=CARTESIAN_POINT('',(-0.0807223345159843,-0.110841332721773,0.140386675691636));
#1256=CARTESIAN_POINT('',(-0.0807223345159844,-0.110841332721773,0.140386675691637));
#1257=CARTESIAN_POINT('',(-0.0807223345159837,-0.111901992893553,0.141447335863416));
#1258=CARTESIAN_POINT('',(-0.0807223345159829,-0.112962653065332,0.142507996035196));
#1259=CARTESIAN_POINT('',(-0.0807223345159822,-0.114023313237112,0.143568656206976));
#1260=CARTESIAN_POINT('',(-0.0812223345159742,-0.12781189547025,0.123416112943159));
#1261=CARTESIAN_POINT('',(-0.0812223345159846,-0.110000000000003,0.0949744703280184));
#1262=CARTESIAN_POINT('',(-0.0812223345159779,-0.121345918587166,0.0988888291749498));
#1263=CARTESIAN_POINT('',(-0.0812223345159713,-0.132691837174329,0.102803188021881));
#1264=CARTESIAN_POINT('',(-0.0812223345159647,-0.144037755761492,0.106717546868813));
#1265=CARTESIAN_POINT('',(-0.0812223345159647,-0.144037755761492,0.106717546868813));
#1266=CARTESIAN_POINT('',(-0.0812223345159647,-0.144037755761492,0.106717546868813));
#1267=CARTESIAN_POINT('',(-0.0812223345159647,-0.144195309479134,0.106771903136527));
#1268=CARTESIAN_POINT('',(-0.0812223345159646,-0.144352863196776,0.106826259404242));
#1269=CARTESIAN_POINT('',(-0.0812223345159645,-0.144510416914418,0.106880615671957));
#1270=CARTESIAN_POINT('',(-0.0812223345159644,-0.144510416914555,0.106880615671829));
#1271=CARTESIAN_POINT('',(-0.0812223345159645,-0.144510416914555,0.106880615671829));
#1272=CARTESIAN_POINT('',(-0.0812223345159644,-0.144628268044956,0.106998466802185));
#1273=CARTESIAN_POINT('',(-0.0812223345159643,-0.144746119175356,0.107116317932542));
#1274=CARTESIAN_POINT('',(-0.0812223345159643,-0.144863970305757,0.107234169062898));
#1275=CARTESIAN_POINT('',(-0.0812223345159642,-0.144863970305759,0.1072341690629));
#1276=CARTESIAN_POINT('',(-0.0812223345159643,-0.144863970305759,0.1072341690629));
#1277=CARTESIAN_POINT('',(-0.0812223345159637,-0.145779608651664,0.108149807408805));
#1278=CARTESIAN_POINT('',(-0.0812223345159632,-0.146695246997568,0.109065445754709));
#1279=CARTESIAN_POINT('',(-0.0812223345159627,-0.147610885343472,0.109981084100614));
#1280=CARTESIAN_POINT('',(-0.0812223345159626,-0.147610885343473,0.109981084100614));
#1281=CARTESIAN_POINT('',(-0.0812223345159723,-0.130993875985589,0.126598093458498));
#1282=CARTESIAN_POINT('',(-0.081222334515982,-0.114376866627703,0.143215102816385));
#1283=CARTESIAN_POINT('',(-0.081222334515982,-0.114376866627703,0.143215102816385));
#1284=CARTESIAN_POINT('',(-0.0812223345159827,-0.113180489764806,0.142018725953486));
#1285=CARTESIAN_POINT('',(-0.0812223345159834,-0.111984112901908,0.140822349090588));
#1286=CARTESIAN_POINT('',(-0.0812223345159841,-0.11078773603901,0.139625972227689));
#1287=CARTESIAN_POINT('',(-0.081222334515984,-0.110787736038952,0.139625972227693));
#1288=CARTESIAN_POINT('',(-0.0812223345159841,-0.11,0.128445550194682));
#1289=CARTESIAN_POINT('',(-0.0812223345159841,-0.11,0.128445550194682));
#1290=CARTESIAN_POINT('',(-0.0812223345159791,-0.11,0.119945550194682));
#1291=CARTESIAN_POINT('',(-0.0812223345159741,-0.11,0.111445550194682));
#1292=CARTESIAN_POINT('',(-0.0812223345159683,-0.1025,0.111445550194682));
#1293=CARTESIAN_POINT('',(-0.0812223345159683,-0.1025,0.111445550194682));
#1294=CARTESIAN_POINT('',(-0.0812223345159712,-0.1025,0.106445550194682));
#1295=CARTESIAN_POINT('',(-0.0812223345159683,-0.1025,0.101445550194682));
#1296=CARTESIAN_POINT('',(-0.0812223345159683,-0.1025,0.101445550194682));
#1297=CARTESIAN_POINT('',(-0.000316879850541829,-0.14478245821868,0.106445550194682));
#1298=CARTESIAN_POINT('',(0.0799308109650528,-0.144951287009295,0.106614378985344));
#1299=CARTESIAN_POINT('',(0.0800359868649382,-0.145018090799565,0.106681182775614));
#1300=CARTESIAN_POINT('',(0.0800885748148809,-0.145106836361869,0.106769928337918));
#1301=CARTESIAN_POINT('',(0.0800885748148809,-0.145217523696207,0.106880615672256));
#1302=CARTESIAN_POINT('',(0.0799308109650526,-0.144951287009295,0.106614378985344));
#1303=CARTESIAN_POINT('',(0.0800885748148807,-0.145217523696207,0.106880615672256));
#1304=CARTESIAN_POINT('',(0.0800885748148809,-0.145217523696197,0.106880615672245));
#1305=CARTESIAN_POINT('',(0.0800885748148815,-0.146133162042122,0.107796254018171));
#1306=CARTESIAN_POINT('',(0.0800885748148821,-0.147048800388047,0.108711892364096));
#1307=CARTESIAN_POINT('',(0.0800885748148827,-0.147964438733972,0.109627530710021));
#1308=CARTESIAN_POINT('',(0.0800885748148826,-0.147964438733972,0.109627530710021));
#1309=CARTESIAN_POINT('',(-0.000316879850539978,-0.147964438734019,0.109627530710021));
#1310=CARTESIAN_POINT('',(-0.0807223345159623,-0.147964438734066,0.109627530710021));
#1311=CARTESIAN_POINT('',(-0.0807223345159624,-0.147964438734065,0.109627530710021));
#1312=CARTESIAN_POINT('',(-0.080722334515963,-0.147048800388161,0.108711892364116));
#1313=CARTESIAN_POINT('',(-0.0807223345159636,-0.146133162042256,0.107796254018211));
#1314=CARTESIAN_POINT('',(-0.0807223345159642,-0.145217523696351,0.106880615672306));
#1315=CARTESIAN_POINT('',(-0.0807223345159641,-0.145217523696349,0.106880615672305));
#1316=CARTESIAN_POINT('',(-0.0807223345159642,-0.14521752369635,0.106880615672305));
#1317=CARTESIAN_POINT('',(-0.0807223345159642,-0.145106836458154,0.106769928434109));
#1318=CARTESIAN_POINT('',(-0.0806697466464491,-0.145018090946934,0.106681182922889));
#1319=CARTESIAN_POINT('',(-0.0805645709074188,-0.144951287162689,0.106614379138644));
#1320=CARTESIAN_POINT('',(-0.0805645709074187,-0.144951287162689,0.106614379138644));
#1321=CARTESIAN_POINT('',(-0.0805645709074188,-0.144951287162689,0.106614379138644));
#1322=CARTESIAN_POINT('',(-0.0804729885951471,-0.144893117426151,0.106556209402106));
#1323=CARTESIAN_POINT('',(-0.080359007110702,-0.144864011821965,0.10652710379792));
#1324=CARTESIAN_POINT('',(-0.0802226264540835,-0.14486397035013,0.106527062326085));
#1325=CARTESIAN_POINT('',(-0.0802226264540562,-0.144863970370327,0.106527062395626));
#1326=CARTESIAN_POINT('',(-0.0802223345159593,-0.144863970305747,0.106527062281703));
#1327=CARTESIAN_POINT('',(-0.0269520314056789,-0.144863970305702,0.106527062281689));
#1328=CARTESIAN_POINT('',(0.0263182717046015,-0.144863970305657,0.106527062281674));
#1329=CARTESIAN_POINT('',(0.079588574814882,-0.144863970305612,0.10652706228166));
#1330=CARTESIAN_POINT('',(0.0795888662766311,-0.144863970395047,0.106527062371095));
#1331=CARTESIAN_POINT('',(0.0795888662766585,-0.144863970349849,0.106527062325898));
#1332=CARTESIAN_POINT('',(0.0797252470123618,-0.144864011754024,0.106527103730072));
#1333=CARTESIAN_POINT('',(0.0798392285751599,-0.144893117307172,0.106556209283221));
#1334=CARTESIAN_POINT('',(0.0799308109650528,-0.144951287009295,0.106614378985344));
#1335=CARTESIAN_POINT('',(-0.0802223345159741,-0.127811895470249,0.123416112943159));
#1336=CARTESIAN_POINT('',(-0.0802223345159836,-0.111548439502959,0.13967956891045));
#1337=CARTESIAN_POINT('',(-0.0802223345159818,-0.114730420018298,0.142861549425789));
#1338=CARTESIAN_POINT('',(-0.0802223345159723,-0.130993875985589,0.126598093458498));
#1339=CARTESIAN_POINT('',(-0.0802223345159628,-0.147257331952879,0.110334637491208));
#1340=CARTESIAN_POINT('',(-0.0802223345159647,-0.14407535143754,0.107152656975868));
#1341=CARTESIAN_POINT('',(-0.000316879850561189,-0.111548439502912,0.13967956891045));
#1342=CARTESIAN_POINT('',(0.0795885748148613,-0.111548439502866,0.13967956891045));
#1343=CARTESIAN_POINT('',(0.0795885748148631,-0.114730420018205,0.142861549425789));
#1344=CARTESIAN_POINT('',(-0.000316879850559338,-0.114730420018252,0.142861549425789));
#1345=CARTESIAN_POINT('',(0.0795885748148707,-0.127811895470156,0.123416112943159));
#1346=CARTESIAN_POINT('',(0.0795885748148802,-0.144075351437447,0.107152656975868));
#1347=CARTESIAN_POINT('',(0.0795885748148821,-0.147257331952786,0.110334637491208));
#1348=CARTESIAN_POINT('',(0.0795885748148726,-0.130993875985496,0.126598093458499));
#1349=CARTESIAN_POINT('',(-0.000316879850542245,-0.144075351437493,0.107152656975868));
#1350=CARTESIAN_POINT('',(-0.000316879850540394,-0.147257331952833,0.110334637491208));
#1351=CARTESIAN_POINT('',(0.0805885748148707,-0.127811895470156,0.123416112943159));
#1352=CARTESIAN_POINT('',(0.0805885748148805,-0.144510416914963,0.106880615672228));
#1353=CARTESIAN_POINT('',(0.0805885748148804,-0.144352863197342,0.106826259404493));
#1354=CARTESIAN_POINT('',(0.0805885748148803,-0.14419530947972,0.106771903136758));
#1355=CARTESIAN_POINT('',(0.0805885748148802,-0.144037755762099,0.106717546869023));
#1356=CARTESIAN_POINT('',(0.0805885748148805,-0.144510416914978,0.106880615672224));
#1357=CARTESIAN_POINT('',(0.0805885748148802,-0.144037755762099,0.106717546869022));
#1358=CARTESIAN_POINT('',(0.0805885748148802,-0.144037755762104,0.106717546869024));
#1359=CARTESIAN_POINT('',(0.0805885748148736,-0.132691837174671,0.102803188022015));
#1360=CARTESIAN_POINT('',(0.080588574814867,-0.121345918587239,0.0988888291750059));
#1361=CARTESIAN_POINT('',(0.0805885748148604,-0.109999999999806,0.0949744703279967));
#1362=CARTESIAN_POINT('',(0.0805885748148766,-0.1025,0.101445550194682));
#1363=CARTESIAN_POINT('',(0.0805885748148766,-0.1025,0.101445550194682));
#1364=CARTESIAN_POINT('',(0.0805885748148737,-0.1025,0.106445550194682));
#1365=CARTESIAN_POINT('',(0.0805885748148707,-0.1025,0.111445550194682));
#1366=CARTESIAN_POINT('',(0.0805885748148707,-0.1025,0.111445550194682));
#1367=CARTESIAN_POINT('',(0.0805885748148608,-0.11,0.128445550194682));
#1368=CARTESIAN_POINT('',(0.0805885748148608,-0.11078773603886,0.139625972227641));
#1369=CARTESIAN_POINT('',(0.0805885748148608,-0.110787736038861,0.139625972227642));
#1370=CARTESIAN_POINT('',(0.0805885748148615,-0.111984112901778,0.140822349090556));
#1371=CARTESIAN_POINT('',(0.0805885748148622,-0.113180489764695,0.142018725953469));
#1372=CARTESIAN_POINT('',(0.0805885748148629,-0.114376866627611,0.143215102816383));
#1373=CARTESIAN_POINT('',(0.0805885748148629,-0.114376866627611,0.143215102816383));
#1374=CARTESIAN_POINT('',(0.0805885748148726,-0.130993875985495,0.126598093458499));
#1375=CARTESIAN_POINT('',(0.0805885748148823,-0.147610885343379,0.109981084100614));
#1376=CARTESIAN_POINT('',(0.0805885748148822,-0.147610885343378,0.109981084100614));
#1377=CARTESIAN_POINT('',(0.0805885748148817,-0.146695246997453,0.109065445754689));
#1378=CARTESIAN_POINT('',(0.0805885748148812,-0.145779608651528,0.108149807408764));
#1379=CARTESIAN_POINT('',(0.0805885748148806,-0.144863970305603,0.107234169062839));
#1380=CARTESIAN_POINT('',(0.0805885748148807,-0.144863970305614,0.107234169062849));
#1381=CARTESIAN_POINT('',(0.0805885748148806,-0.144863970305614,0.10723416906285));
#1382=CARTESIAN_POINT('',(0.0805885748148806,-0.144746119175402,0.107116317932641));
#1383=CARTESIAN_POINT('',(0.0805885748148805,-0.14462826804519,0.106998466802432));
#1384=CARTESIAN_POINT('',(0.0805885748148805,-0.144510416914978,0.106880615672224));
#1385=CARTESIAN_POINT('',(-0.000316879850549859,-0.130993875985542,0.126598093458499));
#1386=CARTESIAN_POINT('',(0.0800885748148825,-0.147964438733972,0.109627530710021));
#1387=CARTESIAN_POINT('',(0.0804219081482157,-0.147964438733972,0.109627530710021));
#1388=CARTESIAN_POINT('',(0.0805885748148823,-0.147846587603774,0.109745381840219));
#1389=CARTESIAN_POINT('',(0.0805885748148823,-0.147610885343379,0.109981084100615));
#1390=CARTESIAN_POINT('',(0.0805885748148629,-0.114376866627611,0.143215102816383));
#1391=CARTESIAN_POINT('',(0.0805885748148629,-0.114141164367216,0.143450805076778));
#1392=CARTESIAN_POINT('',(0.0804219081481962,-0.114023313237018,0.143568656206976));
#1393=CARTESIAN_POINT('',(0.0800885748148628,-0.114023313237018,0.143568656206976));
#1394=CARTESIAN_POINT('',(-0.0807223345159822,-0.114023313237112,0.143568656206976));
#1395=CARTESIAN_POINT('',(-0.0810556678493154,-0.114023313237112,0.143568656206976));
#1396=CARTESIAN_POINT('',(-0.081222334515982,-0.114141164367309,0.143450805076779));
#1397=CARTESIAN_POINT('',(-0.081222334515982,-0.114376866627703,0.143215102816385));
#1398=CARTESIAN_POINT('',(-0.0812223345159627,-0.147610885343473,0.109981084100615));
#1399=CARTESIAN_POINT('',(-0.0812223345159627,-0.147846587603868,0.109745381840219));
#1400=CARTESIAN_POINT('',(-0.0810556678492959,-0.147964438734066,0.109627530710021));
#1401=CARTESIAN_POINT('',(-0.0807223345159623,-0.147964438734066,0.109627530710021));
#1402=CARTESIAN_POINT('',(1.06953439492463E-17,0.0174178186896081,0.0504862125692535));
#1403=CARTESIAN_POINT('',(-0.0805645706659774,-0.144556753097638,0.106367681591062));
#1404=CARTESIAN_POINT('',(-0.0806697465659688,-0.14446744393692,0.106336869797316));
#1405=CARTESIAN_POINT('',(-0.0807223345159645,-0.144348801092606,0.106295937838947));
#1406=CARTESIAN_POINT('',(-0.0807223345159645,-0.144200824564698,0.106244885715956));
#1407=CARTESIAN_POINT('',(-0.0805645706659774,-0.144556753097638,0.106367681591062));
#1408=CARTESIAN_POINT('',(-0.0807223345159645,-0.144200824564697,0.106244885715956));
#1409=CARTESIAN_POINT('',(-0.0807223345159644,-0.144200824564698,0.106244885715956));
#1410=CARTESIAN_POINT('',(-0.0807223345159715,-0.1328005497098,0.102311773875532));
#1411=CARTESIAN_POINT('',(-0.0807223345159785,-0.121400274854902,0.0983786620351075));
#1412=CARTESIAN_POINT('',(-0.0807223345159855,-0.110000000000004,0.0944455501946831));
#1413=CARTESIAN_POINT('',(0.0800885748148594,-0.110000000000007,0.0944455501946842));
#1414=CARTESIAN_POINT('',(0.0800885748148664,-0.121400274855107,0.0983786620351784));
#1415=CARTESIAN_POINT('',(0.0800885748148734,-0.132800549710207,0.102311773875673));
#1416=CARTESIAN_POINT('',(0.0800885748148804,-0.144200824565308,0.106244885716167));
#1417=CARTESIAN_POINT('',(0.0800885748148805,-0.144200824565305,0.106244885716166));
#1418=CARTESIAN_POINT('',(0.0800885748148805,-0.144200824565305,0.106244885716166));
#1419=CARTESIAN_POINT('',(0.0800885748148805,-0.14434880096432,0.106295937794688));
#1420=CARTESIAN_POINT('',(0.0800359869453981,-0.144467443740079,0.106336869729405));
#1421=CARTESIAN_POINT('',(0.0799308112064333,-0.144556752892583,0.106367681520318));
#1422=CARTESIAN_POINT('',(0.0799308112064333,-0.144556752892583,0.106367681520318));
#1423=CARTESIAN_POINT('',(0.0799308112064333,-0.144556752892583,0.106367681520318));
#1424=CARTESIAN_POINT('',(0.0798392289693064,-0.144634519229789,0.106394511022724));
#1425=CARTESIAN_POINT('',(0.079725247596748,-0.144673430151847,0.10640793534891));
#1426=CARTESIAN_POINT('',(0.0795888670887582,-0.144673485658757,0.106407954498877));
#1427=CARTESIAN_POINT('',(0.0795888670887841,-0.144673474758003,0.106407986279457));
#1428=CARTESIAN_POINT('',(0.079588574814881,-0.144673485718227,0.106407954519395));
#1429=CARTESIAN_POINT('',(0.0263182717046009,-0.144673485718271,0.10640795451941));
#1430=CARTESIAN_POINT('',(-0.0269520314056793,-0.144673485718315,0.106407954519425));
#1431=CARTESIAN_POINT('',(-0.0802223345159595,-0.144673485718358,0.10640795451944));
#1432=CARTESIAN_POINT('',(-0.0802226259943437,-0.144673474787609,0.10640798619409));
#1433=CARTESIAN_POINT('',(-0.080222625994318,-0.144673485659211,0.106407954499034));
#1434=CARTESIAN_POINT('',(-0.0803590067226062,-0.144673430303336,0.106407935401174));
#1435=CARTESIAN_POINT('',(-0.080472988279826,-0.144634519449478,0.106394511098517));
#1436=CARTESIAN_POINT('',(-0.0805645706659774,-0.144556753097638,0.106367681591062));
#1437=CARTESIAN_POINT('',(-6.16818471145871E-17,-0.100451489412616,-0.0070774840282643));
#1438=CARTESIAN_POINT('',(0.0800885748148607,-0.110841332721679,0.140386675691636));
#1439=CARTESIAN_POINT('',(0.0804219081481942,-0.110841332721679,0.140386675691636));
#1440=CARTESIAN_POINT('',(0.0805885748148609,-0.110823467160739,0.140133107870305));
#1441=CARTESIAN_POINT('',(0.0805885748148609,-0.11078773603886,0.139625972227641));
#1442=CARTESIAN_POINT('',(0.0775885748148621,-0.11,0.128445550194682));
#1443=CARTESIAN_POINT('',(0.0775885748148609,-0.110783968696004,0.13957250192665));
#1444=CARTESIAN_POINT('',(0.0775885748148615,-0.110783968696002,0.13957250192665));
#1445=CARTESIAN_POINT('',(0.0775885748148613,-0.110796681628655,0.139752937942431));
#1446=CARTESIAN_POINT('',(0.077579492953667,-0.110816138536424,0.140029091919913));
#1447=CARTESIAN_POINT('',(0.077367614562846,-0.11083834042963,0.140344205769804));
#1448=CARTESIAN_POINT('',(0.0771798396735341,-0.110841332721679,0.140386675691634));
#1449=CARTESIAN_POINT('',(0.0770885748148615,-0.110841332721679,0.140386675691634));
#1450=CARTESIAN_POINT('',(1.84386606624281E-18,-0.11,0.112472775097341));
#1451=CARTESIAN_POINT('',(-0.0797223345159712,-0.11,0.111445550194682));
#1452=CARTESIAN_POINT('',(-0.0797223345159841,-0.11,0.128445550194682));
#1453=CARTESIAN_POINT('',(-6.16818471139116E-17,-0.100451489411516,-0.00707748402896557));
#1454=CARTESIAN_POINT('',(-0.081222334515984,-0.110787736038951,0.139625972227693));
#1455=CARTESIAN_POINT('',(-0.081222334515984,-0.110823467160831,0.140133107870321));
#1456=CARTESIAN_POINT('',(-0.0810556678493174,-0.110841332721771,0.140386675691635));
#1457=CARTESIAN_POINT('',(-0.0807223345159842,-0.110841332721771,0.140386675691635));
#1458=CARTESIAN_POINT('',(-0.0777223345159518,-0.110841332721771,0.140386675691637));
#1459=CARTESIAN_POINT('',(-0.0778134974336912,-0.110841332721771,0.140386675691637));
#1460=CARTESIAN_POINT('',(-0.0780001470547847,-0.110838398919237,0.140345035917805));
#1461=CARTESIAN_POINT('',(-0.0782139217339692,-0.110816115486735,0.140028764771903));
#1462=CARTESIAN_POINT('',(-0.0782223345159517,-0.11079667876661,0.13975289731988));
#1463=CARTESIAN_POINT('',(-0.0782223345159521,-0.110783968691359,0.139572501859534));
#1464=CARTESIAN_POINT('',(-0.0782223345159829,-0.110783968691359,0.139572501859534));
#1465=CARTESIAN_POINT('',(-0.0782223345159841,-0.11,0.128445550194682));
#1466=CARTESIAN_POINT('',(-6.46452084339253E-18,0.0181770041671142,0.0494734699381605));
#1467=CARTESIAN_POINT('',(-0.0797223345159712,-0.1025,0.101445550194682));
#1468=CARTESIAN_POINT('',(-0.0797223345159712,-0.1025,0.101445550194682));
#1469=CARTESIAN_POINT('',(-0.0797223345159712,-0.1025,0.111445550194682));
#1470=CARTESIAN_POINT('',(-0.0797223345159712,-0.1025,0.111445550194682));
#1471=CARTESIAN_POINT('',(6.44921195075391E-18,-0.1025,0.112472775097341));
#1472=CARTESIAN_POINT('',(0.0790885748148736,-0.1025,0.111445550194682));
#1473=CARTESIAN_POINT('',(0.0790885748148736,-0.1025,0.111445550194682));
#1474=CARTESIAN_POINT('',(0.0790885748148736,-0.1025,0.101445550194682));
#1475=CARTESIAN_POINT('',(0.0790885748148736,-0.1025,0.101445550194682));
#1476=CARTESIAN_POINT('',(6.44921195075391E-18,-0.1025,0.112472775097341));
#1477=CARTESIAN_POINT('',(0.0775885748148616,-0.108694502700892,0.136076088600099));
#1478=CARTESIAN_POINT('',(0.0775885748148654,-0.10893933982822,0.1305));
#1479=CARTESIAN_POINT('',(0.0775885748148654,-0.108380743077316,0.1305));
#1480=CARTESIAN_POINT('',(0.0775885748148654,-0.11,0.1305));
#1481=CARTESIAN_POINT('',(0.0775885748148662,-0.108380743077317,0.130500000000009));
#1482=CARTESIAN_POINT('',(0.077588574814866,-0.108407464318037,0.130764337073909));
#1483=CARTESIAN_POINT('',(0.0775885748148656,-0.108458321531237,0.131259464320173));
#1484=CARTESIAN_POINT('',(0.0775885748148651,-0.108526617596073,0.13189967501368));
#1485=CARTESIAN_POINT('',(0.0775885748148648,-0.108577457729908,0.132352382456576));
#1486=CARTESIAN_POINT('',(0.0775885748148646,-0.108608731479944,0.132618004440148));
#1487=CARTESIAN_POINT('',(0.0775885748148645,-0.10862700717634,0.132768015236493));
#1488=CARTESIAN_POINT('',(0.0775885748148644,-0.108636325166155,0.13284353711262));
#1489=CARTESIAN_POINT('',(0.0775885748148643,-0.108660058124304,0.133029920272274));
#1490=CARTESIAN_POINT('',(0.0775885748148642,-0.108687267253666,0.13323617307266));
#1491=CARTESIAN_POINT('',(0.0775885748148639,-0.10873836117321,0.133607816681633));
#1492=CARTESIAN_POINT('',(0.0775885748148636,-0.10881395376513,0.134109063283446));
#1493=CARTESIAN_POINT('',(0.0775885748148632,-0.108893558808957,0.134580063331209));
#1494=CARTESIAN_POINT('',(0.077588574814863,-0.108962365711766,0.134950349644035));
#1495=CARTESIAN_POINT('',(0.0775885748148629,-0.109008820145702,0.135188620692163));
#1496=CARTESIAN_POINT('',(0.0775885748148627,-0.109081733005922,0.135536501485564));
#1497=CARTESIAN_POINT('',(0.0775885748148624,-0.109175150336334,0.135944561512325));
#1498=CARTESIAN_POINT('',(0.0775885748148622,-0.109303377182525,0.136444531965373));
#1499=CARTESIAN_POINT('',(0.077588574814862,-0.109439635691471,0.136900209078384));
#1500=CARTESIAN_POINT('',(0.0775885748148618,-0.109559484461292,0.137255588088779));
#1501=CARTESIAN_POINT('',(0.0775885748148617,-0.109641487727877,0.137483523620319));
#1502=CARTESIAN_POINT('',(0.0775885748148617,-0.109769244306161,0.137808660216678));
#1503=CARTESIAN_POINT('',(0.0775885748148615,-0.10993437791836,0.138187586291636));
#1504=CARTESIAN_POINT('',(0.0775885748148614,-0.110252176063562,0.138825598883227));
#1505=CARTESIAN_POINT('',(0.0775885748148615,-0.11056072787593,0.139292586303983));
#1506=CARTESIAN_POINT('',(0.0775885748148615,-0.110783968660878,0.139572501929124));
#1507=CARTESIAN_POINT('',(0.0775885748148621,-0.11296265306524,0.138265355348077));
#1508=CARTESIAN_POINT('',(0.077588574814861,-0.111157552088441,0.136460254371278));
#1509=CARTESIAN_POINT('',(0.0775885748148632,-0.11057877604422,0.133480127185639));
#1510=CARTESIAN_POINT('',(0.0775885748148654,-0.11,0.1305));
#1511=CARTESIAN_POINT('',(0.0770885748148615,-0.110841332721782,0.140386675691737));
#1512=CARTESIAN_POINT('',(-0.0777223345159775,-0.110841332721771,0.140386675691637));
#1513=CARTESIAN_POINT('',(0.0770885748148603,-0.108657635364957,0.138202978334967));
#1514=CARTESIAN_POINT('',(-0.0777223345159788,-0.108657635364947,0.138202978334866));
#1515=CARTESIAN_POINT('',(0.0770885748148564,-0.108269918284748,0.134311689816159));
#1516=CARTESIAN_POINT('',(-0.0777223345159826,-0.108269918284737,0.134311689816059));
#1517=CARTESIAN_POINT('',(0.0770885748148527,-0.10787154905047,0.130430529205983));
#1518=CARTESIAN_POINT('',(-0.0777223345159863,-0.10787154905046,0.130430529205882));
#1519=CARTESIAN_POINT('',(-0.000316879850561058,-0.10787867965644,0.1305));
#1520=CARTESIAN_POINT('',(-0.0777223345159862,-0.107878420723732,0.130500026145716));
#1521=CARTESIAN_POINT('',(0.0770885748148492,-0.107878418083669,0.1305));
#1522=CARTESIAN_POINT('',(-0.0777223345159862,-0.107878679612602,0.130499999572902));
#1523=CARTESIAN_POINT('',(-0.0777223345159739,-0.108274671992832,0.134358003394073));
#1524=CARTESIAN_POINT('',(-0.0777223345159616,-0.108670664307581,0.138216007277501));
#1525=CARTESIAN_POINT('',(-0.0777223345159518,-0.110841332721771,0.140386675691637));
#1526=CARTESIAN_POINT('',(0.0770885748148615,-0.110841332721681,0.140386675691636));
#1527=CARTESIAN_POINT('',(0.077088574814859,-0.108670659404846,0.138216002374749));
#1528=CARTESIAN_POINT('',(0.0770885748148541,-0.108274670204037,0.134357985966519));
#1529=CARTESIAN_POINT('',(0.0770885748148492,-0.107878676929414,0.130499973431612));
#1530=CARTESIAN_POINT('',(-0.078222334515973,-0.111021454682957,0.134823312502345));
#1531=CARTESIAN_POINT('',(-0.0782223345159521,-0.110783968610035,0.139572501865264));
#1532=CARTESIAN_POINT('',(-0.0782223345159524,-0.110560850614114,0.139292740193905));
#1533=CARTESIAN_POINT('',(-0.0782223345159533,-0.11025239679229,0.138825882478712));
#1534=CARTESIAN_POINT('',(-0.0782223345159548,-0.109934531182396,0.138187769309674));
#1535=CARTESIAN_POINT('',(-0.0782223345159558,-0.109769342450368,0.13780879922647));
#1536=CARTESIAN_POINT('',(-0.0782223345159568,-0.109641438978875,0.137483401406718));
#1537=CARTESIAN_POINT('',(-0.0782223345159574,-0.10955958118458,0.137255937591614));
#1538=CARTESIAN_POINT('',(-0.0782223345159585,-0.109439785788536,0.136900785747382));
#1539=CARTESIAN_POINT('',(-0.0782223345159599,-0.109303578205322,0.136445290800529));
#1540=CARTESIAN_POINT('',(-0.0782223345159615,-0.109175301890099,0.135945129056078));
#1541=CARTESIAN_POINT('',(-0.0782223345159629,-0.109081827127236,0.135536867439494));
#1542=CARTESIAN_POINT('',(-0.0782223345159641,-0.109008781422823,0.135188435482304));
#1543=CARTESIAN_POINT('',(-0.078222334515965,-0.108962426433797,0.134950724290379));
#1544=CARTESIAN_POINT('',(-0.0782223345159663,-0.108893648102589,0.134580648921026));
#1545=CARTESIAN_POINT('',(-0.078222334515968,-0.108814073669742,0.134109832592996));
#1546=CARTESIAN_POINT('',(-0.0782223345159698,-0.108738457587039,0.133608440068067));
#1547=CARTESIAN_POINT('',(-0.0782223345159712,-0.108687321230111,0.133236519307693));
#1548=CARTESIAN_POINT('',(-0.078222334515972,-0.108660087279349,0.133030111368197));
#1549=CARTESIAN_POINT('',(-0.0782223345159727,-0.108636314164927,0.132843454322002));
#1550=CARTESIAN_POINT('',(-0.078222334515973,-0.108627022011181,0.132768155182046));
#1551=CARTESIAN_POINT('',(-0.0782223345159735,-0.108608755134696,0.132618242327526));
#1552=CARTESIAN_POINT('',(-0.0782223345159746,-0.108577502367937,0.132352821243298));
#1553=CARTESIAN_POINT('',(-0.0782223345159763,-0.108526670955913,0.131900203824535));
#1554=CARTESIAN_POINT('',(-0.0782223345159787,-0.108458363012563,0.131259874397336));
#1555=CARTESIAN_POINT('',(-0.0782223345159807,-0.108407480863496,0.130764500747949));
#1556=CARTESIAN_POINT('',(-0.0782223345159817,-0.108380743077328,0.130500000000009));
#1557=CARTESIAN_POINT('',(-0.0782223345159875,-0.108380743077327,0.1305));
#1558=CARTESIAN_POINT('',(-0.0782223345159875,-0.10893933982822,0.1305));
#1559=CARTESIAN_POINT('',(-0.0782223345159875,-0.11,0.1305));
#1560=CARTESIAN_POINT('',(-0.0782223345159655,-0.112962653065331,0.138265355348077));
#1561=CARTESIAN_POINT('',(-0.0782223345159666,-0.111157552088517,0.136460254371263));
#1562=CARTESIAN_POINT('',(-0.078222334515977,-0.110578776044259,0.133480127185632));
#1563=CARTESIAN_POINT('',(-0.0782223345159875,-0.11,0.1305));
#1564=CARTESIAN_POINT('',(0.0775885748148654,-0.109999999982303,0.130499999908878));
#1565=CARTESIAN_POINT('',(-0.0782223345159875,-0.109999999982281,0.130499999908764));
#1566=CARTESIAN_POINT('',(0.0775885748148696,-0.110578776028235,0.133480127103229));
#1567=CARTESIAN_POINT('',(-0.0782223345159833,-0.110578776028213,0.133480127103116));
#1568=CARTESIAN_POINT('',(0.0775885748148737,-0.111157552061661,0.136460254309562));
#1569=CARTESIAN_POINT('',(-0.0782223345159792,-0.111157552061639,0.136460254309449));
#1570=CARTESIAN_POINT('',(0.0775885748148747,-0.112962653025905,0.138265355308742));
#1571=CARTESIAN_POINT('',(-0.0782223345159782,-0.112962653025883,0.138265355308628));
#1572=CARTESIAN_POINT('',(-0.00834774907794318,-0.11,0.1305));
#1573=CARTESIAN_POINT('',(0.,-4.16333634234433E-17,0.1305));
#1574=CARTESIAN_POINT('',(-0.0782223345159817,-0.108380743077327,0.1305));
#1575=CARTESIAN_POINT('',(-0.0782223345159817,-0.108045685366298,0.1305));
#1576=CARTESIAN_POINT('',(-0.0780556678493165,-0.107878156510821,0.1305));
#1577=CARTESIAN_POINT('',(-0.0777223345159862,-0.107878156510898,0.1305));
#1578=CARTESIAN_POINT('',(0.0770885748148492,-0.107878156510898,0.1305));
#1579=CARTESIAN_POINT('',(0.0774219081481938,-0.107878156510822,0.1305));
#1580=CARTESIAN_POINT('',(0.0775885748148661,-0.108045685366294,0.1305));
#1581=CARTESIAN_POINT('',(0.0775885748148661,-0.108380743077316,0.1305));
#1582=CARTESIAN_POINT('',(-0.0782223345159516,-0.111238108474878,0.140076347836647));
#1583=CARTESIAN_POINT('',(-0.0782223345159516,-0.111223700871314,0.14006193946385));
#1584=CARTESIAN_POINT('',(-0.0782223345159516,-0.111209293406843,0.140047530961351));
#1585=CARTESIAN_POINT('',(-0.0782223345159517,-0.111037306045336,0.139875527295281));
#1586=CARTESIAN_POINT('',(-0.0782223345159519,-0.110889970036531,0.139708227276605));
#1587=CARTESIAN_POINT('',(-0.0782223345159524,-0.110614033380907,0.139355877737357));
#1588=CARTESIAN_POINT('',(-0.0782223345159526,-0.110485802083234,0.139171101102518));
#1589=CARTESIAN_POINT('',(-0.0782223345159537,-0.110132942640824,0.138605131326619));
#1590=CARTESIAN_POINT('',(-0.0782223345159547,-0.109936616064336,0.138208559279639));
#1591=CARTESIAN_POINT('',(-0.078222334515958,-0.109428344153752,0.136978899192959));
#1592=CARTESIAN_POINT('',(-0.0782223345159609,-0.109196716892317,0.136107261004879));
#1593=CARTESIAN_POINT('',(-0.0782223345159695,-0.108692915497916,0.13363533383034));
#1594=CARTESIAN_POINT('',(-0.0782223345159758,-0.10853364273075,0.132011196843511));
#1595=CARTESIAN_POINT('',(-0.0782223345159821,-0.108369441362227,0.130388236204888));
#1596=CARTESIAN_POINT('',(-0.0782223345159491,-0.110885978965935,0.140431325409675));
#1597=CARTESIAN_POINT('',(-0.0782223345159492,-0.110871287725906,0.140416633327493));
#1598=CARTESIAN_POINT('',(-0.0782223345159491,-0.110856422852682,0.140401767317844));
#1599=CARTESIAN_POINT('',(-0.0782223345159458,-0.110676284117845,0.140221610732878));
#1600=CARTESIAN_POINT('',(-0.0782223345159587,-0.110508106749727,0.140031563046508));
#1601=CARTESIAN_POINT('',(-0.0782223345159401,-0.110208592163045,0.139649106333048));
#1602=CARTESIAN_POINT('',(-0.0782223345159441,-0.110070183342807,0.139449542934427));
#1603=CARTESIAN_POINT('',(-0.0782223345159627,-0.109691302363378,0.13884183585097));
#1604=CARTESIAN_POINT('',(-0.0782223345159441,-0.109483266210339,0.138420682894903));
#1605=CARTESIAN_POINT('',(-0.0782223345159718,-0.108948798477791,0.137127647368556));
#1606=CARTESIAN_POINT('',(-0.0782223345159618,-0.108710913455773,0.136227351050347));
#1607=CARTESIAN_POINT('',(-0.0782223345159618,-0.108195429281546,0.133698101723651));
#1608=CARTESIAN_POINT('',(-0.0782223345159786,-0.108036087026597,0.132062897705967));
#1609=CARTESIAN_POINT('',(-0.0782223345159814,-0.107872018582274,0.130439233698725));
#1610=CARTESIAN_POINT('',(-0.0777223345159518,-0.110885980702872,0.140431323672738));
#1611=CARTESIAN_POINT('',(-0.077722334515952,-0.110871289041767,0.140416632011632));
#1612=CARTESIAN_POINT('',(-0.077722334515952,-0.11085642360033,0.140401766570196));
#1613=CARTESIAN_POINT('',(-0.0777223345159503,-0.110676275940428,0.140221618910293));
#1614=CARTESIAN_POINT('',(-0.077722334515957,-0.110508106748778,0.140031563047248));
#1615=CARTESIAN_POINT('',(-0.0777223345159477,-0.110208592163993,0.139649106332308));
#1616=CARTESIAN_POINT('',(-0.0777223345159502,-0.110070183341212,0.139449542935422));
#1617=CARTESIAN_POINT('',(-0.0777223345159594,-0.109691302366567,0.138841835848978));
#1618=CARTESIAN_POINT('',(-0.0777223345159499,-0.109483266208169,0.138420682895799));
#1619=CARTESIAN_POINT('',(-0.0777223345159684,-0.108948798482129,0.137127647366761));
#1620=CARTESIAN_POINT('',(-0.0777223345159641,-0.108710913453453,0.136227351050818));
#1621=CARTESIAN_POINT('',(-0.0777223345159641,-0.108195429285796,0.133698101722783));
#1622=CARTESIAN_POINT('',(-0.077722334515991,-0.108036087027335,0.132062897706113));
#1623=CARTESIAN_POINT('',(-0.077722334515986,-0.10787201858237,0.130439233698779));
#1624=CARTESIAN_POINT('',(0.0770885748148611,-0.110885980702781,0.140431323672736));
#1625=CARTESIAN_POINT('',(0.0770885748148614,-0.110871289041676,0.140416632011631));
#1626=CARTESIAN_POINT('',(0.0770885748148615,-0.11085642360024,0.140401766570195));
#1627=CARTESIAN_POINT('',(0.0770885748148615,-0.110676275940343,0.140221618910299));
#1628=CARTESIAN_POINT('',(0.0770885748148613,-0.110508106748687,0.140031563047246));
#1629=CARTESIAN_POINT('',(0.0770885748148613,-0.110208592163902,0.139649106332304));
#1630=CARTESIAN_POINT('',(0.0770885748148581,-0.110070183341125,0.139449542935422));
#1631=CARTESIAN_POINT('',(0.0770885748148674,-0.109691302366483,0.138841835848974));
#1632=CARTESIAN_POINT('',(0.0770885748148645,-0.109483266208091,0.138420682895799));
#1633=CARTESIAN_POINT('',(0.0770885748148552,-0.108948798482059,0.137127647366752));
#1634=CARTESIAN_POINT('',(0.0770885748148626,-0.108710913453387,0.136227351050781));
#1635=CARTESIAN_POINT('',(0.0770885748148626,-0.108195429285774,0.13369810172283));
#1636=CARTESIAN_POINT('',(0.0770885748148038,-0.108036087027318,0.132062897706088));
#1637=CARTESIAN_POINT('',(0.0770885748148509,-0.107872018582371,0.13043923369878));
#1638=CARTESIAN_POINT('',(0.0775885748148602,-0.110885978965844,0.140431325409673));
#1639=CARTESIAN_POINT('',(0.0775885748148606,-0.110871287725815,0.140416633327492));
#1640=CARTESIAN_POINT('',(0.0775885748148609,-0.110856422852591,0.140401767317843));
#1641=CARTESIAN_POINT('',(0.0775885748148609,-0.110676284117758,0.140221610732884));
#1642=CARTESIAN_POINT('',(0.0775885748148606,-0.110508106749632,0.140031563046505));
#1643=CARTESIAN_POINT('',(0.0775885748148606,-0.110208592162956,0.139649106333045));
#1644=CARTESIAN_POINT('',(0.0775885748148559,-0.110070183342719,0.13944954293443));
#1645=CARTESIAN_POINT('',(0.0775885748148698,-0.109691302363294,0.13884183585096));
#1646=CARTESIAN_POINT('',(0.0775885748148669,-0.10948326621026,0.138420682894901));
#1647=CARTESIAN_POINT('',(0.0775885748148485,-0.108948798477719,0.137127647368549));
#1648=CARTESIAN_POINT('',(0.0775885748148558,-0.108710913455703,0.13622735105031));
#1649=CARTESIAN_POINT('',(0.0775885748148734,-0.108195429281531,0.133698101723695));
#1650=CARTESIAN_POINT('',(0.077588574814722,-0.108036087026581,0.132062897705941));
#1651=CARTESIAN_POINT('',(0.0775885748148295,-0.107872018582275,0.130439233698725));
#1652=CARTESIAN_POINT('',(0.0775885748148618,-0.111238108474788,0.140076347836644));
#1653=CARTESIAN_POINT('',(0.0775885748148617,-0.111223700871224,0.140061939463847));
#1654=CARTESIAN_POINT('',(0.0775885748148617,-0.111209293406754,0.140047530961349));
#1655=CARTESIAN_POINT('',(0.0775885748148616,-0.111037306045252,0.139875527295285));
#1656=CARTESIAN_POINT('',(0.0775885748148616,-0.110889970036437,0.139708227276608));
#1657=CARTESIAN_POINT('',(0.0775885748148615,-0.110614033380822,0.139355877737347));
#1658=CARTESIAN_POINT('',(0.0775885748148614,-0.110485802083151,0.139171101102516));
#1659=CARTESIAN_POINT('',(0.0775885748148614,-0.11013294264074,0.138605131326623));
#1660=CARTESIAN_POINT('',(0.0775885748148615,-0.109936616064263,0.138208559279633));
#1661=CARTESIAN_POINT('',(0.0775885748148619,-0.109428344153678,0.136978899192968));
#1662=CARTESIAN_POINT('',(0.0775885748148623,-0.109196716892249,0.136107261004846));
#1663=CARTESIAN_POINT('',(0.0775885748148638,-0.108692915497903,0.133635333830388));
#1664=CARTESIAN_POINT('',(0.077588574814865,-0.108533642730695,0.132011196843494));
#1665=CARTESIAN_POINT('',(0.0775885748148663,-0.108369441362219,0.130388236204893));
#1666=CARTESIAN_POINT('',(-0.0808878326585024,-0.144737046912983,0.106518174937954));
#1667=CARTESIAN_POINT('',(-0.0808995379922795,-0.144723471483141,0.106514133701636));
#1668=CARTESIAN_POINT('',(-0.0809106830652782,-0.144709972698207,0.10651050927021));
#1669=CARTESIAN_POINT('',(-0.0809319117514389,-0.144683178957929,0.106504027231265));
#1670=CARTESIAN_POINT('',(-0.0809419953646008,-0.144669884002585,0.106501169623745));
#1671=CARTESIAN_POINT('',(-0.0809611601928079,-0.144643548461261,0.106496154446732));
#1672=CARTESIAN_POINT('',(-0.080970128987511,-0.144630421918448,0.106494120008012));
#1673=CARTESIAN_POINT('',(-0.0809869489069094,-0.144604329683994,0.106490879519864));
#1674=CARTESIAN_POINT('',(-0.0809948000316046,-0.144591363992354,0.106489673470435));
#1675=CARTESIAN_POINT('',(-0.0810021471056925,-0.144578517924039,0.106488822660513));
#1676=CARTESIAN_POINT('',(-0.0808995380082011,-0.144746623940643,0.106528610657763));
#1677=CARTESIAN_POINT('',(-0.080919127418849,-0.144731721940125,0.10652669095249));
#1678=CARTESIAN_POINT('',(-0.0809359693381525,-0.144716773010663,0.106524935924291));
#1679=CARTESIAN_POINT('',(-0.0809650912380541,-0.14468736707368,0.106521618892882));
#1680=CARTESIAN_POINT('',(-0.0809773712186522,-0.144672910066159,0.106520056889671));
#1681=CARTESIAN_POINT('',(-0.0809983022851263,-0.144645073752888,0.106516989579078));
#1682=CARTESIAN_POINT('',(-0.0810072365974605,-0.144631055610824,0.106515509096574));
#1683=CARTESIAN_POINT('',(-0.0810227485541814,-0.144603472655322,0.106512676936399));
#1684=CARTESIAN_POINT('',(-0.081029326198568,-0.144589907841884,0.106511325258728));
#1685=CARTESIAN_POINT('',(-0.0810350783959098,-0.144576896342502,0.106510049213098));
#1686=CARTESIAN_POINT('',(-0.0809106830959343,-0.144755792678364,0.106539159960184));
#1687=CARTESIAN_POINT('',(-0.0809359693577743,-0.144739844903354,0.10653936251316));
#1688=CARTESIAN_POINT('',(-0.0809570535814071,-0.144723667729506,0.106539571764268));
#1689=CARTESIAN_POINT('',(-0.0809923720174261,-0.144691884468039,0.106539617137477));
#1690=CARTESIAN_POINT('',(-0.0810065875863114,-0.144676279547435,0.106539448044011));
#1691=CARTESIAN_POINT('',(-0.0810298700760987,-0.144646668488549,0.106538513997781));
#1692=CARTESIAN_POINT('',(-0.0810394081669391,-0.144631691117722,0.106537792327937));
#1693=CARTESIAN_POINT('',(-0.0810552029319586,-0.14460231960084,0.106536022921891));
#1694=CARTESIAN_POINT('',(-0.0810614745681725,-0.144587957510374,0.10653493855698));
#1695=CARTESIAN_POINT('',(-0.0810667690719347,-0.144574486550342,0.10653363461034));
#1696=CARTESIAN_POINT('',(-0.0809319118093476,-0.144773351490659,0.10656041105095));
#1697=CARTESIAN_POINT('',(-0.0809650912930668,-0.144755701920521,0.106564347889817));
#1698=CARTESIAN_POINT('',(-0.0809923723030313,-0.144737542558984,0.106568166841282));
#1699=CARTESIAN_POINT('',(-0.081037380939105,-0.144701679582037,0.106574737122754));
#1700=CARTESIAN_POINT('',(-0.0810550437393539,-0.14468397536943,0.106577473908377));
#1701=CARTESIAN_POINT('',(-0.0810834502886986,-0.144650497132063,0.106581626502791));
#1702=CARTESIAN_POINT('',(-0.0810947634813304,-0.144633408246504,0.106583214770671));
#1703=CARTESIAN_POINT('',(-0.0811126392982866,-0.144599632047565,0.106585851363401));
#1704=CARTESIAN_POINT('',(-0.0811192676509801,-0.144583057626126,0.106586769833481));
#1705=CARTESIAN_POINT('',(-0.0811247964642393,-0.144567657722937,0.106587150487971));
#1706=CARTESIAN_POINT('',(-0.0809419954350278,-0.144781741565233,0.106571112839296));
#1707=CARTESIAN_POINT('',(-0.0809773712894341,-0.144763435974459,0.106576661705805));
#1708=CARTESIAN_POINT('',(-0.0810065880802497,-0.144744526845513,0.106582122735266));
#1709=CARTESIAN_POINT('',(-0.0810550440218817,-0.144706970628403,0.106591852997313));
#1710=CARTESIAN_POINT('',(-0.0810741908079794,-0.144688320011815,0.106596103572265));
#1711=CARTESIAN_POINT('',(-0.0811053341692632,-0.144652752537759,0.106603226195101));
#1712=CARTESIAN_POINT('',(-0.0811178105181029,-0.144634509587472,0.106606381420204));
#1713=CARTESIAN_POINT('',(-0.0811375161809188,-0.144598099403887,0.106612418783211));
#1714=CARTESIAN_POINT('',(-0.0811448470275639,-0.144580093843298,0.106615114468996));
#1715=CARTESIAN_POINT('',(-0.0811511458045006,-0.144563197442803,0.106617267674329));
#1716=CARTESIAN_POINT('',(-0.0809611602862133,-0.144797780967967,0.106592594222616));
#1717=CARTESIAN_POINT('',(-0.0809983023723408,-0.144778381251264,0.106600345228786));
#1718=CARTESIAN_POINT('',(-0.0810298706938415,-0.144758331142954,0.106608335924081));
#1719=CARTESIAN_POINT('',(-0.0810834500203933,-0.144717895361651,0.106623769787724));
#1720=CARTESIAN_POINT('',(-0.0811053330792964,-0.14469748976726,0.106631198707709));
#1721=CARTESIAN_POINT('',(-0.081141414534412,-0.144657333538466,0.106645659933418));
#1722=CARTESIAN_POINT('',(-0.0811557735444284,-0.144636435709115,0.106653147844938));
#1723=CARTESIAN_POINT('',(-0.0811776419814897,-0.144593849174909,0.106669091521804));
#1724=CARTESIAN_POINT('',(-0.0811853363102651,-0.14457238904348,0.10667728096048));
#1725=CARTESIAN_POINT('',(-0.081191612632421,-0.144551591926841,0.106685339812434));
#1726=CARTESIAN_POINT('',(-0.080970129091074,-0.144805357228562,0.106603505008511));
#1727=CARTESIAN_POINT('',(-0.0810072366855018,-0.144785849856013,0.106612300156157));
#1728=CARTESIAN_POINT('',(-0.0810394087452596,-0.14476553747858,0.106621485375542));
#1729=CARTESIAN_POINT('',(-0.0810947625829817,-0.144723949703991,0.106639828380726));
#1730=CARTESIAN_POINT('',(-0.081117808372227,-0.144702640923691,0.106648980440681));
#1731=CARTESIAN_POINT('',(-0.0811557722236169,-0.144659751856056,0.106667724891803));
#1732=CARTESIAN_POINT('',(-0.0811706214095981,-0.144637214503665,0.106677834599211));
#1733=CARTESIAN_POINT('',(-0.0811923621172962,-0.144590943547766,0.1066998392699));
#1734=CARTESIAN_POINT('',(-0.0811994861055049,-0.144567456637632,0.106711444629305));
#1735=CARTESIAN_POINT('',(-0.0812048065669109,-0.144544409365139,0.106723280536218));
#1736=CARTESIAN_POINT('',(-0.0809869490284203,-0.144819694552823,0.106625544661688));
#1737=CARTESIAN_POINT('',(-0.0810227486173831,-0.144800472754083,0.106635858797059));
#1738=CARTESIAN_POINT('',(-0.0810552035276494,-0.144779987883468,0.106647117320555));
#1739=CARTESIAN_POINT('',(-0.0811126378854317,-0.144736367724012,0.106671348969444));
#1740=CARTESIAN_POINT('',(-0.0811375131470186,-0.144713155165744,0.106684357583256));
#1741=CARTESIAN_POINT('',(-0.0811776399535182,-0.144664064092114,0.106712991767295));
#1742=CARTESIAN_POINT('',(-0.0811923616155264,-0.144637690331101,0.106729067799197));
#1743=CARTESIAN_POINT('',(-0.08121192270064,-0.14458347247849,0.10676378149403));
#1744=CARTESIAN_POINT('',(-0.0812170923984183,-0.144555833273351,0.106782169607604));
#1745=CARTESIAN_POINT('',(-0.0812199542226274,-0.144528413523717,0.106801059418221));
#1746=CARTESIAN_POINT('',(-0.0809948001609058,-0.144826455616489,0.10663667352897));
#1747=CARTESIAN_POINT('',(-0.0810293262361033,-0.144807627047405,0.10664746251059));
#1748=CARTESIAN_POINT('',(-0.0810614751465799,-0.144787250845028,0.106659554938146));
#1749=CARTESIAN_POINT('',(-0.0811192660635268,-0.144742798708002,0.106686652528654));
#1750=CARTESIAN_POINT('',(-0.0811448437294293,-0.144718615079386,0.106701725871766));
#1751=CARTESIAN_POINT('',(-0.0811853341921956,-0.144666097356254,0.1067358713288));
#1752=CARTESIAN_POINT('',(-0.0811994855893804,-0.144637539705598,0.106755265339385));
#1753=CARTESIAN_POINT('',(-0.081217092422741,-0.144579041688892,0.106796682042651));
#1754=CARTESIAN_POINT('',(-0.0812209283770089,-0.144549246282437,0.106818518517698));
#1755=CARTESIAN_POINT('',(-0.0812223345159644,-0.14451963810843,0.106840853715719));
#1756=CARTESIAN_POINT('',(-0.081002147241748,-0.144832844923998,0.106647850383401));
#1757=CARTESIAN_POINT('',(-0.0810350783886751,-0.144814471062956,0.1066586018444));
#1758=CARTESIAN_POINT('',(-0.0810667695208113,-0.14479432107057,0.106671095052951));
#1759=CARTESIAN_POINT('',(-0.0811247946156207,-0.14474919897248,0.106700664100375));
#1760=CARTESIAN_POINT('',(-0.0811511422228752,-0.144724077050739,0.106717858662487));
#1761=CARTESIAN_POINT('',(-0.0811916103509073,-0.144667957887719,0.106758096234863));
#1762=CARTESIAN_POINT('',(-0.0812048058384671,-0.144636989658477,0.106781166805158));
#1763=CARTESIAN_POINT('',(-0.0812199541410264,-0.144574064289257,0.106829602682907));
#1764=CARTESIAN_POINT('',(-0.0812223345159644,-0.144542129465605,0.106854915053302));
#1765=CARTESIAN_POINT('',(-0.0812223345159644,-0.144510416914486,0.106880615671893));
#1766=CARTESIAN_POINT('',(-0.0808878326585024,-0.144737046912983,0.106518174937954));
#1767=CARTESIAN_POINT('',(-0.0808995380082011,-0.144746623940643,0.106528610657763));
#1768=CARTESIAN_POINT('',(-0.0809106830959343,-0.144755792678364,0.106539159960184));
#1769=CARTESIAN_POINT('',(-0.0809319118093476,-0.144773351490659,0.10656041105095));
#1770=CARTESIAN_POINT('',(-0.0809419954350278,-0.144781741565233,0.106571112839296));
#1771=CARTESIAN_POINT('',(-0.0809611602862133,-0.144797780967967,0.106592594222616));
#1772=CARTESIAN_POINT('',(-0.080970129091074,-0.144805357228562,0.106603505008511));
#1773=CARTESIAN_POINT('',(-0.0809869490284203,-0.144819694552823,0.106625544661688));
#1774=CARTESIAN_POINT('',(-0.0809948001609058,-0.144826455616489,0.10663667352897));
#1775=CARTESIAN_POINT('',(-0.081002147241748,-0.144832844923998,0.106647850383401));
#1776=CARTESIAN_POINT('',(-0.081002147241748,-0.144832844923998,0.106647850383401));
#1777=CARTESIAN_POINT('',(-0.0808878326585024,-0.144737046912983,0.106518174937954));
#1778=CARTESIAN_POINT('',(-0.081002147241748,-0.144832844923998,0.106647850383401));
#1779=CARTESIAN_POINT('',(-0.0810680095356022,-0.144796097201913,0.106669353305399));
#1780=CARTESIAN_POINT('',(-0.0811975805479992,-0.14470706532914,0.106726671027295));
#1781=CARTESIAN_POINT('',(-0.0812223345159644,-0.144573842016723,0.106829214434711));
#1782=CARTESIAN_POINT('',(-0.0812223345159644,-0.144510416914486,0.106880615671893));
#1783=CARTESIAN_POINT('',(-0.0810021471056925,-0.144578517924039,0.106488822660513));
#1784=CARTESIAN_POINT('',(-0.0810680096861271,-0.144575274760964,0.106531275765682));
#1785=CARTESIAN_POINT('',(-0.0811975863358758,-0.144562722337975,0.106636423724149));
#1786=CARTESIAN_POINT('',(-0.0812223345159644,-0.144528859302374,0.106801091759545));
#1787=CARTESIAN_POINT('',(-0.0812223345159644,-0.144510416914486,0.106880615671893));
#1788=CARTESIAN_POINT('',(-0.0810021471056925,-0.144578517924039,0.106488822660513));
#1789=CARTESIAN_POINT('',(-0.0808878326585024,-0.144737046912983,0.106518174937954));
#1790=CARTESIAN_POINT('',(-0.0809112433260566,-0.144709896053299,0.106510092465318));
#1791=CARTESIAN_POINT('',(-0.0809324129504973,-0.144683051773247,0.106503677212251));
#1792=CARTESIAN_POINT('',(-0.0809707426069114,-0.1446303806906,0.106493646858226));
#1793=CARTESIAN_POINT('',(-0.0809874529575167,-0.14460421006067,0.106490524280358));
#1794=CARTESIAN_POINT('',(-0.0810021471056925,-0.144578517924039,0.106488822660513));
#1795=CARTESIAN_POINT('',(-0.0808878326585024,-0.144737046912983,0.106518174937954));
#1796=CARTESIAN_POINT('',(-0.0808410112915507,-0.144745043717347,0.10650538597097));
#1797=CARTESIAN_POINT('',(-0.080790703884662,-0.144751783601975,0.106494607149383));
#1798=CARTESIAN_POINT('',(-0.0806828673166974,-0.144761944348699,0.106478357495795));
#1799=CARTESIAN_POINT('',(-0.0806255033770144,-0.144766008554137,0.106471857789147));
#1800=CARTESIAN_POINT('',(-0.080564570786698,-0.144768494168168,0.10646788266522));
#1801=CARTESIAN_POINT('',(-0.0809112433260566,-0.144709896053299,0.106510092465318));
#1802=CARTESIAN_POINT('',(-0.0808499672701133,-0.144704891247824,0.10648230832823));
#1803=CARTESIAN_POINT('',(-0.0807906952413084,-0.14470659287213,0.106466347851467));
#1804=CARTESIAN_POINT('',(-0.0806828601552605,-0.14471633629407,0.106449838133178));
#1805=CARTESIAN_POINT('',(-0.0806255030650558,-0.14472593444209,0.106446799882955));
#1806=CARTESIAN_POINT('',(-0.0805645707664721,-0.144735303915517,0.106447129182714));
#1807=CARTESIAN_POINT('',(-0.0809324129504973,-0.144683051773247,0.106503677212251));
#1808=CARTESIAN_POINT('',(-0.0808634225763674,-0.144675501263601,0.106467849784152));
#1809=CARTESIAN_POINT('',(-0.0807995433489554,-0.144675672323296,0.106449743880008));
#1810=CARTESIAN_POINT('',(-0.0806862846699654,-0.144683759019155,0.106431403732383));
#1811=CARTESIAN_POINT('',(-0.0806277245908812,-0.144693073068681,0.106428651184274));
#1812=CARTESIAN_POINT('',(-0.080564570746223,-0.144701277519448,0.106427627716372));
#1813=CARTESIAN_POINT('',(-0.0809707426069114,-0.1446303806906,0.106493646858226));
#1814=CARTESIAN_POINT('',(-0.0808946866300669,-0.144628834821424,0.106450027697636));
#1815=CARTESIAN_POINT('',(-0.0808252608423782,-0.144628493371945,0.106426697381999));
#1816=CARTESIAN_POINT('',(-0.0806971362503052,-0.144628899525192,0.106401253458701));
#1817=CARTESIAN_POINT('',(-0.0806335648913844,-0.144630419611365,0.106397207284881));
#1818=CARTESIAN_POINT('',(-0.0805645707058418,-0.144630451243785,0.106394266695247));
#1819=CARTESIAN_POINT('',(-0.0809874529575167,-0.14460421006067,0.106490524280358));
#1820=CARTESIAN_POINT('',(-0.0809152108700979,-0.144606791499477,0.106446370232358));
#1821=CARTESIAN_POINT('',(-0.0808449024914048,-0.144607371617178,0.106419981214406));
#1822=CARTESIAN_POINT('',(-0.080705922183236,-0.144603981415992,0.106389564554646));
#1823=CARTESIAN_POINT('',(-0.0806370723667381,-0.144600315587662,0.106384219381083));
#1824=CARTESIAN_POINT('',(-0.0805645706857694,-0.144593757264968,0.106380448084021));
#1825=CARTESIAN_POINT('',(-0.0810021471056925,-0.144578517924039,0.106488822660513));
#1826=CARTESIAN_POINT('',(-0.080936284525258,-0.144581761087113,0.106446369555343));
#1827=CARTESIAN_POINT('',(-0.0808642772771929,-0.14458150453943,0.106414418834672));
#1828=CARTESIAN_POINT('',(-0.0807153113445431,-0.144572908890215,0.106377270789645));
#1829=CARTESIAN_POINT('',(-0.0806393780426995,-0.14456516717455,0.106370584460155));
#1830=CARTESIAN_POINT('',(-0.0805645706659773,-0.144556753097639,0.106367681591062));
#1831=CARTESIAN_POINT('',(-0.0810021471056925,-0.144578517924039,0.106488822660513));
#1832=CARTESIAN_POINT('',(-0.0808704219448235,-0.144585004250188,0.106403916450173));
#1833=CARTESIAN_POINT('',(-0.0807141854194217,-0.144573581251461,0.106373487329247));
#1834=CARTESIAN_POINT('',(-0.0805645706659773,-0.144556753097639,0.106367681591062));
#1835=CARTESIAN_POINT('',(-0.080564570786698,-0.144768494168168,0.10646788266522));
#1836=CARTESIAN_POINT('',(-0.0805645707462462,-0.144702113662866,0.106426375700208));
#1837=CARTESIAN_POINT('',(-0.0805645707055615,-0.144630761432297,0.106393214576981));
#1838=CARTESIAN_POINT('',(-0.0805645706659773,-0.144556753097639,0.106367681591062));
#1839=CARTESIAN_POINT('',(-0.080564570786698,-0.144768494131142,0.106467882642068));
#1840=CARTESIAN_POINT('',(-0.0808878326585024,-0.144737046912983,0.106518174937954));
#1841=CARTESIAN_POINT('',(-0.0808410112915507,-0.144745043717347,0.10650538597097));
#1842=CARTESIAN_POINT('',(-0.080790703884662,-0.144751783601975,0.106494607149383));
#1843=CARTESIAN_POINT('',(-0.0806828673166974,-0.144761944348699,0.106478357495795));
#1844=CARTESIAN_POINT('',(-0.0806255033770144,-0.144766008554137,0.106471857789147));
#1845=CARTESIAN_POINT('',(-0.080564570786698,-0.144768494168168,0.10646788266522));
#1846=CARTESIAN_POINT('',(0.0802540729575116,-0.144737046785681,0.106518174858398));
#1847=CARTESIAN_POINT('',(0.0802657782912937,-0.144746623817589,0.106528610582897));
#1848=CARTESIAN_POINT('',(0.0802769233642992,-0.14475579256034,0.106539159888742));
#1849=CARTESIAN_POINT('',(0.0802981520504667,-0.144773351384078,0.106560410984112));
#1850=CARTESIAN_POINT('',(0.0803082356636287,-0.144781741465066,0.106571112773636));
#1851=CARTESIAN_POINT('',(0.0803274004918188,-0.14479778088183,0.10659259415735));
#1852=CARTESIAN_POINT('',(0.0803363692865244,-0.144805357150378,0.106603504942));
#1853=CARTESIAN_POINT('',(0.080353189205931,-0.144819694492095,0.106625544590208));
#1854=CARTESIAN_POINT('',(0.080361040330632,-0.144826455565265,0.106636673453766));
#1855=CARTESIAN_POINT('',(0.0803683874047176,-0.144832844882892,0.106647850303441));
#1856=CARTESIAN_POINT('',(0.0802657783072023,-0.144723471361915,0.106514133623848));
#1857=CARTESIAN_POINT('',(0.0802853677178542,-0.144731721826558,0.106526690881524));
#1858=CARTESIAN_POINT('',(0.080302209637164,-0.14473984478386,0.106539362431551));
#1859=CARTESIAN_POINT('',(0.0803313315370719,-0.14475570177978,0.106564347777363));
#1860=CARTESIAN_POINT('',(0.0803436115176699,-0.144763435818398,0.106576661573149));
#1861=CARTESIAN_POINT('',(0.0803645425841267,-0.144778381072949,0.106600345071543));
#1862=CARTESIAN_POINT('',(0.0803734768964636,-0.144785849671402,0.106612299994047));
#1863=CARTESIAN_POINT('',(0.0803889888531929,-0.144800472584567,0.10663585866494));
#1864=CARTESIAN_POINT('',(0.0803955664975854,-0.14480762689928,0.106647462413329));
#1865=CARTESIAN_POINT('',(0.0804013186949251,-0.144814470959074,0.106658601814293));
#1866=CARTESIAN_POINT('',(0.0802769233949256,-0.144709972582261,0.106510509195446));
#1867=CARTESIAN_POINT('',(0.0803022096567683,-0.144716772884931,0.106524935852659));
#1868=CARTESIAN_POINT('',(0.0803232938804066,-0.14472366760322,0.106539571685352));
#1869=CARTESIAN_POINT('',(0.0803586123164314,-0.144737542465878,0.106568166544183));
#1870=CARTESIAN_POINT('',(0.080372827885317,-0.14474452678839,0.106582122237576));
#1871=CARTESIAN_POINT('',(0.0803961103750884,-0.144758331151044,0.106608335341572));
#1872=CARTESIAN_POINT('',(0.0804056484659311,-0.144765537511801,0.106621484897016));
#1873=CARTESIAN_POINT('',(0.0804214432309586,-0.144779988032733,0.106647116893512));
#1874=CARTESIAN_POINT('',(0.080427714867178,-0.144787251089352,0.106659554477595));
#1875=CARTESIAN_POINT('',(0.0804330093709387,-0.144794321399289,0.106671094744407));
#1876=CARTESIAN_POINT('',(0.0802981521083258,-0.144683178851131,0.106504027164776));
#1877=CARTESIAN_POINT('',(0.0803313315920452,-0.144687366910913,0.106521618815656));
#1878=CARTESIAN_POINT('',(0.0803586126020128,-0.144691884160121,0.106539617183922));
#1879=CARTESIAN_POINT('',(0.0804036212380893,-0.144701678972883,0.106574736741909));
#1880=CARTESIAN_POINT('',(0.0804212840383381,-0.144706969874152,0.106591852100582));
#1881=CARTESIAN_POINT('',(0.0804496905876684,-0.144717894217808,0.106623769104378));
#1882=CARTESIAN_POINT('',(0.0804610037803004,-0.144723948294604,0.106639828393214));
#1883=CARTESIAN_POINT('',(0.0804788795972602,-0.144736366068034,0.106671349531142));
#1884=CARTESIAN_POINT('',(0.0804855079499575,-0.144742797084183,0.106686653029563));
#1885=CARTESIAN_POINT('',(0.0804910367632167,-0.144749197388724,0.106700665096412));
#1886=CARTESIAN_POINT('',(0.0803082357340027,-0.144669883899654,0.106501169562508));
#1887=CARTESIAN_POINT('',(0.080343611588408,-0.144672909878522,0.106520056807518));
#1888=CARTESIAN_POINT('',(0.0803728283792252,-0.144676279074929,0.106539448210632));
#1889=CARTESIAN_POINT('',(0.0804212843208576,-0.144683974232937,0.106577473622953));
#1890=CARTESIAN_POINT('',(0.0804404311069545,-0.144688318513681,0.106596102635553));
#1891=CARTESIAN_POINT('',(0.0804715744682241,-0.144697487359615,0.1066311983508));
#1892=CARTESIAN_POINT('',(0.0804840508170621,-0.144702637934911,0.106648981271087));
#1893=CARTESIAN_POINT('',(0.0805037564798779,-0.144713151455572,0.106684359472015));
#1894=CARTESIAN_POINT('',(0.0805110873265251,-0.144718611247078,0.106701727765251));
#1895=CARTESIAN_POINT('',(0.0805173861034623,-0.1447240731367,0.106717861345267));
#1896=CARTESIAN_POINT('',(0.0803274005851986,-0.144643548364827,0.10649615439794));
#1897=CARTESIAN_POINT('',(0.0803645426713238,-0.144645073533402,0.106516989487685));
#1898=CARTESIAN_POINT('',(0.0803961109928228,-0.144646667968339,0.106538514260173));
#1899=CARTESIAN_POINT('',(0.0804496903193688,-0.144650496016842,0.106581625773681));
#1900=CARTESIAN_POINT('',(0.0804715733782683,-0.144652751162691,0.106603224186835));
#1901=CARTESIAN_POINT('',(0.0805076548333668,-0.144657331272648,0.106645658516686));
#1902=CARTESIAN_POINT('',(0.080522013843376,-0.144659748896779,0.106667725305833));
#1903=CARTESIAN_POINT('',(0.0805438822804266,-0.144664060257178,0.106712993682164));
#1904=CARTESIAN_POINT('',(0.0805515766091991,-0.144666093360317,0.106735873162874));
#1905=CARTESIAN_POINT('',(0.0805578529313546,-0.144667953580915,0.106758099380142));
#1906=CARTESIAN_POINT('',(0.0803363693900534,-0.144630421824374,0.106494119966917));
#1907=CARTESIAN_POINT('',(0.0803734769844782,-0.144631055384206,0.106515509001653));
#1908=CARTESIAN_POINT('',(0.0804056490442336,-0.144631690702001,0.106537792567399));
#1909=CARTESIAN_POINT('',(0.0804610028819494,-0.144633407640615,0.106583213498167));
#1910=CARTESIAN_POINT('',(0.0804840486711912,-0.144634509025432,0.106606378369625));
#1911=CARTESIAN_POINT('',(0.0805220125225661,-0.144636434785641,0.106653145003187));
#1912=CARTESIAN_POINT('',(0.0805368617085395,-0.144637213095278,0.106677833718622));
#1913=CARTESIAN_POINT('',(0.0805586024162249,-0.144637688420386,0.106729068286584));
#1914=CARTESIAN_POINT('',(0.0805657264044295,-0.144637537796831,0.106755265550298));
#1915=CARTESIAN_POINT('',(0.0805710468658349,-0.144636987411294,0.106781168494861));
#1916=CARTESIAN_POINT('',(0.0803531893273845,-0.144604329593094,0.106490879496642));
#1917=CARTESIAN_POINT('',(0.0803889889163436,-0.144603472462275,0.106512676841922));
#1918=CARTESIAN_POINT('',(0.0804214438266071,-0.144602319282212,0.106536023243148));
#1919=CARTESIAN_POINT('',(0.0804788781843835,-0.144599631827482,0.106585849628742));
#1920=CARTESIAN_POINT('',(0.0805037534459678,-0.144598099477521,0.106612414620686));
#1921=CARTESIAN_POINT('',(0.0805438802524578,-0.144593849217391,0.106669087235676));
#1922=CARTESIAN_POINT('',(0.080558601914459,-0.144590943149338,0.106699837338749));
#1923=CARTESIAN_POINT('',(0.0805781629995609,-0.144583471712963,0.106763781015407));
#1924=CARTESIAN_POINT('',(0.0805833326973349,-0.144579040998592,0.106796681124078));
#1925=CARTESIAN_POINT('',(0.0805861945215434,-0.144574063145381,0.10682960358741));
#1926=CARTESIAN_POINT('',(0.0803610404598608,-0.144591363902266,0.10648967345739));
#1927=CARTESIAN_POINT('',(0.0803955665350545,-0.14458990768954,0.106511325168223));
#1928=CARTESIAN_POINT('',(0.0804277154455283,-0.144587957203239,0.106534938978373));
#1929=CARTESIAN_POINT('',(0.0804855063624702,-0.144583057365471,0.106586768154354));
#1930=CARTESIAN_POINT('',(0.0805110840283708,-0.144580093867706,0.106615110194599));
#1931=CARTESIAN_POINT('',(0.0805515744911302,-0.144572388942832,0.106677276564979));
#1932=CARTESIAN_POINT('',(0.0805657258883095,-0.144567455991494,0.106711442820953));
#1933=CARTESIAN_POINT('',(0.080583332721661,-0.144555832145225,0.106782169389231));
#1934=CARTESIAN_POINT('',(0.0805871686759256,-0.144549245203117,0.106818517842854));
#1935=CARTESIAN_POINT('',(0.0805885748148805,-0.144542127904243,0.106854916319397));
#1936=CARTESIAN_POINT('',(0.0803683875407017,-0.144578517834103,0.106488822658649));
#1937=CARTESIAN_POINT('',(0.0804013186876253,-0.144576896269903,0.106510049132972));
#1938=CARTESIAN_POINT('',(0.0804330098197583,-0.144574486416819,0.106533635041059));
#1939=CARTESIAN_POINT('',(0.0804910349145609,-0.14456765792497,0.106587148628083));
#1940=CARTESIAN_POINT('',(0.080517382521812,-0.144563198141046,0.106617262980877));
#1941=CARTESIAN_POINT('',(0.0805578506498355,-0.144551592868933,0.106685334563363));
#1942=CARTESIAN_POINT('',(0.0805710461373906,-0.144544409900349,0.106723277776153));
#1943=CARTESIAN_POINT('',(0.0805861944399438,-0.144528413836055,0.106801057993855));
#1944=CARTESIAN_POINT('',(0.0805885748148805,-0.144519638563077,0.106840851757683));
#1945=CARTESIAN_POINT('',(0.0805885748148805,-0.144510416914971,0.106880615672226));
#1946=CARTESIAN_POINT('',(0.0802540729575116,-0.144737046785681,0.106518174858398));
#1947=CARTESIAN_POINT('',(0.0802657783072023,-0.144723471361915,0.106514133623848));
#1948=CARTESIAN_POINT('',(0.0802769233949256,-0.144709972582261,0.106510509195446));
#1949=CARTESIAN_POINT('',(0.0802981521083258,-0.144683178851131,0.106504027164776));
#1950=CARTESIAN_POINT('',(0.0803082357340027,-0.144669883899654,0.106501169562508));
#1951=CARTESIAN_POINT('',(0.0803274005851986,-0.144643548364827,0.10649615439794));
#1952=CARTESIAN_POINT('',(0.0803363693900534,-0.144630421824374,0.106494119966917));
#1953=CARTESIAN_POINT('',(0.0803531893273845,-0.144604329593094,0.106490879496642));
#1954=CARTESIAN_POINT('',(0.0803610404598608,-0.144591363902266,0.10648967345739));
#1955=CARTESIAN_POINT('',(0.0803683875407017,-0.144578517834103,0.106488822658649));
#1956=CARTESIAN_POINT('',(0.0803683875407017,-0.144578517834103,0.106488822658649));
#1957=CARTESIAN_POINT('',(0.0802540729575116,-0.144737046785681,0.106518174858398));
#1958=CARTESIAN_POINT('',(0.0803683875407017,-0.144578517834103,0.106488822658649));
#1959=CARTESIAN_POINT('',(0.0804342498345489,-0.144575274705704,0.106531275607295));
#1960=CARTESIAN_POINT('',(0.0805638208469328,-0.144562723551536,0.106636415819022));
#1961=CARTESIAN_POINT('',(0.0805885748148805,-0.144528860211184,0.106801087843141));
#1962=CARTESIAN_POINT('',(0.0805885748148805,-0.144510416914971,0.106880615672226));
#1963=CARTESIAN_POINT('',(0.0803683874047176,-0.144832844882892,0.106647850303441));
#1964=CARTESIAN_POINT('',(0.0804342499851326,-0.144796097035256,0.106669353325144));
#1965=CARTESIAN_POINT('',(0.0805638266348104,-0.144707058753229,0.106726675579553));
#1966=CARTESIAN_POINT('',(0.0805885748148805,-0.144573838893515,0.106829216966568));
#1967=CARTESIAN_POINT('',(0.0805885748148805,-0.144510416914971,0.106880615672226));
#1968=CARTESIAN_POINT('',(0.0803683874047176,-0.144832844882892,0.106647850303441));
#1969=CARTESIAN_POINT('',(0.0802540729575116,-0.144737046785681,0.106518174858398));
#1970=CARTESIAN_POINT('',(0.0802774836250758,-0.144756200849498,0.106539046307396));
#1971=CARTESIAN_POINT('',(0.0802986532495336,-0.144773721756683,0.106560372081778));
#1972=CARTESIAN_POINT('',(0.0803369829059138,-0.144805800590213,0.106603334849208));
#1973=CARTESIAN_POINT('',(0.0803536932565465,-0.144820066247639,0.106625496604091));
#1974=CARTESIAN_POINT('',(0.0803683874047176,-0.144832844882892,0.106647850303441));
#1975=CARTESIAN_POINT('',(0.0802540729575116,-0.144737046785681,0.106518174858398));
#1976=CARTESIAN_POINT('',(0.0802072515905658,-0.144745043569396,0.106505385878501));
#1977=CARTESIAN_POINT('',(0.0801569441836832,-0.144751783432752,0.106494607043612));
#1978=CARTESIAN_POINT('',(0.0800491076157305,-0.144761944136,0.106478357362837));
#1979=CARTESIAN_POINT('',(0.0799917436760534,-0.144766008318974,0.106471857642144));
#1980=CARTESIAN_POINT('',(0.079930811085743,-0.144768493910047,0.106467882503863));
#1981=CARTESIAN_POINT('',(0.0802774836250758,-0.144756200849498,0.106539046307396));
#1982=CARTESIAN_POINT('',(0.0802162075691476,-0.14478337165069,0.106531381197053));
#1983=CARTESIAN_POINT('',(0.0801569355403488,-0.144796976022211,0.106522863367515));
#1984=CARTESIAN_POINT('',(0.0800491004543062,-0.144807553255869,0.106506875021854));
#1985=CARTESIAN_POINT('',(0.0799917433641019,-0.14480608246459,0.106496915494654));
#1986=CARTESIAN_POINT('',(0.0799308110655222,-0.144801684171339,0.106488635972555));
#1987=CARTESIAN_POINT('',(0.0802986532495336,-0.144773721756683,0.106560372081778));
#1988=CARTESIAN_POINT('',(0.0802296628754243,-0.144809238527312,0.10655147411526));
#1989=CARTESIAN_POINT('',(0.0801657836480153,-0.14482544188897,0.106543393020151));
#1990=CARTESIAN_POINT('',(0.0800525249690224,-0.144838390148511,0.106528092750896));
#1991=CARTESIAN_POINT('',(0.0799939648899329,-0.144836786881236,0.106518513733576));
#1992=CARTESIAN_POINT('',(0.0799308110452781,-0.144834114885997,0.106510689352475));
#1993=CARTESIAN_POINT('',(0.0803369829059138,-0.144805800590213,0.106603334849208));
#1994=CARTESIAN_POINT('',(0.0802609269290915,-0.144845693569769,0.106585626911203));
#1995=CARTESIAN_POINT('',(0.0801915011414175,-0.144866818371741,0.106575719189011));
#1996=CARTESIAN_POINT('',(0.080063376549364,-0.144889516106802,0.106564213928485));
#1997=CARTESIAN_POINT('',(0.079999805190448,-0.14489248831262,0.106561075747924));
#1998=CARTESIAN_POINT('',(0.0799308110049071,-0.144895118223467,0.106559759831108));
#1999=CARTESIAN_POINT('',(0.0803536932565465,-0.144820066247639,0.106625496604091));
#2000=CARTESIAN_POINT('',(0.0802814511691483,-0.144858633063945,0.106603843787544));
#2001=CARTESIAN_POINT('',(0.0802111427904646,-0.144882104326994,0.106591768332372));
#2002=CARTESIAN_POINT('',(0.0800721624823056,-0.144910934996909,0.106581499002699));
#2003=CARTESIAN_POINT('',(0.0800033126658074,-0.144917345626132,0.106582454519015));
#2004=CARTESIAN_POINT('',(0.0799308109848397,-0.144923607669143,0.106586699645192));
#2005=CARTESIAN_POINT('',(0.0803683874047176,-0.144832844882892,0.106647850303441));
#2006=CARTESIAN_POINT('',(0.0803025248243024,-0.144869592730528,0.106626347281737));
#2007=CARTESIAN_POINT('',(0.0802305175762508,-0.14489843060345,0.106612588958583));
#2008=CARTESIAN_POINT('',(0.080081551643617,-0.144935592278403,0.106604052427835));
#2009=CARTESIAN_POINT('',(0.0800056183417756,-0.144944993229024,0.106608085205074));
#2010=CARTESIAN_POINT('',(0.0799308109650526,-0.144951287009295,0.106614378985344));
#2011=CARTESIAN_POINT('',(0.0803683874047176,-0.144832844882892,0.106647850303441));
#2012=CARTESIAN_POINT('',(0.0802366622438872,-0.144906340578163,0.106604844260033));
#2013=CARTESIAN_POINT('',(0.0800804257184986,-0.144938699448754,0.106601791424805));
#2014=CARTESIAN_POINT('',(0.0799308109650526,-0.144951287009295,0.106614378985344));
#2015=CARTESIAN_POINT('',(0.079930811085743,-0.144768493910047,0.106467882503863));
#2016=CARTESIAN_POINT('',(0.0799308110453014,-0.14483487443263,0.106509389441247));
#2017=CARTESIAN_POINT('',(0.0799308110046268,-0.144895928328992,0.106559020305041));
#2018=CARTESIAN_POINT('',(0.0799308109650526,-0.144951287009295,0.106614378985344));
#2019=CARTESIAN_POINT('',(0.079930811085743,-0.144768493947073,0.106467882527015));
#2020=CARTESIAN_POINT('',(0.0802540729575116,-0.144737046785681,0.106518174858398));
#2021=CARTESIAN_POINT('',(0.0802072515905658,-0.144745043569396,0.106505385878501));
#2022=CARTESIAN_POINT('',(0.0801569441836832,-0.144751783432752,0.106494607043612));
#2023=CARTESIAN_POINT('',(0.0800491076157305,-0.144761944136,0.106478357362837));
#2024=CARTESIAN_POINT('',(0.0799917436760534,-0.144766008318974,0.106471857642144));
#2025=CARTESIAN_POINT('',(0.079930811085743,-0.144768493910047,0.106467882503863));
#2026=CARTESIAN_POINT('',(0.0805885748148824,-0.147610885343379,0.109981084100615));
#2027=CARTESIAN_POINT('',(0.0805885748148806,-0.144863970305603,0.107234169062839));
#2028=CARTESIAN_POINT('',(0.0805885748148825,-0.147846587603775,0.109745381840219));
#2029=CARTESIAN_POINT('',(0.0805885748148807,-0.145099672565999,0.106998466802443));
#2030=CARTESIAN_POINT('',(0.0804219081482157,-0.147964438733972,0.109627530710021));
#2031=CARTESIAN_POINT('',(0.080421908148214,-0.145217523696196,0.106880615672245));
#2032=CARTESIAN_POINT('',(0.0800885748148825,-0.147964438733972,0.109627530710021));
#2033=CARTESIAN_POINT('',(0.0800885748148807,-0.145217523696197,0.106880615672245));
#2034=CARTESIAN_POINT('',(0.0800885748148807,-0.145217523696207,0.106880615672256));
#2035=CARTESIAN_POINT('',(0.0804219081482139,-0.145217523696207,0.106880615672256));
#2036=CARTESIAN_POINT('',(0.0805885748148806,-0.14509967256601,0.106998466802454));
#2037=CARTESIAN_POINT('',(0.0805885748148806,-0.144863970305614,0.107234169062849));
#2038=CARTESIAN_POINT('',(0.0800885748148593,-0.109794795052608,0.094374754181553));
#2039=CARTESIAN_POINT('',(0.0800885748148793,-0.14420082456531,0.106244885716167));
#2040=CARTESIAN_POINT('',(0.0804219081481833,-0.109794795052595,0.0943747541815894));
#2041=CARTESIAN_POINT('',(0.0804219081482033,-0.144200824565297,0.106244885716204));
#2042=CARTESIAN_POINT('',(0.0805885748148502,-0.109740438784857,0.0945323078992175));
#2043=CARTESIAN_POINT('',(0.0805885748148702,-0.144146468297559,0.106402439433832));
#2044=CARTESIAN_POINT('',(0.0805885748148602,-0.109631726249392,0.0948474153344368));
#2045=CARTESIAN_POINT('',(0.0805885748148802,-0.144037755762094,0.106717546869051));
#2046=CARTESIAN_POINT('',(0.0805885748148802,-0.144037755762099,0.106717546869022));
#2047=CARTESIAN_POINT('',(0.0805885748148607,-0.144146468297557,0.106402439433822));
#2048=CARTESIAN_POINT('',(0.0804219081481941,-0.144200824565292,0.106244885716202));
#2049=CARTESIAN_POINT('',(0.0800885748148805,-0.144200824565305,0.106244885716166));
#2050=CARTESIAN_POINT('',(0.0799308109650526,-0.144951287009295,0.106614378985344));
#2051=CARTESIAN_POINT('',(0.0800298866241152,-0.145014216155193,0.106677308131242));
#2052=CARTESIAN_POINT('',(0.0800885748148807,-0.145107275239151,0.106770367215199));
#2053=CARTESIAN_POINT('',(0.0800885748148807,-0.145217523696207,0.106880615672256));
#2054=CARTESIAN_POINT('',(0.080017580483325,-0.144943986816372,0.106607078792421));
#2055=CARTESIAN_POINT('',(0.080102197822762,-0.145012334591276,0.106675426567327));
#2056=CARTESIAN_POINT('',(0.0801582361176716,-0.145106790867394,0.106769882843442));
#2057=CARTESIAN_POINT('',(0.0801719081482141,-0.145217523696207,0.106880615672256));
#2058=CARTESIAN_POINT('',(0.0801020754830755,-0.144932465687374,0.106603470290852));
#2059=CARTESIAN_POINT('',(0.0801730068709728,-0.14500357363008,0.106680295298873));
#2060=CARTESIAN_POINT('',(0.0802260257729245,-0.145101317546274,0.106774307120843));
#2061=CARTESIAN_POINT('',(0.0802448248148807,-0.14521015800057,0.106887981367894));
#2062=CARTESIAN_POINT('',(0.0802579447742703,-0.144888886348725,0.106616543596717));
#2063=CARTESIAN_POINT('',(0.0803027246555585,-0.144969015170744,0.106706363111699));
#2064=CARTESIAN_POINT('',(0.0803501712711149,-0.145074959269445,0.106798415271877));
#2065=CARTESIAN_POINT('',(0.0803698248148807,-0.14518069521802,0.106917444150443));
#2066=CARTESIAN_POINT('',(0.0803293190657148,-0.144856828139073,0.106633225404151));
#2067=CARTESIAN_POINT('',(0.0803631914017728,-0.144943161020042,0.106727099785272));
#2068=CARTESIAN_POINT('',(0.0804065271140524,-0.145054074313736,0.106818099145511));
#2069=CARTESIAN_POINT('',(0.080421908148214,-0.145158598131108,0.106939541237355));
#2070=CARTESIAN_POINT('',(0.0804563760654401,-0.144780535723114,0.106679329961815));
#2071=CARTESIAN_POINT('',(0.0804710569539619,-0.144876356740381,0.106782750801696));
#2072=CARTESIAN_POINT('',(0.080500114470372,-0.144991459031864,0.106878168786928));
#2073=CARTESIAN_POINT('',(0.0805052414815474,-0.145099672566009,0.106998466802454));
#2074=CARTESIAN_POINT('',(0.080512058773721,-0.144736301516808,0.106708752712044));
#2075=CARTESIAN_POINT('',(0.0805161833608915,-0.144835576234979,0.106817245896726));
#2076=CARTESIAN_POINT('',(0.0805339279760391,-0.144952145602135,0.106916137658278));
#2077=CARTESIAN_POINT('',(0.0805364914815474,-0.145062844087823,0.107035295280641));
#2078=CARTESIAN_POINT('',(0.0805781581484412,-0.144633790045289,0.106783017935341));
#2079=CARTESIAN_POINT('',(0.0805734034211137,-0.144744359750254,0.106895774780817));
#2080=CARTESIAN_POINT('',(0.0805781581482934,-0.144859324118524,0.10700613511088));
#2081=CARTESIAN_POINT('',(0.080578158148214,-0.144974455740174,0.107123683628289));
#2082=CARTESIAN_POINT('',(0.0805885748148805,-0.144575512780076,0.106827860408409));
#2083=CARTESIAN_POINT('',(0.0805885748148811,-0.144690722550946,0.106943070178859));
#2084=CARTESIAN_POINT('',(0.0805885748148806,-0.144805816064643,0.10705816369213));
#2085=CARTESIAN_POINT('',(0.0805885748148807,-0.144922895870713,0.107175243497751));
#2086=CARTESIAN_POINT('',(0.0805885748148805,-0.144510416914978,0.106880615672224));
#2087=CARTESIAN_POINT('',(0.0805885748148805,-0.144628268045188,0.106998466802433));
#2088=CARTESIAN_POINT('',(0.0805885748148806,-0.144746119175404,0.10711631793264));
#2089=CARTESIAN_POINT('',(0.0805885748148807,-0.144863970305614,0.107234169062849));
#2090=CARTESIAN_POINT('',(0.0800885748148805,-0.144200824565305,0.106244885716166));
#2091=CARTESIAN_POINT('',(0.0800885748148805,-0.144348214243596,0.106295735375163));
#2092=CARTESIAN_POINT('',(0.0800298867194396,-0.144472623699031,0.106338656822973));
#2093=CARTESIAN_POINT('',(0.0799308112064333,-0.144556752892583,0.106367681520318));
#2094=CARTESIAN_POINT('',(0.0801719081482138,-0.144200824565305,0.106244885716166));
#2095=CARTESIAN_POINT('',(0.0801582361350752,-0.144348861802027,0.106295958783788));
#2096=CARTESIAN_POINT('',(0.0801021979256612,-0.144475139151095,0.106339524657692));
#2097=CARTESIAN_POINT('',(0.0800175807019899,-0.144566512445699,0.106371048580709));
#2098=CARTESIAN_POINT('',(0.0802448248148805,-0.144197427298571,0.106254732823517));
#2099=CARTESIAN_POINT('',(0.0802260257967751,-0.144347280509896,0.106302816703581));
#2100=CARTESIAN_POINT('',(0.0801730069719926,-0.144474597700206,0.106349532955309));
#2101=CARTESIAN_POINT('',(0.0801020756752962,-0.144574801008205,0.106379826847947));
#2102=CARTESIAN_POINT('',(0.0803698248148805,-0.144183838231638,0.106294121252921));
#2103=CARTESIAN_POINT('',(0.0803501712958548,-0.144337146337532,0.10633706959907));
#2104=CARTESIAN_POINT('',(0.0803027247386454,-0.1444662919732,0.106392016294193));
#2105=CARTESIAN_POINT('',(0.0802579449127137,-0.14458212772135,0.106424731095961));
#2106=CARTESIAN_POINT('',(0.0804219081482138,-0.144173646431437,0.106323662574975));
#2107=CARTESIAN_POINT('',(0.0804065271332344,-0.144328593457298,0.106364464574765));
#2108=CARTESIAN_POINT('',(0.0803631914666666,-0.144458968231668,0.106424339811991));
#2109=CARTESIAN_POINT('',(0.0803293191768251,-0.144581165871989,0.106460857076738));
#2110=CARTESIAN_POINT('',(0.0805052414815471,-0.144146468297569,0.106402439433784));
#2111=CARTESIAN_POINT('',(0.0805001144763424,-0.144302002221752,0.106447059615626));
#2112=CARTESIAN_POINT('',(0.080471056976919,-0.14443818367724,0.106508766405453));
#2113=CARTESIAN_POINT('',(0.0804563761209886,-0.144573118334934,0.106549634331788));
#2114=CARTESIAN_POINT('',(0.0805364914815471,-0.144129481963902,0.10645167497054));
#2115=CARTESIAN_POINT('',(0.0805339279788654,-0.144285078605823,0.10649902856612));
#2116=CARTESIAN_POINT('',(0.0805161833621389,-0.144425025527023,0.106560533416961));
#2117=CARTESIAN_POINT('',(0.0805120588010408,-0.144566032647239,0.106602285606061));
#2118=CARTESIAN_POINT('',(0.0805781581482137,-0.144088714763101,0.106569840258754));
#2119=CARTESIAN_POINT('',(0.0805781581481344,-0.144244805708829,0.10662188401679));
#2120=CARTESIAN_POINT('',(0.0805734034173348,-0.144394360837038,0.106676924602035));
#2121=CARTESIAN_POINT('',(0.0805781581479867,-0.144544146504959,0.106726964888006));
#2122=CARTESIAN_POINT('',(0.0805885748148802,-0.144064933895966,0.106638770010213));
#2123=CARTESIAN_POINT('',(0.0805885748148803,-0.144221456427764,0.106692770516965));
#2124=CARTESIAN_POINT('',(0.0805885748148801,-0.144375323512532,0.106745854890549));
#2125=CARTESIAN_POINT('',(0.0805885748148805,-0.144529346050374,0.106798992895677));
#2126=CARTESIAN_POINT('',(0.0805885748148802,-0.144037755762099,0.106717546869022));
#2127=CARTESIAN_POINT('',(0.0805885748148803,-0.144195309479718,0.106771903136758));
#2128=CARTESIAN_POINT('',(0.0805885748148804,-0.144352863197344,0.106826259404492));
#2129=CARTESIAN_POINT('',(0.0805885748148805,-0.144510416914963,0.106880615672228));
#2130=CARTESIAN_POINT('',(0.0803683875407017,-0.144578517834103,0.106488822658649));
#2131=CARTESIAN_POINT('',(0.0802456823201856,-0.144584559967804,0.106409730387169));
#2132=CARTESIAN_POINT('',(0.0800933840119876,-0.144575038557618,0.106373990102047));
#2133=CARTESIAN_POINT('',(0.0799308112064333,-0.144556752892583,0.106367681520318));
#2134=CARTESIAN_POINT('',(-0.0807223345159632,-0.144200824564697,0.106244885715957));
#2135=CARTESIAN_POINT('',(-0.0807223345159857,-0.109794795052612,0.0943747541815537));
#2136=CARTESIAN_POINT('',(-0.081055667849184,-0.144200824564706,0.106244885715932));
#2137=CARTESIAN_POINT('',(-0.0810556678492065,-0.109794795052621,0.094374754181529));
#2138=CARTESIAN_POINT('',(-0.081222334515851,-0.144146468296971,0.106402439433551));
#2139=CARTESIAN_POINT('',(-0.0812223345158734,-0.109740438784886,0.0945323078991478));
#2140=CARTESIAN_POINT('',(-0.0812223345159635,-0.144037755761492,0.106717546868813));
#2141=CARTESIAN_POINT('',(-0.081222334515986,-0.109631726249406,0.0948474153344098));
#2142=CARTESIAN_POINT('',(-0.0807223345159644,-0.144200824564697,0.106244885715956));
#2143=CARTESIAN_POINT('',(-0.0810556678491844,-0.144200824564706,0.106244885715932));
#2144=CARTESIAN_POINT('',(-0.0812223345158508,-0.144146468296971,0.106402439433551));
#2145=CARTESIAN_POINT('',(-0.0812223345159635,-0.144037755761492,0.106717546868813));
#2146=CARTESIAN_POINT('',(-0.0812223345159652,-0.144863970305756,0.107234169062898));
#2147=CARTESIAN_POINT('',(-0.0812223345159614,-0.147610885343473,0.109981084100615));
#2148=CARTESIAN_POINT('',(-0.0812223345159651,-0.145099672566152,0.106998466802502));
#2149=CARTESIAN_POINT('',(-0.0812223345159613,-0.147846587603869,0.109745381840219));
#2150=CARTESIAN_POINT('',(-0.0810556678492981,-0.14521752369635,0.106880615672304));
#2151=CARTESIAN_POINT('',(-0.0810556678492943,-0.147964438734066,0.109627530710021));
#2152=CARTESIAN_POINT('',(-0.0807223345159641,-0.145217523696349,0.106880615672305));
#2153=CARTESIAN_POINT('',(-0.0807223345159603,-0.147964438734066,0.109627530710021));
#2154=CARTESIAN_POINT('',(-0.0812223345159652,-0.144863970305757,0.107234169062898));
#2155=CARTESIAN_POINT('',(-0.0812223345159651,-0.145099672566152,0.106998466802502));
#2156=CARTESIAN_POINT('',(-0.0810556678492981,-0.14521752369635,0.106880615672305));
#2157=CARTESIAN_POINT('',(-0.0807223345159641,-0.145217523696349,0.106880615672305));
#2158=CARTESIAN_POINT('',(0.0802540729575116,-0.144737046785681,0.106518174858398));
#2159=CARTESIAN_POINT('',(0.0802774836568931,-0.144709895938149,0.106510092389298));
#2160=CARTESIAN_POINT('',(0.0802986533084047,-0.144683051667067,0.106503677144791));
#2161=CARTESIAN_POINT('',(0.0803369830107965,-0.144630380597414,0.106493646815656));
#2162=CARTESIAN_POINT('',(0.0803536933790198,-0.14460420997043,0.106490524256132));
#2163=CARTESIAN_POINT('',(0.0803683875407017,-0.144578517834103,0.106488822658649));
#2164=CARTESIAN_POINT('',(0.0802072515905658,-0.144745043569396,0.106505385878501));
#2165=CARTESIAN_POINT('',(0.0802162076253184,-0.14470489110863,0.106482308229771));
#2166=CARTESIAN_POINT('',(0.0802296629269734,-0.144675501288496,0.106467849736822));
#2167=CARTESIAN_POINT('',(0.0802609270528503,-0.144628835012718,0.106450027761945));
#2168=CARTESIAN_POINT('',(0.0802814513720922,-0.144606791692935,0.106446370361445));
#2169=CARTESIAN_POINT('',(0.0803025252468546,-0.144581760962501,0.106446369710002));
#2170=CARTESIAN_POINT('',(0.0801569441836832,-0.144751783432752,0.106494607043612));
#2171=CARTESIAN_POINT('',(0.0801569358904065,-0.144706592693018,0.106466347761595));
#2172=CARTESIAN_POINT('',(0.0801657847079855,-0.144675672321128,0.106449744085502));
#2173=CARTESIAN_POINT('',(0.0801915036422613,-0.144628493590224,0.106426698222744));
#2174=CARTESIAN_POINT('',(0.0802111460241834,-0.144607371875337,0.106419982404888));
#2175=CARTESIAN_POINT('',(0.0802305212009008,-0.144581504468642,0.106414420156614));
#2176=CARTESIAN_POINT('',(0.0800491076157305,-0.144761944136,0.106478357362837));
#2177=CARTESIAN_POINT('',(0.08004910108823,-0.14471633605209,0.106449838047064));
#2178=CARTESIAN_POINT('',(0.0800525266904668,-0.144683758909557,0.106431403850991));
#2179=CARTESIAN_POINT('',(0.0800633803876145,-0.144628899715839,0.106401253970709));
#2180=CARTESIAN_POINT('',(0.080072167349767,-0.144603981767849,0.106389565266847));
#2181=CARTESIAN_POINT('',(0.0800815570246598,-0.14457290914874,0.106377271535693));
#2182=CARTESIAN_POINT('',(0.0799917436760534,-0.144766008318974,0.106471857642144));
#2183=CARTESIAN_POINT('',(0.079991743988005,-0.144725934173357,0.106446799789634));
#2184=CARTESIAN_POINT('',(0.0799939659089943,-0.14469307279172,0.106428651137437));
#2185=CARTESIAN_POINT('',(0.0799998068914531,-0.144630419458566,0.106397207297552));
#2186=CARTESIAN_POINT('',(0.0800033146519751,-0.144600315561042,0.106384219414369));
#2187=CARTESIAN_POINT('',(0.0800056207303352,-0.144565167226646,0.106370584478129));
#2188=CARTESIAN_POINT('',(0.079930811085743,-0.144768493910047,0.106467882503863));
#2189=CARTESIAN_POINT('',(0.0799308111059638,-0.144735303648755,0.106447129035171));
#2190=CARTESIAN_POINT('',(0.0799308111262079,-0.144701277230229,0.106427627578184));
#2191=CARTESIAN_POINT('',(0.0799308111665789,-0.144630450984141,0.106394266600047));
#2192=CARTESIAN_POINT('',(0.0799308111866462,-0.144593757059915,0.106380448013278));
#2193=CARTESIAN_POINT('',(0.0799308112064333,-0.144556752892583,0.106367681520318));
#2194=CARTESIAN_POINT('',(0.079930811085743,-0.144768493910047,0.106467882503863));
#2195=CARTESIAN_POINT('',(0.0799308111261846,-0.144702113387464,0.106426375566479));
#2196=CARTESIAN_POINT('',(0.0799308111668591,-0.144630761227247,0.106393214506239));
#2197=CARTESIAN_POINT('',(0.0799308112064333,-0.144556752892583,0.106367681520318));
#2198=CARTESIAN_POINT('',(-0.0812223345159647,-0.144037755761492,0.106717546868813));
#2199=CARTESIAN_POINT('',(-0.0812223345159646,-0.144195309479111,0.106771903136549));
#2200=CARTESIAN_POINT('',(-0.0812223345159645,-0.144352863196798,0.106826259404221));
#2201=CARTESIAN_POINT('',(-0.0812223345159644,-0.144510416914418,0.106880615671957));
#2202=CARTESIAN_POINT('',(-0.081222334515964,-0.144064933895359,0.106638770010003));
#2203=CARTESIAN_POINT('',(-0.0812223345159642,-0.144221456438905,0.106692770521475));
#2204=CARTESIAN_POINT('',(-0.0812223345159671,-0.144375323532844,0.10674585489878));
#2205=CARTESIAN_POINT('',(-0.0812223345159644,-0.144529346049418,0.106798992897194));
#2206=CARTESIAN_POINT('',(-0.0812119178492969,-0.144088714762493,0.106569840258545));
#2207=CARTESIAN_POINT('',(-0.0812119178493752,-0.144244805732117,0.106621884023437));
#2208=CARTESIAN_POINT('',(-0.0812071631221746,-0.144394360876498,0.106676924619734));
#2209=CARTESIAN_POINT('',(-0.0812119178495264,-0.144544146512752,0.106726964893509));
#2210=CARTESIAN_POINT('',(-0.0811702511826295,-0.144129481963295,0.10645167497033));
#2211=CARTESIAN_POINT('',(-0.0811676876771156,-0.144285078652944,0.106499028575274));
#2212=CARTESIAN_POINT('',(-0.0811499430619301,-0.144425025606128,0.106560533438514));
#2213=CARTESIAN_POINT('',(-0.0811458184747831,-0.144566032683684,0.106602285622189));
#2214=CARTESIAN_POINT('',(-0.0811390011826293,-0.144146468296962,0.106402439433575));
#2215=CARTESIAN_POINT('',(-0.081133874171445,-0.144302002280559,0.106447059625149));
#2216=CARTESIAN_POINT('',(-0.0811048166550053,-0.144438183778333,0.106508766424825));
#2217=CARTESIAN_POINT('',(-0.0810901357664778,-0.144573118391284,0.106549634354552));
#2218=CARTESIAN_POINT('',(-0.081055667849296,-0.14417364643083,0.106323662574765));
#2219=CARTESIAN_POINT('',(-0.0810402868151179,-0.144328593537766,0.106364464586657));
#2220=CARTESIAN_POINT('',(-0.0809969511028008,-0.144458968368122,0.106424339839937));
#2221=CARTESIAN_POINT('',(-0.0809630787667089,-0.144581165973854,0.106460857108734));
#2222=CARTESIAN_POINT('',(-0.0810035845159628,-0.14418383823103,0.106294121252712));
#2223=CARTESIAN_POINT('',(-0.0809839309721779,-0.144337146426503,0.106337069617224));
#2224=CARTESIAN_POINT('',(-0.0809364843565765,-0.144466292123856,0.106392016329291));
#2225=CARTESIAN_POINT('',(-0.0808917044752453,-0.144582127848823,0.106424731130553));
#2226=CARTESIAN_POINT('',(-0.0808785845159634,-0.144197427297964,0.106254732823307));
#2227=CARTESIAN_POINT('',(-0.0808597854739904,-0.144347280614378,0.106302816735021));
#2228=CARTESIAN_POINT('',(-0.0808067665719927,-0.144474597877789,0.106349533009902));
#2229=CARTESIAN_POINT('',(-0.0807358351840185,-0.144574801179479,0.106379826899223));
#2230=CARTESIAN_POINT('',(-0.0808056678492972,-0.144200824564697,0.106244885715956));
#2231=CARTESIAN_POINT('',(-0.0807919958187429,-0.144348861913516,0.106295958822252));
#2232=CARTESIAN_POINT('',(-0.0807359575237922,-0.144475139340502,0.106339524723038));
#2233=CARTESIAN_POINT('',(-0.0806513401842553,-0.144566512635164,0.106371048646075));
#2234=CARTESIAN_POINT('',(-0.0807223345159644,-0.144200824564697,0.106244885715956));
#2235=CARTESIAN_POINT('',(-0.0807223345159644,-0.144348214362925,0.106295735416331));
#2236=CARTESIAN_POINT('',(-0.0806636463251673,-0.144472623901021,0.10633865689266));
#2237=CARTESIAN_POINT('',(-0.0805645706659773,-0.144556753097639,0.106367681591062));
#2238=CARTESIAN_POINT('',(-0.0812223345159644,-0.144510416914555,0.106880615671829));
#2239=CARTESIAN_POINT('',(-0.0812223345159644,-0.144628268044933,0.106998466802207));
#2240=CARTESIAN_POINT('',(-0.0812223345159643,-0.144746119175379,0.10711631793252));
#2241=CARTESIAN_POINT('',(-0.0812223345159642,-0.144863970305757,0.107234169062898));
#2242=CARTESIAN_POINT('',(-0.0812223345159644,-0.144575512781074,0.106827860406856));
#2243=CARTESIAN_POINT('',(-0.0812223345159673,-0.144690722567459,0.106943070193653));
#2244=CARTESIAN_POINT('',(-0.0812223345159643,-0.144805816073999,0.107058163700503));
#2245=CARTESIAN_POINT('',(-0.0812223345159642,-0.144922895870855,0.107175243497799));
#2246=CARTESIAN_POINT('',(-0.081211917849069,-0.144633790053695,0.106783017939899));
#2247=CARTESIAN_POINT('',(-0.0812071631184477,-0.144744359783656,0.106895774808671));
#2248=CARTESIAN_POINT('',(-0.0812119178492198,-0.144859324135116,0.107006135129231));
#2249=CARTESIAN_POINT('',(-0.0812119178492975,-0.144974455740317,0.107123683628338));
#2250=CARTESIAN_POINT('',(-0.0811458185021167,-0.144736301547301,0.106708752737698));
#2251=CARTESIAN_POINT('',(-0.0811499430632594,-0.144835576289189,0.106817245958516));
#2252=CARTESIAN_POINT('',(-0.0811676876799533,-0.144952145631409,0.106916137696947));
#2253=CARTESIAN_POINT('',(-0.0811702511826308,-0.145062844087965,0.107035295280689));
#2254=CARTESIAN_POINT('',(-0.0810901358220598,-0.144780535768284,0.106679330002453));
#2255=CARTESIAN_POINT('',(-0.0811048166780212,-0.144876356802256,0.106782750884191));
#2256=CARTESIAN_POINT('',(-0.0811338741774314,-0.144991459066585,0.106878168835936));
#2257=CARTESIAN_POINT('',(-0.0811390011826308,-0.145099672566152,0.106998466802502));
#2258=CARTESIAN_POINT('',(-0.0809630788778818,-0.144856828212463,0.106633225481656));
#2259=CARTESIAN_POINT('',(-0.0809969511677471,-0.144943161105092,0.106727099895787));
#2260=CARTESIAN_POINT('',(-0.0810402868343211,-0.145054074360064,0.106818099212946));
#2261=CARTESIAN_POINT('',(-0.0810556678492975,-0.145158598131251,0.106939541237404));
#2262=CARTESIAN_POINT('',(-0.0808917046137607,-0.144888886435659,0.106616543696103));
#2263=CARTESIAN_POINT('',(-0.0809364844397223,-0.144969015268438,0.106706363231841));
#2264=CARTESIAN_POINT('',(-0.08098393099694,-0.145074959325121,0.106798415344213));
#2265=CARTESIAN_POINT('',(-0.0810035845159641,-0.145180695218163,0.106917444150491));
#2266=CARTESIAN_POINT('',(-0.0807358353763173,-0.144932465808481,0.106603470422306));
#2267=CARTESIAN_POINT('',(-0.0808067666730508,-0.145003573757058,0.106680295434693));
#2268=CARTESIAN_POINT('',(-0.0808597854978585,-0.145101317620675,0.106774307201303));
#2269=CARTESIAN_POINT('',(-0.0808785845159642,-0.145210158000712,0.106887981367942));
#2270=CARTESIAN_POINT('',(-0.080651340402995,-0.144943986958106,0.106607078934062));
#2271=CARTESIAN_POINT('',(-0.0807359576267138,-0.145012334733099,0.106675426709056));
#2272=CARTESIAN_POINT('',(-0.080791995836158,-0.145106790951171,0.106769882927126));
#2273=CARTESIAN_POINT('',(-0.0808056678492975,-0.14521752369635,0.106880615672305));
#2274=CARTESIAN_POINT('',(-0.0805645709074187,-0.144951287162689,0.106614379138644));
#2275=CARTESIAN_POINT('',(-0.0806636464204823,-0.145014216306424,0.106677308282375));
#2276=CARTESIAN_POINT('',(-0.0807223345159642,-0.14510727532879,0.106770367304745));
#2277=CARTESIAN_POINT('',(-0.0807223345159641,-0.145217523696349,0.106880615672305));
#2278=CARTESIAN_POINT('',(-0.081002147241748,-0.144832844923998,0.106647850383401));
#2279=CARTESIAN_POINT('',(-0.0808794420212198,-0.144901308032074,0.106607789209832));
#2280=CARTESIAN_POINT('',(-0.0807271437130034,-0.144937609374977,0.106600701350932));
#2281=CARTESIAN_POINT('',(-0.0805645709074187,-0.144951287162689,0.106614379138644));
#2282=CARTESIAN_POINT('',(0.0795885748148807,-0.144863970305612,0.10652706228166));
#2283=CARTESIAN_POINT('',(0.0797255531704958,-0.144863970305611,0.106527062281659));
#2284=CARTESIAN_POINT('',(0.0798437684562033,-0.144896000869486,0.106559092845532));
#2285=CARTESIAN_POINT('',(0.0799308109650526,-0.144951287009295,0.106614378985344));
#2286=CARTESIAN_POINT('',(0.0795885748148807,-0.144850384957783,0.106513476933831));
#2287=CARTESIAN_POINT('',(0.0797255531789032,-0.144853394918857,0.106516486894905));
#2288=CARTESIAN_POINT('',(0.0798437684719038,-0.144880015503321,0.106543107479371));
#2289=CARTESIAN_POINT('',(0.0799308109849933,-0.144923392779339,0.106586484755387));
#2290=CARTESIAN_POINT('',(0.0795885748148807,-0.144836227518007,0.106500806511244));
#2291=CARTESIAN_POINT('',(0.0797255531889191,-0.144840163452539,0.106504395471837));
#2292=CARTESIAN_POINT('',(0.0798437502231449,-0.144861270079571,0.106526144987849));
#2293=CARTESIAN_POINT('',(0.0799308110050648,-0.144894886548477,0.106559559046699));
#2294=CARTESIAN_POINT('',(0.0795885748148806,-0.144806768454563,0.106477295516559));
#2295=CARTESIAN_POINT('',(0.0797255532105593,-0.144810125375036,0.10647995849177));
#2296=CARTESIAN_POINT('',(0.0798437542865792,-0.144819338325215,0.106493196542864));
#2297=CARTESIAN_POINT('',(0.0799308110453385,-0.144834017023376,0.106510625138417));
#2298=CARTESIAN_POINT('',(0.0795885748148806,-0.144791466830894,0.10646645494446));
#2299=CARTESIAN_POINT('',(0.0797255532221836,-0.144793318763852,0.10646761293477));
#2300=CARTESIAN_POINT('',(0.0798438054804894,-0.144796021092369,0.106477199569027));
#2301=CARTESIAN_POINT('',(0.0799308110655407,-0.144801653729136,0.106488616938825));
#2302=CARTESIAN_POINT('',(0.0795885748148806,-0.144759719399663,0.106446603650749));
#2303=CARTESIAN_POINT('',(0.0797255532454322,-0.144757867410876,0.10644544562553));
#2304=CARTESIAN_POINT('',(0.0798438055194852,-0.144748065244862,0.106447213353568));
#2305=CARTESIAN_POINT('',(0.0799308111059452,-0.144735334170191,0.106447148118444));
#2306=CARTESIAN_POINT('',(0.0795885748148806,-0.144743273592102,0.106437592929137));
#2307=CARTESIAN_POINT('',(0.0797255532570565,-0.144739409609789,0.106435740765105));
#2308=CARTESIAN_POINT('',(0.0798437543645242,-0.144723474061921,0.106433253770786));
#2309=CARTESIAN_POINT('',(0.0799308111261475,-0.144701377905486,0.106427687497655));
#2310=CARTESIAN_POINT('',(0.0795885748148805,-0.144709237793085,0.106421401336401));
#2311=CARTESIAN_POINT('',(0.0797255532786966,-0.144704287804661,0.106419434041801));
#2312=CARTESIAN_POINT('',(0.0798437503751439,-0.144675492546438,0.106409980519631));
#2313=CARTESIAN_POINT('',(0.0799308111664212,-0.144630732992109,0.106394387001694));
#2314=CARTESIAN_POINT('',(0.0795885748148805,-0.144691647801629,0.106414220465276));
#2315=CARTESIAN_POINT('',(0.0797255532887125,-0.144687623800621,0.106412832178922));
#2316=CARTESIAN_POINT('',(0.0798437686590565,-0.144652034993427,0.106400553987321));
#2317=CARTESIAN_POINT('',(0.0799308111864926,-0.144594044343436,0.106380547126521));
#2318=CARTESIAN_POINT('',(0.0795885748148805,-0.144673485718227,0.106407954519394));
#2319=CARTESIAN_POINT('',(0.0797255532971199,-0.144673485718226,0.106407954519394));
#2320=CARTESIAN_POINT('',(0.079843768674757,-0.144630664374569,0.106393181091918));
#2321=CARTESIAN_POINT('',(0.0799308112064333,-0.144556752892583,0.106367681520318));
#2322=CARTESIAN_POINT('',(0.0795885748148805,-0.144673464001072,0.10640801822587));
#2323=CARTESIAN_POINT('',(0.0795885748148806,-0.144744966837056,0.10643239311447));
#2324=CARTESIAN_POINT('',(0.0795885748148806,-0.144810710942901,0.106473487735539));
#2325=CARTESIAN_POINT('',(0.0795885748148807,-0.144863948318501,0.106527084121492));
#2326=CARTESIAN_POINT('',(-0.0808878326585024,-0.144737046912983,0.106518174937954));
#2327=CARTESIAN_POINT('',(-0.0809112433578999,-0.144756200968303,0.106539046377573));
#2328=CARTESIAN_POINT('',(-0.080932413009435,-0.144773721863866,0.106560372147636));
#2329=CARTESIAN_POINT('',(-0.080970742711806,-0.144805800669333,0.106603334914276));
#2330=CARTESIAN_POINT('',(-0.0809874530800636,-0.14482006630898,0.106625496674538));
#2331=CARTESIAN_POINT('',(-0.081002147241748,-0.144832844923998,0.106647850383401));
#2332=CARTESIAN_POINT('',(-0.0808410112915507,-0.144745043717347,0.10650538597097));
#2333=CARTESIAN_POINT('',(-0.0808499673263245,-0.144783371800194,0.106531381279027));
#2334=CARTESIAN_POINT('',(-0.080863422628004,-0.144809238559006,0.106551474072091));
#2335=CARTESIAN_POINT('',(-0.0808946867538548,-0.144845693428239,0.106585626767303));
#2336=CARTESIAN_POINT('',(-0.0809152110731279,-0.144858632863228,0.106603843670055));
#2337=CARTESIAN_POINT('',(-0.0809362849478939,-0.144869592646083,0.106626347461403));
#2338=CARTESIAN_POINT('',(-0.080790703884662,-0.144751783601975,0.106494607149383));
#2339=CARTESIAN_POINT('',(-0.0807906955914045,-0.144796976181471,0.10652286348914));
#2340=CARTESIAN_POINT('',(-0.0807995444090039,-0.144825441705206,0.106543393112009));
#2341=CARTESIAN_POINT('',(-0.0808252633432624,-0.144866817520327,0.1065757193608));
#2342=CARTESIAN_POINT('',(-0.0808449057252093,-0.144882103143686,0.106591768621424));
#2343=CARTESIAN_POINT('',(-0.0808642809019323,-0.144898429445975,0.106612589600929));
#2344=CARTESIAN_POINT('',(-0.0806828673166974,-0.144761944348699,0.106478357495795));
#2345=CARTESIAN_POINT('',(-0.0806828607892096,-0.144807553439273,0.106506875201645));
#2346=CARTESIAN_POINT('',(-0.0806862863914575,-0.144838390089896,0.106528092901296));
#2347=CARTESIAN_POINT('',(-0.0806971400886071,-0.14488951556303,0.106564213981184));
#2348=CARTESIAN_POINT('',(-0.0807059270507719,-0.144910934202569,0.106581498998103));
#2349=CARTESIAN_POINT('',(-0.0807153167256718,-0.144935591494492,0.106604052521968));
#2350=CARTESIAN_POINT('',(-0.0806255033770144,-0.144766008554137,0.106471857789147));
#2351=CARTESIAN_POINT('',(-0.080625503688973,-0.144806082666184,0.10649691569534));
#2352=CARTESIAN_POINT('',(-0.0806277256099681,-0.144836787044639,0.106518513962008));
#2353=CARTESIAN_POINT('',(-0.0806335665924391,-0.144892488368147,0.106561075890776));
#2354=CARTESIAN_POINT('',(-0.0806370743529675,-0.144917345607879,0.106582454557444));
#2355=CARTESIAN_POINT('',(-0.0806393804313349,-0.14494499319007,0.106608085166025));
#2356=CARTESIAN_POINT('',(-0.080564570786698,-0.144768494168168,0.10646788266522));
#2357=CARTESIAN_POINT('',(-0.0805645708069239,-0.144801684420819,0.106488636147726));
#2358=CARTESIAN_POINT('',(-0.0805645708271731,-0.144834115136894,0.10651068955193));
#2359=CARTESIAN_POINT('',(-0.0805645708675542,-0.144895118422757,0.106559760022787));
#2360=CARTESIAN_POINT('',(-0.0805645708876266,-0.144923607822539,0.106586699798495));
#2361=CARTESIAN_POINT('',(-0.0805645709074187,-0.144951287162689,0.106614379138644));
#2362=CARTESIAN_POINT('',(-0.080564570786698,-0.144768494168168,0.10646788266522));
#2363=CARTESIAN_POINT('',(-0.0805645708271498,-0.144834874673469,0.106509389630232));
#2364=CARTESIAN_POINT('',(-0.0805645708678345,-0.14489592848239,0.106559020458346));
#2365=CARTESIAN_POINT('',(-0.0805645709074187,-0.144951287162689,0.106614379138644));
#2366=CARTESIAN_POINT('',(0.0530807202286367,-0.144514572963653,0.106874119217758));
#2367=CARTESIAN_POINT('',(-0.0802223345159613,-0.144863948317937,0.10652708412223));
#2368=CARTESIAN_POINT('',(-0.0802223345159614,-0.144810710942668,0.106473487736018));
#2369=CARTESIAN_POINT('',(-0.0802223345159615,-0.144744966837103,0.106432393114604));
#2370=CARTESIAN_POINT('',(-0.0802223345159615,-0.144673464001308,0.106408018225602));
#2371=CARTESIAN_POINT('',(-0.0805645709074187,-0.144951287162689,0.106614379138644));
#2372=CARTESIAN_POINT('',(-0.0804775283757487,-0.144896000928817,0.106559092904772));
#2373=CARTESIAN_POINT('',(-0.0803593129981461,-0.144863970305748,0.106527062281704));
#2374=CARTESIAN_POINT('',(-0.0802223345159613,-0.144863970305747,0.106527062281703));
#2375=CARTESIAN_POINT('',(-0.080564570887473,-0.144923392932735,0.10658648490869));
#2376=CARTESIAN_POINT('',(-0.0804775283600469,-0.144880015577127,0.106543107553083));
#2377=CARTESIAN_POINT('',(-0.080359312989741,-0.144853394934914,0.10651648691087));
#2378=CARTESIAN_POINT('',(-0.0802223345159613,-0.144850384957918,0.106513476933874));
#2379=CARTESIAN_POINT('',(-0.0805645708673965,-0.144894886703239,0.106559559196706));
#2380=CARTESIAN_POINT('',(-0.0804775100761329,-0.144861270165149,0.106526145069931));
#2381=CARTESIAN_POINT('',(-0.080359312979728,-0.144840163481877,0.106504395497599));
#2382=CARTESIAN_POINT('',(-0.0802223345159613,-0.144836227518142,0.106500806511288));
#2383=CARTESIAN_POINT('',(-0.0805645708271126,-0.144834017187202,0.106510625273566));
#2384=CARTESIAN_POINT('',(-0.08047751406551,-0.144819338431715,0.106493196628706));
#2385=CARTESIAN_POINT('',(-0.0803593129580941,-0.144810125423646,0.106479958528091));
#2386=CARTESIAN_POINT('',(-0.0802223345159614,-0.144806768454696,0.106477295516604));
#2387=CARTESIAN_POINT('',(-0.0805645708069053,-0.144801653900661,0.106488617062412));
#2388=CARTESIAN_POINT('',(-0.0804775652204693,-0.144796021207928,0.106477199650715));
#2389=CARTESIAN_POINT('',(-0.0803593129464732,-0.144793318818452,0.106467612971855));
#2390=CARTESIAN_POINT('',(-0.0802223345159614,-0.144791466831027,0.106466454944505));
#2391=CARTESIAN_POINT('',(-0.0805645707664907,-0.144735334356444,0.106447148218486));
#2392=CARTESIAN_POINT('',(-0.0804775651814703,-0.144748065368937,0.106447213421636));
#2393=CARTESIAN_POINT('',(-0.0803593129232313,-0.144757867468157,0.106445445658328));
#2394=CARTESIAN_POINT('',(-0.0802223345159614,-0.144759719399795,0.106446603650795));
#2395=CARTESIAN_POINT('',(-0.0805645707462834,-0.144701378098769,0.106427687585716));
#2396=CARTESIAN_POINT('',(-0.0804775139875582,-0.144723474185764,0.106433253828894));
#2397=CARTESIAN_POINT('',(-0.0803593129116104,-0.144739409663761,0.106435740792851));
#2398=CARTESIAN_POINT('',(-0.0802223345159615,-0.144743273592233,0.106437592929183));
#2399=CARTESIAN_POINT('',(-0.0805645707059995,-0.144630733194791,0.106394387075105));
#2400=CARTESIAN_POINT('',(-0.080477509924121,-0.144675492657742,0.106409980560569));
#2401=CARTESIAN_POINT('',(-0.0803593128899765,-0.144704287840701,0.106419434056842));
#2402=CARTESIAN_POINT('',(-0.0802223345159615,-0.144709237793215,0.106421401336446));
#2403=CARTESIAN_POINT('',(-0.080564570685923,-0.144594044548489,0.106380547197265));
#2404=CARTESIAN_POINT('',(-0.0804775281728783,-0.144652035092047,0.106400554021346));
#2405=CARTESIAN_POINT('',(-0.0803593128799635,-0.144687623822039,0.106412832186311));
#2406=CARTESIAN_POINT('',(-0.0802223345159615,-0.14469164780176,0.106414220465321));
#2407=CARTESIAN_POINT('',(-0.0805645706659773,-0.144556753097639,0.106367681591062));
#2408=CARTESIAN_POINT('',(-0.0804775281571765,-0.144630664453838,0.106393181119268));
#2409=CARTESIAN_POINT('',(-0.0803593128715585,-0.14467348571836,0.10640795451944));
#2410=CARTESIAN_POINT('',(-0.0802223345159615,-0.144673485718358,0.10640795451944));
#2411=CARTESIAN_POINT('',(0.0805885748148607,-0.110766201255333,0.139604437444104));
#2412=CARTESIAN_POINT('',(0.080588574814863,-0.114376866627611,0.143215102816383));
#2413=CARTESIAN_POINT('',(0.0805885748148674,-0.110530498994927,0.13984013970451));
#2414=CARTESIAN_POINT('',(0.0805885748148696,-0.114141164367206,0.143450805076788));
#2415=CARTESIAN_POINT('',(0.0804219081482006,-0.11041264786473,0.139957990834707));
#2416=CARTESIAN_POINT('',(0.0804219081482029,-0.114023313237009,0.143568656206986));
#2417=CARTESIAN_POINT('',(0.0800885748148604,-0.11041264786474,0.139957990834697));
#2418=CARTESIAN_POINT('',(0.0800885748148626,-0.114023313237019,0.143568656206976));
#2419=CARTESIAN_POINT('',(-0.081222334515982,-0.114376866627705,0.143215102816383));
#2420=CARTESIAN_POINT('',(-0.081222334515984,-0.110766201255451,0.139604437444129));
#2421=CARTESIAN_POINT('',(-0.0812223345159861,-0.114141164367303,0.143450805076785));
#2422=CARTESIAN_POINT('',(-0.081222334515988,-0.110530498995049,0.13984013970453));
#2423=CARTESIAN_POINT('',(-0.0810556678493198,-0.114023313237106,0.143568656206982));
#2424=CARTESIAN_POINT('',(-0.0810556678493218,-0.110412647864851,0.139957990834728));
#2425=CARTESIAN_POINT('',(-0.0807223345159821,-0.114023313237112,0.143568656206976));
#2426=CARTESIAN_POINT('',(-0.0807223345159841,-0.110412647864858,0.139957990834721));
#2427=MECHANICAL_DESIGN_GEOMETRIC_PRESENTATION_REPRESENTATION('',(#966),
#2428);
#2428=(
GEOMETRIC_REPRESENTATION_CONTEXT(3)
GLOBAL_UNCERTAINTY_ASSIGNED_CONTEXT((#2429))
GLOBAL_UNIT_ASSIGNED_CONTEXT((#2432,#2431,#2430))
REPRESENTATION_CONTEXT('ControlPanelMount','TOP_LEVEL_ASSEMBLY_PART')
);
#2429=UNCERTAINTY_MEASURE_WITH_UNIT(LENGTH_MEASURE(2.02E-5),#2432,
'DISTANCE_ACCURACY_VALUE','Maximum Tolerance applied to model');
#2430=(
NAMED_UNIT(*)
SI_UNIT($,.STERADIAN.)
SOLID_ANGLE_UNIT()
);
#2431=(
NAMED_UNIT(*)
PLANE_ANGLE_UNIT()
SI_UNIT($,.RADIAN.)
);
#2432=(
LENGTH_UNIT()
NAMED_UNIT(*)
SI_UNIT($,.METRE.)
);
#2433=PRODUCT_DEFINITION_SHAPE('','',#2434);
#2434=PRODUCT_DEFINITION('','',#2436,#2435);
#2435=PRODUCT_DEFINITION_CONTEXT('',#2442,'design');
#2436=PRODUCT_DEFINITION_FORMATION_WITH_SPECIFIED_SOURCE('','',#2438,
 .NOT_KNOWN.);
#2437=PRODUCT_RELATED_PRODUCT_CATEGORY('','',(#2438));
#2438=PRODUCT('ControlPanelMount','ControlPanelMount',
'ControlPanelMount',(#2440));
#2439=PRODUCT_CATEGORY('','');
#2440=PRODUCT_CONTEXT('',#2442,'mechanical');
#2441=APPLICATION_PROTOCOL_DEFINITION('international standard',
'ap242_managed_model_based_3d_engineering',2011,#2442);
#2442=APPLICATION_CONTEXT('managed model based 3d engineering');
ENDSEC;
END-ISO-10303-21;
