ISO-10303-21;
HEADER;
/* Generated by software containing ST-Developer
 * from STEP Tools, Inc. (www.steptools.com) 
 */
/* OPTION: using custom renumber hook */

FILE_DESCRIPTION(
/* description */ ('STEP AP242',
'CAx-IF Rec.Pracs.---Representation and Presentation of Product Manufa
cturing Information (PMI)---4.0---2014-10-13',
'CAx-IF Rec.Pracs.---3D Tessellated Geometry---0.4---2014-09-14','2;1',
'CAx-IF Rec.Pracs.---User Defined Attributes---1.5---2016-08-15'),
/* implementation_level */ '2;1');

FILE_NAME(
/* name */ 'Assembly 1 - PiCover',
/* time_stamp */ '2025-11-19T05:29:17Z',
/* author */ (''),
/* organization */ (''),
/* preprocessor_version */ 'ST-DEVELOPER v20',
/* originating_system */ 'ONSHAPE BY PTC INC, 1.206',
/* authorisation */ '  ');

FILE_SCHEMA (('AP242_MANAGED_MODEL_BASED_3D_ENGINEERING_MIM_LF { 1 0 10303 442 1 1 4 }'));
ENDSEC;

DATA;
#10=SHAPE_REPRESENTATION_RELATIONSHIP('','',#1109,#11);
#11=ADVANCED_BREP_SHAPE_REPRESENTATION('',(#1107),#5093);
#12=ORIENTED_CLOSED_SHELL('',*,#1097,.F.);
#13=ORIENTED_CLOSED_SHELL('',*,#1098,.F.);
#14=B_SPLINE_SURFACE_WITH_KNOTS('',3,1,((#3296,#3297),(#3298,#3299),(#3300,
#3301),(#3302,#3303)),.SURF_OF_LINEAR_EXTRUSION.,.F.,.F.,.F.,(4,4),(2,2),
(-3.36037464087953E-15,1.),(0.,1.),.PIECEWISE_BEZIER_KNOTS.);
#15=B_SPLINE_SURFACE_WITH_KNOTS('',3,1,((#3322,#3323),(#3324,#3325),(#3326,
#3327),(#3328,#3329)),.SURF_OF_LINEAR_EXTRUSION.,.F.,.F.,.F.,(4,4),(2,2),
(-5.91538892500974E-13,1.00000000000004),(0.,1.),
 .PIECEWISE_BEZIER_KNOTS.);
#16=B_SPLINE_SURFACE_WITH_KNOTS('',3,1,((#3343,#3344),(#3345,#3346),(#3347,
#3348),(#3349,#3350)),.SURF_OF_LINEAR_EXTRUSION.,.F.,.F.,.F.,(4,4),(2,2),
(-5.68248760546195E-14,1.00000000000002),(0.,1.),
 .PIECEWISE_BEZIER_KNOTS.);
#17=B_SPLINE_SURFACE_WITH_KNOTS('',3,1,((#3364,#3365),(#3366,#3367),(#3368,
#3369),(#3370,#3371)),.SURF_OF_LINEAR_EXTRUSION.,.F.,.F.,.F.,(4,4),(2,2),
(-4.17338644526142E-15,1.),(0.,1.),.PIECEWISE_BEZIER_KNOTS.);
#18=B_SPLINE_SURFACE_WITH_KNOTS('',3,1,((#3380,#3381),(#3382,#3383),(#3384,
#3385),(#3386,#3387)),.SURF_OF_LINEAR_EXTRUSION.,.F.,.F.,.F.,(4,4),(2,2),
(-7.16260150520258E-15,1.0000000000001),(0.,1.),
 .PIECEWISE_BEZIER_KNOTS.);
#19=B_SPLINE_SURFACE_WITH_KNOTS('',3,1,((#3388,#3389),(#3390,#3391),(#3392,
#3393),(#3394,#3395)),.SURF_OF_LINEAR_EXTRUSION.,.F.,.F.,.F.,(4,4),(2,2),
(-2.65059020165762E-15,1.00000000000011),(0.,1.),
 .PIECEWISE_BEZIER_KNOTS.);
#20=B_SPLINE_SURFACE_WITH_KNOTS('',3,1,((#3396,#3397),(#3398,#3399),(#3400,
#3401),(#3402,#3403)),.SURF_OF_LINEAR_EXTRUSION.,.F.,.F.,.F.,(4,4),(2,2),
(-1.38054736513635E-14,1.00000000000013),(0.,1.),
 .PIECEWISE_BEZIER_KNOTS.);
#21=B_SPLINE_SURFACE_WITH_KNOTS('',3,1,((#3404,#3405),(#3406,#3407),(#3408,
#3409),(#3410,#3411)),.SURF_OF_LINEAR_EXTRUSION.,.F.,.F.,.F.,(4,4),(2,2),
(-1.6317813066666E-15,1.00000000000018),(0.,1.),
 .PIECEWISE_BEZIER_KNOTS.);
#22=(
BOUNDED_SURFACE()
B_SPLINE_SURFACE(3,2,((#1812,#1813,#1814,#1815,#1816,#1817,#1818,#1819,
#1820,#1821,#1822,#1823,#1824,#1825,#1826,#1827,#1828,#1829,#1830,#1831,
#1832,#1833,#1834,#1835,#1836,#1837,#1838,#1839,#1840,#1841,#1842,#1843,
#1844,#1845,#1846,#1847,#1848,#1849,#1850,#1851,#1852,#1853,#1854,#1855,
#1856,#1857,#1858,#1859,#1860,#1861,#1862),(#1863,#1864,#1865,#1866,#1867,
#1868,#1869,#1870,#1871,#1872,#1873,#1874,#1875,#1876,#1877,#1878,#1879,
#1880,#1881,#1882,#1883,#1884,#1885,#1886,#1887,#1888,#1889,#1890,#1891,
#1892,#1893,#1894,#1895,#1896,#1897,#1898,#1899,#1900,#1901,#1902,#1903,
#1904,#1905,#1906,#1907,#1908,#1909,#1910,#1911,#1912,#1913),(#1914,#1915,
#1916,#1917,#1918,#1919,#1920,#1921,#1922,#1923,#1924,#1925,#1926,#1927,
#1928,#1929,#1930,#1931,#1932,#1933,#1934,#1935,#1936,#1937,#1938,#1939,
#1940,#1941,#1942,#1943,#1944,#1945,#1946,#1947,#1948,#1949,#1950,#1951,
#1952,#1953,#1954,#1955,#1956,#1957,#1958,#1959,#1960,#1961,#1962,#1963,
#1964),(#1965,#1966,#1967,#1968,#1969,#1970,#1971,#1972,#1973,#1974,#1975,
#1976,#1977,#1978,#1979,#1980,#1981,#1982,#1983,#1984,#1985,#1986,#1987,
#1988,#1989,#1990,#1991,#1992,#1993,#1994,#1995,#1996,#1997,#1998,#1999,
#2000,#2001,#2002,#2003,#2004,#2005,#2006,#2007,#2008,#2009,#2010,#2011,
#2012,#2013,#2014,#2015)),.UNSPECIFIED.,.F.,.F.,.F.)
B_SPLINE_SURFACE_WITH_KNOTS((4,4),(3,2,2,2,2,2,2,2,2,2,2,2,2,2,2,2,2,2,
2,2,2,2,2,2,2,3),(0.,1.),(0.333838505956956,0.354166666666667,0.375,0.395833333333334,
0.416666666666667,0.4375,0.458333333333333,0.479166666666667,0.5,0.520833333333333,
0.541666666666667,0.5625,0.583333333333333,0.604166666666667,0.625,0.645833333333333,
0.666666666666667,0.6875,0.708333333333333,0.729166666666667,0.75,0.770833333333333,
0.791666666666667,0.8125,0.833333333333333,0.839180903575483),
 .PIECEWISE_BEZIER_KNOTS.)
GEOMETRIC_REPRESENTATION_ITEM()
RATIONAL_B_SPLINE_SURFACE(((0.993660239963734,0.869274058101349,1.,0.866025403784439,
1.,0.866025403784439,1.,0.866025403784439,1.,0.866025403784439,1.,0.866025403784439,
1.,0.866025403784439,1.,0.866025403784439,1.,0.866025403784439,1.,0.866025403784439,
1.,0.866025403784439,1.,0.866025403784439,1.,0.866025403784439,1.,0.866025403784439,
1.,0.866025403784439,1.,0.866025403784439,1.,0.866025403784439,1.,0.866025403784439,
1.,0.866025403784439,1.,0.866025403784439,1.,0.866025403784439,1.,0.866025403784439,
1.,0.866025403784439,1.,0.866025403784439,1.,0.962395558622358,0.945901000032484),
(0.728684175973434,0.637467642607681,0.733333333333363,0.635085296108614,
0.733333333333363,0.635085296108614,0.733333333333363,0.635085296108614,
0.733333333333363,0.635085296108614,0.733333333333363,0.635085296108614,
0.733333333333363,0.635085296108614,0.733333333333363,0.635085296108614,
0.733333333333363,0.635085296108614,0.733333333333363,0.635085296108614,
0.733333333333363,0.635085296108614,0.733333333333363,0.635085296108614,
0.733333333333363,0.635085296108614,0.733333333333363,0.635085296108614,
0.733333333333363,0.635085296108614,0.733333333333363,0.635085296108614,
0.733333333333363,0.635085296108614,0.733333333333363,0.635085296108614,
0.733333333333363,0.635085296108614,0.733333333333363,0.635085296108614,
0.733333333333363,0.635085296108614,0.733333333333363,0.635085296108614,
0.733333333333363,0.635085296108614,0.733333333333363,0.635085296108614,
0.733333333333363,0.705756742989758,0.693660733357183),(0.728684175973434,
0.637467642607681,0.733333333333363,0.635085296108614,0.733333333333363,
0.635085296108614,0.733333333333363,0.635085296108614,0.733333333333363,
0.635085296108614,0.733333333333363,0.635085296108614,0.733333333333363,
0.635085296108614,0.733333333333363,0.635085296108614,0.733333333333363,
0.635085296108614,0.733333333333363,0.635085296108614,0.733333333333363,
0.635085296108614,0.733333333333363,0.635085296108614,0.733333333333363,
0.635085296108614,0.733333333333363,0.635085296108614,0.733333333333363,
0.635085296108614,0.733333333333363,0.635085296108614,0.733333333333363,
0.635085296108614,0.733333333333363,0.635085296108614,0.733333333333363,
0.635085296108614,0.733333333333363,0.635085296108614,0.733333333333363,
0.635085296108614,0.733333333333363,0.635085296108614,0.733333333333363,
0.635085296108614,0.733333333333363,0.635085296108614,0.733333333333363,
0.705756742989758,0.693660733357183),(0.993660239963734,0.869274058101349,
1.,0.866025403784439,1.,0.866025403784439,1.,0.866025403784439,1.,0.866025403784439,
1.,0.866025403784439,1.,0.866025403784439,1.,0.866025403784439,1.,0.866025403784439,
1.,0.866025403784439,1.,0.866025403784439,1.,0.866025403784439,1.,0.866025403784439,
1.,0.866025403784439,1.,0.866025403784439,1.,0.866025403784439,1.,0.866025403784439,
1.,0.866025403784439,1.,0.866025403784439,1.,0.866025403784439,1.,0.866025403784439,
1.,0.866025403784439,1.,0.866025403784439,1.,0.866025403784439,1.,0.962395558622358,
0.945901000032484)))
REPRESENTATION_ITEM('')
SURFACE()
);
#23=(
BOUNDED_SURFACE()
B_SPLINE_SURFACE(1,2,((#2216,#2217,#2218,#2219,#2220,#2221,#2222,#2223,
#2224,#2225,#2226,#2227,#2228,#2229,#2230,#2231,#2232,#2233,#2234,#2235,
#2236,#2237,#2238,#2239,#2240,#2241,#2242,#2243,#2244,#2245,#2246,#2247,
#2248,#2249,#2250,#2251,#2252,#2253,#2254,#2255,#2256,#2257,#2258,#2259,
#2260,#2261,#2262,#2263,#2264,#2265,#2266,#2267,#2268,#2269,#2270),(#2271,
#2272,#2273,#2274,#2275,#2276,#2277,#2278,#2279,#2280,#2281,#2282,#2283,
#2284,#2285,#2286,#2287,#2288,#2289,#2290,#2291,#2292,#2293,#2294,#2295,
#2296,#2297,#2298,#2299,#2300,#2301,#2302,#2303,#2304,#2305,#2306,#2307,
#2308,#2309,#2310,#2311,#2312,#2313,#2314,#2315,#2316,#2317,#2318,#2319,
#2320,#2321,#2322,#2323,#2324,#2325)),.UNSPECIFIED.,.F.,.F.,.F.)
B_SPLINE_SURFACE_WITH_KNOTS((2,2),(3,2,2,2,2,2,2,2,2,2,2,2,2,2,2,2,2,2,
2,2,2,2,2,2,2,2,2,3),(0.,1.),(0.348839661066779,0.354166666666667,0.375,
0.395833333333334,0.416666666666667,0.4375,0.458333333333333,0.479166666666667,
0.5,0.520833333333333,0.541666666666667,0.5625,0.583333333333333,0.604166666666667,
0.625,0.645833333333333,0.666666666666667,0.6875,0.708333333333333,0.729166666666667,
0.75,0.770833333333333,0.791666666666667,0.8125,0.833333333333333,0.854166666666667,
0.875,0.878138133234197),.PIECEWISE_BEZIER_KNOTS.)
GEOMETRIC_REPRESENTATION_ITEM()
RATIONAL_B_SPLINE_SURFACE(((0.949005065383048,0.965743195634418,1.,0.866025403784439,
1.,0.866025403784439,1.,0.866025403784439,1.,0.866025403784439,1.,0.866025403784439,
1.,0.866025403784439,1.,0.866025403784439,1.,0.866025403784439,1.,0.866025403784439,
1.,0.866025403784439,1.,0.866025403784439,1.,0.866025403784439,1.,0.866025403784439,
1.,0.866025403784439,1.,0.866025403784439,1.,0.866025403784439,1.,0.866025403784439,
1.,0.866025403784439,1.,0.866025403784439,1.,0.866025403784439,1.,0.866025403784439,
1.,0.866025403784439,1.,0.866025403784439,1.,0.866025403784439,1.,0.866025403784439,
1.,0.979819353619737,0.965718344720448),(0.949005065383048,0.965743195634418,
1.,0.866025403784439,1.,0.866025403784439,1.,0.866025403784439,1.,0.866025403784439,
1.,0.866025403784439,1.,0.866025403784439,1.,0.866025403784439,1.,0.866025403784439,
1.,0.866025403784439,1.,0.866025403784439,1.,0.866025403784439,1.,0.866025403784439,
1.,0.866025403784439,1.,0.866025403784439,1.,0.866025403784439,1.,0.866025403784439,
1.,0.866025403784439,1.,0.866025403784439,1.,0.866025403784439,1.,0.866025403784439,
1.,0.866025403784439,1.,0.866025403784439,1.,0.866025403784439,1.,0.866025403784439,
1.,0.866025403784439,1.,0.979819353619737,0.965718344720448)))
REPRESENTATION_ITEM('')
SURFACE()
);
#24=(
BOUNDED_SURFACE()
B_SPLINE_SURFACE(1,2,((#2331,#2332,#2333,#2334,#2335,#2336,#2337,#2338,
#2339,#2340,#2341,#2342,#2343,#2344,#2345,#2346,#2347,#2348,#2349,#2350,
#2351,#2352,#2353,#2354,#2355,#2356,#2357,#2358,#2359,#2360,#2361,#2362,
#2363,#2364,#2365,#2366,#2367,#2368,#2369,#2370,#2371,#2372,#2373,#2374,
#2375,#2376,#2377,#2378,#2379,#2380,#2381,#2382,#2383),(#2384,#2385,#2386,
#2387,#2388,#2389,#2390,#2391,#2392,#2393,#2394,#2395,#2396,#2397,#2398,
#2399,#2400,#2401,#2402,#2403,#2404,#2405,#2406,#2407,#2408,#2409,#2410,
#2411,#2412,#2413,#2414,#2415,#2416,#2417,#2418,#2419,#2420,#2421,#2422,
#2423,#2424,#2425,#2426,#2427,#2428,#2429,#2430,#2431,#2432,#2433,#2434,
#2435,#2436)),.UNSPECIFIED.,.F.,.F.,.F.)
B_SPLINE_SURFACE_WITH_KNOTS((2,2),(3,2,2,2,2,2,2,2,2,2,2,2,2,2,2,2,2,2,
2,2,2,2,2,2,2,2,3),(0.,1.),(0.294620520578914,0.3125,0.333333333333334,
0.354166666666667,0.375,0.395833333333334,0.416666666666667,0.4375,0.458333333333333,
0.479166666666667,0.5,0.520833333333333,0.541666666666667,0.5625,0.583333333333333,
0.604166666666667,0.625,0.645833333333333,0.666666666666667,0.6875,0.708333333333333,
0.729166666666667,0.75,0.770833333333333,0.791666666666667,0.8125,0.823613703329605),
 .PIECEWISE_BEZIER_KNOTS.)
GEOMETRIC_REPRESENTATION_ITEM()
RATIONAL_B_SPLINE_SURFACE(((0.96739540501992,0.885020990272747,1.,0.866025403784439,
1.,0.866025403784439,1.,0.866025403784439,1.,0.866025403784439,1.,0.866025403784439,
1.,0.866025403784439,1.,0.866025403784439,1.,0.866025403784439,1.,0.866025403784439,
1.,0.866025403784439,1.,0.866025403784439,1.,0.866025403784439,1.,0.866025403784439,
1.,0.866025403784439,1.,0.866025403784439,1.,0.866025403784439,1.,0.866025403784439,
1.,0.866025403784439,1.,0.866025403784439,1.,0.866025403784439,1.,0.866025403784439,
1.,0.866025403784439,1.,0.866025403784439,1.,0.866025403784439,1.,0.928530212029915,
0.933312650030646),(0.96739540501992,0.885020990272747,1.,0.866025403784439,
1.,0.866025403784439,1.,0.866025403784439,1.,0.866025403784439,1.,0.866025403784439,
1.,0.866025403784439,1.,0.866025403784439,1.,0.866025403784439,1.,0.866025403784439,
1.,0.866025403784439,1.,0.866025403784439,1.,0.866025403784439,1.,0.866025403784439,
1.,0.866025403784439,1.,0.866025403784439,1.,0.866025403784439,1.,0.866025403784439,
1.,0.866025403784439,1.,0.866025403784439,1.,0.866025403784439,1.,0.866025403784439,
1.,0.866025403784439,1.,0.866025403784439,1.,0.866025403784439,1.,0.928530212029915,
0.933312650030646)))
REPRESENTATION_ITEM('')
SURFACE()
);
#25=(
BOUNDED_SURFACE()
B_SPLINE_SURFACE(3,2,((#2665,#2666,#2667,#2668,#2669,#2670,#2671,#2672,
#2673,#2674,#2675,#2676,#2677,#2678,#2679,#2680,#2681,#2682,#2683,#2684,
#2685,#2686,#2687,#2688,#2689,#2690,#2691,#2692,#2693,#2694,#2695,#2696,
#2697,#2698,#2699,#2700,#2701,#2702,#2703,#2704,#2705,#2706,#2707,#2708,
#2709,#2710,#2711,#2712,#2713,#2714,#2715),(#2716,#2717,#2718,#2719,#2720,
#2721,#2722,#2723,#2724,#2725,#2726,#2727,#2728,#2729,#2730,#2731,#2732,
#2733,#2734,#2735,#2736,#2737,#2738,#2739,#2740,#2741,#2742,#2743,#2744,
#2745,#2746,#2747,#2748,#2749,#2750,#2751,#2752,#2753,#2754,#2755,#2756,
#2757,#2758,#2759,#2760,#2761,#2762,#2763,#2764,#2765,#2766),(#2767,#2768,
#2769,#2770,#2771,#2772,#2773,#2774,#2775,#2776,#2777,#2778,#2779,#2780,
#2781,#2782,#2783,#2784,#2785,#2786,#2787,#2788,#2789,#2790,#2791,#2792,
#2793,#2794,#2795,#2796,#2797,#2798,#2799,#2800,#2801,#2802,#2803,#2804,
#2805,#2806,#2807,#2808,#2809,#2810,#2811,#2812,#2813,#2814,#2815,#2816,
#2817),(#2818,#2819,#2820,#2821,#2822,#2823,#2824,#2825,#2826,#2827,#2828,
#2829,#2830,#2831,#2832,#2833,#2834,#2835,#2836,#2837,#2838,#2839,#2840,
#2841,#2842,#2843,#2844,#2845,#2846,#2847,#2848,#2849,#2850,#2851,#2852,
#2853,#2854,#2855,#2856,#2857,#2858,#2859,#2860,#2861,#2862,#2863,#2864,
#2865,#2866,#2867,#2868)),.UNSPECIFIED.,.F.,.F.,.F.)
B_SPLINE_SURFACE_WITH_KNOTS((4,4),(3,2,2,2,2,2,2,2,2,2,2,2,2,2,2,2,2,2,
2,2,2,2,2,2,2,3),(0.,1.),(0.333838505956956,0.354166666666667,0.375,0.395833333333334,
0.416666666666667,0.4375,0.458333333333333,0.479166666666667,0.5,0.520833333333333,
0.541666666666667,0.5625,0.583333333333333,0.604166666666667,0.625,0.645833333333333,
0.666666666666667,0.6875,0.708333333333333,0.729166666666667,0.75,0.770833333333333,
0.791666666666667,0.8125,0.833333333333333,0.839180903575492),
 .PIECEWISE_BEZIER_KNOTS.)
GEOMETRIC_REPRESENTATION_ITEM()
RATIONAL_B_SPLINE_SURFACE(((0.993660239963727,0.869274058101352,1.,0.866025403784439,
1.,0.866025403784439,1.,0.866025403784439,1.,0.866025403784439,1.,0.866025403784439,
1.,0.866025403784439,1.,0.866025403784439,1.,0.866025403784439,1.,0.866025403784439,
1.,0.866025403784439,1.,0.866025403784439,1.,0.866025403784439,1.,0.866025403784439,
1.,0.866025403784439,1.,0.866025403784439,1.,0.866025403784439,1.,0.866025403784439,
1.,0.866025403784439,1.,0.866025403784439,1.,0.866025403784439,1.,0.866025403784439,
1.,0.866025403784439,1.,0.866025403784439,1.,0.962395558622306,0.945901000032438),
(0.728684175973397,0.637467642607656,0.733333333333331,0.635085296108586,
0.733333333333331,0.635085296108586,0.733333333333331,0.635085296108586,
0.733333333333331,0.635085296108586,0.733333333333331,0.635085296108586,
0.733333333333331,0.635085296108586,0.733333333333331,0.635085296108586,
0.733333333333331,0.635085296108586,0.733333333333331,0.635085296108586,
0.733333333333331,0.635085296108586,0.733333333333331,0.635085296108586,
0.733333333333331,0.635085296108586,0.733333333333331,0.635085296108586,
0.733333333333331,0.635085296108586,0.733333333333331,0.635085296108586,
0.733333333333331,0.635085296108586,0.733333333333331,0.635085296108586,
0.733333333333331,0.635085296108586,0.733333333333331,0.635085296108586,
0.733333333333331,0.635085296108586,0.733333333333331,0.635085296108586,
0.733333333333331,0.635085296108586,0.733333333333331,0.635085296108586,
0.733333333333331,0.705756742989689,0.693660733357119),(0.728684175973397,
0.637467642607656,0.733333333333331,0.635085296108586,0.733333333333331,
0.635085296108586,0.733333333333331,0.635085296108586,0.733333333333331,
0.635085296108586,0.733333333333331,0.635085296108586,0.733333333333331,
0.635085296108586,0.733333333333331,0.635085296108586,0.733333333333331,
0.635085296108586,0.733333333333331,0.635085296108586,0.733333333333331,
0.635085296108586,0.733333333333331,0.635085296108586,0.733333333333331,
0.635085296108586,0.733333333333331,0.635085296108586,0.733333333333331,
0.635085296108586,0.733333333333331,0.635085296108586,0.733333333333331,
0.635085296108586,0.733333333333331,0.635085296108586,0.733333333333331,
0.635085296108586,0.733333333333331,0.635085296108586,0.733333333333331,
0.635085296108586,0.733333333333331,0.635085296108586,0.733333333333331,
0.635085296108586,0.733333333333331,0.635085296108586,0.733333333333331,
0.705756742989689,0.693660733357119),(0.993660239963727,0.869274058101352,
1.,0.866025403784439,1.,0.866025403784439,1.,0.866025403784439,1.,0.866025403784439,
1.,0.866025403784439,1.,0.866025403784439,1.,0.866025403784439,1.,0.866025403784439,
1.,0.866025403784439,1.,0.866025403784439,1.,0.866025403784439,1.,0.866025403784439,
1.,0.866025403784439,1.,0.866025403784439,1.,0.866025403784439,1.,0.866025403784439,
1.,0.866025403784439,1.,0.866025403784439,1.,0.866025403784439,1.,0.866025403784439,
1.,0.866025403784439,1.,0.866025403784439,1.,0.866025403784439,1.,0.962395558622306,
0.945901000032438)))
REPRESENTATION_ITEM('')
SURFACE()
);
#26=(
BOUNDED_SURFACE()
B_SPLINE_SURFACE(1,2,((#3069,#3070,#3071,#3072,#3073,#3074,#3075,#3076,
#3077,#3078,#3079,#3080,#3081,#3082,#3083,#3084,#3085,#3086,#3087,#3088,
#3089,#3090,#3091,#3092,#3093,#3094,#3095,#3096,#3097,#3098,#3099,#3100,
#3101,#3102,#3103,#3104,#3105,#3106,#3107,#3108,#3109,#3110,#3111,#3112,
#3113,#3114,#3115,#3116,#3117,#3118,#3119,#3120,#3121,#3122,#3123),(#3124,
#3125,#3126,#3127,#3128,#3129,#3130,#3131,#3132,#3133,#3134,#3135,#3136,
#3137,#3138,#3139,#3140,#3141,#3142,#3143,#3144,#3145,#3146,#3147,#3148,
#3149,#3150,#3151,#3152,#3153,#3154,#3155,#3156,#3157,#3158,#3159,#3160,
#3161,#3162,#3163,#3164,#3165,#3166,#3167,#3168,#3169,#3170,#3171,#3172,
#3173,#3174,#3175,#3176,#3177,#3178)),.UNSPECIFIED.,.F.,.F.,.F.)
B_SPLINE_SURFACE_WITH_KNOTS((2,2),(3,2,2,2,2,2,2,2,2,2,2,2,2,2,2,2,2,2,
2,2,2,2,2,2,2,2,2,3),(0.,1.),(0.34883966106678,0.354166666666667,0.375,
0.395833333333334,0.416666666666667,0.4375,0.458333333333333,0.479166666666667,
0.5,0.520833333333333,0.541666666666667,0.5625,0.583333333333333,0.604166666666667,
0.625,0.645833333333333,0.666666666666667,0.6875,0.708333333333333,0.729166666666667,
0.75,0.770833333333333,0.791666666666667,0.8125,0.833333333333333,0.854166666666667,
0.875,0.878138133234198),.PIECEWISE_BEZIER_KNOTS.)
GEOMETRIC_REPRESENTATION_ITEM()
RATIONAL_B_SPLINE_SURFACE(((0.949005065383051,0.965743195634421,1.,0.866025403784439,
1.,0.866025403784439,1.,0.866025403784439,1.,0.866025403784439,1.,0.866025403784439,
1.,0.866025403784439,1.,0.866025403784439,1.,0.866025403784439,1.,0.866025403784439,
1.,0.866025403784439,1.,0.866025403784439,1.,0.866025403784439,1.,0.866025403784439,
1.,0.866025403784439,1.,0.866025403784439,1.,0.866025403784439,1.,0.866025403784439,
1.,0.866025403784439,1.,0.866025403784439,1.,0.866025403784439,1.,0.866025403784439,
1.,0.866025403784439,1.,0.866025403784439,1.,0.866025403784439,1.,0.866025403784439,
1.,0.979819353619728,0.965718344720436),(0.949005065383051,0.965743195634421,
1.,0.866025403784439,1.,0.866025403784439,1.,0.866025403784439,1.,0.866025403784439,
1.,0.866025403784439,1.,0.866025403784439,1.,0.866025403784439,1.,0.866025403784439,
1.,0.866025403784439,1.,0.866025403784439,1.,0.866025403784439,1.,0.866025403784439,
1.,0.866025403784439,1.,0.866025403784439,1.,0.866025403784439,1.,0.866025403784439,
1.,0.866025403784439,1.,0.866025403784439,1.,0.866025403784439,1.,0.866025403784439,
1.,0.866025403784439,1.,0.866025403784439,1.,0.866025403784439,1.,0.866025403784439,
1.,0.866025403784439,1.,0.979819353619728,0.965718344720436)))
REPRESENTATION_ITEM('')
SURFACE()
);
#27=(
BOUNDED_SURFACE()
B_SPLINE_SURFACE(1,2,((#3184,#3185,#3186,#3187,#3188,#3189,#3190,#3191,
#3192,#3193,#3194,#3195,#3196,#3197,#3198,#3199,#3200,#3201,#3202,#3203,
#3204,#3205,#3206,#3207,#3208,#3209,#3210,#3211,#3212,#3213,#3214,#3215,
#3216,#3217,#3218,#3219,#3220,#3221,#3222,#3223,#3224,#3225,#3226,#3227,
#3228,#3229,#3230,#3231,#3232,#3233,#3234,#3235,#3236),(#3237,#3238,#3239,
#3240,#3241,#3242,#3243,#3244,#3245,#3246,#3247,#3248,#3249,#3250,#3251,
#3252,#3253,#3254,#3255,#3256,#3257,#3258,#3259,#3260,#3261,#3262,#3263,
#3264,#3265,#3266,#3267,#3268,#3269,#3270,#3271,#3272,#3273,#3274,#3275,
#3276,#3277,#3278,#3279,#3280,#3281,#3282,#3283,#3284,#3285,#3286,#3287,
#3288,#3289)),.UNSPECIFIED.,.F.,.F.,.F.)
B_SPLINE_SURFACE_WITH_KNOTS((2,2),(3,2,2,2,2,2,2,2,2,2,2,2,2,2,2,2,2,2,
2,2,2,2,2,2,2,2,3),(0.,1.),(0.294620520578916,0.3125,0.333333333333334,
0.354166666666667,0.375,0.395833333333334,0.416666666666667,0.4375,0.458333333333333,
0.479166666666667,0.5,0.520833333333333,0.541666666666667,0.5625,0.583333333333333,
0.604166666666667,0.625,0.645833333333333,0.666666666666667,0.6875,0.708333333333333,
0.729166666666667,0.75,0.770833333333333,0.791666666666667,0.8125,0.823613703329608),
 .PIECEWISE_BEZIER_KNOTS.)
GEOMETRIC_REPRESENTATION_ITEM()
RATIONAL_B_SPLINE_SURFACE(((0.967395405019899,0.885020990272761,1.,0.866025403784439,
1.,0.866025403784439,1.,0.866025403784439,1.,0.866025403784439,1.,0.866025403784439,
1.,0.866025403784439,1.,0.866025403784439,1.,0.866025403784439,1.,0.866025403784439,
1.,0.866025403784439,1.,0.866025403784439,1.,0.866025403784439,1.,0.866025403784439,
1.,0.866025403784439,1.,0.866025403784439,1.,0.866025403784439,1.,0.866025403784439,
1.,0.866025403784439,1.,0.866025403784439,1.,0.866025403784439,1.,0.866025403784439,
1.,0.866025403784439,1.,0.866025403784439,1.,0.866025403784439,1.,0.928530212029896,
0.933312650030649),(0.967395405019899,0.885020990272761,1.,0.866025403784439,
1.,0.866025403784439,1.,0.866025403784439,1.,0.866025403784439,1.,0.866025403784439,
1.,0.866025403784439,1.,0.866025403784439,1.,0.866025403784439,1.,0.866025403784439,
1.,0.866025403784439,1.,0.866025403784439,1.,0.866025403784439,1.,0.866025403784439,
1.,0.866025403784439,1.,0.866025403784439,1.,0.866025403784439,1.,0.866025403784439,
1.,0.866025403784439,1.,0.866025403784439,1.,0.866025403784439,1.,0.866025403784439,
1.,0.866025403784439,1.,0.866025403784439,1.,0.866025403784439,1.,0.928530212029896,
0.933312650030649)))
REPRESENTATION_ITEM('')
SURFACE()
);
#28=(
BOUNDED_SURFACE()
B_SPLINE_SURFACE(3,2,((#3637,#3638,#3639,#3640,#3641,#3642,#3643,#3644,
#3645,#3646,#3647),(#3648,#3649,#3650,#3651,#3652,#3653,#3654,#3655,#3656,
#3657,#3658),(#3659,#3660,#3661,#3662,#3663,#3664,#3665,#3666,#3667,#3668,
#3669),(#3670,#3671,#3672,#3673,#3674,#3675,#3676,#3677,#3678,#3679,#3680)),
 .UNSPECIFIED.,.F.,.F.,.F.)
B_SPLINE_SURFACE_WITH_KNOTS((4,4),(3,2,2,2,2,3),(0.,1.),(0.194913377626365,
0.208333333333334,0.229166666666666,0.25,0.270833333333334,0.290041796786146),
 .PIECEWISE_BEZIER_KNOTS.)
GEOMETRIC_REPRESENTATION_ITEM()
RATIONAL_B_SPLINE_SURFACE(((0.93858108605654,0.913699208940555,1.,0.866025403784439,
1.,0.866025403784439,1.,0.866025403784439,1.,0.876474585519429,0.980731578355038),
(0.68829279644146,0.670046086556404,0.733333333333331,0.635085296108586,
0.733333333333331,0.635085296108586,0.733333333333331,0.635085296108586,
0.733333333333331,0.642748029380912,0.719203157460359),(0.68829279644146,
0.670046086556404,0.733333333333331,0.635085296108586,0.733333333333331,
0.635085296108586,0.733333333333331,0.635085296108586,0.733333333333331,
0.642748029380912,0.719203157460359),(0.93858108605654,0.913699208940555,
1.,0.866025403784439,1.,0.866025403784439,1.,0.866025403784439,1.,0.876474585519429,
0.980731578355038)))
REPRESENTATION_ITEM('')
SURFACE()
);
#29=(
BOUNDED_SURFACE()
B_SPLINE_SURFACE(1,2,((#3983,#3984,#3985,#3986,#3987,#3988,#3989,#3990,
#3991,#3992,#3993,#3994,#3995),(#3996,#3997,#3998,#3999,#4000,#4001,#4002,
#4003,#4004,#4005,#4006,#4007,#4008)),.UNSPECIFIED.,.F.,.F.,.F.)
B_SPLINE_SURFACE_WITH_KNOTS((2,2),(3,2,2,2,2,2,3),(0.,1.),(0.210481071800599,
0.229166666666666,0.25,0.270833333333334,0.291666666666667,0.3125,0.329176966878488),
 .PIECEWISE_BEZIER_KNOTS.)
GEOMETRIC_REPRESENTATION_ITEM()
RATIONAL_B_SPLINE_SURFACE(((0.9752244530234,0.879837038693009,1.,0.866025403784439,
1.,0.866025403784439,1.,0.866025403784439,1.,0.866025403784439,1.,0.892754084625005,
0.957207680791956),(0.9752244530234,0.879837038693009,1.,0.866025403784439,
1.,0.866025403784439,1.,0.866025403784439,1.,0.866025403784439,1.,0.892754084625005,
0.957207680791956)))
REPRESENTATION_ITEM('')
SURFACE()
);
#30=(
BOUNDED_SURFACE()
B_SPLINE_SURFACE(1,2,((#4214,#4215,#4216,#4217,#4218,#4219,#4220,#4221,
#4222,#4223,#4224,#4225,#4226,#4227,#4228),(#4229,#4230,#4231,#4232,#4233,
#4234,#4235,#4236,#4237,#4238,#4239,#4240,#4241,#4242,#4243)),
 .UNSPECIFIED.,.F.,.F.,.F.)
B_SPLINE_SURFACE_WITH_KNOTS((2,2),(3,2,2,2,2,2,2,3),(0.,1.),(0.155541492357224,
0.166666666666667,0.1875,0.208333333333334,0.229166666666666,0.25,0.270833333333334,
0.275043114771377),.PIECEWISE_BEZIER_KNOTS.)
GEOMETRIC_REPRESENTATION_ITEM()
RATIONAL_B_SPLINE_SURFACE(((0.933322603626054,0.928456444675106,1.,0.866025403784439,
1.,0.866025403784439,1.,0.866025403784439,1.,0.866025403784439,1.,0.866025403784439,
1.,0.972927819120754,0.956796562838578),(0.933322603626054,0.928456444675106,
1.,0.866025403784439,1.,0.866025403784439,1.,0.866025403784439,1.,0.866025403784439,
1.,0.866025403784439,1.,0.972927819120754,0.956796562838578)))
REPRESENTATION_ITEM('')
SURFACE()
);
#31=(
BOUNDED_SURFACE()
B_SPLINE_SURFACE(3,2,((#4477,#4478,#4479,#4480,#4481,#4482,#4483,#4484,
#4485,#4486,#4487),(#4488,#4489,#4490,#4491,#4492,#4493,#4494,#4495,#4496,
#4497,#4498),(#4499,#4500,#4501,#4502,#4503,#4504,#4505,#4506,#4507,#4508,
#4509),(#4510,#4511,#4512,#4513,#4514,#4515,#4516,#4517,#4518,#4519,#4520)),
 .UNSPECIFIED.,.F.,.F.,.F.)
B_SPLINE_SURFACE_WITH_KNOTS((4,4),(3,2,2,2,2,3),(0.,1.),(0.194913377626364,
0.208333333333334,0.229166666666666,0.25,0.270833333333334,0.290041796786145),
 .PIECEWISE_BEZIER_KNOTS.)
GEOMETRIC_REPRESENTATION_ITEM()
RATIONAL_B_SPLINE_SURFACE(((0.938581086056544,0.913699208940549,1.,0.866025403784439,
1.,0.866025403784439,1.,0.866025403784439,1.,0.87647458551943,0.980731578355037),
(0.688292796441493,0.670046086556429,0.733333333333363,0.635085296108614,
0.733333333333363,0.635085296108614,0.733333333333363,0.635085296108614,
0.733333333333363,0.642748029380941,0.71920315746039),(0.688292796441493,
0.670046086556429,0.733333333333363,0.635085296108614,0.733333333333363,
0.635085296108614,0.733333333333363,0.635085296108614,0.733333333333363,
0.642748029380941,0.71920315746039),(0.938581086056544,0.913699208940549,
1.,0.866025403784439,1.,0.866025403784439,1.,0.866025403784439,1.,0.87647458551943,
0.980731578355037)))
REPRESENTATION_ITEM('')
SURFACE()
);
#32=(
BOUNDED_SURFACE()
B_SPLINE_SURFACE(1,2,((#4823,#4824,#4825,#4826,#4827,#4828,#4829,#4830,
#4831,#4832,#4833,#4834,#4835),(#4836,#4837,#4838,#4839,#4840,#4841,#4842,
#4843,#4844,#4845,#4846,#4847,#4848)),.UNSPECIFIED.,.F.,.F.,.F.)
B_SPLINE_SURFACE_WITH_KNOTS((2,2),(3,2,2,2,2,2,3),(0.,1.),(0.210481071800592,
0.229166666666666,0.25,0.270833333333334,0.291666666666667,0.3125,0.329176966878492),
 .PIECEWISE_BEZIER_KNOTS.)
GEOMETRIC_REPRESENTATION_ITEM()
RATIONAL_B_SPLINE_SURFACE(((0.975224453023478,0.87983703869296,1.,0.866025403784439,
1.,0.866025403784439,1.,0.866025403784439,1.,0.866025403784439,1.,0.892754084624979,
0.957207680791986),(0.975224453023478,0.87983703869296,1.,0.866025403784439,
1.,0.866025403784439,1.,0.866025403784439,1.,0.866025403784439,1.,0.892754084624979,
0.957207680791986)))
REPRESENTATION_ITEM('')
SURFACE()
);
#33=(
BOUNDED_SURFACE()
B_SPLINE_SURFACE(1,2,((#5054,#5055,#5056,#5057,#5058,#5059,#5060,#5061,
#5062,#5063,#5064,#5065,#5066,#5067,#5068),(#5069,#5070,#5071,#5072,#5073,
#5074,#5075,#5076,#5077,#5078,#5079,#5080,#5081,#5082,#5083)),
 .UNSPECIFIED.,.F.,.F.,.F.)
B_SPLINE_SURFACE_WITH_KNOTS((2,2),(3,2,2,2,2,2,2,3),(0.,1.),(0.155541492357236,
0.166666666666667,0.1875,0.208333333333334,0.229166666666666,0.25,0.270833333333334,
0.275043114771385),.PIECEWISE_BEZIER_KNOTS.)
GEOMETRIC_REPRESENTATION_ITEM()
RATIONAL_B_SPLINE_SURFACE(((0.933322603626044,0.928456444675183,1.,0.866025403784439,
1.,0.866025403784439,1.,0.866025403784439,1.,0.866025403784439,1.,0.866025403784439,
1.,0.972927819120702,0.956796562838515),(0.933322603626044,0.928456444675183,
1.,0.866025403784439,1.,0.866025403784439,1.,0.866025403784439,1.,0.866025403784439,
1.,0.866025403784439,1.,0.972927819120702,0.956796562838515)))
REPRESENTATION_ITEM('')
SURFACE()
);
#34=(
BOUNDED_CURVE()
B_SPLINE_CURVE(2,(#1615,#1616,#1617,#1618,#1619,#1620,#1621,#1622,#1623,
#1624,#1625,#1626,#1627,#1628,#1629,#1630,#1631,#1632,#1633,#1634,#1635,
#1636,#1637,#1638,#1639,#1640,#1641,#1642,#1643,#1644,#1645,#1646,#1647,
#1648,#1649,#1650,#1651,#1652,#1653,#1654,#1655,#1656,#1657,#1658,#1659,
#1660,#1661,#1662,#1663,#1664,#1665,#1666,#1667,#1668,#1669,#1670,#1671,
#1672,#1673,#1674,#1675,#1676,#1677,#1678,#1679,#1680,#1681,#1682,#1683,
#1684,#1685,#1686,#1687,#1688,#1689,#1690,#1691,#1692,#1693,#1694,#1695,
#1696,#1697,#1698,#1699,#1700,#1701,#1702,#1703,#1704,#1705,#1706,#1707,
#1708,#1709,#1710,#1711),.UNSPECIFIED.,.F.,.F.)
B_SPLINE_CURVE_WITH_KNOTS((3,2,2,2,2,2,2,2,2,2,2,2,2,2,2,2,2,2,2,2,2,2,
2,2,2,2,2,2,2,2,2,2,2,2,2,2,2,2,2,2,2,2,2,2,2,2,2,2,3),(0.,0.0208333333333333,
0.0416666666666667,0.0625,0.0833333333333333,0.104166666666667,0.125,0.145833333333333,
0.166666666666667,0.1875,0.208333333333334,0.229166666666666,0.25,0.270833333333334,
0.291666666666667,0.3125,0.333333333333334,0.354166666666667,0.375,0.395833333333334,
0.416666666666667,0.4375,0.458333333333333,0.479166666666667,0.5,0.520833333333333,
0.541666666666667,0.5625,0.583333333333333,0.604166666666667,0.625,0.645833333333333,
0.666666666666667,0.6875,0.708333333333333,0.729166666666667,0.75,0.770833333333333,
0.791666666666667,0.8125,0.833333333333333,0.854166666666667,0.875,0.895833333333333,
0.916666666666667,0.9375,0.958333333333333,0.979166666666667,1.),
 .UNSPECIFIED.)
CURVE()
GEOMETRIC_REPRESENTATION_ITEM()
RATIONAL_B_SPLINE_CURVE((1.,0.866025403784439,1.,0.866025403784439,1.,0.866025403784439,
1.,0.866025403784439,1.,0.866025403784439,1.,0.866025403784439,1.,0.866025403784439,
1.,0.866025403784439,1.,0.866025403784439,1.,0.866025403784439,1.,0.866025403784439,
1.,0.866025403784439,1.,0.866025403784439,1.,0.866025403784439,1.,0.866025403784439,
1.,0.866025403784439,1.,0.866025403784439,1.,0.866025403784439,1.,0.866025403784439,
1.,0.866025403784439,1.,0.866025403784439,1.,0.866025403784439,1.,0.866025403784439,
1.,0.866025403784439,1.,0.866025403784439,1.,0.866025403784439,1.,0.866025403784439,
1.,0.866025403784439,1.,0.866025403784439,1.,0.866025403784439,1.,0.866025403784439,
1.,0.866025403784439,1.,0.866025403784439,1.,0.866025403784439,1.,0.866025403784439,
1.,0.866025403784439,1.,0.866025403784439,1.,0.866025403784439,1.,0.866025403784439,
1.,0.866025403784439,1.,0.866025403784439,1.,0.866025403784439,1.,0.866025403784439,
1.,0.866025403784439,1.,0.866025403784439,1.,0.866025403784439,1.,0.866025403784439,
1.,0.866025403784439,1.))
REPRESENTATION_ITEM('')
);
#35=(
BOUNDED_CURVE()
B_SPLINE_CURVE(2,(#1715,#1716,#1717,#1718,#1719,#1720,#1721,#1722,#1723,
#1724,#1725,#1726,#1727,#1728,#1729,#1730,#1731,#1732,#1733,#1734,#1735,
#1736,#1737,#1738,#1739,#1740,#1741,#1742,#1743,#1744,#1745,#1746,#1747,
#1748,#1749,#1750,#1751,#1752,#1753,#1754,#1755,#1756,#1757,#1758,#1759,
#1760,#1761,#1762,#1763,#1764,#1765,#1766,#1767,#1768,#1769,#1770,#1771,
#1772,#1773,#1774,#1775,#1776,#1777,#1778,#1779,#1780,#1781,#1782,#1783,
#1784,#1785,#1786,#1787,#1788,#1789,#1790,#1791,#1792,#1793,#1794,#1795,
#1796,#1797,#1798,#1799,#1800,#1801,#1802,#1803,#1804,#1805,#1806,#1807,
#1808,#1809,#1810,#1811),.UNSPECIFIED.,.F.,.F.)
B_SPLINE_CURVE_WITH_KNOTS((3,2,2,2,2,2,2,2,2,2,2,2,2,2,2,2,2,2,2,2,2,2,
2,2,2,2,2,2,2,2,2,2,2,2,2,2,2,2,2,2,2,2,2,2,2,2,2,2,3),(0.,0.0208333333333333,
0.0416666666666667,0.0625,0.0833333333333333,0.104166666666667,0.125,0.145833333333333,
0.166666666666667,0.1875,0.208333333333334,0.229166666666666,0.25,0.270833333333334,
0.291666666666667,0.3125,0.333333333333334,0.354166666666667,0.375,0.395833333333334,
0.416666666666667,0.4375,0.458333333333333,0.479166666666667,0.5,0.520833333333333,
0.541666666666667,0.5625,0.583333333333333,0.604166666666667,0.625,0.645833333333333,
0.666666666666667,0.6875,0.708333333333333,0.729166666666667,0.75,0.770833333333333,
0.791666666666667,0.8125,0.833333333333333,0.854166666666667,0.875,0.895833333333333,
0.916666666666667,0.9375,0.958333333333333,0.979166666666667,1.),
 .UNSPECIFIED.)
CURVE()
GEOMETRIC_REPRESENTATION_ITEM()
RATIONAL_B_SPLINE_CURVE((1.,0.866025403784439,1.,0.866025403784439,1.,0.866025403784439,
1.,0.866025403784439,1.,0.866025403784439,1.,0.866025403784439,1.,0.866025403784439,
1.,0.866025403784439,1.,0.866025403784439,1.,0.866025403784439,1.,0.866025403784439,
1.,0.866025403784439,1.,0.866025403784439,1.,0.866025403784439,1.,0.866025403784439,
1.,0.866025403784439,1.,0.866025403784439,1.,0.866025403784439,1.,0.866025403784439,
1.,0.866025403784439,1.,0.866025403784439,1.,0.866025403784439,1.,0.866025403784439,
1.,0.866025403784439,1.,0.866025403784439,1.,0.866025403784439,1.,0.866025403784439,
1.,0.866025403784439,1.,0.866025403784439,1.,0.866025403784439,1.,0.866025403784439,
1.,0.866025403784439,1.,0.866025403784439,1.,0.866025403784439,1.,0.866025403784439,
1.,0.866025403784439,1.,0.866025403784439,1.,0.866025403784439,1.,0.866025403784439,
1.,0.866025403784439,1.,0.866025403784439,1.,0.866025403784439,1.,0.866025403784439,
1.,0.866025403784439,1.,0.866025403784439,1.,0.866025403784439,1.,0.866025403784439,
1.,0.866025403784439,1.))
REPRESENTATION_ITEM('')
);
#36=(
BOUNDED_CURVE()
B_SPLINE_CURVE(2,(#2022,#2023,#2024,#2025,#2026,#2027,#2028,#2029,#2030,
#2031,#2032,#2033,#2034,#2035,#2036,#2037,#2038,#2039,#2040,#2041,#2042,
#2043,#2044,#2045,#2046,#2047,#2048,#2049,#2050,#2051,#2052,#2053,#2054,
#2055,#2056,#2057,#2058,#2059,#2060,#2061,#2062,#2063,#2064,#2065,#2066,
#2067,#2068,#2069,#2070,#2071,#2072,#2073,#2074,#2075,#2076,#2077,#2078,
#2079,#2080,#2081,#2082,#2083,#2084,#2085,#2086,#2087,#2088,#2089,#2090,
#2091,#2092,#2093,#2094,#2095,#2096,#2097,#2098,#2099,#2100,#2101,#2102,
#2103,#2104,#2105,#2106,#2107,#2108,#2109,#2110,#2111,#2112,#2113,#2114,
#2115,#2116,#2117,#2118),.UNSPECIFIED.,.F.,.F.)
B_SPLINE_CURVE_WITH_KNOTS((3,2,2,2,2,2,2,2,2,2,2,2,2,2,2,2,2,2,2,2,2,2,
2,2,2,2,2,2,2,2,2,2,2,2,2,2,2,2,2,2,2,2,2,2,2,2,2,2,3),(0.,0.0208333333333333,
0.0416666666666667,0.0625,0.0833333333333333,0.104166666666667,0.125,0.145833333333333,
0.166666666666667,0.1875,0.208333333333334,0.229166666666666,0.25,0.270833333333334,
0.291666666666667,0.3125,0.333333333333334,0.354166666666667,0.375,0.395833333333334,
0.416666666666667,0.4375,0.458333333333333,0.479166666666667,0.5,0.520833333333333,
0.541666666666667,0.5625,0.583333333333333,0.604166666666667,0.625,0.645833333333333,
0.666666666666667,0.6875,0.708333333333333,0.729166666666667,0.75,0.770833333333333,
0.791666666666667,0.8125,0.833333333333333,0.854166666666667,0.875,0.895833333333333,
0.916666666666667,0.9375,0.958333333333333,0.979166666666667,1.),
 .UNSPECIFIED.)
CURVE()
GEOMETRIC_REPRESENTATION_ITEM()
RATIONAL_B_SPLINE_CURVE((1.,0.866025403784439,1.,0.866025403784439,1.,0.866025403784439,
1.,0.866025403784439,1.,0.866025403784439,1.,0.866025403784439,1.,0.866025403784439,
1.,0.866025403784439,1.,0.866025403784439,1.,0.866025403784439,1.,0.866025403784439,
1.,0.866025403784439,1.,0.866025403784439,1.,0.866025403784439,1.,0.866025403784439,
1.,0.866025403784439,1.,0.866025403784439,1.,0.866025403784439,1.,0.866025403784439,
1.,0.866025403784439,1.,0.866025403784439,1.,0.866025403784439,1.,0.866025403784439,
1.,0.866025403784439,1.,0.866025403784439,1.,0.866025403784439,1.,0.866025403784439,
1.,0.866025403784439,1.,0.866025403784439,1.,0.866025403784439,1.,0.866025403784439,
1.,0.866025403784439,1.,0.866025403784439,1.,0.866025403784439,1.,0.866025403784439,
1.,0.866025403784439,1.,0.866025403784439,1.,0.866025403784439,1.,0.866025403784439,
1.,0.866025403784439,1.,0.866025403784439,1.,0.866025403784439,1.,0.866025403784439,
1.,0.866025403784439,1.,0.866025403784439,1.,0.866025403784439,1.,0.866025403784439,
1.,0.866025403784439,1.))
REPRESENTATION_ITEM('')
);
#37=(
BOUNDED_CURVE()
B_SPLINE_CURVE(2,(#2119,#2120,#2121,#2122,#2123,#2124,#2125,#2126,#2127,
#2128,#2129,#2130,#2131,#2132,#2133,#2134,#2135,#2136,#2137,#2138,#2139,
#2140,#2141,#2142,#2143,#2144,#2145,#2146,#2147,#2148,#2149,#2150,#2151,
#2152,#2153,#2154,#2155,#2156,#2157,#2158,#2159,#2160,#2161,#2162,#2163,
#2164,#2165,#2166,#2167,#2168,#2169,#2170,#2171,#2172,#2173,#2174,#2175,
#2176,#2177,#2178,#2179,#2180,#2181,#2182,#2183,#2184,#2185,#2186,#2187,
#2188,#2189,#2190,#2191,#2192,#2193,#2194,#2195,#2196,#2197,#2198,#2199,
#2200,#2201,#2202,#2203,#2204,#2205,#2206,#2207,#2208,#2209,#2210,#2211,
#2212,#2213,#2214,#2215),.UNSPECIFIED.,.F.,.F.)
B_SPLINE_CURVE_WITH_KNOTS((3,2,2,2,2,2,2,2,2,2,2,2,2,2,2,2,2,2,2,2,2,2,
2,2,2,2,2,2,2,2,2,2,2,2,2,2,2,2,2,2,2,2,2,2,2,2,2,2,3),(0.,0.0208333333333333,
0.0416666666666667,0.0625,0.0833333333333333,0.104166666666667,0.125,0.145833333333333,
0.166666666666667,0.1875,0.208333333333334,0.229166666666666,0.25,0.270833333333334,
0.291666666666667,0.3125,0.333333333333334,0.354166666666667,0.375,0.395833333333334,
0.416666666666667,0.4375,0.458333333333333,0.479166666666667,0.5,0.520833333333333,
0.541666666666667,0.5625,0.583333333333333,0.604166666666667,0.625,0.645833333333333,
0.666666666666667,0.6875,0.708333333333333,0.729166666666667,0.75,0.770833333333333,
0.791666666666667,0.8125,0.833333333333333,0.854166666666667,0.875,0.895833333333333,
0.916666666666667,0.9375,0.958333333333333,0.979166666666667,1.),
 .UNSPECIFIED.)
CURVE()
GEOMETRIC_REPRESENTATION_ITEM()
RATIONAL_B_SPLINE_CURVE((1.,0.866025403784439,1.,0.866025403784439,1.,0.866025403784439,
1.,0.866025403784439,1.,0.866025403784439,1.,0.866025403784439,1.,0.866025403784439,
1.,0.866025403784439,1.,0.866025403784439,1.,0.866025403784439,1.,0.866025403784439,
1.,0.866025403784439,1.,0.866025403784439,1.,0.866025403784439,1.,0.866025403784439,
1.,0.866025403784439,1.,0.866025403784439,1.,0.866025403784439,1.,0.866025403784439,
1.,0.866025403784439,1.,0.866025403784439,1.,0.866025403784439,1.,0.866025403784439,
1.,0.866025403784439,1.,0.866025403784439,1.,0.866025403784439,1.,0.866025403784439,
1.,0.866025403784439,1.,0.866025403784439,1.,0.866025403784439,1.,0.866025403784439,
1.,0.866025403784439,1.,0.866025403784439,1.,0.866025403784439,1.,0.866025403784439,
1.,0.866025403784439,1.,0.866025403784439,1.,0.866025403784439,1.,0.866025403784439,
1.,0.866025403784439,1.,0.866025403784439,1.,0.866025403784439,1.,0.866025403784439,
1.,0.866025403784439,1.,0.866025403784439,1.,0.866025403784439,1.,0.866025403784439,
1.,0.866025403784439,1.))
REPRESENTATION_ITEM('')
);
#38=(
BOUNDED_CURVE()
B_SPLINE_CURVE(2,(#2468,#2469,#2470,#2471,#2472,#2473,#2474,#2475,#2476,
#2477,#2478,#2479,#2480,#2481,#2482,#2483,#2484,#2485,#2486,#2487,#2488,
#2489,#2490,#2491,#2492,#2493,#2494,#2495,#2496,#2497,#2498,#2499,#2500,
#2501,#2502,#2503,#2504,#2505,#2506,#2507,#2508,#2509,#2510,#2511,#2512,
#2513,#2514,#2515,#2516,#2517,#2518,#2519,#2520,#2521,#2522,#2523,#2524,
#2525,#2526,#2527,#2528,#2529,#2530,#2531,#2532,#2533,#2534,#2535,#2536,
#2537,#2538,#2539,#2540,#2541,#2542,#2543,#2544,#2545,#2546,#2547,#2548,
#2549,#2550,#2551,#2552,#2553,#2554,#2555,#2556,#2557,#2558,#2559,#2560,
#2561,#2562,#2563,#2564),.UNSPECIFIED.,.F.,.F.)
B_SPLINE_CURVE_WITH_KNOTS((3,2,2,2,2,2,2,2,2,2,2,2,2,2,2,2,2,2,2,2,2,2,
2,2,2,2,2,2,2,2,2,2,2,2,2,2,2,2,2,2,2,2,2,2,2,2,2,2,3),(0.,0.0208333333333333,
0.0416666666666667,0.0625,0.0833333333333333,0.104166666666667,0.125,0.145833333333333,
0.166666666666667,0.1875,0.208333333333334,0.229166666666666,0.25,0.270833333333334,
0.291666666666667,0.3125,0.333333333333334,0.354166666666667,0.375,0.395833333333334,
0.416666666666667,0.4375,0.458333333333333,0.479166666666667,0.5,0.520833333333333,
0.541666666666667,0.5625,0.583333333333333,0.604166666666667,0.625,0.645833333333333,
0.666666666666667,0.6875,0.708333333333333,0.729166666666667,0.75,0.770833333333333,
0.791666666666667,0.8125,0.833333333333333,0.854166666666667,0.875,0.895833333333333,
0.916666666666667,0.9375,0.958333333333333,0.979166666666667,1.),
 .UNSPECIFIED.)
CURVE()
GEOMETRIC_REPRESENTATION_ITEM()
RATIONAL_B_SPLINE_CURVE((1.,0.866025403784439,1.,0.866025403784439,1.,0.866025403784439,
1.,0.866025403784439,1.,0.866025403784439,1.,0.866025403784439,1.,0.866025403784439,
1.,0.866025403784439,1.,0.866025403784439,1.,0.866025403784439,1.,0.866025403784439,
1.,0.866025403784439,1.,0.866025403784439,1.,0.866025403784439,1.,0.866025403784439,
1.,0.866025403784439,1.,0.866025403784439,1.,0.866025403784439,1.,0.866025403784439,
1.,0.866025403784439,1.,0.866025403784439,1.,0.866025403784439,1.,0.866025403784439,
1.,0.866025403784439,1.,0.866025403784439,1.,0.866025403784439,1.,0.866025403784439,
1.,0.866025403784439,1.,0.866025403784439,1.,0.866025403784439,1.,0.866025403784439,
1.,0.866025403784439,1.,0.866025403784439,1.,0.866025403784439,1.,0.866025403784439,
1.,0.866025403784439,1.,0.866025403784439,1.,0.866025403784439,1.,0.866025403784439,
1.,0.866025403784439,1.,0.866025403784439,1.,0.866025403784439,1.,0.866025403784439,
1.,0.866025403784439,1.,0.866025403784439,1.,0.866025403784439,1.,0.866025403784439,
1.,0.866025403784439,1.))
REPRESENTATION_ITEM('')
);
#39=(
BOUNDED_CURVE()
B_SPLINE_CURVE(2,(#2568,#2569,#2570,#2571,#2572,#2573,#2574,#2575,#2576,
#2577,#2578,#2579,#2580,#2581,#2582,#2583,#2584,#2585,#2586,#2587,#2588,
#2589,#2590,#2591,#2592,#2593,#2594,#2595,#2596,#2597,#2598,#2599,#2600,
#2601,#2602,#2603,#2604,#2605,#2606,#2607,#2608,#2609,#2610,#2611,#2612,
#2613,#2614,#2615,#2616,#2617,#2618,#2619,#2620,#2621,#2622,#2623,#2624,
#2625,#2626,#2627,#2628,#2629,#2630,#2631,#2632,#2633,#2634,#2635,#2636,
#2637,#2638,#2639,#2640,#2641,#2642,#2643,#2644,#2645,#2646,#2647,#2648,
#2649,#2650,#2651,#2652,#2653,#2654,#2655,#2656,#2657,#2658,#2659,#2660,
#2661,#2662,#2663,#2664),.UNSPECIFIED.,.F.,.F.)
B_SPLINE_CURVE_WITH_KNOTS((3,2,2,2,2,2,2,2,2,2,2,2,2,2,2,2,2,2,2,2,2,2,
2,2,2,2,2,2,2,2,2,2,2,2,2,2,2,2,2,2,2,2,2,2,2,2,2,2,3),(0.,0.0208333333333333,
0.0416666666666667,0.0625,0.0833333333333333,0.104166666666667,0.125,0.145833333333333,
0.166666666666667,0.1875,0.208333333333334,0.229166666666666,0.25,0.270833333333334,
0.291666666666667,0.3125,0.333333333333334,0.354166666666667,0.375,0.395833333333334,
0.416666666666667,0.4375,0.458333333333333,0.479166666666667,0.5,0.520833333333333,
0.541666666666667,0.5625,0.583333333333333,0.604166666666667,0.625,0.645833333333333,
0.666666666666667,0.6875,0.708333333333333,0.729166666666667,0.75,0.770833333333333,
0.791666666666667,0.8125,0.833333333333333,0.854166666666667,0.875,0.895833333333333,
0.916666666666667,0.9375,0.958333333333333,0.979166666666667,1.),
 .UNSPECIFIED.)
CURVE()
GEOMETRIC_REPRESENTATION_ITEM()
RATIONAL_B_SPLINE_CURVE((1.,0.866025403784439,1.,0.866025403784439,1.,0.866025403784439,
1.,0.866025403784439,1.,0.866025403784439,1.,0.866025403784439,1.,0.866025403784439,
1.,0.866025403784439,1.,0.866025403784439,1.,0.866025403784439,1.,0.866025403784439,
1.,0.866025403784439,1.,0.866025403784439,1.,0.866025403784439,1.,0.866025403784439,
1.,0.866025403784439,1.,0.866025403784439,1.,0.866025403784439,1.,0.866025403784439,
1.,0.866025403784439,1.,0.866025403784439,1.,0.866025403784439,1.,0.866025403784439,
1.,0.866025403784439,1.,0.866025403784439,1.,0.866025403784439,1.,0.866025403784439,
1.,0.866025403784439,1.,0.866025403784439,1.,0.866025403784439,1.,0.866025403784439,
1.,0.866025403784439,1.,0.866025403784439,1.,0.866025403784439,1.,0.866025403784439,
1.,0.866025403784439,1.,0.866025403784439,1.,0.866025403784439,1.,0.866025403784439,
1.,0.866025403784439,1.,0.866025403784439,1.,0.866025403784439,1.,0.866025403784439,
1.,0.866025403784439,1.,0.866025403784439,1.,0.866025403784439,1.,0.866025403784439,
1.,0.866025403784439,1.))
REPRESENTATION_ITEM('')
);
#40=(
BOUNDED_CURVE()
B_SPLINE_CURVE(2,(#2875,#2876,#2877,#2878,#2879,#2880,#2881,#2882,#2883,
#2884,#2885,#2886,#2887,#2888,#2889,#2890,#2891,#2892,#2893,#2894,#2895,
#2896,#2897,#2898,#2899,#2900,#2901,#2902,#2903,#2904,#2905,#2906,#2907,
#2908,#2909,#2910,#2911,#2912,#2913,#2914,#2915,#2916,#2917,#2918,#2919,
#2920,#2921,#2922,#2923,#2924,#2925,#2926,#2927,#2928,#2929,#2930,#2931,
#2932,#2933,#2934,#2935,#2936,#2937,#2938,#2939,#2940,#2941,#2942,#2943,
#2944,#2945,#2946,#2947,#2948,#2949,#2950,#2951,#2952,#2953,#2954,#2955,
#2956,#2957,#2958,#2959,#2960,#2961,#2962,#2963,#2964,#2965,#2966,#2967,
#2968,#2969,#2970,#2971),.UNSPECIFIED.,.F.,.F.)
B_SPLINE_CURVE_WITH_KNOTS((3,2,2,2,2,2,2,2,2,2,2,2,2,2,2,2,2,2,2,2,2,2,
2,2,2,2,2,2,2,2,2,2,2,2,2,2,2,2,2,2,2,2,2,2,2,2,2,2,3),(0.,0.0208333333333333,
0.0416666666666667,0.0625,0.0833333333333333,0.104166666666667,0.125,0.145833333333333,
0.166666666666667,0.1875,0.208333333333334,0.229166666666666,0.25,0.270833333333334,
0.291666666666667,0.3125,0.333333333333334,0.354166666666667,0.375,0.395833333333334,
0.416666666666667,0.4375,0.458333333333333,0.479166666666667,0.5,0.520833333333333,
0.541666666666667,0.5625,0.583333333333333,0.604166666666667,0.625,0.645833333333333,
0.666666666666667,0.6875,0.708333333333333,0.729166666666667,0.75,0.770833333333333,
0.791666666666667,0.8125,0.833333333333333,0.854166666666667,0.875,0.895833333333333,
0.916666666666667,0.9375,0.958333333333333,0.979166666666667,1.),
 .UNSPECIFIED.)
CURVE()
GEOMETRIC_REPRESENTATION_ITEM()
RATIONAL_B_SPLINE_CURVE((1.,0.866025403784439,1.,0.866025403784439,1.,0.866025403784439,
1.,0.866025403784439,1.,0.866025403784439,1.,0.866025403784439,1.,0.866025403784439,
1.,0.866025403784439,1.,0.866025403784439,1.,0.866025403784439,1.,0.866025403784439,
1.,0.866025403784439,1.,0.866025403784439,1.,0.866025403784439,1.,0.866025403784439,
1.,0.866025403784439,1.,0.866025403784439,1.,0.866025403784439,1.,0.866025403784439,
1.,0.866025403784439,1.,0.866025403784439,1.,0.866025403784439,1.,0.866025403784439,
1.,0.866025403784439,1.,0.866025403784439,1.,0.866025403784439,1.,0.866025403784439,
1.,0.866025403784439,1.,0.866025403784439,1.,0.866025403784439,1.,0.866025403784439,
1.,0.866025403784439,1.,0.866025403784439,1.,0.866025403784439,1.,0.866025403784439,
1.,0.866025403784439,1.,0.866025403784439,1.,0.866025403784439,1.,0.866025403784439,
1.,0.866025403784439,1.,0.866025403784439,1.,0.866025403784439,1.,0.866025403784439,
1.,0.866025403784439,1.,0.866025403784439,1.,0.866025403784439,1.,0.866025403784439,
1.,0.866025403784439,1.))
REPRESENTATION_ITEM('')
);
#41=(
BOUNDED_CURVE()
B_SPLINE_CURVE(2,(#2972,#2973,#2974,#2975,#2976,#2977,#2978,#2979,#2980,
#2981,#2982,#2983,#2984,#2985,#2986,#2987,#2988,#2989,#2990,#2991,#2992,
#2993,#2994,#2995,#2996,#2997,#2998,#2999,#3000,#3001,#3002,#3003,#3004,
#3005,#3006,#3007,#3008,#3009,#3010,#3011,#3012,#3013,#3014,#3015,#3016,
#3017,#3018,#3019,#3020,#3021,#3022,#3023,#3024,#3025,#3026,#3027,#3028,
#3029,#3030,#3031,#3032,#3033,#3034,#3035,#3036,#3037,#3038,#3039,#3040,
#3041,#3042,#3043,#3044,#3045,#3046,#3047,#3048,#3049,#3050,#3051,#3052,
#3053,#3054,#3055,#3056,#3057,#3058,#3059,#3060,#3061,#3062,#3063,#3064,
#3065,#3066,#3067,#3068),.UNSPECIFIED.,.F.,.F.)
B_SPLINE_CURVE_WITH_KNOTS((3,2,2,2,2,2,2,2,2,2,2,2,2,2,2,2,2,2,2,2,2,2,
2,2,2,2,2,2,2,2,2,2,2,2,2,2,2,2,2,2,2,2,2,2,2,2,2,2,3),(0.,0.0208333333333333,
0.0416666666666667,0.0625,0.0833333333333333,0.104166666666667,0.125,0.145833333333333,
0.166666666666667,0.1875,0.208333333333334,0.229166666666666,0.25,0.270833333333334,
0.291666666666667,0.3125,0.333333333333334,0.354166666666667,0.375,0.395833333333334,
0.416666666666667,0.4375,0.458333333333333,0.479166666666667,0.5,0.520833333333333,
0.541666666666667,0.5625,0.583333333333333,0.604166666666667,0.625,0.645833333333333,
0.666666666666667,0.6875,0.708333333333333,0.729166666666667,0.75,0.770833333333333,
0.791666666666667,0.8125,0.833333333333333,0.854166666666667,0.875,0.895833333333333,
0.916666666666667,0.9375,0.958333333333333,0.979166666666667,1.),
 .UNSPECIFIED.)
CURVE()
GEOMETRIC_REPRESENTATION_ITEM()
RATIONAL_B_SPLINE_CURVE((1.,0.866025403784439,1.,0.866025403784439,1.,0.866025403784439,
1.,0.866025403784439,1.,0.866025403784439,1.,0.866025403784439,1.,0.866025403784439,
1.,0.866025403784439,1.,0.866025403784439,1.,0.866025403784439,1.,0.866025403784439,
1.,0.866025403784439,1.,0.866025403784439,1.,0.866025403784439,1.,0.866025403784439,
1.,0.866025403784439,1.,0.866025403784439,1.,0.866025403784439,1.,0.866025403784439,
1.,0.866025403784439,1.,0.866025403784439,1.,0.866025403784439,1.,0.866025403784439,
1.,0.866025403784439,1.,0.866025403784439,1.,0.866025403784439,1.,0.866025403784439,
1.,0.866025403784439,1.,0.866025403784439,1.,0.866025403784439,1.,0.866025403784439,
1.,0.866025403784439,1.,0.866025403784439,1.,0.866025403784439,1.,0.866025403784439,
1.,0.866025403784439,1.,0.866025403784439,1.,0.866025403784439,1.,0.866025403784439,
1.,0.866025403784439,1.,0.866025403784439,1.,0.866025403784439,1.,0.866025403784439,
1.,0.866025403784439,1.,0.866025403784439,1.,0.866025403784439,1.,0.866025403784439,
1.,0.866025403784439,1.))
REPRESENTATION_ITEM('')
);
#42=(
BOUNDED_CURVE()
B_SPLINE_CURVE(2,(#3413,#3414,#3415,#3416,#3417,#3418,#3419,#3420,#3421,
#3422,#3423,#3424,#3425,#3426,#3427,#3428,#3429,#3430,#3431,#3432,#3433,
#3434,#3435,#3436,#3437,#3438,#3439,#3440,#3441,#3442,#3443,#3444,#3445,
#3446,#3447,#3448,#3449,#3450,#3451,#3452,#3453,#3454,#3455,#3456,#3457,
#3458,#3459,#3460,#3461,#3462,#3463,#3464,#3465,#3466,#3467,#3468,#3469,
#3470,#3471,#3472,#3473,#3474,#3475,#3476,#3477,#3478,#3479,#3480,#3481,
#3482,#3483,#3484,#3485,#3486,#3487,#3488,#3489,#3490,#3491,#3492,#3493,
#3494,#3495,#3496,#3497,#3498,#3499,#3500,#3501,#3502,#3503,#3504,#3505,
#3506,#3507,#3508,#3509),.UNSPECIFIED.,.F.,.F.)
B_SPLINE_CURVE_WITH_KNOTS((3,2,2,2,2,2,2,2,2,2,2,2,2,2,2,2,2,2,2,2,2,2,
2,2,2,2,2,2,2,2,2,2,2,2,2,2,2,2,2,2,2,2,2,2,2,2,2,2,3),(0.,0.0208333333333333,
0.0416666666666667,0.0625,0.0833333333333333,0.104166666666667,0.125,0.145833333333333,
0.166666666666667,0.1875,0.208333333333334,0.229166666666666,0.25,0.270833333333334,
0.291666666666667,0.3125,0.333333333333334,0.354166666666667,0.375,0.395833333333334,
0.416666666666667,0.4375,0.458333333333333,0.479166666666667,0.5,0.520833333333333,
0.541666666666667,0.5625,0.583333333333333,0.604166666666667,0.625,0.645833333333333,
0.666666666666667,0.6875,0.708333333333333,0.729166666666667,0.75,0.770833333333333,
0.791666666666667,0.8125,0.833333333333333,0.854166666666667,0.875,0.895833333333333,
0.916666666666667,0.9375,0.958333333333333,0.979166666666667,1.),
 .UNSPECIFIED.)
CURVE()
GEOMETRIC_REPRESENTATION_ITEM()
RATIONAL_B_SPLINE_CURVE((1.,0.866025403784439,1.,0.866025403784439,1.,0.866025403784439,
1.,0.866025403784439,1.,0.866025403784439,1.,0.866025403784439,1.,0.866025403784439,
1.,0.866025403784439,1.,0.866025403784439,1.,0.866025403784439,1.,0.866025403784439,
1.,0.866025403784439,1.,0.866025403784439,1.,0.866025403784439,1.,0.866025403784439,
1.,0.866025403784439,1.,0.866025403784439,1.,0.866025403784439,1.,0.866025403784439,
1.,0.866025403784439,1.,0.866025403784439,1.,0.866025403784439,1.,0.866025403784439,
1.,0.866025403784439,1.,0.866025403784439,1.,0.866025403784439,1.,0.866025403784439,
1.,0.866025403784439,1.,0.866025403784439,1.,0.866025403784439,1.,0.866025403784439,
1.,0.866025403784439,1.,0.866025403784439,1.,0.866025403784439,1.,0.866025403784439,
1.,0.866025403784439,1.,0.866025403784439,1.,0.866025403784439,1.,0.866025403784439,
1.,0.866025403784439,1.,0.866025403784439,1.,0.866025403784439,1.,0.866025403784439,
1.,0.866025403784439,1.,0.866025403784439,1.,0.866025403784439,1.,0.866025403784439,
1.,0.866025403784439,1.))
REPRESENTATION_ITEM('')
);
#43=(
BOUNDED_CURVE()
B_SPLINE_CURVE(2,(#3514,#3515,#3516,#3517,#3518,#3519,#3520,#3521,#3522,
#3523,#3524,#3525,#3526,#3527,#3528,#3529,#3530,#3531,#3532,#3533,#3534,
#3535,#3536,#3537,#3538,#3539,#3540,#3541,#3542,#3543,#3544,#3545,#3546,
#3547,#3548,#3549,#3550,#3551,#3552,#3553,#3554,#3555,#3556,#3557,#3558,
#3559,#3560,#3561,#3562,#3563,#3564,#3565,#3566,#3567,#3568,#3569,#3570,
#3571,#3572,#3573,#3574,#3575,#3576,#3577,#3578,#3579,#3580,#3581,#3582,
#3583,#3584,#3585,#3586,#3587,#3588,#3589,#3590,#3591,#3592,#3593,#3594,
#3595,#3596,#3597,#3598,#3599,#3600,#3601,#3602,#3603,#3604,#3605,#3606,
#3607,#3608,#3609,#3610),.UNSPECIFIED.,.F.,.F.)
B_SPLINE_CURVE_WITH_KNOTS((3,2,2,2,2,2,2,2,2,2,2,2,2,2,2,2,2,2,2,2,2,2,
2,2,2,2,2,2,2,2,2,2,2,2,2,2,2,2,2,2,2,2,2,2,2,2,2,2,3),(0.,0.0208333333333333,
0.0416666666666667,0.0625,0.0833333333333333,0.104166666666667,0.125,0.145833333333333,
0.166666666666667,0.1875,0.208333333333334,0.229166666666666,0.25,0.270833333333334,
0.291666666666667,0.3125,0.333333333333334,0.354166666666667,0.375,0.395833333333334,
0.416666666666667,0.4375,0.458333333333333,0.479166666666667,0.5,0.520833333333333,
0.541666666666667,0.5625,0.583333333333333,0.604166666666667,0.625,0.645833333333333,
0.666666666666667,0.6875,0.708333333333333,0.729166666666667,0.75,0.770833333333333,
0.791666666666667,0.8125,0.833333333333333,0.854166666666667,0.875,0.895833333333333,
0.916666666666667,0.9375,0.958333333333333,0.979166666666667,1.),
 .UNSPECIFIED.)
CURVE()
GEOMETRIC_REPRESENTATION_ITEM()
RATIONAL_B_SPLINE_CURVE((1.,0.866025403784439,1.,0.866025403784439,1.,0.866025403784439,
1.,0.866025403784439,1.,0.866025403784439,1.,0.866025403784439,1.,0.866025403784439,
1.,0.866025403784439,1.,0.866025403784439,1.,0.866025403784439,1.,0.866025403784439,
1.,0.866025403784439,1.,0.866025403784439,1.,0.866025403784439,1.,0.866025403784439,
1.,0.866025403784439,1.,0.866025403784439,1.,0.866025403784439,1.,0.866025403784439,
1.,0.866025403784439,1.,0.866025403784439,1.,0.866025403784439,1.,0.866025403784439,
1.,0.866025403784439,1.,0.866025403784439,1.,0.866025403784439,1.,0.866025403784439,
1.,0.866025403784439,1.,0.866025403784439,1.,0.866025403784439,1.,0.866025403784439,
1.,0.866025403784439,1.,0.866025403784439,1.,0.866025403784439,1.,0.866025403784439,
1.,0.866025403784439,1.,0.866025403784439,1.,0.866025403784439,1.,0.866025403784439,
1.,0.866025403784439,1.,0.866025403784439,1.,0.866025403784439,1.,0.866025403784439,
1.,0.866025403784439,1.,0.866025403784439,1.,0.866025403784439,1.,0.866025403784439,
1.,0.866025403784439,1.))
REPRESENTATION_ITEM('')
);
#44=(
BOUNDED_CURVE()
B_SPLINE_CURVE(2,(#3687,#3688,#3689,#3690,#3691,#3692,#3693,#3694,#3695,
#3696,#3697,#3698,#3699,#3700,#3701,#3702,#3703,#3704,#3705,#3706,#3707,
#3708,#3709,#3710,#3711,#3712,#3713,#3714,#3715,#3716,#3717,#3718,#3719,
#3720,#3721,#3722,#3723,#3724,#3725,#3726,#3727,#3728,#3729,#3730,#3731,
#3732,#3733,#3734,#3735,#3736,#3737,#3738,#3739,#3740,#3741,#3742,#3743,
#3744,#3745,#3746,#3747,#3748,#3749,#3750,#3751,#3752,#3753,#3754,#3755,
#3756,#3757,#3758,#3759,#3760,#3761,#3762,#3763,#3764,#3765,#3766,#3767,
#3768,#3769,#3770,#3771,#3772,#3773,#3774,#3775,#3776,#3777,#3778,#3779,
#3780,#3781,#3782,#3783),.UNSPECIFIED.,.F.,.F.)
B_SPLINE_CURVE_WITH_KNOTS((3,2,2,2,2,2,2,2,2,2,2,2,2,2,2,2,2,2,2,2,2,2,
2,2,2,2,2,2,2,2,2,2,2,2,2,2,2,2,2,2,2,2,2,2,2,2,2,2,3),(0.,0.0208333333333333,
0.0416666666666667,0.0625,0.0833333333333333,0.104166666666667,0.125,0.145833333333333,
0.166666666666667,0.1875,0.208333333333334,0.229166666666666,0.25,0.270833333333334,
0.291666666666667,0.3125,0.333333333333334,0.354166666666667,0.375,0.395833333333334,
0.416666666666667,0.4375,0.458333333333333,0.479166666666667,0.5,0.520833333333333,
0.541666666666667,0.5625,0.583333333333333,0.604166666666667,0.625,0.645833333333333,
0.666666666666667,0.6875,0.708333333333333,0.729166666666667,0.75,0.770833333333333,
0.791666666666667,0.8125,0.833333333333333,0.854166666666667,0.875,0.895833333333333,
0.916666666666667,0.9375,0.958333333333333,0.979166666666667,1.),
 .UNSPECIFIED.)
CURVE()
GEOMETRIC_REPRESENTATION_ITEM()
RATIONAL_B_SPLINE_CURVE((1.,0.866025403784439,1.,0.866025403784439,1.,0.866025403784439,
1.,0.866025403784439,1.,0.866025403784439,1.,0.866025403784439,1.,0.866025403784439,
1.,0.866025403784439,1.,0.866025403784439,1.,0.866025403784439,1.,0.866025403784439,
1.,0.866025403784439,1.,0.866025403784439,1.,0.866025403784439,1.,0.866025403784439,
1.,0.866025403784439,1.,0.866025403784439,1.,0.866025403784439,1.,0.866025403784439,
1.,0.866025403784439,1.,0.866025403784439,1.,0.866025403784439,1.,0.866025403784439,
1.,0.866025403784439,1.,0.866025403784439,1.,0.866025403784439,1.,0.866025403784439,
1.,0.866025403784439,1.,0.866025403784439,1.,0.866025403784439,1.,0.866025403784439,
1.,0.866025403784439,1.,0.866025403784439,1.,0.866025403784439,1.,0.866025403784439,
1.,0.866025403784439,1.,0.866025403784439,1.,0.866025403784439,1.,0.866025403784439,
1.,0.866025403784439,1.,0.866025403784439,1.,0.866025403784439,1.,0.866025403784439,
1.,0.866025403784439,1.,0.866025403784439,1.,0.866025403784439,1.,0.866025403784439,
1.,0.866025403784439,1.))
REPRESENTATION_ITEM('')
);
#45=(
BOUNDED_CURVE()
B_SPLINE_CURVE(2,(#3784,#3785,#3786,#3787,#3788,#3789,#3790,#3791,#3792,
#3793,#3794,#3795,#3796,#3797,#3798,#3799,#3800,#3801,#3802,#3803,#3804,
#3805,#3806,#3807,#3808,#3809,#3810,#3811,#3812,#3813,#3814,#3815,#3816,
#3817,#3818,#3819,#3820,#3821,#3822,#3823,#3824,#3825,#3826,#3827,#3828,
#3829,#3830,#3831,#3832,#3833,#3834,#3835,#3836,#3837,#3838,#3839,#3840,
#3841,#3842,#3843,#3844,#3845,#3846,#3847,#3848,#3849,#3850,#3851,#3852,
#3853,#3854,#3855,#3856,#3857,#3858,#3859,#3860,#3861,#3862,#3863,#3864,
#3865,#3866,#3867,#3868,#3869,#3870,#3871,#3872,#3873,#3874,#3875,#3876,
#3877,#3878,#3879,#3880),.UNSPECIFIED.,.F.,.F.)
B_SPLINE_CURVE_WITH_KNOTS((3,2,2,2,2,2,2,2,2,2,2,2,2,2,2,2,2,2,2,2,2,2,
2,2,2,2,2,2,2,2,2,2,2,2,2,2,2,2,2,2,2,2,2,2,2,2,2,2,3),(0.,0.0208333333333333,
0.0416666666666667,0.0625,0.0833333333333333,0.104166666666667,0.125,0.145833333333333,
0.166666666666667,0.1875,0.208333333333334,0.229166666666666,0.25,0.270833333333334,
0.291666666666667,0.3125,0.333333333333334,0.354166666666667,0.375,0.395833333333334,
0.416666666666667,0.4375,0.458333333333333,0.479166666666667,0.5,0.520833333333333,
0.541666666666667,0.5625,0.583333333333333,0.604166666666667,0.625,0.645833333333333,
0.666666666666667,0.6875,0.708333333333333,0.729166666666667,0.75,0.770833333333333,
0.791666666666667,0.8125,0.833333333333333,0.854166666666667,0.875,0.895833333333333,
0.916666666666667,0.9375,0.958333333333333,0.979166666666667,1.),
 .UNSPECIFIED.)
CURVE()
GEOMETRIC_REPRESENTATION_ITEM()
RATIONAL_B_SPLINE_CURVE((1.,0.866025403784439,1.,0.866025403784439,1.,0.866025403784439,
1.,0.866025403784439,1.,0.866025403784439,1.,0.866025403784439,1.,0.866025403784439,
1.,0.866025403784439,1.,0.866025403784439,1.,0.866025403784439,1.,0.866025403784439,
1.,0.866025403784439,1.,0.866025403784439,1.,0.866025403784439,1.,0.866025403784439,
1.,0.866025403784439,1.,0.866025403784439,1.,0.866025403784439,1.,0.866025403784439,
1.,0.866025403784439,1.,0.866025403784439,1.,0.866025403784439,1.,0.866025403784439,
1.,0.866025403784439,1.,0.866025403784439,1.,0.866025403784439,1.,0.866025403784439,
1.,0.866025403784439,1.,0.866025403784439,1.,0.866025403784439,1.,0.866025403784439,
1.,0.866025403784439,1.,0.866025403784439,1.,0.866025403784439,1.,0.866025403784439,
1.,0.866025403784439,1.,0.866025403784439,1.,0.866025403784439,1.,0.866025403784439,
1.,0.866025403784439,1.,0.866025403784439,1.,0.866025403784439,1.,0.866025403784439,
1.,0.866025403784439,1.,0.866025403784439,1.,0.866025403784439,1.,0.866025403784439,
1.,0.866025403784439,1.))
REPRESENTATION_ITEM('')
);
#46=(
BOUNDED_CURVE()
B_SPLINE_CURVE(2,(#3884,#3885,#3886,#3887,#3888,#3889,#3890,#3891,#3892,
#3893,#3894,#3895,#3896,#3897,#3898,#3899,#3900,#3901,#3902,#3903,#3904,
#3905,#3906,#3907,#3908,#3909,#3910,#3911,#3912,#3913,#3914,#3915,#3916,
#3917,#3918,#3919,#3920,#3921,#3922,#3923,#3924,#3925,#3926,#3927,#3928,
#3929,#3930,#3931,#3932,#3933,#3934,#3935,#3936,#3937,#3938,#3939,#3940,
#3941,#3942,#3943,#3944,#3945,#3946,#3947,#3948,#3949,#3950,#3951,#3952,
#3953,#3954,#3955,#3956,#3957,#3958,#3959,#3960,#3961,#3962,#3963,#3964,
#3965,#3966,#3967,#3968,#3969,#3970,#3971,#3972,#3973,#3974,#3975,#3976,
#3977,#3978,#3979,#3980),.UNSPECIFIED.,.F.,.F.)
B_SPLINE_CURVE_WITH_KNOTS((3,2,2,2,2,2,2,2,2,2,2,2,2,2,2,2,2,2,2,2,2,2,
2,2,2,2,2,2,2,2,2,2,2,2,2,2,2,2,2,2,2,2,2,2,2,2,2,2,3),(0.,0.0208333333333333,
0.0416666666666667,0.0625,0.0833333333333333,0.104166666666667,0.125,0.145833333333333,
0.166666666666667,0.1875,0.208333333333334,0.229166666666666,0.25,0.270833333333334,
0.291666666666667,0.3125,0.333333333333334,0.354166666666667,0.375,0.395833333333334,
0.416666666666667,0.4375,0.458333333333333,0.479166666666667,0.5,0.520833333333333,
0.541666666666667,0.5625,0.583333333333333,0.604166666666667,0.625,0.645833333333333,
0.666666666666667,0.6875,0.708333333333333,0.729166666666667,0.75,0.770833333333333,
0.791666666666667,0.8125,0.833333333333333,0.854166666666667,0.875,0.895833333333333,
0.916666666666667,0.9375,0.958333333333333,0.979166666666667,1.),
 .UNSPECIFIED.)
CURVE()
GEOMETRIC_REPRESENTATION_ITEM()
RATIONAL_B_SPLINE_CURVE((1.,0.866025403784439,1.,0.866025403784439,1.,0.866025403784439,
1.,0.866025403784439,1.,0.866025403784439,1.,0.866025403784439,1.,0.866025403784439,
1.,0.866025403784439,1.,0.866025403784439,1.,0.866025403784439,1.,0.866025403784439,
1.,0.866025403784439,1.,0.866025403784439,1.,0.866025403784439,1.,0.866025403784439,
1.,0.866025403784439,1.,0.866025403784439,1.,0.866025403784439,1.,0.866025403784439,
1.,0.866025403784439,1.,0.866025403784439,1.,0.866025403784439,1.,0.866025403784439,
1.,0.866025403784439,1.,0.866025403784439,1.,0.866025403784439,1.,0.866025403784439,
1.,0.866025403784439,1.,0.866025403784439,1.,0.866025403784439,1.,0.866025403784439,
1.,0.866025403784439,1.,0.866025403784439,1.,0.866025403784439,1.,0.866025403784439,
1.,0.866025403784439,1.,0.866025403784439,1.,0.866025403784439,1.,0.866025403784439,
1.,0.866025403784439,1.,0.866025403784439,1.,0.866025403784439,1.,0.866025403784439,
1.,0.866025403784439,1.,0.866025403784439,1.,0.866025403784439,1.,0.866025403784439,
1.,0.866025403784439,1.))
REPRESENTATION_ITEM('')
);
#47=(
BOUNDED_CURVE()
B_SPLINE_CURVE(2,(#4014,#4015,#4016,#4017,#4018,#4019,#4020,#4021,#4022,
#4023,#4024,#4025,#4026,#4027,#4028,#4029,#4030,#4031,#4032,#4033,#4034,
#4035,#4036,#4037,#4038,#4039,#4040,#4041,#4042,#4043,#4044,#4045,#4046,
#4047,#4048,#4049,#4050,#4051,#4052,#4053,#4054,#4055,#4056,#4057,#4058,
#4059,#4060,#4061,#4062,#4063,#4064,#4065,#4066,#4067,#4068,#4069,#4070,
#4071,#4072,#4073,#4074,#4075,#4076,#4077,#4078,#4079,#4080,#4081,#4082,
#4083,#4084,#4085,#4086,#4087,#4088,#4089,#4090,#4091,#4092,#4093,#4094,
#4095,#4096,#4097,#4098,#4099,#4100,#4101,#4102,#4103,#4104,#4105,#4106,
#4107,#4108,#4109,#4110),.UNSPECIFIED.,.F.,.F.)
B_SPLINE_CURVE_WITH_KNOTS((3,2,2,2,2,2,2,2,2,2,2,2,2,2,2,2,2,2,2,2,2,2,
2,2,2,2,2,2,2,2,2,2,2,2,2,2,2,2,2,2,2,2,2,2,2,2,2,2,3),(0.,0.0208333333333333,
0.0416666666666667,0.0625,0.0833333333333333,0.104166666666667,0.125,0.145833333333333,
0.166666666666667,0.1875,0.208333333333334,0.229166666666666,0.25,0.270833333333334,
0.291666666666667,0.3125,0.333333333333334,0.354166666666667,0.375,0.395833333333334,
0.416666666666667,0.4375,0.458333333333333,0.479166666666667,0.5,0.520833333333333,
0.541666666666667,0.5625,0.583333333333333,0.604166666666667,0.625,0.645833333333333,
0.666666666666667,0.6875,0.708333333333333,0.729166666666667,0.75,0.770833333333333,
0.791666666666667,0.8125,0.833333333333333,0.854166666666667,0.875,0.895833333333333,
0.916666666666667,0.9375,0.958333333333333,0.979166666666667,1.),
 .UNSPECIFIED.)
CURVE()
GEOMETRIC_REPRESENTATION_ITEM()
RATIONAL_B_SPLINE_CURVE((1.,0.866025403784439,1.,0.866025403784439,1.,0.866025403784439,
1.,0.866025403784439,1.,0.866025403784439,1.,0.866025403784439,1.,0.866025403784439,
1.,0.866025403784439,1.,0.866025403784439,1.,0.866025403784439,1.,0.866025403784439,
1.,0.866025403784439,1.,0.866025403784439,1.,0.866025403784439,1.,0.866025403784439,
1.,0.866025403784439,1.,0.866025403784439,1.,0.866025403784439,1.,0.866025403784439,
1.,0.866025403784439,1.,0.866025403784439,1.,0.866025403784439,1.,0.866025403784439,
1.,0.866025403784439,1.,0.866025403784439,1.,0.866025403784439,1.,0.866025403784439,
1.,0.866025403784439,1.,0.866025403784439,1.,0.866025403784439,1.,0.866025403784439,
1.,0.866025403784439,1.,0.866025403784439,1.,0.866025403784439,1.,0.866025403784439,
1.,0.866025403784439,1.,0.866025403784439,1.,0.866025403784439,1.,0.866025403784439,
1.,0.866025403784439,1.,0.866025403784439,1.,0.866025403784439,1.,0.866025403784439,
1.,0.866025403784439,1.,0.866025403784439,1.,0.866025403784439,1.,0.866025403784439,
1.,0.866025403784439,1.))
REPRESENTATION_ITEM('')
);
#48=(
BOUNDED_CURVE()
B_SPLINE_CURVE(2,(#4117,#4118,#4119,#4120,#4121,#4122,#4123,#4124,#4125,
#4126,#4127,#4128,#4129,#4130,#4131,#4132,#4133,#4134,#4135,#4136,#4137,
#4138,#4139,#4140,#4141,#4142,#4143,#4144,#4145,#4146,#4147,#4148,#4149,
#4150,#4151,#4152,#4153,#4154,#4155,#4156,#4157,#4158,#4159,#4160,#4161,
#4162,#4163,#4164,#4165,#4166,#4167,#4168,#4169,#4170,#4171,#4172,#4173,
#4174,#4175,#4176,#4177,#4178,#4179,#4180,#4181,#4182,#4183,#4184,#4185,
#4186,#4187,#4188,#4189,#4190,#4191,#4192,#4193,#4194,#4195,#4196,#4197,
#4198,#4199,#4200,#4201,#4202,#4203,#4204,#4205,#4206,#4207,#4208,#4209,
#4210,#4211,#4212,#4213),.UNSPECIFIED.,.F.,.F.)
B_SPLINE_CURVE_WITH_KNOTS((3,2,2,2,2,2,2,2,2,2,2,2,2,2,2,2,2,2,2,2,2,2,
2,2,2,2,2,2,2,2,2,2,2,2,2,2,2,2,2,2,2,2,2,2,2,2,2,2,3),(0.,0.0208333333333333,
0.0416666666666667,0.0625,0.0833333333333333,0.104166666666667,0.125,0.145833333333333,
0.166666666666667,0.1875,0.208333333333334,0.229166666666666,0.25,0.270833333333334,
0.291666666666667,0.3125,0.333333333333334,0.354166666666667,0.375,0.395833333333334,
0.416666666666667,0.4375,0.458333333333333,0.479166666666667,0.5,0.520833333333333,
0.541666666666667,0.5625,0.583333333333333,0.604166666666667,0.625,0.645833333333333,
0.666666666666667,0.6875,0.708333333333333,0.729166666666667,0.75,0.770833333333333,
0.791666666666667,0.8125,0.833333333333333,0.854166666666667,0.875,0.895833333333333,
0.916666666666667,0.9375,0.958333333333333,0.979166666666667,1.),
 .UNSPECIFIED.)
CURVE()
GEOMETRIC_REPRESENTATION_ITEM()
RATIONAL_B_SPLINE_CURVE((1.,0.866025403784439,1.,0.866025403784439,1.,0.866025403784439,
1.,0.866025403784439,1.,0.866025403784439,1.,0.866025403784439,1.,0.866025403784439,
1.,0.866025403784439,1.,0.866025403784439,1.,0.866025403784439,1.,0.866025403784439,
1.,0.866025403784439,1.,0.866025403784439,1.,0.866025403784439,1.,0.866025403784439,
1.,0.866025403784439,1.,0.866025403784439,1.,0.866025403784439,1.,0.866025403784439,
1.,0.866025403784439,1.,0.866025403784439,1.,0.866025403784439,1.,0.866025403784439,
1.,0.866025403784439,1.,0.866025403784439,1.,0.866025403784439,1.,0.866025403784439,
1.,0.866025403784439,1.,0.866025403784439,1.,0.866025403784439,1.,0.866025403784439,
1.,0.866025403784439,1.,0.866025403784439,1.,0.866025403784439,1.,0.866025403784439,
1.,0.866025403784439,1.,0.866025403784439,1.,0.866025403784439,1.,0.866025403784439,
1.,0.866025403784439,1.,0.866025403784439,1.,0.866025403784439,1.,0.866025403784439,
1.,0.866025403784439,1.,0.866025403784439,1.,0.866025403784439,1.,0.866025403784439,
1.,0.866025403784439,1.))
REPRESENTATION_ITEM('')
);
#49=(
BOUNDED_CURVE()
B_SPLINE_CURVE(2,(#4253,#4254,#4255,#4256,#4257,#4258,#4259,#4260,#4261,
#4262,#4263,#4264,#4265,#4266,#4267,#4268,#4269,#4270,#4271,#4272,#4273,
#4274,#4275,#4276,#4277,#4278,#4279,#4280,#4281,#4282,#4283,#4284,#4285,
#4286,#4287,#4288,#4289,#4290,#4291,#4292,#4293,#4294,#4295,#4296,#4297,
#4298,#4299,#4300,#4301,#4302,#4303,#4304,#4305,#4306,#4307,#4308,#4309,
#4310,#4311,#4312,#4313,#4314,#4315,#4316,#4317,#4318,#4319,#4320,#4321,
#4322,#4323,#4324,#4325,#4326,#4327,#4328,#4329,#4330,#4331,#4332,#4333,
#4334,#4335,#4336,#4337,#4338,#4339,#4340,#4341,#4342,#4343,#4344,#4345,
#4346,#4347,#4348,#4349),.UNSPECIFIED.,.F.,.F.)
B_SPLINE_CURVE_WITH_KNOTS((3,2,2,2,2,2,2,2,2,2,2,2,2,2,2,2,2,2,2,2,2,2,
2,2,2,2,2,2,2,2,2,2,2,2,2,2,2,2,2,2,2,2,2,2,2,2,2,2,3),(0.,0.0208333333333333,
0.0416666666666667,0.0625,0.0833333333333333,0.104166666666667,0.125,0.145833333333333,
0.166666666666667,0.1875,0.208333333333334,0.229166666666666,0.25,0.270833333333334,
0.291666666666667,0.3125,0.333333333333334,0.354166666666667,0.375,0.395833333333334,
0.416666666666667,0.4375,0.458333333333333,0.479166666666667,0.5,0.520833333333333,
0.541666666666667,0.5625,0.583333333333333,0.604166666666667,0.625,0.645833333333333,
0.666666666666667,0.6875,0.708333333333333,0.729166666666667,0.75,0.770833333333333,
0.791666666666667,0.8125,0.833333333333333,0.854166666666667,0.875,0.895833333333333,
0.916666666666667,0.9375,0.958333333333333,0.979166666666667,1.),
 .UNSPECIFIED.)
CURVE()
GEOMETRIC_REPRESENTATION_ITEM()
RATIONAL_B_SPLINE_CURVE((1.,0.866025403784439,1.,0.866025403784439,1.,0.866025403784439,
1.,0.866025403784439,1.,0.866025403784439,1.,0.866025403784439,1.,0.866025403784439,
1.,0.866025403784439,1.,0.866025403784439,1.,0.866025403784439,1.,0.866025403784439,
1.,0.866025403784439,1.,0.866025403784439,1.,0.866025403784439,1.,0.866025403784439,
1.,0.866025403784439,1.,0.866025403784439,1.,0.866025403784439,1.,0.866025403784439,
1.,0.866025403784439,1.,0.866025403784439,1.,0.866025403784439,1.,0.866025403784439,
1.,0.866025403784439,1.,0.866025403784439,1.,0.866025403784439,1.,0.866025403784439,
1.,0.866025403784439,1.,0.866025403784439,1.,0.866025403784439,1.,0.866025403784439,
1.,0.866025403784439,1.,0.866025403784439,1.,0.866025403784439,1.,0.866025403784439,
1.,0.866025403784439,1.,0.866025403784439,1.,0.866025403784439,1.,0.866025403784439,
1.,0.866025403784439,1.,0.866025403784439,1.,0.866025403784439,1.,0.866025403784439,
1.,0.866025403784439,1.,0.866025403784439,1.,0.866025403784439,1.,0.866025403784439,
1.,0.866025403784439,1.))
REPRESENTATION_ITEM('')
);
#50=(
BOUNDED_CURVE()
B_SPLINE_CURVE(2,(#4354,#4355,#4356,#4357,#4358,#4359,#4360,#4361,#4362,
#4363,#4364,#4365,#4366,#4367,#4368,#4369,#4370,#4371,#4372,#4373,#4374,
#4375,#4376,#4377,#4378,#4379,#4380,#4381,#4382,#4383,#4384,#4385,#4386,
#4387,#4388,#4389,#4390,#4391,#4392,#4393,#4394,#4395,#4396,#4397,#4398,
#4399,#4400,#4401,#4402,#4403,#4404,#4405,#4406,#4407,#4408,#4409,#4410,
#4411,#4412,#4413,#4414,#4415,#4416,#4417,#4418,#4419,#4420,#4421,#4422,
#4423,#4424,#4425,#4426,#4427,#4428,#4429,#4430,#4431,#4432,#4433,#4434,
#4435,#4436,#4437,#4438,#4439,#4440,#4441,#4442,#4443,#4444,#4445,#4446,
#4447,#4448,#4449,#4450),.UNSPECIFIED.,.F.,.F.)
B_SPLINE_CURVE_WITH_KNOTS((3,2,2,2,2,2,2,2,2,2,2,2,2,2,2,2,2,2,2,2,2,2,
2,2,2,2,2,2,2,2,2,2,2,2,2,2,2,2,2,2,2,2,2,2,2,2,2,2,3),(0.,0.0208333333333333,
0.0416666666666667,0.0625,0.0833333333333333,0.104166666666667,0.125,0.145833333333333,
0.166666666666667,0.1875,0.208333333333334,0.229166666666666,0.25,0.270833333333334,
0.291666666666667,0.3125,0.333333333333334,0.354166666666667,0.375,0.395833333333334,
0.416666666666667,0.4375,0.458333333333333,0.479166666666667,0.5,0.520833333333333,
0.541666666666667,0.5625,0.583333333333333,0.604166666666667,0.625,0.645833333333333,
0.666666666666667,0.6875,0.708333333333333,0.729166666666667,0.75,0.770833333333333,
0.791666666666667,0.8125,0.833333333333333,0.854166666666667,0.875,0.895833333333333,
0.916666666666667,0.9375,0.958333333333333,0.979166666666667,1.),
 .UNSPECIFIED.)
CURVE()
GEOMETRIC_REPRESENTATION_ITEM()
RATIONAL_B_SPLINE_CURVE((1.,0.866025403784439,1.,0.866025403784439,1.,0.866025403784439,
1.,0.866025403784439,1.,0.866025403784439,1.,0.866025403784439,1.,0.866025403784439,
1.,0.866025403784439,1.,0.866025403784439,1.,0.866025403784439,1.,0.866025403784439,
1.,0.866025403784439,1.,0.866025403784439,1.,0.866025403784439,1.,0.866025403784439,
1.,0.866025403784439,1.,0.866025403784439,1.,0.866025403784439,1.,0.866025403784439,
1.,0.866025403784439,1.,0.866025403784439,1.,0.866025403784439,1.,0.866025403784439,
1.,0.866025403784439,1.,0.866025403784439,1.,0.866025403784439,1.,0.866025403784439,
1.,0.866025403784439,1.,0.866025403784439,1.,0.866025403784439,1.,0.866025403784439,
1.,0.866025403784439,1.,0.866025403784439,1.,0.866025403784439,1.,0.866025403784439,
1.,0.866025403784439,1.,0.866025403784439,1.,0.866025403784439,1.,0.866025403784439,
1.,0.866025403784439,1.,0.866025403784439,1.,0.866025403784439,1.,0.866025403784439,
1.,0.866025403784439,1.,0.866025403784439,1.,0.866025403784439,1.,0.866025403784439,
1.,0.866025403784439,1.))
REPRESENTATION_ITEM('')
);
#51=(
BOUNDED_CURVE()
B_SPLINE_CURVE(2,(#4527,#4528,#4529,#4530,#4531,#4532,#4533,#4534,#4535,
#4536,#4537,#4538,#4539,#4540,#4541,#4542,#4543,#4544,#4545,#4546,#4547,
#4548,#4549,#4550,#4551,#4552,#4553,#4554,#4555,#4556,#4557,#4558,#4559,
#4560,#4561,#4562,#4563,#4564,#4565,#4566,#4567,#4568,#4569,#4570,#4571,
#4572,#4573,#4574,#4575,#4576,#4577,#4578,#4579,#4580,#4581,#4582,#4583,
#4584,#4585,#4586,#4587,#4588,#4589,#4590,#4591,#4592,#4593,#4594,#4595,
#4596,#4597,#4598,#4599,#4600,#4601,#4602,#4603,#4604,#4605,#4606,#4607,
#4608,#4609,#4610,#4611,#4612,#4613,#4614,#4615,#4616,#4617,#4618,#4619,
#4620,#4621,#4622,#4623),.UNSPECIFIED.,.F.,.F.)
B_SPLINE_CURVE_WITH_KNOTS((3,2,2,2,2,2,2,2,2,2,2,2,2,2,2,2,2,2,2,2,2,2,
2,2,2,2,2,2,2,2,2,2,2,2,2,2,2,2,2,2,2,2,2,2,2,2,2,2,3),(0.,0.0208333333333333,
0.0416666666666667,0.0625,0.0833333333333333,0.104166666666667,0.125,0.145833333333333,
0.166666666666667,0.1875,0.208333333333334,0.229166666666666,0.25,0.270833333333334,
0.291666666666667,0.3125,0.333333333333334,0.354166666666667,0.375,0.395833333333334,
0.416666666666667,0.4375,0.458333333333333,0.479166666666667,0.5,0.520833333333333,
0.541666666666667,0.5625,0.583333333333333,0.604166666666667,0.625,0.645833333333333,
0.666666666666667,0.6875,0.708333333333333,0.729166666666667,0.75,0.770833333333333,
0.791666666666667,0.8125,0.833333333333333,0.854166666666667,0.875,0.895833333333333,
0.916666666666667,0.9375,0.958333333333333,0.979166666666667,1.),
 .UNSPECIFIED.)
CURVE()
GEOMETRIC_REPRESENTATION_ITEM()
RATIONAL_B_SPLINE_CURVE((1.,0.866025403784439,1.,0.866025403784439,1.,0.866025403784439,
1.,0.866025403784439,1.,0.866025403784439,1.,0.866025403784439,1.,0.866025403784439,
1.,0.866025403784439,1.,0.866025403784439,1.,0.866025403784439,1.,0.866025403784439,
1.,0.866025403784439,1.,0.866025403784439,1.,0.866025403784439,1.,0.866025403784439,
1.,0.866025403784439,1.,0.866025403784439,1.,0.866025403784439,1.,0.866025403784439,
1.,0.866025403784439,1.,0.866025403784439,1.,0.866025403784439,1.,0.866025403784439,
1.,0.866025403784439,1.,0.866025403784439,1.,0.866025403784439,1.,0.866025403784439,
1.,0.866025403784439,1.,0.866025403784439,1.,0.866025403784439,1.,0.866025403784439,
1.,0.866025403784439,1.,0.866025403784439,1.,0.866025403784439,1.,0.866025403784439,
1.,0.866025403784439,1.,0.866025403784439,1.,0.866025403784439,1.,0.866025403784439,
1.,0.866025403784439,1.,0.866025403784439,1.,0.866025403784439,1.,0.866025403784439,
1.,0.866025403784439,1.,0.866025403784439,1.,0.866025403784439,1.,0.866025403784439,
1.,0.866025403784439,1.))
REPRESENTATION_ITEM('')
);
#52=(
BOUNDED_CURVE()
B_SPLINE_CURVE(2,(#4624,#4625,#4626,#4627,#4628,#4629,#4630,#4631,#4632,
#4633,#4634,#4635,#4636,#4637,#4638,#4639,#4640,#4641,#4642,#4643,#4644,
#4645,#4646,#4647,#4648,#4649,#4650,#4651,#4652,#4653,#4654,#4655,#4656,
#4657,#4658,#4659,#4660,#4661,#4662,#4663,#4664,#4665,#4666,#4667,#4668,
#4669,#4670,#4671,#4672,#4673,#4674,#4675,#4676,#4677,#4678,#4679,#4680,
#4681,#4682,#4683,#4684,#4685,#4686,#4687,#4688,#4689,#4690,#4691,#4692,
#4693,#4694,#4695,#4696,#4697,#4698,#4699,#4700,#4701,#4702,#4703,#4704,
#4705,#4706,#4707,#4708,#4709,#4710,#4711,#4712,#4713,#4714,#4715,#4716,
#4717,#4718,#4719,#4720),.UNSPECIFIED.,.F.,.F.)
B_SPLINE_CURVE_WITH_KNOTS((3,2,2,2,2,2,2,2,2,2,2,2,2,2,2,2,2,2,2,2,2,2,
2,2,2,2,2,2,2,2,2,2,2,2,2,2,2,2,2,2,2,2,2,2,2,2,2,2,3),(0.,0.0208333333333333,
0.0416666666666667,0.0625,0.0833333333333333,0.104166666666667,0.125,0.145833333333333,
0.166666666666667,0.1875,0.208333333333334,0.229166666666666,0.25,0.270833333333334,
0.291666666666667,0.3125,0.333333333333334,0.354166666666667,0.375,0.395833333333334,
0.416666666666667,0.4375,0.458333333333333,0.479166666666667,0.5,0.520833333333333,
0.541666666666667,0.5625,0.583333333333333,0.604166666666667,0.625,0.645833333333333,
0.666666666666667,0.6875,0.708333333333333,0.729166666666667,0.75,0.770833333333333,
0.791666666666667,0.8125,0.833333333333333,0.854166666666667,0.875,0.895833333333333,
0.916666666666667,0.9375,0.958333333333333,0.979166666666667,1.),
 .UNSPECIFIED.)
CURVE()
GEOMETRIC_REPRESENTATION_ITEM()
RATIONAL_B_SPLINE_CURVE((1.,0.866025403784439,1.,0.866025403784439,1.,0.866025403784439,
1.,0.866025403784439,1.,0.866025403784439,1.,0.866025403784439,1.,0.866025403784439,
1.,0.866025403784439,1.,0.866025403784439,1.,0.866025403784439,1.,0.866025403784439,
1.,0.866025403784439,1.,0.866025403784439,1.,0.866025403784439,1.,0.866025403784439,
1.,0.866025403784439,1.,0.866025403784439,1.,0.866025403784439,1.,0.866025403784439,
1.,0.866025403784439,1.,0.866025403784439,1.,0.866025403784439,1.,0.866025403784439,
1.,0.866025403784439,1.,0.866025403784439,1.,0.866025403784439,1.,0.866025403784439,
1.,0.866025403784439,1.,0.866025403784439,1.,0.866025403784439,1.,0.866025403784439,
1.,0.866025403784439,1.,0.866025403784439,1.,0.866025403784439,1.,0.866025403784439,
1.,0.866025403784439,1.,0.866025403784439,1.,0.866025403784439,1.,0.866025403784439,
1.,0.866025403784439,1.,0.866025403784439,1.,0.866025403784439,1.,0.866025403784439,
1.,0.866025403784439,1.,0.866025403784439,1.,0.866025403784439,1.,0.866025403784439,
1.,0.866025403784439,1.))
REPRESENTATION_ITEM('')
);
#53=(
BOUNDED_CURVE()
B_SPLINE_CURVE(2,(#4724,#4725,#4726,#4727,#4728,#4729,#4730,#4731,#4732,
#4733,#4734,#4735,#4736,#4737,#4738,#4739,#4740,#4741,#4742,#4743,#4744,
#4745,#4746,#4747,#4748,#4749,#4750,#4751,#4752,#4753,#4754,#4755,#4756,
#4757,#4758,#4759,#4760,#4761,#4762,#4763,#4764,#4765,#4766,#4767,#4768,
#4769,#4770,#4771,#4772,#4773,#4774,#4775,#4776,#4777,#4778,#4779,#4780,
#4781,#4782,#4783,#4784,#4785,#4786,#4787,#4788,#4789,#4790,#4791,#4792,
#4793,#4794,#4795,#4796,#4797,#4798,#4799,#4800,#4801,#4802,#4803,#4804,
#4805,#4806,#4807,#4808,#4809,#4810,#4811,#4812,#4813,#4814,#4815,#4816,
#4817,#4818,#4819,#4820),.UNSPECIFIED.,.F.,.F.)
B_SPLINE_CURVE_WITH_KNOTS((3,2,2,2,2,2,2,2,2,2,2,2,2,2,2,2,2,2,2,2,2,2,
2,2,2,2,2,2,2,2,2,2,2,2,2,2,2,2,2,2,2,2,2,2,2,2,2,2,3),(0.,0.0208333333333333,
0.0416666666666667,0.0625,0.0833333333333333,0.104166666666667,0.125,0.145833333333333,
0.166666666666667,0.1875,0.208333333333334,0.229166666666666,0.25,0.270833333333334,
0.291666666666667,0.3125,0.333333333333334,0.354166666666667,0.375,0.395833333333334,
0.416666666666667,0.4375,0.458333333333333,0.479166666666667,0.5,0.520833333333333,
0.541666666666667,0.5625,0.583333333333333,0.604166666666667,0.625,0.645833333333333,
0.666666666666667,0.6875,0.708333333333333,0.729166666666667,0.75,0.770833333333333,
0.791666666666667,0.8125,0.833333333333333,0.854166666666667,0.875,0.895833333333333,
0.916666666666667,0.9375,0.958333333333333,0.979166666666667,1.),
 .UNSPECIFIED.)
CURVE()
GEOMETRIC_REPRESENTATION_ITEM()
RATIONAL_B_SPLINE_CURVE((1.,0.866025403784439,1.,0.866025403784439,1.,0.866025403784439,
1.,0.866025403784439,1.,0.866025403784439,1.,0.866025403784439,1.,0.866025403784439,
1.,0.866025403784439,1.,0.866025403784439,1.,0.866025403784439,1.,0.866025403784439,
1.,0.866025403784439,1.,0.866025403784439,1.,0.866025403784439,1.,0.866025403784439,
1.,0.866025403784439,1.,0.866025403784439,1.,0.866025403784439,1.,0.866025403784439,
1.,0.866025403784439,1.,0.866025403784439,1.,0.866025403784439,1.,0.866025403784439,
1.,0.866025403784439,1.,0.866025403784439,1.,0.866025403784439,1.,0.866025403784439,
1.,0.866025403784439,1.,0.866025403784439,1.,0.866025403784439,1.,0.866025403784439,
1.,0.866025403784439,1.,0.866025403784439,1.,0.866025403784439,1.,0.866025403784439,
1.,0.866025403784439,1.,0.866025403784439,1.,0.866025403784439,1.,0.866025403784439,
1.,0.866025403784439,1.,0.866025403784439,1.,0.866025403784439,1.,0.866025403784439,
1.,0.866025403784439,1.,0.866025403784439,1.,0.866025403784439,1.,0.866025403784439,
1.,0.866025403784439,1.))
REPRESENTATION_ITEM('')
);
#54=(
BOUNDED_CURVE()
B_SPLINE_CURVE(2,(#4854,#4855,#4856,#4857,#4858,#4859,#4860,#4861,#4862,
#4863,#4864,#4865,#4866,#4867,#4868,#4869,#4870,#4871,#4872,#4873,#4874,
#4875,#4876,#4877,#4878,#4879,#4880,#4881,#4882,#4883,#4884,#4885,#4886,
#4887,#4888,#4889,#4890,#4891,#4892,#4893,#4894,#4895,#4896,#4897,#4898,
#4899,#4900,#4901,#4902,#4903,#4904,#4905,#4906,#4907,#4908,#4909,#4910,
#4911,#4912,#4913,#4914,#4915,#4916,#4917,#4918,#4919,#4920,#4921,#4922,
#4923,#4924,#4925,#4926,#4927,#4928,#4929,#4930,#4931,#4932,#4933,#4934,
#4935,#4936,#4937,#4938,#4939,#4940,#4941,#4942,#4943,#4944,#4945,#4946,
#4947,#4948,#4949,#4950),.UNSPECIFIED.,.F.,.F.)
B_SPLINE_CURVE_WITH_KNOTS((3,2,2,2,2,2,2,2,2,2,2,2,2,2,2,2,2,2,2,2,2,2,
2,2,2,2,2,2,2,2,2,2,2,2,2,2,2,2,2,2,2,2,2,2,2,2,2,2,3),(0.,0.0208333333333333,
0.0416666666666667,0.0625,0.0833333333333333,0.104166666666667,0.125,0.145833333333333,
0.166666666666667,0.1875,0.208333333333334,0.229166666666666,0.25,0.270833333333334,
0.291666666666667,0.3125,0.333333333333334,0.354166666666667,0.375,0.395833333333334,
0.416666666666667,0.4375,0.458333333333333,0.479166666666667,0.5,0.520833333333333,
0.541666666666667,0.5625,0.583333333333333,0.604166666666667,0.625,0.645833333333333,
0.666666666666667,0.6875,0.708333333333333,0.729166666666667,0.75,0.770833333333333,
0.791666666666667,0.8125,0.833333333333333,0.854166666666667,0.875,0.895833333333333,
0.916666666666667,0.9375,0.958333333333333,0.979166666666667,1.),
 .UNSPECIFIED.)
CURVE()
GEOMETRIC_REPRESENTATION_ITEM()
RATIONAL_B_SPLINE_CURVE((1.,0.866025403784439,1.,0.866025403784439,1.,0.866025403784439,
1.,0.866025403784439,1.,0.866025403784439,1.,0.866025403784439,1.,0.866025403784439,
1.,0.866025403784439,1.,0.866025403784439,1.,0.866025403784439,1.,0.866025403784439,
1.,0.866025403784439,1.,0.866025403784439,1.,0.866025403784439,1.,0.866025403784439,
1.,0.866025403784439,1.,0.866025403784439,1.,0.866025403784439,1.,0.866025403784439,
1.,0.866025403784439,1.,0.866025403784439,1.,0.866025403784439,1.,0.866025403784439,
1.,0.866025403784439,1.,0.866025403784439,1.,0.866025403784439,1.,0.866025403784439,
1.,0.866025403784439,1.,0.866025403784439,1.,0.866025403784439,1.,0.866025403784439,
1.,0.866025403784439,1.,0.866025403784439,1.,0.866025403784439,1.,0.866025403784439,
1.,0.866025403784439,1.,0.866025403784439,1.,0.866025403784439,1.,0.866025403784439,
1.,0.866025403784439,1.,0.866025403784439,1.,0.866025403784439,1.,0.866025403784439,
1.,0.866025403784439,1.,0.866025403784439,1.,0.866025403784439,1.,0.866025403784439,
1.,0.866025403784439,1.))
REPRESENTATION_ITEM('')
);
#55=(
BOUNDED_CURVE()
B_SPLINE_CURVE(2,(#4957,#4958,#4959,#4960,#4961,#4962,#4963,#4964,#4965,
#4966,#4967,#4968,#4969,#4970,#4971,#4972,#4973,#4974,#4975,#4976,#4977,
#4978,#4979,#4980,#4981,#4982,#4983,#4984,#4985,#4986,#4987,#4988,#4989,
#4990,#4991,#4992,#4993,#4994,#4995,#4996,#4997,#4998,#4999,#5000,#5001,
#5002,#5003,#5004,#5005,#5006,#5007,#5008,#5009,#5010,#5011,#5012,#5013,
#5014,#5015,#5016,#5017,#5018,#5019,#5020,#5021,#5022,#5023,#5024,#5025,
#5026,#5027,#5028,#5029,#5030,#5031,#5032,#5033,#5034,#5035,#5036,#5037,
#5038,#5039,#5040,#5041,#5042,#5043,#5044,#5045,#5046,#5047,#5048,#5049,
#5050,#5051,#5052,#5053),.UNSPECIFIED.,.F.,.F.)
B_SPLINE_CURVE_WITH_KNOTS((3,2,2,2,2,2,2,2,2,2,2,2,2,2,2,2,2,2,2,2,2,2,
2,2,2,2,2,2,2,2,2,2,2,2,2,2,2,2,2,2,2,2,2,2,2,2,2,2,3),(0.,0.0208333333333333,
0.0416666666666667,0.0625,0.0833333333333333,0.104166666666667,0.125,0.145833333333333,
0.166666666666667,0.1875,0.208333333333334,0.229166666666666,0.25,0.270833333333334,
0.291666666666667,0.3125,0.333333333333334,0.354166666666667,0.375,0.395833333333334,
0.416666666666667,0.4375,0.458333333333333,0.479166666666667,0.5,0.520833333333333,
0.541666666666667,0.5625,0.583333333333333,0.604166666666667,0.625,0.645833333333333,
0.666666666666667,0.6875,0.708333333333333,0.729166666666667,0.75,0.770833333333333,
0.791666666666667,0.8125,0.833333333333333,0.854166666666667,0.875,0.895833333333333,
0.916666666666667,0.9375,0.958333333333333,0.979166666666667,1.),
 .UNSPECIFIED.)
CURVE()
GEOMETRIC_REPRESENTATION_ITEM()
RATIONAL_B_SPLINE_CURVE((1.,0.866025403784439,1.,0.866025403784439,1.,0.866025403784439,
1.,0.866025403784439,1.,0.866025403784439,1.,0.866025403784439,1.,0.866025403784439,
1.,0.866025403784439,1.,0.866025403784439,1.,0.866025403784439,1.,0.866025403784439,
1.,0.866025403784439,1.,0.866025403784439,1.,0.866025403784439,1.,0.866025403784439,
1.,0.866025403784439,1.,0.866025403784439,1.,0.866025403784439,1.,0.866025403784439,
1.,0.866025403784439,1.,0.866025403784439,1.,0.866025403784439,1.,0.866025403784439,
1.,0.866025403784439,1.,0.866025403784439,1.,0.866025403784439,1.,0.866025403784439,
1.,0.866025403784439,1.,0.866025403784439,1.,0.866025403784439,1.,0.866025403784439,
1.,0.866025403784439,1.,0.866025403784439,1.,0.866025403784439,1.,0.866025403784439,
1.,0.866025403784439,1.,0.866025403784439,1.,0.866025403784439,1.,0.866025403784439,
1.,0.866025403784439,1.,0.866025403784439,1.,0.866025403784439,1.,0.866025403784439,
1.,0.866025403784439,1.,0.866025403784439,1.,0.866025403784439,1.,0.866025403784439,
1.,0.866025403784439,1.))
REPRESENTATION_ITEM('')
);
#56=B_SPLINE_CURVE_WITH_KNOTS('',3,(#1402,#1403,#1404,#1405),
 .UNSPECIFIED.,.F.,.F.,(4,4),(0.,1.),.UNSPECIFIED.);
#57=B_SPLINE_CURVE_WITH_KNOTS('',3,(#1407,#1408,#1409,#1410),
 .UNSPECIFIED.,.F.,.F.,(4,4),(0.,1.),.UNSPECIFIED.);
#58=B_SPLINE_CURVE_WITH_KNOTS('',3,(#1414,#1415,#1416,#1417),
 .UNSPECIFIED.,.F.,.F.,(4,4),(0.,1.),.UNSPECIFIED.);
#59=B_SPLINE_CURVE_WITH_KNOTS('',3,(#1426,#1427,#1428,#1429),
 .UNSPECIFIED.,.F.,.F.,(4,4),(0.,1.),.UNSPECIFIED.);
#60=B_SPLINE_CURVE_WITH_KNOTS('',3,(#1438,#1439,#1440,#1441),
 .UNSPECIFIED.,.F.,.F.,(4,4),(0.,1.),.UNSPECIFIED.);
#61=B_SPLINE_CURVE_WITH_KNOTS('',3,(#1443,#1444,#1445,#1446),
 .UNSPECIFIED.,.F.,.F.,(4,4),(0.0236337389495466,0.97636626105048),
 .UNSPECIFIED.);
#62=B_SPLINE_CURVE_WITH_KNOTS('',3,(#1448,#1449,#1450,#1451),
 .UNSPECIFIED.,.F.,.F.,(4,4),(0.,1.),.UNSPECIFIED.);
#63=B_SPLINE_CURVE_WITH_KNOTS('',3,(#1453,#1454,#1455,#1456),
 .UNSPECIFIED.,.F.,.F.,(4,4),(0.0331894861458658,0.966810513854696),
 .UNSPECIFIED.);
#64=B_SPLINE_CURVE_WITH_KNOTS('',3,(#1459,#1460,#1461,#1462),
 .UNSPECIFIED.,.F.,.F.,(4,4),(0.,1.),.UNSPECIFIED.);
#65=B_SPLINE_CURVE_WITH_KNOTS('',3,(#1466,#1467,#1468,#1469),
 .UNSPECIFIED.,.F.,.F.,(4,4),(0.,1.),.UNSPECIFIED.);
#66=B_SPLINE_CURVE_WITH_KNOTS('',3,(#1471,#1472,#1473,#1474),
 .UNSPECIFIED.,.F.,.F.,(4,4),(0.0236337389494992,0.976366261050465),
 .UNSPECIFIED.);
#67=B_SPLINE_CURVE_WITH_KNOTS('',3,(#1477,#1478,#1479,#1480),
 .UNSPECIFIED.,.F.,.F.,(4,4),(0.,1.),.UNSPECIFIED.);
#68=B_SPLINE_CURVE_WITH_KNOTS('',3,(#1485,#1486,#1487,#1488),
 .UNSPECIFIED.,.F.,.F.,(4,4),(0.,1.),.UNSPECIFIED.);
#69=B_SPLINE_CURVE_WITH_KNOTS('',3,(#1493,#1494,#1495,#1496),
 .UNSPECIFIED.,.F.,.F.,(4,4),(0.,1.),.UNSPECIFIED.);
#70=B_SPLINE_CURVE_WITH_KNOTS('',3,(#1498,#1499,#1500,#1501),
 .UNSPECIFIED.,.F.,.F.,(4,4),(0.033189486145301,0.966810513854126),
 .UNSPECIFIED.);
#71=B_SPLINE_CURVE_WITH_KNOTS('',3,(#1503,#1504,#1505,#1506),
 .UNSPECIFIED.,.F.,.F.,(4,4),(0.,1.),.UNSPECIFIED.);
#72=B_SPLINE_CURVE_WITH_KNOTS('',3,(#1510,#1511,#1512,#1513),
 .UNSPECIFIED.,.F.,.F.,(4,4),(0.,1.),.UNSPECIFIED.);
#73=B_SPLINE_CURVE_WITH_KNOTS('',3,(#1524,#1525,#1526,#1527),
 .UNSPECIFIED.,.F.,.F.,(4,4),(0.,1.),.UNSPECIFIED.);
#74=B_SPLINE_CURVE_WITH_KNOTS('',3,(#1530,#1531,#1532,#1533),
 .UNSPECIFIED.,.F.,.F.,(4,4),(0.,1.),.UNSPECIFIED.);
#75=B_SPLINE_CURVE_WITH_KNOTS('',3,(#1534,#1535,#1536,#1537),
 .UNSPECIFIED.,.F.,.F.,(4,4),(0.,1.),.UNSPECIFIED.);
#76=B_SPLINE_CURVE_WITH_KNOTS('',3,(#1539,#1540,#1541,#1542),
 .UNSPECIFIED.,.F.,.F.,(4,4),(0.,1.),.UNSPECIFIED.);
#77=B_SPLINE_CURVE_WITH_KNOTS('',3,(#1544,#1545,#1546,#1547),
 .UNSPECIFIED.,.F.,.F.,(4,4),(0.,1.),.UNSPECIFIED.);
#78=B_SPLINE_CURVE_WITH_KNOTS('',3,(#1548,#1549,#1550,#1551),
 .UNSPECIFIED.,.F.,.F.,(4,4),(0.,1.),.UNSPECIFIED.);
#79=B_SPLINE_CURVE_WITH_KNOTS('',3,(#1552,#1553,#1554,#1555),
 .UNSPECIFIED.,.F.,.F.,(4,4),(0.,1.),.UNSPECIFIED.);
#80=B_SPLINE_CURVE_WITH_KNOTS('',3,(#1556,#1557,#1558,#1559),
 .UNSPECIFIED.,.F.,.F.,(4,4),(0.,1.),.UNSPECIFIED.);
#81=B_SPLINE_CURVE_WITH_KNOTS('',3,(#1594,#1595,#1596,#1597,#1598,#1599),
 .UNSPECIFIED.,.F.,.F.,(4,1,1,4),(0.0168644607126168,0.017879690207042,
0.0183873049542546,0.0188949197014672),.UNSPECIFIED.);
#82=B_SPLINE_CURVE_WITH_KNOTS('',3,(#1602,#1603,#1604,#1605),
 .UNSPECIFIED.,.F.,.F.,(4,4),(0.00211585471409337,0.00316289247039286),
 .UNSPECIFIED.);
#83=B_SPLINE_CURVE_WITH_KNOTS('',3,(#1607,#1608,#1609,#1610,#1611),
 .UNSPECIFIED.,.F.,.F.,(4,1,4),(0.0168085490959473,0.0178503367924265,0.0188921244889057),
 .UNSPECIFIED.);
#84=B_SPLINE_CURVE_WITH_KNOTS('',3,(#2016,#2017,#2018,#2019),
 .UNSPECIFIED.,.F.,.F.,(4,4),(0.,0.00101590185264015),.UNSPECIFIED.);
#85=B_SPLINE_CURVE_WITH_KNOTS('',3,(#2326,#2327,#2328,#2329,#2330),
 .UNSPECIFIED.,.F.,.F.,(4,1,4),(1.38777878078145E-17,0.00103622217017646,
0.00207244434035291),.UNSPECIFIED.);
#86=B_SPLINE_CURVE_WITH_KNOTS('',3,(#2437,#2438,#2439,#2440,#2441),
 .UNSPECIFIED.,.F.,.F.,(4,1,4),(1.38777878078145E-17,0.00103742997681894,
0.00207485995363786),.UNSPECIFIED.);
#87=B_SPLINE_CURVE_WITH_KNOTS('',3,(#2447,#2448,#2449,#2450,#2451,#2452),
 .UNSPECIFIED.,.F.,.F.,(4,1,1,4),(0.01686446071262,0.0178796902070452,0.0183873049542578,
0.0188949197014705),.UNSPECIFIED.);
#88=B_SPLINE_CURVE_WITH_KNOTS('',3,(#2455,#2456,#2457,#2458),
 .UNSPECIFIED.,.F.,.F.,(4,4),(0.0021158547140911,0.00316289247039032),
 .UNSPECIFIED.);
#89=B_SPLINE_CURVE_WITH_KNOTS('',3,(#2460,#2461,#2462,#2463,#2464),
 .UNSPECIFIED.,.F.,.F.,(4,1,4),(0.0168085490958967,0.017850336792376,0.0188921244888553),
 .UNSPECIFIED.);
#90=B_SPLINE_CURVE_WITH_KNOTS('',3,(#2869,#2870,#2871,#2872),
 .UNSPECIFIED.,.F.,.F.,(4,4),(3.10316769155909E-17,0.00101590185264011),
 .UNSPECIFIED.);
#91=B_SPLINE_CURVE_WITH_KNOTS('',3,(#3179,#3180,#3181,#3182,#3183),
 .UNSPECIFIED.,.F.,.F.,(4,1,4),(0.,0.00103622217017645,0.0020724443403529),
 .UNSPECIFIED.);
#92=B_SPLINE_CURVE_WITH_KNOTS('',3,(#3290,#3291,#3292,#3293,#3294),
 .UNSPECIFIED.,.F.,.F.,(4,1,4),(0.,0.00103742997681901,0.00207485995363803),
 .UNSPECIFIED.);
#93=B_SPLINE_CURVE_WITH_KNOTS('',3,(#3304,#3305,#3306,#3307),
 .UNSPECIFIED.,.F.,.F.,(4,4),(0.,1.),.UNSPECIFIED.);
#94=B_SPLINE_CURVE_WITH_KNOTS('',3,(#3309,#3310,#3311,#3312),
 .UNSPECIFIED.,.F.,.F.,(4,4),(0.,1.),.UNSPECIFIED.);
#95=B_SPLINE_CURVE_WITH_KNOTS('',3,(#3313,#3314,#3315,#3316),
 .UNSPECIFIED.,.F.,.F.,(4,4),(0.,1.),.UNSPECIFIED.);
#96=B_SPLINE_CURVE_WITH_KNOTS('',3,(#3318,#3319,#3320,#3321),
 .UNSPECIFIED.,.F.,.F.,(4,4),(0.,1.),.UNSPECIFIED.);
#97=B_SPLINE_CURVE_WITH_KNOTS('',3,(#3330,#3331,#3332,#3333),
 .UNSPECIFIED.,.F.,.F.,(4,4),(0.,1.),.UNSPECIFIED.);
#98=B_SPLINE_CURVE_WITH_KNOTS('',3,(#3335,#3336,#3337,#3338),
 .UNSPECIFIED.,.F.,.F.,(4,4),(0.,1.),.UNSPECIFIED.);
#99=B_SPLINE_CURVE_WITH_KNOTS('',3,(#3339,#3340,#3341,#3342),
 .UNSPECIFIED.,.F.,.F.,(4,4),(0.,1.),.UNSPECIFIED.);
#100=B_SPLINE_CURVE_WITH_KNOTS('',3,(#3351,#3352,#3353,#3354),
 .UNSPECIFIED.,.F.,.F.,(4,4),(0.,1.),.UNSPECIFIED.);
#101=B_SPLINE_CURVE_WITH_KNOTS('',3,(#3356,#3357,#3358,#3359),
 .UNSPECIFIED.,.F.,.F.,(4,4),(0.,1.),.UNSPECIFIED.);
#102=B_SPLINE_CURVE_WITH_KNOTS('',3,(#3360,#3361,#3362,#3363),
 .UNSPECIFIED.,.F.,.F.,(4,4),(0.,1.),.UNSPECIFIED.);
#103=B_SPLINE_CURVE_WITH_KNOTS('',3,(#3372,#3373,#3374,#3375),
 .UNSPECIFIED.,.F.,.F.,(4,4),(0.,1.),.UNSPECIFIED.);
#104=B_SPLINE_CURVE_WITH_KNOTS('',3,(#3376,#3377,#3378,#3379),
 .UNSPECIFIED.,.F.,.F.,(4,4),(0.,1.),.UNSPECIFIED.);
#105=B_SPLINE_CURVE_WITH_KNOTS('',3,(#3616,#3617,#3618,#3619,#3620),
 .UNSPECIFIED.,.F.,.F.,(4,1,4),(0.00152325904193025,0.00255614418502479,
0.00358902932811934),.UNSPECIFIED.);
#106=B_SPLINE_CURVE_WITH_KNOTS('',3,(#3622,#3623,#3624,#3625),
 .UNSPECIFIED.,.F.,.F.,(4,4),(0.0019691607624115,0.0030199227350818),
 .UNSPECIFIED.);
#107=B_SPLINE_CURVE_WITH_KNOTS('',3,(#3627,#3628,#3629,#3630,#3631,#3632),
 .UNSPECIFIED.,.F.,.F.,(4,1,1,4),(0.00279931874114471,0.00383250466330365,
0.00434909762438311,0.00486569058546258),.UNSPECIFIED.);
#108=B_SPLINE_CURVE_WITH_KNOTS('',3,(#3681,#3682,#3683,#3684),
 .UNSPECIFIED.,.F.,.F.,(4,4),(6.82696892143E-16,0.0010159686114853),
 .UNSPECIFIED.);
#109=B_SPLINE_CURVE_WITH_KNOTS('',3,(#4009,#4010,#4011,#4012,#4013),
 .UNSPECIFIED.,.F.,.F.,(4,1,4),(3.10316769155909E-17,0.00103609963170295,
0.00207219926340588),.UNSPECIFIED.);
#110=B_SPLINE_CURVE_WITH_KNOTS('',3,(#4244,#4245,#4246,#4247,#4248),
 .UNSPECIFIED.,.F.,.F.,(4,1,4),(1.38777878078145E-17,0.00103907847449607,
0.00207815694899212),.UNSPECIFIED.);
#111=B_SPLINE_CURVE_WITH_KNOTS('',3,(#4456,#4457,#4458,#4459,#4460),
 .UNSPECIFIED.,.F.,.F.,(4,1,4),(0.00152325904193112,0.00255614418502544,
0.00358902932811975),.UNSPECIFIED.);
#112=B_SPLINE_CURVE_WITH_KNOTS('',3,(#4462,#4463,#4464,#4465),
 .UNSPECIFIED.,.F.,.F.,(4,4),(0.00196916076241983,0.00301992273509023),
 .UNSPECIFIED.);
#113=B_SPLINE_CURVE_WITH_KNOTS('',3,(#4467,#4468,#4469,#4470,#4471,#4472),
 .UNSPECIFIED.,.F.,.F.,(4,1,1,4),(0.00279931874114328,0.00383250466330249,
0.00434909762438209,0.00486569058546169),.UNSPECIFIED.);
#114=B_SPLINE_CURVE_WITH_KNOTS('',3,(#4521,#4522,#4523,#4524),
 .UNSPECIFIED.,.F.,.F.,(4,4),(6.82696892143E-16,0.00101596861148482),
 .UNSPECIFIED.);
#115=B_SPLINE_CURVE_WITH_KNOTS('',3,(#4849,#4850,#4851,#4852,#4853),
 .UNSPECIFIED.,.F.,.F.,(4,1,4),(3.10316769155909E-17,0.00103609963170298,
0.00207219926340593),.UNSPECIFIED.);
#116=B_SPLINE_CURVE_WITH_KNOTS('',3,(#5084,#5085,#5086,#5087,#5088),
 .UNSPECIFIED.,.F.,.F.,(4,1,4),(0.,0.00103907847449626,0.00207815694899252),
 .UNSPECIFIED.);
#117=CIRCLE('',#1113,0.003);
#118=CIRCLE('',#1114,0.003);
#119=CIRCLE('',#1116,0.003);
#120=CIRCLE('',#1117,0.003);
#121=CIRCLE('',#1128,0.003);
#122=CIRCLE('',#1129,0.003);
#123=CIRCLE('',#1140,0.003);
#124=CIRCLE('',#1142,0.000749999999999992);
#125=CIRCLE('',#1144,0.000749999999999992);
#126=CIRCLE('',#1147,0.003);
#127=CIRCLE('',#1149,0.000750000000000009);
#128=CIRCLE('',#1151,0.000750000000000009);
#129=CIRCLE('',#1154,0.000750000000000009);
#130=CIRCLE('',#1156,0.00075);
#131=CIRCLE('',#1158,0.00075);
#132=CIRCLE('',#1160,0.00075);
#133=CIRCLE('',#1164,0.000749999999999992);
#134=CIRCLE('',#1166,0.00075);
#135=CIRCLE('',#1168,0.00075);
#136=CIRCLE('',#1170,0.00075);
#137=CYLINDRICAL_SURFACE('',#1112,0.003);
#138=CYLINDRICAL_SURFACE('',#1115,0.003);
#139=CYLINDRICAL_SURFACE('',#1139,0.003);
#140=CYLINDRICAL_SURFACE('',#1143,0.000749999999999992);
#141=CYLINDRICAL_SURFACE('',#1146,0.003);
#142=CYLINDRICAL_SURFACE('',#1150,0.000750000000000009);
#143=CYLINDRICAL_SURFACE('',#1153,0.000750000000000009);
#144=CYLINDRICAL_SURFACE('',#1157,0.00075);
#145=CYLINDRICAL_SURFACE('',#1159,0.00075);
#146=CYLINDRICAL_SURFACE('',#1163,0.000749999999999992);
#147=CYLINDRICAL_SURFACE('',#1167,0.00075);
#148=CYLINDRICAL_SURFACE('',#1169,0.00075);
#149=ORIENTED_EDGE('',*,*,#475,.F.);
#150=ORIENTED_EDGE('',*,*,#476,.T.);
#151=ORIENTED_EDGE('',*,*,#477,.F.);
#152=ORIENTED_EDGE('',*,*,#478,.F.);
#153=ORIENTED_EDGE('',*,*,#479,.F.);
#154=ORIENTED_EDGE('',*,*,#480,.T.);
#155=ORIENTED_EDGE('',*,*,#481,.T.);
#156=ORIENTED_EDGE('',*,*,#482,.F.);
#157=ORIENTED_EDGE('',*,*,#483,.F.);
#158=ORIENTED_EDGE('',*,*,#484,.T.);
#159=ORIENTED_EDGE('',*,*,#485,.T.);
#160=ORIENTED_EDGE('',*,*,#486,.F.);
#161=ORIENTED_EDGE('',*,*,#481,.F.);
#162=ORIENTED_EDGE('',*,*,#487,.F.);
#163=ORIENTED_EDGE('',*,*,#483,.T.);
#164=ORIENTED_EDGE('',*,*,#488,.T.);
#165=ORIENTED_EDGE('',*,*,#489,.F.);
#166=ORIENTED_EDGE('',*,*,#490,.F.);
#167=ORIENTED_EDGE('',*,*,#491,.F.);
#168=ORIENTED_EDGE('',*,*,#492,.T.);
#169=ORIENTED_EDGE('',*,*,#493,.F.);
#170=ORIENTED_EDGE('',*,*,#494,.T.);
#171=ORIENTED_EDGE('',*,*,#495,.T.);
#172=ORIENTED_EDGE('',*,*,#496,.T.);
#173=ORIENTED_EDGE('',*,*,#478,.T.);
#174=ORIENTED_EDGE('',*,*,#496,.F.);
#175=ORIENTED_EDGE('',*,*,#497,.T.);
#176=ORIENTED_EDGE('',*,*,#498,.T.);
#177=ORIENTED_EDGE('',*,*,#489,.T.);
#178=ORIENTED_EDGE('',*,*,#499,.F.);
#179=ORIENTED_EDGE('',*,*,#500,.F.);
#180=ORIENTED_EDGE('',*,*,#501,.T.);
#181=ORIENTED_EDGE('',*,*,#475,.T.);
#182=ORIENTED_EDGE('',*,*,#498,.F.);
#183=ORIENTED_EDGE('',*,*,#502,.T.);
#184=ORIENTED_EDGE('',*,*,#503,.F.);
#185=ORIENTED_EDGE('',*,*,#504,.T.);
#186=ORIENTED_EDGE('',*,*,#490,.T.);
#187=ORIENTED_EDGE('',*,*,#505,.T.);
#188=ORIENTED_EDGE('',*,*,#506,.T.);
#189=ORIENTED_EDGE('',*,*,#507,.T.);
#190=ORIENTED_EDGE('',*,*,#508,.T.);
#191=ORIENTED_EDGE('',*,*,#509,.T.);
#192=ORIENTED_EDGE('',*,*,#510,.T.);
#193=ORIENTED_EDGE('',*,*,#511,.F.);
#194=ORIENTED_EDGE('',*,*,#512,.T.);
#195=ORIENTED_EDGE('',*,*,#513,.T.);
#196=ORIENTED_EDGE('',*,*,#514,.T.);
#197=ORIENTED_EDGE('',*,*,#515,.F.);
#198=ORIENTED_EDGE('',*,*,#482,.T.);
#199=ORIENTED_EDGE('',*,*,#488,.F.);
#200=ORIENTED_EDGE('',*,*,#486,.T.);
#201=ORIENTED_EDGE('',*,*,#516,.F.);
#202=ORIENTED_EDGE('',*,*,#517,.T.);
#203=ORIENTED_EDGE('',*,*,#518,.T.);
#204=ORIENTED_EDGE('',*,*,#519,.T.);
#205=ORIENTED_EDGE('',*,*,#520,.T.);
#206=ORIENTED_EDGE('',*,*,#521,.T.);
#207=ORIENTED_EDGE('',*,*,#522,.F.);
#208=ORIENTED_EDGE('',*,*,#523,.T.);
#209=ORIENTED_EDGE('',*,*,#493,.T.);
#210=ORIENTED_EDGE('',*,*,#477,.T.);
#211=ORIENTED_EDGE('',*,*,#524,.F.);
#212=ORIENTED_EDGE('',*,*,#525,.F.);
#213=ORIENTED_EDGE('',*,*,#526,.T.);
#214=ORIENTED_EDGE('',*,*,#491,.T.);
#215=ORIENTED_EDGE('',*,*,#504,.F.);
#216=ORIENTED_EDGE('',*,*,#527,.F.);
#217=ORIENTED_EDGE('',*,*,#528,.F.);
#218=ORIENTED_EDGE('',*,*,#529,.T.);
#219=ORIENTED_EDGE('',*,*,#530,.T.);
#220=ORIENTED_EDGE('',*,*,#522,.T.);
#221=ORIENTED_EDGE('',*,*,#503,.T.);
#222=ORIENTED_EDGE('',*,*,#531,.T.);
#223=ORIENTED_EDGE('',*,*,#532,.T.);
#224=ORIENTED_EDGE('',*,*,#515,.T.);
#225=ORIENTED_EDGE('',*,*,#533,.T.);
#226=ORIENTED_EDGE('',*,*,#518,.F.);
#227=ORIENTED_EDGE('',*,*,#534,.T.);
#228=ORIENTED_EDGE('',*,*,#505,.F.);
#229=ORIENTED_EDGE('',*,*,#535,.T.);
#230=ORIENTED_EDGE('',*,*,#511,.T.);
#231=ORIENTED_EDGE('',*,*,#536,.T.);
#232=ORIENTED_EDGE('',*,*,#516,.T.);
#233=ORIENTED_EDGE('',*,*,#485,.F.);
#234=ORIENTED_EDGE('',*,*,#537,.F.);
#235=ORIENTED_EDGE('',*,*,#538,.F.);
#236=ORIENTED_EDGE('',*,*,#539,.T.);
#237=ORIENTED_EDGE('',*,*,#540,.T.);
#238=ORIENTED_EDGE('',*,*,#541,.F.);
#239=ORIENTED_EDGE('',*,*,#479,.T.);
#240=ORIENTED_EDGE('',*,*,#541,.T.);
#241=ORIENTED_EDGE('',*,*,#542,.F.);
#242=ORIENTED_EDGE('',*,*,#543,.F.);
#243=ORIENTED_EDGE('',*,*,#544,.T.);
#244=ORIENTED_EDGE('',*,*,#537,.T.);
#245=ORIENTED_EDGE('',*,*,#484,.F.);
#246=ORIENTED_EDGE('',*,*,#487,.T.);
#247=ORIENTED_EDGE('',*,*,#480,.F.);
#248=ORIENTED_EDGE('',*,*,#492,.F.);
#249=ORIENTED_EDGE('',*,*,#526,.F.);
#250=ORIENTED_EDGE('',*,*,#545,.T.);
#251=ORIENTED_EDGE('',*,*,#499,.T.);
#252=ORIENTED_EDGE('',*,*,#476,.F.);
#253=ORIENTED_EDGE('',*,*,#501,.F.);
#254=ORIENTED_EDGE('',*,*,#546,.T.);
#255=ORIENTED_EDGE('',*,*,#524,.T.);
#256=ORIENTED_EDGE('',*,*,#547,.T.);
#257=ORIENTED_EDGE('',*,*,#539,.F.);
#258=ORIENTED_EDGE('',*,*,#548,.F.);
#259=ORIENTED_EDGE('',*,*,#549,.T.);
#260=ORIENTED_EDGE('',*,*,#538,.T.);
#261=ORIENTED_EDGE('',*,*,#544,.F.);
#262=ORIENTED_EDGE('',*,*,#550,.F.);
#263=ORIENTED_EDGE('',*,*,#548,.T.);
#264=ORIENTED_EDGE('',*,*,#542,.T.);
#265=ORIENTED_EDGE('',*,*,#540,.F.);
#266=ORIENTED_EDGE('',*,*,#547,.F.);
#267=ORIENTED_EDGE('',*,*,#551,.T.);
#268=ORIENTED_EDGE('',*,*,#549,.F.);
#269=ORIENTED_EDGE('',*,*,#550,.T.);
#270=ORIENTED_EDGE('',*,*,#543,.T.);
#271=ORIENTED_EDGE('',*,*,#551,.F.);
#272=ORIENTED_EDGE('',*,*,#545,.F.);
#273=ORIENTED_EDGE('',*,*,#525,.T.);
#274=ORIENTED_EDGE('',*,*,#546,.F.);
#275=ORIENTED_EDGE('',*,*,#500,.T.);
#276=ORIENTED_EDGE('',*,*,#552,.T.);
#277=ORIENTED_EDGE('',*,*,#528,.T.);
#278=ORIENTED_EDGE('',*,*,#552,.F.);
#279=ORIENTED_EDGE('',*,*,#553,.F.);
#280=ORIENTED_EDGE('',*,*,#554,.F.);
#281=ORIENTED_EDGE('',*,*,#555,.F.);
#282=ORIENTED_EDGE('',*,*,#556,.T.);
#283=ORIENTED_EDGE('',*,*,#557,.F.);
#284=ORIENTED_EDGE('',*,*,#558,.T.);
#285=ORIENTED_EDGE('',*,*,#559,.T.);
#286=ORIENTED_EDGE('',*,*,#556,.F.);
#287=ORIENTED_EDGE('',*,*,#560,.F.);
#288=ORIENTED_EDGE('',*,*,#561,.T.);
#289=ORIENTED_EDGE('',*,*,#554,.T.);
#290=ORIENTED_EDGE('',*,*,#562,.F.);
#291=ORIENTED_EDGE('',*,*,#563,.F.);
#292=ORIENTED_EDGE('',*,*,#562,.T.);
#293=ORIENTED_EDGE('',*,*,#553,.T.);
#294=ORIENTED_EDGE('',*,*,#559,.F.);
#295=ORIENTED_EDGE('',*,*,#564,.F.);
#296=ORIENTED_EDGE('',*,*,#557,.T.);
#297=ORIENTED_EDGE('',*,*,#555,.T.);
#298=ORIENTED_EDGE('',*,*,#561,.F.);
#299=ORIENTED_EDGE('',*,*,#564,.T.);
#300=ORIENTED_EDGE('',*,*,#560,.T.);
#301=ORIENTED_EDGE('',*,*,#563,.T.);
#302=ORIENTED_EDGE('',*,*,#558,.F.);
#303=ORIENTED_EDGE('',*,*,#565,.T.);
#304=ORIENTED_EDGE('',*,*,#527,.T.);
#305=ORIENTED_EDGE('',*,*,#565,.F.);
#306=ORIENTED_EDGE('',*,*,#566,.F.);
#307=ORIENTED_EDGE('',*,*,#567,.F.);
#308=ORIENTED_EDGE('',*,*,#568,.F.);
#309=ORIENTED_EDGE('',*,*,#569,.T.);
#310=ORIENTED_EDGE('',*,*,#570,.F.);
#311=ORIENTED_EDGE('',*,*,#571,.T.);
#312=ORIENTED_EDGE('',*,*,#572,.T.);
#313=ORIENTED_EDGE('',*,*,#569,.F.);
#314=ORIENTED_EDGE('',*,*,#573,.F.);
#315=ORIENTED_EDGE('',*,*,#574,.T.);
#316=ORIENTED_EDGE('',*,*,#567,.T.);
#317=ORIENTED_EDGE('',*,*,#575,.F.);
#318=ORIENTED_EDGE('',*,*,#576,.F.);
#319=ORIENTED_EDGE('',*,*,#575,.T.);
#320=ORIENTED_EDGE('',*,*,#566,.T.);
#321=ORIENTED_EDGE('',*,*,#572,.F.);
#322=ORIENTED_EDGE('',*,*,#577,.F.);
#323=ORIENTED_EDGE('',*,*,#570,.T.);
#324=ORIENTED_EDGE('',*,*,#568,.T.);
#325=ORIENTED_EDGE('',*,*,#574,.F.);
#326=ORIENTED_EDGE('',*,*,#577,.T.);
#327=ORIENTED_EDGE('',*,*,#573,.T.);
#328=ORIENTED_EDGE('',*,*,#576,.T.);
#329=ORIENTED_EDGE('',*,*,#571,.F.);
#330=ORIENTED_EDGE('',*,*,#507,.F.);
#331=ORIENTED_EDGE('',*,*,#578,.T.);
#332=ORIENTED_EDGE('',*,*,#579,.F.);
#333=ORIENTED_EDGE('',*,*,#531,.F.);
#334=ORIENTED_EDGE('',*,*,#502,.F.);
#335=ORIENTED_EDGE('',*,*,#497,.F.);
#336=ORIENTED_EDGE('',*,*,#495,.F.);
#337=ORIENTED_EDGE('',*,*,#580,.F.);
#338=ORIENTED_EDGE('',*,*,#581,.T.);
#339=ORIENTED_EDGE('',*,*,#582,.F.);
#340=ORIENTED_EDGE('',*,*,#583,.T.);
#341=ORIENTED_EDGE('',*,*,#509,.F.);
#342=ORIENTED_EDGE('',*,*,#584,.T.);
#343=ORIENTED_EDGE('',*,*,#580,.T.);
#344=ORIENTED_EDGE('',*,*,#494,.F.);
#345=ORIENTED_EDGE('',*,*,#523,.F.);
#346=ORIENTED_EDGE('',*,*,#530,.F.);
#347=ORIENTED_EDGE('',*,*,#520,.F.);
#348=ORIENTED_EDGE('',*,*,#585,.T.);
#349=ORIENTED_EDGE('',*,*,#586,.F.);
#350=ORIENTED_EDGE('',*,*,#532,.F.);
#351=ORIENTED_EDGE('',*,*,#579,.T.);
#352=ORIENTED_EDGE('',*,*,#587,.T.);
#353=ORIENTED_EDGE('',*,*,#586,.T.);
#354=ORIENTED_EDGE('',*,*,#588,.T.);
#355=ORIENTED_EDGE('',*,*,#513,.F.);
#356=ORIENTED_EDGE('',*,*,#589,.T.);
#357=ORIENTED_EDGE('',*,*,#582,.T.);
#358=ORIENTED_EDGE('',*,*,#529,.F.);
#359=ORIENTED_EDGE('',*,*,#585,.F.);
#360=ORIENTED_EDGE('',*,*,#519,.F.);
#361=ORIENTED_EDGE('',*,*,#533,.F.);
#362=ORIENTED_EDGE('',*,*,#514,.F.);
#363=ORIENTED_EDGE('',*,*,#588,.F.);
#364=ORIENTED_EDGE('',*,*,#578,.F.);
#365=ORIENTED_EDGE('',*,*,#506,.F.);
#366=ORIENTED_EDGE('',*,*,#534,.F.);
#367=ORIENTED_EDGE('',*,*,#521,.F.);
#368=ORIENTED_EDGE('',*,*,#587,.F.);
#369=ORIENTED_EDGE('',*,*,#589,.F.);
#370=ORIENTED_EDGE('',*,*,#517,.F.);
#371=ORIENTED_EDGE('',*,*,#536,.F.);
#372=ORIENTED_EDGE('',*,*,#510,.F.);
#373=ORIENTED_EDGE('',*,*,#583,.F.);
#374=ORIENTED_EDGE('',*,*,#584,.F.);
#375=ORIENTED_EDGE('',*,*,#512,.F.);
#376=ORIENTED_EDGE('',*,*,#535,.F.);
#377=ORIENTED_EDGE('',*,*,#508,.F.);
#378=ORIENTED_EDGE('',*,*,#581,.F.);
#379=ORIENTED_EDGE('',*,*,#590,.T.);
#380=ORIENTED_EDGE('',*,*,#591,.T.);
#381=ORIENTED_EDGE('',*,*,#592,.F.);
#382=ORIENTED_EDGE('',*,*,#593,.T.);
#383=ORIENTED_EDGE('',*,*,#594,.T.);
#384=ORIENTED_EDGE('',*,*,#593,.F.);
#385=ORIENTED_EDGE('',*,*,#595,.T.);
#386=ORIENTED_EDGE('',*,*,#596,.T.);
#387=ORIENTED_EDGE('',*,*,#597,.T.);
#388=ORIENTED_EDGE('',*,*,#598,.T.);
#389=ORIENTED_EDGE('',*,*,#599,.F.);
#390=ORIENTED_EDGE('',*,*,#600,.F.);
#391=ORIENTED_EDGE('',*,*,#601,.F.);
#392=ORIENTED_EDGE('',*,*,#596,.F.);
#393=ORIENTED_EDGE('',*,*,#602,.T.);
#394=ORIENTED_EDGE('',*,*,#603,.T.);
#395=ORIENTED_EDGE('',*,*,#604,.T.);
#396=ORIENTED_EDGE('',*,*,#605,.T.);
#397=ORIENTED_EDGE('',*,*,#606,.F.);
#398=ORIENTED_EDGE('',*,*,#604,.F.);
#399=ORIENTED_EDGE('',*,*,#590,.F.);
#400=ORIENTED_EDGE('',*,*,#607,.F.);
#401=ORIENTED_EDGE('',*,*,#597,.F.);
#402=ORIENTED_EDGE('',*,*,#601,.T.);
#403=ORIENTED_EDGE('',*,*,#608,.T.);
#404=ORIENTED_EDGE('',*,*,#598,.F.);
#405=ORIENTED_EDGE('',*,*,#607,.T.);
#406=ORIENTED_EDGE('',*,*,#609,.T.);
#407=ORIENTED_EDGE('',*,*,#610,.T.);
#408=ORIENTED_EDGE('',*,*,#611,.F.);
#409=ORIENTED_EDGE('',*,*,#612,.F.);
#410=ORIENTED_EDGE('',*,*,#602,.F.);
#411=ORIENTED_EDGE('',*,*,#595,.F.);
#412=ORIENTED_EDGE('',*,*,#592,.T.);
#413=ORIENTED_EDGE('',*,*,#611,.T.);
#414=ORIENTED_EDGE('',*,*,#591,.F.);
#415=ORIENTED_EDGE('',*,*,#603,.F.);
#416=ORIENTED_EDGE('',*,*,#613,.F.);
#417=ORIENTED_EDGE('',*,*,#609,.F.);
#418=ORIENTED_EDGE('',*,*,#594,.F.);
#419=ORIENTED_EDGE('',*,*,#599,.T.);
#420=ORIENTED_EDGE('',*,*,#608,.F.);
#421=ORIENTED_EDGE('',*,*,#605,.F.);
#422=ORIENTED_EDGE('',*,*,#606,.T.);
#423=ORIENTED_EDGE('',*,*,#600,.T.);
#424=ORIENTED_EDGE('',*,*,#612,.T.);
#425=ORIENTED_EDGE('',*,*,#610,.F.);
#426=ORIENTED_EDGE('',*,*,#613,.T.);
#427=ORIENTED_EDGE('',*,*,#614,.T.);
#428=ORIENTED_EDGE('',*,*,#615,.T.);
#429=ORIENTED_EDGE('',*,*,#616,.F.);
#430=ORIENTED_EDGE('',*,*,#617,.T.);
#431=ORIENTED_EDGE('',*,*,#618,.T.);
#432=ORIENTED_EDGE('',*,*,#617,.F.);
#433=ORIENTED_EDGE('',*,*,#619,.T.);
#434=ORIENTED_EDGE('',*,*,#620,.T.);
#435=ORIENTED_EDGE('',*,*,#621,.T.);
#436=ORIENTED_EDGE('',*,*,#622,.T.);
#437=ORIENTED_EDGE('',*,*,#623,.F.);
#438=ORIENTED_EDGE('',*,*,#624,.F.);
#439=ORIENTED_EDGE('',*,*,#625,.F.);
#440=ORIENTED_EDGE('',*,*,#620,.F.);
#441=ORIENTED_EDGE('',*,*,#626,.T.);
#442=ORIENTED_EDGE('',*,*,#627,.T.);
#443=ORIENTED_EDGE('',*,*,#628,.T.);
#444=ORIENTED_EDGE('',*,*,#629,.T.);
#445=ORIENTED_EDGE('',*,*,#630,.F.);
#446=ORIENTED_EDGE('',*,*,#628,.F.);
#447=ORIENTED_EDGE('',*,*,#614,.F.);
#448=ORIENTED_EDGE('',*,*,#631,.F.);
#449=ORIENTED_EDGE('',*,*,#621,.F.);
#450=ORIENTED_EDGE('',*,*,#625,.T.);
#451=ORIENTED_EDGE('',*,*,#632,.T.);
#452=ORIENTED_EDGE('',*,*,#622,.F.);
#453=ORIENTED_EDGE('',*,*,#631,.T.);
#454=ORIENTED_EDGE('',*,*,#633,.T.);
#455=ORIENTED_EDGE('',*,*,#634,.T.);
#456=ORIENTED_EDGE('',*,*,#635,.F.);
#457=ORIENTED_EDGE('',*,*,#636,.F.);
#458=ORIENTED_EDGE('',*,*,#626,.F.);
#459=ORIENTED_EDGE('',*,*,#619,.F.);
#460=ORIENTED_EDGE('',*,*,#616,.T.);
#461=ORIENTED_EDGE('',*,*,#635,.T.);
#462=ORIENTED_EDGE('',*,*,#615,.F.);
#463=ORIENTED_EDGE('',*,*,#627,.F.);
#464=ORIENTED_EDGE('',*,*,#637,.F.);
#465=ORIENTED_EDGE('',*,*,#633,.F.);
#466=ORIENTED_EDGE('',*,*,#618,.F.);
#467=ORIENTED_EDGE('',*,*,#623,.T.);
#468=ORIENTED_EDGE('',*,*,#632,.F.);
#469=ORIENTED_EDGE('',*,*,#629,.F.);
#470=ORIENTED_EDGE('',*,*,#630,.T.);
#471=ORIENTED_EDGE('',*,*,#624,.T.);
#472=ORIENTED_EDGE('',*,*,#636,.T.);
#473=ORIENTED_EDGE('',*,*,#634,.F.);
#474=ORIENTED_EDGE('',*,*,#637,.T.);
#475=EDGE_CURVE('',#638,#639,#746,.T.);
#476=EDGE_CURVE('',#638,#640,#747,.T.);
#477=EDGE_CURVE('',#641,#640,#748,.T.);
#478=EDGE_CURVE('',#639,#641,#749,.T.);
#479=EDGE_CURVE('',#642,#643,#750,.T.);
#480=EDGE_CURVE('',#642,#644,#117,.F.);
#481=EDGE_CURVE('',#644,#645,#751,.T.);
#482=EDGE_CURVE('',#643,#645,#118,.T.);
#483=EDGE_CURVE('',#646,#647,#752,.T.);
#484=EDGE_CURVE('',#646,#648,#119,.F.);
#485=EDGE_CURVE('',#648,#649,#753,.T.);
#486=EDGE_CURVE('',#647,#649,#120,.T.);
#487=EDGE_CURVE('',#646,#644,#754,.T.);
#488=EDGE_CURVE('',#647,#645,#755,.T.);
#489=EDGE_CURVE('',#650,#651,#756,.T.);
#490=EDGE_CURVE('',#652,#650,#757,.T.);
#491=EDGE_CURVE('',#653,#652,#758,.T.);
#492=EDGE_CURVE('',#653,#651,#759,.T.);
#493=EDGE_CURVE('',#654,#641,#760,.T.);
#494=EDGE_CURVE('',#654,#655,#56,.T.);
#495=EDGE_CURVE('',#655,#656,#57,.T.);
#496=EDGE_CURVE('',#656,#639,#761,.T.);
#497=EDGE_CURVE('',#656,#657,#58,.T.);
#498=EDGE_CURVE('',#657,#650,#762,.T.);
#499=EDGE_CURVE('',#658,#651,#763,.T.);
#500=EDGE_CURVE('',#659,#658,#764,.T.);
#501=EDGE_CURVE('',#659,#638,#765,.T.);
#502=EDGE_CURVE('',#657,#660,#59,.T.);
#503=EDGE_CURVE('',#661,#660,#766,.T.);
#504=EDGE_CURVE('',#661,#652,#767,.T.);
#505=EDGE_CURVE('',#662,#663,#768,.T.);
#506=EDGE_CURVE('',#663,#664,#60,.T.);
#507=EDGE_CURVE('',#664,#665,#61,.T.);
#508=EDGE_CURVE('',#665,#662,#62,.T.);
#509=EDGE_CURVE('',#666,#667,#63,.T.);
#510=EDGE_CURVE('',#667,#668,#64,.T.);
#511=EDGE_CURVE('',#669,#668,#769,.T.);
#512=EDGE_CURVE('',#669,#666,#65,.T.);
#513=EDGE_CURVE('',#670,#671,#66,.T.);
#514=EDGE_CURVE('',#671,#672,#67,.T.);
#515=EDGE_CURVE('',#643,#672,#770,.T.);
#516=EDGE_CURVE('',#673,#649,#771,.T.);
#517=EDGE_CURVE('',#673,#670,#68,.T.);
#518=EDGE_CURVE('',#674,#675,#772,.T.);
#519=EDGE_CURVE('',#675,#676,#69,.T.);
#520=EDGE_CURVE('',#676,#677,#70,.T.);
#521=EDGE_CURVE('',#677,#674,#71,.T.);
#522=EDGE_CURVE('',#678,#661,#773,.T.);
#523=EDGE_CURVE('',#678,#654,#72,.T.);
#524=EDGE_CURVE('',#679,#640,#774,.T.);
#525=EDGE_CURVE('',#680,#679,#775,.T.);
#526=EDGE_CURVE('',#680,#653,#776,.T.);
#527=EDGE_CURVE('',#681,#681,#121,.F.);
#528=EDGE_CURVE('',#682,#682,#122,.F.);
#529=EDGE_CURVE('',#683,#684,#73,.T.);
#530=EDGE_CURVE('',#684,#678,#74,.T.);
#531=EDGE_CURVE('',#660,#685,#75,.T.);
#532=EDGE_CURVE('',#685,#683,#76,.T.);
#533=EDGE_CURVE('',#672,#675,#77,.T.);
#534=EDGE_CURVE('',#674,#663,#78,.T.);
#535=EDGE_CURVE('',#662,#669,#79,.T.);
#536=EDGE_CURVE('',#668,#673,#80,.T.);
#537=EDGE_CURVE('',#686,#648,#777,.T.);
#538=EDGE_CURVE('',#687,#686,#778,.T.);
#539=EDGE_CURVE('',#687,#688,#779,.T.);
#540=EDGE_CURVE('',#688,#689,#780,.T.);
#541=EDGE_CURVE('',#642,#689,#781,.T.);
#542=EDGE_CURVE('',#690,#689,#782,.T.);
#543=EDGE_CURVE('',#691,#690,#783,.T.);
#544=EDGE_CURVE('',#691,#686,#784,.T.);
#545=EDGE_CURVE('',#680,#658,#785,.T.);
#546=EDGE_CURVE('',#659,#679,#786,.T.);
#547=EDGE_CURVE('',#692,#688,#787,.T.);
#548=EDGE_CURVE('',#693,#687,#788,.T.);
#549=EDGE_CURVE('',#693,#692,#789,.T.);
#550=EDGE_CURVE('',#693,#691,#790,.T.);
#551=EDGE_CURVE('',#692,#690,#791,.T.);
#552=EDGE_CURVE('',#694,#694,#123,.T.);
#553=EDGE_CURVE('',#695,#696,#81,.T.);
#554=EDGE_CURVE('',#697,#695,#82,.T.);
#555=EDGE_CURVE('',#698,#697,#83,.F.);
#556=EDGE_CURVE('',#698,#696,#124,.T.);
#557=EDGE_CURVE('',#699,#698,#34,.T.);
#558=EDGE_CURVE('',#699,#700,#125,.T.);
#559=EDGE_CURVE('',#700,#696,#35,.T.);
#560=EDGE_CURVE('',#701,#702,#84,.T.);
#561=EDGE_CURVE('',#701,#697,#36,.T.);
#562=EDGE_CURVE('',#702,#695,#37,.T.);
#563=EDGE_CURVE('',#702,#700,#85,.T.);
#564=EDGE_CURVE('',#699,#701,#86,.T.);
#565=EDGE_CURVE('',#703,#703,#126,.T.);
#566=EDGE_CURVE('',#704,#705,#87,.T.);
#567=EDGE_CURVE('',#706,#704,#88,.T.);
#568=EDGE_CURVE('',#707,#706,#89,.F.);
#569=EDGE_CURVE('',#707,#705,#127,.T.);
#570=EDGE_CURVE('',#708,#707,#38,.T.);
#571=EDGE_CURVE('',#708,#709,#128,.T.);
#572=EDGE_CURVE('',#709,#705,#39,.T.);
#573=EDGE_CURVE('',#710,#711,#90,.T.);
#574=EDGE_CURVE('',#710,#706,#40,.T.);
#575=EDGE_CURVE('',#711,#704,#41,.T.);
#576=EDGE_CURVE('',#711,#709,#91,.T.);
#577=EDGE_CURVE('',#708,#710,#92,.T.);
#578=EDGE_CURVE('',#664,#712,#93,.T.);
#579=EDGE_CURVE('',#685,#712,#94,.F.);
#580=EDGE_CURVE('',#713,#655,#95,.F.);
#581=EDGE_CURVE('',#713,#665,#96,.T.);
#582=EDGE_CURVE('',#714,#684,#97,.F.);
#583=EDGE_CURVE('',#714,#667,#98,.T.);
#584=EDGE_CURVE('',#666,#713,#99,.T.);
#585=EDGE_CURVE('',#676,#715,#100,.T.);
#586=EDGE_CURVE('',#683,#715,#101,.F.);
#587=EDGE_CURVE('',#712,#677,#102,.T.);
#588=EDGE_CURVE('',#715,#671,#103,.T.);
#589=EDGE_CURVE('',#670,#714,#104,.T.);
#590=EDGE_CURVE('',#716,#717,#42,.T.);
#591=EDGE_CURVE('',#717,#718,#792,.F.);
#592=EDGE_CURVE('',#719,#718,#43,.T.);
#593=EDGE_CURVE('',#719,#720,#129,.T.);
#594=EDGE_CURVE('',#720,#716,#793,.T.);
#595=EDGE_CURVE('',#719,#721,#105,.F.);
#596=EDGE_CURVE('',#721,#722,#106,.T.);
#597=EDGE_CURVE('',#722,#723,#107,.T.);
#598=EDGE_CURVE('',#723,#724,#130,.T.);
#599=EDGE_CURVE('',#720,#724,#794,.T.);
#600=EDGE_CURVE('',#725,#726,#108,.T.);
#601=EDGE_CURVE('',#722,#725,#44,.T.);
#602=EDGE_CURVE('',#721,#726,#45,.T.);
#603=EDGE_CURVE('',#727,#717,#795,.F.);
#604=EDGE_CURVE('',#717,#728,#46,.T.);
#605=EDGE_CURVE('',#728,#727,#131,.F.);
#606=EDGE_CURVE('',#728,#725,#109,.T.);
#607=EDGE_CURVE('',#723,#716,#47,.T.);
#608=EDGE_CURVE('',#718,#724,#796,.F.);
#609=EDGE_CURVE('',#716,#729,#797,.T.);
#610=EDGE_CURVE('',#729,#730,#132,.F.);
#611=EDGE_CURVE('',#718,#730,#48,.T.);
#612=EDGE_CURVE('',#726,#730,#110,.T.);
#613=EDGE_CURVE('',#729,#727,#798,.T.);
#614=EDGE_CURVE('',#731,#732,#49,.T.);
#615=EDGE_CURVE('',#732,#733,#799,.F.);
#616=EDGE_CURVE('',#734,#733,#50,.T.);
#617=EDGE_CURVE('',#734,#735,#133,.T.);
#618=EDGE_CURVE('',#735,#731,#800,.T.);
#619=EDGE_CURVE('',#734,#736,#111,.F.);
#620=EDGE_CURVE('',#736,#737,#112,.T.);
#621=EDGE_CURVE('',#737,#738,#113,.T.);
#622=EDGE_CURVE('',#738,#739,#134,.T.);
#623=EDGE_CURVE('',#735,#739,#801,.T.);
#624=EDGE_CURVE('',#740,#741,#114,.T.);
#625=EDGE_CURVE('',#737,#740,#51,.T.);
#626=EDGE_CURVE('',#736,#741,#52,.T.);
#627=EDGE_CURVE('',#742,#732,#802,.F.);
#628=EDGE_CURVE('',#732,#743,#53,.T.);
#629=EDGE_CURVE('',#743,#742,#135,.F.);
#630=EDGE_CURVE('',#743,#740,#115,.T.);
#631=EDGE_CURVE('',#738,#731,#54,.T.);
#632=EDGE_CURVE('',#733,#739,#803,.F.);
#633=EDGE_CURVE('',#731,#744,#804,.T.);
#634=EDGE_CURVE('',#744,#745,#136,.F.);
#635=EDGE_CURVE('',#733,#745,#55,.T.);
#636=EDGE_CURVE('',#741,#745,#116,.T.);
#637=EDGE_CURVE('',#744,#742,#805,.T.);
#638=VERTEX_POINT('',#1362);
#639=VERTEX_POINT('',#1363);
#640=VERTEX_POINT('',#1365);
#641=VERTEX_POINT('',#1367);
#642=VERTEX_POINT('',#1371);
#643=VERTEX_POINT('',#1372);
#644=VERTEX_POINT('',#1374);
#645=VERTEX_POINT('',#1376);
#646=VERTEX_POINT('',#1380);
#647=VERTEX_POINT('',#1381);
#648=VERTEX_POINT('',#1383);
#649=VERTEX_POINT('',#1385);
#650=VERTEX_POINT('',#1392);
#651=VERTEX_POINT('',#1393);
#652=VERTEX_POINT('',#1395);
#653=VERTEX_POINT('',#1397);
#654=VERTEX_POINT('',#1401);
#655=VERTEX_POINT('',#1406);
#656=VERTEX_POINT('',#1411);
#657=VERTEX_POINT('',#1418);
#658=VERTEX_POINT('',#1421);
#659=VERTEX_POINT('',#1423);
#660=VERTEX_POINT('',#1430);
#661=VERTEX_POINT('',#1432);
#662=VERTEX_POINT('',#1436);
#663=VERTEX_POINT('',#1437);
#664=VERTEX_POINT('',#1442);
#665=VERTEX_POINT('',#1447);
#666=VERTEX_POINT('',#1457);
#667=VERTEX_POINT('',#1458);
#668=VERTEX_POINT('',#1463);
#669=VERTEX_POINT('',#1465);
#670=VERTEX_POINT('',#1475);
#671=VERTEX_POINT('',#1476);
#672=VERTEX_POINT('',#1481);
#673=VERTEX_POINT('',#1484);
#674=VERTEX_POINT('',#1491);
#675=VERTEX_POINT('',#1492);
#676=VERTEX_POINT('',#1497);
#677=VERTEX_POINT('',#1502);
#678=VERTEX_POINT('',#1509);
#679=VERTEX_POINT('',#1515);
#680=VERTEX_POINT('',#1517);
#681=VERTEX_POINT('',#1520);
#682=VERTEX_POINT('',#1522);
#683=VERTEX_POINT('',#1528);
#684=VERTEX_POINT('',#1529);
#685=VERTEX_POINT('',#1538);
#686=VERTEX_POINT('',#1561);
#687=VERTEX_POINT('',#1563);
#688=VERTEX_POINT('',#1565);
#689=VERTEX_POINT('',#1567);
#690=VERTEX_POINT('',#1571);
#691=VERTEX_POINT('',#1573);
#692=VERTEX_POINT('',#1581);
#693=VERTEX_POINT('',#1583);
#694=VERTEX_POINT('',#1592);
#695=VERTEX_POINT('',#1600);
#696=VERTEX_POINT('',#1601);
#697=VERTEX_POINT('',#1606);
#698=VERTEX_POINT('',#1612);
#699=VERTEX_POINT('',#1712);
#700=VERTEX_POINT('',#1714);
#701=VERTEX_POINT('',#2020);
#702=VERTEX_POINT('',#2021);
#703=VERTEX_POINT('',#2445);
#704=VERTEX_POINT('',#2453);
#705=VERTEX_POINT('',#2454);
#706=VERTEX_POINT('',#2459);
#707=VERTEX_POINT('',#2465);
#708=VERTEX_POINT('',#2565);
#709=VERTEX_POINT('',#2567);
#710=VERTEX_POINT('',#2873);
#711=VERTEX_POINT('',#2874);
#712=VERTEX_POINT('',#3308);
#713=VERTEX_POINT('',#3317);
#714=VERTEX_POINT('',#3334);
#715=VERTEX_POINT('',#3355);
#716=VERTEX_POINT('',#3510);
#717=VERTEX_POINT('',#3511);
#718=VERTEX_POINT('',#3513);
#719=VERTEX_POINT('',#3611);
#720=VERTEX_POINT('',#3613);
#721=VERTEX_POINT('',#3621);
#722=VERTEX_POINT('',#3626);
#723=VERTEX_POINT('',#3633);
#724=VERTEX_POINT('',#3635);
#725=VERTEX_POINT('',#3685);
#726=VERTEX_POINT('',#3686);
#727=VERTEX_POINT('',#3883);
#728=VERTEX_POINT('',#3981);
#729=VERTEX_POINT('',#4114);
#730=VERTEX_POINT('',#4116);
#731=VERTEX_POINT('',#4350);
#732=VERTEX_POINT('',#4351);
#733=VERTEX_POINT('',#4353);
#734=VERTEX_POINT('',#4451);
#735=VERTEX_POINT('',#4453);
#736=VERTEX_POINT('',#4461);
#737=VERTEX_POINT('',#4466);
#738=VERTEX_POINT('',#4473);
#739=VERTEX_POINT('',#4475);
#740=VERTEX_POINT('',#4525);
#741=VERTEX_POINT('',#4526);
#742=VERTEX_POINT('',#4723);
#743=VERTEX_POINT('',#4821);
#744=VERTEX_POINT('',#4954);
#745=VERTEX_POINT('',#4956);
#746=LINE('',#1361,#806);
#747=LINE('',#1364,#807);
#748=LINE('',#1366,#808);
#749=LINE('',#1368,#809);
#750=LINE('',#1370,#810);
#751=LINE('',#1375,#811);
#752=LINE('',#1379,#812);
#753=LINE('',#1384,#813);
#754=LINE('',#1388,#814);
#755=LINE('',#1389,#815);
#756=LINE('',#1391,#816);
#757=LINE('',#1394,#817);
#758=LINE('',#1396,#818);
#759=LINE('',#1398,#819);
#760=LINE('',#1400,#820);
#761=LINE('',#1412,#821);
#762=LINE('',#1419,#822);
#763=LINE('',#1420,#823);
#764=LINE('',#1422,#824);
#765=LINE('',#1424,#825);
#766=LINE('',#1431,#826);
#767=LINE('',#1433,#827);
#768=LINE('',#1435,#828);
#769=LINE('',#1464,#829);
#770=LINE('',#1482,#830);
#771=LINE('',#1483,#831);
#772=LINE('',#1490,#832);
#773=LINE('',#1508,#833);
#774=LINE('',#1514,#834);
#775=LINE('',#1516,#835);
#776=LINE('',#1518,#836);
#777=LINE('',#1560,#837);
#778=LINE('',#1562,#838);
#779=LINE('',#1564,#839);
#780=LINE('',#1566,#840);
#781=LINE('',#1568,#841);
#782=LINE('',#1570,#842);
#783=LINE('',#1572,#843);
#784=LINE('',#1574,#844);
#785=LINE('',#1576,#845);
#786=LINE('',#1578,#846);
#787=LINE('',#1580,#847);
#788=LINE('',#1582,#848);
#789=LINE('',#1584,#849);
#790=LINE('',#1586,#850);
#791=LINE('',#1588,#851);
#792=LINE('',#3512,#852);
#793=LINE('',#3614,#853);
#794=LINE('',#3636,#854);
#795=LINE('',#3882,#855);
#796=LINE('',#4112,#856);
#797=LINE('',#4113,#857);
#798=LINE('',#4250,#858);
#799=LINE('',#4352,#859);
#800=LINE('',#4454,#860);
#801=LINE('',#4476,#861);
#802=LINE('',#4722,#862);
#803=LINE('',#4952,#863);
#804=LINE('',#4953,#864);
#805=LINE('',#5090,#865);
#806=VECTOR('',#1177,1.);
#807=VECTOR('',#1178,1.);
#808=VECTOR('',#1179,1.);
#809=VECTOR('',#1180,1.);
#810=VECTOR('',#1183,1.);
#811=VECTOR('',#1186,1.);
#812=VECTOR('',#1191,1.);
#813=VECTOR('',#1194,1.);
#814=VECTOR('',#1199,1.);
#815=VECTOR('',#1200,1.);
#816=VECTOR('',#1203,1.);
#817=VECTOR('',#1204,1.);
#818=VECTOR('',#1205,1.);
#819=VECTOR('',#1206,1.);
#820=VECTOR('',#1209,1.);
#821=VECTOR('',#1210,1.);
#822=VECTOR('',#1213,1.);
#823=VECTOR('',#1214,1.);
#824=VECTOR('',#1215,1.);
#825=VECTOR('',#1216,1.);
#826=VECTOR('',#1219,1.);
#827=VECTOR('',#1220,1.);
#828=VECTOR('',#1223,1.);
#829=VECTOR('',#1226,1.);
#830=VECTOR('',#1229,1.);
#831=VECTOR('',#1230,1.);
#832=VECTOR('',#1233,1.);
#833=VECTOR('',#1236,1.);
#834=VECTOR('',#1237,1.);
#835=VECTOR('',#1238,1.);
#836=VECTOR('',#1239,1.);
#837=VECTOR('',#1248,1.);
#838=VECTOR('',#1249,1.);
#839=VECTOR('',#1250,1.);
#840=VECTOR('',#1251,1.);
#841=VECTOR('',#1252,1.);
#842=VECTOR('',#1255,1.);
#843=VECTOR('',#1256,1.);
#844=VECTOR('',#1257,1.);
#845=VECTOR('',#1260,1.);
#846=VECTOR('',#1263,1.);
#847=VECTOR('',#1266,1.);
#848=VECTOR('',#1267,1.);
#849=VECTOR('',#1268,1.);
#850=VECTOR('',#1271,1.);
#851=VECTOR('',#1274,1.);
#852=VECTOR('',#1307,1.);
#853=VECTOR('',#1310,1.);
#854=VECTOR('',#1315,1.);
#855=VECTOR('',#1318,1.);
#856=VECTOR('',#1323,1.);
#857=VECTOR('',#1324,1.);
#858=VECTOR('',#1329,1.);
#859=VECTOR('',#1334,1.);
#860=VECTOR('',#1337,1.);
#861=VECTOR('',#1342,1.);
#862=VECTOR('',#1345,1.);
#863=VECTOR('',#1350,1.);
#864=VECTOR('',#1351,1.);
#865=VECTOR('',#1356,1.);
#866=EDGE_LOOP('',(#149,#150,#151,#152));
#867=EDGE_LOOP('',(#153,#154,#155,#156));
#868=EDGE_LOOP('',(#157,#158,#159,#160));
#869=EDGE_LOOP('',(#161,#162,#163,#164));
#870=EDGE_LOOP('',(#165,#166,#167,#168));
#871=EDGE_LOOP('',(#169,#170,#171,#172,#173));
#872=EDGE_LOOP('',(#174,#175,#176,#177,#178,#179,#180,#181));
#873=EDGE_LOOP('',(#182,#183,#184,#185,#186));
#874=EDGE_LOOP('',(#187,#188,#189,#190));
#875=EDGE_LOOP('',(#191,#192,#193,#194));
#876=EDGE_LOOP('',(#195,#196,#197,#198,#199,#200,#201,#202));
#877=EDGE_LOOP('',(#203,#204,#205,#206));
#878=EDGE_LOOP('',(#207,#208,#209,#210,#211,#212,#213,#214,#215));
#879=EDGE_LOOP('',(#216));
#880=EDGE_LOOP('',(#217));
#881=EDGE_LOOP('',(#218,#219,#220,#221,#222,#223));
#882=EDGE_LOOP('',(#224,#225,#226,#227,#228,#229,#230,#231,#232,#233,#234,
#235,#236,#237,#238,#239));
#883=EDGE_LOOP('',(#240,#241,#242,#243,#244,#245,#246,#247));
#884=EDGE_LOOP('',(#248,#249,#250,#251));
#885=EDGE_LOOP('',(#252,#253,#254,#255));
#886=EDGE_LOOP('',(#256,#257,#258,#259));
#887=EDGE_LOOP('',(#260,#261,#262,#263));
#888=EDGE_LOOP('',(#264,#265,#266,#267));
#889=EDGE_LOOP('',(#268,#269,#270,#271));
#890=EDGE_LOOP('',(#272,#273,#274,#275));
#891=EDGE_LOOP('',(#276));
#892=EDGE_LOOP('',(#277));
#893=EDGE_LOOP('',(#278));
#894=EDGE_LOOP('',(#279,#280,#281,#282));
#895=EDGE_LOOP('',(#283,#284,#285,#286));
#896=EDGE_LOOP('',(#287,#288,#289,#290));
#897=EDGE_LOOP('',(#291,#292,#293,#294));
#898=EDGE_LOOP('',(#295,#296,#297,#298));
#899=EDGE_LOOP('',(#299,#300,#301,#302));
#900=EDGE_LOOP('',(#303));
#901=EDGE_LOOP('',(#304));
#902=EDGE_LOOP('',(#305));
#903=EDGE_LOOP('',(#306,#307,#308,#309));
#904=EDGE_LOOP('',(#310,#311,#312,#313));
#905=EDGE_LOOP('',(#314,#315,#316,#317));
#906=EDGE_LOOP('',(#318,#319,#320,#321));
#907=EDGE_LOOP('',(#322,#323,#324,#325));
#908=EDGE_LOOP('',(#326,#327,#328,#329));
#909=EDGE_LOOP('',(#330,#331,#332,#333,#334,#335,#336,#337,#338));
#910=EDGE_LOOP('',(#339,#340,#341,#342,#343,#344,#345,#346));
#911=EDGE_LOOP('',(#347,#348,#349,#350,#351,#352));
#912=EDGE_LOOP('',(#353,#354,#355,#356,#357,#358));
#913=EDGE_LOOP('',(#359,#360,#361,#362,#363));
#914=EDGE_LOOP('',(#364,#365,#366,#367,#368));
#915=EDGE_LOOP('',(#369,#370,#371,#372,#373));
#916=EDGE_LOOP('',(#374,#375,#376,#377,#378));
#917=EDGE_LOOP('',(#379,#380,#381,#382,#383));
#918=EDGE_LOOP('',(#384,#385,#386,#387,#388,#389));
#919=EDGE_LOOP('',(#390,#391,#392,#393));
#920=EDGE_LOOP('',(#394,#395,#396));
#921=EDGE_LOOP('',(#397,#398,#399,#400,#401,#402));
#922=EDGE_LOOP('',(#403,#404,#405,#406,#407,#408));
#923=EDGE_LOOP('',(#409,#410,#411,#412,#413));
#924=EDGE_LOOP('',(#414,#415,#416,#417,#418,#419,#420));
#925=EDGE_LOOP('',(#421,#422,#423,#424,#425,#426));
#926=EDGE_LOOP('',(#427,#428,#429,#430,#431));
#927=EDGE_LOOP('',(#432,#433,#434,#435,#436,#437));
#928=EDGE_LOOP('',(#438,#439,#440,#441));
#929=EDGE_LOOP('',(#442,#443,#444));
#930=EDGE_LOOP('',(#445,#446,#447,#448,#449,#450));
#931=EDGE_LOOP('',(#451,#452,#453,#454,#455,#456));
#932=EDGE_LOOP('',(#457,#458,#459,#460,#461));
#933=EDGE_LOOP('',(#462,#463,#464,#465,#466,#467,#468));
#934=EDGE_LOOP('',(#469,#470,#471,#472,#473,#474));
#935=FACE_BOUND('',#866,.T.);
#936=FACE_BOUND('',#867,.T.);
#937=FACE_BOUND('',#868,.T.);
#938=FACE_BOUND('',#869,.T.);
#939=FACE_BOUND('',#870,.T.);
#940=FACE_BOUND('',#871,.T.);
#941=FACE_BOUND('',#872,.T.);
#942=FACE_BOUND('',#873,.T.);
#943=FACE_BOUND('',#874,.T.);
#944=FACE_BOUND('',#875,.T.);
#945=FACE_BOUND('',#876,.T.);
#946=FACE_BOUND('',#877,.T.);
#947=FACE_BOUND('',#878,.T.);
#948=FACE_BOUND('',#879,.T.);
#949=FACE_BOUND('',#880,.T.);
#950=FACE_BOUND('',#881,.T.);
#951=FACE_BOUND('',#882,.T.);
#952=FACE_BOUND('',#883,.T.);
#953=FACE_BOUND('',#884,.T.);
#954=FACE_BOUND('',#885,.T.);
#955=FACE_BOUND('',#886,.T.);
#956=FACE_BOUND('',#887,.T.);
#957=FACE_BOUND('',#888,.T.);
#958=FACE_BOUND('',#889,.T.);
#959=FACE_BOUND('',#890,.T.);
#960=FACE_BOUND('',#891,.T.);
#961=FACE_BOUND('',#892,.T.);
#962=FACE_BOUND('',#893,.T.);
#963=FACE_BOUND('',#894,.T.);
#964=FACE_BOUND('',#895,.T.);
#965=FACE_BOUND('',#896,.T.);
#966=FACE_BOUND('',#897,.T.);
#967=FACE_BOUND('',#898,.T.);
#968=FACE_BOUND('',#899,.T.);
#969=FACE_BOUND('',#900,.T.);
#970=FACE_BOUND('',#901,.T.);
#971=FACE_BOUND('',#902,.T.);
#972=FACE_BOUND('',#903,.T.);
#973=FACE_BOUND('',#904,.T.);
#974=FACE_BOUND('',#905,.T.);
#975=FACE_BOUND('',#906,.T.);
#976=FACE_BOUND('',#907,.T.);
#977=FACE_BOUND('',#908,.T.);
#978=FACE_BOUND('',#909,.T.);
#979=FACE_BOUND('',#910,.T.);
#980=FACE_BOUND('',#911,.T.);
#981=FACE_BOUND('',#912,.T.);
#982=FACE_BOUND('',#913,.T.);
#983=FACE_BOUND('',#914,.T.);
#984=FACE_BOUND('',#915,.T.);
#985=FACE_BOUND('',#916,.T.);
#986=FACE_BOUND('',#917,.T.);
#987=FACE_BOUND('',#918,.T.);
#988=FACE_BOUND('',#919,.T.);
#989=FACE_BOUND('',#920,.T.);
#990=FACE_BOUND('',#921,.T.);
#991=FACE_BOUND('',#922,.T.);
#992=FACE_BOUND('',#923,.T.);
#993=FACE_BOUND('',#924,.T.);
#994=FACE_BOUND('',#925,.T.);
#995=FACE_BOUND('',#926,.T.);
#996=FACE_BOUND('',#927,.T.);
#997=FACE_BOUND('',#928,.T.);
#998=FACE_BOUND('',#929,.T.);
#999=FACE_BOUND('',#930,.T.);
#1000=FACE_BOUND('',#931,.T.);
#1001=FACE_BOUND('',#932,.T.);
#1002=FACE_BOUND('',#933,.T.);
#1003=FACE_BOUND('',#934,.T.);
#1004=PLANE('',#1111);
#1005=PLANE('',#1118);
#1006=PLANE('',#1119);
#1007=PLANE('',#1120);
#1008=PLANE('',#1121);
#1009=PLANE('',#1122);
#1010=PLANE('',#1123);
#1011=PLANE('',#1124);
#1012=PLANE('',#1125);
#1013=PLANE('',#1126);
#1014=PLANE('',#1127);
#1015=PLANE('',#1130);
#1016=PLANE('',#1131);
#1017=PLANE('',#1132);
#1018=PLANE('',#1133);
#1019=PLANE('',#1134);
#1020=PLANE('',#1135);
#1021=PLANE('',#1136);
#1022=PLANE('',#1137);
#1023=PLANE('',#1138);
#1024=PLANE('',#1141);
#1025=PLANE('',#1145);
#1026=PLANE('',#1148);
#1027=PLANE('',#1152);
#1028=PLANE('',#1155);
#1029=PLANE('',#1161);
#1030=PLANE('',#1162);
#1031=PLANE('',#1165);
#1032=PLANE('',#1171);
#1033=PLANE('',#1172);
#1034=ADVANCED_FACE('',(#935),#1004,.T.);
#1035=ADVANCED_FACE('',(#936),#137,.T.);
#1036=ADVANCED_FACE('',(#937),#138,.T.);
#1037=ADVANCED_FACE('',(#938),#1005,.T.);
#1038=ADVANCED_FACE('',(#939),#1006,.T.);
#1039=ADVANCED_FACE('',(#940),#1007,.F.);
#1040=ADVANCED_FACE('',(#941),#1008,.T.);
#1041=ADVANCED_FACE('',(#942),#1009,.F.);
#1042=ADVANCED_FACE('',(#943),#1010,.F.);
#1043=ADVANCED_FACE('',(#944),#1011,.T.);
#1044=ADVANCED_FACE('',(#945),#1012,.T.);
#1045=ADVANCED_FACE('',(#946),#1013,.F.);
#1046=ADVANCED_FACE('',(#947,#948,#949),#1014,.F.);
#1047=ADVANCED_FACE('',(#950),#1015,.F.);
#1048=ADVANCED_FACE('',(#951),#1016,.T.);
#1049=ADVANCED_FACE('',(#952),#1017,.F.);
#1050=ADVANCED_FACE('',(#953),#1018,.T.);
#1051=ADVANCED_FACE('',(#954),#1019,.T.);
#1052=ADVANCED_FACE('',(#955),#1020,.T.);
#1053=ADVANCED_FACE('',(#956),#1021,.F.);
#1054=ADVANCED_FACE('',(#957),#1022,.T.);
#1055=ADVANCED_FACE('',(#958,#959),#1023,.T.);
#1056=ADVANCED_FACE('',(#960,#961),#139,.T.);
#1057=ADVANCED_FACE('',(#962,#963),#1024,.F.);
#1058=ADVANCED_FACE('',(#964),#140,.F.);
#1059=ADVANCED_FACE('',(#965),#22,.F.);
#1060=ADVANCED_FACE('',(#966),#23,.F.);
#1061=ADVANCED_FACE('',(#967),#24,.F.);
#1062=ADVANCED_FACE('',(#968),#1025,.F.);
#1063=ADVANCED_FACE('',(#969,#970),#141,.T.);
#1064=ADVANCED_FACE('',(#971,#972),#1026,.F.);
#1065=ADVANCED_FACE('',(#973),#142,.F.);
#1066=ADVANCED_FACE('',(#974),#25,.F.);
#1067=ADVANCED_FACE('',(#975),#26,.F.);
#1068=ADVANCED_FACE('',(#976),#27,.F.);
#1069=ADVANCED_FACE('',(#977),#1027,.F.);
#1070=ADVANCED_FACE('',(#978),#14,.T.);
#1071=ADVANCED_FACE('',(#979),#15,.T.);
#1072=ADVANCED_FACE('',(#980),#16,.T.);
#1073=ADVANCED_FACE('',(#981),#17,.T.);
#1074=ADVANCED_FACE('',(#982),#18,.T.);
#1075=ADVANCED_FACE('',(#983),#19,.T.);
#1076=ADVANCED_FACE('',(#984),#20,.T.);
#1077=ADVANCED_FACE('',(#985),#21,.T.);
#1078=ADVANCED_FACE('',(#986),#143,.F.);
#1079=ADVANCED_FACE('',(#987),#1028,.F.);
#1080=ADVANCED_FACE('',(#988),#28,.F.);
#1081=ADVANCED_FACE('',(#989),#144,.T.);
#1082=ADVANCED_FACE('',(#990),#29,.F.);
#1083=ADVANCED_FACE('',(#991),#145,.T.);
#1084=ADVANCED_FACE('',(#992),#30,.F.);
#1085=ADVANCED_FACE('',(#993),#1029,.T.);
#1086=ADVANCED_FACE('',(#994),#1030,.F.);
#1087=ADVANCED_FACE('',(#995),#146,.F.);
#1088=ADVANCED_FACE('',(#996),#1031,.F.);
#1089=ADVANCED_FACE('',(#997),#31,.F.);
#1090=ADVANCED_FACE('',(#998),#147,.T.);
#1091=ADVANCED_FACE('',(#999),#32,.F.);
#1092=ADVANCED_FACE('',(#1000),#148,.T.);
#1093=ADVANCED_FACE('',(#1001),#33,.F.);
#1094=ADVANCED_FACE('',(#1002),#1032,.T.);
#1095=ADVANCED_FACE('',(#1003),#1033,.F.);
#1096=CLOSED_SHELL('',(#1034,#1035,#1036,#1037,#1038,#1039,#1040,#1041,
#1042,#1043,#1044,#1045,#1046,#1047,#1048,#1049,#1050,#1051,#1052,#1053,
#1054,#1055,#1056,#1057,#1058,#1059,#1060,#1061,#1062,#1063,#1064,#1065,
#1066,#1067,#1068,#1069,#1070,#1071,#1072,#1073,#1074,#1075,#1076,#1077));
#1097=CLOSED_SHELL('',(#1078,#1079,#1080,#1081,#1082,#1083,#1084,#1085,
#1086));
#1098=CLOSED_SHELL('',(#1087,#1088,#1089,#1090,#1091,#1092,#1093,#1094,
#1095));
#1099=STYLED_ITEM('',(#1100),#1107);
#1100=PRESENTATION_STYLE_ASSIGNMENT((#1101));
#1101=SURFACE_STYLE_USAGE(.BOTH.,#1102);
#1102=SURFACE_SIDE_STYLE('',(#1103));
#1103=SURFACE_STYLE_FILL_AREA(#1104);
#1104=FILL_AREA_STYLE('',(#1105));
#1105=FILL_AREA_STYLE_COLOUR('',#1106);
#1106=COLOUR_RGB('',0.972549019607843,0.972549019607843,0.972549019607843);
#1107=BREP_WITH_VOIDS('PiCover',#1096,(#12,#13));
#1108=SHAPE_DEFINITION_REPRESENTATION(#5098,#1109);
#1109=SHAPE_REPRESENTATION('PiCover',(#1110),#5093);
#1110=AXIS2_PLACEMENT_3D('',#1359,#1173,#1174);
#1111=AXIS2_PLACEMENT_3D('',#1360,#1175,#1176);
#1112=AXIS2_PLACEMENT_3D('',#1369,#1181,#1182);
#1113=AXIS2_PLACEMENT_3D('',#1373,#1184,#1185);
#1114=AXIS2_PLACEMENT_3D('',#1377,#1187,#1188);
#1115=AXIS2_PLACEMENT_3D('',#1378,#1189,#1190);
#1116=AXIS2_PLACEMENT_3D('',#1382,#1192,#1193);
#1117=AXIS2_PLACEMENT_3D('',#1386,#1195,#1196);
#1118=AXIS2_PLACEMENT_3D('',#1387,#1197,#1198);
#1119=AXIS2_PLACEMENT_3D('',#1390,#1201,#1202);
#1120=AXIS2_PLACEMENT_3D('',#1399,#1207,#1208);
#1121=AXIS2_PLACEMENT_3D('',#1413,#1211,#1212);
#1122=AXIS2_PLACEMENT_3D('',#1425,#1217,#1218);
#1123=AXIS2_PLACEMENT_3D('',#1434,#1221,#1222);
#1124=AXIS2_PLACEMENT_3D('',#1452,#1224,#1225);
#1125=AXIS2_PLACEMENT_3D('',#1470,#1227,#1228);
#1126=AXIS2_PLACEMENT_3D('',#1489,#1231,#1232);
#1127=AXIS2_PLACEMENT_3D('',#1507,#1234,#1235);
#1128=AXIS2_PLACEMENT_3D('',#1519,#1240,#1241);
#1129=AXIS2_PLACEMENT_3D('',#1521,#1242,#1243);
#1130=AXIS2_PLACEMENT_3D('',#1523,#1244,#1245);
#1131=AXIS2_PLACEMENT_3D('',#1543,#1246,#1247);
#1132=AXIS2_PLACEMENT_3D('',#1569,#1253,#1254);
#1133=AXIS2_PLACEMENT_3D('',#1575,#1258,#1259);
#1134=AXIS2_PLACEMENT_3D('',#1577,#1261,#1262);
#1135=AXIS2_PLACEMENT_3D('',#1579,#1264,#1265);
#1136=AXIS2_PLACEMENT_3D('',#1585,#1269,#1270);
#1137=AXIS2_PLACEMENT_3D('',#1587,#1272,#1273);
#1138=AXIS2_PLACEMENT_3D('',#1589,#1275,#1276);
#1139=AXIS2_PLACEMENT_3D('',#1590,#1277,#1278);
#1140=AXIS2_PLACEMENT_3D('',#1591,#1279,#1280);
#1141=AXIS2_PLACEMENT_3D('',#1593,#1281,#1282);
#1142=AXIS2_PLACEMENT_3D('',#1613,#1283,#1284);
#1143=AXIS2_PLACEMENT_3D('',#1614,#1285,#1286);
#1144=AXIS2_PLACEMENT_3D('',#1713,#1287,#1288);
#1145=AXIS2_PLACEMENT_3D('',#2442,#1289,#1290);
#1146=AXIS2_PLACEMENT_3D('',#2443,#1291,#1292);
#1147=AXIS2_PLACEMENT_3D('',#2444,#1293,#1294);
#1148=AXIS2_PLACEMENT_3D('',#2446,#1295,#1296);
#1149=AXIS2_PLACEMENT_3D('',#2466,#1297,#1298);
#1150=AXIS2_PLACEMENT_3D('',#2467,#1299,#1300);
#1151=AXIS2_PLACEMENT_3D('',#2566,#1301,#1302);
#1152=AXIS2_PLACEMENT_3D('',#3295,#1303,#1304);
#1153=AXIS2_PLACEMENT_3D('',#3412,#1305,#1306);
#1154=AXIS2_PLACEMENT_3D('',#3612,#1308,#1309);
#1155=AXIS2_PLACEMENT_3D('',#3615,#1311,#1312);
#1156=AXIS2_PLACEMENT_3D('',#3634,#1313,#1314);
#1157=AXIS2_PLACEMENT_3D('',#3881,#1316,#1317);
#1158=AXIS2_PLACEMENT_3D('',#3982,#1319,#1320);
#1159=AXIS2_PLACEMENT_3D('',#4111,#1321,#1322);
#1160=AXIS2_PLACEMENT_3D('',#4115,#1325,#1326);
#1161=AXIS2_PLACEMENT_3D('',#4249,#1327,#1328);
#1162=AXIS2_PLACEMENT_3D('',#4251,#1330,#1331);
#1163=AXIS2_PLACEMENT_3D('',#4252,#1332,#1333);
#1164=AXIS2_PLACEMENT_3D('',#4452,#1335,#1336);
#1165=AXIS2_PLACEMENT_3D('',#4455,#1338,#1339);
#1166=AXIS2_PLACEMENT_3D('',#4474,#1340,#1341);
#1167=AXIS2_PLACEMENT_3D('',#4721,#1343,#1344);
#1168=AXIS2_PLACEMENT_3D('',#4822,#1346,#1347);
#1169=AXIS2_PLACEMENT_3D('',#4951,#1348,#1349);
#1170=AXIS2_PLACEMENT_3D('',#4955,#1352,#1353);
#1171=AXIS2_PLACEMENT_3D('',#5089,#1354,#1355);
#1172=AXIS2_PLACEMENT_3D('',#5091,#1357,#1358);
#1173=DIRECTION('',(0.,0.,1.));
#1174=DIRECTION('',(1.,0.,0.));
#1175=DIRECTION('',(0.,-1.,0.));
#1176=DIRECTION('',(1.,0.,0.));
#1177=DIRECTION('',(1.72128066712579E-16,0.,-1.));
#1178=DIRECTION('',(-1.,0.,0.));
#1179=DIRECTION('',(0.,0.,1.));
#1180=DIRECTION('',(-1.,0.,0.));
#1181=DIRECTION('',(-1.,0.,0.));
#1182=DIRECTION('',(0.,0.,1.));
#1183=DIRECTION('',(-1.,0.,0.));
#1184=DIRECTION('',(1.,0.,1.15473577278326E-16));
#1185=DIRECTION('',(1.15473577278326E-16,0.,-1.));
#1186=DIRECTION('',(-1.,0.,0.));
#1187=DIRECTION('',(-1.,0.,0.));
#1188=DIRECTION('',(0.,0.,1.));
#1189=DIRECTION('',(-1.,0.,0.));
#1190=DIRECTION('',(0.,0.,1.));
#1191=DIRECTION('',(-1.,0.,0.));
#1192=DIRECTION('',(1.,0.,1.15473577278326E-16));
#1193=DIRECTION('',(1.15473577278326E-16,0.,-1.));
#1194=DIRECTION('',(-1.,0.,0.));
#1195=DIRECTION('',(-1.,0.,0.));
#1196=DIRECTION('',(0.,0.,1.));
#1197=DIRECTION('',(0.,-1.,0.));
#1198=DIRECTION('',(1.,0.,0.));
#1199=DIRECTION('',(3.04430340097404E-16,0.,-1.));
#1200=DIRECTION('',(3.06163788689674E-16,0.,-1.));
#1201=DIRECTION('',(0.,-1.,0.));
#1202=DIRECTION('',(1.,0.,0.));
#1203=DIRECTION('',(1.72128066712579E-16,0.,-1.));
#1204=DIRECTION('',(1.,0.,0.));
#1205=DIRECTION('',(0.,0.,1.));
#1206=DIRECTION('',(1.,0.,0.));
#1207=DIRECTION('',(0.,0.,1.));
#1208=DIRECTION('',(1.,0.,0.));
#1209=DIRECTION('',(0.,-1.,0.));
#1210=DIRECTION('',(0.,-1.,0.));
#1211=DIRECTION('',(-1.,0.,-2.79096368108245E-16));
#1212=DIRECTION('',(-2.79096368108245E-16,0.,1.));
#1213=DIRECTION('',(0.,-1.,0.));
#1214=DIRECTION('',(0.,1.,0.));
#1215=DIRECTION('',(1.72128066712579E-16,0.,-1.));
#1216=DIRECTION('',(0.,1.,0.));
#1217=DIRECTION('',(0.,0.,-1.));
#1218=DIRECTION('',(-1.,0.,0.));
#1219=DIRECTION('',(1.,0.,0.));
#1220=DIRECTION('',(0.,-1.,0.));
#1221=DIRECTION('',(-1.,0.,-3.27984014246869E-16));
#1222=DIRECTION('',(-3.27984014246869E-16,0.,1.));
#1223=DIRECTION('',(3.27984014246869E-16,0.,-1.));
#1224=DIRECTION('',(0.,0.,1.));
#1225=DIRECTION('',(1.,0.,0.));
#1226=DIRECTION('',(-1.,0.,0.));
#1227=DIRECTION('',(-1.,0.,-3.06163788689674E-16));
#1228=DIRECTION('',(-3.06163788689674E-16,0.,1.));
#1229=DIRECTION('',(3.06163788689674E-16,0.,-1.));
#1230=DIRECTION('',(3.06163788689674E-16,0.,-1.));
#1231=DIRECTION('',(0.,0.,1.));
#1232=DIRECTION('',(1.,0.,0.));
#1233=DIRECTION('',(-1.,0.,0.));
#1234=DIRECTION('',(-1.,0.,-2.96539891115011E-16));
#1235=DIRECTION('',(-2.96539891115011E-16,0.,1.));
#1236=DIRECTION('',(2.96539891115011E-16,0.,-1.));
#1237=DIRECTION('',(0.,1.,0.));
#1238=DIRECTION('',(0.,0.,1.));
#1239=DIRECTION('',(0.,1.,0.));
#1240=DIRECTION('',(-1.,0.,0.));
#1241=DIRECTION('',(0.,0.,1.));
#1242=DIRECTION('',(-1.,0.,0.));
#1243=DIRECTION('',(0.,0.,1.));
#1244=DIRECTION('',(0.,-1.,0.));
#1245=DIRECTION('',(1.,0.,0.));
#1246=DIRECTION('',(0.,-1.,0.));
#1247=DIRECTION('',(1.,0.,0.));
#1248=DIRECTION('',(3.04430340097404E-16,0.,-1.));
#1249=DIRECTION('',(-1.,0.,0.));
#1250=DIRECTION('',(2.21278996654726E-16,0.,-1.));
#1251=DIRECTION('',(-1.,0.,0.));
#1252=DIRECTION('',(3.04430340097404E-16,0.,-1.));
#1253=DIRECTION('',(1.,0.,1.15473577278326E-16));
#1254=DIRECTION('',(1.15473577278326E-16,0.,-1.));
#1255=DIRECTION('',(0.,1.,0.));
#1256=DIRECTION('',(1.15473577278326E-16,0.,-1.));
#1257=DIRECTION('',(0.,1.,0.));
#1258=DIRECTION('',(0.,0.,1.));
#1259=DIRECTION('',(1.,0.,0.));
#1260=DIRECTION('',(1.,0.,0.));
#1261=DIRECTION('',(0.,0.,-1.));
#1262=DIRECTION('',(-1.,0.,0.));
#1263=DIRECTION('',(-1.,0.,0.));
#1264=DIRECTION('',(1.,0.,1.67961566950292E-16));
#1265=DIRECTION('',(1.67961566950292E-16,0.,-1.));
#1266=DIRECTION('',(0.,1.,0.));
#1267=DIRECTION('',(0.,1.,0.));
#1268=DIRECTION('',(1.67961566950292E-16,0.,-1.));
#1269=DIRECTION('',(0.,0.,-1.));
#1270=DIRECTION('',(-1.,0.,0.));
#1271=DIRECTION('',(-1.,0.,0.));
#1272=DIRECTION('',(0.,0.,-1.));
#1273=DIRECTION('',(-1.,0.,0.));
#1274=DIRECTION('',(-1.,0.,0.));
#1275=DIRECTION('',(0.,-1.,0.));
#1276=DIRECTION('',(1.,0.,0.));
#1277=DIRECTION('',(-1.,0.,0.));
#1278=DIRECTION('',(0.,0.,1.));
#1279=DIRECTION('',(-1.,0.,0.));
#1280=DIRECTION('',(0.,0.,1.));
#1281=DIRECTION('',(-1.,0.,0.));
#1282=DIRECTION('',(0.,-1.,0.));
#1283=DIRECTION('',(-1.,0.,0.));
#1284=DIRECTION('',(0.,-1.,0.));
#1285=DIRECTION('',(1.,0.,0.));
#1286=DIRECTION('',(0.,0.,-1.));
#1287=DIRECTION('',(-1.,0.,0.));
#1288=DIRECTION('',(0.,0.,1.));
#1289=DIRECTION('',(-1.,0.,0.));
#1290=DIRECTION('',(0.,0.,1.));
#1291=DIRECTION('',(-1.,0.,0.));
#1292=DIRECTION('',(0.,0.,1.));
#1293=DIRECTION('',(-1.,0.,0.));
#1294=DIRECTION('',(0.,0.,1.));
#1295=DIRECTION('',(-1.,0.,0.));
#1296=DIRECTION('',(0.,-1.,0.));
#1297=DIRECTION('',(-1.,0.,0.));
#1298=DIRECTION('',(0.,-1.,0.));
#1299=DIRECTION('',(1.,0.,0.));
#1300=DIRECTION('',(0.,0.,-1.));
#1301=DIRECTION('',(-1.,0.,0.));
#1302=DIRECTION('',(0.,0.,1.));
#1303=DIRECTION('',(-1.,0.,0.));
#1304=DIRECTION('',(0.,0.,1.));
#1305=DIRECTION('',(1.,0.,0.));
#1306=DIRECTION('',(0.,0.,-1.));
#1307=DIRECTION('',(1.,0.,0.));
#1308=DIRECTION('',(-1.,0.,0.));
#1309=DIRECTION('',(0.,-1.,0.));
#1310=DIRECTION('',(1.,0.,0.));
#1311=DIRECTION('',(-1.,0.,0.));
#1312=DIRECTION('',(0.,-1.,0.));
#1313=DIRECTION('',(-1.,0.,0.));
#1314=DIRECTION('',(0.,0.,1.));
#1315=DIRECTION('',(0.,0.,-1.));
#1316=DIRECTION('',(1.,0.,0.));
#1317=DIRECTION('',(0.,0.,-1.));
#1318=DIRECTION('',(1.,0.,0.));
#1319=DIRECTION('',(1.,0.,3.04430340097404E-16));
#1320=DIRECTION('',(3.04430340097404E-16,0.,-1.));
#1321=DIRECTION('',(1.,0.,0.));
#1322=DIRECTION('',(0.,0.,-1.));
#1323=DIRECTION('',(1.,0.,0.));
#1324=DIRECTION('',(1.,0.,0.));
#1325=DIRECTION('',(1.,0.,3.04430340097404E-16));
#1326=DIRECTION('',(3.04430340097404E-16,0.,-1.));
#1327=DIRECTION('',(0.,-1.,0.));
#1328=DIRECTION('',(1.,0.,0.));
#1329=DIRECTION('',(3.04430340097404E-16,0.,-1.));
#1330=DIRECTION('',(1.,0.,1.15473577278326E-16));
#1331=DIRECTION('',(1.15473577278326E-16,0.,-1.));
#1332=DIRECTION('',(1.,0.,0.));
#1333=DIRECTION('',(0.,0.,-1.));
#1334=DIRECTION('',(1.,0.,0.));
#1335=DIRECTION('',(-1.,0.,0.));
#1336=DIRECTION('',(0.,-1.,0.));
#1337=DIRECTION('',(1.,0.,0.));
#1338=DIRECTION('',(-1.,0.,0.));
#1339=DIRECTION('',(0.,-1.,0.));
#1340=DIRECTION('',(-1.,0.,0.));
#1341=DIRECTION('',(0.,0.,1.));
#1342=DIRECTION('',(0.,0.,-1.));
#1343=DIRECTION('',(1.,0.,0.));
#1344=DIRECTION('',(0.,0.,-1.));
#1345=DIRECTION('',(1.,0.,0.));
#1346=DIRECTION('',(1.,0.,3.04430340097404E-16));
#1347=DIRECTION('',(3.04430340097404E-16,0.,-1.));
#1348=DIRECTION('',(1.,0.,0.));
#1349=DIRECTION('',(0.,0.,-1.));
#1350=DIRECTION('',(1.,0.,0.));
#1351=DIRECTION('',(1.,0.,0.));
#1352=DIRECTION('',(1.,0.,3.04430340097404E-16));
#1353=DIRECTION('',(3.04430340097404E-16,0.,-1.));
#1354=DIRECTION('',(0.,-1.,0.));
#1355=DIRECTION('',(1.,0.,0.));
#1356=DIRECTION('',(3.04430340097404E-16,0.,-1.));
#1357=DIRECTION('',(1.,0.,1.15473577278326E-16));
#1358=DIRECTION('',(1.15473577278326E-16,0.,-1.));
#1359=CARTESIAN_POINT('',(0.,0.,0.));
#1360=CARTESIAN_POINT('',(0.0150627340739529,0.0764,0.204653073774879));
#1361=CARTESIAN_POINT('',(0.0291277458614412,0.0764,0.204653073774879));
#1362=CARTESIAN_POINT('',(0.0291277458614412,0.0764,0.224809269206661));
#1363=CARTESIAN_POINT('',(0.0291277458614412,0.0764,0.223813146615684));
#1364=CARTESIAN_POINT('',(0.00337774586144154,0.0764,0.224809269206661));
#1365=CARTESIAN_POINT('',(0.00312774586144154,0.0764,0.224809269206661));
#1366=CARTESIAN_POINT('',(0.00312774586144154,0.0764,0.204653073774879));
#1367=CARTESIAN_POINT('',(0.00312774586144154,0.0764,0.223813146615684));
#1368=CARTESIAN_POINT('',(0.0161277458614414,0.0764,0.223813146615684));
#1369=CARTESIAN_POINT('',(0.00199772228646443,0.0657530801535773,0.188421334160489));
#1370=CARTESIAN_POINT('',(0.00199772228646443,0.0654,0.18544218421375));
#1371=CARTESIAN_POINT('',(0.00262774586144155,0.0654,0.18544218421375));
#1372=CARTESIAN_POINT('',(-2.27771353557282E-6,0.0654,0.18544218421375));
#1373=CARTESIAN_POINT('',(0.00262774586144155,0.0657530801535773,0.188421334160489));
#1374=CARTESIAN_POINT('',(0.00262774586144155,0.0654,0.191400484107227));
#1375=CARTESIAN_POINT('',(0.00199772228646443,0.0654,0.191400484107227));
#1376=CARTESIAN_POINT('',(-2.27771353556552E-6,0.0654,0.191400484107227));
#1377=CARTESIAN_POINT('',(-2.27771353557282E-6,0.0657530801535773,0.188421334160489));
#1378=CARTESIAN_POINT('',(0.00199772228646443,0.0657530801535164,0.211421334160489));
#1379=CARTESIAN_POINT('',(0.00199772228646443,0.0654,0.208442184213743));
#1380=CARTESIAN_POINT('',(0.00262774586144154,0.0654,0.208442184213743));
#1381=CARTESIAN_POINT('',(-2.27771353557282E-6,0.0654,0.208442184213743));
#1382=CARTESIAN_POINT('',(0.00262774586144154,0.0657530801535164,0.211421334160489));
#1383=CARTESIAN_POINT('',(0.00262774586144154,0.0654,0.214400484107235));
#1384=CARTESIAN_POINT('',(0.00199772228646443,0.0654,0.214400484107235));
#1385=CARTESIAN_POINT('',(-2.27771353557256E-6,0.0654,0.214400484107235));
#1386=CARTESIAN_POINT('',(-2.27771353557282E-6,0.0657530801535164,0.211421334160489));
#1387=CARTESIAN_POINT('',(0.0150627340739529,0.0654,0.204653073774879));
#1388=CARTESIAN_POINT('',(0.00262774586144155,0.0654,0.204653073774879));
#1389=CARTESIAN_POINT('',(-2.27771353556958E-6,0.0654,0.204653073774879));
#1390=CARTESIAN_POINT('',(0.0150627340739529,0.0764,0.204653073774879));
#1391=CARTESIAN_POINT('',(0.0291277458614412,0.0764,0.204653073774879));
#1392=CARTESIAN_POINT('',(0.0291277458614412,0.0764,0.198951146615684));
#1393=CARTESIAN_POINT('',(0.0291277458614412,0.0764,0.184496878343096));
#1394=CARTESIAN_POINT('',(0.0161277458614414,0.0764,0.198951146615684));
#1395=CARTESIAN_POINT('',(0.00312774586144155,0.0764,0.198951146615684));
#1396=CARTESIAN_POINT('',(0.00312774586144154,0.0764,0.204653073774879));
#1397=CARTESIAN_POINT('',(0.00312774586144154,0.0764,0.184496878343096));
#1398=CARTESIAN_POINT('',(0.0163777458614414,0.0764,0.184496878343096));
#1399=CARTESIAN_POINT('',(0.0161277458614414,0.0774,0.223813146615684));
#1400=CARTESIAN_POINT('',(0.00312774586144154,0.0774,0.223813146615684));
#1401=CARTESIAN_POINT('',(0.00312774586144154,0.0772981057538924,0.223813146615684));
#1402=CARTESIAN_POINT('',(0.00312774586144156,0.0772981057538924,0.223813146615684));
#1403=CARTESIAN_POINT('',(0.0114623716644198,0.0772981057538924,0.223813146615684));
#1404=CARTESIAN_POINT('',(0.0197969974673979,0.0772981057538924,0.223813146615684));
#1405=CARTESIAN_POINT('',(0.0281316232703761,0.0772981057538924,0.223813146615684));
#1406=CARTESIAN_POINT('',(0.0281316232704568,0.0772981057538943,0.223813146615684));
#1407=CARTESIAN_POINT('',(0.0281316232704568,0.0772981057538943,0.223813146615684));
#1408=CARTESIAN_POINT('',(0.028520476980316,0.07721025055384,0.223813146615684));
#1409=CARTESIAN_POINT('',(0.0288525178439775,0.0770655825075879,0.223813146615684));
#1410=CARTESIAN_POINT('',(0.0291277458614412,0.0768641016151382,0.223813146615684));
#1411=CARTESIAN_POINT('',(0.0291277458614412,0.0768641016151382,0.223813146615684));
#1412=CARTESIAN_POINT('',(0.0291277458614412,0.0774,0.223813146615684));
#1413=CARTESIAN_POINT('',(0.0291277458614412,0.0774,0.211382146615684));
#1414=CARTESIAN_POINT('',(0.0291277458614412,0.0768641016151382,0.223813146615684));
#1415=CARTESIAN_POINT('',(0.0291277458614412,0.0768641016151382,0.215525813282351));
#1416=CARTESIAN_POINT('',(0.0291277458614412,0.0768641016151382,0.207238479949018));
#1417=CARTESIAN_POINT('',(0.0291277458614412,0.0768641016151382,0.198951146615684));
#1418=CARTESIAN_POINT('',(0.0291277458614412,0.0768641016151327,0.198951146615684));
#1419=CARTESIAN_POINT('',(0.0291277458614412,0.0774,0.198951146615684));
#1420=CARTESIAN_POINT('',(0.0291277458614412,0.0624,0.184496878343096));
#1421=CARTESIAN_POINT('',(0.0291277458614412,0.0624,0.184496878343096));
#1422=CARTESIAN_POINT('',(0.0291277458614412,0.0624,0.204653073774879));
#1423=CARTESIAN_POINT('',(0.0291277458614412,0.0624,0.224809269206661));
#1424=CARTESIAN_POINT('',(0.0291277458614412,0.0624,0.224809269206661));
#1425=CARTESIAN_POINT('',(0.0161277458614414,0.0774,0.198951146615684));
#1426=CARTESIAN_POINT('',(0.0291277458614412,0.0768641016151327,0.198951146615684));
#1427=CARTESIAN_POINT('',(0.0286397119897287,0.0772213672050442,0.198951146615684));
#1428=CARTESIAN_POINT('',(0.027973045323062,0.0774,0.198951146615684));
#1429=CARTESIAN_POINT('',(0.0271277458614412,0.0774,0.198951146615684));
#1430=CARTESIAN_POINT('',(0.0271277458614412,0.0774,0.198951146615684));
#1431=CARTESIAN_POINT('',(0.0161277458614414,0.0774,0.198951146615684));
#1432=CARTESIAN_POINT('',(0.00312774586144155,0.0774,0.198951146615684));
#1433=CARTESIAN_POINT('',(0.00312774586144155,0.0774,0.198951146615684));
#1434=CARTESIAN_POINT('',(0.0301277458614412,0.0774,0.204653073774879));
#1435=CARTESIAN_POINT('',(0.0301277458614412,0.0654,0.204653073774879));
#1436=CARTESIAN_POINT('',(0.0301277458614412,0.0654,0.224809269206661));
#1437=CARTESIAN_POINT('',(0.0301277458614413,0.0654,0.184496878343097));
#1438=CARTESIAN_POINT('',(0.0301277458614412,0.0653999999999996,0.184496878343097));
#1439=CARTESIAN_POINT('',(0.0301277458614412,0.0684000000000019,0.184496878343097));
#1440=CARTESIAN_POINT('',(0.0301277458614412,0.0714000000000043,0.184496878343097));
#1441=CARTESIAN_POINT('',(0.0301277458614412,0.0744000000000066,0.184496878343097));
#1442=CARTESIAN_POINT('',(0.0301277458614413,0.0744,0.184496878343097));
#1443=CARTESIAN_POINT('',(0.0301277458614412,0.0744,0.184496878343097));
#1444=CARTESIAN_POINT('',(0.0301277458614412,0.0744,0.197934341964285));
#1445=CARTESIAN_POINT('',(0.0301277458614412,0.0744,0.211371805585473));
#1446=CARTESIAN_POINT('',(0.0301277458614412,0.0744,0.224809269206661));
#1447=CARTESIAN_POINT('',(0.0301277458614412,0.0744,0.224809269206661));
#1448=CARTESIAN_POINT('',(0.0301277458614412,0.0744000000000063,0.224809269206661));
#1449=CARTESIAN_POINT('',(0.0301277458614412,0.0714000000000041,0.224809269206661));
#1450=CARTESIAN_POINT('',(0.0301277458614412,0.0684000000000018,0.224809269206661));
#1451=CARTESIAN_POINT('',(0.0301277458614412,0.0653999999999996,0.224809269206661));
#1452=CARTESIAN_POINT('',(0.0150627340739528,0.0774,0.225809269206662));
#1453=CARTESIAN_POINT('',(0.0291277458614423,0.0744,0.225809269206662));
#1454=CARTESIAN_POINT('',(0.0197510713364496,0.0744,0.225809269206662));
#1455=CARTESIAN_POINT('',(0.010374396811457,0.0744,0.225809269206662));
#1456=CARTESIAN_POINT('',(0.000997722286464317,0.0744,0.225809269206662));
#1457=CARTESIAN_POINT('',(0.0291277458614423,0.0744,0.225809269206662));
#1458=CARTESIAN_POINT('',(0.000997722286464321,0.0744,0.225809269206662));
#1459=CARTESIAN_POINT('',(0.0009977222864644,0.0744000000000066,0.225809269206662));
#1460=CARTESIAN_POINT('',(0.0009977222864644,0.0714000000000043,0.225809269206661));
#1461=CARTESIAN_POINT('',(0.0009977222864644,0.0684000000000019,0.225809269206661));
#1462=CARTESIAN_POINT('',(0.0009977222864644,0.0653999999999996,0.225809269206662));
#1463=CARTESIAN_POINT('',(0.000997722286464423,0.0654,0.225809269206662));
#1464=CARTESIAN_POINT('',(0.0150627340739528,0.0654,0.225809269206662));
#1465=CARTESIAN_POINT('',(0.0291277458614412,0.0654,0.225809269206662));
#1466=CARTESIAN_POINT('',(0.0291277458614412,0.0653999999999996,0.225809269206662));
#1467=CARTESIAN_POINT('',(0.0291277458614412,0.0684000000000018,0.225809269206661));
#1468=CARTESIAN_POINT('',(0.0291277458614412,0.071400000000004,0.225809269206661));
#1469=CARTESIAN_POINT('',(0.0291277458614412,0.0744000000000062,0.225809269206662));
#1470=CARTESIAN_POINT('',(-2.27771353556958E-6,0.0774,0.204653073774879));
#1471=CARTESIAN_POINT('',(-2.27771353557575E-6,0.0744,0.224809269206661));
#1472=CARTESIAN_POINT('',(-2.27771353557164E-6,0.0744,0.211371805585473));
#1473=CARTESIAN_POINT('',(-2.27771353556752E-6,0.0744,0.197934341964285));
#1474=CARTESIAN_POINT('',(-2.27771353556341E-6,0.0744,0.184496878343096));
#1475=CARTESIAN_POINT('',(-2.27771353557585E-6,0.0744,0.224809269206661));
#1476=CARTESIAN_POINT('',(-2.27771353556352E-6,0.0744,0.184496878343096));
#1477=CARTESIAN_POINT('',(-2.27771353556341E-6,0.0744000000000065,0.184496878343097));
#1478=CARTESIAN_POINT('',(-2.27771353556341E-6,0.0714000000000042,0.184496878343097));
#1479=CARTESIAN_POINT('',(-2.27771353556341E-6,0.0684000000000019,0.184496878343097));
#1480=CARTESIAN_POINT('',(-2.27771353556341E-6,0.0653999999999996,0.184496878343097));
#1481=CARTESIAN_POINT('',(-2.27771353556341E-6,0.0654,0.184496878343096));
#1482=CARTESIAN_POINT('',(-2.27771353556958E-6,0.0654,0.204653073774879));
#1483=CARTESIAN_POINT('',(-2.27771353556958E-6,0.0654,0.204653073774879));
#1484=CARTESIAN_POINT('',(-2.27771353557575E-6,0.0654,0.224809269206661));
#1485=CARTESIAN_POINT('',(-2.27771353557575E-6,0.0653999999999996,0.224809269206661));
#1486=CARTESIAN_POINT('',(-2.27771353557575E-6,0.0684000000000019,0.224809269206661));
#1487=CARTESIAN_POINT('',(-2.27771353557575E-6,0.0714000000000043,0.224809269206661));
#1488=CARTESIAN_POINT('',(-2.27771353557575E-6,0.0744000000000066,0.224809269206661));
#1489=CARTESIAN_POINT('',(0.0150627340739529,0.0774,0.183496878343096));
#1490=CARTESIAN_POINT('',(0.0150627340739529,0.0654,0.183496878343096));
#1491=CARTESIAN_POINT('',(0.0291277458614413,0.0654,0.183496878343096));
#1492=CARTESIAN_POINT('',(0.000997722286464437,0.0654,0.183496878343096));
#1493=CARTESIAN_POINT('',(0.000997722286464451,0.0653999999999996,0.183496878343096));
#1494=CARTESIAN_POINT('',(0.000997722286464451,0.0684000000000019,0.183496878343096));
#1495=CARTESIAN_POINT('',(0.000997722286464451,0.0714000000000042,0.183496878343096));
#1496=CARTESIAN_POINT('',(0.000997722286464451,0.0744000000000065,0.183496878343096));
#1497=CARTESIAN_POINT('',(0.000997722286464389,0.0744,0.183496878343097));
#1498=CARTESIAN_POINT('',(0.000997722286464388,0.0744,0.183496878343096));
#1499=CARTESIAN_POINT('',(0.010374396811457,0.0744,0.183496878343096));
#1500=CARTESIAN_POINT('',(0.0197510713364497,0.0744,0.183496878343096));
#1501=CARTESIAN_POINT('',(0.0291277458614423,0.0744,0.183496878343096));
#1502=CARTESIAN_POINT('',(0.0291277458614423,0.0744,0.183496878343096));
#1503=CARTESIAN_POINT('',(0.0291277458614412,0.0744000000000066,0.183496878343096));
#1504=CARTESIAN_POINT('',(0.0291277458614412,0.0714000000000043,0.183496878343096));
#1505=CARTESIAN_POINT('',(0.0291277458614412,0.0684000000000019,0.183496878343096));
#1506=CARTESIAN_POINT('',(0.0291277458614412,0.0653999999999996,0.183496878343096));
#1507=CARTESIAN_POINT('',(0.00312774586144154,0.0774,0.211382146615684));
#1508=CARTESIAN_POINT('',(0.00312774586144154,0.0774,0.211382146615684));
#1509=CARTESIAN_POINT('',(0.00312774586144154,0.0774,0.222809269206661));
#1510=CARTESIAN_POINT('',(0.00312774586144154,0.0774,0.222809269206661));
#1511=CARTESIAN_POINT('',(0.00312774586144154,0.0774,0.223177859758371));
#1512=CARTESIAN_POINT('',(0.00312774586144154,0.0773660352512974,0.223512485561379));
#1513=CARTESIAN_POINT('',(0.00312774586144154,0.0772981057538924,0.223813146615684));
#1514=CARTESIAN_POINT('',(0.00312774586144154,0.0624,0.224809269206661));
#1515=CARTESIAN_POINT('',(0.00312774586144154,0.0624,0.224809269206661));
#1516=CARTESIAN_POINT('',(0.00312774586144154,0.0624,0.204653073774879));
#1517=CARTESIAN_POINT('',(0.00312774586144154,0.0624,0.184496878343096));
#1518=CARTESIAN_POINT('',(0.00312774586144154,0.0624,0.184496878343096));
#1519=CARTESIAN_POINT('',(0.00312774586144154,0.0657530801535164,0.211421334160489));
#1520=CARTESIAN_POINT('',(0.00312774586144154,0.0657530801535164,0.214421334160489));
#1521=CARTESIAN_POINT('',(0.00312774586144154,0.0657530801535773,0.188421334160489));
#1522=CARTESIAN_POINT('',(0.00312774586144154,0.0657530801535773,0.191421334160489));
#1523=CARTESIAN_POINT('',(0.0150627340739529,0.0774,0.204653073774879));
#1524=CARTESIAN_POINT('',(0.00299772228646445,0.0774,0.186496878343095));
#1525=CARTESIAN_POINT('',(0.00299772228646445,0.0774,0.198601008630948));
#1526=CARTESIAN_POINT('',(0.00299772228646445,0.0774,0.210705138918802));
#1527=CARTESIAN_POINT('',(0.00299772228646445,0.0774,0.222809269206656));
#1528=CARTESIAN_POINT('',(0.00299772228646479,0.0774,0.186496878343097));
#1529=CARTESIAN_POINT('',(0.00299772228646443,0.0774,0.222809269206656));
#1530=CARTESIAN_POINT('',(0.00299772228646427,0.0774,0.222809269206661));
#1531=CARTESIAN_POINT('',(0.00304106347812338,0.0774,0.222809269206661));
#1532=CARTESIAN_POINT('',(0.00308440466978248,0.0774,0.222809269206661));
#1533=CARTESIAN_POINT('',(0.00312774586144159,0.0774,0.222809269206661));
#1534=CARTESIAN_POINT('',(0.0271277458614413,0.0774,0.198951146615684));
#1535=CARTESIAN_POINT('',(0.0271277458614412,0.0774,0.194799723858155));
#1536=CARTESIAN_POINT('',(0.0271277458614412,0.0774,0.190648301100625));
#1537=CARTESIAN_POINT('',(0.0271277458614413,0.0774,0.186496878343095));
#1538=CARTESIAN_POINT('',(0.0271277458614412,0.0774,0.186496878343097));
#1539=CARTESIAN_POINT('',(0.0271277458614413,0.0774,0.186496878343097));
#1540=CARTESIAN_POINT('',(0.0190844046697824,0.0774,0.186496878343097));
#1541=CARTESIAN_POINT('',(0.0110410634781236,0.0774,0.186496878343097));
#1542=CARTESIAN_POINT('',(0.00299772228646481,0.0774,0.186496878343097));
#1543=CARTESIAN_POINT('',(0.0150627340739529,0.0654,0.204653073774879));
#1544=CARTESIAN_POINT('',(-2.27771353555027E-6,0.0654,0.184496878343097));
#1545=CARTESIAN_POINT('',(-2.27771353555027E-6,0.0654,0.18383021167643));
#1546=CARTESIAN_POINT('',(0.000331055619797783,0.0654,0.183496878343097));
#1547=CARTESIAN_POINT('',(0.000997722286464451,0.0654,0.183496878343097));
#1548=CARTESIAN_POINT('',(0.0291277458614412,0.0654,0.183496878343097));
#1549=CARTESIAN_POINT('',(0.0297944125281079,0.0654,0.183496878343097));
#1550=CARTESIAN_POINT('',(0.0301277458614412,0.0654,0.18383021167643));
#1551=CARTESIAN_POINT('',(0.0301277458614412,0.0654,0.184496878343097));
#1552=CARTESIAN_POINT('',(0.0301277458614412,0.0654,0.224809269206661));
#1553=CARTESIAN_POINT('',(0.0301277458614412,0.0654,0.225475935873328));
#1554=CARTESIAN_POINT('',(0.0297944125281079,0.0654,0.225809269206661));
#1555=CARTESIAN_POINT('',(0.0291277458614412,0.0654,0.225809269206661));
#1556=CARTESIAN_POINT('',(0.000997722286464451,0.0654,0.225809269206661));
#1557=CARTESIAN_POINT('',(0.000331055619797783,0.0654,0.225809269206661));
#1558=CARTESIAN_POINT('',(-2.27771353555027E-6,0.0654,0.225475935873328));
#1559=CARTESIAN_POINT('',(-2.27771353555027E-6,0.0654,0.224809269206661));
#1560=CARTESIAN_POINT('',(0.00262774586144155,0.0654,0.204653073774879));
#1561=CARTESIAN_POINT('',(0.00262774586144154,0.0654,0.225309269206661));
#1562=CARTESIAN_POINT('',(0.0161277458614414,0.0654,0.225309269206661));
#1563=CARTESIAN_POINT('',(0.0296277458614412,0.0654,0.225309269206661));
#1564=CARTESIAN_POINT('',(0.0296277458614412,0.0654,0.209630207911173));
#1565=CARTESIAN_POINT('',(0.0296277458614412,0.0654,0.183996878343096));
#1566=CARTESIAN_POINT('',(0.0161277458614414,0.0654,0.183996878343096));
#1567=CARTESIAN_POINT('',(0.00262774586144155,0.0654,0.183996878343096));
#1568=CARTESIAN_POINT('',(0.00262774586144155,0.0654,0.204653073774879));
#1569=CARTESIAN_POINT('',(0.00262774586144155,0.0624,0.204653073774879));
#1570=CARTESIAN_POINT('',(0.00262774586144155,0.0624,0.183996878343096));
#1571=CARTESIAN_POINT('',(0.00262774586144155,0.0624,0.183996878343096));
#1572=CARTESIAN_POINT('',(0.00262774586144155,0.0624,0.204653073774879));
#1573=CARTESIAN_POINT('',(0.00262774586144154,0.0624,0.225309269206661));
#1574=CARTESIAN_POINT('',(0.00262774586144154,0.0624,0.225309269206661));
#1575=CARTESIAN_POINT('',(0.0163777458614414,0.0624,0.184496878343096));
#1576=CARTESIAN_POINT('',(0.0163777458614414,0.0624,0.184496878343096));
#1577=CARTESIAN_POINT('',(0.00337774586144154,0.0624,0.224809269206661));
#1578=CARTESIAN_POINT('',(0.00337774586144154,0.0624,0.224809269206661));
#1579=CARTESIAN_POINT('',(0.0296277458614412,0.0624,0.204653073774879));
#1580=CARTESIAN_POINT('',(0.0296277458614412,0.0624,0.183996878343096));
#1581=CARTESIAN_POINT('',(0.0296277458614412,0.0624,0.183996878343096));
#1582=CARTESIAN_POINT('',(0.0296277458614412,0.0624,0.225309269206661));
#1583=CARTESIAN_POINT('',(0.0296277458614412,0.0624,0.225309269206661));
#1584=CARTESIAN_POINT('',(0.0296277458614412,0.0624,0.204653073774879));
#1585=CARTESIAN_POINT('',(0.0161277458614414,0.0624,0.225309269206661));
#1586=CARTESIAN_POINT('',(0.0161277458614414,0.0624,0.225309269206661));
#1587=CARTESIAN_POINT('',(0.0161277458614414,0.0624,0.183996878343096));
#1588=CARTESIAN_POINT('',(0.0161277458614414,0.0624,0.183996878343096));
#1589=CARTESIAN_POINT('',(0.0161277458614414,0.0624,0.204653073774879));
#1590=CARTESIAN_POINT('',(0.00199772228646443,0.0657530801535773,0.188421334160489));
#1591=CARTESIAN_POINT('',(0.00699772228646443,0.0657530801535773,0.188421334160489));
#1592=CARTESIAN_POINT('',(0.00699772228646443,0.0657530801535773,0.191421334160489));
#1593=CARTESIAN_POINT('',(0.00699772228646443,0.0367530801535467,0.199921334160412));
#1594=CARTESIAN_POINT('',(0.00699772228646438,0.0669501156571538,0.187937109457364));
#1595=CARTESIAN_POINT('',(0.00699772228646438,0.0670123042091197,0.188278776243547));
#1596=CARTESIAN_POINT('',(0.00699772228646431,0.0668704939964946,0.188825620551944));
#1597=CARTESIAN_POINT('',(0.00699772228646462,0.0662786825952904,0.189232646608565));
#1598=CARTESIAN_POINT('',(0.00699772228646446,0.0659171263074017,0.189226016211525));
#1599=CARTESIAN_POINT('',(0.00699772228646446,0.0657530801535772,0.189171334160489));
#1600=CARTESIAN_POINT('',(0.00699772228646443,0.066950115657154,0.187937109457363));
#1601=CARTESIAN_POINT('',(0.00699772228646443,0.0657530801535773,0.189171334160489));
#1602=CARTESIAN_POINT('',(0.00699772228646448,0.0662538655938071,0.187231131865584));
#1603=CARTESIAN_POINT('',(0.00699772228646448,0.0665944812878132,0.187310581314012));
#1604=CARTESIAN_POINT('',(0.00699772228646541,0.066873145310902,0.187602645601252));
#1605=CARTESIAN_POINT('',(0.00699772228646541,0.0669501156571548,0.187937109457364));
#1606=CARTESIAN_POINT('',(0.00699772228646535,0.0662538655938066,0.187231131865585));
#1607=CARTESIAN_POINT('',(0.00699772228646568,0.0662538655938061,0.187231131865585));
#1608=CARTESIAN_POINT('',(0.00699772228646568,0.0659100171841666,0.18716856252619));
#1609=CARTESIAN_POINT('',(0.00699772228646381,0.0651670568414675,0.187324268625836));
#1610=CARTESIAN_POINT('',(0.00699772228646443,0.0648765683488416,0.188092646848713));
#1611=CARTESIAN_POINT('',(0.00699772228646443,0.0650030801535772,0.188421334160489));
#1612=CARTESIAN_POINT('',(0.00699772228646443,0.0650030801535773,0.188421334160489));
#1613=CARTESIAN_POINT('',(0.00699772228646443,0.0657530801535773,0.188421334160489));
#1614=CARTESIAN_POINT('',(0.00199772228646443,0.0657530801535773,0.188421334160489));
#1615=CARTESIAN_POINT('',(0.00074772228646442,0.0657530801535773,0.189171334160489));
#1616=CARTESIAN_POINT('',(0.000831055619797753,0.0653200674516851,0.189171334160489));
#1617=CARTESIAN_POINT('',(0.000914388953131087,0.065103561100739,0.188796334160489));
#1618=CARTESIAN_POINT('',(0.00099772228646442,0.0648870547497929,0.188421334160489));
#1619=CARTESIAN_POINT('',(0.00108105561979775,0.065103561100739,0.188046334160489));
#1620=CARTESIAN_POINT('',(0.00116438895313109,0.0653200674516851,0.187671334160489));
#1621=CARTESIAN_POINT('',(0.00124772228646442,0.0657530801535773,0.187671334160489));
#1622=CARTESIAN_POINT('',(0.00133105561979775,0.0661860928554696,0.187671334160489));
#1623=CARTESIAN_POINT('',(0.00141438895313109,0.0664025992064156,0.188046334160489));
#1624=CARTESIAN_POINT('',(0.00149772228646442,0.0666191055573618,0.188421334160489));
#1625=CARTESIAN_POINT('',(0.00158105561979776,0.0664025992064156,0.188796334160489));
#1626=CARTESIAN_POINT('',(0.00166438895313109,0.0661860928554696,0.189171334160489));
#1627=CARTESIAN_POINT('',(0.00174772228646442,0.0657530801535773,0.189171334160489));
#1628=CARTESIAN_POINT('',(0.00183105561979775,0.0653200674516851,0.189171334160489));
#1629=CARTESIAN_POINT('',(0.00191438895313109,0.065103561100739,0.188796334160489));
#1630=CARTESIAN_POINT('',(0.00199772228646442,0.0648870547497929,0.188421334160489));
#1631=CARTESIAN_POINT('',(0.00208105561979776,0.065103561100739,0.188046334160489));
#1632=CARTESIAN_POINT('',(0.00216438895313109,0.0653200674516851,0.187671334160489));
#1633=CARTESIAN_POINT('',(0.00224772228646442,0.0657530801535773,0.187671334160489));
#1634=CARTESIAN_POINT('',(0.00233105561979775,0.0661860928554696,0.187671334160489));
#1635=CARTESIAN_POINT('',(0.00241438895313108,0.0664025992064156,0.188046334160489));
#1636=CARTESIAN_POINT('',(0.00249772228646442,0.0666191055573618,0.188421334160489));
#1637=CARTESIAN_POINT('',(0.00258105561979775,0.0664025992064156,0.188796334160489));
#1638=CARTESIAN_POINT('',(0.00266438895313108,0.0661860928554696,0.189171334160489));
#1639=CARTESIAN_POINT('',(0.00274772228646442,0.0657530801535773,0.189171334160489));
#1640=CARTESIAN_POINT('',(0.00283105561979775,0.0653200674516851,0.189171334160489));
#1641=CARTESIAN_POINT('',(0.00291438895313108,0.065103561100739,0.188796334160489));
#1642=CARTESIAN_POINT('',(0.00299772228646442,0.0648870547497929,0.188421334160489));
#1643=CARTESIAN_POINT('',(0.00308105561979775,0.065103561100739,0.188046334160489));
#1644=CARTESIAN_POINT('',(0.00316438895313108,0.0653200674516851,0.187671334160489));
#1645=CARTESIAN_POINT('',(0.00324772228646442,0.0657530801535773,0.187671334160489));
#1646=CARTESIAN_POINT('',(0.00333105561979776,0.0661860928554696,0.187671334160489));
#1647=CARTESIAN_POINT('',(0.00341438895313108,0.0664025992064156,0.188046334160489));
#1648=CARTESIAN_POINT('',(0.00349772228646442,0.0666191055573618,0.188421334160489));
#1649=CARTESIAN_POINT('',(0.00358105561979775,0.0664025992064156,0.188796334160489));
#1650=CARTESIAN_POINT('',(0.00366438895313108,0.0661860928554696,0.189171334160489));
#1651=CARTESIAN_POINT('',(0.00374772228646442,0.0657530801535773,0.189171334160489));
#1652=CARTESIAN_POINT('',(0.00383105561979776,0.0653200674516851,0.189171334160489));
#1653=CARTESIAN_POINT('',(0.00391438895313108,0.065103561100739,0.188796334160489));
#1654=CARTESIAN_POINT('',(0.00399772228646442,0.0648870547497929,0.188421334160489));
#1655=CARTESIAN_POINT('',(0.00408105561979775,0.065103561100739,0.188046334160489));
#1656=CARTESIAN_POINT('',(0.00416438895313109,0.0653200674516851,0.187671334160489));
#1657=CARTESIAN_POINT('',(0.00424772228646442,0.0657530801535773,0.187671334160489));
#1658=CARTESIAN_POINT('',(0.00433105561979775,0.0661860928554696,0.187671334160489));
#1659=CARTESIAN_POINT('',(0.00441438895313108,0.0664025992064156,0.188046334160489));
#1660=CARTESIAN_POINT('',(0.00449772228646442,0.0666191055573618,0.188421334160489));
#1661=CARTESIAN_POINT('',(0.00458105561979775,0.0664025992064156,0.188796334160489));
#1662=CARTESIAN_POINT('',(0.00466438895313109,0.0661860928554696,0.189171334160489));
#1663=CARTESIAN_POINT('',(0.00474772228646442,0.0657530801535773,0.189171334160489));
#1664=CARTESIAN_POINT('',(0.00483105561979775,0.0653200674516851,0.189171334160489));
#1665=CARTESIAN_POINT('',(0.00491438895313109,0.065103561100739,0.188796334160489));
#1666=CARTESIAN_POINT('',(0.00499772228646442,0.0648870547497929,0.188421334160489));
#1667=CARTESIAN_POINT('',(0.00508105561979775,0.065103561100739,0.188046334160489));
#1668=CARTESIAN_POINT('',(0.00516438895313109,0.0653200674516851,0.187671334160489));
#1669=CARTESIAN_POINT('',(0.00524772228646442,0.0657530801535773,0.187671334160489));
#1670=CARTESIAN_POINT('',(0.00533105561979775,0.0661860928554696,0.187671334160489));
#1671=CARTESIAN_POINT('',(0.00541438895313109,0.0664025992064156,0.188046334160489));
#1672=CARTESIAN_POINT('',(0.00549772228646442,0.0666191055573618,0.188421334160489));
#1673=CARTESIAN_POINT('',(0.00558105561979775,0.0664025992064156,0.188796334160489));
#1674=CARTESIAN_POINT('',(0.00566438895313108,0.0661860928554696,0.189171334160489));
#1675=CARTESIAN_POINT('',(0.00574772228646442,0.0657530801535773,0.189171334160489));
#1676=CARTESIAN_POINT('',(0.00583105561979775,0.0653200674516851,0.189171334160489));
#1677=CARTESIAN_POINT('',(0.00591438895313109,0.065103561100739,0.188796334160489));
#1678=CARTESIAN_POINT('',(0.00599772228646442,0.0648870547497929,0.188421334160489));
#1679=CARTESIAN_POINT('',(0.00608105561979775,0.065103561100739,0.188046334160489));
#1680=CARTESIAN_POINT('',(0.00616438895313108,0.0653200674516851,0.187671334160489));
#1681=CARTESIAN_POINT('',(0.00624772228646442,0.0657530801535773,0.187671334160489));
#1682=CARTESIAN_POINT('',(0.00633105561979775,0.0661860928554696,0.187671334160489));
#1683=CARTESIAN_POINT('',(0.00641438895313109,0.0664025992064156,0.188046334160489));
#1684=CARTESIAN_POINT('',(0.00649772228646442,0.0666191055573618,0.188421334160489));
#1685=CARTESIAN_POINT('',(0.00658105561979775,0.0664025992064156,0.188796334160489));
#1686=CARTESIAN_POINT('',(0.00666438895313108,0.0661860928554696,0.189171334160489));
#1687=CARTESIAN_POINT('',(0.00674772228646442,0.0657530801535773,0.189171334160489));
#1688=CARTESIAN_POINT('',(0.00683105561979775,0.0653200674516851,0.189171334160489));
#1689=CARTESIAN_POINT('',(0.00691438895313109,0.065103561100739,0.188796334160489));
#1690=CARTESIAN_POINT('',(0.00699772228646442,0.0648870547497929,0.188421334160489));
#1691=CARTESIAN_POINT('',(0.00708105561979775,0.065103561100739,0.188046334160489));
#1692=CARTESIAN_POINT('',(0.00716438895313108,0.0653200674516851,0.187671334160489));
#1693=CARTESIAN_POINT('',(0.00724772228646442,0.0657530801535773,0.187671334160489));
#1694=CARTESIAN_POINT('',(0.00733105561979775,0.0661860928554696,0.187671334160489));
#1695=CARTESIAN_POINT('',(0.00741438895313109,0.0664025992064156,0.188046334160489));
#1696=CARTESIAN_POINT('',(0.00749772228646441,0.0666191055573618,0.188421334160489));
#1697=CARTESIAN_POINT('',(0.00758105561979775,0.0664025992064156,0.188796334160489));
#1698=CARTESIAN_POINT('',(0.00766438895313108,0.0661860928554696,0.189171334160489));
#1699=CARTESIAN_POINT('',(0.00774772228646442,0.0657530801535773,0.189171334160489));
#1700=CARTESIAN_POINT('',(0.00783105561979775,0.0653200674516851,0.189171334160489));
#1701=CARTESIAN_POINT('',(0.00791438895313109,0.065103561100739,0.188796334160489));
#1702=CARTESIAN_POINT('',(0.00799772228646441,0.0648870547497929,0.188421334160489));
#1703=CARTESIAN_POINT('',(0.00808105561979775,0.065103561100739,0.188046334160489));
#1704=CARTESIAN_POINT('',(0.00816438895313108,0.0653200674516851,0.187671334160489));
#1705=CARTESIAN_POINT('',(0.00824772228646442,0.0657530801535773,0.187671334160489));
#1706=CARTESIAN_POINT('',(0.00833105561979776,0.0661860928554696,0.187671334160489));
#1707=CARTESIAN_POINT('',(0.00841438895313109,0.0664025992064156,0.188046334160489));
#1708=CARTESIAN_POINT('',(0.00849772228646441,0.0666191055573618,0.188421334160489));
#1709=CARTESIAN_POINT('',(0.00858105561979775,0.0664025992064156,0.188796334160489));
#1710=CARTESIAN_POINT('',(0.00866438895313108,0.0661860928554696,0.189171334160489));
#1711=CARTESIAN_POINT('',(0.00874772228646442,0.0657530801535773,0.189171334160489));
#1712=CARTESIAN_POINT('',(0.00312774586144154,0.0652444534257259,0.187870154650969));
#1713=CARTESIAN_POINT('',(0.00312774586144154,0.0657530801535773,0.188421334160489));
#1714=CARTESIAN_POINT('',(0.00312774586144154,0.0652111384197209,0.188939792603476));
#1715=CARTESIAN_POINT('',(-2.27771353556562E-6,0.0657530801535773,0.189171334160489));
#1716=CARTESIAN_POINT('',(8.10556197977677E-5,0.0653200674516851,0.189171334160489));
#1717=CARTESIAN_POINT('',(0.000164388953131101,0.065103561100739,0.188796334160489));
#1718=CARTESIAN_POINT('',(0.000247722286464434,0.0648870547497929,0.188421334160489));
#1719=CARTESIAN_POINT('',(0.000331055619797767,0.065103561100739,0.188046334160489));
#1720=CARTESIAN_POINT('',(0.000414388953131101,0.0653200674516851,0.187671334160489));
#1721=CARTESIAN_POINT('',(0.000497722286464434,0.0657530801535773,0.187671334160489));
#1722=CARTESIAN_POINT('',(0.000581055619797767,0.0661860928554696,0.187671334160489));
#1723=CARTESIAN_POINT('',(0.000664388953131101,0.0664025992064156,0.188046334160489));
#1724=CARTESIAN_POINT('',(0.000747722286464435,0.0666191055573618,0.188421334160489));
#1725=CARTESIAN_POINT('',(0.000831055619797768,0.0664025992064156,0.188796334160489));
#1726=CARTESIAN_POINT('',(0.000914388953131101,0.0661860928554696,0.189171334160489));
#1727=CARTESIAN_POINT('',(0.000997722286464434,0.0657530801535773,0.189171334160489));
#1728=CARTESIAN_POINT('',(0.00108105561979777,0.0653200674516851,0.189171334160489));
#1729=CARTESIAN_POINT('',(0.0011643889531311,0.065103561100739,0.188796334160489));
#1730=CARTESIAN_POINT('',(0.00124772228646443,0.0648870547497929,0.188421334160489));
#1731=CARTESIAN_POINT('',(0.00133105561979777,0.065103561100739,0.188046334160489));
#1732=CARTESIAN_POINT('',(0.0014143889531311,0.0653200674516851,0.187671334160489));
#1733=CARTESIAN_POINT('',(0.00149772228646443,0.0657530801535773,0.187671334160489));
#1734=CARTESIAN_POINT('',(0.00158105561979777,0.0661860928554696,0.187671334160489));
#1735=CARTESIAN_POINT('',(0.0016643889531311,0.0664025992064156,0.188046334160489));
#1736=CARTESIAN_POINT('',(0.00174772228646443,0.0666191055573618,0.188421334160489));
#1737=CARTESIAN_POINT('',(0.00183105561979777,0.0664025992064156,0.188796334160489));
#1738=CARTESIAN_POINT('',(0.0019143889531311,0.0661860928554696,0.189171334160489));
#1739=CARTESIAN_POINT('',(0.00199772228646444,0.0657530801535773,0.189171334160489));
#1740=CARTESIAN_POINT('',(0.00208105561979776,0.0653200674516851,0.189171334160489));
#1741=CARTESIAN_POINT('',(0.0021643889531311,0.065103561100739,0.188796334160489));
#1742=CARTESIAN_POINT('',(0.00224772228646444,0.0648870547497929,0.188421334160489));
#1743=CARTESIAN_POINT('',(0.00233105561979777,0.065103561100739,0.188046334160489));
#1744=CARTESIAN_POINT('',(0.0024143889531311,0.0653200674516851,0.187671334160489));
#1745=CARTESIAN_POINT('',(0.00249772228646444,0.0657530801535773,0.187671334160489));
#1746=CARTESIAN_POINT('',(0.00258105561979777,0.0661860928554696,0.187671334160489));
#1747=CARTESIAN_POINT('',(0.0026643889531311,0.0664025992064156,0.188046334160489));
#1748=CARTESIAN_POINT('',(0.00274772228646444,0.0666191055573618,0.188421334160489));
#1749=CARTESIAN_POINT('',(0.00283105561979777,0.0664025992064156,0.188796334160489));
#1750=CARTESIAN_POINT('',(0.0029143889531311,0.0661860928554696,0.189171334160489));
#1751=CARTESIAN_POINT('',(0.00299772228646444,0.0657530801535773,0.189171334160489));
#1752=CARTESIAN_POINT('',(0.00308105561979777,0.0653200674516851,0.189171334160489));
#1753=CARTESIAN_POINT('',(0.0031643889531311,0.065103561100739,0.188796334160489));
#1754=CARTESIAN_POINT('',(0.00324772228646444,0.0648870547497929,0.188421334160489));
#1755=CARTESIAN_POINT('',(0.00333105561979777,0.065103561100739,0.188046334160489));
#1756=CARTESIAN_POINT('',(0.0034143889531311,0.0653200674516851,0.187671334160489));
#1757=CARTESIAN_POINT('',(0.00349772228646444,0.0657530801535773,0.187671334160489));
#1758=CARTESIAN_POINT('',(0.00358105561979777,0.0661860928554696,0.187671334160489));
#1759=CARTESIAN_POINT('',(0.0036643889531311,0.0664025992064156,0.188046334160489));
#1760=CARTESIAN_POINT('',(0.00374772228646443,0.0666191055573618,0.188421334160489));
#1761=CARTESIAN_POINT('',(0.00383105561979777,0.0664025992064156,0.188796334160489));
#1762=CARTESIAN_POINT('',(0.0039143889531311,0.0661860928554696,0.189171334160489));
#1763=CARTESIAN_POINT('',(0.00399772228646444,0.0657530801535773,0.189171334160489));
#1764=CARTESIAN_POINT('',(0.00408105561979777,0.0653200674516851,0.189171334160489));
#1765=CARTESIAN_POINT('',(0.0041643889531311,0.065103561100739,0.188796334160489));
#1766=CARTESIAN_POINT('',(0.00424772228646443,0.0648870547497929,0.188421334160489));
#1767=CARTESIAN_POINT('',(0.00433105561979777,0.065103561100739,0.188046334160489));
#1768=CARTESIAN_POINT('',(0.0044143889531311,0.0653200674516851,0.187671334160489));
#1769=CARTESIAN_POINT('',(0.00449772228646443,0.0657530801535773,0.187671334160489));
#1770=CARTESIAN_POINT('',(0.00458105561979777,0.0661860928554696,0.187671334160489));
#1771=CARTESIAN_POINT('',(0.0046643889531311,0.0664025992064156,0.188046334160489));
#1772=CARTESIAN_POINT('',(0.00474772228646443,0.0666191055573618,0.188421334160489));
#1773=CARTESIAN_POINT('',(0.00483105561979777,0.0664025992064156,0.188796334160489));
#1774=CARTESIAN_POINT('',(0.0049143889531311,0.0661860928554696,0.189171334160489));
#1775=CARTESIAN_POINT('',(0.00499772228646443,0.0657530801535773,0.189171334160489));
#1776=CARTESIAN_POINT('',(0.00508105561979777,0.0653200674516851,0.189171334160489));
#1777=CARTESIAN_POINT('',(0.0051643889531311,0.065103561100739,0.188796334160489));
#1778=CARTESIAN_POINT('',(0.00524772228646443,0.0648870547497929,0.188421334160489));
#1779=CARTESIAN_POINT('',(0.00533105561979777,0.065103561100739,0.188046334160489));
#1780=CARTESIAN_POINT('',(0.0054143889531311,0.0653200674516851,0.187671334160489));
#1781=CARTESIAN_POINT('',(0.00549772228646443,0.0657530801535773,0.187671334160489));
#1782=CARTESIAN_POINT('',(0.00558105561979776,0.0661860928554696,0.187671334160489));
#1783=CARTESIAN_POINT('',(0.0056643889531311,0.0664025992064156,0.188046334160489));
#1784=CARTESIAN_POINT('',(0.00574772228646443,0.0666191055573618,0.188421334160489));
#1785=CARTESIAN_POINT('',(0.00583105561979777,0.0664025992064156,0.188796334160489));
#1786=CARTESIAN_POINT('',(0.0059143889531311,0.0661860928554696,0.189171334160489));
#1787=CARTESIAN_POINT('',(0.00599772228646443,0.0657530801535773,0.189171334160489));
#1788=CARTESIAN_POINT('',(0.00608105561979776,0.0653200674516851,0.189171334160489));
#1789=CARTESIAN_POINT('',(0.0061643889531311,0.065103561100739,0.188796334160489));
#1790=CARTESIAN_POINT('',(0.00624772228646443,0.0648870547497929,0.188421334160489));
#1791=CARTESIAN_POINT('',(0.00633105561979777,0.065103561100739,0.188046334160489));
#1792=CARTESIAN_POINT('',(0.00641438895313111,0.0653200674516851,0.187671334160489));
#1793=CARTESIAN_POINT('',(0.00649772228646443,0.0657530801535773,0.187671334160489));
#1794=CARTESIAN_POINT('',(0.00658105561979776,0.0661860928554696,0.187671334160489));
#1795=CARTESIAN_POINT('',(0.0066643889531311,0.0664025992064156,0.188046334160489));
#1796=CARTESIAN_POINT('',(0.00674772228646444,0.0666191055573618,0.188421334160489));
#1797=CARTESIAN_POINT('',(0.00683105561979777,0.0664025992064156,0.188796334160489));
#1798=CARTESIAN_POINT('',(0.00691438895313109,0.0661860928554696,0.189171334160489));
#1799=CARTESIAN_POINT('',(0.00699772228646443,0.0657530801535773,0.189171334160489));
#1800=CARTESIAN_POINT('',(0.00708105561979777,0.0653200674516851,0.189171334160489));
#1801=CARTESIAN_POINT('',(0.0071643889531311,0.065103561100739,0.188796334160489));
#1802=CARTESIAN_POINT('',(0.00724772228646444,0.0648870547497929,0.188421334160489));
#1803=CARTESIAN_POINT('',(0.00733105561979777,0.065103561100739,0.188046334160489));
#1804=CARTESIAN_POINT('',(0.00741438895313109,0.0653200674516851,0.187671334160489));
#1805=CARTESIAN_POINT('',(0.00749772228646443,0.0657530801535773,0.187671334160489));
#1806=CARTESIAN_POINT('',(0.00758105561979777,0.0661860928554696,0.187671334160489));
#1807=CARTESIAN_POINT('',(0.0076643889531311,0.0664025992064156,0.188046334160489));
#1808=CARTESIAN_POINT('',(0.00774772228646444,0.0666191055573618,0.188421334160489));
#1809=CARTESIAN_POINT('',(0.00783105561979777,0.0664025992064156,0.188796334160489));
#1810=CARTESIAN_POINT('',(0.00791438895313109,0.0661860928554696,0.189171334160489));
#1811=CARTESIAN_POINT('',(0.00799772228646443,0.0657530801535773,0.189171334160489));
#1812=CARTESIAN_POINT('',(0.00310542443488968,0.0668867225408601,0.187803092704668));
#1813=CARTESIAN_POINT('',(0.00318754685887707,0.0672337075650891,0.188439344006671));
#1814=CARTESIAN_POINT('',(0.00326855561979776,0.0668713492043673,0.189066967097989));
#1815=CARTESIAN_POINT('',(0.00335188895313109,0.066498592854104,0.189712600035489));
#1816=CARTESIAN_POINT('',(0.00343522228646443,0.0657530801535773,0.189712600035489));
#1817=CARTESIAN_POINT('',(0.00351855561979776,0.0650075674530507,0.189712600035489));
#1818=CARTESIAN_POINT('',(0.0036018889531311,0.0646348111027874,0.189066967097989));
#1819=CARTESIAN_POINT('',(0.00368522228646442,0.0642620547525241,0.188421334160489));
#1820=CARTESIAN_POINT('',(0.00376855561979776,0.0646348111027874,0.187775701222989));
#1821=CARTESIAN_POINT('',(0.00385188895313109,0.0650075674530507,0.187130068285489));
#1822=CARTESIAN_POINT('',(0.00393522228646443,0.0657530801535773,0.187130068285489));
#1823=CARTESIAN_POINT('',(0.00401855561979776,0.066498592854104,0.187130068285489));
#1824=CARTESIAN_POINT('',(0.0041018889531311,0.0668713492043673,0.187775701222989));
#1825=CARTESIAN_POINT('',(0.00418522228646442,0.0672441055546306,0.188421334160489));
#1826=CARTESIAN_POINT('',(0.00426855561979776,0.0668713492043673,0.189066967097989));
#1827=CARTESIAN_POINT('',(0.00435188895313109,0.066498592854104,0.189712600035489));
#1828=CARTESIAN_POINT('',(0.00443522228646443,0.0657530801535773,0.189712600035489));
#1829=CARTESIAN_POINT('',(0.00451855561979776,0.0650075674530507,0.189712600035489));
#1830=CARTESIAN_POINT('',(0.00460188895313109,0.0646348111027874,0.189066967097989));
#1831=CARTESIAN_POINT('',(0.00468522228646442,0.0642620547525241,0.188421334160489));
#1832=CARTESIAN_POINT('',(0.00476855561979776,0.0646348111027874,0.187775701222989));
#1833=CARTESIAN_POINT('',(0.00485188895313109,0.0650075674530507,0.187130068285489));
#1834=CARTESIAN_POINT('',(0.00493522228646443,0.0657530801535773,0.187130068285489));
#1835=CARTESIAN_POINT('',(0.00501855561979776,0.066498592854104,0.187130068285489));
#1836=CARTESIAN_POINT('',(0.00510188895313109,0.0668713492043673,0.187775701222989));
#1837=CARTESIAN_POINT('',(0.00518522228646442,0.0672441055546306,0.188421334160489));
#1838=CARTESIAN_POINT('',(0.00526855561979776,0.0668713492043673,0.189066967097989));
#1839=CARTESIAN_POINT('',(0.00535188895313109,0.066498592854104,0.189712600035489));
#1840=CARTESIAN_POINT('',(0.00543522228646443,0.0657530801535773,0.189712600035489));
#1841=CARTESIAN_POINT('',(0.00551855561979776,0.0650075674530507,0.189712600035489));
#1842=CARTESIAN_POINT('',(0.00560188895313109,0.0646348111027874,0.189066967097989));
#1843=CARTESIAN_POINT('',(0.00568522228646442,0.0642620547525241,0.188421334160489));
#1844=CARTESIAN_POINT('',(0.00576855561979776,0.0646348111027874,0.187775701222989));
#1845=CARTESIAN_POINT('',(0.00585188895313109,0.0650075674530507,0.187130068285489));
#1846=CARTESIAN_POINT('',(0.00593522228646443,0.0657530801535773,0.187130068285489));
#1847=CARTESIAN_POINT('',(0.00601855561979776,0.066498592854104,0.187130068285489));
#1848=CARTESIAN_POINT('',(0.00610188895313109,0.0668713492043673,0.187775701222989));
#1849=CARTESIAN_POINT('',(0.00618522228646442,0.0672441055546306,0.188421334160489));
#1850=CARTESIAN_POINT('',(0.00626855561979776,0.0668713492043673,0.189066967097989));
#1851=CARTESIAN_POINT('',(0.00635188895313109,0.066498592854104,0.189712600035489));
#1852=CARTESIAN_POINT('',(0.00643522228646443,0.0657530801535773,0.189712600035489));
#1853=CARTESIAN_POINT('',(0.00651855561979776,0.0650075674530507,0.189712600035489));
#1854=CARTESIAN_POINT('',(0.00660188895313109,0.0646348111027874,0.189066967097989));
#1855=CARTESIAN_POINT('',(0.00668522228646442,0.0642620547525241,0.188421334160489));
#1856=CARTESIAN_POINT('',(0.00676855561979776,0.0646348111027874,0.187775701222989));
#1857=CARTESIAN_POINT('',(0.00685188895313109,0.0650075674530507,0.187130068285489));
#1858=CARTESIAN_POINT('',(0.00693522228646443,0.0657530801535773,0.187130068285489));
#1859=CARTESIAN_POINT('',(0.00701855561979776,0.066498592854104,0.187130068285489));
#1860=CARTESIAN_POINT('',(0.00710188895313109,0.0668713492043673,0.187775701222989));
#1861=CARTESIAN_POINT('',(0.00712293703189556,0.0669654988646109,0.187938773218046));
#1862=CARTESIAN_POINT('',(0.00714657894916499,0.06700915794954,0.188121941223984));
#1863=CARTESIAN_POINT('',(0.00307133352579877,0.0669266284970381,0.187781329654238));
#1864=CARTESIAN_POINT('',(0.00315345594978616,0.0672858279279677,0.188439977980965));
#1865=CARTESIAN_POINT('',(0.00323446471070685,0.0669107139954483,0.189089694370716));
#1866=CARTESIAN_POINT('',(0.00331779804404018,0.066524836048158,0.189758054580943));
#1867=CARTESIAN_POINT('',(0.00340113137737352,0.0657530801535772,0.189758054580943));
#1868=CARTESIAN_POINT('',(0.00348446471070685,0.0649813242589967,0.189758054580943));
#1869=CARTESIAN_POINT('',(0.00356779804404018,0.0645954463117062,0.189089694370716));
#1870=CARTESIAN_POINT('',(0.00365113137737352,0.064209568364416,0.188421334160489));
#1871=CARTESIAN_POINT('',(0.00373446471070685,0.0645954463117062,0.187752973950261));
#1872=CARTESIAN_POINT('',(0.00381779804404019,0.0649813242589967,0.187084613740034));
#1873=CARTESIAN_POINT('',(0.00390113137737352,0.0657530801535772,0.187084613740034));
#1874=CARTESIAN_POINT('',(0.00398446471070685,0.066524836048158,0.187084613740034));
#1875=CARTESIAN_POINT('',(0.00406779804404019,0.0669107139954483,0.187752973950261));
#1876=CARTESIAN_POINT('',(0.00415113137737352,0.0672965919427387,0.188421334160489));
#1877=CARTESIAN_POINT('',(0.00423446471070685,0.0669107139954483,0.189089694370716));
#1878=CARTESIAN_POINT('',(0.00431779804404018,0.066524836048158,0.189758054580943));
#1879=CARTESIAN_POINT('',(0.00440113137737352,0.0657530801535772,0.189758054580943));
#1880=CARTESIAN_POINT('',(0.00448446471070685,0.0649813242589967,0.189758054580943));
#1881=CARTESIAN_POINT('',(0.00456779804404019,0.0645954463117062,0.189089694370716));
#1882=CARTESIAN_POINT('',(0.00465113137737352,0.064209568364416,0.188421334160489));
#1883=CARTESIAN_POINT('',(0.00473446471070685,0.0645954463117062,0.187752973950261));
#1884=CARTESIAN_POINT('',(0.00481779804404019,0.0649813242589967,0.187084613740034));
#1885=CARTESIAN_POINT('',(0.00490113137737352,0.0657530801535772,0.187084613740034));
#1886=CARTESIAN_POINT('',(0.00498446471070686,0.066524836048158,0.187084613740034));
#1887=CARTESIAN_POINT('',(0.00506779804404018,0.0669107139954483,0.187752973950261));
#1888=CARTESIAN_POINT('',(0.00515113137737352,0.0672965919427387,0.188421334160489));
#1889=CARTESIAN_POINT('',(0.00523446471070685,0.0669107139954483,0.189089694370716));
#1890=CARTESIAN_POINT('',(0.00531779804404019,0.066524836048158,0.189758054580943));
#1891=CARTESIAN_POINT('',(0.00540113137737352,0.0657530801535772,0.189758054580943));
#1892=CARTESIAN_POINT('',(0.00548446471070685,0.0649813242589967,0.189758054580943));
#1893=CARTESIAN_POINT('',(0.00556779804404019,0.0645954463117062,0.189089694370716));
#1894=CARTESIAN_POINT('',(0.00565113137737352,0.064209568364416,0.188421334160489));
#1895=CARTESIAN_POINT('',(0.00573446471070685,0.0645954463117062,0.187752973950261));
#1896=CARTESIAN_POINT('',(0.00581779804404018,0.0649813242589967,0.187084613740034));
#1897=CARTESIAN_POINT('',(0.00590113137737352,0.0657530801535772,0.187084613740034));
#1898=CARTESIAN_POINT('',(0.00598446471070685,0.066524836048158,0.187084613740034));
#1899=CARTESIAN_POINT('',(0.00606779804404019,0.0669107139954483,0.187752973950261));
#1900=CARTESIAN_POINT('',(0.00615113137737352,0.0672965919427387,0.188421334160489));
#1901=CARTESIAN_POINT('',(0.00623446471070686,0.0669107139954483,0.189089694370716));
#1902=CARTESIAN_POINT('',(0.00631779804404019,0.066524836048158,0.189758054580943));
#1903=CARTESIAN_POINT('',(0.00640113137737351,0.0657530801535772,0.189758054580943));
#1904=CARTESIAN_POINT('',(0.00648446471070685,0.0649813242589967,0.189758054580943));
#1905=CARTESIAN_POINT('',(0.00656779804404018,0.0645954463117062,0.189089694370716));
#1906=CARTESIAN_POINT('',(0.00665113137737352,0.064209568364416,0.188421334160489));
#1907=CARTESIAN_POINT('',(0.00673446471070685,0.0645954463117062,0.187752973950261));
#1908=CARTESIAN_POINT('',(0.00681779804404018,0.0649813242589967,0.187084613740034));
#1909=CARTESIAN_POINT('',(0.00690113137737351,0.0657530801535772,0.187084613740034));
#1910=CARTESIAN_POINT('',(0.00698446471070685,0.066524836048158,0.187084613740034));
#1911=CARTESIAN_POINT('',(0.00706779804404018,0.0669107139954483,0.187752973950261));
#1912=CARTESIAN_POINT('',(0.00708884612280466,0.0670081778685848,0.187921786330436));
#1913=CARTESIAN_POINT('',(0.00711248804007408,0.0670533738204743,0.188111402131993));
#1914=CARTESIAN_POINT('',(0.00301451534398059,0.0669266284970381,0.187781329654238));
#1915=CARTESIAN_POINT('',(0.00309663776796798,0.0672858279279677,0.188439977980965));
#1916=CARTESIAN_POINT('',(0.00317764652888867,0.0669107139954483,0.189089694370716));
#1917=CARTESIAN_POINT('',(0.00326097986222201,0.066524836048158,0.189758054580943));
#1918=CARTESIAN_POINT('',(0.00334431319555534,0.0657530801535772,0.189758054580943));
#1919=CARTESIAN_POINT('',(0.00342764652888867,0.0649813242589967,0.189758054580943));
#1920=CARTESIAN_POINT('',(0.00351097986222201,0.0645954463117062,0.189089694370716));
#1921=CARTESIAN_POINT('',(0.00359431319555534,0.064209568364416,0.188421334160489));
#1922=CARTESIAN_POINT('',(0.00367764652888868,0.0645954463117062,0.187752973950261));
#1923=CARTESIAN_POINT('',(0.00376097986222201,0.0649813242589967,0.187084613740034));
#1924=CARTESIAN_POINT('',(0.00384431319555534,0.0657530801535772,0.187084613740034));
#1925=CARTESIAN_POINT('',(0.00392764652888868,0.066524836048158,0.187084613740034));
#1926=CARTESIAN_POINT('',(0.00401097986222201,0.0669107139954483,0.187752973950261));
#1927=CARTESIAN_POINT('',(0.00409431319555534,0.0672965919427387,0.188421334160489));
#1928=CARTESIAN_POINT('',(0.00417764652888867,0.0669107139954483,0.189089694370716));
#1929=CARTESIAN_POINT('',(0.00426097986222201,0.066524836048158,0.189758054580943));
#1930=CARTESIAN_POINT('',(0.00434431319555534,0.0657530801535772,0.189758054580943));
#1931=CARTESIAN_POINT('',(0.00442764652888867,0.0649813242589967,0.189758054580943));
#1932=CARTESIAN_POINT('',(0.00451097986222201,0.0645954463117062,0.189089694370716));
#1933=CARTESIAN_POINT('',(0.00459431319555534,0.064209568364416,0.188421334160489));
#1934=CARTESIAN_POINT('',(0.00467764652888867,0.0645954463117062,0.187752973950261));
#1935=CARTESIAN_POINT('',(0.004760979862222,0.0649813242589967,0.187084613740034));
#1936=CARTESIAN_POINT('',(0.00484431319555534,0.0657530801535772,0.187084613740034));
#1937=CARTESIAN_POINT('',(0.00492764652888868,0.066524836048158,0.187084613740034));
#1938=CARTESIAN_POINT('',(0.00501097986222201,0.0669107139954483,0.187752973950261));
#1939=CARTESIAN_POINT('',(0.00509431319555534,0.0672965919427387,0.188421334160489));
#1940=CARTESIAN_POINT('',(0.00517764652888868,0.0669107139954483,0.189089694370716));
#1941=CARTESIAN_POINT('',(0.00526097986222201,0.066524836048158,0.189758054580943));
#1942=CARTESIAN_POINT('',(0.00534431319555534,0.0657530801535772,0.189758054580943));
#1943=CARTESIAN_POINT('',(0.00542764652888868,0.0649813242589967,0.189758054580943));
#1944=CARTESIAN_POINT('',(0.005510979862222,0.0645954463117062,0.189089694370716));
#1945=CARTESIAN_POINT('',(0.00559431319555534,0.064209568364416,0.188421334160489));
#1946=CARTESIAN_POINT('',(0.00567764652888867,0.0645954463117062,0.187752973950261));
#1947=CARTESIAN_POINT('',(0.00576097986222201,0.0649813242589967,0.187084613740034));
#1948=CARTESIAN_POINT('',(0.00584431319555534,0.0657530801535772,0.187084613740034));
#1949=CARTESIAN_POINT('',(0.00592764652888867,0.066524836048158,0.187084613740034));
#1950=CARTESIAN_POINT('',(0.00601097986222201,0.0669107139954483,0.187752973950261));
#1951=CARTESIAN_POINT('',(0.00609431319555534,0.0672965919427387,0.188421334160489));
#1952=CARTESIAN_POINT('',(0.00617764652888867,0.0669107139954483,0.189089694370716));
#1953=CARTESIAN_POINT('',(0.00626097986222201,0.066524836048158,0.189758054580943));
#1954=CARTESIAN_POINT('',(0.00634431319555534,0.0657530801535772,0.189758054580943));
#1955=CARTESIAN_POINT('',(0.00642764652888868,0.0649813242589967,0.189758054580943));
#1956=CARTESIAN_POINT('',(0.006510979862222,0.0645954463117062,0.189089694370716));
#1957=CARTESIAN_POINT('',(0.00659431319555534,0.064209568364416,0.188421334160489));
#1958=CARTESIAN_POINT('',(0.00667764652888867,0.0645954463117062,0.187752973950261));
#1959=CARTESIAN_POINT('',(0.00676097986222201,0.0649813242589967,0.187084613740034));
#1960=CARTESIAN_POINT('',(0.00684431319555534,0.0657530801535772,0.187084613740034));
#1961=CARTESIAN_POINT('',(0.00692764652888867,0.066524836048158,0.187084613740034));
#1962=CARTESIAN_POINT('',(0.00701097986222201,0.0669107139954483,0.187752973950261));
#1963=CARTESIAN_POINT('',(0.00703202794098648,0.0670081778685848,0.187921786330436));
#1964=CARTESIAN_POINT('',(0.0070556698582559,0.0670533738204743,0.188111402131993));
#1965=CARTESIAN_POINT('',(0.00298042443488968,0.0668867225408601,0.187803092704668));
#1966=CARTESIAN_POINT('',(0.00306254685887707,0.0672337075650891,0.188439344006671));
#1967=CARTESIAN_POINT('',(0.00314355561979776,0.0668713492043673,0.189066967097989));
#1968=CARTESIAN_POINT('',(0.0032268889531311,0.066498592854104,0.189712600035489));
#1969=CARTESIAN_POINT('',(0.00331022228646443,0.0657530801535773,0.189712600035489));
#1970=CARTESIAN_POINT('',(0.00339355561979776,0.0650075674530507,0.189712600035489));
#1971=CARTESIAN_POINT('',(0.0034768889531311,0.0646348111027874,0.189066967097989));
#1972=CARTESIAN_POINT('',(0.00356022228646443,0.0642620547525241,0.188421334160489));
#1973=CARTESIAN_POINT('',(0.00364355561979776,0.0646348111027874,0.187775701222989));
#1974=CARTESIAN_POINT('',(0.0037268889531311,0.0650075674530507,0.187130068285489));
#1975=CARTESIAN_POINT('',(0.00381022228646443,0.0657530801535773,0.187130068285489));
#1976=CARTESIAN_POINT('',(0.00389355561979776,0.066498592854104,0.187130068285489));
#1977=CARTESIAN_POINT('',(0.0039768889531311,0.0668713492043673,0.187775701222989));
#1978=CARTESIAN_POINT('',(0.00406022228646443,0.0672441055546306,0.188421334160489));
#1979=CARTESIAN_POINT('',(0.00414355561979777,0.0668713492043673,0.189066967097989));
#1980=CARTESIAN_POINT('',(0.00422688895313109,0.066498592854104,0.189712600035489));
#1981=CARTESIAN_POINT('',(0.00431022228646443,0.0657530801535773,0.189712600035489));
#1982=CARTESIAN_POINT('',(0.00439355561979776,0.0650075674530507,0.189712600035489));
#1983=CARTESIAN_POINT('',(0.0044768889531311,0.0646348111027874,0.189066967097989));
#1984=CARTESIAN_POINT('',(0.00456022228646443,0.0642620547525241,0.188421334160489));
#1985=CARTESIAN_POINT('',(0.00464355561979776,0.0646348111027874,0.187775701222989));
#1986=CARTESIAN_POINT('',(0.0047268889531311,0.0650075674530507,0.187130068285489));
#1987=CARTESIAN_POINT('',(0.00481022228646443,0.0657530801535773,0.187130068285489));
#1988=CARTESIAN_POINT('',(0.00489355561979777,0.066498592854104,0.187130068285489));
#1989=CARTESIAN_POINT('',(0.0049768889531311,0.0668713492043673,0.187775701222989));
#1990=CARTESIAN_POINT('',(0.00506022228646443,0.0672441055546306,0.188421334160489));
#1991=CARTESIAN_POINT('',(0.00514355561979777,0.0668713492043673,0.189066967097989));
#1992=CARTESIAN_POINT('',(0.00522688895313109,0.066498592854104,0.189712600035489));
#1993=CARTESIAN_POINT('',(0.00531022228646443,0.0657530801535773,0.189712600035489));
#1994=CARTESIAN_POINT('',(0.00539355561979777,0.0650075674530507,0.189712600035489));
#1995=CARTESIAN_POINT('',(0.0054768889531311,0.0646348111027874,0.189066967097989));
#1996=CARTESIAN_POINT('',(0.00556022228646442,0.0642620547525241,0.188421334160489));
#1997=CARTESIAN_POINT('',(0.00564355561979776,0.0646348111027874,0.187775701222989));
#1998=CARTESIAN_POINT('',(0.0057268889531311,0.0650075674530507,0.187130068285489));
#1999=CARTESIAN_POINT('',(0.00581022228646443,0.0657530801535773,0.187130068285489));
#2000=CARTESIAN_POINT('',(0.00589355561979777,0.066498592854104,0.187130068285489));
#2001=CARTESIAN_POINT('',(0.0059768889531311,0.0668713492043673,0.187775701222989));
#2002=CARTESIAN_POINT('',(0.00606022228646443,0.0672441055546306,0.188421334160489));
#2003=CARTESIAN_POINT('',(0.00614355561979776,0.0668713492043673,0.189066967097989));
#2004=CARTESIAN_POINT('',(0.0062268889531311,0.066498592854104,0.189712600035489));
#2005=CARTESIAN_POINT('',(0.00631022228646443,0.0657530801535773,0.189712600035489));
#2006=CARTESIAN_POINT('',(0.00639355561979777,0.0650075674530507,0.189712600035489));
#2007=CARTESIAN_POINT('',(0.0064768889531311,0.0646348111027874,0.189066967097989));
#2008=CARTESIAN_POINT('',(0.00656022228646443,0.0642620547525241,0.188421334160489));
#2009=CARTESIAN_POINT('',(0.00664355561979776,0.0646348111027874,0.187775701222989));
#2010=CARTESIAN_POINT('',(0.0067268889531311,0.0650075674530507,0.187130068285489));
#2011=CARTESIAN_POINT('',(0.00681022228646443,0.0657530801535773,0.187130068285489));
#2012=CARTESIAN_POINT('',(0.00689355561979777,0.066498592854104,0.187130068285489));
#2013=CARTESIAN_POINT('',(0.0069768889531311,0.0668713492043673,0.187775701222989));
#2014=CARTESIAN_POINT('',(0.00699793703189557,0.0669654988646109,0.187938773218046));
#2015=CARTESIAN_POINT('',(0.00702157894916499,0.06700915794954,0.188121941223984));
#2016=CARTESIAN_POINT('',(0.00312774586144153,0.0669651328910877,0.187976030082994));
#2017=CARTESIAN_POINT('',(0.00312774586144153,0.0671319987279878,0.188272781700924));
#2018=CARTESIAN_POINT('',(0.00312774586146182,0.0671183316784083,0.188658327523056));
#2019=CARTESIAN_POINT('',(0.00312774586146182,0.066933625165427,0.188944479489253));
#2020=CARTESIAN_POINT('',(0.00312774586144154,0.0669651328910877,0.187976030082994));
#2021=CARTESIAN_POINT('',(0.00312774586144154,0.0669336251654005,0.188944479489245));
#2022=CARTESIAN_POINT('',(0.000435222286464426,0.0657530801535773,0.189712600035489));
#2023=CARTESIAN_POINT('',(0.000518555619797759,0.0650075674530507,0.189712600035489));
#2024=CARTESIAN_POINT('',(0.000601888953131093,0.0646348111027874,0.189066967097989));
#2025=CARTESIAN_POINT('',(0.000685222286464426,0.0642620547525241,0.188421334160489));
#2026=CARTESIAN_POINT('',(0.000768555619797759,0.0646348111027874,0.187775701222989));
#2027=CARTESIAN_POINT('',(0.000851888953131092,0.0650075674530507,0.187130068285489));
#2028=CARTESIAN_POINT('',(0.000935222286464426,0.0657530801535773,0.187130068285489));
#2029=CARTESIAN_POINT('',(0.00101855561979776,0.066498592854104,0.187130068285489));
#2030=CARTESIAN_POINT('',(0.00110188895313109,0.0668713492043673,0.187775701222989));
#2031=CARTESIAN_POINT('',(0.00118522228646443,0.0672441055546306,0.188421334160489));
#2032=CARTESIAN_POINT('',(0.00126855561979776,0.0668713492043673,0.189066967097989));
#2033=CARTESIAN_POINT('',(0.00135188895313109,0.066498592854104,0.189712600035489));
#2034=CARTESIAN_POINT('',(0.00143522228646443,0.0657530801535773,0.189712600035489));
#2035=CARTESIAN_POINT('',(0.00151855561979776,0.0650075674530507,0.189712600035489));
#2036=CARTESIAN_POINT('',(0.00160188895313109,0.0646348111027874,0.189066967097989));
#2037=CARTESIAN_POINT('',(0.00168522228646443,0.0642620547525241,0.188421334160489));
#2038=CARTESIAN_POINT('',(0.00176855561979776,0.0646348111027874,0.187775701222989));
#2039=CARTESIAN_POINT('',(0.00185188895313109,0.0650075674530507,0.187130068285489));
#2040=CARTESIAN_POINT('',(0.00193522228646442,0.0657530801535773,0.187130068285489));
#2041=CARTESIAN_POINT('',(0.00201855561979776,0.066498592854104,0.187130068285489));
#2042=CARTESIAN_POINT('',(0.00210188895313109,0.0668713492043673,0.187775701222989));
#2043=CARTESIAN_POINT('',(0.00218522228646443,0.0672441055546306,0.188421334160489));
#2044=CARTESIAN_POINT('',(0.00226855561979776,0.0668713492043673,0.189066967097989));
#2045=CARTESIAN_POINT('',(0.00235188895313109,0.066498592854104,0.189712600035489));
#2046=CARTESIAN_POINT('',(0.00243522228646443,0.0657530801535773,0.189712600035489));
#2047=CARTESIAN_POINT('',(0.00251855561979776,0.0650075674530507,0.189712600035489));
#2048=CARTESIAN_POINT('',(0.0026018889531311,0.0646348111027874,0.189066967097989));
#2049=CARTESIAN_POINT('',(0.00268522228646443,0.0642620547525241,0.188421334160489));
#2050=CARTESIAN_POINT('',(0.00276855561979776,0.0646348111027874,0.187775701222989));
#2051=CARTESIAN_POINT('',(0.00285188895313109,0.0650075674530507,0.187130068285489));
#2052=CARTESIAN_POINT('',(0.00293522228646443,0.0657530801535773,0.187130068285489));
#2053=CARTESIAN_POINT('',(0.00301855561979776,0.066498592854104,0.187130068285489));
#2054=CARTESIAN_POINT('',(0.0031018889531311,0.0668713492043673,0.187775701222989));
#2055=CARTESIAN_POINT('',(0.00318522228646443,0.0672441055546306,0.188421334160489));
#2056=CARTESIAN_POINT('',(0.00326855561979776,0.0668713492043673,0.189066967097989));
#2057=CARTESIAN_POINT('',(0.00335188895313109,0.066498592854104,0.189712600035489));
#2058=CARTESIAN_POINT('',(0.00343522228646443,0.0657530801535773,0.189712600035489));
#2059=CARTESIAN_POINT('',(0.00351855561979776,0.0650075674530507,0.189712600035489));
#2060=CARTESIAN_POINT('',(0.0036018889531311,0.0646348111027874,0.189066967097989));
#2061=CARTESIAN_POINT('',(0.00368522228646442,0.0642620547525241,0.188421334160489));
#2062=CARTESIAN_POINT('',(0.00376855561979776,0.0646348111027874,0.187775701222989));
#2063=CARTESIAN_POINT('',(0.00385188895313109,0.0650075674530506,0.187130068285489));
#2064=CARTESIAN_POINT('',(0.00393522228646443,0.0657530801535773,0.187130068285489));
#2065=CARTESIAN_POINT('',(0.00401855561979776,0.066498592854104,0.187130068285489));
#2066=CARTESIAN_POINT('',(0.0041018889531311,0.0668713492043673,0.187775701222989));
#2067=CARTESIAN_POINT('',(0.00418522228646442,0.0672441055546306,0.188421334160489));
#2068=CARTESIAN_POINT('',(0.00426855561979776,0.0668713492043673,0.189066967097989));
#2069=CARTESIAN_POINT('',(0.00435188895313109,0.066498592854104,0.189712600035489));
#2070=CARTESIAN_POINT('',(0.00443522228646443,0.0657530801535773,0.189712600035489));
#2071=CARTESIAN_POINT('',(0.00451855561979776,0.0650075674530507,0.189712600035489));
#2072=CARTESIAN_POINT('',(0.00460188895313109,0.0646348111027874,0.189066967097989));
#2073=CARTESIAN_POINT('',(0.00468522228646442,0.0642620547525241,0.188421334160489));
#2074=CARTESIAN_POINT('',(0.00476855561979776,0.0646348111027874,0.187775701222989));
#2075=CARTESIAN_POINT('',(0.00485188895313109,0.0650075674530506,0.187130068285489));
#2076=CARTESIAN_POINT('',(0.00493522228646443,0.0657530801535773,0.187130068285489));
#2077=CARTESIAN_POINT('',(0.00501855561979776,0.066498592854104,0.187130068285489));
#2078=CARTESIAN_POINT('',(0.00510188895313109,0.0668713492043673,0.187775701222989));
#2079=CARTESIAN_POINT('',(0.00518522228646442,0.0672441055546306,0.188421334160489));
#2080=CARTESIAN_POINT('',(0.00526855561979776,0.0668713492043673,0.189066967097989));
#2081=CARTESIAN_POINT('',(0.00535188895313109,0.066498592854104,0.189712600035489));
#2082=CARTESIAN_POINT('',(0.00543522228646443,0.0657530801535773,0.189712600035489));
#2083=CARTESIAN_POINT('',(0.00551855561979776,0.0650075674530507,0.189712600035489));
#2084=CARTESIAN_POINT('',(0.00560188895313109,0.0646348111027874,0.189066967097989));
#2085=CARTESIAN_POINT('',(0.00568522228646442,0.0642620547525241,0.188421334160489));
#2086=CARTESIAN_POINT('',(0.00576855561979776,0.0646348111027874,0.187775701222989));
#2087=CARTESIAN_POINT('',(0.00585188895313109,0.0650075674530507,0.187130068285489));
#2088=CARTESIAN_POINT('',(0.00593522228646443,0.0657530801535773,0.187130068285489));
#2089=CARTESIAN_POINT('',(0.00601855561979776,0.066498592854104,0.187130068285489));
#2090=CARTESIAN_POINT('',(0.00610188895313109,0.0668713492043673,0.187775701222989));
#2091=CARTESIAN_POINT('',(0.00618522228646442,0.0672441055546306,0.188421334160489));
#2092=CARTESIAN_POINT('',(0.00626855561979776,0.0668713492043673,0.189066967097989));
#2093=CARTESIAN_POINT('',(0.00635188895313109,0.066498592854104,0.189712600035489));
#2094=CARTESIAN_POINT('',(0.00643522228646443,0.0657530801535773,0.189712600035489));
#2095=CARTESIAN_POINT('',(0.00651855561979776,0.0650075674530507,0.189712600035489));
#2096=CARTESIAN_POINT('',(0.00660188895313109,0.0646348111027874,0.189066967097989));
#2097=CARTESIAN_POINT('',(0.00668522228646442,0.0642620547525241,0.188421334160489));
#2098=CARTESIAN_POINT('',(0.00676855561979776,0.0646348111027874,0.187775701222989));
#2099=CARTESIAN_POINT('',(0.00685188895313109,0.0650075674530507,0.187130068285489));
#2100=CARTESIAN_POINT('',(0.00693522228646443,0.0657530801535773,0.187130068285489));
#2101=CARTESIAN_POINT('',(0.00701855561979776,0.066498592854104,0.187130068285489));
#2102=CARTESIAN_POINT('',(0.00710188895313109,0.0668713492043672,0.187775701222989));
#2103=CARTESIAN_POINT('',(0.00718522228646442,0.0672441055546306,0.188421334160489));
#2104=CARTESIAN_POINT('',(0.00726855561979776,0.0668713492043673,0.189066967097989));
#2105=CARTESIAN_POINT('',(0.00735188895313109,0.066498592854104,0.189712600035489));
#2106=CARTESIAN_POINT('',(0.00743522228646443,0.0657530801535773,0.189712600035489));
#2107=CARTESIAN_POINT('',(0.00751855561979776,0.0650075674530507,0.189712600035489));
#2108=CARTESIAN_POINT('',(0.00760188895313109,0.0646348111027874,0.189066967097989));
#2109=CARTESIAN_POINT('',(0.00768522228646442,0.0642620547525241,0.188421334160489));
#2110=CARTESIAN_POINT('',(0.00776855561979776,0.0646348111027874,0.187775701222989));
#2111=CARTESIAN_POINT('',(0.00785188895313109,0.0650075674530506,0.187130068285489));
#2112=CARTESIAN_POINT('',(0.00793522228646443,0.0657530801535773,0.187130068285489));
#2113=CARTESIAN_POINT('',(0.00801855561979776,0.066498592854104,0.187130068285489));
#2114=CARTESIAN_POINT('',(0.00810188895313109,0.0668713492043672,0.187775701222989));
#2115=CARTESIAN_POINT('',(0.00818522228646442,0.0672441055546306,0.188421334160489));
#2116=CARTESIAN_POINT('',(0.00826855561979776,0.0668713492043673,0.189066967097989));
#2117=CARTESIAN_POINT('',(0.00835188895313109,0.066498592854104,0.189712600035489));
#2118=CARTESIAN_POINT('',(0.00843522228646443,0.0657530801535773,0.189712600035489));
#2119=CARTESIAN_POINT('',(0.000310222286464436,0.0657530801535773,0.189712600035489));
#2120=CARTESIAN_POINT('',(0.000393555619797769,0.0650075674530507,0.189712600035489));
#2121=CARTESIAN_POINT('',(0.000476888953131102,0.0646348111027874,0.189066967097989));
#2122=CARTESIAN_POINT('',(0.000560222286464435,0.0642620547525241,0.188421334160489));
#2123=CARTESIAN_POINT('',(0.000643555619797769,0.0646348111027874,0.187775701222989));
#2124=CARTESIAN_POINT('',(0.000726888953131102,0.0650075674530507,0.187130068285489));
#2125=CARTESIAN_POINT('',(0.000810222286464436,0.0657530801535773,0.187130068285489));
#2126=CARTESIAN_POINT('',(0.000893555619797768,0.066498592854104,0.187130068285489));
#2127=CARTESIAN_POINT('',(0.000976888953131102,0.0668713492043673,0.187775701222989));
#2128=CARTESIAN_POINT('',(0.00106022228646444,0.0672441055546306,0.188421334160489));
#2129=CARTESIAN_POINT('',(0.00114355561979777,0.0668713492043673,0.189066967097989));
#2130=CARTESIAN_POINT('',(0.0012268889531311,0.066498592854104,0.189712600035489));
#2131=CARTESIAN_POINT('',(0.00131022228646444,0.0657530801535773,0.189712600035489));
#2132=CARTESIAN_POINT('',(0.00139355561979777,0.0650075674530507,0.189712600035489));
#2133=CARTESIAN_POINT('',(0.0014768889531311,0.0646348111027874,0.189066967097989));
#2134=CARTESIAN_POINT('',(0.00156022228646443,0.0642620547525241,0.188421334160489));
#2135=CARTESIAN_POINT('',(0.00164355561979777,0.0646348111027874,0.187775701222989));
#2136=CARTESIAN_POINT('',(0.0017268889531311,0.0650075674530507,0.187130068285489));
#2137=CARTESIAN_POINT('',(0.00181022228646443,0.0657530801535773,0.187130068285489));
#2138=CARTESIAN_POINT('',(0.00189355561979777,0.066498592854104,0.187130068285489));
#2139=CARTESIAN_POINT('',(0.0019768889531311,0.0668713492043673,0.187775701222989));
#2140=CARTESIAN_POINT('',(0.00206022228646444,0.0672441055546306,0.188421334160489));
#2141=CARTESIAN_POINT('',(0.00214355561979777,0.0668713492043673,0.189066967097989));
#2142=CARTESIAN_POINT('',(0.0022268889531311,0.066498592854104,0.189712600035489));
#2143=CARTESIAN_POINT('',(0.00231022228646443,0.0657530801535773,0.189712600035489));
#2144=CARTESIAN_POINT('',(0.00239355561979777,0.0650075674530507,0.189712600035489));
#2145=CARTESIAN_POINT('',(0.00247688895313111,0.0646348111027874,0.189066967097989));
#2146=CARTESIAN_POINT('',(0.00256022228646443,0.0642620547525241,0.188421334160489));
#2147=CARTESIAN_POINT('',(0.00264355561979777,0.0646348111027874,0.187775701222989));
#2148=CARTESIAN_POINT('',(0.0027268889531311,0.0650075674530507,0.187130068285489));
#2149=CARTESIAN_POINT('',(0.00281022228646443,0.0657530801535773,0.187130068285489));
#2150=CARTESIAN_POINT('',(0.00289355561979777,0.066498592854104,0.187130068285489));
#2151=CARTESIAN_POINT('',(0.00297688895313111,0.0668713492043673,0.187775701222989));
#2152=CARTESIAN_POINT('',(0.00306022228646443,0.0672441055546306,0.188421334160489));
#2153=CARTESIAN_POINT('',(0.00314355561979777,0.0668713492043673,0.189066967097989));
#2154=CARTESIAN_POINT('',(0.0032268889531311,0.066498592854104,0.189712600035489));
#2155=CARTESIAN_POINT('',(0.00331022228646443,0.0657530801535773,0.189712600035489));
#2156=CARTESIAN_POINT('',(0.00339355561979777,0.0650075674530507,0.189712600035489));
#2157=CARTESIAN_POINT('',(0.00347688895313111,0.0646348111027874,0.189066967097989));
#2158=CARTESIAN_POINT('',(0.00356022228646443,0.0642620547525241,0.188421334160489));
#2159=CARTESIAN_POINT('',(0.00364355561979777,0.0646348111027874,0.187775701222989));
#2160=CARTESIAN_POINT('',(0.0037268889531311,0.0650075674530506,0.187130068285489));
#2161=CARTESIAN_POINT('',(0.00381022228646443,0.0657530801535773,0.187130068285489));
#2162=CARTESIAN_POINT('',(0.00389355561979777,0.066498592854104,0.187130068285489));
#2163=CARTESIAN_POINT('',(0.0039768889531311,0.0668713492043673,0.187775701222989));
#2164=CARTESIAN_POINT('',(0.00406022228646444,0.0672441055546306,0.188421334160489));
#2165=CARTESIAN_POINT('',(0.00414355561979777,0.0668713492043673,0.189066967097989));
#2166=CARTESIAN_POINT('',(0.0042268889531311,0.066498592854104,0.189712600035489));
#2167=CARTESIAN_POINT('',(0.00431022228646443,0.0657530801535773,0.189712600035489));
#2168=CARTESIAN_POINT('',(0.00439355561979777,0.0650075674530507,0.189712600035489));
#2169=CARTESIAN_POINT('',(0.0044768889531311,0.0646348111027874,0.189066967097989));
#2170=CARTESIAN_POINT('',(0.00456022228646443,0.0642620547525241,0.188421334160489));
#2171=CARTESIAN_POINT('',(0.00464355561979777,0.0646348111027874,0.187775701222989));
#2172=CARTESIAN_POINT('',(0.0047268889531311,0.0650075674530506,0.187130068285489));
#2173=CARTESIAN_POINT('',(0.00481022228646444,0.0657530801535773,0.187130068285489));
#2174=CARTESIAN_POINT('',(0.00489355561979777,0.066498592854104,0.187130068285489));
#2175=CARTESIAN_POINT('',(0.0049768889531311,0.0668713492043673,0.187775701222989));
#2176=CARTESIAN_POINT('',(0.00506022228646444,0.0672441055546306,0.188421334160489));
#2177=CARTESIAN_POINT('',(0.00514355561979777,0.0668713492043673,0.189066967097989));
#2178=CARTESIAN_POINT('',(0.00522688895313111,0.066498592854104,0.189712600035489));
#2179=CARTESIAN_POINT('',(0.00531022228646444,0.0657530801535773,0.189712600035489));
#2180=CARTESIAN_POINT('',(0.00539355561979777,0.0650075674530507,0.189712600035489));
#2181=CARTESIAN_POINT('',(0.0054768889531311,0.0646348111027874,0.189066967097989));
#2182=CARTESIAN_POINT('',(0.00556022228646444,0.0642620547525241,0.188421334160489));
#2183=CARTESIAN_POINT('',(0.00564355561979777,0.0646348111027874,0.187775701222989));
#2184=CARTESIAN_POINT('',(0.00572688895313111,0.0650075674530507,0.187130068285489));
#2185=CARTESIAN_POINT('',(0.00581022228646444,0.0657530801535773,0.187130068285489));
#2186=CARTESIAN_POINT('',(0.00589355561979777,0.066498592854104,0.187130068285489));
#2187=CARTESIAN_POINT('',(0.0059768889531311,0.0668713492043673,0.187775701222989));
#2188=CARTESIAN_POINT('',(0.00606022228646444,0.0672441055546306,0.188421334160489));
#2189=CARTESIAN_POINT('',(0.00614355561979777,0.0668713492043673,0.189066967097989));
#2190=CARTESIAN_POINT('',(0.0062268889531311,0.066498592854104,0.189712600035489));
#2191=CARTESIAN_POINT('',(0.00631022228646444,0.0657530801535773,0.189712600035489));
#2192=CARTESIAN_POINT('',(0.00639355561979777,0.0650075674530507,0.189712600035489));
#2193=CARTESIAN_POINT('',(0.0064768889531311,0.0646348111027874,0.189066967097989));
#2194=CARTESIAN_POINT('',(0.00656022228646444,0.0642620547525241,0.188421334160489));
#2195=CARTESIAN_POINT('',(0.00664355561979777,0.0646348111027874,0.187775701222989));
#2196=CARTESIAN_POINT('',(0.0067268889531311,0.0650075674530507,0.187130068285489));
#2197=CARTESIAN_POINT('',(0.00681022228646444,0.0657530801535773,0.187130068285489));
#2198=CARTESIAN_POINT('',(0.00689355561979777,0.066498592854104,0.187130068285489));
#2199=CARTESIAN_POINT('',(0.0069768889531311,0.0668713492043672,0.187775701222989));
#2200=CARTESIAN_POINT('',(0.00706022228646444,0.0672441055546306,0.188421334160489));
#2201=CARTESIAN_POINT('',(0.00714355561979777,0.0668713492043673,0.189066967097989));
#2202=CARTESIAN_POINT('',(0.0072268889531311,0.066498592854104,0.189712600035489));
#2203=CARTESIAN_POINT('',(0.00731022228646444,0.0657530801535773,0.189712600035489));
#2204=CARTESIAN_POINT('',(0.00739355561979777,0.0650075674530507,0.189712600035489));
#2205=CARTESIAN_POINT('',(0.0074768889531311,0.0646348111027874,0.189066967097989));
#2206=CARTESIAN_POINT('',(0.00756022228646444,0.0642620547525241,0.188421334160489));
#2207=CARTESIAN_POINT('',(0.00764355561979777,0.0646348111027874,0.187775701222989));
#2208=CARTESIAN_POINT('',(0.0077268889531311,0.0650075674530506,0.187130068285489));
#2209=CARTESIAN_POINT('',(0.00781022228646444,0.0657530801535773,0.187130068285489));
#2210=CARTESIAN_POINT('',(0.00789355561979777,0.066498592854104,0.187130068285489));
#2211=CARTESIAN_POINT('',(0.0079768889531311,0.0668713492043672,0.187775701222989));
#2212=CARTESIAN_POINT('',(0.00806022228646444,0.0672441055546306,0.188421334160489));
#2213=CARTESIAN_POINT('',(0.00814355561979777,0.0668713492043673,0.189066967097989));
#2214=CARTESIAN_POINT('',(0.0082268889531311,0.066498592854104,0.189712600035489));
#2215=CARTESIAN_POINT('',(0.00831022228646444,0.0657530801535773,0.189712600035489));
#2216=CARTESIAN_POINT('',(0.00310312752482351,0.0670008259379275,0.1887537465814));
#2217=CARTESIAN_POINT('',(0.00312444775676976,0.0669568201317711,0.188918927109155));
#2218=CARTESIAN_POINT('',(0.00314355561979777,0.0668713492043673,0.189066967097989));
#2219=CARTESIAN_POINT('',(0.0032268889531311,0.066498592854104,0.189712600035489));
#2220=CARTESIAN_POINT('',(0.00331022228646443,0.0657530801535773,0.189712600035489));
#2221=CARTESIAN_POINT('',(0.00339355561979777,0.0650075674530507,0.189712600035489));
#2222=CARTESIAN_POINT('',(0.00347688895313111,0.0646348111027874,0.189066967097989));
#2223=CARTESIAN_POINT('',(0.00356022228646443,0.0642620547525241,0.188421334160489));
#2224=CARTESIAN_POINT('',(0.00364355561979777,0.0646348111027874,0.187775701222989));
#2225=CARTESIAN_POINT('',(0.0037268889531311,0.0650075674530507,0.187130068285489));
#2226=CARTESIAN_POINT('',(0.00381022228646443,0.0657530801535773,0.187130068285489));
#2227=CARTESIAN_POINT('',(0.00389355561979777,0.066498592854104,0.187130068285489));
#2228=CARTESIAN_POINT('',(0.0039768889531311,0.0668713492043673,0.187775701222989));
#2229=CARTESIAN_POINT('',(0.00406022228646444,0.0672441055546306,0.188421334160489));
#2230=CARTESIAN_POINT('',(0.00414355561979777,0.0668713492043673,0.189066967097989));
#2231=CARTESIAN_POINT('',(0.0042268889531311,0.066498592854104,0.189712600035489));
#2232=CARTESIAN_POINT('',(0.00431022228646443,0.0657530801535773,0.189712600035489));
#2233=CARTESIAN_POINT('',(0.00439355561979777,0.0650075674530507,0.189712600035489));
#2234=CARTESIAN_POINT('',(0.0044768889531311,0.0646348111027874,0.189066967097989));
#2235=CARTESIAN_POINT('',(0.00456022228646443,0.0642620547525241,0.188421334160489));
#2236=CARTESIAN_POINT('',(0.00464355561979777,0.0646348111027874,0.187775701222989));
#2237=CARTESIAN_POINT('',(0.0047268889531311,0.0650075674530507,0.187130068285489));
#2238=CARTESIAN_POINT('',(0.00481022228646444,0.0657530801535773,0.187130068285489));
#2239=CARTESIAN_POINT('',(0.00489355561979777,0.066498592854104,0.187130068285489));
#2240=CARTESIAN_POINT('',(0.0049768889531311,0.0668713492043673,0.187775701222989));
#2241=CARTESIAN_POINT('',(0.00506022228646444,0.0672441055546306,0.188421334160489));
#2242=CARTESIAN_POINT('',(0.00514355561979777,0.0668713492043673,0.189066967097989));
#2243=CARTESIAN_POINT('',(0.00522688895313111,0.066498592854104,0.189712600035489));
#2244=CARTESIAN_POINT('',(0.00531022228646444,0.0657530801535773,0.189712600035489));
#2245=CARTESIAN_POINT('',(0.00539355561979777,0.0650075674530507,0.189712600035489));
#2246=CARTESIAN_POINT('',(0.0054768889531311,0.0646348111027874,0.189066967097989));
#2247=CARTESIAN_POINT('',(0.00556022228646444,0.0642620547525241,0.188421334160489));
#2248=CARTESIAN_POINT('',(0.00564355561979777,0.0646348111027874,0.187775701222989));
#2249=CARTESIAN_POINT('',(0.00572688895313111,0.0650075674530507,0.187130068285489));
#2250=CARTESIAN_POINT('',(0.00581022228646444,0.0657530801535773,0.187130068285489));
#2251=CARTESIAN_POINT('',(0.00589355561979777,0.066498592854104,0.187130068285489));
#2252=CARTESIAN_POINT('',(0.0059768889531311,0.0668713492043673,0.187775701222989));
#2253=CARTESIAN_POINT('',(0.00606022228646444,0.0672441055546306,0.188421334160489));
#2254=CARTESIAN_POINT('',(0.00614355561979777,0.0668713492043673,0.189066967097989));
#2255=CARTESIAN_POINT('',(0.0062268889531311,0.066498592854104,0.189712600035489));
#2256=CARTESIAN_POINT('',(0.00631022228646444,0.0657530801535773,0.189712600035489));
#2257=CARTESIAN_POINT('',(0.00639355561979777,0.0650075674530507,0.189712600035489));
#2258=CARTESIAN_POINT('',(0.0064768889531311,0.0646348111027874,0.189066967097989));
#2259=CARTESIAN_POINT('',(0.00656022228646444,0.0642620547525241,0.188421334160489));
#2260=CARTESIAN_POINT('',(0.00664355561979777,0.0646348111027874,0.187775701222989));
#2261=CARTESIAN_POINT('',(0.0067268889531311,0.0650075674530507,0.187130068285489));
#2262=CARTESIAN_POINT('',(0.00681022228646444,0.0657530801535773,0.187130068285489));
#2263=CARTESIAN_POINT('',(0.00689355561979777,0.066498592854104,0.187130068285489));
#2264=CARTESIAN_POINT('',(0.0069768889531311,0.0668713492043673,0.187775701222989));
#2265=CARTESIAN_POINT('',(0.00706022228646444,0.0672441055546306,0.188421334160489));
#2266=CARTESIAN_POINT('',(0.00714355561979777,0.0668713492043673,0.189066967097989));
#2267=CARTESIAN_POINT('',(0.0072268889531311,0.066498592854104,0.189712600035489));
#2268=CARTESIAN_POINT('',(0.00731022228646444,0.0657530801535773,0.189712600035489));
#2269=CARTESIAN_POINT('',(0.00732131699730572,0.0656538251794872,0.189712600035489));
#2270=CARTESIAN_POINT('',(0.00733326032999812,0.0655557362013275,0.18969743091405));
#2271=CARTESIAN_POINT('',(0.00279062752482352,0.0664778025801361,0.188614407733105));
#2272=CARTESIAN_POINT('',(0.00281194775676976,0.0664522428907985,0.188710348776863));
#2273=CARTESIAN_POINT('',(0.00283105561979777,0.0664025992064156,0.188796334160489));
#2274=CARTESIAN_POINT('',(0.0029143889531311,0.0661860928554696,0.189171334160489));
#2275=CARTESIAN_POINT('',(0.00299772228646444,0.0657530801535773,0.189171334160489));
#2276=CARTESIAN_POINT('',(0.00308105561979777,0.0653200674516851,0.189171334160489));
#2277=CARTESIAN_POINT('',(0.0031643889531311,0.065103561100739,0.188796334160489));
#2278=CARTESIAN_POINT('',(0.00324772228646444,0.0648870547497929,0.188421334160489));
#2279=CARTESIAN_POINT('',(0.00333105561979777,0.065103561100739,0.188046334160489));
#2280=CARTESIAN_POINT('',(0.0034143889531311,0.0653200674516851,0.187671334160489));
#2281=CARTESIAN_POINT('',(0.00349772228646444,0.0657530801535773,0.187671334160489));
#2282=CARTESIAN_POINT('',(0.00358105561979777,0.0661860928554696,0.187671334160489));
#2283=CARTESIAN_POINT('',(0.0036643889531311,0.0664025992064156,0.188046334160489));
#2284=CARTESIAN_POINT('',(0.00374772228646443,0.0666191055573618,0.188421334160489));
#2285=CARTESIAN_POINT('',(0.00383105561979777,0.0664025992064156,0.188796334160489));
#2286=CARTESIAN_POINT('',(0.0039143889531311,0.0661860928554696,0.189171334160489));
#2287=CARTESIAN_POINT('',(0.00399772228646444,0.0657530801535773,0.189171334160489));
#2288=CARTESIAN_POINT('',(0.00408105561979777,0.0653200674516851,0.189171334160489));
#2289=CARTESIAN_POINT('',(0.0041643889531311,0.065103561100739,0.188796334160489));
#2290=CARTESIAN_POINT('',(0.00424772228646443,0.0648870547497929,0.188421334160489));
#2291=CARTESIAN_POINT('',(0.00433105561979777,0.065103561100739,0.188046334160489));
#2292=CARTESIAN_POINT('',(0.0044143889531311,0.0653200674516851,0.187671334160489));
#2293=CARTESIAN_POINT('',(0.00449772228646443,0.0657530801535773,0.187671334160489));
#2294=CARTESIAN_POINT('',(0.00458105561979777,0.0661860928554696,0.187671334160489));
#2295=CARTESIAN_POINT('',(0.0046643889531311,0.0664025992064156,0.188046334160489));
#2296=CARTESIAN_POINT('',(0.00474772228646443,0.0666191055573618,0.188421334160489));
#2297=CARTESIAN_POINT('',(0.00483105561979777,0.0664025992064156,0.188796334160489));
#2298=CARTESIAN_POINT('',(0.0049143889531311,0.0661860928554696,0.189171334160489));
#2299=CARTESIAN_POINT('',(0.00499772228646443,0.0657530801535773,0.189171334160489));
#2300=CARTESIAN_POINT('',(0.00508105561979777,0.0653200674516851,0.189171334160489));
#2301=CARTESIAN_POINT('',(0.0051643889531311,0.065103561100739,0.188796334160489));
#2302=CARTESIAN_POINT('',(0.00524772228646443,0.0648870547497929,0.188421334160489));
#2303=CARTESIAN_POINT('',(0.00533105561979777,0.065103561100739,0.188046334160489));
#2304=CARTESIAN_POINT('',(0.0054143889531311,0.0653200674516851,0.187671334160489));
#2305=CARTESIAN_POINT('',(0.00549772228646443,0.0657530801535773,0.187671334160489));
#2306=CARTESIAN_POINT('',(0.00558105561979776,0.0661860928554696,0.187671334160489));
#2307=CARTESIAN_POINT('',(0.0056643889531311,0.0664025992064156,0.188046334160489));
#2308=CARTESIAN_POINT('',(0.00574772228646443,0.0666191055573618,0.188421334160489));
#2309=CARTESIAN_POINT('',(0.00583105561979777,0.0664025992064156,0.188796334160489));
#2310=CARTESIAN_POINT('',(0.0059143889531311,0.0661860928554696,0.189171334160489));
#2311=CARTESIAN_POINT('',(0.00599772228646443,0.0657530801535773,0.189171334160489));
#2312=CARTESIAN_POINT('',(0.00608105561979776,0.0653200674516851,0.189171334160489));
#2313=CARTESIAN_POINT('',(0.0061643889531311,0.065103561100739,0.188796334160489));
#2314=CARTESIAN_POINT('',(0.00624772228646443,0.0648870547497929,0.188421334160489));
#2315=CARTESIAN_POINT('',(0.00633105561979777,0.065103561100739,0.188046334160489));
#2316=CARTESIAN_POINT('',(0.00641438895313111,0.0653200674516851,0.187671334160489));
#2317=CARTESIAN_POINT('',(0.00649772228646443,0.0657530801535773,0.187671334160489));
#2318=CARTESIAN_POINT('',(0.00658105561979776,0.0661860928554696,0.187671334160489));
#2319=CARTESIAN_POINT('',(0.0066643889531311,0.0664025992064156,0.188046334160489));
#2320=CARTESIAN_POINT('',(0.00674772228646444,0.0666191055573618,0.188421334160489));
#2321=CARTESIAN_POINT('',(0.00683105561979777,0.0664025992064156,0.188796334160489));
#2322=CARTESIAN_POINT('',(0.00691438895313109,0.0661860928554696,0.189171334160489));
#2323=CARTESIAN_POINT('',(0.00699772228646443,0.0657530801535773,0.189171334160489));
#2324=CARTESIAN_POINT('',(0.00700881699730571,0.0656954303449602,0.189171334160489));
#2325=CARTESIAN_POINT('',(0.00702076032999811,0.0656384577763792,0.189162523549677));
#2326=CARTESIAN_POINT('',(0.00312774586144153,0.0669336251654005,0.188944479489245));
#2327=CARTESIAN_POINT('',(0.00312774586144153,0.066731330815569,0.189228593096551));
#2328=CARTESIAN_POINT('',(0.00312774586144153,0.0660760759876119,0.189614468138434));
#2329=CARTESIAN_POINT('',(0.00312774586144158,0.0653510512329861,0.189262298291534));
#2330=CARTESIAN_POINT('',(0.00312774586144158,0.0652111384197208,0.188939792603476));
#2331=CARTESIAN_POINT('',(0.00310267426880909,0.0651642271137291,0.187956842936178));
#2332=CARTESIAN_POINT('',(0.00317773938863358,0.0653894383494656,0.187671334160489));
#2333=CARTESIAN_POINT('',(0.00324772228646442,0.0657530801535773,0.187671334160489));
#2334=CARTESIAN_POINT('',(0.00333105561979776,0.0661860928554696,0.187671334160489));
#2335=CARTESIAN_POINT('',(0.00341438895313108,0.0664025992064156,0.188046334160489));
#2336=CARTESIAN_POINT('',(0.00349772228646442,0.0666191055573618,0.188421334160489));
#2337=CARTESIAN_POINT('',(0.00358105561979775,0.0664025992064156,0.188796334160489));
#2338=CARTESIAN_POINT('',(0.00366438895313108,0.0661860928554696,0.189171334160489));
#2339=CARTESIAN_POINT('',(0.00374772228646442,0.0657530801535773,0.189171334160489));
#2340=CARTESIAN_POINT('',(0.00383105561979775,0.0653200674516851,0.189171334160489));
#2341=CARTESIAN_POINT('',(0.00391438895313108,0.065103561100739,0.188796334160489));
#2342=CARTESIAN_POINT('',(0.00399772228646442,0.0648870547497929,0.188421334160489));
#2343=CARTESIAN_POINT('',(0.00408105561979775,0.065103561100739,0.188046334160489));
#2344=CARTESIAN_POINT('',(0.00416438895313109,0.0653200674516851,0.187671334160489));
#2345=CARTESIAN_POINT('',(0.00424772228646442,0.0657530801535773,0.187671334160489));
#2346=CARTESIAN_POINT('',(0.00433105561979775,0.0661860928554696,0.187671334160489));
#2347=CARTESIAN_POINT('',(0.00441438895313108,0.0664025992064156,0.188046334160489));
#2348=CARTESIAN_POINT('',(0.00449772228646442,0.0666191055573618,0.188421334160489));
#2349=CARTESIAN_POINT('',(0.00458105561979775,0.0664025992064156,0.188796334160489));
#2350=CARTESIAN_POINT('',(0.00466438895313109,0.0661860928554696,0.189171334160489));
#2351=CARTESIAN_POINT('',(0.00474772228646442,0.0657530801535773,0.189171334160489));
#2352=CARTESIAN_POINT('',(0.00483105561979775,0.0653200674516851,0.189171334160489));
#2353=CARTESIAN_POINT('',(0.00491438895313109,0.065103561100739,0.188796334160489));
#2354=CARTESIAN_POINT('',(0.00499772228646442,0.0648870547497929,0.188421334160489));
#2355=CARTESIAN_POINT('',(0.00508105561979775,0.065103561100739,0.188046334160489));
#2356=CARTESIAN_POINT('',(0.00516438895313109,0.0653200674516851,0.187671334160489));
#2357=CARTESIAN_POINT('',(0.00524772228646442,0.0657530801535773,0.187671334160489));
#2358=CARTESIAN_POINT('',(0.00533105561979775,0.0661860928554696,0.187671334160489));
#2359=CARTESIAN_POINT('',(0.00541438895313109,0.0664025992064156,0.188046334160489));
#2360=CARTESIAN_POINT('',(0.00549772228646442,0.0666191055573618,0.188421334160489));
#2361=CARTESIAN_POINT('',(0.00558105561979775,0.0664025992064156,0.188796334160489));
#2362=CARTESIAN_POINT('',(0.00566438895313108,0.0661860928554696,0.189171334160489));
#2363=CARTESIAN_POINT('',(0.00574772228646442,0.0657530801535773,0.189171334160489));
#2364=CARTESIAN_POINT('',(0.00583105561979775,0.0653200674516851,0.189171334160489));
#2365=CARTESIAN_POINT('',(0.00591438895313109,0.065103561100739,0.188796334160489));
#2366=CARTESIAN_POINT('',(0.00599772228646442,0.0648870547497929,0.188421334160489));
#2367=CARTESIAN_POINT('',(0.00608105561979775,0.065103561100739,0.188046334160489));
#2368=CARTESIAN_POINT('',(0.00616438895313108,0.0653200674516851,0.187671334160489));
#2369=CARTESIAN_POINT('',(0.00624772228646442,0.0657530801535773,0.187671334160489));
#2370=CARTESIAN_POINT('',(0.00633105561979775,0.0661860928554696,0.187671334160489));
#2371=CARTESIAN_POINT('',(0.00641438895313109,0.0664025992064156,0.188046334160489));
#2372=CARTESIAN_POINT('',(0.00649772228646442,0.0666191055573618,0.188421334160489));
#2373=CARTESIAN_POINT('',(0.00658105561979775,0.0664025992064156,0.188796334160489));
#2374=CARTESIAN_POINT('',(0.00666438895313108,0.0661860928554696,0.189171334160489));
#2375=CARTESIAN_POINT('',(0.00674772228646442,0.0657530801535773,0.189171334160489));
#2376=CARTESIAN_POINT('',(0.00683105561979775,0.0653200674516851,0.189171334160489));
#2377=CARTESIAN_POINT('',(0.00691438895313109,0.065103561100739,0.188796334160489));
#2378=CARTESIAN_POINT('',(0.00699772228646442,0.0648870547497929,0.188421334160489));
#2379=CARTESIAN_POINT('',(0.00708105561979775,0.065103561100739,0.188046334160489));
#2380=CARTESIAN_POINT('',(0.00716438895313108,0.0653200674516851,0.187671334160489));
#2381=CARTESIAN_POINT('',(0.00724772228646442,0.0657530801535773,0.187671334160489));
#2382=CARTESIAN_POINT('',(0.00728918458586562,0.0659685245810619,0.187671334160489));
#2383=CARTESIAN_POINT('',(0.00733703035216994,0.0661511233335498,0.18778567574052));
#2384=CARTESIAN_POINT('',(0.00279017426880909,0.0647392590392493,0.187621625270903));
#2385=CARTESIAN_POINT('',(0.00286523938863358,0.0651270024837468,0.187130068285489));
#2386=CARTESIAN_POINT('',(0.00293522228646442,0.0657530801535773,0.187130068285489));
#2387=CARTESIAN_POINT('',(0.00301855561979775,0.066498592854104,0.187130068285489));
#2388=CARTESIAN_POINT('',(0.00310188895313108,0.0668713492043673,0.187775701222989));
#2389=CARTESIAN_POINT('',(0.00318522228646442,0.0672441055546306,0.188421334160489));
#2390=CARTESIAN_POINT('',(0.00326855561979776,0.0668713492043673,0.189066967097989));
#2391=CARTESIAN_POINT('',(0.00335188895313109,0.066498592854104,0.189712600035489));
#2392=CARTESIAN_POINT('',(0.00343522228646442,0.0657530801535773,0.189712600035489));
#2393=CARTESIAN_POINT('',(0.00351855561979775,0.0650075674530507,0.189712600035489));
#2394=CARTESIAN_POINT('',(0.00360188895313108,0.0646348111027874,0.189066967097989));
#2395=CARTESIAN_POINT('',(0.00368522228646442,0.0642620547525241,0.188421334160489));
#2396=CARTESIAN_POINT('',(0.00376855561979776,0.0646348111027874,0.187775701222989));
#2397=CARTESIAN_POINT('',(0.00385188895313109,0.0650075674530507,0.187130068285489));
#2398=CARTESIAN_POINT('',(0.00393522228646442,0.0657530801535773,0.187130068285489));
#2399=CARTESIAN_POINT('',(0.00401855561979775,0.066498592854104,0.187130068285489));
#2400=CARTESIAN_POINT('',(0.00410188895313109,0.0668713492043673,0.187775701222989));
#2401=CARTESIAN_POINT('',(0.00418522228646442,0.0672441055546306,0.188421334160489));
#2402=CARTESIAN_POINT('',(0.00426855561979776,0.0668713492043673,0.189066967097989));
#2403=CARTESIAN_POINT('',(0.00435188895313109,0.066498592854104,0.189712600035489));
#2404=CARTESIAN_POINT('',(0.00443522228646442,0.0657530801535773,0.189712600035489));
#2405=CARTESIAN_POINT('',(0.00451855561979775,0.0650075674530507,0.189712600035489));
#2406=CARTESIAN_POINT('',(0.00460188895313109,0.0646348111027874,0.189066967097989));
#2407=CARTESIAN_POINT('',(0.00468522228646442,0.0642620547525241,0.188421334160489));
#2408=CARTESIAN_POINT('',(0.00476855561979775,0.0646348111027874,0.187775701222989));
#2409=CARTESIAN_POINT('',(0.00485188895313109,0.0650075674530507,0.187130068285489));
#2410=CARTESIAN_POINT('',(0.00493522228646442,0.0657530801535773,0.187130068285489));
#2411=CARTESIAN_POINT('',(0.00501855561979775,0.066498592854104,0.187130068285489));
#2412=CARTESIAN_POINT('',(0.00510188895313109,0.0668713492043673,0.187775701222989));
#2413=CARTESIAN_POINT('',(0.00518522228646442,0.0672441055546306,0.188421334160489));
#2414=CARTESIAN_POINT('',(0.00526855561979775,0.0668713492043673,0.189066967097989));
#2415=CARTESIAN_POINT('',(0.00535188895313109,0.066498592854104,0.189712600035489));
#2416=CARTESIAN_POINT('',(0.00543522228646442,0.0657530801535773,0.189712600035489));
#2417=CARTESIAN_POINT('',(0.00551855561979775,0.0650075674530507,0.189712600035489));
#2418=CARTESIAN_POINT('',(0.00560188895313109,0.0646348111027874,0.189066967097989));
#2419=CARTESIAN_POINT('',(0.00568522228646442,0.0642620547525241,0.188421334160489));
#2420=CARTESIAN_POINT('',(0.00576855561979775,0.0646348111027874,0.187775701222989));
#2421=CARTESIAN_POINT('',(0.00585188895313109,0.0650075674530507,0.187130068285489));
#2422=CARTESIAN_POINT('',(0.00593522228646442,0.0657530801535773,0.187130068285489));
#2423=CARTESIAN_POINT('',(0.00601855561979775,0.066498592854104,0.187130068285489));
#2424=CARTESIAN_POINT('',(0.00610188895313109,0.0668713492043673,0.187775701222989));
#2425=CARTESIAN_POINT('',(0.00618522228646442,0.0672441055546306,0.188421334160489));
#2426=CARTESIAN_POINT('',(0.00626855561979775,0.0668713492043673,0.189066967097989));
#2427=CARTESIAN_POINT('',(0.00635188895313109,0.066498592854104,0.189712600035489));
#2428=CARTESIAN_POINT('',(0.00643522228646442,0.0657530801535773,0.189712600035489));
#2429=CARTESIAN_POINT('',(0.00651855561979775,0.0650075674530507,0.189712600035489));
#2430=CARTESIAN_POINT('',(0.00660188895313109,0.0646348111027874,0.189066967097989));
#2431=CARTESIAN_POINT('',(0.00668522228646442,0.0642620547525241,0.188421334160489));
#2432=CARTESIAN_POINT('',(0.00676855561979775,0.0646348111027874,0.187775701222989));
#2433=CARTESIAN_POINT('',(0.00685188895313109,0.0650075674530507,0.187130068285489));
#2434=CARTESIAN_POINT('',(0.00693522228646442,0.0657530801535773,0.187130068285489));
#2435=CARTESIAN_POINT('',(0.00697668458586562,0.0661240082031369,0.187130068285489));
#2436=CARTESIAN_POINT('',(0.00702453035216994,0.0664383862536773,0.187326928792672));
#2437=CARTESIAN_POINT('',(0.00312774586144154,0.0652444534257259,0.187870154650968));
#2438=CARTESIAN_POINT('',(0.00312774586144154,0.0654022184108788,0.187556732919003));
#2439=CARTESIAN_POINT('',(0.00312774586144118,0.0661512075918153,0.18724871212992));
#2440=CARTESIAN_POINT('',(0.00312774586144227,0.0667798754180805,0.187679837583996));
#2441=CARTESIAN_POINT('',(0.00312774586144227,0.0669651328910899,0.187976030083));
#2442=CARTESIAN_POINT('',(0.00312774586144154,0.0624,0.204653073774879));
#2443=CARTESIAN_POINT('',(0.00199772228646443,0.0657530801535164,0.211421334160489));
#2444=CARTESIAN_POINT('',(0.00699772228646443,0.0657530801535164,0.211421334160489));
#2445=CARTESIAN_POINT('',(0.00699772228646443,0.0657530801535164,0.214421334160489));
#2446=CARTESIAN_POINT('',(0.00699772228646443,0.0367530801535467,0.199921334160412));
#2447=CARTESIAN_POINT('',(0.00699772228646443,0.0669501156570931,0.210937109457364));
#2448=CARTESIAN_POINT('',(0.00699772228646443,0.0670123042090588,0.211278776243548));
#2449=CARTESIAN_POINT('',(0.0069977222864643,0.0668704939964333,0.211825620551944));
#2450=CARTESIAN_POINT('',(0.00699772228646462,0.0662786825952293,0.212232646608565));
#2451=CARTESIAN_POINT('',(0.00699772228646446,0.0659171263073407,0.212226016211525));
#2452=CARTESIAN_POINT('',(0.00699772228646446,0.0657530801535162,0.212171334160489));
#2453=CARTESIAN_POINT('',(0.00699772228646443,0.0669501156570931,0.210937109457364));
#2454=CARTESIAN_POINT('',(0.00699772228646442,0.0657530801535164,0.212171334160489));
#2455=CARTESIAN_POINT('',(0.00699772228646448,0.0662538655937463,0.210231131865584));
#2456=CARTESIAN_POINT('',(0.00699772228646448,0.0665944812877525,0.210310581314012));
#2457=CARTESIAN_POINT('',(0.00699772228646541,0.0668731453108413,0.210602645601252));
#2458=CARTESIAN_POINT('',(0.00699772228646541,0.0669501156570939,0.210937109457364));
#2459=CARTESIAN_POINT('',(0.00699772228646535,0.0662538655937457,0.210231131865586));
#2460=CARTESIAN_POINT('',(0.0069977222864657,0.0662538655937452,0.210231131865585));
#2461=CARTESIAN_POINT('',(0.0069977222864657,0.0659100171841055,0.21016856252619));
#2462=CARTESIAN_POINT('',(0.0069977222864638,0.0651670568414064,0.210324268625837));
#2463=CARTESIAN_POINT('',(0.00699772228646442,0.0648765683487805,0.211092646848713));
#2464=CARTESIAN_POINT('',(0.00699772228646442,0.0650030801535164,0.211421334160489));
#2465=CARTESIAN_POINT('',(0.00699772228646443,0.0650030801535164,0.211421334160489));
#2466=CARTESIAN_POINT('',(0.00699772228646443,0.0657530801535164,0.211421334160489));
#2467=CARTESIAN_POINT('',(0.00199772228646443,0.0657530801535164,0.211421334160489));
#2468=CARTESIAN_POINT('',(0.000747722286464436,0.0657530801535164,0.212171334160489));
#2469=CARTESIAN_POINT('',(0.000831055619797769,0.0653200674516242,0.212171334160489));
#2470=CARTESIAN_POINT('',(0.000914388953131102,0.0651035611006781,0.211796334160489));
#2471=CARTESIAN_POINT('',(0.000997722286464435,0.0648870547497319,0.211421334160489));
#2472=CARTESIAN_POINT('',(0.00108105561979777,0.0651035611006781,0.211046334160489));
#2473=CARTESIAN_POINT('',(0.0011643889531311,0.0653200674516242,0.210671334160489));
#2474=CARTESIAN_POINT('',(0.00124772228646444,0.0657530801535164,0.210671334160489));
#2475=CARTESIAN_POINT('',(0.00133105561979777,0.0661860928554086,0.210671334160489));
#2476=CARTESIAN_POINT('',(0.0014143889531311,0.0664025992063547,0.211046334160489));
#2477=CARTESIAN_POINT('',(0.00149772228646444,0.0666191055573008,0.211421334160489));
#2478=CARTESIAN_POINT('',(0.00158105561979777,0.0664025992063547,0.211796334160489));
#2479=CARTESIAN_POINT('',(0.0016643889531311,0.0661860928554086,0.212171334160489));
#2480=CARTESIAN_POINT('',(0.00174772228646444,0.0657530801535164,0.212171334160489));
#2481=CARTESIAN_POINT('',(0.00183105561979777,0.0653200674516242,0.212171334160489));
#2482=CARTESIAN_POINT('',(0.0019143889531311,0.0651035611006781,0.211796334160489));
#2483=CARTESIAN_POINT('',(0.00199772228646444,0.0648870547497319,0.211421334160489));
#2484=CARTESIAN_POINT('',(0.00208105561979777,0.0651035611006781,0.211046334160489));
#2485=CARTESIAN_POINT('',(0.0021643889531311,0.0653200674516242,0.210671334160489));
#2486=CARTESIAN_POINT('',(0.00224772228646443,0.0657530801535164,0.210671334160489));
#2487=CARTESIAN_POINT('',(0.00233105561979777,0.0661860928554086,0.210671334160489));
#2488=CARTESIAN_POINT('',(0.0024143889531311,0.0664025992063547,0.211046334160489));
#2489=CARTESIAN_POINT('',(0.00249772228646444,0.0666191055573008,0.211421334160489));
#2490=CARTESIAN_POINT('',(0.00258105561979777,0.0664025992063547,0.211796334160489));
#2491=CARTESIAN_POINT('',(0.0026643889531311,0.0661860928554086,0.212171334160489));
#2492=CARTESIAN_POINT('',(0.00274772228646443,0.0657530801535164,0.212171334160489));
#2493=CARTESIAN_POINT('',(0.00283105561979777,0.0653200674516242,0.212171334160489));
#2494=CARTESIAN_POINT('',(0.0029143889531311,0.0651035611006781,0.211796334160489));
#2495=CARTESIAN_POINT('',(0.00299772228646444,0.0648870547497319,0.211421334160489));
#2496=CARTESIAN_POINT('',(0.00308105561979777,0.0651035611006781,0.211046334160489));
#2497=CARTESIAN_POINT('',(0.0031643889531311,0.0653200674516242,0.210671334160489));
#2498=CARTESIAN_POINT('',(0.00324772228646443,0.0657530801535164,0.210671334160489));
#2499=CARTESIAN_POINT('',(0.00333105561979777,0.0661860928554086,0.210671334160489));
#2500=CARTESIAN_POINT('',(0.0034143889531311,0.0664025992063547,0.211046334160489));
#2501=CARTESIAN_POINT('',(0.00349772228646444,0.0666191055573008,0.211421334160489));
#2502=CARTESIAN_POINT('',(0.00358105561979777,0.0664025992063547,0.211796334160489));
#2503=CARTESIAN_POINT('',(0.0036643889531311,0.0661860928554086,0.212171334160489));
#2504=CARTESIAN_POINT('',(0.00374772228646443,0.0657530801535164,0.212171334160489));
#2505=CARTESIAN_POINT('',(0.00383105561979777,0.0653200674516242,0.212171334160489));
#2506=CARTESIAN_POINT('',(0.0039143889531311,0.0651035611006781,0.211796334160489));
#2507=CARTESIAN_POINT('',(0.00399772228646444,0.0648870547497319,0.211421334160489));
#2508=CARTESIAN_POINT('',(0.00408105561979777,0.0651035611006781,0.211046334160489));
#2509=CARTESIAN_POINT('',(0.0041643889531311,0.0653200674516242,0.210671334160489));
#2510=CARTESIAN_POINT('',(0.00424772228646444,0.0657530801535164,0.210671334160489));
#2511=CARTESIAN_POINT('',(0.00433105561979777,0.0661860928554086,0.210671334160489));
#2512=CARTESIAN_POINT('',(0.0044143889531311,0.0664025992063547,0.211046334160489));
#2513=CARTESIAN_POINT('',(0.00449772228646443,0.0666191055573008,0.211421334160489));
#2514=CARTESIAN_POINT('',(0.00458105561979777,0.0664025992063547,0.211796334160489));
#2515=CARTESIAN_POINT('',(0.0046643889531311,0.0661860928554086,0.212171334160489));
#2516=CARTESIAN_POINT('',(0.00474772228646444,0.0657530801535164,0.212171334160489));
#2517=CARTESIAN_POINT('',(0.00483105561979777,0.0653200674516242,0.212171334160489));
#2518=CARTESIAN_POINT('',(0.0049143889531311,0.0651035611006781,0.211796334160489));
#2519=CARTESIAN_POINT('',(0.00499772228646443,0.0648870547497319,0.211421334160489));
#2520=CARTESIAN_POINT('',(0.00508105561979777,0.0651035611006781,0.211046334160489));
#2521=CARTESIAN_POINT('',(0.0051643889531311,0.0653200674516242,0.210671334160489));
#2522=CARTESIAN_POINT('',(0.00524772228646444,0.0657530801535164,0.210671334160489));
#2523=CARTESIAN_POINT('',(0.00533105561979776,0.0661860928554086,0.210671334160489));
#2524=CARTESIAN_POINT('',(0.0054143889531311,0.0664025992063547,0.211046334160489));
#2525=CARTESIAN_POINT('',(0.00549772228646443,0.0666191055573008,0.211421334160489));
#2526=CARTESIAN_POINT('',(0.00558105561979777,0.0664025992063547,0.211796334160489));
#2527=CARTESIAN_POINT('',(0.0056643889531311,0.0661860928554086,0.212171334160489));
#2528=CARTESIAN_POINT('',(0.00574772228646444,0.0657530801535164,0.212171334160489));
#2529=CARTESIAN_POINT('',(0.00583105561979776,0.0653200674516242,0.212171334160489));
#2530=CARTESIAN_POINT('',(0.0059143889531311,0.0651035611006781,0.211796334160489));
#2531=CARTESIAN_POINT('',(0.00599772228646443,0.0648870547497319,0.211421334160489));
#2532=CARTESIAN_POINT('',(0.00608105561979777,0.0651035611006781,0.211046334160489));
#2533=CARTESIAN_POINT('',(0.00616438895313111,0.0653200674516242,0.210671334160489));
#2534=CARTESIAN_POINT('',(0.00624772228646444,0.0657530801535164,0.210671334160489));
#2535=CARTESIAN_POINT('',(0.00633105561979776,0.0661860928554086,0.210671334160489));
#2536=CARTESIAN_POINT('',(0.0064143889531311,0.0664025992063547,0.211046334160489));
#2537=CARTESIAN_POINT('',(0.00649772228646443,0.0666191055573008,0.211421334160489));
#2538=CARTESIAN_POINT('',(0.00658105561979777,0.0664025992063547,0.211796334160489));
#2539=CARTESIAN_POINT('',(0.00666438895313111,0.0661860928554086,0.212171334160489));
#2540=CARTESIAN_POINT('',(0.00674772228646444,0.0657530801535164,0.212171334160489));
#2541=CARTESIAN_POINT('',(0.00683105561979776,0.0653200674516242,0.212171334160489));
#2542=CARTESIAN_POINT('',(0.0069143889531311,0.0651035611006781,0.211796334160489));
#2543=CARTESIAN_POINT('',(0.00699772228646444,0.0648870547497319,0.211421334160489));
#2544=CARTESIAN_POINT('',(0.00708105561979777,0.0651035611006781,0.211046334160489));
#2545=CARTESIAN_POINT('',(0.00716438895313111,0.0653200674516242,0.210671334160489));
#2546=CARTESIAN_POINT('',(0.00724772228646444,0.0657530801535164,0.210671334160489));
#2547=CARTESIAN_POINT('',(0.00733105561979776,0.0661860928554086,0.210671334160489));
#2548=CARTESIAN_POINT('',(0.0074143889531311,0.0664025992063547,0.211046334160489));
#2549=CARTESIAN_POINT('',(0.00749772228646444,0.0666191055573008,0.211421334160489));
#2550=CARTESIAN_POINT('',(0.00758105561979777,0.0664025992063547,0.211796334160489));
#2551=CARTESIAN_POINT('',(0.0076643889531311,0.0661860928554086,0.212171334160489));
#2552=CARTESIAN_POINT('',(0.00774772228646444,0.0657530801535164,0.212171334160489));
#2553=CARTESIAN_POINT('',(0.00783105561979777,0.0653200674516242,0.212171334160489));
#2554=CARTESIAN_POINT('',(0.0079143889531311,0.0651035611006781,0.211796334160489));
#2555=CARTESIAN_POINT('',(0.00799772228646444,0.0648870547497319,0.211421334160489));
#2556=CARTESIAN_POINT('',(0.00808105561979777,0.0651035611006781,0.211046334160489));
#2557=CARTESIAN_POINT('',(0.0081643889531311,0.0653200674516242,0.210671334160489));
#2558=CARTESIAN_POINT('',(0.00824772228646444,0.0657530801535164,0.210671334160489));
#2559=CARTESIAN_POINT('',(0.00833105561979777,0.0661860928554086,0.210671334160489));
#2560=CARTESIAN_POINT('',(0.0084143889531311,0.0664025992063547,0.211046334160489));
#2561=CARTESIAN_POINT('',(0.00849772228646444,0.0666191055573008,0.211421334160489));
#2562=CARTESIAN_POINT('',(0.00858105561979777,0.0664025992063547,0.211796334160489));
#2563=CARTESIAN_POINT('',(0.0086643889531311,0.0661860928554086,0.212171334160489));
#2564=CARTESIAN_POINT('',(0.00874772228646444,0.0657530801535164,0.212171334160489));
#2565=CARTESIAN_POINT('',(0.00312774586144154,0.0652444534256649,0.210870154650969));
#2566=CARTESIAN_POINT('',(0.00312774586144154,0.0657530801535164,0.211421334160489));
#2567=CARTESIAN_POINT('',(0.00312774586144154,0.0652111384196599,0.211939792603476));
#2568=CARTESIAN_POINT('',(-2.27771353558136E-6,0.0657530801535164,0.212171334160489));
#2569=CARTESIAN_POINT('',(8.1055619797752E-5,0.0653200674516242,0.212171334160489));
#2570=CARTESIAN_POINT('',(0.000164388953131086,0.0651035611006781,0.211796334160489));
#2571=CARTESIAN_POINT('',(0.000247722286464419,0.0648870547497319,0.211421334160489));
#2572=CARTESIAN_POINT('',(0.000331055619797752,0.0651035611006781,0.211046334160489));
#2573=CARTESIAN_POINT('',(0.000414388953131085,0.0653200674516242,0.210671334160489));
#2574=CARTESIAN_POINT('',(0.000497722286464419,0.0657530801535164,0.210671334160489));
#2575=CARTESIAN_POINT('',(0.000581055619797751,0.0661860928554086,0.210671334160489));
#2576=CARTESIAN_POINT('',(0.000664388953131085,0.0664025992063547,0.211046334160489));
#2577=CARTESIAN_POINT('',(0.000747722286464419,0.0666191055573008,0.211421334160489));
#2578=CARTESIAN_POINT('',(0.000831055619797752,0.0664025992063547,0.211796334160489));
#2579=CARTESIAN_POINT('',(0.000914388953131085,0.0661860928554086,0.212171334160489));
#2580=CARTESIAN_POINT('',(0.000997722286464419,0.0657530801535164,0.212171334160489));
#2581=CARTESIAN_POINT('',(0.00108105561979775,0.0653200674516242,0.212171334160489));
#2582=CARTESIAN_POINT('',(0.00116438895313108,0.0651035611006781,0.211796334160489));
#2583=CARTESIAN_POINT('',(0.00124772228646442,0.0648870547497319,0.211421334160489));
#2584=CARTESIAN_POINT('',(0.00133105561979775,0.0651035611006781,0.211046334160489));
#2585=CARTESIAN_POINT('',(0.00141438895313109,0.0653200674516242,0.210671334160489));
#2586=CARTESIAN_POINT('',(0.00149772228646442,0.0657530801535164,0.210671334160489));
#2587=CARTESIAN_POINT('',(0.00158105561979775,0.0661860928554086,0.210671334160489));
#2588=CARTESIAN_POINT('',(0.00166438895313109,0.0664025992063547,0.211046334160489));
#2589=CARTESIAN_POINT('',(0.00174772228646442,0.0666191055573008,0.211421334160489));
#2590=CARTESIAN_POINT('',(0.00183105561979775,0.0664025992063547,0.211796334160489));
#2591=CARTESIAN_POINT('',(0.00191438895313108,0.0661860928554086,0.212171334160489));
#2592=CARTESIAN_POINT('',(0.00199772228646442,0.0657530801535164,0.212171334160489));
#2593=CARTESIAN_POINT('',(0.00208105561979775,0.0653200674516242,0.212171334160489));
#2594=CARTESIAN_POINT('',(0.00216438895313108,0.0651035611006781,0.211796334160489));
#2595=CARTESIAN_POINT('',(0.00224772228646442,0.0648870547497319,0.211421334160489));
#2596=CARTESIAN_POINT('',(0.00233105561979775,0.0651035611006781,0.211046334160489));
#2597=CARTESIAN_POINT('',(0.00241438895313108,0.0653200674516242,0.210671334160489));
#2598=CARTESIAN_POINT('',(0.00249772228646442,0.0657530801535164,0.210671334160489));
#2599=CARTESIAN_POINT('',(0.00258105561979775,0.0661860928554086,0.210671334160489));
#2600=CARTESIAN_POINT('',(0.00266438895313108,0.0664025992063547,0.211046334160489));
#2601=CARTESIAN_POINT('',(0.00274772228646442,0.0666191055573008,0.211421334160489));
#2602=CARTESIAN_POINT('',(0.00283105561979775,0.0664025992063547,0.211796334160489));
#2603=CARTESIAN_POINT('',(0.00291438895313108,0.0661860928554086,0.212171334160489));
#2604=CARTESIAN_POINT('',(0.00299772228646442,0.0657530801535164,0.212171334160489));
#2605=CARTESIAN_POINT('',(0.00308105561979775,0.0653200674516242,0.212171334160489));
#2606=CARTESIAN_POINT('',(0.00316438895313108,0.0651035611006781,0.211796334160489));
#2607=CARTESIAN_POINT('',(0.00324772228646442,0.0648870547497319,0.211421334160489));
#2608=CARTESIAN_POINT('',(0.00333105561979775,0.0651035611006781,0.211046334160489));
#2609=CARTESIAN_POINT('',(0.00341438895313108,0.0653200674516242,0.210671334160489));
#2610=CARTESIAN_POINT('',(0.00349772228646442,0.0657530801535164,0.210671334160489));
#2611=CARTESIAN_POINT('',(0.00358105561979775,0.0661860928554086,0.210671334160489));
#2612=CARTESIAN_POINT('',(0.00366438895313108,0.0664025992063547,0.211046334160489));
#2613=CARTESIAN_POINT('',(0.00374772228646442,0.0666191055573008,0.211421334160489));
#2614=CARTESIAN_POINT('',(0.00383105561979775,0.0664025992063547,0.211796334160489));
#2615=CARTESIAN_POINT('',(0.00391438895313108,0.0661860928554086,0.212171334160489));
#2616=CARTESIAN_POINT('',(0.00399772228646442,0.0657530801535164,0.212171334160489));
#2617=CARTESIAN_POINT('',(0.00408105561979775,0.0653200674516242,0.212171334160489));
#2618=CARTESIAN_POINT('',(0.00416438895313109,0.0651035611006781,0.211796334160489));
#2619=CARTESIAN_POINT('',(0.00424772228646442,0.0648870547497319,0.211421334160489));
#2620=CARTESIAN_POINT('',(0.00433105561979775,0.0651035611006781,0.211046334160489));
#2621=CARTESIAN_POINT('',(0.00441438895313109,0.0653200674516242,0.210671334160489));
#2622=CARTESIAN_POINT('',(0.00449772228646442,0.0657530801535164,0.210671334160489));
#2623=CARTESIAN_POINT('',(0.00458105561979775,0.0661860928554086,0.210671334160489));
#2624=CARTESIAN_POINT('',(0.00466438895313109,0.0664025992063547,0.211046334160489));
#2625=CARTESIAN_POINT('',(0.00474772228646442,0.0666191055573008,0.211421334160489));
#2626=CARTESIAN_POINT('',(0.00483105561979775,0.0664025992063547,0.211796334160489));
#2627=CARTESIAN_POINT('',(0.00491438895313109,0.0661860928554086,0.212171334160489));
#2628=CARTESIAN_POINT('',(0.00499772228646442,0.0657530801535164,0.212171334160489));
#2629=CARTESIAN_POINT('',(0.00508105561979775,0.0653200674516242,0.212171334160489));
#2630=CARTESIAN_POINT('',(0.00516438895313109,0.0651035611006781,0.211796334160489));
#2631=CARTESIAN_POINT('',(0.00524772228646442,0.0648870547497319,0.211421334160489));
#2632=CARTESIAN_POINT('',(0.00533105561979775,0.0651035611006781,0.211046334160489));
#2633=CARTESIAN_POINT('',(0.00541438895313108,0.0653200674516242,0.210671334160489));
#2634=CARTESIAN_POINT('',(0.00549772228646442,0.0657530801535164,0.210671334160489));
#2635=CARTESIAN_POINT('',(0.00558105561979775,0.0661860928554086,0.210671334160489));
#2636=CARTESIAN_POINT('',(0.00566438895313109,0.0664025992063547,0.211046334160489));
#2637=CARTESIAN_POINT('',(0.00574772228646442,0.0666191055573008,0.211421334160489));
#2638=CARTESIAN_POINT('',(0.00583105561979775,0.0664025992063547,0.211796334160489));
#2639=CARTESIAN_POINT('',(0.00591438895313108,0.0661860928554086,0.212171334160489));
#2640=CARTESIAN_POINT('',(0.00599772228646442,0.0657530801535164,0.212171334160489));
#2641=CARTESIAN_POINT('',(0.00608105561979775,0.0653200674516242,0.212171334160489));
#2642=CARTESIAN_POINT('',(0.00616438895313109,0.0651035611006781,0.211796334160489));
#2643=CARTESIAN_POINT('',(0.00624772228646441,0.0648870547497319,0.211421334160489));
#2644=CARTESIAN_POINT('',(0.00633105561979775,0.0651035611006781,0.211046334160489));
#2645=CARTESIAN_POINT('',(0.00641438895313108,0.0653200674516242,0.210671334160489));
#2646=CARTESIAN_POINT('',(0.00649772228646442,0.0657530801535164,0.210671334160489));
#2647=CARTESIAN_POINT('',(0.00658105561979775,0.0661860928554086,0.210671334160489));
#2648=CARTESIAN_POINT('',(0.00666438895313109,0.0664025992063547,0.211046334160489));
#2649=CARTESIAN_POINT('',(0.00674772228646441,0.0666191055573008,0.211421334160489));
#2650=CARTESIAN_POINT('',(0.00683105561979775,0.0664025992063547,0.211796334160489));
#2651=CARTESIAN_POINT('',(0.00691438895313108,0.0661860928554086,0.212171334160489));
#2652=CARTESIAN_POINT('',(0.00699772228646442,0.0657530801535164,0.212171334160489));
#2653=CARTESIAN_POINT('',(0.00708105561979775,0.0653200674516242,0.212171334160489));
#2654=CARTESIAN_POINT('',(0.00716438895313109,0.0651035611006781,0.211796334160489));
#2655=CARTESIAN_POINT('',(0.00724772228646441,0.0648870547497319,0.211421334160489));
#2656=CARTESIAN_POINT('',(0.00733105561979775,0.0651035611006781,0.211046334160489));
#2657=CARTESIAN_POINT('',(0.00741438895313108,0.0653200674516242,0.210671334160489));
#2658=CARTESIAN_POINT('',(0.00749772228646442,0.0657530801535164,0.210671334160489));
#2659=CARTESIAN_POINT('',(0.00758105561979775,0.0661860928554086,0.210671334160489));
#2660=CARTESIAN_POINT('',(0.00766438895313109,0.0664025992063547,0.211046334160489));
#2661=CARTESIAN_POINT('',(0.00774772228646441,0.0666191055573008,0.211421334160489));
#2662=CARTESIAN_POINT('',(0.00783105561979775,0.0664025992063547,0.211796334160489));
#2663=CARTESIAN_POINT('',(0.00791438895313108,0.0661860928554086,0.212171334160489));
#2664=CARTESIAN_POINT('',(0.00799772228646442,0.0657530801535164,0.212171334160489));
#2665=CARTESIAN_POINT('',(0.00310542443488968,0.0668867225407992,0.210803092704668));
#2666=CARTESIAN_POINT('',(0.00318754685887707,0.0672337075650281,0.211439344006671));
#2667=CARTESIAN_POINT('',(0.00326855561979776,0.0668713492043063,0.212066967097989));
#2668=CARTESIAN_POINT('',(0.00335188895313109,0.066498592854043,0.212712600035489));
#2669=CARTESIAN_POINT('',(0.00343522228646443,0.0657530801535164,0.212712600035489));
#2670=CARTESIAN_POINT('',(0.00351855561979776,0.0650075674529898,0.212712600035489));
#2671=CARTESIAN_POINT('',(0.0036018889531311,0.0646348111027264,0.212066967097989));
#2672=CARTESIAN_POINT('',(0.00368522228646442,0.0642620547524631,0.211421334160489));
#2673=CARTESIAN_POINT('',(0.00376855561979776,0.0646348111027264,0.210775701222989));
#2674=CARTESIAN_POINT('',(0.00385188895313109,0.0650075674529898,0.210130068285489));
#2675=CARTESIAN_POINT('',(0.00393522228646443,0.0657530801535164,0.210130068285489));
#2676=CARTESIAN_POINT('',(0.00401855561979776,0.066498592854043,0.210130068285489));
#2677=CARTESIAN_POINT('',(0.0041018889531311,0.0668713492043063,0.210775701222989));
#2678=CARTESIAN_POINT('',(0.00418522228646442,0.0672441055545696,0.211421334160489));
#2679=CARTESIAN_POINT('',(0.00426855561979776,0.0668713492043063,0.212066967097989));
#2680=CARTESIAN_POINT('',(0.00435188895313109,0.066498592854043,0.212712600035489));
#2681=CARTESIAN_POINT('',(0.00443522228646443,0.0657530801535164,0.212712600035489));
#2682=CARTESIAN_POINT('',(0.00451855561979776,0.0650075674529898,0.212712600035489));
#2683=CARTESIAN_POINT('',(0.00460188895313109,0.0646348111027264,0.212066967097989));
#2684=CARTESIAN_POINT('',(0.00468522228646442,0.0642620547524631,0.211421334160489));
#2685=CARTESIAN_POINT('',(0.00476855561979776,0.0646348111027264,0.210775701222989));
#2686=CARTESIAN_POINT('',(0.00485188895313109,0.0650075674529898,0.210130068285489));
#2687=CARTESIAN_POINT('',(0.00493522228646443,0.0657530801535164,0.210130068285489));
#2688=CARTESIAN_POINT('',(0.00501855561979776,0.066498592854043,0.210130068285489));
#2689=CARTESIAN_POINT('',(0.00510188895313109,0.0668713492043063,0.210775701222989));
#2690=CARTESIAN_POINT('',(0.00518522228646442,0.0672441055545696,0.211421334160489));
#2691=CARTESIAN_POINT('',(0.00526855561979776,0.0668713492043063,0.212066967097989));
#2692=CARTESIAN_POINT('',(0.00535188895313109,0.066498592854043,0.212712600035489));
#2693=CARTESIAN_POINT('',(0.00543522228646443,0.0657530801535164,0.212712600035489));
#2694=CARTESIAN_POINT('',(0.00551855561979776,0.0650075674529898,0.212712600035489));
#2695=CARTESIAN_POINT('',(0.00560188895313109,0.0646348111027264,0.212066967097989));
#2696=CARTESIAN_POINT('',(0.00568522228646442,0.0642620547524631,0.211421334160489));
#2697=CARTESIAN_POINT('',(0.00576855561979776,0.0646348111027264,0.210775701222989));
#2698=CARTESIAN_POINT('',(0.00585188895313109,0.0650075674529898,0.210130068285489));
#2699=CARTESIAN_POINT('',(0.00593522228646443,0.0657530801535164,0.210130068285489));
#2700=CARTESIAN_POINT('',(0.00601855561979776,0.066498592854043,0.210130068285489));
#2701=CARTESIAN_POINT('',(0.00610188895313109,0.0668713492043063,0.210775701222989));
#2702=CARTESIAN_POINT('',(0.00618522228646442,0.0672441055545696,0.211421334160489));
#2703=CARTESIAN_POINT('',(0.00626855561979776,0.0668713492043063,0.212066967097989));
#2704=CARTESIAN_POINT('',(0.00635188895313109,0.066498592854043,0.212712600035489));
#2705=CARTESIAN_POINT('',(0.00643522228646443,0.0657530801535164,0.212712600035489));
#2706=CARTESIAN_POINT('',(0.00651855561979776,0.0650075674529898,0.212712600035489));
#2707=CARTESIAN_POINT('',(0.00660188895313109,0.0646348111027264,0.212066967097989));
#2708=CARTESIAN_POINT('',(0.00668522228646442,0.0642620547524631,0.211421334160489));
#2709=CARTESIAN_POINT('',(0.00676855561979776,0.0646348111027264,0.210775701222989));
#2710=CARTESIAN_POINT('',(0.00685188895313109,0.0650075674529898,0.210130068285489));
#2711=CARTESIAN_POINT('',(0.00693522228646443,0.0657530801535164,0.210130068285489));
#2712=CARTESIAN_POINT('',(0.00701855561979776,0.066498592854043,0.210130068285489));
#2713=CARTESIAN_POINT('',(0.00710188895313109,0.0668713492043063,0.210775701222989));
#2714=CARTESIAN_POINT('',(0.0071229370318956,0.0669654988645501,0.210938773218046));
#2715=CARTESIAN_POINT('',(0.00714657894916505,0.0670091579494791,0.211121941223984));
#2716=CARTESIAN_POINT('',(0.00307133352579877,0.0669266284969772,0.210781329654239));
#2717=CARTESIAN_POINT('',(0.00315345594978616,0.0672858279279068,0.211439977980966));
#2718=CARTESIAN_POINT('',(0.00323446471070685,0.0669107139953874,0.212089694370716));
#2719=CARTESIAN_POINT('',(0.00331779804404018,0.0665248360480971,0.212758054580943));
#2720=CARTESIAN_POINT('',(0.00340113137737352,0.0657530801535164,0.212758054580943));
#2721=CARTESIAN_POINT('',(0.00348446471070685,0.0649813242589357,0.212758054580943));
#2722=CARTESIAN_POINT('',(0.00356779804404018,0.0645954463116453,0.212089694370716));
#2723=CARTESIAN_POINT('',(0.00365113137737352,0.0642095683643549,0.211421334160489));
#2724=CARTESIAN_POINT('',(0.00373446471070685,0.0645954463116453,0.210752973950262));
#2725=CARTESIAN_POINT('',(0.00381779804404018,0.0649813242589357,0.210084613740034));
#2726=CARTESIAN_POINT('',(0.00390113137737352,0.0657530801535164,0.210084613740034));
#2727=CARTESIAN_POINT('',(0.00398446471070685,0.0665248360480971,0.210084613740034));
#2728=CARTESIAN_POINT('',(0.00406779804404018,0.0669107139953874,0.210752973950262));
#2729=CARTESIAN_POINT('',(0.00415113137737352,0.0672965919426779,0.211421334160489));
#2730=CARTESIAN_POINT('',(0.00423446471070684,0.0669107139953874,0.212089694370716));
#2731=CARTESIAN_POINT('',(0.00431779804404019,0.0665248360480971,0.212758054580943));
#2732=CARTESIAN_POINT('',(0.00440113137737352,0.0657530801535164,0.212758054580943));
#2733=CARTESIAN_POINT('',(0.00448446471070685,0.0649813242589357,0.212758054580943));
#2734=CARTESIAN_POINT('',(0.00456779804404018,0.0645954463116453,0.212089694370716));
#2735=CARTESIAN_POINT('',(0.00465113137737352,0.0642095683643549,0.211421334160489));
#2736=CARTESIAN_POINT('',(0.00473446471070684,0.0645954463116453,0.210752973950262));
#2737=CARTESIAN_POINT('',(0.00481779804404018,0.0649813242589357,0.210084613740034));
#2738=CARTESIAN_POINT('',(0.00490113137737352,0.0657530801535164,0.210084613740034));
#2739=CARTESIAN_POINT('',(0.00498446471070685,0.0665248360480971,0.210084613740034));
#2740=CARTESIAN_POINT('',(0.00506779804404018,0.0669107139953874,0.210752973950262));
#2741=CARTESIAN_POINT('',(0.00515113137737352,0.0672965919426779,0.211421334160489));
#2742=CARTESIAN_POINT('',(0.00523446471070685,0.0669107139953874,0.212089694370716));
#2743=CARTESIAN_POINT('',(0.00531779804404019,0.0665248360480971,0.212758054580943));
#2744=CARTESIAN_POINT('',(0.00540113137737351,0.0657530801535164,0.212758054580943));
#2745=CARTESIAN_POINT('',(0.00548446471070685,0.0649813242589357,0.212758054580943));
#2746=CARTESIAN_POINT('',(0.00556779804404018,0.0645954463116453,0.212089694370716));
#2747=CARTESIAN_POINT('',(0.00565113137737352,0.0642095683643549,0.211421334160489));
#2748=CARTESIAN_POINT('',(0.00573446471070685,0.0645954463116453,0.210752973950262));
#2749=CARTESIAN_POINT('',(0.00581779804404019,0.0649813242589357,0.210084613740034));
#2750=CARTESIAN_POINT('',(0.00590113137737351,0.0657530801535164,0.210084613740034));
#2751=CARTESIAN_POINT('',(0.00598446471070685,0.0665248360480971,0.210084613740034));
#2752=CARTESIAN_POINT('',(0.00606779804404018,0.0669107139953874,0.210752973950262));
#2753=CARTESIAN_POINT('',(0.00615113137737352,0.0672965919426779,0.211421334160489));
#2754=CARTESIAN_POINT('',(0.00623446471070684,0.0669107139953874,0.212089694370716));
#2755=CARTESIAN_POINT('',(0.00631779804404018,0.0665248360480971,0.212758054580943));
#2756=CARTESIAN_POINT('',(0.00640113137737352,0.0657530801535164,0.212758054580943));
#2757=CARTESIAN_POINT('',(0.00648446471070685,0.0649813242589357,0.212758054580943));
#2758=CARTESIAN_POINT('',(0.00656779804404018,0.0645954463116453,0.212089694370716));
#2759=CARTESIAN_POINT('',(0.00665113137737352,0.0642095683643549,0.211421334160489));
#2760=CARTESIAN_POINT('',(0.00673446471070685,0.0645954463116453,0.210752973950262));
#2761=CARTESIAN_POINT('',(0.00681779804404019,0.0649813242589357,0.210084613740034));
#2762=CARTESIAN_POINT('',(0.00690113137737351,0.0657530801535164,0.210084613740034));
#2763=CARTESIAN_POINT('',(0.00698446471070685,0.0665248360480971,0.210084613740034));
#2764=CARTESIAN_POINT('',(0.00706779804404018,0.0669107139953874,0.210752973950262));
#2765=CARTESIAN_POINT('',(0.00708884612280468,0.067008177868524,0.210921786330437));
#2766=CARTESIAN_POINT('',(0.00711248804007414,0.0670533738204135,0.211111402131993));
#2767=CARTESIAN_POINT('',(0.00301451534398059,0.0669266284969772,0.210781329654239));
#2768=CARTESIAN_POINT('',(0.00309663776796798,0.0672858279279068,0.211439977980966));
#2769=CARTESIAN_POINT('',(0.00317764652888867,0.0669107139953874,0.212089694370716));
#2770=CARTESIAN_POINT('',(0.003260979862222,0.0665248360480971,0.212758054580943));
#2771=CARTESIAN_POINT('',(0.00334431319555533,0.0657530801535164,0.212758054580943));
#2772=CARTESIAN_POINT('',(0.00342764652888866,0.0649813242589357,0.212758054580943));
#2773=CARTESIAN_POINT('',(0.003510979862222,0.0645954463116453,0.212089694370716));
#2774=CARTESIAN_POINT('',(0.00359431319555534,0.0642095683643549,0.211421334160489));
#2775=CARTESIAN_POINT('',(0.00367764652888867,0.0645954463116453,0.210752973950262));
#2776=CARTESIAN_POINT('',(0.003760979862222,0.0649813242589357,0.210084613740034));
#2777=CARTESIAN_POINT('',(0.00384431319555533,0.0657530801535164,0.210084613740034));
#2778=CARTESIAN_POINT('',(0.00392764652888867,0.0665248360480971,0.210084613740034));
#2779=CARTESIAN_POINT('',(0.004010979862222,0.0669107139953874,0.210752973950262));
#2780=CARTESIAN_POINT('',(0.00409431319555533,0.0672965919426779,0.211421334160489));
#2781=CARTESIAN_POINT('',(0.00417764652888866,0.0669107139953874,0.212089694370716));
#2782=CARTESIAN_POINT('',(0.004260979862222,0.0665248360480971,0.212758054580943));
#2783=CARTESIAN_POINT('',(0.00434431319555533,0.0657530801535164,0.212758054580943));
#2784=CARTESIAN_POINT('',(0.00442764652888866,0.0649813242589357,0.212758054580943));
#2785=CARTESIAN_POINT('',(0.004510979862222,0.0645954463116453,0.212089694370716));
#2786=CARTESIAN_POINT('',(0.00459431319555534,0.0642095683643549,0.211421334160489));
#2787=CARTESIAN_POINT('',(0.00467764652888866,0.0645954463116453,0.210752973950262));
#2788=CARTESIAN_POINT('',(0.004760979862222,0.0649813242589357,0.210084613740034));
#2789=CARTESIAN_POINT('',(0.00484431319555533,0.0657530801535164,0.210084613740034));
#2790=CARTESIAN_POINT('',(0.00492764652888867,0.0665248360480971,0.210084613740034));
#2791=CARTESIAN_POINT('',(0.005010979862222,0.0669107139953874,0.210752973950262));
#2792=CARTESIAN_POINT('',(0.00509431319555533,0.0672965919426779,0.211421334160489));
#2793=CARTESIAN_POINT('',(0.00517764652888866,0.0669107139953874,0.212089694370716));
#2794=CARTESIAN_POINT('',(0.00526097986222201,0.0665248360480971,0.212758054580943));
#2795=CARTESIAN_POINT('',(0.00534431319555533,0.0657530801535164,0.212758054580943));
#2796=CARTESIAN_POINT('',(0.00542764652888867,0.0649813242589357,0.212758054580943));
#2797=CARTESIAN_POINT('',(0.005510979862222,0.0645954463116453,0.212089694370716));
#2798=CARTESIAN_POINT('',(0.00559431319555534,0.0642095683643549,0.211421334160489));
#2799=CARTESIAN_POINT('',(0.00567764652888866,0.0645954463116453,0.210752973950262));
#2800=CARTESIAN_POINT('',(0.005760979862222,0.0649813242589357,0.210084613740034));
#2801=CARTESIAN_POINT('',(0.00584431319555533,0.0657530801535164,0.210084613740034));
#2802=CARTESIAN_POINT('',(0.00592764652888867,0.0665248360480971,0.210084613740034));
#2803=CARTESIAN_POINT('',(0.006010979862222,0.0669107139953874,0.210752973950262));
#2804=CARTESIAN_POINT('',(0.00609431319555534,0.0672965919426779,0.211421334160489));
#2805=CARTESIAN_POINT('',(0.00617764652888867,0.0669107139953874,0.212089694370716));
#2806=CARTESIAN_POINT('',(0.006260979862222,0.0665248360480971,0.212758054580943));
#2807=CARTESIAN_POINT('',(0.00634431319555533,0.0657530801535164,0.212758054580943));
#2808=CARTESIAN_POINT('',(0.00642764652888867,0.0649813242589357,0.212758054580943));
#2809=CARTESIAN_POINT('',(0.006510979862222,0.0645954463116453,0.212089694370716));
#2810=CARTESIAN_POINT('',(0.00659431319555533,0.0642095683643549,0.211421334160489));
#2811=CARTESIAN_POINT('',(0.00667764652888866,0.0645954463116453,0.210752973950262));
#2812=CARTESIAN_POINT('',(0.006760979862222,0.0649813242589357,0.210084613740034));
#2813=CARTESIAN_POINT('',(0.00684431319555533,0.0657530801535164,0.210084613740034));
#2814=CARTESIAN_POINT('',(0.00692764652888867,0.0665248360480971,0.210084613740034));
#2815=CARTESIAN_POINT('',(0.007010979862222,0.0669107139953874,0.210752973950262));
#2816=CARTESIAN_POINT('',(0.00703202794098651,0.067008177868524,0.210921786330437));
#2817=CARTESIAN_POINT('',(0.00705566985825596,0.0670533738204135,0.211111402131993));
#2818=CARTESIAN_POINT('',(0.00298042443488968,0.0668867225407992,0.210803092704668));
#2819=CARTESIAN_POINT('',(0.00306254685887707,0.0672337075650281,0.211439344006671));
#2820=CARTESIAN_POINT('',(0.00314355561979776,0.0668713492043063,0.212066967097989));
#2821=CARTESIAN_POINT('',(0.00322688895313109,0.066498592854043,0.212712600035489));
#2822=CARTESIAN_POINT('',(0.00331022228646442,0.0657530801535164,0.212712600035489));
#2823=CARTESIAN_POINT('',(0.00339355561979776,0.0650075674529898,0.212712600035489));
#2824=CARTESIAN_POINT('',(0.00347688895313109,0.0646348111027264,0.212066967097989));
#2825=CARTESIAN_POINT('',(0.00356022228646442,0.0642620547524631,0.211421334160489));
#2826=CARTESIAN_POINT('',(0.00364355561979776,0.0646348111027264,0.210775701222989));
#2827=CARTESIAN_POINT('',(0.00372688895313109,0.0650075674529898,0.210130068285489));
#2828=CARTESIAN_POINT('',(0.00381022228646442,0.0657530801535164,0.210130068285489));
#2829=CARTESIAN_POINT('',(0.00389355561979776,0.066498592854043,0.210130068285489));
#2830=CARTESIAN_POINT('',(0.00397688895313109,0.0668713492043063,0.210775701222989));
#2831=CARTESIAN_POINT('',(0.00406022228646442,0.0672441055545696,0.211421334160489));
#2832=CARTESIAN_POINT('',(0.00414355561979776,0.0668713492043063,0.212066967097989));
#2833=CARTESIAN_POINT('',(0.00422688895313109,0.066498592854043,0.212712600035489));
#2834=CARTESIAN_POINT('',(0.00431022228646442,0.0657530801535164,0.212712600035489));
#2835=CARTESIAN_POINT('',(0.00439355561979776,0.0650075674529898,0.212712600035489));
#2836=CARTESIAN_POINT('',(0.00447688895313109,0.0646348111027264,0.212066967097989));
#2837=CARTESIAN_POINT('',(0.00456022228646442,0.0642620547524631,0.211421334160489));
#2838=CARTESIAN_POINT('',(0.00464355561979776,0.0646348111027264,0.210775701222989));
#2839=CARTESIAN_POINT('',(0.0047268889531311,0.0650075674529898,0.210130068285489));
#2840=CARTESIAN_POINT('',(0.00481022228646443,0.0657530801535164,0.210130068285489));
#2841=CARTESIAN_POINT('',(0.00489355561979776,0.066498592854043,0.210130068285489));
#2842=CARTESIAN_POINT('',(0.00497688895313109,0.0668713492043063,0.210775701222989));
#2843=CARTESIAN_POINT('',(0.00506022228646442,0.0672441055545696,0.211421334160489));
#2844=CARTESIAN_POINT('',(0.00514355561979776,0.0668713492043063,0.212066967097989));
#2845=CARTESIAN_POINT('',(0.00522688895313109,0.066498592854043,0.212712600035489));
#2846=CARTESIAN_POINT('',(0.00531022228646443,0.0657530801535164,0.212712600035489));
#2847=CARTESIAN_POINT('',(0.00539355561979775,0.0650075674529898,0.212712600035489));
#2848=CARTESIAN_POINT('',(0.00547688895313109,0.0646348111027264,0.212066967097989));
#2849=CARTESIAN_POINT('',(0.00556022228646442,0.0642620547524631,0.211421334160489));
#2850=CARTESIAN_POINT('',(0.00564355561979776,0.0646348111027264,0.210775701222989));
#2851=CARTESIAN_POINT('',(0.0057268889531311,0.0650075674529898,0.210130068285489));
#2852=CARTESIAN_POINT('',(0.00581022228646443,0.0657530801535164,0.210130068285489));
#2853=CARTESIAN_POINT('',(0.00589355561979775,0.066498592854043,0.210130068285489));
#2854=CARTESIAN_POINT('',(0.00597688895313109,0.0668713492043063,0.210775701222989));
#2855=CARTESIAN_POINT('',(0.00606022228646443,0.0672441055545696,0.211421334160489));
#2856=CARTESIAN_POINT('',(0.00614355561979776,0.0668713492043063,0.212066967097989));
#2857=CARTESIAN_POINT('',(0.0062268889531311,0.066498592854043,0.212712600035489));
#2858=CARTESIAN_POINT('',(0.00631022228646443,0.0657530801535164,0.212712600035489));
#2859=CARTESIAN_POINT('',(0.00639355561979776,0.0650075674529898,0.212712600035489));
#2860=CARTESIAN_POINT('',(0.00647688895313109,0.0646348111027264,0.212066967097989));
#2861=CARTESIAN_POINT('',(0.00656022228646443,0.0642620547524631,0.211421334160489));
#2862=CARTESIAN_POINT('',(0.00664355561979776,0.0646348111027264,0.210775701222989));
#2863=CARTESIAN_POINT('',(0.0067268889531311,0.0650075674529898,0.210130068285489));
#2864=CARTESIAN_POINT('',(0.00681022228646443,0.0657530801535164,0.210130068285489));
#2865=CARTESIAN_POINT('',(0.00689355561979776,0.066498592854043,0.210130068285489));
#2866=CARTESIAN_POINT('',(0.00697688895313109,0.0668713492043063,0.210775701222989));
#2867=CARTESIAN_POINT('',(0.0069979370318956,0.0669654988645501,0.210938773218046));
#2868=CARTESIAN_POINT('',(0.00702157894916505,0.0670091579494791,0.211121941223984));
#2869=CARTESIAN_POINT('',(0.00312774586144153,0.0669651328910268,0.210976030082995));
#2870=CARTESIAN_POINT('',(0.00312774586144153,0.0671319987279268,0.211272781700924));
#2871=CARTESIAN_POINT('',(0.00312774586146182,0.0671183316783474,0.211658327523056));
#2872=CARTESIAN_POINT('',(0.00312774586146182,0.066933625165366,0.211944479489253));
#2873=CARTESIAN_POINT('',(0.00312774586144154,0.0669651328910268,0.210976030082995));
#2874=CARTESIAN_POINT('',(0.00312774586144154,0.0669336251653395,0.211944479489244));
#2875=CARTESIAN_POINT('',(0.000435222286464426,0.0657530801535164,0.212712600035489));
#2876=CARTESIAN_POINT('',(0.000518555619797759,0.0650075674529898,0.212712600035489));
#2877=CARTESIAN_POINT('',(0.000601888953131093,0.0646348111027264,0.212066967097989));
#2878=CARTESIAN_POINT('',(0.000685222286464426,0.0642620547524631,0.211421334160489));
#2879=CARTESIAN_POINT('',(0.000768555619797759,0.0646348111027264,0.210775701222989));
#2880=CARTESIAN_POINT('',(0.000851888953131092,0.0650075674529898,0.210130068285489));
#2881=CARTESIAN_POINT('',(0.000935222286464426,0.0657530801535164,0.210130068285489));
#2882=CARTESIAN_POINT('',(0.00101855561979776,0.066498592854043,0.210130068285489));
#2883=CARTESIAN_POINT('',(0.00110188895313109,0.0668713492043063,0.210775701222989));
#2884=CARTESIAN_POINT('',(0.00118522228646443,0.0672441055545696,0.211421334160489));
#2885=CARTESIAN_POINT('',(0.00126855561979776,0.0668713492043063,0.212066967097989));
#2886=CARTESIAN_POINT('',(0.00135188895313109,0.066498592854043,0.212712600035489));
#2887=CARTESIAN_POINT('',(0.00143522228646443,0.0657530801535164,0.212712600035489));
#2888=CARTESIAN_POINT('',(0.00151855561979776,0.0650075674529898,0.212712600035489));
#2889=CARTESIAN_POINT('',(0.00160188895313109,0.0646348111027264,0.212066967097989));
#2890=CARTESIAN_POINT('',(0.00168522228646443,0.0642620547524631,0.211421334160489));
#2891=CARTESIAN_POINT('',(0.00176855561979776,0.0646348111027264,0.210775701222989));
#2892=CARTESIAN_POINT('',(0.00185188895313109,0.0650075674529898,0.210130068285489));
#2893=CARTESIAN_POINT('',(0.00193522228646442,0.0657530801535164,0.210130068285489));
#2894=CARTESIAN_POINT('',(0.00201855561979776,0.066498592854043,0.210130068285489));
#2895=CARTESIAN_POINT('',(0.00210188895313109,0.0668713492043063,0.210775701222989));
#2896=CARTESIAN_POINT('',(0.00218522228646443,0.0672441055545696,0.211421334160489));
#2897=CARTESIAN_POINT('',(0.00226855561979776,0.0668713492043063,0.212066967097989));
#2898=CARTESIAN_POINT('',(0.00235188895313109,0.066498592854043,0.212712600035489));
#2899=CARTESIAN_POINT('',(0.00243522228646443,0.0657530801535164,0.212712600035489));
#2900=CARTESIAN_POINT('',(0.00251855561979776,0.0650075674529898,0.212712600035489));
#2901=CARTESIAN_POINT('',(0.0026018889531311,0.0646348111027264,0.212066967097989));
#2902=CARTESIAN_POINT('',(0.00268522228646443,0.0642620547524631,0.211421334160489));
#2903=CARTESIAN_POINT('',(0.00276855561979776,0.0646348111027264,0.210775701222989));
#2904=CARTESIAN_POINT('',(0.00285188895313109,0.0650075674529898,0.210130068285489));
#2905=CARTESIAN_POINT('',(0.00293522228646443,0.0657530801535164,0.210130068285489));
#2906=CARTESIAN_POINT('',(0.00301855561979776,0.066498592854043,0.210130068285489));
#2907=CARTESIAN_POINT('',(0.0031018889531311,0.0668713492043063,0.210775701222989));
#2908=CARTESIAN_POINT('',(0.00318522228646443,0.0672441055545696,0.211421334160489));
#2909=CARTESIAN_POINT('',(0.00326855561979776,0.0668713492043063,0.212066967097989));
#2910=CARTESIAN_POINT('',(0.00335188895313109,0.066498592854043,0.212712600035489));
#2911=CARTESIAN_POINT('',(0.00343522228646443,0.0657530801535164,0.212712600035489));
#2912=CARTESIAN_POINT('',(0.00351855561979776,0.0650075674529898,0.212712600035489));
#2913=CARTESIAN_POINT('',(0.0036018889531311,0.0646348111027264,0.212066967097989));
#2914=CARTESIAN_POINT('',(0.00368522228646442,0.0642620547524631,0.211421334160489));
#2915=CARTESIAN_POINT('',(0.00376855561979776,0.0646348111027264,0.210775701222989));
#2916=CARTESIAN_POINT('',(0.00385188895313109,0.0650075674529898,0.210130068285489));
#2917=CARTESIAN_POINT('',(0.00393522228646443,0.0657530801535164,0.210130068285489));
#2918=CARTESIAN_POINT('',(0.00401855561979776,0.066498592854043,0.210130068285489));
#2919=CARTESIAN_POINT('',(0.0041018889531311,0.0668713492043063,0.210775701222989));
#2920=CARTESIAN_POINT('',(0.00418522228646442,0.0672441055545696,0.211421334160489));
#2921=CARTESIAN_POINT('',(0.00426855561979776,0.0668713492043063,0.212066967097989));
#2922=CARTESIAN_POINT('',(0.00435188895313109,0.066498592854043,0.212712600035489));
#2923=CARTESIAN_POINT('',(0.00443522228646443,0.0657530801535164,0.212712600035489));
#2924=CARTESIAN_POINT('',(0.00451855561979776,0.0650075674529898,0.212712600035489));
#2925=CARTESIAN_POINT('',(0.00460188895313109,0.0646348111027264,0.212066967097989));
#2926=CARTESIAN_POINT('',(0.00468522228646442,0.0642620547524631,0.211421334160489));
#2927=CARTESIAN_POINT('',(0.00476855561979776,0.0646348111027264,0.210775701222989));
#2928=CARTESIAN_POINT('',(0.00485188895313109,0.0650075674529898,0.210130068285489));
#2929=CARTESIAN_POINT('',(0.00493522228646443,0.0657530801535164,0.210130068285489));
#2930=CARTESIAN_POINT('',(0.00501855561979776,0.066498592854043,0.210130068285489));
#2931=CARTESIAN_POINT('',(0.00510188895313109,0.0668713492043063,0.210775701222989));
#2932=CARTESIAN_POINT('',(0.00518522228646442,0.0672441055545696,0.211421334160489));
#2933=CARTESIAN_POINT('',(0.00526855561979776,0.0668713492043063,0.212066967097989));
#2934=CARTESIAN_POINT('',(0.00535188895313109,0.066498592854043,0.212712600035489));
#2935=CARTESIAN_POINT('',(0.00543522228646443,0.0657530801535164,0.212712600035489));
#2936=CARTESIAN_POINT('',(0.00551855561979776,0.0650075674529898,0.212712600035489));
#2937=CARTESIAN_POINT('',(0.00560188895313109,0.0646348111027264,0.212066967097989));
#2938=CARTESIAN_POINT('',(0.00568522228646442,0.0642620547524631,0.211421334160489));
#2939=CARTESIAN_POINT('',(0.00576855561979776,0.0646348111027264,0.210775701222989));
#2940=CARTESIAN_POINT('',(0.00585188895313109,0.0650075674529898,0.210130068285489));
#2941=CARTESIAN_POINT('',(0.00593522228646443,0.0657530801535164,0.210130068285489));
#2942=CARTESIAN_POINT('',(0.00601855561979776,0.066498592854043,0.210130068285489));
#2943=CARTESIAN_POINT('',(0.00610188895313109,0.0668713492043063,0.210775701222989));
#2944=CARTESIAN_POINT('',(0.00618522228646442,0.0672441055545696,0.211421334160489));
#2945=CARTESIAN_POINT('',(0.00626855561979776,0.0668713492043063,0.212066967097989));
#2946=CARTESIAN_POINT('',(0.00635188895313109,0.066498592854043,0.212712600035489));
#2947=CARTESIAN_POINT('',(0.00643522228646443,0.0657530801535164,0.212712600035489));
#2948=CARTESIAN_POINT('',(0.00651855561979776,0.0650075674529898,0.212712600035489));
#2949=CARTESIAN_POINT('',(0.00660188895313109,0.0646348111027264,0.212066967097989));
#2950=CARTESIAN_POINT('',(0.00668522228646442,0.0642620547524631,0.211421334160489));
#2951=CARTESIAN_POINT('',(0.00676855561979776,0.0646348111027264,0.210775701222989));
#2952=CARTESIAN_POINT('',(0.00685188895313109,0.0650075674529898,0.210130068285489));
#2953=CARTESIAN_POINT('',(0.00693522228646443,0.0657530801535164,0.210130068285489));
#2954=CARTESIAN_POINT('',(0.00701855561979776,0.066498592854043,0.210130068285489));
#2955=CARTESIAN_POINT('',(0.00710188895313109,0.0668713492043063,0.210775701222989));
#2956=CARTESIAN_POINT('',(0.00718522228646442,0.0672441055545696,0.211421334160489));
#2957=CARTESIAN_POINT('',(0.00726855561979776,0.0668713492043063,0.212066967097989));
#2958=CARTESIAN_POINT('',(0.00735188895313109,0.066498592854043,0.212712600035489));
#2959=CARTESIAN_POINT('',(0.00743522228646443,0.0657530801535164,0.212712600035489));
#2960=CARTESIAN_POINT('',(0.00751855561979776,0.0650075674529898,0.212712600035489));
#2961=CARTESIAN_POINT('',(0.00760188895313109,0.0646348111027264,0.212066967097989));
#2962=CARTESIAN_POINT('',(0.00768522228646442,0.0642620547524631,0.211421334160489));
#2963=CARTESIAN_POINT('',(0.00776855561979776,0.0646348111027264,0.210775701222989));
#2964=CARTESIAN_POINT('',(0.00785188895313109,0.0650075674529898,0.210130068285489));
#2965=CARTESIAN_POINT('',(0.00793522228646443,0.0657530801535164,0.210130068285489));
#2966=CARTESIAN_POINT('',(0.00801855561979776,0.066498592854043,0.210130068285489));
#2967=CARTESIAN_POINT('',(0.00810188895313109,0.0668713492043063,0.210775701222989));
#2968=CARTESIAN_POINT('',(0.00818522228646442,0.0672441055545696,0.211421334160489));
#2969=CARTESIAN_POINT('',(0.00826855561979776,0.0668713492043063,0.212066967097989));
#2970=CARTESIAN_POINT('',(0.00835188895313109,0.066498592854043,0.212712600035489));
#2971=CARTESIAN_POINT('',(0.00843522228646443,0.0657530801535164,0.212712600035489));
#2972=CARTESIAN_POINT('',(0.00031022228646442,0.0657530801535164,0.212712600035489));
#2973=CARTESIAN_POINT('',(0.000393555619797753,0.0650075674529898,0.212712600035489));
#2974=CARTESIAN_POINT('',(0.000476888953131087,0.0646348111027264,0.212066967097989));
#2975=CARTESIAN_POINT('',(0.00056022228646442,0.0642620547524631,0.211421334160489));
#2976=CARTESIAN_POINT('',(0.000643555619797753,0.0646348111027264,0.210775701222989));
#2977=CARTESIAN_POINT('',(0.000726888953131086,0.0650075674529898,0.210130068285489));
#2978=CARTESIAN_POINT('',(0.00081022228646442,0.0657530801535164,0.210130068285489));
#2979=CARTESIAN_POINT('',(0.000893555619797753,0.066498592854043,0.210130068285489));
#2980=CARTESIAN_POINT('',(0.000976888953131087,0.0668713492043063,0.210775701222989));
#2981=CARTESIAN_POINT('',(0.00106022228646442,0.0672441055545696,0.211421334160489));
#2982=CARTESIAN_POINT('',(0.00114355561979775,0.0668713492043063,0.212066967097989));
#2983=CARTESIAN_POINT('',(0.00122688895313109,0.066498592854043,0.212712600035489));
#2984=CARTESIAN_POINT('',(0.00131022228646442,0.0657530801535164,0.212712600035489));
#2985=CARTESIAN_POINT('',(0.00139355561979775,0.0650075674529898,0.212712600035489));
#2986=CARTESIAN_POINT('',(0.00147688895313109,0.0646348111027264,0.212066967097989));
#2987=CARTESIAN_POINT('',(0.00156022228646442,0.0642620547524631,0.211421334160489));
#2988=CARTESIAN_POINT('',(0.00164355561979776,0.0646348111027264,0.210775701222989));
#2989=CARTESIAN_POINT('',(0.00172688895313109,0.0650075674529898,0.210130068285489));
#2990=CARTESIAN_POINT('',(0.00181022228646442,0.0657530801535164,0.210130068285489));
#2991=CARTESIAN_POINT('',(0.00189355561979776,0.066498592854043,0.210130068285489));
#2992=CARTESIAN_POINT('',(0.00197688895313108,0.0668713492043063,0.210775701222989));
#2993=CARTESIAN_POINT('',(0.00206022228646442,0.0672441055545696,0.211421334160489));
#2994=CARTESIAN_POINT('',(0.00214355561979775,0.0668713492043063,0.212066967097989));
#2995=CARTESIAN_POINT('',(0.00222688895313109,0.066498592854043,0.212712600035489));
#2996=CARTESIAN_POINT('',(0.00231022228646442,0.0657530801535164,0.212712600035489));
#2997=CARTESIAN_POINT('',(0.00239355561979775,0.0650075674529898,0.212712600035489));
#2998=CARTESIAN_POINT('',(0.00247688895313108,0.0646348111027264,0.212066967097989));
#2999=CARTESIAN_POINT('',(0.00256022228646442,0.0642620547524631,0.211421334160489));
#3000=CARTESIAN_POINT('',(0.00264355561979775,0.0646348111027264,0.210775701222989));
#3001=CARTESIAN_POINT('',(0.00272688895313109,0.0650075674529898,0.210130068285489));
#3002=CARTESIAN_POINT('',(0.00281022228646442,0.0657530801535164,0.210130068285489));
#3003=CARTESIAN_POINT('',(0.00289355561979775,0.066498592854043,0.210130068285489));
#3004=CARTESIAN_POINT('',(0.00297688895313108,0.0668713492043063,0.210775701222989));
#3005=CARTESIAN_POINT('',(0.00306022228646442,0.0672441055545696,0.211421334160489));
#3006=CARTESIAN_POINT('',(0.00314355561979775,0.0668713492043063,0.212066967097989));
#3007=CARTESIAN_POINT('',(0.00322688895313109,0.066498592854043,0.212712600035489));
#3008=CARTESIAN_POINT('',(0.00331022228646442,0.0657530801535164,0.212712600035489));
#3009=CARTESIAN_POINT('',(0.00339355561979775,0.0650075674529898,0.212712600035489));
#3010=CARTESIAN_POINT('',(0.00347688895313108,0.0646348111027264,0.212066967097989));
#3011=CARTESIAN_POINT('',(0.00356022228646442,0.0642620547524631,0.211421334160489));
#3012=CARTESIAN_POINT('',(0.00364355561979775,0.0646348111027264,0.210775701222989));
#3013=CARTESIAN_POINT('',(0.00372688895313109,0.0650075674529898,0.210130068285489));
#3014=CARTESIAN_POINT('',(0.00381022228646442,0.0657530801535164,0.210130068285489));
#3015=CARTESIAN_POINT('',(0.00389355561979775,0.066498592854043,0.210130068285489));
#3016=CARTESIAN_POINT('',(0.00397688895313108,0.0668713492043063,0.210775701222989));
#3017=CARTESIAN_POINT('',(0.00406022228646442,0.0672441055545696,0.211421334160489));
#3018=CARTESIAN_POINT('',(0.00414355561979775,0.0668713492043063,0.212066967097989));
#3019=CARTESIAN_POINT('',(0.00422688895313109,0.066498592854043,0.212712600035489));
#3020=CARTESIAN_POINT('',(0.00431022228646442,0.0657530801535164,0.212712600035489));
#3021=CARTESIAN_POINT('',(0.00439355561979775,0.0650075674529898,0.212712600035489));
#3022=CARTESIAN_POINT('',(0.00447688895313108,0.0646348111027264,0.212066967097989));
#3023=CARTESIAN_POINT('',(0.00456022228646442,0.0642620547524631,0.211421334160489));
#3024=CARTESIAN_POINT('',(0.00464355561979775,0.0646348111027264,0.210775701222989));
#3025=CARTESIAN_POINT('',(0.00472688895313108,0.0650075674529898,0.210130068285489));
#3026=CARTESIAN_POINT('',(0.00481022228646442,0.0657530801535164,0.210130068285489));
#3027=CARTESIAN_POINT('',(0.00489355561979775,0.066498592854043,0.210130068285489));
#3028=CARTESIAN_POINT('',(0.00497688895313109,0.0668713492043063,0.210775701222989));
#3029=CARTESIAN_POINT('',(0.00506022228646442,0.0672441055545696,0.211421334160489));
#3030=CARTESIAN_POINT('',(0.00514355561979775,0.0668713492043063,0.212066967097989));
#3031=CARTESIAN_POINT('',(0.00522688895313108,0.066498592854043,0.212712600035489));
#3032=CARTESIAN_POINT('',(0.00531022228646442,0.0657530801535164,0.212712600035489));
#3033=CARTESIAN_POINT('',(0.00539355561979775,0.0650075674529898,0.212712600035489));
#3034=CARTESIAN_POINT('',(0.00547688895313109,0.0646348111027264,0.212066967097989));
#3035=CARTESIAN_POINT('',(0.00556022228646441,0.0642620547524631,0.211421334160489));
#3036=CARTESIAN_POINT('',(0.00564355561979775,0.0646348111027264,0.210775701222989));
#3037=CARTESIAN_POINT('',(0.00572688895313108,0.0650075674529898,0.210130068285489));
#3038=CARTESIAN_POINT('',(0.00581022228646442,0.0657530801535164,0.210130068285489));
#3039=CARTESIAN_POINT('',(0.00589355561979775,0.066498592854043,0.210130068285489));
#3040=CARTESIAN_POINT('',(0.00597688895313109,0.0668713492043063,0.210775701222989));
#3041=CARTESIAN_POINT('',(0.00606022228646441,0.0672441055545696,0.211421334160489));
#3042=CARTESIAN_POINT('',(0.00614355561979775,0.0668713492043063,0.212066967097989));
#3043=CARTESIAN_POINT('',(0.00622688895313109,0.066498592854043,0.212712600035489));
#3044=CARTESIAN_POINT('',(0.00631022228646442,0.0657530801535164,0.212712600035489));
#3045=CARTESIAN_POINT('',(0.00639355561979776,0.0650075674529898,0.212712600035489));
#3046=CARTESIAN_POINT('',(0.00647688895313109,0.0646348111027264,0.212066967097989));
#3047=CARTESIAN_POINT('',(0.00656022228646441,0.0642620547524631,0.211421334160489));
#3048=CARTESIAN_POINT('',(0.00664355561979775,0.0646348111027264,0.210775701222989));
#3049=CARTESIAN_POINT('',(0.00672688895313109,0.0650075674529898,0.210130068285489));
#3050=CARTESIAN_POINT('',(0.00681022228646442,0.0657530801535164,0.210130068285489));
#3051=CARTESIAN_POINT('',(0.00689355561979776,0.066498592854043,0.210130068285489));
#3052=CARTESIAN_POINT('',(0.00697688895313109,0.0668713492043063,0.210775701222989));
#3053=CARTESIAN_POINT('',(0.00706022228646442,0.0672441055545696,0.211421334160489));
#3054=CARTESIAN_POINT('',(0.00714355561979775,0.0668713492043063,0.212066967097989));
#3055=CARTESIAN_POINT('',(0.00722688895313109,0.066498592854043,0.212712600035489));
#3056=CARTESIAN_POINT('',(0.00731022228646442,0.0657530801535164,0.212712600035489));
#3057=CARTESIAN_POINT('',(0.00739355561979776,0.0650075674529898,0.212712600035489));
#3058=CARTESIAN_POINT('',(0.00747688895313109,0.0646348111027264,0.212066967097989));
#3059=CARTESIAN_POINT('',(0.00756022228646442,0.0642620547524631,0.211421334160489));
#3060=CARTESIAN_POINT('',(0.00764355561979775,0.0646348111027264,0.210775701222989));
#3061=CARTESIAN_POINT('',(0.00772688895313109,0.0650075674529898,0.210130068285489));
#3062=CARTESIAN_POINT('',(0.00781022228646442,0.0657530801535164,0.210130068285489));
#3063=CARTESIAN_POINT('',(0.00789355561979775,0.066498592854043,0.210130068285489));
#3064=CARTESIAN_POINT('',(0.00797688895313109,0.0668713492043063,0.210775701222989));
#3065=CARTESIAN_POINT('',(0.00806022228646442,0.0672441055545696,0.211421334160489));
#3066=CARTESIAN_POINT('',(0.00814355561979775,0.0668713492043063,0.212066967097989));
#3067=CARTESIAN_POINT('',(0.00822688895313109,0.066498592854043,0.212712600035489));
#3068=CARTESIAN_POINT('',(0.00831022228646442,0.0657530801535164,0.212712600035489));
#3069=CARTESIAN_POINT('',(0.0031031275248235,0.0670008259378665,0.2117537465814));
#3070=CARTESIAN_POINT('',(0.00312444775676974,0.0669568201317101,0.211918927109155));
#3071=CARTESIAN_POINT('',(0.00314355561979775,0.0668713492043063,0.212066967097989));
#3072=CARTESIAN_POINT('',(0.00322688895313109,0.066498592854043,0.212712600035489));
#3073=CARTESIAN_POINT('',(0.00331022228646442,0.0657530801535164,0.212712600035489));
#3074=CARTESIAN_POINT('',(0.00339355561979775,0.0650075674529898,0.212712600035489));
#3075=CARTESIAN_POINT('',(0.00347688895313108,0.0646348111027264,0.212066967097989));
#3076=CARTESIAN_POINT('',(0.00356022228646442,0.0642620547524631,0.211421334160489));
#3077=CARTESIAN_POINT('',(0.00364355561979775,0.0646348111027264,0.210775701222989));
#3078=CARTESIAN_POINT('',(0.00372688895313109,0.0650075674529898,0.210130068285489));
#3079=CARTESIAN_POINT('',(0.00381022228646442,0.0657530801535164,0.210130068285489));
#3080=CARTESIAN_POINT('',(0.00389355561979775,0.066498592854043,0.210130068285489));
#3081=CARTESIAN_POINT('',(0.00397688895313108,0.0668713492043063,0.210775701222989));
#3082=CARTESIAN_POINT('',(0.00406022228646442,0.0672441055545696,0.211421334160489));
#3083=CARTESIAN_POINT('',(0.00414355561979775,0.0668713492043063,0.212066967097989));
#3084=CARTESIAN_POINT('',(0.00422688895313109,0.066498592854043,0.212712600035489));
#3085=CARTESIAN_POINT('',(0.00431022228646442,0.0657530801535164,0.212712600035489));
#3086=CARTESIAN_POINT('',(0.00439355561979775,0.0650075674529898,0.212712600035489));
#3087=CARTESIAN_POINT('',(0.00447688895313108,0.0646348111027264,0.212066967097989));
#3088=CARTESIAN_POINT('',(0.00456022228646442,0.0642620547524631,0.211421334160489));
#3089=CARTESIAN_POINT('',(0.00464355561979775,0.0646348111027264,0.210775701222989));
#3090=CARTESIAN_POINT('',(0.00472688895313108,0.0650075674529898,0.210130068285489));
#3091=CARTESIAN_POINT('',(0.00481022228646442,0.0657530801535164,0.210130068285489));
#3092=CARTESIAN_POINT('',(0.00489355561979775,0.066498592854043,0.210130068285489));
#3093=CARTESIAN_POINT('',(0.00497688895313109,0.0668713492043063,0.210775701222989));
#3094=CARTESIAN_POINT('',(0.00506022228646442,0.0672441055545696,0.211421334160489));
#3095=CARTESIAN_POINT('',(0.00514355561979775,0.0668713492043063,0.212066967097989));
#3096=CARTESIAN_POINT('',(0.00522688895313108,0.066498592854043,0.212712600035489));
#3097=CARTESIAN_POINT('',(0.00531022228646442,0.0657530801535164,0.212712600035489));
#3098=CARTESIAN_POINT('',(0.00539355561979775,0.0650075674529898,0.212712600035489));
#3099=CARTESIAN_POINT('',(0.00547688895313109,0.0646348111027264,0.212066967097989));
#3100=CARTESIAN_POINT('',(0.00556022228646441,0.0642620547524631,0.211421334160489));
#3101=CARTESIAN_POINT('',(0.00564355561979775,0.0646348111027264,0.210775701222989));
#3102=CARTESIAN_POINT('',(0.00572688895313108,0.0650075674529898,0.210130068285489));
#3103=CARTESIAN_POINT('',(0.00581022228646442,0.0657530801535164,0.210130068285489));
#3104=CARTESIAN_POINT('',(0.00589355561979775,0.066498592854043,0.210130068285489));
#3105=CARTESIAN_POINT('',(0.00597688895313109,0.0668713492043063,0.210775701222989));
#3106=CARTESIAN_POINT('',(0.00606022228646441,0.0672441055545696,0.211421334160489));
#3107=CARTESIAN_POINT('',(0.00614355561979775,0.0668713492043063,0.212066967097989));
#3108=CARTESIAN_POINT('',(0.00622688895313109,0.066498592854043,0.212712600035489));
#3109=CARTESIAN_POINT('',(0.00631022228646442,0.0657530801535164,0.212712600035489));
#3110=CARTESIAN_POINT('',(0.00639355561979776,0.0650075674529898,0.212712600035489));
#3111=CARTESIAN_POINT('',(0.00647688895313109,0.0646348111027264,0.212066967097989));
#3112=CARTESIAN_POINT('',(0.00656022228646441,0.0642620547524631,0.211421334160489));
#3113=CARTESIAN_POINT('',(0.00664355561979775,0.0646348111027264,0.210775701222989));
#3114=CARTESIAN_POINT('',(0.00672688895313109,0.0650075674529898,0.210130068285489));
#3115=CARTESIAN_POINT('',(0.00681022228646442,0.0657530801535164,0.210130068285489));
#3116=CARTESIAN_POINT('',(0.00689355561979776,0.066498592854043,0.210130068285489));
#3117=CARTESIAN_POINT('',(0.00697688895313109,0.0668713492043063,0.210775701222989));
#3118=CARTESIAN_POINT('',(0.00706022228646442,0.0672441055545696,0.211421334160489));
#3119=CARTESIAN_POINT('',(0.00714355561979775,0.0668713492043063,0.212066967097989));
#3120=CARTESIAN_POINT('',(0.00722688895313109,0.066498592854043,0.212712600035489));
#3121=CARTESIAN_POINT('',(0.00731022228646442,0.0657530801535164,0.212712600035489));
#3122=CARTESIAN_POINT('',(0.0073213169973057,0.0656538251794262,0.212712600035489));
#3123=CARTESIAN_POINT('',(0.00733326032999811,0.0655557362012665,0.21269743091405));
#3124=CARTESIAN_POINT('',(0.0027906275248235,0.0664778025800752,0.211614407733105));
#3125=CARTESIAN_POINT('',(0.00281194775676974,0.0664522428907376,0.211710348776863));
#3126=CARTESIAN_POINT('',(0.00283105561979775,0.0664025992063547,0.211796334160489));
#3127=CARTESIAN_POINT('',(0.00291438895313108,0.0661860928554086,0.212171334160489));
#3128=CARTESIAN_POINT('',(0.00299772228646442,0.0657530801535164,0.212171334160489));
#3129=CARTESIAN_POINT('',(0.00308105561979775,0.0653200674516242,0.212171334160489));
#3130=CARTESIAN_POINT('',(0.00316438895313108,0.0651035611006781,0.211796334160489));
#3131=CARTESIAN_POINT('',(0.00324772228646442,0.0648870547497319,0.211421334160489));
#3132=CARTESIAN_POINT('',(0.00333105561979775,0.0651035611006781,0.211046334160489));
#3133=CARTESIAN_POINT('',(0.00341438895313108,0.0653200674516242,0.210671334160489));
#3134=CARTESIAN_POINT('',(0.00349772228646442,0.0657530801535164,0.210671334160489));
#3135=CARTESIAN_POINT('',(0.00358105561979775,0.0661860928554086,0.210671334160489));
#3136=CARTESIAN_POINT('',(0.00366438895313108,0.0664025992063547,0.211046334160489));
#3137=CARTESIAN_POINT('',(0.00374772228646442,0.0666191055573008,0.211421334160489));
#3138=CARTESIAN_POINT('',(0.00383105561979775,0.0664025992063547,0.211796334160489));
#3139=CARTESIAN_POINT('',(0.00391438895313108,0.0661860928554086,0.212171334160489));
#3140=CARTESIAN_POINT('',(0.00399772228646442,0.0657530801535164,0.212171334160489));
#3141=CARTESIAN_POINT('',(0.00408105561979775,0.0653200674516242,0.212171334160489));
#3142=CARTESIAN_POINT('',(0.00416438895313109,0.0651035611006781,0.211796334160489));
#3143=CARTESIAN_POINT('',(0.00424772228646442,0.0648870547497319,0.211421334160489));
#3144=CARTESIAN_POINT('',(0.00433105561979775,0.0651035611006781,0.211046334160489));
#3145=CARTESIAN_POINT('',(0.00441438895313109,0.0653200674516242,0.210671334160489));
#3146=CARTESIAN_POINT('',(0.00449772228646442,0.0657530801535164,0.210671334160489));
#3147=CARTESIAN_POINT('',(0.00458105561979775,0.0661860928554086,0.210671334160489));
#3148=CARTESIAN_POINT('',(0.00466438895313109,0.0664025992063547,0.211046334160489));
#3149=CARTESIAN_POINT('',(0.00474772228646442,0.0666191055573008,0.211421334160489));
#3150=CARTESIAN_POINT('',(0.00483105561979775,0.0664025992063547,0.211796334160489));
#3151=CARTESIAN_POINT('',(0.00491438895313109,0.0661860928554086,0.212171334160489));
#3152=CARTESIAN_POINT('',(0.00499772228646442,0.0657530801535164,0.212171334160489));
#3153=CARTESIAN_POINT('',(0.00508105561979775,0.0653200674516242,0.212171334160489));
#3154=CARTESIAN_POINT('',(0.00516438895313109,0.0651035611006781,0.211796334160489));
#3155=CARTESIAN_POINT('',(0.00524772228646442,0.0648870547497319,0.211421334160489));
#3156=CARTESIAN_POINT('',(0.00533105561979775,0.0651035611006781,0.211046334160489));
#3157=CARTESIAN_POINT('',(0.00541438895313108,0.0653200674516242,0.210671334160489));
#3158=CARTESIAN_POINT('',(0.00549772228646442,0.0657530801535164,0.210671334160489));
#3159=CARTESIAN_POINT('',(0.00558105561979775,0.0661860928554086,0.210671334160489));
#3160=CARTESIAN_POINT('',(0.00566438895313109,0.0664025992063547,0.211046334160489));
#3161=CARTESIAN_POINT('',(0.00574772228646442,0.0666191055573008,0.211421334160489));
#3162=CARTESIAN_POINT('',(0.00583105561979775,0.0664025992063547,0.211796334160489));
#3163=CARTESIAN_POINT('',(0.00591438895313108,0.0661860928554086,0.212171334160489));
#3164=CARTESIAN_POINT('',(0.00599772228646442,0.0657530801535164,0.212171334160489));
#3165=CARTESIAN_POINT('',(0.00608105561979775,0.0653200674516242,0.212171334160489));
#3166=CARTESIAN_POINT('',(0.00616438895313109,0.0651035611006781,0.211796334160489));
#3167=CARTESIAN_POINT('',(0.00624772228646441,0.0648870547497319,0.211421334160489));
#3168=CARTESIAN_POINT('',(0.00633105561979775,0.0651035611006781,0.211046334160489));
#3169=CARTESIAN_POINT('',(0.00641438895313108,0.0653200674516242,0.210671334160489));
#3170=CARTESIAN_POINT('',(0.00649772228646442,0.0657530801535164,0.210671334160489));
#3171=CARTESIAN_POINT('',(0.00658105561979775,0.0661860928554086,0.210671334160489));
#3172=CARTESIAN_POINT('',(0.00666438895313109,0.0664025992063547,0.211046334160489));
#3173=CARTESIAN_POINT('',(0.00674772228646441,0.0666191055573008,0.211421334160489));
#3174=CARTESIAN_POINT('',(0.00683105561979775,0.0664025992063547,0.211796334160489));
#3175=CARTESIAN_POINT('',(0.00691438895313108,0.0661860928554086,0.212171334160489));
#3176=CARTESIAN_POINT('',(0.00699772228646442,0.0657530801535164,0.212171334160489));
#3177=CARTESIAN_POINT('',(0.0070088169973057,0.0656954303448992,0.212171334160489));
#3178=CARTESIAN_POINT('',(0.00702076032999811,0.0656384577763182,0.212162523549677));
#3179=CARTESIAN_POINT('',(0.00312774586144151,0.0669336251653395,0.211944479489244));
#3180=CARTESIAN_POINT('',(0.00312774586144151,0.066731330815508,0.212228593096551));
#3181=CARTESIAN_POINT('',(0.00312774586144154,0.066076075987551,0.212614468138434));
#3182=CARTESIAN_POINT('',(0.00312774586144157,0.0653510512329251,0.212262298291534));
#3183=CARTESIAN_POINT('',(0.00312774586144157,0.0652111384196599,0.211939792603476));
#3184=CARTESIAN_POINT('',(0.00310267426880912,0.0651642271136682,0.210956842936178));
#3185=CARTESIAN_POINT('',(0.00317773938863361,0.0653894383494047,0.210671334160489));
#3186=CARTESIAN_POINT('',(0.00324772228646443,0.0657530801535164,0.210671334160489));
#3187=CARTESIAN_POINT('',(0.00333105561979777,0.0661860928554086,0.210671334160489));
#3188=CARTESIAN_POINT('',(0.0034143889531311,0.0664025992063547,0.211046334160489));
#3189=CARTESIAN_POINT('',(0.00349772228646444,0.0666191055573008,0.211421334160489));
#3190=CARTESIAN_POINT('',(0.00358105561979777,0.0664025992063547,0.211796334160489));
#3191=CARTESIAN_POINT('',(0.0036643889531311,0.0661860928554086,0.212171334160489));
#3192=CARTESIAN_POINT('',(0.00374772228646443,0.0657530801535164,0.212171334160489));
#3193=CARTESIAN_POINT('',(0.00383105561979777,0.0653200674516242,0.212171334160489));
#3194=CARTESIAN_POINT('',(0.0039143889531311,0.0651035611006781,0.211796334160489));
#3195=CARTESIAN_POINT('',(0.00399772228646444,0.0648870547497319,0.211421334160489));
#3196=CARTESIAN_POINT('',(0.00408105561979777,0.0651035611006781,0.211046334160489));
#3197=CARTESIAN_POINT('',(0.0041643889531311,0.0653200674516242,0.210671334160489));
#3198=CARTESIAN_POINT('',(0.00424772228646444,0.0657530801535164,0.210671334160489));
#3199=CARTESIAN_POINT('',(0.00433105561979777,0.0661860928554086,0.210671334160489));
#3200=CARTESIAN_POINT('',(0.0044143889531311,0.0664025992063547,0.211046334160489));
#3201=CARTESIAN_POINT('',(0.00449772228646443,0.0666191055573008,0.211421334160489));
#3202=CARTESIAN_POINT('',(0.00458105561979777,0.0664025992063547,0.211796334160489));
#3203=CARTESIAN_POINT('',(0.0046643889531311,0.0661860928554086,0.212171334160489));
#3204=CARTESIAN_POINT('',(0.00474772228646444,0.0657530801535164,0.212171334160489));
#3205=CARTESIAN_POINT('',(0.00483105561979777,0.0653200674516242,0.212171334160489));
#3206=CARTESIAN_POINT('',(0.0049143889531311,0.0651035611006781,0.211796334160489));
#3207=CARTESIAN_POINT('',(0.00499772228646443,0.0648870547497319,0.211421334160489));
#3208=CARTESIAN_POINT('',(0.00508105561979777,0.0651035611006781,0.211046334160489));
#3209=CARTESIAN_POINT('',(0.0051643889531311,0.0653200674516242,0.210671334160489));
#3210=CARTESIAN_POINT('',(0.00524772228646444,0.0657530801535164,0.210671334160489));
#3211=CARTESIAN_POINT('',(0.00533105561979776,0.0661860928554086,0.210671334160489));
#3212=CARTESIAN_POINT('',(0.0054143889531311,0.0664025992063547,0.211046334160489));
#3213=CARTESIAN_POINT('',(0.00549772228646443,0.0666191055573008,0.211421334160489));
#3214=CARTESIAN_POINT('',(0.00558105561979777,0.0664025992063547,0.211796334160489));
#3215=CARTESIAN_POINT('',(0.0056643889531311,0.0661860928554086,0.212171334160489));
#3216=CARTESIAN_POINT('',(0.00574772228646444,0.0657530801535164,0.212171334160489));
#3217=CARTESIAN_POINT('',(0.00583105561979776,0.0653200674516242,0.212171334160489));
#3218=CARTESIAN_POINT('',(0.0059143889531311,0.0651035611006781,0.211796334160489));
#3219=CARTESIAN_POINT('',(0.00599772228646443,0.0648870547497319,0.211421334160489));
#3220=CARTESIAN_POINT('',(0.00608105561979777,0.0651035611006781,0.211046334160489));
#3221=CARTESIAN_POINT('',(0.00616438895313111,0.0653200674516242,0.210671334160489));
#3222=CARTESIAN_POINT('',(0.00624772228646444,0.0657530801535164,0.210671334160489));
#3223=CARTESIAN_POINT('',(0.00633105561979776,0.0661860928554086,0.210671334160489));
#3224=CARTESIAN_POINT('',(0.0064143889531311,0.0664025992063547,0.211046334160489));
#3225=CARTESIAN_POINT('',(0.00649772228646443,0.0666191055573008,0.211421334160489));
#3226=CARTESIAN_POINT('',(0.00658105561979777,0.0664025992063547,0.211796334160489));
#3227=CARTESIAN_POINT('',(0.00666438895313111,0.0661860928554086,0.212171334160489));
#3228=CARTESIAN_POINT('',(0.00674772228646444,0.0657530801535164,0.212171334160489));
#3229=CARTESIAN_POINT('',(0.00683105561979776,0.0653200674516242,0.212171334160489));
#3230=CARTESIAN_POINT('',(0.0069143889531311,0.0651035611006781,0.211796334160489));
#3231=CARTESIAN_POINT('',(0.00699772228646444,0.0648870547497319,0.211421334160489));
#3232=CARTESIAN_POINT('',(0.00708105561979777,0.0651035611006781,0.211046334160489));
#3233=CARTESIAN_POINT('',(0.00716438895313111,0.0653200674516242,0.210671334160489));
#3234=CARTESIAN_POINT('',(0.00724772228646444,0.0657530801535164,0.210671334160489));
#3235=CARTESIAN_POINT('',(0.00728918458586565,0.065968524581001,0.210671334160489));
#3236=CARTESIAN_POINT('',(0.00733703035216998,0.066151123333489,0.21078567574052));
#3237=CARTESIAN_POINT('',(0.00279017426880912,0.0647392590391884,0.210621625270903));
#3238=CARTESIAN_POINT('',(0.0028652393886336,0.0651270024836859,0.210130068285489));
#3239=CARTESIAN_POINT('',(0.00293522228646443,0.0657530801535164,0.210130068285489));
#3240=CARTESIAN_POINT('',(0.00301855561979776,0.066498592854043,0.210130068285489));
#3241=CARTESIAN_POINT('',(0.0031018889531311,0.0668713492043063,0.210775701222989));
#3242=CARTESIAN_POINT('',(0.00318522228646443,0.0672441055545696,0.211421334160489));
#3243=CARTESIAN_POINT('',(0.00326855561979777,0.0668713492043063,0.212066967097989));
#3244=CARTESIAN_POINT('',(0.0033518889531311,0.066498592854043,0.212712600035489));
#3245=CARTESIAN_POINT('',(0.00343522228646444,0.0657530801535164,0.212712600035489));
#3246=CARTESIAN_POINT('',(0.00351855561979776,0.0650075674529898,0.212712600035489));
#3247=CARTESIAN_POINT('',(0.0036018889531311,0.0646348111027264,0.212066967097989));
#3248=CARTESIAN_POINT('',(0.00368522228646443,0.0642620547524631,0.211421334160489));
#3249=CARTESIAN_POINT('',(0.00376855561979777,0.0646348111027264,0.210775701222989));
#3250=CARTESIAN_POINT('',(0.0038518889531311,0.0650075674529898,0.210130068285489));
#3251=CARTESIAN_POINT('',(0.00393522228646444,0.0657530801535164,0.210130068285489));
#3252=CARTESIAN_POINT('',(0.00401855561979776,0.066498592854043,0.210130068285489));
#3253=CARTESIAN_POINT('',(0.0041018889531311,0.0668713492043063,0.210775701222989));
#3254=CARTESIAN_POINT('',(0.00418522228646443,0.0672441055545696,0.211421334160489));
#3255=CARTESIAN_POINT('',(0.00426855561979777,0.0668713492043063,0.212066967097989));
#3256=CARTESIAN_POINT('',(0.0043518889531311,0.066498592854043,0.212712600035489));
#3257=CARTESIAN_POINT('',(0.00443522228646443,0.0657530801535164,0.212712600035489));
#3258=CARTESIAN_POINT('',(0.00451855561979776,0.0650075674529898,0.212712600035489));
#3259=CARTESIAN_POINT('',(0.0046018889531311,0.0646348111027264,0.212066967097989));
#3260=CARTESIAN_POINT('',(0.00468522228646443,0.0642620547524631,0.211421334160489));
#3261=CARTESIAN_POINT('',(0.00476855561979777,0.0646348111027264,0.210775701222989));
#3262=CARTESIAN_POINT('',(0.0048518889531311,0.0650075674529898,0.210130068285489));
#3263=CARTESIAN_POINT('',(0.00493522228646443,0.0657530801535164,0.210130068285489));
#3264=CARTESIAN_POINT('',(0.00501855561979777,0.066498592854043,0.210130068285489));
#3265=CARTESIAN_POINT('',(0.0051018889531311,0.0668713492043063,0.210775701222989));
#3266=CARTESIAN_POINT('',(0.00518522228646443,0.0672441055545696,0.211421334160489));
#3267=CARTESIAN_POINT('',(0.00526855561979777,0.0668713492043063,0.212066967097989));
#3268=CARTESIAN_POINT('',(0.0053518889531311,0.066498592854043,0.212712600035489));
#3269=CARTESIAN_POINT('',(0.00543522228646443,0.0657530801535164,0.212712600035489));
#3270=CARTESIAN_POINT('',(0.00551855561979776,0.0650075674529898,0.212712600035489));
#3271=CARTESIAN_POINT('',(0.0056018889531311,0.0646348111027264,0.212066967097989));
#3272=CARTESIAN_POINT('',(0.00568522228646443,0.0642620547524631,0.211421334160489));
#3273=CARTESIAN_POINT('',(0.00576855561979777,0.0646348111027264,0.210775701222989));
#3274=CARTESIAN_POINT('',(0.0058518889531311,0.0650075674529898,0.210130068285489));
#3275=CARTESIAN_POINT('',(0.00593522228646443,0.0657530801535164,0.210130068285489));
#3276=CARTESIAN_POINT('',(0.00601855561979776,0.066498592854043,0.210130068285489));
#3277=CARTESIAN_POINT('',(0.0061018889531311,0.0668713492043063,0.210775701222989));
#3278=CARTESIAN_POINT('',(0.00618522228646443,0.0672441055545696,0.211421334160489));
#3279=CARTESIAN_POINT('',(0.00626855561979777,0.0668713492043063,0.212066967097989));
#3280=CARTESIAN_POINT('',(0.0063518889531311,0.066498592854043,0.212712600035489));
#3281=CARTESIAN_POINT('',(0.00643522228646443,0.0657530801535164,0.212712600035489));
#3282=CARTESIAN_POINT('',(0.00651855561979776,0.0650075674529898,0.212712600035489));
#3283=CARTESIAN_POINT('',(0.0066018889531311,0.0646348111027264,0.212066967097989));
#3284=CARTESIAN_POINT('',(0.00668522228646443,0.0642620547524631,0.211421334160489));
#3285=CARTESIAN_POINT('',(0.00676855561979777,0.0646348111027264,0.210775701222989));
#3286=CARTESIAN_POINT('',(0.0068518889531311,0.0650075674529898,0.210130068285489));
#3287=CARTESIAN_POINT('',(0.00693522228646443,0.0657530801535164,0.210130068285489));
#3288=CARTESIAN_POINT('',(0.00697668458586565,0.0661240082030761,0.210130068285489));
#3289=CARTESIAN_POINT('',(0.00702453035216998,0.0664383862536165,0.210326928792673));
#3290=CARTESIAN_POINT('',(0.00312774586144153,0.0652444534256649,0.210870154650969));
#3291=CARTESIAN_POINT('',(0.00312774586144153,0.0654022184108179,0.210556732919003));
#3292=CARTESIAN_POINT('',(0.00312774586144118,0.0661512075917545,0.210248712129921));
#3293=CARTESIAN_POINT('',(0.00312774586144229,0.0667798754180196,0.210679837583996));
#3294=CARTESIAN_POINT('',(0.00312774586144229,0.0669651328910289,0.210976030083));
#3295=CARTESIAN_POINT('',(0.00312774586144154,0.0624,0.204653073774879));
#3296=CARTESIAN_POINT('',(0.0271277458614412,0.0774,0.225810143562783));
#3297=CARTESIAN_POINT('',(0.0271277458614412,0.0774,0.183496003993667));
#3298=CARTESIAN_POINT('',(0.0291277458614307,0.0773999999999999,0.225810143562741));
#3299=CARTESIAN_POINT('',(0.0291277458614307,0.0773999999999999,0.183496003993625));
#3300=CARTESIAN_POINT('',(0.0301277458614307,0.0764000000000001,0.225810143562741));
#3301=CARTESIAN_POINT('',(0.0301277458614307,0.0764000000000001,0.183496003993625));
#3302=CARTESIAN_POINT('',(0.0301277458614412,0.0744,0.225810143562783));
#3303=CARTESIAN_POINT('',(0.0301277458614412,0.0744,0.183496003993667));
#3304=CARTESIAN_POINT('',(0.0301277458614412,0.0744000000000197,0.184496878343097));
#3305=CARTESIAN_POINT('',(0.0301277458614363,0.0749782992125416,0.184163271073306));
#3306=CARTESIAN_POINT('',(0.0300441385917541,0.075472042212166,0.183913271073245));
#3307=CARTESIAN_POINT('',(0.0298777458613296,0.0758820508078279,0.183746878342912));
#3308=CARTESIAN_POINT('',(0.0298777458653947,0.075882050797372,0.183746878338774));
#3309=CARTESIAN_POINT('',(0.0298777458655673,0.0758820507973858,0.183746878338913));
#3310=CARTESIAN_POINT('',(0.0294670622645238,0.0768940169337783,0.184157561939834));
#3311=CARTESIAN_POINT('',(0.0285503955951654,0.0774,0.185074228607895));
#3312=CARTESIAN_POINT('',(0.0271277458614412,0.0774,0.186496878343097));
#3313=CARTESIAN_POINT('',(0.028131623270421,0.0772981057539012,0.223813146615641));
#3314=CARTESIAN_POINT('',(0.0289914243325627,0.0771038476244214,0.224672947677783));
#3315=CARTESIAN_POINT('',(0.0295734651998373,0.076631829300081,0.225254988545064));
#3316=CARTESIAN_POINT('',(0.0298777458722598,0.0758820507808949,0.225559269217486));
#3317=CARTESIAN_POINT('',(0.0298777458722656,0.0758820507808972,0.225559269217486));
#3318=CARTESIAN_POINT('',(0.0298777458614358,0.0758820508075664,0.225559269206661));
#3319=CARTESIAN_POINT('',(0.0300441385914386,0.0754720422128211,0.225392876476659));
#3320=CARTESIAN_POINT('',(0.0301277458614377,0.0749782992136312,0.225142876476659));
#3321=CARTESIAN_POINT('',(0.0301277458614412,0.074400000000005,0.224809269206661));
#3322=CARTESIAN_POINT('',(6.9942140742795E-5,0.0774,0.222809269206658));
#3323=CARTESIAN_POINT('',(0.0300555260137997,0.0774,0.222809269206658));
#3324=CARTESIAN_POINT('',(6.99421407427665E-5,0.0774000000000012,0.224809269206661));
#3325=CARTESIAN_POINT('',(0.0300555260137996,0.0774000000000012,0.224809269206661));
#3326=CARTESIAN_POINT('',(6.99421407427679E-5,0.0764000000000012,0.225809269206662));
#3327=CARTESIAN_POINT('',(0.0300555260137996,0.0764000000000012,0.225809269206662));
#3328=CARTESIAN_POINT('',(6.99421407427953E-5,0.0743999999999998,0.225809269206661));
#3329=CARTESIAN_POINT('',(0.0300555260137997,0.0743999999999998,0.225809269206661));
#3330=CARTESIAN_POINT('',(0.00299772228646442,0.0774,0.222809269206658));
#3331=CARTESIAN_POINT('',(0.00157507255072372,0.0774000000000008,0.224231918942741));
#3332=CARTESIAN_POINT('',(0.000658405882663127,0.0768940169321078,0.225148585610502));
#3333=CARTESIAN_POINT('',(0.000247722282282641,0.0758820507972353,0.225559269210855));
#3334=CARTESIAN_POINT('',(0.000247722282314959,0.0758820507972387,0.225559269210896));
#3335=CARTESIAN_POINT('',(0.000247722286443089,0.0758820508076214,0.22555926920664));
#3336=CARTESIAN_POINT('',(0.00041411501605912,0.0754720422138169,0.22572566193627));
#3337=CARTESIAN_POINT('',(0.000664115016066231,0.0749782992149937,0.225809269206662));
#3338=CARTESIAN_POINT('',(0.000997722286464423,0.0743999999999998,0.225809269206662));
#3339=CARTESIAN_POINT('',(0.0291277458614412,0.0744000000000051,0.225809269206662));
#3340=CARTESIAN_POINT('',(0.0294613531318586,0.0749782992150863,0.225809269206661));
#3341=CARTESIAN_POINT('',(0.0297113531318585,0.0754720422138573,0.225725661936244));
#3342=CARTESIAN_POINT('',(0.0298777458614411,0.0758820508075688,0.225559269206662));
#3343=CARTESIAN_POINT('',(0.030055526007067,0.0774,0.186496878343097));
#3344=CARTESIAN_POINT('',(6.99421407870625E-5,0.0774,0.186496878343097));
#3345=CARTESIAN_POINT('',(0.030055526007067,0.0774000000000001,0.184496878343096));
#3346=CARTESIAN_POINT('',(6.9942140787066E-5,0.0774000000000001,0.184496878343096));
#3347=CARTESIAN_POINT('',(0.030055526007067,0.0764000000000002,0.183496878343097));
#3348=CARTESIAN_POINT('',(6.9942140787066E-5,0.0764000000000002,0.183496878343097));
#3349=CARTESIAN_POINT('',(0.030055526007067,0.0743999999999999,0.183496878343096));
#3350=CARTESIAN_POINT('',(6.99421407870555E-5,0.0743999999999999,0.183496878343096));
#3351=CARTESIAN_POINT('',(0.000997722286464437,0.0744000000000042,0.183496878343096));
#3352=CARTESIAN_POINT('',(0.000664115016112318,0.0749782992143856,0.183496878343097));
#3353=CARTESIAN_POINT('',(0.000414115016034597,0.0754720422135135,0.183580485613312));
#3354=CARTESIAN_POINT('',(0.000247722286231279,0.0758820508078988,0.18374687834323));
#3355=CARTESIAN_POINT('',(0.000247722282111225,0.0758820507974173,0.18374687833921));
#3356=CARTESIAN_POINT('',(0.00024772228228675,0.0758820507974376,0.183746878338985));
#3357=CARTESIAN_POINT('',(0.000658405883328562,0.0768940169341486,0.184157561940179));
#3358=CARTESIAN_POINT('',(0.00157507255138779,0.0773999999999998,0.185074228609885));
#3359=CARTESIAN_POINT('',(0.00299772228646444,0.0774,0.186496878343096));
#3360=CARTESIAN_POINT('',(0.0298777458615344,0.0758820508077984,0.18374687834319));
#3361=CARTESIAN_POINT('',(0.0297113531323057,0.0754720422149133,0.183580485613899));
#3362=CARTESIAN_POINT('',(0.0294613531322747,0.0749782992164185,0.183496878343096));
#3363=CARTESIAN_POINT('',(0.0291277458614412,0.0743999999999999,0.183496878343096));
#3364=CARTESIAN_POINT('',(0.00299772228646446,0.0774,0.18349600399378));
#3365=CARTESIAN_POINT('',(0.00299772228646445,0.0774,0.225810143556112));
#3366=CARTESIAN_POINT('',(0.000997722286467066,0.0774,0.183496003993738));
#3367=CARTESIAN_POINT('',(0.000997722286467053,0.0774,0.225810143556071));
#3368=CARTESIAN_POINT('',(-2.27771353293927E-6,0.0763999999999999,0.183496003993738));
#3369=CARTESIAN_POINT('',(-2.27771353295218E-6,0.0763999999999999,0.22581014355607));
#3370=CARTESIAN_POINT('',(-2.27771353556333E-6,0.0744,0.18349600399378));
#3371=CARTESIAN_POINT('',(-2.27771353557624E-6,0.0744,0.225810143556112));
#3372=CARTESIAN_POINT('',(0.000247722286583363,0.0758820508078579,0.183746878342979));
#3373=CARTESIAN_POINT('',(8.13295565648343E-5,0.0754720422132081,0.183913271072919));
#3374=CARTESIAN_POINT('',(-2.27771353469673E-6,0.0749782992139824,0.184163271072958));
#3375=CARTESIAN_POINT('',(-2.27771353556364E-6,0.0744000000000011,0.184496878343096));
#3376=CARTESIAN_POINT('',(-2.27771353557593E-6,0.0744000000000082,0.224809269206661));
#3377=CARTESIAN_POINT('',(-2.27771353403195E-6,0.0749782992132434,0.225142876476572));
#3378=CARTESIAN_POINT('',(8.13295563509596E-5,0.0754720422125736,0.225392876476586));
#3379=CARTESIAN_POINT('',(0.000247722286490111,0.0758820508076281,0.225559269206704));
#3380=CARTESIAN_POINT('',(0.000997722286464451,0.0653999999999996,0.183496878343097));
#3381=CARTESIAN_POINT('',(0.000997722286464451,0.0759449431127462,0.183496878343097));
#3382=CARTESIAN_POINT('',(0.000331055619797703,0.0653999999999995,0.183496878343097));
#3383=CARTESIAN_POINT('',(0.000331055619797703,0.0759449431127461,0.183496878343097));
#3384=CARTESIAN_POINT('',(-2.27771353563335E-6,0.0653999999999996,0.18383021167643));
#3385=CARTESIAN_POINT('',(-2.27771353563335E-6,0.0759449431127462,0.18383021167643));
#3386=CARTESIAN_POINT('',(-2.2777135355635E-6,0.0653999999999996,0.184496878343097));
#3387=CARTESIAN_POINT('',(-2.2777135355635E-6,0.0759449431127462,0.184496878343097));
#3388=CARTESIAN_POINT('',(0.0291277458614412,0.0759449431126748,0.183496878343096));
#3389=CARTESIAN_POINT('',(0.0291277458614412,0.0653999999999996,0.183496878343096));
#3390=CARTESIAN_POINT('',(0.029794412528108,0.0759449431126748,0.183496878343097));
#3391=CARTESIAN_POINT('',(0.029794412528108,0.0653999999999996,0.183496878343097));
#3392=CARTESIAN_POINT('',(0.0301277458614413,0.0759449431126748,0.18383021167643));
#3393=CARTESIAN_POINT('',(0.0301277458614413,0.0653999999999996,0.18383021167643));
#3394=CARTESIAN_POINT('',(0.0301277458614412,0.0759449431126748,0.184496878343097));
#3395=CARTESIAN_POINT('',(0.0301277458614412,0.0653999999999996,0.184496878343097));
#3396=CARTESIAN_POINT('',(0.000997722286464451,0.0759449431124739,0.225809269206661));
#3397=CARTESIAN_POINT('',(0.000997722286464451,0.0653999999999996,0.225809269206661));
#3398=CARTESIAN_POINT('',(0.000331055619797662,0.0759449431124739,0.225809269206661));
#3399=CARTESIAN_POINT('',(0.000331055619797662,0.0653999999999996,0.225809269206661));
#3400=CARTESIAN_POINT('',(-2.27771353568069E-6,0.0759449431124739,0.225475935873328));
#3401=CARTESIAN_POINT('',(-2.27771353568069E-6,0.0653999999999996,0.225475935873328));
#3402=CARTESIAN_POINT('',(-2.27771353557717E-6,0.0759449431124739,0.224809269206661));
#3403=CARTESIAN_POINT('',(-2.27771353557717E-6,0.0653999999999996,0.224809269206661));
#3404=CARTESIAN_POINT('',(0.0291277458614412,0.0653999999999996,0.225809269206662));
#3405=CARTESIAN_POINT('',(0.0291277458614412,0.0759449431124142,0.225809269206662));
#3406=CARTESIAN_POINT('',(0.029794412528108,0.0653999999999995,0.225809269206661));
#3407=CARTESIAN_POINT('',(0.029794412528108,0.0759449431124142,0.225809269206661));
#3408=CARTESIAN_POINT('',(0.0301277458614413,0.0653999999999995,0.225475935873328));
#3409=CARTESIAN_POINT('',(0.0301277458614413,0.0759449431124142,0.225475935873328));
#3410=CARTESIAN_POINT('',(0.0301277458614412,0.0653999999999996,0.224809269206661));
#3411=CARTESIAN_POINT('',(0.0301277458614412,0.0759449431124143,0.224809269206661));
#3412=CARTESIAN_POINT('',(0.00199772228646443,0.0657530801535164,0.211421334160489));
#3413=CARTESIAN_POINT('',(-2.27771353558136E-6,0.0657530801535164,0.212171334160489));
#3414=CARTESIAN_POINT('',(8.1055619797752E-5,0.0653200674516242,0.212171334160489));
#3415=CARTESIAN_POINT('',(0.000164388953131086,0.0651035611006781,0.211796334160489));
#3416=CARTESIAN_POINT('',(0.000247722286464419,0.0648870547497319,0.211421334160489));
#3417=CARTESIAN_POINT('',(0.000331055619797752,0.0651035611006781,0.211046334160489));
#3418=CARTESIAN_POINT('',(0.000414388953131085,0.0653200674516242,0.210671334160489));
#3419=CARTESIAN_POINT('',(0.000497722286464419,0.0657530801535164,0.210671334160489));
#3420=CARTESIAN_POINT('',(0.000581055619797751,0.0661860928554086,0.210671334160489));
#3421=CARTESIAN_POINT('',(0.000664388953131085,0.0664025992063547,0.211046334160489));
#3422=CARTESIAN_POINT('',(0.000747722286464419,0.0666191055573008,0.211421334160489));
#3423=CARTESIAN_POINT('',(0.000831055619797752,0.0664025992063547,0.211796334160489));
#3424=CARTESIAN_POINT('',(0.000914388953131085,0.0661860928554086,0.212171334160489));
#3425=CARTESIAN_POINT('',(0.000997722286464419,0.0657530801535164,0.212171334160489));
#3426=CARTESIAN_POINT('',(0.00108105561979775,0.0653200674516242,0.212171334160489));
#3427=CARTESIAN_POINT('',(0.00116438895313108,0.0651035611006781,0.211796334160489));
#3428=CARTESIAN_POINT('',(0.00124772228646442,0.0648870547497319,0.211421334160489));
#3429=CARTESIAN_POINT('',(0.00133105561979775,0.0651035611006781,0.211046334160489));
#3430=CARTESIAN_POINT('',(0.00141438895313109,0.0653200674516242,0.210671334160489));
#3431=CARTESIAN_POINT('',(0.00149772228646442,0.0657530801535164,0.210671334160489));
#3432=CARTESIAN_POINT('',(0.00158105561979775,0.0661860928554086,0.210671334160489));
#3433=CARTESIAN_POINT('',(0.00166438895313109,0.0664025992063547,0.211046334160489));
#3434=CARTESIAN_POINT('',(0.00174772228646442,0.0666191055573008,0.211421334160489));
#3435=CARTESIAN_POINT('',(0.00183105561979775,0.0664025992063547,0.211796334160489));
#3436=CARTESIAN_POINT('',(0.00191438895313108,0.0661860928554086,0.212171334160489));
#3437=CARTESIAN_POINT('',(0.00199772228646442,0.0657530801535164,0.212171334160489));
#3438=CARTESIAN_POINT('',(0.00208105561979775,0.0653200674516242,0.212171334160489));
#3439=CARTESIAN_POINT('',(0.00216438895313108,0.0651035611006781,0.211796334160489));
#3440=CARTESIAN_POINT('',(0.00224772228646442,0.0648870547497319,0.211421334160489));
#3441=CARTESIAN_POINT('',(0.00233105561979775,0.0651035611006781,0.211046334160489));
#3442=CARTESIAN_POINT('',(0.00241438895313108,0.0653200674516242,0.210671334160489));
#3443=CARTESIAN_POINT('',(0.00249772228646442,0.0657530801535164,0.210671334160489));
#3444=CARTESIAN_POINT('',(0.00258105561979775,0.0661860928554086,0.210671334160489));
#3445=CARTESIAN_POINT('',(0.00266438895313108,0.0664025992063547,0.211046334160489));
#3446=CARTESIAN_POINT('',(0.00274772228646442,0.0666191055573008,0.211421334160489));
#3447=CARTESIAN_POINT('',(0.00283105561979775,0.0664025992063547,0.211796334160489));
#3448=CARTESIAN_POINT('',(0.00291438895313108,0.0661860928554086,0.212171334160489));
#3449=CARTESIAN_POINT('',(0.00299772228646442,0.0657530801535164,0.212171334160489));
#3450=CARTESIAN_POINT('',(0.00308105561979775,0.0653200674516242,0.212171334160489));
#3451=CARTESIAN_POINT('',(0.00316438895313108,0.0651035611006781,0.211796334160489));
#3452=CARTESIAN_POINT('',(0.00324772228646442,0.0648870547497319,0.211421334160489));
#3453=CARTESIAN_POINT('',(0.00333105561979775,0.0651035611006781,0.211046334160489));
#3454=CARTESIAN_POINT('',(0.00341438895313108,0.0653200674516242,0.210671334160489));
#3455=CARTESIAN_POINT('',(0.00349772228646442,0.0657530801535164,0.210671334160489));
#3456=CARTESIAN_POINT('',(0.00358105561979775,0.0661860928554086,0.210671334160489));
#3457=CARTESIAN_POINT('',(0.00366438895313108,0.0664025992063547,0.211046334160489));
#3458=CARTESIAN_POINT('',(0.00374772228646442,0.0666191055573008,0.211421334160489));
#3459=CARTESIAN_POINT('',(0.00383105561979775,0.0664025992063547,0.211796334160489));
#3460=CARTESIAN_POINT('',(0.00391438895313108,0.0661860928554086,0.212171334160489));
#3461=CARTESIAN_POINT('',(0.00399772228646442,0.0657530801535164,0.212171334160489));
#3462=CARTESIAN_POINT('',(0.00408105561979775,0.0653200674516242,0.212171334160489));
#3463=CARTESIAN_POINT('',(0.00416438895313109,0.0651035611006781,0.211796334160489));
#3464=CARTESIAN_POINT('',(0.00424772228646442,0.0648870547497319,0.211421334160489));
#3465=CARTESIAN_POINT('',(0.00433105561979775,0.0651035611006781,0.211046334160489));
#3466=CARTESIAN_POINT('',(0.00441438895313109,0.0653200674516242,0.210671334160489));
#3467=CARTESIAN_POINT('',(0.00449772228646442,0.0657530801535164,0.210671334160489));
#3468=CARTESIAN_POINT('',(0.00458105561979775,0.0661860928554086,0.210671334160489));
#3469=CARTESIAN_POINT('',(0.00466438895313109,0.0664025992063547,0.211046334160489));
#3470=CARTESIAN_POINT('',(0.00474772228646442,0.0666191055573008,0.211421334160489));
#3471=CARTESIAN_POINT('',(0.00483105561979775,0.0664025992063547,0.211796334160489));
#3472=CARTESIAN_POINT('',(0.00491438895313109,0.0661860928554086,0.212171334160489));
#3473=CARTESIAN_POINT('',(0.00499772228646442,0.0657530801535164,0.212171334160489));
#3474=CARTESIAN_POINT('',(0.00508105561979775,0.0653200674516242,0.212171334160489));
#3475=CARTESIAN_POINT('',(0.00516438895313109,0.0651035611006781,0.211796334160489));
#3476=CARTESIAN_POINT('',(0.00524772228646442,0.0648870547497319,0.211421334160489));
#3477=CARTESIAN_POINT('',(0.00533105561979775,0.0651035611006781,0.211046334160489));
#3478=CARTESIAN_POINT('',(0.00541438895313108,0.0653200674516242,0.210671334160489));
#3479=CARTESIAN_POINT('',(0.00549772228646442,0.0657530801535164,0.210671334160489));
#3480=CARTESIAN_POINT('',(0.00558105561979775,0.0661860928554086,0.210671334160489));
#3481=CARTESIAN_POINT('',(0.00566438895313109,0.0664025992063547,0.211046334160489));
#3482=CARTESIAN_POINT('',(0.00574772228646442,0.0666191055573008,0.211421334160489));
#3483=CARTESIAN_POINT('',(0.00583105561979775,0.0664025992063547,0.211796334160489));
#3484=CARTESIAN_POINT('',(0.00591438895313108,0.0661860928554086,0.212171334160489));
#3485=CARTESIAN_POINT('',(0.00599772228646442,0.0657530801535164,0.212171334160489));
#3486=CARTESIAN_POINT('',(0.00608105561979775,0.0653200674516242,0.212171334160489));
#3487=CARTESIAN_POINT('',(0.00616438895313109,0.0651035611006781,0.211796334160489));
#3488=CARTESIAN_POINT('',(0.00624772228646441,0.0648870547497319,0.211421334160489));
#3489=CARTESIAN_POINT('',(0.00633105561979775,0.0651035611006781,0.211046334160489));
#3490=CARTESIAN_POINT('',(0.00641438895313108,0.0653200674516242,0.210671334160489));
#3491=CARTESIAN_POINT('',(0.00649772228646442,0.0657530801535164,0.210671334160489));
#3492=CARTESIAN_POINT('',(0.00658105561979775,0.0661860928554086,0.210671334160489));
#3493=CARTESIAN_POINT('',(0.00666438895313109,0.0664025992063547,0.211046334160489));
#3494=CARTESIAN_POINT('',(0.00674772228646441,0.0666191055573008,0.211421334160489));
#3495=CARTESIAN_POINT('',(0.00683105561979775,0.0664025992063547,0.211796334160489));
#3496=CARTESIAN_POINT('',(0.00691438895313108,0.0661860928554086,0.212171334160489));
#3497=CARTESIAN_POINT('',(0.00699772228646442,0.0657530801535164,0.212171334160489));
#3498=CARTESIAN_POINT('',(0.00708105561979775,0.0653200674516242,0.212171334160489));
#3499=CARTESIAN_POINT('',(0.00716438895313109,0.0651035611006781,0.211796334160489));
#3500=CARTESIAN_POINT('',(0.00724772228646441,0.0648870547497319,0.211421334160489));
#3501=CARTESIAN_POINT('',(0.00733105561979775,0.0651035611006781,0.211046334160489));
#3502=CARTESIAN_POINT('',(0.00741438895313108,0.0653200674516242,0.210671334160489));
#3503=CARTESIAN_POINT('',(0.00749772228646442,0.0657530801535164,0.210671334160489));
#3504=CARTESIAN_POINT('',(0.00758105561979775,0.0661860928554086,0.210671334160489));
#3505=CARTESIAN_POINT('',(0.00766438895313109,0.0664025992063547,0.211046334160489));
#3506=CARTESIAN_POINT('',(0.00774772228646441,0.0666191055573008,0.211421334160489));
#3507=CARTESIAN_POINT('',(0.00783105561979775,0.0664025992063547,0.211796334160489));
#3508=CARTESIAN_POINT('',(0.00791438895313108,0.0661860928554086,0.212171334160489));
#3509=CARTESIAN_POINT('',(0.00799772228646442,0.0657530801535164,0.212171334160489));
#3510=CARTESIAN_POINT('',(0.00207548475301883,0.0654,0.212083024726534));
#3511=CARTESIAN_POINT('',(0.00241995981991001,0.0654,0.210759643594444));
#3512=CARTESIAN_POINT('',(0.00199772228646443,0.0654,0.210759643594444));
#3513=CARTESIAN_POINT('',(0.00216995981991025,0.0654000000000009,0.210759643594444));
#3514=CARTESIAN_POINT('',(0.000747722286464436,0.0657530801535164,0.212171334160489));
#3515=CARTESIAN_POINT('',(0.000831055619797769,0.0653200674516242,0.212171334160489));
#3516=CARTESIAN_POINT('',(0.000914388953131102,0.0651035611006781,0.211796334160489));
#3517=CARTESIAN_POINT('',(0.000997722286464435,0.0648870547497319,0.211421334160489));
#3518=CARTESIAN_POINT('',(0.00108105561979777,0.0651035611006781,0.211046334160489));
#3519=CARTESIAN_POINT('',(0.0011643889531311,0.0653200674516242,0.210671334160489));
#3520=CARTESIAN_POINT('',(0.00124772228646444,0.0657530801535164,0.210671334160489));
#3521=CARTESIAN_POINT('',(0.00133105561979777,0.0661860928554086,0.210671334160489));
#3522=CARTESIAN_POINT('',(0.0014143889531311,0.0664025992063547,0.211046334160489));
#3523=CARTESIAN_POINT('',(0.00149772228646444,0.0666191055573008,0.211421334160489));
#3524=CARTESIAN_POINT('',(0.00158105561979777,0.0664025992063547,0.211796334160489));
#3525=CARTESIAN_POINT('',(0.0016643889531311,0.0661860928554086,0.212171334160489));
#3526=CARTESIAN_POINT('',(0.00174772228646444,0.0657530801535164,0.212171334160489));
#3527=CARTESIAN_POINT('',(0.00183105561979777,0.0653200674516242,0.212171334160489));
#3528=CARTESIAN_POINT('',(0.0019143889531311,0.0651035611006781,0.211796334160489));
#3529=CARTESIAN_POINT('',(0.00199772228646444,0.0648870547497319,0.211421334160489));
#3530=CARTESIAN_POINT('',(0.00208105561979777,0.0651035611006781,0.211046334160489));
#3531=CARTESIAN_POINT('',(0.0021643889531311,0.0653200674516242,0.210671334160489));
#3532=CARTESIAN_POINT('',(0.00224772228646443,0.0657530801535164,0.210671334160489));
#3533=CARTESIAN_POINT('',(0.00233105561979777,0.0661860928554086,0.210671334160489));
#3534=CARTESIAN_POINT('',(0.0024143889531311,0.0664025992063547,0.211046334160489));
#3535=CARTESIAN_POINT('',(0.00249772228646444,0.0666191055573008,0.211421334160489));
#3536=CARTESIAN_POINT('',(0.00258105561979777,0.0664025992063547,0.211796334160489));
#3537=CARTESIAN_POINT('',(0.0026643889531311,0.0661860928554086,0.212171334160489));
#3538=CARTESIAN_POINT('',(0.00274772228646443,0.0657530801535164,0.212171334160489));
#3539=CARTESIAN_POINT('',(0.00283105561979777,0.0653200674516242,0.212171334160489));
#3540=CARTESIAN_POINT('',(0.0029143889531311,0.0651035611006781,0.211796334160489));
#3541=CARTESIAN_POINT('',(0.00299772228646444,0.0648870547497319,0.211421334160489));
#3542=CARTESIAN_POINT('',(0.00308105561979777,0.0651035611006781,0.211046334160489));
#3543=CARTESIAN_POINT('',(0.0031643889531311,0.0653200674516242,0.210671334160489));
#3544=CARTESIAN_POINT('',(0.00324772228646443,0.0657530801535164,0.210671334160489));
#3545=CARTESIAN_POINT('',(0.00333105561979777,0.0661860928554086,0.210671334160489));
#3546=CARTESIAN_POINT('',(0.0034143889531311,0.0664025992063547,0.211046334160489));
#3547=CARTESIAN_POINT('',(0.00349772228646444,0.0666191055573008,0.211421334160489));
#3548=CARTESIAN_POINT('',(0.00358105561979777,0.0664025992063547,0.211796334160489));
#3549=CARTESIAN_POINT('',(0.0036643889531311,0.0661860928554086,0.212171334160489));
#3550=CARTESIAN_POINT('',(0.00374772228646443,0.0657530801535164,0.212171334160489));
#3551=CARTESIAN_POINT('',(0.00383105561979777,0.0653200674516242,0.212171334160489));
#3552=CARTESIAN_POINT('',(0.0039143889531311,0.0651035611006781,0.211796334160489));
#3553=CARTESIAN_POINT('',(0.00399772228646444,0.0648870547497319,0.211421334160489));
#3554=CARTESIAN_POINT('',(0.00408105561979777,0.0651035611006781,0.211046334160489));
#3555=CARTESIAN_POINT('',(0.0041643889531311,0.0653200674516242,0.210671334160489));
#3556=CARTESIAN_POINT('',(0.00424772228646444,0.0657530801535164,0.210671334160489));
#3557=CARTESIAN_POINT('',(0.00433105561979777,0.0661860928554086,0.210671334160489));
#3558=CARTESIAN_POINT('',(0.0044143889531311,0.0664025992063547,0.211046334160489));
#3559=CARTESIAN_POINT('',(0.00449772228646443,0.0666191055573008,0.211421334160489));
#3560=CARTESIAN_POINT('',(0.00458105561979777,0.0664025992063547,0.211796334160489));
#3561=CARTESIAN_POINT('',(0.0046643889531311,0.0661860928554086,0.212171334160489));
#3562=CARTESIAN_POINT('',(0.00474772228646444,0.0657530801535164,0.212171334160489));
#3563=CARTESIAN_POINT('',(0.00483105561979777,0.0653200674516242,0.212171334160489));
#3564=CARTESIAN_POINT('',(0.0049143889531311,0.0651035611006781,0.211796334160489));
#3565=CARTESIAN_POINT('',(0.00499772228646443,0.0648870547497319,0.211421334160489));
#3566=CARTESIAN_POINT('',(0.00508105561979777,0.0651035611006781,0.211046334160489));
#3567=CARTESIAN_POINT('',(0.0051643889531311,0.0653200674516242,0.210671334160489));
#3568=CARTESIAN_POINT('',(0.00524772228646444,0.0657530801535164,0.210671334160489));
#3569=CARTESIAN_POINT('',(0.00533105561979776,0.0661860928554086,0.210671334160489));
#3570=CARTESIAN_POINT('',(0.0054143889531311,0.0664025992063547,0.211046334160489));
#3571=CARTESIAN_POINT('',(0.00549772228646443,0.0666191055573008,0.211421334160489));
#3572=CARTESIAN_POINT('',(0.00558105561979777,0.0664025992063547,0.211796334160489));
#3573=CARTESIAN_POINT('',(0.0056643889531311,0.0661860928554086,0.212171334160489));
#3574=CARTESIAN_POINT('',(0.00574772228646444,0.0657530801535164,0.212171334160489));
#3575=CARTESIAN_POINT('',(0.00583105561979776,0.0653200674516242,0.212171334160489));
#3576=CARTESIAN_POINT('',(0.0059143889531311,0.0651035611006781,0.211796334160489));
#3577=CARTESIAN_POINT('',(0.00599772228646443,0.0648870547497319,0.211421334160489));
#3578=CARTESIAN_POINT('',(0.00608105561979777,0.0651035611006781,0.211046334160489));
#3579=CARTESIAN_POINT('',(0.00616438895313111,0.0653200674516242,0.210671334160489));
#3580=CARTESIAN_POINT('',(0.00624772228646444,0.0657530801535164,0.210671334160489));
#3581=CARTESIAN_POINT('',(0.00633105561979776,0.0661860928554086,0.210671334160489));
#3582=CARTESIAN_POINT('',(0.0064143889531311,0.0664025992063547,0.211046334160489));
#3583=CARTESIAN_POINT('',(0.00649772228646443,0.0666191055573008,0.211421334160489));
#3584=CARTESIAN_POINT('',(0.00658105561979777,0.0664025992063547,0.211796334160489));
#3585=CARTESIAN_POINT('',(0.00666438895313111,0.0661860928554086,0.212171334160489));
#3586=CARTESIAN_POINT('',(0.00674772228646444,0.0657530801535164,0.212171334160489));
#3587=CARTESIAN_POINT('',(0.00683105561979776,0.0653200674516242,0.212171334160489));
#3588=CARTESIAN_POINT('',(0.0069143889531311,0.0651035611006781,0.211796334160489));
#3589=CARTESIAN_POINT('',(0.00699772228646444,0.0648870547497319,0.211421334160489));
#3590=CARTESIAN_POINT('',(0.00708105561979777,0.0651035611006781,0.211046334160489));
#3591=CARTESIAN_POINT('',(0.00716438895313111,0.0653200674516242,0.210671334160489));
#3592=CARTESIAN_POINT('',(0.00724772228646444,0.0657530801535164,0.210671334160489));
#3593=CARTESIAN_POINT('',(0.00733105561979776,0.0661860928554086,0.210671334160489));
#3594=CARTESIAN_POINT('',(0.0074143889531311,0.0664025992063547,0.211046334160489));
#3595=CARTESIAN_POINT('',(0.00749772228646444,0.0666191055573008,0.211421334160489));
#3596=CARTESIAN_POINT('',(0.00758105561979777,0.0664025992063547,0.211796334160489));
#3597=CARTESIAN_POINT('',(0.0076643889531311,0.0661860928554086,0.212171334160489));
#3598=CARTESIAN_POINT('',(0.00774772228646444,0.0657530801535164,0.212171334160489));
#3599=CARTESIAN_POINT('',(0.00783105561979777,0.0653200674516242,0.212171334160489));
#3600=CARTESIAN_POINT('',(0.0079143889531311,0.0651035611006781,0.211796334160489));
#3601=CARTESIAN_POINT('',(0.00799772228646444,0.0648870547497319,0.211421334160489));
#3602=CARTESIAN_POINT('',(0.00808105561979777,0.0651035611006781,0.211046334160489));
#3603=CARTESIAN_POINT('',(0.0081643889531311,0.0653200674516242,0.210671334160489));
#3604=CARTESIAN_POINT('',(0.00824772228646444,0.0657530801535164,0.210671334160489));
#3605=CARTESIAN_POINT('',(0.00833105561979777,0.0661860928554086,0.210671334160489));
#3606=CARTESIAN_POINT('',(0.0084143889531311,0.0664025992063547,0.211046334160489));
#3607=CARTESIAN_POINT('',(0.00849772228646444,0.0666191055573008,0.211421334160489));
#3608=CARTESIAN_POINT('',(0.00858105561979777,0.0664025992063547,0.211796334160489));
#3609=CARTESIAN_POINT('',(0.0086643889531311,0.0661860928554086,0.212171334160489));
#3610=CARTESIAN_POINT('',(0.00874772228646444,0.0657530801535164,0.212171334160489));
#3611=CARTESIAN_POINT('',(0.00199772228646443,0.0650030801535164,0.211421334160489));
#3612=CARTESIAN_POINT('',(0.00199772228646443,0.0657530801535164,0.211421334160489));
#3613=CARTESIAN_POINT('',(0.00199772228646443,0.0654,0.212083024726534));
#3614=CARTESIAN_POINT('',(0.00199772228646443,0.0654,0.212083024726534));
#3615=CARTESIAN_POINT('',(0.00199772228646443,0.0367530801535467,0.199921334160412));
#3616=CARTESIAN_POINT('',(0.00199772228646445,0.0662538655937391,0.210231131865582));
#3617=CARTESIAN_POINT('',(0.00199772228646445,0.0659098232072885,0.210168527228656));
#3618=CARTESIAN_POINT('',(0.00199772228646443,0.0651667846882892,0.210324582594491));
#3619=CARTESIAN_POINT('',(0.00199772228646439,0.0648765882209237,0.211092698478056));
#3620=CARTESIAN_POINT('',(0.00199772228646439,0.0650030801535164,0.211421334160489));
#3621=CARTESIAN_POINT('',(0.00199772228646443,0.0662538655937391,0.210231131865583));
#3622=CARTESIAN_POINT('',(0.00199772228646443,0.0662538655937392,0.210231131865582));
#3623=CARTESIAN_POINT('',(0.00199772228646443,0.0665944812877488,0.210310581314007));
#3624=CARTESIAN_POINT('',(0.00199772228646541,0.0668731453108406,0.210602645601249));
#3625=CARTESIAN_POINT('',(0.00199772228646541,0.0669501156570939,0.210937109457364));
#3626=CARTESIAN_POINT('',(0.00199772228646442,0.0669501156570931,0.210937109457364));
#3627=CARTESIAN_POINT('',(0.00199772228646434,0.0669501156570928,0.210937109457363));
#3628=CARTESIAN_POINT('',(0.00199772228646434,0.0670123042090587,0.211278776243547));
#3629=CARTESIAN_POINT('',(0.00199772228646432,0.0668704939964335,0.211825620551944));
#3630=CARTESIAN_POINT('',(0.00199772228646462,0.0662786825952293,0.212232646608565));
#3631=CARTESIAN_POINT('',(0.00199772228646444,0.0659171263073409,0.212226016211525));
#3632=CARTESIAN_POINT('',(0.00199772228646444,0.0657530801535163,0.212171334160489));
#3633=CARTESIAN_POINT('',(0.00199772228646442,0.0657530801535164,0.212171334160489));
#3634=CARTESIAN_POINT('',(0.00199772228646443,0.0657530801535164,0.211421334160489));
#3635=CARTESIAN_POINT('',(0.00199772228646443,0.0654,0.210759643594444));
#3636=CARTESIAN_POINT('',(0.00199772228646443,0.0654,0.204653073774879));
#3637=CARTESIAN_POINT('',(0.0019929570725019,0.0662192959305807,0.210217170380451));
#3638=CARTESIAN_POINT('',(0.00205100996605887,0.0666437636179927,0.210381511424423));
#3639=CARTESIAN_POINT('',(0.00210188895313109,0.0668713492043063,0.210775701222989));
#3640=CARTESIAN_POINT('',(0.00218522228646443,0.0672441055545696,0.211421334160489));
#3641=CARTESIAN_POINT('',(0.00226855561979776,0.0668713492043063,0.212066967097989));
#3642=CARTESIAN_POINT('',(0.00235188895313109,0.066498592854043,0.212712600035489));
#3643=CARTESIAN_POINT('',(0.00243522228646443,0.0657530801535164,0.212712600035489));
#3644=CARTESIAN_POINT('',(0.00251855561979776,0.0650075674529898,0.212712600035489));
#3645=CARTESIAN_POINT('',(0.0026018889531311,0.0646348111027264,0.212066967097989));
#3646=CARTESIAN_POINT('',(0.00267780680673522,0.0642952247583748,0.211478786296015));
#3647=CARTESIAN_POINT('',(0.00275693851936797,0.0645874709987234,0.210865705815098));
#3648=CARTESIAN_POINT('',(0.001958866163411,0.0662357074432216,0.210174781962748));
#3649=CARTESIAN_POINT('',(0.00201691905696796,0.0666751170462877,0.210344908064313));
#3650=CARTESIAN_POINT('',(0.00206779804404018,0.0669107139953874,0.210752973950262));
#3651=CARTESIAN_POINT('',(0.00215113137737352,0.0672965919426779,0.211421334160489));
#3652=CARTESIAN_POINT('',(0.00223446471070685,0.0669107139953874,0.212089694370716));
#3653=CARTESIAN_POINT('',(0.00231779804404018,0.0665248360480971,0.212758054580943));
#3654=CARTESIAN_POINT('',(0.00240113137737351,0.0657530801535164,0.212758054580943));
#3655=CARTESIAN_POINT('',(0.00248446471070685,0.0649813242589357,0.212758054580943));
#3656=CARTESIAN_POINT('',(0.00256779804404018,0.0645954463116453,0.212089694370716));
#3657=CARTESIAN_POINT('',(0.00264371589764431,0.0642439060055079,0.211480808699578));
#3658=CARTESIAN_POINT('',(0.00272284761027705,0.0645464397631471,0.210846146842487));
#3659=CARTESIAN_POINT('',(0.00190204798159281,0.0662357074432216,0.210174781962748));
#3660=CARTESIAN_POINT('',(0.00196010087514978,0.0666751170462877,0.210344908064313));
#3661=CARTESIAN_POINT('',(0.002010979862222,0.0669107139953874,0.210752973950262));
#3662=CARTESIAN_POINT('',(0.00209431319555533,0.0672965919426779,0.211421334160489));
#3663=CARTESIAN_POINT('',(0.00217764652888867,0.0669107139953874,0.212089694370716));
#3664=CARTESIAN_POINT('',(0.002260979862222,0.0665248360480971,0.212758054580943));
#3665=CARTESIAN_POINT('',(0.00234431319555533,0.0657530801535164,0.212758054580943));
#3666=CARTESIAN_POINT('',(0.00242764652888867,0.0649813242589357,0.212758054580943));
#3667=CARTESIAN_POINT('',(0.002510979862222,0.0645954463116453,0.212089694370716));
#3668=CARTESIAN_POINT('',(0.00258689771582612,0.0642439060055079,0.211480808699578));
#3669=CARTESIAN_POINT('',(0.00266602942845887,0.0645464397631471,0.210846146842487));
#3670=CARTESIAN_POINT('',(0.0018679570725019,0.0662192959305807,0.210217170380451));
#3671=CARTESIAN_POINT('',(0.00192600996605887,0.0666437636179927,0.210381511424423));
#3672=CARTESIAN_POINT('',(0.00197688895313109,0.0668713492043063,0.210775701222989));
#3673=CARTESIAN_POINT('',(0.00206022228646443,0.0672441055545696,0.211421334160489));
#3674=CARTESIAN_POINT('',(0.00214355561979776,0.0668713492043063,0.212066967097989));
#3675=CARTESIAN_POINT('',(0.00222688895313109,0.066498592854043,0.212712600035489));
#3676=CARTESIAN_POINT('',(0.00231022228646442,0.0657530801535164,0.212712600035489));
#3677=CARTESIAN_POINT('',(0.00239355561979776,0.0650075674529898,0.212712600035489));
#3678=CARTESIAN_POINT('',(0.00247688895313109,0.0646348111027264,0.212066967097989));
#3679=CARTESIAN_POINT('',(0.00255280680673522,0.0642952247583748,0.211478786296015));
#3680=CARTESIAN_POINT('',(0.00263193851936797,0.0645874709987234,0.210865705815098));
#3681=CARTESIAN_POINT('',(0.00262774586144537,0.0645725351416891,0.21089818883173));
#3682=CARTESIAN_POINT('',(0.00262774586144537,0.0643879350123383,0.211184175985675));
#3683=CARTESIAN_POINT('',(0.00262774586141484,0.0643740479366636,0.211569684520031));
#3684=CARTESIAN_POINT('',(0.00262774586141484,0.0645410274159713,0.211866638237993));
#3685=CARTESIAN_POINT('',(0.00262774586144154,0.0645725351416932,0.210898188831733));
#3686=CARTESIAN_POINT('',(0.00262774586144154,0.064541027416006,0.211866638237984));
#3687=CARTESIAN_POINT('',(0.00031022228646442,0.0657530801535164,0.212712600035489));
#3688=CARTESIAN_POINT('',(0.000393555619797753,0.0650075674529898,0.212712600035489));
#3689=CARTESIAN_POINT('',(0.000476888953131087,0.0646348111027264,0.212066967097989));
#3690=CARTESIAN_POINT('',(0.00056022228646442,0.0642620547524631,0.211421334160489));
#3691=CARTESIAN_POINT('',(0.000643555619797753,0.0646348111027264,0.210775701222989));
#3692=CARTESIAN_POINT('',(0.000726888953131086,0.0650075674529898,0.210130068285489));
#3693=CARTESIAN_POINT('',(0.00081022228646442,0.0657530801535164,0.210130068285489));
#3694=CARTESIAN_POINT('',(0.000893555619797753,0.066498592854043,0.210130068285489));
#3695=CARTESIAN_POINT('',(0.000976888953131087,0.0668713492043063,0.210775701222989));
#3696=CARTESIAN_POINT('',(0.00106022228646442,0.0672441055545696,0.211421334160489));
#3697=CARTESIAN_POINT('',(0.00114355561979775,0.0668713492043063,0.212066967097989));
#3698=CARTESIAN_POINT('',(0.00122688895313109,0.066498592854043,0.212712600035489));
#3699=CARTESIAN_POINT('',(0.00131022228646442,0.0657530801535164,0.212712600035489));
#3700=CARTESIAN_POINT('',(0.00139355561979775,0.0650075674529898,0.212712600035489));
#3701=CARTESIAN_POINT('',(0.00147688895313109,0.0646348111027264,0.212066967097989));
#3702=CARTESIAN_POINT('',(0.00156022228646442,0.0642620547524631,0.211421334160489));
#3703=CARTESIAN_POINT('',(0.00164355561979776,0.0646348111027264,0.210775701222989));
#3704=CARTESIAN_POINT('',(0.00172688895313109,0.0650075674529898,0.210130068285489));
#3705=CARTESIAN_POINT('',(0.00181022228646442,0.0657530801535164,0.210130068285489));
#3706=CARTESIAN_POINT('',(0.00189355561979776,0.066498592854043,0.210130068285489));
#3707=CARTESIAN_POINT('',(0.00197688895313108,0.0668713492043063,0.210775701222989));
#3708=CARTESIAN_POINT('',(0.00206022228646442,0.0672441055545696,0.211421334160489));
#3709=CARTESIAN_POINT('',(0.00214355561979775,0.0668713492043063,0.212066967097989));
#3710=CARTESIAN_POINT('',(0.00222688895313109,0.066498592854043,0.212712600035489));
#3711=CARTESIAN_POINT('',(0.00231022228646442,0.0657530801535164,0.212712600035489));
#3712=CARTESIAN_POINT('',(0.00239355561979775,0.0650075674529898,0.212712600035489));
#3713=CARTESIAN_POINT('',(0.00247688895313108,0.0646348111027264,0.212066967097989));
#3714=CARTESIAN_POINT('',(0.00256022228646442,0.0642620547524631,0.211421334160489));
#3715=CARTESIAN_POINT('',(0.00264355561979775,0.0646348111027264,0.210775701222989));
#3716=CARTESIAN_POINT('',(0.00272688895313109,0.0650075674529898,0.210130068285489));
#3717=CARTESIAN_POINT('',(0.00281022228646442,0.0657530801535164,0.210130068285489));
#3718=CARTESIAN_POINT('',(0.00289355561979775,0.066498592854043,0.210130068285489));
#3719=CARTESIAN_POINT('',(0.00297688895313108,0.0668713492043063,0.210775701222989));
#3720=CARTESIAN_POINT('',(0.00306022228646442,0.0672441055545696,0.211421334160489));
#3721=CARTESIAN_POINT('',(0.00314355561979775,0.0668713492043063,0.212066967097989));
#3722=CARTESIAN_POINT('',(0.00322688895313109,0.066498592854043,0.212712600035489));
#3723=CARTESIAN_POINT('',(0.00331022228646442,0.0657530801535164,0.212712600035489));
#3724=CARTESIAN_POINT('',(0.00339355561979775,0.0650075674529898,0.212712600035489));
#3725=CARTESIAN_POINT('',(0.00347688895313108,0.0646348111027264,0.212066967097989));
#3726=CARTESIAN_POINT('',(0.00356022228646442,0.0642620547524631,0.211421334160489));
#3727=CARTESIAN_POINT('',(0.00364355561979775,0.0646348111027264,0.210775701222989));
#3728=CARTESIAN_POINT('',(0.00372688895313109,0.0650075674529898,0.210130068285489));
#3729=CARTESIAN_POINT('',(0.00381022228646442,0.0657530801535164,0.210130068285489));
#3730=CARTESIAN_POINT('',(0.00389355561979775,0.066498592854043,0.210130068285489));
#3731=CARTESIAN_POINT('',(0.00397688895313108,0.0668713492043063,0.210775701222989));
#3732=CARTESIAN_POINT('',(0.00406022228646442,0.0672441055545696,0.211421334160489));
#3733=CARTESIAN_POINT('',(0.00414355561979775,0.0668713492043063,0.212066967097989));
#3734=CARTESIAN_POINT('',(0.00422688895313109,0.066498592854043,0.212712600035489));
#3735=CARTESIAN_POINT('',(0.00431022228646442,0.0657530801535164,0.212712600035489));
#3736=CARTESIAN_POINT('',(0.00439355561979775,0.0650075674529898,0.212712600035489));
#3737=CARTESIAN_POINT('',(0.00447688895313108,0.0646348111027264,0.212066967097989));
#3738=CARTESIAN_POINT('',(0.00456022228646442,0.0642620547524631,0.211421334160489));
#3739=CARTESIAN_POINT('',(0.00464355561979775,0.0646348111027264,0.210775701222989));
#3740=CARTESIAN_POINT('',(0.00472688895313108,0.0650075674529898,0.210130068285489));
#3741=CARTESIAN_POINT('',(0.00481022228646442,0.0657530801535164,0.210130068285489));
#3742=CARTESIAN_POINT('',(0.00489355561979775,0.066498592854043,0.210130068285489));
#3743=CARTESIAN_POINT('',(0.00497688895313109,0.0668713492043063,0.210775701222989));
#3744=CARTESIAN_POINT('',(0.00506022228646442,0.0672441055545696,0.211421334160489));
#3745=CARTESIAN_POINT('',(0.00514355561979775,0.0668713492043063,0.212066967097989));
#3746=CARTESIAN_POINT('',(0.00522688895313108,0.066498592854043,0.212712600035489));
#3747=CARTESIAN_POINT('',(0.00531022228646442,0.0657530801535164,0.212712600035489));
#3748=CARTESIAN_POINT('',(0.00539355561979775,0.0650075674529898,0.212712600035489));
#3749=CARTESIAN_POINT('',(0.00547688895313109,0.0646348111027264,0.212066967097989));
#3750=CARTESIAN_POINT('',(0.00556022228646441,0.0642620547524631,0.211421334160489));
#3751=CARTESIAN_POINT('',(0.00564355561979775,0.0646348111027264,0.210775701222989));
#3752=CARTESIAN_POINT('',(0.00572688895313108,0.0650075674529898,0.210130068285489));
#3753=CARTESIAN_POINT('',(0.00581022228646442,0.0657530801535164,0.210130068285489));
#3754=CARTESIAN_POINT('',(0.00589355561979775,0.066498592854043,0.210130068285489));
#3755=CARTESIAN_POINT('',(0.00597688895313109,0.0668713492043063,0.210775701222989));
#3756=CARTESIAN_POINT('',(0.00606022228646441,0.0672441055545696,0.211421334160489));
#3757=CARTESIAN_POINT('',(0.00614355561979775,0.0668713492043063,0.212066967097989));
#3758=CARTESIAN_POINT('',(0.00622688895313109,0.066498592854043,0.212712600035489));
#3759=CARTESIAN_POINT('',(0.00631022228646442,0.0657530801535164,0.212712600035489));
#3760=CARTESIAN_POINT('',(0.00639355561979776,0.0650075674529898,0.212712600035489));
#3761=CARTESIAN_POINT('',(0.00647688895313109,0.0646348111027264,0.212066967097989));
#3762=CARTESIAN_POINT('',(0.00656022228646441,0.0642620547524631,0.211421334160489));
#3763=CARTESIAN_POINT('',(0.00664355561979775,0.0646348111027264,0.210775701222989));
#3764=CARTESIAN_POINT('',(0.00672688895313109,0.0650075674529898,0.210130068285489));
#3765=CARTESIAN_POINT('',(0.00681022228646442,0.0657530801535164,0.210130068285489));
#3766=CARTESIAN_POINT('',(0.00689355561979776,0.066498592854043,0.210130068285489));
#3767=CARTESIAN_POINT('',(0.00697688895313109,0.0668713492043063,0.210775701222989));
#3768=CARTESIAN_POINT('',(0.00706022228646442,0.0672441055545696,0.211421334160489));
#3769=CARTESIAN_POINT('',(0.00714355561979775,0.0668713492043063,0.212066967097989));
#3770=CARTESIAN_POINT('',(0.00722688895313109,0.066498592854043,0.212712600035489));
#3771=CARTESIAN_POINT('',(0.00731022228646442,0.0657530801535164,0.212712600035489));
#3772=CARTESIAN_POINT('',(0.00739355561979776,0.0650075674529898,0.212712600035489));
#3773=CARTESIAN_POINT('',(0.00747688895313109,0.0646348111027264,0.212066967097989));
#3774=CARTESIAN_POINT('',(0.00756022228646442,0.0642620547524631,0.211421334160489));
#3775=CARTESIAN_POINT('',(0.00764355561979775,0.0646348111027264,0.210775701222989));
#3776=CARTESIAN_POINT('',(0.00772688895313109,0.0650075674529898,0.210130068285489));
#3777=CARTESIAN_POINT('',(0.00781022228646442,0.0657530801535164,0.210130068285489));
#3778=CARTESIAN_POINT('',(0.00789355561979775,0.066498592854043,0.210130068285489));
#3779=CARTESIAN_POINT('',(0.00797688895313109,0.0668713492043063,0.210775701222989));
#3780=CARTESIAN_POINT('',(0.00806022228646442,0.0672441055545696,0.211421334160489));
#3781=CARTESIAN_POINT('',(0.00814355561979775,0.0668713492043063,0.212066967097989));
#3782=CARTESIAN_POINT('',(0.00822688895313109,0.066498592854043,0.212712600035489));
#3783=CARTESIAN_POINT('',(0.00831022228646442,0.0657530801535164,0.212712600035489));
#3784=CARTESIAN_POINT('',(0.000435222286464426,0.0657530801535164,0.212712600035489));
#3785=CARTESIAN_POINT('',(0.000518555619797759,0.0650075674529898,0.212712600035489));
#3786=CARTESIAN_POINT('',(0.000601888953131093,0.0646348111027264,0.212066967097989));
#3787=CARTESIAN_POINT('',(0.000685222286464426,0.0642620547524631,0.211421334160489));
#3788=CARTESIAN_POINT('',(0.000768555619797759,0.0646348111027264,0.210775701222989));
#3789=CARTESIAN_POINT('',(0.000851888953131092,0.0650075674529898,0.210130068285489));
#3790=CARTESIAN_POINT('',(0.000935222286464426,0.0657530801535164,0.210130068285489));
#3791=CARTESIAN_POINT('',(0.00101855561979776,0.066498592854043,0.210130068285489));
#3792=CARTESIAN_POINT('',(0.00110188895313109,0.0668713492043063,0.210775701222989));
#3793=CARTESIAN_POINT('',(0.00118522228646443,0.0672441055545696,0.211421334160489));
#3794=CARTESIAN_POINT('',(0.00126855561979776,0.0668713492043063,0.212066967097989));
#3795=CARTESIAN_POINT('',(0.00135188895313109,0.066498592854043,0.212712600035489));
#3796=CARTESIAN_POINT('',(0.00143522228646443,0.0657530801535164,0.212712600035489));
#3797=CARTESIAN_POINT('',(0.00151855561979776,0.0650075674529898,0.212712600035489));
#3798=CARTESIAN_POINT('',(0.00160188895313109,0.0646348111027264,0.212066967097989));
#3799=CARTESIAN_POINT('',(0.00168522228646443,0.0642620547524631,0.211421334160489));
#3800=CARTESIAN_POINT('',(0.00176855561979776,0.0646348111027264,0.210775701222989));
#3801=CARTESIAN_POINT('',(0.00185188895313109,0.0650075674529898,0.210130068285489));
#3802=CARTESIAN_POINT('',(0.00193522228646442,0.0657530801535164,0.210130068285489));
#3803=CARTESIAN_POINT('',(0.00201855561979776,0.066498592854043,0.210130068285489));
#3804=CARTESIAN_POINT('',(0.00210188895313109,0.0668713492043063,0.210775701222989));
#3805=CARTESIAN_POINT('',(0.00218522228646443,0.0672441055545696,0.211421334160489));
#3806=CARTESIAN_POINT('',(0.00226855561979776,0.0668713492043063,0.212066967097989));
#3807=CARTESIAN_POINT('',(0.00235188895313109,0.066498592854043,0.212712600035489));
#3808=CARTESIAN_POINT('',(0.00243522228646443,0.0657530801535164,0.212712600035489));
#3809=CARTESIAN_POINT('',(0.00251855561979776,0.0650075674529898,0.212712600035489));
#3810=CARTESIAN_POINT('',(0.0026018889531311,0.0646348111027264,0.212066967097989));
#3811=CARTESIAN_POINT('',(0.00268522228646443,0.0642620547524631,0.211421334160489));
#3812=CARTESIAN_POINT('',(0.00276855561979776,0.0646348111027264,0.210775701222989));
#3813=CARTESIAN_POINT('',(0.00285188895313109,0.0650075674529898,0.210130068285489));
#3814=CARTESIAN_POINT('',(0.00293522228646443,0.0657530801535164,0.210130068285489));
#3815=CARTESIAN_POINT('',(0.00301855561979776,0.066498592854043,0.210130068285489));
#3816=CARTESIAN_POINT('',(0.0031018889531311,0.0668713492043063,0.210775701222989));
#3817=CARTESIAN_POINT('',(0.00318522228646443,0.0672441055545696,0.211421334160489));
#3818=CARTESIAN_POINT('',(0.00326855561979776,0.0668713492043063,0.212066967097989));
#3819=CARTESIAN_POINT('',(0.00335188895313109,0.066498592854043,0.212712600035489));
#3820=CARTESIAN_POINT('',(0.00343522228646443,0.0657530801535164,0.212712600035489));
#3821=CARTESIAN_POINT('',(0.00351855561979776,0.0650075674529898,0.212712600035489));
#3822=CARTESIAN_POINT('',(0.0036018889531311,0.0646348111027264,0.212066967097989));
#3823=CARTESIAN_POINT('',(0.00368522228646442,0.0642620547524631,0.211421334160489));
#3824=CARTESIAN_POINT('',(0.00376855561979776,0.0646348111027264,0.210775701222989));
#3825=CARTESIAN_POINT('',(0.00385188895313109,0.0650075674529898,0.210130068285489));
#3826=CARTESIAN_POINT('',(0.00393522228646443,0.0657530801535164,0.210130068285489));
#3827=CARTESIAN_POINT('',(0.00401855561979776,0.066498592854043,0.210130068285489));
#3828=CARTESIAN_POINT('',(0.0041018889531311,0.0668713492043063,0.210775701222989));
#3829=CARTESIAN_POINT('',(0.00418522228646442,0.0672441055545696,0.211421334160489));
#3830=CARTESIAN_POINT('',(0.00426855561979776,0.0668713492043063,0.212066967097989));
#3831=CARTESIAN_POINT('',(0.00435188895313109,0.066498592854043,0.212712600035489));
#3832=CARTESIAN_POINT('',(0.00443522228646443,0.0657530801535164,0.212712600035489));
#3833=CARTESIAN_POINT('',(0.00451855561979776,0.0650075674529898,0.212712600035489));
#3834=CARTESIAN_POINT('',(0.00460188895313109,0.0646348111027264,0.212066967097989));
#3835=CARTESIAN_POINT('',(0.00468522228646442,0.0642620547524631,0.211421334160489));
#3836=CARTESIAN_POINT('',(0.00476855561979776,0.0646348111027264,0.210775701222989));
#3837=CARTESIAN_POINT('',(0.00485188895313109,0.0650075674529898,0.210130068285489));
#3838=CARTESIAN_POINT('',(0.00493522228646443,0.0657530801535164,0.210130068285489));
#3839=CARTESIAN_POINT('',(0.00501855561979776,0.066498592854043,0.210130068285489));
#3840=CARTESIAN_POINT('',(0.00510188895313109,0.0668713492043063,0.210775701222989));
#3841=CARTESIAN_POINT('',(0.00518522228646442,0.0672441055545696,0.211421334160489));
#3842=CARTESIAN_POINT('',(0.00526855561979776,0.0668713492043063,0.212066967097989));
#3843=CARTESIAN_POINT('',(0.00535188895313109,0.066498592854043,0.212712600035489));
#3844=CARTESIAN_POINT('',(0.00543522228646443,0.0657530801535164,0.212712600035489));
#3845=CARTESIAN_POINT('',(0.00551855561979776,0.0650075674529898,0.212712600035489));
#3846=CARTESIAN_POINT('',(0.00560188895313109,0.0646348111027264,0.212066967097989));
#3847=CARTESIAN_POINT('',(0.00568522228646442,0.0642620547524631,0.211421334160489));
#3848=CARTESIAN_POINT('',(0.00576855561979776,0.0646348111027264,0.210775701222989));
#3849=CARTESIAN_POINT('',(0.00585188895313109,0.0650075674529898,0.210130068285489));
#3850=CARTESIAN_POINT('',(0.00593522228646443,0.0657530801535164,0.210130068285489));
#3851=CARTESIAN_POINT('',(0.00601855561979776,0.066498592854043,0.210130068285489));
#3852=CARTESIAN_POINT('',(0.00610188895313109,0.0668713492043063,0.210775701222989));
#3853=CARTESIAN_POINT('',(0.00618522228646442,0.0672441055545696,0.211421334160489));
#3854=CARTESIAN_POINT('',(0.00626855561979776,0.0668713492043063,0.212066967097989));
#3855=CARTESIAN_POINT('',(0.00635188895313109,0.066498592854043,0.212712600035489));
#3856=CARTESIAN_POINT('',(0.00643522228646443,0.0657530801535164,0.212712600035489));
#3857=CARTESIAN_POINT('',(0.00651855561979776,0.0650075674529898,0.212712600035489));
#3858=CARTESIAN_POINT('',(0.00660188895313109,0.0646348111027264,0.212066967097989));
#3859=CARTESIAN_POINT('',(0.00668522228646442,0.0642620547524631,0.211421334160489));
#3860=CARTESIAN_POINT('',(0.00676855561979776,0.0646348111027264,0.210775701222989));
#3861=CARTESIAN_POINT('',(0.00685188895313109,0.0650075674529898,0.210130068285489));
#3862=CARTESIAN_POINT('',(0.00693522228646443,0.0657530801535164,0.210130068285489));
#3863=CARTESIAN_POINT('',(0.00701855561979776,0.066498592854043,0.210130068285489));
#3864=CARTESIAN_POINT('',(0.00710188895313109,0.0668713492043063,0.210775701222989));
#3865=CARTESIAN_POINT('',(0.00718522228646442,0.0672441055545696,0.211421334160489));
#3866=CARTESIAN_POINT('',(0.00726855561979776,0.0668713492043063,0.212066967097989));
#3867=CARTESIAN_POINT('',(0.00735188895313109,0.066498592854043,0.212712600035489));
#3868=CARTESIAN_POINT('',(0.00743522228646443,0.0657530801535164,0.212712600035489));
#3869=CARTESIAN_POINT('',(0.00751855561979776,0.0650075674529898,0.212712600035489));
#3870=CARTESIAN_POINT('',(0.00760188895313109,0.0646348111027264,0.212066967097989));
#3871=CARTESIAN_POINT('',(0.00768522228646442,0.0642620547524631,0.211421334160489));
#3872=CARTESIAN_POINT('',(0.00776855561979776,0.0646348111027264,0.210775701222989));
#3873=CARTESIAN_POINT('',(0.00785188895313109,0.0650075674529898,0.210130068285489));
#3874=CARTESIAN_POINT('',(0.00793522228646443,0.0657530801535164,0.210130068285489));
#3875=CARTESIAN_POINT('',(0.00801855561979776,0.066498592854043,0.210130068285489));
#3876=CARTESIAN_POINT('',(0.00810188895313109,0.0668713492043063,0.210775701222989));
#3877=CARTESIAN_POINT('',(0.00818522228646442,0.0672441055545696,0.211421334160489));
#3878=CARTESIAN_POINT('',(0.00826855561979776,0.0668713492043063,0.212066967097989));
#3879=CARTESIAN_POINT('',(0.00835188895313109,0.066498592854043,0.212712600035489));
#3880=CARTESIAN_POINT('',(0.00843522228646443,0.0657530801535164,0.212712600035489));
#3881=CARTESIAN_POINT('',(-2.27771353557282E-6,0.0657530801535164,0.211421334160489));
#3882=CARTESIAN_POINT('',(-2.27771353557282E-6,0.0654,0.210759643594444));
#3883=CARTESIAN_POINT('',(0.00262774586144154,0.0654,0.210759643594444));
#3884=CARTESIAN_POINT('',(-2.27771353558136E-6,0.0657530801535164,0.212171334160489));
#3885=CARTESIAN_POINT('',(8.1055619797752E-5,0.0653200674516242,0.212171334160489));
#3886=CARTESIAN_POINT('',(0.000164388953131086,0.0651035611006781,0.211796334160489));
#3887=CARTESIAN_POINT('',(0.000247722286464419,0.0648870547497319,0.211421334160489));
#3888=CARTESIAN_POINT('',(0.000331055619797752,0.0651035611006781,0.211046334160489));
#3889=CARTESIAN_POINT('',(0.000414388953131085,0.0653200674516242,0.210671334160489));
#3890=CARTESIAN_POINT('',(0.000497722286464419,0.0657530801535164,0.210671334160489));
#3891=CARTESIAN_POINT('',(0.000581055619797751,0.0661860928554086,0.210671334160489));
#3892=CARTESIAN_POINT('',(0.000664388953131085,0.0664025992063547,0.211046334160489));
#3893=CARTESIAN_POINT('',(0.000747722286464419,0.0666191055573008,0.211421334160489));
#3894=CARTESIAN_POINT('',(0.000831055619797752,0.0664025992063547,0.211796334160489));
#3895=CARTESIAN_POINT('',(0.000914388953131085,0.0661860928554086,0.212171334160489));
#3896=CARTESIAN_POINT('',(0.000997722286464419,0.0657530801535164,0.212171334160489));
#3897=CARTESIAN_POINT('',(0.00108105561979775,0.0653200674516242,0.212171334160489));
#3898=CARTESIAN_POINT('',(0.00116438895313108,0.0651035611006781,0.211796334160489));
#3899=CARTESIAN_POINT('',(0.00124772228646442,0.0648870547497319,0.211421334160489));
#3900=CARTESIAN_POINT('',(0.00133105561979775,0.0651035611006781,0.211046334160489));
#3901=CARTESIAN_POINT('',(0.00141438895313109,0.0653200674516242,0.210671334160489));
#3902=CARTESIAN_POINT('',(0.00149772228646442,0.0657530801535164,0.210671334160489));
#3903=CARTESIAN_POINT('',(0.00158105561979775,0.0661860928554086,0.210671334160489));
#3904=CARTESIAN_POINT('',(0.00166438895313109,0.0664025992063547,0.211046334160489));
#3905=CARTESIAN_POINT('',(0.00174772228646442,0.0666191055573008,0.211421334160489));
#3906=CARTESIAN_POINT('',(0.00183105561979775,0.0664025992063547,0.211796334160489));
#3907=CARTESIAN_POINT('',(0.00191438895313108,0.0661860928554086,0.212171334160489));
#3908=CARTESIAN_POINT('',(0.00199772228646442,0.0657530801535164,0.212171334160489));
#3909=CARTESIAN_POINT('',(0.00208105561979775,0.0653200674516242,0.212171334160489));
#3910=CARTESIAN_POINT('',(0.00216438895313108,0.0651035611006781,0.211796334160489));
#3911=CARTESIAN_POINT('',(0.00224772228646442,0.0648870547497319,0.211421334160489));
#3912=CARTESIAN_POINT('',(0.00233105561979775,0.0651035611006781,0.211046334160489));
#3913=CARTESIAN_POINT('',(0.00241438895313108,0.0653200674516242,0.210671334160489));
#3914=CARTESIAN_POINT('',(0.00249772228646442,0.0657530801535164,0.210671334160489));
#3915=CARTESIAN_POINT('',(0.00258105561979775,0.0661860928554086,0.210671334160489));
#3916=CARTESIAN_POINT('',(0.00266438895313108,0.0664025992063547,0.211046334160489));
#3917=CARTESIAN_POINT('',(0.00274772228646442,0.0666191055573008,0.211421334160489));
#3918=CARTESIAN_POINT('',(0.00283105561979775,0.0664025992063547,0.211796334160489));
#3919=CARTESIAN_POINT('',(0.00291438895313108,0.0661860928554086,0.212171334160489));
#3920=CARTESIAN_POINT('',(0.00299772228646442,0.0657530801535164,0.212171334160489));
#3921=CARTESIAN_POINT('',(0.00308105561979775,0.0653200674516242,0.212171334160489));
#3922=CARTESIAN_POINT('',(0.00316438895313108,0.0651035611006781,0.211796334160489));
#3923=CARTESIAN_POINT('',(0.00324772228646442,0.0648870547497319,0.211421334160489));
#3924=CARTESIAN_POINT('',(0.00333105561979775,0.0651035611006781,0.211046334160489));
#3925=CARTESIAN_POINT('',(0.00341438895313108,0.0653200674516242,0.210671334160489));
#3926=CARTESIAN_POINT('',(0.00349772228646442,0.0657530801535164,0.210671334160489));
#3927=CARTESIAN_POINT('',(0.00358105561979775,0.0661860928554086,0.210671334160489));
#3928=CARTESIAN_POINT('',(0.00366438895313108,0.0664025992063547,0.211046334160489));
#3929=CARTESIAN_POINT('',(0.00374772228646442,0.0666191055573008,0.211421334160489));
#3930=CARTESIAN_POINT('',(0.00383105561979775,0.0664025992063547,0.211796334160489));
#3931=CARTESIAN_POINT('',(0.00391438895313108,0.0661860928554086,0.212171334160489));
#3932=CARTESIAN_POINT('',(0.00399772228646442,0.0657530801535164,0.212171334160489));
#3933=CARTESIAN_POINT('',(0.00408105561979775,0.0653200674516242,0.212171334160489));
#3934=CARTESIAN_POINT('',(0.00416438895313109,0.0651035611006781,0.211796334160489));
#3935=CARTESIAN_POINT('',(0.00424772228646442,0.0648870547497319,0.211421334160489));
#3936=CARTESIAN_POINT('',(0.00433105561979775,0.0651035611006781,0.211046334160489));
#3937=CARTESIAN_POINT('',(0.00441438895313109,0.0653200674516242,0.210671334160489));
#3938=CARTESIAN_POINT('',(0.00449772228646442,0.0657530801535164,0.210671334160489));
#3939=CARTESIAN_POINT('',(0.00458105561979775,0.0661860928554086,0.210671334160489));
#3940=CARTESIAN_POINT('',(0.00466438895313109,0.0664025992063547,0.211046334160489));
#3941=CARTESIAN_POINT('',(0.00474772228646442,0.0666191055573008,0.211421334160489));
#3942=CARTESIAN_POINT('',(0.00483105561979775,0.0664025992063547,0.211796334160489));
#3943=CARTESIAN_POINT('',(0.00491438895313109,0.0661860928554086,0.212171334160489));
#3944=CARTESIAN_POINT('',(0.00499772228646442,0.0657530801535164,0.212171334160489));
#3945=CARTESIAN_POINT('',(0.00508105561979775,0.0653200674516242,0.212171334160489));
#3946=CARTESIAN_POINT('',(0.00516438895313109,0.0651035611006781,0.211796334160489));
#3947=CARTESIAN_POINT('',(0.00524772228646442,0.0648870547497319,0.211421334160489));
#3948=CARTESIAN_POINT('',(0.00533105561979775,0.0651035611006781,0.211046334160489));
#3949=CARTESIAN_POINT('',(0.00541438895313108,0.0653200674516242,0.210671334160489));
#3950=CARTESIAN_POINT('',(0.00549772228646442,0.0657530801535164,0.210671334160489));
#3951=CARTESIAN_POINT('',(0.00558105561979775,0.0661860928554086,0.210671334160489));
#3952=CARTESIAN_POINT('',(0.00566438895313109,0.0664025992063547,0.211046334160489));
#3953=CARTESIAN_POINT('',(0.00574772228646442,0.0666191055573008,0.211421334160489));
#3954=CARTESIAN_POINT('',(0.00583105561979775,0.0664025992063547,0.211796334160489));
#3955=CARTESIAN_POINT('',(0.00591438895313108,0.0661860928554086,0.212171334160489));
#3956=CARTESIAN_POINT('',(0.00599772228646442,0.0657530801535164,0.212171334160489));
#3957=CARTESIAN_POINT('',(0.00608105561979775,0.0653200674516242,0.212171334160489));
#3958=CARTESIAN_POINT('',(0.00616438895313109,0.0651035611006781,0.211796334160489));
#3959=CARTESIAN_POINT('',(0.00624772228646441,0.0648870547497319,0.211421334160489));
#3960=CARTESIAN_POINT('',(0.00633105561979775,0.0651035611006781,0.211046334160489));
#3961=CARTESIAN_POINT('',(0.00641438895313108,0.0653200674516242,0.210671334160489));
#3962=CARTESIAN_POINT('',(0.00649772228646442,0.0657530801535164,0.210671334160489));
#3963=CARTESIAN_POINT('',(0.00658105561979775,0.0661860928554086,0.210671334160489));
#3964=CARTESIAN_POINT('',(0.00666438895313109,0.0664025992063547,0.211046334160489));
#3965=CARTESIAN_POINT('',(0.00674772228646441,0.0666191055573008,0.211421334160489));
#3966=CARTESIAN_POINT('',(0.00683105561979775,0.0664025992063547,0.211796334160489));
#3967=CARTESIAN_POINT('',(0.00691438895313108,0.0661860928554086,0.212171334160489));
#3968=CARTESIAN_POINT('',(0.00699772228646442,0.0657530801535164,0.212171334160489));
#3969=CARTESIAN_POINT('',(0.00708105561979775,0.0653200674516242,0.212171334160489));
#3970=CARTESIAN_POINT('',(0.00716438895313109,0.0651035611006781,0.211796334160489));
#3971=CARTESIAN_POINT('',(0.00724772228646441,0.0648870547497319,0.211421334160489));
#3972=CARTESIAN_POINT('',(0.00733105561979775,0.0651035611006781,0.211046334160489));
#3973=CARTESIAN_POINT('',(0.00741438895313108,0.0653200674516242,0.210671334160489));
#3974=CARTESIAN_POINT('',(0.00749772228646442,0.0657530801535164,0.210671334160489));
#3975=CARTESIAN_POINT('',(0.00758105561979775,0.0661860928554086,0.210671334160489));
#3976=CARTESIAN_POINT('',(0.00766438895313109,0.0664025992063547,0.211046334160489));
#3977=CARTESIAN_POINT('',(0.00774772228646441,0.0666191055573008,0.211421334160489));
#3978=CARTESIAN_POINT('',(0.00783105561979775,0.0664025992063547,0.211796334160489));
#3979=CARTESIAN_POINT('',(0.00791438895313108,0.0661860928554086,0.212171334160489));
#3980=CARTESIAN_POINT('',(0.00799772228646442,0.0657530801535164,0.212171334160489));
#3981=CARTESIAN_POINT('',(0.00262774586144154,0.0662950218873728,0.210902875717501));
#3982=CARTESIAN_POINT('',(0.00262774586144154,0.0657530801535164,0.211421334160489));
#3983=CARTESIAN_POINT('',(0.00199239028595405,0.0669325633643498,0.210895799275537));
#3984=CARTESIAN_POINT('',(0.00206998654222004,0.0672004292945076,0.211496983662001));
#3985=CARTESIAN_POINT('',(0.00214355561979775,0.0668713492043063,0.212066967097989));
#3986=CARTESIAN_POINT('',(0.00222688895313109,0.066498592854043,0.212712600035489));
#3987=CARTESIAN_POINT('',(0.00231022228646442,0.0657530801535164,0.212712600035489));
#3988=CARTESIAN_POINT('',(0.00239355561979775,0.0650075674529898,0.212712600035489));
#3989=CARTESIAN_POINT('',(0.00247688895313108,0.0646348111027264,0.212066967097989));
#3990=CARTESIAN_POINT('',(0.00256022228646442,0.0642620547524631,0.211421334160489));
#3991=CARTESIAN_POINT('',(0.00264355561979775,0.0646348111027264,0.210775701222989));
#3992=CARTESIAN_POINT('',(0.00272688895313109,0.0650075674529898,0.210130068285489));
#3993=CARTESIAN_POINT('',(0.00281022228646442,0.0657530801535164,0.210130068285489));
#3994=CARTESIAN_POINT('',(0.00287493294855412,0.0663319915988847,0.210130068285489));
#3995=CARTESIAN_POINT('',(0.00294587697356409,0.0667171303523299,0.210562279578924));
#3996=CARTESIAN_POINT('',(0.00167989028595405,0.0664381539444776,0.211116090158192));
#3997=CARTESIAN_POINT('',(0.00175748654222003,0.0665937372767006,0.211465273311389));
#3998=CARTESIAN_POINT('',(0.00183105561979775,0.0664025992063547,0.211796334160489));
#3999=CARTESIAN_POINT('',(0.00191438895313108,0.0661860928554086,0.212171334160489));
#4000=CARTESIAN_POINT('',(0.00199772228646442,0.0657530801535164,0.212171334160489));
#4001=CARTESIAN_POINT('',(0.00208105561979775,0.0653200674516242,0.212171334160489));
#4002=CARTESIAN_POINT('',(0.00216438895313108,0.0651035611006781,0.211796334160489));
#4003=CARTESIAN_POINT('',(0.00224772228646442,0.0648870547497319,0.211421334160489));
#4004=CARTESIAN_POINT('',(0.00233105561979775,0.0651035611006781,0.211046334160489));
#4005=CARTESIAN_POINT('',(0.00241438895313108,0.0653200674516242,0.210671334160489));
#4006=CARTESIAN_POINT('',(0.00249772228646442,0.0657530801535164,0.210671334160489));
#4007=CARTESIAN_POINT('',(0.00256243294855412,0.0660893266171087,0.210671334160489));
#4008=CARTESIAN_POINT('',(0.00263337697356409,0.0663130249821599,0.21092237345174));
#4009=CARTESIAN_POINT('',(0.0026277458614416,0.0662950218873728,0.210902875717501));
#4010=CARTESIAN_POINT('',(0.0026277458614416,0.0661555573203495,0.210581403258348));
#4011=CARTESIAN_POINT('',(0.00262774586144124,0.0654335868405453,0.210227722626029));
#4012=CARTESIAN_POINT('',(0.00262774586144155,0.0647750635997016,0.210613746429685));
#4013=CARTESIAN_POINT('',(0.00262774586144155,0.0645725351416933,0.210898188831733));
#4014=CARTESIAN_POINT('',(-2.27771353558136E-6,0.0657530801535164,0.212171334160489));
#4015=CARTESIAN_POINT('',(8.1055619797752E-5,0.0653200674516242,0.212171334160489));
#4016=CARTESIAN_POINT('',(0.000164388953131086,0.0651035611006781,0.211796334160489));
#4017=CARTESIAN_POINT('',(0.000247722286464419,0.0648870547497319,0.211421334160489));
#4018=CARTESIAN_POINT('',(0.000331055619797752,0.0651035611006781,0.211046334160489));
#4019=CARTESIAN_POINT('',(0.000414388953131085,0.0653200674516242,0.210671334160489));
#4020=CARTESIAN_POINT('',(0.000497722286464419,0.0657530801535164,0.210671334160489));
#4021=CARTESIAN_POINT('',(0.000581055619797751,0.0661860928554086,0.210671334160489));
#4022=CARTESIAN_POINT('',(0.000664388953131085,0.0664025992063547,0.211046334160489));
#4023=CARTESIAN_POINT('',(0.000747722286464419,0.0666191055573008,0.211421334160489));
#4024=CARTESIAN_POINT('',(0.000831055619797752,0.0664025992063547,0.211796334160489));
#4025=CARTESIAN_POINT('',(0.000914388953131085,0.0661860928554086,0.212171334160489));
#4026=CARTESIAN_POINT('',(0.000997722286464419,0.0657530801535164,0.212171334160489));
#4027=CARTESIAN_POINT('',(0.00108105561979775,0.0653200674516242,0.212171334160489));
#4028=CARTESIAN_POINT('',(0.00116438895313108,0.0651035611006781,0.211796334160489));
#4029=CARTESIAN_POINT('',(0.00124772228646442,0.0648870547497319,0.211421334160489));
#4030=CARTESIAN_POINT('',(0.00133105561979775,0.0651035611006781,0.211046334160489));
#4031=CARTESIAN_POINT('',(0.00141438895313109,0.0653200674516242,0.210671334160489));
#4032=CARTESIAN_POINT('',(0.00149772228646442,0.0657530801535164,0.210671334160489));
#4033=CARTESIAN_POINT('',(0.00158105561979775,0.0661860928554086,0.210671334160489));
#4034=CARTESIAN_POINT('',(0.00166438895313109,0.0664025992063547,0.211046334160489));
#4035=CARTESIAN_POINT('',(0.00174772228646442,0.0666191055573008,0.211421334160489));
#4036=CARTESIAN_POINT('',(0.00183105561979775,0.0664025992063547,0.211796334160489));
#4037=CARTESIAN_POINT('',(0.00191438895313108,0.0661860928554086,0.212171334160489));
#4038=CARTESIAN_POINT('',(0.00199772228646442,0.0657530801535164,0.212171334160489));
#4039=CARTESIAN_POINT('',(0.00208105561979775,0.0653200674516242,0.212171334160489));
#4040=CARTESIAN_POINT('',(0.00216438895313108,0.0651035611006781,0.211796334160489));
#4041=CARTESIAN_POINT('',(0.00224772228646442,0.0648870547497319,0.211421334160489));
#4042=CARTESIAN_POINT('',(0.00233105561979775,0.0651035611006781,0.211046334160489));
#4043=CARTESIAN_POINT('',(0.00241438895313108,0.0653200674516242,0.210671334160489));
#4044=CARTESIAN_POINT('',(0.00249772228646442,0.0657530801535164,0.210671334160489));
#4045=CARTESIAN_POINT('',(0.00258105561979775,0.0661860928554086,0.210671334160489));
#4046=CARTESIAN_POINT('',(0.00266438895313108,0.0664025992063547,0.211046334160489));
#4047=CARTESIAN_POINT('',(0.00274772228646442,0.0666191055573008,0.211421334160489));
#4048=CARTESIAN_POINT('',(0.00283105561979775,0.0664025992063547,0.211796334160489));
#4049=CARTESIAN_POINT('',(0.00291438895313108,0.0661860928554086,0.212171334160489));
#4050=CARTESIAN_POINT('',(0.00299772228646442,0.0657530801535164,0.212171334160489));
#4051=CARTESIAN_POINT('',(0.00308105561979775,0.0653200674516242,0.212171334160489));
#4052=CARTESIAN_POINT('',(0.00316438895313108,0.0651035611006781,0.211796334160489));
#4053=CARTESIAN_POINT('',(0.00324772228646442,0.0648870547497319,0.211421334160489));
#4054=CARTESIAN_POINT('',(0.00333105561979775,0.0651035611006781,0.211046334160489));
#4055=CARTESIAN_POINT('',(0.00341438895313108,0.0653200674516242,0.210671334160489));
#4056=CARTESIAN_POINT('',(0.00349772228646442,0.0657530801535164,0.210671334160489));
#4057=CARTESIAN_POINT('',(0.00358105561979775,0.0661860928554086,0.210671334160489));
#4058=CARTESIAN_POINT('',(0.00366438895313108,0.0664025992063547,0.211046334160489));
#4059=CARTESIAN_POINT('',(0.00374772228646442,0.0666191055573008,0.211421334160489));
#4060=CARTESIAN_POINT('',(0.00383105561979775,0.0664025992063547,0.211796334160489));
#4061=CARTESIAN_POINT('',(0.00391438895313108,0.0661860928554086,0.212171334160489));
#4062=CARTESIAN_POINT('',(0.00399772228646442,0.0657530801535164,0.212171334160489));
#4063=CARTESIAN_POINT('',(0.00408105561979775,0.0653200674516242,0.212171334160489));
#4064=CARTESIAN_POINT('',(0.00416438895313109,0.0651035611006781,0.211796334160489));
#4065=CARTESIAN_POINT('',(0.00424772228646442,0.0648870547497319,0.211421334160489));
#4066=CARTESIAN_POINT('',(0.00433105561979775,0.0651035611006781,0.211046334160489));
#4067=CARTESIAN_POINT('',(0.00441438895313109,0.0653200674516242,0.210671334160489));
#4068=CARTESIAN_POINT('',(0.00449772228646442,0.0657530801535164,0.210671334160489));
#4069=CARTESIAN_POINT('',(0.00458105561979775,0.0661860928554086,0.210671334160489));
#4070=CARTESIAN_POINT('',(0.00466438895313109,0.0664025992063547,0.211046334160489));
#4071=CARTESIAN_POINT('',(0.00474772228646442,0.0666191055573008,0.211421334160489));
#4072=CARTESIAN_POINT('',(0.00483105561979775,0.0664025992063547,0.211796334160489));
#4073=CARTESIAN_POINT('',(0.00491438895313109,0.0661860928554086,0.212171334160489));
#4074=CARTESIAN_POINT('',(0.00499772228646442,0.0657530801535164,0.212171334160489));
#4075=CARTESIAN_POINT('',(0.00508105561979775,0.0653200674516242,0.212171334160489));
#4076=CARTESIAN_POINT('',(0.00516438895313109,0.0651035611006781,0.211796334160489));
#4077=CARTESIAN_POINT('',(0.00524772228646442,0.0648870547497319,0.211421334160489));
#4078=CARTESIAN_POINT('',(0.00533105561979775,0.0651035611006781,0.211046334160489));
#4079=CARTESIAN_POINT('',(0.00541438895313108,0.0653200674516242,0.210671334160489));
#4080=CARTESIAN_POINT('',(0.00549772228646442,0.0657530801535164,0.210671334160489));
#4081=CARTESIAN_POINT('',(0.00558105561979775,0.0661860928554086,0.210671334160489));
#4082=CARTESIAN_POINT('',(0.00566438895313109,0.0664025992063547,0.211046334160489));
#4083=CARTESIAN_POINT('',(0.00574772228646442,0.0666191055573008,0.211421334160489));
#4084=CARTESIAN_POINT('',(0.00583105561979775,0.0664025992063547,0.211796334160489));
#4085=CARTESIAN_POINT('',(0.00591438895313108,0.0661860928554086,0.212171334160489));
#4086=CARTESIAN_POINT('',(0.00599772228646442,0.0657530801535164,0.212171334160489));
#4087=CARTESIAN_POINT('',(0.00608105561979775,0.0653200674516242,0.212171334160489));
#4088=CARTESIAN_POINT('',(0.00616438895313109,0.0651035611006781,0.211796334160489));
#4089=CARTESIAN_POINT('',(0.00624772228646441,0.0648870547497319,0.211421334160489));
#4090=CARTESIAN_POINT('',(0.00633105561979775,0.0651035611006781,0.211046334160489));
#4091=CARTESIAN_POINT('',(0.00641438895313108,0.0653200674516242,0.210671334160489));
#4092=CARTESIAN_POINT('',(0.00649772228646442,0.0657530801535164,0.210671334160489));
#4093=CARTESIAN_POINT('',(0.00658105561979775,0.0661860928554086,0.210671334160489));
#4094=CARTESIAN_POINT('',(0.00666438895313109,0.0664025992063547,0.211046334160489));
#4095=CARTESIAN_POINT('',(0.00674772228646441,0.0666191055573008,0.211421334160489));
#4096=CARTESIAN_POINT('',(0.00683105561979775,0.0664025992063547,0.211796334160489));
#4097=CARTESIAN_POINT('',(0.00691438895313108,0.0661860928554086,0.212171334160489));
#4098=CARTESIAN_POINT('',(0.00699772228646442,0.0657530801535164,0.212171334160489));
#4099=CARTESIAN_POINT('',(0.00708105561979775,0.0653200674516242,0.212171334160489));
#4100=CARTESIAN_POINT('',(0.00716438895313109,0.0651035611006781,0.211796334160489));
#4101=CARTESIAN_POINT('',(0.00724772228646441,0.0648870547497319,0.211421334160489));
#4102=CARTESIAN_POINT('',(0.00733105561979775,0.0651035611006781,0.211046334160489));
#4103=CARTESIAN_POINT('',(0.00741438895313108,0.0653200674516242,0.210671334160489));
#4104=CARTESIAN_POINT('',(0.00749772228646442,0.0657530801535164,0.210671334160489));
#4105=CARTESIAN_POINT('',(0.00758105561979775,0.0661860928554086,0.210671334160489));
#4106=CARTESIAN_POINT('',(0.00766438895313109,0.0664025992063547,0.211046334160489));
#4107=CARTESIAN_POINT('',(0.00774772228646441,0.0666191055573008,0.211421334160489));
#4108=CARTESIAN_POINT('',(0.00783105561979775,0.0664025992063547,0.211796334160489));
#4109=CARTESIAN_POINT('',(0.00791438895313108,0.0661860928554086,0.212171334160489));
#4110=CARTESIAN_POINT('',(0.00799772228646442,0.0657530801535164,0.212171334160489));
#4111=CARTESIAN_POINT('',(-2.27771353557282E-6,0.0657530801535164,0.211421334160489));
#4112=CARTESIAN_POINT('',(-2.27771353557282E-6,0.0654,0.210759643594444));
#4113=CARTESIAN_POINT('',(-2.27771353557282E-6,0.0654,0.212083024726534));
#4114=CARTESIAN_POINT('',(0.00262774586144154,0.0654,0.212083024726534));
#4115=CARTESIAN_POINT('',(0.00262774586144154,0.0657530801535164,0.211421334160489));
#4116=CARTESIAN_POINT('',(0.00262774586144154,0.0662617068813679,0.211972513670009));
#4117=CARTESIAN_POINT('',(0.000747722286464436,0.0657530801535164,0.212171334160489));
#4118=CARTESIAN_POINT('',(0.000831055619797769,0.0653200674516242,0.212171334160489));
#4119=CARTESIAN_POINT('',(0.000914388953131102,0.0651035611006781,0.211796334160489));
#4120=CARTESIAN_POINT('',(0.000997722286464435,0.0648870547497319,0.211421334160489));
#4121=CARTESIAN_POINT('',(0.00108105561979777,0.0651035611006781,0.211046334160489));
#4122=CARTESIAN_POINT('',(0.0011643889531311,0.0653200674516242,0.210671334160489));
#4123=CARTESIAN_POINT('',(0.00124772228646444,0.0657530801535164,0.210671334160489));
#4124=CARTESIAN_POINT('',(0.00133105561979777,0.0661860928554086,0.210671334160489));
#4125=CARTESIAN_POINT('',(0.0014143889531311,0.0664025992063547,0.211046334160489));
#4126=CARTESIAN_POINT('',(0.00149772228646444,0.0666191055573008,0.211421334160489));
#4127=CARTESIAN_POINT('',(0.00158105561979777,0.0664025992063547,0.211796334160489));
#4128=CARTESIAN_POINT('',(0.0016643889531311,0.0661860928554086,0.212171334160489));
#4129=CARTESIAN_POINT('',(0.00174772228646444,0.0657530801535164,0.212171334160489));
#4130=CARTESIAN_POINT('',(0.00183105561979777,0.0653200674516242,0.212171334160489));
#4131=CARTESIAN_POINT('',(0.0019143889531311,0.0651035611006781,0.211796334160489));
#4132=CARTESIAN_POINT('',(0.00199772228646444,0.0648870547497319,0.211421334160489));
#4133=CARTESIAN_POINT('',(0.00208105561979777,0.0651035611006781,0.211046334160489));
#4134=CARTESIAN_POINT('',(0.0021643889531311,0.0653200674516242,0.210671334160489));
#4135=CARTESIAN_POINT('',(0.00224772228646443,0.0657530801535164,0.210671334160489));
#4136=CARTESIAN_POINT('',(0.00233105561979777,0.0661860928554086,0.210671334160489));
#4137=CARTESIAN_POINT('',(0.0024143889531311,0.0664025992063547,0.211046334160489));
#4138=CARTESIAN_POINT('',(0.00249772228646444,0.0666191055573008,0.211421334160489));
#4139=CARTESIAN_POINT('',(0.00258105561979777,0.0664025992063547,0.211796334160489));
#4140=CARTESIAN_POINT('',(0.0026643889531311,0.0661860928554086,0.212171334160489));
#4141=CARTESIAN_POINT('',(0.00274772228646443,0.0657530801535164,0.212171334160489));
#4142=CARTESIAN_POINT('',(0.00283105561979777,0.0653200674516242,0.212171334160489));
#4143=CARTESIAN_POINT('',(0.0029143889531311,0.0651035611006781,0.211796334160489));
#4144=CARTESIAN_POINT('',(0.00299772228646444,0.0648870547497319,0.211421334160489));
#4145=CARTESIAN_POINT('',(0.00308105561979777,0.0651035611006781,0.211046334160489));
#4146=CARTESIAN_POINT('',(0.0031643889531311,0.0653200674516242,0.210671334160489));
#4147=CARTESIAN_POINT('',(0.00324772228646443,0.0657530801535164,0.210671334160489));
#4148=CARTESIAN_POINT('',(0.00333105561979777,0.0661860928554086,0.210671334160489));
#4149=CARTESIAN_POINT('',(0.0034143889531311,0.0664025992063547,0.211046334160489));
#4150=CARTESIAN_POINT('',(0.00349772228646444,0.0666191055573008,0.211421334160489));
#4151=CARTESIAN_POINT('',(0.00358105561979777,0.0664025992063547,0.211796334160489));
#4152=CARTESIAN_POINT('',(0.0036643889531311,0.0661860928554086,0.212171334160489));
#4153=CARTESIAN_POINT('',(0.00374772228646443,0.0657530801535164,0.212171334160489));
#4154=CARTESIAN_POINT('',(0.00383105561979777,0.0653200674516242,0.212171334160489));
#4155=CARTESIAN_POINT('',(0.0039143889531311,0.0651035611006781,0.211796334160489));
#4156=CARTESIAN_POINT('',(0.00399772228646444,0.0648870547497319,0.211421334160489));
#4157=CARTESIAN_POINT('',(0.00408105561979777,0.0651035611006781,0.211046334160489));
#4158=CARTESIAN_POINT('',(0.0041643889531311,0.0653200674516242,0.210671334160489));
#4159=CARTESIAN_POINT('',(0.00424772228646444,0.0657530801535164,0.210671334160489));
#4160=CARTESIAN_POINT('',(0.00433105561979777,0.0661860928554086,0.210671334160489));
#4161=CARTESIAN_POINT('',(0.0044143889531311,0.0664025992063547,0.211046334160489));
#4162=CARTESIAN_POINT('',(0.00449772228646443,0.0666191055573008,0.211421334160489));
#4163=CARTESIAN_POINT('',(0.00458105561979777,0.0664025992063547,0.211796334160489));
#4164=CARTESIAN_POINT('',(0.0046643889531311,0.0661860928554086,0.212171334160489));
#4165=CARTESIAN_POINT('',(0.00474772228646444,0.0657530801535164,0.212171334160489));
#4166=CARTESIAN_POINT('',(0.00483105561979777,0.0653200674516242,0.212171334160489));
#4167=CARTESIAN_POINT('',(0.0049143889531311,0.0651035611006781,0.211796334160489));
#4168=CARTESIAN_POINT('',(0.00499772228646443,0.0648870547497319,0.211421334160489));
#4169=CARTESIAN_POINT('',(0.00508105561979777,0.0651035611006781,0.211046334160489));
#4170=CARTESIAN_POINT('',(0.0051643889531311,0.0653200674516242,0.210671334160489));
#4171=CARTESIAN_POINT('',(0.00524772228646444,0.0657530801535164,0.210671334160489));
#4172=CARTESIAN_POINT('',(0.00533105561979776,0.0661860928554086,0.210671334160489));
#4173=CARTESIAN_POINT('',(0.0054143889531311,0.0664025992063547,0.211046334160489));
#4174=CARTESIAN_POINT('',(0.00549772228646443,0.0666191055573008,0.211421334160489));
#4175=CARTESIAN_POINT('',(0.00558105561979777,0.0664025992063547,0.211796334160489));
#4176=CARTESIAN_POINT('',(0.0056643889531311,0.0661860928554086,0.212171334160489));
#4177=CARTESIAN_POINT('',(0.00574772228646444,0.0657530801535164,0.212171334160489));
#4178=CARTESIAN_POINT('',(0.00583105561979776,0.0653200674516242,0.212171334160489));
#4179=CARTESIAN_POINT('',(0.0059143889531311,0.0651035611006781,0.211796334160489));
#4180=CARTESIAN_POINT('',(0.00599772228646443,0.0648870547497319,0.211421334160489));
#4181=CARTESIAN_POINT('',(0.00608105561979777,0.0651035611006781,0.211046334160489));
#4182=CARTESIAN_POINT('',(0.00616438895313111,0.0653200674516242,0.210671334160489));
#4183=CARTESIAN_POINT('',(0.00624772228646444,0.0657530801535164,0.210671334160489));
#4184=CARTESIAN_POINT('',(0.00633105561979776,0.0661860928554086,0.210671334160489));
#4185=CARTESIAN_POINT('',(0.0064143889531311,0.0664025992063547,0.211046334160489));
#4186=CARTESIAN_POINT('',(0.00649772228646443,0.0666191055573008,0.211421334160489));
#4187=CARTESIAN_POINT('',(0.00658105561979777,0.0664025992063547,0.211796334160489));
#4188=CARTESIAN_POINT('',(0.00666438895313111,0.0661860928554086,0.212171334160489));
#4189=CARTESIAN_POINT('',(0.00674772228646444,0.0657530801535164,0.212171334160489));
#4190=CARTESIAN_POINT('',(0.00683105561979776,0.0653200674516242,0.212171334160489));
#4191=CARTESIAN_POINT('',(0.0069143889531311,0.0651035611006781,0.211796334160489));
#4192=CARTESIAN_POINT('',(0.00699772228646444,0.0648870547497319,0.211421334160489));
#4193=CARTESIAN_POINT('',(0.00708105561979777,0.0651035611006781,0.211046334160489));
#4194=CARTESIAN_POINT('',(0.00716438895313111,0.0653200674516242,0.210671334160489));
#4195=CARTESIAN_POINT('',(0.00724772228646444,0.0657530801535164,0.210671334160489));
#4196=CARTESIAN_POINT('',(0.00733105561979776,0.0661860928554086,0.210671334160489));
#4197=CARTESIAN_POINT('',(0.0074143889531311,0.0664025992063547,0.211046334160489));
#4198=CARTESIAN_POINT('',(0.00749772228646444,0.0666191055573008,0.211421334160489));
#4199=CARTESIAN_POINT('',(0.00758105561979777,0.0664025992063547,0.211796334160489));
#4200=CARTESIAN_POINT('',(0.0076643889531311,0.0661860928554086,0.212171334160489));
#4201=CARTESIAN_POINT('',(0.00774772228646444,0.0657530801535164,0.212171334160489));
#4202=CARTESIAN_POINT('',(0.00783105561979777,0.0653200674516242,0.212171334160489));
#4203=CARTESIAN_POINT('',(0.0079143889531311,0.0651035611006781,0.211796334160489));
#4204=CARTESIAN_POINT('',(0.00799772228646444,0.0648870547497319,0.211421334160489));
#4205=CARTESIAN_POINT('',(0.00808105561979777,0.0651035611006781,0.211046334160489));
#4206=CARTESIAN_POINT('',(0.0081643889531311,0.0653200674516242,0.210671334160489));
#4207=CARTESIAN_POINT('',(0.00824772228646444,0.0657530801535164,0.210671334160489));
#4208=CARTESIAN_POINT('',(0.00833105561979777,0.0661860928554086,0.210671334160489));
#4209=CARTESIAN_POINT('',(0.0084143889531311,0.0664025992063547,0.211046334160489));
#4210=CARTESIAN_POINT('',(0.00849772228646444,0.0666191055573008,0.211421334160489));
#4211=CARTESIAN_POINT('',(0.00858105561979777,0.0664025992063547,0.211796334160489));
#4212=CARTESIAN_POINT('',(0.0086643889531311,0.0661860928554086,0.212171334160489));
#4213=CARTESIAN_POINT('',(0.00874772228646444,0.0657530801535164,0.212171334160489));
#4214=CARTESIAN_POINT('',(0.00199164929399625,0.0650035782156001,0.211448662626596));
#4215=CARTESIAN_POINT('',(0.00203954722754625,0.0649957191341979,0.211233121925621));
#4216=CARTESIAN_POINT('',(0.00208105561979777,0.0651035611006781,0.211046334160489));
#4217=CARTESIAN_POINT('',(0.0021643889531311,0.0653200674516242,0.210671334160489));
#4218=CARTESIAN_POINT('',(0.00224772228646443,0.0657530801535164,0.210671334160489));
#4219=CARTESIAN_POINT('',(0.00233105561979777,0.0661860928554086,0.210671334160489));
#4220=CARTESIAN_POINT('',(0.0024143889531311,0.0664025992063547,0.211046334160489));
#4221=CARTESIAN_POINT('',(0.00249772228646444,0.0666191055573008,0.211421334160489));
#4222=CARTESIAN_POINT('',(0.00258105561979777,0.0664025992063547,0.211796334160489));
#4223=CARTESIAN_POINT('',(0.0026643889531311,0.0661860928554086,0.212171334160489));
#4224=CARTESIAN_POINT('',(0.00274772228646443,0.0657530801535164,0.212171334160489));
#4225=CARTESIAN_POINT('',(0.00283105561979777,0.0653200674516242,0.212171334160489));
#4226=CARTESIAN_POINT('',(0.0029143889531311,0.0651035611006781,0.211796334160489));
#4227=CARTESIAN_POINT('',(0.00292937784582417,0.0650646188151377,0.21172888414337));
#4228=CARTESIAN_POINT('',(0.00294582506634726,0.065040366858763,0.211654871651016));
#4229=CARTESIAN_POINT('',(0.00167914929399625,0.0644626717859462,0.211468385248089));
#4230=CARTESIAN_POINT('',(0.00172704722754624,0.0644491409011147,0.211097291445632));
#4231=CARTESIAN_POINT('',(0.00176855561979776,0.0646348111027264,0.210775701222989));
#4232=CARTESIAN_POINT('',(0.0018518889531311,0.0650075674529898,0.210130068285489));
#4233=CARTESIAN_POINT('',(0.00193522228646443,0.0657530801535164,0.210130068285489));
#4234=CARTESIAN_POINT('',(0.00201855561979777,0.066498592854043,0.210130068285489));
#4235=CARTESIAN_POINT('',(0.0021018889531311,0.0668713492043063,0.210775701222989));
#4236=CARTESIAN_POINT('',(0.00218522228646443,0.0672441055545696,0.211421334160489));
#4237=CARTESIAN_POINT('',(0.00226855561979776,0.0668713492043063,0.212066967097989));
#4238=CARTESIAN_POINT('',(0.0023518889531311,0.066498592854043,0.212712600035489));
#4239=CARTESIAN_POINT('',(0.00243522228646443,0.0657530801535164,0.212712600035489));
#4240=CARTESIAN_POINT('',(0.00251855561979776,0.0650075674529898,0.212712600035489));
#4241=CARTESIAN_POINT('',(0.0026018889531311,0.0646348111027264,0.212066967097989));
#4242=CARTESIAN_POINT('',(0.00261687784582417,0.0645677646435093,0.211950839224157));
#4243=CARTESIAN_POINT('',(0.00263332506634726,0.0645260103452845,0.211823412816557));
#4244=CARTESIAN_POINT('',(0.00262774586144153,0.064541027416006,0.211866638237984));
#4245=CARTESIAN_POINT('',(0.00262774586144153,0.0647263507614401,0.212162936054832));
#4246=CARTESIAN_POINT('',(0.00262774586144158,0.0653522899543845,0.212593215300723));
#4247=CARTESIAN_POINT('',(0.00262774586144151,0.066103517546211,0.212286778431327));
#4248=CARTESIAN_POINT('',(0.00262774586144151,0.066261706881368,0.211972513670009));
#4249=CARTESIAN_POINT('',(0.0150627340739529,0.0654,0.204653073774879));
#4250=CARTESIAN_POINT('',(0.00262774586144155,0.0654,0.204653073774879));
#4251=CARTESIAN_POINT('',(0.00262774586144155,0.0624,0.204653073774879));
#4252=CARTESIAN_POINT('',(0.00199772228646443,0.0657530801535773,0.188421334160489));
#4253=CARTESIAN_POINT('',(-2.27771353556562E-6,0.0657530801535773,0.189171334160489));
#4254=CARTESIAN_POINT('',(8.10556197977677E-5,0.0653200674516851,0.189171334160489));
#4255=CARTESIAN_POINT('',(0.000164388953131101,0.065103561100739,0.188796334160489));
#4256=CARTESIAN_POINT('',(0.000247722286464434,0.0648870547497929,0.188421334160489));
#4257=CARTESIAN_POINT('',(0.000331055619797767,0.065103561100739,0.188046334160489));
#4258=CARTESIAN_POINT('',(0.000414388953131101,0.0653200674516851,0.187671334160489));
#4259=CARTESIAN_POINT('',(0.000497722286464434,0.0657530801535773,0.187671334160489));
#4260=CARTESIAN_POINT('',(0.000581055619797767,0.0661860928554696,0.187671334160489));
#4261=CARTESIAN_POINT('',(0.000664388953131101,0.0664025992064156,0.188046334160489));
#4262=CARTESIAN_POINT('',(0.000747722286464435,0.0666191055573618,0.188421334160489));
#4263=CARTESIAN_POINT('',(0.000831055619797768,0.0664025992064156,0.188796334160489));
#4264=CARTESIAN_POINT('',(0.000914388953131101,0.0661860928554696,0.189171334160489));
#4265=CARTESIAN_POINT('',(0.000997722286464434,0.0657530801535773,0.189171334160489));
#4266=CARTESIAN_POINT('',(0.00108105561979777,0.0653200674516851,0.189171334160489));
#4267=CARTESIAN_POINT('',(0.0011643889531311,0.065103561100739,0.188796334160489));
#4268=CARTESIAN_POINT('',(0.00124772228646443,0.0648870547497929,0.188421334160489));
#4269=CARTESIAN_POINT('',(0.00133105561979777,0.065103561100739,0.188046334160489));
#4270=CARTESIAN_POINT('',(0.0014143889531311,0.0653200674516851,0.187671334160489));
#4271=CARTESIAN_POINT('',(0.00149772228646443,0.0657530801535773,0.187671334160489));
#4272=CARTESIAN_POINT('',(0.00158105561979777,0.0661860928554696,0.187671334160489));
#4273=CARTESIAN_POINT('',(0.0016643889531311,0.0664025992064156,0.188046334160489));
#4274=CARTESIAN_POINT('',(0.00174772228646443,0.0666191055573618,0.188421334160489));
#4275=CARTESIAN_POINT('',(0.00183105561979777,0.0664025992064156,0.188796334160489));
#4276=CARTESIAN_POINT('',(0.0019143889531311,0.0661860928554696,0.189171334160489));
#4277=CARTESIAN_POINT('',(0.00199772228646444,0.0657530801535773,0.189171334160489));
#4278=CARTESIAN_POINT('',(0.00208105561979776,0.0653200674516851,0.189171334160489));
#4279=CARTESIAN_POINT('',(0.0021643889531311,0.065103561100739,0.188796334160489));
#4280=CARTESIAN_POINT('',(0.00224772228646444,0.0648870547497929,0.188421334160489));
#4281=CARTESIAN_POINT('',(0.00233105561979777,0.065103561100739,0.188046334160489));
#4282=CARTESIAN_POINT('',(0.0024143889531311,0.0653200674516851,0.187671334160489));
#4283=CARTESIAN_POINT('',(0.00249772228646444,0.0657530801535773,0.187671334160489));
#4284=CARTESIAN_POINT('',(0.00258105561979777,0.0661860928554696,0.187671334160489));
#4285=CARTESIAN_POINT('',(0.0026643889531311,0.0664025992064156,0.188046334160489));
#4286=CARTESIAN_POINT('',(0.00274772228646444,0.0666191055573618,0.188421334160489));
#4287=CARTESIAN_POINT('',(0.00283105561979777,0.0664025992064156,0.188796334160489));
#4288=CARTESIAN_POINT('',(0.0029143889531311,0.0661860928554696,0.189171334160489));
#4289=CARTESIAN_POINT('',(0.00299772228646444,0.0657530801535773,0.189171334160489));
#4290=CARTESIAN_POINT('',(0.00308105561979777,0.0653200674516851,0.189171334160489));
#4291=CARTESIAN_POINT('',(0.0031643889531311,0.065103561100739,0.188796334160489));
#4292=CARTESIAN_POINT('',(0.00324772228646444,0.0648870547497929,0.188421334160489));
#4293=CARTESIAN_POINT('',(0.00333105561979777,0.065103561100739,0.188046334160489));
#4294=CARTESIAN_POINT('',(0.0034143889531311,0.0653200674516851,0.187671334160489));
#4295=CARTESIAN_POINT('',(0.00349772228646444,0.0657530801535773,0.187671334160489));
#4296=CARTESIAN_POINT('',(0.00358105561979777,0.0661860928554696,0.187671334160489));
#4297=CARTESIAN_POINT('',(0.0036643889531311,0.0664025992064156,0.188046334160489));
#4298=CARTESIAN_POINT('',(0.00374772228646443,0.0666191055573618,0.188421334160489));
#4299=CARTESIAN_POINT('',(0.00383105561979777,0.0664025992064156,0.188796334160489));
#4300=CARTESIAN_POINT('',(0.0039143889531311,0.0661860928554696,0.189171334160489));
#4301=CARTESIAN_POINT('',(0.00399772228646444,0.0657530801535773,0.189171334160489));
#4302=CARTESIAN_POINT('',(0.00408105561979777,0.0653200674516851,0.189171334160489));
#4303=CARTESIAN_POINT('',(0.0041643889531311,0.065103561100739,0.188796334160489));
#4304=CARTESIAN_POINT('',(0.00424772228646443,0.0648870547497929,0.188421334160489));
#4305=CARTESIAN_POINT('',(0.00433105561979777,0.065103561100739,0.188046334160489));
#4306=CARTESIAN_POINT('',(0.0044143889531311,0.0653200674516851,0.187671334160489));
#4307=CARTESIAN_POINT('',(0.00449772228646443,0.0657530801535773,0.187671334160489));
#4308=CARTESIAN_POINT('',(0.00458105561979777,0.0661860928554696,0.187671334160489));
#4309=CARTESIAN_POINT('',(0.0046643889531311,0.0664025992064156,0.188046334160489));
#4310=CARTESIAN_POINT('',(0.00474772228646443,0.0666191055573618,0.188421334160489));
#4311=CARTESIAN_POINT('',(0.00483105561979777,0.0664025992064156,0.188796334160489));
#4312=CARTESIAN_POINT('',(0.0049143889531311,0.0661860928554696,0.189171334160489));
#4313=CARTESIAN_POINT('',(0.00499772228646443,0.0657530801535773,0.189171334160489));
#4314=CARTESIAN_POINT('',(0.00508105561979777,0.0653200674516851,0.189171334160489));
#4315=CARTESIAN_POINT('',(0.0051643889531311,0.065103561100739,0.188796334160489));
#4316=CARTESIAN_POINT('',(0.00524772228646443,0.0648870547497929,0.188421334160489));
#4317=CARTESIAN_POINT('',(0.00533105561979777,0.065103561100739,0.188046334160489));
#4318=CARTESIAN_POINT('',(0.0054143889531311,0.0653200674516851,0.187671334160489));
#4319=CARTESIAN_POINT('',(0.00549772228646443,0.0657530801535773,0.187671334160489));
#4320=CARTESIAN_POINT('',(0.00558105561979776,0.0661860928554696,0.187671334160489));
#4321=CARTESIAN_POINT('',(0.0056643889531311,0.0664025992064156,0.188046334160489));
#4322=CARTESIAN_POINT('',(0.00574772228646443,0.0666191055573618,0.188421334160489));
#4323=CARTESIAN_POINT('',(0.00583105561979777,0.0664025992064156,0.188796334160489));
#4324=CARTESIAN_POINT('',(0.0059143889531311,0.0661860928554696,0.189171334160489));
#4325=CARTESIAN_POINT('',(0.00599772228646443,0.0657530801535773,0.189171334160489));
#4326=CARTESIAN_POINT('',(0.00608105561979776,0.0653200674516851,0.189171334160489));
#4327=CARTESIAN_POINT('',(0.0061643889531311,0.065103561100739,0.188796334160489));
#4328=CARTESIAN_POINT('',(0.00624772228646443,0.0648870547497929,0.188421334160489));
#4329=CARTESIAN_POINT('',(0.00633105561979777,0.065103561100739,0.188046334160489));
#4330=CARTESIAN_POINT('',(0.00641438895313111,0.0653200674516851,0.187671334160489));
#4331=CARTESIAN_POINT('',(0.00649772228646443,0.0657530801535773,0.187671334160489));
#4332=CARTESIAN_POINT('',(0.00658105561979776,0.0661860928554696,0.187671334160489));
#4333=CARTESIAN_POINT('',(0.0066643889531311,0.0664025992064156,0.188046334160489));
#4334=CARTESIAN_POINT('',(0.00674772228646444,0.0666191055573618,0.188421334160489));
#4335=CARTESIAN_POINT('',(0.00683105561979777,0.0664025992064156,0.188796334160489));
#4336=CARTESIAN_POINT('',(0.00691438895313109,0.0661860928554696,0.189171334160489));
#4337=CARTESIAN_POINT('',(0.00699772228646443,0.0657530801535773,0.189171334160489));
#4338=CARTESIAN_POINT('',(0.00708105561979777,0.0653200674516851,0.189171334160489));
#4339=CARTESIAN_POINT('',(0.0071643889531311,0.065103561100739,0.188796334160489));
#4340=CARTESIAN_POINT('',(0.00724772228646444,0.0648870547497929,0.188421334160489));
#4341=CARTESIAN_POINT('',(0.00733105561979777,0.065103561100739,0.188046334160489));
#4342=CARTESIAN_POINT('',(0.00741438895313109,0.0653200674516851,0.187671334160489));
#4343=CARTESIAN_POINT('',(0.00749772228646443,0.0657530801535773,0.187671334160489));
#4344=CARTESIAN_POINT('',(0.00758105561979777,0.0661860928554696,0.187671334160489));
#4345=CARTESIAN_POINT('',(0.0076643889531311,0.0664025992064156,0.188046334160489));
#4346=CARTESIAN_POINT('',(0.00774772228646444,0.0666191055573618,0.188421334160489));
#4347=CARTESIAN_POINT('',(0.00783105561979777,0.0664025992064156,0.188796334160489));
#4348=CARTESIAN_POINT('',(0.00791438895313109,0.0661860928554696,0.189171334160489));
#4349=CARTESIAN_POINT('',(0.00799772228646443,0.0657530801535773,0.189171334160489));
#4350=CARTESIAN_POINT('',(0.00207548475303418,0.0654,0.189083024726501));
#4351=CARTESIAN_POINT('',(0.00241995981989469,0.0654,0.187759643594476));
#4352=CARTESIAN_POINT('',(0.00199772228646443,0.0654,0.187759643594476));
#4353=CARTESIAN_POINT('',(0.00216995981989489,0.0654000000000009,0.187759643594476));
#4354=CARTESIAN_POINT('',(0.00074772228646442,0.0657530801535773,0.189171334160489));
#4355=CARTESIAN_POINT('',(0.000831055619797753,0.0653200674516851,0.189171334160489));
#4356=CARTESIAN_POINT('',(0.000914388953131087,0.065103561100739,0.188796334160489));
#4357=CARTESIAN_POINT('',(0.00099772228646442,0.0648870547497929,0.188421334160489));
#4358=CARTESIAN_POINT('',(0.00108105561979775,0.065103561100739,0.188046334160489));
#4359=CARTESIAN_POINT('',(0.00116438895313109,0.0653200674516851,0.187671334160489));
#4360=CARTESIAN_POINT('',(0.00124772228646442,0.0657530801535773,0.187671334160489));
#4361=CARTESIAN_POINT('',(0.00133105561979775,0.0661860928554696,0.187671334160489));
#4362=CARTESIAN_POINT('',(0.00141438895313109,0.0664025992064156,0.188046334160489));
#4363=CARTESIAN_POINT('',(0.00149772228646442,0.0666191055573618,0.188421334160489));
#4364=CARTESIAN_POINT('',(0.00158105561979776,0.0664025992064156,0.188796334160489));
#4365=CARTESIAN_POINT('',(0.00166438895313109,0.0661860928554696,0.189171334160489));
#4366=CARTESIAN_POINT('',(0.00174772228646442,0.0657530801535773,0.189171334160489));
#4367=CARTESIAN_POINT('',(0.00183105561979775,0.0653200674516851,0.189171334160489));
#4368=CARTESIAN_POINT('',(0.00191438895313109,0.065103561100739,0.188796334160489));
#4369=CARTESIAN_POINT('',(0.00199772228646442,0.0648870547497929,0.188421334160489));
#4370=CARTESIAN_POINT('',(0.00208105561979776,0.065103561100739,0.188046334160489));
#4371=CARTESIAN_POINT('',(0.00216438895313109,0.0653200674516851,0.187671334160489));
#4372=CARTESIAN_POINT('',(0.00224772228646442,0.0657530801535773,0.187671334160489));
#4373=CARTESIAN_POINT('',(0.00233105561979775,0.0661860928554696,0.187671334160489));
#4374=CARTESIAN_POINT('',(0.00241438895313108,0.0664025992064156,0.188046334160489));
#4375=CARTESIAN_POINT('',(0.00249772228646442,0.0666191055573618,0.188421334160489));
#4376=CARTESIAN_POINT('',(0.00258105561979775,0.0664025992064156,0.188796334160489));
#4377=CARTESIAN_POINT('',(0.00266438895313108,0.0661860928554696,0.189171334160489));
#4378=CARTESIAN_POINT('',(0.00274772228646442,0.0657530801535773,0.189171334160489));
#4379=CARTESIAN_POINT('',(0.00283105561979775,0.0653200674516851,0.189171334160489));
#4380=CARTESIAN_POINT('',(0.00291438895313108,0.065103561100739,0.188796334160489));
#4381=CARTESIAN_POINT('',(0.00299772228646442,0.0648870547497929,0.188421334160489));
#4382=CARTESIAN_POINT('',(0.00308105561979775,0.065103561100739,0.188046334160489));
#4383=CARTESIAN_POINT('',(0.00316438895313108,0.0653200674516851,0.187671334160489));
#4384=CARTESIAN_POINT('',(0.00324772228646442,0.0657530801535773,0.187671334160489));
#4385=CARTESIAN_POINT('',(0.00333105561979776,0.0661860928554696,0.187671334160489));
#4386=CARTESIAN_POINT('',(0.00341438895313108,0.0664025992064156,0.188046334160489));
#4387=CARTESIAN_POINT('',(0.00349772228646442,0.0666191055573618,0.188421334160489));
#4388=CARTESIAN_POINT('',(0.00358105561979775,0.0664025992064156,0.188796334160489));
#4389=CARTESIAN_POINT('',(0.00366438895313108,0.0661860928554696,0.189171334160489));
#4390=CARTESIAN_POINT('',(0.00374772228646442,0.0657530801535773,0.189171334160489));
#4391=CARTESIAN_POINT('',(0.00383105561979776,0.0653200674516851,0.189171334160489));
#4392=CARTESIAN_POINT('',(0.00391438895313108,0.065103561100739,0.188796334160489));
#4393=CARTESIAN_POINT('',(0.00399772228646442,0.0648870547497929,0.188421334160489));
#4394=CARTESIAN_POINT('',(0.00408105561979775,0.065103561100739,0.188046334160489));
#4395=CARTESIAN_POINT('',(0.00416438895313109,0.0653200674516851,0.187671334160489));
#4396=CARTESIAN_POINT('',(0.00424772228646442,0.0657530801535773,0.187671334160489));
#4397=CARTESIAN_POINT('',(0.00433105561979775,0.0661860928554696,0.187671334160489));
#4398=CARTESIAN_POINT('',(0.00441438895313108,0.0664025992064156,0.188046334160489));
#4399=CARTESIAN_POINT('',(0.00449772228646442,0.0666191055573618,0.188421334160489));
#4400=CARTESIAN_POINT('',(0.00458105561979775,0.0664025992064156,0.188796334160489));
#4401=CARTESIAN_POINT('',(0.00466438895313109,0.0661860928554696,0.189171334160489));
#4402=CARTESIAN_POINT('',(0.00474772228646442,0.0657530801535773,0.189171334160489));
#4403=CARTESIAN_POINT('',(0.00483105561979775,0.0653200674516851,0.189171334160489));
#4404=CARTESIAN_POINT('',(0.00491438895313109,0.065103561100739,0.188796334160489));
#4405=CARTESIAN_POINT('',(0.00499772228646442,0.0648870547497929,0.188421334160489));
#4406=CARTESIAN_POINT('',(0.00508105561979775,0.065103561100739,0.188046334160489));
#4407=CARTESIAN_POINT('',(0.00516438895313109,0.0653200674516851,0.187671334160489));
#4408=CARTESIAN_POINT('',(0.00524772228646442,0.0657530801535773,0.187671334160489));
#4409=CARTESIAN_POINT('',(0.00533105561979775,0.0661860928554696,0.187671334160489));
#4410=CARTESIAN_POINT('',(0.00541438895313109,0.0664025992064156,0.188046334160489));
#4411=CARTESIAN_POINT('',(0.00549772228646442,0.0666191055573618,0.188421334160489));
#4412=CARTESIAN_POINT('',(0.00558105561979775,0.0664025992064156,0.188796334160489));
#4413=CARTESIAN_POINT('',(0.00566438895313108,0.0661860928554696,0.189171334160489));
#4414=CARTESIAN_POINT('',(0.00574772228646442,0.0657530801535773,0.189171334160489));
#4415=CARTESIAN_POINT('',(0.00583105561979775,0.0653200674516851,0.189171334160489));
#4416=CARTESIAN_POINT('',(0.00591438895313109,0.065103561100739,0.188796334160489));
#4417=CARTESIAN_POINT('',(0.00599772228646442,0.0648870547497929,0.188421334160489));
#4418=CARTESIAN_POINT('',(0.00608105561979775,0.065103561100739,0.188046334160489));
#4419=CARTESIAN_POINT('',(0.00616438895313108,0.0653200674516851,0.187671334160489));
#4420=CARTESIAN_POINT('',(0.00624772228646442,0.0657530801535773,0.187671334160489));
#4421=CARTESIAN_POINT('',(0.00633105561979775,0.0661860928554696,0.187671334160489));
#4422=CARTESIAN_POINT('',(0.00641438895313109,0.0664025992064156,0.188046334160489));
#4423=CARTESIAN_POINT('',(0.00649772228646442,0.0666191055573618,0.188421334160489));
#4424=CARTESIAN_POINT('',(0.00658105561979775,0.0664025992064156,0.188796334160489));
#4425=CARTESIAN_POINT('',(0.00666438895313108,0.0661860928554696,0.189171334160489));
#4426=CARTESIAN_POINT('',(0.00674772228646442,0.0657530801535773,0.189171334160489));
#4427=CARTESIAN_POINT('',(0.00683105561979775,0.0653200674516851,0.189171334160489));
#4428=CARTESIAN_POINT('',(0.00691438895313109,0.065103561100739,0.188796334160489));
#4429=CARTESIAN_POINT('',(0.00699772228646442,0.0648870547497929,0.188421334160489));
#4430=CARTESIAN_POINT('',(0.00708105561979775,0.065103561100739,0.188046334160489));
#4431=CARTESIAN_POINT('',(0.00716438895313108,0.0653200674516851,0.187671334160489));
#4432=CARTESIAN_POINT('',(0.00724772228646442,0.0657530801535773,0.187671334160489));
#4433=CARTESIAN_POINT('',(0.00733105561979775,0.0661860928554696,0.187671334160489));
#4434=CARTESIAN_POINT('',(0.00741438895313109,0.0664025992064156,0.188046334160489));
#4435=CARTESIAN_POINT('',(0.00749772228646441,0.0666191055573618,0.188421334160489));
#4436=CARTESIAN_POINT('',(0.00758105561979775,0.0664025992064156,0.188796334160489));
#4437=CARTESIAN_POINT('',(0.00766438895313108,0.0661860928554696,0.189171334160489));
#4438=CARTESIAN_POINT('',(0.00774772228646442,0.0657530801535773,0.189171334160489));
#4439=CARTESIAN_POINT('',(0.00783105561979775,0.0653200674516851,0.189171334160489));
#4440=CARTESIAN_POINT('',(0.00791438895313109,0.065103561100739,0.188796334160489));
#4441=CARTESIAN_POINT('',(0.00799772228646441,0.0648870547497929,0.188421334160489));
#4442=CARTESIAN_POINT('',(0.00808105561979775,0.065103561100739,0.188046334160489));
#4443=CARTESIAN_POINT('',(0.00816438895313108,0.0653200674516851,0.187671334160489));
#4444=CARTESIAN_POINT('',(0.00824772228646442,0.0657530801535773,0.187671334160489));
#4445=CARTESIAN_POINT('',(0.00833105561979776,0.0661860928554696,0.187671334160489));
#4446=CARTESIAN_POINT('',(0.00841438895313109,0.0664025992064156,0.188046334160489));
#4447=CARTESIAN_POINT('',(0.00849772228646441,0.0666191055573618,0.188421334160489));
#4448=CARTESIAN_POINT('',(0.00858105561979775,0.0664025992064156,0.188796334160489));
#4449=CARTESIAN_POINT('',(0.00866438895313108,0.0661860928554696,0.189171334160489));
#4450=CARTESIAN_POINT('',(0.00874772228646442,0.0657530801535773,0.189171334160489));
#4451=CARTESIAN_POINT('',(0.00199772228646443,0.0650030801535773,0.188421334160489));
#4452=CARTESIAN_POINT('',(0.00199772228646443,0.0657530801535773,0.188421334160489));
#4453=CARTESIAN_POINT('',(0.00199772228646443,0.0654,0.189083024726501));
#4454=CARTESIAN_POINT('',(0.00199772228646443,0.0654,0.189083024726501));
#4455=CARTESIAN_POINT('',(0.00199772228646443,0.0367530801535467,0.199921334160412));
#4456=CARTESIAN_POINT('',(0.00199772228646442,0.0662538655938,0.187231131865582));
#4457=CARTESIAN_POINT('',(0.00199772228646442,0.0659098232073494,0.187168527228656));
#4458=CARTESIAN_POINT('',(0.00199772228646443,0.0651667846883504,0.187324582594491));
#4459=CARTESIAN_POINT('',(0.00199772228646443,0.0648765882209848,0.188092698478056));
#4460=CARTESIAN_POINT('',(0.00199772228646443,0.0650030801535773,0.188421334160489));
#4461=CARTESIAN_POINT('',(0.00199772228646443,0.0662538655938,0.187231131865583));
#4462=CARTESIAN_POINT('',(0.00199772228646443,0.0662538655938,0.187231131865582));
#4463=CARTESIAN_POINT('',(0.00199772228646443,0.0665944812878096,0.187310581314007));
#4464=CARTESIAN_POINT('',(0.00199772228646541,0.0668731453109013,0.187602645601249));
#4465=CARTESIAN_POINT('',(0.00199772228646541,0.0669501156571548,0.187937109457364));
#4466=CARTESIAN_POINT('',(0.00199772228646443,0.066950115657154,0.187937109457363));
#4467=CARTESIAN_POINT('',(0.00199772228646429,0.0669501156571536,0.187937109457363));
#4468=CARTESIAN_POINT('',(0.00199772228646429,0.0670123042091196,0.188278776243547));
#4469=CARTESIAN_POINT('',(0.00199772228646433,0.0668704939964946,0.188825620551944));
#4470=CARTESIAN_POINT('',(0.0019977222864646,0.0662786825952904,0.189232646608565));
#4471=CARTESIAN_POINT('',(0.00199772228646447,0.0659171263074017,0.189226016211525));
#4472=CARTESIAN_POINT('',(0.00199772228646447,0.0657530801535772,0.189171334160489));
#4473=CARTESIAN_POINT('',(0.00199772228646444,0.0657530801535773,0.189171334160489));
#4474=CARTESIAN_POINT('',(0.00199772228646443,0.0657530801535773,0.188421334160489));
#4475=CARTESIAN_POINT('',(0.00199772228646443,0.0654,0.187759643594476));
#4476=CARTESIAN_POINT('',(0.00199772228646443,0.0654,0.204653073774879));
#4477=CARTESIAN_POINT('',(0.0019929570725019,0.0662192959306416,0.187217170380451));
#4478=CARTESIAN_POINT('',(0.00205100996605887,0.0666437636180536,0.187381511424423));
#4479=CARTESIAN_POINT('',(0.00210188895313109,0.0668713492043673,0.187775701222989));
#4480=CARTESIAN_POINT('',(0.00218522228646443,0.0672441055546306,0.188421334160489));
#4481=CARTESIAN_POINT('',(0.00226855561979776,0.0668713492043673,0.189066967097989));
#4482=CARTESIAN_POINT('',(0.00235188895313109,0.066498592854104,0.189712600035489));
#4483=CARTESIAN_POINT('',(0.00243522228646443,0.0657530801535773,0.189712600035489));
#4484=CARTESIAN_POINT('',(0.00251855561979776,0.0650075674530507,0.189712600035489));
#4485=CARTESIAN_POINT('',(0.0026018889531311,0.0646348111027874,0.189066967097989));
#4486=CARTESIAN_POINT('',(0.00267780680673522,0.0642952247584358,0.188478786296015));
#4487=CARTESIAN_POINT('',(0.00275693851936796,0.0645874709987844,0.187865705815098));
#4488=CARTESIAN_POINT('',(0.00195886616341099,0.0662357074432824,0.187174781962748));
#4489=CARTESIAN_POINT('',(0.00201691905696796,0.0666751170463487,0.187344908064312));
#4490=CARTESIAN_POINT('',(0.00206779804404018,0.0669107139954483,0.187752973950261));
#4491=CARTESIAN_POINT('',(0.00215113137737352,0.0672965919427387,0.188421334160489));
#4492=CARTESIAN_POINT('',(0.00223446471070685,0.0669107139954483,0.189089694370716));
#4493=CARTESIAN_POINT('',(0.00231779804404018,0.066524836048158,0.189758054580943));
#4494=CARTESIAN_POINT('',(0.00240113137737352,0.0657530801535772,0.189758054580943));
#4495=CARTESIAN_POINT('',(0.00248446471070685,0.0649813242589967,0.189758054580943));
#4496=CARTESIAN_POINT('',(0.00256779804404019,0.0645954463117062,0.189089694370716));
#4497=CARTESIAN_POINT('',(0.00264371589764431,0.0642439060055689,0.188480808699578));
#4498=CARTESIAN_POINT('',(0.00272284761027706,0.064546439763208,0.187846146842487));
#4499=CARTESIAN_POINT('',(0.00190204798159281,0.0662357074432824,0.187174781962748));
#4500=CARTESIAN_POINT('',(0.00196010087514978,0.0666751170463487,0.187344908064312));
#4501=CARTESIAN_POINT('',(0.00201097986222201,0.0669107139954483,0.187752973950261));
#4502=CARTESIAN_POINT('',(0.00209431319555534,0.0672965919427387,0.188421334160489));
#4503=CARTESIAN_POINT('',(0.00217764652888868,0.0669107139954483,0.189089694370716));
#4504=CARTESIAN_POINT('',(0.00226097986222201,0.066524836048158,0.189758054580943));
#4505=CARTESIAN_POINT('',(0.00234431319555534,0.0657530801535772,0.189758054580943));
#4506=CARTESIAN_POINT('',(0.00242764652888868,0.0649813242589967,0.189758054580943));
#4507=CARTESIAN_POINT('',(0.00251097986222201,0.0645954463117062,0.189089694370716));
#4508=CARTESIAN_POINT('',(0.00258689771582614,0.0642439060055689,0.188480808699578));
#4509=CARTESIAN_POINT('',(0.00266602942845888,0.064546439763208,0.187846146842487));
#4510=CARTESIAN_POINT('',(0.0018679570725019,0.0662192959306416,0.187217170380451));
#4511=CARTESIAN_POINT('',(0.00192600996605887,0.0666437636180536,0.187381511424423));
#4512=CARTESIAN_POINT('',(0.0019768889531311,0.0668713492043673,0.187775701222989));
#4513=CARTESIAN_POINT('',(0.00206022228646443,0.0672441055546306,0.188421334160489));
#4514=CARTESIAN_POINT('',(0.00214355561979776,0.0668713492043673,0.189066967097989));
#4515=CARTESIAN_POINT('',(0.0022268889531311,0.066498592854104,0.189712600035489));
#4516=CARTESIAN_POINT('',(0.00231022228646443,0.0657530801535773,0.189712600035489));
#4517=CARTESIAN_POINT('',(0.00239355561979776,0.0650075674530507,0.189712600035489));
#4518=CARTESIAN_POINT('',(0.0024768889531311,0.0646348111027874,0.189066967097989));
#4519=CARTESIAN_POINT('',(0.00255280680673523,0.0642952247584358,0.188478786296015));
#4520=CARTESIAN_POINT('',(0.00263193851936797,0.0645874709987844,0.187865705815098));
#4521=CARTESIAN_POINT('',(0.0026277458614454,0.06457253514175,0.18789818883173));
#4522=CARTESIAN_POINT('',(0.0026277458614454,0.0643879350123993,0.188184175985675));
#4523=CARTESIAN_POINT('',(0.00262774586141484,0.0643740479367246,0.18856968452003));
#4524=CARTESIAN_POINT('',(0.00262774586141484,0.0645410274160319,0.188866638237993));
#4525=CARTESIAN_POINT('',(0.00262774586144155,0.0645725351417541,0.187898188831733));
#4526=CARTESIAN_POINT('',(0.00262774586144155,0.0645410274160669,0.188866638237983));
#4527=CARTESIAN_POINT('',(0.000310222286464436,0.0657530801535773,0.189712600035489));
#4528=CARTESIAN_POINT('',(0.000393555619797769,0.0650075674530507,0.189712600035489));
#4529=CARTESIAN_POINT('',(0.000476888953131102,0.0646348111027874,0.189066967097989));
#4530=CARTESIAN_POINT('',(0.000560222286464435,0.0642620547525241,0.188421334160489));
#4531=CARTESIAN_POINT('',(0.000643555619797769,0.0646348111027874,0.187775701222989));
#4532=CARTESIAN_POINT('',(0.000726888953131102,0.0650075674530507,0.187130068285489));
#4533=CARTESIAN_POINT('',(0.000810222286464436,0.0657530801535773,0.187130068285489));
#4534=CARTESIAN_POINT('',(0.000893555619797768,0.066498592854104,0.187130068285489));
#4535=CARTESIAN_POINT('',(0.000976888953131102,0.0668713492043673,0.187775701222989));
#4536=CARTESIAN_POINT('',(0.00106022228646444,0.0672441055546306,0.188421334160489));
#4537=CARTESIAN_POINT('',(0.00114355561979777,0.0668713492043673,0.189066967097989));
#4538=CARTESIAN_POINT('',(0.0012268889531311,0.066498592854104,0.189712600035489));
#4539=CARTESIAN_POINT('',(0.00131022228646444,0.0657530801535773,0.189712600035489));
#4540=CARTESIAN_POINT('',(0.00139355561979777,0.0650075674530507,0.189712600035489));
#4541=CARTESIAN_POINT('',(0.0014768889531311,0.0646348111027874,0.189066967097989));
#4542=CARTESIAN_POINT('',(0.00156022228646443,0.0642620547525241,0.188421334160489));
#4543=CARTESIAN_POINT('',(0.00164355561979777,0.0646348111027874,0.187775701222989));
#4544=CARTESIAN_POINT('',(0.0017268889531311,0.0650075674530507,0.187130068285489));
#4545=CARTESIAN_POINT('',(0.00181022228646443,0.0657530801535773,0.187130068285489));
#4546=CARTESIAN_POINT('',(0.00189355561979777,0.066498592854104,0.187130068285489));
#4547=CARTESIAN_POINT('',(0.0019768889531311,0.0668713492043673,0.187775701222989));
#4548=CARTESIAN_POINT('',(0.00206022228646444,0.0672441055546306,0.188421334160489));
#4549=CARTESIAN_POINT('',(0.00214355561979777,0.0668713492043673,0.189066967097989));
#4550=CARTESIAN_POINT('',(0.0022268889531311,0.066498592854104,0.189712600035489));
#4551=CARTESIAN_POINT('',(0.00231022228646443,0.0657530801535773,0.189712600035489));
#4552=CARTESIAN_POINT('',(0.00239355561979777,0.0650075674530507,0.189712600035489));
#4553=CARTESIAN_POINT('',(0.00247688895313111,0.0646348111027874,0.189066967097989));
#4554=CARTESIAN_POINT('',(0.00256022228646443,0.0642620547525241,0.188421334160489));
#4555=CARTESIAN_POINT('',(0.00264355561979777,0.0646348111027874,0.187775701222989));
#4556=CARTESIAN_POINT('',(0.0027268889531311,0.0650075674530507,0.187130068285489));
#4557=CARTESIAN_POINT('',(0.00281022228646443,0.0657530801535773,0.187130068285489));
#4558=CARTESIAN_POINT('',(0.00289355561979777,0.066498592854104,0.187130068285489));
#4559=CARTESIAN_POINT('',(0.00297688895313111,0.0668713492043673,0.187775701222989));
#4560=CARTESIAN_POINT('',(0.00306022228646443,0.0672441055546306,0.188421334160489));
#4561=CARTESIAN_POINT('',(0.00314355561979777,0.0668713492043673,0.189066967097989));
#4562=CARTESIAN_POINT('',(0.0032268889531311,0.066498592854104,0.189712600035489));
#4563=CARTESIAN_POINT('',(0.00331022228646443,0.0657530801535773,0.189712600035489));
#4564=CARTESIAN_POINT('',(0.00339355561979777,0.0650075674530507,0.189712600035489));
#4565=CARTESIAN_POINT('',(0.00347688895313111,0.0646348111027874,0.189066967097989));
#4566=CARTESIAN_POINT('',(0.00356022228646443,0.0642620547525241,0.188421334160489));
#4567=CARTESIAN_POINT('',(0.00364355561979777,0.0646348111027874,0.187775701222989));
#4568=CARTESIAN_POINT('',(0.0037268889531311,0.0650075674530506,0.187130068285489));
#4569=CARTESIAN_POINT('',(0.00381022228646443,0.0657530801535773,0.187130068285489));
#4570=CARTESIAN_POINT('',(0.00389355561979777,0.066498592854104,0.187130068285489));
#4571=CARTESIAN_POINT('',(0.0039768889531311,0.0668713492043673,0.187775701222989));
#4572=CARTESIAN_POINT('',(0.00406022228646444,0.0672441055546306,0.188421334160489));
#4573=CARTESIAN_POINT('',(0.00414355561979777,0.0668713492043673,0.189066967097989));
#4574=CARTESIAN_POINT('',(0.0042268889531311,0.066498592854104,0.189712600035489));
#4575=CARTESIAN_POINT('',(0.00431022228646443,0.0657530801535773,0.189712600035489));
#4576=CARTESIAN_POINT('',(0.00439355561979777,0.0650075674530507,0.189712600035489));
#4577=CARTESIAN_POINT('',(0.0044768889531311,0.0646348111027874,0.189066967097989));
#4578=CARTESIAN_POINT('',(0.00456022228646443,0.0642620547525241,0.188421334160489));
#4579=CARTESIAN_POINT('',(0.00464355561979777,0.0646348111027874,0.187775701222989));
#4580=CARTESIAN_POINT('',(0.0047268889531311,0.0650075674530506,0.187130068285489));
#4581=CARTESIAN_POINT('',(0.00481022228646444,0.0657530801535773,0.187130068285489));
#4582=CARTESIAN_POINT('',(0.00489355561979777,0.066498592854104,0.187130068285489));
#4583=CARTESIAN_POINT('',(0.0049768889531311,0.0668713492043673,0.187775701222989));
#4584=CARTESIAN_POINT('',(0.00506022228646444,0.0672441055546306,0.188421334160489));
#4585=CARTESIAN_POINT('',(0.00514355561979777,0.0668713492043673,0.189066967097989));
#4586=CARTESIAN_POINT('',(0.00522688895313111,0.066498592854104,0.189712600035489));
#4587=CARTESIAN_POINT('',(0.00531022228646444,0.0657530801535773,0.189712600035489));
#4588=CARTESIAN_POINT('',(0.00539355561979777,0.0650075674530507,0.189712600035489));
#4589=CARTESIAN_POINT('',(0.0054768889531311,0.0646348111027874,0.189066967097989));
#4590=CARTESIAN_POINT('',(0.00556022228646444,0.0642620547525241,0.188421334160489));
#4591=CARTESIAN_POINT('',(0.00564355561979777,0.0646348111027874,0.187775701222989));
#4592=CARTESIAN_POINT('',(0.00572688895313111,0.0650075674530507,0.187130068285489));
#4593=CARTESIAN_POINT('',(0.00581022228646444,0.0657530801535773,0.187130068285489));
#4594=CARTESIAN_POINT('',(0.00589355561979777,0.066498592854104,0.187130068285489));
#4595=CARTESIAN_POINT('',(0.0059768889531311,0.0668713492043673,0.187775701222989));
#4596=CARTESIAN_POINT('',(0.00606022228646444,0.0672441055546306,0.188421334160489));
#4597=CARTESIAN_POINT('',(0.00614355561979777,0.0668713492043673,0.189066967097989));
#4598=CARTESIAN_POINT('',(0.0062268889531311,0.066498592854104,0.189712600035489));
#4599=CARTESIAN_POINT('',(0.00631022228646444,0.0657530801535773,0.189712600035489));
#4600=CARTESIAN_POINT('',(0.00639355561979777,0.0650075674530507,0.189712600035489));
#4601=CARTESIAN_POINT('',(0.0064768889531311,0.0646348111027874,0.189066967097989));
#4602=CARTESIAN_POINT('',(0.00656022228646444,0.0642620547525241,0.188421334160489));
#4603=CARTESIAN_POINT('',(0.00664355561979777,0.0646348111027874,0.187775701222989));
#4604=CARTESIAN_POINT('',(0.0067268889531311,0.0650075674530507,0.187130068285489));
#4605=CARTESIAN_POINT('',(0.00681022228646444,0.0657530801535773,0.187130068285489));
#4606=CARTESIAN_POINT('',(0.00689355561979777,0.066498592854104,0.187130068285489));
#4607=CARTESIAN_POINT('',(0.0069768889531311,0.0668713492043672,0.187775701222989));
#4608=CARTESIAN_POINT('',(0.00706022228646444,0.0672441055546306,0.188421334160489));
#4609=CARTESIAN_POINT('',(0.00714355561979777,0.0668713492043673,0.189066967097989));
#4610=CARTESIAN_POINT('',(0.0072268889531311,0.066498592854104,0.189712600035489));
#4611=CARTESIAN_POINT('',(0.00731022228646444,0.0657530801535773,0.189712600035489));
#4612=CARTESIAN_POINT('',(0.00739355561979777,0.0650075674530507,0.189712600035489));
#4613=CARTESIAN_POINT('',(0.0074768889531311,0.0646348111027874,0.189066967097989));
#4614=CARTESIAN_POINT('',(0.00756022228646444,0.0642620547525241,0.188421334160489));
#4615=CARTESIAN_POINT('',(0.00764355561979777,0.0646348111027874,0.187775701222989));
#4616=CARTESIAN_POINT('',(0.0077268889531311,0.0650075674530506,0.187130068285489));
#4617=CARTESIAN_POINT('',(0.00781022228646444,0.0657530801535773,0.187130068285489));
#4618=CARTESIAN_POINT('',(0.00789355561979777,0.066498592854104,0.187130068285489));
#4619=CARTESIAN_POINT('',(0.0079768889531311,0.0668713492043672,0.187775701222989));
#4620=CARTESIAN_POINT('',(0.00806022228646444,0.0672441055546306,0.188421334160489));
#4621=CARTESIAN_POINT('',(0.00814355561979777,0.0668713492043673,0.189066967097989));
#4622=CARTESIAN_POINT('',(0.0082268889531311,0.066498592854104,0.189712600035489));
#4623=CARTESIAN_POINT('',(0.00831022228646444,0.0657530801535773,0.189712600035489));
#4624=CARTESIAN_POINT('',(0.000435222286464426,0.0657530801535773,0.189712600035489));
#4625=CARTESIAN_POINT('',(0.000518555619797759,0.0650075674530507,0.189712600035489));
#4626=CARTESIAN_POINT('',(0.000601888953131093,0.0646348111027874,0.189066967097989));
#4627=CARTESIAN_POINT('',(0.000685222286464426,0.0642620547525241,0.188421334160489));
#4628=CARTESIAN_POINT('',(0.000768555619797759,0.0646348111027874,0.187775701222989));
#4629=CARTESIAN_POINT('',(0.000851888953131092,0.0650075674530507,0.187130068285489));
#4630=CARTESIAN_POINT('',(0.000935222286464426,0.0657530801535773,0.187130068285489));
#4631=CARTESIAN_POINT('',(0.00101855561979776,0.066498592854104,0.187130068285489));
#4632=CARTESIAN_POINT('',(0.00110188895313109,0.0668713492043673,0.187775701222989));
#4633=CARTESIAN_POINT('',(0.00118522228646443,0.0672441055546306,0.188421334160489));
#4634=CARTESIAN_POINT('',(0.00126855561979776,0.0668713492043673,0.189066967097989));
#4635=CARTESIAN_POINT('',(0.00135188895313109,0.066498592854104,0.189712600035489));
#4636=CARTESIAN_POINT('',(0.00143522228646443,0.0657530801535773,0.189712600035489));
#4637=CARTESIAN_POINT('',(0.00151855561979776,0.0650075674530507,0.189712600035489));
#4638=CARTESIAN_POINT('',(0.00160188895313109,0.0646348111027874,0.189066967097989));
#4639=CARTESIAN_POINT('',(0.00168522228646443,0.0642620547525241,0.188421334160489));
#4640=CARTESIAN_POINT('',(0.00176855561979776,0.0646348111027874,0.187775701222989));
#4641=CARTESIAN_POINT('',(0.00185188895313109,0.0650075674530507,0.187130068285489));
#4642=CARTESIAN_POINT('',(0.00193522228646442,0.0657530801535773,0.187130068285489));
#4643=CARTESIAN_POINT('',(0.00201855561979776,0.066498592854104,0.187130068285489));
#4644=CARTESIAN_POINT('',(0.00210188895313109,0.0668713492043673,0.187775701222989));
#4645=CARTESIAN_POINT('',(0.00218522228646443,0.0672441055546306,0.188421334160489));
#4646=CARTESIAN_POINT('',(0.00226855561979776,0.0668713492043673,0.189066967097989));
#4647=CARTESIAN_POINT('',(0.00235188895313109,0.066498592854104,0.189712600035489));
#4648=CARTESIAN_POINT('',(0.00243522228646443,0.0657530801535773,0.189712600035489));
#4649=CARTESIAN_POINT('',(0.00251855561979776,0.0650075674530507,0.189712600035489));
#4650=CARTESIAN_POINT('',(0.0026018889531311,0.0646348111027874,0.189066967097989));
#4651=CARTESIAN_POINT('',(0.00268522228646443,0.0642620547525241,0.188421334160489));
#4652=CARTESIAN_POINT('',(0.00276855561979776,0.0646348111027874,0.187775701222989));
#4653=CARTESIAN_POINT('',(0.00285188895313109,0.0650075674530507,0.187130068285489));
#4654=CARTESIAN_POINT('',(0.00293522228646443,0.0657530801535773,0.187130068285489));
#4655=CARTESIAN_POINT('',(0.00301855561979776,0.066498592854104,0.187130068285489));
#4656=CARTESIAN_POINT('',(0.0031018889531311,0.0668713492043673,0.187775701222989));
#4657=CARTESIAN_POINT('',(0.00318522228646443,0.0672441055546306,0.188421334160489));
#4658=CARTESIAN_POINT('',(0.00326855561979776,0.0668713492043673,0.189066967097989));
#4659=CARTESIAN_POINT('',(0.00335188895313109,0.066498592854104,0.189712600035489));
#4660=CARTESIAN_POINT('',(0.00343522228646443,0.0657530801535773,0.189712600035489));
#4661=CARTESIAN_POINT('',(0.00351855561979776,0.0650075674530507,0.189712600035489));
#4662=CARTESIAN_POINT('',(0.0036018889531311,0.0646348111027874,0.189066967097989));
#4663=CARTESIAN_POINT('',(0.00368522228646442,0.0642620547525241,0.188421334160489));
#4664=CARTESIAN_POINT('',(0.00376855561979776,0.0646348111027874,0.187775701222989));
#4665=CARTESIAN_POINT('',(0.00385188895313109,0.0650075674530506,0.187130068285489));
#4666=CARTESIAN_POINT('',(0.00393522228646443,0.0657530801535773,0.187130068285489));
#4667=CARTESIAN_POINT('',(0.00401855561979776,0.066498592854104,0.187130068285489));
#4668=CARTESIAN_POINT('',(0.0041018889531311,0.0668713492043673,0.187775701222989));
#4669=CARTESIAN_POINT('',(0.00418522228646442,0.0672441055546306,0.188421334160489));
#4670=CARTESIAN_POINT('',(0.00426855561979776,0.0668713492043673,0.189066967097989));
#4671=CARTESIAN_POINT('',(0.00435188895313109,0.066498592854104,0.189712600035489));
#4672=CARTESIAN_POINT('',(0.00443522228646443,0.0657530801535773,0.189712600035489));
#4673=CARTESIAN_POINT('',(0.00451855561979776,0.0650075674530507,0.189712600035489));
#4674=CARTESIAN_POINT('',(0.00460188895313109,0.0646348111027874,0.189066967097989));
#4675=CARTESIAN_POINT('',(0.00468522228646442,0.0642620547525241,0.188421334160489));
#4676=CARTESIAN_POINT('',(0.00476855561979776,0.0646348111027874,0.187775701222989));
#4677=CARTESIAN_POINT('',(0.00485188895313109,0.0650075674530506,0.187130068285489));
#4678=CARTESIAN_POINT('',(0.00493522228646443,0.0657530801535773,0.187130068285489));
#4679=CARTESIAN_POINT('',(0.00501855561979776,0.066498592854104,0.187130068285489));
#4680=CARTESIAN_POINT('',(0.00510188895313109,0.0668713492043673,0.187775701222989));
#4681=CARTESIAN_POINT('',(0.00518522228646442,0.0672441055546306,0.188421334160489));
#4682=CARTESIAN_POINT('',(0.00526855561979776,0.0668713492043673,0.189066967097989));
#4683=CARTESIAN_POINT('',(0.00535188895313109,0.066498592854104,0.189712600035489));
#4684=CARTESIAN_POINT('',(0.00543522228646443,0.0657530801535773,0.189712600035489));
#4685=CARTESIAN_POINT('',(0.00551855561979776,0.0650075674530507,0.189712600035489));
#4686=CARTESIAN_POINT('',(0.00560188895313109,0.0646348111027874,0.189066967097989));
#4687=CARTESIAN_POINT('',(0.00568522228646442,0.0642620547525241,0.188421334160489));
#4688=CARTESIAN_POINT('',(0.00576855561979776,0.0646348111027874,0.187775701222989));
#4689=CARTESIAN_POINT('',(0.00585188895313109,0.0650075674530507,0.187130068285489));
#4690=CARTESIAN_POINT('',(0.00593522228646443,0.0657530801535773,0.187130068285489));
#4691=CARTESIAN_POINT('',(0.00601855561979776,0.066498592854104,0.187130068285489));
#4692=CARTESIAN_POINT('',(0.00610188895313109,0.0668713492043673,0.187775701222989));
#4693=CARTESIAN_POINT('',(0.00618522228646442,0.0672441055546306,0.188421334160489));
#4694=CARTESIAN_POINT('',(0.00626855561979776,0.0668713492043673,0.189066967097989));
#4695=CARTESIAN_POINT('',(0.00635188895313109,0.066498592854104,0.189712600035489));
#4696=CARTESIAN_POINT('',(0.00643522228646443,0.0657530801535773,0.189712600035489));
#4697=CARTESIAN_POINT('',(0.00651855561979776,0.0650075674530507,0.189712600035489));
#4698=CARTESIAN_POINT('',(0.00660188895313109,0.0646348111027874,0.189066967097989));
#4699=CARTESIAN_POINT('',(0.00668522228646442,0.0642620547525241,0.188421334160489));
#4700=CARTESIAN_POINT('',(0.00676855561979776,0.0646348111027874,0.187775701222989));
#4701=CARTESIAN_POINT('',(0.00685188895313109,0.0650075674530507,0.187130068285489));
#4702=CARTESIAN_POINT('',(0.00693522228646443,0.0657530801535773,0.187130068285489));
#4703=CARTESIAN_POINT('',(0.00701855561979776,0.066498592854104,0.187130068285489));
#4704=CARTESIAN_POINT('',(0.00710188895313109,0.0668713492043672,0.187775701222989));
#4705=CARTESIAN_POINT('',(0.00718522228646442,0.0672441055546306,0.188421334160489));
#4706=CARTESIAN_POINT('',(0.00726855561979776,0.0668713492043673,0.189066967097989));
#4707=CARTESIAN_POINT('',(0.00735188895313109,0.066498592854104,0.189712600035489));
#4708=CARTESIAN_POINT('',(0.00743522228646443,0.0657530801535773,0.189712600035489));
#4709=CARTESIAN_POINT('',(0.00751855561979776,0.0650075674530507,0.189712600035489));
#4710=CARTESIAN_POINT('',(0.00760188895313109,0.0646348111027874,0.189066967097989));
#4711=CARTESIAN_POINT('',(0.00768522228646442,0.0642620547525241,0.188421334160489));
#4712=CARTESIAN_POINT('',(0.00776855561979776,0.0646348111027874,0.187775701222989));
#4713=CARTESIAN_POINT('',(0.00785188895313109,0.0650075674530506,0.187130068285489));
#4714=CARTESIAN_POINT('',(0.00793522228646443,0.0657530801535773,0.187130068285489));
#4715=CARTESIAN_POINT('',(0.00801855561979776,0.066498592854104,0.187130068285489));
#4716=CARTESIAN_POINT('',(0.00810188895313109,0.0668713492043672,0.187775701222989));
#4717=CARTESIAN_POINT('',(0.00818522228646442,0.0672441055546306,0.188421334160489));
#4718=CARTESIAN_POINT('',(0.00826855561979776,0.0668713492043673,0.189066967097989));
#4719=CARTESIAN_POINT('',(0.00835188895313109,0.066498592854104,0.189712600035489));
#4720=CARTESIAN_POINT('',(0.00843522228646443,0.0657530801535773,0.189712600035489));
#4721=CARTESIAN_POINT('',(-2.27771353557282E-6,0.0657530801535773,0.188421334160489));
#4722=CARTESIAN_POINT('',(-2.27771353557282E-6,0.0654,0.187759643594476));
#4723=CARTESIAN_POINT('',(0.00262774586144156,0.0654,0.187759643594476));
#4724=CARTESIAN_POINT('',(-2.27771353556562E-6,0.0657530801535773,0.189171334160489));
#4725=CARTESIAN_POINT('',(8.10556197977677E-5,0.0653200674516851,0.189171334160489));
#4726=CARTESIAN_POINT('',(0.000164388953131101,0.065103561100739,0.188796334160489));
#4727=CARTESIAN_POINT('',(0.000247722286464434,0.0648870547497929,0.188421334160489));
#4728=CARTESIAN_POINT('',(0.000331055619797767,0.065103561100739,0.188046334160489));
#4729=CARTESIAN_POINT('',(0.000414388953131101,0.0653200674516851,0.187671334160489));
#4730=CARTESIAN_POINT('',(0.000497722286464434,0.0657530801535773,0.187671334160489));
#4731=CARTESIAN_POINT('',(0.000581055619797767,0.0661860928554696,0.187671334160489));
#4732=CARTESIAN_POINT('',(0.000664388953131101,0.0664025992064156,0.188046334160489));
#4733=CARTESIAN_POINT('',(0.000747722286464435,0.0666191055573618,0.188421334160489));
#4734=CARTESIAN_POINT('',(0.000831055619797768,0.0664025992064156,0.188796334160489));
#4735=CARTESIAN_POINT('',(0.000914388953131101,0.0661860928554696,0.189171334160489));
#4736=CARTESIAN_POINT('',(0.000997722286464434,0.0657530801535773,0.189171334160489));
#4737=CARTESIAN_POINT('',(0.00108105561979777,0.0653200674516851,0.189171334160489));
#4738=CARTESIAN_POINT('',(0.0011643889531311,0.065103561100739,0.188796334160489));
#4739=CARTESIAN_POINT('',(0.00124772228646443,0.0648870547497929,0.188421334160489));
#4740=CARTESIAN_POINT('',(0.00133105561979777,0.065103561100739,0.188046334160489));
#4741=CARTESIAN_POINT('',(0.0014143889531311,0.0653200674516851,0.187671334160489));
#4742=CARTESIAN_POINT('',(0.00149772228646443,0.0657530801535773,0.187671334160489));
#4743=CARTESIAN_POINT('',(0.00158105561979777,0.0661860928554696,0.187671334160489));
#4744=CARTESIAN_POINT('',(0.0016643889531311,0.0664025992064156,0.188046334160489));
#4745=CARTESIAN_POINT('',(0.00174772228646443,0.0666191055573618,0.188421334160489));
#4746=CARTESIAN_POINT('',(0.00183105561979777,0.0664025992064156,0.188796334160489));
#4747=CARTESIAN_POINT('',(0.0019143889531311,0.0661860928554696,0.189171334160489));
#4748=CARTESIAN_POINT('',(0.00199772228646444,0.0657530801535773,0.189171334160489));
#4749=CARTESIAN_POINT('',(0.00208105561979776,0.0653200674516851,0.189171334160489));
#4750=CARTESIAN_POINT('',(0.0021643889531311,0.065103561100739,0.188796334160489));
#4751=CARTESIAN_POINT('',(0.00224772228646444,0.0648870547497929,0.188421334160489));
#4752=CARTESIAN_POINT('',(0.00233105561979777,0.065103561100739,0.188046334160489));
#4753=CARTESIAN_POINT('',(0.0024143889531311,0.0653200674516851,0.187671334160489));
#4754=CARTESIAN_POINT('',(0.00249772228646444,0.0657530801535773,0.187671334160489));
#4755=CARTESIAN_POINT('',(0.00258105561979777,0.0661860928554696,0.187671334160489));
#4756=CARTESIAN_POINT('',(0.0026643889531311,0.0664025992064156,0.188046334160489));
#4757=CARTESIAN_POINT('',(0.00274772228646444,0.0666191055573618,0.188421334160489));
#4758=CARTESIAN_POINT('',(0.00283105561979777,0.0664025992064156,0.188796334160489));
#4759=CARTESIAN_POINT('',(0.0029143889531311,0.0661860928554696,0.189171334160489));
#4760=CARTESIAN_POINT('',(0.00299772228646444,0.0657530801535773,0.189171334160489));
#4761=CARTESIAN_POINT('',(0.00308105561979777,0.0653200674516851,0.189171334160489));
#4762=CARTESIAN_POINT('',(0.0031643889531311,0.065103561100739,0.188796334160489));
#4763=CARTESIAN_POINT('',(0.00324772228646444,0.0648870547497929,0.188421334160489));
#4764=CARTESIAN_POINT('',(0.00333105561979777,0.065103561100739,0.188046334160489));
#4765=CARTESIAN_POINT('',(0.0034143889531311,0.0653200674516851,0.187671334160489));
#4766=CARTESIAN_POINT('',(0.00349772228646444,0.0657530801535773,0.187671334160489));
#4767=CARTESIAN_POINT('',(0.00358105561979777,0.0661860928554696,0.187671334160489));
#4768=CARTESIAN_POINT('',(0.0036643889531311,0.0664025992064156,0.188046334160489));
#4769=CARTESIAN_POINT('',(0.00374772228646443,0.0666191055573618,0.188421334160489));
#4770=CARTESIAN_POINT('',(0.00383105561979777,0.0664025992064156,0.188796334160489));
#4771=CARTESIAN_POINT('',(0.0039143889531311,0.0661860928554696,0.189171334160489));
#4772=CARTESIAN_POINT('',(0.00399772228646444,0.0657530801535773,0.189171334160489));
#4773=CARTESIAN_POINT('',(0.00408105561979777,0.0653200674516851,0.189171334160489));
#4774=CARTESIAN_POINT('',(0.0041643889531311,0.065103561100739,0.188796334160489));
#4775=CARTESIAN_POINT('',(0.00424772228646443,0.0648870547497929,0.188421334160489));
#4776=CARTESIAN_POINT('',(0.00433105561979777,0.065103561100739,0.188046334160489));
#4777=CARTESIAN_POINT('',(0.0044143889531311,0.0653200674516851,0.187671334160489));
#4778=CARTESIAN_POINT('',(0.00449772228646443,0.0657530801535773,0.187671334160489));
#4779=CARTESIAN_POINT('',(0.00458105561979777,0.0661860928554696,0.187671334160489));
#4780=CARTESIAN_POINT('',(0.0046643889531311,0.0664025992064156,0.188046334160489));
#4781=CARTESIAN_POINT('',(0.00474772228646443,0.0666191055573618,0.188421334160489));
#4782=CARTESIAN_POINT('',(0.00483105561979777,0.0664025992064156,0.188796334160489));
#4783=CARTESIAN_POINT('',(0.0049143889531311,0.0661860928554696,0.189171334160489));
#4784=CARTESIAN_POINT('',(0.00499772228646443,0.0657530801535773,0.189171334160489));
#4785=CARTESIAN_POINT('',(0.00508105561979777,0.0653200674516851,0.189171334160489));
#4786=CARTESIAN_POINT('',(0.0051643889531311,0.065103561100739,0.188796334160489));
#4787=CARTESIAN_POINT('',(0.00524772228646443,0.0648870547497929,0.188421334160489));
#4788=CARTESIAN_POINT('',(0.00533105561979777,0.065103561100739,0.188046334160489));
#4789=CARTESIAN_POINT('',(0.0054143889531311,0.0653200674516851,0.187671334160489));
#4790=CARTESIAN_POINT('',(0.00549772228646443,0.0657530801535773,0.187671334160489));
#4791=CARTESIAN_POINT('',(0.00558105561979776,0.0661860928554696,0.187671334160489));
#4792=CARTESIAN_POINT('',(0.0056643889531311,0.0664025992064156,0.188046334160489));
#4793=CARTESIAN_POINT('',(0.00574772228646443,0.0666191055573618,0.188421334160489));
#4794=CARTESIAN_POINT('',(0.00583105561979777,0.0664025992064156,0.188796334160489));
#4795=CARTESIAN_POINT('',(0.0059143889531311,0.0661860928554696,0.189171334160489));
#4796=CARTESIAN_POINT('',(0.00599772228646443,0.0657530801535773,0.189171334160489));
#4797=CARTESIAN_POINT('',(0.00608105561979776,0.0653200674516851,0.189171334160489));
#4798=CARTESIAN_POINT('',(0.0061643889531311,0.065103561100739,0.188796334160489));
#4799=CARTESIAN_POINT('',(0.00624772228646443,0.0648870547497929,0.188421334160489));
#4800=CARTESIAN_POINT('',(0.00633105561979777,0.065103561100739,0.188046334160489));
#4801=CARTESIAN_POINT('',(0.00641438895313111,0.0653200674516851,0.187671334160489));
#4802=CARTESIAN_POINT('',(0.00649772228646443,0.0657530801535773,0.187671334160489));
#4803=CARTESIAN_POINT('',(0.00658105561979776,0.0661860928554696,0.187671334160489));
#4804=CARTESIAN_POINT('',(0.0066643889531311,0.0664025992064156,0.188046334160489));
#4805=CARTESIAN_POINT('',(0.00674772228646444,0.0666191055573618,0.188421334160489));
#4806=CARTESIAN_POINT('',(0.00683105561979777,0.0664025992064156,0.188796334160489));
#4807=CARTESIAN_POINT('',(0.00691438895313109,0.0661860928554696,0.189171334160489));
#4808=CARTESIAN_POINT('',(0.00699772228646443,0.0657530801535773,0.189171334160489));
#4809=CARTESIAN_POINT('',(0.00708105561979777,0.0653200674516851,0.189171334160489));
#4810=CARTESIAN_POINT('',(0.0071643889531311,0.065103561100739,0.188796334160489));
#4811=CARTESIAN_POINT('',(0.00724772228646444,0.0648870547497929,0.188421334160489));
#4812=CARTESIAN_POINT('',(0.00733105561979777,0.065103561100739,0.188046334160489));
#4813=CARTESIAN_POINT('',(0.00741438895313109,0.0653200674516851,0.187671334160489));
#4814=CARTESIAN_POINT('',(0.00749772228646443,0.0657530801535773,0.187671334160489));
#4815=CARTESIAN_POINT('',(0.00758105561979777,0.0661860928554696,0.187671334160489));
#4816=CARTESIAN_POINT('',(0.0076643889531311,0.0664025992064156,0.188046334160489));
#4817=CARTESIAN_POINT('',(0.00774772228646444,0.0666191055573618,0.188421334160489));
#4818=CARTESIAN_POINT('',(0.00783105561979777,0.0664025992064156,0.188796334160489));
#4819=CARTESIAN_POINT('',(0.00791438895313109,0.0661860928554696,0.189171334160489));
#4820=CARTESIAN_POINT('',(0.00799772228646443,0.0657530801535773,0.189171334160489));
#4821=CARTESIAN_POINT('',(0.00262774586144155,0.0662950218874338,0.187902875717501));
#4822=CARTESIAN_POINT('',(0.00262774586144156,0.0657530801535773,0.188421334160489));
#4823=CARTESIAN_POINT('',(0.00199239028595401,0.0669325633644106,0.187895799275536));
#4824=CARTESIAN_POINT('',(0.00206998654222002,0.0672004292945687,0.188496983662001));
#4825=CARTESIAN_POINT('',(0.00214355561979777,0.0668713492043673,0.189066967097989));
#4826=CARTESIAN_POINT('',(0.0022268889531311,0.066498592854104,0.189712600035489));
#4827=CARTESIAN_POINT('',(0.00231022228646443,0.0657530801535773,0.189712600035489));
#4828=CARTESIAN_POINT('',(0.00239355561979777,0.0650075674530507,0.189712600035489));
#4829=CARTESIAN_POINT('',(0.00247688895313111,0.0646348111027874,0.189066967097989));
#4830=CARTESIAN_POINT('',(0.00256022228646443,0.0642620547525241,0.188421334160489));
#4831=CARTESIAN_POINT('',(0.00264355561979777,0.0646348111027874,0.187775701222989));
#4832=CARTESIAN_POINT('',(0.0027268889531311,0.0650075674530507,0.187130068285489));
#4833=CARTESIAN_POINT('',(0.00281022228646443,0.0657530801535773,0.187130068285489));
#4834=CARTESIAN_POINT('',(0.00287493294855415,0.0663319915989458,0.187130068285489));
#4835=CARTESIAN_POINT('',(0.00294587697356414,0.066717130352391,0.187562279578924));
#4836=CARTESIAN_POINT('',(0.00167989028595401,0.0664381539445383,0.188116090158192));
#4837=CARTESIAN_POINT('',(0.00175748654222002,0.0665937372767616,0.188465273311389));
#4838=CARTESIAN_POINT('',(0.00183105561979777,0.0664025992064156,0.188796334160489));
#4839=CARTESIAN_POINT('',(0.0019143889531311,0.0661860928554696,0.189171334160489));
#4840=CARTESIAN_POINT('',(0.00199772228646444,0.0657530801535773,0.189171334160489));
#4841=CARTESIAN_POINT('',(0.00208105561979776,0.0653200674516851,0.189171334160489));
#4842=CARTESIAN_POINT('',(0.0021643889531311,0.065103561100739,0.188796334160489));
#4843=CARTESIAN_POINT('',(0.00224772228646444,0.0648870547497929,0.188421334160489));
#4844=CARTESIAN_POINT('',(0.00233105561979777,0.065103561100739,0.188046334160489));
#4845=CARTESIAN_POINT('',(0.0024143889531311,0.0653200674516851,0.187671334160489));
#4846=CARTESIAN_POINT('',(0.00249772228646444,0.0657530801535773,0.187671334160489));
#4847=CARTESIAN_POINT('',(0.00256243294855415,0.0660893266171698,0.187671334160489));
#4848=CARTESIAN_POINT('',(0.00263337697356413,0.0663130249822209,0.18792237345174));
#4849=CARTESIAN_POINT('',(0.0026277458614416,0.0662950218874338,0.187902875717501));
#4850=CARTESIAN_POINT('',(0.0026277458614416,0.0661555573204107,0.187581403258348));
#4851=CARTESIAN_POINT('',(0.00262774586144124,0.0654335868406063,0.187227722626029));
#4852=CARTESIAN_POINT('',(0.00262774586144155,0.0647750635997625,0.187613746429685));
#4853=CARTESIAN_POINT('',(0.00262774586144155,0.0645725351417542,0.187898188831733));
#4854=CARTESIAN_POINT('',(-2.27771353556562E-6,0.0657530801535773,0.189171334160489));
#4855=CARTESIAN_POINT('',(8.10556197977677E-5,0.0653200674516851,0.189171334160489));
#4856=CARTESIAN_POINT('',(0.000164388953131101,0.065103561100739,0.188796334160489));
#4857=CARTESIAN_POINT('',(0.000247722286464434,0.0648870547497929,0.188421334160489));
#4858=CARTESIAN_POINT('',(0.000331055619797767,0.065103561100739,0.188046334160489));
#4859=CARTESIAN_POINT('',(0.000414388953131101,0.0653200674516851,0.187671334160489));
#4860=CARTESIAN_POINT('',(0.000497722286464434,0.0657530801535773,0.187671334160489));
#4861=CARTESIAN_POINT('',(0.000581055619797767,0.0661860928554696,0.187671334160489));
#4862=CARTESIAN_POINT('',(0.000664388953131101,0.0664025992064156,0.188046334160489));
#4863=CARTESIAN_POINT('',(0.000747722286464435,0.0666191055573618,0.188421334160489));
#4864=CARTESIAN_POINT('',(0.000831055619797768,0.0664025992064156,0.188796334160489));
#4865=CARTESIAN_POINT('',(0.000914388953131101,0.0661860928554696,0.189171334160489));
#4866=CARTESIAN_POINT('',(0.000997722286464434,0.0657530801535773,0.189171334160489));
#4867=CARTESIAN_POINT('',(0.00108105561979777,0.0653200674516851,0.189171334160489));
#4868=CARTESIAN_POINT('',(0.0011643889531311,0.065103561100739,0.188796334160489));
#4869=CARTESIAN_POINT('',(0.00124772228646443,0.0648870547497929,0.188421334160489));
#4870=CARTESIAN_POINT('',(0.00133105561979777,0.065103561100739,0.188046334160489));
#4871=CARTESIAN_POINT('',(0.0014143889531311,0.0653200674516851,0.187671334160489));
#4872=CARTESIAN_POINT('',(0.00149772228646443,0.0657530801535773,0.187671334160489));
#4873=CARTESIAN_POINT('',(0.00158105561979777,0.0661860928554696,0.187671334160489));
#4874=CARTESIAN_POINT('',(0.0016643889531311,0.0664025992064156,0.188046334160489));
#4875=CARTESIAN_POINT('',(0.00174772228646443,0.0666191055573618,0.188421334160489));
#4876=CARTESIAN_POINT('',(0.00183105561979777,0.0664025992064156,0.188796334160489));
#4877=CARTESIAN_POINT('',(0.0019143889531311,0.0661860928554696,0.189171334160489));
#4878=CARTESIAN_POINT('',(0.00199772228646444,0.0657530801535773,0.189171334160489));
#4879=CARTESIAN_POINT('',(0.00208105561979776,0.0653200674516851,0.189171334160489));
#4880=CARTESIAN_POINT('',(0.0021643889531311,0.065103561100739,0.188796334160489));
#4881=CARTESIAN_POINT('',(0.00224772228646444,0.0648870547497929,0.188421334160489));
#4882=CARTESIAN_POINT('',(0.00233105561979777,0.065103561100739,0.188046334160489));
#4883=CARTESIAN_POINT('',(0.0024143889531311,0.0653200674516851,0.187671334160489));
#4884=CARTESIAN_POINT('',(0.00249772228646444,0.0657530801535773,0.187671334160489));
#4885=CARTESIAN_POINT('',(0.00258105561979777,0.0661860928554696,0.187671334160489));
#4886=CARTESIAN_POINT('',(0.0026643889531311,0.0664025992064156,0.188046334160489));
#4887=CARTESIAN_POINT('',(0.00274772228646444,0.0666191055573618,0.188421334160489));
#4888=CARTESIAN_POINT('',(0.00283105561979777,0.0664025992064156,0.188796334160489));
#4889=CARTESIAN_POINT('',(0.0029143889531311,0.0661860928554696,0.189171334160489));
#4890=CARTESIAN_POINT('',(0.00299772228646444,0.0657530801535773,0.189171334160489));
#4891=CARTESIAN_POINT('',(0.00308105561979777,0.0653200674516851,0.189171334160489));
#4892=CARTESIAN_POINT('',(0.0031643889531311,0.065103561100739,0.188796334160489));
#4893=CARTESIAN_POINT('',(0.00324772228646444,0.0648870547497929,0.188421334160489));
#4894=CARTESIAN_POINT('',(0.00333105561979777,0.065103561100739,0.188046334160489));
#4895=CARTESIAN_POINT('',(0.0034143889531311,0.0653200674516851,0.187671334160489));
#4896=CARTESIAN_POINT('',(0.00349772228646444,0.0657530801535773,0.187671334160489));
#4897=CARTESIAN_POINT('',(0.00358105561979777,0.0661860928554696,0.187671334160489));
#4898=CARTESIAN_POINT('',(0.0036643889531311,0.0664025992064156,0.188046334160489));
#4899=CARTESIAN_POINT('',(0.00374772228646443,0.0666191055573618,0.188421334160489));
#4900=CARTESIAN_POINT('',(0.00383105561979777,0.0664025992064156,0.188796334160489));
#4901=CARTESIAN_POINT('',(0.0039143889531311,0.0661860928554696,0.189171334160489));
#4902=CARTESIAN_POINT('',(0.00399772228646444,0.0657530801535773,0.189171334160489));
#4903=CARTESIAN_POINT('',(0.00408105561979777,0.0653200674516851,0.189171334160489));
#4904=CARTESIAN_POINT('',(0.0041643889531311,0.065103561100739,0.188796334160489));
#4905=CARTESIAN_POINT('',(0.00424772228646443,0.0648870547497929,0.188421334160489));
#4906=CARTESIAN_POINT('',(0.00433105561979777,0.065103561100739,0.188046334160489));
#4907=CARTESIAN_POINT('',(0.0044143889531311,0.0653200674516851,0.187671334160489));
#4908=CARTESIAN_POINT('',(0.00449772228646443,0.0657530801535773,0.187671334160489));
#4909=CARTESIAN_POINT('',(0.00458105561979777,0.0661860928554696,0.187671334160489));
#4910=CARTESIAN_POINT('',(0.0046643889531311,0.0664025992064156,0.188046334160489));
#4911=CARTESIAN_POINT('',(0.00474772228646443,0.0666191055573618,0.188421334160489));
#4912=CARTESIAN_POINT('',(0.00483105561979777,0.0664025992064156,0.188796334160489));
#4913=CARTESIAN_POINT('',(0.0049143889531311,0.0661860928554696,0.189171334160489));
#4914=CARTESIAN_POINT('',(0.00499772228646443,0.0657530801535773,0.189171334160489));
#4915=CARTESIAN_POINT('',(0.00508105561979777,0.0653200674516851,0.189171334160489));
#4916=CARTESIAN_POINT('',(0.0051643889531311,0.065103561100739,0.188796334160489));
#4917=CARTESIAN_POINT('',(0.00524772228646443,0.0648870547497929,0.188421334160489));
#4918=CARTESIAN_POINT('',(0.00533105561979777,0.065103561100739,0.188046334160489));
#4919=CARTESIAN_POINT('',(0.0054143889531311,0.0653200674516851,0.187671334160489));
#4920=CARTESIAN_POINT('',(0.00549772228646443,0.0657530801535773,0.187671334160489));
#4921=CARTESIAN_POINT('',(0.00558105561979776,0.0661860928554696,0.187671334160489));
#4922=CARTESIAN_POINT('',(0.0056643889531311,0.0664025992064156,0.188046334160489));
#4923=CARTESIAN_POINT('',(0.00574772228646443,0.0666191055573618,0.188421334160489));
#4924=CARTESIAN_POINT('',(0.00583105561979777,0.0664025992064156,0.188796334160489));
#4925=CARTESIAN_POINT('',(0.0059143889531311,0.0661860928554696,0.189171334160489));
#4926=CARTESIAN_POINT('',(0.00599772228646443,0.0657530801535773,0.189171334160489));
#4927=CARTESIAN_POINT('',(0.00608105561979776,0.0653200674516851,0.189171334160489));
#4928=CARTESIAN_POINT('',(0.0061643889531311,0.065103561100739,0.188796334160489));
#4929=CARTESIAN_POINT('',(0.00624772228646443,0.0648870547497929,0.188421334160489));
#4930=CARTESIAN_POINT('',(0.00633105561979777,0.065103561100739,0.188046334160489));
#4931=CARTESIAN_POINT('',(0.00641438895313111,0.0653200674516851,0.187671334160489));
#4932=CARTESIAN_POINT('',(0.00649772228646443,0.0657530801535773,0.187671334160489));
#4933=CARTESIAN_POINT('',(0.00658105561979776,0.0661860928554696,0.187671334160489));
#4934=CARTESIAN_POINT('',(0.0066643889531311,0.0664025992064156,0.188046334160489));
#4935=CARTESIAN_POINT('',(0.00674772228646444,0.0666191055573618,0.188421334160489));
#4936=CARTESIAN_POINT('',(0.00683105561979777,0.0664025992064156,0.188796334160489));
#4937=CARTESIAN_POINT('',(0.00691438895313109,0.0661860928554696,0.189171334160489));
#4938=CARTESIAN_POINT('',(0.00699772228646443,0.0657530801535773,0.189171334160489));
#4939=CARTESIAN_POINT('',(0.00708105561979777,0.0653200674516851,0.189171334160489));
#4940=CARTESIAN_POINT('',(0.0071643889531311,0.065103561100739,0.188796334160489));
#4941=CARTESIAN_POINT('',(0.00724772228646444,0.0648870547497929,0.188421334160489));
#4942=CARTESIAN_POINT('',(0.00733105561979777,0.065103561100739,0.188046334160489));
#4943=CARTESIAN_POINT('',(0.00741438895313109,0.0653200674516851,0.187671334160489));
#4944=CARTESIAN_POINT('',(0.00749772228646443,0.0657530801535773,0.187671334160489));
#4945=CARTESIAN_POINT('',(0.00758105561979777,0.0661860928554696,0.187671334160489));
#4946=CARTESIAN_POINT('',(0.0076643889531311,0.0664025992064156,0.188046334160489));
#4947=CARTESIAN_POINT('',(0.00774772228646444,0.0666191055573618,0.188421334160489));
#4948=CARTESIAN_POINT('',(0.00783105561979777,0.0664025992064156,0.188796334160489));
#4949=CARTESIAN_POINT('',(0.00791438895313109,0.0661860928554696,0.189171334160489));
#4950=CARTESIAN_POINT('',(0.00799772228646443,0.0657530801535773,0.189171334160489));
#4951=CARTESIAN_POINT('',(-2.27771353557282E-6,0.0657530801535773,0.188421334160489));
#4952=CARTESIAN_POINT('',(-2.27771353557282E-6,0.0654,0.187759643594476));
#4953=CARTESIAN_POINT('',(-2.27771353557282E-6,0.0654,0.189083024726501));
#4954=CARTESIAN_POINT('',(0.00262774586144155,0.0654,0.189083024726501));
#4955=CARTESIAN_POINT('',(0.00262774586144156,0.0657530801535773,0.188421334160489));
#4956=CARTESIAN_POINT('',(0.00262774586144155,0.0662617068814288,0.188972513670009));
#4957=CARTESIAN_POINT('',(0.00074772228646442,0.0657530801535773,0.189171334160489));
#4958=CARTESIAN_POINT('',(0.000831055619797753,0.0653200674516851,0.189171334160489));
#4959=CARTESIAN_POINT('',(0.000914388953131087,0.065103561100739,0.188796334160489));
#4960=CARTESIAN_POINT('',(0.00099772228646442,0.0648870547497929,0.188421334160489));
#4961=CARTESIAN_POINT('',(0.00108105561979775,0.065103561100739,0.188046334160489));
#4962=CARTESIAN_POINT('',(0.00116438895313109,0.0653200674516851,0.187671334160489));
#4963=CARTESIAN_POINT('',(0.00124772228646442,0.0657530801535773,0.187671334160489));
#4964=CARTESIAN_POINT('',(0.00133105561979775,0.0661860928554696,0.187671334160489));
#4965=CARTESIAN_POINT('',(0.00141438895313109,0.0664025992064156,0.188046334160489));
#4966=CARTESIAN_POINT('',(0.00149772228646442,0.0666191055573618,0.188421334160489));
#4967=CARTESIAN_POINT('',(0.00158105561979776,0.0664025992064156,0.188796334160489));
#4968=CARTESIAN_POINT('',(0.00166438895313109,0.0661860928554696,0.189171334160489));
#4969=CARTESIAN_POINT('',(0.00174772228646442,0.0657530801535773,0.189171334160489));
#4970=CARTESIAN_POINT('',(0.00183105561979775,0.0653200674516851,0.189171334160489));
#4971=CARTESIAN_POINT('',(0.00191438895313109,0.065103561100739,0.188796334160489));
#4972=CARTESIAN_POINT('',(0.00199772228646442,0.0648870547497929,0.188421334160489));
#4973=CARTESIAN_POINT('',(0.00208105561979776,0.065103561100739,0.188046334160489));
#4974=CARTESIAN_POINT('',(0.00216438895313109,0.0653200674516851,0.187671334160489));
#4975=CARTESIAN_POINT('',(0.00224772228646442,0.0657530801535773,0.187671334160489));
#4976=CARTESIAN_POINT('',(0.00233105561979775,0.0661860928554696,0.187671334160489));
#4977=CARTESIAN_POINT('',(0.00241438895313108,0.0664025992064156,0.188046334160489));
#4978=CARTESIAN_POINT('',(0.00249772228646442,0.0666191055573618,0.188421334160489));
#4979=CARTESIAN_POINT('',(0.00258105561979775,0.0664025992064156,0.188796334160489));
#4980=CARTESIAN_POINT('',(0.00266438895313108,0.0661860928554696,0.189171334160489));
#4981=CARTESIAN_POINT('',(0.00274772228646442,0.0657530801535773,0.189171334160489));
#4982=CARTESIAN_POINT('',(0.00283105561979775,0.0653200674516851,0.189171334160489));
#4983=CARTESIAN_POINT('',(0.00291438895313108,0.065103561100739,0.188796334160489));
#4984=CARTESIAN_POINT('',(0.00299772228646442,0.0648870547497929,0.188421334160489));
#4985=CARTESIAN_POINT('',(0.00308105561979775,0.065103561100739,0.188046334160489));
#4986=CARTESIAN_POINT('',(0.00316438895313108,0.0653200674516851,0.187671334160489));
#4987=CARTESIAN_POINT('',(0.00324772228646442,0.0657530801535773,0.187671334160489));
#4988=CARTESIAN_POINT('',(0.00333105561979776,0.0661860928554696,0.187671334160489));
#4989=CARTESIAN_POINT('',(0.00341438895313108,0.0664025992064156,0.188046334160489));
#4990=CARTESIAN_POINT('',(0.00349772228646442,0.0666191055573618,0.188421334160489));
#4991=CARTESIAN_POINT('',(0.00358105561979775,0.0664025992064156,0.188796334160489));
#4992=CARTESIAN_POINT('',(0.00366438895313108,0.0661860928554696,0.189171334160489));
#4993=CARTESIAN_POINT('',(0.00374772228646442,0.0657530801535773,0.189171334160489));
#4994=CARTESIAN_POINT('',(0.00383105561979776,0.0653200674516851,0.189171334160489));
#4995=CARTESIAN_POINT('',(0.00391438895313108,0.065103561100739,0.188796334160489));
#4996=CARTESIAN_POINT('',(0.00399772228646442,0.0648870547497929,0.188421334160489));
#4997=CARTESIAN_POINT('',(0.00408105561979775,0.065103561100739,0.188046334160489));
#4998=CARTESIAN_POINT('',(0.00416438895313109,0.0653200674516851,0.187671334160489));
#4999=CARTESIAN_POINT('',(0.00424772228646442,0.0657530801535773,0.187671334160489));
#5000=CARTESIAN_POINT('',(0.00433105561979775,0.0661860928554696,0.187671334160489));
#5001=CARTESIAN_POINT('',(0.00441438895313108,0.0664025992064156,0.188046334160489));
#5002=CARTESIAN_POINT('',(0.00449772228646442,0.0666191055573618,0.188421334160489));
#5003=CARTESIAN_POINT('',(0.00458105561979775,0.0664025992064156,0.188796334160489));
#5004=CARTESIAN_POINT('',(0.00466438895313109,0.0661860928554696,0.189171334160489));
#5005=CARTESIAN_POINT('',(0.00474772228646442,0.0657530801535773,0.189171334160489));
#5006=CARTESIAN_POINT('',(0.00483105561979775,0.0653200674516851,0.189171334160489));
#5007=CARTESIAN_POINT('',(0.00491438895313109,0.065103561100739,0.188796334160489));
#5008=CARTESIAN_POINT('',(0.00499772228646442,0.0648870547497929,0.188421334160489));
#5009=CARTESIAN_POINT('',(0.00508105561979775,0.065103561100739,0.188046334160489));
#5010=CARTESIAN_POINT('',(0.00516438895313109,0.0653200674516851,0.187671334160489));
#5011=CARTESIAN_POINT('',(0.00524772228646442,0.0657530801535773,0.187671334160489));
#5012=CARTESIAN_POINT('',(0.00533105561979775,0.0661860928554696,0.187671334160489));
#5013=CARTESIAN_POINT('',(0.00541438895313109,0.0664025992064156,0.188046334160489));
#5014=CARTESIAN_POINT('',(0.00549772228646442,0.0666191055573618,0.188421334160489));
#5015=CARTESIAN_POINT('',(0.00558105561979775,0.0664025992064156,0.188796334160489));
#5016=CARTESIAN_POINT('',(0.00566438895313108,0.0661860928554696,0.189171334160489));
#5017=CARTESIAN_POINT('',(0.00574772228646442,0.0657530801535773,0.189171334160489));
#5018=CARTESIAN_POINT('',(0.00583105561979775,0.0653200674516851,0.189171334160489));
#5019=CARTESIAN_POINT('',(0.00591438895313109,0.065103561100739,0.188796334160489));
#5020=CARTESIAN_POINT('',(0.00599772228646442,0.0648870547497929,0.188421334160489));
#5021=CARTESIAN_POINT('',(0.00608105561979775,0.065103561100739,0.188046334160489));
#5022=CARTESIAN_POINT('',(0.00616438895313108,0.0653200674516851,0.187671334160489));
#5023=CARTESIAN_POINT('',(0.00624772228646442,0.0657530801535773,0.187671334160489));
#5024=CARTESIAN_POINT('',(0.00633105561979775,0.0661860928554696,0.187671334160489));
#5025=CARTESIAN_POINT('',(0.00641438895313109,0.0664025992064156,0.188046334160489));
#5026=CARTESIAN_POINT('',(0.00649772228646442,0.0666191055573618,0.188421334160489));
#5027=CARTESIAN_POINT('',(0.00658105561979775,0.0664025992064156,0.188796334160489));
#5028=CARTESIAN_POINT('',(0.00666438895313108,0.0661860928554696,0.189171334160489));
#5029=CARTESIAN_POINT('',(0.00674772228646442,0.0657530801535773,0.189171334160489));
#5030=CARTESIAN_POINT('',(0.00683105561979775,0.0653200674516851,0.189171334160489));
#5031=CARTESIAN_POINT('',(0.00691438895313109,0.065103561100739,0.188796334160489));
#5032=CARTESIAN_POINT('',(0.00699772228646442,0.0648870547497929,0.188421334160489));
#5033=CARTESIAN_POINT('',(0.00708105561979775,0.065103561100739,0.188046334160489));
#5034=CARTESIAN_POINT('',(0.00716438895313108,0.0653200674516851,0.187671334160489));
#5035=CARTESIAN_POINT('',(0.00724772228646442,0.0657530801535773,0.187671334160489));
#5036=CARTESIAN_POINT('',(0.00733105561979775,0.0661860928554696,0.187671334160489));
#5037=CARTESIAN_POINT('',(0.00741438895313109,0.0664025992064156,0.188046334160489));
#5038=CARTESIAN_POINT('',(0.00749772228646441,0.0666191055573618,0.188421334160489));
#5039=CARTESIAN_POINT('',(0.00758105561979775,0.0664025992064156,0.188796334160489));
#5040=CARTESIAN_POINT('',(0.00766438895313108,0.0661860928554696,0.189171334160489));
#5041=CARTESIAN_POINT('',(0.00774772228646442,0.0657530801535773,0.189171334160489));
#5042=CARTESIAN_POINT('',(0.00783105561979775,0.0653200674516851,0.189171334160489));
#5043=CARTESIAN_POINT('',(0.00791438895313109,0.065103561100739,0.188796334160489));
#5044=CARTESIAN_POINT('',(0.00799772228646441,0.0648870547497929,0.188421334160489));
#5045=CARTESIAN_POINT('',(0.00808105561979775,0.065103561100739,0.188046334160489));
#5046=CARTESIAN_POINT('',(0.00816438895313108,0.0653200674516851,0.187671334160489));
#5047=CARTESIAN_POINT('',(0.00824772228646442,0.0657530801535773,0.187671334160489));
#5048=CARTESIAN_POINT('',(0.00833105561979776,0.0661860928554696,0.187671334160489));
#5049=CARTESIAN_POINT('',(0.00841438895313109,0.0664025992064156,0.188046334160489));
#5050=CARTESIAN_POINT('',(0.00849772228646441,0.0666191055573618,0.188421334160489));
#5051=CARTESIAN_POINT('',(0.00858105561979775,0.0664025992064156,0.188796334160489));
#5052=CARTESIAN_POINT('',(0.00866438895313108,0.0661860928554696,0.189171334160489));
#5053=CARTESIAN_POINT('',(0.00874772228646442,0.0657530801535773,0.189171334160489));
#5054=CARTESIAN_POINT('',(0.00199164929399634,0.0650035782156611,0.188448662626595));
#5055=CARTESIAN_POINT('',(0.00203954722754628,0.0649957191342589,0.188233121925621));
#5056=CARTESIAN_POINT('',(0.00208105561979776,0.065103561100739,0.188046334160489));
#5057=CARTESIAN_POINT('',(0.00216438895313109,0.0653200674516851,0.187671334160489));
#5058=CARTESIAN_POINT('',(0.00224772228646442,0.0657530801535773,0.187671334160489));
#5059=CARTESIAN_POINT('',(0.00233105561979775,0.0661860928554696,0.187671334160489));
#5060=CARTESIAN_POINT('',(0.00241438895313108,0.0664025992064156,0.188046334160489));
#5061=CARTESIAN_POINT('',(0.00249772228646442,0.0666191055573618,0.188421334160489));
#5062=CARTESIAN_POINT('',(0.00258105561979775,0.0664025992064156,0.188796334160489));
#5063=CARTESIAN_POINT('',(0.00266438895313108,0.0661860928554696,0.189171334160489));
#5064=CARTESIAN_POINT('',(0.00274772228646442,0.0657530801535773,0.189171334160489));
#5065=CARTESIAN_POINT('',(0.00283105561979775,0.0653200674516851,0.189171334160489));
#5066=CARTESIAN_POINT('',(0.00291438895313108,0.065103561100739,0.188796334160489));
#5067=CARTESIAN_POINT('',(0.00292937784582418,0.0650646188151985,0.18872888414337));
#5068=CARTESIAN_POINT('',(0.00294582506634731,0.0650403668588239,0.188654871651016));
#5069=CARTESIAN_POINT('',(0.00167914929399634,0.0644626717860071,0.188468385248088));
#5070=CARTESIAN_POINT('',(0.00172704722754628,0.0644491409011759,0.188097291445632));
#5071=CARTESIAN_POINT('',(0.00176855561979775,0.0646348111027874,0.187775701222989));
#5072=CARTESIAN_POINT('',(0.00185188895313109,0.0650075674530507,0.187130068285489));
#5073=CARTESIAN_POINT('',(0.00193522228646442,0.0657530801535773,0.187130068285489));
#5074=CARTESIAN_POINT('',(0.00201855561979776,0.066498592854104,0.187130068285489));
#5075=CARTESIAN_POINT('',(0.00210188895313109,0.0668713492043673,0.187775701222989));
#5076=CARTESIAN_POINT('',(0.00218522228646442,0.0672441055546306,0.188421334160489));
#5077=CARTESIAN_POINT('',(0.00226855561979776,0.0668713492043673,0.189066967097989));
#5078=CARTESIAN_POINT('',(0.00235188895313109,0.066498592854104,0.189712600035489));
#5079=CARTESIAN_POINT('',(0.00243522228646442,0.0657530801535773,0.189712600035489));
#5080=CARTESIAN_POINT('',(0.00251855561979775,0.0650075674530507,0.189712600035489));
#5081=CARTESIAN_POINT('',(0.00260188895313108,0.0646348111027874,0.189066967097989));
#5082=CARTESIAN_POINT('',(0.00261687784582418,0.0645677646435702,0.188950839224157));
#5083=CARTESIAN_POINT('',(0.00263332506634731,0.0645260103453454,0.188823412816556));
#5084=CARTESIAN_POINT('',(0.00262774586144157,0.0645410274160669,0.188866638237983));
#5085=CARTESIAN_POINT('',(0.00262774586144157,0.0647263507615009,0.189162936054831));
#5086=CARTESIAN_POINT('',(0.00262774586144158,0.0653522899544449,0.189593215300723));
#5087=CARTESIAN_POINT('',(0.00262774586144149,0.066103517546272,0.189286778431327));
#5088=CARTESIAN_POINT('',(0.00262774586144149,0.066261706881429,0.188972513670009));
#5089=CARTESIAN_POINT('',(0.0150627340739529,0.0654,0.204653073774879));
#5090=CARTESIAN_POINT('',(0.00262774586144155,0.0654,0.204653073774879));
#5091=CARTESIAN_POINT('',(0.00262774586144155,0.0624,0.204653073774879));
#5092=MECHANICAL_DESIGN_GEOMETRIC_PRESENTATION_REPRESENTATION('',(#1099),
#5093);
#5093=(
GEOMETRIC_REPRESENTATION_CONTEXT(3)
GLOBAL_UNCERTAINTY_ASSIGNED_CONTEXT((#5094))
GLOBAL_UNIT_ASSIGNED_CONTEXT((#5097,#5096,#5095))
REPRESENTATION_CONTEXT('PiCover','TOP_LEVEL_ASSEMBLY_PART')
);
#5094=UNCERTAINTY_MEASURE_WITH_UNIT(LENGTH_MEASURE(2.00000005724053E-5),
#5097,'DISTANCE_ACCURACY_VALUE','Maximum Tolerance applied to model');
#5095=(
NAMED_UNIT(*)
SI_UNIT($,.STERADIAN.)
SOLID_ANGLE_UNIT()
);
#5096=(
NAMED_UNIT(*)
PLANE_ANGLE_UNIT()
SI_UNIT($,.RADIAN.)
);
#5097=(
LENGTH_UNIT()
NAMED_UNIT(*)
SI_UNIT($,.METRE.)
);
#5098=PRODUCT_DEFINITION_SHAPE('','',#5099);
#5099=PRODUCT_DEFINITION('','',#5101,#5100);
#5100=PRODUCT_DEFINITION_CONTEXT('',#5107,'design');
#5101=PRODUCT_DEFINITION_FORMATION_WITH_SPECIFIED_SOURCE('','',#5103,
 .NOT_KNOWN.);
#5102=PRODUCT_RELATED_PRODUCT_CATEGORY('','',(#5103));
#5103=PRODUCT('PiCover','PiCover','PiCover',(#5105));
#5104=PRODUCT_CATEGORY('','');
#5105=PRODUCT_CONTEXT('',#5107,'mechanical');
#5106=APPLICATION_PROTOCOL_DEFINITION('international standard',
'ap242_managed_model_based_3d_engineering',2011,#5107);
#5107=APPLICATION_CONTEXT('managed model based 3d engineering');
ENDSEC;
END-ISO-10303-21;
