ISO-10303-21;
HEADER;
/* Generated by software containing ST-Developer
 * from STEP Tools, Inc. (www.steptools.com) 
 */
/* OPTION: using custom renumber hook */

FILE_DESCRIPTION(
/* description */ ('STEP AP242',
'CAx-IF Rec.Pracs.---Representation and Presentation of Product Manufa
cturing Information (PMI)---4.0---2014-10-13',
'CAx-IF Rec.Pracs.---3D Tessellated Geometry---0.4---2014-09-14','2;1',
'CAx-IF Rec.Pracs.---User Defined Attributes---1.5---2016-08-15'),
/* implementation_level */ '2;1');

FILE_NAME(
/* name */ 'Assembly 1 - ControlPanelCover',
/* time_stamp */ '2025-11-19T05:29:13Z',
/* author */ (''),
/* organization */ (''),
/* preprocessor_version */ 'ST-DEVELOPER v20',
/* originating_system */ 'ONSHAPE BY PTC INC, 1.206',
/* authorisation */ '  ');

FILE_SCHEMA (('AP242_MANAGED_MODEL_BASED_3D_ENGINEERING_MIM_LF { 1 0 10303 442 1 1 4 }'));
ENDSEC;

DATA;
#10=SHAPE_REPRESENTATION_RELATIONSHIP('','',#3810,#11);
#11=ADVANCED_BREP_SHAPE_REPRESENTATION('',(#3808),#11248);
#12=(
BOUNDED_SURFACE()
B_SPLINE_SURFACE(3,3,((#9151,#9152,#9153,#9154),(#9155,#9156,#9157,#9158),
(#9159,#9160,#9161,#9162),(#9163,#9164,#9165,#9166)),
 .SURF_OF_REVOLUTION.,.F.,.F.,.F.)
B_SPLINE_SURFACE_WITH_KNOTS((4,4),(4,4),(0.,1.),(0.,1.),
 .PIECEWISE_BEZIER_KNOTS.)
GEOMETRIC_REPRESENTATION_ITEM()
RATIONAL_B_SPLINE_SURFACE(((1.,0.944201156427236,0.944201156427236,1.),
(1.,0.944201156427236,0.944201156427236,1.),(1.,0.944201156427236,0.944201156427236,
1.),(1.,0.944201156427236,0.944201156427236,1.)))
REPRESENTATION_ITEM('')
SURFACE()
);
#13=(
BOUNDED_SURFACE()
B_SPLINE_SURFACE(3,3,((#9222,#9223,#9224,#9225),(#9226,#9227,#9228,#9229),
(#9230,#9231,#9232,#9233),(#9234,#9235,#9236,#9237)),
 .SURF_OF_REVOLUTION.,.F.,.F.,.F.)
B_SPLINE_SURFACE_WITH_KNOTS((4,4),(4,4),(0.,1.),(0.,1.),
 .PIECEWISE_BEZIER_KNOTS.)
GEOMETRIC_REPRESENTATION_ITEM()
RATIONAL_B_SPLINE_SURFACE(((1.,0.944201054433655,0.944201054433655,1.),
(1.,0.944201054433655,0.944201054433655,1.),(1.,0.944201054433655,0.944201054433655,
1.),(1.,0.944201054433655,0.944201054433655,1.)))
REPRESENTATION_ITEM('')
SURFACE()
);
#14=(
BOUNDED_SURFACE()
B_SPLINE_SURFACE(3,3,((#9402,#9403,#9404,#9405),(#9406,#9407,#9408,#9409),
(#9410,#9411,#9412,#9413),(#9414,#9415,#9416,#9417)),
 .SURF_OF_REVOLUTION.,.F.,.F.,.F.)
B_SPLINE_SURFACE_WITH_KNOTS((4,4),(4,4),(0.,1.),(0.,1.),
 .PIECEWISE_BEZIER_KNOTS.)
GEOMETRIC_REPRESENTATION_ITEM()
RATIONAL_B_SPLINE_SURFACE(((1.,0.944201089230313,0.944201089230313,1.),
(1.,0.944201089230313,0.944201089230313,1.),(1.,0.944201089230313,0.944201089230313,
1.),(1.,0.944201089230313,0.944201089230313,1.)))
REPRESENTATION_ITEM('')
SURFACE()
);
#15=(
BOUNDED_SURFACE()
B_SPLINE_SURFACE(3,3,((#9502,#9503,#9504,#9505),(#9506,#9507,#9508,#9509),
(#9510,#9511,#9512,#9513),(#9514,#9515,#9516,#9517)),
 .SURF_OF_REVOLUTION.,.F.,.F.,.F.)
B_SPLINE_SURFACE_WITH_KNOTS((4,4),(4,4),(0.,1.),(0.,1.),
 .PIECEWISE_BEZIER_KNOTS.)
GEOMETRIC_REPRESENTATION_ITEM()
RATIONAL_B_SPLINE_SURFACE(((1.,0.944201156427138,0.944201156427138,1.),
(1.,0.944201156427138,0.944201156427138,1.),(1.,0.944201156427138,0.944201156427138,
1.),(1.,0.944201156427138,0.944201156427138,1.)))
REPRESENTATION_ITEM('')
SURFACE()
);
#16=(
BOUNDED_SURFACE()
B_SPLINE_SURFACE(3,3,((#9522,#9523,#9524,#9525),(#9526,#9527,#9528,#9529),
(#9530,#9531,#9532,#9533),(#9534,#9535,#9536,#9537)),
 .SURF_OF_REVOLUTION.,.F.,.F.,.F.)
B_SPLINE_SURFACE_WITH_KNOTS((4,4),(4,4),(0.,1.),(0.,1.),
 .PIECEWISE_BEZIER_KNOTS.)
GEOMETRIC_REPRESENTATION_ITEM()
RATIONAL_B_SPLINE_SURFACE(((1.,0.944201156427,0.944201156427,1.),(1.,0.944201156427,
0.944201156427,1.),(1.,0.944201156427,0.944201156427,1.),(1.,0.944201156427,
0.944201156427,1.)))
REPRESENTATION_ITEM('')
SURFACE()
);
#17=(
BOUNDED_SURFACE()
B_SPLINE_SURFACE(3,3,((#9625,#9626,#9627,#9628),(#9629,#9630,#9631,#9632),
(#9633,#9634,#9635,#9636),(#9637,#9638,#9639,#9640)),
 .SURF_OF_REVOLUTION.,.F.,.F.,.F.)
B_SPLINE_SURFACE_WITH_KNOTS((4,4),(4,4),(0.,1.),(0.,1.),
 .PIECEWISE_BEZIER_KNOTS.)
GEOMETRIC_REPRESENTATION_ITEM()
RATIONAL_B_SPLINE_SURFACE(((1.,0.944201054436357,0.944201054436357,1.),
(1.,0.944201054436357,0.944201054436357,1.),(1.,0.944201054436357,0.944201054436357,
1.),(1.,0.944201054436357,0.944201054436357,1.)))
REPRESENTATION_ITEM('')
SURFACE()
);
#18=(
BOUNDED_SURFACE()
B_SPLINE_SURFACE(3,3,((#9805,#9806,#9807,#9808),(#9809,#9810,#9811,#9812),
(#9813,#9814,#9815,#9816),(#9817,#9818,#9819,#9820)),
 .SURF_OF_REVOLUTION.,.F.,.F.,.F.)
B_SPLINE_SURFACE_WITH_KNOTS((4,4),(4,4),(0.,1.),(0.,1.),
 .PIECEWISE_BEZIER_KNOTS.)
GEOMETRIC_REPRESENTATION_ITEM()
RATIONAL_B_SPLINE_SURFACE(((1.,0.944201089229595,0.944201089229595,1.),
(1.,0.944201089229595,0.944201089229595,1.),(1.,0.944201089229595,0.944201089229595,
1.),(1.,0.944201089229595,0.944201089229595,1.)))
REPRESENTATION_ITEM('')
SURFACE()
);
#19=(
BOUNDED_SURFACE()
B_SPLINE_SURFACE(3,3,((#9905,#9906,#9907,#9908),(#9909,#9910,#9911,#9912),
(#9913,#9914,#9915,#9916),(#9917,#9918,#9919,#9920)),
 .SURF_OF_REVOLUTION.,.F.,.F.,.F.)
B_SPLINE_SURFACE_WITH_KNOTS((4,4),(4,4),(0.,1.),(0.,1.),
 .PIECEWISE_BEZIER_KNOTS.)
GEOMETRIC_REPRESENTATION_ITEM()
RATIONAL_B_SPLINE_SURFACE(((1.,0.944201156427114,0.944201156427114,1.),
(1.,0.944201156427114,0.944201156427114,1.),(1.,0.944201156427114,0.944201156427114,
1.),(1.,0.944201156427114,0.944201156427114,1.)))
REPRESENTATION_ITEM('')
SURFACE()
);
#20=(
BOUNDED_SURFACE()
B_SPLINE_SURFACE(3,3,((#9925,#9926,#9927,#9928),(#9929,#9930,#9931,#9932),
(#9933,#9934,#9935,#9936),(#9937,#9938,#9939,#9940)),
 .SURF_OF_REVOLUTION.,.F.,.F.,.F.)
B_SPLINE_SURFACE_WITH_KNOTS((4,4),(4,4),(0.,1.),(0.,1.),
 .PIECEWISE_BEZIER_KNOTS.)
GEOMETRIC_REPRESENTATION_ITEM()
RATIONAL_B_SPLINE_SURFACE(((1.,0.944201156427082,0.944201156427082,1.),
(1.,0.944201156427082,0.944201156427082,1.),(1.,0.944201156427082,0.944201156427082,
1.),(1.,0.944201156427082,0.944201156427082,1.)))
REPRESENTATION_ITEM('')
SURFACE()
);
#21=(
BOUNDED_SURFACE()
B_SPLINE_SURFACE(3,3,((#10028,#10029,#10030,#10031),(#10032,#10033,#10034,
#10035),(#10036,#10037,#10038,#10039),(#10040,#10041,#10042,#10043)),
 .SURF_OF_REVOLUTION.,.F.,.F.,.F.)
B_SPLINE_SURFACE_WITH_KNOTS((4,4),(4,4),(0.,1.),(0.,1.),
 .PIECEWISE_BEZIER_KNOTS.)
GEOMETRIC_REPRESENTATION_ITEM()
RATIONAL_B_SPLINE_SURFACE(((1.,0.944201054433146,0.944201054433146,1.),
(1.,0.944201054433146,0.944201054433146,1.),(1.,0.944201054433146,0.944201054433146,
1.),(1.,0.944201054433146,0.944201054433146,1.)))
REPRESENTATION_ITEM('')
SURFACE()
);
#22=(
BOUNDED_SURFACE()
B_SPLINE_SURFACE(3,3,((#10208,#10209,#10210,#10211),(#10212,#10213,#10214,
#10215),(#10216,#10217,#10218,#10219),(#10220,#10221,#10222,#10223)),
 .SURF_OF_REVOLUTION.,.F.,.F.,.F.)
B_SPLINE_SURFACE_WITH_KNOTS((4,4),(4,4),(0.,1.),(0.,1.),
 .PIECEWISE_BEZIER_KNOTS.)
GEOMETRIC_REPRESENTATION_ITEM()
RATIONAL_B_SPLINE_SURFACE(((1.,0.944201089230524,0.944201089230524,1.),
(1.,0.944201089230524,0.944201089230524,1.),(1.,0.944201089230524,0.944201089230524,
1.),(1.,0.944201089230524,0.944201089230524,1.)))
REPRESENTATION_ITEM('')
SURFACE()
);
#23=(
BOUNDED_SURFACE()
B_SPLINE_SURFACE(3,3,((#10308,#10309,#10310,#10311),(#10312,#10313,#10314,
#10315),(#10316,#10317,#10318,#10319),(#10320,#10321,#10322,#10323)),
 .SURF_OF_REVOLUTION.,.F.,.F.,.F.)
B_SPLINE_SURFACE_WITH_KNOTS((4,4),(4,4),(0.,1.),(0.,1.),
 .PIECEWISE_BEZIER_KNOTS.)
GEOMETRIC_REPRESENTATION_ITEM()
RATIONAL_B_SPLINE_SURFACE(((1.,0.944201156424341,0.944201156424341,1.),
(1.,0.944201156424341,0.944201156424341,1.),(1.,0.944201156424341,0.944201156424341,
1.),(1.,0.944201156424341,0.944201156424341,1.)))
REPRESENTATION_ITEM('')
SURFACE()
);
#24=(
BOUNDED_SURFACE()
B_SPLINE_SURFACE(3,3,((#10328,#10329,#10330,#10331),(#10332,#10333,#10334,
#10335),(#10336,#10337,#10338,#10339),(#10340,#10341,#10342,#10343)),
 .SURF_OF_REVOLUTION.,.F.,.F.,.F.)
B_SPLINE_SURFACE_WITH_KNOTS((4,4),(4,4),(0.,1.),(0.,1.),
 .PIECEWISE_BEZIER_KNOTS.)
GEOMETRIC_REPRESENTATION_ITEM()
RATIONAL_B_SPLINE_SURFACE(((1.,0.94420115642717,0.94420115642717,1.),(1.,
0.94420115642717,0.94420115642717,1.),(1.,0.94420115642717,0.94420115642717,
1.),(1.,0.94420115642717,0.94420115642717,1.)))
REPRESENTATION_ITEM('')
SURFACE()
);
#25=(
BOUNDED_SURFACE()
B_SPLINE_SURFACE(3,3,((#10431,#10432,#10433,#10434),(#10435,#10436,#10437,
#10438),(#10439,#10440,#10441,#10442),(#10443,#10444,#10445,#10446)),
 .SURF_OF_REVOLUTION.,.F.,.F.,.F.)
B_SPLINE_SURFACE_WITH_KNOTS((4,4),(4,4),(0.,1.),(0.,1.),
 .PIECEWISE_BEZIER_KNOTS.)
GEOMETRIC_REPRESENTATION_ITEM()
RATIONAL_B_SPLINE_SURFACE(((1.,0.94420104237461,0.94420104237461,1.),(1.,
0.94420104237461,0.94420104237461,1.),(1.,0.94420104237461,0.94420104237461,
1.),(1.,0.94420104237461,0.94420104237461,1.)))
REPRESENTATION_ITEM('')
SURFACE()
);
#26=(
BOUNDED_SURFACE()
B_SPLINE_SURFACE(3,3,((#10603,#10604,#10605,#10606),(#10607,#10608,#10609,
#10610),(#10611,#10612,#10613,#10614),(#10615,#10616,#10617,#10618)),
 .SURF_OF_REVOLUTION.,.F.,.F.,.F.)
B_SPLINE_SURFACE_WITH_KNOTS((4,4),(4,4),(0.,1.),(0.,1.),
 .PIECEWISE_BEZIER_KNOTS.)
GEOMETRIC_REPRESENTATION_ITEM()
RATIONAL_B_SPLINE_SURFACE(((1.,0.944201089230409,0.944201089230409,1.),
(1.,0.944201089230409,0.944201089230409,1.),(1.,0.944201089230409,0.944201089230409,
1.),(1.,0.944201089230409,0.944201089230409,1.)))
REPRESENTATION_ITEM('')
SURFACE()
);
#27=(
BOUNDED_SURFACE()
B_SPLINE_SURFACE(3,3,((#10663,#10664,#10665,#10666),(#10667,#10668,#10669,
#10670),(#10671,#10672,#10673,#10674),(#10675,#10676,#10677,#10678)),
 .SURF_OF_REVOLUTION.,.F.,.F.,.F.)
B_SPLINE_SURFACE_WITH_KNOTS((4,4),(4,4),(0.,1.),(0.,1.),
 .PIECEWISE_BEZIER_KNOTS.)
GEOMETRIC_REPRESENTATION_ITEM()
RATIONAL_B_SPLINE_SURFACE(((1.,0.944201156427447,0.944201156427447,1.),
(1.,0.944201156427447,0.944201156427447,1.),(1.,0.944201156427447,0.944201156427447,
1.),(1.,0.944201156427447,0.944201156427447,1.)))
REPRESENTATION_ITEM('')
SURFACE()
);
#28=B_SPLINE_SURFACE_WITH_KNOTS('',3,3,((#5667,#5668,#5669,#5670,#5671,
#5672,#5673,#5674),(#5675,#5676,#5677,#5678,#5679,#5680,#5681,#5682),(#5683,
#5684,#5685,#5686,#5687,#5688,#5689,#5690),(#5691,#5692,#5693,#5694,#5695,
#5696,#5697,#5698),(#5699,#5700,#5701,#5702,#5703,#5704,#5705,#5706),(#5707,
#5708,#5709,#5710,#5711,#5712,#5713,#5714),(#5715,#5716,#5717,#5718,#5719,
#5720,#5721,#5722),(#5723,#5724,#5725,#5726,#5727,#5728,#5729,#5730)),
 .UNSPECIFIED.,.F.,.F.,.F.,(4,2,2,4),(4,2,2,4),(0.,0.25,0.5,1.),(0.,0.25,
0.5,1.),.UNSPECIFIED.);
#29=B_SPLINE_SURFACE_WITH_KNOTS('',3,3,((#5758,#5759,#5760,#5761,#5762,
#5763,#5764,#5765),(#5766,#5767,#5768,#5769,#5770,#5771,#5772,#5773),(#5774,
#5775,#5776,#5777,#5778,#5779,#5780,#5781),(#5782,#5783,#5784,#5785,#5786,
#5787,#5788,#5789),(#5790,#5791,#5792,#5793,#5794,#5795,#5796,#5797),(#5798,
#5799,#5800,#5801,#5802,#5803,#5804,#5805),(#5806,#5807,#5808,#5809,#5810,
#5811,#5812,#5813),(#5814,#5815,#5816,#5817,#5818,#5819,#5820,#5821)),
 .UNSPECIFIED.,.F.,.F.,.F.,(4,2,2,4),(4,2,2,4),(0.,0.25,0.5,1.),(0.,0.25,
0.5,1.),.UNSPECIFIED.);
#30=B_SPLINE_SURFACE_WITH_KNOTS('',3,3,((#5839,#5840,#5841,#5842,#5843,
#5844,#5845,#5846),(#5847,#5848,#5849,#5850,#5851,#5852,#5853,#5854),(#5855,
#5856,#5857,#5858,#5859,#5860,#5861,#5862),(#5863,#5864,#5865,#5866,#5867,
#5868,#5869,#5870),(#5871,#5872,#5873,#5874,#5875,#5876,#5877,#5878),(#5879,
#5880,#5881,#5882,#5883,#5884,#5885,#5886),(#5887,#5888,#5889,#5890,#5891,
#5892,#5893,#5894),(#5895,#5896,#5897,#5898,#5899,#5900,#5901,#5902)),
 .UNSPECIFIED.,.F.,.F.,.F.,(4,2,2,4),(4,2,2,4),(0.,0.25,0.5,1.),(0.,0.25,
0.5,1.),.UNSPECIFIED.);
#31=B_SPLINE_SURFACE_WITH_KNOTS('',3,3,((#5930,#5931,#5932,#5933,#5934,
#5935,#5936,#5937),(#5938,#5939,#5940,#5941,#5942,#5943,#5944,#5945),(#5946,
#5947,#5948,#5949,#5950,#5951,#5952,#5953),(#5954,#5955,#5956,#5957,#5958,
#5959,#5960,#5961),(#5962,#5963,#5964,#5965,#5966,#5967,#5968,#5969),(#5970,
#5971,#5972,#5973,#5974,#5975,#5976,#5977),(#5978,#5979,#5980,#5981,#5982,
#5983,#5984,#5985),(#5986,#5987,#5988,#5989,#5990,#5991,#5992,#5993)),
 .UNSPECIFIED.,.F.,.F.,.F.,(4,2,2,4),(4,2,2,4),(0.,0.25,0.5,1.),(0.,0.25,
0.5,1.),.UNSPECIFIED.);
#32=B_SPLINE_SURFACE_WITH_KNOTS('',3,3,((#6011,#6012,#6013,#6014,#6015,
#6016,#6017,#6018),(#6019,#6020,#6021,#6022,#6023,#6024,#6025,#6026),(#6027,
#6028,#6029,#6030,#6031,#6032,#6033,#6034),(#6035,#6036,#6037,#6038,#6039,
#6040,#6041,#6042),(#6043,#6044,#6045,#6046,#6047,#6048,#6049,#6050),(#6051,
#6052,#6053,#6054,#6055,#6056,#6057,#6058),(#6059,#6060,#6061,#6062,#6063,
#6064,#6065,#6066),(#6067,#6068,#6069,#6070,#6071,#6072,#6073,#6074)),
 .UNSPECIFIED.,.F.,.F.,.F.,(4,2,2,4),(4,2,2,4),(0.,0.25,0.5,1.),(0.,0.25,
0.5,1.),.UNSPECIFIED.);
#33=B_SPLINE_SURFACE_WITH_KNOTS('',3,3,((#6102,#6103,#6104,#6105,#6106,
#6107,#6108,#6109),(#6110,#6111,#6112,#6113,#6114,#6115,#6116,#6117),(#6118,
#6119,#6120,#6121,#6122,#6123,#6124,#6125),(#6126,#6127,#6128,#6129,#6130,
#6131,#6132,#6133),(#6134,#6135,#6136,#6137,#6138,#6139,#6140,#6141),(#6142,
#6143,#6144,#6145,#6146,#6147,#6148,#6149),(#6150,#6151,#6152,#6153,#6154,
#6155,#6156,#6157),(#6158,#6159,#6160,#6161,#6162,#6163,#6164,#6165)),
 .UNSPECIFIED.,.F.,.F.,.F.,(4,2,2,4),(4,2,2,4),(0.,0.25,0.5,1.),(0.,0.25,
0.5,1.),.UNSPECIFIED.);
#34=B_SPLINE_SURFACE_WITH_KNOTS('',3,3,((#6183,#6184,#6185,#6186,#6187,
#6188,#6189,#6190),(#6191,#6192,#6193,#6194,#6195,#6196,#6197,#6198),(#6199,
#6200,#6201,#6202,#6203,#6204,#6205,#6206),(#6207,#6208,#6209,#6210,#6211,
#6212,#6213,#6214),(#6215,#6216,#6217,#6218,#6219,#6220,#6221,#6222),(#6223,
#6224,#6225,#6226,#6227,#6228,#6229,#6230),(#6231,#6232,#6233,#6234,#6235,
#6236,#6237,#6238),(#6239,#6240,#6241,#6242,#6243,#6244,#6245,#6246)),
 .UNSPECIFIED.,.F.,.F.,.F.,(4,2,2,4),(4,2,2,4),(0.,0.25,0.5,1.),(0.,0.25,
0.5,1.),.UNSPECIFIED.);
#35=B_SPLINE_SURFACE_WITH_KNOTS('',3,3,((#6274,#6275,#6276,#6277,#6278,
#6279,#6280,#6281),(#6282,#6283,#6284,#6285,#6286,#6287,#6288,#6289),(#6290,
#6291,#6292,#6293,#6294,#6295,#6296,#6297),(#6298,#6299,#6300,#6301,#6302,
#6303,#6304,#6305),(#6306,#6307,#6308,#6309,#6310,#6311,#6312,#6313),(#6314,
#6315,#6316,#6317,#6318,#6319,#6320,#6321),(#6322,#6323,#6324,#6325,#6326,
#6327,#6328,#6329),(#6330,#6331,#6332,#6333,#6334,#6335,#6336,#6337)),
 .UNSPECIFIED.,.F.,.F.,.F.,(4,2,2,4),(4,2,2,4),(0.,0.25,0.5,1.),(0.,0.25,
0.5,1.),.UNSPECIFIED.);
#36=B_SPLINE_SURFACE_WITH_KNOTS('',3,1,((#6355,#6356),(#6357,#6358),(#6359,
#6360),(#6361,#6362)),.SURF_OF_LINEAR_EXTRUSION.,.F.,.F.,.F.,(4,4),(2,2),
(-2.45366739856757E-14,1.00000000000173),(0.,1.),
 .PIECEWISE_BEZIER_KNOTS.);
#37=B_SPLINE_SURFACE_WITH_KNOTS('',3,3,((#6367,#6368,#6369,#6370,#6371,
#6372,#6373,#6374),(#6375,#6376,#6377,#6378,#6379,#6380,#6381,#6382),(#6383,
#6384,#6385,#6386,#6387,#6388,#6389,#6390),(#6391,#6392,#6393,#6394,#6395,
#6396,#6397,#6398),(#6399,#6400,#6401,#6402,#6403,#6404,#6405,#6406),(#6407,
#6408,#6409,#6410,#6411,#6412,#6413,#6414),(#6415,#6416,#6417,#6418,#6419,
#6420,#6421,#6422),(#6423,#6424,#6425,#6426,#6427,#6428,#6429,#6430)),
 .UNSPECIFIED.,.F.,.F.,.F.,(4,2,2,4),(4,2,2,4),(0.,0.25,0.5,1.),(0.,0.25,
0.5,1.),.UNSPECIFIED.);
#38=B_SPLINE_SURFACE_WITH_KNOTS('',3,1,((#6435,#6436),(#6437,#6438),(#6439,
#6440),(#6441,#6442)),.SURF_OF_LINEAR_EXTRUSION.,.F.,.F.,.F.,(4,4),(2,2),
(8.92051406931195E-14,1.00000000000244),(0.,1.),
 .PIECEWISE_BEZIER_KNOTS.);
#39=B_SPLINE_SURFACE_WITH_KNOTS('',3,1,((#6443,#6444),(#6445,#6446),(#6447,
#6448),(#6449,#6450)),.SURF_OF_LINEAR_EXTRUSION.,.F.,.F.,.F.,(4,4),(2,2),
(6.73258244451015E-12,1.00000000000012),(0.,1.),
 .PIECEWISE_BEZIER_KNOTS.);
#40=B_SPLINE_SURFACE_WITH_KNOTS('',3,1,((#6455,#6456),(#6457,#6458),(#6459,
#6460),(#6461,#6462)),.SURF_OF_LINEAR_EXTRUSION.,.F.,.F.,.F.,(4,4),(2,2),
(5.31121712465699E-16,1.00000000000113),(0.,1.),
 .PIECEWISE_BEZIER_KNOTS.);
#41=B_SPLINE_SURFACE_WITH_KNOTS('',3,1,((#6463,#6464),(#6465,#6466),(#6467,
#6468),(#6469,#6470)),.SURF_OF_LINEAR_EXTRUSION.,.F.,.F.,.F.,(4,4),(2,2),
(-1.0303053678478E-13,1.00000000000066),(0.,1.),
 .PIECEWISE_BEZIER_KNOTS.);
#42=B_SPLINE_SURFACE_WITH_KNOTS('',3,3,((#6475,#6476,#6477,#6478,#6479,
#6480,#6481,#6482),(#6483,#6484,#6485,#6486,#6487,#6488,#6489,#6490),(#6491,
#6492,#6493,#6494,#6495,#6496,#6497,#6498),(#6499,#6500,#6501,#6502,#6503,
#6504,#6505,#6506),(#6507,#6508,#6509,#6510,#6511,#6512,#6513,#6514),(#6515,
#6516,#6517,#6518,#6519,#6520,#6521,#6522),(#6523,#6524,#6525,#6526,#6527,
#6528,#6529,#6530),(#6531,#6532,#6533,#6534,#6535,#6536,#6537,#6538)),
 .UNSPECIFIED.,.F.,.F.,.F.,(4,2,2,4),(4,2,2,4),(0.,0.25,0.5,1.),(0.,0.25,
0.5,1.),.UNSPECIFIED.);
#43=B_SPLINE_SURFACE_WITH_KNOTS('',3,3,((#6543,#6544,#6545,#6546,#6547,
#6548,#6549,#6550),(#6551,#6552,#6553,#6554,#6555,#6556,#6557,#6558),(#6559,
#6560,#6561,#6562,#6563,#6564,#6565,#6566),(#6567,#6568,#6569,#6570,#6571,
#6572,#6573,#6574),(#6575,#6576,#6577,#6578,#6579,#6580,#6581,#6582),(#6583,
#6584,#6585,#6586,#6587,#6588,#6589,#6590),(#6591,#6592,#6593,#6594,#6595,
#6596,#6597,#6598),(#6599,#6600,#6601,#6602,#6603,#6604,#6605,#6606)),
 .UNSPECIFIED.,.F.,.F.,.F.,(4,2,2,4),(4,2,2,4),(0.,0.25,0.5,1.),(0.,0.25,
0.5,1.),.UNSPECIFIED.);
#44=B_SPLINE_SURFACE_WITH_KNOTS('',3,1,((#6611,#6612),(#6613,#6614),(#6615,
#6616),(#6617,#6618)),.SURF_OF_LINEAR_EXTRUSION.,.F.,.F.,.F.,(4,4),(2,2),
(-2.22740551783738E-14,1.00000000000097),(0.,1.),
 .PIECEWISE_BEZIER_KNOTS.);
#45=B_SPLINE_SURFACE_WITH_KNOTS('',3,1,((#6619,#6620),(#6621,#6622),(#6623,
#6624),(#6625,#6626)),.SURF_OF_LINEAR_EXTRUSION.,.F.,.F.,.F.,(4,4),(2,2),
(-1.35047343872874E-11,1.00000000000006),(0.,1.),
 .PIECEWISE_BEZIER_KNOTS.);
#46=B_SPLINE_SURFACE_WITH_KNOTS('',3,3,((#6631,#6632,#6633,#6634,#6635,
#6636,#6637,#6638),(#6639,#6640,#6641,#6642,#6643,#6644,#6645,#6646),(#6647,
#6648,#6649,#6650,#6651,#6652,#6653,#6654),(#6655,#6656,#6657,#6658,#6659,
#6660,#6661,#6662),(#6663,#6664,#6665,#6666,#6667,#6668,#6669,#6670),(#6671,
#6672,#6673,#6674,#6675,#6676,#6677,#6678),(#6679,#6680,#6681,#6682,#6683,
#6684,#6685,#6686),(#6687,#6688,#6689,#6690,#6691,#6692,#6693,#6694)),
 .UNSPECIFIED.,.F.,.F.,.F.,(4,2,2,4),(4,2,2,4),(0.,0.25,0.5,1.),(0.,0.25,
0.5,1.),.UNSPECIFIED.);
#47=B_SPLINE_SURFACE_WITH_KNOTS('',3,1,((#6699,#6700),(#6701,#6702),(#6703,
#6704),(#6705,#6706)),.SURF_OF_LINEAR_EXTRUSION.,.F.,.F.,.F.,(4,4),(2,2),
(-1.72917002047694E-13,1.00000000000054),(0.,1.),
 .PIECEWISE_BEZIER_KNOTS.);
#48=B_SPLINE_SURFACE_WITH_KNOTS('',3,3,((#6707,#6708,#6709,#6710,#6711,
#6712),(#6713,#6714,#6715,#6716,#6717,#6718),(#6719,#6720,#6721,#6722,#6723,
#6724),(#6725,#6726,#6727,#6728,#6729,#6730),(#6731,#6732,#6733,#6734,#6735,
#6736),(#6737,#6738,#6739,#6740,#6741,#6742),(#6743,#6744,#6745,#6746,#6747,
#6748),(#6749,#6750,#6751,#6752,#6753,#6754)),.UNSPECIFIED.,.F.,.F.,.F.,
(4,2,2,4),(4,2,4),(0.,0.25,0.5,1.),(0.,0.5,1.),.UNSPECIFIED.);
#49=B_SPLINE_SURFACE_WITH_KNOTS('',3,3,((#6782,#6783,#6784,#6785,#6786,
#6787,#6788,#6789),(#6790,#6791,#6792,#6793,#6794,#6795,#6796,#6797),(#6798,
#6799,#6800,#6801,#6802,#6803,#6804,#6805),(#6806,#6807,#6808,#6809,#6810,
#6811,#6812,#6813),(#6814,#6815,#6816,#6817,#6818,#6819,#6820,#6821),(#6822,
#6823,#6824,#6825,#6826,#6827,#6828,#6829),(#6830,#6831,#6832,#6833,#6834,
#6835,#6836,#6837),(#6838,#6839,#6840,#6841,#6842,#6843,#6844,#6845)),
 .UNSPECIFIED.,.F.,.F.,.F.,(4,2,2,4),(4,2,2,4),(0.,0.25,0.5,1.),(0.,0.25,
0.5,1.),.UNSPECIFIED.);
#50=B_SPLINE_SURFACE_WITH_KNOTS('',3,3,((#6863,#6864,#6865,#6866,#6867,
#6868),(#6869,#6870,#6871,#6872,#6873,#6874),(#6875,#6876,#6877,#6878,#6879,
#6880),(#6881,#6882,#6883,#6884,#6885,#6886),(#6887,#6888,#6889,#6890,#6891,
#6892),(#6893,#6894,#6895,#6896,#6897,#6898),(#6899,#6900,#6901,#6902,#6903,
#6904),(#6905,#6906,#6907,#6908,#6909,#6910)),.UNSPECIFIED.,.F.,.F.,.F.,
(4,2,2,4),(4,2,4),(0.,0.25,0.5,1.),(0.,0.5,1.),.UNSPECIFIED.);
#51=B_SPLINE_SURFACE_WITH_KNOTS('',3,3,((#6938,#6939,#6940,#6941,#6942,
#6943,#6944,#6945),(#6946,#6947,#6948,#6949,#6950,#6951,#6952,#6953),(#6954,
#6955,#6956,#6957,#6958,#6959,#6960,#6961),(#6962,#6963,#6964,#6965,#6966,
#6967,#6968,#6969),(#6970,#6971,#6972,#6973,#6974,#6975,#6976,#6977),(#6978,
#6979,#6980,#6981,#6982,#6983,#6984,#6985),(#6986,#6987,#6988,#6989,#6990,
#6991,#6992,#6993),(#6994,#6995,#6996,#6997,#6998,#6999,#7000,#7001)),
 .UNSPECIFIED.,.F.,.F.,.F.,(4,2,2,4),(4,2,2,4),(0.,0.25,0.5,1.),(0.,0.25,
0.5,1.),.UNSPECIFIED.);
#52=B_SPLINE_SURFACE_WITH_KNOTS('',3,3,((#7019,#7020,#7021,#7022,#7023,
#7024,#7025,#7026),(#7027,#7028,#7029,#7030,#7031,#7032,#7033,#7034),(#7035,
#7036,#7037,#7038,#7039,#7040,#7041,#7042),(#7043,#7044,#7045,#7046,#7047,
#7048,#7049,#7050),(#7051,#7052,#7053,#7054,#7055,#7056,#7057,#7058),(#7059,
#7060,#7061,#7062,#7063,#7064,#7065,#7066)),.UNSPECIFIED.,.F.,.F.,.F.,(4,
2,4),(4,2,2,4),(0.,0.5,1.),(0.,0.25,0.5,1.),.UNSPECIFIED.);
#53=B_SPLINE_SURFACE_WITH_KNOTS('',3,3,((#7092,#7093,#7094,#7095,#7096,
#7097),(#7098,#7099,#7100,#7101,#7102,#7103),(#7104,#7105,#7106,#7107,#7108,
#7109),(#7110,#7111,#7112,#7113,#7114,#7115),(#7116,#7117,#7118,#7119,#7120,
#7121),(#7122,#7123,#7124,#7125,#7126,#7127),(#7128,#7129,#7130,#7131,#7132,
#7133),(#7134,#7135,#7136,#7137,#7138,#7139)),.UNSPECIFIED.,.F.,.F.,.F.,
(4,2,2,4),(4,2,4),(0.,0.25,0.5,1.),(0.,0.5,1.),.UNSPECIFIED.);
#54=B_SPLINE_SURFACE_WITH_KNOTS('',3,3,((#7155,#7156,#7157,#7158,#7159,
#7160),(#7161,#7162,#7163,#7164,#7165,#7166),(#7167,#7168,#7169,#7170,#7171,
#7172),(#7173,#7174,#7175,#7176,#7177,#7178),(#7179,#7180,#7181,#7182,#7183,
#7184),(#7185,#7186,#7187,#7188,#7189,#7190),(#7191,#7192,#7193,#7194,#7195,
#7196),(#7197,#7198,#7199,#7200,#7201,#7202)),.UNSPECIFIED.,.F.,.F.,.F.,
(4,2,2,4),(4,2,4),(0.,0.25,0.5,1.),(0.,0.5,1.),.UNSPECIFIED.);
#55=B_SPLINE_SURFACE_WITH_KNOTS('',3,3,((#7230,#7231,#7232,#7233,#7234,
#7235,#7236,#7237),(#7238,#7239,#7240,#7241,#7242,#7243,#7244,#7245),(#7246,
#7247,#7248,#7249,#7250,#7251,#7252,#7253),(#7254,#7255,#7256,#7257,#7258,
#7259,#7260,#7261),(#7262,#7263,#7264,#7265,#7266,#7267,#7268,#7269),(#7270,
#7271,#7272,#7273,#7274,#7275,#7276,#7277),(#7278,#7279,#7280,#7281,#7282,
#7283,#7284,#7285),(#7286,#7287,#7288,#7289,#7290,#7291,#7292,#7293)),
 .UNSPECIFIED.,.F.,.F.,.F.,(4,2,2,4),(4,2,2,4),(0.,0.25,0.5,1.),(0.,0.25,
0.5,1.),.UNSPECIFIED.);
#56=B_SPLINE_SURFACE_WITH_KNOTS('',3,3,((#7311,#7312,#7313,#7314,#7315,
#7316,#7317,#7318),(#7319,#7320,#7321,#7322,#7323,#7324,#7325,#7326),(#7327,
#7328,#7329,#7330,#7331,#7332,#7333,#7334),(#7335,#7336,#7337,#7338,#7339,
#7340,#7341,#7342),(#7343,#7344,#7345,#7346,#7347,#7348,#7349,#7350),(#7351,
#7352,#7353,#7354,#7355,#7356,#7357,#7358)),.UNSPECIFIED.,.F.,.F.,.F.,(4,
2,4),(4,2,2,4),(0.,0.5,1.),(0.,0.25,0.5,1.),.UNSPECIFIED.);
#57=B_SPLINE_SURFACE_WITH_KNOTS('',3,3,((#7384,#7385,#7386,#7387,#7388,
#7389),(#7390,#7391,#7392,#7393,#7394,#7395),(#7396,#7397,#7398,#7399,#7400,
#7401),(#7402,#7403,#7404,#7405,#7406,#7407),(#7408,#7409,#7410,#7411,#7412,
#7413),(#7414,#7415,#7416,#7417,#7418,#7419),(#7420,#7421,#7422,#7423,#7424,
#7425),(#7426,#7427,#7428,#7429,#7430,#7431)),.UNSPECIFIED.,.F.,.F.,.F.,
(4,2,2,4),(4,2,4),(0.,0.25,0.5,1.),(0.,0.5,1.),.UNSPECIFIED.);
#58=B_SPLINE_SURFACE_WITH_KNOTS('',3,3,((#7447,#7448,#7449,#7450,#7451,
#7452),(#7453,#7454,#7455,#7456,#7457,#7458),(#7459,#7460,#7461,#7462,#7463,
#7464),(#7465,#7466,#7467,#7468,#7469,#7470),(#7471,#7472,#7473,#7474,#7475,
#7476),(#7477,#7478,#7479,#7480,#7481,#7482),(#7483,#7484,#7485,#7486,#7487,
#7488),(#7489,#7490,#7491,#7492,#7493,#7494)),.UNSPECIFIED.,.F.,.F.,.F.,
(4,2,2,4),(4,2,4),(0.,0.25,0.5,1.),(0.,0.5,1.),.UNSPECIFIED.);
#59=B_SPLINE_SURFACE_WITH_KNOTS('',3,3,((#7522,#7523,#7524,#7525,#7526,
#7527,#7528,#7529),(#7530,#7531,#7532,#7533,#7534,#7535,#7536,#7537),(#7538,
#7539,#7540,#7541,#7542,#7543,#7544,#7545),(#7546,#7547,#7548,#7549,#7550,
#7551,#7552,#7553),(#7554,#7555,#7556,#7557,#7558,#7559,#7560,#7561),(#7562,
#7563,#7564,#7565,#7566,#7567,#7568,#7569),(#7570,#7571,#7572,#7573,#7574,
#7575,#7576,#7577),(#7578,#7579,#7580,#7581,#7582,#7583,#7584,#7585)),
 .UNSPECIFIED.,.F.,.F.,.F.,(4,2,2,4),(4,2,2,4),(0.,0.25,0.5,1.),(0.,0.25,
0.5,1.),.UNSPECIFIED.);
#60=B_SPLINE_SURFACE_WITH_KNOTS('',3,3,((#7603,#7604,#7605,#7606,#7607,
#7608,#7609,#7610),(#7611,#7612,#7613,#7614,#7615,#7616,#7617,#7618),(#7619,
#7620,#7621,#7622,#7623,#7624,#7625,#7626),(#7627,#7628,#7629,#7630,#7631,
#7632,#7633,#7634),(#7635,#7636,#7637,#7638,#7639,#7640,#7641,#7642),(#7643,
#7644,#7645,#7646,#7647,#7648,#7649,#7650)),.UNSPECIFIED.,.F.,.F.,.F.,(4,
2,4),(4,2,2,4),(0.,0.5,1.),(0.,0.25,0.5,1.),.UNSPECIFIED.);
#61=B_SPLINE_SURFACE_WITH_KNOTS('',3,3,((#7676,#7677,#7678,#7679,#7680,
#7681),(#7682,#7683,#7684,#7685,#7686,#7687),(#7688,#7689,#7690,#7691,#7692,
#7693),(#7694,#7695,#7696,#7697,#7698,#7699),(#7700,#7701,#7702,#7703,#7704,
#7705),(#7706,#7707,#7708,#7709,#7710,#7711),(#7712,#7713,#7714,#7715,#7716,
#7717),(#7718,#7719,#7720,#7721,#7722,#7723)),.UNSPECIFIED.,.F.,.F.,.F.,
(4,2,2,4),(4,2,4),(0.,0.25,0.5,1.),(0.,0.5,1.),.UNSPECIFIED.);
#62=B_SPLINE_SURFACE_WITH_KNOTS('',3,3,((#7739,#7740,#7741,#7742,#7743,
#7744),(#7745,#7746,#7747,#7748,#7749,#7750),(#7751,#7752,#7753,#7754,#7755,
#7756),(#7757,#7758,#7759,#7760,#7761,#7762),(#7763,#7764,#7765,#7766,#7767,
#7768),(#7769,#7770,#7771,#7772,#7773,#7774),(#7775,#7776,#7777,#7778,#7779,
#7780),(#7781,#7782,#7783,#7784,#7785,#7786)),.UNSPECIFIED.,.F.,.F.,.F.,
(4,2,2,4),(4,2,4),(0.,0.25,0.5,1.),(0.,0.5,1.),.UNSPECIFIED.);
#63=B_SPLINE_SURFACE_WITH_KNOTS('',3,3,((#7814,#7815,#7816,#7817,#7818,
#7819,#7820,#7821),(#7822,#7823,#7824,#7825,#7826,#7827,#7828,#7829),(#7830,
#7831,#7832,#7833,#7834,#7835,#7836,#7837),(#7838,#7839,#7840,#7841,#7842,
#7843,#7844,#7845),(#7846,#7847,#7848,#7849,#7850,#7851,#7852,#7853),(#7854,
#7855,#7856,#7857,#7858,#7859,#7860,#7861),(#7862,#7863,#7864,#7865,#7866,
#7867,#7868,#7869),(#7870,#7871,#7872,#7873,#7874,#7875,#7876,#7877)),
 .UNSPECIFIED.,.F.,.F.,.F.,(4,2,2,4),(4,2,2,4),(0.,0.25,0.5,1.),(0.,0.25,
0.5,1.),.UNSPECIFIED.);
#64=B_SPLINE_SURFACE_WITH_KNOTS('',3,3,((#7895,#7896,#7897,#7898,#7899,
#7900,#7901,#7902),(#7903,#7904,#7905,#7906,#7907,#7908,#7909,#7910),(#7911,
#7912,#7913,#7914,#7915,#7916,#7917,#7918),(#7919,#7920,#7921,#7922,#7923,
#7924,#7925,#7926),(#7927,#7928,#7929,#7930,#7931,#7932,#7933,#7934),(#7935,
#7936,#7937,#7938,#7939,#7940,#7941,#7942)),.UNSPECIFIED.,.F.,.F.,.F.,(4,
2,4),(4,2,2,4),(0.,0.5,1.),(0.,0.25,0.5,1.),.UNSPECIFIED.);
#65=B_SPLINE_SURFACE_WITH_KNOTS('',3,3,((#7968,#7969,#7970,#7971,#7972,
#7973),(#7974,#7975,#7976,#7977,#7978,#7979),(#7980,#7981,#7982,#7983,#7984,
#7985),(#7986,#7987,#7988,#7989,#7990,#7991),(#7992,#7993,#7994,#7995,#7996,
#7997),(#7998,#7999,#8000,#8001,#8002,#8003),(#8004,#8005,#8006,#8007,#8008,
#8009),(#8010,#8011,#8012,#8013,#8014,#8015)),.UNSPECIFIED.,.F.,.F.,.F.,
(4,2,2,4),(4,2,4),(0.,0.25,0.5,1.),(0.,0.5,1.),.UNSPECIFIED.);
#66=B_SPLINE_SURFACE_WITH_KNOTS('',3,3,((#8031,#8032,#8033,#8034,#8035,
#8036),(#8037,#8038,#8039,#8040,#8041,#8042),(#8043,#8044,#8045,#8046,#8047,
#8048),(#8049,#8050,#8051,#8052,#8053,#8054),(#8055,#8056,#8057,#8058,#8059,
#8060),(#8061,#8062,#8063,#8064,#8065,#8066),(#8067,#8068,#8069,#8070,#8071,
#8072),(#8073,#8074,#8075,#8076,#8077,#8078)),.UNSPECIFIED.,.F.,.F.,.F.,
(4,2,2,4),(4,2,4),(0.,0.25,0.5,1.),(0.,0.5,1.),.UNSPECIFIED.);
#67=B_SPLINE_SURFACE_WITH_KNOTS('',3,3,((#8106,#8107,#8108,#8109,#8110,
#8111,#8112,#8113),(#8114,#8115,#8116,#8117,#8118,#8119,#8120,#8121),(#8122,
#8123,#8124,#8125,#8126,#8127,#8128,#8129),(#8130,#8131,#8132,#8133,#8134,
#8135,#8136,#8137),(#8138,#8139,#8140,#8141,#8142,#8143,#8144,#8145),(#8146,
#8147,#8148,#8149,#8150,#8151,#8152,#8153),(#8154,#8155,#8156,#8157,#8158,
#8159,#8160,#8161),(#8162,#8163,#8164,#8165,#8166,#8167,#8168,#8169)),
 .UNSPECIFIED.,.F.,.F.,.F.,(4,2,2,4),(4,2,2,4),(0.,0.25,0.5,1.),(0.,0.25,
0.5,1.),.UNSPECIFIED.);
#68=B_SPLINE_SURFACE_WITH_KNOTS('',3,3,((#8187,#8188,#8189,#8190,#8191,
#8192,#8193,#8194),(#8195,#8196,#8197,#8198,#8199,#8200,#8201,#8202),(#8203,
#8204,#8205,#8206,#8207,#8208,#8209,#8210),(#8211,#8212,#8213,#8214,#8215,
#8216,#8217,#8218),(#8219,#8220,#8221,#8222,#8223,#8224,#8225,#8226),(#8227,
#8228,#8229,#8230,#8231,#8232,#8233,#8234)),.UNSPECIFIED.,.F.,.F.,.F.,(4,
2,4),(4,2,2,4),(0.,0.5,1.),(0.,0.25,0.5,1.),.UNSPECIFIED.);
#69=B_SPLINE_SURFACE_WITH_KNOTS('',3,3,((#8260,#8261,#8262,#8263,#8264,
#8265),(#8266,#8267,#8268,#8269,#8270,#8271),(#8272,#8273,#8274,#8275,#8276,
#8277),(#8278,#8279,#8280,#8281,#8282,#8283),(#8284,#8285,#8286,#8287,#8288,
#8289),(#8290,#8291,#8292,#8293,#8294,#8295),(#8296,#8297,#8298,#8299,#8300,
#8301),(#8302,#8303,#8304,#8305,#8306,#8307)),.UNSPECIFIED.,.F.,.F.,.F.,
(4,2,2,4),(4,2,4),(0.,0.25,0.5,1.),(0.,0.5,1.),.UNSPECIFIED.);
#70=B_SPLINE_SURFACE_WITH_KNOTS('',3,3,((#8323,#8324,#8325,#8326,#8327,
#8328),(#8329,#8330,#8331,#8332,#8333,#8334),(#8335,#8336,#8337,#8338,#8339,
#8340),(#8341,#8342,#8343,#8344,#8345,#8346),(#8347,#8348,#8349,#8350,#8351,
#8352),(#8353,#8354,#8355,#8356,#8357,#8358),(#8359,#8360,#8361,#8362,#8363,
#8364),(#8365,#8366,#8367,#8368,#8369,#8370)),.UNSPECIFIED.,.F.,.F.,.F.,
(4,2,2,4),(4,2,4),(0.,0.25,0.5,1.),(0.,0.5,1.),.UNSPECIFIED.);
#71=B_SPLINE_SURFACE_WITH_KNOTS('',3,3,((#8398,#8399,#8400,#8401,#8402,
#8403,#8404,#8405),(#8406,#8407,#8408,#8409,#8410,#8411,#8412,#8413),(#8414,
#8415,#8416,#8417,#8418,#8419,#8420,#8421),(#8422,#8423,#8424,#8425,#8426,
#8427,#8428,#8429),(#8430,#8431,#8432,#8433,#8434,#8435,#8436,#8437),(#8438,
#8439,#8440,#8441,#8442,#8443,#8444,#8445),(#8446,#8447,#8448,#8449,#8450,
#8451,#8452,#8453),(#8454,#8455,#8456,#8457,#8458,#8459,#8460,#8461)),
 .UNSPECIFIED.,.F.,.F.,.F.,(4,2,2,4),(4,2,2,4),(0.,0.25,0.5,1.),(0.,0.25,
0.5,1.),.UNSPECIFIED.);
#72=B_SPLINE_SURFACE_WITH_KNOTS('',3,3,((#8479,#8480,#8481,#8482,#8483,
#8484,#8485,#8486),(#8487,#8488,#8489,#8490,#8491,#8492,#8493,#8494),(#8495,
#8496,#8497,#8498,#8499,#8500,#8501,#8502),(#8503,#8504,#8505,#8506,#8507,
#8508,#8509,#8510),(#8511,#8512,#8513,#8514,#8515,#8516,#8517,#8518),(#8519,
#8520,#8521,#8522,#8523,#8524,#8525,#8526)),.UNSPECIFIED.,.F.,.F.,.F.,(4,
2,4),(4,2,2,4),(0.,0.5,1.),(0.,0.25,0.5,1.),.UNSPECIFIED.);
#73=B_SPLINE_SURFACE_WITH_KNOTS('',3,3,((#8552,#8553,#8554,#8555,#8556,
#8557),(#8558,#8559,#8560,#8561,#8562,#8563),(#8564,#8565,#8566,#8567,#8568,
#8569),(#8570,#8571,#8572,#8573,#8574,#8575),(#8576,#8577,#8578,#8579,#8580,
#8581),(#8582,#8583,#8584,#8585,#8586,#8587),(#8588,#8589,#8590,#8591,#8592,
#8593),(#8594,#8595,#8596,#8597,#8598,#8599)),.UNSPECIFIED.,.F.,.F.,.F.,
(4,2,2,4),(4,2,4),(0.,0.25,0.5,1.),(0.,0.5,1.),.UNSPECIFIED.);
#74=B_SPLINE_SURFACE_WITH_KNOTS('',3,3,((#8615,#8616,#8617,#8618,#8619,
#8620),(#8621,#8622,#8623,#8624,#8625,#8626),(#8627,#8628,#8629,#8630,#8631,
#8632),(#8633,#8634,#8635,#8636,#8637,#8638),(#8639,#8640,#8641,#8642,#8643,
#8644),(#8645,#8646,#8647,#8648,#8649,#8650),(#8651,#8652,#8653,#8654,#8655,
#8656),(#8657,#8658,#8659,#8660,#8661,#8662)),.UNSPECIFIED.,.F.,.F.,.F.,
(4,2,2,4),(4,2,4),(0.,0.25,0.5,1.),(0.,0.5,1.),.UNSPECIFIED.);
#75=B_SPLINE_SURFACE_WITH_KNOTS('',3,3,((#8690,#8691,#8692,#8693,#8694,
#8695,#8696,#8697),(#8698,#8699,#8700,#8701,#8702,#8703,#8704,#8705),(#8706,
#8707,#8708,#8709,#8710,#8711,#8712,#8713),(#8714,#8715,#8716,#8717,#8718,
#8719,#8720,#8721),(#8722,#8723,#8724,#8725,#8726,#8727,#8728,#8729),(#8730,
#8731,#8732,#8733,#8734,#8735,#8736,#8737),(#8738,#8739,#8740,#8741,#8742,
#8743,#8744,#8745),(#8746,#8747,#8748,#8749,#8750,#8751,#8752,#8753)),
 .UNSPECIFIED.,.F.,.F.,.F.,(4,2,2,4),(4,2,2,4),(0.,0.25,0.5,1.),(0.,0.25,
0.5,1.),.UNSPECIFIED.);
#76=B_SPLINE_SURFACE_WITH_KNOTS('',3,3,((#8771,#8772,#8773,#8774,#8775,
#8776,#8777,#8778),(#8779,#8780,#8781,#8782,#8783,#8784,#8785,#8786),(#8787,
#8788,#8789,#8790,#8791,#8792,#8793,#8794),(#8795,#8796,#8797,#8798,#8799,
#8800,#8801,#8802),(#8803,#8804,#8805,#8806,#8807,#8808,#8809,#8810),(#8811,
#8812,#8813,#8814,#8815,#8816,#8817,#8818)),.UNSPECIFIED.,.F.,.F.,.F.,(4,
2,4),(4,2,2,4),(0.,0.5,1.),(0.,0.25,0.5,1.),.UNSPECIFIED.);
#77=B_SPLINE_SURFACE_WITH_KNOTS('',3,3,((#8844,#8845,#8846,#8847,#8848,
#8849),(#8850,#8851,#8852,#8853,#8854,#8855),(#8856,#8857,#8858,#8859,#8860,
#8861),(#8862,#8863,#8864,#8865,#8866,#8867),(#8868,#8869,#8870,#8871,#8872,
#8873),(#8874,#8875,#8876,#8877,#8878,#8879),(#8880,#8881,#8882,#8883,#8884,
#8885),(#8886,#8887,#8888,#8889,#8890,#8891)),.UNSPECIFIED.,.F.,.F.,.F.,
(4,2,2,4),(4,2,4),(0.,0.25,0.5,1.),(0.,0.5,1.),.UNSPECIFIED.);
#78=B_SPLINE_SURFACE_WITH_KNOTS('',3,3,((#8907,#8908,#8909,#8910,#8911,
#8912,#8913,#8914),(#8915,#8916,#8917,#8918,#8919,#8920,#8921,#8922),(#8923,
#8924,#8925,#8926,#8927,#8928,#8929,#8930),(#8931,#8932,#8933,#8934,#8935,
#8936,#8937,#8938),(#8939,#8940,#8941,#8942,#8943,#8944,#8945,#8946),(#8947,
#8948,#8949,#8950,#8951,#8952,#8953,#8954)),.UNSPECIFIED.,.F.,.F.,.F.,(4,
2,4),(4,2,2,4),(0.,0.5,1.),(0.,0.25,0.5,1.),.UNSPECIFIED.);
#79=B_SPLINE_SURFACE_WITH_KNOTS('',3,3,((#8980,#8981,#8982,#8983,#8984,
#8985),(#8986,#8987,#8988,#8989,#8990,#8991),(#8992,#8993,#8994,#8995,#8996,
#8997),(#8998,#8999,#9000,#9001,#9002,#9003),(#9004,#9005,#9006,#9007,#9008,
#9009),(#9010,#9011,#9012,#9013,#9014,#9015),(#9016,#9017,#9018,#9019,#9020,
#9021),(#9022,#9023,#9024,#9025,#9026,#9027)),.UNSPECIFIED.,.F.,.F.,.F.,
(4,2,2,4),(4,2,4),(0.,0.25,0.5,1.),(0.,0.5,1.),.UNSPECIFIED.);
#80=B_SPLINE_SURFACE_WITH_KNOTS('',3,1,((#9043,#9044),(#9045,#9046),(#9047,
#9048),(#9049,#9050)),.SURF_OF_LINEAR_EXTRUSION.,.F.,.F.,.F.,(4,4),(2,2),
(-1.51954743382101E-12,1.00000000000473),(0.,1.),
 .PIECEWISE_BEZIER_KNOTS.);
#81=B_SPLINE_SURFACE_WITH_KNOTS('',3,1,((#9051,#9052),(#9053,#9054),(#9055,
#9056),(#9057,#9058)),.SURF_OF_LINEAR_EXTRUSION.,.F.,.F.,.F.,(4,4),(2,2),
(-1.26006028963741E-13,1.00000000467943),(0.,1.),
 .PIECEWISE_BEZIER_KNOTS.);
#82=B_SPLINE_SURFACE_WITH_KNOTS('',3,3,((#9067,#9068,#9069,#9070,#9071,
#9072,#9073,#9074),(#9075,#9076,#9077,#9078,#9079,#9080,#9081,#9082),(#9083,
#9084,#9085,#9086,#9087,#9088,#9089,#9090),(#9091,#9092,#9093,#9094,#9095,
#9096,#9097,#9098),(#9099,#9100,#9101,#9102,#9103,#9104,#9105,#9106),(#9107,
#9108,#9109,#9110,#9111,#9112,#9113,#9114),(#9115,#9116,#9117,#9118,#9119,
#9120,#9121,#9122),(#9123,#9124,#9125,#9126,#9127,#9128,#9129,#9130)),
 .UNSPECIFIED.,.F.,.F.,.F.,(4,2,2,4),(4,2,2,4),(0.,0.25,0.5,1.),(0.,0.25,
0.5,1.),.UNSPECIFIED.);
#83=B_SPLINE_SURFACE_WITH_KNOTS('',2,3,((#9135,#9136,#9137,#9138),(#9139,
#9140,#9141,#9142),(#9143,#9144,#9145,#9146)),.UNSPECIFIED.,.F.,.F.,.F.,
(3,3),(4,4),(0.,1.),(3.93203987888085E-13,1.57079632679533),
 .PIECEWISE_BEZIER_KNOTS.);
#84=B_SPLINE_SURFACE_WITH_KNOTS('',3,1,((#9171,#9172),(#9173,#9174),(#9175,
#9176),(#9177,#9178)),.SURF_OF_LINEAR_EXTRUSION.,.F.,.F.,.F.,(4,4),(2,2),
(-3.75290969300101E-13,1.00000000000002),(0.,1.),
 .PIECEWISE_BEZIER_KNOTS.);
#85=B_SPLINE_SURFACE_WITH_KNOTS('',3,1,((#9183,#9184),(#9185,#9186),(#9187,
#9188),(#9189,#9190)),.SURF_OF_LINEAR_EXTRUSION.,.F.,.F.,.F.,(4,4),(2,2),
(-5.35724523451465E-13,1.00600002283542),(0.,1.),
 .PIECEWISE_BEZIER_KNOTS.);
#86=B_SPLINE_SURFACE_WITH_KNOTS('',2,3,((#9198,#9199,#9200,#9201),(#9202,
#9203,#9204,#9205),(#9206,#9207,#9208,#9209)),.UNSPECIFIED.,.F.,.F.,.F.,
(3,3),(4,4),(0.,1.),(1.57079632679533,3.14159265359021),
 .PIECEWISE_BEZIER_KNOTS.);
#87=B_SPLINE_SURFACE_WITH_KNOTS('',3,1,((#9214,#9215),(#9216,#9217),(#9218,
#9219),(#9220,#9221)),.SURF_OF_LINEAR_EXTRUSION.,.F.,.F.,.F.,(4,4),(2,2),
(-1.99049746053656E-13,1.00000000000604),(0.,1.),
 .PIECEWISE_BEZIER_KNOTS.);
#88=B_SPLINE_SURFACE_WITH_KNOTS('',3,1,((#9242,#9243),(#9244,#9245),(#9246,
#9247),(#9248,#9249)),.SURF_OF_LINEAR_EXTRUSION.,.F.,.F.,.F.,(4,4),(2,2),
(-1.53556168012873E-13,1.00600016184195),(0.,1.),
 .PIECEWISE_BEZIER_KNOTS.);
#89=B_SPLINE_SURFACE_WITH_KNOTS('',3,1,((#9250,#9251),(#9252,#9253),(#9254,
#9255),(#9256,#9257)),.SURF_OF_LINEAR_EXTRUSION.,.F.,.F.,.F.,(4,4),(2,2),
(-2.88712307067783E-13,1.00000000000594),(0.,1.),
 .PIECEWISE_BEZIER_KNOTS.);
#90=B_SPLINE_SURFACE_WITH_KNOTS('',3,3,((#9262,#9263,#9264,#9265,#9266,
#9267,#9268,#9269),(#9270,#9271,#9272,#9273,#9274,#9275,#9276,#9277),(#9278,
#9279,#9280,#9281,#9282,#9283,#9284,#9285),(#9286,#9287,#9288,#9289,#9290,
#9291,#9292,#9293),(#9294,#9295,#9296,#9297,#9298,#9299,#9300,#9301),(#9302,
#9303,#9304,#9305,#9306,#9307,#9308,#9309),(#9310,#9311,#9312,#9313,#9314,
#9315,#9316,#9317),(#9318,#9319,#9320,#9321,#9322,#9323,#9324,#9325)),
 .UNSPECIFIED.,.F.,.F.,.F.,(4,2,2,4),(4,2,2,4),(0.,0.25,0.5,1.),(0.,0.25,
0.5,1.),.UNSPECIFIED.);
#91=B_SPLINE_SURFACE_WITH_KNOTS('',3,3,((#9330,#9331,#9332,#9333,#9334,
#9335,#9336,#9337),(#9338,#9339,#9340,#9341,#9342,#9343,#9344,#9345),(#9346,
#9347,#9348,#9349,#9350,#9351,#9352,#9353),(#9354,#9355,#9356,#9357,#9358,
#9359,#9360,#9361),(#9362,#9363,#9364,#9365,#9366,#9367,#9368,#9369),(#9370,
#9371,#9372,#9373,#9374,#9375,#9376,#9377)),.UNSPECIFIED.,.F.,.F.,.F.,(4,
2,4),(4,2,2,4),(0.,0.5,1.),(0.,0.25,0.5,1.),.UNSPECIFIED.);
#92=B_SPLINE_SURFACE_WITH_KNOTS('',3,1,((#9382,#9383),(#9384,#9385),(#9386,
#9387),(#9388,#9389)),.SURF_OF_LINEAR_EXTRUSION.,.F.,.F.,.F.,(4,4),(2,2),
(-1.41736070315109E-12,1.00000000000468),(0.,1.),
 .PIECEWISE_BEZIER_KNOTS.);
#93=B_SPLINE_SURFACE_WITH_KNOTS('',3,1,((#9390,#9391),(#9392,#9393),(#9394,
#9395),(#9396,#9397)),.SURF_OF_LINEAR_EXTRUSION.,.F.,.F.,.F.,(4,4),(2,2),
(6.03606551916157E-16,1.0000000046805),(0.,1.),.PIECEWISE_BEZIER_KNOTS.);
#94=B_SPLINE_SURFACE_WITH_KNOTS('',3,3,((#9422,#9423,#9424,#9425,#9426,
#9427,#9428,#9429),(#9430,#9431,#9432,#9433,#9434,#9435,#9436,#9437),(#9438,
#9439,#9440,#9441,#9442,#9443,#9444,#9445),(#9446,#9447,#9448,#9449,#9450,
#9451,#9452,#9453),(#9454,#9455,#9456,#9457,#9458,#9459,#9460,#9461),(#9462,
#9463,#9464,#9465,#9466,#9467,#9468,#9469),(#9470,#9471,#9472,#9473,#9474,
#9475,#9476,#9477),(#9478,#9479,#9480,#9481,#9482,#9483,#9484,#9485)),
 .UNSPECIFIED.,.F.,.F.,.F.,(4,2,2,4),(4,2,2,4),(0.,0.25,0.5,1.),(0.,0.25,
0.5,1.),.UNSPECIFIED.);
#95=B_SPLINE_SURFACE_WITH_KNOTS('',3,1,((#9490,#9491),(#9492,#9493),(#9494,
#9495),(#9496,#9497)),.SURF_OF_LINEAR_EXTRUSION.,.F.,.F.,.F.,(4,4),(2,2),
(-6.91629313358586E-13,1.00600002522815),(0.,1.),
 .PIECEWISE_BEZIER_KNOTS.);
#96=B_SPLINE_SURFACE_WITH_KNOTS('',3,1,((#9538,#9539),(#9540,#9541),(#9542,
#9543),(#9544,#9545)),.SURF_OF_LINEAR_EXTRUSION.,.F.,.F.,.F.,(4,4),(2,2),
(-1.62243511090179E-12,1.00000000000489),(0.,1.),
 .PIECEWISE_BEZIER_KNOTS.);
#97=B_SPLINE_SURFACE_WITH_KNOTS('',3,1,((#9550,#9551),(#9552,#9553),(#9554,
#9555),(#9556,#9557)),.SURF_OF_LINEAR_EXTRUSION.,.F.,.F.,.F.,(4,4),(2,2),
(7.25797250058086E-14,1.00600002283557),(0.,1.),
 .PIECEWISE_BEZIER_KNOTS.);
#98=B_SPLINE_SURFACE_WITH_KNOTS('',3,3,((#9565,#9566,#9567,#9568,#9569,
#9570,#9571,#9572),(#9573,#9574,#9575,#9576,#9577,#9578,#9579,#9580),(#9581,
#9582,#9583,#9584,#9585,#9586,#9587,#9588),(#9589,#9590,#9591,#9592,#9593,
#9594,#9595,#9596),(#9597,#9598,#9599,#9600,#9601,#9602,#9603,#9604),(#9605,
#9606,#9607,#9608,#9609,#9610,#9611,#9612)),.UNSPECIFIED.,.F.,.F.,.F.,(4,
2,4),(4,2,2,4),(0.,0.5,1.),(0.,0.25,0.5,1.),.UNSPECIFIED.);
#99=B_SPLINE_SURFACE_WITH_KNOTS('',3,1,((#9617,#9618),(#9619,#9620),(#9621,
#9622),(#9623,#9624)),.SURF_OF_LINEAR_EXTRUSION.,.F.,.F.,.F.,(4,4),(2,2),
(-5.74469913243009E-14,1.000000000006),(0.,1.),.PIECEWISE_BEZIER_KNOTS.);
#100=B_SPLINE_SURFACE_WITH_KNOTS('',3,1,((#9645,#9646),(#9647,#9648),(#9649,
#9650),(#9651,#9652)),.SURF_OF_LINEAR_EXTRUSION.,.F.,.F.,.F.,(4,4),(2,2),
(1.10696344198556E-11,1.0060001618286),(0.,1.),.PIECEWISE_BEZIER_KNOTS.);
#101=B_SPLINE_SURFACE_WITH_KNOTS('',3,1,((#9653,#9654),(#9655,#9656),(#9657,
#9658),(#9659,#9660)),.SURF_OF_LINEAR_EXTRUSION.,.F.,.F.,.F.,(4,4),(2,2),
(-1.22632475919622E-13,1.00000000000579),(0.,1.),
 .PIECEWISE_BEZIER_KNOTS.);
#102=B_SPLINE_SURFACE_WITH_KNOTS('',3,3,((#9665,#9666,#9667,#9668,#9669,
#9670,#9671,#9672),(#9673,#9674,#9675,#9676,#9677,#9678,#9679,#9680),(#9681,
#9682,#9683,#9684,#9685,#9686,#9687,#9688),(#9689,#9690,#9691,#9692,#9693,
#9694,#9695,#9696),(#9697,#9698,#9699,#9700,#9701,#9702,#9703,#9704),(#9705,
#9706,#9707,#9708,#9709,#9710,#9711,#9712),(#9713,#9714,#9715,#9716,#9717,
#9718,#9719,#9720),(#9721,#9722,#9723,#9724,#9725,#9726,#9727,#9728)),
 .UNSPECIFIED.,.F.,.F.,.F.,(4,2,2,4),(4,2,2,4),(0.,0.25,0.5,1.),(0.,0.25,
0.5,1.),.UNSPECIFIED.);
#103=B_SPLINE_SURFACE_WITH_KNOTS('',3,3,((#9733,#9734,#9735,#9736,#9737,
#9738,#9739,#9740),(#9741,#9742,#9743,#9744,#9745,#9746,#9747,#9748),(#9749,
#9750,#9751,#9752,#9753,#9754,#9755,#9756),(#9757,#9758,#9759,#9760,#9761,
#9762,#9763,#9764),(#9765,#9766,#9767,#9768,#9769,#9770,#9771,#9772),(#9773,
#9774,#9775,#9776,#9777,#9778,#9779,#9780)),.UNSPECIFIED.,.F.,.F.,.F.,(4,
2,4),(4,2,2,4),(0.,0.5,1.),(0.,0.25,0.5,1.),.UNSPECIFIED.);
#104=B_SPLINE_SURFACE_WITH_KNOTS('',3,1,((#9785,#9786),(#9787,#9788),(#9789,
#9790),(#9791,#9792)),.SURF_OF_LINEAR_EXTRUSION.,.F.,.F.,.F.,(4,4),(2,2),
(-1.43282273490903E-12,1.0000000000046),(0.,1.),
 .PIECEWISE_BEZIER_KNOTS.);
#105=B_SPLINE_SURFACE_WITH_KNOTS('',3,1,((#9793,#9794),(#9795,#9796),(#9797,
#9798),(#9799,#9800)),.SURF_OF_LINEAR_EXTRUSION.,.F.,.F.,.F.,(4,4),(2,2),
(5.49041078168435E-14,1.00000000468092),(0.,1.),
 .PIECEWISE_BEZIER_KNOTS.);
#106=B_SPLINE_SURFACE_WITH_KNOTS('',3,3,((#9825,#9826,#9827,#9828,#9829,
#9830,#9831,#9832),(#9833,#9834,#9835,#9836,#9837,#9838,#9839,#9840),(#9841,
#9842,#9843,#9844,#9845,#9846,#9847,#9848),(#9849,#9850,#9851,#9852,#9853,
#9854,#9855,#9856),(#9857,#9858,#9859,#9860,#9861,#9862,#9863,#9864),(#9865,
#9866,#9867,#9868,#9869,#9870,#9871,#9872),(#9873,#9874,#9875,#9876,#9877,
#9878,#9879,#9880),(#9881,#9882,#9883,#9884,#9885,#9886,#9887,#9888)),
 .UNSPECIFIED.,.F.,.F.,.F.,(4,2,2,4),(4,2,2,4),(0.,0.25,0.5,1.),(0.,0.25,
0.5,1.),.UNSPECIFIED.);
#107=B_SPLINE_SURFACE_WITH_KNOTS('',3,1,((#9893,#9894),(#9895,#9896),(#9897,
#9898),(#9899,#9900)),.SURF_OF_LINEAR_EXTRUSION.,.F.,.F.,.F.,(4,4),(2,2),
(-6.34447677868815E-14,1.00600002522531),(0.,1.),
 .PIECEWISE_BEZIER_KNOTS.);
#108=B_SPLINE_SURFACE_WITH_KNOTS('',3,1,((#9941,#9942),(#9943,#9944),(#9945,
#9946),(#9947,#9948)),.SURF_OF_LINEAR_EXTRUSION.,.F.,.F.,.F.,(4,4),(2,2),
(-1.29457450249265E-12,1.00000000000461),(0.,1.),
 .PIECEWISE_BEZIER_KNOTS.);
#109=B_SPLINE_SURFACE_WITH_KNOTS('',3,1,((#9953,#9954),(#9955,#9956),(#9957,
#9958),(#9959,#9960)),.SURF_OF_LINEAR_EXTRUSION.,.F.,.F.,.F.,(4,4),(2,2),
(-9.87092309119646E-13,1.0060000228374),(0.,1.),
 .PIECEWISE_BEZIER_KNOTS.);
#110=B_SPLINE_SURFACE_WITH_KNOTS('',3,3,((#9968,#9969,#9970,#9971,#9972,
#9973,#9974,#9975),(#9976,#9977,#9978,#9979,#9980,#9981,#9982,#9983),(#9984,
#9985,#9986,#9987,#9988,#9989,#9990,#9991),(#9992,#9993,#9994,#9995,#9996,
#9997,#9998,#9999),(#10000,#10001,#10002,#10003,#10004,#10005,#10006,#10007),
(#10008,#10009,#10010,#10011,#10012,#10013,#10014,#10015)),
 .UNSPECIFIED.,.F.,.F.,.F.,(4,2,4),(4,2,2,4),(0.,0.5,1.),(0.,0.25,0.5,1.),
 .UNSPECIFIED.);
#111=B_SPLINE_SURFACE_WITH_KNOTS('',3,1,((#10020,#10021),(#10022,#10023),
(#10024,#10025),(#10026,#10027)),.SURF_OF_LINEAR_EXTRUSION.,.F.,.F.,.F.,
(4,4),(2,2),(-3.54570168246771E-13,1.00000000000603),(0.,1.),
 .PIECEWISE_BEZIER_KNOTS.);
#112=B_SPLINE_SURFACE_WITH_KNOTS('',3,1,((#10048,#10049),(#10050,#10051),
(#10052,#10053),(#10054,#10055)),.SURF_OF_LINEAR_EXTRUSION.,.F.,.F.,.F.,
(4,4),(2,2),(-1.13017130840446E-11,1.00600016185131),(0.,1.),
 .PIECEWISE_BEZIER_KNOTS.);
#113=B_SPLINE_SURFACE_WITH_KNOTS('',3,1,((#10056,#10057),(#10058,#10059),
(#10060,#10061),(#10062,#10063)),.SURF_OF_LINEAR_EXTRUSION.,.F.,.F.,.F.,
(4,4),(2,2),(-1.20159660085208E-13,1.0000000000057),(0.,1.),
 .PIECEWISE_BEZIER_KNOTS.);
#114=B_SPLINE_SURFACE_WITH_KNOTS('',3,3,((#10068,#10069,#10070,#10071,#10072,
#10073,#10074,#10075),(#10076,#10077,#10078,#10079,#10080,#10081,#10082,
#10083),(#10084,#10085,#10086,#10087,#10088,#10089,#10090,#10091),(#10092,
#10093,#10094,#10095,#10096,#10097,#10098,#10099),(#10100,#10101,#10102,
#10103,#10104,#10105,#10106,#10107),(#10108,#10109,#10110,#10111,#10112,
#10113,#10114,#10115),(#10116,#10117,#10118,#10119,#10120,#10121,#10122,
#10123),(#10124,#10125,#10126,#10127,#10128,#10129,#10130,#10131)),
 .UNSPECIFIED.,.F.,.F.,.F.,(4,2,2,4),(4,2,2,4),(0.,0.25,0.5,1.),(0.,0.25,
0.5,1.),.UNSPECIFIED.);
#115=B_SPLINE_SURFACE_WITH_KNOTS('',3,3,((#10136,#10137,#10138,#10139,#10140,
#10141,#10142,#10143),(#10144,#10145,#10146,#10147,#10148,#10149,#10150,
#10151),(#10152,#10153,#10154,#10155,#10156,#10157,#10158,#10159),(#10160,
#10161,#10162,#10163,#10164,#10165,#10166,#10167),(#10168,#10169,#10170,
#10171,#10172,#10173,#10174,#10175),(#10176,#10177,#10178,#10179,#10180,
#10181,#10182,#10183)),.UNSPECIFIED.,.F.,.F.,.F.,(4,2,4),(4,2,2,4),(0.,
0.5,1.),(0.,0.25,0.5,1.),.UNSPECIFIED.);
#116=B_SPLINE_SURFACE_WITH_KNOTS('',3,1,((#10188,#10189),(#10190,#10191),
(#10192,#10193),(#10194,#10195)),.SURF_OF_LINEAR_EXTRUSION.,.F.,.F.,.F.,
(4,4),(2,2),(-1.39342174580673E-12,1.00000000000482),(0.,1.),
 .PIECEWISE_BEZIER_KNOTS.);
#117=B_SPLINE_SURFACE_WITH_KNOTS('',3,1,((#10196,#10197),(#10198,#10199),
(#10200,#10201),(#10202,#10203)),.SURF_OF_LINEAR_EXTRUSION.,.F.,.F.,.F.,
(4,4),(2,2),(-4.68829628227688E-14,1.00000000468075),(0.,1.),
 .PIECEWISE_BEZIER_KNOTS.);
#118=B_SPLINE_SURFACE_WITH_KNOTS('',3,3,((#10228,#10229,#10230,#10231,#10232,
#10233,#10234,#10235),(#10236,#10237,#10238,#10239,#10240,#10241,#10242,
#10243),(#10244,#10245,#10246,#10247,#10248,#10249,#10250,#10251),(#10252,
#10253,#10254,#10255,#10256,#10257,#10258,#10259),(#10260,#10261,#10262,
#10263,#10264,#10265,#10266,#10267),(#10268,#10269,#10270,#10271,#10272,
#10273,#10274,#10275),(#10276,#10277,#10278,#10279,#10280,#10281,#10282,
#10283),(#10284,#10285,#10286,#10287,#10288,#10289,#10290,#10291)),
 .UNSPECIFIED.,.F.,.F.,.F.,(4,2,2,4),(4,2,2,4),(0.,0.25,0.5,1.),(0.,0.25,
0.5,1.),.UNSPECIFIED.);
#119=B_SPLINE_SURFACE_WITH_KNOTS('',3,1,((#10296,#10297),(#10298,#10299),
(#10300,#10301),(#10302,#10303)),.SURF_OF_LINEAR_EXTRUSION.,.F.,.F.,.F.,
(4,4),(2,2),(-1.98830993135201E-12,1.00600002522843),(0.,1.),
 .PIECEWISE_BEZIER_KNOTS.);
#120=B_SPLINE_SURFACE_WITH_KNOTS('',3,1,((#10344,#10345),(#10346,#10347),
(#10348,#10349),(#10350,#10351)),.SURF_OF_LINEAR_EXTRUSION.,.F.,.F.,.F.,
(4,4),(2,2),(-1.35256811171476E-12,1.00000000000456),(0.,1.),
 .PIECEWISE_BEZIER_KNOTS.);
#121=B_SPLINE_SURFACE_WITH_KNOTS('',3,1,((#10356,#10357),(#10358,#10359),
(#10360,#10361),(#10362,#10363)),.SURF_OF_LINEAR_EXTRUSION.,.F.,.F.,.F.,
(4,4),(2,2),(-1.13735343124966E-13,1.00600041195507),(0.,1.),
 .PIECEWISE_BEZIER_KNOTS.);
#122=B_SPLINE_SURFACE_WITH_KNOTS('',3,3,((#10371,#10372,#10373,#10374,#10375,
#10376,#10377,#10378),(#10379,#10380,#10381,#10382,#10383,#10384,#10385,
#10386),(#10387,#10388,#10389,#10390,#10391,#10392,#10393,#10394),(#10395,
#10396,#10397,#10398,#10399,#10400,#10401,#10402),(#10403,#10404,#10405,
#10406,#10407,#10408,#10409,#10410),(#10411,#10412,#10413,#10414,#10415,
#10416,#10417,#10418)),.UNSPECIFIED.,.F.,.F.,.F.,(4,2,4),(4,2,2,4),(0.,
0.5,1.),(0.,0.25,0.5,1.),.UNSPECIFIED.);
#123=B_SPLINE_SURFACE_WITH_KNOTS('',3,1,((#10423,#10424),(#10425,#10426),
(#10427,#10428),(#10429,#10430)),.SURF_OF_LINEAR_EXTRUSION.,.F.,.F.,.F.,
(4,4),(2,2),(-5.65748267906978E-15,1.00000000000595),(0.,1.),
 .PIECEWISE_BEZIER_KNOTS.);
#124=B_SPLINE_SURFACE_WITH_KNOTS('',3,1,((#10451,#10452),(#10453,#10454),
(#10455,#10456),(#10457,#10458)),.SURF_OF_LINEAR_EXTRUSION.,.F.,.F.,.F.,
(4,4),(2,2),(-9.0918490445644E-14,1.00600016184107),(0.,1.),
 .PIECEWISE_BEZIER_KNOTS.);
#125=B_SPLINE_SURFACE_WITH_KNOTS('',3,1,((#10459,#10460),(#10461,#10462),
(#10463,#10464),(#10465,#10466)),.SURF_OF_LINEAR_EXTRUSION.,.F.,.F.,.F.,
(4,4),(2,2),(-1.02199449931415E-14,1.00000000000563),(0.,1.),
 .PIECEWISE_BEZIER_KNOTS.);
#126=B_SPLINE_SURFACE_WITH_KNOTS('',3,3,((#10471,#10472,#10473,#10474,#10475,
#10476,#10477,#10478),(#10479,#10480,#10481,#10482,#10483,#10484,#10485,
#10486),(#10487,#10488,#10489,#10490,#10491,#10492,#10493,#10494),(#10495,
#10496,#10497,#10498,#10499,#10500,#10501,#10502),(#10503,#10504,#10505,
#10506,#10507,#10508,#10509,#10510),(#10511,#10512,#10513,#10514,#10515,
#10516,#10517,#10518),(#10519,#10520,#10521,#10522,#10523,#10524,#10525,
#10526),(#10527,#10528,#10529,#10530,#10531,#10532,#10533,#10534)),
 .UNSPECIFIED.,.F.,.F.,.F.,(4,2,2,4),(4,2,2,4),(0.,0.25,0.5,1.),(0.,0.25,
0.5,1.),.UNSPECIFIED.);
#127=B_SPLINE_SURFACE_WITH_KNOTS('',3,3,((#10539,#10540,#10541,#10542,#10543,
#10544,#10545,#10546),(#10547,#10548,#10549,#10550,#10551,#10552,#10553,
#10554),(#10555,#10556,#10557,#10558,#10559,#10560,#10561,#10562),(#10563,
#10564,#10565,#10566,#10567,#10568,#10569,#10570),(#10571,#10572,#10573,
#10574,#10575,#10576,#10577,#10578),(#10579,#10580,#10581,#10582,#10583,
#10584,#10585,#10586)),.UNSPECIFIED.,.F.,.F.,.F.,(4,2,4),(4,2,2,4),(0.,
0.5,1.),(0.,0.25,0.5,1.),.UNSPECIFIED.);
#128=B_SPLINE_SURFACE_WITH_KNOTS('',3,1,((#10591,#10592),(#10593,#10594),
(#10595,#10596),(#10597,#10598)),.SURF_OF_LINEAR_EXTRUSION.,.F.,.F.,.F.,
(4,4),(2,2),(3.26478298703795E-14,1.00000000001443),(0.,1.),
 .PIECEWISE_BEZIER_KNOTS.);
#129=B_SPLINE_SURFACE_WITH_KNOTS('',2,3,((#10623,#10624,#10625,#10626),
(#10627,#10628,#10629,#10630),(#10631,#10632,#10633,#10634)),
 .UNSPECIFIED.,.F.,.F.,.F.,(3,3),(4,4),(0.,1.),(-1.5707963267945,3.93203987888085E-13),
 .PIECEWISE_BEZIER_KNOTS.);
#130=B_SPLINE_SURFACE_WITH_KNOTS('',3,1,((#10639,#10640),(#10641,#10642),
(#10643,#10644),(#10645,#10646)),.SURF_OF_LINEAR_EXTRUSION.,.F.,.F.,.F.,
(4,4),(2,2),(-1.41125958740182E-13,1.00600002522816),(0.,1.),
 .PIECEWISE_BEZIER_KNOTS.);
#131=B_SPLINE_SURFACE_WITH_KNOTS('',3,1,((#10651,#10652),(#10653,#10654),
(#10655,#10656),(#10657,#10658)),.SURF_OF_LINEAR_EXTRUSION.,.F.,.F.,.F.,
(4,4),(2,2),(-1.50030853750945E-13,1.00000000000002),(0.,1.),
 .PIECEWISE_BEZIER_KNOTS.);
#132=B_SPLINE_SURFACE_WITH_KNOTS('',3,1,((#10679,#10680),(#10681,#10682),
(#10683,#10684),(#10685,#10686)),.SURF_OF_LINEAR_EXTRUSION.,.F.,.F.,.F.,
(4,4),(2,2),(-1.25071896715879E-12,1.00000000000463),(0.,1.),
 .PIECEWISE_BEZIER_KNOTS.);
#133=B_SPLINE_SURFACE_WITH_KNOTS('',2,3,((#10691,#10692,#10693,#10694),
(#10695,#10696,#10697,#10698),(#10699,#10700,#10701,#10702)),
 .UNSPECIFIED.,.F.,.F.,.F.,(3,3),(4,4),(0.,1.),(3.14159265359021,4.71238898038508),
 .PIECEWISE_BEZIER_KNOTS.);
#134=B_SPLINE_SURFACE_WITH_KNOTS('',3,3,((#10707,#10708,#10709,#10710,#10711,
#10712,#10713,#10714),(#10715,#10716,#10717,#10718,#10719,#10720,#10721,
#10722),(#10723,#10724,#10725,#10726,#10727,#10728,#10729,#10730),(#10731,
#10732,#10733,#10734,#10735,#10736,#10737,#10738),(#10739,#10740,#10741,
#10742,#10743,#10744,#10745,#10746),(#10747,#10748,#10749,#10750,#10751,
#10752,#10753,#10754)),.UNSPECIFIED.,.F.,.F.,.F.,(4,2,4),(4,2,2,4),(0.,
0.5,1.),(0.,0.25,0.5,1.),.UNSPECIFIED.);
#135=B_SPLINE_SURFACE_WITH_KNOTS('',3,1,((#10759,#10760),(#10761,#10762),
(#10763,#10764),(#10765,#10766)),.SURF_OF_LINEAR_EXTRUSION.,.F.,.F.,.F.,
(4,4),(2,2),(9.73683261895086E-14,1.00000000467937),(0.,1.),
 .PIECEWISE_BEZIER_KNOTS.);
#136=B_SPLINE_SURFACE_WITH_KNOTS('',2,3,((#10767,#10768,#10769,#10770),
(#10771,#10772,#10773,#10774),(#10775,#10776,#10777,#10778)),
 .UNSPECIFIED.,.F.,.F.,.F.,(3,3),(4,4),(0.,1.),(1.57079632679526,3.14159265359032),
 .PIECEWISE_BEZIER_KNOTS.);
#137=B_SPLINE_SURFACE_WITH_KNOTS('',3,1,((#10787,#10788),(#10789,#10790),
(#10791,#10792),(#10793,#10794)),.SURF_OF_LINEAR_EXTRUSION.,.F.,.F.,.F.,
(4,4),(2,2),(-2.424675597373E-13,1.00000000000008),(0.,1.),
 .PIECEWISE_BEZIER_KNOTS.);
#138=B_SPLINE_SURFACE_WITH_KNOTS('',3,1,((#10799,#10800),(#10801,#10802),
(#10803,#10804),(#10805,#10806)),.SURF_OF_LINEAR_EXTRUSION.,.F.,.F.,.F.,
(4,4),(2,2),(-1.03465485779737E-13,1.00000000000021),(0.,1.),
 .PIECEWISE_BEZIER_KNOTS.);
#139=B_SPLINE_SURFACE_WITH_KNOTS('',3,3,((#10811,#10812,#10813,#10814,#10815,
#10816,#10817,#10818,#10819,#10820,#10821,#10822,#10823,#10824,#10825,#10826,
#10827,#10828,#10829),(#10830,#10831,#10832,#10833,#10834,#10835,#10836,
#10837,#10838,#10839,#10840,#10841,#10842,#10843,#10844,#10845,#10846,#10847,
#10848),(#10849,#10850,#10851,#10852,#10853,#10854,#10855,#10856,#10857,
#10858,#10859,#10860,#10861,#10862,#10863,#10864,#10865,#10866,#10867),
(#10868,#10869,#10870,#10871,#10872,#10873,#10874,#10875,#10876,#10877,
#10878,#10879,#10880,#10881,#10882,#10883,#10884,#10885,#10886)),
 .UNSPECIFIED.,.F.,.F.,.F.,(4,4),(4,1,1,1,1,1,1,1,1,1,1,1,1,1,1,1,4),(0.,
1.),(3.48383443156182,3.89207310091178,4.18367215044747,4.53359100989029,
4.88350986933312,5.23342872877594,5.58334758821877,5.93326644766159,6.28318530710442,
6.63310416654724,6.98302302599007,7.33294188543289,7.68286074487572,8.03277960431854,
8.38269846376137,8.67429751329705,9.08253618264702),.UNSPECIFIED.);
#140=B_SPLINE_SURFACE_WITH_KNOTS('',2,3,((#10891,#10892,#10893,#10894),
(#10895,#10896,#10897,#10898),(#10899,#10900,#10901,#10902)),
 .UNSPECIFIED.,.F.,.F.,.F.,(3,3),(4,4),(0.,1.),(4.4813689796067E-13,1.57079632679482),
 .PIECEWISE_BEZIER_KNOTS.);
#141=B_SPLINE_SURFACE_WITH_KNOTS('',3,1,((#10907,#10908),(#10909,#10910),
(#10911,#10912),(#10913,#10914)),.SURF_OF_LINEAR_EXTRUSION.,.F.,.F.,.F.,
(4,4),(2,2),(-5.91132546622096E-13,1.00600568434949),(0.,1.),
 .PIECEWISE_BEZIER_KNOTS.);
#142=B_SPLINE_SURFACE_WITH_KNOTS('',2,3,((#10915,#10916,#10917,#10918,#10919,
#10920,#10921,#10922,#10923,#10924,#10925,#10926,#10927,#10928,#10929,#10930,
#10931,#10932),(#10933,#10934,#10935,#10936,#10937,#10938,#10939,#10940,
#10941,#10942,#10943,#10944,#10945,#10946,#10947,#10948,#10949,#10950),
(#10951,#10952,#10953,#10954,#10955,#10956,#10957,#10958,#10959,#10960,
#10961,#10962,#10963,#10964,#10965,#10966,#10967,#10968)),.UNSPECIFIED.,
 .F.,.T.,.F.,(3,3),(4,2,2,2,2,2,2,2,4),(0.,1.),(0.,0.785398163397448,1.5707963267949,
2.35619449019234,3.1415926535898,3.92699081698724,4.71238898038469,5.49778714378214,
6.28318530717959),.UNSPECIFIED.);
#143=B_SPLINE_SURFACE_WITH_KNOTS('',3,1,((#10969,#10970),(#10971,#10972),
(#10973,#10974),(#10975,#10976)),.SURF_OF_LINEAR_EXTRUSION.,.F.,.F.,.F.,
(4,4),(2,2),(-2.29910836398192E-13,1.00000000000005),(0.,1.),
 .PIECEWISE_BEZIER_KNOTS.);
#144=B_SPLINE_SURFACE_WITH_KNOTS('',2,3,((#10985,#10986,#10987,#10988),
(#10989,#10990,#10991,#10992),(#10993,#10994,#10995,#10996)),
 .UNSPECIFIED.,.F.,.F.,.F.,(3,3),(4,4),(0.,1.),(4.71238898038504,6.28318530717959),
 .PIECEWISE_BEZIER_KNOTS.);
#145=B_SPLINE_SURFACE_WITH_KNOTS('',2,3,((#11001,#11002,#11003,#11004),
(#11005,#11006,#11007,#11008),(#11009,#11010,#11011,#11012)),
 .UNSPECIFIED.,.F.,.F.,.F.,(3,3),(4,4),(0.,1.),(3.14159265359018,4.71238898038504),
 .PIECEWISE_BEZIER_KNOTS.);
#146=B_SPLINE_SURFACE_WITH_KNOTS('',3,1,((#11017,#11018),(#11019,#11020),
(#11021,#11022),(#11023,#11024)),.SURF_OF_LINEAR_EXTRUSION.,.F.,.F.,.F.,
(4,4),(2,2),(5.00761193937837E-16,1.00000000000018),(0.,1.),
 .PIECEWISE_BEZIER_KNOTS.);
#147=B_SPLINE_SURFACE_WITH_KNOTS('',3,1,((#11029,#11030),(#11031,#11032),
(#11033,#11034),(#11035,#11036)),.SURF_OF_LINEAR_EXTRUSION.,.F.,.F.,.F.,
(4,4),(2,2),(-1.66984771179608E-13,1.00000000000021),(0.,1.),
 .PIECEWISE_BEZIER_KNOTS.);
#148=B_SPLINE_SURFACE_WITH_KNOTS('',2,3,((#11041,#11042,#11043,#11044),
(#11045,#11046,#11047,#11048),(#11049,#11050,#11051,#11052)),
 .UNSPECIFIED.,.F.,.F.,.F.,(3,3),(4,4),(0.,1.),(3.88578058618822E-13,1.57079632679541),
 .PIECEWISE_BEZIER_KNOTS.);
#149=B_SPLINE_SURFACE_WITH_KNOTS('',2,3,((#11057,#11058,#11059,#11060),
(#11061,#11062,#11063,#11064),(#11065,#11066,#11067,#11068)),
 .UNSPECIFIED.,.F.,.F.,.F.,(3,3),(4,4),(0.,1.),(1.57079632679529,3.14159265359018),
 .PIECEWISE_BEZIER_KNOTS.);
#150=B_SPLINE_SURFACE_WITH_KNOTS('',3,1,((#11073,#11074),(#11075,#11076),
(#11077,#11078),(#11079,#11080)),.SURF_OF_LINEAR_EXTRUSION.,.F.,.F.,.F.,
(4,4),(2,2),(-1.86969371348795E-11,1.00000000000001),(0.,1.),
 .PIECEWISE_BEZIER_KNOTS.);
#151=B_SPLINE_SURFACE_WITH_KNOTS('',2,3,((#11081,#11082,#11083,#11084,#11085,
#11086,#11087,#11088,#11089,#11090,#11091,#11092,#11093,#11094,#11095,#11096,
#11097,#11098),(#11099,#11100,#11101,#11102,#11103,#11104,#11105,#11106,
#11107,#11108,#11109,#11110,#11111,#11112,#11113,#11114,#11115,#11116),
(#11117,#11118,#11119,#11120,#11121,#11122,#11123,#11124,#11125,#11126,
#11127,#11128,#11129,#11130,#11131,#11132,#11133,#11134)),.UNSPECIFIED.,
 .F.,.T.,.F.,(3,3),(4,2,2,2,2,2,2,2,4),(0.,1.),(0.,0.785398163397448,1.5707963267949,
2.35619449019234,3.1415926535898,3.92699081698724,4.71238898038469,5.49778714378214,
6.28318530717959),.UNSPECIFIED.);
#152=B_SPLINE_SURFACE_WITH_KNOTS('',3,1,((#11135,#11136),(#11137,#11138),
(#11139,#11140),(#11141,#11142)),.SURF_OF_LINEAR_EXTRUSION.,.F.,.F.,.F.,
(4,4),(2,2),(1.81962436239722E-11,1.00000000000008),(0.,1.),
 .PIECEWISE_BEZIER_KNOTS.);
#153=B_SPLINE_SURFACE_WITH_KNOTS('',2,3,((#11151,#11152,#11153,#11154),
(#11155,#11156,#11157,#11158),(#11159,#11160,#11161,#11162)),
 .UNSPECIFIED.,.F.,.F.,.F.,(3,3),(4,4),(0.,1.),(4.71238898038516,6.28318530717959),
 .PIECEWISE_BEZIER_KNOTS.);
#154=B_SPLINE_SURFACE_WITH_KNOTS('',2,3,((#11167,#11168,#11169,#11170),
(#11171,#11172,#11173,#11174),(#11175,#11176,#11177,#11178)),
 .UNSPECIFIED.,.F.,.F.,.F.,(3,3),(4,4),(0.,1.),(3.14159265359018,4.71238898038512),
 .PIECEWISE_BEZIER_KNOTS.);
#155=B_SPLINE_SURFACE_WITH_KNOTS('',3,1,((#11183,#11184),(#11185,#11186),
(#11187,#11188),(#11189,#11190)),.SURF_OF_LINEAR_EXTRUSION.,.F.,.F.,.F.,
(4,4),(2,2),(-9.61171473981367E-14,1.00000000000016),(0.,1.),
 .PIECEWISE_BEZIER_KNOTS.);
#156=B_SPLINE_SURFACE_WITH_KNOTS('',3,1,((#11195,#11196),(#11197,#11198),
(#11199,#11200),(#11201,#11202)),.SURF_OF_LINEAR_EXTRUSION.,.F.,.F.,.F.,
(4,4),(2,2),(-1.63794056879682E-13,1.00000000000018),(0.,1.),
 .PIECEWISE_BEZIER_KNOTS.);
#157=B_SPLINE_SURFACE_WITH_KNOTS('',2,3,((#11207,#11208,#11209,#11210),
(#11211,#11212,#11213,#11214),(#11215,#11216,#11217,#11218)),
 .UNSPECIFIED.,.F.,.F.,.F.,(3,3),(4,4),(0.,1.),(4.4408920985008E-13,1.57079632679541),
 .PIECEWISE_BEZIER_KNOTS.);
#158=B_SPLINE_SURFACE_WITH_KNOTS('',2,3,((#11223,#11224,#11225,#11226),
(#11227,#11228,#11229,#11230),(#11231,#11232,#11233,#11234)),
 .UNSPECIFIED.,.F.,.F.,.F.,(3,3),(4,4),(0.,1.),(1.57079632679541,3.14159265359018),
 .PIECEWISE_BEZIER_KNOTS.);
#159=B_SPLINE_SURFACE_WITH_KNOTS('',3,1,((#11239,#11240),(#11241,#11242),
(#11243,#11244),(#11245,#11246)),.SURF_OF_LINEAR_EXTRUSION.,.F.,.F.,.F.,
(4,4),(2,2),(-2.23694590259774E-13,1.00000000000001),(0.,1.),
 .PIECEWISE_BEZIER_KNOTS.);
#160=CIRCLE('',#3835,0.0129541397748268);
#161=CIRCLE('',#3838,0.000459999999999986);
#162=CIRCLE('',#3841,0.0005);
#163=CIRCLE('',#3844,0.0005);
#164=CIRCLE('',#3847,0.0005);
#165=CIRCLE('',#3850,0.0005);
#166=CIRCLE('',#3853,0.000400000000000005);
#167=CIRCLE('',#3856,0.000400000000000009);
#168=CIRCLE('',#3859,0.0005);
#169=CIRCLE('',#3862,0.0005);
#170=CIRCLE('',#3865,0.0005);
#171=CIRCLE('',#3868,0.0005);
#172=CIRCLE('',#3871,0.0005);
#173=CIRCLE('',#3874,0.0005);
#174=CIRCLE('',#3877,0.0005);
#175=CIRCLE('',#3880,0.0005);
#176=CIRCLE('',#3883,0.0004);
#177=CIRCLE('',#3886,0.0004);
#178=CIRCLE('',#3889,0.0005);
#179=CIRCLE('',#3892,0.0005);
#180=CIRCLE('',#3895,0.0005);
#181=CIRCLE('',#3898,0.0005);
#182=CIRCLE('',#3900,0.0027);
#183=CIRCLE('',#3901,0.0027);
#184=CIRCLE('',#3905,0.000460000000000015);
#185=CIRCLE('',#3908,0.0027);
#186=CIRCLE('',#3909,0.0027);
#187=CIRCLE('',#3911,0.0005);
#188=CIRCLE('',#3912,0.000500000000000006);
#189=CIRCLE('',#3913,0.000499999999999992);
#190=CIRCLE('',#3914,0.000499999999999992);
#191=CIRCLE('',#3915,0.000500000000000011);
#192=CIRCLE('',#3916,0.000499999999999992);
#193=CIRCLE('',#3917,0.00050000000000001);
#194=CIRCLE('',#3918,0.0005);
#195=CIRCLE('',#3939,0.002);
#196=CIRCLE('',#3941,0.002);
#197=CYLINDRICAL_SURFACE('',#3834,0.0129541397748268);
#198=CYLINDRICAL_SURFACE('',#3837,0.000459999999999986);
#199=CYLINDRICAL_SURFACE('',#3840,0.0005);
#200=CYLINDRICAL_SURFACE('',#3843,0.0005);
#201=CYLINDRICAL_SURFACE('',#3846,0.0005);
#202=CYLINDRICAL_SURFACE('',#3849,0.0005);
#203=CYLINDRICAL_SURFACE('',#3852,0.000400000000000005);
#204=CYLINDRICAL_SURFACE('',#3855,0.000400000000000009);
#205=CYLINDRICAL_SURFACE('',#3858,0.0005);
#206=CYLINDRICAL_SURFACE('',#3861,0.0005);
#207=CYLINDRICAL_SURFACE('',#3864,0.0005);
#208=CYLINDRICAL_SURFACE('',#3867,0.0005);
#209=CYLINDRICAL_SURFACE('',#3870,0.0005);
#210=CYLINDRICAL_SURFACE('',#3873,0.0005);
#211=CYLINDRICAL_SURFACE('',#3876,0.0005);
#212=CYLINDRICAL_SURFACE('',#3879,0.0005);
#213=CYLINDRICAL_SURFACE('',#3882,0.0004);
#214=CYLINDRICAL_SURFACE('',#3885,0.0004);
#215=CYLINDRICAL_SURFACE('',#3888,0.0005);
#216=CYLINDRICAL_SURFACE('',#3891,0.0005);
#217=CYLINDRICAL_SURFACE('',#3894,0.0005);
#218=CYLINDRICAL_SURFACE('',#3897,0.0005);
#219=CYLINDRICAL_SURFACE('',#3899,0.0027);
#220=CYLINDRICAL_SURFACE('',#3904,0.000460000000000015);
#221=CYLINDRICAL_SURFACE('',#3907,0.0027);
#222=CYLINDRICAL_SURFACE('',#3921,0.000500000000000011);
#223=CYLINDRICAL_SURFACE('',#3923,0.0005);
#224=CYLINDRICAL_SURFACE('',#3925,0.00050000000000001);
#225=CYLINDRICAL_SURFACE('',#3927,0.000499999999999992);
#226=CYLINDRICAL_SURFACE('',#3930,0.0005);
#227=CYLINDRICAL_SURFACE('',#3932,0.000499999999999992);
#228=CYLINDRICAL_SURFACE('',#3934,0.000499999999999992);
#229=CYLINDRICAL_SURFACE('',#3936,0.000500000000000006);
#230=LINE('',#4432,#347);
#231=LINE('',#4439,#348);
#232=LINE('',#4457,#349);
#233=LINE('',#4475,#350);
#234=LINE('',#4478,#351);
#235=LINE('',#4480,#352);
#236=LINE('',#4482,#353);
#237=LINE('',#4484,#354);
#238=LINE('',#4486,#355);
#239=LINE('',#4488,#356);
#240=LINE('',#4490,#357);
#241=LINE('',#4492,#358);
#242=LINE('',#4494,#359);
#243=LINE('',#4496,#360);
#244=LINE('',#4497,#361);
#245=LINE('',#4510,#362);
#246=LINE('',#4534,#363);
#247=LINE('',#4537,#364);
#248=LINE('',#4539,#365);
#249=LINE('',#4541,#366);
#250=LINE('',#4543,#367);
#251=LINE('',#4545,#368);
#252=LINE('',#4547,#369);
#253=LINE('',#4549,#370);
#254=LINE('',#4551,#371);
#255=LINE('',#4553,#372);
#256=LINE('',#4555,#373);
#257=LINE('',#4558,#374);
#258=LINE('',#4560,#375);
#259=LINE('',#4562,#376);
#260=LINE('',#4564,#377);
#261=LINE('',#4566,#378);
#262=LINE('',#4568,#379);
#263=LINE('',#4570,#380);
#264=LINE('',#4572,#381);
#265=LINE('',#4574,#382);
#266=LINE('',#4576,#383);
#267=LINE('',#4584,#384);
#268=LINE('',#4586,#385);
#269=LINE('',#4588,#386);
#270=LINE('',#4604,#387);
#271=LINE('',#4611,#388);
#272=LINE('',#4613,#389);
#273=LINE('',#4622,#390);
#274=LINE('',#4629,#391);
#275=LINE('',#4631,#392);
#276=LINE('',#4646,#393);
#277=LINE('',#4653,#394);
#278=LINE('',#4667,#395);
#279=LINE('',#4685,#396);
#280=LINE('',#4700,#397);
#281=LINE('',#4707,#398);
#282=LINE('',#4721,#399);
#283=LINE('',#4734,#400);
#284=LINE('',#4736,#401);
#285=LINE('',#4745,#402);
#286=LINE('',#4752,#403);
#287=LINE('',#4754,#404);
#288=LINE('',#4773,#405);
#289=LINE('',#4775,#406);
#290=LINE('',#4790,#407);
#291=LINE('',#4797,#408);
#292=LINE('',#4811,#409);
#293=LINE('',#4829,#410);
#294=LINE('',#4844,#411);
#295=LINE('',#4851,#412);
#296=LINE('',#4865,#413);
#297=LINE('',#4883,#414);
#298=LINE('',#4898,#415);
#299=LINE('',#4905,#416);
#300=LINE('',#4919,#417);
#301=LINE('',#4937,#418);
#302=LINE('',#4952,#419);
#303=LINE('',#4959,#420);
#304=LINE('',#4973,#421);
#305=LINE('',#4986,#422);
#306=LINE('',#4988,#423);
#307=LINE('',#4997,#424);
#308=LINE('',#5004,#425);
#309=LINE('',#5006,#426);
#310=LINE('',#5025,#427);
#311=LINE('',#5027,#428);
#312=LINE('',#5042,#429);
#313=LINE('',#5049,#430);
#314=LINE('',#5063,#431);
#315=LINE('',#5081,#432);
#316=LINE('',#5096,#433);
#317=LINE('',#5103,#434);
#318=LINE('',#5122,#435);
#319=LINE('',#5123,#436);
#320=LINE('',#5125,#437);
#321=LINE('',#5126,#438);
#322=LINE('',#5134,#439);
#323=LINE('',#5425,#440);
#324=LINE('',#5429,#441);
#325=LINE('',#5433,#442);
#326=LINE('',#5437,#443);
#327=LINE('',#5441,#444);
#328=LINE('',#5445,#445);
#329=LINE('',#5449,#446);
#330=LINE('',#5453,#447);
#331=LINE('',#5520,#448);
#332=LINE('',#5527,#449);
#333=LINE('',#5529,#450);
#334=LINE('',#5536,#451);
#335=LINE('',#5543,#452);
#336=LINE('',#5550,#453);
#337=LINE('',#5557,#454);
#338=LINE('',#5564,#455);
#339=LINE('',#5591,#456);
#340=LINE('',#5598,#457);
#341=LINE('',#5600,#458);
#342=LINE('',#5607,#459);
#343=LINE('',#5614,#460);
#344=LINE('',#5621,#461);
#345=LINE('',#5628,#462);
#346=LINE('',#5635,#463);
#347=VECTOR('',#3958,1.);
#348=VECTOR('',#3961,1.);
#349=VECTOR('',#3964,1.);
#350=VECTOR('',#3967,1.);
#351=VECTOR('',#3968,1.);
#352=VECTOR('',#3969,1.);
#353=VECTOR('',#3970,1.);
#354=VECTOR('',#3973,1.);
#355=VECTOR('',#3974,1.);
#356=VECTOR('',#3975,1.);
#357=VECTOR('',#3978,1.);
#358=VECTOR('',#3979,1.);
#359=VECTOR('',#3980,1.);
#360=VECTOR('',#3983,1.);
#361=VECTOR('',#3984,1.);
#362=VECTOR('',#3987,1.);
#363=VECTOR('',#3992,1.);
#364=VECTOR('',#3993,1.);
#365=VECTOR('',#3994,1.);
#366=VECTOR('',#3995,1.);
#367=VECTOR('',#3998,1.);
#368=VECTOR('',#3999,1.);
#369=VECTOR('',#4000,1.);
#370=VECTOR('',#4003,1.);
#371=VECTOR('',#4004,1.);
#372=VECTOR('',#4005,1.);
#373=VECTOR('',#4008,1.);
#374=VECTOR('',#4009,1.);
#375=VECTOR('',#4010,1.);
#376=VECTOR('',#4011,1.);
#377=VECTOR('',#4014,1.);
#378=VECTOR('',#4015,1.);
#379=VECTOR('',#4016,1.);
#380=VECTOR('',#4019,1.);
#381=VECTOR('',#4020,1.);
#382=VECTOR('',#4021,1.);
#383=VECTOR('',#4024,1.);
#384=VECTOR('',#4025,1.);
#385=VECTOR('',#4026,1.);
#386=VECTOR('',#4029,1.);
#387=VECTOR('',#4034,1.);
#388=VECTOR('',#4035,1.);
#389=VECTOR('',#4038,1.);
#390=VECTOR('',#4043,1.);
#391=VECTOR('',#4044,1.);
#392=VECTOR('',#4047,1.);
#393=VECTOR('',#4052,1.);
#394=VECTOR('',#4053,1.);
#395=VECTOR('',#4060,1.);
#396=VECTOR('',#4063,1.);
#397=VECTOR('',#4068,1.);
#398=VECTOR('',#4069,1.);
#399=VECTOR('',#4076,1.);
#400=VECTOR('',#4077,1.);
#401=VECTOR('',#4080,1.);
#402=VECTOR('',#4085,1.);
#403=VECTOR('',#4086,1.);
#404=VECTOR('',#4089,1.);
#405=VECTOR('',#4094,1.);
#406=VECTOR('',#4097,1.);
#407=VECTOR('',#4102,1.);
#408=VECTOR('',#4103,1.);
#409=VECTOR('',#4110,1.);
#410=VECTOR('',#4113,1.);
#411=VECTOR('',#4118,1.);
#412=VECTOR('',#4119,1.);
#413=VECTOR('',#4126,1.);
#414=VECTOR('',#4129,1.);
#415=VECTOR('',#4134,1.);
#416=VECTOR('',#4135,1.);
#417=VECTOR('',#4142,1.);
#418=VECTOR('',#4145,1.);
#419=VECTOR('',#4150,1.);
#420=VECTOR('',#4151,1.);
#421=VECTOR('',#4158,1.);
#422=VECTOR('',#4159,1.);
#423=VECTOR('',#4162,1.);
#424=VECTOR('',#4167,1.);
#425=VECTOR('',#4168,1.);
#426=VECTOR('',#4171,1.);
#427=VECTOR('',#4176,1.);
#428=VECTOR('',#4179,1.);
#429=VECTOR('',#4184,1.);
#430=VECTOR('',#4185,1.);
#431=VECTOR('',#4192,1.);
#432=VECTOR('',#4195,1.);
#433=VECTOR('',#4200,1.);
#434=VECTOR('',#4201,1.);
#435=VECTOR('',#4214,1.);
#436=VECTOR('',#4215,1.);
#437=VECTOR('',#4218,1.);
#438=VECTOR('',#4219,1.);
#439=VECTOR('',#4226,1.);
#440=VECTOR('',#4237,1.);
#441=VECTOR('',#4240,1.);
#442=VECTOR('',#4243,1.);
#443=VECTOR('',#4246,1.);
#444=VECTOR('',#4249,1.);
#445=VECTOR('',#4252,1.);
#446=VECTOR('',#4255,1.);
#447=VECTOR('',#4258,1.);
#448=VECTOR('',#4263,1.);
#449=VECTOR('',#4264,1.);
#450=VECTOR('',#4267,1.);
#451=VECTOR('',#4270,1.);
#452=VECTOR('',#4273,1.);
#453=VECTOR('',#4276,1.);
#454=VECTOR('',#4279,1.);
#455=VECTOR('',#4282,1.);
#456=VECTOR('',#4289,1.);
#457=VECTOR('',#4290,1.);
#458=VECTOR('',#4293,1.);
#459=VECTOR('',#4296,1.);
#460=VECTOR('',#4299,1.);
#461=VECTOR('',#4302,1.);
#462=VECTOR('',#4305,1.);
#463=VECTOR('',#4308,1.);
#464=ORIENTED_EDGE('',*,*,#1624,.T.);
#465=ORIENTED_EDGE('',*,*,#1625,.T.);
#466=ORIENTED_EDGE('',*,*,#1626,.T.);
#467=ORIENTED_EDGE('',*,*,#1627,.T.);
#468=ORIENTED_EDGE('',*,*,#1628,.T.);
#469=ORIENTED_EDGE('',*,*,#1629,.T.);
#470=ORIENTED_EDGE('',*,*,#1630,.T.);
#471=ORIENTED_EDGE('',*,*,#1631,.T.);
#472=ORIENTED_EDGE('',*,*,#1632,.T.);
#473=ORIENTED_EDGE('',*,*,#1633,.T.);
#474=ORIENTED_EDGE('',*,*,#1634,.T.);
#475=ORIENTED_EDGE('',*,*,#1635,.T.);
#476=ORIENTED_EDGE('',*,*,#1636,.T.);
#477=ORIENTED_EDGE('',*,*,#1637,.T.);
#478=ORIENTED_EDGE('',*,*,#1638,.T.);
#479=ORIENTED_EDGE('',*,*,#1639,.T.);
#480=ORIENTED_EDGE('',*,*,#1640,.T.);
#481=ORIENTED_EDGE('',*,*,#1641,.T.);
#482=ORIENTED_EDGE('',*,*,#1642,.T.);
#483=ORIENTED_EDGE('',*,*,#1643,.T.);
#484=ORIENTED_EDGE('',*,*,#1644,.F.);
#485=ORIENTED_EDGE('',*,*,#1645,.T.);
#486=ORIENTED_EDGE('',*,*,#1646,.T.);
#487=ORIENTED_EDGE('',*,*,#1647,.T.);
#488=ORIENTED_EDGE('',*,*,#1648,.T.);
#489=ORIENTED_EDGE('',*,*,#1649,.T.);
#490=ORIENTED_EDGE('',*,*,#1650,.T.);
#491=ORIENTED_EDGE('',*,*,#1651,.T.);
#492=ORIENTED_EDGE('',*,*,#1652,.T.);
#493=ORIENTED_EDGE('',*,*,#1653,.T.);
#494=ORIENTED_EDGE('',*,*,#1654,.F.);
#495=ORIENTED_EDGE('',*,*,#1655,.F.);
#496=ORIENTED_EDGE('',*,*,#1656,.T.);
#497=ORIENTED_EDGE('',*,*,#1657,.T.);
#498=ORIENTED_EDGE('',*,*,#1658,.T.);
#499=ORIENTED_EDGE('',*,*,#1659,.F.);
#500=ORIENTED_EDGE('',*,*,#1660,.F.);
#501=ORIENTED_EDGE('',*,*,#1655,.T.);
#502=ORIENTED_EDGE('',*,*,#1661,.T.);
#503=ORIENTED_EDGE('',*,*,#1662,.F.);
#504=ORIENTED_EDGE('',*,*,#1663,.F.);
#505=ORIENTED_EDGE('',*,*,#1659,.T.);
#506=ORIENTED_EDGE('',*,*,#1664,.F.);
#507=ORIENTED_EDGE('',*,*,#1657,.F.);
#508=ORIENTED_EDGE('',*,*,#1665,.T.);
#509=ORIENTED_EDGE('',*,*,#1662,.T.);
#510=ORIENTED_EDGE('',*,*,#1666,.T.);
#511=ORIENTED_EDGE('',*,*,#1667,.T.);
#512=ORIENTED_EDGE('',*,*,#1668,.F.);
#513=ORIENTED_EDGE('',*,*,#1669,.T.);
#514=ORIENTED_EDGE('',*,*,#1654,.T.);
#515=ORIENTED_EDGE('',*,*,#1664,.T.);
#516=ORIENTED_EDGE('',*,*,#1661,.F.);
#517=ORIENTED_EDGE('',*,*,#1658,.F.);
#518=ORIENTED_EDGE('',*,*,#1668,.T.);
#519=ORIENTED_EDGE('',*,*,#1670,.T.);
#520=ORIENTED_EDGE('',*,*,#1650,.F.);
#521=ORIENTED_EDGE('',*,*,#1671,.T.);
#522=ORIENTED_EDGE('',*,*,#1646,.F.);
#523=ORIENTED_EDGE('',*,*,#1672,.T.);
#524=ORIENTED_EDGE('',*,*,#1644,.T.);
#525=ORIENTED_EDGE('',*,*,#1673,.T.);
#526=ORIENTED_EDGE('',*,*,#1674,.T.);
#527=ORIENTED_EDGE('',*,*,#1675,.F.);
#528=ORIENTED_EDGE('',*,*,#1676,.F.);
#529=ORIENTED_EDGE('',*,*,#1677,.T.);
#530=ORIENTED_EDGE('',*,*,#1678,.T.);
#531=ORIENTED_EDGE('',*,*,#1679,.F.);
#532=ORIENTED_EDGE('',*,*,#1680,.F.);
#533=ORIENTED_EDGE('',*,*,#1675,.T.);
#534=ORIENTED_EDGE('',*,*,#1681,.T.);
#535=ORIENTED_EDGE('',*,*,#1682,.F.);
#536=ORIENTED_EDGE('',*,*,#1683,.F.);
#537=ORIENTED_EDGE('',*,*,#1679,.T.);
#538=ORIENTED_EDGE('',*,*,#1684,.T.);
#539=ORIENTED_EDGE('',*,*,#1685,.F.);
#540=ORIENTED_EDGE('',*,*,#1686,.F.);
#541=ORIENTED_EDGE('',*,*,#1687,.T.);
#542=ORIENTED_EDGE('',*,*,#1688,.T.);
#543=ORIENTED_EDGE('',*,*,#1689,.F.);
#544=ORIENTED_EDGE('',*,*,#1690,.F.);
#545=ORIENTED_EDGE('',*,*,#1685,.T.);
#546=ORIENTED_EDGE('',*,*,#1691,.T.);
#547=ORIENTED_EDGE('',*,*,#1692,.F.);
#548=ORIENTED_EDGE('',*,*,#1693,.F.);
#549=ORIENTED_EDGE('',*,*,#1689,.T.);
#550=ORIENTED_EDGE('',*,*,#1694,.F.);
#551=ORIENTED_EDGE('',*,*,#1695,.T.);
#552=ORIENTED_EDGE('',*,*,#1696,.T.);
#553=ORIENTED_EDGE('',*,*,#1697,.F.);
#554=ORIENTED_EDGE('',*,*,#1698,.F.);
#555=ORIENTED_EDGE('',*,*,#1699,.T.);
#556=ORIENTED_EDGE('',*,*,#1694,.T.);
#557=ORIENTED_EDGE('',*,*,#1700,.F.);
#558=ORIENTED_EDGE('',*,*,#1701,.F.);
#559=ORIENTED_EDGE('',*,*,#1702,.T.);
#560=ORIENTED_EDGE('',*,*,#1698,.T.);
#561=ORIENTED_EDGE('',*,*,#1703,.F.);
#562=ORIENTED_EDGE('',*,*,#1704,.F.);
#563=ORIENTED_EDGE('',*,*,#1705,.T.);
#564=ORIENTED_EDGE('',*,*,#1701,.T.);
#565=ORIENTED_EDGE('',*,*,#1706,.F.);
#566=ORIENTED_EDGE('',*,*,#1707,.F.);
#567=ORIENTED_EDGE('',*,*,#1708,.T.);
#568=ORIENTED_EDGE('',*,*,#1704,.T.);
#569=ORIENTED_EDGE('',*,*,#1709,.F.);
#570=ORIENTED_EDGE('',*,*,#1710,.F.);
#571=ORIENTED_EDGE('',*,*,#1711,.T.);
#572=ORIENTED_EDGE('',*,*,#1712,.T.);
#573=ORIENTED_EDGE('',*,*,#1713,.F.);
#574=ORIENTED_EDGE('',*,*,#1714,.F.);
#575=ORIENTED_EDGE('',*,*,#1715,.T.);
#576=ORIENTED_EDGE('',*,*,#1710,.T.);
#577=ORIENTED_EDGE('',*,*,#1716,.T.);
#578=ORIENTED_EDGE('',*,*,#1717,.T.);
#579=ORIENTED_EDGE('',*,*,#1718,.T.);
#580=ORIENTED_EDGE('',*,*,#1714,.T.);
#581=ORIENTED_EDGE('',*,*,#1719,.F.);
#582=ORIENTED_EDGE('',*,*,#1720,.T.);
#583=ORIENTED_EDGE('',*,*,#1721,.T.);
#584=ORIENTED_EDGE('',*,*,#1722,.T.);
#585=ORIENTED_EDGE('',*,*,#1723,.T.);
#586=ORIENTED_EDGE('',*,*,#1724,.F.);
#587=ORIENTED_EDGE('',*,*,#1725,.T.);
#588=ORIENTED_EDGE('',*,*,#1726,.T.);
#589=ORIENTED_EDGE('',*,*,#1727,.F.);
#590=ORIENTED_EDGE('',*,*,#1728,.F.);
#591=ORIENTED_EDGE('',*,*,#1729,.T.);
#592=ORIENTED_EDGE('',*,*,#1724,.T.);
#593=ORIENTED_EDGE('',*,*,#1730,.T.);
#594=ORIENTED_EDGE('',*,*,#1731,.T.);
#595=ORIENTED_EDGE('',*,*,#1732,.T.);
#596=ORIENTED_EDGE('',*,*,#1728,.T.);
#597=ORIENTED_EDGE('',*,*,#1733,.F.);
#598=ORIENTED_EDGE('',*,*,#1734,.F.);
#599=ORIENTED_EDGE('',*,*,#1735,.T.);
#600=ORIENTED_EDGE('',*,*,#1736,.T.);
#601=ORIENTED_EDGE('',*,*,#1737,.T.);
#602=ORIENTED_EDGE('',*,*,#1738,.F.);
#603=ORIENTED_EDGE('',*,*,#1739,.T.);
#604=ORIENTED_EDGE('',*,*,#1734,.T.);
#605=ORIENTED_EDGE('',*,*,#1740,.T.);
#606=ORIENTED_EDGE('',*,*,#1741,.F.);
#607=ORIENTED_EDGE('',*,*,#1742,.T.);
#608=ORIENTED_EDGE('',*,*,#1738,.T.);
#609=ORIENTED_EDGE('',*,*,#1743,.T.);
#610=ORIENTED_EDGE('',*,*,#1744,.F.);
#611=ORIENTED_EDGE('',*,*,#1745,.T.);
#612=ORIENTED_EDGE('',*,*,#1741,.T.);
#613=ORIENTED_EDGE('',*,*,#1746,.T.);
#614=ORIENTED_EDGE('',*,*,#1747,.T.);
#615=ORIENTED_EDGE('',*,*,#1748,.T.);
#616=ORIENTED_EDGE('',*,*,#1744,.T.);
#617=ORIENTED_EDGE('',*,*,#1749,.T.);
#618=ORIENTED_EDGE('',*,*,#1750,.F.);
#619=ORIENTED_EDGE('',*,*,#1751,.T.);
#620=ORIENTED_EDGE('',*,*,#1752,.T.);
#621=ORIENTED_EDGE('',*,*,#1753,.F.);
#622=ORIENTED_EDGE('',*,*,#1754,.F.);
#623=ORIENTED_EDGE('',*,*,#1755,.T.);
#624=ORIENTED_EDGE('',*,*,#1750,.T.);
#625=ORIENTED_EDGE('',*,*,#1756,.T.);
#626=ORIENTED_EDGE('',*,*,#1757,.T.);
#627=ORIENTED_EDGE('',*,*,#1758,.T.);
#628=ORIENTED_EDGE('',*,*,#1754,.T.);
#629=ORIENTED_EDGE('',*,*,#1759,.F.);
#630=ORIENTED_EDGE('',*,*,#1760,.T.);
#631=ORIENTED_EDGE('',*,*,#1761,.T.);
#632=ORIENTED_EDGE('',*,*,#1762,.T.);
#633=ORIENTED_EDGE('',*,*,#1763,.T.);
#634=ORIENTED_EDGE('',*,*,#1764,.F.);
#635=ORIENTED_EDGE('',*,*,#1765,.T.);
#636=ORIENTED_EDGE('',*,*,#1766,.T.);
#637=ORIENTED_EDGE('',*,*,#1767,.F.);
#638=ORIENTED_EDGE('',*,*,#1768,.F.);
#639=ORIENTED_EDGE('',*,*,#1769,.T.);
#640=ORIENTED_EDGE('',*,*,#1764,.T.);
#641=ORIENTED_EDGE('',*,*,#1770,.T.);
#642=ORIENTED_EDGE('',*,*,#1771,.T.);
#643=ORIENTED_EDGE('',*,*,#1772,.T.);
#644=ORIENTED_EDGE('',*,*,#1768,.T.);
#645=ORIENTED_EDGE('',*,*,#1773,.F.);
#646=ORIENTED_EDGE('',*,*,#1774,.T.);
#647=ORIENTED_EDGE('',*,*,#1775,.T.);
#648=ORIENTED_EDGE('',*,*,#1776,.T.);
#649=ORIENTED_EDGE('',*,*,#1777,.T.);
#650=ORIENTED_EDGE('',*,*,#1778,.F.);
#651=ORIENTED_EDGE('',*,*,#1779,.T.);
#652=ORIENTED_EDGE('',*,*,#1780,.T.);
#653=ORIENTED_EDGE('',*,*,#1781,.F.);
#654=ORIENTED_EDGE('',*,*,#1782,.F.);
#655=ORIENTED_EDGE('',*,*,#1783,.T.);
#656=ORIENTED_EDGE('',*,*,#1778,.T.);
#657=ORIENTED_EDGE('',*,*,#1784,.T.);
#658=ORIENTED_EDGE('',*,*,#1785,.T.);
#659=ORIENTED_EDGE('',*,*,#1786,.T.);
#660=ORIENTED_EDGE('',*,*,#1782,.T.);
#661=ORIENTED_EDGE('',*,*,#1787,.F.);
#662=ORIENTED_EDGE('',*,*,#1788,.T.);
#663=ORIENTED_EDGE('',*,*,#1789,.T.);
#664=ORIENTED_EDGE('',*,*,#1790,.T.);
#665=ORIENTED_EDGE('',*,*,#1791,.T.);
#666=ORIENTED_EDGE('',*,*,#1792,.F.);
#667=ORIENTED_EDGE('',*,*,#1793,.T.);
#668=ORIENTED_EDGE('',*,*,#1794,.T.);
#669=ORIENTED_EDGE('',*,*,#1795,.F.);
#670=ORIENTED_EDGE('',*,*,#1796,.F.);
#671=ORIENTED_EDGE('',*,*,#1797,.T.);
#672=ORIENTED_EDGE('',*,*,#1792,.T.);
#673=ORIENTED_EDGE('',*,*,#1798,.T.);
#674=ORIENTED_EDGE('',*,*,#1799,.T.);
#675=ORIENTED_EDGE('',*,*,#1800,.T.);
#676=ORIENTED_EDGE('',*,*,#1796,.T.);
#677=ORIENTED_EDGE('',*,*,#1801,.F.);
#678=ORIENTED_EDGE('',*,*,#1802,.F.);
#679=ORIENTED_EDGE('',*,*,#1803,.T.);
#680=ORIENTED_EDGE('',*,*,#1804,.T.);
#681=ORIENTED_EDGE('',*,*,#1805,.T.);
#682=ORIENTED_EDGE('',*,*,#1806,.F.);
#683=ORIENTED_EDGE('',*,*,#1807,.T.);
#684=ORIENTED_EDGE('',*,*,#1802,.T.);
#685=ORIENTED_EDGE('',*,*,#1808,.T.);
#686=ORIENTED_EDGE('',*,*,#1809,.F.);
#687=ORIENTED_EDGE('',*,*,#1810,.T.);
#688=ORIENTED_EDGE('',*,*,#1806,.T.);
#689=ORIENTED_EDGE('',*,*,#1811,.T.);
#690=ORIENTED_EDGE('',*,*,#1812,.F.);
#691=ORIENTED_EDGE('',*,*,#1813,.T.);
#692=ORIENTED_EDGE('',*,*,#1809,.T.);
#693=ORIENTED_EDGE('',*,*,#1814,.T.);
#694=ORIENTED_EDGE('',*,*,#1815,.T.);
#695=ORIENTED_EDGE('',*,*,#1816,.T.);
#696=ORIENTED_EDGE('',*,*,#1812,.T.);
#697=ORIENTED_EDGE('',*,*,#1817,.T.);
#698=ORIENTED_EDGE('',*,*,#1818,.F.);
#699=ORIENTED_EDGE('',*,*,#1819,.T.);
#700=ORIENTED_EDGE('',*,*,#1820,.T.);
#701=ORIENTED_EDGE('',*,*,#1821,.F.);
#702=ORIENTED_EDGE('',*,*,#1822,.F.);
#703=ORIENTED_EDGE('',*,*,#1823,.T.);
#704=ORIENTED_EDGE('',*,*,#1818,.T.);
#705=ORIENTED_EDGE('',*,*,#1824,.T.);
#706=ORIENTED_EDGE('',*,*,#1825,.T.);
#707=ORIENTED_EDGE('',*,*,#1826,.T.);
#708=ORIENTED_EDGE('',*,*,#1822,.T.);
#709=ORIENTED_EDGE('',*,*,#1827,.F.);
#710=ORIENTED_EDGE('',*,*,#1828,.T.);
#711=ORIENTED_EDGE('',*,*,#1829,.T.);
#712=ORIENTED_EDGE('',*,*,#1830,.T.);
#713=ORIENTED_EDGE('',*,*,#1831,.T.);
#714=ORIENTED_EDGE('',*,*,#1832,.F.);
#715=ORIENTED_EDGE('',*,*,#1833,.T.);
#716=ORIENTED_EDGE('',*,*,#1834,.T.);
#717=ORIENTED_EDGE('',*,*,#1835,.F.);
#718=ORIENTED_EDGE('',*,*,#1836,.F.);
#719=ORIENTED_EDGE('',*,*,#1837,.T.);
#720=ORIENTED_EDGE('',*,*,#1832,.T.);
#721=ORIENTED_EDGE('',*,*,#1838,.T.);
#722=ORIENTED_EDGE('',*,*,#1839,.T.);
#723=ORIENTED_EDGE('',*,*,#1840,.T.);
#724=ORIENTED_EDGE('',*,*,#1836,.T.);
#725=ORIENTED_EDGE('',*,*,#1841,.F.);
#726=ORIENTED_EDGE('',*,*,#1842,.T.);
#727=ORIENTED_EDGE('',*,*,#1843,.F.);
#728=ORIENTED_EDGE('',*,*,#1844,.T.);
#729=ORIENTED_EDGE('',*,*,#1677,.F.);
#730=ORIENTED_EDGE('',*,*,#1845,.F.);
#731=ORIENTED_EDGE('',*,*,#1682,.T.);
#732=ORIENTED_EDGE('',*,*,#1846,.T.);
#733=ORIENTED_EDGE('',*,*,#1687,.F.);
#734=ORIENTED_EDGE('',*,*,#1847,.F.);
#735=ORIENTED_EDGE('',*,*,#1692,.T.);
#736=ORIENTED_EDGE('',*,*,#1696,.F.);
#737=ORIENTED_EDGE('',*,*,#1848,.T.);
#738=ORIENTED_EDGE('',*,*,#1707,.T.);
#739=ORIENTED_EDGE('',*,*,#1849,.F.);
#740=ORIENTED_EDGE('',*,*,#1850,.T.);
#741=ORIENTED_EDGE('',*,*,#1851,.T.);
#742=ORIENTED_EDGE('',*,*,#1852,.T.);
#743=ORIENTED_EDGE('',*,*,#1853,.T.);
#744=ORIENTED_EDGE('',*,*,#1854,.T.);
#745=ORIENTED_EDGE('',*,*,#1855,.F.);
#746=ORIENTED_EDGE('',*,*,#1856,.T.);
#747=ORIENTED_EDGE('',*,*,#1857,.T.);
#748=ORIENTED_EDGE('',*,*,#1858,.T.);
#749=ORIENTED_EDGE('',*,*,#1859,.T.);
#750=ORIENTED_EDGE('',*,*,#1860,.T.);
#751=ORIENTED_EDGE('',*,*,#1861,.T.);
#752=ORIENTED_EDGE('',*,*,#1862,.T.);
#753=ORIENTED_EDGE('',*,*,#1863,.T.);
#754=ORIENTED_EDGE('',*,*,#1864,.T.);
#755=ORIENTED_EDGE('',*,*,#1865,.T.);
#756=ORIENTED_EDGE('',*,*,#1866,.T.);
#757=ORIENTED_EDGE('',*,*,#1867,.T.);
#758=ORIENTED_EDGE('',*,*,#1868,.T.);
#759=ORIENTED_EDGE('',*,*,#1869,.T.);
#760=ORIENTED_EDGE('',*,*,#1870,.T.);
#761=ORIENTED_EDGE('',*,*,#1871,.T.);
#762=ORIENTED_EDGE('',*,*,#1872,.T.);
#763=ORIENTED_EDGE('',*,*,#1873,.T.);
#764=ORIENTED_EDGE('',*,*,#1874,.T.);
#765=ORIENTED_EDGE('',*,*,#1875,.T.);
#766=ORIENTED_EDGE('',*,*,#1876,.T.);
#767=ORIENTED_EDGE('',*,*,#1877,.T.);
#768=ORIENTED_EDGE('',*,*,#1878,.T.);
#769=ORIENTED_EDGE('',*,*,#1879,.T.);
#770=ORIENTED_EDGE('',*,*,#1880,.T.);
#771=ORIENTED_EDGE('',*,*,#1881,.T.);
#772=ORIENTED_EDGE('',*,*,#1882,.T.);
#773=ORIENTED_EDGE('',*,*,#1883,.T.);
#774=ORIENTED_EDGE('',*,*,#1884,.T.);
#775=ORIENTED_EDGE('',*,*,#1885,.T.);
#776=ORIENTED_EDGE('',*,*,#1886,.T.);
#777=ORIENTED_EDGE('',*,*,#1887,.T.);
#778=ORIENTED_EDGE('',*,*,#1888,.T.);
#779=ORIENTED_EDGE('',*,*,#1889,.T.);
#780=ORIENTED_EDGE('',*,*,#1890,.T.);
#781=ORIENTED_EDGE('',*,*,#1891,.T.);
#782=ORIENTED_EDGE('',*,*,#1892,.T.);
#783=ORIENTED_EDGE('',*,*,#1893,.T.);
#784=ORIENTED_EDGE('',*,*,#1894,.T.);
#785=ORIENTED_EDGE('',*,*,#1895,.T.);
#786=ORIENTED_EDGE('',*,*,#1896,.T.);
#787=ORIENTED_EDGE('',*,*,#1897,.T.);
#788=ORIENTED_EDGE('',*,*,#1898,.T.);
#789=ORIENTED_EDGE('',*,*,#1899,.T.);
#790=ORIENTED_EDGE('',*,*,#1900,.T.);
#791=ORIENTED_EDGE('',*,*,#1901,.T.);
#792=ORIENTED_EDGE('',*,*,#1902,.T.);
#793=ORIENTED_EDGE('',*,*,#1903,.T.);
#794=ORIENTED_EDGE('',*,*,#1904,.T.);
#795=ORIENTED_EDGE('',*,*,#1905,.T.);
#796=ORIENTED_EDGE('',*,*,#1906,.F.);
#797=ORIENTED_EDGE('',*,*,#1907,.F.);
#798=ORIENTED_EDGE('',*,*,#1908,.F.);
#799=ORIENTED_EDGE('',*,*,#1909,.F.);
#800=ORIENTED_EDGE('',*,*,#1910,.F.);
#801=ORIENTED_EDGE('',*,*,#1911,.F.);
#802=ORIENTED_EDGE('',*,*,#1912,.F.);
#803=ORIENTED_EDGE('',*,*,#1913,.F.);
#804=ORIENTED_EDGE('',*,*,#1914,.F.);
#805=ORIENTED_EDGE('',*,*,#1915,.F.);
#806=ORIENTED_EDGE('',*,*,#1916,.F.);
#807=ORIENTED_EDGE('',*,*,#1917,.F.);
#808=ORIENTED_EDGE('',*,*,#1918,.F.);
#809=ORIENTED_EDGE('',*,*,#1919,.F.);
#810=ORIENTED_EDGE('',*,*,#1920,.F.);
#811=ORIENTED_EDGE('',*,*,#1921,.F.);
#812=ORIENTED_EDGE('',*,*,#1686,.T.);
#813=ORIENTED_EDGE('',*,*,#1690,.T.);
#814=ORIENTED_EDGE('',*,*,#1693,.T.);
#815=ORIENTED_EDGE('',*,*,#1847,.T.);
#816=ORIENTED_EDGE('',*,*,#1676,.T.);
#817=ORIENTED_EDGE('',*,*,#1680,.T.);
#818=ORIENTED_EDGE('',*,*,#1683,.T.);
#819=ORIENTED_EDGE('',*,*,#1845,.T.);
#820=ORIENTED_EDGE('',*,*,#1656,.F.);
#821=ORIENTED_EDGE('',*,*,#1660,.T.);
#822=ORIENTED_EDGE('',*,*,#1663,.T.);
#823=ORIENTED_EDGE('',*,*,#1665,.F.);
#824=ORIENTED_EDGE('',*,*,#1753,.T.);
#825=ORIENTED_EDGE('',*,*,#1922,.T.);
#826=ORIENTED_EDGE('',*,*,#1749,.F.);
#827=ORIENTED_EDGE('',*,*,#1746,.F.);
#828=ORIENTED_EDGE('',*,*,#1743,.F.);
#829=ORIENTED_EDGE('',*,*,#1740,.F.);
#830=ORIENTED_EDGE('',*,*,#1737,.F.);
#831=ORIENTED_EDGE('',*,*,#1923,.T.);
#832=ORIENTED_EDGE('',*,*,#1733,.T.);
#833=ORIENTED_EDGE('',*,*,#1730,.F.);
#834=ORIENTED_EDGE('',*,*,#1727,.T.);
#835=ORIENTED_EDGE('',*,*,#1924,.T.);
#836=ORIENTED_EDGE('',*,*,#1720,.F.);
#837=ORIENTED_EDGE('',*,*,#1925,.T.);
#838=ORIENTED_EDGE('',*,*,#1719,.T.);
#839=ORIENTED_EDGE('',*,*,#1716,.F.);
#840=ORIENTED_EDGE('',*,*,#1713,.T.);
#841=ORIENTED_EDGE('',*,*,#1926,.T.);
#842=ORIENTED_EDGE('',*,*,#1850,.F.);
#843=ORIENTED_EDGE('',*,*,#1927,.T.);
#844=ORIENTED_EDGE('',*,*,#1841,.T.);
#845=ORIENTED_EDGE('',*,*,#1838,.F.);
#846=ORIENTED_EDGE('',*,*,#1835,.T.);
#847=ORIENTED_EDGE('',*,*,#1928,.T.);
#848=ORIENTED_EDGE('',*,*,#1828,.F.);
#849=ORIENTED_EDGE('',*,*,#1929,.T.);
#850=ORIENTED_EDGE('',*,*,#1827,.T.);
#851=ORIENTED_EDGE('',*,*,#1824,.F.);
#852=ORIENTED_EDGE('',*,*,#1821,.T.);
#853=ORIENTED_EDGE('',*,*,#1930,.T.);
#854=ORIENTED_EDGE('',*,*,#1817,.F.);
#855=ORIENTED_EDGE('',*,*,#1814,.F.);
#856=ORIENTED_EDGE('',*,*,#1811,.F.);
#857=ORIENTED_EDGE('',*,*,#1808,.F.);
#858=ORIENTED_EDGE('',*,*,#1805,.F.);
#859=ORIENTED_EDGE('',*,*,#1931,.T.);
#860=ORIENTED_EDGE('',*,*,#1801,.T.);
#861=ORIENTED_EDGE('',*,*,#1798,.F.);
#862=ORIENTED_EDGE('',*,*,#1795,.T.);
#863=ORIENTED_EDGE('',*,*,#1932,.T.);
#864=ORIENTED_EDGE('',*,*,#1788,.F.);
#865=ORIENTED_EDGE('',*,*,#1933,.T.);
#866=ORIENTED_EDGE('',*,*,#1787,.T.);
#867=ORIENTED_EDGE('',*,*,#1784,.F.);
#868=ORIENTED_EDGE('',*,*,#1781,.T.);
#869=ORIENTED_EDGE('',*,*,#1934,.T.);
#870=ORIENTED_EDGE('',*,*,#1774,.F.);
#871=ORIENTED_EDGE('',*,*,#1935,.T.);
#872=ORIENTED_EDGE('',*,*,#1773,.T.);
#873=ORIENTED_EDGE('',*,*,#1770,.F.);
#874=ORIENTED_EDGE('',*,*,#1767,.T.);
#875=ORIENTED_EDGE('',*,*,#1936,.T.);
#876=ORIENTED_EDGE('',*,*,#1760,.F.);
#877=ORIENTED_EDGE('',*,*,#1937,.T.);
#878=ORIENTED_EDGE('',*,*,#1759,.T.);
#879=ORIENTED_EDGE('',*,*,#1756,.F.);
#880=ORIENTED_EDGE('',*,*,#1697,.T.);
#881=ORIENTED_EDGE('',*,*,#1849,.T.);
#882=ORIENTED_EDGE('',*,*,#1709,.T.);
#883=ORIENTED_EDGE('',*,*,#1706,.T.);
#884=ORIENTED_EDGE('',*,*,#1703,.T.);
#885=ORIENTED_EDGE('',*,*,#1700,.T.);
#886=ORIENTED_EDGE('',*,*,#1684,.F.);
#887=ORIENTED_EDGE('',*,*,#1846,.F.);
#888=ORIENTED_EDGE('',*,*,#1691,.F.);
#889=ORIENTED_EDGE('',*,*,#1688,.F.);
#890=ORIENTED_EDGE('',*,*,#1674,.F.);
#891=ORIENTED_EDGE('',*,*,#1844,.F.);
#892=ORIENTED_EDGE('',*,*,#1681,.F.);
#893=ORIENTED_EDGE('',*,*,#1678,.F.);
#894=ORIENTED_EDGE('',*,*,#1843,.T.);
#895=ORIENTED_EDGE('',*,*,#1855,.T.);
#896=ORIENTED_EDGE('',*,*,#1938,.F.);
#897=ORIENTED_EDGE('',*,*,#1939,.T.);
#898=ORIENTED_EDGE('',*,*,#1940,.T.);
#899=ORIENTED_EDGE('',*,*,#1915,.T.);
#900=ORIENTED_EDGE('',*,*,#1941,.F.);
#901=ORIENTED_EDGE('',*,*,#1942,.T.);
#902=ORIENTED_EDGE('',*,*,#1938,.T.);
#903=ORIENTED_EDGE('',*,*,#1914,.T.);
#904=ORIENTED_EDGE('',*,*,#1943,.F.);
#905=ORIENTED_EDGE('',*,*,#1944,.T.);
#906=ORIENTED_EDGE('',*,*,#1941,.T.);
#907=ORIENTED_EDGE('',*,*,#1921,.T.);
#908=ORIENTED_EDGE('',*,*,#1945,.F.);
#909=ORIENTED_EDGE('',*,*,#1946,.T.);
#910=ORIENTED_EDGE('',*,*,#1943,.T.);
#911=ORIENTED_EDGE('',*,*,#1920,.T.);
#912=ORIENTED_EDGE('',*,*,#1947,.F.);
#913=ORIENTED_EDGE('',*,*,#1948,.T.);
#914=ORIENTED_EDGE('',*,*,#1945,.T.);
#915=ORIENTED_EDGE('',*,*,#1919,.T.);
#916=ORIENTED_EDGE('',*,*,#1949,.F.);
#917=ORIENTED_EDGE('',*,*,#1950,.T.);
#918=ORIENTED_EDGE('',*,*,#1947,.T.);
#919=ORIENTED_EDGE('',*,*,#1918,.T.);
#920=ORIENTED_EDGE('',*,*,#1951,.F.);
#921=ORIENTED_EDGE('',*,*,#1952,.T.);
#922=ORIENTED_EDGE('',*,*,#1949,.T.);
#923=ORIENTED_EDGE('',*,*,#1917,.T.);
#924=ORIENTED_EDGE('',*,*,#1940,.F.);
#925=ORIENTED_EDGE('',*,*,#1953,.T.);
#926=ORIENTED_EDGE('',*,*,#1951,.T.);
#927=ORIENTED_EDGE('',*,*,#1916,.T.);
#928=ORIENTED_EDGE('',*,*,#1954,.T.);
#929=ORIENTED_EDGE('',*,*,#1955,.T.);
#930=ORIENTED_EDGE('',*,*,#1956,.T.);
#931=ORIENTED_EDGE('',*,*,#1957,.F.);
#932=ORIENTED_EDGE('',*,*,#1958,.T.);
#933=ORIENTED_EDGE('',*,*,#1959,.T.);
#934=ORIENTED_EDGE('',*,*,#1907,.T.);
#935=ORIENTED_EDGE('',*,*,#1960,.F.);
#936=ORIENTED_EDGE('',*,*,#1961,.T.);
#937=ORIENTED_EDGE('',*,*,#1957,.T.);
#938=ORIENTED_EDGE('',*,*,#1906,.T.);
#939=ORIENTED_EDGE('',*,*,#1962,.F.);
#940=ORIENTED_EDGE('',*,*,#1963,.T.);
#941=ORIENTED_EDGE('',*,*,#1960,.T.);
#942=ORIENTED_EDGE('',*,*,#1913,.T.);
#943=ORIENTED_EDGE('',*,*,#1964,.F.);
#944=ORIENTED_EDGE('',*,*,#1965,.T.);
#945=ORIENTED_EDGE('',*,*,#1962,.T.);
#946=ORIENTED_EDGE('',*,*,#1912,.T.);
#947=ORIENTED_EDGE('',*,*,#1966,.F.);
#948=ORIENTED_EDGE('',*,*,#1967,.T.);
#949=ORIENTED_EDGE('',*,*,#1964,.T.);
#950=ORIENTED_EDGE('',*,*,#1911,.T.);
#951=ORIENTED_EDGE('',*,*,#1968,.F.);
#952=ORIENTED_EDGE('',*,*,#1969,.T.);
#953=ORIENTED_EDGE('',*,*,#1966,.T.);
#954=ORIENTED_EDGE('',*,*,#1910,.T.);
#955=ORIENTED_EDGE('',*,*,#1970,.F.);
#956=ORIENTED_EDGE('',*,*,#1971,.T.);
#957=ORIENTED_EDGE('',*,*,#1968,.T.);
#958=ORIENTED_EDGE('',*,*,#1909,.T.);
#959=ORIENTED_EDGE('',*,*,#1959,.F.);
#960=ORIENTED_EDGE('',*,*,#1972,.T.);
#961=ORIENTED_EDGE('',*,*,#1970,.T.);
#962=ORIENTED_EDGE('',*,*,#1908,.T.);
#963=ORIENTED_EDGE('',*,*,#1973,.T.);
#964=ORIENTED_EDGE('',*,*,#1974,.T.);
#965=ORIENTED_EDGE('',*,*,#1975,.T.);
#966=ORIENTED_EDGE('',*,*,#1976,.T.);
#967=ORIENTED_EDGE('',*,*,#1842,.F.);
#968=ORIENTED_EDGE('',*,*,#1977,.T.);
#969=ORIENTED_EDGE('',*,*,#1854,.F.);
#970=ORIENTED_EDGE('',*,*,#1978,.F.);
#971=ORIENTED_EDGE('',*,*,#1979,.T.);
#972=ORIENTED_EDGE('',*,*,#1980,.T.);
#973=ORIENTED_EDGE('',*,*,#1981,.T.);
#974=ORIENTED_EDGE('',*,*,#1981,.F.);
#975=ORIENTED_EDGE('',*,*,#1982,.T.);
#976=ORIENTED_EDGE('',*,*,#1983,.F.);
#977=ORIENTED_EDGE('',*,*,#1984,.T.);
#978=ORIENTED_EDGE('',*,*,#1985,.F.);
#979=ORIENTED_EDGE('',*,*,#1986,.T.);
#980=ORIENTED_EDGE('',*,*,#1987,.T.);
#981=ORIENTED_EDGE('',*,*,#1988,.T.);
#982=ORIENTED_EDGE('',*,*,#1988,.F.);
#983=ORIENTED_EDGE('',*,*,#1989,.T.);
#984=ORIENTED_EDGE('',*,*,#1990,.F.);
#985=ORIENTED_EDGE('',*,*,#1991,.T.);
#986=ORIENTED_EDGE('',*,*,#1992,.F.);
#987=ORIENTED_EDGE('',*,*,#1993,.T.);
#988=ORIENTED_EDGE('',*,*,#1994,.T.);
#989=ORIENTED_EDGE('',*,*,#1995,.T.);
#990=ORIENTED_EDGE('',*,*,#1995,.F.);
#991=ORIENTED_EDGE('',*,*,#1996,.T.);
#992=ORIENTED_EDGE('',*,*,#1997,.F.);
#993=ORIENTED_EDGE('',*,*,#1998,.T.);
#994=ORIENTED_EDGE('',*,*,#1999,.F.);
#995=ORIENTED_EDGE('',*,*,#2000,.T.);
#996=ORIENTED_EDGE('',*,*,#2001,.F.);
#997=ORIENTED_EDGE('',*,*,#2002,.T.);
#998=ORIENTED_EDGE('',*,*,#2002,.F.);
#999=ORIENTED_EDGE('',*,*,#2003,.F.);
#1000=ORIENTED_EDGE('',*,*,#2004,.F.);
#1001=ORIENTED_EDGE('',*,*,#2005,.T.);
#1002=ORIENTED_EDGE('',*,*,#2000,.F.);
#1003=ORIENTED_EDGE('',*,*,#2006,.F.);
#1004=ORIENTED_EDGE('',*,*,#1645,.F.);
#1005=ORIENTED_EDGE('',*,*,#1672,.F.);
#1006=ORIENTED_EDGE('',*,*,#1649,.F.);
#1007=ORIENTED_EDGE('',*,*,#2006,.T.);
#1008=ORIENTED_EDGE('',*,*,#1999,.T.);
#1009=ORIENTED_EDGE('',*,*,#2005,.F.);
#1010=ORIENTED_EDGE('',*,*,#2007,.F.);
#1011=ORIENTED_EDGE('',*,*,#1671,.F.);
#1012=ORIENTED_EDGE('',*,*,#1653,.F.);
#1013=ORIENTED_EDGE('',*,*,#1996,.F.);
#1014=ORIENTED_EDGE('',*,*,#1994,.F.);
#1015=ORIENTED_EDGE('',*,*,#1647,.F.);
#1016=ORIENTED_EDGE('',*,*,#2001,.T.);
#1017=ORIENTED_EDGE('',*,*,#1648,.F.);
#1018=ORIENTED_EDGE('',*,*,#1993,.F.);
#1019=ORIENTED_EDGE('',*,*,#2008,.F.);
#1020=ORIENTED_EDGE('',*,*,#1902,.F.);
#1021=ORIENTED_EDGE('',*,*,#2003,.T.);
#1022=ORIENTED_EDGE('',*,*,#2004,.T.);
#1023=ORIENTED_EDGE('',*,*,#1905,.F.);
#1024=ORIENTED_EDGE('',*,*,#1989,.F.);
#1025=ORIENTED_EDGE('',*,*,#1987,.F.);
#1026=ORIENTED_EDGE('',*,*,#1642,.F.);
#1027=ORIENTED_EDGE('',*,*,#2007,.T.);
#1028=ORIENTED_EDGE('',*,*,#1673,.F.);
#1029=ORIENTED_EDGE('',*,*,#1643,.F.);
#1030=ORIENTED_EDGE('',*,*,#1986,.F.);
#1031=ORIENTED_EDGE('',*,*,#2009,.F.);
#1032=ORIENTED_EDGE('',*,*,#1669,.F.);
#1033=ORIENTED_EDGE('',*,*,#2008,.T.);
#1034=ORIENTED_EDGE('',*,*,#1992,.T.);
#1035=ORIENTED_EDGE('',*,*,#1998,.F.);
#1036=ORIENTED_EDGE('',*,*,#2010,.F.);
#1037=ORIENTED_EDGE('',*,*,#2009,.T.);
#1038=ORIENTED_EDGE('',*,*,#1985,.T.);
#1039=ORIENTED_EDGE('',*,*,#1991,.F.);
#1040=ORIENTED_EDGE('',*,*,#2011,.F.);
#1041=ORIENTED_EDGE('',*,*,#1997,.T.);
#1042=ORIENTED_EDGE('',*,*,#1652,.F.);
#1043=ORIENTED_EDGE('',*,*,#1982,.F.);
#1044=ORIENTED_EDGE('',*,*,#1980,.F.);
#1045=ORIENTED_EDGE('',*,*,#1903,.F.);
#1046=ORIENTED_EDGE('',*,*,#2010,.T.);
#1047=ORIENTED_EDGE('',*,*,#1990,.T.);
#1048=ORIENTED_EDGE('',*,*,#1904,.F.);
#1049=ORIENTED_EDGE('',*,*,#1979,.F.);
#1050=ORIENTED_EDGE('',*,*,#2012,.F.);
#1051=ORIENTED_EDGE('',*,*,#1666,.F.);
#1052=ORIENTED_EDGE('',*,*,#2011,.T.);
#1053=ORIENTED_EDGE('',*,*,#2012,.T.);
#1054=ORIENTED_EDGE('',*,*,#1978,.T.);
#1055=ORIENTED_EDGE('',*,*,#1984,.F.);
#1056=ORIENTED_EDGE('',*,*,#2013,.F.);
#1057=ORIENTED_EDGE('',*,*,#1983,.T.);
#1058=ORIENTED_EDGE('',*,*,#1651,.F.);
#1059=ORIENTED_EDGE('',*,*,#1670,.F.);
#1060=ORIENTED_EDGE('',*,*,#1667,.F.);
#1061=ORIENTED_EDGE('',*,*,#2013,.T.);
#1062=ORIENTED_EDGE('',*,*,#2014,.F.);
#1063=ORIENTED_EDGE('',*,*,#2015,.T.);
#1064=ORIENTED_EDGE('',*,*,#2016,.T.);
#1065=ORIENTED_EDGE('',*,*,#2017,.T.);
#1066=ORIENTED_EDGE('',*,*,#2017,.F.);
#1067=ORIENTED_EDGE('',*,*,#2018,.T.);
#1068=ORIENTED_EDGE('',*,*,#2019,.F.);
#1069=ORIENTED_EDGE('',*,*,#2020,.T.);
#1070=ORIENTED_EDGE('',*,*,#2021,.F.);
#1071=ORIENTED_EDGE('',*,*,#2022,.T.);
#1072=ORIENTED_EDGE('',*,*,#2023,.T.);
#1073=ORIENTED_EDGE('',*,*,#2024,.T.);
#1074=ORIENTED_EDGE('',*,*,#2024,.F.);
#1075=ORIENTED_EDGE('',*,*,#2025,.T.);
#1076=ORIENTED_EDGE('',*,*,#2026,.F.);
#1077=ORIENTED_EDGE('',*,*,#2027,.T.);
#1078=ORIENTED_EDGE('',*,*,#2028,.F.);
#1079=ORIENTED_EDGE('',*,*,#2029,.T.);
#1080=ORIENTED_EDGE('',*,*,#2030,.T.);
#1081=ORIENTED_EDGE('',*,*,#2031,.T.);
#1082=ORIENTED_EDGE('',*,*,#2031,.F.);
#1083=ORIENTED_EDGE('',*,*,#2032,.T.);
#1084=ORIENTED_EDGE('',*,*,#2033,.F.);
#1085=ORIENTED_EDGE('',*,*,#2034,.T.);
#1086=ORIENTED_EDGE('',*,*,#2035,.F.);
#1087=ORIENTED_EDGE('',*,*,#2036,.T.);
#1088=ORIENTED_EDGE('',*,*,#2037,.T.);
#1089=ORIENTED_EDGE('',*,*,#2038,.T.);
#1090=ORIENTED_EDGE('',*,*,#2038,.F.);
#1091=ORIENTED_EDGE('',*,*,#2039,.T.);
#1092=ORIENTED_EDGE('',*,*,#2040,.F.);
#1093=ORIENTED_EDGE('',*,*,#2041,.T.);
#1094=ORIENTED_EDGE('',*,*,#2042,.F.);
#1095=ORIENTED_EDGE('',*,*,#2043,.T.);
#1096=ORIENTED_EDGE('',*,*,#2044,.T.);
#1097=ORIENTED_EDGE('',*,*,#2045,.T.);
#1098=ORIENTED_EDGE('',*,*,#2045,.F.);
#1099=ORIENTED_EDGE('',*,*,#2046,.T.);
#1100=ORIENTED_EDGE('',*,*,#2047,.F.);
#1101=ORIENTED_EDGE('',*,*,#2048,.T.);
#1102=ORIENTED_EDGE('',*,*,#2049,.F.);
#1103=ORIENTED_EDGE('',*,*,#2050,.T.);
#1104=ORIENTED_EDGE('',*,*,#2051,.T.);
#1105=ORIENTED_EDGE('',*,*,#2052,.T.);
#1106=ORIENTED_EDGE('',*,*,#2052,.F.);
#1107=ORIENTED_EDGE('',*,*,#2053,.T.);
#1108=ORIENTED_EDGE('',*,*,#2054,.F.);
#1109=ORIENTED_EDGE('',*,*,#2055,.T.);
#1110=ORIENTED_EDGE('',*,*,#2056,.F.);
#1111=ORIENTED_EDGE('',*,*,#2057,.T.);
#1112=ORIENTED_EDGE('',*,*,#2058,.T.);
#1113=ORIENTED_EDGE('',*,*,#2059,.T.);
#1114=ORIENTED_EDGE('',*,*,#2059,.F.);
#1115=ORIENTED_EDGE('',*,*,#2060,.T.);
#1116=ORIENTED_EDGE('',*,*,#2061,.F.);
#1117=ORIENTED_EDGE('',*,*,#2062,.T.);
#1118=ORIENTED_EDGE('',*,*,#2063,.F.);
#1119=ORIENTED_EDGE('',*,*,#2064,.T.);
#1120=ORIENTED_EDGE('',*,*,#2065,.T.);
#1121=ORIENTED_EDGE('',*,*,#2066,.T.);
#1122=ORIENTED_EDGE('',*,*,#2066,.F.);
#1123=ORIENTED_EDGE('',*,*,#2067,.T.);
#1124=ORIENTED_EDGE('',*,*,#2068,.F.);
#1125=ORIENTED_EDGE('',*,*,#2069,.T.);
#1126=ORIENTED_EDGE('',*,*,#2070,.F.);
#1127=ORIENTED_EDGE('',*,*,#2071,.T.);
#1128=ORIENTED_EDGE('',*,*,#2072,.T.);
#1129=ORIENTED_EDGE('',*,*,#2073,.T.);
#1130=ORIENTED_EDGE('',*,*,#2073,.F.);
#1131=ORIENTED_EDGE('',*,*,#2074,.T.);
#1132=ORIENTED_EDGE('',*,*,#2075,.F.);
#1133=ORIENTED_EDGE('',*,*,#2076,.T.);
#1134=ORIENTED_EDGE('',*,*,#2077,.F.);
#1135=ORIENTED_EDGE('',*,*,#2078,.T.);
#1136=ORIENTED_EDGE('',*,*,#2079,.T.);
#1137=ORIENTED_EDGE('',*,*,#2080,.T.);
#1138=ORIENTED_EDGE('',*,*,#2080,.F.);
#1139=ORIENTED_EDGE('',*,*,#2081,.T.);
#1140=ORIENTED_EDGE('',*,*,#2082,.F.);
#1141=ORIENTED_EDGE('',*,*,#2083,.T.);
#1142=ORIENTED_EDGE('',*,*,#2084,.F.);
#1143=ORIENTED_EDGE('',*,*,#2085,.T.);
#1144=ORIENTED_EDGE('',*,*,#2086,.T.);
#1145=ORIENTED_EDGE('',*,*,#2087,.T.);
#1146=ORIENTED_EDGE('',*,*,#2087,.F.);
#1147=ORIENTED_EDGE('',*,*,#2088,.T.);
#1148=ORIENTED_EDGE('',*,*,#2089,.F.);
#1149=ORIENTED_EDGE('',*,*,#2090,.T.);
#1150=ORIENTED_EDGE('',*,*,#2091,.F.);
#1151=ORIENTED_EDGE('',*,*,#2092,.T.);
#1152=ORIENTED_EDGE('',*,*,#2093,.T.);
#1153=ORIENTED_EDGE('',*,*,#2094,.T.);
#1154=ORIENTED_EDGE('',*,*,#2094,.F.);
#1155=ORIENTED_EDGE('',*,*,#2095,.T.);
#1156=ORIENTED_EDGE('',*,*,#2096,.F.);
#1157=ORIENTED_EDGE('',*,*,#2097,.T.);
#1158=ORIENTED_EDGE('',*,*,#2098,.F.);
#1159=ORIENTED_EDGE('',*,*,#2099,.T.);
#1160=ORIENTED_EDGE('',*,*,#2100,.T.);
#1161=ORIENTED_EDGE('',*,*,#2101,.T.);
#1162=ORIENTED_EDGE('',*,*,#2101,.F.);
#1163=ORIENTED_EDGE('',*,*,#2102,.T.);
#1164=ORIENTED_EDGE('',*,*,#2103,.F.);
#1165=ORIENTED_EDGE('',*,*,#2104,.T.);
#1166=ORIENTED_EDGE('',*,*,#2105,.F.);
#1167=ORIENTED_EDGE('',*,*,#2106,.T.);
#1168=ORIENTED_EDGE('',*,*,#2107,.T.);
#1169=ORIENTED_EDGE('',*,*,#2108,.T.);
#1170=ORIENTED_EDGE('',*,*,#2108,.F.);
#1171=ORIENTED_EDGE('',*,*,#2109,.T.);
#1172=ORIENTED_EDGE('',*,*,#2110,.F.);
#1173=ORIENTED_EDGE('',*,*,#2111,.T.);
#1174=ORIENTED_EDGE('',*,*,#2112,.F.);
#1175=ORIENTED_EDGE('',*,*,#2113,.T.);
#1176=ORIENTED_EDGE('',*,*,#2114,.T.);
#1177=ORIENTED_EDGE('',*,*,#2115,.T.);
#1178=ORIENTED_EDGE('',*,*,#2115,.F.);
#1179=ORIENTED_EDGE('',*,*,#2116,.T.);
#1180=ORIENTED_EDGE('',*,*,#2117,.F.);
#1181=ORIENTED_EDGE('',*,*,#2118,.T.);
#1182=ORIENTED_EDGE('',*,*,#2119,.F.);
#1183=ORIENTED_EDGE('',*,*,#2120,.T.);
#1184=ORIENTED_EDGE('',*,*,#2121,.T.);
#1185=ORIENTED_EDGE('',*,*,#2122,.T.);
#1186=ORIENTED_EDGE('',*,*,#2122,.F.);
#1187=ORIENTED_EDGE('',*,*,#2123,.T.);
#1188=ORIENTED_EDGE('',*,*,#2124,.F.);
#1189=ORIENTED_EDGE('',*,*,#2125,.T.);
#1190=ORIENTED_EDGE('',*,*,#1930,.F.);
#1191=ORIENTED_EDGE('',*,*,#1820,.F.);
#1192=ORIENTED_EDGE('',*,*,#2123,.F.);
#1193=ORIENTED_EDGE('',*,*,#2121,.F.);
#1194=ORIENTED_EDGE('',*,*,#1815,.F.);
#1195=ORIENTED_EDGE('',*,*,#2126,.F.);
#1196=ORIENTED_EDGE('',*,*,#1816,.F.);
#1197=ORIENTED_EDGE('',*,*,#2120,.F.);
#1198=ORIENTED_EDGE('',*,*,#2127,.F.);
#1199=ORIENTED_EDGE('',*,*,#1890,.F.);
#1200=ORIENTED_EDGE('',*,*,#2127,.T.);
#1201=ORIENTED_EDGE('',*,*,#2119,.T.);
#1202=ORIENTED_EDGE('',*,*,#2125,.F.);
#1203=ORIENTED_EDGE('',*,*,#2128,.F.);
#1204=ORIENTED_EDGE('',*,*,#2126,.T.);
#1205=ORIENTED_EDGE('',*,*,#1889,.F.);
#1206=ORIENTED_EDGE('',*,*,#2129,.F.);
#1207=ORIENTED_EDGE('',*,*,#1813,.F.);
#1208=ORIENTED_EDGE('',*,*,#2124,.T.);
#1209=ORIENTED_EDGE('',*,*,#1819,.F.);
#1210=ORIENTED_EDGE('',*,*,#2130,.F.);
#1211=ORIENTED_EDGE('',*,*,#1891,.F.);
#1212=ORIENTED_EDGE('',*,*,#2128,.T.);
#1213=ORIENTED_EDGE('',*,*,#2129,.T.);
#1214=ORIENTED_EDGE('',*,*,#1888,.F.);
#1215=ORIENTED_EDGE('',*,*,#2131,.F.);
#1216=ORIENTED_EDGE('',*,*,#1810,.F.);
#1217=ORIENTED_EDGE('',*,*,#2130,.T.);
#1218=ORIENTED_EDGE('',*,*,#1823,.F.);
#1219=ORIENTED_EDGE('',*,*,#2132,.F.);
#1220=ORIENTED_EDGE('',*,*,#1892,.F.);
#1221=ORIENTED_EDGE('',*,*,#2131,.T.);
#1222=ORIENTED_EDGE('',*,*,#1887,.F.);
#1223=ORIENTED_EDGE('',*,*,#2133,.F.);
#1224=ORIENTED_EDGE('',*,*,#1807,.F.);
#1225=ORIENTED_EDGE('',*,*,#1929,.F.);
#1226=ORIENTED_EDGE('',*,*,#1831,.F.);
#1227=ORIENTED_EDGE('',*,*,#2116,.F.);
#1228=ORIENTED_EDGE('',*,*,#2114,.F.);
#1229=ORIENTED_EDGE('',*,*,#1825,.F.);
#1230=ORIENTED_EDGE('',*,*,#2132,.T.);
#1231=ORIENTED_EDGE('',*,*,#1826,.F.);
#1232=ORIENTED_EDGE('',*,*,#2113,.F.);
#1233=ORIENTED_EDGE('',*,*,#2134,.F.);
#1234=ORIENTED_EDGE('',*,*,#1893,.F.);
#1235=ORIENTED_EDGE('',*,*,#2133,.T.);
#1236=ORIENTED_EDGE('',*,*,#1886,.F.);
#1237=ORIENTED_EDGE('',*,*,#2109,.F.);
#1238=ORIENTED_EDGE('',*,*,#2107,.F.);
#1239=ORIENTED_EDGE('',*,*,#1803,.F.);
#1240=ORIENTED_EDGE('',*,*,#1931,.F.);
#1241=ORIENTED_EDGE('',*,*,#1804,.F.);
#1242=ORIENTED_EDGE('',*,*,#2106,.F.);
#1243=ORIENTED_EDGE('',*,*,#2135,.F.);
#1244=ORIENTED_EDGE('',*,*,#1799,.F.);
#1245=ORIENTED_EDGE('',*,*,#2134,.T.);
#1246=ORIENTED_EDGE('',*,*,#2112,.T.);
#1247=ORIENTED_EDGE('',*,*,#2118,.F.);
#1248=ORIENTED_EDGE('',*,*,#2136,.F.);
#1249=ORIENTED_EDGE('',*,*,#2135,.T.);
#1250=ORIENTED_EDGE('',*,*,#2105,.T.);
#1251=ORIENTED_EDGE('',*,*,#2111,.F.);
#1252=ORIENTED_EDGE('',*,*,#2137,.F.);
#1253=ORIENTED_EDGE('',*,*,#1928,.F.);
#1254=ORIENTED_EDGE('',*,*,#1834,.F.);
#1255=ORIENTED_EDGE('',*,*,#2102,.F.);
#1256=ORIENTED_EDGE('',*,*,#2100,.F.);
#1257=ORIENTED_EDGE('',*,*,#1829,.F.);
#1258=ORIENTED_EDGE('',*,*,#2117,.T.);
#1259=ORIENTED_EDGE('',*,*,#1830,.F.);
#1260=ORIENTED_EDGE('',*,*,#2099,.F.);
#1261=ORIENTED_EDGE('',*,*,#2138,.F.);
#1262=ORIENTED_EDGE('',*,*,#1894,.F.);
#1263=ORIENTED_EDGE('',*,*,#2136,.T.);
#1264=ORIENTED_EDGE('',*,*,#2110,.T.);
#1265=ORIENTED_EDGE('',*,*,#1885,.F.);
#1266=ORIENTED_EDGE('',*,*,#2139,.F.);
#1267=ORIENTED_EDGE('',*,*,#1800,.F.);
#1268=ORIENTED_EDGE('',*,*,#2137,.T.);
#1269=ORIENTED_EDGE('',*,*,#2138,.T.);
#1270=ORIENTED_EDGE('',*,*,#2098,.T.);
#1271=ORIENTED_EDGE('',*,*,#2104,.F.);
#1272=ORIENTED_EDGE('',*,*,#2140,.F.);
#1273=ORIENTED_EDGE('',*,*,#2139,.T.);
#1274=ORIENTED_EDGE('',*,*,#1884,.F.);
#1275=ORIENTED_EDGE('',*,*,#2141,.F.);
#1276=ORIENTED_EDGE('',*,*,#1797,.F.);
#1277=ORIENTED_EDGE('',*,*,#2103,.T.);
#1278=ORIENTED_EDGE('',*,*,#1833,.F.);
#1279=ORIENTED_EDGE('',*,*,#2142,.F.);
#1280=ORIENTED_EDGE('',*,*,#1895,.F.);
#1281=ORIENTED_EDGE('',*,*,#2140,.T.);
#1282=ORIENTED_EDGE('',*,*,#2141,.T.);
#1283=ORIENTED_EDGE('',*,*,#1883,.F.);
#1284=ORIENTED_EDGE('',*,*,#2095,.F.);
#1285=ORIENTED_EDGE('',*,*,#2093,.F.);
#1286=ORIENTED_EDGE('',*,*,#1793,.F.);
#1287=ORIENTED_EDGE('',*,*,#1932,.F.);
#1288=ORIENTED_EDGE('',*,*,#1794,.F.);
#1289=ORIENTED_EDGE('',*,*,#2092,.F.);
#1290=ORIENTED_EDGE('',*,*,#2143,.F.);
#1291=ORIENTED_EDGE('',*,*,#1789,.F.);
#1292=ORIENTED_EDGE('',*,*,#2142,.T.);
#1293=ORIENTED_EDGE('',*,*,#1837,.F.);
#1294=ORIENTED_EDGE('',*,*,#2144,.F.);
#1295=ORIENTED_EDGE('',*,*,#1896,.F.);
#1296=ORIENTED_EDGE('',*,*,#2143,.T.);
#1297=ORIENTED_EDGE('',*,*,#2091,.T.);
#1298=ORIENTED_EDGE('',*,*,#2097,.F.);
#1299=ORIENTED_EDGE('',*,*,#2145,.F.);
#1300=ORIENTED_EDGE('',*,*,#1927,.F.);
#1301=ORIENTED_EDGE('',*,*,#1853,.F.);
#1302=ORIENTED_EDGE('',*,*,#2088,.F.);
#1303=ORIENTED_EDGE('',*,*,#2086,.F.);
#1304=ORIENTED_EDGE('',*,*,#1839,.F.);
#1305=ORIENTED_EDGE('',*,*,#2144,.T.);
#1306=ORIENTED_EDGE('',*,*,#1840,.F.);
#1307=ORIENTED_EDGE('',*,*,#2085,.F.);
#1308=ORIENTED_EDGE('',*,*,#2146,.F.);
#1309=ORIENTED_EDGE('',*,*,#1897,.F.);
#1310=ORIENTED_EDGE('',*,*,#2096,.T.);
#1311=ORIENTED_EDGE('',*,*,#1882,.F.);
#1312=ORIENTED_EDGE('',*,*,#2081,.F.);
#1313=ORIENTED_EDGE('',*,*,#2079,.F.);
#1314=ORIENTED_EDGE('',*,*,#1790,.F.);
#1315=ORIENTED_EDGE('',*,*,#2145,.T.);
#1316=ORIENTED_EDGE('',*,*,#1933,.F.);
#1317=ORIENTED_EDGE('',*,*,#1791,.F.);
#1318=ORIENTED_EDGE('',*,*,#2078,.F.);
#1319=ORIENTED_EDGE('',*,*,#2147,.F.);
#1320=ORIENTED_EDGE('',*,*,#1785,.F.);
#1321=ORIENTED_EDGE('',*,*,#2146,.T.);
#1322=ORIENTED_EDGE('',*,*,#2084,.T.);
#1323=ORIENTED_EDGE('',*,*,#2090,.F.);
#1324=ORIENTED_EDGE('',*,*,#2148,.F.);
#1325=ORIENTED_EDGE('',*,*,#2147,.T.);
#1326=ORIENTED_EDGE('',*,*,#2077,.T.);
#1327=ORIENTED_EDGE('',*,*,#2083,.F.);
#1328=ORIENTED_EDGE('',*,*,#2149,.F.);
#1329=ORIENTED_EDGE('',*,*,#1926,.F.);
#1330=ORIENTED_EDGE('',*,*,#1712,.F.);
#1331=ORIENTED_EDGE('',*,*,#2074,.F.);
#1332=ORIENTED_EDGE('',*,*,#2072,.F.);
#1333=ORIENTED_EDGE('',*,*,#1851,.F.);
#1334=ORIENTED_EDGE('',*,*,#2089,.T.);
#1335=ORIENTED_EDGE('',*,*,#1852,.F.);
#1336=ORIENTED_EDGE('',*,*,#2071,.F.);
#1337=ORIENTED_EDGE('',*,*,#2150,.F.);
#1338=ORIENTED_EDGE('',*,*,#1898,.F.);
#1339=ORIENTED_EDGE('',*,*,#2148,.T.);
#1340=ORIENTED_EDGE('',*,*,#2082,.T.);
#1341=ORIENTED_EDGE('',*,*,#1881,.F.);
#1342=ORIENTED_EDGE('',*,*,#2151,.F.);
#1343=ORIENTED_EDGE('',*,*,#1786,.F.);
#1344=ORIENTED_EDGE('',*,*,#2149,.T.);
#1345=ORIENTED_EDGE('',*,*,#2150,.T.);
#1346=ORIENTED_EDGE('',*,*,#2070,.T.);
#1347=ORIENTED_EDGE('',*,*,#2076,.F.);
#1348=ORIENTED_EDGE('',*,*,#2152,.F.);
#1349=ORIENTED_EDGE('',*,*,#2151,.T.);
#1350=ORIENTED_EDGE('',*,*,#1880,.F.);
#1351=ORIENTED_EDGE('',*,*,#2153,.F.);
#1352=ORIENTED_EDGE('',*,*,#1783,.F.);
#1353=ORIENTED_EDGE('',*,*,#2075,.T.);
#1354=ORIENTED_EDGE('',*,*,#1711,.F.);
#1355=ORIENTED_EDGE('',*,*,#2154,.F.);
#1356=ORIENTED_EDGE('',*,*,#1899,.F.);
#1357=ORIENTED_EDGE('',*,*,#2152,.T.);
#1358=ORIENTED_EDGE('',*,*,#2153,.T.);
#1359=ORIENTED_EDGE('',*,*,#1879,.F.);
#1360=ORIENTED_EDGE('',*,*,#2067,.F.);
#1361=ORIENTED_EDGE('',*,*,#2065,.F.);
#1362=ORIENTED_EDGE('',*,*,#1779,.F.);
#1363=ORIENTED_EDGE('',*,*,#1934,.F.);
#1364=ORIENTED_EDGE('',*,*,#1780,.F.);
#1365=ORIENTED_EDGE('',*,*,#2064,.F.);
#1366=ORIENTED_EDGE('',*,*,#2155,.F.);
#1367=ORIENTED_EDGE('',*,*,#1775,.F.);
#1368=ORIENTED_EDGE('',*,*,#2154,.T.);
#1369=ORIENTED_EDGE('',*,*,#1715,.F.);
#1370=ORIENTED_EDGE('',*,*,#2156,.F.);
#1371=ORIENTED_EDGE('',*,*,#1900,.F.);
#1372=ORIENTED_EDGE('',*,*,#2155,.T.);
#1373=ORIENTED_EDGE('',*,*,#2063,.T.);
#1374=ORIENTED_EDGE('',*,*,#2069,.F.);
#1375=ORIENTED_EDGE('',*,*,#2157,.F.);
#1376=ORIENTED_EDGE('',*,*,#1925,.F.);
#1377=ORIENTED_EDGE('',*,*,#1723,.F.);
#1378=ORIENTED_EDGE('',*,*,#2060,.F.);
#1379=ORIENTED_EDGE('',*,*,#2058,.F.);
#1380=ORIENTED_EDGE('',*,*,#1717,.F.);
#1381=ORIENTED_EDGE('',*,*,#2156,.T.);
#1382=ORIENTED_EDGE('',*,*,#1718,.F.);
#1383=ORIENTED_EDGE('',*,*,#2057,.F.);
#1384=ORIENTED_EDGE('',*,*,#2158,.F.);
#1385=ORIENTED_EDGE('',*,*,#1901,.F.);
#1386=ORIENTED_EDGE('',*,*,#2068,.T.);
#1387=ORIENTED_EDGE('',*,*,#1878,.F.);
#1388=ORIENTED_EDGE('',*,*,#2053,.F.);
#1389=ORIENTED_EDGE('',*,*,#2051,.F.);
#1390=ORIENTED_EDGE('',*,*,#1776,.F.);
#1391=ORIENTED_EDGE('',*,*,#2157,.T.);
#1392=ORIENTED_EDGE('',*,*,#1935,.F.);
#1393=ORIENTED_EDGE('',*,*,#1777,.F.);
#1394=ORIENTED_EDGE('',*,*,#2050,.F.);
#1395=ORIENTED_EDGE('',*,*,#2159,.F.);
#1396=ORIENTED_EDGE('',*,*,#1771,.F.);
#1397=ORIENTED_EDGE('',*,*,#2158,.T.);
#1398=ORIENTED_EDGE('',*,*,#2056,.T.);
#1399=ORIENTED_EDGE('',*,*,#2062,.F.);
#1400=ORIENTED_EDGE('',*,*,#2160,.F.);
#1401=ORIENTED_EDGE('',*,*,#2159,.T.);
#1402=ORIENTED_EDGE('',*,*,#2049,.T.);
#1403=ORIENTED_EDGE('',*,*,#2055,.F.);
#1404=ORIENTED_EDGE('',*,*,#2161,.F.);
#1405=ORIENTED_EDGE('',*,*,#1924,.F.);
#1406=ORIENTED_EDGE('',*,*,#1726,.F.);
#1407=ORIENTED_EDGE('',*,*,#2046,.F.);
#1408=ORIENTED_EDGE('',*,*,#2044,.F.);
#1409=ORIENTED_EDGE('',*,*,#1721,.F.);
#1410=ORIENTED_EDGE('',*,*,#2061,.T.);
#1411=ORIENTED_EDGE('',*,*,#1722,.F.);
#1412=ORIENTED_EDGE('',*,*,#2043,.F.);
#1413=ORIENTED_EDGE('',*,*,#2162,.F.);
#1414=ORIENTED_EDGE('',*,*,#1862,.F.);
#1415=ORIENTED_EDGE('',*,*,#2160,.T.);
#1416=ORIENTED_EDGE('',*,*,#2054,.T.);
#1417=ORIENTED_EDGE('',*,*,#1877,.F.);
#1418=ORIENTED_EDGE('',*,*,#2163,.F.);
#1419=ORIENTED_EDGE('',*,*,#1772,.F.);
#1420=ORIENTED_EDGE('',*,*,#2161,.T.);
#1421=ORIENTED_EDGE('',*,*,#2162,.T.);
#1422=ORIENTED_EDGE('',*,*,#2042,.T.);
#1423=ORIENTED_EDGE('',*,*,#2048,.F.);
#1424=ORIENTED_EDGE('',*,*,#2164,.F.);
#1425=ORIENTED_EDGE('',*,*,#2163,.T.);
#1426=ORIENTED_EDGE('',*,*,#1876,.F.);
#1427=ORIENTED_EDGE('',*,*,#2165,.F.);
#1428=ORIENTED_EDGE('',*,*,#1769,.F.);
#1429=ORIENTED_EDGE('',*,*,#2047,.T.);
#1430=ORIENTED_EDGE('',*,*,#1725,.F.);
#1431=ORIENTED_EDGE('',*,*,#2166,.F.);
#1432=ORIENTED_EDGE('',*,*,#1863,.F.);
#1433=ORIENTED_EDGE('',*,*,#2164,.T.);
#1434=ORIENTED_EDGE('',*,*,#2165,.T.);
#1435=ORIENTED_EDGE('',*,*,#1875,.F.);
#1436=ORIENTED_EDGE('',*,*,#2039,.F.);
#1437=ORIENTED_EDGE('',*,*,#2037,.F.);
#1438=ORIENTED_EDGE('',*,*,#1765,.F.);
#1439=ORIENTED_EDGE('',*,*,#1936,.F.);
#1440=ORIENTED_EDGE('',*,*,#1766,.F.);
#1441=ORIENTED_EDGE('',*,*,#2036,.F.);
#1442=ORIENTED_EDGE('',*,*,#2167,.F.);
#1443=ORIENTED_EDGE('',*,*,#1761,.F.);
#1444=ORIENTED_EDGE('',*,*,#2166,.T.);
#1445=ORIENTED_EDGE('',*,*,#1729,.F.);
#1446=ORIENTED_EDGE('',*,*,#2168,.F.);
#1447=ORIENTED_EDGE('',*,*,#1864,.F.);
#1448=ORIENTED_EDGE('',*,*,#2167,.T.);
#1449=ORIENTED_EDGE('',*,*,#2035,.T.);
#1450=ORIENTED_EDGE('',*,*,#2041,.F.);
#1451=ORIENTED_EDGE('',*,*,#2169,.F.);
#1452=ORIENTED_EDGE('',*,*,#1923,.F.);
#1453=ORIENTED_EDGE('',*,*,#1736,.F.);
#1454=ORIENTED_EDGE('',*,*,#2032,.F.);
#1455=ORIENTED_EDGE('',*,*,#2030,.F.);
#1456=ORIENTED_EDGE('',*,*,#1731,.F.);
#1457=ORIENTED_EDGE('',*,*,#2168,.T.);
#1458=ORIENTED_EDGE('',*,*,#1732,.F.);
#1459=ORIENTED_EDGE('',*,*,#2029,.F.);
#1460=ORIENTED_EDGE('',*,*,#2170,.F.);
#1461=ORIENTED_EDGE('',*,*,#1865,.F.);
#1462=ORIENTED_EDGE('',*,*,#2040,.T.);
#1463=ORIENTED_EDGE('',*,*,#1874,.F.);
#1464=ORIENTED_EDGE('',*,*,#2025,.F.);
#1465=ORIENTED_EDGE('',*,*,#2023,.F.);
#1466=ORIENTED_EDGE('',*,*,#1762,.F.);
#1467=ORIENTED_EDGE('',*,*,#2169,.T.);
#1468=ORIENTED_EDGE('',*,*,#1937,.F.);
#1469=ORIENTED_EDGE('',*,*,#1763,.F.);
#1470=ORIENTED_EDGE('',*,*,#2022,.F.);
#1471=ORIENTED_EDGE('',*,*,#2171,.F.);
#1472=ORIENTED_EDGE('',*,*,#1757,.F.);
#1473=ORIENTED_EDGE('',*,*,#2170,.T.);
#1474=ORIENTED_EDGE('',*,*,#2028,.T.);
#1475=ORIENTED_EDGE('',*,*,#2034,.F.);
#1476=ORIENTED_EDGE('',*,*,#2172,.F.);
#1477=ORIENTED_EDGE('',*,*,#2171,.T.);
#1478=ORIENTED_EDGE('',*,*,#2021,.T.);
#1479=ORIENTED_EDGE('',*,*,#2027,.F.);
#1480=ORIENTED_EDGE('',*,*,#2173,.F.);
#1481=ORIENTED_EDGE('',*,*,#2033,.T.);
#1482=ORIENTED_EDGE('',*,*,#1735,.F.);
#1483=ORIENTED_EDGE('',*,*,#2174,.F.);
#1484=ORIENTED_EDGE('',*,*,#1866,.F.);
#1485=ORIENTED_EDGE('',*,*,#2172,.T.);
#1486=ORIENTED_EDGE('',*,*,#2026,.T.);
#1487=ORIENTED_EDGE('',*,*,#1873,.F.);
#1488=ORIENTED_EDGE('',*,*,#2175,.F.);
#1489=ORIENTED_EDGE('',*,*,#1758,.F.);
#1490=ORIENTED_EDGE('',*,*,#2173,.T.);
#1491=ORIENTED_EDGE('',*,*,#2174,.T.);
#1492=ORIENTED_EDGE('',*,*,#1739,.F.);
#1493=ORIENTED_EDGE('',*,*,#2176,.F.);
#1494=ORIENTED_EDGE('',*,*,#1867,.F.);
#1495=ORIENTED_EDGE('',*,*,#2175,.T.);
#1496=ORIENTED_EDGE('',*,*,#1872,.F.);
#1497=ORIENTED_EDGE('',*,*,#2177,.F.);
#1498=ORIENTED_EDGE('',*,*,#1755,.F.);
#1499=ORIENTED_EDGE('',*,*,#2176,.T.);
#1500=ORIENTED_EDGE('',*,*,#1742,.F.);
#1501=ORIENTED_EDGE('',*,*,#2178,.F.);
#1502=ORIENTED_EDGE('',*,*,#1868,.F.);
#1503=ORIENTED_EDGE('',*,*,#2177,.T.);
#1504=ORIENTED_EDGE('',*,*,#1871,.F.);
#1505=ORIENTED_EDGE('',*,*,#2018,.F.);
#1506=ORIENTED_EDGE('',*,*,#2016,.F.);
#1507=ORIENTED_EDGE('',*,*,#1751,.F.);
#1508=ORIENTED_EDGE('',*,*,#1922,.F.);
#1509=ORIENTED_EDGE('',*,*,#1752,.F.);
#1510=ORIENTED_EDGE('',*,*,#2015,.F.);
#1511=ORIENTED_EDGE('',*,*,#2179,.F.);
#1512=ORIENTED_EDGE('',*,*,#1747,.F.);
#1513=ORIENTED_EDGE('',*,*,#2178,.T.);
#1514=ORIENTED_EDGE('',*,*,#1745,.F.);
#1515=ORIENTED_EDGE('',*,*,#2180,.F.);
#1516=ORIENTED_EDGE('',*,*,#1869,.F.);
#1517=ORIENTED_EDGE('',*,*,#2179,.T.);
#1518=ORIENTED_EDGE('',*,*,#2014,.T.);
#1519=ORIENTED_EDGE('',*,*,#2020,.F.);
#1520=ORIENTED_EDGE('',*,*,#2181,.F.);
#1521=ORIENTED_EDGE('',*,*,#2180,.T.);
#1522=ORIENTED_EDGE('',*,*,#1748,.F.);
#1523=ORIENTED_EDGE('',*,*,#2181,.T.);
#1524=ORIENTED_EDGE('',*,*,#2019,.T.);
#1525=ORIENTED_EDGE('',*,*,#1870,.F.);
#1526=ORIENTED_EDGE('',*,*,#2182,.F.);
#1527=ORIENTED_EDGE('',*,*,#1860,.F.);
#1528=ORIENTED_EDGE('',*,*,#2183,.F.);
#1529=ORIENTED_EDGE('',*,*,#1705,.F.);
#1530=ORIENTED_EDGE('',*,*,#2183,.T.);
#1531=ORIENTED_EDGE('',*,*,#1859,.F.);
#1532=ORIENTED_EDGE('',*,*,#2184,.F.);
#1533=ORIENTED_EDGE('',*,*,#1702,.F.);
#1534=ORIENTED_EDGE('',*,*,#2182,.T.);
#1535=ORIENTED_EDGE('',*,*,#1708,.F.);
#1536=ORIENTED_EDGE('',*,*,#2185,.F.);
#1537=ORIENTED_EDGE('',*,*,#1861,.F.);
#1538=ORIENTED_EDGE('',*,*,#2184,.T.);
#1539=ORIENTED_EDGE('',*,*,#1858,.F.);
#1540=ORIENTED_EDGE('',*,*,#2186,.F.);
#1541=ORIENTED_EDGE('',*,*,#1699,.F.);
#1542=ORIENTED_EDGE('',*,*,#2185,.T.);
#1543=ORIENTED_EDGE('',*,*,#1848,.F.);
#1544=ORIENTED_EDGE('',*,*,#2187,.F.);
#1545=ORIENTED_EDGE('',*,*,#1856,.F.);
#1546=ORIENTED_EDGE('',*,*,#2186,.T.);
#1547=ORIENTED_EDGE('',*,*,#1857,.F.);
#1548=ORIENTED_EDGE('',*,*,#2187,.T.);
#1549=ORIENTED_EDGE('',*,*,#1695,.F.);
#1550=ORIENTED_EDGE('',*,*,#1955,.F.);
#1551=ORIENTED_EDGE('',*,*,#1634,.F.);
#1552=ORIENTED_EDGE('',*,*,#1637,.F.);
#1553=ORIENTED_EDGE('',*,*,#1640,.F.);
#1554=ORIENTED_EDGE('',*,*,#1977,.F.);
#1555=ORIENTED_EDGE('',*,*,#2188,.F.);
#1556=ORIENTED_EDGE('',*,*,#1948,.F.);
#1557=ORIENTED_EDGE('',*,*,#2189,.F.);
#1558=ORIENTED_EDGE('',*,*,#1635,.F.);
#1559=ORIENTED_EDGE('',*,*,#1954,.F.);
#1560=ORIENTED_EDGE('',*,*,#2189,.T.);
#1561=ORIENTED_EDGE('',*,*,#1950,.F.);
#1562=ORIENTED_EDGE('',*,*,#2190,.F.);
#1563=ORIENTED_EDGE('',*,*,#1946,.F.);
#1564=ORIENTED_EDGE('',*,*,#2188,.T.);
#1565=ORIENTED_EDGE('',*,*,#2191,.F.);
#1566=ORIENTED_EDGE('',*,*,#2190,.T.);
#1567=ORIENTED_EDGE('',*,*,#1952,.F.);
#1568=ORIENTED_EDGE('',*,*,#2192,.F.);
#1569=ORIENTED_EDGE('',*,*,#1638,.F.);
#1570=ORIENTED_EDGE('',*,*,#1633,.F.);
#1571=ORIENTED_EDGE('',*,*,#1956,.F.);
#1572=ORIENTED_EDGE('',*,*,#1639,.F.);
#1573=ORIENTED_EDGE('',*,*,#2193,.F.);
#1574=ORIENTED_EDGE('',*,*,#1944,.F.);
#1575=ORIENTED_EDGE('',*,*,#2191,.T.);
#1576=ORIENTED_EDGE('',*,*,#2192,.T.);
#1577=ORIENTED_EDGE('',*,*,#1953,.F.);
#1578=ORIENTED_EDGE('',*,*,#2194,.F.);
#1579=ORIENTED_EDGE('',*,*,#1942,.F.);
#1580=ORIENTED_EDGE('',*,*,#2193,.T.);
#1581=ORIENTED_EDGE('',*,*,#2195,.F.);
#1582=ORIENTED_EDGE('',*,*,#2194,.T.);
#1583=ORIENTED_EDGE('',*,*,#1939,.F.);
#1584=ORIENTED_EDGE('',*,*,#2195,.T.);
#1585=ORIENTED_EDGE('',*,*,#1641,.F.);
#1586=ORIENTED_EDGE('',*,*,#1636,.F.);
#1587=ORIENTED_EDGE('',*,*,#1974,.F.);
#1588=ORIENTED_EDGE('',*,*,#1625,.F.);
#1589=ORIENTED_EDGE('',*,*,#1628,.F.);
#1590=ORIENTED_EDGE('',*,*,#1631,.F.);
#1591=ORIENTED_EDGE('',*,*,#1976,.F.);
#1592=ORIENTED_EDGE('',*,*,#2196,.F.);
#1593=ORIENTED_EDGE('',*,*,#1967,.F.);
#1594=ORIENTED_EDGE('',*,*,#2197,.F.);
#1595=ORIENTED_EDGE('',*,*,#1626,.F.);
#1596=ORIENTED_EDGE('',*,*,#1973,.F.);
#1597=ORIENTED_EDGE('',*,*,#2197,.T.);
#1598=ORIENTED_EDGE('',*,*,#1969,.F.);
#1599=ORIENTED_EDGE('',*,*,#2198,.F.);
#1600=ORIENTED_EDGE('',*,*,#1965,.F.);
#1601=ORIENTED_EDGE('',*,*,#2196,.T.);
#1602=ORIENTED_EDGE('',*,*,#2199,.F.);
#1603=ORIENTED_EDGE('',*,*,#2198,.T.);
#1604=ORIENTED_EDGE('',*,*,#1971,.F.);
#1605=ORIENTED_EDGE('',*,*,#2200,.F.);
#1606=ORIENTED_EDGE('',*,*,#1629,.F.);
#1607=ORIENTED_EDGE('',*,*,#1624,.F.);
#1608=ORIENTED_EDGE('',*,*,#1975,.F.);
#1609=ORIENTED_EDGE('',*,*,#1630,.F.);
#1610=ORIENTED_EDGE('',*,*,#2201,.F.);
#1611=ORIENTED_EDGE('',*,*,#1963,.F.);
#1612=ORIENTED_EDGE('',*,*,#2199,.T.);
#1613=ORIENTED_EDGE('',*,*,#2200,.T.);
#1614=ORIENTED_EDGE('',*,*,#1972,.F.);
#1615=ORIENTED_EDGE('',*,*,#2202,.F.);
#1616=ORIENTED_EDGE('',*,*,#1961,.F.);
#1617=ORIENTED_EDGE('',*,*,#2201,.T.);
#1618=ORIENTED_EDGE('',*,*,#2203,.F.);
#1619=ORIENTED_EDGE('',*,*,#2202,.T.);
#1620=ORIENTED_EDGE('',*,*,#1958,.F.);
#1621=ORIENTED_EDGE('',*,*,#2203,.T.);
#1622=ORIENTED_EDGE('',*,*,#1632,.F.);
#1623=ORIENTED_EDGE('',*,*,#1627,.F.);
#1624=EDGE_CURVE('',#2204,#2205,#2552,.T.);
#1625=EDGE_CURVE('',#2205,#2206,#2553,.T.);
#1626=EDGE_CURVE('',#2206,#2204,#2554,.T.);
#1627=EDGE_CURVE('',#2207,#2208,#2555,.T.);
#1628=EDGE_CURVE('',#2208,#2205,#2556,.T.);
#1629=EDGE_CURVE('',#2205,#2207,#2557,.T.);
#1630=EDGE_CURVE('',#2209,#2210,#2558,.T.);
#1631=EDGE_CURVE('',#2210,#2208,#2559,.T.);
#1632=EDGE_CURVE('',#2208,#2209,#2560,.T.);
#1633=EDGE_CURVE('',#2211,#2212,#2561,.T.);
#1634=EDGE_CURVE('',#2212,#2213,#2562,.T.);
#1635=EDGE_CURVE('',#2213,#2211,#2563,.T.);
#1636=EDGE_CURVE('',#2214,#2215,#2564,.T.);
#1637=EDGE_CURVE('',#2215,#2212,#2565,.T.);
#1638=EDGE_CURVE('',#2212,#2214,#2566,.T.);
#1639=EDGE_CURVE('',#2216,#2217,#2567,.T.);
#1640=EDGE_CURVE('',#2217,#2215,#2568,.T.);
#1641=EDGE_CURVE('',#2215,#2216,#2569,.T.);
#1642=EDGE_CURVE('',#2218,#2219,#2570,.T.);
#1643=EDGE_CURVE('',#2219,#2220,#2571,.T.);
#1644=EDGE_CURVE('',#2221,#2220,#230,.T.);
#1645=EDGE_CURVE('',#2221,#2218,#2572,.T.);
#1646=EDGE_CURVE('',#2222,#2223,#231,.T.);
#1647=EDGE_CURVE('',#2223,#2224,#2573,.T.);
#1648=EDGE_CURVE('',#2224,#2225,#2574,.T.);
#1649=EDGE_CURVE('',#2225,#2222,#2575,.T.);
#1650=EDGE_CURVE('',#2226,#2227,#232,.T.);
#1651=EDGE_CURVE('',#2227,#2228,#2576,.T.);
#1652=EDGE_CURVE('',#2228,#2229,#2577,.T.);
#1653=EDGE_CURVE('',#2229,#2226,#2578,.T.);
#1654=EDGE_CURVE('',#2230,#2231,#233,.T.);
#1655=EDGE_CURVE('',#2232,#2230,#234,.T.);
#1656=EDGE_CURVE('',#2232,#2233,#235,.T.);
#1657=EDGE_CURVE('',#2233,#2231,#236,.T.);
#1658=EDGE_CURVE('',#2230,#2234,#237,.T.);
#1659=EDGE_CURVE('',#2235,#2234,#238,.T.);
#1660=EDGE_CURVE('',#2232,#2235,#239,.T.);
#1661=EDGE_CURVE('',#2234,#2236,#240,.T.);
#1662=EDGE_CURVE('',#2237,#2236,#241,.T.);
#1663=EDGE_CURVE('',#2235,#2237,#242,.T.);
#1664=EDGE_CURVE('',#2231,#2236,#243,.T.);
#1665=EDGE_CURVE('',#2233,#2237,#244,.T.);
#1666=EDGE_CURVE('',#2238,#2239,#2579,.T.);
#1667=EDGE_CURVE('',#2239,#2240,#2580,.T.);
#1668=EDGE_CURVE('',#2241,#2240,#245,.T.);
#1669=EDGE_CURVE('',#2241,#2238,#2581,.T.);
#1670=EDGE_CURVE('',#2240,#2227,#2582,.T.);
#1671=EDGE_CURVE('',#2226,#2223,#2583,.T.);
#1672=EDGE_CURVE('',#2222,#2221,#2584,.T.);
#1673=EDGE_CURVE('',#2220,#2241,#2585,.T.);
#1674=EDGE_CURVE('',#2242,#2243,#246,.T.);
#1675=EDGE_CURVE('',#2244,#2243,#247,.T.);
#1676=EDGE_CURVE('',#2245,#2244,#248,.T.);
#1677=EDGE_CURVE('',#2245,#2242,#249,.T.);
#1678=EDGE_CURVE('',#2243,#2246,#250,.T.);
#1679=EDGE_CURVE('',#2247,#2246,#251,.T.);
#1680=EDGE_CURVE('',#2244,#2247,#252,.T.);
#1681=EDGE_CURVE('',#2246,#2248,#253,.T.);
#1682=EDGE_CURVE('',#2249,#2248,#254,.T.);
#1683=EDGE_CURVE('',#2247,#2249,#255,.T.);
#1684=EDGE_CURVE('',#2250,#2251,#256,.T.);
#1685=EDGE_CURVE('',#2252,#2251,#257,.T.);
#1686=EDGE_CURVE('',#2253,#2252,#258,.T.);
#1687=EDGE_CURVE('',#2253,#2250,#259,.T.);
#1688=EDGE_CURVE('',#2251,#2254,#260,.T.);
#1689=EDGE_CURVE('',#2255,#2254,#261,.T.);
#1690=EDGE_CURVE('',#2252,#2255,#262,.T.);
#1691=EDGE_CURVE('',#2254,#2256,#263,.T.);
#1692=EDGE_CURVE('',#2257,#2256,#264,.T.);
#1693=EDGE_CURVE('',#2255,#2257,#265,.T.);
#1694=EDGE_CURVE('',#2258,#2259,#266,.T.);
#1695=EDGE_CURVE('',#2258,#2260,#2586,.T.);
#1696=EDGE_CURVE('',#2260,#2261,#267,.T.);
#1697=EDGE_CURVE('',#2259,#2261,#268,.T.);
#1698=EDGE_CURVE('',#2262,#2263,#269,.T.);
#1699=EDGE_CURVE('',#2262,#2258,#2587,.T.);
#1700=EDGE_CURVE('',#2263,#2259,#160,.T.);
#1701=EDGE_CURVE('',#2264,#2265,#270,.T.);
#1702=EDGE_CURVE('',#2264,#2262,#2588,.T.);
#1703=EDGE_CURVE('',#2265,#2263,#271,.T.);
#1704=EDGE_CURVE('',#2266,#2267,#272,.T.);
#1705=EDGE_CURVE('',#2266,#2264,#2589,.T.);
#1706=EDGE_CURVE('',#2267,#2265,#161,.T.);
#1707=EDGE_CURVE('',#2268,#2269,#273,.T.);
#1708=EDGE_CURVE('',#2268,#2266,#2590,.T.);
#1709=EDGE_CURVE('',#2269,#2267,#274,.T.);
#1710=EDGE_CURVE('',#2270,#2271,#275,.T.);
#1711=EDGE_CURVE('',#2270,#2272,#2591,.T.);
#1712=EDGE_CURVE('',#2272,#2273,#2592,.T.);
#1713=EDGE_CURVE('',#2271,#2273,#162,.T.);
#1714=EDGE_CURVE('',#2274,#2275,#276,.T.);
#1715=EDGE_CURVE('',#2274,#2270,#2593,.T.);
#1716=EDGE_CURVE('',#2271,#2275,#277,.T.);
#1717=EDGE_CURVE('',#2276,#2277,#2594,.T.);
#1718=EDGE_CURVE('',#2277,#2274,#2595,.T.);
#1719=EDGE_CURVE('',#2276,#2275,#163,.T.);
#1720=EDGE_CURVE('',#2278,#2279,#278,.T.);
#1721=EDGE_CURVE('',#2279,#2280,#2596,.T.);
#1722=EDGE_CURVE('',#2280,#2281,#2597,.T.);
#1723=EDGE_CURVE('',#2281,#2278,#2598,.T.);
#1724=EDGE_CURVE('',#2282,#2283,#279,.T.);
#1725=EDGE_CURVE('',#2282,#2284,#2599,.T.);
#1726=EDGE_CURVE('',#2284,#2285,#2600,.T.);
#1727=EDGE_CURVE('',#2283,#2285,#164,.T.);
#1728=EDGE_CURVE('',#2286,#2287,#280,.T.);
#1729=EDGE_CURVE('',#2286,#2282,#2601,.T.);
#1730=EDGE_CURVE('',#2283,#2287,#281,.T.);
#1731=EDGE_CURVE('',#2288,#2289,#2602,.T.);
#1732=EDGE_CURVE('',#2289,#2286,#2603,.T.);
#1733=EDGE_CURVE('',#2288,#2287,#165,.T.);
#1734=EDGE_CURVE('',#2290,#2291,#282,.T.);
#1735=EDGE_CURVE('',#2290,#2292,#2604,.T.);
#1736=EDGE_CURVE('',#2292,#2293,#2605,.T.);
#1737=EDGE_CURVE('',#2293,#2291,#283,.T.);
#1738=EDGE_CURVE('',#2294,#2295,#284,.T.);
#1739=EDGE_CURVE('',#2294,#2290,#2606,.T.);
#1740=EDGE_CURVE('',#2291,#2295,#166,.T.);
#1741=EDGE_CURVE('',#2296,#2297,#285,.T.);
#1742=EDGE_CURVE('',#2296,#2294,#2607,.T.);
#1743=EDGE_CURVE('',#2295,#2297,#286,.T.);
#1744=EDGE_CURVE('',#2298,#2299,#287,.T.);
#1745=EDGE_CURVE('',#2298,#2296,#2608,.T.);
#1746=EDGE_CURVE('',#2297,#2299,#167,.T.);
#1747=EDGE_CURVE('',#2300,#2301,#2609,.T.);
#1748=EDGE_CURVE('',#2301,#2298,#2610,.T.);
#1749=EDGE_CURVE('',#2299,#2300,#288,.T.);
#1750=EDGE_CURVE('',#2302,#2303,#289,.T.);
#1751=EDGE_CURVE('',#2302,#2304,#2611,.T.);
#1752=EDGE_CURVE('',#2304,#2305,#2612,.T.);
#1753=EDGE_CURVE('',#2303,#2305,#168,.T.);
#1754=EDGE_CURVE('',#2306,#2307,#290,.T.);
#1755=EDGE_CURVE('',#2306,#2302,#2613,.T.);
#1756=EDGE_CURVE('',#2303,#2307,#291,.T.);
#1757=EDGE_CURVE('',#2308,#2309,#2614,.T.);
#1758=EDGE_CURVE('',#2309,#2306,#2615,.T.);
#1759=EDGE_CURVE('',#2308,#2307,#169,.T.);
#1760=EDGE_CURVE('',#2310,#2311,#292,.T.);
#1761=EDGE_CURVE('',#2311,#2312,#2616,.T.);
#1762=EDGE_CURVE('',#2312,#2313,#2617,.T.);
#1763=EDGE_CURVE('',#2313,#2310,#2618,.T.);
#1764=EDGE_CURVE('',#2314,#2315,#293,.T.);
#1765=EDGE_CURVE('',#2314,#2316,#2619,.T.);
#1766=EDGE_CURVE('',#2316,#2317,#2620,.T.);
#1767=EDGE_CURVE('',#2315,#2317,#170,.T.);
#1768=EDGE_CURVE('',#2318,#2319,#294,.T.);
#1769=EDGE_CURVE('',#2318,#2314,#2621,.T.);
#1770=EDGE_CURVE('',#2315,#2319,#295,.T.);
#1771=EDGE_CURVE('',#2320,#2321,#2622,.T.);
#1772=EDGE_CURVE('',#2321,#2318,#2623,.T.);
#1773=EDGE_CURVE('',#2320,#2319,#171,.T.);
#1774=EDGE_CURVE('',#2322,#2323,#296,.T.);
#1775=EDGE_CURVE('',#2323,#2324,#2624,.T.);
#1776=EDGE_CURVE('',#2324,#2325,#2625,.T.);
#1777=EDGE_CURVE('',#2325,#2322,#2626,.T.);
#1778=EDGE_CURVE('',#2326,#2327,#297,.T.);
#1779=EDGE_CURVE('',#2326,#2328,#2627,.T.);
#1780=EDGE_CURVE('',#2328,#2329,#2628,.T.);
#1781=EDGE_CURVE('',#2327,#2329,#172,.T.);
#1782=EDGE_CURVE('',#2330,#2331,#298,.T.);
#1783=EDGE_CURVE('',#2330,#2326,#2629,.T.);
#1784=EDGE_CURVE('',#2327,#2331,#299,.T.);
#1785=EDGE_CURVE('',#2332,#2333,#2630,.T.);
#1786=EDGE_CURVE('',#2333,#2330,#2631,.T.);
#1787=EDGE_CURVE('',#2332,#2331,#173,.T.);
#1788=EDGE_CURVE('',#2334,#2335,#300,.T.);
#1789=EDGE_CURVE('',#2335,#2336,#2632,.T.);
#1790=EDGE_CURVE('',#2336,#2337,#2633,.T.);
#1791=EDGE_CURVE('',#2337,#2334,#2634,.T.);
#1792=EDGE_CURVE('',#2338,#2339,#301,.T.);
#1793=EDGE_CURVE('',#2338,#2340,#2635,.T.);
#1794=EDGE_CURVE('',#2340,#2341,#2636,.T.);
#1795=EDGE_CURVE('',#2339,#2341,#174,.T.);
#1796=EDGE_CURVE('',#2342,#2343,#302,.T.);
#1797=EDGE_CURVE('',#2342,#2338,#2637,.T.);
#1798=EDGE_CURVE('',#2339,#2343,#303,.T.);
#1799=EDGE_CURVE('',#2344,#2345,#2638,.T.);
#1800=EDGE_CURVE('',#2345,#2342,#2639,.T.);
#1801=EDGE_CURVE('',#2344,#2343,#175,.T.);
#1802=EDGE_CURVE('',#2346,#2347,#304,.T.);
#1803=EDGE_CURVE('',#2346,#2348,#2640,.T.);
#1804=EDGE_CURVE('',#2348,#2349,#2641,.T.);
#1805=EDGE_CURVE('',#2349,#2347,#305,.T.);
#1806=EDGE_CURVE('',#2350,#2351,#306,.T.);
#1807=EDGE_CURVE('',#2350,#2346,#2642,.T.);
#1808=EDGE_CURVE('',#2347,#2351,#176,.T.);
#1809=EDGE_CURVE('',#2352,#2353,#307,.T.);
#1810=EDGE_CURVE('',#2352,#2350,#2643,.T.);
#1811=EDGE_CURVE('',#2351,#2353,#308,.T.);
#1812=EDGE_CURVE('',#2354,#2355,#309,.T.);
#1813=EDGE_CURVE('',#2354,#2352,#2644,.T.);
#1814=EDGE_CURVE('',#2353,#2355,#177,.T.);
#1815=EDGE_CURVE('',#2356,#2357,#2645,.T.);
#1816=EDGE_CURVE('',#2357,#2354,#2646,.T.);
#1817=EDGE_CURVE('',#2355,#2356,#310,.T.);
#1818=EDGE_CURVE('',#2358,#2359,#311,.T.);
#1819=EDGE_CURVE('',#2358,#2360,#2647,.T.);
#1820=EDGE_CURVE('',#2360,#2361,#2648,.T.);
#1821=EDGE_CURVE('',#2359,#2361,#178,.T.);
#1822=EDGE_CURVE('',#2362,#2363,#312,.T.);
#1823=EDGE_CURVE('',#2362,#2358,#2649,.T.);
#1824=EDGE_CURVE('',#2359,#2363,#313,.T.);
#1825=EDGE_CURVE('',#2364,#2365,#2650,.T.);
#1826=EDGE_CURVE('',#2365,#2362,#2651,.T.);
#1827=EDGE_CURVE('',#2364,#2363,#179,.T.);
#1828=EDGE_CURVE('',#2366,#2367,#314,.T.);
#1829=EDGE_CURVE('',#2367,#2368,#2652,.T.);
#1830=EDGE_CURVE('',#2368,#2369,#2653,.T.);
#1831=EDGE_CURVE('',#2369,#2366,#2654,.T.);
#1832=EDGE_CURVE('',#2370,#2371,#315,.T.);
#1833=EDGE_CURVE('',#2370,#2372,#2655,.T.);
#1834=EDGE_CURVE('',#2372,#2373,#2656,.T.);
#1835=EDGE_CURVE('',#2371,#2373,#180,.T.);
#1836=EDGE_CURVE('',#2374,#2375,#316,.T.);
#1837=EDGE_CURVE('',#2374,#2370,#2657,.T.);
#1838=EDGE_CURVE('',#2371,#2375,#317,.T.);
#1839=EDGE_CURVE('',#2376,#2377,#2658,.T.);
#1840=EDGE_CURVE('',#2377,#2374,#2659,.T.);
#1841=EDGE_CURVE('',#2376,#2375,#181,.T.);
#1842=EDGE_CURVE('',#2378,#2378,#182,.T.);
#1843=EDGE_CURVE('',#2379,#2379,#183,.T.);
#1844=EDGE_CURVE('',#2248,#2242,#318,.T.);
#1845=EDGE_CURVE('',#2249,#2245,#319,.T.);
#1846=EDGE_CURVE('',#2256,#2250,#320,.T.);
#1847=EDGE_CURVE('',#2257,#2253,#321,.T.);
#1848=EDGE_CURVE('',#2260,#2268,#2660,.T.);
#1849=EDGE_CURVE('',#2261,#2269,#184,.T.);
#1850=EDGE_CURVE('',#2380,#2381,#322,.T.);
#1851=EDGE_CURVE('',#2381,#2382,#2661,.T.);
#1852=EDGE_CURVE('',#2382,#2383,#2662,.T.);
#1853=EDGE_CURVE('',#2383,#2380,#2663,.T.);
#1854=EDGE_CURVE('',#2384,#2384,#185,.T.);
#1855=EDGE_CURVE('',#2385,#2385,#186,.T.);
#1856=EDGE_CURVE('',#2386,#2387,#2664,.T.);
#1857=EDGE_CURVE('',#2387,#2388,#2665,.T.);
#1858=EDGE_CURVE('',#2388,#2389,#2666,.T.);
#1859=EDGE_CURVE('',#2389,#2390,#2667,.T.);
#1860=EDGE_CURVE('',#2390,#2391,#2668,.T.);
#1861=EDGE_CURVE('',#2391,#2386,#2669,.T.);
#1862=EDGE_CURVE('',#2392,#2393,#2670,.T.);
#1863=EDGE_CURVE('',#2393,#2394,#2671,.T.);
#1864=EDGE_CURVE('',#2394,#2395,#2672,.T.);
#1865=EDGE_CURVE('',#2395,#2396,#2673,.T.);
#1866=EDGE_CURVE('',#2396,#2397,#2674,.T.);
#1867=EDGE_CURVE('',#2397,#2398,#2675,.T.);
#1868=EDGE_CURVE('',#2398,#2399,#2676,.T.);
#1869=EDGE_CURVE('',#2399,#2400,#2677,.T.);
#1870=EDGE_CURVE('',#2400,#2401,#2678,.T.);
#1871=EDGE_CURVE('',#2401,#2402,#2679,.T.);
#1872=EDGE_CURVE('',#2402,#2403,#2680,.T.);
#1873=EDGE_CURVE('',#2403,#2404,#2681,.T.);
#1874=EDGE_CURVE('',#2404,#2405,#2682,.T.);
#1875=EDGE_CURVE('',#2405,#2406,#2683,.T.);
#1876=EDGE_CURVE('',#2406,#2407,#2684,.T.);
#1877=EDGE_CURVE('',#2407,#2408,#2685,.T.);
#1878=EDGE_CURVE('',#2408,#2409,#2686,.T.);
#1879=EDGE_CURVE('',#2409,#2410,#2687,.T.);
#1880=EDGE_CURVE('',#2410,#2411,#2688,.T.);
#1881=EDGE_CURVE('',#2411,#2412,#2689,.T.);
#1882=EDGE_CURVE('',#2412,#2413,#2690,.T.);
#1883=EDGE_CURVE('',#2413,#2414,#2691,.T.);
#1884=EDGE_CURVE('',#2414,#2415,#2692,.T.);
#1885=EDGE_CURVE('',#2415,#2416,#2693,.T.);
#1886=EDGE_CURVE('',#2416,#2417,#2694,.T.);
#1887=EDGE_CURVE('',#2417,#2418,#2695,.T.);
#1888=EDGE_CURVE('',#2418,#2419,#2696,.T.);
#1889=EDGE_CURVE('',#2419,#2420,#2697,.T.);
#1890=EDGE_CURVE('',#2420,#2421,#2698,.T.);
#1891=EDGE_CURVE('',#2421,#2422,#2699,.T.);
#1892=EDGE_CURVE('',#2422,#2423,#2700,.T.);
#1893=EDGE_CURVE('',#2423,#2424,#2701,.T.);
#1894=EDGE_CURVE('',#2424,#2425,#2702,.T.);
#1895=EDGE_CURVE('',#2425,#2426,#2703,.T.);
#1896=EDGE_CURVE('',#2426,#2427,#2704,.T.);
#1897=EDGE_CURVE('',#2427,#2428,#2705,.T.);
#1898=EDGE_CURVE('',#2428,#2429,#2706,.T.);
#1899=EDGE_CURVE('',#2429,#2430,#2707,.T.);
#1900=EDGE_CURVE('',#2430,#2431,#2708,.T.);
#1901=EDGE_CURVE('',#2431,#2392,#2709,.T.);
#1902=EDGE_CURVE('',#2432,#2433,#2710,.T.);
#1903=EDGE_CURVE('',#2433,#2434,#2711,.T.);
#1904=EDGE_CURVE('',#2434,#2435,#2712,.T.);
#1905=EDGE_CURVE('',#2435,#2432,#2713,.T.);
#1906=EDGE_CURVE('',#2436,#2437,#187,.T.);
#1907=EDGE_CURVE('',#2438,#2436,#323,.T.);
#1908=EDGE_CURVE('',#2439,#2438,#188,.T.);
#1909=EDGE_CURVE('',#2440,#2439,#324,.T.);
#1910=EDGE_CURVE('',#2441,#2440,#189,.T.);
#1911=EDGE_CURVE('',#2442,#2441,#325,.T.);
#1912=EDGE_CURVE('',#2443,#2442,#190,.T.);
#1913=EDGE_CURVE('',#2437,#2443,#326,.T.);
#1914=EDGE_CURVE('',#2444,#2445,#191,.T.);
#1915=EDGE_CURVE('',#2446,#2444,#327,.T.);
#1916=EDGE_CURVE('',#2447,#2446,#192,.T.);
#1917=EDGE_CURVE('',#2448,#2447,#328,.T.);
#1918=EDGE_CURVE('',#2449,#2448,#193,.T.);
#1919=EDGE_CURVE('',#2450,#2449,#329,.T.);
#1920=EDGE_CURVE('',#2451,#2450,#194,.T.);
#1921=EDGE_CURVE('',#2445,#2451,#330,.T.);
#1922=EDGE_CURVE('',#2305,#2300,#2714,.T.);
#1923=EDGE_CURVE('',#2293,#2288,#2715,.T.);
#1924=EDGE_CURVE('',#2285,#2279,#2716,.T.);
#1925=EDGE_CURVE('',#2278,#2276,#2717,.T.);
#1926=EDGE_CURVE('',#2273,#2381,#2718,.T.);
#1927=EDGE_CURVE('',#2380,#2376,#2719,.T.);
#1928=EDGE_CURVE('',#2373,#2367,#2720,.T.);
#1929=EDGE_CURVE('',#2366,#2364,#2721,.T.);
#1930=EDGE_CURVE('',#2361,#2356,#2722,.T.);
#1931=EDGE_CURVE('',#2349,#2344,#2723,.T.);
#1932=EDGE_CURVE('',#2341,#2335,#2724,.T.);
#1933=EDGE_CURVE('',#2334,#2332,#2725,.T.);
#1934=EDGE_CURVE('',#2329,#2323,#2726,.T.);
#1935=EDGE_CURVE('',#2322,#2320,#2727,.T.);
#1936=EDGE_CURVE('',#2317,#2311,#2728,.T.);
#1937=EDGE_CURVE('',#2310,#2308,#2729,.T.);
#1938=EDGE_CURVE('',#2452,#2444,#331,.T.);
#1939=EDGE_CURVE('',#2452,#2453,#2730,.T.);
#1940=EDGE_CURVE('',#2453,#2446,#332,.T.);
#1941=EDGE_CURVE('',#2454,#2445,#333,.T.);
#1942=EDGE_CURVE('',#2454,#2452,#2731,.T.);
#1943=EDGE_CURVE('',#2455,#2451,#334,.T.);
#1944=EDGE_CURVE('',#2455,#2454,#2732,.T.);
#1945=EDGE_CURVE('',#2456,#2450,#335,.T.);
#1946=EDGE_CURVE('',#2456,#2455,#2733,.T.);
#1947=EDGE_CURVE('',#2457,#2449,#336,.T.);
#1948=EDGE_CURVE('',#2457,#2456,#2734,.T.);
#1949=EDGE_CURVE('',#2458,#2448,#337,.T.);
#1950=EDGE_CURVE('',#2458,#2457,#2735,.T.);
#1951=EDGE_CURVE('',#2459,#2447,#338,.T.);
#1952=EDGE_CURVE('',#2459,#2458,#2736,.T.);
#1953=EDGE_CURVE('',#2453,#2459,#2737,.T.);
#1954=EDGE_CURVE('',#2460,#2213,#2738,.T.);
#1955=EDGE_CURVE('',#2213,#2217,#2739,.T.);
#1956=EDGE_CURVE('',#2217,#2460,#2740,.T.);
#1957=EDGE_CURVE('',#2461,#2436,#339,.T.);
#1958=EDGE_CURVE('',#2461,#2462,#2741,.T.);
#1959=EDGE_CURVE('',#2462,#2438,#340,.T.);
#1960=EDGE_CURVE('',#2463,#2437,#341,.T.);
#1961=EDGE_CURVE('',#2463,#2461,#2742,.T.);
#1962=EDGE_CURVE('',#2464,#2443,#342,.T.);
#1963=EDGE_CURVE('',#2464,#2463,#2743,.T.);
#1964=EDGE_CURVE('',#2465,#2442,#343,.T.);
#1965=EDGE_CURVE('',#2465,#2464,#2744,.T.);
#1966=EDGE_CURVE('',#2466,#2441,#344,.T.);
#1967=EDGE_CURVE('',#2466,#2465,#2745,.T.);
#1968=EDGE_CURVE('',#2467,#2440,#345,.T.);
#1969=EDGE_CURVE('',#2467,#2466,#2746,.T.);
#1970=EDGE_CURVE('',#2468,#2439,#346,.T.);
#1971=EDGE_CURVE('',#2468,#2467,#2747,.T.);
#1972=EDGE_CURVE('',#2462,#2468,#2748,.T.);
#1973=EDGE_CURVE('',#2469,#2206,#2749,.T.);
#1974=EDGE_CURVE('',#2206,#2210,#2750,.T.);
#1975=EDGE_CURVE('',#2210,#2469,#2751,.T.);
#1976=EDGE_CURVE('',#2470,#2470,#195,.T.);
#1977=EDGE_CURVE('',#2471,#2471,#196,.T.);
#1978=EDGE_CURVE('',#2472,#2473,#2752,.F.);
#1979=EDGE_CURVE('',#2472,#2434,#2753,.F.);
#1980=EDGE_CURVE('',#2434,#2474,#2754,.F.);
#1981=EDGE_CURVE('',#2474,#2473,#2755,.F.);
#1982=EDGE_CURVE('',#2474,#2228,#2756,.F.);
#1983=EDGE_CURVE('',#2475,#2228,#2757,.T.);
#1984=EDGE_CURVE('',#2475,#2473,#2758,.F.);
#1985=EDGE_CURVE('',#2476,#2477,#2759,.F.);
#1986=EDGE_CURVE('',#2476,#2219,#2760,.F.);
#1987=EDGE_CURVE('',#2219,#2478,#2761,.F.);
#1988=EDGE_CURVE('',#2478,#2477,#2762,.F.);
#1989=EDGE_CURVE('',#2478,#2435,#2763,.F.);
#1990=EDGE_CURVE('',#2479,#2435,#2764,.T.);
#1991=EDGE_CURVE('',#2479,#2477,#2765,.F.);
#1992=EDGE_CURVE('',#2480,#2481,#2766,.F.);
#1993=EDGE_CURVE('',#2480,#2224,#2767,.F.);
#1994=EDGE_CURVE('',#2224,#2482,#2768,.F.);
#1995=EDGE_CURVE('',#2482,#2481,#2769,.F.);
#1996=EDGE_CURVE('',#2482,#2229,#2770,.F.);
#1997=EDGE_CURVE('',#2483,#2229,#2771,.T.);
#1998=EDGE_CURVE('',#2483,#2481,#2772,.F.);
#1999=EDGE_CURVE('',#2484,#2485,#2773,.F.);
#2000=EDGE_CURVE('',#2484,#2225,#2774,.F.);
#2001=EDGE_CURVE('',#2486,#2225,#2775,.T.);
#2002=EDGE_CURVE('',#2486,#2485,#2776,.F.);
#2003=EDGE_CURVE('',#2432,#2486,#2777,.T.);
#2004=EDGE_CURVE('',#2487,#2432,#2778,.T.);
#2005=EDGE_CURVE('',#2487,#2485,#2779,.F.);
#2006=EDGE_CURVE('',#2218,#2484,#2780,.F.);
#2007=EDGE_CURVE('',#2218,#2487,#2781,.T.);
#2008=EDGE_CURVE('',#2433,#2480,#2782,.F.);
#2009=EDGE_CURVE('',#2238,#2476,#2783,.F.);
#2010=EDGE_CURVE('',#2433,#2483,#2784,.T.);
#2011=EDGE_CURVE('',#2238,#2479,#2785,.T.);
#2012=EDGE_CURVE('',#2239,#2472,#2786,.F.);
#2013=EDGE_CURVE('',#2239,#2475,#2787,.T.);
#2014=EDGE_CURVE('',#2488,#2489,#2788,.F.);
#2015=EDGE_CURVE('',#2488,#2304,#2789,.F.);
#2016=EDGE_CURVE('',#2304,#2490,#2790,.F.);
#2017=EDGE_CURVE('',#2490,#2489,#2791,.F.);
#2018=EDGE_CURVE('',#2490,#2401,#2792,.F.);
#2019=EDGE_CURVE('',#2491,#2401,#2793,.T.);
#2020=EDGE_CURVE('',#2491,#2489,#2794,.F.);
#2021=EDGE_CURVE('',#2492,#2493,#2795,.F.);
#2022=EDGE_CURVE('',#2492,#2313,#2796,.F.);
#2023=EDGE_CURVE('',#2313,#2494,#2797,.F.);
#2024=EDGE_CURVE('',#2494,#2493,#2798,.F.);
#2025=EDGE_CURVE('',#2494,#2404,#2799,.F.);
#2026=EDGE_CURVE('',#2495,#2404,#2800,.T.);
#2027=EDGE_CURVE('',#2495,#2493,#2801,.F.);
#2028=EDGE_CURVE('',#2496,#2497,#2802,.F.);
#2029=EDGE_CURVE('',#2496,#2289,#2803,.F.);
#2030=EDGE_CURVE('',#2289,#2498,#2804,.F.);
#2031=EDGE_CURVE('',#2498,#2497,#2805,.F.);
#2032=EDGE_CURVE('',#2498,#2292,#2806,.F.);
#2033=EDGE_CURVE('',#2499,#2292,#2807,.T.);
#2034=EDGE_CURVE('',#2499,#2497,#2808,.F.);
#2035=EDGE_CURVE('',#2500,#2501,#2809,.F.);
#2036=EDGE_CURVE('',#2500,#2316,#2810,.F.);
#2037=EDGE_CURVE('',#2316,#2502,#2811,.F.);
#2038=EDGE_CURVE('',#2502,#2501,#2812,.F.);
#2039=EDGE_CURVE('',#2502,#2405,#2813,.F.);
#2040=EDGE_CURVE('',#2503,#2405,#2814,.T.);
#2041=EDGE_CURVE('',#2503,#2501,#2815,.F.);
#2042=EDGE_CURVE('',#2504,#2505,#2816,.F.);
#2043=EDGE_CURVE('',#2504,#2280,#2817,.F.);
#2044=EDGE_CURVE('',#2280,#2506,#2818,.F.);
#2045=EDGE_CURVE('',#2506,#2505,#2819,.F.);
#2046=EDGE_CURVE('',#2506,#2284,#2820,.F.);
#2047=EDGE_CURVE('',#2507,#2284,#2821,.T.);
#2048=EDGE_CURVE('',#2507,#2505,#2822,.F.);
#2049=EDGE_CURVE('',#2508,#2509,#2823,.F.);
#2050=EDGE_CURVE('',#2508,#2325,#2824,.F.);
#2051=EDGE_CURVE('',#2325,#2510,#2825,.F.);
#2052=EDGE_CURVE('',#2510,#2509,#2826,.F.);
#2053=EDGE_CURVE('',#2510,#2408,#2827,.F.);
#2054=EDGE_CURVE('',#2511,#2408,#2828,.T.);
#2055=EDGE_CURVE('',#2511,#2509,#2829,.F.);
#2056=EDGE_CURVE('',#2512,#2513,#2830,.F.);
#2057=EDGE_CURVE('',#2512,#2277,#2831,.F.);
#2058=EDGE_CURVE('',#2277,#2514,#2832,.F.);
#2059=EDGE_CURVE('',#2514,#2513,#2833,.F.);
#2060=EDGE_CURVE('',#2514,#2281,#2834,.F.);
#2061=EDGE_CURVE('',#2515,#2281,#2835,.T.);
#2062=EDGE_CURVE('',#2515,#2513,#2836,.F.);
#2063=EDGE_CURVE('',#2516,#2517,#2837,.F.);
#2064=EDGE_CURVE('',#2516,#2328,#2838,.F.);
#2065=EDGE_CURVE('',#2328,#2518,#2839,.F.);
#2066=EDGE_CURVE('',#2518,#2517,#2840,.F.);
#2067=EDGE_CURVE('',#2518,#2409,#2841,.F.);
#2068=EDGE_CURVE('',#2519,#2409,#2842,.T.);
#2069=EDGE_CURVE('',#2519,#2517,#2843,.F.);
#2070=EDGE_CURVE('',#2520,#2521,#2844,.F.);
#2071=EDGE_CURVE('',#2520,#2382,#2845,.F.);
#2072=EDGE_CURVE('',#2382,#2522,#2846,.F.);
#2073=EDGE_CURVE('',#2522,#2521,#2847,.F.);
#2074=EDGE_CURVE('',#2522,#2272,#2848,.F.);
#2075=EDGE_CURVE('',#2523,#2272,#2849,.T.);
#2076=EDGE_CURVE('',#2523,#2521,#2850,.F.);
#2077=EDGE_CURVE('',#2524,#2525,#2851,.F.);
#2078=EDGE_CURVE('',#2524,#2337,#2852,.F.);
#2079=EDGE_CURVE('',#2337,#2526,#2853,.F.);
#2080=EDGE_CURVE('',#2526,#2525,#2854,.F.);
#2081=EDGE_CURVE('',#2526,#2412,#2855,.F.);
#2082=EDGE_CURVE('',#2527,#2412,#2856,.T.);
#2083=EDGE_CURVE('',#2527,#2525,#2857,.F.);
#2084=EDGE_CURVE('',#2528,#2529,#2858,.F.);
#2085=EDGE_CURVE('',#2528,#2377,#2859,.F.);
#2086=EDGE_CURVE('',#2377,#2530,#2860,.F.);
#2087=EDGE_CURVE('',#2530,#2529,#2861,.F.);
#2088=EDGE_CURVE('',#2530,#2383,#2862,.F.);
#2089=EDGE_CURVE('',#2531,#2383,#2863,.T.);
#2090=EDGE_CURVE('',#2531,#2529,#2864,.F.);
#2091=EDGE_CURVE('',#2532,#2533,#2865,.F.);
#2092=EDGE_CURVE('',#2532,#2340,#2866,.F.);
#2093=EDGE_CURVE('',#2340,#2534,#2867,.F.);
#2094=EDGE_CURVE('',#2534,#2533,#2868,.F.);
#2095=EDGE_CURVE('',#2534,#2413,#2869,.F.);
#2096=EDGE_CURVE('',#2535,#2413,#2870,.T.);
#2097=EDGE_CURVE('',#2535,#2533,#2871,.F.);
#2098=EDGE_CURVE('',#2536,#2537,#2872,.F.);
#2099=EDGE_CURVE('',#2536,#2368,#2873,.F.);
#2100=EDGE_CURVE('',#2368,#2538,#2874,.F.);
#2101=EDGE_CURVE('',#2538,#2537,#2875,.F.);
#2102=EDGE_CURVE('',#2538,#2372,#2876,.F.);
#2103=EDGE_CURVE('',#2539,#2372,#2877,.T.);
#2104=EDGE_CURVE('',#2539,#2537,#2878,.F.);
#2105=EDGE_CURVE('',#2540,#2541,#2879,.F.);
#2106=EDGE_CURVE('',#2540,#2348,#2880,.F.);
#2107=EDGE_CURVE('',#2348,#2542,#2881,.F.);
#2108=EDGE_CURVE('',#2542,#2541,#2882,.F.);
#2109=EDGE_CURVE('',#2542,#2416,#2883,.F.);
#2110=EDGE_CURVE('',#2543,#2416,#2884,.T.);
#2111=EDGE_CURVE('',#2543,#2541,#2885,.F.);
#2112=EDGE_CURVE('',#2544,#2545,#2886,.F.);
#2113=EDGE_CURVE('',#2544,#2365,#2887,.F.);
#2114=EDGE_CURVE('',#2365,#2546,#2888,.F.);
#2115=EDGE_CURVE('',#2546,#2545,#2889,.F.);
#2116=EDGE_CURVE('',#2546,#2369,#2890,.F.);
#2117=EDGE_CURVE('',#2547,#2369,#2891,.T.);
#2118=EDGE_CURVE('',#2547,#2545,#2892,.F.);
#2119=EDGE_CURVE('',#2548,#2549,#2893,.F.);
#2120=EDGE_CURVE('',#2548,#2357,#2894,.F.);
#2121=EDGE_CURVE('',#2357,#2550,#2895,.F.);
#2122=EDGE_CURVE('',#2550,#2549,#2896,.F.);
#2123=EDGE_CURVE('',#2550,#2360,#2897,.F.);
#2124=EDGE_CURVE('',#2551,#2360,#2898,.T.);
#2125=EDGE_CURVE('',#2551,#2549,#2899,.F.);
#2126=EDGE_CURVE('',#2354,#2420,#2900,.F.);
#2127=EDGE_CURVE('',#2421,#2548,#2901,.F.);
#2128=EDGE_CURVE('',#2421,#2551,#2902,.T.);
#2129=EDGE_CURVE('',#2352,#2419,#2903,.T.);
#2130=EDGE_CURVE('',#2422,#2358,#2904,.T.);
#2131=EDGE_CURVE('',#2350,#2418,#2905,.F.);
#2132=EDGE_CURVE('',#2423,#2362,#2906,.F.);
#2133=EDGE_CURVE('',#2346,#2417,#2907,.T.);
#2134=EDGE_CURVE('',#2424,#2544,#2908,.F.);
#2135=EDGE_CURVE('',#2345,#2540,#2909,.F.);
#2136=EDGE_CURVE('',#2424,#2547,#2910,.T.);
#2137=EDGE_CURVE('',#2345,#2543,#2911,.T.);
#2138=EDGE_CURVE('',#2425,#2536,#2912,.F.);
#2139=EDGE_CURVE('',#2342,#2415,#2913,.T.);
#2140=EDGE_CURVE('',#2425,#2539,#2914,.T.);
#2141=EDGE_CURVE('',#2338,#2414,#2915,.F.);
#2142=EDGE_CURVE('',#2426,#2370,#2916,.T.);
#2143=EDGE_CURVE('',#2336,#2532,#2917,.F.);
#2144=EDGE_CURVE('',#2427,#2374,#2918,.F.);
#2145=EDGE_CURVE('',#2336,#2535,#2919,.T.);
#2146=EDGE_CURVE('',#2428,#2528,#2920,.F.);
#2147=EDGE_CURVE('',#2333,#2524,#2921,.F.);
#2148=EDGE_CURVE('',#2428,#2531,#2922,.T.);
#2149=EDGE_CURVE('',#2333,#2527,#2923,.T.);
#2150=EDGE_CURVE('',#2429,#2520,#2924,.F.);
#2151=EDGE_CURVE('',#2330,#2411,#2925,.T.);
#2152=EDGE_CURVE('',#2429,#2523,#2926,.T.);
#2153=EDGE_CURVE('',#2326,#2410,#2927,.F.);
#2154=EDGE_CURVE('',#2430,#2270,#2928,.T.);
#2155=EDGE_CURVE('',#2324,#2516,#2929,.F.);
#2156=EDGE_CURVE('',#2431,#2274,#2930,.F.);
#2157=EDGE_CURVE('',#2324,#2519,#2931,.T.);
#2158=EDGE_CURVE('',#2392,#2512,#2932,.F.);
#2159=EDGE_CURVE('',#2321,#2508,#2933,.F.);
#2160=EDGE_CURVE('',#2392,#2515,#2934,.T.);
#2161=EDGE_CURVE('',#2321,#2511,#2935,.T.);
#2162=EDGE_CURVE('',#2393,#2504,#2936,.F.);
#2163=EDGE_CURVE('',#2318,#2407,#2937,.T.);
#2164=EDGE_CURVE('',#2393,#2507,#2938,.T.);
#2165=EDGE_CURVE('',#2314,#2406,#2939,.F.);
#2166=EDGE_CURVE('',#2394,#2282,#2940,.T.);
#2167=EDGE_CURVE('',#2312,#2500,#2941,.F.);
#2168=EDGE_CURVE('',#2395,#2286,#2942,.F.);
#2169=EDGE_CURVE('',#2312,#2503,#2943,.T.);
#2170=EDGE_CURVE('',#2396,#2496,#2944,.F.);
#2171=EDGE_CURVE('',#2309,#2492,#2945,.F.);
#2172=EDGE_CURVE('',#2396,#2499,#2946,.T.);
#2173=EDGE_CURVE('',#2309,#2495,#2947,.T.);
#2174=EDGE_CURVE('',#2397,#2290,#2948,.F.);
#2175=EDGE_CURVE('',#2306,#2403,#2949,.T.);
#2176=EDGE_CURVE('',#2398,#2294,#2950,.T.);
#2177=EDGE_CURVE('',#2302,#2402,#2951,.F.);
#2178=EDGE_CURVE('',#2399,#2296,#2952,.F.);
#2179=EDGE_CURVE('',#2301,#2488,#2953,.F.);
#2180=EDGE_CURVE('',#2400,#2298,#2954,.T.);
#2181=EDGE_CURVE('',#2301,#2491,#2955,.T.);
#2182=EDGE_CURVE('',#2391,#2266,#2956,.T.);
#2183=EDGE_CURVE('',#2264,#2390,#2957,.T.);
#2184=EDGE_CURVE('',#2262,#2389,#2958,.F.);
#2185=EDGE_CURVE('',#2386,#2268,#2959,.F.);
#2186=EDGE_CURVE('',#2258,#2388,#2960,.T.);
#2187=EDGE_CURVE('',#2387,#2260,#2961,.T.);
#2188=EDGE_CURVE('',#2456,#2460,#2962,.F.);
#2189=EDGE_CURVE('',#2211,#2457,#2963,.F.);
#2190=EDGE_CURVE('',#2211,#2458,#2964,.T.);
#2191=EDGE_CURVE('',#2455,#2460,#2965,.T.);
#2192=EDGE_CURVE('',#2214,#2459,#2966,.F.);
#2193=EDGE_CURVE('',#2454,#2216,#2967,.F.);
#2194=EDGE_CURVE('',#2214,#2453,#2968,.T.);
#2195=EDGE_CURVE('',#2452,#2216,#2969,.T.);
#2196=EDGE_CURVE('',#2465,#2469,#2970,.F.);
#2197=EDGE_CURVE('',#2204,#2466,#2971,.F.);
#2198=EDGE_CURVE('',#2204,#2467,#2972,.T.);
#2199=EDGE_CURVE('',#2464,#2469,#2973,.T.);
#2200=EDGE_CURVE('',#2207,#2468,#2974,.F.);
#2201=EDGE_CURVE('',#2463,#2209,#2975,.F.);
#2202=EDGE_CURVE('',#2207,#2462,#2976,.T.);
#2203=EDGE_CURVE('',#2461,#2209,#2977,.T.);
#2204=VERTEX_POINT('',#4327);
#2205=VERTEX_POINT('',#4328);
#2206=VERTEX_POINT('',#4334);
#2207=VERTEX_POINT('',#4344);
#2208=VERTEX_POINT('',#4345);
#2209=VERTEX_POINT('',#4360);
#2210=VERTEX_POINT('',#4361);
#2211=VERTEX_POINT('',#4376);
#2212=VERTEX_POINT('',#4377);
#2213=VERTEX_POINT('',#4383);
#2214=VERTEX_POINT('',#4393);
#2215=VERTEX_POINT('',#4394);
#2216=VERTEX_POINT('',#4409);
#2217=VERTEX_POINT('',#4410);
#2218=VERTEX_POINT('',#4425);
#2219=VERTEX_POINT('',#4426);
#2220=VERTEX_POINT('',#4431);
#2221=VERTEX_POINT('',#4433);
#2222=VERTEX_POINT('',#4440);
#2223=VERTEX_POINT('',#4441);
#2224=VERTEX_POINT('',#4446);
#2225=VERTEX_POINT('',#4451);
#2226=VERTEX_POINT('',#4458);
#2227=VERTEX_POINT('',#4459);
#2228=VERTEX_POINT('',#4464);
#2229=VERTEX_POINT('',#4469);
#2230=VERTEX_POINT('',#4476);
#2231=VERTEX_POINT('',#4477);
#2232=VERTEX_POINT('',#4479);
#2233=VERTEX_POINT('',#4481);
#2234=VERTEX_POINT('',#4485);
#2235=VERTEX_POINT('',#4487);
#2236=VERTEX_POINT('',#4491);
#2237=VERTEX_POINT('',#4493);
#2238=VERTEX_POINT('',#4503);
#2239=VERTEX_POINT('',#4504);
#2240=VERTEX_POINT('',#4509);
#2241=VERTEX_POINT('',#4511);
#2242=VERTEX_POINT('',#4535);
#2243=VERTEX_POINT('',#4536);
#2244=VERTEX_POINT('',#4538);
#2245=VERTEX_POINT('',#4540);
#2246=VERTEX_POINT('',#4544);
#2247=VERTEX_POINT('',#4546);
#2248=VERTEX_POINT('',#4550);
#2249=VERTEX_POINT('',#4552);
#2250=VERTEX_POINT('',#4556);
#2251=VERTEX_POINT('',#4557);
#2252=VERTEX_POINT('',#4559);
#2253=VERTEX_POINT('',#4561);
#2254=VERTEX_POINT('',#4565);
#2255=VERTEX_POINT('',#4567);
#2256=VERTEX_POINT('',#4571);
#2257=VERTEX_POINT('',#4573);
#2258=VERTEX_POINT('',#4577);
#2259=VERTEX_POINT('',#4578);
#2260=VERTEX_POINT('',#4583);
#2261=VERTEX_POINT('',#4585);
#2262=VERTEX_POINT('',#4589);
#2263=VERTEX_POINT('',#4590);
#2264=VERTEX_POINT('',#4605);
#2265=VERTEX_POINT('',#4606);
#2266=VERTEX_POINT('',#4614);
#2267=VERTEX_POINT('',#4615);
#2268=VERTEX_POINT('',#4623);
#2269=VERTEX_POINT('',#4624);
#2270=VERTEX_POINT('',#4632);
#2271=VERTEX_POINT('',#4633);
#2272=VERTEX_POINT('',#4638);
#2273=VERTEX_POINT('',#4643);
#2274=VERTEX_POINT('',#4647);
#2275=VERTEX_POINT('',#4648);
#2276=VERTEX_POINT('',#4659);
#2277=VERTEX_POINT('',#4660);
#2278=VERTEX_POINT('',#4668);
#2279=VERTEX_POINT('',#4669);
#2280=VERTEX_POINT('',#4674);
#2281=VERTEX_POINT('',#4679);
#2282=VERTEX_POINT('',#4686);
#2283=VERTEX_POINT('',#4687);
#2284=VERTEX_POINT('',#4692);
#2285=VERTEX_POINT('',#4697);
#2286=VERTEX_POINT('',#4701);
#2287=VERTEX_POINT('',#4702);
#2288=VERTEX_POINT('',#4713);
#2289=VERTEX_POINT('',#4714);
#2290=VERTEX_POINT('',#4722);
#2291=VERTEX_POINT('',#4723);
#2292=VERTEX_POINT('',#4728);
#2293=VERTEX_POINT('',#4733);
#2294=VERTEX_POINT('',#4737);
#2295=VERTEX_POINT('',#4738);
#2296=VERTEX_POINT('',#4746);
#2297=VERTEX_POINT('',#4747);
#2298=VERTEX_POINT('',#4755);
#2299=VERTEX_POINT('',#4756);
#2300=VERTEX_POINT('',#4767);
#2301=VERTEX_POINT('',#4768);
#2302=VERTEX_POINT('',#4776);
#2303=VERTEX_POINT('',#4777);
#2304=VERTEX_POINT('',#4782);
#2305=VERTEX_POINT('',#4787);
#2306=VERTEX_POINT('',#4791);
#2307=VERTEX_POINT('',#4792);
#2308=VERTEX_POINT('',#4803);
#2309=VERTEX_POINT('',#4804);
#2310=VERTEX_POINT('',#4812);
#2311=VERTEX_POINT('',#4813);
#2312=VERTEX_POINT('',#4818);
#2313=VERTEX_POINT('',#4823);
#2314=VERTEX_POINT('',#4830);
#2315=VERTEX_POINT('',#4831);
#2316=VERTEX_POINT('',#4836);
#2317=VERTEX_POINT('',#4841);
#2318=VERTEX_POINT('',#4845);
#2319=VERTEX_POINT('',#4846);
#2320=VERTEX_POINT('',#4857);
#2321=VERTEX_POINT('',#4858);
#2322=VERTEX_POINT('',#4866);
#2323=VERTEX_POINT('',#4867);
#2324=VERTEX_POINT('',#4872);
#2325=VERTEX_POINT('',#4877);
#2326=VERTEX_POINT('',#4884);
#2327=VERTEX_POINT('',#4885);
#2328=VERTEX_POINT('',#4890);
#2329=VERTEX_POINT('',#4895);
#2330=VERTEX_POINT('',#4899);
#2331=VERTEX_POINT('',#4900);
#2332=VERTEX_POINT('',#4911);
#2333=VERTEX_POINT('',#4912);
#2334=VERTEX_POINT('',#4920);
#2335=VERTEX_POINT('',#4921);
#2336=VERTEX_POINT('',#4926);
#2337=VERTEX_POINT('',#4931);
#2338=VERTEX_POINT('',#4938);
#2339=VERTEX_POINT('',#4939);
#2340=VERTEX_POINT('',#4944);
#2341=VERTEX_POINT('',#4949);
#2342=VERTEX_POINT('',#4953);
#2343=VERTEX_POINT('',#4954);
#2344=VERTEX_POINT('',#4965);
#2345=VERTEX_POINT('',#4966);
#2346=VERTEX_POINT('',#4974);
#2347=VERTEX_POINT('',#4975);
#2348=VERTEX_POINT('',#4980);
#2349=VERTEX_POINT('',#4985);
#2350=VERTEX_POINT('',#4989);
#2351=VERTEX_POINT('',#4990);
#2352=VERTEX_POINT('',#4998);
#2353=VERTEX_POINT('',#4999);
#2354=VERTEX_POINT('',#5007);
#2355=VERTEX_POINT('',#5008);
#2356=VERTEX_POINT('',#5019);
#2357=VERTEX_POINT('',#5020);
#2358=VERTEX_POINT('',#5028);
#2359=VERTEX_POINT('',#5029);
#2360=VERTEX_POINT('',#5034);
#2361=VERTEX_POINT('',#5039);
#2362=VERTEX_POINT('',#5043);
#2363=VERTEX_POINT('',#5044);
#2364=VERTEX_POINT('',#5055);
#2365=VERTEX_POINT('',#5056);
#2366=VERTEX_POINT('',#5064);
#2367=VERTEX_POINT('',#5065);
#2368=VERTEX_POINT('',#5070);
#2369=VERTEX_POINT('',#5075);
#2370=VERTEX_POINT('',#5082);
#2371=VERTEX_POINT('',#5083);
#2372=VERTEX_POINT('',#5088);
#2373=VERTEX_POINT('',#5093);
#2374=VERTEX_POINT('',#5097);
#2375=VERTEX_POINT('',#5098);
#2376=VERTEX_POINT('',#5109);
#2377=VERTEX_POINT('',#5110);
#2378=VERTEX_POINT('',#5118);
#2379=VERTEX_POINT('',#5120);
#2380=VERTEX_POINT('',#5135);
#2381=VERTEX_POINT('',#5136);
#2382=VERTEX_POINT('',#5141);
#2383=VERTEX_POINT('',#5146);
#2384=VERTEX_POINT('',#5153);
#2385=VERTEX_POINT('',#5155);
#2386=VERTEX_POINT('',#5161);
#2387=VERTEX_POINT('',#5162);
#2388=VERTEX_POINT('',#5167);
#2389=VERTEX_POINT('',#5187);
#2390=VERTEX_POINT('',#5192);
#2391=VERTEX_POINT('',#5197);
#2392=VERTEX_POINT('',#5206);
#2393=VERTEX_POINT('',#5207);
#2394=VERTEX_POINT('',#5212);
#2395=VERTEX_POINT('',#5217);
#2396=VERTEX_POINT('',#5222);
#2397=VERTEX_POINT('',#5227);
#2398=VERTEX_POINT('',#5232);
#2399=VERTEX_POINT('',#5237);
#2400=VERTEX_POINT('',#5242);
#2401=VERTEX_POINT('',#5247);
#2402=VERTEX_POINT('',#5252);
#2403=VERTEX_POINT('',#5257);
#2404=VERTEX_POINT('',#5262);
#2405=VERTEX_POINT('',#5267);
#2406=VERTEX_POINT('',#5272);
#2407=VERTEX_POINT('',#5277);
#2408=VERTEX_POINT('',#5282);
#2409=VERTEX_POINT('',#5287);
#2410=VERTEX_POINT('',#5292);
#2411=VERTEX_POINT('',#5297);
#2412=VERTEX_POINT('',#5302);
#2413=VERTEX_POINT('',#5307);
#2414=VERTEX_POINT('',#5312);
#2415=VERTEX_POINT('',#5317);
#2416=VERTEX_POINT('',#5322);
#2417=VERTEX_POINT('',#5327);
#2418=VERTEX_POINT('',#5332);
#2419=VERTEX_POINT('',#5337);
#2420=VERTEX_POINT('',#5342);
#2421=VERTEX_POINT('',#5347);
#2422=VERTEX_POINT('',#5352);
#2423=VERTEX_POINT('',#5357);
#2424=VERTEX_POINT('',#5362);
#2425=VERTEX_POINT('',#5367);
#2426=VERTEX_POINT('',#5372);
#2427=VERTEX_POINT('',#5377);
#2428=VERTEX_POINT('',#5382);
#2429=VERTEX_POINT('',#5387);
#2430=VERTEX_POINT('',#5392);
#2431=VERTEX_POINT('',#5397);
#2432=VERTEX_POINT('',#5406);
#2433=VERTEX_POINT('',#5407);
#2434=VERTEX_POINT('',#5412);
#2435=VERTEX_POINT('',#5417);
#2436=VERTEX_POINT('',#5423);
#2437=VERTEX_POINT('',#5424);
#2438=VERTEX_POINT('',#5426);
#2439=VERTEX_POINT('',#5428);
#2440=VERTEX_POINT('',#5430);
#2441=VERTEX_POINT('',#5432);
#2442=VERTEX_POINT('',#5434);
#2443=VERTEX_POINT('',#5436);
#2444=VERTEX_POINT('',#5439);
#2445=VERTEX_POINT('',#5440);
#2446=VERTEX_POINT('',#5442);
#2447=VERTEX_POINT('',#5444);
#2448=VERTEX_POINT('',#5446);
#2449=VERTEX_POINT('',#5448);
#2450=VERTEX_POINT('',#5450);
#2451=VERTEX_POINT('',#5452);
#2452=VERTEX_POINT('',#5521);
#2453=VERTEX_POINT('',#5526);
#2454=VERTEX_POINT('',#5530);
#2455=VERTEX_POINT('',#5537);
#2456=VERTEX_POINT('',#5544);
#2457=VERTEX_POINT('',#5551);
#2458=VERTEX_POINT('',#5558);
#2459=VERTEX_POINT('',#5565);
#2460=VERTEX_POINT('',#5580);
#2461=VERTEX_POINT('',#5592);
#2462=VERTEX_POINT('',#5597);
#2463=VERTEX_POINT('',#5601);
#2464=VERTEX_POINT('',#5608);
#2465=VERTEX_POINT('',#5615);
#2466=VERTEX_POINT('',#5622);
#2467=VERTEX_POINT('',#5629);
#2468=VERTEX_POINT('',#5636);
#2469=VERTEX_POINT('',#5651);
#2470=VERTEX_POINT('',#5663);
#2471=VERTEX_POINT('',#5666);
#2472=VERTEX_POINT('',#5739);
#2473=VERTEX_POINT('',#5740);
#2474=VERTEX_POINT('',#5749);
#2475=VERTEX_POINT('',#5830);
#2476=VERTEX_POINT('',#5911);
#2477=VERTEX_POINT('',#5912);
#2478=VERTEX_POINT('',#5921);
#2479=VERTEX_POINT('',#6002);
#2480=VERTEX_POINT('',#6083);
#2481=VERTEX_POINT('',#6084);
#2482=VERTEX_POINT('',#6093);
#2483=VERTEX_POINT('',#6174);
#2484=VERTEX_POINT('',#6255);
#2485=VERTEX_POINT('',#6256);
#2486=VERTEX_POINT('',#6265);
#2487=VERTEX_POINT('',#6346);
#2488=VERTEX_POINT('',#6763);
#2489=VERTEX_POINT('',#6764);
#2490=VERTEX_POINT('',#6773);
#2491=VERTEX_POINT('',#6854);
#2492=VERTEX_POINT('',#6919);
#2493=VERTEX_POINT('',#6920);
#2494=VERTEX_POINT('',#6929);
#2495=VERTEX_POINT('',#7010);
#2496=VERTEX_POINT('',#7073);
#2497=VERTEX_POINT('',#7074);
#2498=VERTEX_POINT('',#7083);
#2499=VERTEX_POINT('',#7148);
#2500=VERTEX_POINT('',#7211);
#2501=VERTEX_POINT('',#7212);
#2502=VERTEX_POINT('',#7221);
#2503=VERTEX_POINT('',#7302);
#2504=VERTEX_POINT('',#7365);
#2505=VERTEX_POINT('',#7366);
#2506=VERTEX_POINT('',#7375);
#2507=VERTEX_POINT('',#7440);
#2508=VERTEX_POINT('',#7503);
#2509=VERTEX_POINT('',#7504);
#2510=VERTEX_POINT('',#7513);
#2511=VERTEX_POINT('',#7594);
#2512=VERTEX_POINT('',#7657);
#2513=VERTEX_POINT('',#7658);
#2514=VERTEX_POINT('',#7667);
#2515=VERTEX_POINT('',#7732);
#2516=VERTEX_POINT('',#7795);
#2517=VERTEX_POINT('',#7796);
#2518=VERTEX_POINT('',#7805);
#2519=VERTEX_POINT('',#7886);
#2520=VERTEX_POINT('',#7949);
#2521=VERTEX_POINT('',#7950);
#2522=VERTEX_POINT('',#7959);
#2523=VERTEX_POINT('',#8024);
#2524=VERTEX_POINT('',#8087);
#2525=VERTEX_POINT('',#8088);
#2526=VERTEX_POINT('',#8097);
#2527=VERTEX_POINT('',#8178);
#2528=VERTEX_POINT('',#8241);
#2529=VERTEX_POINT('',#8242);
#2530=VERTEX_POINT('',#8251);
#2531=VERTEX_POINT('',#8316);
#2532=VERTEX_POINT('',#8379);
#2533=VERTEX_POINT('',#8380);
#2534=VERTEX_POINT('',#8389);
#2535=VERTEX_POINT('',#8470);
#2536=VERTEX_POINT('',#8533);
#2537=VERTEX_POINT('',#8534);
#2538=VERTEX_POINT('',#8543);
#2539=VERTEX_POINT('',#8608);
#2540=VERTEX_POINT('',#8671);
#2541=VERTEX_POINT('',#8672);
#2542=VERTEX_POINT('',#8681);
#2543=VERTEX_POINT('',#8762);
#2544=VERTEX_POINT('',#8825);
#2545=VERTEX_POINT('',#8826);
#2546=VERTEX_POINT('',#8835);
#2547=VERTEX_POINT('',#8900);
#2548=VERTEX_POINT('',#8961);
#2549=VERTEX_POINT('',#8962);
#2550=VERTEX_POINT('',#8971);
#2551=VERTEX_POINT('',#9036);
#2552=B_SPLINE_CURVE_WITH_KNOTS('',3,(#4323,#4324,#4325,#4326),
 .UNSPECIFIED.,.F.,.F.,(4,4),(0.,0.499999999999803),.UNSPECIFIED.);
#2553=B_SPLINE_CURVE_WITH_KNOTS('',3,(#4329,#4330,#4331,#4332,#4333),
 .UNSPECIFIED.,.F.,.F.,(4,1,4),(0.,0.125,0.25),.UNSPECIFIED.);
#2554=B_SPLINE_CURVE_WITH_KNOTS('',3,(#4335,#4336,#4337,#4338),
 .UNSPECIFIED.,.F.,.F.,(4,4),(0.499999991720586,1.),.UNSPECIFIED.);
#2555=B_SPLINE_CURVE_WITH_KNOTS('',3,(#4340,#4341,#4342,#4343),
 .UNSPECIFIED.,.F.,.F.,(4,4),(0.,0.499999999999772),.UNSPECIFIED.);
#2556=B_SPLINE_CURVE_WITH_KNOTS('',3,(#4346,#4347,#4348,#4349,#4350),
 .UNSPECIFIED.,.F.,.F.,(4,1,4),(0.75,0.875,1.),.UNSPECIFIED.);
#2557=B_SPLINE_CURVE_WITH_KNOTS('',3,(#4351,#4352,#4353,#4354),
 .UNSPECIFIED.,.F.,.F.,(4,4),(0.499999999999803,1.),.UNSPECIFIED.);
#2558=B_SPLINE_CURVE_WITH_KNOTS('',3,(#4356,#4357,#4358,#4359),
 .UNSPECIFIED.,.F.,.F.,(4,4),(0.,0.499999999646458),.UNSPECIFIED.);
#2559=B_SPLINE_CURVE_WITH_KNOTS('',3,(#4362,#4363,#4364,#4365,#4366),
 .UNSPECIFIED.,.F.,.F.,(4,1,4),(0.5,0.625,0.75),.UNSPECIFIED.);
#2560=B_SPLINE_CURVE_WITH_KNOTS('',3,(#4367,#4368,#4369,#4370),
 .UNSPECIFIED.,.F.,.F.,(4,4),(0.499999999999772,1.),.UNSPECIFIED.);
#2561=B_SPLINE_CURVE_WITH_KNOTS('',3,(#4372,#4373,#4374,#4375),
 .UNSPECIFIED.,.F.,.F.,(4,4),(0.,0.499999999999784),.UNSPECIFIED.);
#2562=B_SPLINE_CURVE_WITH_KNOTS('',3,(#4378,#4379,#4380,#4381,#4382),
 .UNSPECIFIED.,.F.,.F.,(4,1,4),(0.,0.125,0.25),.UNSPECIFIED.);
#2563=B_SPLINE_CURVE_WITH_KNOTS('',3,(#4384,#4385,#4386,#4387),
 .UNSPECIFIED.,.F.,.F.,(4,4),(0.499999991720579,1.),.UNSPECIFIED.);
#2564=B_SPLINE_CURVE_WITH_KNOTS('',3,(#4389,#4390,#4391,#4392),
 .UNSPECIFIED.,.F.,.F.,(4,4),(0.,0.499999999999774),.UNSPECIFIED.);
#2565=B_SPLINE_CURVE_WITH_KNOTS('',3,(#4395,#4396,#4397,#4398,#4399),
 .UNSPECIFIED.,.F.,.F.,(4,1,4),(0.75,0.875,1.),.UNSPECIFIED.);
#2566=B_SPLINE_CURVE_WITH_KNOTS('',3,(#4400,#4401,#4402,#4403),
 .UNSPECIFIED.,.F.,.F.,(4,4),(0.499999999999784,1.),.UNSPECIFIED.);
#2567=B_SPLINE_CURVE_WITH_KNOTS('',3,(#4405,#4406,#4407,#4408),
 .UNSPECIFIED.,.F.,.F.,(4,4),(0.,0.499999999646455),.UNSPECIFIED.);
#2568=B_SPLINE_CURVE_WITH_KNOTS('',3,(#4411,#4412,#4413,#4414,#4415),
 .UNSPECIFIED.,.F.,.F.,(4,1,4),(0.5,0.625,0.75),.UNSPECIFIED.);
#2569=B_SPLINE_CURVE_WITH_KNOTS('',3,(#4416,#4417,#4418,#4419),
 .UNSPECIFIED.,.F.,.F.,(4,4),(0.499999999999774,1.),.UNSPECIFIED.);
#2570=B_SPLINE_CURVE_WITH_KNOTS('',3,(#4421,#4422,#4423,#4424),
 .UNSPECIFIED.,.F.,.F.,(4,4),(0.,1.),.UNSPECIFIED.);
#2571=B_SPLINE_CURVE_WITH_KNOTS('',3,(#4427,#4428,#4429,#4430),
 .UNSPECIFIED.,.F.,.F.,(4,4),(0.,1.),.UNSPECIFIED.);
#2572=B_SPLINE_CURVE_WITH_KNOTS('',3,(#4434,#4435,#4436,#4437),
 .UNSPECIFIED.,.F.,.F.,(4,4),(0.,1.),.UNSPECIFIED.);
#2573=B_SPLINE_CURVE_WITH_KNOTS('',3,(#4442,#4443,#4444,#4445),
 .UNSPECIFIED.,.F.,.F.,(4,4),(0.,1.),.UNSPECIFIED.);
#2574=B_SPLINE_CURVE_WITH_KNOTS('',3,(#4447,#4448,#4449,#4450),
 .UNSPECIFIED.,.F.,.F.,(4,4),(0.,1.),.UNSPECIFIED.);
#2575=B_SPLINE_CURVE_WITH_KNOTS('',3,(#4452,#4453,#4454,#4455),
 .UNSPECIFIED.,.F.,.F.,(4,4),(0.,1.),.UNSPECIFIED.);
#2576=B_SPLINE_CURVE_WITH_KNOTS('',3,(#4460,#4461,#4462,#4463),
 .UNSPECIFIED.,.F.,.F.,(4,4),(0.,1.),.UNSPECIFIED.);
#2577=B_SPLINE_CURVE_WITH_KNOTS('',3,(#4465,#4466,#4467,#4468),
 .UNSPECIFIED.,.F.,.F.,(4,4),(0.,1.),.UNSPECIFIED.);
#2578=B_SPLINE_CURVE_WITH_KNOTS('',3,(#4470,#4471,#4472,#4473),
 .UNSPECIFIED.,.F.,.F.,(4,4),(0.,1.),.UNSPECIFIED.);
#2579=B_SPLINE_CURVE_WITH_KNOTS('',3,(#4499,#4500,#4501,#4502),
 .UNSPECIFIED.,.F.,.F.,(4,4),(0.,1.),.UNSPECIFIED.);
#2580=B_SPLINE_CURVE_WITH_KNOTS('',3,(#4505,#4506,#4507,#4508),
 .UNSPECIFIED.,.F.,.F.,(4,4),(0.,1.),.UNSPECIFIED.);
#2581=B_SPLINE_CURVE_WITH_KNOTS('',3,(#4512,#4513,#4514,#4515),
 .UNSPECIFIED.,.F.,.F.,(4,4),(0.,1.),.UNSPECIFIED.);
#2582=B_SPLINE_CURVE_WITH_KNOTS('',3,(#4517,#4518,#4519,#4520),
 .UNSPECIFIED.,.F.,.F.,(4,4),(0.,1.),.UNSPECIFIED.);
#2583=B_SPLINE_CURVE_WITH_KNOTS('',3,(#4521,#4522,#4523,#4524),
 .UNSPECIFIED.,.F.,.F.,(4,4),(0.,1.),.UNSPECIFIED.);
#2584=B_SPLINE_CURVE_WITH_KNOTS('',3,(#4525,#4526,#4527,#4528),
 .UNSPECIFIED.,.F.,.F.,(4,4),(0.,1.),.UNSPECIFIED.);
#2585=B_SPLINE_CURVE_WITH_KNOTS('',3,(#4529,#4530,#4531,#4532),
 .UNSPECIFIED.,.F.,.F.,(4,4),(0.,1.),.UNSPECIFIED.);
#2586=B_SPLINE_CURVE_WITH_KNOTS('',3,(#4579,#4580,#4581,#4582),
 .UNSPECIFIED.,.F.,.F.,(4,4),(0.,1.),.UNSPECIFIED.);
#2587=B_SPLINE_CURVE_WITH_KNOTS('',3,(#4591,#4592,#4593,#4594,#4595,#4596,
#4597,#4598,#4599,#4600,#4601),.UNSPECIFIED.,.F.,.F.,(4,1,1,1,1,1,1,1,4),
(0.,0.125,0.25,0.375,0.5,0.625,0.75,0.875,1.),.UNSPECIFIED.);
#2588=B_SPLINE_CURVE_WITH_KNOTS('',3,(#4607,#4608,#4609,#4610),
 .UNSPECIFIED.,.F.,.F.,(4,4),(0.,1.),.UNSPECIFIED.);
#2589=B_SPLINE_CURVE_WITH_KNOTS('',3,(#4616,#4617,#4618,#4619),
 .UNSPECIFIED.,.F.,.F.,(4,4),(0.,1.),.UNSPECIFIED.);
#2590=B_SPLINE_CURVE_WITH_KNOTS('',3,(#4625,#4626,#4627,#4628),
 .UNSPECIFIED.,.F.,.F.,(4,4),(0.,1.),.UNSPECIFIED.);
#2591=B_SPLINE_CURVE_WITH_KNOTS('',3,(#4634,#4635,#4636,#4637),
 .UNSPECIFIED.,.F.,.F.,(4,4),(0.,1.),.UNSPECIFIED.);
#2592=B_SPLINE_CURVE_WITH_KNOTS('',3,(#4639,#4640,#4641,#4642),
 .UNSPECIFIED.,.F.,.F.,(4,4),(0.,1.),.UNSPECIFIED.);
#2593=B_SPLINE_CURVE_WITH_KNOTS('',3,(#4649,#4650,#4651,#4652),
 .UNSPECIFIED.,.F.,.F.,(4,4),(0.000402847223553879,0.999597152767298),
 .UNSPECIFIED.);
#2594=B_SPLINE_CURVE_WITH_KNOTS('',3,(#4655,#4656,#4657,#4658),
 .UNSPECIFIED.,.F.,.F.,(4,4),(0.,1.),.UNSPECIFIED.);
#2595=B_SPLINE_CURVE_WITH_KNOTS('',3,(#4661,#4662,#4663,#4664),
 .UNSPECIFIED.,.F.,.F.,(4,4),(0.,1.),.UNSPECIFIED.);
#2596=B_SPLINE_CURVE_WITH_KNOTS('',3,(#4670,#4671,#4672,#4673),
 .UNSPECIFIED.,.F.,.F.,(4,4),(0.,1.),.UNSPECIFIED.);
#2597=B_SPLINE_CURVE_WITH_KNOTS('',3,(#4675,#4676,#4677,#4678),
 .UNSPECIFIED.,.F.,.F.,(4,4),(0.,1.),.UNSPECIFIED.);
#2598=B_SPLINE_CURVE_WITH_KNOTS('',3,(#4680,#4681,#4682,#4683),
 .UNSPECIFIED.,.F.,.F.,(4,4),(0.,1.),.UNSPECIFIED.);
#2599=B_SPLINE_CURVE_WITH_KNOTS('',3,(#4688,#4689,#4690,#4691),
 .UNSPECIFIED.,.F.,.F.,(4,4),(0.,1.),.UNSPECIFIED.);
#2600=B_SPLINE_CURVE_WITH_KNOTS('',3,(#4693,#4694,#4695,#4696),
 .UNSPECIFIED.,.F.,.F.,(4,4),(0.,1.),.UNSPECIFIED.);
#2601=B_SPLINE_CURVE_WITH_KNOTS('',3,(#4703,#4704,#4705,#4706),
 .UNSPECIFIED.,.F.,.F.,(4,4),(3.18037276960023E-5,0.999968196272142),
 .UNSPECIFIED.);
#2602=B_SPLINE_CURVE_WITH_KNOTS('',3,(#4709,#4710,#4711,#4712),
 .UNSPECIFIED.,.F.,.F.,(4,4),(0.,1.),.UNSPECIFIED.);
#2603=B_SPLINE_CURVE_WITH_KNOTS('',3,(#4715,#4716,#4717,#4718),
 .UNSPECIFIED.,.F.,.F.,(4,4),(0.,1.),.UNSPECIFIED.);
#2604=B_SPLINE_CURVE_WITH_KNOTS('',3,(#4724,#4725,#4726,#4727),
 .UNSPECIFIED.,.F.,.F.,(4,4),(0.,1.),.UNSPECIFIED.);
#2605=B_SPLINE_CURVE_WITH_KNOTS('',3,(#4729,#4730,#4731,#4732),
 .UNSPECIFIED.,.F.,.F.,(4,4),(0.,1.),.UNSPECIFIED.);
#2606=B_SPLINE_CURVE_WITH_KNOTS('',3,(#4739,#4740,#4741,#4742),
 .UNSPECIFIED.,.F.,.F.,(4,4),(0.,1.),.UNSPECIFIED.);
#2607=B_SPLINE_CURVE_WITH_KNOTS('',3,(#4748,#4749,#4750,#4751),
 .UNSPECIFIED.,.F.,.F.,(4,4),(0.,1.),.UNSPECIFIED.);
#2608=B_SPLINE_CURVE_WITH_KNOTS('',3,(#4757,#4758,#4759,#4760),
 .UNSPECIFIED.,.F.,.F.,(4,4),(0.,1.),.UNSPECIFIED.);
#2609=B_SPLINE_CURVE_WITH_KNOTS('',3,(#4763,#4764,#4765,#4766),
 .UNSPECIFIED.,.F.,.F.,(4,4),(0.,1.),.UNSPECIFIED.);
#2610=B_SPLINE_CURVE_WITH_KNOTS('',3,(#4769,#4770,#4771,#4772),
 .UNSPECIFIED.,.F.,.F.,(4,4),(0.,1.),.UNSPECIFIED.);
#2611=B_SPLINE_CURVE_WITH_KNOTS('',3,(#4778,#4779,#4780,#4781),
 .UNSPECIFIED.,.F.,.F.,(4,4),(2.0002402664868E-6,1.),.UNSPECIFIED.);
#2612=B_SPLINE_CURVE_WITH_KNOTS('',3,(#4783,#4784,#4785,#4786),
 .UNSPECIFIED.,.F.,.F.,(4,4),(0.,1.),.UNSPECIFIED.);
#2613=B_SPLINE_CURVE_WITH_KNOTS('',3,(#4793,#4794,#4795,#4796),
 .UNSPECIFIED.,.F.,.F.,(4,4),(0.,0.999988426075876),.UNSPECIFIED.);
#2614=B_SPLINE_CURVE_WITH_KNOTS('',3,(#4799,#4800,#4801,#4802),
 .UNSPECIFIED.,.F.,.F.,(4,4),(0.,1.),.UNSPECIFIED.);
#2615=B_SPLINE_CURVE_WITH_KNOTS('',3,(#4805,#4806,#4807,#4808),
 .UNSPECIFIED.,.F.,.F.,(4,4),(0.,0.999996000685892),.UNSPECIFIED.);
#2616=B_SPLINE_CURVE_WITH_KNOTS('',3,(#4814,#4815,#4816,#4817),
 .UNSPECIFIED.,.F.,.F.,(4,4),(0.,1.),.UNSPECIFIED.);
#2617=B_SPLINE_CURVE_WITH_KNOTS('',3,(#4819,#4820,#4821,#4822),
 .UNSPECIFIED.,.F.,.F.,(4,4),(0.,1.),.UNSPECIFIED.);
#2618=B_SPLINE_CURVE_WITH_KNOTS('',3,(#4824,#4825,#4826,#4827),
 .UNSPECIFIED.,.F.,.F.,(4,4),(0.,1.),.UNSPECIFIED.);
#2619=B_SPLINE_CURVE_WITH_KNOTS('',3,(#4832,#4833,#4834,#4835),
 .UNSPECIFIED.,.F.,.F.,(4,4),(2.00024013727007E-6,1.),.UNSPECIFIED.);
#2620=B_SPLINE_CURVE_WITH_KNOTS('',3,(#4837,#4838,#4839,#4840),
 .UNSPECIFIED.,.F.,.F.,(4,4),(0.,1.),.UNSPECIFIED.);
#2621=B_SPLINE_CURVE_WITH_KNOTS('',3,(#4847,#4848,#4849,#4850),
 .UNSPECIFIED.,.F.,.F.,(4,4),(0.,0.999988426076198),.UNSPECIFIED.);
#2622=B_SPLINE_CURVE_WITH_KNOTS('',3,(#4853,#4854,#4855,#4856),
 .UNSPECIFIED.,.F.,.F.,(4,4),(0.,1.),.UNSPECIFIED.);
#2623=B_SPLINE_CURVE_WITH_KNOTS('',3,(#4859,#4860,#4861,#4862),
 .UNSPECIFIED.,.F.,.F.,(4,4),(0.,0.999996000686289),.UNSPECIFIED.);
#2624=B_SPLINE_CURVE_WITH_KNOTS('',3,(#4868,#4869,#4870,#4871),
 .UNSPECIFIED.,.F.,.F.,(4,4),(0.,1.),.UNSPECIFIED.);
#2625=B_SPLINE_CURVE_WITH_KNOTS('',3,(#4873,#4874,#4875,#4876),
 .UNSPECIFIED.,.F.,.F.,(4,4),(0.,1.),.UNSPECIFIED.);
#2626=B_SPLINE_CURVE_WITH_KNOTS('',3,(#4878,#4879,#4880,#4881),
 .UNSPECIFIED.,.F.,.F.,(4,4),(0.,1.),.UNSPECIFIED.);
#2627=B_SPLINE_CURVE_WITH_KNOTS('',3,(#4886,#4887,#4888,#4889),
 .UNSPECIFIED.,.F.,.F.,(4,4),(2.00023994348054E-6,1.),.UNSPECIFIED.);
#2628=B_SPLINE_CURVE_WITH_KNOTS('',3,(#4891,#4892,#4893,#4894),
 .UNSPECIFIED.,.F.,.F.,(4,4),(0.,1.),.UNSPECIFIED.);
#2629=B_SPLINE_CURVE_WITH_KNOTS('',3,(#4901,#4902,#4903,#4904),
 .UNSPECIFIED.,.F.,.F.,(4,4),(0.,0.999853396957466),.UNSPECIFIED.);
#2630=B_SPLINE_CURVE_WITH_KNOTS('',3,(#4907,#4908,#4909,#4910),
 .UNSPECIFIED.,.F.,.F.,(4,4),(0.,1.),.UNSPECIFIED.);
#2631=B_SPLINE_CURVE_WITH_KNOTS('',3,(#4913,#4914,#4915,#4916),
 .UNSPECIFIED.,.F.,.F.,(4,4),(0.,0.999996000686596),.UNSPECIFIED.);
#2632=B_SPLINE_CURVE_WITH_KNOTS('',3,(#4922,#4923,#4924,#4925),
 .UNSPECIFIED.,.F.,.F.,(4,4),(0.,1.),.UNSPECIFIED.);
#2633=B_SPLINE_CURVE_WITH_KNOTS('',3,(#4927,#4928,#4929,#4930),
 .UNSPECIFIED.,.F.,.F.,(4,4),(0.,1.),.UNSPECIFIED.);
#2634=B_SPLINE_CURVE_WITH_KNOTS('',3,(#4932,#4933,#4934,#4935),
 .UNSPECIFIED.,.F.,.F.,(4,4),(0.,1.),.UNSPECIFIED.);
#2635=B_SPLINE_CURVE_WITH_KNOTS('',3,(#4940,#4941,#4942,#4943),
 .UNSPECIFIED.,.F.,.F.,(4,4),(2.00024003926147E-6,1.),.UNSPECIFIED.);
#2636=B_SPLINE_CURVE_WITH_KNOTS('',3,(#4945,#4946,#4947,#4948),
 .UNSPECIFIED.,.F.,.F.,(4,4),(0.,1.),.UNSPECIFIED.);
#2637=B_SPLINE_CURVE_WITH_KNOTS('',3,(#4955,#4956,#4957,#4958),
 .UNSPECIFIED.,.F.,.F.,(4,4),(0.,0.999988426076381),.UNSPECIFIED.);
#2638=B_SPLINE_CURVE_WITH_KNOTS('',3,(#4961,#4962,#4963,#4964),
 .UNSPECIFIED.,.F.,.F.,(4,4),(0.,1.),.UNSPECIFIED.);
#2639=B_SPLINE_CURVE_WITH_KNOTS('',3,(#4967,#4968,#4969,#4970),
 .UNSPECIFIED.,.F.,.F.,(4,4),(0.,0.999996000686066),.UNSPECIFIED.);
#2640=B_SPLINE_CURVE_WITH_KNOTS('',3,(#4976,#4977,#4978,#4979),
 .UNSPECIFIED.,.F.,.F.,(4,4),(0.,1.),.UNSPECIFIED.);
#2641=B_SPLINE_CURVE_WITH_KNOTS('',3,(#4981,#4982,#4983,#4984),
 .UNSPECIFIED.,.F.,.F.,(4,4),(0.,1.),.UNSPECIFIED.);
#2642=B_SPLINE_CURVE_WITH_KNOTS('',3,(#4991,#4992,#4993,#4994),
 .UNSPECIFIED.,.F.,.F.,(4,4),(0.,1.),.UNSPECIFIED.);
#2643=B_SPLINE_CURVE_WITH_KNOTS('',3,(#5000,#5001,#5002,#5003),
 .UNSPECIFIED.,.F.,.F.,(4,4),(0.,1.),.UNSPECIFIED.);
#2644=B_SPLINE_CURVE_WITH_KNOTS('',3,(#5009,#5010,#5011,#5012),
 .UNSPECIFIED.,.F.,.F.,(4,4),(0.,1.),.UNSPECIFIED.);
#2645=B_SPLINE_CURVE_WITH_KNOTS('',3,(#5015,#5016,#5017,#5018),
 .UNSPECIFIED.,.F.,.F.,(4,4),(0.,1.),.UNSPECIFIED.);
#2646=B_SPLINE_CURVE_WITH_KNOTS('',3,(#5021,#5022,#5023,#5024),
 .UNSPECIFIED.,.F.,.F.,(4,4),(0.,1.),.UNSPECIFIED.);
#2647=B_SPLINE_CURVE_WITH_KNOTS('',3,(#5030,#5031,#5032,#5033),
 .UNSPECIFIED.,.F.,.F.,(4,4),(0.,1.),.UNSPECIFIED.);
#2648=B_SPLINE_CURVE_WITH_KNOTS('',3,(#5035,#5036,#5037,#5038),
 .UNSPECIFIED.,.F.,.F.,(4,4),(0.,1.),.UNSPECIFIED.);
#2649=B_SPLINE_CURVE_WITH_KNOTS('',3,(#5045,#5046,#5047,#5048),
 .UNSPECIFIED.,.F.,.F.,(4,4),(3.18037278566784E-5,0.999968196271881),
 .UNSPECIFIED.);
#2650=B_SPLINE_CURVE_WITH_KNOTS('',3,(#5051,#5052,#5053,#5054),
 .UNSPECIFIED.,.F.,.F.,(4,4),(0.,1.),.UNSPECIFIED.);
#2651=B_SPLINE_CURVE_WITH_KNOTS('',3,(#5057,#5058,#5059,#5060),
 .UNSPECIFIED.,.F.,.F.,(4,4),(0.,1.),.UNSPECIFIED.);
#2652=B_SPLINE_CURVE_WITH_KNOTS('',3,(#5066,#5067,#5068,#5069),
 .UNSPECIFIED.,.F.,.F.,(4,4),(0.,1.),.UNSPECIFIED.);
#2653=B_SPLINE_CURVE_WITH_KNOTS('',3,(#5071,#5072,#5073,#5074),
 .UNSPECIFIED.,.F.,.F.,(4,4),(0.,1.),.UNSPECIFIED.);
#2654=B_SPLINE_CURVE_WITH_KNOTS('',3,(#5076,#5077,#5078,#5079),
 .UNSPECIFIED.,.F.,.F.,(4,4),(0.,1.),.UNSPECIFIED.);
#2655=B_SPLINE_CURVE_WITH_KNOTS('',3,(#5084,#5085,#5086,#5087),
 .UNSPECIFIED.,.F.,.F.,(4,4),(0.,1.),.UNSPECIFIED.);
#2656=B_SPLINE_CURVE_WITH_KNOTS('',3,(#5089,#5090,#5091,#5092),
 .UNSPECIFIED.,.F.,.F.,(4,4),(0.,1.),.UNSPECIFIED.);
#2657=B_SPLINE_CURVE_WITH_KNOTS('',3,(#5099,#5100,#5101,#5102),
 .UNSPECIFIED.,.F.,.F.,(4,4),(3.18037278850994E-5,0.999968196272019),
 .UNSPECIFIED.);
#2658=B_SPLINE_CURVE_WITH_KNOTS('',3,(#5105,#5106,#5107,#5108),
 .UNSPECIFIED.,.F.,.F.,(4,4),(0.,1.),.UNSPECIFIED.);
#2659=B_SPLINE_CURVE_WITH_KNOTS('',3,(#5111,#5112,#5113,#5114),
 .UNSPECIFIED.,.F.,.F.,(4,4),(0.,1.),.UNSPECIFIED.);
#2660=B_SPLINE_CURVE_WITH_KNOTS('',3,(#5128,#5129,#5130,#5131),
 .UNSPECIFIED.,.F.,.F.,(4,4),(0.,1.),.UNSPECIFIED.);
#2661=B_SPLINE_CURVE_WITH_KNOTS('',3,(#5137,#5138,#5139,#5140),
 .UNSPECIFIED.,.F.,.F.,(4,4),(0.,1.),.UNSPECIFIED.);
#2662=B_SPLINE_CURVE_WITH_KNOTS('',3,(#5142,#5143,#5144,#5145),
 .UNSPECIFIED.,.F.,.F.,(4,4),(0.,1.),.UNSPECIFIED.);
#2663=B_SPLINE_CURVE_WITH_KNOTS('',3,(#5147,#5148,#5149,#5150),
 .UNSPECIFIED.,.F.,.F.,(4,4),(0.,1.),.UNSPECIFIED.);
#2664=B_SPLINE_CURVE_WITH_KNOTS('',3,(#5157,#5158,#5159,#5160),
 .UNSPECIFIED.,.F.,.F.,(4,4),(0.,1.),.UNSPECIFIED.);
#2665=B_SPLINE_CURVE_WITH_KNOTS('',3,(#5163,#5164,#5165,#5166),
 .UNSPECIFIED.,.F.,.F.,(4,4),(0.,1.),.UNSPECIFIED.);
#2666=B_SPLINE_CURVE_WITH_KNOTS('',3,(#5168,#5169,#5170,#5171,#5172,#5173,
#5174,#5175,#5176,#5177,#5178,#5179,#5180,#5181,#5182,#5183,#5184,#5185,
#5186),.UNSPECIFIED.,.F.,.F.,(4,1,1,1,1,1,1,1,1,1,1,1,1,1,1,1,4),(0.,0.0625,
0.125,0.1875,0.25,0.3125,0.375,0.4375,0.5,0.5625,0.625,0.6875,0.75,0.8125,
0.875,0.9375,1.),.UNSPECIFIED.);
#2667=B_SPLINE_CURVE_WITH_KNOTS('',3,(#5188,#5189,#5190,#5191),
 .UNSPECIFIED.,.F.,.F.,(4,4),(0.,1.),.UNSPECIFIED.);
#2668=B_SPLINE_CURVE_WITH_KNOTS('',3,(#5193,#5194,#5195,#5196),
 .UNSPECIFIED.,.F.,.F.,(4,4),(0.,1.),.UNSPECIFIED.);
#2669=B_SPLINE_CURVE_WITH_KNOTS('',3,(#5198,#5199,#5200,#5201),
 .UNSPECIFIED.,.F.,.F.,(4,4),(0.,1.),.UNSPECIFIED.);
#2670=B_SPLINE_CURVE_WITH_KNOTS('',3,(#5202,#5203,#5204,#5205),
 .UNSPECIFIED.,.F.,.F.,(4,4),(0.,1.),.UNSPECIFIED.);
#2671=B_SPLINE_CURVE_WITH_KNOTS('',3,(#5208,#5209,#5210,#5211),
 .UNSPECIFIED.,.F.,.F.,(4,4),(0.,1.),.UNSPECIFIED.);
#2672=B_SPLINE_CURVE_WITH_KNOTS('',3,(#5213,#5214,#5215,#5216),
 .UNSPECIFIED.,.F.,.F.,(4,4),(0.,1.),.UNSPECIFIED.);
#2673=B_SPLINE_CURVE_WITH_KNOTS('',3,(#5218,#5219,#5220,#5221),
 .UNSPECIFIED.,.F.,.F.,(4,4),(0.,1.),.UNSPECIFIED.);
#2674=B_SPLINE_CURVE_WITH_KNOTS('',3,(#5223,#5224,#5225,#5226),
 .UNSPECIFIED.,.F.,.F.,(4,4),(0.,1.),.UNSPECIFIED.);
#2675=B_SPLINE_CURVE_WITH_KNOTS('',3,(#5228,#5229,#5230,#5231),
 .UNSPECIFIED.,.F.,.F.,(4,4),(0.,1.),.UNSPECIFIED.);
#2676=B_SPLINE_CURVE_WITH_KNOTS('',3,(#5233,#5234,#5235,#5236),
 .UNSPECIFIED.,.F.,.F.,(4,4),(0.,1.),.UNSPECIFIED.);
#2677=B_SPLINE_CURVE_WITH_KNOTS('',3,(#5238,#5239,#5240,#5241),
 .UNSPECIFIED.,.F.,.F.,(4,4),(0.,1.),.UNSPECIFIED.);
#2678=B_SPLINE_CURVE_WITH_KNOTS('',3,(#5243,#5244,#5245,#5246),
 .UNSPECIFIED.,.F.,.F.,(4,4),(0.,1.),.UNSPECIFIED.);
#2679=B_SPLINE_CURVE_WITH_KNOTS('',3,(#5248,#5249,#5250,#5251),
 .UNSPECIFIED.,.F.,.F.,(4,4),(0.,1.),.UNSPECIFIED.);
#2680=B_SPLINE_CURVE_WITH_KNOTS('',3,(#5253,#5254,#5255,#5256),
 .UNSPECIFIED.,.F.,.F.,(4,4),(0.,1.),.UNSPECIFIED.);
#2681=B_SPLINE_CURVE_WITH_KNOTS('',3,(#5258,#5259,#5260,#5261),
 .UNSPECIFIED.,.F.,.F.,(4,4),(2.19271298467549E-7,1.),.UNSPECIFIED.);
#2682=B_SPLINE_CURVE_WITH_KNOTS('',3,(#5263,#5264,#5265,#5266),
 .UNSPECIFIED.,.F.,.F.,(4,4),(2.5459880680522E-8,1.),.UNSPECIFIED.);
#2683=B_SPLINE_CURVE_WITH_KNOTS('',3,(#5268,#5269,#5270,#5271),
 .UNSPECIFIED.,.F.,.F.,(4,4),(0.,1.),.UNSPECIFIED.);
#2684=B_SPLINE_CURVE_WITH_KNOTS('',3,(#5273,#5274,#5275,#5276),
 .UNSPECIFIED.,.F.,.F.,(4,4),(0.,1.),.UNSPECIFIED.);
#2685=B_SPLINE_CURVE_WITH_KNOTS('',3,(#5278,#5279,#5280,#5281),
 .UNSPECIFIED.,.F.,.F.,(4,4),(2.19271227502958E-7,1.),.UNSPECIFIED.);
#2686=B_SPLINE_CURVE_WITH_KNOTS('',3,(#5283,#5284,#5285,#5286),
 .UNSPECIFIED.,.F.,.F.,(4,4),(5.62620705073011E-8,1.),.UNSPECIFIED.);
#2687=B_SPLINE_CURVE_WITH_KNOTS('',3,(#5288,#5289,#5290,#5291),
 .UNSPECIFIED.,.F.,.F.,(4,4),(0.,1.),.UNSPECIFIED.);
#2688=B_SPLINE_CURVE_WITH_KNOTS('',3,(#5293,#5294,#5295,#5296),
 .UNSPECIFIED.,.F.,.F.,(4,4),(0.,1.),.UNSPECIFIED.);
#2689=B_SPLINE_CURVE_WITH_KNOTS('',3,(#5298,#5299,#5300,#5301),
 .UNSPECIFIED.,.F.,.F.,(4,4),(2.19273107701643E-7,1.),.UNSPECIFIED.);
#2690=B_SPLINE_CURVE_WITH_KNOTS('',3,(#5303,#5304,#5305,#5306),
 .UNSPECIFIED.,.F.,.F.,(4,4),(5.62621216401283E-8,1.),.UNSPECIFIED.);
#2691=B_SPLINE_CURVE_WITH_KNOTS('',3,(#5308,#5309,#5310,#5311),
 .UNSPECIFIED.,.F.,.F.,(4,4),(0.,1.),.UNSPECIFIED.);
#2692=B_SPLINE_CURVE_WITH_KNOTS('',3,(#5313,#5314,#5315,#5316),
 .UNSPECIFIED.,.F.,.F.,(4,4),(0.,1.),.UNSPECIFIED.);
#2693=B_SPLINE_CURVE_WITH_KNOTS('',3,(#5318,#5319,#5320,#5321),
 .UNSPECIFIED.,.F.,.F.,(4,4),(2.19270566268362E-7,1.),.UNSPECIFIED.);
#2694=B_SPLINE_CURVE_WITH_KNOTS('',3,(#5323,#5324,#5325,#5326),
 .UNSPECIFIED.,.F.,.F.,(4,4),(4.27688454990667E-7,1.),.UNSPECIFIED.);
#2695=B_SPLINE_CURVE_WITH_KNOTS('',3,(#5328,#5329,#5330,#5331),
 .UNSPECIFIED.,.F.,.F.,(4,4),(0.,1.),.UNSPECIFIED.);
#2696=B_SPLINE_CURVE_WITH_KNOTS('',3,(#5333,#5334,#5335,#5336),
 .UNSPECIFIED.,.F.,.F.,(4,4),(0.,1.),.UNSPECIFIED.);
#2697=B_SPLINE_CURVE_WITH_KNOTS('',3,(#5338,#5339,#5340,#5341),
 .UNSPECIFIED.,.F.,.F.,(4,4),(0.,1.),.UNSPECIFIED.);
#2698=B_SPLINE_CURVE_WITH_KNOTS('',3,(#5343,#5344,#5345,#5346),
 .UNSPECIFIED.,.F.,.F.,(4,4),(0.,1.),.UNSPECIFIED.);
#2699=B_SPLINE_CURVE_WITH_KNOTS('',3,(#5348,#5349,#5350,#5351),
 .UNSPECIFIED.,.F.,.F.,(4,4),(0.,1.),.UNSPECIFIED.);
#2700=B_SPLINE_CURVE_WITH_KNOTS('',3,(#5353,#5354,#5355,#5356),
 .UNSPECIFIED.,.F.,.F.,(4,4),(0.,1.),.UNSPECIFIED.);
#2701=B_SPLINE_CURVE_WITH_KNOTS('',3,(#5358,#5359,#5360,#5361),
 .UNSPECIFIED.,.F.,.F.,(4,4),(2.19270867527217E-7,1.),.UNSPECIFIED.);
#2702=B_SPLINE_CURVE_WITH_KNOTS('',3,(#5363,#5364,#5365,#5366),
 .UNSPECIFIED.,.F.,.F.,(4,4),(0.,1.),.UNSPECIFIED.);
#2703=B_SPLINE_CURVE_WITH_KNOTS('',3,(#5368,#5369,#5370,#5371),
 .UNSPECIFIED.,.F.,.F.,(4,4),(0.,1.),.UNSPECIFIED.);
#2704=B_SPLINE_CURVE_WITH_KNOTS('',3,(#5373,#5374,#5375,#5376),
 .UNSPECIFIED.,.F.,.F.,(4,4),(0.,1.),.UNSPECIFIED.);
#2705=B_SPLINE_CURVE_WITH_KNOTS('',3,(#5378,#5379,#5380,#5381),
 .UNSPECIFIED.,.F.,.F.,(4,4),(2.1927117899979E-7,1.),.UNSPECIFIED.);
#2706=B_SPLINE_CURVE_WITH_KNOTS('',3,(#5383,#5384,#5385,#5386),
 .UNSPECIFIED.,.F.,.F.,(4,4),(0.,1.),.UNSPECIFIED.);
#2707=B_SPLINE_CURVE_WITH_KNOTS('',3,(#5388,#5389,#5390,#5391),
 .UNSPECIFIED.,.F.,.F.,(4,4),(0.,1.),.UNSPECIFIED.);
#2708=B_SPLINE_CURVE_WITH_KNOTS('',3,(#5393,#5394,#5395,#5396),
 .UNSPECIFIED.,.F.,.F.,(4,4),(0.,1.),.UNSPECIFIED.);
#2709=B_SPLINE_CURVE_WITH_KNOTS('',3,(#5398,#5399,#5400,#5401),
 .UNSPECIFIED.,.F.,.F.,(4,4),(2.19272989161317E-7,1.),.UNSPECIFIED.);
#2710=B_SPLINE_CURVE_WITH_KNOTS('',3,(#5402,#5403,#5404,#5405),
 .UNSPECIFIED.,.F.,.F.,(4,4),(0.,1.),.UNSPECIFIED.);
#2711=B_SPLINE_CURVE_WITH_KNOTS('',3,(#5408,#5409,#5410,#5411),
 .UNSPECIFIED.,.F.,.F.,(4,4),(0.,1.),.UNSPECIFIED.);
#2712=B_SPLINE_CURVE_WITH_KNOTS('',3,(#5413,#5414,#5415,#5416),
 .UNSPECIFIED.,.F.,.F.,(4,4),(0.,1.),.UNSPECIFIED.);
#2713=B_SPLINE_CURVE_WITH_KNOTS('',3,(#5418,#5419,#5420,#5421),
 .UNSPECIFIED.,.F.,.F.,(4,4),(0.,1.),.UNSPECIFIED.);
#2714=B_SPLINE_CURVE_WITH_KNOTS('',3,(#5455,#5456,#5457,#5458),
 .UNSPECIFIED.,.F.,.F.,(4,4),(0.,1.),.UNSPECIFIED.);
#2715=B_SPLINE_CURVE_WITH_KNOTS('',3,(#5459,#5460,#5461,#5462),
 .UNSPECIFIED.,.F.,.F.,(4,4),(0.,1.),.UNSPECIFIED.);
#2716=B_SPLINE_CURVE_WITH_KNOTS('',3,(#5463,#5464,#5465,#5466),
 .UNSPECIFIED.,.F.,.F.,(4,4),(0.,1.),.UNSPECIFIED.);
#2717=B_SPLINE_CURVE_WITH_KNOTS('',3,(#5467,#5468,#5469,#5470),
 .UNSPECIFIED.,.F.,.F.,(4,4),(0.,1.),.UNSPECIFIED.);
#2718=B_SPLINE_CURVE_WITH_KNOTS('',3,(#5471,#5472,#5473,#5474),
 .UNSPECIFIED.,.F.,.F.,(4,4),(0.,1.),.UNSPECIFIED.);
#2719=B_SPLINE_CURVE_WITH_KNOTS('',3,(#5475,#5476,#5477,#5478),
 .UNSPECIFIED.,.F.,.F.,(4,4),(0.,1.),.UNSPECIFIED.);
#2720=B_SPLINE_CURVE_WITH_KNOTS('',3,(#5479,#5480,#5481,#5482),
 .UNSPECIFIED.,.F.,.F.,(4,4),(0.,1.),.UNSPECIFIED.);
#2721=B_SPLINE_CURVE_WITH_KNOTS('',3,(#5483,#5484,#5485,#5486),
 .UNSPECIFIED.,.F.,.F.,(4,4),(0.,1.),.UNSPECIFIED.);
#2722=B_SPLINE_CURVE_WITH_KNOTS('',3,(#5487,#5488,#5489,#5490),
 .UNSPECIFIED.,.F.,.F.,(4,4),(0.,1.),.UNSPECIFIED.);
#2723=B_SPLINE_CURVE_WITH_KNOTS('',3,(#5491,#5492,#5493,#5494),
 .UNSPECIFIED.,.F.,.F.,(4,4),(0.,1.),.UNSPECIFIED.);
#2724=B_SPLINE_CURVE_WITH_KNOTS('',3,(#5495,#5496,#5497,#5498),
 .UNSPECIFIED.,.F.,.F.,(4,4),(0.,1.),.UNSPECIFIED.);
#2725=B_SPLINE_CURVE_WITH_KNOTS('',3,(#5499,#5500,#5501,#5502),
 .UNSPECIFIED.,.F.,.F.,(4,4),(0.,1.),.UNSPECIFIED.);
#2726=B_SPLINE_CURVE_WITH_KNOTS('',3,(#5503,#5504,#5505,#5506),
 .UNSPECIFIED.,.F.,.F.,(4,4),(0.,1.),.UNSPECIFIED.);
#2727=B_SPLINE_CURVE_WITH_KNOTS('',3,(#5507,#5508,#5509,#5510),
 .UNSPECIFIED.,.F.,.F.,(4,4),(0.,1.),.UNSPECIFIED.);
#2728=B_SPLINE_CURVE_WITH_KNOTS('',3,(#5511,#5512,#5513,#5514),
 .UNSPECIFIED.,.F.,.F.,(4,4),(0.,1.),.UNSPECIFIED.);
#2729=B_SPLINE_CURVE_WITH_KNOTS('',3,(#5515,#5516,#5517,#5518),
 .UNSPECIFIED.,.F.,.F.,(4,4),(0.,1.),.UNSPECIFIED.);
#2730=B_SPLINE_CURVE_WITH_KNOTS('',3,(#5522,#5523,#5524,#5525),
 .UNSPECIFIED.,.F.,.F.,(4,4),(0.,1.),.UNSPECIFIED.);
#2731=B_SPLINE_CURVE_WITH_KNOTS('',3,(#5531,#5532,#5533,#5534),
 .UNSPECIFIED.,.F.,.F.,(4,4),(0.,1.),.UNSPECIFIED.);
#2732=B_SPLINE_CURVE_WITH_KNOTS('',3,(#5538,#5539,#5540,#5541),
 .UNSPECIFIED.,.F.,.F.,(4,4),(0.,1.),.UNSPECIFIED.);
#2733=B_SPLINE_CURVE_WITH_KNOTS('',3,(#5545,#5546,#5547,#5548),
 .UNSPECIFIED.,.F.,.F.,(4,4),(0.,1.),.UNSPECIFIED.);
#2734=B_SPLINE_CURVE_WITH_KNOTS('',3,(#5552,#5553,#5554,#5555),
 .UNSPECIFIED.,.F.,.F.,(4,4),(0.,1.),.UNSPECIFIED.);
#2735=B_SPLINE_CURVE_WITH_KNOTS('',3,(#5559,#5560,#5561,#5562),
 .UNSPECIFIED.,.F.,.F.,(4,4),(0.,1.),.UNSPECIFIED.);
#2736=B_SPLINE_CURVE_WITH_KNOTS('',3,(#5566,#5567,#5568,#5569),
 .UNSPECIFIED.,.F.,.F.,(4,4),(0.,1.),.UNSPECIFIED.);
#2737=B_SPLINE_CURVE_WITH_KNOTS('',3,(#5571,#5572,#5573,#5574),
 .UNSPECIFIED.,.F.,.F.,(4,4),(0.,1.),.UNSPECIFIED.);
#2738=B_SPLINE_CURVE_WITH_KNOTS('',3,(#5576,#5577,#5578,#5579),
 .UNSPECIFIED.,.F.,.F.,(4,4),(0.,0.499999991720579),.UNSPECIFIED.);
#2739=B_SPLINE_CURVE_WITH_KNOTS('',3,(#5581,#5582,#5583,#5584,#5585),
 .UNSPECIFIED.,.F.,.F.,(4,1,4),(0.25,0.375,0.5),.UNSPECIFIED.);
#2740=B_SPLINE_CURVE_WITH_KNOTS('',3,(#5586,#5587,#5588,#5589),
 .UNSPECIFIED.,.F.,.F.,(4,4),(0.499999999646455,1.),.UNSPECIFIED.);
#2741=B_SPLINE_CURVE_WITH_KNOTS('',3,(#5593,#5594,#5595,#5596),
 .UNSPECIFIED.,.F.,.F.,(4,4),(0.,1.),.UNSPECIFIED.);
#2742=B_SPLINE_CURVE_WITH_KNOTS('',3,(#5602,#5603,#5604,#5605),
 .UNSPECIFIED.,.F.,.F.,(4,4),(0.,1.),.UNSPECIFIED.);
#2743=B_SPLINE_CURVE_WITH_KNOTS('',3,(#5609,#5610,#5611,#5612),
 .UNSPECIFIED.,.F.,.F.,(4,4),(0.,1.),.UNSPECIFIED.);
#2744=B_SPLINE_CURVE_WITH_KNOTS('',3,(#5616,#5617,#5618,#5619),
 .UNSPECIFIED.,.F.,.F.,(4,4),(0.,1.),.UNSPECIFIED.);
#2745=B_SPLINE_CURVE_WITH_KNOTS('',3,(#5623,#5624,#5625,#5626),
 .UNSPECIFIED.,.F.,.F.,(4,4),(0.,1.),.UNSPECIFIED.);
#2746=B_SPLINE_CURVE_WITH_KNOTS('',3,(#5630,#5631,#5632,#5633),
 .UNSPECIFIED.,.F.,.F.,(4,4),(0.,1.),.UNSPECIFIED.);
#2747=B_SPLINE_CURVE_WITH_KNOTS('',3,(#5637,#5638,#5639,#5640),
 .UNSPECIFIED.,.F.,.F.,(4,4),(0.,1.),.UNSPECIFIED.);
#2748=B_SPLINE_CURVE_WITH_KNOTS('',3,(#5642,#5643,#5644,#5645),
 .UNSPECIFIED.,.F.,.F.,(4,4),(0.,1.),.UNSPECIFIED.);
#2749=B_SPLINE_CURVE_WITH_KNOTS('',3,(#5647,#5648,#5649,#5650),
 .UNSPECIFIED.,.F.,.F.,(4,4),(0.,0.499999991720586),.UNSPECIFIED.);
#2750=B_SPLINE_CURVE_WITH_KNOTS('',3,(#5652,#5653,#5654,#5655,#5656),
 .UNSPECIFIED.,.F.,.F.,(4,1,4),(0.25,0.375,0.5),.UNSPECIFIED.);
#2751=B_SPLINE_CURVE_WITH_KNOTS('',3,(#5657,#5658,#5659,#5660),
 .UNSPECIFIED.,.F.,.F.,(4,4),(0.499999999646458,1.),.UNSPECIFIED.);
#2752=B_SPLINE_CURVE_WITH_KNOTS('',3,(#5731,#5732,#5733,#5734,#5735,#5736,
#5737,#5738),.UNSPECIFIED.,.F.,.F.,(4,2,2,4),(0.,0.25,0.5,1.),
 .UNSPECIFIED.);
#2753=B_SPLINE_CURVE_WITH_KNOTS('',3,(#5741,#5742,#5743,#5744),
 .UNSPECIFIED.,.F.,.F.,(4,4),(0.,1.),.UNSPECIFIED.);
#2754=B_SPLINE_CURVE_WITH_KNOTS('',3,(#5745,#5746,#5747,#5748),
 .UNSPECIFIED.,.F.,.F.,(4,4),(0.,1.),.UNSPECIFIED.);
#2755=B_SPLINE_CURVE_WITH_KNOTS('',3,(#5750,#5751,#5752,#5753,#5754,#5755,
#5756,#5757),.UNSPECIFIED.,.F.,.F.,(4,2,2,4),(0.,0.25,0.5,1.),
 .UNSPECIFIED.);
#2756=B_SPLINE_CURVE_WITH_KNOTS('',3,(#5822,#5823,#5824,#5825),
 .UNSPECIFIED.,.F.,.F.,(4,4),(0.,1.),.UNSPECIFIED.);
#2757=B_SPLINE_CURVE_WITH_KNOTS('',3,(#5826,#5827,#5828,#5829),
 .UNSPECIFIED.,.F.,.F.,(4,4),(0.,1.),.UNSPECIFIED.);
#2758=B_SPLINE_CURVE_WITH_KNOTS('',3,(#5831,#5832,#5833,#5834,#5835,#5836,
#5837,#5838),.UNSPECIFIED.,.F.,.F.,(4,2,2,4),(0.,0.25,0.5,1.),
 .UNSPECIFIED.);
#2759=B_SPLINE_CURVE_WITH_KNOTS('',3,(#5903,#5904,#5905,#5906,#5907,#5908,
#5909,#5910),.UNSPECIFIED.,.F.,.F.,(4,2,2,4),(0.,0.25,0.5,1.),
 .UNSPECIFIED.);
#2760=B_SPLINE_CURVE_WITH_KNOTS('',3,(#5913,#5914,#5915,#5916),
 .UNSPECIFIED.,.F.,.F.,(4,4),(0.,1.),.UNSPECIFIED.);
#2761=B_SPLINE_CURVE_WITH_KNOTS('',3,(#5917,#5918,#5919,#5920),
 .UNSPECIFIED.,.F.,.F.,(4,4),(0.,1.),.UNSPECIFIED.);
#2762=B_SPLINE_CURVE_WITH_KNOTS('',3,(#5922,#5923,#5924,#5925,#5926,#5927,
#5928,#5929),.UNSPECIFIED.,.F.,.F.,(4,2,2,4),(0.,0.25,0.5,1.),
 .UNSPECIFIED.);
#2763=B_SPLINE_CURVE_WITH_KNOTS('',3,(#5994,#5995,#5996,#5997),
 .UNSPECIFIED.,.F.,.F.,(4,4),(0.,1.),.UNSPECIFIED.);
#2764=B_SPLINE_CURVE_WITH_KNOTS('',3,(#5998,#5999,#6000,#6001),
 .UNSPECIFIED.,.F.,.F.,(4,4),(0.,1.),.UNSPECIFIED.);
#2765=B_SPLINE_CURVE_WITH_KNOTS('',3,(#6003,#6004,#6005,#6006,#6007,#6008,
#6009,#6010),.UNSPECIFIED.,.F.,.F.,(4,2,2,4),(0.,0.25,0.5,1.),
 .UNSPECIFIED.);
#2766=B_SPLINE_CURVE_WITH_KNOTS('',3,(#6075,#6076,#6077,#6078,#6079,#6080,
#6081,#6082),.UNSPECIFIED.,.F.,.F.,(4,2,2,4),(0.,0.25,0.5,1.),
 .UNSPECIFIED.);
#2767=B_SPLINE_CURVE_WITH_KNOTS('',3,(#6085,#6086,#6087,#6088),
 .UNSPECIFIED.,.F.,.F.,(4,4),(0.,1.),.UNSPECIFIED.);
#2768=B_SPLINE_CURVE_WITH_KNOTS('',3,(#6089,#6090,#6091,#6092),
 .UNSPECIFIED.,.F.,.F.,(4,4),(0.,1.),.UNSPECIFIED.);
#2769=B_SPLINE_CURVE_WITH_KNOTS('',3,(#6094,#6095,#6096,#6097,#6098,#6099,
#6100,#6101),.UNSPECIFIED.,.F.,.F.,(4,2,2,4),(0.,0.25,0.5,1.),
 .UNSPECIFIED.);
#2770=B_SPLINE_CURVE_WITH_KNOTS('',3,(#6166,#6167,#6168,#6169),
 .UNSPECIFIED.,.F.,.F.,(4,4),(0.,1.),.UNSPECIFIED.);
#2771=B_SPLINE_CURVE_WITH_KNOTS('',3,(#6170,#6171,#6172,#6173),
 .UNSPECIFIED.,.F.,.F.,(4,4),(0.,1.),.UNSPECIFIED.);
#2772=B_SPLINE_CURVE_WITH_KNOTS('',3,(#6175,#6176,#6177,#6178,#6179,#6180,
#6181,#6182),.UNSPECIFIED.,.F.,.F.,(4,2,2,4),(0.,0.25,0.5,1.),
 .UNSPECIFIED.);
#2773=B_SPLINE_CURVE_WITH_KNOTS('',3,(#6247,#6248,#6249,#6250,#6251,#6252,
#6253,#6254),.UNSPECIFIED.,.F.,.F.,(4,2,2,4),(0.,0.25,0.5,1.),
 .UNSPECIFIED.);
#2774=B_SPLINE_CURVE_WITH_KNOTS('',3,(#6257,#6258,#6259,#6260),
 .UNSPECIFIED.,.F.,.F.,(4,4),(0.,1.),.UNSPECIFIED.);
#2775=B_SPLINE_CURVE_WITH_KNOTS('',3,(#6261,#6262,#6263,#6264),
 .UNSPECIFIED.,.F.,.F.,(4,4),(0.,1.),.UNSPECIFIED.);
#2776=B_SPLINE_CURVE_WITH_KNOTS('',3,(#6266,#6267,#6268,#6269,#6270,#6271,
#6272,#6273),.UNSPECIFIED.,.F.,.F.,(4,2,2,4),(0.,0.25,0.5,1.),
 .UNSPECIFIED.);
#2777=B_SPLINE_CURVE_WITH_KNOTS('',3,(#6338,#6339,#6340,#6341),
 .UNSPECIFIED.,.F.,.F.,(4,4),(0.,1.),.UNSPECIFIED.);
#2778=B_SPLINE_CURVE_WITH_KNOTS('',3,(#6342,#6343,#6344,#6345),
 .UNSPECIFIED.,.F.,.F.,(4,4),(0.,1.),.UNSPECIFIED.);
#2779=B_SPLINE_CURVE_WITH_KNOTS('',3,(#6347,#6348,#6349,#6350,#6351,#6352,
#6353,#6354),.UNSPECIFIED.,.F.,.F.,(4,2,2,4),(0.,0.25,0.5,1.),
 .UNSPECIFIED.);
#2780=B_SPLINE_CURVE_WITH_KNOTS('',3,(#6363,#6364,#6365,#6366),
 .UNSPECIFIED.,.F.,.F.,(4,4),(0.,1.),.UNSPECIFIED.);
#2781=B_SPLINE_CURVE_WITH_KNOTS('',3,(#6431,#6432,#6433,#6434),
 .UNSPECIFIED.,.F.,.F.,(4,4),(0.,1.),.UNSPECIFIED.);
#2782=B_SPLINE_CURVE_WITH_KNOTS('',3,(#6451,#6452,#6453,#6454),
 .UNSPECIFIED.,.F.,.F.,(4,4),(0.,1.),.UNSPECIFIED.);
#2783=B_SPLINE_CURVE_WITH_KNOTS('',3,(#6471,#6472,#6473,#6474),
 .UNSPECIFIED.,.F.,.F.,(4,4),(0.,1.),.UNSPECIFIED.);
#2784=B_SPLINE_CURVE_WITH_KNOTS('',3,(#6539,#6540,#6541,#6542),
 .UNSPECIFIED.,.F.,.F.,(4,4),(0.,1.),.UNSPECIFIED.);
#2785=B_SPLINE_CURVE_WITH_KNOTS('',3,(#6607,#6608,#6609,#6610),
 .UNSPECIFIED.,.F.,.F.,(4,4),(0.,1.),.UNSPECIFIED.);
#2786=B_SPLINE_CURVE_WITH_KNOTS('',3,(#6627,#6628,#6629,#6630),
 .UNSPECIFIED.,.F.,.F.,(4,4),(0.,1.),.UNSPECIFIED.);
#2787=B_SPLINE_CURVE_WITH_KNOTS('',3,(#6695,#6696,#6697,#6698),
 .UNSPECIFIED.,.F.,.F.,(4,4),(0.,1.),.UNSPECIFIED.);
#2788=B_SPLINE_CURVE_WITH_KNOTS('',3,(#6755,#6756,#6757,#6758,#6759,#6760,
#6761,#6762),.UNSPECIFIED.,.F.,.F.,(4,2,2,4),(0.,0.25,0.5,1.),
 .UNSPECIFIED.);
#2789=B_SPLINE_CURVE_WITH_KNOTS('',3,(#6765,#6766,#6767,#6768),
 .UNSPECIFIED.,.F.,.F.,(4,4),(0.,1.),.UNSPECIFIED.);
#2790=B_SPLINE_CURVE_WITH_KNOTS('',3,(#6769,#6770,#6771,#6772),
 .UNSPECIFIED.,.F.,.F.,(4,4),(0.,1.),.UNSPECIFIED.);
#2791=B_SPLINE_CURVE_WITH_KNOTS('',3,(#6774,#6775,#6776,#6777,#6778,#6779,
#6780,#6781),.UNSPECIFIED.,.F.,.F.,(4,2,2,4),(0.,0.25,0.5,1.),
 .UNSPECIFIED.);
#2792=B_SPLINE_CURVE_WITH_KNOTS('',3,(#6846,#6847,#6848,#6849),
 .UNSPECIFIED.,.F.,.F.,(4,4),(0.,1.),.UNSPECIFIED.);
#2793=B_SPLINE_CURVE_WITH_KNOTS('',3,(#6850,#6851,#6852,#6853),
 .UNSPECIFIED.,.F.,.F.,(4,4),(0.,1.),.UNSPECIFIED.);
#2794=B_SPLINE_CURVE_WITH_KNOTS('',3,(#6855,#6856,#6857,#6858,#6859,#6860,
#6861,#6862),.UNSPECIFIED.,.F.,.F.,(4,2,2,4),(0.,0.25,0.5,1.),
 .UNSPECIFIED.);
#2795=B_SPLINE_CURVE_WITH_KNOTS('',3,(#6911,#6912,#6913,#6914,#6915,#6916,
#6917,#6918),.UNSPECIFIED.,.F.,.F.,(4,2,2,4),(0.,0.25,0.5,1.),
 .UNSPECIFIED.);
#2796=B_SPLINE_CURVE_WITH_KNOTS('',3,(#6921,#6922,#6923,#6924),
 .UNSPECIFIED.,.F.,.F.,(4,4),(0.,1.),.UNSPECIFIED.);
#2797=B_SPLINE_CURVE_WITH_KNOTS('',3,(#6925,#6926,#6927,#6928),
 .UNSPECIFIED.,.F.,.F.,(4,4),(0.,1.),.UNSPECIFIED.);
#2798=B_SPLINE_CURVE_WITH_KNOTS('',3,(#6930,#6931,#6932,#6933,#6934,#6935,
#6936,#6937),.UNSPECIFIED.,.F.,.F.,(4,2,2,4),(0.,0.25,0.5,1.),
 .UNSPECIFIED.);
#2799=B_SPLINE_CURVE_WITH_KNOTS('',3,(#7002,#7003,#7004,#7005),
 .UNSPECIFIED.,.F.,.F.,(4,4),(0.,1.),.UNSPECIFIED.);
#2800=B_SPLINE_CURVE_WITH_KNOTS('',3,(#7006,#7007,#7008,#7009),
 .UNSPECIFIED.,.F.,.F.,(4,4),(0.,1.),.UNSPECIFIED.);
#2801=B_SPLINE_CURVE_WITH_KNOTS('',3,(#7011,#7012,#7013,#7014,#7015,#7016,
#7017,#7018),.UNSPECIFIED.,.F.,.F.,(4,2,2,4),(0.,0.25,0.5,1.),
 .UNSPECIFIED.);
#2802=B_SPLINE_CURVE_WITH_KNOTS('',3,(#7067,#7068,#7069,#7070,#7071,#7072),
 .UNSPECIFIED.,.F.,.F.,(4,2,4),(0.,0.5,1.),.UNSPECIFIED.);
#2803=B_SPLINE_CURVE_WITH_KNOTS('',3,(#7075,#7076,#7077,#7078),
 .UNSPECIFIED.,.F.,.F.,(4,4),(0.,1.),.UNSPECIFIED.);
#2804=B_SPLINE_CURVE_WITH_KNOTS('',3,(#7079,#7080,#7081,#7082),
 .UNSPECIFIED.,.F.,.F.,(4,4),(0.,1.),.UNSPECIFIED.);
#2805=B_SPLINE_CURVE_WITH_KNOTS('',3,(#7084,#7085,#7086,#7087,#7088,#7089,
#7090,#7091),.UNSPECIFIED.,.F.,.F.,(4,2,2,4),(0.,0.25,0.5,1.),
 .UNSPECIFIED.);
#2806=B_SPLINE_CURVE_WITH_KNOTS('',3,(#7140,#7141,#7142,#7143),
 .UNSPECIFIED.,.F.,.F.,(4,4),(0.,1.),.UNSPECIFIED.);
#2807=B_SPLINE_CURVE_WITH_KNOTS('',3,(#7144,#7145,#7146,#7147),
 .UNSPECIFIED.,.F.,.F.,(4,4),(0.,1.),.UNSPECIFIED.);
#2808=B_SPLINE_CURVE_WITH_KNOTS('',3,(#7149,#7150,#7151,#7152,#7153,#7154),
 .UNSPECIFIED.,.F.,.F.,(4,2,4),(0.,0.5,1.),.UNSPECIFIED.);
#2809=B_SPLINE_CURVE_WITH_KNOTS('',3,(#7203,#7204,#7205,#7206,#7207,#7208,
#7209,#7210),.UNSPECIFIED.,.F.,.F.,(4,2,2,4),(0.,0.25,0.5,1.),
 .UNSPECIFIED.);
#2810=B_SPLINE_CURVE_WITH_KNOTS('',3,(#7213,#7214,#7215,#7216),
 .UNSPECIFIED.,.F.,.F.,(4,4),(0.,1.),.UNSPECIFIED.);
#2811=B_SPLINE_CURVE_WITH_KNOTS('',3,(#7217,#7218,#7219,#7220),
 .UNSPECIFIED.,.F.,.F.,(4,4),(0.,1.),.UNSPECIFIED.);
#2812=B_SPLINE_CURVE_WITH_KNOTS('',3,(#7222,#7223,#7224,#7225,#7226,#7227,
#7228,#7229),.UNSPECIFIED.,.F.,.F.,(4,2,2,4),(0.,0.25,0.5,1.),
 .UNSPECIFIED.);
#2813=B_SPLINE_CURVE_WITH_KNOTS('',3,(#7294,#7295,#7296,#7297),
 .UNSPECIFIED.,.F.,.F.,(4,4),(0.,1.),.UNSPECIFIED.);
#2814=B_SPLINE_CURVE_WITH_KNOTS('',3,(#7298,#7299,#7300,#7301),
 .UNSPECIFIED.,.F.,.F.,(4,4),(0.,1.),.UNSPECIFIED.);
#2815=B_SPLINE_CURVE_WITH_KNOTS('',3,(#7303,#7304,#7305,#7306,#7307,#7308,
#7309,#7310),.UNSPECIFIED.,.F.,.F.,(4,2,2,4),(0.,0.25,0.5,1.),
 .UNSPECIFIED.);
#2816=B_SPLINE_CURVE_WITH_KNOTS('',3,(#7359,#7360,#7361,#7362,#7363,#7364),
 .UNSPECIFIED.,.F.,.F.,(4,2,4),(0.,0.5,1.),.UNSPECIFIED.);
#2817=B_SPLINE_CURVE_WITH_KNOTS('',3,(#7367,#7368,#7369,#7370),
 .UNSPECIFIED.,.F.,.F.,(4,4),(0.,1.),.UNSPECIFIED.);
#2818=B_SPLINE_CURVE_WITH_KNOTS('',3,(#7371,#7372,#7373,#7374),
 .UNSPECIFIED.,.F.,.F.,(4,4),(0.,1.),.UNSPECIFIED.);
#2819=B_SPLINE_CURVE_WITH_KNOTS('',3,(#7376,#7377,#7378,#7379,#7380,#7381,
#7382,#7383),.UNSPECIFIED.,.F.,.F.,(4,2,2,4),(0.,0.25,0.5,1.),
 .UNSPECIFIED.);
#2820=B_SPLINE_CURVE_WITH_KNOTS('',3,(#7432,#7433,#7434,#7435),
 .UNSPECIFIED.,.F.,.F.,(4,4),(0.,1.),.UNSPECIFIED.);
#2821=B_SPLINE_CURVE_WITH_KNOTS('',3,(#7436,#7437,#7438,#7439),
 .UNSPECIFIED.,.F.,.F.,(4,4),(0.,1.),.UNSPECIFIED.);
#2822=B_SPLINE_CURVE_WITH_KNOTS('',3,(#7441,#7442,#7443,#7444,#7445,#7446),
 .UNSPECIFIED.,.F.,.F.,(4,2,4),(0.,0.5,1.),.UNSPECIFIED.);
#2823=B_SPLINE_CURVE_WITH_KNOTS('',3,(#7495,#7496,#7497,#7498,#7499,#7500,
#7501,#7502),.UNSPECIFIED.,.F.,.F.,(4,2,2,4),(0.,0.25,0.5,1.),
 .UNSPECIFIED.);
#2824=B_SPLINE_CURVE_WITH_KNOTS('',3,(#7505,#7506,#7507,#7508),
 .UNSPECIFIED.,.F.,.F.,(4,4),(0.,1.),.UNSPECIFIED.);
#2825=B_SPLINE_CURVE_WITH_KNOTS('',3,(#7509,#7510,#7511,#7512),
 .UNSPECIFIED.,.F.,.F.,(4,4),(0.,1.),.UNSPECIFIED.);
#2826=B_SPLINE_CURVE_WITH_KNOTS('',3,(#7514,#7515,#7516,#7517,#7518,#7519,
#7520,#7521),.UNSPECIFIED.,.F.,.F.,(4,2,2,4),(0.,0.25,0.5,1.),
 .UNSPECIFIED.);
#2827=B_SPLINE_CURVE_WITH_KNOTS('',3,(#7586,#7587,#7588,#7589),
 .UNSPECIFIED.,.F.,.F.,(4,4),(0.,1.),.UNSPECIFIED.);
#2828=B_SPLINE_CURVE_WITH_KNOTS('',3,(#7590,#7591,#7592,#7593),
 .UNSPECIFIED.,.F.,.F.,(4,4),(0.,1.),.UNSPECIFIED.);
#2829=B_SPLINE_CURVE_WITH_KNOTS('',3,(#7595,#7596,#7597,#7598,#7599,#7600,
#7601,#7602),.UNSPECIFIED.,.F.,.F.,(4,2,2,4),(0.,0.25,0.5,1.),
 .UNSPECIFIED.);
#2830=B_SPLINE_CURVE_WITH_KNOTS('',3,(#7651,#7652,#7653,#7654,#7655,#7656),
 .UNSPECIFIED.,.F.,.F.,(4,2,4),(0.,0.5,1.),.UNSPECIFIED.);
#2831=B_SPLINE_CURVE_WITH_KNOTS('',3,(#7659,#7660,#7661,#7662),
 .UNSPECIFIED.,.F.,.F.,(4,4),(0.,1.),.UNSPECIFIED.);
#2832=B_SPLINE_CURVE_WITH_KNOTS('',3,(#7663,#7664,#7665,#7666),
 .UNSPECIFIED.,.F.,.F.,(4,4),(0.,1.),.UNSPECIFIED.);
#2833=B_SPLINE_CURVE_WITH_KNOTS('',3,(#7668,#7669,#7670,#7671,#7672,#7673,
#7674,#7675),.UNSPECIFIED.,.F.,.F.,(4,2,2,4),(0.,0.25,0.5,1.),
 .UNSPECIFIED.);
#2834=B_SPLINE_CURVE_WITH_KNOTS('',3,(#7724,#7725,#7726,#7727),
 .UNSPECIFIED.,.F.,.F.,(4,4),(0.,1.),.UNSPECIFIED.);
#2835=B_SPLINE_CURVE_WITH_KNOTS('',3,(#7728,#7729,#7730,#7731),
 .UNSPECIFIED.,.F.,.F.,(4,4),(0.,1.),.UNSPECIFIED.);
#2836=B_SPLINE_CURVE_WITH_KNOTS('',3,(#7733,#7734,#7735,#7736,#7737,#7738),
 .UNSPECIFIED.,.F.,.F.,(4,2,4),(0.,0.5,1.),.UNSPECIFIED.);
#2837=B_SPLINE_CURVE_WITH_KNOTS('',3,(#7787,#7788,#7789,#7790,#7791,#7792,
#7793,#7794),.UNSPECIFIED.,.F.,.F.,(4,2,2,4),(0.,0.25,0.5,1.),
 .UNSPECIFIED.);
#2838=B_SPLINE_CURVE_WITH_KNOTS('',3,(#7797,#7798,#7799,#7800),
 .UNSPECIFIED.,.F.,.F.,(4,4),(0.,1.),.UNSPECIFIED.);
#2839=B_SPLINE_CURVE_WITH_KNOTS('',3,(#7801,#7802,#7803,#7804),
 .UNSPECIFIED.,.F.,.F.,(4,4),(0.,1.),.UNSPECIFIED.);
#2840=B_SPLINE_CURVE_WITH_KNOTS('',3,(#7806,#7807,#7808,#7809,#7810,#7811,
#7812,#7813),.UNSPECIFIED.,.F.,.F.,(4,2,2,4),(0.,0.25,0.5,1.),
 .UNSPECIFIED.);
#2841=B_SPLINE_CURVE_WITH_KNOTS('',3,(#7878,#7879,#7880,#7881),
 .UNSPECIFIED.,.F.,.F.,(4,4),(0.,1.),.UNSPECIFIED.);
#2842=B_SPLINE_CURVE_WITH_KNOTS('',3,(#7882,#7883,#7884,#7885),
 .UNSPECIFIED.,.F.,.F.,(4,4),(0.,1.),.UNSPECIFIED.);
#2843=B_SPLINE_CURVE_WITH_KNOTS('',3,(#7887,#7888,#7889,#7890,#7891,#7892,
#7893,#7894),.UNSPECIFIED.,.F.,.F.,(4,2,2,4),(0.,0.25,0.5,1.),
 .UNSPECIFIED.);
#2844=B_SPLINE_CURVE_WITH_KNOTS('',3,(#7943,#7944,#7945,#7946,#7947,#7948),
 .UNSPECIFIED.,.F.,.F.,(4,2,4),(0.,0.5,1.),.UNSPECIFIED.);
#2845=B_SPLINE_CURVE_WITH_KNOTS('',3,(#7951,#7952,#7953,#7954),
 .UNSPECIFIED.,.F.,.F.,(4,4),(0.,1.),.UNSPECIFIED.);
#2846=B_SPLINE_CURVE_WITH_KNOTS('',3,(#7955,#7956,#7957,#7958),
 .UNSPECIFIED.,.F.,.F.,(4,4),(0.,1.),.UNSPECIFIED.);
#2847=B_SPLINE_CURVE_WITH_KNOTS('',3,(#7960,#7961,#7962,#7963,#7964,#7965,
#7966,#7967),.UNSPECIFIED.,.F.,.F.,(4,2,2,4),(0.,0.25,0.5,1.),
 .UNSPECIFIED.);
#2848=B_SPLINE_CURVE_WITH_KNOTS('',3,(#8016,#8017,#8018,#8019),
 .UNSPECIFIED.,.F.,.F.,(4,4),(0.,1.),.UNSPECIFIED.);
#2849=B_SPLINE_CURVE_WITH_KNOTS('',3,(#8020,#8021,#8022,#8023),
 .UNSPECIFIED.,.F.,.F.,(4,4),(0.,1.),.UNSPECIFIED.);
#2850=B_SPLINE_CURVE_WITH_KNOTS('',3,(#8025,#8026,#8027,#8028,#8029,#8030),
 .UNSPECIFIED.,.F.,.F.,(4,2,4),(0.,0.5,1.),.UNSPECIFIED.);
#2851=B_SPLINE_CURVE_WITH_KNOTS('',3,(#8079,#8080,#8081,#8082,#8083,#8084,
#8085,#8086),.UNSPECIFIED.,.F.,.F.,(4,2,2,4),(0.,0.25,0.5,1.),
 .UNSPECIFIED.);
#2852=B_SPLINE_CURVE_WITH_KNOTS('',3,(#8089,#8090,#8091,#8092),
 .UNSPECIFIED.,.F.,.F.,(4,4),(0.,1.),.UNSPECIFIED.);
#2853=B_SPLINE_CURVE_WITH_KNOTS('',3,(#8093,#8094,#8095,#8096),
 .UNSPECIFIED.,.F.,.F.,(4,4),(0.,1.),.UNSPECIFIED.);
#2854=B_SPLINE_CURVE_WITH_KNOTS('',3,(#8098,#8099,#8100,#8101,#8102,#8103,
#8104,#8105),.UNSPECIFIED.,.F.,.F.,(4,2,2,4),(0.,0.25,0.5,1.),
 .UNSPECIFIED.);
#2855=B_SPLINE_CURVE_WITH_KNOTS('',3,(#8170,#8171,#8172,#8173),
 .UNSPECIFIED.,.F.,.F.,(4,4),(0.,1.),.UNSPECIFIED.);
#2856=B_SPLINE_CURVE_WITH_KNOTS('',3,(#8174,#8175,#8176,#8177),
 .UNSPECIFIED.,.F.,.F.,(4,4),(0.,1.),.UNSPECIFIED.);
#2857=B_SPLINE_CURVE_WITH_KNOTS('',3,(#8179,#8180,#8181,#8182,#8183,#8184,
#8185,#8186),.UNSPECIFIED.,.F.,.F.,(4,2,2,4),(0.,0.25,0.5,1.),
 .UNSPECIFIED.);
#2858=B_SPLINE_CURVE_WITH_KNOTS('',3,(#8235,#8236,#8237,#8238,#8239,#8240),
 .UNSPECIFIED.,.F.,.F.,(4,2,4),(0.,0.5,1.),.UNSPECIFIED.);
#2859=B_SPLINE_CURVE_WITH_KNOTS('',3,(#8243,#8244,#8245,#8246),
 .UNSPECIFIED.,.F.,.F.,(4,4),(0.,1.),.UNSPECIFIED.);
#2860=B_SPLINE_CURVE_WITH_KNOTS('',3,(#8247,#8248,#8249,#8250),
 .UNSPECIFIED.,.F.,.F.,(4,4),(0.,1.),.UNSPECIFIED.);
#2861=B_SPLINE_CURVE_WITH_KNOTS('',3,(#8252,#8253,#8254,#8255,#8256,#8257,
#8258,#8259),.UNSPECIFIED.,.F.,.F.,(4,2,2,4),(0.,0.25,0.5,1.),
 .UNSPECIFIED.);
#2862=B_SPLINE_CURVE_WITH_KNOTS('',3,(#8308,#8309,#8310,#8311),
 .UNSPECIFIED.,.F.,.F.,(4,4),(0.,1.),.UNSPECIFIED.);
#2863=B_SPLINE_CURVE_WITH_KNOTS('',3,(#8312,#8313,#8314,#8315),
 .UNSPECIFIED.,.F.,.F.,(4,4),(0.,1.),.UNSPECIFIED.);
#2864=B_SPLINE_CURVE_WITH_KNOTS('',3,(#8317,#8318,#8319,#8320,#8321,#8322),
 .UNSPECIFIED.,.F.,.F.,(4,2,4),(0.,0.5,1.),.UNSPECIFIED.);
#2865=B_SPLINE_CURVE_WITH_KNOTS('',3,(#8371,#8372,#8373,#8374,#8375,#8376,
#8377,#8378),.UNSPECIFIED.,.F.,.F.,(4,2,2,4),(0.,0.25,0.5,1.),
 .UNSPECIFIED.);
#2866=B_SPLINE_CURVE_WITH_KNOTS('',3,(#8381,#8382,#8383,#8384),
 .UNSPECIFIED.,.F.,.F.,(4,4),(0.,1.),.UNSPECIFIED.);
#2867=B_SPLINE_CURVE_WITH_KNOTS('',3,(#8385,#8386,#8387,#8388),
 .UNSPECIFIED.,.F.,.F.,(4,4),(0.,1.),.UNSPECIFIED.);
#2868=B_SPLINE_CURVE_WITH_KNOTS('',3,(#8390,#8391,#8392,#8393,#8394,#8395,
#8396,#8397),.UNSPECIFIED.,.F.,.F.,(4,2,2,4),(0.,0.25,0.5,1.),
 .UNSPECIFIED.);
#2869=B_SPLINE_CURVE_WITH_KNOTS('',3,(#8462,#8463,#8464,#8465),
 .UNSPECIFIED.,.F.,.F.,(4,4),(0.,1.),.UNSPECIFIED.);
#2870=B_SPLINE_CURVE_WITH_KNOTS('',3,(#8466,#8467,#8468,#8469),
 .UNSPECIFIED.,.F.,.F.,(4,4),(0.,1.),.UNSPECIFIED.);
#2871=B_SPLINE_CURVE_WITH_KNOTS('',3,(#8471,#8472,#8473,#8474,#8475,#8476,
#8477,#8478),.UNSPECIFIED.,.F.,.F.,(4,2,2,4),(0.,0.25,0.5,1.),
 .UNSPECIFIED.);
#2872=B_SPLINE_CURVE_WITH_KNOTS('',3,(#8527,#8528,#8529,#8530,#8531,#8532),
 .UNSPECIFIED.,.F.,.F.,(4,2,4),(0.,0.5,1.),.UNSPECIFIED.);
#2873=B_SPLINE_CURVE_WITH_KNOTS('',3,(#8535,#8536,#8537,#8538),
 .UNSPECIFIED.,.F.,.F.,(4,4),(0.,1.),.UNSPECIFIED.);
#2874=B_SPLINE_CURVE_WITH_KNOTS('',3,(#8539,#8540,#8541,#8542),
 .UNSPECIFIED.,.F.,.F.,(4,4),(0.,1.),.UNSPECIFIED.);
#2875=B_SPLINE_CURVE_WITH_KNOTS('',3,(#8544,#8545,#8546,#8547,#8548,#8549,
#8550,#8551),.UNSPECIFIED.,.F.,.F.,(4,2,2,4),(0.,0.25,0.5,1.),
 .UNSPECIFIED.);
#2876=B_SPLINE_CURVE_WITH_KNOTS('',3,(#8600,#8601,#8602,#8603),
 .UNSPECIFIED.,.F.,.F.,(4,4),(0.,1.),.UNSPECIFIED.);
#2877=B_SPLINE_CURVE_WITH_KNOTS('',3,(#8604,#8605,#8606,#8607),
 .UNSPECIFIED.,.F.,.F.,(4,4),(0.,1.),.UNSPECIFIED.);
#2878=B_SPLINE_CURVE_WITH_KNOTS('',3,(#8609,#8610,#8611,#8612,#8613,#8614),
 .UNSPECIFIED.,.F.,.F.,(4,2,4),(0.,0.5,1.),.UNSPECIFIED.);
#2879=B_SPLINE_CURVE_WITH_KNOTS('',3,(#8663,#8664,#8665,#8666,#8667,#8668,
#8669,#8670),.UNSPECIFIED.,.F.,.F.,(4,2,2,4),(0.,0.25,0.5,1.),
 .UNSPECIFIED.);
#2880=B_SPLINE_CURVE_WITH_KNOTS('',3,(#8673,#8674,#8675,#8676),
 .UNSPECIFIED.,.F.,.F.,(4,4),(0.,1.),.UNSPECIFIED.);
#2881=B_SPLINE_CURVE_WITH_KNOTS('',3,(#8677,#8678,#8679,#8680),
 .UNSPECIFIED.,.F.,.F.,(4,4),(0.,1.),.UNSPECIFIED.);
#2882=B_SPLINE_CURVE_WITH_KNOTS('',3,(#8682,#8683,#8684,#8685,#8686,#8687,
#8688,#8689),.UNSPECIFIED.,.F.,.F.,(4,2,2,4),(0.,0.25,0.5,1.),
 .UNSPECIFIED.);
#2883=B_SPLINE_CURVE_WITH_KNOTS('',3,(#8754,#8755,#8756,#8757),
 .UNSPECIFIED.,.F.,.F.,(4,4),(0.,1.),.UNSPECIFIED.);
#2884=B_SPLINE_CURVE_WITH_KNOTS('',3,(#8758,#8759,#8760,#8761),
 .UNSPECIFIED.,.F.,.F.,(4,4),(0.,1.),.UNSPECIFIED.);
#2885=B_SPLINE_CURVE_WITH_KNOTS('',3,(#8763,#8764,#8765,#8766,#8767,#8768,
#8769,#8770),.UNSPECIFIED.,.F.,.F.,(4,2,2,4),(0.,0.25,0.5,1.),
 .UNSPECIFIED.);
#2886=B_SPLINE_CURVE_WITH_KNOTS('',3,(#8819,#8820,#8821,#8822,#8823,#8824),
 .UNSPECIFIED.,.F.,.F.,(4,2,4),(0.,0.5,1.),.UNSPECIFIED.);
#2887=B_SPLINE_CURVE_WITH_KNOTS('',3,(#8827,#8828,#8829,#8830),
 .UNSPECIFIED.,.F.,.F.,(4,4),(0.,1.),.UNSPECIFIED.);
#2888=B_SPLINE_CURVE_WITH_KNOTS('',3,(#8831,#8832,#8833,#8834),
 .UNSPECIFIED.,.F.,.F.,(4,4),(0.,1.),.UNSPECIFIED.);
#2889=B_SPLINE_CURVE_WITH_KNOTS('',3,(#8836,#8837,#8838,#8839,#8840,#8841,
#8842,#8843),.UNSPECIFIED.,.F.,.F.,(4,2,2,4),(0.,0.25,0.5,1.),
 .UNSPECIFIED.);
#2890=B_SPLINE_CURVE_WITH_KNOTS('',3,(#8892,#8893,#8894,#8895),
 .UNSPECIFIED.,.F.,.F.,(4,4),(0.,1.),.UNSPECIFIED.);
#2891=B_SPLINE_CURVE_WITH_KNOTS('',3,(#8896,#8897,#8898,#8899),
 .UNSPECIFIED.,.F.,.F.,(4,4),(0.,1.),.UNSPECIFIED.);
#2892=B_SPLINE_CURVE_WITH_KNOTS('',3,(#8901,#8902,#8903,#8904,#8905,#8906),
 .UNSPECIFIED.,.F.,.F.,(4,2,4),(0.,0.5,1.),.UNSPECIFIED.);
#2893=B_SPLINE_CURVE_WITH_KNOTS('',3,(#8955,#8956,#8957,#8958,#8959,#8960),
 .UNSPECIFIED.,.F.,.F.,(4,2,4),(0.,0.5,1.),.UNSPECIFIED.);
#2894=B_SPLINE_CURVE_WITH_KNOTS('',3,(#8963,#8964,#8965,#8966),
 .UNSPECIFIED.,.F.,.F.,(4,4),(0.,1.),.UNSPECIFIED.);
#2895=B_SPLINE_CURVE_WITH_KNOTS('',3,(#8967,#8968,#8969,#8970),
 .UNSPECIFIED.,.F.,.F.,(4,4),(0.,1.),.UNSPECIFIED.);
#2896=B_SPLINE_CURVE_WITH_KNOTS('',3,(#8972,#8973,#8974,#8975,#8976,#8977,
#8978,#8979),.UNSPECIFIED.,.F.,.F.,(4,2,2,4),(0.,0.25,0.5,1.),
 .UNSPECIFIED.);
#2897=B_SPLINE_CURVE_WITH_KNOTS('',3,(#9028,#9029,#9030,#9031),
 .UNSPECIFIED.,.F.,.F.,(4,4),(0.,1.),.UNSPECIFIED.);
#2898=B_SPLINE_CURVE_WITH_KNOTS('',3,(#9032,#9033,#9034,#9035),
 .UNSPECIFIED.,.F.,.F.,(4,4),(0.,1.),.UNSPECIFIED.);
#2899=B_SPLINE_CURVE_WITH_KNOTS('',3,(#9037,#9038,#9039,#9040,#9041,#9042),
 .UNSPECIFIED.,.F.,.F.,(4,2,4),(0.,0.5,1.),.UNSPECIFIED.);
#2900=B_SPLINE_CURVE_WITH_KNOTS('',3,(#9059,#9060,#9061,#9062),
 .UNSPECIFIED.,.F.,.F.,(4,4),(0.,1.),.UNSPECIFIED.);
#2901=B_SPLINE_CURVE_WITH_KNOTS('',3,(#9063,#9064,#9065,#9066),
 .UNSPECIFIED.,.F.,.F.,(4,4),(0.,1.),.UNSPECIFIED.);
#2902=B_SPLINE_CURVE_WITH_KNOTS('',3,(#9131,#9132,#9133,#9134),
 .UNSPECIFIED.,.F.,.F.,(4,4),(0.,1.),.UNSPECIFIED.);
#2903=B_SPLINE_CURVE_WITH_KNOTS('',3,(#9147,#9148,#9149,#9150),
 .UNSPECIFIED.,.F.,.F.,(4,4),(0.,1.),.UNSPECIFIED.);
#2904=B_SPLINE_CURVE_WITH_KNOTS('',3,(#9167,#9168,#9169,#9170),
 .UNSPECIFIED.,.F.,.F.,(4,4),(0.,1.),.UNSPECIFIED.);
#2905=B_SPLINE_CURVE_WITH_KNOTS('',3,(#9179,#9180,#9181,#9182),
 .UNSPECIFIED.,.F.,.F.,(4,4),(0.,1.),.UNSPECIFIED.);
#2906=B_SPLINE_CURVE_WITH_KNOTS('',3,(#9191,#9192,#9193,#9194,#9195,#9196,
#9197),.UNSPECIFIED.,.F.,.F.,(4,1,1,1,4),(0.,0.25,0.5,0.75,1.),
 .UNSPECIFIED.);
#2907=B_SPLINE_CURVE_WITH_KNOTS('',3,(#9210,#9211,#9212,#9213),
 .UNSPECIFIED.,.F.,.F.,(4,4),(0.,1.),.UNSPECIFIED.);
#2908=B_SPLINE_CURVE_WITH_KNOTS('',3,(#9238,#9239,#9240,#9241),
 .UNSPECIFIED.,.F.,.F.,(4,4),(0.,1.),.UNSPECIFIED.);
#2909=B_SPLINE_CURVE_WITH_KNOTS('',3,(#9258,#9259,#9260,#9261),
 .UNSPECIFIED.,.F.,.F.,(4,4),(0.,1.),.UNSPECIFIED.);
#2910=B_SPLINE_CURVE_WITH_KNOTS('',3,(#9326,#9327,#9328,#9329),
 .UNSPECIFIED.,.F.,.F.,(4,4),(0.,1.),.UNSPECIFIED.);
#2911=B_SPLINE_CURVE_WITH_KNOTS('',3,(#9378,#9379,#9380,#9381),
 .UNSPECIFIED.,.F.,.F.,(4,4),(0.,1.),.UNSPECIFIED.);
#2912=B_SPLINE_CURVE_WITH_KNOTS('',3,(#9398,#9399,#9400,#9401),
 .UNSPECIFIED.,.F.,.F.,(4,4),(0.,1.),.UNSPECIFIED.);
#2913=B_SPLINE_CURVE_WITH_KNOTS('',3,(#9418,#9419,#9420,#9421),
 .UNSPECIFIED.,.F.,.F.,(4,4),(0.,1.),.UNSPECIFIED.);
#2914=B_SPLINE_CURVE_WITH_KNOTS('',3,(#9486,#9487,#9488,#9489),
 .UNSPECIFIED.,.F.,.F.,(4,4),(0.,1.),.UNSPECIFIED.);
#2915=B_SPLINE_CURVE_WITH_KNOTS('',3,(#9498,#9499,#9500,#9501),
 .UNSPECIFIED.,.F.,.F.,(4,4),(0.,1.),.UNSPECIFIED.);
#2916=B_SPLINE_CURVE_WITH_KNOTS('',3,(#9518,#9519,#9520,#9521),
 .UNSPECIFIED.,.F.,.F.,(4,4),(0.,1.),.UNSPECIFIED.);
#2917=B_SPLINE_CURVE_WITH_KNOTS('',3,(#9546,#9547,#9548,#9549),
 .UNSPECIFIED.,.F.,.F.,(4,4),(0.,1.),.UNSPECIFIED.);
#2918=B_SPLINE_CURVE_WITH_KNOTS('',3,(#9558,#9559,#9560,#9561,#9562,#9563,
#9564),.UNSPECIFIED.,.F.,.F.,(4,1,1,1,4),(0.,0.25,0.5,0.75,1.),
 .UNSPECIFIED.);
#2919=B_SPLINE_CURVE_WITH_KNOTS('',3,(#9613,#9614,#9615,#9616),
 .UNSPECIFIED.,.F.,.F.,(4,4),(0.,1.),.UNSPECIFIED.);
#2920=B_SPLINE_CURVE_WITH_KNOTS('',3,(#9641,#9642,#9643,#9644),
 .UNSPECIFIED.,.F.,.F.,(4,4),(0.,1.),.UNSPECIFIED.);
#2921=B_SPLINE_CURVE_WITH_KNOTS('',3,(#9661,#9662,#9663,#9664),
 .UNSPECIFIED.,.F.,.F.,(4,4),(0.,1.),.UNSPECIFIED.);
#2922=B_SPLINE_CURVE_WITH_KNOTS('',3,(#9729,#9730,#9731,#9732),
 .UNSPECIFIED.,.F.,.F.,(4,4),(0.,1.),.UNSPECIFIED.);
#2923=B_SPLINE_CURVE_WITH_KNOTS('',3,(#9781,#9782,#9783,#9784),
 .UNSPECIFIED.,.F.,.F.,(4,4),(0.,1.),.UNSPECIFIED.);
#2924=B_SPLINE_CURVE_WITH_KNOTS('',3,(#9801,#9802,#9803,#9804),
 .UNSPECIFIED.,.F.,.F.,(4,4),(0.,1.),.UNSPECIFIED.);
#2925=B_SPLINE_CURVE_WITH_KNOTS('',3,(#9821,#9822,#9823,#9824),
 .UNSPECIFIED.,.F.,.F.,(4,4),(0.,1.),.UNSPECIFIED.);
#2926=B_SPLINE_CURVE_WITH_KNOTS('',3,(#9889,#9890,#9891,#9892),
 .UNSPECIFIED.,.F.,.F.,(4,4),(0.,1.),.UNSPECIFIED.);
#2927=B_SPLINE_CURVE_WITH_KNOTS('',3,(#9901,#9902,#9903,#9904),
 .UNSPECIFIED.,.F.,.F.,(4,4),(0.,1.),.UNSPECIFIED.);
#2928=B_SPLINE_CURVE_WITH_KNOTS('',3,(#9921,#9922,#9923,#9924),
 .UNSPECIFIED.,.F.,.F.,(4,4),(0.,1.),.UNSPECIFIED.);
#2929=B_SPLINE_CURVE_WITH_KNOTS('',3,(#9949,#9950,#9951,#9952),
 .UNSPECIFIED.,.F.,.F.,(4,4),(0.,1.),.UNSPECIFIED.);
#2930=B_SPLINE_CURVE_WITH_KNOTS('',3,(#9961,#9962,#9963,#9964,#9965,#9966,
#9967),.UNSPECIFIED.,.F.,.F.,(4,1,1,1,4),(0.,0.25,0.5,0.75,1.),
 .UNSPECIFIED.);
#2931=B_SPLINE_CURVE_WITH_KNOTS('',3,(#10016,#10017,#10018,#10019),
 .UNSPECIFIED.,.F.,.F.,(4,4),(0.,1.),.UNSPECIFIED.);
#2932=B_SPLINE_CURVE_WITH_KNOTS('',3,(#10044,#10045,#10046,#10047),
 .UNSPECIFIED.,.F.,.F.,(4,4),(0.,1.),.UNSPECIFIED.);
#2933=B_SPLINE_CURVE_WITH_KNOTS('',3,(#10064,#10065,#10066,#10067),
 .UNSPECIFIED.,.F.,.F.,(4,4),(0.,1.),.UNSPECIFIED.);
#2934=B_SPLINE_CURVE_WITH_KNOTS('',3,(#10132,#10133,#10134,#10135),
 .UNSPECIFIED.,.F.,.F.,(4,4),(0.,1.),.UNSPECIFIED.);
#2935=B_SPLINE_CURVE_WITH_KNOTS('',3,(#10184,#10185,#10186,#10187),
 .UNSPECIFIED.,.F.,.F.,(4,4),(0.,1.),.UNSPECIFIED.);
#2936=B_SPLINE_CURVE_WITH_KNOTS('',3,(#10204,#10205,#10206,#10207),
 .UNSPECIFIED.,.F.,.F.,(4,4),(0.,1.),.UNSPECIFIED.);
#2937=B_SPLINE_CURVE_WITH_KNOTS('',3,(#10224,#10225,#10226,#10227),
 .UNSPECIFIED.,.F.,.F.,(4,4),(0.,1.),.UNSPECIFIED.);
#2938=B_SPLINE_CURVE_WITH_KNOTS('',3,(#10292,#10293,#10294,#10295),
 .UNSPECIFIED.,.F.,.F.,(4,4),(0.,1.),.UNSPECIFIED.);
#2939=B_SPLINE_CURVE_WITH_KNOTS('',3,(#10304,#10305,#10306,#10307),
 .UNSPECIFIED.,.F.,.F.,(4,4),(0.,1.),.UNSPECIFIED.);
#2940=B_SPLINE_CURVE_WITH_KNOTS('',3,(#10324,#10325,#10326,#10327),
 .UNSPECIFIED.,.F.,.F.,(4,4),(0.,1.),.UNSPECIFIED.);
#2941=B_SPLINE_CURVE_WITH_KNOTS('',3,(#10352,#10353,#10354,#10355),
 .UNSPECIFIED.,.F.,.F.,(4,4),(0.,1.),.UNSPECIFIED.);
#2942=B_SPLINE_CURVE_WITH_KNOTS('',3,(#10364,#10365,#10366,#10367,#10368,
#10369,#10370),.UNSPECIFIED.,.F.,.F.,(4,1,1,1,4),(0.,0.25,0.5,0.75,1.),
 .UNSPECIFIED.);
#2943=B_SPLINE_CURVE_WITH_KNOTS('',3,(#10419,#10420,#10421,#10422),
 .UNSPECIFIED.,.F.,.F.,(4,4),(0.,1.),.UNSPECIFIED.);
#2944=B_SPLINE_CURVE_WITH_KNOTS('',3,(#10447,#10448,#10449,#10450),
 .UNSPECIFIED.,.F.,.F.,(4,4),(0.,1.),.UNSPECIFIED.);
#2945=B_SPLINE_CURVE_WITH_KNOTS('',3,(#10467,#10468,#10469,#10470),
 .UNSPECIFIED.,.F.,.F.,(4,4),(0.,1.),.UNSPECIFIED.);
#2946=B_SPLINE_CURVE_WITH_KNOTS('',3,(#10535,#10536,#10537,#10538),
 .UNSPECIFIED.,.F.,.F.,(4,4),(0.,1.),.UNSPECIFIED.);
#2947=B_SPLINE_CURVE_WITH_KNOTS('',3,(#10587,#10588,#10589,#10590),
 .UNSPECIFIED.,.F.,.F.,(4,4),(0.,1.),.UNSPECIFIED.);
#2948=B_SPLINE_CURVE_WITH_KNOTS('',3,(#10599,#10600,#10601,#10602),
 .UNSPECIFIED.,.F.,.F.,(4,4),(0.,1.),.UNSPECIFIED.);
#2949=B_SPLINE_CURVE_WITH_KNOTS('',3,(#10619,#10620,#10621,#10622),
 .UNSPECIFIED.,.F.,.F.,(4,4),(0.,1.),.UNSPECIFIED.);
#2950=B_SPLINE_CURVE_WITH_KNOTS('',3,(#10635,#10636,#10637,#10638),
 .UNSPECIFIED.,.F.,.F.,(4,4),(0.,1.),.UNSPECIFIED.);
#2951=B_SPLINE_CURVE_WITH_KNOTS('',3,(#10647,#10648,#10649,#10650),
 .UNSPECIFIED.,.F.,.F.,(4,4),(0.,1.),.UNSPECIFIED.);
#2952=B_SPLINE_CURVE_WITH_KNOTS('',3,(#10659,#10660,#10661,#10662),
 .UNSPECIFIED.,.F.,.F.,(4,4),(0.,1.),.UNSPECIFIED.);
#2953=B_SPLINE_CURVE_WITH_KNOTS('',3,(#10687,#10688,#10689,#10690),
 .UNSPECIFIED.,.F.,.F.,(4,4),(0.,1.),.UNSPECIFIED.);
#2954=B_SPLINE_CURVE_WITH_KNOTS('',3,(#10703,#10704,#10705,#10706),
 .UNSPECIFIED.,.F.,.F.,(4,4),(0.,1.),.UNSPECIFIED.);
#2955=B_SPLINE_CURVE_WITH_KNOTS('',3,(#10755,#10756,#10757,#10758),
 .UNSPECIFIED.,.F.,.F.,(4,4),(0.,1.),.UNSPECIFIED.);
#2956=B_SPLINE_CURVE_WITH_KNOTS('',3,(#10779,#10780,#10781,#10782),
 .UNSPECIFIED.,.F.,.F.,(4,4),(0.,1.),.UNSPECIFIED.);
#2957=B_SPLINE_CURVE_WITH_KNOTS('',3,(#10783,#10784,#10785,#10786),
 .UNSPECIFIED.,.F.,.F.,(4,4),(0.,1.),.UNSPECIFIED.);
#2958=B_SPLINE_CURVE_WITH_KNOTS('',3,(#10795,#10796,#10797,#10798),
 .UNSPECIFIED.,.F.,.F.,(4,4),(0.,1.),.UNSPECIFIED.);
#2959=B_SPLINE_CURVE_WITH_KNOTS('',3,(#10807,#10808,#10809,#10810),
 .UNSPECIFIED.,.F.,.F.,(4,4),(0.,1.),.UNSPECIFIED.);
#2960=B_SPLINE_CURVE_WITH_KNOTS('',3,(#10887,#10888,#10889,#10890),
 .UNSPECIFIED.,.F.,.F.,(4,4),(0.,1.),.UNSPECIFIED.);
#2961=B_SPLINE_CURVE_WITH_KNOTS('',3,(#10903,#10904,#10905,#10906),
 .UNSPECIFIED.,.F.,.F.,(4,4),(0.,1.),.UNSPECIFIED.);
#2962=B_SPLINE_CURVE_WITH_KNOTS('',3,(#10977,#10978,#10979,#10980),
 .UNSPECIFIED.,.F.,.F.,(4,4),(0.,1.),.UNSPECIFIED.);
#2963=B_SPLINE_CURVE_WITH_KNOTS('',3,(#10981,#10982,#10983,#10984),
 .UNSPECIFIED.,.F.,.F.,(4,4),(0.,1.),.UNSPECIFIED.);
#2964=B_SPLINE_CURVE_WITH_KNOTS('',3,(#10997,#10998,#10999,#11000),
 .UNSPECIFIED.,.F.,.F.,(4,4),(0.,1.),.UNSPECIFIED.);
#2965=B_SPLINE_CURVE_WITH_KNOTS('',3,(#11013,#11014,#11015,#11016),
 .UNSPECIFIED.,.F.,.F.,(4,4),(0.,1.),.UNSPECIFIED.);
#2966=B_SPLINE_CURVE_WITH_KNOTS('',3,(#11025,#11026,#11027,#11028),
 .UNSPECIFIED.,.F.,.F.,(4,4),(0.,1.),.UNSPECIFIED.);
#2967=B_SPLINE_CURVE_WITH_KNOTS('',3,(#11037,#11038,#11039,#11040),
 .UNSPECIFIED.,.F.,.F.,(4,4),(0.,1.),.UNSPECIFIED.);
#2968=B_SPLINE_CURVE_WITH_KNOTS('',3,(#11053,#11054,#11055,#11056),
 .UNSPECIFIED.,.F.,.F.,(4,4),(0.,1.),.UNSPECIFIED.);
#2969=B_SPLINE_CURVE_WITH_KNOTS('',3,(#11069,#11070,#11071,#11072),
 .UNSPECIFIED.,.F.,.F.,(4,4),(0.,1.),.UNSPECIFIED.);
#2970=B_SPLINE_CURVE_WITH_KNOTS('',3,(#11143,#11144,#11145,#11146),
 .UNSPECIFIED.,.F.,.F.,(4,4),(0.,1.),.UNSPECIFIED.);
#2971=B_SPLINE_CURVE_WITH_KNOTS('',3,(#11147,#11148,#11149,#11150),
 .UNSPECIFIED.,.F.,.F.,(4,4),(0.,1.),.UNSPECIFIED.);
#2972=B_SPLINE_CURVE_WITH_KNOTS('',3,(#11163,#11164,#11165,#11166),
 .UNSPECIFIED.,.F.,.F.,(4,4),(0.,1.),.UNSPECIFIED.);
#2973=B_SPLINE_CURVE_WITH_KNOTS('',3,(#11179,#11180,#11181,#11182),
 .UNSPECIFIED.,.F.,.F.,(4,4),(0.,1.),.UNSPECIFIED.);
#2974=B_SPLINE_CURVE_WITH_KNOTS('',3,(#11191,#11192,#11193,#11194),
 .UNSPECIFIED.,.F.,.F.,(4,4),(0.,1.),.UNSPECIFIED.);
#2975=B_SPLINE_CURVE_WITH_KNOTS('',3,(#11203,#11204,#11205,#11206),
 .UNSPECIFIED.,.F.,.F.,(4,4),(0.,1.),.UNSPECIFIED.);
#2976=B_SPLINE_CURVE_WITH_KNOTS('',3,(#11219,#11220,#11221,#11222),
 .UNSPECIFIED.,.F.,.F.,(4,4),(0.,1.),.UNSPECIFIED.);
#2977=B_SPLINE_CURVE_WITH_KNOTS('',3,(#11235,#11236,#11237,#11238),
 .UNSPECIFIED.,.F.,.F.,(4,4),(0.,1.),.UNSPECIFIED.);
#2978=EDGE_LOOP('',(#464,#465,#466));
#2979=EDGE_LOOP('',(#467,#468,#469));
#2980=EDGE_LOOP('',(#470,#471,#472));
#2981=EDGE_LOOP('',(#473,#474,#475));
#2982=EDGE_LOOP('',(#476,#477,#478));
#2983=EDGE_LOOP('',(#479,#480,#481));
#2984=EDGE_LOOP('',(#482,#483,#484,#485));
#2985=EDGE_LOOP('',(#486,#487,#488,#489));
#2986=EDGE_LOOP('',(#490,#491,#492,#493));
#2987=EDGE_LOOP('',(#494,#495,#496,#497));
#2988=EDGE_LOOP('',(#498,#499,#500,#501));
#2989=EDGE_LOOP('',(#502,#503,#504,#505));
#2990=EDGE_LOOP('',(#506,#507,#508,#509));
#2991=EDGE_LOOP('',(#510,#511,#512,#513));
#2992=EDGE_LOOP('',(#514,#515,#516,#517));
#2993=EDGE_LOOP('',(#518,#519,#520,#521,#522,#523,#524,#525));
#2994=EDGE_LOOP('',(#526,#527,#528,#529));
#2995=EDGE_LOOP('',(#530,#531,#532,#533));
#2996=EDGE_LOOP('',(#534,#535,#536,#537));
#2997=EDGE_LOOP('',(#538,#539,#540,#541));
#2998=EDGE_LOOP('',(#542,#543,#544,#545));
#2999=EDGE_LOOP('',(#546,#547,#548,#549));
#3000=EDGE_LOOP('',(#550,#551,#552,#553));
#3001=EDGE_LOOP('',(#554,#555,#556,#557));
#3002=EDGE_LOOP('',(#558,#559,#560,#561));
#3003=EDGE_LOOP('',(#562,#563,#564,#565));
#3004=EDGE_LOOP('',(#566,#567,#568,#569));
#3005=EDGE_LOOP('',(#570,#571,#572,#573));
#3006=EDGE_LOOP('',(#574,#575,#576,#577));
#3007=EDGE_LOOP('',(#578,#579,#580,#581));
#3008=EDGE_LOOP('',(#582,#583,#584,#585));
#3009=EDGE_LOOP('',(#586,#587,#588,#589));
#3010=EDGE_LOOP('',(#590,#591,#592,#593));
#3011=EDGE_LOOP('',(#594,#595,#596,#597));
#3012=EDGE_LOOP('',(#598,#599,#600,#601));
#3013=EDGE_LOOP('',(#602,#603,#604,#605));
#3014=EDGE_LOOP('',(#606,#607,#608,#609));
#3015=EDGE_LOOP('',(#610,#611,#612,#613));
#3016=EDGE_LOOP('',(#614,#615,#616,#617));
#3017=EDGE_LOOP('',(#618,#619,#620,#621));
#3018=EDGE_LOOP('',(#622,#623,#624,#625));
#3019=EDGE_LOOP('',(#626,#627,#628,#629));
#3020=EDGE_LOOP('',(#630,#631,#632,#633));
#3021=EDGE_LOOP('',(#634,#635,#636,#637));
#3022=EDGE_LOOP('',(#638,#639,#640,#641));
#3023=EDGE_LOOP('',(#642,#643,#644,#645));
#3024=EDGE_LOOP('',(#646,#647,#648,#649));
#3025=EDGE_LOOP('',(#650,#651,#652,#653));
#3026=EDGE_LOOP('',(#654,#655,#656,#657));
#3027=EDGE_LOOP('',(#658,#659,#660,#661));
#3028=EDGE_LOOP('',(#662,#663,#664,#665));
#3029=EDGE_LOOP('',(#666,#667,#668,#669));
#3030=EDGE_LOOP('',(#670,#671,#672,#673));
#3031=EDGE_LOOP('',(#674,#675,#676,#677));
#3032=EDGE_LOOP('',(#678,#679,#680,#681));
#3033=EDGE_LOOP('',(#682,#683,#684,#685));
#3034=EDGE_LOOP('',(#686,#687,#688,#689));
#3035=EDGE_LOOP('',(#690,#691,#692,#693));
#3036=EDGE_LOOP('',(#694,#695,#696,#697));
#3037=EDGE_LOOP('',(#698,#699,#700,#701));
#3038=EDGE_LOOP('',(#702,#703,#704,#705));
#3039=EDGE_LOOP('',(#706,#707,#708,#709));
#3040=EDGE_LOOP('',(#710,#711,#712,#713));
#3041=EDGE_LOOP('',(#714,#715,#716,#717));
#3042=EDGE_LOOP('',(#718,#719,#720,#721));
#3043=EDGE_LOOP('',(#722,#723,#724,#725));
#3044=EDGE_LOOP('',(#726));
#3045=EDGE_LOOP('',(#727));
#3046=EDGE_LOOP('',(#728,#729,#730,#731));
#3047=EDGE_LOOP('',(#732,#733,#734,#735));
#3048=EDGE_LOOP('',(#736,#737,#738,#739));
#3049=EDGE_LOOP('',(#740,#741,#742,#743));
#3050=EDGE_LOOP('',(#744));
#3051=EDGE_LOOP('',(#745));
#3052=EDGE_LOOP('',(#746,#747,#748,#749,#750,#751));
#3053=EDGE_LOOP('',(#752,#753,#754,#755,#756,#757,#758,#759,#760,#761,#762,
#763,#764,#765,#766,#767,#768,#769,#770,#771,#772,#773,#774,#775,#776,#777,
#778,#779,#780,#781,#782,#783,#784,#785,#786,#787,#788,#789,#790,#791));
#3054=EDGE_LOOP('',(#792,#793,#794,#795));
#3055=EDGE_LOOP('',(#796,#797,#798,#799,#800,#801,#802,#803));
#3056=EDGE_LOOP('',(#804,#805,#806,#807,#808,#809,#810,#811));
#3057=EDGE_LOOP('',(#812,#813,#814,#815));
#3058=EDGE_LOOP('',(#816,#817,#818,#819));
#3059=EDGE_LOOP('',(#820,#821,#822,#823));
#3060=EDGE_LOOP('',(#824,#825,#826,#827,#828,#829,#830,#831,#832,#833,#834,
#835,#836,#837,#838,#839,#840,#841,#842,#843,#844,#845,#846,#847,#848,#849,
#850,#851,#852,#853,#854,#855,#856,#857,#858,#859,#860,#861,#862,#863,#864,
#865,#866,#867,#868,#869,#870,#871,#872,#873,#874,#875,#876,#877,#878,#879));
#3061=EDGE_LOOP('',(#880,#881,#882,#883,#884,#885));
#3062=EDGE_LOOP('',(#886,#887,#888,#889));
#3063=EDGE_LOOP('',(#890,#891,#892,#893));
#3064=EDGE_LOOP('',(#894));
#3065=EDGE_LOOP('',(#895));
#3066=EDGE_LOOP('',(#896,#897,#898,#899));
#3067=EDGE_LOOP('',(#900,#901,#902,#903));
#3068=EDGE_LOOP('',(#904,#905,#906,#907));
#3069=EDGE_LOOP('',(#908,#909,#910,#911));
#3070=EDGE_LOOP('',(#912,#913,#914,#915));
#3071=EDGE_LOOP('',(#916,#917,#918,#919));
#3072=EDGE_LOOP('',(#920,#921,#922,#923));
#3073=EDGE_LOOP('',(#924,#925,#926,#927));
#3074=EDGE_LOOP('',(#928,#929,#930));
#3075=EDGE_LOOP('',(#931,#932,#933,#934));
#3076=EDGE_LOOP('',(#935,#936,#937,#938));
#3077=EDGE_LOOP('',(#939,#940,#941,#942));
#3078=EDGE_LOOP('',(#943,#944,#945,#946));
#3079=EDGE_LOOP('',(#947,#948,#949,#950));
#3080=EDGE_LOOP('',(#951,#952,#953,#954));
#3081=EDGE_LOOP('',(#955,#956,#957,#958));
#3082=EDGE_LOOP('',(#959,#960,#961,#962));
#3083=EDGE_LOOP('',(#963,#964,#965));
#3084=EDGE_LOOP('',(#966));
#3085=EDGE_LOOP('',(#967));
#3086=EDGE_LOOP('',(#968));
#3087=EDGE_LOOP('',(#969));
#3088=EDGE_LOOP('',(#970,#971,#972,#973));
#3089=EDGE_LOOP('',(#974,#975,#976,#977));
#3090=EDGE_LOOP('',(#978,#979,#980,#981));
#3091=EDGE_LOOP('',(#982,#983,#984,#985));
#3092=EDGE_LOOP('',(#986,#987,#988,#989));
#3093=EDGE_LOOP('',(#990,#991,#992,#993));
#3094=EDGE_LOOP('',(#994,#995,#996,#997));
#3095=EDGE_LOOP('',(#998,#999,#1000,#1001));
#3096=EDGE_LOOP('',(#1002,#1003,#1004,#1005,#1006));
#3097=EDGE_LOOP('',(#1007,#1008,#1009,#1010));
#3098=EDGE_LOOP('',(#1011,#1012,#1013,#1014,#1015));
#3099=EDGE_LOOP('',(#1016,#1017,#1018,#1019,#1020,#1021));
#3100=EDGE_LOOP('',(#1022,#1023,#1024,#1025,#1026,#1027));
#3101=EDGE_LOOP('',(#1028,#1029,#1030,#1031,#1032));
#3102=EDGE_LOOP('',(#1033,#1034,#1035,#1036));
#3103=EDGE_LOOP('',(#1037,#1038,#1039,#1040));
#3104=EDGE_LOOP('',(#1041,#1042,#1043,#1044,#1045,#1046));
#3105=EDGE_LOOP('',(#1047,#1048,#1049,#1050,#1051,#1052));
#3106=EDGE_LOOP('',(#1053,#1054,#1055,#1056));
#3107=EDGE_LOOP('',(#1057,#1058,#1059,#1060,#1061));
#3108=EDGE_LOOP('',(#1062,#1063,#1064,#1065));
#3109=EDGE_LOOP('',(#1066,#1067,#1068,#1069));
#3110=EDGE_LOOP('',(#1070,#1071,#1072,#1073));
#3111=EDGE_LOOP('',(#1074,#1075,#1076,#1077));
#3112=EDGE_LOOP('',(#1078,#1079,#1080,#1081));
#3113=EDGE_LOOP('',(#1082,#1083,#1084,#1085));
#3114=EDGE_LOOP('',(#1086,#1087,#1088,#1089));
#3115=EDGE_LOOP('',(#1090,#1091,#1092,#1093));
#3116=EDGE_LOOP('',(#1094,#1095,#1096,#1097));
#3117=EDGE_LOOP('',(#1098,#1099,#1100,#1101));
#3118=EDGE_LOOP('',(#1102,#1103,#1104,#1105));
#3119=EDGE_LOOP('',(#1106,#1107,#1108,#1109));
#3120=EDGE_LOOP('',(#1110,#1111,#1112,#1113));
#3121=EDGE_LOOP('',(#1114,#1115,#1116,#1117));
#3122=EDGE_LOOP('',(#1118,#1119,#1120,#1121));
#3123=EDGE_LOOP('',(#1122,#1123,#1124,#1125));
#3124=EDGE_LOOP('',(#1126,#1127,#1128,#1129));
#3125=EDGE_LOOP('',(#1130,#1131,#1132,#1133));
#3126=EDGE_LOOP('',(#1134,#1135,#1136,#1137));
#3127=EDGE_LOOP('',(#1138,#1139,#1140,#1141));
#3128=EDGE_LOOP('',(#1142,#1143,#1144,#1145));
#3129=EDGE_LOOP('',(#1146,#1147,#1148,#1149));
#3130=EDGE_LOOP('',(#1150,#1151,#1152,#1153));
#3131=EDGE_LOOP('',(#1154,#1155,#1156,#1157));
#3132=EDGE_LOOP('',(#1158,#1159,#1160,#1161));
#3133=EDGE_LOOP('',(#1162,#1163,#1164,#1165));
#3134=EDGE_LOOP('',(#1166,#1167,#1168,#1169));
#3135=EDGE_LOOP('',(#1170,#1171,#1172,#1173));
#3136=EDGE_LOOP('',(#1174,#1175,#1176,#1177));
#3137=EDGE_LOOP('',(#1178,#1179,#1180,#1181));
#3138=EDGE_LOOP('',(#1182,#1183,#1184,#1185));
#3139=EDGE_LOOP('',(#1186,#1187,#1188,#1189));
#3140=EDGE_LOOP('',(#1190,#1191,#1192,#1193,#1194));
#3141=EDGE_LOOP('',(#1195,#1196,#1197,#1198,#1199));
#3142=EDGE_LOOP('',(#1200,#1201,#1202,#1203));
#3143=EDGE_LOOP('',(#1204,#1205,#1206,#1207));
#3144=EDGE_LOOP('',(#1208,#1209,#1210,#1211,#1212));
#3145=EDGE_LOOP('',(#1213,#1214,#1215,#1216));
#3146=EDGE_LOOP('',(#1217,#1218,#1219,#1220));
#3147=EDGE_LOOP('',(#1221,#1222,#1223,#1224));
#3148=EDGE_LOOP('',(#1225,#1226,#1227,#1228,#1229));
#3149=EDGE_LOOP('',(#1230,#1231,#1232,#1233,#1234));
#3150=EDGE_LOOP('',(#1235,#1236,#1237,#1238,#1239));
#3151=EDGE_LOOP('',(#1240,#1241,#1242,#1243,#1244));
#3152=EDGE_LOOP('',(#1245,#1246,#1247,#1248));
#3153=EDGE_LOOP('',(#1249,#1250,#1251,#1252));
#3154=EDGE_LOOP('',(#1253,#1254,#1255,#1256,#1257));
#3155=EDGE_LOOP('',(#1258,#1259,#1260,#1261,#1262,#1263));
#3156=EDGE_LOOP('',(#1264,#1265,#1266,#1267,#1268));
#3157=EDGE_LOOP('',(#1269,#1270,#1271,#1272));
#3158=EDGE_LOOP('',(#1273,#1274,#1275,#1276));
#3159=EDGE_LOOP('',(#1277,#1278,#1279,#1280,#1281));
#3160=EDGE_LOOP('',(#1282,#1283,#1284,#1285,#1286));
#3161=EDGE_LOOP('',(#1287,#1288,#1289,#1290,#1291));
#3162=EDGE_LOOP('',(#1292,#1293,#1294,#1295));
#3163=EDGE_LOOP('',(#1296,#1297,#1298,#1299));
#3164=EDGE_LOOP('',(#1300,#1301,#1302,#1303,#1304));
#3165=EDGE_LOOP('',(#1305,#1306,#1307,#1308,#1309));
#3166=EDGE_LOOP('',(#1310,#1311,#1312,#1313,#1314,#1315));
#3167=EDGE_LOOP('',(#1316,#1317,#1318,#1319,#1320));
#3168=EDGE_LOOP('',(#1321,#1322,#1323,#1324));
#3169=EDGE_LOOP('',(#1325,#1326,#1327,#1328));
#3170=EDGE_LOOP('',(#1329,#1330,#1331,#1332,#1333));
#3171=EDGE_LOOP('',(#1334,#1335,#1336,#1337,#1338,#1339));
#3172=EDGE_LOOP('',(#1340,#1341,#1342,#1343,#1344));
#3173=EDGE_LOOP('',(#1345,#1346,#1347,#1348));
#3174=EDGE_LOOP('',(#1349,#1350,#1351,#1352));
#3175=EDGE_LOOP('',(#1353,#1354,#1355,#1356,#1357));
#3176=EDGE_LOOP('',(#1358,#1359,#1360,#1361,#1362));
#3177=EDGE_LOOP('',(#1363,#1364,#1365,#1366,#1367));
#3178=EDGE_LOOP('',(#1368,#1369,#1370,#1371));
#3179=EDGE_LOOP('',(#1372,#1373,#1374,#1375));
#3180=EDGE_LOOP('',(#1376,#1377,#1378,#1379,#1380));
#3181=EDGE_LOOP('',(#1381,#1382,#1383,#1384,#1385));
#3182=EDGE_LOOP('',(#1386,#1387,#1388,#1389,#1390,#1391));
#3183=EDGE_LOOP('',(#1392,#1393,#1394,#1395,#1396));
#3184=EDGE_LOOP('',(#1397,#1398,#1399,#1400));
#3185=EDGE_LOOP('',(#1401,#1402,#1403,#1404));
#3186=EDGE_LOOP('',(#1405,#1406,#1407,#1408,#1409));
#3187=EDGE_LOOP('',(#1410,#1411,#1412,#1413,#1414,#1415));
#3188=EDGE_LOOP('',(#1416,#1417,#1418,#1419,#1420));
#3189=EDGE_LOOP('',(#1421,#1422,#1423,#1424));
#3190=EDGE_LOOP('',(#1425,#1426,#1427,#1428));
#3191=EDGE_LOOP('',(#1429,#1430,#1431,#1432,#1433));
#3192=EDGE_LOOP('',(#1434,#1435,#1436,#1437,#1438));
#3193=EDGE_LOOP('',(#1439,#1440,#1441,#1442,#1443));
#3194=EDGE_LOOP('',(#1444,#1445,#1446,#1447));
#3195=EDGE_LOOP('',(#1448,#1449,#1450,#1451));
#3196=EDGE_LOOP('',(#1452,#1453,#1454,#1455,#1456));
#3197=EDGE_LOOP('',(#1457,#1458,#1459,#1460,#1461));
#3198=EDGE_LOOP('',(#1462,#1463,#1464,#1465,#1466,#1467));
#3199=EDGE_LOOP('',(#1468,#1469,#1470,#1471,#1472));
#3200=EDGE_LOOP('',(#1473,#1474,#1475,#1476));
#3201=EDGE_LOOP('',(#1477,#1478,#1479,#1480));
#3202=EDGE_LOOP('',(#1481,#1482,#1483,#1484,#1485));
#3203=EDGE_LOOP('',(#1486,#1487,#1488,#1489,#1490));
#3204=EDGE_LOOP('',(#1491,#1492,#1493,#1494));
#3205=EDGE_LOOP('',(#1495,#1496,#1497,#1498));
#3206=EDGE_LOOP('',(#1499,#1500,#1501,#1502));
#3207=EDGE_LOOP('',(#1503,#1504,#1505,#1506,#1507));
#3208=EDGE_LOOP('',(#1508,#1509,#1510,#1511,#1512));
#3209=EDGE_LOOP('',(#1513,#1514,#1515,#1516));
#3210=EDGE_LOOP('',(#1517,#1518,#1519,#1520));
#3211=EDGE_LOOP('',(#1521,#1522,#1523,#1524,#1525));
#3212=EDGE_LOOP('',(#1526,#1527,#1528,#1529));
#3213=EDGE_LOOP('',(#1530,#1531,#1532,#1533));
#3214=EDGE_LOOP('',(#1534,#1535,#1536,#1537));
#3215=EDGE_LOOP('',(#1538,#1539,#1540,#1541));
#3216=EDGE_LOOP('',(#1542,#1543,#1544,#1545));
#3217=EDGE_LOOP('',(#1546,#1547,#1548,#1549));
#3218=EDGE_LOOP('',(#1550,#1551,#1552,#1553));
#3219=EDGE_LOOP('',(#1554));
#3220=EDGE_LOOP('',(#1555,#1556,#1557,#1558,#1559));
#3221=EDGE_LOOP('',(#1560,#1561,#1562));
#3222=EDGE_LOOP('',(#1563,#1564,#1565));
#3223=EDGE_LOOP('',(#1566,#1567,#1568,#1569,#1570));
#3224=EDGE_LOOP('',(#1571,#1572,#1573,#1574,#1575));
#3225=EDGE_LOOP('',(#1576,#1577,#1578));
#3226=EDGE_LOOP('',(#1579,#1580,#1581));
#3227=EDGE_LOOP('',(#1582,#1583,#1584,#1585,#1586));
#3228=EDGE_LOOP('',(#1587,#1588,#1589,#1590));
#3229=EDGE_LOOP('',(#1591));
#3230=EDGE_LOOP('',(#1592,#1593,#1594,#1595,#1596));
#3231=EDGE_LOOP('',(#1597,#1598,#1599));
#3232=EDGE_LOOP('',(#1600,#1601,#1602));
#3233=EDGE_LOOP('',(#1603,#1604,#1605,#1606,#1607));
#3234=EDGE_LOOP('',(#1608,#1609,#1610,#1611,#1612));
#3235=EDGE_LOOP('',(#1613,#1614,#1615));
#3236=EDGE_LOOP('',(#1616,#1617,#1618));
#3237=EDGE_LOOP('',(#1619,#1620,#1621,#1622,#1623));
#3238=FACE_BOUND('',#2978,.T.);
#3239=FACE_BOUND('',#2979,.T.);
#3240=FACE_BOUND('',#2980,.T.);
#3241=FACE_BOUND('',#2981,.T.);
#3242=FACE_BOUND('',#2982,.T.);
#3243=FACE_BOUND('',#2983,.T.);
#3244=FACE_BOUND('',#2984,.T.);
#3245=FACE_BOUND('',#2985,.T.);
#3246=FACE_BOUND('',#2986,.T.);
#3247=FACE_BOUND('',#2987,.T.);
#3248=FACE_BOUND('',#2988,.T.);
#3249=FACE_BOUND('',#2989,.T.);
#3250=FACE_BOUND('',#2990,.T.);
#3251=FACE_BOUND('',#2991,.T.);
#3252=FACE_BOUND('',#2992,.T.);
#3253=FACE_BOUND('',#2993,.T.);
#3254=FACE_BOUND('',#2994,.T.);
#3255=FACE_BOUND('',#2995,.T.);
#3256=FACE_BOUND('',#2996,.T.);
#3257=FACE_BOUND('',#2997,.T.);
#3258=FACE_BOUND('',#2998,.T.);
#3259=FACE_BOUND('',#2999,.T.);
#3260=FACE_BOUND('',#3000,.T.);
#3261=FACE_BOUND('',#3001,.T.);
#3262=FACE_BOUND('',#3002,.T.);
#3263=FACE_BOUND('',#3003,.T.);
#3264=FACE_BOUND('',#3004,.T.);
#3265=FACE_BOUND('',#3005,.T.);
#3266=FACE_BOUND('',#3006,.T.);
#3267=FACE_BOUND('',#3007,.T.);
#3268=FACE_BOUND('',#3008,.T.);
#3269=FACE_BOUND('',#3009,.T.);
#3270=FACE_BOUND('',#3010,.T.);
#3271=FACE_BOUND('',#3011,.T.);
#3272=FACE_BOUND('',#3012,.T.);
#3273=FACE_BOUND('',#3013,.T.);
#3274=FACE_BOUND('',#3014,.T.);
#3275=FACE_BOUND('',#3015,.T.);
#3276=FACE_BOUND('',#3016,.T.);
#3277=FACE_BOUND('',#3017,.T.);
#3278=FACE_BOUND('',#3018,.T.);
#3279=FACE_BOUND('',#3019,.T.);
#3280=FACE_BOUND('',#3020,.T.);
#3281=FACE_BOUND('',#3021,.T.);
#3282=FACE_BOUND('',#3022,.T.);
#3283=FACE_BOUND('',#3023,.T.);
#3284=FACE_BOUND('',#3024,.T.);
#3285=FACE_BOUND('',#3025,.T.);
#3286=FACE_BOUND('',#3026,.T.);
#3287=FACE_BOUND('',#3027,.T.);
#3288=FACE_BOUND('',#3028,.T.);
#3289=FACE_BOUND('',#3029,.T.);
#3290=FACE_BOUND('',#3030,.T.);
#3291=FACE_BOUND('',#3031,.T.);
#3292=FACE_BOUND('',#3032,.T.);
#3293=FACE_BOUND('',#3033,.T.);
#3294=FACE_BOUND('',#3034,.T.);
#3295=FACE_BOUND('',#3035,.T.);
#3296=FACE_BOUND('',#3036,.T.);
#3297=FACE_BOUND('',#3037,.T.);
#3298=FACE_BOUND('',#3038,.T.);
#3299=FACE_BOUND('',#3039,.T.);
#3300=FACE_BOUND('',#3040,.T.);
#3301=FACE_BOUND('',#3041,.T.);
#3302=FACE_BOUND('',#3042,.T.);
#3303=FACE_BOUND('',#3043,.T.);
#3304=FACE_BOUND('',#3044,.T.);
#3305=FACE_BOUND('',#3045,.T.);
#3306=FACE_BOUND('',#3046,.T.);
#3307=FACE_BOUND('',#3047,.T.);
#3308=FACE_BOUND('',#3048,.T.);
#3309=FACE_BOUND('',#3049,.T.);
#3310=FACE_BOUND('',#3050,.T.);
#3311=FACE_BOUND('',#3051,.T.);
#3312=FACE_BOUND('',#3052,.T.);
#3313=FACE_BOUND('',#3053,.T.);
#3314=FACE_BOUND('',#3054,.T.);
#3315=FACE_BOUND('',#3055,.T.);
#3316=FACE_BOUND('',#3056,.T.);
#3317=FACE_BOUND('',#3057,.T.);
#3318=FACE_BOUND('',#3058,.T.);
#3319=FACE_BOUND('',#3059,.T.);
#3320=FACE_BOUND('',#3060,.T.);
#3321=FACE_BOUND('',#3061,.T.);
#3322=FACE_BOUND('',#3062,.T.);
#3323=FACE_BOUND('',#3063,.T.);
#3324=FACE_BOUND('',#3064,.T.);
#3325=FACE_BOUND('',#3065,.T.);
#3326=FACE_BOUND('',#3066,.T.);
#3327=FACE_BOUND('',#3067,.T.);
#3328=FACE_BOUND('',#3068,.T.);
#3329=FACE_BOUND('',#3069,.T.);
#3330=FACE_BOUND('',#3070,.T.);
#3331=FACE_BOUND('',#3071,.T.);
#3332=FACE_BOUND('',#3072,.T.);
#3333=FACE_BOUND('',#3073,.T.);
#3334=FACE_BOUND('',#3074,.T.);
#3335=FACE_BOUND('',#3075,.T.);
#3336=FACE_BOUND('',#3076,.T.);
#3337=FACE_BOUND('',#3077,.T.);
#3338=FACE_BOUND('',#3078,.T.);
#3339=FACE_BOUND('',#3079,.T.);
#3340=FACE_BOUND('',#3080,.T.);
#3341=FACE_BOUND('',#3081,.T.);
#3342=FACE_BOUND('',#3082,.T.);
#3343=FACE_BOUND('',#3083,.T.);
#3344=FACE_BOUND('',#3084,.T.);
#3345=FACE_BOUND('',#3085,.T.);
#3346=FACE_BOUND('',#3086,.T.);
#3347=FACE_BOUND('',#3087,.T.);
#3348=FACE_BOUND('',#3088,.T.);
#3349=FACE_BOUND('',#3089,.T.);
#3350=FACE_BOUND('',#3090,.T.);
#3351=FACE_BOUND('',#3091,.T.);
#3352=FACE_BOUND('',#3092,.T.);
#3353=FACE_BOUND('',#3093,.T.);
#3354=FACE_BOUND('',#3094,.T.);
#3355=FACE_BOUND('',#3095,.T.);
#3356=FACE_BOUND('',#3096,.T.);
#3357=FACE_BOUND('',#3097,.T.);
#3358=FACE_BOUND('',#3098,.T.);
#3359=FACE_BOUND('',#3099,.T.);
#3360=FACE_BOUND('',#3100,.T.);
#3361=FACE_BOUND('',#3101,.T.);
#3362=FACE_BOUND('',#3102,.T.);
#3363=FACE_BOUND('',#3103,.T.);
#3364=FACE_BOUND('',#3104,.T.);
#3365=FACE_BOUND('',#3105,.T.);
#3366=FACE_BOUND('',#3106,.T.);
#3367=FACE_BOUND('',#3107,.T.);
#3368=FACE_BOUND('',#3108,.T.);
#3369=FACE_BOUND('',#3109,.T.);
#3370=FACE_BOUND('',#3110,.T.);
#3371=FACE_BOUND('',#3111,.T.);
#3372=FACE_BOUND('',#3112,.T.);
#3373=FACE_BOUND('',#3113,.T.);
#3374=FACE_BOUND('',#3114,.T.);
#3375=FACE_BOUND('',#3115,.T.);
#3376=FACE_BOUND('',#3116,.T.);
#3377=FACE_BOUND('',#3117,.T.);
#3378=FACE_BOUND('',#3118,.T.);
#3379=FACE_BOUND('',#3119,.T.);
#3380=FACE_BOUND('',#3120,.T.);
#3381=FACE_BOUND('',#3121,.T.);
#3382=FACE_BOUND('',#3122,.T.);
#3383=FACE_BOUND('',#3123,.T.);
#3384=FACE_BOUND('',#3124,.T.);
#3385=FACE_BOUND('',#3125,.T.);
#3386=FACE_BOUND('',#3126,.T.);
#3387=FACE_BOUND('',#3127,.T.);
#3388=FACE_BOUND('',#3128,.T.);
#3389=FACE_BOUND('',#3129,.T.);
#3390=FACE_BOUND('',#3130,.T.);
#3391=FACE_BOUND('',#3131,.T.);
#3392=FACE_BOUND('',#3132,.T.);
#3393=FACE_BOUND('',#3133,.T.);
#3394=FACE_BOUND('',#3134,.T.);
#3395=FACE_BOUND('',#3135,.T.);
#3396=FACE_BOUND('',#3136,.T.);
#3397=FACE_BOUND('',#3137,.T.);
#3398=FACE_BOUND('',#3138,.T.);
#3399=FACE_BOUND('',#3139,.T.);
#3400=FACE_BOUND('',#3140,.T.);
#3401=FACE_BOUND('',#3141,.T.);
#3402=FACE_BOUND('',#3142,.T.);
#3403=FACE_BOUND('',#3143,.T.);
#3404=FACE_BOUND('',#3144,.T.);
#3405=FACE_BOUND('',#3145,.T.);
#3406=FACE_BOUND('',#3146,.T.);
#3407=FACE_BOUND('',#3147,.T.);
#3408=FACE_BOUND('',#3148,.T.);
#3409=FACE_BOUND('',#3149,.T.);
#3410=FACE_BOUND('',#3150,.T.);
#3411=FACE_BOUND('',#3151,.T.);
#3412=FACE_BOUND('',#3152,.T.);
#3413=FACE_BOUND('',#3153,.T.);
#3414=FACE_BOUND('',#3154,.T.);
#3415=FACE_BOUND('',#3155,.T.);
#3416=FACE_BOUND('',#3156,.T.);
#3417=FACE_BOUND('',#3157,.T.);
#3418=FACE_BOUND('',#3158,.T.);
#3419=FACE_BOUND('',#3159,.T.);
#3420=FACE_BOUND('',#3160,.T.);
#3421=FACE_BOUND('',#3161,.T.);
#3422=FACE_BOUND('',#3162,.T.);
#3423=FACE_BOUND('',#3163,.T.);
#3424=FACE_BOUND('',#3164,.T.);
#3425=FACE_BOUND('',#3165,.T.);
#3426=FACE_BOUND('',#3166,.T.);
#3427=FACE_BOUND('',#3167,.T.);
#3428=FACE_BOUND('',#3168,.T.);
#3429=FACE_BOUND('',#3169,.T.);
#3430=FACE_BOUND('',#3170,.T.);
#3431=FACE_BOUND('',#3171,.T.);
#3432=FACE_BOUND('',#3172,.T.);
#3433=FACE_BOUND('',#3173,.T.);
#3434=FACE_BOUND('',#3174,.T.);
#3435=FACE_BOUND('',#3175,.T.);
#3436=FACE_BOUND('',#3176,.T.);
#3437=FACE_BOUND('',#3177,.T.);
#3438=FACE_BOUND('',#3178,.T.);
#3439=FACE_BOUND('',#3179,.T.);
#3440=FACE_BOUND('',#3180,.T.);
#3441=FACE_BOUND('',#3181,.T.);
#3442=FACE_BOUND('',#3182,.T.);
#3443=FACE_BOUND('',#3183,.T.);
#3444=FACE_BOUND('',#3184,.T.);
#3445=FACE_BOUND('',#3185,.T.);
#3446=FACE_BOUND('',#3186,.T.);
#3447=FACE_BOUND('',#3187,.T.);
#3448=FACE_BOUND('',#3188,.T.);
#3449=FACE_BOUND('',#3189,.T.);
#3450=FACE_BOUND('',#3190,.T.);
#3451=FACE_BOUND('',#3191,.T.);
#3452=FACE_BOUND('',#3192,.T.);
#3453=FACE_BOUND('',#3193,.T.);
#3454=FACE_BOUND('',#3194,.T.);
#3455=FACE_BOUND('',#3195,.T.);
#3456=FACE_BOUND('',#3196,.T.);
#3457=FACE_BOUND('',#3197,.T.);
#3458=FACE_BOUND('',#3198,.T.);
#3459=FACE_BOUND('',#3199,.T.);
#3460=FACE_BOUND('',#3200,.T.);
#3461=FACE_BOUND('',#3201,.T.);
#3462=FACE_BOUND('',#3202,.T.);
#3463=FACE_BOUND('',#3203,.T.);
#3464=FACE_BOUND('',#3204,.T.);
#3465=FACE_BOUND('',#3205,.T.);
#3466=FACE_BOUND('',#3206,.T.);
#3467=FACE_BOUND('',#3207,.T.);
#3468=FACE_BOUND('',#3208,.T.);
#3469=FACE_BOUND('',#3209,.T.);
#3470=FACE_BOUND('',#3210,.T.);
#3471=FACE_BOUND('',#3211,.T.);
#3472=FACE_BOUND('',#3212,.T.);
#3473=FACE_BOUND('',#3213,.T.);
#3474=FACE_BOUND('',#3214,.T.);
#3475=FACE_BOUND('',#3215,.T.);
#3476=FACE_BOUND('',#3216,.T.);
#3477=FACE_BOUND('',#3217,.T.);
#3478=FACE_BOUND('',#3218,.T.);
#3479=FACE_BOUND('',#3219,.T.);
#3480=FACE_BOUND('',#3220,.T.);
#3481=FACE_BOUND('',#3221,.T.);
#3482=FACE_BOUND('',#3222,.T.);
#3483=FACE_BOUND('',#3223,.T.);
#3484=FACE_BOUND('',#3224,.T.);
#3485=FACE_BOUND('',#3225,.T.);
#3486=FACE_BOUND('',#3226,.T.);
#3487=FACE_BOUND('',#3227,.T.);
#3488=FACE_BOUND('',#3228,.T.);
#3489=FACE_BOUND('',#3229,.T.);
#3490=FACE_BOUND('',#3230,.T.);
#3491=FACE_BOUND('',#3231,.T.);
#3492=FACE_BOUND('',#3232,.T.);
#3493=FACE_BOUND('',#3233,.T.);
#3494=FACE_BOUND('',#3234,.T.);
#3495=FACE_BOUND('',#3235,.T.);
#3496=FACE_BOUND('',#3236,.T.);
#3497=FACE_BOUND('',#3237,.T.);
#3498=PLANE('',#3812);
#3499=PLANE('',#3813);
#3500=PLANE('',#3814);
#3501=PLANE('',#3815);
#3502=PLANE('',#3816);
#3503=PLANE('',#3817);
#3504=PLANE('',#3818);
#3505=PLANE('',#3819);
#3506=PLANE('',#3820);
#3507=PLANE('',#3821);
#3508=PLANE('',#3822);
#3509=PLANE('',#3823);
#3510=PLANE('',#3824);
#3511=PLANE('',#3825);
#3512=PLANE('',#3826);
#3513=PLANE('',#3827);
#3514=PLANE('',#3828);
#3515=PLANE('',#3829);
#3516=PLANE('',#3830);
#3517=PLANE('',#3831);
#3518=PLANE('',#3832);
#3519=PLANE('',#3833);
#3520=PLANE('',#3836);
#3521=PLANE('',#3839);
#3522=PLANE('',#3842);
#3523=PLANE('',#3845);
#3524=PLANE('',#3848);
#3525=PLANE('',#3851);
#3526=PLANE('',#3854);
#3527=PLANE('',#3857);
#3528=PLANE('',#3860);
#3529=PLANE('',#3863);
#3530=PLANE('',#3866);
#3531=PLANE('',#3869);
#3532=PLANE('',#3872);
#3533=PLANE('',#3875);
#3534=PLANE('',#3878);
#3535=PLANE('',#3881);
#3536=PLANE('',#3884);
#3537=PLANE('',#3887);
#3538=PLANE('',#3890);
#3539=PLANE('',#3893);
#3540=PLANE('',#3896);
#3541=PLANE('',#3902);
#3542=PLANE('',#3903);
#3543=PLANE('',#3906);
#3544=PLANE('',#3910);
#3545=PLANE('',#3919);
#3546=PLANE('',#3920);
#3547=PLANE('',#3922);
#3548=PLANE('',#3924);
#3549=PLANE('',#3926);
#3550=PLANE('',#3928);
#3551=PLANE('',#3929);
#3552=PLANE('',#3931);
#3553=PLANE('',#3933);
#3554=PLANE('',#3935);
#3555=PLANE('',#3937);
#3556=PLANE('',#3938);
#3557=PLANE('',#3940);
#3558=ADVANCED_FACE('',(#3238),#3498,.T.);
#3559=ADVANCED_FACE('',(#3239),#3499,.T.);
#3560=ADVANCED_FACE('',(#3240),#3500,.T.);
#3561=ADVANCED_FACE('',(#3241),#3501,.T.);
#3562=ADVANCED_FACE('',(#3242),#3502,.T.);
#3563=ADVANCED_FACE('',(#3243),#3503,.T.);
#3564=ADVANCED_FACE('',(#3244),#3504,.T.);
#3565=ADVANCED_FACE('',(#3245),#3505,.F.);
#3566=ADVANCED_FACE('',(#3246),#3506,.F.);
#3567=ADVANCED_FACE('',(#3247),#3507,.T.);
#3568=ADVANCED_FACE('',(#3248),#3508,.F.);
#3569=ADVANCED_FACE('',(#3249),#3509,.F.);
#3570=ADVANCED_FACE('',(#3250),#3510,.T.);
#3571=ADVANCED_FACE('',(#3251),#3511,.T.);
#3572=ADVANCED_FACE('',(#3252,#3253),#3512,.F.);
#3573=ADVANCED_FACE('',(#3254),#3513,.F.);
#3574=ADVANCED_FACE('',(#3255),#3514,.F.);
#3575=ADVANCED_FACE('',(#3256),#3515,.F.);
#3576=ADVANCED_FACE('',(#3257),#3516,.F.);
#3577=ADVANCED_FACE('',(#3258),#3517,.F.);
#3578=ADVANCED_FACE('',(#3259),#3518,.F.);
#3579=ADVANCED_FACE('',(#3260),#3519,.T.);
#3580=ADVANCED_FACE('',(#3261),#197,.F.);
#3581=ADVANCED_FACE('',(#3262),#3520,.T.);
#3582=ADVANCED_FACE('',(#3263),#198,.F.);
#3583=ADVANCED_FACE('',(#3264),#3521,.T.);
#3584=ADVANCED_FACE('',(#3265),#199,.F.);
#3585=ADVANCED_FACE('',(#3266),#3522,.F.);
#3586=ADVANCED_FACE('',(#3267),#200,.F.);
#3587=ADVANCED_FACE('',(#3268),#3523,.F.);
#3588=ADVANCED_FACE('',(#3269),#201,.F.);
#3589=ADVANCED_FACE('',(#3270),#3524,.F.);
#3590=ADVANCED_FACE('',(#3271),#202,.F.);
#3591=ADVANCED_FACE('',(#3272),#3525,.F.);
#3592=ADVANCED_FACE('',(#3273),#203,.F.);
#3593=ADVANCED_FACE('',(#3274),#3526,.F.);
#3594=ADVANCED_FACE('',(#3275),#204,.F.);
#3595=ADVANCED_FACE('',(#3276),#3527,.F.);
#3596=ADVANCED_FACE('',(#3277),#205,.F.);
#3597=ADVANCED_FACE('',(#3278),#3528,.F.);
#3598=ADVANCED_FACE('',(#3279),#206,.F.);
#3599=ADVANCED_FACE('',(#3280),#3529,.F.);
#3600=ADVANCED_FACE('',(#3281),#207,.F.);
#3601=ADVANCED_FACE('',(#3282),#3530,.F.);
#3602=ADVANCED_FACE('',(#3283),#208,.F.);
#3603=ADVANCED_FACE('',(#3284),#3531,.F.);
#3604=ADVANCED_FACE('',(#3285),#209,.F.);
#3605=ADVANCED_FACE('',(#3286),#3532,.F.);
#3606=ADVANCED_FACE('',(#3287),#210,.F.);
#3607=ADVANCED_FACE('',(#3288),#3533,.F.);
#3608=ADVANCED_FACE('',(#3289),#211,.F.);
#3609=ADVANCED_FACE('',(#3290),#3534,.F.);
#3610=ADVANCED_FACE('',(#3291),#212,.F.);
#3611=ADVANCED_FACE('',(#3292),#3535,.F.);
#3612=ADVANCED_FACE('',(#3293),#213,.F.);
#3613=ADVANCED_FACE('',(#3294),#3536,.F.);
#3614=ADVANCED_FACE('',(#3295),#214,.F.);
#3615=ADVANCED_FACE('',(#3296),#3537,.F.);
#3616=ADVANCED_FACE('',(#3297),#215,.F.);
#3617=ADVANCED_FACE('',(#3298),#3538,.F.);
#3618=ADVANCED_FACE('',(#3299),#216,.F.);
#3619=ADVANCED_FACE('',(#3300),#3539,.F.);
#3620=ADVANCED_FACE('',(#3301),#217,.F.);
#3621=ADVANCED_FACE('',(#3302),#3540,.F.);
#3622=ADVANCED_FACE('',(#3303),#218,.F.);
#3623=ADVANCED_FACE('',(#3304,#3305),#219,.F.);
#3624=ADVANCED_FACE('',(#3306),#3541,.F.);
#3625=ADVANCED_FACE('',(#3307),#3542,.F.);
#3626=ADVANCED_FACE('',(#3308),#220,.F.);
#3627=ADVANCED_FACE('',(#3309),#3543,.F.);
#3628=ADVANCED_FACE('',(#3310,#3311),#221,.F.);
#3629=ADVANCED_FACE('',(#3312,#3313,#3314,#3315,#3316,#3317,#3318),#3544,
 .T.);
#3630=ADVANCED_FACE('',(#3319,#3320,#3321,#3322,#3323,#3324,#3325),#3545,
 .F.);
#3631=ADVANCED_FACE('',(#3326),#3546,.F.);
#3632=ADVANCED_FACE('',(#3327),#222,.T.);
#3633=ADVANCED_FACE('',(#3328),#3547,.F.);
#3634=ADVANCED_FACE('',(#3329),#223,.T.);
#3635=ADVANCED_FACE('',(#3330),#3548,.F.);
#3636=ADVANCED_FACE('',(#3331),#224,.T.);
#3637=ADVANCED_FACE('',(#3332),#3549,.F.);
#3638=ADVANCED_FACE('',(#3333),#225,.T.);
#3639=ADVANCED_FACE('',(#3334),#3550,.T.);
#3640=ADVANCED_FACE('',(#3335),#3551,.F.);
#3641=ADVANCED_FACE('',(#3336),#226,.T.);
#3642=ADVANCED_FACE('',(#3337),#3552,.F.);
#3643=ADVANCED_FACE('',(#3338),#227,.T.);
#3644=ADVANCED_FACE('',(#3339),#3553,.F.);
#3645=ADVANCED_FACE('',(#3340),#228,.T.);
#3646=ADVANCED_FACE('',(#3341),#3554,.F.);
#3647=ADVANCED_FACE('',(#3342),#229,.T.);
#3648=ADVANCED_FACE('',(#3343),#3555,.T.);
#3649=ADVANCED_FACE('',(#3344,#3345),#3556,.F.);
#3650=ADVANCED_FACE('',(#3346,#3347),#3557,.F.);
#3651=ADVANCED_FACE('',(#3348),#28,.T.);
#3652=ADVANCED_FACE('',(#3349),#29,.T.);
#3653=ADVANCED_FACE('',(#3350),#30,.T.);
#3654=ADVANCED_FACE('',(#3351),#31,.T.);
#3655=ADVANCED_FACE('',(#3352),#32,.T.);
#3656=ADVANCED_FACE('',(#3353),#33,.T.);
#3657=ADVANCED_FACE('',(#3354),#34,.T.);
#3658=ADVANCED_FACE('',(#3355),#35,.T.);
#3659=ADVANCED_FACE('',(#3356),#36,.T.);
#3660=ADVANCED_FACE('',(#3357),#37,.T.);
#3661=ADVANCED_FACE('',(#3358),#38,.T.);
#3662=ADVANCED_FACE('',(#3359),#39,.T.);
#3663=ADVANCED_FACE('',(#3360),#40,.T.);
#3664=ADVANCED_FACE('',(#3361),#41,.T.);
#3665=ADVANCED_FACE('',(#3362),#42,.T.);
#3666=ADVANCED_FACE('',(#3363),#43,.T.);
#3667=ADVANCED_FACE('',(#3364),#44,.T.);
#3668=ADVANCED_FACE('',(#3365),#45,.T.);
#3669=ADVANCED_FACE('',(#3366),#46,.T.);
#3670=ADVANCED_FACE('',(#3367),#47,.T.);
#3671=ADVANCED_FACE('',(#3368),#48,.T.);
#3672=ADVANCED_FACE('',(#3369),#49,.T.);
#3673=ADVANCED_FACE('',(#3370),#50,.T.);
#3674=ADVANCED_FACE('',(#3371),#51,.T.);
#3675=ADVANCED_FACE('',(#3372),#52,.T.);
#3676=ADVANCED_FACE('',(#3373),#53,.T.);
#3677=ADVANCED_FACE('',(#3374),#54,.T.);
#3678=ADVANCED_FACE('',(#3375),#55,.T.);
#3679=ADVANCED_FACE('',(#3376),#56,.T.);
#3680=ADVANCED_FACE('',(#3377),#57,.T.);
#3681=ADVANCED_FACE('',(#3378),#58,.T.);
#3682=ADVANCED_FACE('',(#3379),#59,.T.);
#3683=ADVANCED_FACE('',(#3380),#60,.T.);
#3684=ADVANCED_FACE('',(#3381),#61,.T.);
#3685=ADVANCED_FACE('',(#3382),#62,.T.);
#3686=ADVANCED_FACE('',(#3383),#63,.T.);
#3687=ADVANCED_FACE('',(#3384),#64,.T.);
#3688=ADVANCED_FACE('',(#3385),#65,.T.);
#3689=ADVANCED_FACE('',(#3386),#66,.T.);
#3690=ADVANCED_FACE('',(#3387),#67,.T.);
#3691=ADVANCED_FACE('',(#3388),#68,.T.);
#3692=ADVANCED_FACE('',(#3389),#69,.T.);
#3693=ADVANCED_FACE('',(#3390),#70,.T.);
#3694=ADVANCED_FACE('',(#3391),#71,.T.);
#3695=ADVANCED_FACE('',(#3392),#72,.T.);
#3696=ADVANCED_FACE('',(#3393),#73,.T.);
#3697=ADVANCED_FACE('',(#3394),#74,.T.);
#3698=ADVANCED_FACE('',(#3395),#75,.T.);
#3699=ADVANCED_FACE('',(#3396),#76,.T.);
#3700=ADVANCED_FACE('',(#3397),#77,.T.);
#3701=ADVANCED_FACE('',(#3398),#78,.T.);
#3702=ADVANCED_FACE('',(#3399),#79,.T.);
#3703=ADVANCED_FACE('',(#3400),#80,.T.);
#3704=ADVANCED_FACE('',(#3401),#81,.T.);
#3705=ADVANCED_FACE('',(#3402),#82,.T.);
#3706=ADVANCED_FACE('',(#3403),#83,.T.);
#3707=ADVANCED_FACE('',(#3404),#12,.T.);
#3708=ADVANCED_FACE('',(#3405),#84,.T.);
#3709=ADVANCED_FACE('',(#3406),#85,.T.);
#3710=ADVANCED_FACE('',(#3407),#86,.T.);
#3711=ADVANCED_FACE('',(#3408),#87,.T.);
#3712=ADVANCED_FACE('',(#3409),#13,.T.);
#3713=ADVANCED_FACE('',(#3410),#88,.T.);
#3714=ADVANCED_FACE('',(#3411),#89,.T.);
#3715=ADVANCED_FACE('',(#3412),#90,.T.);
#3716=ADVANCED_FACE('',(#3413),#91,.T.);
#3717=ADVANCED_FACE('',(#3414),#92,.T.);
#3718=ADVANCED_FACE('',(#3415),#93,.T.);
#3719=ADVANCED_FACE('',(#3416),#14,.T.);
#3720=ADVANCED_FACE('',(#3417),#94,.T.);
#3721=ADVANCED_FACE('',(#3418),#95,.T.);
#3722=ADVANCED_FACE('',(#3419),#15,.T.);
#3723=ADVANCED_FACE('',(#3420),#16,.T.);
#3724=ADVANCED_FACE('',(#3421),#96,.T.);
#3725=ADVANCED_FACE('',(#3422),#97,.T.);
#3726=ADVANCED_FACE('',(#3423),#98,.T.);
#3727=ADVANCED_FACE('',(#3424),#99,.T.);
#3728=ADVANCED_FACE('',(#3425),#17,.T.);
#3729=ADVANCED_FACE('',(#3426),#100,.T.);
#3730=ADVANCED_FACE('',(#3427),#101,.T.);
#3731=ADVANCED_FACE('',(#3428),#102,.T.);
#3732=ADVANCED_FACE('',(#3429),#103,.T.);
#3733=ADVANCED_FACE('',(#3430),#104,.T.);
#3734=ADVANCED_FACE('',(#3431),#105,.T.);
#3735=ADVANCED_FACE('',(#3432),#18,.T.);
#3736=ADVANCED_FACE('',(#3433),#106,.T.);
#3737=ADVANCED_FACE('',(#3434),#107,.T.);
#3738=ADVANCED_FACE('',(#3435),#19,.T.);
#3739=ADVANCED_FACE('',(#3436),#20,.T.);
#3740=ADVANCED_FACE('',(#3437),#108,.T.);
#3741=ADVANCED_FACE('',(#3438),#109,.T.);
#3742=ADVANCED_FACE('',(#3439),#110,.T.);
#3743=ADVANCED_FACE('',(#3440),#111,.T.);
#3744=ADVANCED_FACE('',(#3441),#21,.T.);
#3745=ADVANCED_FACE('',(#3442),#112,.T.);
#3746=ADVANCED_FACE('',(#3443),#113,.T.);
#3747=ADVANCED_FACE('',(#3444),#114,.T.);
#3748=ADVANCED_FACE('',(#3445),#115,.T.);
#3749=ADVANCED_FACE('',(#3446),#116,.T.);
#3750=ADVANCED_FACE('',(#3447),#117,.T.);
#3751=ADVANCED_FACE('',(#3448),#22,.T.);
#3752=ADVANCED_FACE('',(#3449),#118,.T.);
#3753=ADVANCED_FACE('',(#3450),#119,.T.);
#3754=ADVANCED_FACE('',(#3451),#23,.T.);
#3755=ADVANCED_FACE('',(#3452),#24,.T.);
#3756=ADVANCED_FACE('',(#3453),#120,.T.);
#3757=ADVANCED_FACE('',(#3454),#121,.T.);
#3758=ADVANCED_FACE('',(#3455),#122,.T.);
#3759=ADVANCED_FACE('',(#3456),#123,.T.);
#3760=ADVANCED_FACE('',(#3457),#25,.T.);
#3761=ADVANCED_FACE('',(#3458),#124,.T.);
#3762=ADVANCED_FACE('',(#3459),#125,.T.);
#3763=ADVANCED_FACE('',(#3460),#126,.T.);
#3764=ADVANCED_FACE('',(#3461),#127,.T.);
#3765=ADVANCED_FACE('',(#3462),#128,.T.);
#3766=ADVANCED_FACE('',(#3463),#26,.T.);
#3767=ADVANCED_FACE('',(#3464),#129,.T.);
#3768=ADVANCED_FACE('',(#3465),#130,.T.);
#3769=ADVANCED_FACE('',(#3466),#131,.T.);
#3770=ADVANCED_FACE('',(#3467),#27,.T.);
#3771=ADVANCED_FACE('',(#3468),#132,.T.);
#3772=ADVANCED_FACE('',(#3469),#133,.T.);
#3773=ADVANCED_FACE('',(#3470),#134,.T.);
#3774=ADVANCED_FACE('',(#3471),#135,.T.);
#3775=ADVANCED_FACE('',(#3472),#136,.T.);
#3776=ADVANCED_FACE('',(#3473),#137,.T.);
#3777=ADVANCED_FACE('',(#3474),#138,.T.);
#3778=ADVANCED_FACE('',(#3475),#139,.T.);
#3779=ADVANCED_FACE('',(#3476),#140,.T.);
#3780=ADVANCED_FACE('',(#3477),#141,.T.);
#3781=ADVANCED_FACE('',(#3478,#3479),#142,.T.);
#3782=ADVANCED_FACE('',(#3480),#143,.T.);
#3783=ADVANCED_FACE('',(#3481),#144,.T.);
#3784=ADVANCED_FACE('',(#3482),#145,.T.);
#3785=ADVANCED_FACE('',(#3483),#146,.T.);
#3786=ADVANCED_FACE('',(#3484),#147,.T.);
#3787=ADVANCED_FACE('',(#3485),#148,.T.);
#3788=ADVANCED_FACE('',(#3486),#149,.T.);
#3789=ADVANCED_FACE('',(#3487),#150,.T.);
#3790=ADVANCED_FACE('',(#3488,#3489),#151,.T.);
#3791=ADVANCED_FACE('',(#3490),#152,.T.);
#3792=ADVANCED_FACE('',(#3491),#153,.T.);
#3793=ADVANCED_FACE('',(#3492),#154,.T.);
#3794=ADVANCED_FACE('',(#3493),#155,.T.);
#3795=ADVANCED_FACE('',(#3494),#156,.T.);
#3796=ADVANCED_FACE('',(#3495),#157,.T.);
#3797=ADVANCED_FACE('',(#3496),#158,.T.);
#3798=ADVANCED_FACE('',(#3497),#159,.T.);
#3799=CLOSED_SHELL('',(#3558,#3559,#3560,#3561,#3562,#3563,#3564,#3565,
#3566,#3567,#3568,#3569,#3570,#3571,#3572,#3573,#3574,#3575,#3576,#3577,
#3578,#3579,#3580,#3581,#3582,#3583,#3584,#3585,#3586,#3587,#3588,#3589,
#3590,#3591,#3592,#3593,#3594,#3595,#3596,#3597,#3598,#3599,#3600,#3601,
#3602,#3603,#3604,#3605,#3606,#3607,#3608,#3609,#3610,#3611,#3612,#3613,
#3614,#3615,#3616,#3617,#3618,#3619,#3620,#3621,#3622,#3623,#3624,#3625,
#3626,#3627,#3628,#3629,#3630,#3631,#3632,#3633,#3634,#3635,#3636,#3637,
#3638,#3639,#3640,#3641,#3642,#3643,#3644,#3645,#3646,#3647,#3648,#3649,
#3650,#3651,#3652,#3653,#3654,#3655,#3656,#3657,#3658,#3659,#3660,#3661,
#3662,#3663,#3664,#3665,#3666,#3667,#3668,#3669,#3670,#3671,#3672,#3673,
#3674,#3675,#3676,#3677,#3678,#3679,#3680,#3681,#3682,#3683,#3684,#3685,
#3686,#3687,#3688,#3689,#3690,#3691,#3692,#3693,#3694,#3695,#3696,#3697,
#3698,#3699,#3700,#3701,#3702,#3703,#3704,#3705,#3706,#3707,#3708,#3709,
#3710,#3711,#3712,#3713,#3714,#3715,#3716,#3717,#3718,#3719,#3720,#3721,
#3722,#3723,#3724,#3725,#3726,#3727,#3728,#3729,#3730,#3731,#3732,#3733,
#3734,#3735,#3736,#3737,#3738,#3739,#3740,#3741,#3742,#3743,#3744,#3745,
#3746,#3747,#3748,#3749,#3750,#3751,#3752,#3753,#3754,#3755,#3756,#3757,
#3758,#3759,#3760,#3761,#3762,#3763,#3764,#3765,#3766,#3767,#3768,#3769,
#3770,#3771,#3772,#3773,#3774,#3775,#3776,#3777,#3778,#3779,#3780,#3781,
#3782,#3783,#3784,#3785,#3786,#3787,#3788,#3789,#3790,#3791,#3792,#3793,
#3794,#3795,#3796,#3797,#3798));
#3800=STYLED_ITEM('',(#3801),#3808);
#3801=PRESENTATION_STYLE_ASSIGNMENT((#3802));
#3802=SURFACE_STYLE_USAGE(.BOTH.,#3803);
#3803=SURFACE_SIDE_STYLE('',(#3804));
#3804=SURFACE_STYLE_FILL_AREA(#3805);
#3805=FILL_AREA_STYLE('',(#3806));
#3806=FILL_AREA_STYLE_COLOUR('',#3807);
#3807=COLOUR_RGB('',0.498039215686275,0.498039215686275,0.498039215686275);
#3808=MANIFOLD_SOLID_BREP('ControlPanelCover',#3799);
#3809=SHAPE_DEFINITION_REPRESENTATION(#11253,#3810);
#3810=SHAPE_REPRESENTATION('ControlPanelCover',(#3811),#11248);
#3811=AXIS2_PLACEMENT_3D('',#4321,#3942,#3943);
#3812=AXIS2_PLACEMENT_3D('',#4322,#3944,#3945);
#3813=AXIS2_PLACEMENT_3D('',#4339,#3946,#3947);
#3814=AXIS2_PLACEMENT_3D('',#4355,#3948,#3949);
#3815=AXIS2_PLACEMENT_3D('',#4371,#3950,#3951);
#3816=AXIS2_PLACEMENT_3D('',#4388,#3952,#3953);
#3817=AXIS2_PLACEMENT_3D('',#4404,#3954,#3955);
#3818=AXIS2_PLACEMENT_3D('',#4420,#3956,#3957);
#3819=AXIS2_PLACEMENT_3D('',#4438,#3959,#3960);
#3820=AXIS2_PLACEMENT_3D('',#4456,#3962,#3963);
#3821=AXIS2_PLACEMENT_3D('',#4474,#3965,#3966);
#3822=AXIS2_PLACEMENT_3D('',#4483,#3971,#3972);
#3823=AXIS2_PLACEMENT_3D('',#4489,#3976,#3977);
#3824=AXIS2_PLACEMENT_3D('',#4495,#3981,#3982);
#3825=AXIS2_PLACEMENT_3D('',#4498,#3985,#3986);
#3826=AXIS2_PLACEMENT_3D('',#4516,#3988,#3989);
#3827=AXIS2_PLACEMENT_3D('',#4533,#3990,#3991);
#3828=AXIS2_PLACEMENT_3D('',#4542,#3996,#3997);
#3829=AXIS2_PLACEMENT_3D('',#4548,#4001,#4002);
#3830=AXIS2_PLACEMENT_3D('',#4554,#4006,#4007);
#3831=AXIS2_PLACEMENT_3D('',#4563,#4012,#4013);
#3832=AXIS2_PLACEMENT_3D('',#4569,#4017,#4018);
#3833=AXIS2_PLACEMENT_3D('',#4575,#4022,#4023);
#3834=AXIS2_PLACEMENT_3D('',#4587,#4027,#4028);
#3835=AXIS2_PLACEMENT_3D('',#4602,#4030,#4031);
#3836=AXIS2_PLACEMENT_3D('',#4603,#4032,#4033);
#3837=AXIS2_PLACEMENT_3D('',#4612,#4036,#4037);
#3838=AXIS2_PLACEMENT_3D('',#4620,#4039,#4040);
#3839=AXIS2_PLACEMENT_3D('',#4621,#4041,#4042);
#3840=AXIS2_PLACEMENT_3D('',#4630,#4045,#4046);
#3841=AXIS2_PLACEMENT_3D('',#4644,#4048,#4049);
#3842=AXIS2_PLACEMENT_3D('',#4645,#4050,#4051);
#3843=AXIS2_PLACEMENT_3D('',#4654,#4054,#4055);
#3844=AXIS2_PLACEMENT_3D('',#4665,#4056,#4057);
#3845=AXIS2_PLACEMENT_3D('',#4666,#4058,#4059);
#3846=AXIS2_PLACEMENT_3D('',#4684,#4061,#4062);
#3847=AXIS2_PLACEMENT_3D('',#4698,#4064,#4065);
#3848=AXIS2_PLACEMENT_3D('',#4699,#4066,#4067);
#3849=AXIS2_PLACEMENT_3D('',#4708,#4070,#4071);
#3850=AXIS2_PLACEMENT_3D('',#4719,#4072,#4073);
#3851=AXIS2_PLACEMENT_3D('',#4720,#4074,#4075);
#3852=AXIS2_PLACEMENT_3D('',#4735,#4078,#4079);
#3853=AXIS2_PLACEMENT_3D('',#4743,#4081,#4082);
#3854=AXIS2_PLACEMENT_3D('',#4744,#4083,#4084);
#3855=AXIS2_PLACEMENT_3D('',#4753,#4087,#4088);
#3856=AXIS2_PLACEMENT_3D('',#4761,#4090,#4091);
#3857=AXIS2_PLACEMENT_3D('',#4762,#4092,#4093);
#3858=AXIS2_PLACEMENT_3D('',#4774,#4095,#4096);
#3859=AXIS2_PLACEMENT_3D('',#4788,#4098,#4099);
#3860=AXIS2_PLACEMENT_3D('',#4789,#4100,#4101);
#3861=AXIS2_PLACEMENT_3D('',#4798,#4104,#4105);
#3862=AXIS2_PLACEMENT_3D('',#4809,#4106,#4107);
#3863=AXIS2_PLACEMENT_3D('',#4810,#4108,#4109);
#3864=AXIS2_PLACEMENT_3D('',#4828,#4111,#4112);
#3865=AXIS2_PLACEMENT_3D('',#4842,#4114,#4115);
#3866=AXIS2_PLACEMENT_3D('',#4843,#4116,#4117);
#3867=AXIS2_PLACEMENT_3D('',#4852,#4120,#4121);
#3868=AXIS2_PLACEMENT_3D('',#4863,#4122,#4123);
#3869=AXIS2_PLACEMENT_3D('',#4864,#4124,#4125);
#3870=AXIS2_PLACEMENT_3D('',#4882,#4127,#4128);
#3871=AXIS2_PLACEMENT_3D('',#4896,#4130,#4131);
#3872=AXIS2_PLACEMENT_3D('',#4897,#4132,#4133);
#3873=AXIS2_PLACEMENT_3D('',#4906,#4136,#4137);
#3874=AXIS2_PLACEMENT_3D('',#4917,#4138,#4139);
#3875=AXIS2_PLACEMENT_3D('',#4918,#4140,#4141);
#3876=AXIS2_PLACEMENT_3D('',#4936,#4143,#4144);
#3877=AXIS2_PLACEMENT_3D('',#4950,#4146,#4147);
#3878=AXIS2_PLACEMENT_3D('',#4951,#4148,#4149);
#3879=AXIS2_PLACEMENT_3D('',#4960,#4152,#4153);
#3880=AXIS2_PLACEMENT_3D('',#4971,#4154,#4155);
#3881=AXIS2_PLACEMENT_3D('',#4972,#4156,#4157);
#3882=AXIS2_PLACEMENT_3D('',#4987,#4160,#4161);
#3883=AXIS2_PLACEMENT_3D('',#4995,#4163,#4164);
#3884=AXIS2_PLACEMENT_3D('',#4996,#4165,#4166);
#3885=AXIS2_PLACEMENT_3D('',#5005,#4169,#4170);
#3886=AXIS2_PLACEMENT_3D('',#5013,#4172,#4173);
#3887=AXIS2_PLACEMENT_3D('',#5014,#4174,#4175);
#3888=AXIS2_PLACEMENT_3D('',#5026,#4177,#4178);
#3889=AXIS2_PLACEMENT_3D('',#5040,#4180,#4181);
#3890=AXIS2_PLACEMENT_3D('',#5041,#4182,#4183);
#3891=AXIS2_PLACEMENT_3D('',#5050,#4186,#4187);
#3892=AXIS2_PLACEMENT_3D('',#5061,#4188,#4189);
#3893=AXIS2_PLACEMENT_3D('',#5062,#4190,#4191);
#3894=AXIS2_PLACEMENT_3D('',#5080,#4193,#4194);
#3895=AXIS2_PLACEMENT_3D('',#5094,#4196,#4197);
#3896=AXIS2_PLACEMENT_3D('',#5095,#4198,#4199);
#3897=AXIS2_PLACEMENT_3D('',#5104,#4202,#4203);
#3898=AXIS2_PLACEMENT_3D('',#5115,#4204,#4205);
#3899=AXIS2_PLACEMENT_3D('',#5116,#4206,#4207);
#3900=AXIS2_PLACEMENT_3D('',#5117,#4208,#4209);
#3901=AXIS2_PLACEMENT_3D('',#5119,#4210,#4211);
#3902=AXIS2_PLACEMENT_3D('',#5121,#4212,#4213);
#3903=AXIS2_PLACEMENT_3D('',#5124,#4216,#4217);
#3904=AXIS2_PLACEMENT_3D('',#5127,#4220,#4221);
#3905=AXIS2_PLACEMENT_3D('',#5132,#4222,#4223);
#3906=AXIS2_PLACEMENT_3D('',#5133,#4224,#4225);
#3907=AXIS2_PLACEMENT_3D('',#5151,#4227,#4228);
#3908=AXIS2_PLACEMENT_3D('',#5152,#4229,#4230);
#3909=AXIS2_PLACEMENT_3D('',#5154,#4231,#4232);
#3910=AXIS2_PLACEMENT_3D('',#5156,#4233,#4234);
#3911=AXIS2_PLACEMENT_3D('',#5422,#4235,#4236);
#3912=AXIS2_PLACEMENT_3D('',#5427,#4238,#4239);
#3913=AXIS2_PLACEMENT_3D('',#5431,#4241,#4242);
#3914=AXIS2_PLACEMENT_3D('',#5435,#4244,#4245);
#3915=AXIS2_PLACEMENT_3D('',#5438,#4247,#4248);
#3916=AXIS2_PLACEMENT_3D('',#5443,#4250,#4251);
#3917=AXIS2_PLACEMENT_3D('',#5447,#4253,#4254);
#3918=AXIS2_PLACEMENT_3D('',#5451,#4256,#4257);
#3919=AXIS2_PLACEMENT_3D('',#5454,#4259,#4260);
#3920=AXIS2_PLACEMENT_3D('',#5519,#4261,#4262);
#3921=AXIS2_PLACEMENT_3D('',#5528,#4265,#4266);
#3922=AXIS2_PLACEMENT_3D('',#5535,#4268,#4269);
#3923=AXIS2_PLACEMENT_3D('',#5542,#4271,#4272);
#3924=AXIS2_PLACEMENT_3D('',#5549,#4274,#4275);
#3925=AXIS2_PLACEMENT_3D('',#5556,#4277,#4278);
#3926=AXIS2_PLACEMENT_3D('',#5563,#4280,#4281);
#3927=AXIS2_PLACEMENT_3D('',#5570,#4283,#4284);
#3928=AXIS2_PLACEMENT_3D('',#5575,#4285,#4286);
#3929=AXIS2_PLACEMENT_3D('',#5590,#4287,#4288);
#3930=AXIS2_PLACEMENT_3D('',#5599,#4291,#4292);
#3931=AXIS2_PLACEMENT_3D('',#5606,#4294,#4295);
#3932=AXIS2_PLACEMENT_3D('',#5613,#4297,#4298);
#3933=AXIS2_PLACEMENT_3D('',#5620,#4300,#4301);
#3934=AXIS2_PLACEMENT_3D('',#5627,#4303,#4304);
#3935=AXIS2_PLACEMENT_3D('',#5634,#4306,#4307);
#3936=AXIS2_PLACEMENT_3D('',#5641,#4309,#4310);
#3937=AXIS2_PLACEMENT_3D('',#5646,#4311,#4312);
#3938=AXIS2_PLACEMENT_3D('',#5661,#4313,#4314);
#3939=AXIS2_PLACEMENT_3D('',#5662,#4315,#4316);
#3940=AXIS2_PLACEMENT_3D('',#5664,#4317,#4318);
#3941=AXIS2_PLACEMENT_3D('',#5665,#4319,#4320);
#3942=DIRECTION('',(0.,0.,1.));
#3943=DIRECTION('',(1.,0.,0.));
#3944=DIRECTION('',(4.11351173548553E-13,-0.707106781186556,0.70710678118654));
#3945=DIRECTION('',(1.,2.90869204265229E-13,-2.90869204265223E-13));
#3946=DIRECTION('',(4.11351173548553E-13,-0.707106781186556,0.70710678118654));
#3947=DIRECTION('',(1.,2.90869204265229E-13,-2.90869204265223E-13));
#3948=DIRECTION('',(4.11351173548553E-13,-0.707106781186556,0.70710678118654));
#3949=DIRECTION('',(1.,2.90869204265229E-13,-2.90869204265223E-13));
#3950=DIRECTION('',(4.11351173548553E-13,-0.707106781186556,0.70710678118654));
#3951=DIRECTION('',(1.,2.90869204265229E-13,-2.90869204265223E-13));
#3952=DIRECTION('',(4.11351173548553E-13,-0.707106781186556,0.70710678118654));
#3953=DIRECTION('',(1.,2.90869204265229E-13,-2.90869204265223E-13));
#3954=DIRECTION('',(4.11351173548553E-13,-0.707106781186556,0.70710678118654));
#3955=DIRECTION('',(1.,2.90869204265229E-13,-2.90869204265223E-13));
#3956=DIRECTION('',(-4.11842514629237E-13,0.70710678118654,0.707106781186556));
#3957=DIRECTION('',(0.,-0.707106781186556,0.70710678118654));
#3958=DIRECTION('',(1.,5.8208583914048E-13,3.47430610034211E-16));
#3959=DIRECTION('',(1.,5.82194953435067E-13,4.56544904621276E-16));
#3960=DIRECTION('',(-5.82194953435067E-13,1.,0.));
#3961=DIRECTION('',(4.11996825544491E-13,-0.70710678118654,-0.707106781186556));
#3962=DIRECTION('',(-4.11781869287664E-13,0.70710678118654,0.707106781186556));
#3963=DIRECTION('',(0.,-0.707106781186556,0.70710678118654));
#3964=DIRECTION('',(1.,5.82042956408206E-13,3.04547877759879E-16));
#3965=DIRECTION('',(1.,5.82061623572747E-13,3.23215042300917E-16));
#3966=DIRECTION('',(-5.82061623572747E-13,1.,0.));
#3967=DIRECTION('',(4.11808268644929E-13,-0.70710678118654,-0.707106781186556));
#3968=DIRECTION('',(-4.11351173548553E-13,0.707106781186556,-0.70710678118654));
#3969=DIRECTION('',(4.11808268644929E-13,-0.70710678118654,-0.707106781186556));
#3970=DIRECTION('',(-4.11351173548553E-13,0.707106781186556,-0.70710678118654));
#3971=DIRECTION('',(-4.11777271339772E-13,0.70710678118654,0.707106781186556));
#3972=DIRECTION('',(0.,-0.707106781186556,0.70710678118654));
#3973=DIRECTION('',(1.,5.82039705168072E-13,3.01296637625993E-16));
#3974=DIRECTION('',(-4.11351173548553E-13,0.707106781186556,-0.70710678118654));
#3975=DIRECTION('',(1.,5.82039705168072E-13,3.01296637625993E-16));
#3976=DIRECTION('',(1.,5.82061623572747E-13,3.23215042300917E-16));
#3977=DIRECTION('',(-5.82061623572747E-13,1.,0.));
#3978=DIRECTION('',(4.11808268644929E-13,-0.70710678118654,-0.707106781186556));
#3979=DIRECTION('',(-4.11351173548553E-13,0.707106781186556,-0.70710678118654));
#3980=DIRECTION('',(4.11808268644929E-13,-0.70710678118654,-0.707106781186556));
#3981=DIRECTION('',(-4.11900079950372E-13,0.70710678118654,0.707106781186556));
#3982=DIRECTION('',(0.,-0.707106781186556,0.70710678118654));
#3983=DIRECTION('',(1.,5.82126543969415E-13,3.88135438968959E-16));
#3984=DIRECTION('',(1.,5.82126543969415E-13,3.88135438968959E-16));
#3985=DIRECTION('',(1.,5.82194953435067E-13,4.56544904621355E-16));
#3986=DIRECTION('',(-5.82194953435067E-13,1.,0.));
#3987=DIRECTION('',(4.11996825544491E-13,-0.70710678118654,-0.707106781186556));
#3988=DIRECTION('',(4.11351173548553E-13,-0.707106781186556,0.70710678118654));
#3989=DIRECTION('',(1.,2.90869204265229E-13,-2.90869204265223E-13));
#3990=DIRECTION('',(-1.,-5.81990514312842E-13,-2.52105782396604E-16));
#3991=DIRECTION('',(5.81990514312842E-13,-1.,0.));
#3992=DIRECTION('',(-4.11707704965162E-13,0.70710678118654,0.707106781186556));
#3993=DIRECTION('',(-4.11351173548553E-13,0.707106781186556,-0.70710678118654));
#3994=DIRECTION('',(-4.11707704965162E-13,0.70710678118654,0.707106781186556));
#3995=DIRECTION('',(-4.11351173548553E-13,0.707106781186556,-0.70710678118654));
#3996=DIRECTION('',(-4.11495065213368E-13,0.70710678118654,0.707106781186556));
#3997=DIRECTION('',(0.,-0.707106781186556,0.70710678118654));
#3998=DIRECTION('',(1.,5.81840155302399E-13,1.01746771953522E-16));
#3999=DIRECTION('',(-4.11351173548553E-13,0.707106781186556,-0.70710678118654));
#4000=DIRECTION('',(1.,5.81840155302399E-13,1.01746771953522E-16));
#4001=DIRECTION('',(1.,5.82224159023956E-13,4.85750493510554E-16));
#4002=DIRECTION('',(-5.82224159023956E-13,1.,0.));
#4003=DIRECTION('',(4.12038128484396E-13,-0.70710678118654,-0.707106781186556));
#4004=DIRECTION('',(-4.11351173548553E-13,0.707106781186556,-0.70710678118654));
#4005=DIRECTION('',(4.12038128484396E-13,-0.70710678118654,-0.707106781186556));
#4006=DIRECTION('',(-1.,-5.82224159023956E-13,-4.85750493510554E-16));
#4007=DIRECTION('',(5.82224159023956E-13,-1.,0.));
#4008=DIRECTION('',(-4.12038128484396E-13,0.70710678118654,0.707106781186556));
#4009=DIRECTION('',(-4.11351173548553E-13,0.707106781186556,-0.70710678118654));
#4010=DIRECTION('',(-4.12038128484396E-13,0.70710678118654,0.707106781186556));
#4011=DIRECTION('',(-4.11351173548553E-13,0.707106781186556,-0.70710678118654));
#4012=DIRECTION('',(-4.11495065213368E-13,0.70710678118654,0.707106781186556));
#4013=DIRECTION('',(0.,-0.707106781186556,0.70710678118654));
#4014=DIRECTION('',(1.,5.81840155302399E-13,1.01746771953414E-16));
#4015=DIRECTION('',(-4.11351173548553E-13,0.707106781186556,-0.70710678118654));
#4016=DIRECTION('',(1.,5.81840155302399E-13,1.01746771953414E-16));
#4017=DIRECTION('',(1.,5.82224159023956E-13,4.85750493510554E-16));
#4018=DIRECTION('',(-5.82224159023956E-13,1.,0.));
#4019=DIRECTION('',(4.12038128484396E-13,-0.70710678118654,-0.707106781186556));
#4020=DIRECTION('',(-4.11351173548553E-13,0.707106781186556,-0.70710678118654));
#4021=DIRECTION('',(4.12038128484396E-13,-0.70710678118654,-0.707106781186556));
#4022=DIRECTION('',(-4.17077100680559E-13,0.70710678118654,0.707106781186556));
#4023=DIRECTION('',(0.,-0.707106781186556,0.70710678118654));
#4024=DIRECTION('',(-4.11351173548553E-13,0.707106781186556,-0.70710678118654));
#4025=DIRECTION('',(-4.11351173548553E-13,0.707106781186556,-0.70710678118654));
#4026=DIRECTION('',(1.,5.85787250434074E-13,4.0488419036277E-15));
#4027=DIRECTION('',(-4.11351173548553E-13,0.707106781186556,-0.70710678118654));
#4028=DIRECTION('',(0.,0.70710678118654,0.707106781186556));
#4029=DIRECTION('',(-4.11351173548553E-13,0.707106781186556,-0.70710678118654));
#4030=DIRECTION('',(4.11351173548553E-13,-0.707106781186556,0.70710678118654));
#4031=DIRECTION('',(0.,-0.70710678118654,-0.707106781186556));
#4032=DIRECTION('',(4.06101443674829E-13,-0.70710678118654,-0.707106781186556));
#4033=DIRECTION('',(0.,0.707106781186556,-0.70710678118654));
#4034=DIRECTION('',(-4.11351173548553E-13,0.707106781186556,-0.70710678118654));
#4035=DIRECTION('',(-1.,-5.78026288937344E-13,3.71211959310182E-15));
#4036=DIRECTION('',(-4.11351173548553E-13,0.707106781186556,-0.70710678118654));
#4037=DIRECTION('',(0.,0.70710678118654,0.707106781186556));
#4038=DIRECTION('',(-4.11351173548553E-13,0.707106781186556,-0.70710678118654));
#4039=DIRECTION('',(4.11351173548553E-13,-0.707106781186556,0.70710678118654));
#4040=DIRECTION('',(0.,-0.70710678118654,-0.707106781186556));
#4041=DIRECTION('',(-1.,-5.81372908013535E-13,3.65500516910393E-16));
#4042=DIRECTION('',(5.81372908013535E-13,-1.,0.));
#4043=DIRECTION('',(-4.11351173548553E-13,0.707106781186556,-0.70710678118654));
#4044=DIRECTION('',(-4.10834277760474E-13,0.70710678118654,0.707106781186556));
#4045=DIRECTION('',(-4.11351173548553E-13,0.707106781186556,-0.70710678118654));
#4046=DIRECTION('',(0.,0.70710678118654,0.707106781186556));
#4047=DIRECTION('',(-4.11351173548553E-13,0.707106781186556,-0.70710678118654));
#4048=DIRECTION('',(4.11351173548553E-13,-0.707106781186556,0.70710678118654));
#4049=DIRECTION('',(-4.11433623225501E-13,0.70710678118654,0.707106781186556));
#4050=DIRECTION('',(4.11639500125694E-13,-0.70710678118654,-0.707106781186556));
#4051=DIRECTION('',(0.,0.707106781186556,-0.70710678118654));
#4052=DIRECTION('',(-4.11351173548553E-13,0.707106781186556,-0.70710678118654));
#4053=DIRECTION('',(-1.,-5.81942286208345E-13,-2.03877677898677E-16));
#4054=DIRECTION('',(-4.11351173548553E-13,0.707106781186556,-0.70710678118654));
#4055=DIRECTION('',(0.,0.70710678118654,0.707106781186556));
#4056=DIRECTION('',(4.11351173548553E-13,-0.707106781186556,0.70710678118654));
#4057=DIRECTION('',(-4.11433623225501E-13,0.70710678118654,0.707106781186556));
#4058=DIRECTION('',(4.11766690133917E-13,-0.70710678118654,-0.707106781186556));
#4059=DIRECTION('',(0.,0.707106781186556,-0.70710678118654));
#4060=DIRECTION('',(-1.,-5.81992970813484E-13,-3.33066907387831E-16));
#4061=DIRECTION('',(-4.11351173548553E-13,0.707106781186556,-0.70710678118654));
#4062=DIRECTION('',(0.,0.70710678118654,0.707106781186556));
#4063=DIRECTION('',(-4.11351173548553E-13,0.707106781186556,-0.70710678118654));
#4064=DIRECTION('',(4.11351173548553E-13,-0.707106781186556,0.70710678118654));
#4065=DIRECTION('',(-4.11433623225501E-13,0.70710678118654,0.707106781186556));
#4066=DIRECTION('',(4.11639500125694E-13,-0.70710678118654,-0.707106781186556));
#4067=DIRECTION('',(0.,0.707106781186556,-0.70710678118654));
#4068=DIRECTION('',(-4.11351173548553E-13,0.707106781186556,-0.70710678118654));
#4069=DIRECTION('',(-1.,-5.81942286208345E-13,-2.03877677898677E-16));
#4070=DIRECTION('',(-4.11351173548553E-13,0.707106781186556,-0.70710678118654));
#4071=DIRECTION('',(0.,0.70710678118654,0.707106781186556));
#4072=DIRECTION('',(4.11351173548553E-13,-0.707106781186556,0.70710678118654));
#4073=DIRECTION('',(-4.11433623225501E-13,0.70710678118654,0.707106781186556));
#4074=DIRECTION('',(4.11766690133917E-13,-0.70710678118654,-0.707106781186556));
#4075=DIRECTION('',(0.,0.707106781186556,-0.70710678118654));
#4076=DIRECTION('',(-4.11351173548553E-13,0.707106781186556,-0.70710678118654));
#4077=DIRECTION('',(-1.,-5.81992970813484E-13,-3.33066907387831E-16));
#4078=DIRECTION('',(-4.11351173548553E-13,0.707106781186556,-0.70710678118654));
#4079=DIRECTION('',(0.,0.70710678118654,0.707106781186556));
#4080=DIRECTION('',(-4.11351173548553E-13,0.707106781186556,-0.70710678118654));
#4081=DIRECTION('',(-4.11351173548553E-13,0.707106781186556,-0.70710678118654));
#4082=DIRECTION('',(4.11433623225501E-13,-0.70710678118654,-0.707106781186556));
#4083=DIRECTION('',(-1.,-5.81576685088713E-13,1.61723441733345E-16));
#4084=DIRECTION('',(5.81576685088713E-13,-1.,0.));
#4085=DIRECTION('',(-4.11351173548553E-13,0.707106781186556,-0.70710678118654));
#4086=DIRECTION('',(-4.11122462063891E-13,0.70710678118654,0.707106781186556));
#4087=DIRECTION('',(-4.11351173548553E-13,0.707106781186556,-0.70710678118654));
#4088=DIRECTION('',(0.,0.70710678118654,0.707106781186556));
#4089=DIRECTION('',(-4.11351173548553E-13,0.707106781186556,-0.70710678118654));
#4090=DIRECTION('',(-4.11351173548553E-13,0.707106781186556,-0.70710678118654));
#4091=DIRECTION('',(4.11433623225501E-13,-0.70710678118654,-0.707106781186556));
#4092=DIRECTION('',(-4.11666561794755E-13,0.70710678118654,0.707106781186556));
#4093=DIRECTION('',(0.,-0.707106781186556,0.70710678118654));
#4094=DIRECTION('',(1.,5.81922169385874E-13,2.62265479777632E-16));
#4095=DIRECTION('',(-4.11351173548553E-13,0.707106781186556,-0.70710678118654));
#4096=DIRECTION('',(0.,0.70710678118654,0.707106781186556));
#4097=DIRECTION('',(-4.11351173548553E-13,0.707106781186556,-0.70710678118654));
#4098=DIRECTION('',(4.11351173548553E-13,-0.707106781186556,0.70710678118654));
#4099=DIRECTION('',(-4.11433623225501E-13,0.70710678118654,0.707106781186556));
#4100=DIRECTION('',(-4.11781102980914E-13,0.70710678118654,0.707106781186556));
#4101=DIRECTION('',(0.,-0.707106781186556,0.70710678118654));
#4102=DIRECTION('',(-4.11351173548553E-13,0.707106781186556,-0.70710678118654));
#4103=DIRECTION('',(1.,5.82042414547506E-13,3.04006017060401E-16));
#4104=DIRECTION('',(-4.11351173548553E-13,0.707106781186556,-0.70710678118654));
#4105=DIRECTION('',(0.,0.70710678118654,0.707106781186556));
#4106=DIRECTION('',(4.11351173548553E-13,-0.707106781186556,0.70710678118654));
#4107=DIRECTION('',(-4.11433623225501E-13,0.70710678118654,0.707106781186556));
#4108=DIRECTION('',(-4.11666561794755E-13,0.70710678118654,0.707106781186556));
#4109=DIRECTION('',(0.,-0.707106781186556,0.70710678118654));
#4110=DIRECTION('',(1.,5.81922169385874E-13,2.62265479777632E-16));
#4111=DIRECTION('',(-4.11351173548553E-13,0.707106781186556,-0.70710678118654));
#4112=DIRECTION('',(0.,0.70710678118654,0.707106781186556));
#4113=DIRECTION('',(-4.11351173548553E-13,0.707106781186556,-0.70710678118654));
#4114=DIRECTION('',(4.11351173548553E-13,-0.707106781186556,0.70710678118654));
#4115=DIRECTION('',(-4.11433623225501E-13,0.70710678118654,0.707106781186556));
#4116=DIRECTION('',(-4.11781102980914E-13,0.70710678118654,0.707106781186556));
#4117=DIRECTION('',(0.,-0.707106781186556,0.70710678118654));
#4118=DIRECTION('',(-4.11351173548553E-13,0.707106781186556,-0.70710678118654));
#4119=DIRECTION('',(1.,5.82042414547506E-13,3.04006017060401E-16));
#4120=DIRECTION('',(-4.11351173548553E-13,0.707106781186556,-0.70710678118654));
#4121=DIRECTION('',(0.,0.70710678118654,0.707106781186556));
#4122=DIRECTION('',(4.11351173548553E-13,-0.707106781186556,0.70710678118654));
#4123=DIRECTION('',(-4.11433623225501E-13,0.70710678118654,0.707106781186556));
#4124=DIRECTION('',(-4.11666561794755E-13,0.70710678118654,0.707106781186556));
#4125=DIRECTION('',(0.,-0.707106781186556,0.70710678118654));
#4126=DIRECTION('',(1.,5.81922169385874E-13,2.62265479777632E-16));
#4127=DIRECTION('',(-4.11351173548553E-13,0.707106781186556,-0.70710678118654));
#4128=DIRECTION('',(0.,0.70710678118654,0.707106781186556));
#4129=DIRECTION('',(-4.11351173548553E-13,0.707106781186556,-0.70710678118654));
#4130=DIRECTION('',(4.11351173548553E-13,-0.707106781186556,0.70710678118654));
#4131=DIRECTION('',(-4.11433623225501E-13,0.70710678118654,0.707106781186556));
#4132=DIRECTION('',(-4.11781102980914E-13,0.70710678118654,0.707106781186556));
#4133=DIRECTION('',(0.,-0.707106781186556,0.70710678118654));
#4134=DIRECTION('',(-4.11351173548553E-13,0.707106781186556,-0.70710678118654));
#4135=DIRECTION('',(1.,5.82042414547506E-13,3.04006017060401E-16));
#4136=DIRECTION('',(-4.11351173548553E-13,0.707106781186556,-0.70710678118654));
#4137=DIRECTION('',(0.,0.70710678118654,0.707106781186556));
#4138=DIRECTION('',(4.11351173548553E-13,-0.707106781186556,0.70710678118654));
#4139=DIRECTION('',(-4.11433623225501E-13,0.70710678118654,0.707106781186556));
#4140=DIRECTION('',(-4.11666561794755E-13,0.70710678118654,0.707106781186556));
#4141=DIRECTION('',(0.,-0.707106781186556,0.70710678118654));
#4142=DIRECTION('',(1.,5.81922169385874E-13,2.62265479777632E-16));
#4143=DIRECTION('',(-4.11351173548553E-13,0.707106781186556,-0.70710678118654));
#4144=DIRECTION('',(0.,0.70710678118654,0.707106781186556));
#4145=DIRECTION('',(-4.11351173548553E-13,0.707106781186556,-0.70710678118654));
#4146=DIRECTION('',(4.11351173548553E-13,-0.707106781186556,0.70710678118654));
#4147=DIRECTION('',(-4.11433623225501E-13,0.70710678118654,0.707106781186556));
#4148=DIRECTION('',(-4.11781102980914E-13,0.70710678118654,0.707106781186556));
#4149=DIRECTION('',(0.,-0.707106781186556,0.70710678118654));
#4150=DIRECTION('',(-4.11351173548553E-13,0.707106781186556,-0.70710678118654));
#4151=DIRECTION('',(1.,5.82042414547506E-13,3.04006017060401E-16));
#4152=DIRECTION('',(-4.11351173548553E-13,0.707106781186556,-0.70710678118654));
#4153=DIRECTION('',(0.,0.70710678118654,0.707106781186556));
#4154=DIRECTION('',(4.11351173548553E-13,-0.707106781186556,0.70710678118654));
#4155=DIRECTION('',(-4.11433623225501E-13,0.70710678118654,0.707106781186556));
#4156=DIRECTION('',(-4.11666561794755E-13,0.70710678118654,0.707106781186556));
#4157=DIRECTION('',(0.,-0.707106781186556,0.70710678118654));
#4158=DIRECTION('',(-4.11351173548553E-13,0.707106781186556,-0.70710678118654));
#4159=DIRECTION('',(1.,5.81922169385874E-13,2.62265479777632E-16));
#4160=DIRECTION('',(-4.11351173548553E-13,0.707106781186556,-0.70710678118654));
#4161=DIRECTION('',(0.,0.70710678118654,0.707106781186556));
#4162=DIRECTION('',(-4.11351173548553E-13,0.707106781186556,-0.70710678118654));
#4163=DIRECTION('',(-4.11351173548553E-13,0.707106781186556,-0.70710678118654));
#4164=DIRECTION('',(4.11433623225501E-13,-0.70710678118654,-0.707106781186556));
#4165=DIRECTION('',(1.,5.81796709256129E-13,5.83007256831114E-17));
#4166=DIRECTION('',(-5.81796709256129E-13,1.,0.));
#4167=DIRECTION('',(-4.11351173548553E-13,0.707106781186556,-0.70710678118654));
#4168=DIRECTION('',(4.11433623225501E-13,-0.70710678118654,-0.707106781186556));
#4169=DIRECTION('',(-4.11351173548553E-13,0.707106781186556,-0.70710678118654));
#4170=DIRECTION('',(0.,0.70710678118654,0.707106781186556));
#4171=DIRECTION('',(-4.11351173548553E-13,0.707106781186556,-0.70710678118654));
#4172=DIRECTION('',(-4.11351173548553E-13,0.707106781186556,-0.70710678118654));
#4173=DIRECTION('',(4.11433623225501E-13,-0.70710678118654,-0.707106781186556));
#4174=DIRECTION('',(4.11766690133917E-13,-0.70710678118654,-0.707106781186556));
#4175=DIRECTION('',(0.,0.707106781186556,-0.70710678118654));
#4176=DIRECTION('',(-1.,-5.81992970813484E-13,-3.33066907387831E-16));
#4177=DIRECTION('',(-4.11351173548553E-13,0.707106781186556,-0.70710678118654));
#4178=DIRECTION('',(0.,0.70710678118654,0.707106781186556));
#4179=DIRECTION('',(-4.11351173548553E-13,0.707106781186556,-0.70710678118654));
#4180=DIRECTION('',(4.11351173548553E-13,-0.707106781186556,0.70710678118654));
#4181=DIRECTION('',(-4.11433623225501E-13,0.70710678118654,0.707106781186556));
#4182=DIRECTION('',(4.11639500125694E-13,-0.70710678118654,-0.707106781186556));
#4183=DIRECTION('',(0.,0.707106781186556,-0.70710678118654));
#4184=DIRECTION('',(-4.11351173548553E-13,0.707106781186556,-0.70710678118654));
#4185=DIRECTION('',(-1.,-5.81942286208345E-13,-2.03877677898677E-16));
#4186=DIRECTION('',(-4.11351173548553E-13,0.707106781186556,-0.70710678118654));
#4187=DIRECTION('',(0.,0.70710678118654,0.707106781186556));
#4188=DIRECTION('',(4.11351173548553E-13,-0.707106781186556,0.70710678118654));
#4189=DIRECTION('',(-4.11433623225501E-13,0.70710678118654,0.707106781186556));
#4190=DIRECTION('',(4.11766690133917E-13,-0.70710678118654,-0.707106781186556));
#4191=DIRECTION('',(0.,0.707106781186556,-0.70710678118654));
#4192=DIRECTION('',(-1.,-5.81992970813484E-13,-3.33066907387831E-16));
#4193=DIRECTION('',(-4.11351173548553E-13,0.707106781186556,-0.70710678118654));
#4194=DIRECTION('',(0.,0.70710678118654,0.707106781186556));
#4195=DIRECTION('',(-4.11351173548553E-13,0.707106781186556,-0.70710678118654));
#4196=DIRECTION('',(4.11351173548553E-13,-0.707106781186556,0.70710678118654));
#4197=DIRECTION('',(-4.11433623225501E-13,0.70710678118654,0.707106781186556));
#4198=DIRECTION('',(4.11639500125694E-13,-0.70710678118654,-0.707106781186556));
#4199=DIRECTION('',(0.,0.707106781186556,-0.70710678118654));
#4200=DIRECTION('',(-4.11351173548553E-13,0.707106781186556,-0.70710678118654));
#4201=DIRECTION('',(-1.,-5.81942286208345E-13,-2.03877677898677E-16));
#4202=DIRECTION('',(-4.11351173548553E-13,0.707106781186556,-0.70710678118654));
#4203=DIRECTION('',(0.,0.70710678118654,0.707106781186556));
#4204=DIRECTION('',(4.11351173548553E-13,-0.707106781186556,0.70710678118654));
#4205=DIRECTION('',(-4.11433623225501E-13,0.70710678118654,0.707106781186556));
#4206=DIRECTION('',(-4.11351173548553E-13,0.707106781186556,-0.70710678118654));
#4207=DIRECTION('',(0.,0.70710678118654,0.707106781186556));
#4208=DIRECTION('',(4.11351173548553E-13,-0.707106781186556,0.70710678118654));
#4209=DIRECTION('',(0.,-0.70710678118654,-0.707106781186556));
#4210=DIRECTION('',(4.11351173548553E-13,-0.707106781186556,0.70710678118654));
#4211=DIRECTION('',(0.,-0.70710678118654,-0.707106781186556));
#4212=DIRECTION('',(4.12149270404487E-13,-0.70710678118654,-0.707106781186556));
#4213=DIRECTION('',(0.,0.707106781186556,-0.70710678118654));
#4214=DIRECTION('',(-1.,-5.82302748229327E-13,-5.64339698880886E-16));
#4215=DIRECTION('',(-1.,-5.82302748229327E-13,-5.64339698880886E-16));
#4216=DIRECTION('',(4.12149270404486E-13,-0.70710678118654,-0.707106781186556));
#4217=DIRECTION('',(0.,0.707106781186556,-0.70710678118654));
#4218=DIRECTION('',(-1.,-5.82302748229326E-13,-5.64339698880565E-16));
#4219=DIRECTION('',(-1.,-5.82302748229326E-13,-5.64339698880565E-16));
#4220=DIRECTION('',(-4.11351173548553E-13,0.707106781186556,-0.70710678118654));
#4221=DIRECTION('',(0.,0.70710678118654,0.707106781186556));
#4222=DIRECTION('',(4.11351173548553E-13,-0.707106781186556,0.70710678118654));
#4223=DIRECTION('',(0.,-0.70710678118654,-0.707106781186556));
#4224=DIRECTION('',(4.11766690133917E-13,-0.70710678118654,-0.707106781186556));
#4225=DIRECTION('',(0.,0.707106781186556,-0.70710678118654));
#4226=DIRECTION('',(-1.,-5.81992970813484E-13,-3.33066907387831E-16));
#4227=DIRECTION('',(-4.11351173548553E-13,0.707106781186556,-0.70710678118654));
#4228=DIRECTION('',(0.,0.70710678118654,0.707106781186556));
#4229=DIRECTION('',(4.11351173548553E-13,-0.707106781186556,0.70710678118654));
#4230=DIRECTION('',(0.,-0.70710678118654,-0.707106781186556));
#4231=DIRECTION('',(4.11351173548553E-13,-0.707106781186556,0.70710678118654));
#4232=DIRECTION('',(0.,-0.70710678118654,-0.707106781186556));
#4233=DIRECTION('',(4.11351173548553E-13,-0.707106781186556,0.70710678118654));
#4234=DIRECTION('',(1.,2.90869204265229E-13,-2.90869204265223E-13));
#4235=DIRECTION('',(4.11351173548553E-13,-0.707106781186556,0.70710678118654));
#4236=DIRECTION('',(0.,-0.70710678118654,-0.707106781186556));
#4237=DIRECTION('',(-4.10782519111308E-13,0.70710678118654,0.707106781186556));
#4238=DIRECTION('',(4.11351173548553E-13,-0.707106781186556,0.70710678118654));
#4239=DIRECTION('',(0.,-0.70710678118654,-0.707106781186556));
#4240=DIRECTION('',(1.,5.82302748229326E-13,5.64339698880386E-16));
#4241=DIRECTION('',(4.11351173548553E-13,-0.707106781186556,0.70710678118654));
#4242=DIRECTION('',(0.,-0.70710678118654,-0.707106781186556));
#4243=DIRECTION('',(4.10782519111308E-13,-0.70710678118654,-0.707106781186556));
#4244=DIRECTION('',(4.11351173548553E-13,-0.707106781186556,0.70710678118654));
#4245=DIRECTION('',(0.,-0.70710678118654,-0.707106781186556));
#4246=DIRECTION('',(-1.,-5.82302748229326E-13,-5.64339698880386E-16));
#4247=DIRECTION('',(4.11351173548553E-13,-0.707106781186556,0.70710678118654));
#4248=DIRECTION('',(0.,-0.70710678118654,-0.707106781186556));
#4249=DIRECTION('',(-4.10782519111312E-13,0.70710678118654,0.707106781186556));
#4250=DIRECTION('',(4.11351173548553E-13,-0.707106781186556,0.70710678118654));
#4251=DIRECTION('',(0.,-0.70710678118654,-0.707106781186556));
#4252=DIRECTION('',(1.,5.82302748229326E-13,5.64339698880386E-16));
#4253=DIRECTION('',(4.11351173548553E-13,-0.707106781186556,0.70710678118654));
#4254=DIRECTION('',(0.,-0.70710678118654,-0.707106781186556));
#4255=DIRECTION('',(4.10782519111305E-13,-0.70710678118654,-0.707106781186556));
#4256=DIRECTION('',(4.11351173548553E-13,-0.707106781186556,0.70710678118654));
#4257=DIRECTION('',(0.,-0.70710678118654,-0.707106781186556));
#4258=DIRECTION('',(-1.,-5.82302748229326E-13,-5.64339698880386E-16));
#4259=DIRECTION('',(4.11351173548553E-13,-0.707106781186556,0.70710678118654));
#4260=DIRECTION('',(1.,2.90869204265229E-13,-2.90869204265223E-13));
#4261=DIRECTION('',(-1.,-5.81336309121727E-13,4.02099408719005E-16));
#4262=DIRECTION('',(5.81336309121727E-13,-1.,0.));
#4263=DIRECTION('',(-4.11351173548553E-13,0.707106781186556,-0.70710678118654));
#4264=DIRECTION('',(-4.11351173548553E-13,0.707106781186556,-0.70710678118654));
#4265=DIRECTION('',(-4.11351173548553E-13,0.707106781186556,-0.70710678118654));
#4266=DIRECTION('',(0.,0.70710678118654,0.707106781186556));
#4267=DIRECTION('',(-4.11351173548553E-13,0.707106781186556,-0.70710678118654));
#4268=DIRECTION('',(4.12149270404486E-13,-0.70710678118654,-0.707106781186556));
#4269=DIRECTION('',(0.,0.707106781186556,-0.70710678118654));
#4270=DIRECTION('',(-4.11351173548553E-13,0.707106781186556,-0.70710678118654));
#4271=DIRECTION('',(-4.11351173548553E-13,0.707106781186556,-0.70710678118654));
#4272=DIRECTION('',(0.,0.70710678118654,0.707106781186556));
#4273=DIRECTION('',(-4.11351173548553E-13,0.707106781186556,-0.70710678118654));
#4274=DIRECTION('',(1.,5.81336309121722E-13,-4.0209940872354E-16));
#4275=DIRECTION('',(-5.81336309121722E-13,1.,0.));
#4276=DIRECTION('',(-4.11351173548553E-13,0.707106781186556,-0.70710678118654));
#4277=DIRECTION('',(-4.11351173548553E-13,0.707106781186556,-0.70710678118654));
#4278=DIRECTION('',(0.,0.70710678118654,0.707106781186556));
#4279=DIRECTION('',(-4.11351173548553E-13,0.707106781186556,-0.70710678118654));
#4280=DIRECTION('',(-4.12149270404486E-13,0.70710678118654,0.707106781186556));
#4281=DIRECTION('',(0.,-0.707106781186556,0.70710678118654));
#4282=DIRECTION('',(-4.11351173548553E-13,0.707106781186556,-0.70710678118654));
#4283=DIRECTION('',(-4.11351173548553E-13,0.707106781186556,-0.70710678118654));
#4284=DIRECTION('',(0.,0.70710678118654,0.707106781186556));
#4285=DIRECTION('',(4.11351173548553E-13,-0.707106781186556,0.70710678118654));
#4286=DIRECTION('',(1.,2.90869204265229E-13,-2.90869204265223E-13));
#4287=DIRECTION('',(-1.,-5.81336309121725E-13,4.02099408721223E-16));
#4288=DIRECTION('',(5.81336309121725E-13,-1.,0.));
#4289=DIRECTION('',(-4.11351173548553E-13,0.707106781186556,-0.70710678118654));
#4290=DIRECTION('',(-4.11351173548553E-13,0.707106781186556,-0.70710678118654));
#4291=DIRECTION('',(-4.11351173548553E-13,0.707106781186556,-0.70710678118654));
#4292=DIRECTION('',(0.,0.70710678118654,0.707106781186556));
#4293=DIRECTION('',(-4.11351173548553E-13,0.707106781186556,-0.70710678118654));
#4294=DIRECTION('',(4.12149270404486E-13,-0.70710678118654,-0.707106781186556));
#4295=DIRECTION('',(0.,0.707106781186556,-0.70710678118654));
#4296=DIRECTION('',(-4.11351173548553E-13,0.707106781186556,-0.70710678118654));
#4297=DIRECTION('',(-4.11351173548553E-13,0.707106781186556,-0.70710678118654));
#4298=DIRECTION('',(0.,0.70710678118654,0.707106781186556));
#4299=DIRECTION('',(-4.11351173548553E-13,0.707106781186556,-0.70710678118654));
#4300=DIRECTION('',(1.,5.81336309121725E-13,-4.02099408721223E-16));
#4301=DIRECTION('',(-5.81336309121725E-13,1.,0.));
#4302=DIRECTION('',(-4.11351173548553E-13,0.707106781186556,-0.70710678118654));
#4303=DIRECTION('',(-4.11351173548553E-13,0.707106781186556,-0.70710678118654));
#4304=DIRECTION('',(0.,0.70710678118654,0.707106781186556));
#4305=DIRECTION('',(-4.11351173548553E-13,0.707106781186556,-0.70710678118654));
#4306=DIRECTION('',(-4.12149270404486E-13,0.70710678118654,0.707106781186556));
#4307=DIRECTION('',(0.,-0.707106781186556,0.70710678118654));
#4308=DIRECTION('',(-4.11351173548553E-13,0.707106781186556,-0.70710678118654));
#4309=DIRECTION('',(-4.11351173548553E-13,0.707106781186556,-0.70710678118654));
#4310=DIRECTION('',(0.,0.70710678118654,0.707106781186556));
#4311=DIRECTION('',(4.11351173548553E-13,-0.707106781186556,0.70710678118654));
#4312=DIRECTION('',(1.,2.90869204265229E-13,-2.90869204265223E-13));
#4313=DIRECTION('',(4.11351173548553E-13,-0.707106781186556,0.70710678118654));
#4314=DIRECTION('',(1.,2.90869204265229E-13,-2.90869204265223E-13));
#4315=DIRECTION('',(4.11351173548553E-13,-0.707106781186556,0.70710678118654));
#4316=DIRECTION('',(0.,-0.70710678118654,-0.707106781186556));
#4317=DIRECTION('',(4.11351173548553E-13,-0.707106781186556,0.70710678118654));
#4318=DIRECTION('',(1.,2.90869204265229E-13,-2.90869204265223E-13));
#4319=DIRECTION('',(4.11351173548553E-13,-0.707106781186556,0.70710678118654));
#4320=DIRECTION('',(0.,-0.70710678118654,-0.707106781186556));
#4321=CARTESIAN_POINT('',(0.,0.,0.));
#4322=CARTESIAN_POINT('',(-0.000316879850544923,-0.139479157359781,0.135083374832737));
#4323=CARTESIAN_POINT('',(0.0690572664070975,-0.145305319407331,0.129257212785147));
#4324=CARTESIAN_POINT('',(0.0698905997404305,-0.14530531940733,0.129257212785147));
#4325=CARTESIAN_POINT('',(0.0707239330737635,-0.14530531940733,0.129257212785147));
#4326=CARTESIAN_POINT('',(0.0715572664070965,-0.145305319407329,0.129257212785147));
#4327=CARTESIAN_POINT('',(0.0690572664070975,-0.14530531940733,0.129257212785147));
#4328=CARTESIAN_POINT('',(0.0715572664070965,-0.145305319407329,0.129257212785147));
#4329=CARTESIAN_POINT('',(0.0715572664070965,-0.145305319407329,0.129257212785147));
#4330=CARTESIAN_POINT('',(0.0709032448354065,-0.145305319407329,0.129257212785147));
#4331=CARTESIAN_POINT('',(0.0695986474849495,-0.14492193703081,0.129640595161667));
#4332=CARTESIAN_POINT('',(0.0690574580112149,-0.144001016348504,0.130561515843974));
#4333=CARTESIAN_POINT('',(0.0690572664070965,-0.143537552454364,0.131024979738114));
#4334=CARTESIAN_POINT('',(0.0690572664070965,-0.143537552425092,0.131024979767386));
#4335=CARTESIAN_POINT('',(0.0690572664070965,-0.143537552425092,0.131024979767386));
#4336=CARTESIAN_POINT('',(0.0690572664070968,-0.144126808085838,0.130435724106639));
#4337=CARTESIAN_POINT('',(0.0690572664070972,-0.144716063746584,0.129846468445893));
#4338=CARTESIAN_POINT('',(0.0690572664070975,-0.14530531940733,0.129257212785147));
#4339=CARTESIAN_POINT('',(-0.000316879850544923,-0.139479157359781,0.135083374832737));
#4340=CARTESIAN_POINT('',(0.0740572664070975,-0.145305319407328,0.129257212785147));
#4341=CARTESIAN_POINT('',(0.0740572664070971,-0.144716063756339,0.129846468436136));
#4342=CARTESIAN_POINT('',(0.0740572664070968,-0.144126808105351,0.130435724087124));
#4343=CARTESIAN_POINT('',(0.0740572664070964,-0.143537552454362,0.131024979738113));
#4344=CARTESIAN_POINT('',(0.0740572664070975,-0.145305319407328,0.129257212785147));
#4345=CARTESIAN_POINT('',(0.0740572664070965,-0.143537552454362,0.131024979738113));
#4346=CARTESIAN_POINT('',(0.0740572664070965,-0.143537552454362,0.131024979738113));
#4347=CARTESIAN_POINT('',(0.0740574574625236,-0.143999689139812,0.130562843052662));
#4348=CARTESIAN_POINT('',(0.073515217431856,-0.144922600635154,0.129639931557321));
#4349=CARTESIAN_POINT('',(0.0722122411140161,-0.145305319407329,0.129257212785147));
#4350=CARTESIAN_POINT('',(0.0715572664070965,-0.145305319407329,0.129257212785147));
#4351=CARTESIAN_POINT('',(0.0715572664070965,-0.145305319407329,0.129257212785147));
#4352=CARTESIAN_POINT('',(0.0723905997404302,-0.145305319407329,0.129257212785147));
#4353=CARTESIAN_POINT('',(0.0732239330737638,-0.145305319407328,0.129257212785147));
#4354=CARTESIAN_POINT('',(0.0740572664070975,-0.145305319407328,0.129257212785147));
#4355=CARTESIAN_POINT('',(-0.000316879850544923,-0.139479157359781,0.135083374832737));
#4356=CARTESIAN_POINT('',(0.0740572664070955,-0.141769785501395,0.13279274669108));
#4357=CARTESIAN_POINT('',(0.0732239330743514,-0.141769785501395,0.13279274669108));
#4358=CARTESIAN_POINT('',(0.0723905997416073,-0.141769785501396,0.13279274669108));
#4359=CARTESIAN_POINT('',(0.0715572664088632,-0.141769785501396,0.13279274669108));
#4360=CARTESIAN_POINT('',(0.0740572664070955,-0.141769785501395,0.13279274669108));
#4361=CARTESIAN_POINT('',(0.0715572664088632,-0.141769785501396,0.13279274669108));
#4362=CARTESIAN_POINT('',(0.0715572664070965,-0.141769785501396,0.13279274669108));
#4363=CARTESIAN_POINT('',(0.0722108263753361,-0.141769650404812,0.132792881787663));
#4364=CARTESIAN_POINT('',(0.0735161161309687,-0.142153235426217,0.132409296766258));
#4365=CARTESIAN_POINT('',(0.0740570748029781,-0.143074088560203,0.131488443632272));
#4366=CARTESIAN_POINT('',(0.0740572664070965,-0.143537552454362,0.131024979738113));
#4367=CARTESIAN_POINT('',(0.0740572664070964,-0.143537552454362,0.131024979738113));
#4368=CARTESIAN_POINT('',(0.0740572664070961,-0.142948296803373,0.131614235389102));
#4369=CARTESIAN_POINT('',(0.0740572664070957,-0.142359041152384,0.132203491040091));
#4370=CARTESIAN_POINT('',(0.0740572664070954,-0.141769785501395,0.13279274669108));
#4371=CARTESIAN_POINT('',(-0.000316879850544923,-0.139479157359781,0.135083374832737));
#4372=CARTESIAN_POINT('',(0.0690770631552541,-0.137154338689338,0.13740819350314));
#4373=CARTESIAN_POINT('',(0.0699103964885871,-0.137154338689337,0.13740819350314));
#4374=CARTESIAN_POINT('',(0.07074372982192,-0.137154338689337,0.13740819350314));
#4375=CARTESIAN_POINT('',(0.071577063155253,-0.137154338689336,0.13740819350314));
#4376=CARTESIAN_POINT('',(0.0690770631552541,-0.137154338689337,0.13740819350314));
#4377=CARTESIAN_POINT('',(0.071577063155253,-0.137154338689336,0.13740819350314));
#4378=CARTESIAN_POINT('',(0.0715770631552531,-0.137154338689336,0.13740819350314));
#4379=CARTESIAN_POINT('',(0.0709230415835559,-0.137154338689336,0.13740819350314));
#4380=CARTESIAN_POINT('',(0.0696184442331129,-0.136770956312823,0.137791575879654));
#4381=CARTESIAN_POINT('',(0.0690772547593649,-0.135850035630498,0.13871249656198));
#4382=CARTESIAN_POINT('',(0.0690770631552531,-0.135386571736371,0.139175960456107));
#4383=CARTESIAN_POINT('',(0.0690770631552531,-0.135386571707099,0.139175960485379));
#4384=CARTESIAN_POINT('',(0.0690770631552531,-0.135386571707099,0.139175960485379));
#4385=CARTESIAN_POINT('',(0.0690770631552534,-0.135975827367845,0.138586704824633));
#4386=CARTESIAN_POINT('',(0.0690770631552537,-0.136565083028591,0.137997449163886));
#4387=CARTESIAN_POINT('',(0.0690770631552541,-0.137154338689338,0.13740819350314));
#4388=CARTESIAN_POINT('',(-0.000316879850544923,-0.139479157359781,0.135083374832737));
#4389=CARTESIAN_POINT('',(0.0740770631552541,-0.137154338689335,0.13740819350314));
#4390=CARTESIAN_POINT('',(0.0740770631552538,-0.136565083038346,0.137997449154129));
#4391=CARTESIAN_POINT('',(0.0740770631552534,-0.135975827387358,0.138586704805117));
#4392=CARTESIAN_POINT('',(0.0740770631552531,-0.135386571736369,0.139175960456106));
#4393=CARTESIAN_POINT('',(0.0740770631552541,-0.137154338689334,0.13740819350314));
#4394=CARTESIAN_POINT('',(0.0740770631552531,-0.135386571736369,0.139175960456106));
#4395=CARTESIAN_POINT('',(0.0740770631552531,-0.135386571736369,0.139175960456106));
#4396=CARTESIAN_POINT('',(0.07407725421068,-0.135848708421801,0.138713823770674));
#4397=CARTESIAN_POINT('',(0.0735350141799763,-0.13677161991717,0.137790912275305));
#4398=CARTESIAN_POINT('',(0.072232037862245,-0.137154338689336,0.13740819350314));
#4399=CARTESIAN_POINT('',(0.0715770631552531,-0.137154338689336,0.13740819350314));
#4400=CARTESIAN_POINT('',(0.071577063155253,-0.137154338689336,0.13740819350314));
#4401=CARTESIAN_POINT('',(0.0724103964885867,-0.137154338689336,0.13740819350314));
#4402=CARTESIAN_POINT('',(0.0732437298219204,-0.137154338689335,0.13740819350314));
#4403=CARTESIAN_POINT('',(0.0740770631552541,-0.137154338689335,0.13740819350314));
#4404=CARTESIAN_POINT('',(-0.000316879850544923,-0.139479157359781,0.135083374832737));
#4405=CARTESIAN_POINT('',(0.0740770631552521,-0.133618804783402,0.140943727409073));
#4406=CARTESIAN_POINT('',(0.073243729822508,-0.133618804783402,0.140943727409073));
#4407=CARTESIAN_POINT('',(0.0724103964897639,-0.133618804783403,0.140943727409073));
#4408=CARTESIAN_POINT('',(0.0715770631570198,-0.133618804783403,0.140943727409073));
#4409=CARTESIAN_POINT('',(0.0740770631552521,-0.133618804783402,0.140943727409073));
#4410=CARTESIAN_POINT('',(0.0715770631570198,-0.133618804783403,0.140943727409073));
#4411=CARTESIAN_POINT('',(0.0715770631552531,-0.133618804783403,0.140943727409073));
#4412=CARTESIAN_POINT('',(0.0722306231234906,-0.133618669686826,0.14094386250565));
#4413=CARTESIAN_POINT('',(0.0735359128791261,-0.134002254708221,0.140560277484254));
#4414=CARTESIAN_POINT('',(0.0740768715511347,-0.13492310784221,0.139639424350265));
#4415=CARTESIAN_POINT('',(0.0740770631552531,-0.135386571736369,0.139175960456106));
#4416=CARTESIAN_POINT('',(0.0740770631552531,-0.135386571736369,0.139175960456106));
#4417=CARTESIAN_POINT('',(0.0740770631552528,-0.13479731608538,0.139765216107095));
#4418=CARTESIAN_POINT('',(0.0740770631552524,-0.134208060434391,0.140354471758084));
#4419=CARTESIAN_POINT('',(0.0740770631552521,-0.133618804783402,0.140943727409073));
#4420=CARTESIAN_POINT('',(-0.00031687985055564,-0.121094381048931,0.150639724018842));
#4421=CARTESIAN_POINT('',(-0.0792223345159772,-0.12038727426779,0.149932617237655));
#4422=CARTESIAN_POINT('',(-0.0266186980723616,-0.12038727426776,0.149932617237655));
#4423=CARTESIAN_POINT('',(0.025984938371254,-0.120387274267729,0.149932617237655));
#4424=CARTESIAN_POINT('',(0.0785885748148696,-0.120387274267699,0.149932617237655));
#4425=CARTESIAN_POINT('',(-0.079222334515977,-0.12038727426779,0.149932617237655));
#4426=CARTESIAN_POINT('',(0.0785885748148695,-0.120387274267698,0.149932617237655));
#4427=CARTESIAN_POINT('',(0.0785885748148665,-0.120387274267699,0.149932617237655));
#4428=CARTESIAN_POINT('',(0.0785885748148652,-0.11826595392414,0.147811296894096));
#4429=CARTESIAN_POINT('',(0.0785885748148639,-0.11614463358058,0.145689976550537));
#4430=CARTESIAN_POINT('',(0.0785885748148626,-0.114023313237021,0.143568656206978));
#4431=CARTESIAN_POINT('',(0.0785885748148625,-0.114023313237019,0.143568656206976));
#4432=CARTESIAN_POINT('',(-0.000316879850559754,-0.114023313237065,0.143568656206976));
#4433=CARTESIAN_POINT('',(-0.0792223345159824,-0.114023313237111,0.143568656206976));
#4434=CARTESIAN_POINT('',(-0.0792223345159825,-0.114023313237111,0.143568656206976));
#4435=CARTESIAN_POINT('',(-0.0792223345159812,-0.11614463358068,0.145689976550545));
#4436=CARTESIAN_POINT('',(-0.0792223345159799,-0.118265953924249,0.147811296894114));
#4437=CARTESIAN_POINT('',(-0.0792223345159786,-0.120387274267818,0.149932617237683));
#4438=CARTESIAN_POINT('',(-0.0812223345159682,-0.138064943797455,0.133669161270364));
#4439=CARTESIAN_POINT('',(-0.0812223345159723,-0.130993875985589,0.126598093458498));
#4440=CARTESIAN_POINT('',(-0.0812223345159814,-0.115437526799485,0.142154442644603));
#4441=CARTESIAN_POINT('',(-0.0812223345159632,-0.146550225171693,0.111041744272394));
#4442=CARTESIAN_POINT('',(-0.0812223345159633,-0.146550225171693,0.111041744272394));
#4443=CARTESIAN_POINT('',(-0.081222334515962,-0.148671545515262,0.113163064615963));
#4444=CARTESIAN_POINT('',(-0.0812223345159608,-0.150792865858831,0.115284384959532));
#4445=CARTESIAN_POINT('',(-0.0812223345159595,-0.152914186202401,0.117405705303101));
#4446=CARTESIAN_POINT('',(-0.0812223345159595,-0.152914186202367,0.117405705303078));
#4447=CARTESIAN_POINT('',(-0.0812223345159595,-0.152914186202368,0.117405705303078));
#4448=CARTESIAN_POINT('',(-0.0812223345159656,-0.142543286744967,0.127776604760479));
#4449=CARTESIAN_POINT('',(-0.0812223345159716,-0.132172387287566,0.13814750421788));
#4450=CARTESIAN_POINT('',(-0.0812223345159777,-0.121801487830165,0.148518403675282));
#4451=CARTESIAN_POINT('',(-0.0812223345159777,-0.121801487830164,0.148518403675282));
#4452=CARTESIAN_POINT('',(-0.0812223345159777,-0.121801487830193,0.14851840367531));
#4453=CARTESIAN_POINT('',(-0.0812223345159789,-0.119680167486623,0.146397083331741));
#4454=CARTESIAN_POINT('',(-0.0812223345159801,-0.117558847143054,0.144275762988172));
#4455=CARTESIAN_POINT('',(-0.0812223345159814,-0.115437526799485,0.142154442644602));
#4456=CARTESIAN_POINT('',(-0.000316879850535865,-0.155035506545885,0.116698598521887));
#4457=CARTESIAN_POINT('',(-0.000316879850539978,-0.147964438734019,0.109627530710021));
#4458=CARTESIAN_POINT('',(-0.0792223345159626,-0.147964438734065,0.109627530710021));
#4459=CARTESIAN_POINT('',(0.0785885748148823,-0.147964438733973,0.109627530710021));
#4460=CARTESIAN_POINT('',(0.0785885748148823,-0.147964438733975,0.109627530710023));
#4461=CARTESIAN_POINT('',(0.0785885748148836,-0.150085759077534,0.111748851053582));
#4462=CARTESIAN_POINT('',(0.0785885748148849,-0.152207079421093,0.113870171397141));
#4463=CARTESIAN_POINT('',(0.0785885748148862,-0.154328399764653,0.1159914917407));
#4464=CARTESIAN_POINT('',(0.0785885748148847,-0.154328399764653,0.1159914917407));
#4465=CARTESIAN_POINT('',(0.0785885748148848,-0.154328399764653,0.1159914917407));
#4466=CARTESIAN_POINT('',(0.0259849383712701,-0.154328399764683,0.1159914917407));
#4467=CARTESIAN_POINT('',(-0.0266186980723447,-0.154328399764714,0.1159914917407));
#4468=CARTESIAN_POINT('',(-0.0792223345159595,-0.154328399764744,0.1159914917407));
#4469=CARTESIAN_POINT('',(-0.0792223345159593,-0.154328399764744,0.1159914917407));
#4470=CARTESIAN_POINT('',(-0.0792223345159588,-0.154328399764744,0.1159914917407));
#4471=CARTESIAN_POINT('',(-0.0792223345159601,-0.152207079421185,0.113870171397141));
#4472=CARTESIAN_POINT('',(-0.0792223345159614,-0.150085759077626,0.111748851053582));
#4473=CARTESIAN_POINT('',(-0.0792223345159627,-0.147964438734067,0.109627530710023));
#4474=CARTESIAN_POINT('',(-0.0802223345159682,-0.138064943797454,0.133669161270364));
#4475=CARTESIAN_POINT('',(-0.0802223345159723,-0.130993875985589,0.126598093458498));
#4476=CARTESIAN_POINT('',(-0.0802223345159818,-0.114730420018298,0.142861549425789));
#4477=CARTESIAN_POINT('',(-0.0802223345159628,-0.147257331952879,0.110334637491208));
#4478=CARTESIAN_POINT('',(-0.0802223345159777,-0.121801487830164,0.149932617237655));
#4479=CARTESIAN_POINT('',(-0.0802223345159818,-0.121801487830164,0.149932617237655));
#4480=CARTESIAN_POINT('',(-0.0802223345159682,-0.138064943797454,0.133669161270364));
#4481=CARTESIAN_POINT('',(-0.0802223345159628,-0.154328399764745,0.117405705303073));
#4482=CARTESIAN_POINT('',(-0.0802223345159587,-0.154328399764745,0.117405705303073));
#4483=CARTESIAN_POINT('',(-0.000316879850555224,-0.121801487830117,0.149932617237655));
#4484=CARTESIAN_POINT('',(-0.000316879850559338,-0.114730420018252,0.142861549425789));
#4485=CARTESIAN_POINT('',(0.0795885748148631,-0.114730420018205,0.142861549425789));
#4486=CARTESIAN_POINT('',(0.0795885748148672,-0.121801487830071,0.149932617237655));
#4487=CARTESIAN_POINT('',(0.0795885748148672,-0.121801487830071,0.149932617237655));
#4488=CARTESIAN_POINT('',(-0.000316879850555224,-0.121801487830117,0.149932617237655));
#4489=CARTESIAN_POINT('',(0.0795885748148767,-0.138064943797361,0.133669161270364));
#4490=CARTESIAN_POINT('',(0.0795885748148726,-0.130993875985496,0.126598093458499));
#4491=CARTESIAN_POINT('',(0.0795885748148821,-0.147257331952786,0.110334637491208));
#4492=CARTESIAN_POINT('',(0.0795885748148862,-0.154328399764652,0.117405705303073));
#4493=CARTESIAN_POINT('',(0.0795885748148862,-0.154328399764652,0.117405705303073));
#4494=CARTESIAN_POINT('',(0.0795885748148767,-0.138064943797361,0.133669161270364));
#4495=CARTESIAN_POINT('',(-0.000316879850536281,-0.154328399764699,0.117405705303073));
#4496=CARTESIAN_POINT('',(-0.000316879850540394,-0.147257331952833,0.110334637491208));
#4497=CARTESIAN_POINT('',(-0.000316879850536281,-0.154328399764699,0.117405705303073));
#4498=CARTESIAN_POINT('',(0.0805885748148767,-0.138064943797361,0.133669161270364));
#4499=CARTESIAN_POINT('',(0.0805885748148672,-0.121801487830076,0.148518403675276));
#4500=CARTESIAN_POINT('',(0.0805885748148733,-0.132172387287475,0.138147504217877));
#4501=CARTESIAN_POINT('',(0.0805885748148793,-0.142543286744874,0.127776604760478));
#4502=CARTESIAN_POINT('',(0.0805885748148854,-0.152914186202273,0.117405705303079));
#4503=CARTESIAN_POINT('',(0.0805885748148672,-0.121801487830076,0.148518403675276));
#4504=CARTESIAN_POINT('',(0.0805885748148854,-0.152914186202272,0.117405705303079));
#4505=CARTESIAN_POINT('',(0.0805885748148854,-0.152914186202278,0.117405705303073));
#4506=CARTESIAN_POINT('',(0.0805885748148841,-0.150792865858719,0.115284384959514));
#4507=CARTESIAN_POINT('',(0.0805885748148829,-0.14867154551516,0.113163064615955));
#4508=CARTESIAN_POINT('',(0.0805885748148817,-0.146550225171601,0.111041744272396));
#4509=CARTESIAN_POINT('',(0.0805885748148816,-0.146550225171599,0.111041744272394));
#4510=CARTESIAN_POINT('',(0.0805885748148726,-0.130993875985495,0.126598093458499));
#4511=CARTESIAN_POINT('',(0.0805885748148635,-0.115437526799391,0.142154442644603));
#4512=CARTESIAN_POINT('',(0.0805885748148635,-0.115437526799393,0.142154442644605));
#4513=CARTESIAN_POINT('',(0.0805885748148648,-0.117558847142952,0.144275762988164));
#4514=CARTESIAN_POINT('',(0.080588574814866,-0.119680167486511,0.146397083331723));
#4515=CARTESIAN_POINT('',(0.0805885748148672,-0.12180148783007,0.148518403675282));
#4516=CARTESIAN_POINT('',(-0.000316879850549859,-0.130993875985542,0.126598093458499));
#4517=CARTESIAN_POINT('',(0.0805885748148816,-0.146550225171599,0.111041744272394));
#4518=CARTESIAN_POINT('',(0.0805885748148816,-0.147493034213181,0.110098935230812));
#4519=CARTESIAN_POINT('',(0.0799219081482152,-0.147964438733973,0.109627530710021));
#4520=CARTESIAN_POINT('',(0.0785885748148823,-0.147964438733973,0.109627530710021));
#4521=CARTESIAN_POINT('',(-0.0792223345159627,-0.147964438734065,0.109627530710021));
#4522=CARTESIAN_POINT('',(-0.0805556678492964,-0.147964438734066,0.109627530710022));
#4523=CARTESIAN_POINT('',(-0.0812223345159633,-0.147493034213275,0.110098935230813));
#4524=CARTESIAN_POINT('',(-0.0812223345159633,-0.146550225171693,0.111041744272394));
#4525=CARTESIAN_POINT('',(-0.0812223345159813,-0.115437526799485,0.142154442644603));
#4526=CARTESIAN_POINT('',(-0.0812223345159813,-0.114494717757903,0.143097251686185));
#4527=CARTESIAN_POINT('',(-0.080555667849315,-0.114023313237112,0.143568656206976));
#4528=CARTESIAN_POINT('',(-0.0792223345159824,-0.114023313237111,0.143568656206976));
#4529=CARTESIAN_POINT('',(0.0785885748148625,-0.114023313237019,0.143568656206976));
#4530=CARTESIAN_POINT('',(0.0799219081481965,-0.114023313237019,0.143568656206976));
#4531=CARTESIAN_POINT('',(0.0805885748148635,-0.11449471775781,0.143097251686185));
#4532=CARTESIAN_POINT('',(0.0805885748148635,-0.115437526799391,0.142154442644603));
#4533=CARTESIAN_POINT('',(-0.0752223345159676,-0.139020188945953,0.134128129684235));
#4534=CARTESIAN_POINT('',(-0.075222334515968,-0.138313082164767,0.133421022903049));
#4535=CARTESIAN_POINT('',(-0.0752223345159637,-0.145737703367225,0.12599640170059));
#4536=CARTESIAN_POINT('',(-0.0752223345159724,-0.130888460962308,0.140845644105507));
#4537=CARTESIAN_POINT('',(-0.0752223345159719,-0.131595567743495,0.141552750886694));
#4538=CARTESIAN_POINT('',(-0.0752223345159719,-0.131595567743495,0.141552750886694));
#4539=CARTESIAN_POINT('',(-0.0752223345159676,-0.139020188945953,0.134128129684235));
#4540=CARTESIAN_POINT('',(-0.0752223345159633,-0.146444810148412,0.126703508481776));
#4541=CARTESIAN_POINT('',(-0.0752223345159633,-0.146444810148412,0.126703508481776));
#4542=CARTESIAN_POINT('',(-0.067722334515972,-0.13159556774349,0.141552750886694));
#4543=CARTESIAN_POINT('',(-0.0677223345159724,-0.130888460962304,0.140845644105507));
#4544=CARTESIAN_POINT('',(-0.0602223345159724,-0.130888460962299,0.140845644105507));
#4545=CARTESIAN_POINT('',(-0.060222334515972,-0.131595567743486,0.141552750886694));
#4546=CARTESIAN_POINT('',(-0.060222334515972,-0.131595567743486,0.141552750886694));
#4547=CARTESIAN_POINT('',(-0.067722334515972,-0.13159556774349,0.141552750886694));
#4548=CARTESIAN_POINT('',(-0.0602223345159676,-0.139020188945945,0.134128129684235));
#4549=CARTESIAN_POINT('',(-0.060222334515968,-0.138313082164758,0.133421022903048));
#4550=CARTESIAN_POINT('',(-0.0602223345159637,-0.145737703367217,0.12599640170059));
#4551=CARTESIAN_POINT('',(-0.0602223345159633,-0.146444810148403,0.126703508481776));
#4552=CARTESIAN_POINT('',(-0.0602223345159633,-0.146444810148403,0.126703508481776));
#4553=CARTESIAN_POINT('',(-0.0602223345159676,-0.139020188945945,0.134128129684235));
#4554=CARTESIAN_POINT('',(-0.0577843450903084,-0.139057078807503,0.134091239822676));
#4555=CARTESIAN_POINT('',(-0.0577843450903088,-0.138349972026316,0.133384133041489));
#4556=CARTESIAN_POINT('',(-0.0577843450903045,-0.145774593228775,0.12595951183903));
#4557=CARTESIAN_POINT('',(-0.0577843450903132,-0.130925350823857,0.140808754243948));
#4558=CARTESIAN_POINT('',(-0.0577843450903127,-0.131632457605044,0.141515861025134));
#4559=CARTESIAN_POINT('',(-0.0577843450903127,-0.131632457605044,0.141515861025134));
#4560=CARTESIAN_POINT('',(-0.0577843450903084,-0.139057078807503,0.134091239822676));
#4561=CARTESIAN_POINT('',(-0.0577843450903041,-0.146481700009961,0.126666618620217));
#4562=CARTESIAN_POINT('',(-0.0577843450903041,-0.146481700009961,0.126666618620217));
#4563=CARTESIAN_POINT('',(-0.0502843450903127,-0.13163245760504,0.141515861025134));
#4564=CARTESIAN_POINT('',(-0.0502843450903132,-0.130925350823853,0.140808754243948));
#4565=CARTESIAN_POINT('',(-0.0427843450903132,-0.130925350823849,0.140808754243948));
#4566=CARTESIAN_POINT('',(-0.0427843450903128,-0.131632457605035,0.141515861025134));
#4567=CARTESIAN_POINT('',(-0.0427843450903128,-0.131632457605035,0.141515861025134));
#4568=CARTESIAN_POINT('',(-0.0502843450903127,-0.13163245760504,0.141515861025134));
#4569=CARTESIAN_POINT('',(-0.0427843450903084,-0.139057078807494,0.134091239822676));
#4570=CARTESIAN_POINT('',(-0.0427843450903089,-0.138349972026307,0.133384133041489));
#4571=CARTESIAN_POINT('',(-0.0427843450903045,-0.145774593228766,0.12595951183903));
#4572=CARTESIAN_POINT('',(-0.0427843450903041,-0.146481700009953,0.126666618620217));
#4573=CARTESIAN_POINT('',(-0.0427843450903041,-0.146481700009953,0.126666618620217));
#4574=CARTESIAN_POINT('',(-0.0427843450903084,-0.139057078807494,0.134091239822676));
#4575=CARTESIAN_POINT('',(0.0652877205884538,-0.14003205198819,0.133116266641916));
#4576=CARTESIAN_POINT('',(0.0643936485851505,-0.140032051988191,0.133116266641916));
#4577=CARTESIAN_POINT('',(0.0643936485851503,-0.1396784985976,0.132762713251325));
#4578=CARTESIAN_POINT('',(0.0643936485851501,-0.139324945207004,0.13240915986073));
#4579=CARTESIAN_POINT('',(0.06439364858515,-0.139678498597597,0.132762713251323));
#4580=CARTESIAN_POINT('',(0.0649896965873523,-0.139678498597597,0.132762713251323));
#4581=CARTESIAN_POINT('',(0.0655857445895546,-0.139678498597597,0.132762713251323));
#4582=CARTESIAN_POINT('',(0.0661817925917569,-0.139678498597596,0.132762713251323));
#4583=CARTESIAN_POINT('',(0.0661817925917568,-0.139678498597596,0.132762713251323));
#4584=CARTESIAN_POINT('',(0.066181792591757,-0.14003205198819,0.133116266641916));
#4585=CARTESIAN_POINT('',(0.0661817925917566,-0.139324945207003,0.13240915986073));
#4586=CARTESIAN_POINT('',(0.0652877205884533,-0.139324945207004,0.13240915986073));
#4587=CARTESIAN_POINT('',(0.0523417925320339,-0.136673294555697,0.136475024074417));
#4588=CARTESIAN_POINT('',(0.0643936488324744,-0.133314537566919,0.139833781063189));
#4589=CARTESIAN_POINT('',(0.0643936366973177,-0.13296098755687,0.139480224292051));
#4590=CARTESIAN_POINT('',(0.064393648832474,-0.132607430785732,0.139126674282002));
#4591=CARTESIAN_POINT('',(0.0643936488310966,-0.132960984173854,0.139480227675066));
#4592=CARTESIAN_POINT('',(0.0632987118743793,-0.130996563572233,0.141444648276689));
#4593=CARTESIAN_POINT('',(0.0591150486725413,-0.127633948902422,0.144807262946503));
#4594=CARTESIAN_POINT('',(0.0497236626832801,-0.126574090889858,0.145867120959072));
#4595=CARTESIAN_POINT('',(0.0415362467952681,-0.129993870670781,0.142447341178155));
#4596=CARTESIAN_POINT('',(0.0383133558546285,-0.136319740906861,0.136121470942077));
#4597=CARTESIAN_POINT('',(0.0415362463294592,-0.142645611261599,0.129795600587337));
#4598=CARTESIAN_POINT('',(0.049723661965654,-0.146065391343959,0.126375820504973));
#4599=CARTESIAN_POINT('',(0.0591150480329583,-0.14500553367716,0.127435678171767));
#4600=CARTESIAN_POINT('',(0.0632987114824042,-0.14164291916138,0.130798292687546));
#4601=CARTESIAN_POINT('',(0.0643936485837728,-0.139678498600071,0.132762713248854));
#4602=CARTESIAN_POINT('',(0.0523417925320335,-0.13596618777451,0.135767917293231));
#4603=CARTESIAN_POINT('',(0.0652877207121138,-0.133314537566918,0.139833781063189));
#4604=CARTESIAN_POINT('',(0.0661817925917531,-0.133314537566918,0.139833781063189));
#4605=CARTESIAN_POINT('',(0.0661817925917529,-0.132960984176348,0.139480227672619));
#4606=CARTESIAN_POINT('',(0.0661817925917527,-0.132607430785731,0.139126674282002));
#4607=CARTESIAN_POINT('',(0.066181792591753,-0.132960984176324,0.139480227672595));
#4608=CARTESIAN_POINT('',(0.0655857446719933,-0.132960984176325,0.139480227672595));
#4609=CARTESIAN_POINT('',(0.0649896967522335,-0.132960984176325,0.139480227672595));
#4610=CARTESIAN_POINT('',(0.0643936488324738,-0.132960984176325,0.139480227672595));
#4611=CARTESIAN_POINT('',(0.0652877207121133,-0.132607430785732,0.139126674282002));
#4612=CARTESIAN_POINT('',(0.0661817925917534,-0.133639806686263,0.139508511943843));
#4613=CARTESIAN_POINT('',(0.0666417925917533,-0.133639806686263,0.139508511943843));
#4614=CARTESIAN_POINT('',(0.0666417925917531,-0.13328625329567,0.13915495855325));
#4615=CARTESIAN_POINT('',(0.0666417925917529,-0.132932699905077,0.138801405162656));
#4616=CARTESIAN_POINT('',(0.0666417925917532,-0.13328625329567,0.13915495855325));
#4617=CARTESIAN_POINT('',(0.0666417925917531,-0.133115942783041,0.139325269065879));
#4618=CARTESIAN_POINT('',(0.0664226480285283,-0.132960984176324,0.139480227672595));
#4619=CARTESIAN_POINT('',(0.0661817925917532,-0.132960984176324,0.139480227672596));
#4620=CARTESIAN_POINT('',(0.0661817925917529,-0.132932699905077,0.138801405162656));
#4621=CARTESIAN_POINT('',(0.0666417925917551,-0.136673294777553,0.136475023852553));
#4622=CARTESIAN_POINT('',(0.0666417925917568,-0.139706782868844,0.133441535761262));
#4623=CARTESIAN_POINT('',(0.0666417925917566,-0.139353229478274,0.133087982370693));
#4624=CARTESIAN_POINT('',(0.0666417925917564,-0.138999676087657,0.132734428980075));
#4625=CARTESIAN_POINT('',(0.0666417925917567,-0.139353229478251,0.133087982370669));
#4626=CARTESIAN_POINT('',(0.0666417925917555,-0.137330904084057,0.135110307764862));
#4627=CARTESIAN_POINT('',(0.0666417925917543,-0.135308578689863,0.137132633159056));
#4628=CARTESIAN_POINT('',(0.0666417925917531,-0.13328625329567,0.13915495855325));
#4629=CARTESIAN_POINT('',(0.0666417925917547,-0.135966187996367,0.135767917071366));
#4630=CARTESIAN_POINT('',(-0.0148420256468541,-0.147434108648138,0.125714209982015));
#4631=CARTESIAN_POINT('',(-0.014542025646854,-0.147716951360612,0.12543136726954));
#4632=CARTESIAN_POINT('',(-0.0145422673551865,-0.147363397970019,0.125077813878947));
#4633=CARTESIAN_POINT('',(-0.0145420256468544,-0.147009844579426,0.124724260488354));
#4634=CARTESIAN_POINT('',(-0.0145420266428523,-0.147363398498225,0.125077813350741));
#4635=CARTESIAN_POINT('',(-0.0144590124806279,-0.147319373818821,0.125121838030145));
#4636=CARTESIAN_POINT('',(-0.0143961862988459,-0.147256616286297,0.125184595562669));
#4637=CARTESIAN_POINT('',(-0.0143650560461467,-0.147186621274724,0.125254590574242));
#4638=CARTESIAN_POINT('',(-0.0143650560461458,-0.147186621274722,0.125254590574244));
#4639=CARTESIAN_POINT('',(-0.0143650560461458,-0.147186621274723,0.125254590574244));
#4640=CARTESIAN_POINT('',(-0.0143650560461459,-0.147068770144525,0.125136739444046));
#4641=CARTESIAN_POINT('',(-0.014365056046146,-0.146950919014327,0.125018888313848));
#4642=CARTESIAN_POINT('',(-0.0143650560461461,-0.146833067884129,0.124901037183651));
#4643=CARTESIAN_POINT('',(-0.0143650560461461,-0.146833067884129,0.12490103718365));
#4644=CARTESIAN_POINT('',(-0.0148420256468545,-0.146727001866951,0.125007103200829));
#4645=CARTESIAN_POINT('',(-0.000342025646853996,-0.147716951360604,0.125431367269541));
#4646=CARTESIAN_POINT('',(-0.015142025646854,-0.147716951360613,0.12543136726954));
#4647=CARTESIAN_POINT('',(-0.0151417839385217,-0.147363397970019,0.125077813878947));
#4648=CARTESIAN_POINT('',(-0.0151420256468544,-0.147009844579426,0.124724260488354));
#4649=CARTESIAN_POINT('',(-0.0151417839385217,-0.14736339797002,0.125077813878947));
#4650=CARTESIAN_POINT('',(-0.01494194507741,-0.147363397970019,0.125077813878947));
#4651=CARTESIAN_POINT('',(-0.0147421062162983,-0.147363397970019,0.125077813878947));
#4652=CARTESIAN_POINT('',(-0.0145422673551865,-0.147363397970019,0.125077813878947));
#4653=CARTESIAN_POINT('',(-0.000342025646854407,-0.147009844579418,0.124724260488354));
#4654=CARTESIAN_POINT('',(-0.0148420256468541,-0.147434108648138,0.125714209982015));
#4655=CARTESIAN_POINT('',(-0.0153189952475629,-0.14683306788413,0.124901037183651));
#4656=CARTESIAN_POINT('',(-0.0153189952475628,-0.146950919014328,0.125018888313848));
#4657=CARTESIAN_POINT('',(-0.0153189952475628,-0.147068770144525,0.125136739444046));
#4658=CARTESIAN_POINT('',(-0.0153189952475627,-0.147186621274723,0.125254590574244));
#4659=CARTESIAN_POINT('',(-0.0153189952475629,-0.14683306788413,0.12490103718365));
#4660=CARTESIAN_POINT('',(-0.0153189952475627,-0.147186621274723,0.125254590574244));
#4661=CARTESIAN_POINT('',(-0.0153189952475619,-0.147186621274725,0.125254590574242));
#4662=CARTESIAN_POINT('',(-0.0152878649948626,-0.147256616286297,0.125184595562669));
#4663=CARTESIAN_POINT('',(-0.0152250388130804,-0.147319373818821,0.125121838030145));
#4664=CARTESIAN_POINT('',(-0.015142024650856,-0.147363398498225,0.12507781335074));
#4665=CARTESIAN_POINT('',(-0.0148420256468545,-0.146727001866951,0.125007103200829));
#4666=CARTESIAN_POINT('',(0.0343079743531458,-0.147292687291872,0.125855631338252));
#4667=CARTESIAN_POINT('',(0.0343079743531454,-0.146585580510685,0.125148524557066));
#4668=CARTESIAN_POINT('',(-0.0157959648482715,-0.146585580510715,0.125148524557066));
#4669=CARTESIAN_POINT('',(-0.0248880864454376,-0.14658558051072,0.125148524557066));
#4670=CARTESIAN_POINT('',(-0.0248880864454377,-0.14658558051072,0.125148524557066));
#4671=CARTESIAN_POINT('',(-0.0248880864454376,-0.146703431640918,0.125266375687264));
#4672=CARTESIAN_POINT('',(-0.0248880864454375,-0.146821282771116,0.125384226817462));
#4673=CARTESIAN_POINT('',(-0.0248880864454375,-0.146939133901313,0.125502077947659));
#4674=CARTESIAN_POINT('',(-0.0248880864454368,-0.146939133901313,0.125502077947659));
#4675=CARTESIAN_POINT('',(-0.0248880864454369,-0.146939133901313,0.125502077947659));
#4676=CARTESIAN_POINT('',(-0.0218573792463815,-0.146939133901311,0.125502077947659));
#4677=CARTESIAN_POINT('',(-0.0188266720473262,-0.14693913390131,0.125502077947659));
#4678=CARTESIAN_POINT('',(-0.0157959648482709,-0.146939133901308,0.125502077947659));
#4679=CARTESIAN_POINT('',(-0.0157959648482713,-0.146939133901308,0.125502077947659));
#4680=CARTESIAN_POINT('',(-0.0157959648482714,-0.146939133901308,0.125502077947659));
#4681=CARTESIAN_POINT('',(-0.0157959648482715,-0.14682128277111,0.125384226817461));
#4682=CARTESIAN_POINT('',(-0.0157959648482716,-0.146703431640913,0.125266375687264));
#4683=CARTESIAN_POINT('',(-0.0157959648482717,-0.146585580510715,0.125148524557066));
#4684=CARTESIAN_POINT('',(-0.0258420256468541,-0.147434108648144,0.125714209982015));
#4685=CARTESIAN_POINT('',(-0.025542025646854,-0.147716951360619,0.12543136726954));
#4686=CARTESIAN_POINT('',(-0.0255422673551868,-0.147363397970026,0.125077813878948));
#4687=CARTESIAN_POINT('',(-0.0255420256468544,-0.147009844579432,0.124724260488354));
#4688=CARTESIAN_POINT('',(-0.0255420266428523,-0.147363398498233,0.125077813350742));
#4689=CARTESIAN_POINT('',(-0.0254590124806279,-0.147319373818828,0.125121838030146));
#4690=CARTESIAN_POINT('',(-0.0253961862988459,-0.147256616286303,0.12518459556267));
#4691=CARTESIAN_POINT('',(-0.0253650560461467,-0.147186621274731,0.125254590574242));
#4692=CARTESIAN_POINT('',(-0.0253650560461458,-0.147186621274729,0.125254590574244));
#4693=CARTESIAN_POINT('',(-0.0253650560461458,-0.147186621274729,0.125254590574244));
#4694=CARTESIAN_POINT('',(-0.0253650560461458,-0.147068770144531,0.125136739444046));
#4695=CARTESIAN_POINT('',(-0.0253650560461459,-0.146950919014333,0.125018888313848));
#4696=CARTESIAN_POINT('',(-0.025365056046146,-0.146833067884135,0.124901037183651));
#4697=CARTESIAN_POINT('',(-0.025365056046146,-0.146833067884135,0.124901037183651));
#4698=CARTESIAN_POINT('',(-0.0258420256468546,-0.146727001866958,0.125007103200829));
#4699=CARTESIAN_POINT('',(-0.000342025646853996,-0.147716951360604,0.125431367269541));
#4700=CARTESIAN_POINT('',(-0.033142025646854,-0.147716951360623,0.12543136726954));
#4701=CARTESIAN_POINT('',(-0.0331417839385219,-0.14736339797003,0.125077813878947));
#4702=CARTESIAN_POINT('',(-0.0331420256468543,-0.147009844579437,0.124724260488354));
#4703=CARTESIAN_POINT('',(-0.0331417839385219,-0.14736339797003,0.125077813878947));
#4704=CARTESIAN_POINT('',(-0.0306086117440768,-0.147363397970029,0.125077813878947));
#4705=CARTESIAN_POINT('',(-0.0280754395496318,-0.147363397970027,0.125077813878947));
#4706=CARTESIAN_POINT('',(-0.0255422673551867,-0.147363397970026,0.125077813878947));
#4707=CARTESIAN_POINT('',(-0.000342025646854407,-0.147009844579418,0.124724260488354));
#4708=CARTESIAN_POINT('',(-0.0328420256468542,-0.147434108648148,0.125714209982015));
#4709=CARTESIAN_POINT('',(-0.033318995247563,-0.14683306788414,0.124901037183651));
#4710=CARTESIAN_POINT('',(-0.0333189952475629,-0.146950919014338,0.125018888313848));
#4711=CARTESIAN_POINT('',(-0.0333189952475628,-0.147068770144536,0.125136739444046));
#4712=CARTESIAN_POINT('',(-0.0333189952475628,-0.147186621274734,0.125254590574244));
#4713=CARTESIAN_POINT('',(-0.0333189952475629,-0.14683306788414,0.124901037183651));
#4714=CARTESIAN_POINT('',(-0.0333189952475628,-0.147186621274733,0.125254590574244));
#4715=CARTESIAN_POINT('',(-0.0333189952475619,-0.147186621274735,0.125254590574242));
#4716=CARTESIAN_POINT('',(-0.0332878649948626,-0.147256616286308,0.125184595562669));
#4717=CARTESIAN_POINT('',(-0.0332250388130805,-0.147319373818832,0.125121838030145));
#4718=CARTESIAN_POINT('',(-0.0331420246508561,-0.147363398498236,0.125077813350741));
#4719=CARTESIAN_POINT('',(-0.0328420256468545,-0.146727001866962,0.125007103200829));
#4720=CARTESIAN_POINT('',(0.0343079743531458,-0.147292687291872,0.125855631338252));
#4721=CARTESIAN_POINT('',(-0.0349920256468542,-0.147292687291912,0.125855631338252));
#4722=CARTESIAN_POINT('',(-0.0349920256468544,-0.146939133901319,0.125502077947659));
#4723=CARTESIAN_POINT('',(-0.0349920256468546,-0.146585580510726,0.125148524557066));
#4724=CARTESIAN_POINT('',(-0.0349920256468543,-0.146939133901319,0.125502077947659));
#4725=CARTESIAN_POINT('',(-0.0345933387139934,-0.146939133901319,0.125502077947659));
#4726=CARTESIAN_POINT('',(-0.0341946517811324,-0.146939133901319,0.125502077947659));
#4727=CARTESIAN_POINT('',(-0.0337959648482715,-0.146939133901318,0.125502077947659));
#4728=CARTESIAN_POINT('',(-0.0337959648482714,-0.146939133901318,0.125502077947659));
#4729=CARTESIAN_POINT('',(-0.0337959648482714,-0.146939133901318,0.125502077947659));
#4730=CARTESIAN_POINT('',(-0.0337959648482715,-0.146821282771121,0.125384226817462));
#4731=CARTESIAN_POINT('',(-0.0337959648482716,-0.146703431640923,0.125266375687264));
#4732=CARTESIAN_POINT('',(-0.0337959648482717,-0.146585580510725,0.125148524557066));
#4733=CARTESIAN_POINT('',(-0.0337959648482716,-0.146585580510725,0.125148524557066));
#4734=CARTESIAN_POINT('',(0.0343079743531454,-0.146585580510685,0.125148524557066));
#4735=CARTESIAN_POINT('',(-0.0349920256468543,-0.147009844579438,0.126138474050727));
#4736=CARTESIAN_POINT('',(-0.0353920256468543,-0.147009844579438,0.126138474050727));
#4737=CARTESIAN_POINT('',(-0.0353920256468546,-0.146656291188845,0.125784920660134));
#4738=CARTESIAN_POINT('',(-0.0353920256468548,-0.146302737798251,0.12543136726954));
#4739=CARTESIAN_POINT('',(-0.0353920256468546,-0.146656291188845,0.125784920660134));
#4740=CARTESIAN_POINT('',(-0.0353920256468545,-0.146804387286783,0.125636824562195));
#4741=CARTESIAN_POINT('',(-0.0352014651570937,-0.146939133901319,0.125502077947659));
#4742=CARTESIAN_POINT('',(-0.0349920256468544,-0.146939133901319,0.125502077947659));
#4743=CARTESIAN_POINT('',(-0.0349920256468548,-0.146302737798251,0.12543136726954));
#4744=CARTESIAN_POINT('',(-0.0353920256468543,-0.147009844579438,0.126138474050727));
#4745=CARTESIAN_POINT('',(-0.0353920256468635,-0.131241363358978,0.141906955271187));
#4746=CARTESIAN_POINT('',(-0.0353920256468638,-0.130887809968385,0.141553401880594));
#4747=CARTESIAN_POINT('',(-0.035392025646864,-0.130534256577792,0.141199848490001));
#4748=CARTESIAN_POINT('',(-0.0353920256468637,-0.130887809968385,0.141553401880594));
#4749=CARTESIAN_POINT('',(-0.0353920256468607,-0.136143970375205,0.136297241473774));
#4750=CARTESIAN_POINT('',(-0.0353920256468576,-0.141400130782025,0.131041081066954));
#4751=CARTESIAN_POINT('',(-0.0353920256468546,-0.146656291188845,0.125784920660134));
#4752=CARTESIAN_POINT('',(-0.0353920256468548,-0.146302737798251,0.12543136726954));
#4753=CARTESIAN_POINT('',(-0.0349920256468635,-0.131241363358978,0.141906955271187));
#4754=CARTESIAN_POINT('',(-0.0349920256468637,-0.130958520646503,0.142189797983662));
#4755=CARTESIAN_POINT('',(-0.0349920256468639,-0.13060496725591,0.141836244593069));
#4756=CARTESIAN_POINT('',(-0.0349920256468641,-0.130251413865317,0.141482691202475));
#4757=CARTESIAN_POINT('',(-0.0349920256468638,-0.13060496725591,0.141836244593069));
#4758=CARTESIAN_POINT('',(-0.0352014651571031,-0.13060496725591,0.141836244593069));
#4759=CARTESIAN_POINT('',(-0.0353920256468639,-0.130739713870446,0.141701497978533));
#4760=CARTESIAN_POINT('',(-0.0353920256468638,-0.130887809968385,0.141553401880594));
#4761=CARTESIAN_POINT('',(-0.0349920256468639,-0.130534256577791,0.141199848490001));
#4762=CARTESIAN_POINT('',(-0.0349920256468637,-0.130958520646503,0.142189797983662));
#4763=CARTESIAN_POINT('',(-0.0337959648482811,-0.130251413865316,0.141482691202476));
#4764=CARTESIAN_POINT('',(-0.033795964848281,-0.130369264995514,0.141600542332673));
#4765=CARTESIAN_POINT('',(-0.0337959648482809,-0.130487116125712,0.141718393462871));
#4766=CARTESIAN_POINT('',(-0.0337959648482809,-0.130604967255909,0.141836244593069));
#4767=CARTESIAN_POINT('',(-0.0337959648482811,-0.130251413865316,0.141482691202475));
#4768=CARTESIAN_POINT('',(-0.0337959648482809,-0.130604967255909,0.141836244593069));
#4769=CARTESIAN_POINT('',(-0.0337959648482809,-0.130604967255909,0.141836244593069));
#4770=CARTESIAN_POINT('',(-0.0341946517811419,-0.13060496725591,0.141836244593069));
#4771=CARTESIAN_POINT('',(-0.0345933387140029,-0.13060496725591,0.141836244593069));
#4772=CARTESIAN_POINT('',(-0.0349920256468639,-0.13060496725591,0.141836244593069));
#4773=CARTESIAN_POINT('',(-0.0349920256468641,-0.130251413865317,0.141482691202475));
#4774=CARTESIAN_POINT('',(-0.0328420256468638,-0.130817099290265,0.142331219339899));
#4775=CARTESIAN_POINT('',(-0.033142025646864,-0.13053425657779,0.142614062052374));
#4776=CARTESIAN_POINT('',(-0.0331419376850436,-0.130180785385203,0.142260426463774));
#4777=CARTESIAN_POINT('',(-0.0331420256468644,-0.129827149796604,0.141906955271187));
#4778=CARTESIAN_POINT('',(-0.0331420251490106,-0.130180702923171,0.142260508925807));
#4779=CARTESIAN_POINT('',(-0.0332250390676504,-0.130224727587617,0.14221648426136));
#4780=CARTESIAN_POINT('',(-0.0332878650571404,-0.130287485010926,0.142153726838051));
#4781=CARTESIAN_POINT('',(-0.0333189952475717,-0.130357479882492,0.142083731966486));
#4782=CARTESIAN_POINT('',(-0.0333189952475725,-0.130357479882494,0.142083731966484));
#4783=CARTESIAN_POINT('',(-0.0333189952475725,-0.130357479882494,0.142083731966484));
#4784=CARTESIAN_POINT('',(-0.0333189952475726,-0.130239628752296,0.141965880836286));
#4785=CARTESIAN_POINT('',(-0.0333189952475727,-0.130121777622098,0.141848029706089));
#4786=CARTESIAN_POINT('',(-0.0333189952475727,-0.130003926491901,0.141730178575891));
#4787=CARTESIAN_POINT('',(-0.0333189952475728,-0.1300039264919,0.141730178575891));
#4788=CARTESIAN_POINT('',(-0.0328420256468642,-0.130109992509078,0.141624112558713));
#4789=CARTESIAN_POINT('',(-0.00034202564686394,-0.130534256577771,0.142614062052374));
#4790=CARTESIAN_POINT('',(-0.0255420256468639,-0.130534256577786,0.142614062052374));
#4791=CARTESIAN_POINT('',(-0.0255420256468641,-0.130180703187193,0.14226050866178));
#4792=CARTESIAN_POINT('',(-0.0255420256468643,-0.129827149796599,0.141906955271187));
#4793=CARTESIAN_POINT('',(-0.025542025646864,-0.130180703187193,0.142260508661781));
#4794=CARTESIAN_POINT('',(-0.0280753296595905,-0.130180703187194,0.142260508661781));
#4795=CARTESIAN_POINT('',(-0.0306086336723171,-0.130180703187196,0.142260508661781));
#4796=CARTESIAN_POINT('',(-0.0331419376850436,-0.130180703187197,0.142260508661781));
#4797=CARTESIAN_POINT('',(-0.000342025646864351,-0.129827149796585,0.141906955271187));
#4798=CARTESIAN_POINT('',(-0.0258420256468638,-0.130817099290261,0.142331219339899));
#4799=CARTESIAN_POINT('',(-0.0253650560461558,-0.130003926491896,0.141730178575891));
#4800=CARTESIAN_POINT('',(-0.0253650560461557,-0.130121777622094,0.141848029706089));
#4801=CARTESIAN_POINT('',(-0.0253650560461557,-0.130239628752291,0.141965880836286));
#4802=CARTESIAN_POINT('',(-0.0253650560461556,-0.130357479882489,0.142083731966484));
#4803=CARTESIAN_POINT('',(-0.0253650560461558,-0.130003926491896,0.141730178575891));
#4804=CARTESIAN_POINT('',(-0.0253650560461556,-0.130357479882489,0.142083731966484));
#4805=CARTESIAN_POINT('',(-0.0253650560461565,-0.130357479882487,0.142083731966486));
#4806=CARTESIAN_POINT('',(-0.0253961861743561,-0.130287485150847,0.142153726698126));
#4807=CARTESIAN_POINT('',(-0.0254590119716667,-0.13022472783669,0.142216484012283));
#4808=CARTESIAN_POINT('',(-0.025542025646864,-0.130180703187192,0.14226050866178));
#4809=CARTESIAN_POINT('',(-0.0258420256468642,-0.130109992509074,0.141624112558713));
#4810=CARTESIAN_POINT('',(-0.0349920256468637,-0.130958520646503,0.142189797983662));
#4811=CARTESIAN_POINT('',(-0.0349920256468641,-0.130251413865317,0.141482691202475));
#4812=CARTESIAN_POINT('',(-0.0248880864454472,-0.130251413865311,0.141482691202475));
#4813=CARTESIAN_POINT('',(-0.00479596484828106,-0.130251413865299,0.141482691202475));
#4814=CARTESIAN_POINT('',(-0.00479596484828096,-0.130251413865299,0.141482691202476));
#4815=CARTESIAN_POINT('',(-0.00479596484828091,-0.130369264995497,0.141600542332673));
#4816=CARTESIAN_POINT('',(-0.00479596484828086,-0.130487116125695,0.141718393462871));
#4817=CARTESIAN_POINT('',(-0.00479596484828081,-0.130604967255892,0.141836244593069));
#4818=CARTESIAN_POINT('',(-0.0047959648482809,-0.130604967255892,0.141836244593069));
#4819=CARTESIAN_POINT('',(-0.00479596484828086,-0.130604967255892,0.141836244593069));
#4820=CARTESIAN_POINT('',(-0.0114933387140032,-0.130604967255896,0.141836244593069));
#4821=CARTESIAN_POINT('',(-0.0181907125797256,-0.1306049672559,0.141836244593069));
#4822=CARTESIAN_POINT('',(-0.0248880864454479,-0.130604967255904,0.141836244593069));
#4823=CARTESIAN_POINT('',(-0.0248880864454469,-0.130604967255904,0.141836244593069));
#4824=CARTESIAN_POINT('',(-0.0248880864454469,-0.130604967255904,0.141836244593069));
#4825=CARTESIAN_POINT('',(-0.024888086445447,-0.130487116125706,0.141718393462871));
#4826=CARTESIAN_POINT('',(-0.0248880864454471,-0.130369264995509,0.141600542332673));
#4827=CARTESIAN_POINT('',(-0.0248880864454472,-0.130251413865311,0.141482691202476));
#4828=CARTESIAN_POINT('',(-0.0038420256468638,-0.130817099290248,0.142331219339899));
#4829=CARTESIAN_POINT('',(-0.00414202564686398,-0.130534256577773,0.142614062052374));
#4830=CARTESIAN_POINT('',(-0.00414193768504357,-0.130180785385185,0.142260426463773));
#4831=CARTESIAN_POINT('',(-0.0041420256468644,-0.129827149796587,0.141906955271187));
#4832=CARTESIAN_POINT('',(-0.00414202514901057,-0.130180702923152,0.142260508925805));
#4833=CARTESIAN_POINT('',(-0.00422503906765035,-0.1302247275876,0.142216484261359));
#4834=CARTESIAN_POINT('',(-0.00428786505714046,-0.130287485010909,0.142153726838051));
#4835=CARTESIAN_POINT('',(-0.00431899524757168,-0.130357479882475,0.142083731966486));
#4836=CARTESIAN_POINT('',(-0.00431899524757254,-0.130357479882477,0.142083731966484));
#4837=CARTESIAN_POINT('',(-0.00431899524757254,-0.130357479882477,0.142083731966484));
#4838=CARTESIAN_POINT('',(-0.00431899524757261,-0.130239628752279,0.141965880836286));
#4839=CARTESIAN_POINT('',(-0.00431899524757267,-0.130121777622082,0.141848029706089));
#4840=CARTESIAN_POINT('',(-0.00431899524757274,-0.130003926491884,0.141730178575891));
#4841=CARTESIAN_POINT('',(-0.00431899524757275,-0.130003926491884,0.141730178575891));
#4842=CARTESIAN_POINT('',(-0.00384202564686421,-0.130109992509061,0.141624112558713));
#4843=CARTESIAN_POINT('',(-0.00034202564686394,-0.130534256577771,0.142614062052374));
#4844=CARTESIAN_POINT('',(0.00345797435313607,-0.130534256577769,0.142614062052374));
#4845=CARTESIAN_POINT('',(0.00345797435313585,-0.130180703187176,0.142260508661781));
#4846=CARTESIAN_POINT('',(0.00345797435313565,-0.129827149796582,0.141906955271187));
#4847=CARTESIAN_POINT('',(0.00345797435313566,-0.130180703187176,0.142260508661781));
#4848=CARTESIAN_POINT('',(0.00092467034040925,-0.130180703187177,0.142260508661781));
#4849=CARTESIAN_POINT('',(-0.00160863367231716,-0.130180703187179,0.142260508661781));
#4850=CARTESIAN_POINT('',(-0.00414193768504357,-0.13018070318718,0.142260508661781));
#4851=CARTESIAN_POINT('',(-0.000342025646864351,-0.129827149796585,0.141906955271187));
#4852=CARTESIAN_POINT('',(0.0031579743531362,-0.130817099290244,0.142331219339899));
#4853=CARTESIAN_POINT('',(0.0036349439538442,-0.130003926491879,0.141730178575891));
#4854=CARTESIAN_POINT('',(0.00363494395384427,-0.130121777622077,0.141848029706089));
#4855=CARTESIAN_POINT('',(0.00363494395384433,-0.130239628752275,0.141965880836286));
#4856=CARTESIAN_POINT('',(0.00363494395384439,-0.130357479882472,0.142083731966484));
#4857=CARTESIAN_POINT('',(0.00363494395384419,-0.130003926491879,0.141730178575891));
#4858=CARTESIAN_POINT('',(0.00363494395384439,-0.130357479882472,0.142083731966484));
#4859=CARTESIAN_POINT('',(0.00363494395384354,-0.13035747988247,0.142083731966486));
#4860=CARTESIAN_POINT('',(0.0036038138256439,-0.13028748515083,0.142153726698126));
#4861=CARTESIAN_POINT('',(0.00354098802833325,-0.130224727836672,0.142216484012282));
#4862=CARTESIAN_POINT('',(0.00345797435313584,-0.130180703187175,0.142260508661779));
#4863=CARTESIAN_POINT('',(0.00315797435313579,-0.130109992509057,0.141624112558713));
#4864=CARTESIAN_POINT('',(-0.0349920256468637,-0.130958520646503,0.142189797983662));
#4865=CARTESIAN_POINT('',(-0.0349920256468641,-0.130251413865317,0.141482691202475));
#4866=CARTESIAN_POINT('',(0.00411191355455282,-0.130251413865294,0.141482691202475));
#4867=CARTESIAN_POINT('',(0.0132040351517189,-0.130251413865289,0.141482691202475));
#4868=CARTESIAN_POINT('',(0.013204035151719,-0.130251413865289,0.141482691202476));
#4869=CARTESIAN_POINT('',(0.013204035151719,-0.130369264995487,0.141600542332673));
#4870=CARTESIAN_POINT('',(0.0132040351517191,-0.130487116125684,0.141718393462871));
#4871=CARTESIAN_POINT('',(0.0132040351517192,-0.130604967255882,0.141836244593069));
#4872=CARTESIAN_POINT('',(0.013204035151719,-0.130604967255882,0.141836244593069));
#4873=CARTESIAN_POINT('',(0.0132040351517191,-0.130604967255882,0.141836244593069));
#4874=CARTESIAN_POINT('',(0.0101733279526637,-0.130604967255884,0.141836244593069));
#4875=CARTESIAN_POINT('',(0.00714262075360833,-0.130604967255885,0.141836244593069));
#4876=CARTESIAN_POINT('',(0.00411191355455296,-0.130604967255887,0.141836244593069));
#4877=CARTESIAN_POINT('',(0.00411191355455303,-0.130604967255887,0.141836244593069));
#4878=CARTESIAN_POINT('',(0.00411191355455311,-0.130604967255887,0.141836244593069));
#4879=CARTESIAN_POINT('',(0.00411191355455304,-0.13048711612569,0.141718393462871));
#4880=CARTESIAN_POINT('',(0.00411191355455297,-0.130369264995492,0.141600542332673));
#4881=CARTESIAN_POINT('',(0.00411191355455291,-0.130251413865294,0.141482691202476));
#4882=CARTESIAN_POINT('',(0.0141579743531362,-0.130817099290237,0.142331219339899));
#4883=CARTESIAN_POINT('',(0.013857974353136,-0.130534256577763,0.142614062052374));
#4884=CARTESIAN_POINT('',(0.0138580623149563,-0.130180785385176,0.142260426463774));
#4885=CARTESIAN_POINT('',(0.0138579743531356,-0.129827149796576,0.141906955271187));
#4886=CARTESIAN_POINT('',(0.0138579748509894,-0.130180702923143,0.142260508925807));
#4887=CARTESIAN_POINT('',(0.0137749609323497,-0.13022472758759,0.14221648426136));
#4888=CARTESIAN_POINT('',(0.0137121349428596,-0.130287485010899,0.142153726838051));
#4889=CARTESIAN_POINT('',(0.0136810047524283,-0.130357479882464,0.142083731966486));
#4890=CARTESIAN_POINT('',(0.0136810047524275,-0.130357479882466,0.142083731966484));
#4891=CARTESIAN_POINT('',(0.0136810047524275,-0.130357479882467,0.142083731966484));
#4892=CARTESIAN_POINT('',(0.0136810047524274,-0.130239628752269,0.141965880836286));
#4893=CARTESIAN_POINT('',(0.0136810047524273,-0.130121777622071,0.141848029706089));
#4894=CARTESIAN_POINT('',(0.0136810047524272,-0.130003926491873,0.141730178575891));
#4895=CARTESIAN_POINT('',(0.0136810047524272,-0.130003926491873,0.141730178575891));
#4896=CARTESIAN_POINT('',(0.0141579743531358,-0.130109992509051,0.141624112558713));
#4897=CARTESIAN_POINT('',(-0.00034202564686394,-0.130534256577771,0.142614062052374));
#4898=CARTESIAN_POINT('',(0.014457974353136,-0.130534256577763,0.142614062052374));
#4899=CARTESIAN_POINT('',(0.0144579743531358,-0.130180703187169,0.142260508661781));
#4900=CARTESIAN_POINT('',(0.0144579743531356,-0.129827149796576,0.141906955271187));
#4901=CARTESIAN_POINT('',(0.0144579743531353,-0.130180703187169,0.142260508661781));
#4902=CARTESIAN_POINT('',(0.0142580036737423,-0.130180703187169,0.142260508661781));
#4903=CARTESIAN_POINT('',(0.0140580329943493,-0.13018070318717,0.142260508661781));
#4904=CARTESIAN_POINT('',(0.0138580623149563,-0.13018070318717,0.142260508661781));
#4905=CARTESIAN_POINT('',(-0.000342025646864351,-0.129827149796585,0.141906955271187));
#4906=CARTESIAN_POINT('',(0.0141579743531362,-0.130817099290237,0.142331219339899));
#4907=CARTESIAN_POINT('',(0.0146349439538442,-0.130003926491873,0.141730178575891));
#4908=CARTESIAN_POINT('',(0.0146349439538443,-0.130121777622071,0.141848029706089));
#4909=CARTESIAN_POINT('',(0.0146349439538443,-0.130239628752268,0.141965880836286));
#4910=CARTESIAN_POINT('',(0.0146349439538444,-0.130357479882466,0.142083731966484));
#4911=CARTESIAN_POINT('',(0.0146349439538442,-0.130003926491872,0.141730178575891));
#4912=CARTESIAN_POINT('',(0.0146349439538444,-0.130357479882466,0.142083731966484));
#4913=CARTESIAN_POINT('',(0.0146349439538436,-0.130357479882464,0.142083731966486));
#4914=CARTESIAN_POINT('',(0.0146038138256439,-0.130287485150823,0.142153726698126));
#4915=CARTESIAN_POINT('',(0.0145409880283332,-0.130224727836666,0.142216484012282));
#4916=CARTESIAN_POINT('',(0.0144579743531358,-0.130180703187168,0.142260508661779));
#4917=CARTESIAN_POINT('',(0.0141579743531358,-0.130109992509051,0.141624112558713));
#4918=CARTESIAN_POINT('',(-0.0349920256468637,-0.130958520646503,0.142189797983662));
#4919=CARTESIAN_POINT('',(-0.0349920256468641,-0.130251413865317,0.141482691202475));
#4920=CARTESIAN_POINT('',(0.0151119135545528,-0.130251413865288,0.141482691202475));
#4921=CARTESIAN_POINT('',(0.0242040351517189,-0.130251413865282,0.141482691202475));
#4922=CARTESIAN_POINT('',(0.024204035151719,-0.130251413865282,0.141482691202476));
#4923=CARTESIAN_POINT('',(0.024204035151719,-0.13036926499548,0.141600542332673));
#4924=CARTESIAN_POINT('',(0.0242040351517191,-0.130487116125678,0.141718393462871));
#4925=CARTESIAN_POINT('',(0.0242040351517192,-0.130604967255876,0.141836244593069));
#4926=CARTESIAN_POINT('',(0.0242040351517185,-0.130604967255876,0.141836244593069));
#4927=CARTESIAN_POINT('',(0.0242040351517186,-0.130604967255876,0.141836244593069));
#4928=CARTESIAN_POINT('',(0.0211733279526633,-0.130604967255877,0.141836244593069));
#4929=CARTESIAN_POINT('',(0.0181426207536081,-0.130604967255879,0.141836244593069));
#4930=CARTESIAN_POINT('',(0.0151119135545529,-0.130604967255881,0.141836244593069));
#4931=CARTESIAN_POINT('',(0.015111913554553,-0.130604967255881,0.141836244593069));
#4932=CARTESIAN_POINT('',(0.0151119135545531,-0.130604967255881,0.141836244593069));
#4933=CARTESIAN_POINT('',(0.015111913554553,-0.130487116125683,0.141718393462871));
#4934=CARTESIAN_POINT('',(0.0151119135545529,-0.130369264995485,0.141600542332673));
#4935=CARTESIAN_POINT('',(0.0151119135545529,-0.130251413865288,0.141482691202476));
#4936=CARTESIAN_POINT('',(0.0251579743531362,-0.130817099290231,0.142331219339899));
#4937=CARTESIAN_POINT('',(0.024857974353136,-0.130534256577756,0.142614062052374));
#4938=CARTESIAN_POINT('',(0.0248580623149563,-0.13018078538517,0.142260426463774));
#4939=CARTESIAN_POINT('',(0.0248579743531356,-0.12982714979657,0.141906955271187));
#4940=CARTESIAN_POINT('',(0.0248579748509894,-0.130180702923137,0.142260508925807));
#4941=CARTESIAN_POINT('',(0.0247749609323497,-0.130224727587584,0.14221648426136));
#4942=CARTESIAN_POINT('',(0.0247121349428596,-0.130287485010893,0.142153726838052));
#4943=CARTESIAN_POINT('',(0.0246810047524284,-0.130357479882458,0.142083731966486));
#4944=CARTESIAN_POINT('',(0.0246810047524274,-0.13035747988246,0.142083731966484));
#4945=CARTESIAN_POINT('',(0.0246810047524275,-0.13035747988246,0.142083731966484));
#4946=CARTESIAN_POINT('',(0.0246810047524275,-0.130239628752262,0.141965880836287));
#4947=CARTESIAN_POINT('',(0.0246810047524276,-0.130121777622064,0.141848029706089));
#4948=CARTESIAN_POINT('',(0.0246810047524276,-0.130003926491866,0.141730178575892));
#4949=CARTESIAN_POINT('',(0.0246810047524276,-0.130003926491866,0.141730178575891));
#4950=CARTESIAN_POINT('',(0.0251579743531358,-0.130109992509044,0.141624112558713));
#4951=CARTESIAN_POINT('',(-0.00034202564686394,-0.130534256577771,0.142614062052374));
#4952=CARTESIAN_POINT('',(0.032457974353136,-0.130534256577752,0.142614062052374));
#4953=CARTESIAN_POINT('',(0.0324579743531358,-0.130180703187159,0.142260508661781));
#4954=CARTESIAN_POINT('',(0.0324579743531356,-0.129827149796566,0.141906955271187));
#4955=CARTESIAN_POINT('',(0.032457974353134,-0.130180703187159,0.142260508661781));
#4956=CARTESIAN_POINT('',(0.0299246703404081,-0.13018070318716,0.142260508661781));
#4957=CARTESIAN_POINT('',(0.0273913663276822,-0.130180703187162,0.142260508661781));
#4958=CARTESIAN_POINT('',(0.0248580623149563,-0.130180703187163,0.142260508661781));
#4959=CARTESIAN_POINT('',(-0.000342025646864351,-0.129827149796585,0.141906955271187));
#4960=CARTESIAN_POINT('',(0.0321579743531362,-0.130817099290227,0.142331219339899));
#4961=CARTESIAN_POINT('',(0.0326349439538442,-0.130003926491862,0.141730178575891));
#4962=CARTESIAN_POINT('',(0.0326349439538443,-0.13012177762206,0.141848029706089));
#4963=CARTESIAN_POINT('',(0.0326349439538443,-0.130239628752258,0.141965880836286));
#4964=CARTESIAN_POINT('',(0.0326349439538444,-0.130357479882456,0.142083731966484));
#4965=CARTESIAN_POINT('',(0.0326349439538442,-0.130003926491862,0.141730178575891));
#4966=CARTESIAN_POINT('',(0.0326349439538444,-0.130357479882455,0.142083731966484));
#4967=CARTESIAN_POINT('',(0.0326349439538435,-0.130357479882453,0.142083731966486));
#4968=CARTESIAN_POINT('',(0.0326038138256438,-0.130287485150813,0.142153726698126));
#4969=CARTESIAN_POINT('',(0.0325409880283332,-0.130224727836656,0.142216484012283));
#4970=CARTESIAN_POINT('',(0.0324579743531358,-0.130180703187159,0.142260508661781));
#4971=CARTESIAN_POINT('',(0.0321579743531358,-0.13010999250904,0.141624112558713));
#4972=CARTESIAN_POINT('',(-0.0349920256468637,-0.130958520646503,0.142189797983662));
#4973=CARTESIAN_POINT('',(0.0343079743531363,-0.130958520646463,0.142189797983662));
#4974=CARTESIAN_POINT('',(0.0343079743531361,-0.13060496725587,0.141836244593069));
#4975=CARTESIAN_POINT('',(0.0343079743531359,-0.130251413865276,0.141482691202475));
#4976=CARTESIAN_POINT('',(0.0343079743531364,-0.13060496725587,0.141836244593069));
#4977=CARTESIAN_POINT('',(0.0339092874202753,-0.13060496725587,0.141836244593069));
#4978=CARTESIAN_POINT('',(0.0335106004874142,-0.13060496725587,0.141836244593069));
#4979=CARTESIAN_POINT('',(0.0331119135545531,-0.13060496725587,0.141836244593069));
#4980=CARTESIAN_POINT('',(0.033111913554553,-0.13060496725587,0.141836244593069));
#4981=CARTESIAN_POINT('',(0.0331119135545532,-0.13060496725587,0.141836244593069));
#4982=CARTESIAN_POINT('',(0.0331119135545531,-0.130487116125673,0.141718393462871));
#4983=CARTESIAN_POINT('',(0.033111913554553,-0.130369264995475,0.141600542332673));
#4984=CARTESIAN_POINT('',(0.0331119135545529,-0.130251413865277,0.141482691202476));
#4985=CARTESIAN_POINT('',(0.0331119135545528,-0.130251413865277,0.141482691202475));
#4986=CARTESIAN_POINT('',(-0.0349920256468641,-0.130251413865317,0.141482691202475));
#4987=CARTESIAN_POINT('',(0.0343079743531364,-0.131241363358938,0.141906955271187));
#4988=CARTESIAN_POINT('',(0.0347079743531364,-0.131241363358937,0.141906955271187));
#4989=CARTESIAN_POINT('',(0.0347079743531363,-0.130887809968344,0.141553401880594));
#4990=CARTESIAN_POINT('',(0.0347079743531361,-0.130534256577751,0.141199848490001));
#4991=CARTESIAN_POINT('',(0.0347079743531362,-0.130887809968344,0.141553401880594));
#4992=CARTESIAN_POINT('',(0.0347079743531361,-0.130739713870406,0.141701497978533));
#4993=CARTESIAN_POINT('',(0.0345174138633755,-0.13060496725587,0.141836244593069));
#4994=CARTESIAN_POINT('',(0.0343079743531362,-0.13060496725587,0.141836244593069));
#4995=CARTESIAN_POINT('',(0.0343079743531361,-0.130534256577751,0.141199848490001));
#4996=CARTESIAN_POINT('',(0.0347079743531364,-0.131241363358937,0.141906955271187));
#4997=CARTESIAN_POINT('',(0.0347079743531456,-0.147009844579397,0.126138474050727));
#4998=CARTESIAN_POINT('',(0.0347079743531454,-0.146656291188804,0.125784920660134));
#4999=CARTESIAN_POINT('',(0.0347079743531452,-0.146302737798211,0.12543136726954));
#5000=CARTESIAN_POINT('',(0.0347079743531454,-0.146656291188804,0.125784920660134));
#5001=CARTESIAN_POINT('',(0.0347079743531424,-0.141400130781984,0.131041081066954));
#5002=CARTESIAN_POINT('',(0.0347079743531393,-0.136143970375164,0.136297241473774));
#5003=CARTESIAN_POINT('',(0.0347079743531362,-0.130887809968344,0.141553401880594));
#5004=CARTESIAN_POINT('',(0.0347079743531361,-0.130534256577751,0.141199848490001));
#5005=CARTESIAN_POINT('',(0.0343079743531456,-0.147009844579397,0.126138474050727));
#5006=CARTESIAN_POINT('',(0.0343079743531458,-0.147292687291872,0.125855631338252));
#5007=CARTESIAN_POINT('',(0.0343079743531456,-0.146939133901279,0.125502077947659));
#5008=CARTESIAN_POINT('',(0.0343079743531454,-0.146585580510685,0.125148524557066));
#5009=CARTESIAN_POINT('',(0.0343079743531456,-0.146939133901279,0.125502077947659));
#5010=CARTESIAN_POINT('',(0.0345174138633849,-0.146939133901279,0.125502077947659));
#5011=CARTESIAN_POINT('',(0.0347079743531455,-0.146804387286743,0.125636824562195));
#5012=CARTESIAN_POINT('',(0.0347079743531454,-0.146656291188804,0.125784920660134));
#5013=CARTESIAN_POINT('',(0.0343079743531452,-0.146302737798211,0.12543136726954));
#5014=CARTESIAN_POINT('',(0.0343079743531458,-0.147292687291872,0.125855631338252));
#5015=CARTESIAN_POINT('',(0.0331119135545623,-0.146585580510686,0.125148524557066));
#5016=CARTESIAN_POINT('',(0.0331119135545624,-0.146703431640884,0.125266375687264));
#5017=CARTESIAN_POINT('',(0.0331119135545625,-0.146821282771082,0.125384226817462));
#5018=CARTESIAN_POINT('',(0.0331119135545625,-0.146939133901279,0.125502077947659));
#5019=CARTESIAN_POINT('',(0.0331119135545623,-0.146585580510686,0.125148524557066));
#5020=CARTESIAN_POINT('',(0.0331119135545625,-0.146939133901279,0.125502077947659));
#5021=CARTESIAN_POINT('',(0.0331119135545625,-0.146939133901279,0.125502077947659));
#5022=CARTESIAN_POINT('',(0.0335106004874236,-0.146939133901279,0.125502077947659));
#5023=CARTESIAN_POINT('',(0.0339092874202846,-0.146939133901279,0.125502077947659));
#5024=CARTESIAN_POINT('',(0.0343079743531456,-0.146939133901279,0.125502077947659));
#5025=CARTESIAN_POINT('',(0.0343079743531454,-0.146585580510685,0.125148524557066));
#5026=CARTESIAN_POINT('',(0.0321579743531459,-0.147434108648111,0.125714209982015));
#5027=CARTESIAN_POINT('',(0.032457974353146,-0.147716951360585,0.12543136726954));
#5028=CARTESIAN_POINT('',(0.0324577326448135,-0.147363397969992,0.125077813878947));
#5029=CARTESIAN_POINT('',(0.0324579743531456,-0.147009844579398,0.124724260488354));
#5030=CARTESIAN_POINT('',(0.0324579733571477,-0.147363398498198,0.125077813350741));
#5031=CARTESIAN_POINT('',(0.0325409875193721,-0.147319373818794,0.125121838030145));
#5032=CARTESIAN_POINT('',(0.0326038137011541,-0.147256616286269,0.125184595562669));
#5033=CARTESIAN_POINT('',(0.0326349439538533,-0.147186621274697,0.125254590574242));
#5034=CARTESIAN_POINT('',(0.0326349439538541,-0.147186621274695,0.125254590574244));
#5035=CARTESIAN_POINT('',(0.0326349439538542,-0.147186621274695,0.125254590574244));
#5036=CARTESIAN_POINT('',(0.0326349439538541,-0.147068770144497,0.125136739444046));
#5037=CARTESIAN_POINT('',(0.032634943953854,-0.1469509190143,0.125018888313848));
#5038=CARTESIAN_POINT('',(0.032634943953854,-0.146833067884102,0.124901037183651));
#5039=CARTESIAN_POINT('',(0.032634943953854,-0.146833067884102,0.124901037183651));
#5040=CARTESIAN_POINT('',(0.0321579743531455,-0.146727001866924,0.125007103200829));
#5041=CARTESIAN_POINT('',(-0.000342025646853996,-0.147716951360604,0.125431367269541));
#5042=CARTESIAN_POINT('',(0.024857974353146,-0.147716951360589,0.12543136726954));
#5043=CARTESIAN_POINT('',(0.0248582160614782,-0.147363397969996,0.125077813878947));
#5044=CARTESIAN_POINT('',(0.0248579743531456,-0.147009844579403,0.124724260488354));
#5045=CARTESIAN_POINT('',(0.0248582160614782,-0.147363397969996,0.125077813878947));
#5046=CARTESIAN_POINT('',(0.0273913882559233,-0.147363397969995,0.125077813878947));
#5047=CARTESIAN_POINT('',(0.0299245604503684,-0.147363397969993,0.125077813878947));
#5048=CARTESIAN_POINT('',(0.0324577326448135,-0.147363397969992,0.125077813878947));
#5049=CARTESIAN_POINT('',(-0.000342025646854407,-0.147009844579418,0.124724260488354));
#5050=CARTESIAN_POINT('',(0.0251579743531458,-0.147434108648115,0.125714209982015));
#5051=CARTESIAN_POINT('',(0.024681004752437,-0.146833067884106,0.124901037183651));
#5052=CARTESIAN_POINT('',(0.0246810047524371,-0.146950919014304,0.125018888313848));
#5053=CARTESIAN_POINT('',(0.0246810047524372,-0.147068770144502,0.125136739444046));
#5054=CARTESIAN_POINT('',(0.0246810047524372,-0.1471866212747,0.125254590574244));
#5055=CARTESIAN_POINT('',(0.024681004752437,-0.146833067884106,0.124901037183651));
#5056=CARTESIAN_POINT('',(0.0246810047524372,-0.1471866212747,0.125254590574244));
#5057=CARTESIAN_POINT('',(0.0246810047524381,-0.147186621274702,0.125254590574242));
#5058=CARTESIAN_POINT('',(0.0247121350051374,-0.147256616286274,0.12518459556267));
#5059=CARTESIAN_POINT('',(0.0247749611869195,-0.147319373818799,0.125121838030146));
#5060=CARTESIAN_POINT('',(0.024857975349144,-0.147363398498203,0.125077813350741));
#5061=CARTESIAN_POINT('',(0.0251579743531454,-0.146727001866928,0.125007103200829));
#5062=CARTESIAN_POINT('',(0.0343079743531458,-0.147292687291872,0.125855631338252));
#5063=CARTESIAN_POINT('',(0.0343079743531454,-0.146585580510685,0.125148524557066));
#5064=CARTESIAN_POINT('',(0.0242040351517284,-0.146585580510691,0.125148524557066));
#5065=CARTESIAN_POINT('',(0.00411191355456239,-0.146585580510703,0.125148524557066));
#5066=CARTESIAN_POINT('',(0.00411191355456236,-0.146585580510703,0.125148524557066));
#5067=CARTESIAN_POINT('',(0.00411191355456241,-0.146703431640901,0.125266375687264));
#5068=CARTESIAN_POINT('',(0.00411191355456246,-0.146821282771099,0.125384226817461));
#5069=CARTESIAN_POINT('',(0.00411191355456251,-0.146939133901296,0.125502077947659));
#5070=CARTESIAN_POINT('',(0.00411191355456248,-0.146939133901296,0.125502077947659));
#5071=CARTESIAN_POINT('',(0.00411191355456246,-0.146939133901296,0.125502077947659));
#5072=CARTESIAN_POINT('',(0.0108092874202844,-0.146939133901292,0.125502077947659));
#5073=CARTESIAN_POINT('',(0.0175066612860063,-0.146939133901289,0.125502077947659));
#5074=CARTESIAN_POINT('',(0.0242040351517282,-0.146939133901285,0.125502077947659));
#5075=CARTESIAN_POINT('',(0.0242040351517286,-0.146939133901285,0.125502077947659));
#5076=CARTESIAN_POINT('',(0.0242040351517286,-0.146939133901285,0.125502077947659));
#5077=CARTESIAN_POINT('',(0.0242040351517286,-0.146821282771087,0.125384226817462));
#5078=CARTESIAN_POINT('',(0.0242040351517285,-0.146703431640889,0.125266375687264));
#5079=CARTESIAN_POINT('',(0.0242040351517284,-0.146585580510692,0.125148524557066));
#5080=CARTESIAN_POINT('',(0.00315797435314587,-0.147434108648127,0.125714209982015));
#5081=CARTESIAN_POINT('',(0.00345797435314602,-0.147716951360602,0.12543136726954));
#5082=CARTESIAN_POINT('',(0.00345773264481328,-0.147363397970009,0.125077813878948));
#5083=CARTESIAN_POINT('',(0.0034579743531456,-0.147009844579415,0.124724260488354));
#5084=CARTESIAN_POINT('',(0.00345797335714765,-0.147363398498216,0.125077813350742));
#5085=CARTESIAN_POINT('',(0.00354098751937205,-0.147319373818811,0.125121838030146));
#5086=CARTESIAN_POINT('',(0.00360381370115409,-0.147256616286287,0.12518459556267));
#5087=CARTESIAN_POINT('',(0.00363494395385331,-0.147186621274714,0.125254590574242));
#5088=CARTESIAN_POINT('',(0.0036349439538542,-0.147186621274712,0.125254590574244));
#5089=CARTESIAN_POINT('',(0.0036349439538542,-0.147186621274712,0.125254590574244));
#5090=CARTESIAN_POINT('',(0.00363494395385411,-0.147068770144514,0.125136739444046));
#5091=CARTESIAN_POINT('',(0.00363494395385402,-0.146950919014317,0.125018888313848));
#5092=CARTESIAN_POINT('',(0.00363494395385394,-0.146833067884119,0.124901037183651));
#5093=CARTESIAN_POINT('',(0.00363494395385393,-0.146833067884119,0.12490103718365));
#5094=CARTESIAN_POINT('',(0.00315797435314546,-0.146727001866941,0.125007103200829));
#5095=CARTESIAN_POINT('',(-0.000342025646853996,-0.147716951360604,0.125431367269541));
#5096=CARTESIAN_POINT('',(-0.00414202564685395,-0.147716951360606,0.12543136726954));
#5097=CARTESIAN_POINT('',(-0.00414178393852197,-0.147363397970013,0.125077813878947));
#5098=CARTESIAN_POINT('',(-0.00414202564685436,-0.14700984457942,0.124724260488354));
#5099=CARTESIAN_POINT('',(-0.00414178393852197,-0.147363397970013,0.125077813878947));
#5100=CARTESIAN_POINT('',(-0.00160861174407689,-0.147363397970012,0.125077813878947));
#5101=CARTESIAN_POINT('',(0.000924560450368197,-0.14736339797001,0.125077813878947));
#5102=CARTESIAN_POINT('',(0.00345773264481328,-0.147363397970009,0.125077813878947));
#5103=CARTESIAN_POINT('',(-0.000342025646854407,-0.147009844579418,0.124724260488354));
#5104=CARTESIAN_POINT('',(-0.00384202564685413,-0.147434108648131,0.125714209982015));
#5105=CARTESIAN_POINT('',(-0.00431899524756289,-0.146833067884123,0.124901037183651));
#5106=CARTESIAN_POINT('',(-0.00431899524756284,-0.146950919014321,0.125018888313848));
#5107=CARTESIAN_POINT('',(-0.00431899524756279,-0.147068770144519,0.125136739444046));
#5108=CARTESIAN_POINT('',(-0.00431899524756274,-0.147186621274716,0.125254590574244));
#5109=CARTESIAN_POINT('',(-0.00431899524756289,-0.146833067884123,0.12490103718365));
#5110=CARTESIAN_POINT('',(-0.00431899524756274,-0.147186621274717,0.125254590574244));
#5111=CARTESIAN_POINT('',(-0.00431899524756187,-0.147186621274718,0.125254590574242));
#5112=CARTESIAN_POINT('',(-0.00428786499486259,-0.147256616286291,0.12518459556267));
#5113=CARTESIAN_POINT('',(-0.00422503881308047,-0.147319373818815,0.125121838030145));
#5114=CARTESIAN_POINT('',(-0.00414202465085602,-0.147363398498219,0.125077813350741));
#5115=CARTESIAN_POINT('',(-0.00384202564685454,-0.146727001866945,0.125007103200829));
#5116=CARTESIAN_POINT('',(0.071557266407096,-0.142830445673176,0.130317872956927));
#5117=CARTESIAN_POINT('',(0.0715572664070962,-0.143183999063769,0.13067142634752));
#5118=CARTESIAN_POINT('',(0.0715572664070962,-0.145093187372973,0.128762238038316));
#5119=CARTESIAN_POINT('',(0.0715572664070956,-0.14212333889199,0.12961076617574));
#5120=CARTESIAN_POINT('',(0.0715572664070956,-0.144032527201193,0.127701577866536));
#5121=CARTESIAN_POINT('',(-0.0677223345159633,-0.146444810148408,0.126703508481776));
#5122=CARTESIAN_POINT('',(-0.0677223345159637,-0.145737703367221,0.12599640170059));
#5123=CARTESIAN_POINT('',(-0.0677223345159633,-0.146444810148408,0.126703508481776));
#5124=CARTESIAN_POINT('',(-0.0502843450903041,-0.146481700009957,0.126666618620217));
#5125=CARTESIAN_POINT('',(-0.0502843450903045,-0.14577459322877,0.12595951183903));
#5126=CARTESIAN_POINT('',(-0.0502843450903041,-0.146481700009957,0.126666618620217));
#5127=CARTESIAN_POINT('',(0.0661817925917568,-0.139706782868844,0.133441535761262));
#5128=CARTESIAN_POINT('',(0.0661817925917568,-0.139678498597597,0.132762713251323));
#5129=CARTESIAN_POINT('',(0.0664226480285319,-0.139678498597596,0.132762713251323));
#5130=CARTESIAN_POINT('',(0.0666417925917566,-0.13952353999088,0.132917671858039));
#5131=CARTESIAN_POINT('',(0.0666417925917566,-0.139353229478251,0.133087982370669));
#5132=CARTESIAN_POINT('',(0.0661817925917564,-0.138999676087657,0.132734428980076));
#5133=CARTESIAN_POINT('',(0.0343079743531458,-0.147292687291872,0.125855631338252));
#5134=CARTESIAN_POINT('',(0.0343079743531454,-0.146585580510685,0.125148524557066));
#5135=CARTESIAN_POINT('',(-0.0047959648482715,-0.146585580510708,0.125148524557066));
#5136=CARTESIAN_POINT('',(-0.0138880864454376,-0.146585580510713,0.125148524557066));
#5137=CARTESIAN_POINT('',(-0.0138880864454378,-0.146585580510714,0.125148524557066));
#5138=CARTESIAN_POINT('',(-0.0138880864454377,-0.146703431640912,0.125266375687264));
#5139=CARTESIAN_POINT('',(-0.0138880864454376,-0.146821282771109,0.125384226817462));
#5140=CARTESIAN_POINT('',(-0.0138880864454376,-0.146939133901307,0.125502077947659));
#5141=CARTESIAN_POINT('',(-0.0138880864454374,-0.146939133901307,0.125502077947659));
#5142=CARTESIAN_POINT('',(-0.0138880864454374,-0.146939133901307,0.125502077947659));
#5143=CARTESIAN_POINT('',(-0.0108573792463821,-0.146939133901305,0.125502077947659));
#5144=CARTESIAN_POINT('',(-0.00782667204732676,-0.146939133901303,0.125502077947659));
#5145=CARTESIAN_POINT('',(-0.00479596484827145,-0.146939133901302,0.125502077947659));
#5146=CARTESIAN_POINT('',(-0.00479596484827136,-0.146939133901302,0.125502077947659));
#5147=CARTESIAN_POINT('',(-0.0047959648482714,-0.146939133901302,0.125502077947659));
#5148=CARTESIAN_POINT('',(-0.00479596484827145,-0.146821282771104,0.125384226817461));
#5149=CARTESIAN_POINT('',(-0.0047959648482715,-0.146703431640906,0.125266375687264));
#5150=CARTESIAN_POINT('',(-0.00479596484827155,-0.146585580510708,0.125148524557066));
#5151=CARTESIAN_POINT('',(0.0715770631552526,-0.134679464955183,0.13846885367492));
#5152=CARTESIAN_POINT('',(0.0715770631552528,-0.135033018345776,0.138822407065513));
#5153=CARTESIAN_POINT('',(0.0715770631552528,-0.13694220665498,0.13691321875631));
#5154=CARTESIAN_POINT('',(0.0715770631552522,-0.133972358173997,0.137761746893733));
#5155=CARTESIAN_POINT('',(0.0715770631552522,-0.1358815464832,0.13585255858453));
#5156=CARTESIAN_POINT('',(-0.000316879850545335,-0.138772050578594,0.13437626805155));
#5157=CARTESIAN_POINT('',(0.0671417925917569,-0.139706782868844,0.133441535761262));
#5158=CARTESIAN_POINT('',(0.067141792591601,-0.140076265508268,0.133072053121838));
#5159=CARTESIAN_POINT('',(0.0667051133957013,-0.140385605378678,0.132762713251428));
#5160=CARTESIAN_POINT('',(0.0661817925917573,-0.140385605378783,0.132762713251323));
#5161=CARTESIAN_POINT('',(0.0671417925917569,-0.139706782868844,0.133441535761262));
#5162=CARTESIAN_POINT('',(0.0661817925917573,-0.140385605378783,0.132762713251323));
#5163=CARTESIAN_POINT('',(0.0661817925917573,-0.140385605378783,0.132762713251323));
#5164=CARTESIAN_POINT('',(0.0656976422863944,-0.140385605378783,0.132762713251323));
#5165=CARTESIAN_POINT('',(0.0652134919810316,-0.140385605378784,0.132762713251323));
#5166=CARTESIAN_POINT('',(0.0647293416756688,-0.140385605378784,0.132762713251323));
#5167=CARTESIAN_POINT('',(0.0647293416756739,-0.140385605378785,0.132762713251322));
#5168=CARTESIAN_POINT('',(0.0647293416756739,-0.140385605378785,0.132762713251322));
#5169=CARTESIAN_POINT('',(0.0641239738307624,-0.141395626398881,0.131752692231226));
#5170=CARTESIAN_POINT('',(0.062444212389135,-0.143235021505519,0.129913297124589));
#5171=CARTESIAN_POINT('',(0.0587343585967358,-0.145258265868037,0.127890052762074));
#5172=CARTESIAN_POINT('',(0.0542858302578094,-0.146276542581963,0.12687177604815));
#5173=CARTESIAN_POINT('',(0.0496102030600974,-0.146180603854843,0.126967714775273));
#5174=CARTESIAN_POINT('',(0.0452523641262661,-0.144979161439776,0.128169157190343));
#5175=CARTESIAN_POINT('',(0.0417184121856266,-0.142812506542721,0.1303358120874));
#5176=CARTESIAN_POINT('',(0.0394191863840232,-0.139932284082599,0.133216034547523));
#5177=CARTESIAN_POINT('',(0.03862188587746,-0.136673294294621,0.136475024335502));
#5178=CARTESIAN_POINT('',(0.0394191866493798,-0.133414304627329,0.139734014002792));
#5179=CARTESIAN_POINT('',(0.0417184124979229,-0.13053408197318,0.14261423665694));
#5180=CARTESIAN_POINT('',(0.0452523651995077,-0.128367428216123,0.144780890413996));
#5181=CARTESIAN_POINT('',(0.0496102019559142,-0.12716598217989,0.145982336450226));
#5182=CARTESIAN_POINT('',(0.0542858376087631,-0.127070057715888,0.146078260914225));
#5183=CARTESIAN_POINT('',(0.0587343343451812,-0.128088281983866,0.145060036646245));
#5184=CARTESIAN_POINT('',(0.0624443056626023,-0.130111722804807,0.143036595825302));
#5185=CARTESIAN_POINT('',(0.0641237742055772,-0.131950629507043,0.141197689123064));
#5186=CARTESIAN_POINT('',(0.0647293419416264,-0.132960984176329,0.140187334453779));
#5187=CARTESIAN_POINT('',(0.0647293419416214,-0.132960984176325,0.140187334453782));
#5188=CARTESIAN_POINT('',(0.0647293419416214,-0.132960984176325,0.140187334453782));
#5189=CARTESIAN_POINT('',(0.0652134921583319,-0.132960984176325,0.140187334453782));
#5190=CARTESIAN_POINT('',(0.0656976423750424,-0.132960984176325,0.140187334453782));
#5191=CARTESIAN_POINT('',(0.066181792591753,-0.132960984176324,0.140187334453782));
#5192=CARTESIAN_POINT('',(0.0661817925917529,-0.132960984176324,0.140187334453782));
#5193=CARTESIAN_POINT('',(0.0661817925917529,-0.132960984176324,0.140187334453782));
#5194=CARTESIAN_POINT('',(0.0667043199514897,-0.132960984176429,0.140187334453677));
#5195=CARTESIAN_POINT('',(0.0671417925915972,-0.133269762997059,0.139878555633047));
#5196=CARTESIAN_POINT('',(0.0671417925917534,-0.133639806686263,0.139508511943843));
#5197=CARTESIAN_POINT('',(0.0671417925917534,-0.133639806686263,0.139508511943843));
#5198=CARTESIAN_POINT('',(0.0671417925917534,-0.133639806686263,0.139508511943843));
#5199=CARTESIAN_POINT('',(0.0671417925917545,-0.135662132080456,0.137486186549649));
#5200=CARTESIAN_POINT('',(0.0671417925917557,-0.13768445747465,0.135463861155456));
#5201=CARTESIAN_POINT('',(0.0671417925917569,-0.139706782868844,0.133441535761262));
#5202=CARTESIAN_POINT('',(-0.015795964848177,-0.147646240682494,0.125502077947659));
#5203=CARTESIAN_POINT('',(-0.0188266720581614,-0.147646240682496,0.125502077947659));
#5204=CARTESIAN_POINT('',(-0.0218573792681458,-0.147646240682498,0.125502077947659));
#5205=CARTESIAN_POINT('',(-0.0248880864781302,-0.1476462406825,0.125502077947659));
#5206=CARTESIAN_POINT('',(-0.0157959648482613,-0.147646240682516,0.125502077947638));
#5207=CARTESIAN_POINT('',(-0.0248880864781302,-0.1476462406825,0.125502077947659));
#5208=CARTESIAN_POINT('',(-0.0248880864483806,-0.147646240689118,0.125502077941041));
#5209=CARTESIAN_POINT('',(-0.0249694901980247,-0.147829273453036,0.125319045177123));
#5210=CARTESIAN_POINT('',(-0.0251613016889959,-0.147986657077459,0.1251616615527));
#5211=CARTESIAN_POINT('',(-0.0254061358464691,-0.148070504783393,0.125077813846766));
#5212=CARTESIAN_POINT('',(-0.0254061358685115,-0.148070504751212,0.125077813878947));
#5213=CARTESIAN_POINT('',(-0.0254061358685114,-0.148070504751212,0.125077813878947));
#5214=CARTESIAN_POINT('',(-0.0280300621442417,-0.148070504751214,0.125077813878947));
#5215=CARTESIAN_POINT('',(-0.0306539884199719,-0.148070504751215,0.125077813878947));
#5216=CARTESIAN_POINT('',(-0.0332779146957021,-0.148070504751217,0.125077813878947));
#5217=CARTESIAN_POINT('',(-0.033277914695702,-0.148070505040774,0.125077813589389));
#5218=CARTESIAN_POINT('',(-0.033277914695702,-0.148070505040774,0.125077813589389));
#5219=CARTESIAN_POINT('',(-0.0335221263239635,-0.14798687070888,0.125161447921284));
#5220=CARTESIAN_POINT('',(-0.0337143533803495,-0.147829740498462,0.125318578131702));
#5221=CARTESIAN_POINT('',(-0.0337959648482613,-0.147646240682527,0.125502077947638));
#5222=CARTESIAN_POINT('',(-0.0337959648481772,-0.147646240682505,0.125502077947659));
#5223=CARTESIAN_POINT('',(-0.0337959648481772,-0.147646240682505,0.125502077947659));
#5224=CARTESIAN_POINT('',(-0.0341946517810695,-0.147646240682505,0.125502077947659));
#5225=CARTESIAN_POINT('',(-0.0345933387139618,-0.147646240682505,0.125502077947659));
#5226=CARTESIAN_POINT('',(-0.034992025646854,-0.147646240682506,0.125502077947659));
#5227=CARTESIAN_POINT('',(-0.034992025646854,-0.147646240682506,0.125502077947659));
#5228=CARTESIAN_POINT('',(-0.034992025646854,-0.147646240682506,0.125502077947659));
#5229=CARTESIAN_POINT('',(-0.0354792256100409,-0.147646240682381,0.125502077947784));
#5230=CARTESIAN_POINT('',(-0.0358920256466866,-0.147358630114032,0.125789688516133));
#5231=CARTESIAN_POINT('',(-0.0358920256468544,-0.147009844579438,0.126138474050727));
#5232=CARTESIAN_POINT('',(-0.0358920256468544,-0.147009844579438,0.126138474050727));
#5233=CARTESIAN_POINT('',(-0.0358920256468544,-0.147009844579438,0.126138474050727));
#5234=CARTESIAN_POINT('',(-0.0358920256468574,-0.141753684172618,0.131394634457547));
#5235=CARTESIAN_POINT('',(-0.0358920256468605,-0.136497523765798,0.136650794864367));
#5236=CARTESIAN_POINT('',(-0.0358920256468635,-0.131241363358978,0.141906955271187));
#5237=CARTESIAN_POINT('',(-0.0358920256468635,-0.131241363358978,0.141906955271187));
#5238=CARTESIAN_POINT('',(-0.0358920256468636,-0.131241363358978,0.141906955271187));
#5239=CARTESIAN_POINT('',(-0.0358920256466979,-0.130896860961221,0.142251457668945));
#5240=CARTESIAN_POINT('',(-0.0354852828802398,-0.130604967256023,0.142543351374142));
#5241=CARTESIAN_POINT('',(-0.0349920256468639,-0.13060496725591,0.142543351374255));
#5242=CARTESIAN_POINT('',(-0.0349920256468639,-0.13060496725591,0.142543351374255));
#5243=CARTESIAN_POINT('',(-0.0349920256468639,-0.13060496725591,0.142543351374255));
#5244=CARTESIAN_POINT('',(-0.0345933387031046,-0.13060496725591,0.142543351374255));
#5245=CARTESIAN_POINT('',(-0.0341946517593453,-0.13060496725591,0.142543351374255));
#5246=CARTESIAN_POINT('',(-0.0337959648155859,-0.130604967255909,0.142543351374255));
#5247=CARTESIAN_POINT('',(-0.0337959648453372,-0.13060496724929,0.142543351380874));
#5248=CARTESIAN_POINT('',(-0.0337959648453371,-0.13060496724929,0.142543351380874));
#5249=CARTESIAN_POINT('',(-0.0337145610956865,-0.130421934485359,0.142726384144806));
#5250=CARTESIAN_POINT('',(-0.0335227496047022,-0.130264550860946,0.142883767769218));
#5251=CARTESIAN_POINT('',(-0.0332779154472501,-0.130180703155016,0.142967615475148));
#5252=CARTESIAN_POINT('',(-0.0332779154472501,-0.130180703155016,0.142967615475148));
#5253=CARTESIAN_POINT('',(-0.0332779154252087,-0.130180703187197,0.142967615442967));
#5254=CARTESIAN_POINT('',(-0.0306539891494777,-0.130180703187196,0.142967615442967));
#5255=CARTESIAN_POINT('',(-0.0280300628737468,-0.130180703187194,0.142967615442967));
#5256=CARTESIAN_POINT('',(-0.0254061365980158,-0.130180703187193,0.142967615442967));
#5257=CARTESIAN_POINT('',(-0.0254061365980158,-0.130180703187193,0.142967615442967));
#5258=CARTESIAN_POINT('',(-0.0254061364373701,-0.130180702952651,0.142967615677509));
#5259=CARTESIAN_POINT('',(-0.0251619249416081,-0.130264337277273,0.142883981352886));
#5260=CARTESIAN_POINT('',(-0.0249696979754374,-0.130421467414096,0.142726851216063));
#5261=CARTESIAN_POINT('',(-0.0248880864960404,-0.130604967142147,0.142543351488012));
#5262=CARTESIAN_POINT('',(-0.0248880864960404,-0.130604967142147,0.142543351488012));
#5263=CARTESIAN_POINT('',(-0.0248880864960404,-0.130604967255904,0.142543351374255));
#5264=CARTESIAN_POINT('',(-0.0181907126025565,-0.1306049672559,0.142543351374255));
#5265=CARTESIAN_POINT('',(-0.0114933387090725,-0.130604967255896,0.142543351374255));
#5266=CARTESIAN_POINT('',(-0.0047959648155885,-0.130604967255892,0.142543351374255));
#5267=CARTESIAN_POINT('',(-0.0047959648155885,-0.130604967255892,0.142543351374255));
#5268=CARTESIAN_POINT('',(-0.00479596484533736,-0.130604967249274,0.142543351380873));
#5269=CARTESIAN_POINT('',(-0.00471456109568826,-0.130421934485345,0.142726384144803));
#5270=CARTESIAN_POINT('',(-0.00452274960470646,-0.130264550860928,0.142883767769219));
#5271=CARTESIAN_POINT('',(-0.00427791544724919,-0.130180703154999,0.142967615475148));
#5272=CARTESIAN_POINT('',(-0.0042779154472492,-0.130180703154999,0.142967615475148));
#5273=CARTESIAN_POINT('',(-0.00427791542520709,-0.13018070318718,0.142967615442967));
#5274=CARTESIAN_POINT('',(-0.00165398914947671,-0.130180703187179,0.142967615442967));
#5275=CARTESIAN_POINT('',(0.000969937126253677,-0.130180703187177,0.142967615442967));
#5276=CARTESIAN_POINT('',(0.00359386340198406,-0.130180703187176,0.142967615442967));
#5277=CARTESIAN_POINT('',(0.00359386340198406,-0.130180703187176,0.142967615442967));
#5278=CARTESIAN_POINT('',(0.0035938635626298,-0.130180702952634,0.142967615677509));
#5279=CARTESIAN_POINT('',(0.00383807505839402,-0.130264337277257,0.142883981352886));
#5280=CARTESIAN_POINT('',(0.00403030202456343,-0.130421467414081,0.142726851216062));
#5281=CARTESIAN_POINT('',(0.00411191350395965,-0.13060496714213,0.142543351488012));
#5282=CARTESIAN_POINT('',(0.00411191350395965,-0.13060496714213,0.142543351488012));
#5283=CARTESIAN_POINT('',(0.00411191350395965,-0.130604967255887,0.142543351374255));
#5284=CARTESIAN_POINT('',(0.00714262073077749,-0.130604967255886,0.142543351374255));
#5285=CARTESIAN_POINT('',(0.0101733279575953,-0.130604967255884,0.142543351374255));
#5286=CARTESIAN_POINT('',(0.0132040351844132,-0.130604967255882,0.142543351374255));
#5287=CARTESIAN_POINT('',(0.0132040351844132,-0.130604967255882,0.142543351374255));
#5288=CARTESIAN_POINT('',(0.0132040351546628,-0.130604967249263,0.142543351380874));
#5289=CARTESIAN_POINT('',(0.0132854389043116,-0.130421934485335,0.142726384144802));
#5290=CARTESIAN_POINT('',(0.0134772503952929,-0.13026455086092,0.142883767769217));
#5291=CARTESIAN_POINT('',(0.0137220845527511,-0.130180703154988,0.142967615475148));
#5292=CARTESIAN_POINT('',(0.0137220845527511,-0.130180703154988,0.142967615475149));
#5293=CARTESIAN_POINT('',(0.0137220845747933,-0.13018070318717,0.142967615442967));
#5294=CARTESIAN_POINT('',(0.0140126775171878,-0.13018070318717,0.142967615442967));
#5295=CARTESIAN_POINT('',(0.0143032704595822,-0.130180703187169,0.142967615442967));
#5296=CARTESIAN_POINT('',(0.0145938634019766,-0.130180703187169,0.142967615442967));
#5297=CARTESIAN_POINT('',(0.0145938634019766,-0.130180703187169,0.142967615442967));
#5298=CARTESIAN_POINT('',(0.0145938635626237,-0.130180702952625,0.142967615677511));
#5299=CARTESIAN_POINT('',(0.0148380750583999,-0.130264337277251,0.142883981352885));
#5300=CARTESIAN_POINT('',(0.0150303020245654,-0.130421467414079,0.142726851216057));
#5301=CARTESIAN_POINT('',(0.0151119135039596,-0.130604967142124,0.142543351488012));
#5302=CARTESIAN_POINT('',(0.0151119135039597,-0.130604967142124,0.142543351488012));
#5303=CARTESIAN_POINT('',(0.0151119135039597,-0.130604967255881,0.142543351374255));
#5304=CARTESIAN_POINT('',(0.0181426207307772,-0.130604967255879,0.142543351374255));
#5305=CARTESIAN_POINT('',(0.0211733279575948,-0.130604967255877,0.142543351374255));
#5306=CARTESIAN_POINT('',(0.0242040351844123,-0.130604967255876,0.142543351374255));
#5307=CARTESIAN_POINT('',(0.0242040351844123,-0.130604967255876,0.142543351374255));
#5308=CARTESIAN_POINT('',(0.0242040351546627,-0.130604967249257,0.142543351380874));
#5309=CARTESIAN_POINT('',(0.0242854389043032,-0.130421934485348,0.142726384144783));
#5310=CARTESIAN_POINT('',(0.0244772503952665,-0.130264550860923,0.142883767769208));
#5311=CARTESIAN_POINT('',(0.0247220845527512,-0.130180703154982,0.142967615475149));
#5312=CARTESIAN_POINT('',(0.0247220845527512,-0.130180703154982,0.142967615475149));
#5313=CARTESIAN_POINT('',(0.0247220845747936,-0.130180703187163,0.142967615442967));
#5314=CARTESIAN_POINT('',(0.0273460108505235,-0.130180703187162,0.142967615442967));
#5315=CARTESIAN_POINT('',(0.0299699371262534,-0.13018070318716,0.142967615442967));
#5316=CARTESIAN_POINT('',(0.0325938634019834,-0.130180703187159,0.142967615442967));
#5317=CARTESIAN_POINT('',(0.0325938634019834,-0.130180703187159,0.142967615442967));
#5318=CARTESIAN_POINT('',(0.0325938635626293,-0.130180702952617,0.142967615677509));
#5319=CARTESIAN_POINT('',(0.0328380750584241,-0.130264337277253,0.142883981352873));
#5320=CARTESIAN_POINT('',(0.0330303020245732,-0.130421467414088,0.142726851216038));
#5321=CARTESIAN_POINT('',(0.0331119135039597,-0.130604967142113,0.142543351488012));
#5322=CARTESIAN_POINT('',(0.0331119135039597,-0.130604967142113,0.142543351488012));
#5323=CARTESIAN_POINT('',(0.0331119135039597,-0.13060496725587,0.142543351374255));
#5324=CARTESIAN_POINT('',(0.0335106004536851,-0.13060496725587,0.142543351374255));
#5325=CARTESIAN_POINT('',(0.0339092874034106,-0.13060496725587,0.142543351374255));
#5326=CARTESIAN_POINT('',(0.0343079743531361,-0.13060496725587,0.142543351374255));
#5327=CARTESIAN_POINT('',(0.0343079743531361,-0.13060496725587,0.142543351374255));
#5328=CARTESIAN_POINT('',(0.0343079743531361,-0.13060496725587,0.142543351374255));
#5329=CARTESIAN_POINT('',(0.0347951743163216,-0.130604967255995,0.14254335137413));
#5330=CARTESIAN_POINT('',(0.0352079743529687,-0.130892577824342,0.142255740805782));
#5331=CARTESIAN_POINT('',(0.0352079743531365,-0.131241363358937,0.141906955271187));
#5332=CARTESIAN_POINT('',(0.0352079743531364,-0.131241363358937,0.141906955271187));
#5333=CARTESIAN_POINT('',(0.0352079743531365,-0.131241363358937,0.141906955271187));
#5334=CARTESIAN_POINT('',(0.0352079743531395,-0.136497523765757,0.136650794864367));
#5335=CARTESIAN_POINT('',(0.0352079743531426,-0.141753684172577,0.131394634457547));
#5336=CARTESIAN_POINT('',(0.0352079743531456,-0.147009844579397,0.126138474050727));
#5337=CARTESIAN_POINT('',(0.0352079743531456,-0.147009844579397,0.126138474050727));
#5338=CARTESIAN_POINT('',(0.0352079743531456,-0.147009844579397,0.126138474050727));
#5339=CARTESIAN_POINT('',(0.0352079743529783,-0.147354346977161,0.125793971652963));
#5340=CARTESIAN_POINT('',(0.0348012315865282,-0.147646240682339,0.125502077947786));
#5341=CARTESIAN_POINT('',(0.034307974353146,-0.147646240682465,0.125502077947659));
#5342=CARTESIAN_POINT('',(0.034307974353146,-0.147646240682465,0.125502077947659));
#5343=CARTESIAN_POINT('',(0.034307974353146,-0.147646240682465,0.125502077947659));
#5344=CARTESIAN_POINT('',(0.0339092874093867,-0.147646240682466,0.125502077947659));
#5345=CARTESIAN_POINT('',(0.0335106004656274,-0.147646240682466,0.125502077947659));
#5346=CARTESIAN_POINT('',(0.033111913521868,-0.147646240682466,0.125502077947659));
#5347=CARTESIAN_POINT('',(0.033111913521868,-0.147646240682466,0.125502077947659));
#5348=CARTESIAN_POINT('',(0.0331119135516192,-0.147646240689085,0.12550207794104));
#5349=CARTESIAN_POINT('',(0.0330305098019717,-0.147829273453012,0.125319045177114));
#5350=CARTESIAN_POINT('',(0.0328386983109941,-0.147986657077428,0.125161661552697));
#5351=CARTESIAN_POINT('',(0.032593864153532,-0.148070504783359,0.125077813846766));
#5352=CARTESIAN_POINT('',(0.032593864153532,-0.148070504783359,0.125077813846766));
#5353=CARTESIAN_POINT('',(0.0325938641314906,-0.148070504751178,0.125077813878947));
#5354=CARTESIAN_POINT('',(0.0299699378557599,-0.14807050475118,0.125077813878947));
#5355=CARTESIAN_POINT('',(0.0273460115800291,-0.148070504751181,0.125077813878947));
#5356=CARTESIAN_POINT('',(0.0247220853042984,-0.148070504751183,0.125077813878947));
#5357=CARTESIAN_POINT('',(0.0247220853042984,-0.148070504751183,0.125077813878947));
#5358=CARTESIAN_POINT('',(0.0247220851436526,-0.148070504985725,0.125077813644405));
#5359=CARTESIAN_POINT('',(0.0244778735959051,-0.147986870643301,0.125161447986829));
#5360=CARTESIAN_POINT('',(0.0242856466017466,-0.147829740458174,0.125318578171956));
#5361=CARTESIAN_POINT('',(0.0242040351517387,-0.147646240682493,0.125502077947638));
#5362=CARTESIAN_POINT('',(0.0242040351517387,-0.147646240682493,0.125502077947638));
#5363=CARTESIAN_POINT('',(0.0242040351518229,-0.147646240682471,0.125502077947659));
#5364=CARTESIAN_POINT('',(0.0175066612751721,-0.147646240682475,0.125502077947659));
#5365=CARTESIAN_POINT('',(0.0108092873985213,-0.147646240682479,0.125502077947659));
#5366=CARTESIAN_POINT('',(0.00411191352187058,-0.147646240682483,0.125502077947659));
#5367=CARTESIAN_POINT('',(0.00411191352187058,-0.147646240682483,0.125502077947659));
#5368=CARTESIAN_POINT('',(0.00411191355161944,-0.147646240689101,0.125502077941041));
#5369=CARTESIAN_POINT('',(0.00403050980197533,-0.147829273453019,0.125319045177123));
#5370=CARTESIAN_POINT('',(0.0038386983110038,-0.147986657077442,0.125161661552701));
#5371=CARTESIAN_POINT('',(0.00359386415353107,-0.148070504783377,0.125077813846766));
#5372=CARTESIAN_POINT('',(0.00359386415353107,-0.148070504783377,0.125077813846766));
#5373=CARTESIAN_POINT('',(0.00359386413148898,-0.148070504751195,0.125077813878947));
#5374=CARTESIAN_POINT('',(0.000969937855758694,-0.148070504751197,0.125077813878947));
#5375=CARTESIAN_POINT('',(-0.00165398841997159,-0.148070504751198,0.125077813878947));
#5376=CARTESIAN_POINT('',(-0.00427791469570188,-0.1480705047512,0.125077813878947));
#5377=CARTESIAN_POINT('',(-0.00427791469570188,-0.1480705047512,0.125077813878947));
#5378=CARTESIAN_POINT('',(-0.0042779148563476,-0.148070504985742,0.125077813644405));
#5379=CARTESIAN_POINT('',(-0.00452212640408242,-0.147986870643318,0.125161447986829));
#5380=CARTESIAN_POINT('',(-0.0047143533982487,-0.147829740458199,0.125318578171948));
#5381=CARTESIAN_POINT('',(-0.00479596484826134,-0.14764624068251,0.125502077947637));
#5382=CARTESIAN_POINT('',(-0.00479596484826134,-0.14764624068251,0.125502077947638));
#5383=CARTESIAN_POINT('',(-0.0047959648481773,-0.147646240682488,0.125502077947659));
#5384=CARTESIAN_POINT('',(-0.00782667205816191,-0.14764624068249,0.125502077947659));
#5385=CARTESIAN_POINT('',(-0.0108573792681465,-0.147646240682492,0.125502077947659));
#5386=CARTESIAN_POINT('',(-0.0138880864781311,-0.147646240682493,0.125502077947659));
#5387=CARTESIAN_POINT('',(-0.0138880864781311,-0.147646240682493,0.125502077947659));
#5388=CARTESIAN_POINT('',(-0.0138880864483807,-0.147646240689112,0.12550207794104));
#5389=CARTESIAN_POINT('',(-0.0139694901980232,-0.147829273453028,0.125319045177125));
#5390=CARTESIAN_POINT('',(-0.0141613016889917,-0.147986657077449,0.125161661552704));
#5391=CARTESIAN_POINT('',(-0.0144061358464689,-0.148070504783387,0.125077813846766));
#5392=CARTESIAN_POINT('',(-0.0144061358464688,-0.148070504783387,0.125077813846766));
#5393=CARTESIAN_POINT('',(-0.0144061358685108,-0.148070504751206,0.125077813878947));
#5394=CARTESIAN_POINT('',(-0.0146967288109053,-0.148070504751206,0.125077813878947));
#5395=CARTESIAN_POINT('',(-0.0149873217532998,-0.148070504751206,0.125077813878947));
#5396=CARTESIAN_POINT('',(-0.0152779146956943,-0.148070504751206,0.125077813878947));
#5397=CARTESIAN_POINT('',(-0.0152779146956943,-0.148070504751206,0.125077813878947));
#5398=CARTESIAN_POINT('',(-0.0152779148563415,-0.14807050498575,0.125077813644403));
#5399=CARTESIAN_POINT('',(-0.0155221264040814,-0.147986870643327,0.125161447986827));
#5400=CARTESIAN_POINT('',(-0.0157143533982489,-0.147829740458205,0.125318578171948));
#5401=CARTESIAN_POINT('',(-0.0157959648482613,-0.147646240682516,0.125502077947637));
#5402=CARTESIAN_POINT('',(-0.0792223345159768,-0.123215701392537,0.149932617237654));
#5403=CARTESIAN_POINT('',(-0.0792223345159708,-0.133586600849937,0.139561717780254));
#5404=CARTESIAN_POINT('',(-0.0792223345159648,-0.143957500307337,0.129190818322854));
#5405=CARTESIAN_POINT('',(-0.0792223345159587,-0.154328399764737,0.118819918865454));
#5406=CARTESIAN_POINT('',(-0.0792223345159755,-0.123215701392536,0.149932617237655));
#5407=CARTESIAN_POINT('',(-0.0792223345159587,-0.154328399764737,0.118819918865454));
#5408=CARTESIAN_POINT('',(-0.0792223345159602,-0.154328399764744,0.118819918865446));
#5409=CARTESIAN_POINT('',(-0.0266186980723452,-0.154328399764714,0.118819918865446));
#5410=CARTESIAN_POINT('',(0.0259849383712698,-0.154328399764683,0.118819918865446));
#5411=CARTESIAN_POINT('',(0.0785885748148848,-0.154328399764652,0.118819918865446));
#5412=CARTESIAN_POINT('',(0.0785885748148862,-0.154328399764645,0.118819918865454));
#5413=CARTESIAN_POINT('',(0.0785885748148862,-0.154328399764644,0.118819918865454));
#5414=CARTESIAN_POINT('',(0.0785885748148801,-0.143957500307247,0.129190818322851));
#5415=CARTESIAN_POINT('',(0.0785885748148741,-0.13358660084985,0.139561717780249));
#5416=CARTESIAN_POINT('',(0.0785885748148681,-0.123215701392453,0.149932617237646));
#5417=CARTESIAN_POINT('',(0.0785885748148704,-0.123215701392445,0.149932617237655));
#5418=CARTESIAN_POINT('',(0.0785885748148704,-0.123215701392445,0.149932617237655));
#5419=CARTESIAN_POINT('',(0.0259849383712551,-0.123215701392475,0.149932617237655));
#5420=CARTESIAN_POINT('',(-0.0266186980723602,-0.123215701392506,0.149932617237655));
#5421=CARTESIAN_POINT('',(-0.0792223345159754,-0.123215701392536,0.149932617237655));
#5422=CARTESIAN_POINT('',(0.074057266407095,-0.141062678720208,0.132085639909893));
#5423=CARTESIAN_POINT('',(0.074557266407095,-0.141062678720208,0.132085639909893));
#5424=CARTESIAN_POINT('',(0.0740572664070948,-0.140709125329615,0.132439193300487));
#5425=CARTESIAN_POINT('',(0.074557266407096,-0.142830445673174,0.130317872956927));
#5426=CARTESIAN_POINT('',(0.0745572664070971,-0.144598212626141,0.12855010600396));
#5427=CARTESIAN_POINT('',(0.0740572664070971,-0.144598212626141,0.12855010600396));
#5428=CARTESIAN_POINT('',(0.0740572664070971,-0.144951766016734,0.128196552613367));
#5429=CARTESIAN_POINT('',(0.0715572664070973,-0.144951766016736,0.128196552613367));
#5430=CARTESIAN_POINT('',(0.0690572664070973,-0.144951766016737,0.128196552613367));
#5431=CARTESIAN_POINT('',(0.069057266407097,-0.144598212626144,0.12855010600396));
#5432=CARTESIAN_POINT('',(0.0685572664070971,-0.144598212626144,0.12855010600396));
#5433=CARTESIAN_POINT('',(0.068557266407096,-0.142830445673178,0.130317872956927));
#5434=CARTESIAN_POINT('',(0.068557266407095,-0.141062678720211,0.132085639909893));
#5435=CARTESIAN_POINT('',(0.069057266407095,-0.141062678720211,0.132085639909893));
#5436=CARTESIAN_POINT('',(0.0690572664070948,-0.140709125329618,0.132439193300487));
#5437=CARTESIAN_POINT('',(0.0715572664070948,-0.140709125329616,0.132439193300486));
#5438=CARTESIAN_POINT('',(0.0740770631552516,-0.132911698002215,0.140236620627886));
#5439=CARTESIAN_POINT('',(0.0745770631552516,-0.132911698002215,0.140236620627886));
#5440=CARTESIAN_POINT('',(0.0740770631552514,-0.132558144611622,0.14059017401848));
#5441=CARTESIAN_POINT('',(0.0745770631552526,-0.134679464955181,0.13846885367492));
#5442=CARTESIAN_POINT('',(0.0745770631552536,-0.136447231908148,0.136701086721954));
#5443=CARTESIAN_POINT('',(0.0740770631552537,-0.136447231908148,0.136701086721954));
#5444=CARTESIAN_POINT('',(0.0740770631552537,-0.136800785298741,0.13634753333136));
#5445=CARTESIAN_POINT('',(0.0715770631552539,-0.136800785298743,0.13634753333136));
#5446=CARTESIAN_POINT('',(0.0690770631552539,-0.136800785298744,0.13634753333136));
#5447=CARTESIAN_POINT('',(0.0690770631552537,-0.136447231908151,0.136701086721954));
#5448=CARTESIAN_POINT('',(0.0685770631552537,-0.136447231908151,0.136701086721954));
#5449=CARTESIAN_POINT('',(0.0685770631552526,-0.134679464955185,0.13846885367492));
#5450=CARTESIAN_POINT('',(0.0685770631552516,-0.132911698002218,0.140236620627886));
#5451=CARTESIAN_POINT('',(0.0690770631552516,-0.132911698002218,0.140236620627886));
#5452=CARTESIAN_POINT('',(0.0690770631552514,-0.132558144611625,0.14059017401848));
#5453=CARTESIAN_POINT('',(0.0715770631552514,-0.132558144611623,0.14059017401848));
#5454=CARTESIAN_POINT('',(-0.000316879850545746,-0.138064943797408,0.133669161270364));
#5455=CARTESIAN_POINT('',(-0.0333189952475727,-0.130003926491901,0.141730178575891));
#5456=CARTESIAN_POINT('',(-0.0333923751861432,-0.130168918074178,0.141565186993614));
#5457=CARTESIAN_POINT('',(-0.033551365053046,-0.130251413865316,0.141482691202475));
#5458=CARTESIAN_POINT('',(-0.0337959648482811,-0.130251413865316,0.141482691202475));
#5459=CARTESIAN_POINT('',(-0.0337959648482716,-0.146585580510725,0.125148524557066));
#5460=CARTESIAN_POINT('',(-0.0335513650530364,-0.146585580510725,0.125148524557066));
#5461=CARTESIAN_POINT('',(-0.0333923751861335,-0.146668076301864,0.125066028765927));
#5462=CARTESIAN_POINT('',(-0.0333189952475629,-0.14683306788414,0.124901037183651));
#5463=CARTESIAN_POINT('',(-0.025365056046146,-0.146833067884136,0.124901037183651));
#5464=CARTESIAN_POINT('',(-0.0252916761075755,-0.146668076301859,0.125066028765928));
#5465=CARTESIAN_POINT('',(-0.0251326862406728,-0.14658558051072,0.125148524557066));
#5466=CARTESIAN_POINT('',(-0.0248880864454377,-0.14658558051072,0.125148524557066));
#5467=CARTESIAN_POINT('',(-0.0157959648482716,-0.146585580510715,0.125148524557066));
#5468=CARTESIAN_POINT('',(-0.0155513650530364,-0.146585580510715,0.125148524557066));
#5469=CARTESIAN_POINT('',(-0.0153923751861335,-0.146668076301853,0.125066028765927));
#5470=CARTESIAN_POINT('',(-0.0153189952475629,-0.14683306788413,0.124901037183651));
#5471=CARTESIAN_POINT('',(-0.0143650560461461,-0.146833067884129,0.124901037183651));
#5472=CARTESIAN_POINT('',(-0.0142916761075756,-0.146668076301852,0.125066028765928));
#5473=CARTESIAN_POINT('',(-0.0141326862406728,-0.146585580510714,0.125148524557066));
#5474=CARTESIAN_POINT('',(-0.0138880864454377,-0.146585580510714,0.125148524557066));
#5475=CARTESIAN_POINT('',(-0.00479596484827153,-0.146585580510708,0.125148524557066));
#5476=CARTESIAN_POINT('',(-0.00455136505303644,-0.146585580510708,0.125148524557066));
#5477=CARTESIAN_POINT('',(-0.00439237518613356,-0.146668076301847,0.125066028765927));
#5478=CARTESIAN_POINT('',(-0.0043189952475629,-0.146833067884124,0.124901037183651));
#5479=CARTESIAN_POINT('',(0.00363494395385394,-0.146833067884119,0.124901037183651));
#5480=CARTESIAN_POINT('',(0.00370832389242444,-0.146668076301842,0.125066028765928));
#5481=CARTESIAN_POINT('',(0.00386731375932725,-0.146585580510703,0.125148524557066));
#5482=CARTESIAN_POINT('',(0.00411191355456236,-0.146585580510703,0.125148524557066));
#5483=CARTESIAN_POINT('',(0.0242040351517284,-0.146585580510692,0.125148524557066));
#5484=CARTESIAN_POINT('',(0.0244486349469636,-0.146585580510691,0.125148524557066));
#5485=CARTESIAN_POINT('',(0.0246076248138665,-0.14666807630183,0.125066028765928));
#5486=CARTESIAN_POINT('',(0.0246810047524371,-0.146833067884107,0.124901037183651));
#5487=CARTESIAN_POINT('',(0.032634943953854,-0.146833067884102,0.124901037183651));
#5488=CARTESIAN_POINT('',(0.0327083238924245,-0.146668076301825,0.125066028765928));
#5489=CARTESIAN_POINT('',(0.0328673137593272,-0.146585580510686,0.125148524557066));
#5490=CARTESIAN_POINT('',(0.0331119135545623,-0.146585580510686,0.125148524557066));
#5491=CARTESIAN_POINT('',(0.0331119135545528,-0.130251413865277,0.141482691202475));
#5492=CARTESIAN_POINT('',(0.0328673137593176,-0.130251413865277,0.141482691202476));
#5493=CARTESIAN_POINT('',(0.0327083238924148,-0.130168918074139,0.141565186993614));
#5494=CARTESIAN_POINT('',(0.0326349439538442,-0.130003926491862,0.141730178575891));
#5495=CARTESIAN_POINT('',(0.0246810047524277,-0.130003926491866,0.141730178575892));
#5496=CARTESIAN_POINT('',(0.0246076248138583,-0.130168918074144,0.141565186993614));
#5497=CARTESIAN_POINT('',(0.0244486349469554,-0.130251413865282,0.141482691202475));
#5498=CARTESIAN_POINT('',(0.0242040351517189,-0.130251413865282,0.141482691202475));
#5499=CARTESIAN_POINT('',(0.0151119135545528,-0.130251413865288,0.141482691202475));
#5500=CARTESIAN_POINT('',(0.0148673137593177,-0.130251413865288,0.141482691202476));
#5501=CARTESIAN_POINT('',(0.0147083238924148,-0.130168918074149,0.141565186993614));
#5502=CARTESIAN_POINT('',(0.0146349439538442,-0.130003926491873,0.141730178575891));
#5503=CARTESIAN_POINT('',(0.0136810047524273,-0.130003926491873,0.141730178575891));
#5504=CARTESIAN_POINT('',(0.0136076248138568,-0.13016891807415,0.141565186993614));
#5505=CARTESIAN_POINT('',(0.013448634946954,-0.130251413865289,0.141482691202475));
#5506=CARTESIAN_POINT('',(0.0132040351517189,-0.130251413865289,0.141482691202475));
#5507=CARTESIAN_POINT('',(0.00411191355455285,-0.130251413865294,0.141482691202475));
#5508=CARTESIAN_POINT('',(0.00386731375931768,-0.130251413865294,0.141482691202476));
#5509=CARTESIAN_POINT('',(0.0037083238924148,-0.130168918074156,0.141565186993614));
#5510=CARTESIAN_POINT('',(0.0036349439538442,-0.130003926491879,0.141730178575891));
#5511=CARTESIAN_POINT('',(-0.00431899524757274,-0.130003926491884,0.141730178575891));
#5512=CARTESIAN_POINT('',(-0.00439237518614317,-0.130168918074161,0.141565186993614));
#5513=CARTESIAN_POINT('',(-0.00455136505304594,-0.130251413865299,0.141482691202475));
#5514=CARTESIAN_POINT('',(-0.00479596484828104,-0.130251413865299,0.141482691202475));
#5515=CARTESIAN_POINT('',(-0.0248880864454472,-0.130251413865311,0.141482691202475));
#5516=CARTESIAN_POINT('',(-0.0251326862406824,-0.130251413865311,0.141482691202476));
#5517=CARTESIAN_POINT('',(-0.0252916761075852,-0.130168918074173,0.141565186993614));
#5518=CARTESIAN_POINT('',(-0.0253650560461558,-0.130003926491896,0.141730178575891));
#5519=CARTESIAN_POINT('',(0.074577063155253,-0.135386571736368,0.139175960456107));
#5520=CARTESIAN_POINT('',(0.074577063155252,-0.133618804783402,0.140943727409073));
#5521=CARTESIAN_POINT('',(0.0745770631552518,-0.133265251392808,0.14059017401848));
#5522=CARTESIAN_POINT('',(0.0745770631552518,-0.133265251392808,0.14059017401848));
#5523=CARTESIAN_POINT('',(0.0745770631552524,-0.134443762694786,0.139411662716502));
#5524=CARTESIAN_POINT('',(0.0745770631552531,-0.135622273996763,0.138233151414525));
#5525=CARTESIAN_POINT('',(0.0745770631552538,-0.136800785298741,0.137054640112547));
#5526=CARTESIAN_POINT('',(0.0745770631552539,-0.136800785298741,0.137054640112547));
#5527=CARTESIAN_POINT('',(0.0745770631552541,-0.137154338689334,0.13740819350314));
#5528=CARTESIAN_POINT('',(0.074077063155252,-0.133618804783402,0.140943727409073));
#5529=CARTESIAN_POINT('',(0.0740770631552518,-0.133265251392809,0.141297280799666));
#5530=CARTESIAN_POINT('',(0.0740770631552516,-0.132911698002215,0.140943727409073));
#5531=CARTESIAN_POINT('',(0.0740770631552518,-0.132911698002215,0.140943727409073));
#5532=CARTESIAN_POINT('',(0.0743388625430509,-0.132911698002215,0.140943727409073));
#5533=CARTESIAN_POINT('',(0.0745770631552517,-0.133080131270385,0.140775294140903));
#5534=CARTESIAN_POINT('',(0.0745770631552518,-0.133265251392808,0.14059017401848));
#5535=CARTESIAN_POINT('',(0.0715770631552518,-0.13326525139281,0.141297280799666));
#5536=CARTESIAN_POINT('',(0.0690770631552518,-0.133265251392811,0.141297280799666));
#5537=CARTESIAN_POINT('',(0.0690770631552516,-0.132911698002218,0.140943727409073));
#5538=CARTESIAN_POINT('',(0.0690770631552516,-0.132911698002218,0.140943727409073));
#5539=CARTESIAN_POINT('',(0.0707437298219183,-0.132911698002217,0.140943727409073));
#5540=CARTESIAN_POINT('',(0.072410396488585,-0.132911698002216,0.140943727409073));
#5541=CARTESIAN_POINT('',(0.0740770631552516,-0.132911698002215,0.140943727409073));
#5542=CARTESIAN_POINT('',(0.069077063155252,-0.133618804783405,0.140943727409073));
#5543=CARTESIAN_POINT('',(0.068577063155252,-0.133618804783405,0.140943727409073));
#5544=CARTESIAN_POINT('',(0.0685770631552518,-0.133265251392812,0.14059017401848));
#5545=CARTESIAN_POINT('',(0.0685770631552518,-0.133265251392812,0.14059017401848));
#5546=CARTESIAN_POINT('',(0.0685770631552517,-0.133080131270389,0.140775294140903));
#5547=CARTESIAN_POINT('',(0.0688152637674526,-0.132911698002218,0.140943727409073));
#5548=CARTESIAN_POINT('',(0.0690770631552518,-0.132911698002218,0.140943727409073));
#5549=CARTESIAN_POINT('',(0.068577063155253,-0.135386571736371,0.139175960456107));
#5550=CARTESIAN_POINT('',(0.0685770631552541,-0.137154338689338,0.13740819350314));
#5551=CARTESIAN_POINT('',(0.0685770631552539,-0.136800785298744,0.137054640112547));
#5552=CARTESIAN_POINT('',(0.0685770631552538,-0.136800785298744,0.137054640112547));
#5553=CARTESIAN_POINT('',(0.0685770631552531,-0.135622273996767,0.138233151414525));
#5554=CARTESIAN_POINT('',(0.0685770631552525,-0.134443762694789,0.139411662716502));
#5555=CARTESIAN_POINT('',(0.0685770631552518,-0.133265251392812,0.14059017401848));
#5556=CARTESIAN_POINT('',(0.0690770631552541,-0.137154338689337,0.13740819350314));
#5557=CARTESIAN_POINT('',(0.0690770631552543,-0.137507892079931,0.137054640112547));
#5558=CARTESIAN_POINT('',(0.0690770631552541,-0.137154338689337,0.136701086721954));
#5559=CARTESIAN_POINT('',(0.0690770631552539,-0.137154338689337,0.136701086721954));
#5560=CARTESIAN_POINT('',(0.0688152637674548,-0.137154338689337,0.136701086721954));
#5561=CARTESIAN_POINT('',(0.068577063155254,-0.136985905421168,0.136869519990124));
#5562=CARTESIAN_POINT('',(0.0685770631552539,-0.136800785298744,0.137054640112547));
#5563=CARTESIAN_POINT('',(0.0715770631552543,-0.137507892079929,0.137054640112547));
#5564=CARTESIAN_POINT('',(0.0740770631552543,-0.137507892079928,0.137054640112547));
#5565=CARTESIAN_POINT('',(0.0740770631552541,-0.137154338689335,0.136701086721954));
#5566=CARTESIAN_POINT('',(0.0740770631552541,-0.137154338689334,0.136701086721954));
#5567=CARTESIAN_POINT('',(0.0724103964885875,-0.137154338689335,0.136701086721954));
#5568=CARTESIAN_POINT('',(0.0707437298219208,-0.137154338689336,0.136701086721954));
#5569=CARTESIAN_POINT('',(0.0690770631552541,-0.137154338689337,0.136701086721954));
#5570=CARTESIAN_POINT('',(0.0740770631552541,-0.137154338689335,0.13740819350314));
#5571=CARTESIAN_POINT('',(0.0745770631552539,-0.136800785298741,0.137054640112547));
#5572=CARTESIAN_POINT('',(0.074577063155254,-0.136985905421164,0.136869519990124));
#5573=CARTESIAN_POINT('',(0.0743388625430533,-0.137154338689334,0.136701086721954));
#5574=CARTESIAN_POINT('',(0.0740770631552541,-0.137154338689335,0.136701086721954));
#5575=CARTESIAN_POINT('',(-0.000316879850544923,-0.139479157359781,0.135083374832737));
#5576=CARTESIAN_POINT('',(0.0690770631552521,-0.133618804783405,0.140943727409073));
#5577=CARTESIAN_POINT('',(0.0690770631552524,-0.134208060424636,0.140354471767842));
#5578=CARTESIAN_POINT('',(0.0690770631552527,-0.134797316065868,0.13976521612661));
#5579=CARTESIAN_POINT('',(0.0690770631552531,-0.135386571707099,0.139175960485379));
#5580=CARTESIAN_POINT('',(0.069077063155252,-0.133618804783405,0.140943727409073));
#5581=CARTESIAN_POINT('',(0.0690770631552531,-0.135386571736371,0.139175960456107));
#5582=CARTESIAN_POINT('',(0.0690768720998325,-0.134924435050925,0.139638097141553));
#5583=CARTESIAN_POINT('',(0.0696193432394214,-0.134001455813296,0.140561076379182));
#5584=CARTESIAN_POINT('',(0.0709216262304714,-0.133618940267965,0.140943591924512));
#5585=CARTESIAN_POINT('',(0.0715770631552531,-0.133618804783403,0.140943727409073));
#5586=CARTESIAN_POINT('',(0.0715770631570198,-0.133618804783403,0.140943727409073));
#5587=CARTESIAN_POINT('',(0.0707437298230972,-0.133618804783404,0.140943727409073));
#5588=CARTESIAN_POINT('',(0.0699103964891747,-0.133618804783404,0.140943727409073));
#5589=CARTESIAN_POINT('',(0.0690770631552521,-0.133618804783405,0.140943727409073));
#5590=CARTESIAN_POINT('',(0.0745572664070964,-0.143537552454361,0.131024979738113));
#5591=CARTESIAN_POINT('',(0.0745572664070954,-0.141769785501395,0.13279274669108));
#5592=CARTESIAN_POINT('',(0.0745572664070952,-0.141416232110801,0.132439193300487));
#5593=CARTESIAN_POINT('',(0.0745572664070952,-0.141416232110801,0.132439193300487));
#5594=CARTESIAN_POINT('',(0.0745572664070959,-0.142594743412779,0.131260681998509));
#5595=CARTESIAN_POINT('',(0.0745572664070965,-0.143773254714756,0.130082170696531));
#5596=CARTESIAN_POINT('',(0.0745572664070972,-0.144951766016734,0.128903659394554));
#5597=CARTESIAN_POINT('',(0.0745572664070973,-0.144951766016734,0.128903659394554));
#5598=CARTESIAN_POINT('',(0.0745572664070975,-0.145305319407327,0.129257212785147));
#5599=CARTESIAN_POINT('',(0.0740572664070954,-0.141769785501395,0.13279274669108));
#5600=CARTESIAN_POINT('',(0.0740572664070952,-0.141416232110802,0.133146300081673));
#5601=CARTESIAN_POINT('',(0.074057266407095,-0.141062678720208,0.13279274669108));
#5602=CARTESIAN_POINT('',(0.0740572664070952,-0.141062678720208,0.13279274669108));
#5603=CARTESIAN_POINT('',(0.0743190657948942,-0.141062678720208,0.13279274669108));
#5604=CARTESIAN_POINT('',(0.074557266407095,-0.141231111988378,0.13262431342291));
#5605=CARTESIAN_POINT('',(0.0745572664070952,-0.141416232110801,0.132439193300487));
#5606=CARTESIAN_POINT('',(0.0715572664070952,-0.141416232110803,0.133146300081673));
#5607=CARTESIAN_POINT('',(0.0690572664070952,-0.141416232110804,0.133146300081673));
#5608=CARTESIAN_POINT('',(0.069057266407095,-0.141062678720211,0.13279274669108));
#5609=CARTESIAN_POINT('',(0.069057266407095,-0.141062678720211,0.13279274669108));
#5610=CARTESIAN_POINT('',(0.0707239330737617,-0.14106267872021,0.13279274669108));
#5611=CARTESIAN_POINT('',(0.0723905997404283,-0.141062678720209,0.13279274669108));
#5612=CARTESIAN_POINT('',(0.074057266407095,-0.141062678720208,0.13279274669108));
#5613=CARTESIAN_POINT('',(0.0690572664070954,-0.141769785501398,0.13279274669108));
#5614=CARTESIAN_POINT('',(0.0685572664070954,-0.141769785501398,0.13279274669108));
#5615=CARTESIAN_POINT('',(0.0685572664070952,-0.141416232110805,0.132439193300487));
#5616=CARTESIAN_POINT('',(0.0685572664070952,-0.141416232110805,0.132439193300487));
#5617=CARTESIAN_POINT('',(0.0685572664070951,-0.141231111988381,0.13262431342291));
#5618=CARTESIAN_POINT('',(0.068795467019296,-0.141062678720211,0.13279274669108));
#5619=CARTESIAN_POINT('',(0.0690572664070952,-0.141062678720211,0.13279274669108));
#5620=CARTESIAN_POINT('',(0.0685572664070965,-0.143537552454364,0.131024979738113));
#5621=CARTESIAN_POINT('',(0.0685572664070975,-0.145305319407331,0.129257212785147));
#5622=CARTESIAN_POINT('',(0.0685572664070973,-0.144951766016737,0.128903659394554));
#5623=CARTESIAN_POINT('',(0.0685572664070973,-0.144951766016737,0.128903659394554));
#5624=CARTESIAN_POINT('',(0.0685572664070966,-0.14377325471476,0.130082170696531));
#5625=CARTESIAN_POINT('',(0.068557266407096,-0.142594743412782,0.131260681998509));
#5626=CARTESIAN_POINT('',(0.0685572664070953,-0.141416232110805,0.132439193300487));
#5627=CARTESIAN_POINT('',(0.0690572664070975,-0.14530531940733,0.129257212785147));
#5628=CARTESIAN_POINT('',(0.0690572664070977,-0.145658872797924,0.128903659394554));
#5629=CARTESIAN_POINT('',(0.0690572664070975,-0.14530531940733,0.12855010600396));
#5630=CARTESIAN_POINT('',(0.0690572664070973,-0.14530531940733,0.12855010600396));
#5631=CARTESIAN_POINT('',(0.0687954670192982,-0.14530531940733,0.128550106003961));
#5632=CARTESIAN_POINT('',(0.0685572664070974,-0.145136886139161,0.128718539272131));
#5633=CARTESIAN_POINT('',(0.0685572664070973,-0.144951766016737,0.128903659394554));
#5634=CARTESIAN_POINT('',(0.0715572664070977,-0.145658872797922,0.128903659394554));
#5635=CARTESIAN_POINT('',(0.0740572664070977,-0.145658872797921,0.128903659394554));
#5636=CARTESIAN_POINT('',(0.0740572664070975,-0.145305319407328,0.12855010600396));
#5637=CARTESIAN_POINT('',(0.0740572664070975,-0.145305319407327,0.128550106003961));
#5638=CARTESIAN_POINT('',(0.0723905997404308,-0.145305319407328,0.128550106003961));
#5639=CARTESIAN_POINT('',(0.0707239330737642,-0.145305319407329,0.128550106003961));
#5640=CARTESIAN_POINT('',(0.0690572664070975,-0.14530531940733,0.128550106003961));
#5641=CARTESIAN_POINT('',(0.0740572664070975,-0.145305319407328,0.129257212785147));
#5642=CARTESIAN_POINT('',(0.0745572664070973,-0.144951766016734,0.128903659394554));
#5643=CARTESIAN_POINT('',(0.0745572664070974,-0.145136886139157,0.128718539272131));
#5644=CARTESIAN_POINT('',(0.0743190657948967,-0.145305319407327,0.12855010600396));
#5645=CARTESIAN_POINT('',(0.0740572664070975,-0.145305319407328,0.12855010600396));
#5646=CARTESIAN_POINT('',(-0.000316879850544923,-0.139479157359781,0.135083374832737));
#5647=CARTESIAN_POINT('',(0.0690572664070955,-0.141769785501398,0.13279274669108));
#5648=CARTESIAN_POINT('',(0.0690572664070958,-0.142359041142629,0.132203491049848));
#5649=CARTESIAN_POINT('',(0.0690572664070962,-0.142948296783861,0.131614235408617));
#5650=CARTESIAN_POINT('',(0.0690572664070965,-0.143537552425092,0.131024979767386));
#5651=CARTESIAN_POINT('',(0.0690572664070955,-0.141769785501398,0.13279274669108));
#5652=CARTESIAN_POINT('',(0.0690572664070965,-0.143537552454364,0.131024979738114));
#5653=CARTESIAN_POINT('',(0.0690570753516694,-0.143075415768904,0.131487116423573));
#5654=CARTESIAN_POINT('',(0.0695995464912639,-0.142152436531293,0.132410095661185));
#5655=CARTESIAN_POINT('',(0.070901829482323,-0.141769920985964,0.132792611206513));
#5656=CARTESIAN_POINT('',(0.0715572664070965,-0.141769785501396,0.13279274669108));
#5657=CARTESIAN_POINT('',(0.0715572664088632,-0.141769785501396,0.13279274669108));
#5658=CARTESIAN_POINT('',(0.0707239330749406,-0.141769785501397,0.13279274669108));
#5659=CARTESIAN_POINT('',(0.0698905997410181,-0.141769785501397,0.13279274669108));
#5660=CARTESIAN_POINT('',(0.0690572664070955,-0.141769785501398,0.13279274669108));
#5661=CARTESIAN_POINT('',(-0.000316879850545129,-0.139125603969188,0.134729821442144));
#5662=CARTESIAN_POINT('',(0.0715572664070962,-0.143183999063769,0.13067142634752));
#5663=CARTESIAN_POINT('',(0.0715572664070963,-0.144598212626143,0.129257212785147));
#5664=CARTESIAN_POINT('',(-0.000316879850545129,-0.139125603969188,0.134729821442144));
#5665=CARTESIAN_POINT('',(0.0715770631552528,-0.135033018345776,0.138822407065513));
#5666=CARTESIAN_POINT('',(0.0715770631552529,-0.13644723190815,0.13740819350314));
#5667=CARTESIAN_POINT('',(0.0798385748148861,-0.154681953155244,0.117405705303074));
#5668=CARTESIAN_POINT('',(0.0797552414815528,-0.154740878720343,0.117405705303074));
#5669=CARTESIAN_POINT('',(0.0796668270451296,-0.154792978291089,0.117405705303074));
#5670=CARTESIAN_POINT('',(0.0794794720949224,-0.15488153775818,0.117405705303074));
#5671=CARTESIAN_POINT('',(0.0793805315811384,-0.154917997654526,0.117405705303074));
#5672=CARTESIAN_POINT('',(0.0790673751169733,-0.155000936303426,0.117405705303074));
#5673=CARTESIAN_POINT('',(0.078838574814886,-0.155035506545839,0.117405705303073));
#5674=CARTESIAN_POINT('',(0.0785885748148859,-0.155035506545839,0.117405705303073));
#5675=CARTESIAN_POINT('',(0.0798802414815527,-0.154652490372694,0.117494093650723));
#5676=CARTESIAN_POINT('',(0.0797846564278728,-0.154723552171266,0.117523556433272));
#5677=CARTESIAN_POINT('',(0.0796858749249528,-0.154783118836362,0.11754381098862));
#5678=CARTESIAN_POINT('',(0.0794837600114926,-0.154880366953235,0.117570132554655));
#5679=CARTESIAN_POINT('',(0.0793804407186485,-0.154918025429936,0.11757619956548));
#5680=CARTESIAN_POINT('',(0.0790672980617159,-0.15500094967195,0.117579462645635));
#5681=CARTESIAN_POINT('',(0.0788385754560844,-0.155035506545839,0.117561720762669));
#5682=CARTESIAN_POINT('',(0.0785885748148859,-0.155035506545839,0.117540977248598));
#5683=CARTESIAN_POINT('',(0.0799170814414051,-0.154616021710594,0.117582661883684));
#5684=CARTESIAN_POINT('',(0.07981245428729,-0.154693613597731,0.117633316227508));
#5685=CARTESIAN_POINT('',(0.0797056126890836,-0.154756249479745,0.117668038890948));
#5686=CARTESIAN_POINT('',(0.0794917877049022,-0.154856048757795,0.117713581699469));
#5687=CARTESIAN_POINT('',(0.0793847830719928,-0.154893232649239,0.117724456802779));
#5688=CARTESIAN_POINT('',(0.0790686145157285,-0.154974759439766,0.117733015580482));
#5689=CARTESIAN_POINT('',(0.0788395015480564,-0.155010013620241,0.117706729991007));
#5690=CARTESIAN_POINT('',(0.0785885748148859,-0.155015650457948,0.117676077367647));
#5691=CARTESIAN_POINT('',(0.0799797024411495,-0.154527821488399,0.117759421573007));
#5692=CARTESIAN_POINT('',(0.0798626069321616,-0.154612481330157,0.117838018178399));
#5693=CARTESIAN_POINT('',(0.079743978045795,-0.154677722973688,0.117891907269741));
#5694=CARTESIAN_POINT('',(0.0795123484654637,-0.154778686836741,0.117963793938588));
#5695=CARTESIAN_POINT('',(0.079399234120259,-0.154814563167392,0.117981988705748));
#5696=CARTESIAN_POINT('',(0.0790735638822635,-0.154893723828026,0.118002758132564));
#5697=CARTESIAN_POINT('',(0.0788424576284273,-0.15492882834792,0.117971888728829));
#5698=CARTESIAN_POINT('',(0.0785885748148859,-0.154941928871393,0.117936381464581));
#5699=CARTESIAN_POINT('',(0.0800054834810413,-0.154476089928304,0.117847613029368));
#5700=CARTESIAN_POINT('',(0.0798849454718774,-0.154561286131227,0.117932938864724));
#5701=CARTESIAN_POINT('',(0.0797625812697675,-0.154626088669673,0.117991600335862));
#5702=CARTESIAN_POINT('',(0.0795248510718556,-0.154725738967974,0.118070812398767));
#5703=CARTESIAN_POINT('',(0.079409314385138,-0.154760830984198,0.118091647453525));
#5704=CARTESIAN_POINT('',(0.0790771805490471,-0.154839164316494,0.118119595358391));
#5705=CARTESIAN_POINT('',(0.0788444876168263,-0.154873509924933,0.118092698034955));
#5706=CARTESIAN_POINT('',(0.0785885748148859,-0.154888409576009,0.118061548313334));
#5707=CARTESIAN_POINT('',(0.0800641299612769,-0.154296124192688,0.118110517412719));
#5708=CARTESIAN_POINT('',(0.0799412744189061,-0.15438295415528,0.118197458161476));
#5709=CARTESIAN_POINT('',(0.0798141777077037,-0.154447565516001,0.11826020906945));
#5710=CARTESIAN_POINT('',(0.0795661393487305,-0.154545418406143,0.118351064460617));
#5711=CARTESIAN_POINT('',(0.0794449393128626,-0.154579115315239,0.118379647298699));
#5712=CARTESIAN_POINT('',(0.0790915906861788,-0.154654848770165,0.118435003425498));
#5713=CARTESIAN_POINT('',(0.0788511129189831,-0.15468099206627,0.118432405450269));
#5714=CARTESIAN_POINT('',(0.0785885748148859,-0.154693480431636,0.118417487847637));
#5715=CARTESIAN_POINT('',(0.0800885748148858,-0.154151623069351,0.11828958877956));
#5716=CARTESIAN_POINT('',(0.0799782552254357,-0.154229630345754,0.118367596962754));
#5717=CARTESIAN_POINT('',(0.079857693015042,-0.154290042140178,0.118426700661461));
#5718=CARTESIAN_POINT('',(0.0796127894263726,-0.15438411828132,0.118516599143086));
#5719=CARTESIAN_POINT('',(0.0794882424243383,-0.154418299673368,0.118547910971334));
#5720=CARTESIAN_POINT('',(0.0791119143251137,-0.154496574828393,0.118616820038232));
#5721=CARTESIAN_POINT('',(0.0788562435697013,-0.154517663670656,0.118630654959443));
#5722=CARTESIAN_POINT('',(0.0785885748148859,-0.154519682488465,0.118628636141634));
#5723=CARTESIAN_POINT('',(0.080088574814886,-0.153974846374054,0.118466365474857));
#5724=CARTESIAN_POINT('',(0.0799929231049013,-0.154042482346817,0.118534001447619));
#5725=CARTESIAN_POINT('',(0.0798833536323206,-0.154100103874583,0.118591622975386));
#5726=CARTESIAN_POINT('',(0.0796471608104181,-0.154193395620264,0.118684914721065));
#5727=CARTESIAN_POINT('',(0.0795208049892343,-0.154229220600502,0.118720739701304));
#5728=CARTESIAN_POINT('',(0.0791312946244603,-0.154309722992953,0.118801242093753));
#5729=CARTESIAN_POINT('',(0.0788590999825524,-0.15432839976465,0.118819918865449));
#5730=CARTESIAN_POINT('',(0.0785885748148858,-0.15432839976465,0.118819918865449));
#5731=CARTESIAN_POINT('',(0.0798385748148861,-0.154681953155244,0.117405705303074));
#5732=CARTESIAN_POINT('',(0.0798802414815527,-0.154652490372694,0.117494093650723));
#5733=CARTESIAN_POINT('',(0.0799170814414051,-0.154616021710594,0.117582661883684));
#5734=CARTESIAN_POINT('',(0.0799797024411495,-0.154527821488399,0.117759421573007));
#5735=CARTESIAN_POINT('',(0.0800054834810413,-0.154476089928304,0.117847613029368));
#5736=CARTESIAN_POINT('',(0.0800641299612769,-0.154296124192688,0.118110517412719));
#5737=CARTESIAN_POINT('',(0.0800885748148858,-0.154151623069351,0.11828958877956));
#5738=CARTESIAN_POINT('',(0.080088574814886,-0.153974846374054,0.118466365474857));
#5739=CARTESIAN_POINT('',(0.080088574814886,-0.153974846374055,0.118466365474857));
#5740=CARTESIAN_POINT('',(0.0798385748148861,-0.154681953155244,0.117405705303074));
#5741=CARTESIAN_POINT('',(0.0785885748148858,-0.15432839976465,0.118819918865449));
#5742=CARTESIAN_POINT('',(0.0792552414815617,-0.154328399764658,0.118819918865453));
#5743=CARTESIAN_POINT('',(0.0797552414815662,-0.154210548634463,0.118702067735258));
#5744=CARTESIAN_POINT('',(0.0800885748148994,-0.153974846374064,0.118466365474866));
#5745=CARTESIAN_POINT('',(0.0785885748148859,-0.155035506545839,0.117405705303073));
#5746=CARTESIAN_POINT('',(0.078588574814886,-0.155035506545839,0.117877109823865));
#5747=CARTESIAN_POINT('',(0.078588574814886,-0.154799804285443,0.118348514344657));
#5748=CARTESIAN_POINT('',(0.0785885748148858,-0.15432839976465,0.118819918865449));
#5749=CARTESIAN_POINT('',(0.0785885748148859,-0.155035506545839,0.117405705303073));
#5750=CARTESIAN_POINT('',(0.0798385748148861,-0.154681953155244,0.117405705303074));
#5751=CARTESIAN_POINT('',(0.0797552414815528,-0.154740878720343,0.117405705303074));
#5752=CARTESIAN_POINT('',(0.0796668270451296,-0.154792978291089,0.117405705303074));
#5753=CARTESIAN_POINT('',(0.0794794720949224,-0.15488153775818,0.117405705303074));
#5754=CARTESIAN_POINT('',(0.0793805315811384,-0.154917997654526,0.117405705303074));
#5755=CARTESIAN_POINT('',(0.0790673751169733,-0.155000936303426,0.117405705303074));
#5756=CARTESIAN_POINT('',(0.078838574814886,-0.155035506545839,0.117405705303073));
#5757=CARTESIAN_POINT('',(0.0785885748148859,-0.155035506545839,0.117405705303073));
#5758=CARTESIAN_POINT('',(0.0798385748148861,-0.154681953155244,0.117405705303074));
#5759=CARTESIAN_POINT('',(0.0798802414815528,-0.154652490372694,0.117317316955426));
#5760=CARTESIAN_POINT('',(0.0799170814414054,-0.154616021710595,0.117228748722465));
#5761=CARTESIAN_POINT('',(0.0799797024411499,-0.1545278214884,0.117051989033142));
#5762=CARTESIAN_POINT('',(0.0800054834810417,-0.154476089928306,0.116963797576781));
#5763=CARTESIAN_POINT('',(0.0800641299612773,-0.15429612419269,0.11670089319343));
#5764=CARTESIAN_POINT('',(0.0800885748148862,-0.154151623069355,0.11652182182659));
#5765=CARTESIAN_POINT('',(0.080088574814886,-0.153974846374058,0.116345045131293));
#5766=CARTESIAN_POINT('',(0.0797552414815528,-0.154740878720343,0.117405705303074));
#5767=CARTESIAN_POINT('',(0.079784656427873,-0.154723552171267,0.117287854172876));
#5768=CARTESIAN_POINT('',(0.0798124542873656,-0.154693613711028,0.117178094492043));
#5769=CARTESIAN_POINT('',(0.0798626069324771,-0.154612481726657,0.116973392824695));
#5770=CARTESIAN_POINT('',(0.0798849454721628,-0.154561286697772,0.116878472308372));
#5771=CARTESIAN_POINT('',(0.0799412744190691,-0.154382955061959,0.11661395335158));
#5772=CARTESIAN_POINT('',(0.079978255225436,-0.154229631252548,0.116443814550188));
#5773=CARTESIAN_POINT('',(0.0799929231049013,-0.15404248234682,0.116277409158531));
#5774=CARTESIAN_POINT('',(0.0796668270451296,-0.154792978291089,0.117405705303074));
#5775=CARTESIAN_POINT('',(0.0796858747646535,-0.154783118836363,0.117267599617422));
#5776=CARTESIAN_POINT('',(0.0797056123908982,-0.154756249690596,0.11714337192605));
#5777=CARTESIAN_POINT('',(0.0797439775084798,-0.154677723637657,0.116919503786449));
#5778=CARTESIAN_POINT('',(0.0797625806309166,-0.154626089433448,0.116819810587557));
#5779=CARTESIAN_POINT('',(0.079814176806821,-0.154447567286833,0.11655120287377));
#5780=CARTESIAN_POINT('',(0.0798576919961815,-0.154290044249832,0.116384711244732));
#5781=CARTESIAN_POINT('',(0.0798833525201873,-0.1541001043624,0.116219787142952));
#5782=CARTESIAN_POINT('',(0.0794794720949224,-0.15488153775818,0.117405705303074));
#5783=CARTESIAN_POINT('',(0.0794837594504445,-0.154880366953236,0.117241278051047));
#5784=CARTESIAN_POINT('',(0.0794917869171802,-0.154856049030774,0.117097829393581));
#5785=CARTESIAN_POINT('',(0.0795123475984422,-0.15477868744982,0.116847617280637));
#5786=CARTESIAN_POINT('',(0.0795248503518436,-0.154725739078156,0.116740597811212));
#5787=CARTESIAN_POINT('',(0.0795661391886303,-0.154545420487723,0.116460349134142));
#5788=CARTESIAN_POINT('',(0.0796127897979869,-0.154384121247059,0.116294814776456));
#5789=CARTESIAN_POINT('',(0.0796471606943023,-0.15419339561759,0.116126495887762));
#5790=CARTESIAN_POINT('',(0.0793805315811384,-0.154917997654526,0.117405705303074));
#5791=CARTESIAN_POINT('',(0.0793804399171508,-0.154918025429937,0.117235211040264));
#5792=CARTESIAN_POINT('',(0.0793847823075798,-0.154893232877725,0.117086954478356));
#5793=CARTESIAN_POINT('',(0.0793992343224852,-0.154814563423345,0.116829422662699));
#5794=CARTESIAN_POINT('',(0.0794093155165781,-0.154760830184151,0.116719762352575));
#5795=CARTESIAN_POINT('',(0.0794449433934758,-0.154579116714581,0.116431767646543));
#5796=CARTESIAN_POINT('',(0.0794882486863762,-0.15441830210719,0.11626350475345));
#5797=CARTESIAN_POINT('',(0.0795208105100797,-0.154229219394274,0.116090672111078));
#5798=CARTESIAN_POINT('',(0.0790673751169733,-0.155000936303426,0.117405705303074));
#5799=CARTESIAN_POINT('',(0.0790672967793191,-0.15500094967195,0.117231947960282));
#5800=CARTESIAN_POINT('',(0.0790686123181113,-0.154974759859908,0.117078395879565));
#5801=CARTESIAN_POINT('',(0.0790735602971001,-0.154893724394753,0.116808652133275));
#5802=CARTESIAN_POINT('',(0.0790771764913634,-0.154839162900943,0.116691810892451));
#5803=CARTESIAN_POINT('',(0.0790915854380136,-0.15465485248118,0.116376410891664));
#5804=CARTESIAN_POINT('',(0.0791119085860293,-0.154496581681599,0.116194594771206));
#5805=CARTESIAN_POINT('',(0.079131287531846,-0.154309724589239,0.116010166916113));
#5806=CARTESIAN_POINT('',(0.078838574814886,-0.155035506545839,0.117405705303073));
#5807=CARTESIAN_POINT('',(0.0788385741736875,-0.155035506545839,0.117249689843477));
#5808=CARTESIAN_POINT('',(0.0788394991370392,-0.15501001393588,0.117104681740387));
#5809=CARTESIAN_POINT('',(0.0788424531884131,-0.154928828258979,0.116839521440719));
#5810=CARTESIAN_POINT('',(0.0788444822764352,-0.154873506839412,0.116718706800856));
#5811=CARTESIAN_POINT('',(0.078851105100862,-0.15468099479946,0.116379010538982));
#5812=CARTESIAN_POINT('',(0.0788562343976273,-0.154517670156294,0.116180762132342));
#5813=CARTESIAN_POINT('',(0.0788590894371534,-0.154328399764652,0.1159914917407));
#5814=CARTESIAN_POINT('',(0.0785885748148859,-0.155035506545839,0.117405705303073));
#5815=CARTESIAN_POINT('',(0.0785885748148859,-0.155035506545839,0.117270433357548));
#5816=CARTESIAN_POINT('',(0.0785885748148859,-0.155015650756532,0.117135334512709));
#5817=CARTESIAN_POINT('',(0.0785885748148859,-0.154941928956178,0.116875029220995));
#5818=CARTESIAN_POINT('',(0.078588574814886,-0.154888406878414,0.116749857182755));
#5819=CARTESIAN_POINT('',(0.078588574814886,-0.154693483850591,0.116393929370031));
#5820=CARTESIAN_POINT('',(0.0785885748148859,-0.154519689945191,0.116182781921239));
#5821=CARTESIAN_POINT('',(0.0785885748148858,-0.154328399764653,0.1159914917407));
#5822=CARTESIAN_POINT('',(0.0785885748148858,-0.154328399764652,0.115991491740701));
#5823=CARTESIAN_POINT('',(0.078588574814886,-0.154799804285443,0.116462896261491));
#5824=CARTESIAN_POINT('',(0.078588574814886,-0.155035506545839,0.116934300782282));
#5825=CARTESIAN_POINT('',(0.0785885748148859,-0.155035506545839,0.117405705303073));
#5826=CARTESIAN_POINT('',(0.0800885748148863,-0.153974846374058,0.116345045131293));
#5827=CARTESIAN_POINT('',(0.079755241481553,-0.154210548634454,0.116109342870898));
#5828=CARTESIAN_POINT('',(0.0792552414815529,-0.154328399764652,0.1159914917407));
#5829=CARTESIAN_POINT('',(0.0785885748148858,-0.154328399764652,0.1159914917407));
#5830=CARTESIAN_POINT('',(0.080088574814886,-0.153974846374058,0.116345045131293));
#5831=CARTESIAN_POINT('',(0.0798385748148861,-0.154681953155244,0.117405705303074));
#5832=CARTESIAN_POINT('',(0.0798802414815528,-0.154652490372694,0.117317316955426));
#5833=CARTESIAN_POINT('',(0.0799170814414054,-0.154616021710595,0.117228748722465));
#5834=CARTESIAN_POINT('',(0.0799797024411499,-0.1545278214884,0.117051989033142));
#5835=CARTESIAN_POINT('',(0.0800054834810417,-0.154476089928306,0.116963797576781));
#5836=CARTESIAN_POINT('',(0.0800641299612773,-0.15429612419269,0.11670089319343));
#5837=CARTESIAN_POINT('',(0.0800885748148862,-0.154151623069355,0.11652182182659));
#5838=CARTESIAN_POINT('',(0.080088574814886,-0.153974846374058,0.116345045131293));
#5839=CARTESIAN_POINT('',(0.0798385748148671,-0.121801487830072,0.150286170628246));
#5840=CARTESIAN_POINT('',(0.0797552414815339,-0.121801487830072,0.150345096193345));
#5841=CARTESIAN_POINT('',(0.0796668270451108,-0.121801487830072,0.150397195764092));
#5842=CARTESIAN_POINT('',(0.0794794720949039,-0.121801487830072,0.150485755231183));
#5843=CARTESIAN_POINT('',(0.07938053158112,-0.121801487830072,0.150522215127529));
#5844=CARTESIAN_POINT('',(0.0790673751169553,-0.121801487830072,0.150605153776428));
#5845=CARTESIAN_POINT('',(0.0788385748148683,-0.121801487830072,0.150639724018842));
#5846=CARTESIAN_POINT('',(0.0785885748148686,-0.121801487830072,0.150639724018842));
#5847=CARTESIAN_POINT('',(0.0798802414815338,-0.121713099482423,0.150256707845698));
#5848=CARTESIAN_POINT('',(0.0797846564278541,-0.121683636699874,0.150327769644269));
#5849=CARTESIAN_POINT('',(0.0796858749249342,-0.121663382144526,0.150387336309365));
#5850=CARTESIAN_POINT('',(0.0794837600114743,-0.121637060578491,0.150484584426238));
#5851=CARTESIAN_POINT('',(0.0793804407186302,-0.121630993567665,0.15052224290294));
#5852=CARTESIAN_POINT('',(0.0790672980616979,-0.12162773048751,0.150605167144953));
#5853=CARTESIAN_POINT('',(0.0788385754560667,-0.121645472370476,0.150639724018842));
#5854=CARTESIAN_POINT('',(0.0785885748148685,-0.121666215884547,0.150639724018842));
#5855=CARTESIAN_POINT('',(0.0799170814413864,-0.121624531249462,0.150220239183598));
#5856=CARTESIAN_POINT('',(0.0798124542872713,-0.121573876905638,0.150297831070735));
#5857=CARTESIAN_POINT('',(0.0797056126890651,-0.121539154242198,0.150360466952749));
#5858=CARTESIAN_POINT('',(0.0794917877048839,-0.121493611433676,0.150460266230799));
#5859=CARTESIAN_POINT('',(0.0793847830719746,-0.121482736330366,0.150497450122243));
#5860=CARTESIAN_POINT('',(0.0790686145157105,-0.121474177552663,0.150578976912769));
#5861=CARTESIAN_POINT('',(0.0788395015480386,-0.121500463142138,0.150614231093243));
#5862=CARTESIAN_POINT('',(0.0785885748148684,-0.121531115765498,0.150619867930951));
#5863=CARTESIAN_POINT('',(0.0799797024411307,-0.12144777156014,0.150132038961403));
#5864=CARTESIAN_POINT('',(0.079862606932143,-0.121369174954747,0.150216698803161));
#5865=CARTESIAN_POINT('',(0.0797439780457765,-0.121315285863405,0.150281940446693));
#5866=CARTESIAN_POINT('',(0.0795123484654455,-0.121243399194558,0.150382904309746));
#5867=CARTESIAN_POINT('',(0.0793992341202407,-0.121225204427398,0.150418780640396));
#5868=CARTESIAN_POINT('',(0.0790735638822453,-0.121204435000582,0.15049794130103));
#5869=CARTESIAN_POINT('',(0.0788424576284092,-0.121235304404316,0.150533045820924));
#5870=CARTESIAN_POINT('',(0.0785885748148681,-0.121270811668564,0.150546146344396));
#5871=CARTESIAN_POINT('',(0.0800054834810225,-0.121359580103778,0.150080307401309));
#5872=CARTESIAN_POINT('',(0.0798849454718587,-0.121274254268422,0.150165503604232));
#5873=CARTESIAN_POINT('',(0.079762581269749,-0.121215592797284,0.150230306142678));
#5874=CARTESIAN_POINT('',(0.0795248510718373,-0.121136380734379,0.150329956440979));
#5875=CARTESIAN_POINT('',(0.0794093143851198,-0.121115545679621,0.150365048457202));
#5876=CARTESIAN_POINT('',(0.0790771805490289,-0.121087597774755,0.150443381789498));
#5877=CARTESIAN_POINT('',(0.0788444876168081,-0.121114495098191,0.150477727397936));
#5878=CARTESIAN_POINT('',(0.078588574814868,-0.121145644819812,0.150492627049012));
#5879=CARTESIAN_POINT('',(0.080064129961258,-0.121096675720428,0.149900341665694));
#5880=CARTESIAN_POINT('',(0.0799412744188873,-0.12100973497167,0.149987171628286));
#5881=CARTESIAN_POINT('',(0.0798141777076849,-0.120946984063697,0.150051782989007));
#5882=CARTESIAN_POINT('',(0.0795661393487118,-0.12085612867253,0.150149635879149));
#5883=CARTESIAN_POINT('',(0.0794449393128439,-0.120827545834448,0.150183332788245));
#5884=CARTESIAN_POINT('',(0.0790915906861603,-0.120772189707648,0.15025906624317));
#5885=CARTESIAN_POINT('',(0.0788511129189646,-0.120774787682877,0.150285209539274));
#5886=CARTESIAN_POINT('',(0.0785885748148675,-0.12078970528551,0.150297697904641));
#5887=CARTESIAN_POINT('',(0.0800885748148668,-0.120917604353587,0.149755840542358));
#5888=CARTESIAN_POINT('',(0.0799782552254166,-0.120839596170394,0.14983384781876));
#5889=CARTESIAN_POINT('',(0.0798576930150228,-0.120780492471686,0.149894259613184));
#5890=CARTESIAN_POINT('',(0.0796127894263535,-0.120690593990061,0.149988335754326));
#5891=CARTESIAN_POINT('',(0.0794882424243192,-0.120659282161813,0.150022517146374));
#5892=CARTESIAN_POINT('',(0.079111914325095,-0.120590373094915,0.150100792301398));
#5893=CARTESIAN_POINT('',(0.0788562435696826,-0.120576538173704,0.15012188114366));
#5894=CARTESIAN_POINT('',(0.0785885748148672,-0.120578556991514,0.15012389996147));
#5895=CARTESIAN_POINT('',(0.0800885748148666,-0.120740827658291,0.149579063847061));
#5896=CARTESIAN_POINT('',(0.0799929231048818,-0.120673191685528,0.149646699819824));
#5897=CARTESIAN_POINT('',(0.079883353632301,-0.120615570157762,0.14970432134759));
#5898=CARTESIAN_POINT('',(0.0796471608103988,-0.120522278412082,0.14979761309327));
#5899=CARTESIAN_POINT('',(0.0795208049892149,-0.120486453431844,0.149833438073508));
#5900=CARTESIAN_POINT('',(0.0791312946244415,-0.120405951039394,0.149913940465958));
#5901=CARTESIAN_POINT('',(0.0788590999825338,-0.120387274267698,0.149932617237655));
#5902=CARTESIAN_POINT('',(0.0785885748148671,-0.120387274267698,0.149932617237655));
#5903=CARTESIAN_POINT('',(0.0798385748148671,-0.121801487830072,0.150286170628246));
#5904=CARTESIAN_POINT('',(0.0798802414815338,-0.121713099482423,0.150256707845698));
#5905=CARTESIAN_POINT('',(0.0799170814413864,-0.121624531249462,0.150220239183598));
#5906=CARTESIAN_POINT('',(0.0799797024411307,-0.12144777156014,0.150132038961403));
#5907=CARTESIAN_POINT('',(0.0800054834810225,-0.121359580103778,0.150080307401309));
#5908=CARTESIAN_POINT('',(0.080064129961258,-0.121096675720428,0.149900341665694));
#5909=CARTESIAN_POINT('',(0.0800885748148668,-0.120917604353587,0.149755840542358));
#5910=CARTESIAN_POINT('',(0.0800885748148666,-0.120740827658291,0.149579063847061));
#5911=CARTESIAN_POINT('',(0.0800885748148666,-0.120740827658291,0.149579063847061));
#5912=CARTESIAN_POINT('',(0.0798385748148671,-0.121801487830072,0.150286170628246));
#5913=CARTESIAN_POINT('',(0.0785885748148671,-0.120387274267698,0.149932617237655));
#5914=CARTESIAN_POINT('',(0.0792552414815348,-0.120387274267701,0.149932617237651));
#5915=CARTESIAN_POINT('',(0.0797552414815354,-0.120505125397898,0.149814766107454));
#5916=CARTESIAN_POINT('',(0.0800885748148687,-0.120740827658289,0.149579063847063));
#5917=CARTESIAN_POINT('',(0.0785885748148686,-0.121801487830072,0.150639724018842));
#5918=CARTESIAN_POINT('',(0.0785885748148681,-0.12133008330928,0.150639724018842));
#5919=CARTESIAN_POINT('',(0.0785885748148676,-0.120858678788489,0.150404021758446));
#5920=CARTESIAN_POINT('',(0.0785885748148671,-0.120387274267698,0.149932617237655));
#5921=CARTESIAN_POINT('',(0.0785885748148685,-0.121801487830072,0.150639724018842));
#5922=CARTESIAN_POINT('',(0.0798385748148671,-0.121801487830072,0.150286170628246));
#5923=CARTESIAN_POINT('',(0.0797552414815339,-0.121801487830072,0.150345096193345));
#5924=CARTESIAN_POINT('',(0.0796668270451108,-0.121801487830072,0.150397195764092));
#5925=CARTESIAN_POINT('',(0.0794794720949039,-0.121801487830072,0.150485755231183));
#5926=CARTESIAN_POINT('',(0.07938053158112,-0.121801487830072,0.150522215127529));
#5927=CARTESIAN_POINT('',(0.0790673751169553,-0.121801487830072,0.150605153776428));
#5928=CARTESIAN_POINT('',(0.0788385748148683,-0.121801487830072,0.150639724018842));
#5929=CARTESIAN_POINT('',(0.0785885748148686,-0.121801487830072,0.150639724018842));
#5930=CARTESIAN_POINT('',(0.0798385748148671,-0.121801487830072,0.150286170628246));
#5931=CARTESIAN_POINT('',(0.0798802414815337,-0.12188987617772,0.150256707845697));
#5932=CARTESIAN_POINT('',(0.0799170814413862,-0.121978444410681,0.150220239183597));
#5933=CARTESIAN_POINT('',(0.0799797024411305,-0.122155204100004,0.150132038961401));
#5934=CARTESIAN_POINT('',(0.0800054834810224,-0.122243395556366,0.150080307401307));
#5935=CARTESIAN_POINT('',(0.0800641299612582,-0.122506299939716,0.149900341665691));
#5936=CARTESIAN_POINT('',(0.0800885748148674,-0.122685371306557,0.149755840542354));
#5937=CARTESIAN_POINT('',(0.0800885748148679,-0.122862148001855,0.149579063847057));
#5938=CARTESIAN_POINT('',(0.0797552414815339,-0.121801487830072,0.150345096193345));
#5939=CARTESIAN_POINT('',(0.0797846564278539,-0.121919338960269,0.150327769644269));
#5940=CARTESIAN_POINT('',(0.0798124542873463,-0.122029098641103,0.15029783118403));
#5941=CARTESIAN_POINT('',(0.0798626069324577,-0.122233800308451,0.150216699199657));
#5942=CARTESIAN_POINT('',(0.0798849454721434,-0.122328720824774,0.150165504170772));
#5943=CARTESIAN_POINT('',(0.0799412744190499,-0.122593239781567,0.149987172534959));
#5944=CARTESIAN_POINT('',(0.0799782552254172,-0.12276337858296,0.149833848725548));
#5945=CARTESIAN_POINT('',(0.0799929231048831,-0.122929783974617,0.14964669981982));
#5946=CARTESIAN_POINT('',(0.0796668270451108,-0.121801487830072,0.150397195764092));
#5947=CARTESIAN_POINT('',(0.0796858747646345,-0.121939593515724,0.150387336309364));
#5948=CARTESIAN_POINT('',(0.0797056123908791,-0.122063821207096,0.150360467163597));
#5949=CARTESIAN_POINT('',(0.0797439775084605,-0.122287689346697,0.150281941110657));
#5950=CARTESIAN_POINT('',(0.0797625806308972,-0.122387382545589,0.150230306906448));
#5951=CARTESIAN_POINT('',(0.0798141768068018,-0.122655990259377,0.150051784759832));
#5952=CARTESIAN_POINT('',(0.0798576919961627,-0.122822481888416,0.149894261722831));
#5953=CARTESIAN_POINT('',(0.0798833525201692,-0.122987405990196,0.149704321835399));
#5954=CARTESIAN_POINT('',(0.0794794720949039,-0.121801487830072,0.150485755231183));
#5955=CARTESIAN_POINT('',(0.0794837594504258,-0.121965915082099,0.150484584426238));
#5956=CARTESIAN_POINT('',(0.0794917869171613,-0.122109363739565,0.150460266503775));
#5957=CARTESIAN_POINT('',(0.0795123475984232,-0.122359575852508,0.15038290492282));
#5958=CARTESIAN_POINT('',(0.0795248503518246,-0.122466595321934,0.150329956551155));
#5959=CARTESIAN_POINT('',(0.0795661391886115,-0.122746843999004,0.150149637960722));
#5960=CARTESIAN_POINT('',(0.0796127897979684,-0.122912378356691,0.149988338720058));
#5961=CARTESIAN_POINT('',(0.0796471606942844,-0.123080697245386,0.149797613090588));
#5962=CARTESIAN_POINT('',(0.07938053158112,-0.121801487830072,0.150522215127529));
#5963=CARTESIAN_POINT('',(0.0793804399171322,-0.121971982092881,0.15052224290294));
#5964=CARTESIAN_POINT('',(0.0793847823075611,-0.12212023865479,0.150497450350727));
#5965=CARTESIAN_POINT('',(0.0793992343224664,-0.122377770470446,0.150418780896345));
#5966=CARTESIAN_POINT('',(0.0794093155165593,-0.122487430780571,0.150365047657151));
#5967=CARTESIAN_POINT('',(0.0794449433934573,-0.122775425486604,0.150183334187581));
#5968=CARTESIAN_POINT('',(0.0794882486863579,-0.122943688379697,0.15002251958019));
#5969=CARTESIAN_POINT('',(0.0795208105100619,-0.12311652102207,0.149833436867273));
#5970=CARTESIAN_POINT('',(0.0790673751169553,-0.121801487830072,0.150605153776428));
#5971=CARTESIAN_POINT('',(0.079067296779301,-0.121975245172863,0.150605167144952));
#5972=CARTESIAN_POINT('',(0.0790686123180933,-0.122128797253581,0.15057897733291));
#5973=CARTESIAN_POINT('',(0.0790735602970821,-0.12239854099987,0.150497941867754));
#5974=CARTESIAN_POINT('',(0.0790771764913454,-0.122515382240695,0.150443380373945));
#5975=CARTESIAN_POINT('',(0.0790915854379958,-0.122830782241483,0.15025906995418));
#5976=CARTESIAN_POINT('',(0.0791119085860117,-0.123012598361941,0.150100799154599));
#5977=CARTESIAN_POINT('',(0.0791312875318287,-0.123197026217034,0.149913942062239));
#5978=CARTESIAN_POINT('',(0.0788385748148683,-0.121801487830072,0.150639724018842));
#5979=CARTESIAN_POINT('',(0.0788385741736699,-0.121957503289668,0.150639724018842));
#5980=CARTESIAN_POINT('',(0.0788394991370217,-0.122102511392758,0.150614231408883));
#5981=CARTESIAN_POINT('',(0.0788424531883956,-0.122367671692427,0.150533045731981));
#5982=CARTESIAN_POINT('',(0.0788444822764176,-0.12248848633229,0.150477724312413));
#5983=CARTESIAN_POINT('',(0.0788511051008446,-0.122828182594165,0.15028521227246));
#5984=CARTESIAN_POINT('',(0.0788562343976098,-0.123026431000805,0.150121887629294));
#5985=CARTESIAN_POINT('',(0.0788590894371361,-0.123215701392447,0.149932617237652));
#5986=CARTESIAN_POINT('',(0.0785885748148686,-0.121801487830072,0.150639724018842));
#5987=CARTESIAN_POINT('',(0.0785885748148686,-0.121936759775596,0.150639724018842));
#5988=CARTESIAN_POINT('',(0.0785885748148687,-0.122071858620435,0.150619868229535));
#5989=CARTESIAN_POINT('',(0.0785885748148687,-0.122332163912151,0.150546146429179));
#5990=CARTESIAN_POINT('',(0.0785885748148687,-0.122457335950391,0.150492624351416));
#5991=CARTESIAN_POINT('',(0.0785885748148686,-0.122813263763116,0.150297701323591));
#5992=CARTESIAN_POINT('',(0.0785885748148685,-0.123024411211909,0.150123907418191));
#5993=CARTESIAN_POINT('',(0.0785885748148686,-0.123215701392447,0.149932617237652));
#5994=CARTESIAN_POINT('',(0.0785885748148686,-0.123215701392447,0.149932617237652));
#5995=CARTESIAN_POINT('',(0.0785885748148686,-0.122744296871655,0.150404021758445));
#5996=CARTESIAN_POINT('',(0.0785885748148686,-0.122272892350864,0.150639724018842));
#5997=CARTESIAN_POINT('',(0.0785885748148686,-0.121801487830072,0.150639724018842));
#5998=CARTESIAN_POINT('',(0.0800885748148815,-0.122862148001864,0.149579063847067));
#5999=CARTESIAN_POINT('',(0.0797552414815483,-0.123097850262263,0.14981476610746));
#6000=CARTESIAN_POINT('',(0.079255241481544,-0.123215701392457,0.149932617237655));
#6001=CARTESIAN_POINT('',(0.0785885748148686,-0.123215701392447,0.149932617237652));
#6002=CARTESIAN_POINT('',(0.0800885748148678,-0.122862148001855,0.149579063847057));
#6003=CARTESIAN_POINT('',(0.0798385748148671,-0.121801487830072,0.150286170628246));
#6004=CARTESIAN_POINT('',(0.0798802414815337,-0.12188987617772,0.150256707845697));
#6005=CARTESIAN_POINT('',(0.0799170814413862,-0.121978444410681,0.150220239183597));
#6006=CARTESIAN_POINT('',(0.0799797024411305,-0.122155204100004,0.150132038961401));
#6007=CARTESIAN_POINT('',(0.0800054834810224,-0.122243395556366,0.150080307401307));
#6008=CARTESIAN_POINT('',(0.0800641299612582,-0.122506299939716,0.149900341665691));
#6009=CARTESIAN_POINT('',(0.0800885748148674,-0.122685371306557,0.149755840542354));
#6010=CARTESIAN_POINT('',(0.0800885748148679,-0.122862148001855,0.149579063847057));
#6011=CARTESIAN_POINT('',(-0.0804723345159564,-0.154681953155338,0.117405705303077));
#6012=CARTESIAN_POINT('',(-0.0805140011826233,-0.154652490372789,0.117317316955429));
#6013=CARTESIAN_POINT('',(-0.080550841142476,-0.15461602171069,0.117228748722469));
#6014=CARTESIAN_POINT('',(-0.0806134621422208,-0.154527821488497,0.117051989033147));
#6015=CARTESIAN_POINT('',(-0.0806392431821128,-0.154476089928404,0.116963797576786));
#6016=CARTESIAN_POINT('',(-0.0806978896623491,-0.15429612419279,0.116700893193437));
#6017=CARTESIAN_POINT('',(-0.0807223345159585,-0.154151623069456,0.116521821826598));
#6018=CARTESIAN_POINT('',(-0.0807223345159589,-0.153974846374161,0.116345045131303));
#6019=CARTESIAN_POINT('',(-0.0805140011826229,-0.154652490372788,0.117494093650725));
#6020=CARTESIAN_POINT('',(-0.0805850827955675,-0.154605701041103,0.117405705303077));
#6021=CARTESIAN_POINT('',(-0.0806415249219116,-0.154555508025488,0.117316200177592));
#6022=CARTESIAN_POINT('',(-0.0807289018826775,-0.154448054475059,0.11713782007628));
#6023=CARTESIAN_POINT('',(-0.0807598204713614,-0.154390792435358,0.117048966570784));
#6024=CARTESIAN_POINT('',(-0.0808207641105106,-0.154209197719438,0.116787710694148));
#6025=CARTESIAN_POINT('',(-0.0808326541054087,-0.154073615793055,0.116599830009793));
#6026=CARTESIAN_POINT('',(-0.0808179862259438,-0.1539072104014,0.116412681104066));
#6027=CARTESIAN_POINT('',(-0.0805508411424753,-0.154616021710688,0.117582661883686));
#6028=CARTESIAN_POINT('',(-0.0806415249219867,-0.154555507912084,0.117495210541859));
#6029=CARTESIAN_POINT('',(-0.0807103678097671,-0.154493916102844,0.117405705513927));
#6030=CARTESIAN_POINT('',(-0.0808131401848082,-0.154369847241344,0.117227380182849));
#6031=CARTESIAN_POINT('',(-0.0808471230258404,-0.154307337933819,0.117138562087268));
#6032=CARTESIAN_POINT('',(-0.0809108231412731,-0.1541202570095,0.116878513151187));
#6033=CARTESIAN_POINT('',(-0.0809171648935382,-0.153989019562001,0.116685735932674));
#6034=CARTESIAN_POINT('',(-0.0808994760618669,-0.153829732297931,0.116490159207536));
#6035=CARTESIAN_POINT('',(-0.0806134621422198,-0.154527821488492,0.117759421573008));
#6036=CARTESIAN_POINT('',(-0.080728901882993,-0.154448054078112,0.117673590926374));
#6037=CARTESIAN_POINT('',(-0.0808131400335399,-0.154369847064277,0.117584031360251));
#6038=CARTESIAN_POINT('',(-0.0809353638168104,-0.154220598814433,0.117405705916156));
#6039=CARTESIAN_POINT('',(-0.0809735978566935,-0.154149455675596,0.117316881213892));
#6040=CARTESIAN_POINT('',(-0.0810442590985831,-0.153948367658327,0.11705740196364));
#6041=CARTESIAN_POINT('',(-0.0810472537785534,-0.153817937821406,0.116860998202221));
#6042=CARTESIAN_POINT('',(-0.0810314098202069,-0.153662719456186,0.11665717204928));
#6043=CARTESIAN_POINT('',(-0.0806392431821117,-0.154476089928398,0.117847613029369));
#6044=CARTESIAN_POINT('',(-0.0807598204716463,-0.154390791868407,0.117762444601916));
#6045=CARTESIAN_POINT('',(-0.0808471227101155,-0.154307337845029,0.117672849511147));
#6046=CARTESIAN_POINT('',(-0.0809735974986514,-0.154149456327715,0.117494529758397));
#6047=CARTESIAN_POINT('',(-0.0810131439097561,-0.15407488803376,0.117405704503031));
#6048=CARTESIAN_POINT('',(-0.0810882960927773,-0.153865226659335,0.117145657701868));
#6049=CARTESIAN_POINT('',(-0.0810935628261262,-0.153731309375413,0.116950497485341));
#6050=CARTESIAN_POINT('',(-0.0810820722910499,-0.153573376384117,0.116746515121348));
#6051=CARTESIAN_POINT('',(-0.080697889662348,-0.154296124192781,0.118110517412719));
#6052=CARTESIAN_POINT('',(-0.0808207641106724,-0.154209196812523,0.118023700818686));
#6053=CARTESIAN_POINT('',(-0.0809108228345585,-0.154120256092562,0.117932899645942));
#6054=CARTESIAN_POINT('',(-0.0810442597399525,-0.153948365236436,0.117754011290822));
#6055=CARTESIAN_POINT('',(-0.0810882981714964,-0.153865220904686,0.11766575288808));
#6056=CARTESIAN_POINT('',(-0.0811809925034857,-0.153625554358556,0.117405709014095));
#6057=CARTESIAN_POINT('',(-0.081197641559755,-0.153469881534506,0.117221294918411));
#6058=CARTESIAN_POINT('',(-0.0811959238296105,-0.153297942044779,0.117021949460684));
#6059=CARTESIAN_POINT('',(-0.0807223345159577,-0.154151623069445,0.11828958877956));
#6060=CARTESIAN_POINT('',(-0.080832654105408,-0.154073614886252,0.118211581503158));
#6061=CARTESIAN_POINT('',(-0.0809171643210584,-0.153989018577586,0.118125677098776));
#6062=CARTESIAN_POINT('',(-0.0810472540243836,-0.153817934419062,0.117950415280733));
#6063=CARTESIAN_POINT('',(-0.081093564724577,-0.153731301171249,0.117860912469119));
#6064=CARTESIAN_POINT('',(-0.0811976396859822,-0.153469880064403,0.117590125274146));
#6065=CARTESIAN_POINT('',(-0.0812223345159593,-0.153292720500028,0.117405711788719));
#6066=CARTESIAN_POINT('',(-0.0812223345159594,-0.153105468926195,0.117214422579267));
#6067=CARTESIAN_POINT('',(-0.080722334515959,-0.153974846374148,0.118466365474857));
#6068=CARTESIAN_POINT('',(-0.0808179862259439,-0.153907210401386,0.118398729502094));
#6069=CARTESIAN_POINT('',(-0.0808994753719954,-0.153829733084314,0.118321252185022));
#6070=CARTESIAN_POINT('',(-0.0810314098239938,-0.153662719538281,0.118154238638988));
#6071=CARTESIAN_POINT('',(-0.0810820739969188,-0.153573372480281,0.118064891580988));
#6072=CARTESIAN_POINT('',(-0.0811959215721252,-0.153297947060012,0.117789466160716));
#6073=CARTESIAN_POINT('',(-0.0812223345159594,-0.153105476382919,0.117596995483623));
#6074=CARTESIAN_POINT('',(-0.0812223345159595,-0.152914186202381,0.117405705303084));
#6075=CARTESIAN_POINT('',(-0.0804723345159564,-0.154681953155338,0.117405705303077));
#6076=CARTESIAN_POINT('',(-0.0805140011826229,-0.154652490372788,0.117494093650725));
#6077=CARTESIAN_POINT('',(-0.0805508411424753,-0.154616021710688,0.117582661883686));
#6078=CARTESIAN_POINT('',(-0.0806134621422198,-0.154527821488492,0.117759421573008));
#6079=CARTESIAN_POINT('',(-0.0806392431821117,-0.154476089928398,0.117847613029369));
#6080=CARTESIAN_POINT('',(-0.080697889662348,-0.154296124192781,0.118110517412719));
#6081=CARTESIAN_POINT('',(-0.0807223345159577,-0.154151623069445,0.11828958877956));
#6082=CARTESIAN_POINT('',(-0.080722334515959,-0.153974846374148,0.118466365474857));
#6083=CARTESIAN_POINT('',(-0.080722334515959,-0.153974846374148,0.118466365474857));
#6084=CARTESIAN_POINT('',(-0.0804723345159564,-0.154681953155338,0.117405705303077));
#6085=CARTESIAN_POINT('',(-0.0812223345159594,-0.152914186202381,0.117405705303084));
#6086=CARTESIAN_POINT('',(-0.0812223345159524,-0.153385590723161,0.117877109823873));
#6087=CARTESIAN_POINT('',(-0.0810556678492845,-0.15373914411375,0.118230663214463));
#6088=CARTESIAN_POINT('',(-0.0807223345159557,-0.153974846374146,0.118466365474854));
#6089=CARTESIAN_POINT('',(-0.080722334515962,-0.153974846374163,0.1163450451313));
#6090=CARTESIAN_POINT('',(-0.0810556678492949,-0.153739144113767,0.116580747391696));
#6091=CARTESIAN_POINT('',(-0.0812223345159607,-0.153385590723173,0.116934300782291));
#6092=CARTESIAN_POINT('',(-0.0812223345159595,-0.152914186202381,0.117405705303084));
#6093=CARTESIAN_POINT('',(-0.0807223345159589,-0.153974846374162,0.116345045131303));
#6094=CARTESIAN_POINT('',(-0.0804723345159564,-0.154681953155338,0.117405705303077));
#6095=CARTESIAN_POINT('',(-0.0805140011826233,-0.154652490372789,0.117317316955429));
#6096=CARTESIAN_POINT('',(-0.080550841142476,-0.15461602171069,0.117228748722469));
#6097=CARTESIAN_POINT('',(-0.0806134621422208,-0.154527821488497,0.117051989033147));
#6098=CARTESIAN_POINT('',(-0.0806392431821128,-0.154476089928404,0.116963797576786));
#6099=CARTESIAN_POINT('',(-0.0806978896623491,-0.15429612419279,0.116700893193437));
#6100=CARTESIAN_POINT('',(-0.0807223345159584,-0.154151623069456,0.116521821826598));
#6101=CARTESIAN_POINT('',(-0.0807223345159589,-0.153974846374161,0.116345045131303));
#6102=CARTESIAN_POINT('',(-0.0804723345159564,-0.154681953155338,0.117405705303077));
#6103=CARTESIAN_POINT('',(-0.0803890011826231,-0.154740878720437,0.117405705303077));
#6104=CARTESIAN_POINT('',(-0.0803005867462,-0.154792978291182,0.117405705303076));
#6105=CARTESIAN_POINT('',(-0.0801132317959931,-0.154881537758273,0.117405705303076));
#6106=CARTESIAN_POINT('',(-0.0800142912822092,-0.154917997654619,0.117405705303075));
#6107=CARTESIAN_POINT('',(-0.0797011348180448,-0.155000936303517,0.117405705303075));
#6108=CARTESIAN_POINT('',(-0.0794723345159581,-0.155035506545931,0.117405705303074));
#6109=CARTESIAN_POINT('',(-0.0792223345159589,-0.155035506545931,0.117405705303073));
#6110=CARTESIAN_POINT('',(-0.0805140011826233,-0.154652490372789,0.117317316955429));
#6111=CARTESIAN_POINT('',(-0.0804184161289435,-0.154723552171361,0.117287854172879));
#6112=CARTESIAN_POINT('',(-0.0803196346260236,-0.154783118836457,0.117267599617531));
#6113=CARTESIAN_POINT('',(-0.0801175197125637,-0.154880366953329,0.117241278051496));
#6114=CARTESIAN_POINT('',(-0.0800142004197197,-0.15491802543003,0.11723521104067));
#6115=CARTESIAN_POINT('',(-0.0797010577627876,-0.155000949672043,0.117231947960514));
#6116=CARTESIAN_POINT('',(-0.0794723351571566,-0.155035506545931,0.117249689843478));
#6117=CARTESIAN_POINT('',(-0.0792223345159589,-0.155035506545931,0.117270433357548));
#6118=CARTESIAN_POINT('',(-0.080550841142476,-0.15461602171069,0.117228748722469));
#6119=CARTESIAN_POINT('',(-0.080446213988361,-0.154693613597827,0.117178094378644));
#6120=CARTESIAN_POINT('',(-0.0803393723901547,-0.154756249479841,0.117143371715204));
#6121=CARTESIAN_POINT('',(-0.0801255474059735,-0.154856048757891,0.117097828906682));
#6122=CARTESIAN_POINT('',(-0.0800185427730643,-0.154893232649334,0.117086953803371));
#6123=CARTESIAN_POINT('',(-0.0797023742168002,-0.154974759439859,0.117078395025666));
#6124=CARTESIAN_POINT('',(-0.0794732612491285,-0.155010013620333,0.117104680615141));
#6125=CARTESIAN_POINT('',(-0.0792223345159587,-0.15501565045804,0.1171353332385));
#6126=CARTESIAN_POINT('',(-0.0806134621422208,-0.154527821488497,0.117051989033147));
#6127=CARTESIAN_POINT('',(-0.0804963666332331,-0.154612481330255,0.116973392427755));
#6128=CARTESIAN_POINT('',(-0.0803777377468666,-0.154677722973786,0.116919503336412));
#6129=CARTESIAN_POINT('',(-0.0801461081665356,-0.154778686836839,0.116847616667564));
#6130=CARTESIAN_POINT('',(-0.0800329938213309,-0.154814563167488,0.116829421900403));
#6131=CARTESIAN_POINT('',(-0.0797073235833355,-0.154893723828121,0.116808652473586));
#6132=CARTESIAN_POINT('',(-0.0794762173294995,-0.154928828348013,0.116839521877319));
#6133=CARTESIAN_POINT('',(-0.0792223345159588,-0.154941928871486,0.116875029141566));
#6134=CARTESIAN_POINT('',(-0.0806392431821128,-0.154476089928404,0.116963797576786));
#6135=CARTESIAN_POINT('',(-0.080518705172949,-0.154561286131326,0.11687847174143));
#6136=CARTESIAN_POINT('',(-0.0803963409708393,-0.154626088669772,0.116819810270291));
#6137=CARTESIAN_POINT('',(-0.0801586107729277,-0.154725738968072,0.116740598207386));
#6138=CARTESIAN_POINT('',(-0.0800430740862102,-0.154760830984294,0.116719763152627));
#6139=CARTESIAN_POINT('',(-0.0797109402501193,-0.15483916431659,0.116691815247759));
#6140=CARTESIAN_POINT('',(-0.0794782473178986,-0.154873509925027,0.116718712571194));
#6141=CARTESIAN_POINT('',(-0.0792223345159588,-0.154888409576102,0.116749862292813));
#6142=CARTESIAN_POINT('',(-0.0806978896623491,-0.15429612419279,0.116700893193437));
#6143=CARTESIAN_POINT('',(-0.0805750341199783,-0.154382954155382,0.11661395244468));
#6144=CARTESIAN_POINT('',(-0.080447937408776,-0.154447565516102,0.116551201536706));
#6145=CARTESIAN_POINT('',(-0.0801998990498029,-0.154545418406244,0.116460346145537));
#6146=CARTESIAN_POINT('',(-0.0800786990139351,-0.154579115315338,0.116431763307455));
#6147=CARTESIAN_POINT('',(-0.0797253503872512,-0.154654848770261,0.116376407180653));
#6148=CARTESIAN_POINT('',(-0.0794848726200556,-0.154680992066365,0.11637900515588));
#6149=CARTESIAN_POINT('',(-0.0792223345159586,-0.15469348043173,0.116393922758512));
#6150=CARTESIAN_POINT('',(-0.0807223345159584,-0.154151623069456,0.116521821826598));
#6151=CARTESIAN_POINT('',(-0.0806120149265081,-0.154229630345858,0.116443813643404));
#6152=CARTESIAN_POINT('',(-0.0804914527161145,-0.154290042140281,0.116384709944695));
#6153=CARTESIAN_POINT('',(-0.0802465491274452,-0.154384118281421,0.116294811463069));
#6154=CARTESIAN_POINT('',(-0.080122002125411,-0.154418299673469,0.11626349963482));
#6155=CARTESIAN_POINT('',(-0.0797456740261864,-0.15449657482849,0.11619459056792));
#6156=CARTESIAN_POINT('',(-0.079490003270774,-0.154517663670751,0.116180755646707));
#6157=CARTESIAN_POINT('',(-0.0792223345159588,-0.154519682488559,0.116182774464516));
#6158=CARTESIAN_POINT('',(-0.0807223345159589,-0.153974846374161,0.116345045131303));
#6159=CARTESIAN_POINT('',(-0.080626682805974,-0.154042482346922,0.116277409158539));
#6160=CARTESIAN_POINT('',(-0.0805171133333933,-0.154100103874688,0.116219787630772));
#6161=CARTESIAN_POINT('',(-0.080280920511491,-0.154193395620366,0.116126495885091));
#6162=CARTESIAN_POINT('',(-0.0801545646903072,-0.154229220600603,0.116090670904851));
#6163=CARTESIAN_POINT('',(-0.0797650543255332,-0.154309722993051,0.116010168512399));
#6164=CARTESIAN_POINT('',(-0.0794928596836254,-0.154328399764745,0.115991491740701));
#6165=CARTESIAN_POINT('',(-0.0792223345159589,-0.154328399764744,0.1159914917407));
#6166=CARTESIAN_POINT('',(-0.0792223345159589,-0.154328399764745,0.115991491740699));
#6167=CARTESIAN_POINT('',(-0.0798890011826276,-0.15432839976475,0.1159914917407));
#6168=CARTESIAN_POINT('',(-0.0803890011826286,-0.154210548634556,0.116109342870901));
#6169=CARTESIAN_POINT('',(-0.080722334515962,-0.153974846374163,0.1163450451313));
#6170=CARTESIAN_POINT('',(-0.0792223345159589,-0.155035506545931,0.117405705303073));
#6171=CARTESIAN_POINT('',(-0.0792223345159588,-0.155035506545932,0.116934300782282));
#6172=CARTESIAN_POINT('',(-0.0792223345159588,-0.154799804285536,0.116462896261491));
#6173=CARTESIAN_POINT('',(-0.0792223345159589,-0.154328399764745,0.115991491740699));
#6174=CARTESIAN_POINT('',(-0.0792223345159589,-0.155035506545931,0.117405705303073));
#6175=CARTESIAN_POINT('',(-0.0804723345159564,-0.154681953155338,0.117405705303077));
#6176=CARTESIAN_POINT('',(-0.0803890011826231,-0.154740878720437,0.117405705303077));
#6177=CARTESIAN_POINT('',(-0.0803005867462,-0.154792978291182,0.117405705303076));
#6178=CARTESIAN_POINT('',(-0.0801132317959931,-0.154881537758273,0.117405705303076));
#6179=CARTESIAN_POINT('',(-0.0800142912822092,-0.154917997654619,0.117405705303075));
#6180=CARTESIAN_POINT('',(-0.0797011348180448,-0.155000936303517,0.117405705303075));
#6181=CARTESIAN_POINT('',(-0.0794723345159581,-0.155035506545931,0.117405705303074));
#6182=CARTESIAN_POINT('',(-0.0792223345159589,-0.155035506545931,0.117405705303073));
#6183=CARTESIAN_POINT('',(-0.0804723345159775,-0.121801487830171,0.150286170628253));
#6184=CARTESIAN_POINT('',(-0.0805140011826441,-0.121889876177819,0.150256707845703));
#6185=CARTESIAN_POINT('',(-0.0805508411424967,-0.12197844441078,0.150220239183603));
#6186=CARTESIAN_POINT('',(-0.080613462142241,-0.122155204100101,0.150132038961407));
#6187=CARTESIAN_POINT('',(-0.0806392431821328,-0.122243395556462,0.150080307401313));
#6188=CARTESIAN_POINT('',(-0.0806978896623683,-0.12250629993981,0.149900341665696));
#6189=CARTESIAN_POINT('',(-0.0807223345159772,-0.122685371306649,0.149755840542359));
#6190=CARTESIAN_POINT('',(-0.0807223345159771,-0.122862148001944,0.149579063847061));
#6191=CARTESIAN_POINT('',(-0.0805140011826442,-0.121713099482524,0.150256707845704));
#6192=CARTESIAN_POINT('',(-0.0805850827955888,-0.121801487830172,0.150209918514019));
#6193=CARTESIAN_POINT('',(-0.0806415249219326,-0.121890992955657,0.150159725498402));
#6194=CARTESIAN_POINT('',(-0.080728901882698,-0.122069373056969,0.150052271947972));
#6195=CARTESIAN_POINT('',(-0.0807598204713814,-0.122158226562466,0.149995009908268));
#6196=CARTESIAN_POINT('',(-0.0808207641105296,-0.1224194824391,0.149813415192344));
#6197=CARTESIAN_POINT('',(-0.0808326541054271,-0.122607363123456,0.149677833265957));
#6198=CARTESIAN_POINT('',(-0.0808179862259619,-0.122794512029182,0.149511427874299));
#6199=CARTESIAN_POINT('',(-0.0805508411424969,-0.121624531249564,0.150220239183606));
#6200=CARTESIAN_POINT('',(-0.0806415249220081,-0.121711982591392,0.150159725385001));
#6201=CARTESIAN_POINT('',(-0.0807103678097884,-0.121801487619324,0.150098133575761));
#6202=CARTESIAN_POINT('',(-0.0808131401848288,-0.121979812950401,0.149974064714258));
#6203=CARTESIAN_POINT('',(-0.0808471230258606,-0.122068631045982,0.149911555406731));
#6204=CARTESIAN_POINT('',(-0.0809108231412921,-0.122328679982063,0.149724474482407));
#6205=CARTESIAN_POINT('',(-0.0809171648935564,-0.122521457200575,0.149593237034904));
#6206=CARTESIAN_POINT('',(-0.0808994760618851,-0.122717033925713,0.14943394977083));
#6207=CARTESIAN_POINT('',(-0.0806134621422414,-0.121447771560244,0.150132038961413));
#6208=CARTESIAN_POINT('',(-0.0807289018830146,-0.121533602206879,0.150052271551033));
#6209=CARTESIAN_POINT('',(-0.0808131400335613,-0.121623161773002,0.149974064537197));
#6210=CARTESIAN_POINT('',(-0.080935363816831,-0.121801487217097,0.14982481628735));
#6211=CARTESIAN_POINT('',(-0.0809735978567138,-0.121890311919361,0.149753673148511));
#6212=CARTESIAN_POINT('',(-0.0810442590986021,-0.122149791169613,0.149552585131236));
#6213=CARTESIAN_POINT('',(-0.0810472537785717,-0.122346194931031,0.149422155294311));
#6214=CARTESIAN_POINT('',(-0.081031409820225,-0.12255002108397,0.149266936929087));
#6215=CARTESIAN_POINT('',(-0.0806392431821334,-0.121359580103883,0.15008030740132));
#6216=CARTESIAN_POINT('',(-0.0807598204716679,-0.121444748531337,0.149995009341329));
#6217=CARTESIAN_POINT('',(-0.0808471227101368,-0.121534343622107,0.14991155531795));
#6218=CARTESIAN_POINT('',(-0.080973597498672,-0.121712663374857,0.149753673800633));
#6219=CARTESIAN_POINT('',(-0.0810131439097763,-0.121801488630223,0.149679105506677));
#6220=CARTESIAN_POINT('',(-0.0810882960927964,-0.122061535431386,0.149469444132246));
#6221=CARTESIAN_POINT('',(-0.0810935628261446,-0.122256695647913,0.149335526848318));
#6222=CARTESIAN_POINT('',(-0.081082072291068,-0.122460678011904,0.149177593857021));
#6223=CARTESIAN_POINT('',(-0.0806978896623692,-0.121096675720536,0.149900341665708));
#6224=CARTESIAN_POINT('',(-0.0808207641106932,-0.12118349231457,0.149813414285449));
#6225=CARTESIAN_POINT('',(-0.0809108228345792,-0.121274293487314,0.149724473565487));
#6226=CARTESIAN_POINT('',(-0.0810442597399727,-0.121453181842435,0.149552582709358));
#6227=CARTESIAN_POINT('',(-0.0810882981715163,-0.121541440245176,0.149469438377606));
#6228=CARTESIAN_POINT('',(-0.0811809925035047,-0.121801484119161,0.149229771831469));
#6229=CARTESIAN_POINT('',(-0.0811976415597736,-0.121985898214845,0.149074099007416));
#6230=CARTESIAN_POINT('',(-0.0811959238296287,-0.12218524367257,0.148902159517687));
#6231=CARTESIAN_POINT('',(-0.0807223345159782,-0.120917604353698,0.149755840542374));
#6232=CARTESIAN_POINT('',(-0.0808326541054282,-0.1209956116301,0.149677832359181));
#6233=CARTESIAN_POINT('',(-0.0809171643210785,-0.121081516034482,0.149593236050515));
#6234=CARTESIAN_POINT('',(-0.0810472540244032,-0.121256777852524,0.149422151891987));
#6235=CARTESIAN_POINT('',(-0.0810935647245964,-0.121346280664139,0.149335518644171));
#6236=CARTESIAN_POINT('',(-0.081197639686001,-0.121617067859112,0.149074097537318));
#6237=CARTESIAN_POINT('',(-0.0812223345159777,-0.121801481344539,0.148896937972939));
#6238=CARTESIAN_POINT('',(-0.0812223345159776,-0.121992770553989,0.148709686399106));
#6239=CARTESIAN_POINT('',(-0.0807223345159783,-0.120740827658403,0.14957906384708));
#6240=CARTESIAN_POINT('',(-0.080817986225963,-0.120808463631165,0.149511427874318));
#6241=CARTESIAN_POINT('',(-0.0808994753720146,-0.120885940948238,0.149433950557244));
#6242=CARTESIAN_POINT('',(-0.0810314098240128,-0.121052954494271,0.149266937011208));
#6243=CARTESIAN_POINT('',(-0.0810820739969377,-0.121142301552271,0.149177589953205));
#6244=CARTESIAN_POINT('',(-0.0811959215721438,-0.121417726972542,0.148902164532928));
#6245=CARTESIAN_POINT('',(-0.0812223345159778,-0.121610197649635,0.14870969385583));
#6246=CARTESIAN_POINT('',(-0.0812223345159777,-0.121801487830174,0.148518403675291));
#6247=CARTESIAN_POINT('',(-0.0804723345159775,-0.121801487830171,0.150286170628253));
#6248=CARTESIAN_POINT('',(-0.0805140011826442,-0.121713099482524,0.150256707845704));
#6249=CARTESIAN_POINT('',(-0.0805508411424969,-0.121624531249564,0.150220239183606));
#6250=CARTESIAN_POINT('',(-0.0806134621422414,-0.121447771560244,0.150132038961413));
#6251=CARTESIAN_POINT('',(-0.0806392431821334,-0.121359580103883,0.15008030740132));
#6252=CARTESIAN_POINT('',(-0.0806978896623692,-0.121096675720536,0.149900341665708));
#6253=CARTESIAN_POINT('',(-0.0807223345159782,-0.120917604353698,0.149755840542374));
#6254=CARTESIAN_POINT('',(-0.0807223345159783,-0.120740827658403,0.14957906384708));
#6255=CARTESIAN_POINT('',(-0.0807223345159783,-0.120740827658403,0.14957906384708));
#6256=CARTESIAN_POINT('',(-0.0804723345159775,-0.121801487830171,0.150286170628253));
#6257=CARTESIAN_POINT('',(-0.0812223345159776,-0.121801487830174,0.148518403675291));
#6258=CARTESIAN_POINT('',(-0.0812223345159713,-0.121330083309387,0.148989808196085));
#6259=CARTESIAN_POINT('',(-0.0810556678493046,-0.120976529918797,0.149343361586681));
#6260=CARTESIAN_POINT('',(-0.0807223345159774,-0.120740827658404,0.149579063847079));
#6261=CARTESIAN_POINT('',(-0.0807223345159737,-0.122862148001942,0.149579063847059));
#6262=CARTESIAN_POINT('',(-0.0810556678493027,-0.122626445741545,0.149343361586668));
#6263=CARTESIAN_POINT('',(-0.0812223345159707,-0.122272892350956,0.148989808196079));
#6264=CARTESIAN_POINT('',(-0.0812223345159777,-0.121801487830174,0.148518403675291));
#6265=CARTESIAN_POINT('',(-0.0807223345159771,-0.122862148001944,0.149579063847061));
#6266=CARTESIAN_POINT('',(-0.0804723345159775,-0.121801487830171,0.150286170628253));
#6267=CARTESIAN_POINT('',(-0.0805140011826441,-0.121889876177819,0.150256707845703));
#6268=CARTESIAN_POINT('',(-0.0805508411424967,-0.12197844441078,0.150220239183603));
#6269=CARTESIAN_POINT('',(-0.080613462142241,-0.122155204100101,0.150132038961407));
#6270=CARTESIAN_POINT('',(-0.0806392431821328,-0.122243395556462,0.150080307401313));
#6271=CARTESIAN_POINT('',(-0.0806978896623683,-0.12250629993981,0.149900341665696));
#6272=CARTESIAN_POINT('',(-0.0807223345159772,-0.122685371306649,0.149755840542359));
#6273=CARTESIAN_POINT('',(-0.0807223345159771,-0.122862148001944,0.149579063847061));
#6274=CARTESIAN_POINT('',(-0.0804723345159775,-0.121801487830171,0.150286170628253));
#6275=CARTESIAN_POINT('',(-0.080389001182644,-0.121801487830171,0.150345096193351));
#6276=CARTESIAN_POINT('',(-0.0803005867462208,-0.12180148783017,0.150397195764096));
#6277=CARTESIAN_POINT('',(-0.0801132317960134,-0.121801487830169,0.150485755231186));
#6278=CARTESIAN_POINT('',(-0.0800142912822294,-0.121801487830168,0.150522215127531));
#6279=CARTESIAN_POINT('',(-0.0797011348180641,-0.121801487830166,0.150605153776428));
#6280=CARTESIAN_POINT('',(-0.0794723345159769,-0.121801487830165,0.150639724018842));
#6281=CARTESIAN_POINT('',(-0.079222334515977,-0.121801487830163,0.150639724018842));
#6282=CARTESIAN_POINT('',(-0.0805140011826441,-0.121889876177819,0.150256707845703));
#6283=CARTESIAN_POINT('',(-0.0804184161289641,-0.121919338960368,0.150327769644273));
#6284=CARTESIAN_POINT('',(-0.080319634626044,-0.121939593515715,0.150387336309368));
#6285=CARTESIAN_POINT('',(-0.0801175197125836,-0.121965915081748,0.150484584426239));
#6286=CARTESIAN_POINT('',(-0.0800142004197394,-0.121971982092573,0.15052224290294));
#6287=CARTESIAN_POINT('',(-0.0797010577628067,-0.121975245172727,0.150605167144952));
#6288=CARTESIAN_POINT('',(-0.0794723351571753,-0.12195750328976,0.150639724018841));
#6289=CARTESIAN_POINT('',(-0.0792223345159769,-0.121936759775688,0.150639724018842));
#6290=CARTESIAN_POINT('',(-0.0805508411424967,-0.12197844441078,0.150220239183603));
#6291=CARTESIAN_POINT('',(-0.0804462139883814,-0.122029098754603,0.150297831070738));
#6292=CARTESIAN_POINT('',(-0.0803393723901749,-0.122063821418042,0.150360466952751));
#6293=CARTESIAN_POINT('',(-0.0801255474059933,-0.122109364226562,0.1504602662308));
#6294=CARTESIAN_POINT('',(-0.0800185427730838,-0.122120239329871,0.150497450122243));
#6295=CARTESIAN_POINT('',(-0.0797023742168194,-0.122128798107574,0.150578976912769));
#6296=CARTESIAN_POINT('',(-0.0794732612491472,-0.122102512518097,0.150614231093243));
#6297=CARTESIAN_POINT('',(-0.0792223345159769,-0.122071859894737,0.150619867930951));
#6298=CARTESIAN_POINT('',(-0.080613462142241,-0.122155204100101,0.150132038961407));
#6299=CARTESIAN_POINT('',(-0.0804963666332532,-0.122233800705492,0.150216698803164));
#6300=CARTESIAN_POINT('',(-0.0803777377468866,-0.122287689796833,0.150281940446694));
#6301=CARTESIAN_POINT('',(-0.0801461081665552,-0.122359576465679,0.150382904309745));
#6302=CARTESIAN_POINT('',(-0.0800329938213503,-0.122377771232839,0.150418780640395));
#6303=CARTESIAN_POINT('',(-0.0797073235833544,-0.122398540659654,0.150497941301029));
#6304=CARTESIAN_POINT('',(-0.079476217329518,-0.122367671255919,0.150533045820924));
#6305=CARTESIAN_POINT('',(-0.0792223345159768,-0.122332163991671,0.150546146344396));
#6306=CARTESIAN_POINT('',(-0.0806392431821328,-0.122243395556462,0.150080307401313));
#6307=CARTESIAN_POINT('',(-0.080518705172969,-0.122328721391816,0.150165503604234));
#6308=CARTESIAN_POINT('',(-0.0803963409708593,-0.122387382862954,0.150230306142679));
#6309=CARTESIAN_POINT('',(-0.0801586107729473,-0.122466594925858,0.150329956440979));
#6310=CARTESIAN_POINT('',(-0.0800430740862297,-0.122487429980615,0.150365048457202));
#6311=CARTESIAN_POINT('',(-0.0797109402501382,-0.122515377885481,0.150443381789497));
#6312=CARTESIAN_POINT('',(-0.0794782473179169,-0.122488480562044,0.150477727397936));
#6313=CARTESIAN_POINT('',(-0.0792223345159767,-0.122457330840423,0.150492627049012));
#6314=CARTESIAN_POINT('',(-0.0806978896623683,-0.12250629993981,0.149900341665696));
#6315=CARTESIAN_POINT('',(-0.0805750341199978,-0.122593240688567,0.149987171628287));
#6316=CARTESIAN_POINT('',(-0.0804479374087958,-0.12265599159654,0.150051782989007));
#6317=CARTESIAN_POINT('',(-0.0801998990498225,-0.122746846987706,0.150149635879149));
#6318=CARTESIAN_POINT('',(-0.0800786990139545,-0.122775429825788,0.150183332788245));
#6319=CARTESIAN_POINT('',(-0.0797253503872701,-0.122830785952587,0.150259066243169));
#6320=CARTESIAN_POINT('',(-0.0794848726200738,-0.122828187977358,0.150285209539274));
#6321=CARTESIAN_POINT('',(-0.0792223345159766,-0.122813270374725,0.150297697904641));
#6322=CARTESIAN_POINT('',(-0.0807223345159772,-0.122685371306649,0.149755840542359));
#6323=CARTESIAN_POINT('',(-0.0806120149265273,-0.122763379489842,0.149833847818761));
#6324=CARTESIAN_POINT('',(-0.080491452716134,-0.12282248318855,0.149894259613185));
#6325=CARTESIAN_POINT('',(-0.0802465491274645,-0.122912381670174,0.149988335754326));
#6326=CARTESIAN_POINT('',(-0.0801220021254302,-0.122943693498422,0.150022517146374));
#6327=CARTESIAN_POINT('',(-0.079745674026205,-0.12301260256532,0.150100792301399));
#6328=CARTESIAN_POINT('',(-0.079490003270792,-0.123026437486531,0.15012188114366));
#6329=CARTESIAN_POINT('',(-0.0792223345159766,-0.123024418668721,0.15012389996147));
#6330=CARTESIAN_POINT('',(-0.0807223345159771,-0.122862148001944,0.149579063847061));
#6331=CARTESIAN_POINT('',(-0.0806266828059922,-0.122929783974706,0.149646699819824));
#6332=CARTESIAN_POINT('',(-0.0805171133334116,-0.122987405502472,0.14970432134759));
#6333=CARTESIAN_POINT('',(-0.0802809205115089,-0.123080697248152,0.14979761309327));
#6334=CARTESIAN_POINT('',(-0.0801545646903251,-0.123116522228391,0.149833438073508));
#6335=CARTESIAN_POINT('',(-0.079765054325551,-0.123197024620841,0.149913940465958));
#6336=CARTESIAN_POINT('',(-0.0794928596836431,-0.123215701392537,0.149932617237655));
#6337=CARTESIAN_POINT('',(-0.0792223345159765,-0.123215701392537,0.149932617237655));
#6338=CARTESIAN_POINT('',(-0.0792223345159765,-0.123215701392536,0.149932617237654));
#6339=CARTESIAN_POINT('',(-0.0798890011826411,-0.123215701392534,0.149932617237658));
#6340=CARTESIAN_POINT('',(-0.0803890011826401,-0.123097850262336,0.149814766107459));
#6341=CARTESIAN_POINT('',(-0.0807223345159737,-0.122862148001942,0.149579063847059));
#6342=CARTESIAN_POINT('',(-0.079222334515977,-0.121801487830163,0.150639724018841));
#6343=CARTESIAN_POINT('',(-0.0792223345159768,-0.122272892350954,0.150639724018841));
#6344=CARTESIAN_POINT('',(-0.0792223345159767,-0.122744296871745,0.150404021758446));
#6345=CARTESIAN_POINT('',(-0.0792223345159765,-0.123215701392537,0.149932617237655));
#6346=CARTESIAN_POINT('',(-0.079222334515977,-0.121801487830163,0.150639724018842));
#6347=CARTESIAN_POINT('',(-0.0804723345159775,-0.121801487830171,0.150286170628253));
#6348=CARTESIAN_POINT('',(-0.080389001182644,-0.121801487830171,0.150345096193351));
#6349=CARTESIAN_POINT('',(-0.0803005867462208,-0.12180148783017,0.150397195764096));
#6350=CARTESIAN_POINT('',(-0.0801132317960134,-0.121801487830169,0.150485755231186));
#6351=CARTESIAN_POINT('',(-0.0800142912822294,-0.121801487830168,0.150522215127531));
#6352=CARTESIAN_POINT('',(-0.0797011348180641,-0.121801487830166,0.150605153776428));
#6353=CARTESIAN_POINT('',(-0.0794723345159769,-0.121801487830165,0.150639724018842));
#6354=CARTESIAN_POINT('',(-0.079222334515977,-0.121801487830163,0.150639724018842));
#6355=CARTESIAN_POINT('',(-0.079222334515982,-0.114023313237111,0.143568656206975));
#6356=CARTESIAN_POINT('',(-0.0792223345159781,-0.120387274267818,0.149932617237683));
#6357=CARTESIAN_POINT('',(-0.0805556678493028,-0.114023313237106,0.143568656206985));
#6358=CARTESIAN_POINT('',(-0.0805556678492989,-0.120387274267814,0.149932617237692));
#6359=CARTESIAN_POINT('',(-0.081222334515969,-0.114494717757897,0.143097251686194));
#6360=CARTESIAN_POINT('',(-0.0812223345159651,-0.120858678788605,0.149461212716901));
#6361=CARTESIAN_POINT('',(-0.0812223345159815,-0.115437526799485,0.142154442644602));
#6362=CARTESIAN_POINT('',(-0.0812223345159776,-0.121801487830193,0.14851840367531));
#6363=CARTESIAN_POINT('',(-0.0807223345159774,-0.120740827658404,0.149579063847079));
#6364=CARTESIAN_POINT('',(-0.0803890011826441,-0.120505125398001,0.149814766107476));
#6365=CARTESIAN_POINT('',(-0.0798890011826444,-0.1203872742678,0.149932617237671));
#6366=CARTESIAN_POINT('',(-0.0792223345159781,-0.1203872742678,0.149932617237664));
#6367=CARTESIAN_POINT('',(-0.0804723345159775,-0.121801487830171,0.150286170628253));
#6368=CARTESIAN_POINT('',(-0.0805140011826442,-0.121713099482524,0.150256707845704));
#6369=CARTESIAN_POINT('',(-0.0805508411424969,-0.121624531249564,0.150220239183606));
#6370=CARTESIAN_POINT('',(-0.0806134621422414,-0.121447771560244,0.150132038961413));
#6371=CARTESIAN_POINT('',(-0.0806392431821334,-0.121359580103883,0.15008030740132));
#6372=CARTESIAN_POINT('',(-0.0806978896623692,-0.121096675720536,0.149900341665708));
#6373=CARTESIAN_POINT('',(-0.0807223345159782,-0.120917604353698,0.149755840542374));
#6374=CARTESIAN_POINT('',(-0.0807223345159783,-0.120740827658403,0.14957906384708));
#6375=CARTESIAN_POINT('',(-0.080389001182644,-0.121801487830171,0.150345096193351));
#6376=CARTESIAN_POINT('',(-0.0804184161289643,-0.121683636699974,0.150327769644275));
#6377=CARTESIAN_POINT('',(-0.0804462139884569,-0.121573877019142,0.150297831184038));
#6378=CARTESIAN_POINT('',(-0.0804963666335686,-0.121369175351796,0.150216699199668));
#6379=CARTESIAN_POINT('',(-0.0805187051732544,-0.121274254835474,0.150165504170785));
#6380=CARTESIAN_POINT('',(-0.0805750341201611,-0.121009735878685,0.149987172534976));
#6381=CARTESIAN_POINT('',(-0.0806120149265283,-0.120839597077296,0.149833848725568));
#6382=CARTESIAN_POINT('',(-0.0806266828059936,-0.120673191685641,0.149646699819842));
#6383=CARTESIAN_POINT('',(-0.0803005867462208,-0.12180148783017,0.150397195764096));
#6384=CARTESIAN_POINT('',(-0.0803196344657446,-0.121663382144519,0.15038733630937));
#6385=CARTESIAN_POINT('',(-0.0803393720919895,-0.121539154453148,0.150360467163605));
#6386=CARTESIAN_POINT('',(-0.0803777372095713,-0.12131528631355,0.150281941110668));
#6387=CARTESIAN_POINT('',(-0.0803963403320083,-0.12121559311466,0.15023030690646));
#6388=CARTESIAN_POINT('',(-0.0804479365079131,-0.120946985400875,0.150051784759849));
#6389=CARTESIAN_POINT('',(-0.080491451697274,-0.120780493771839,0.149894261722851));
#6390=CARTESIAN_POINT('',(-0.0805171122212798,-0.120615569670061,0.149704321835421));
#6391=CARTESIAN_POINT('',(-0.0801132317960134,-0.121801487830169,0.150485755231186));
#6392=CARTESIAN_POINT('',(-0.0801175191515356,-0.121637060578143,0.150484584426242));
#6393=CARTESIAN_POINT('',(-0.0801255466182713,-0.121493611920679,0.150460266503781));
#6394=CARTESIAN_POINT('',(-0.0801461072995336,-0.121243399807737,0.15038290492283));
#6395=CARTESIAN_POINT('',(-0.0801586100529352,-0.121136380338313,0.150329956551166));
#6396=CARTESIAN_POINT('',(-0.0801998988897224,-0.120856131661246,0.150149637960738));
#6397=CARTESIAN_POINT('',(-0.0802465494990793,-0.120690597303562,0.149988338720077));
#6398=CARTESIAN_POINT('',(-0.0802809203953945,-0.120522278414869,0.149797613090609));
#6399=CARTESIAN_POINT('',(-0.0800142912822294,-0.121801487830168,0.150522215127531));
#6400=CARTESIAN_POINT('',(-0.0800141996182417,-0.12163099356736,0.150522242902942));
#6401=CARTESIAN_POINT('',(-0.0800185420086709,-0.121482737005453,0.150497450350732));
#6402=CARTESIAN_POINT('',(-0.0800329940235765,-0.121225205189799,0.150418780896354));
#6403=CARTESIAN_POINT('',(-0.0800430752176696,-0.121115544879675,0.150365047657161));
#6404=CARTESIAN_POINT('',(-0.080078703094568,-0.120827550173646,0.150183334187595));
#6405=CARTESIAN_POINT('',(-0.0801220083874687,-0.120659287280555,0.150022519580208));
#6406=CARTESIAN_POINT('',(-0.0801545702111721,-0.120486454638184,0.149833436867292));
#6407=CARTESIAN_POINT('',(-0.0797011348180641,-0.121801487830166,0.150605153776428));
#6408=CARTESIAN_POINT('',(-0.07970105648041,-0.121627730487376,0.150605167144954));
#6409=CARTESIAN_POINT('',(-0.0797023720192024,-0.12147417840666,0.150578977332913));
#6410=CARTESIAN_POINT('',(-0.0797073199981915,-0.121204434660372,0.150497941867759));
#6411=CARTESIAN_POINT('',(-0.0797109361924549,-0.121087593419549,0.150443380373952));
#6412=CARTESIAN_POINT('',(-0.0797253451391057,-0.120772193418764,0.150259069954192));
#6413=CARTESIAN_POINT('',(-0.0797456682871217,-0.120590377298309,0.150100799154614));
#6414=CARTESIAN_POINT('',(-0.0797650472329384,-0.120405949443215,0.149913942062253));
#6415=CARTESIAN_POINT('',(-0.0794723345159769,-0.121801487830165,0.150639724018842));
#6416=CARTESIAN_POINT('',(-0.0794723338747786,-0.121645472370569,0.150639724018842));
#6417=CARTESIAN_POINT('',(-0.0794732588381304,-0.12150046426748,0.150614231408884));
#6418=CARTESIAN_POINT('',(-0.0794762128895044,-0.121235303967813,0.150533045731985));
#6419=CARTESIAN_POINT('',(-0.0794782419775266,-0.121114489327951,0.150477724312419));
#6420=CARTESIAN_POINT('',(-0.0794848648019538,-0.12077479306608,0.15028521227247));
#6421=CARTESIAN_POINT('',(-0.0794899940987193,-0.120576544659442,0.150121887629306));
#6422=CARTESIAN_POINT('',(-0.0794928491382456,-0.1203872742678,0.149932617237664));
#6423=CARTESIAN_POINT('',(-0.079222334515977,-0.121801487830163,0.150639724018842));
#6424=CARTESIAN_POINT('',(-0.0792223345159771,-0.121666215884639,0.150639724018842));
#6425=CARTESIAN_POINT('',(-0.0792223345159772,-0.1215311170398,0.150619868229535));
#6426=CARTESIAN_POINT('',(-0.0792223345159774,-0.121270811748087,0.150546146429182));
#6427=CARTESIAN_POINT('',(-0.0792223345159775,-0.121145639709848,0.15049262435142));
#6428=CARTESIAN_POINT('',(-0.0792223345159778,-0.120789711897128,0.1502977013236));
#6429=CARTESIAN_POINT('',(-0.079222334515978,-0.120578564448338,0.150123907418203));
#6430=CARTESIAN_POINT('',(-0.0792223345159781,-0.1203872742678,0.149932617237664));
#6431=CARTESIAN_POINT('',(-0.0792223345159781,-0.1203872742678,0.149932617237664));
#6432=CARTESIAN_POINT('',(-0.0792223345159777,-0.120858678788588,0.150404021758448));
#6433=CARTESIAN_POINT('',(-0.0792223345159774,-0.121330083309376,0.150639724018841));
#6434=CARTESIAN_POINT('',(-0.079222334515977,-0.121801487830163,0.150639724018841));
#6435=CARTESIAN_POINT('',(-0.0792223345159588,-0.154328399764776,0.11599149174073));
#6436=CARTESIAN_POINT('',(-0.0792223345159626,-0.147964438734064,0.109627530710022));
#6437=CARTESIAN_POINT('',(-0.0805556678492953,-0.154328399764778,0.115991491740725));
#6438=CARTESIAN_POINT('',(-0.080555667849299,-0.147964438734066,0.109627530710018));
#6439=CARTESIAN_POINT('',(-0.081222334515962,-0.153856995243986,0.116462896261516));
#6440=CARTESIAN_POINT('',(-0.0812223345159657,-0.147493034213274,0.110098935230808));
#6441=CARTESIAN_POINT('',(-0.0812223345159595,-0.152914186202399,0.117405705303103));
#6442=CARTESIAN_POINT('',(-0.0812223345159633,-0.146550225171687,0.111041744272395));
#6443=CARTESIAN_POINT('',(-0.0812223345159594,-0.152914186202378,0.117405705303067));
#6444=CARTESIAN_POINT('',(-0.0812223345159777,-0.121801487830164,0.148518403675281));
#6445=CARTESIAN_POINT('',(-0.0812223345159498,-0.153856995243948,0.118348514344662));
#6446=CARTESIAN_POINT('',(-0.0812223345159682,-0.122744296871734,0.149461212716877));
#6447=CARTESIAN_POINT('',(-0.0805556678492829,-0.154328399764738,0.118819918865453));
#6448=CARTESIAN_POINT('',(-0.0805556678493012,-0.123215701392525,0.149932617237667));
#6449=CARTESIAN_POINT('',(-0.0792223345159582,-0.15432839976475,0.118819918865441));
#6450=CARTESIAN_POINT('',(-0.0792223345159765,-0.123215701392536,0.149932617237655));
#6451=CARTESIAN_POINT('',(-0.0807223345159557,-0.153974846374146,0.118466365474854));
#6452=CARTESIAN_POINT('',(-0.0803890011826223,-0.15421054863454,0.118702067735254));
#6453=CARTESIAN_POINT('',(-0.0798890011826235,-0.154328399764739,0.118819918865452));
#6454=CARTESIAN_POINT('',(-0.0792223345159591,-0.154328399764742,0.118819918865449));
#6455=CARTESIAN_POINT('',(-0.0792223345159781,-0.120387274267791,0.149932617237654));
#6456=CARTESIAN_POINT('',(0.0785885748148696,-0.120387274267698,0.149932617237655));
#6457=CARTESIAN_POINT('',(-0.0792223345159776,-0.121330083309374,0.150875426279237));
#6458=CARTESIAN_POINT('',(0.0785885748148701,-0.121330083309281,0.150875426279238));
#6459=CARTESIAN_POINT('',(-0.079222334515977,-0.122272892350957,0.150875426279236));
#6460=CARTESIAN_POINT('',(0.0785885748148707,-0.122272892350864,0.150875426279238));
#6461=CARTESIAN_POINT('',(-0.0792223345159765,-0.12321570139254,0.149932617237651));
#6462=CARTESIAN_POINT('',(0.0785885748148712,-0.123215701392447,0.149932617237652));
#6463=CARTESIAN_POINT('',(0.0785885748148663,-0.120387274267698,0.149932617237655));
#6464=CARTESIAN_POINT('',(0.0785885748148625,-0.11402331323702,0.143568656206975));
#6465=CARTESIAN_POINT('',(0.0799219081482158,-0.120387274267705,0.149932617237648));
#6466=CARTESIAN_POINT('',(0.0799219081482121,-0.114023313237027,0.143568656206968));
#6467=CARTESIAN_POINT('',(0.0805885748148829,-0.120858678788496,0.149461212716856));
#6468=CARTESIAN_POINT('',(0.0805885748148791,-0.114494717757818,0.143097251686176));
#6469=CARTESIAN_POINT('',(0.0805885748148672,-0.121801487830072,0.148518403675281));
#6470=CARTESIAN_POINT('',(0.0805885748148635,-0.115437526799394,0.1421544426446));
#6471=CARTESIAN_POINT('',(0.0800885748148687,-0.120740827658289,0.149579063847063));
#6472=CARTESIAN_POINT('',(0.0804219081482088,-0.120976529918685,0.149343361586667));
#6473=CARTESIAN_POINT('',(0.080588574814875,-0.121330083309279,0.148989808196073));
#6474=CARTESIAN_POINT('',(0.0805885748148672,-0.121801487830072,0.14851840367528));
#6475=CARTESIAN_POINT('',(-0.0804723345159564,-0.154681953155338,0.117405705303077));
#6476=CARTESIAN_POINT('',(-0.0805140011826229,-0.154652490372788,0.117494093650725));
#6477=CARTESIAN_POINT('',(-0.0805508411424753,-0.154616021710688,0.117582661883686));
#6478=CARTESIAN_POINT('',(-0.0806134621422198,-0.154527821488492,0.117759421573008));
#6479=CARTESIAN_POINT('',(-0.0806392431821116,-0.154476089928398,0.117847613029369));
#6480=CARTESIAN_POINT('',(-0.080697889662348,-0.154296124192781,0.118110517412719));
#6481=CARTESIAN_POINT('',(-0.0807223345159577,-0.154151623069445,0.11828958877956));
#6482=CARTESIAN_POINT('',(-0.080722334515959,-0.153974846374148,0.118466365474857));
#6483=CARTESIAN_POINT('',(-0.0803890011826231,-0.154740878720437,0.117405705303077));
#6484=CARTESIAN_POINT('',(-0.0804184161289429,-0.154723552171359,0.117523556433274));
#6485=CARTESIAN_POINT('',(-0.0804462139884353,-0.15469361371112,0.117633316114107));
#6486=CARTESIAN_POINT('',(-0.0804963666335468,-0.154612481726747,0.117838017781455));
#6487=CARTESIAN_POINT('',(-0.0805187051732326,-0.154561286697862,0.117932938297778));
#6488=CARTESIAN_POINT('',(-0.0805750341201396,-0.154382955062049,0.11819745725457));
#6489=CARTESIAN_POINT('',(-0.0806120149265075,-0.154229631252638,0.118367596055962));
#6490=CARTESIAN_POINT('',(-0.0806266828059742,-0.154042482346911,0.118534001447619));
#6491=CARTESIAN_POINT('',(-0.0803005867462,-0.154792978291182,0.117405705303076));
#6492=CARTESIAN_POINT('',(-0.0803196344657234,-0.154783118836455,0.117543810988728));
#6493=CARTESIAN_POINT('',(-0.080339372091968,-0.154756249690687,0.1176680386801));
#6494=CARTESIAN_POINT('',(-0.0803777372095495,-0.154677723637747,0.1178919068197));
#6495=CARTESIAN_POINT('',(-0.0803963403319864,-0.154626089433538,0.117991600018592));
#6496=CARTESIAN_POINT('',(-0.0804479365078916,-0.154447567286922,0.118260207732379));
#6497=CARTESIAN_POINT('',(-0.0804914516972531,-0.154290044249921,0.118426699361418));
#6498=CARTESIAN_POINT('',(-0.0805171122212603,-0.154100104362489,0.118591623463198));
#6499=CARTESIAN_POINT('',(-0.0801132317959931,-0.154881537758273,0.117405705303076));
#6500=CARTESIAN_POINT('',(-0.0801175191515147,-0.154880366953328,0.117570132555102));
#6501=CARTESIAN_POINT('',(-0.0801255466182502,-0.154856049030865,0.117713581212568));
#6502=CARTESIAN_POINT('',(-0.0801461072995122,-0.154778687449909,0.117963793325511));
#6503=CARTESIAN_POINT('',(-0.0801586100529137,-0.154725739078244,0.118070812794936));
#6504=CARTESIAN_POINT('',(-0.0801998988897012,-0.154545420487812,0.118351061472006));
#6505=CARTESIAN_POINT('',(-0.0802465494990586,-0.154384121247148,0.118516595829693));
#6506=CARTESIAN_POINT('',(-0.0802809203953751,-0.154193395617679,0.118684914718387));
#6507=CARTESIAN_POINT('',(-0.0800142912822092,-0.154917997654619,0.117405705303075));
#6508=CARTESIAN_POINT('',(-0.0800141996182212,-0.154918025430029,0.117576199565885));
#6509=CARTESIAN_POINT('',(-0.0800185420086501,-0.154893232877816,0.117724456127793));
#6510=CARTESIAN_POINT('',(-0.0800329940235554,-0.154814563423435,0.117981987943449));
#6511=CARTESIAN_POINT('',(-0.0800430752176485,-0.15476083018424,0.118091648253573));
#6512=CARTESIAN_POINT('',(-0.0800787030945471,-0.15457911671467,0.118379642959606));
#6513=CARTESIAN_POINT('',(-0.0801220083874482,-0.15441830210728,0.118547905852699));
#6514=CARTESIAN_POINT('',(-0.0801545702111527,-0.154229219394363,0.118720738495072));
#6515=CARTESIAN_POINT('',(-0.0797011348180448,-0.155000936303517,0.117405705303075));
#6516=CARTESIAN_POINT('',(-0.0797010564803904,-0.155000949672042,0.117579462645865));
#6517=CARTESIAN_POINT('',(-0.0797023720191826,-0.154974759859999,0.117733014726583));
#6518=CARTESIAN_POINT('',(-0.0797073199981715,-0.154893724394843,0.118002758472872));
#6519=CARTESIAN_POINT('',(-0.0797109361924349,-0.154839162901034,0.118119599713696));
#6520=CARTESIAN_POINT('',(-0.0797253451390858,-0.154654852481269,0.118434999714485));
#6521=CARTESIAN_POINT('',(-0.079745668287102,-0.154496581681689,0.118616815834942));
#6522=CARTESIAN_POINT('',(-0.0797650472329192,-0.154309724589328,0.118801243690036));
#6523=CARTESIAN_POINT('',(-0.0794723345159581,-0.155035506545931,0.117405705303074));
#6524=CARTESIAN_POINT('',(-0.0794723338747597,-0.155035506545931,0.11756172076267));
#6525=CARTESIAN_POINT('',(-0.0794732588381114,-0.155010013935972,0.11770672886576));
#6526=CARTESIAN_POINT('',(-0.0794762128894853,-0.15492882825907,0.117971889165428));
#6527=CARTESIAN_POINT('',(-0.0794782419775075,-0.154873506839503,0.118092703805292));
#6528=CARTESIAN_POINT('',(-0.0794848648019348,-0.15468099479955,0.118432400067166));
#6529=CARTESIAN_POINT('',(-0.0794899940987002,-0.154517670156384,0.118630648473807));
#6530=CARTESIAN_POINT('',(-0.0794928491382265,-0.154328399764742,0.118819918865448));
#6531=CARTESIAN_POINT('',(-0.0792223345159589,-0.155035506545931,0.117405705303073));
#6532=CARTESIAN_POINT('',(-0.0792223345159589,-0.155035506545931,0.117540977248598));
#6533=CARTESIAN_POINT('',(-0.0792223345159588,-0.155015650756624,0.117676076093437));
#6534=CARTESIAN_POINT('',(-0.0792223345159588,-0.154941928956269,0.117936381385152));
#6535=CARTESIAN_POINT('',(-0.0792223345159588,-0.154888406878505,0.118061553423392));
#6536=CARTESIAN_POINT('',(-0.0792223345159591,-0.15469348385068,0.118417481236118));
#6537=CARTESIAN_POINT('',(-0.079222334515959,-0.154519689945281,0.11862862868491));
#6538=CARTESIAN_POINT('',(-0.0792223345159591,-0.154328399764742,0.118819918865449));
#6539=CARTESIAN_POINT('',(-0.0792223345159591,-0.154328399764742,0.118819918865448));
#6540=CARTESIAN_POINT('',(-0.0792223345159589,-0.154799804285535,0.118348514344657));
#6541=CARTESIAN_POINT('',(-0.0792223345159589,-0.155035506545931,0.117877109823865));
#6542=CARTESIAN_POINT('',(-0.0792223345159589,-0.155035506545931,0.117405705303073));
#6543=CARTESIAN_POINT('',(0.0798385748148671,-0.121801487830072,0.150286170628246));
#6544=CARTESIAN_POINT('',(0.0798802414815338,-0.121713099482423,0.150256707845698));
#6545=CARTESIAN_POINT('',(0.0799170814413864,-0.121624531249462,0.150220239183598));
#6546=CARTESIAN_POINT('',(0.0799797024411307,-0.12144777156014,0.150132038961403));
#6547=CARTESIAN_POINT('',(0.0800054834810225,-0.121359580103778,0.150080307401309));
#6548=CARTESIAN_POINT('',(0.080064129961258,-0.121096675720428,0.149900341665694));
#6549=CARTESIAN_POINT('',(0.0800885748148668,-0.120917604353587,0.149755840542358));
#6550=CARTESIAN_POINT('',(0.0800885748148666,-0.120740827658291,0.149579063847061));
#6551=CARTESIAN_POINT('',(0.0798802414815337,-0.12188987617772,0.150256707845697));
#6552=CARTESIAN_POINT('',(0.0799513230944782,-0.121801487830072,0.150209918514011));
#6553=CARTESIAN_POINT('',(0.080007765220822,-0.121711982704586,0.150159725498394));
#6554=CARTESIAN_POINT('',(0.0800951421815875,-0.121533602603273,0.150052271947965));
#6555=CARTESIAN_POINT('',(0.0801260607702711,-0.121444749097775,0.149995009908263));
#6556=CARTESIAN_POINT('',(0.0801870044094195,-0.121183493221138,0.149813415192341));
#6557=CARTESIAN_POINT('',(0.080198894404317,-0.120995612536781,0.149677833265956));
#6558=CARTESIAN_POINT('',(0.0801842265248514,-0.120808463631053,0.149511427874299));
#6559=CARTESIAN_POINT('',(0.0799170814413862,-0.121978444410681,0.150220239183597));
#6560=CARTESIAN_POINT('',(0.0800077652208973,-0.121890993068853,0.150159725384992));
#6561=CARTESIAN_POINT('',(0.0800766081086776,-0.121801488040921,0.150098133575752));
#6562=CARTESIAN_POINT('',(0.0801793804837182,-0.121623162709842,0.149974064714249));
#6563=CARTESIAN_POINT('',(0.0802133633247501,-0.12153434461426,0.149911555406723));
#6564=CARTESIAN_POINT('',(0.0802770634401819,-0.121274295678177,0.149724474482402));
#6565=CARTESIAN_POINT('',(0.0802834051924465,-0.121081518459662,0.149593237034901));
#6566=CARTESIAN_POINT('',(0.0802657163607746,-0.120885941734523,0.149433949770829));
#6567=CARTESIAN_POINT('',(0.0799797024411305,-0.122155204100004,0.150132038961401));
#6568=CARTESIAN_POINT('',(0.0800951421819036,-0.122069373453369,0.15005227155102));
#6569=CARTESIAN_POINT('',(0.0801793803324503,-0.121979813887245,0.149974064537184));
#6570=CARTESIAN_POINT('',(0.0803016041157202,-0.121801488443149,0.149824816287338));
#6571=CARTESIAN_POINT('',(0.080339838155603,-0.121712663740884,0.1497536731485));
#6572=CARTESIAN_POINT('',(0.0804104993974918,-0.12145318449063,0.149552585131229));
#6573=CARTESIAN_POINT('',(0.0804134940774616,-0.121256780729209,0.149422155294306));
#6574=CARTESIAN_POINT('',(0.0803976501191146,-0.121052954576267,0.149266936929085));
#6575=CARTESIAN_POINT('',(0.0800054834810224,-0.122243395556366,0.150080307401307));
#6576=CARTESIAN_POINT('',(0.0801260607705568,-0.122158227128911,0.149995009341315));
#6577=CARTESIAN_POINT('',(0.0802133630090258,-0.122068632038141,0.149911555317936));
#6578=CARTESIAN_POINT('',(0.0803398377975611,-0.12189031228539,0.149753673800621));
#6579=CARTESIAN_POINT('',(0.0803793842086655,-0.121801487030023,0.149679105506665));
#6580=CARTESIAN_POINT('',(0.0804545363916859,-0.121541440228858,0.149469444132237));
#6581=CARTESIAN_POINT('',(0.0804598031250343,-0.121346280012328,0.149335526848312));
#6582=CARTESIAN_POINT('',(0.0804483125899575,-0.121142297648335,0.149177593857017));
#6583=CARTESIAN_POINT('',(0.0800641299612582,-0.122506299939716,0.149900341665691));
#6584=CARTESIAN_POINT('',(0.0801870044095824,-0.122419483345682,0.149813414285431));
#6585=CARTESIAN_POINT('',(0.0802770631334684,-0.122328682172938,0.14972447356547));
#6586=CARTESIAN_POINT('',(0.0804105000388618,-0.122149793817816,0.149552582709342));
#6587=CARTESIAN_POINT('',(0.0804545384704054,-0.122061535415073,0.149469438377591));
#6588=CARTESIAN_POINT('',(0.080547232802394,-0.121801491541085,0.149229771831458));
#6589=CARTESIAN_POINT('',(0.0805638818586629,-0.121617077445399,0.149074099007407));
#6590=CARTESIAN_POINT('',(0.0805621641285182,-0.121417731987673,0.148902159517679));
#6591=CARTESIAN_POINT('',(0.0800885748148674,-0.122685371306557,0.149755840542354));
#6592=CARTESIAN_POINT('',(0.0801988944043176,-0.122607364030155,0.14967783235916));
#6593=CARTESIAN_POINT('',(0.0802834046199679,-0.122521459625772,0.149593236050495));
#6594=CARTESIAN_POINT('',(0.0804134943232925,-0.122346197807728,0.149422151891969));
#6595=CARTESIAN_POINT('',(0.0804598050234858,-0.122256694996113,0.149335518644154));
#6596=CARTESIAN_POINT('',(0.0805638799848905,-0.121985907801136,0.149074097537305));
#6597=CARTESIAN_POINT('',(0.0805885748148672,-0.121801494315708,0.148896937972928));
#6598=CARTESIAN_POINT('',(0.0805885748148671,-0.121610205106256,0.148709686399096));
#6599=CARTESIAN_POINT('',(0.0800885748148679,-0.122862148001855,0.149579063847057));
#6600=CARTESIAN_POINT('',(0.0801842265248527,-0.122794512029092,0.149511427874295));
#6601=CARTESIAN_POINT('',(0.0802657156709042,-0.122717034712019,0.149433950557222));
#6602=CARTESIAN_POINT('',(0.0803976501229022,-0.122550021165984,0.149266937011188));
#6603=CARTESIAN_POINT('',(0.0804483142958272,-0.122460674107982,0.149177589953187));
#6604=CARTESIAN_POINT('',(0.0805621618710334,-0.122185248687707,0.148902164532914));
#6605=CARTESIAN_POINT('',(0.0805885748148673,-0.121992778010611,0.148709693855819));
#6606=CARTESIAN_POINT('',(0.0805885748148672,-0.121801487830072,0.14851840367528));
#6607=CARTESIAN_POINT('',(0.0805885748148673,-0.121801487830072,0.14851840367528));
#6608=CARTESIAN_POINT('',(0.0805885748148766,-0.122272892350873,0.148989808196074));
#6609=CARTESIAN_POINT('',(0.0804219081482147,-0.122626445741471,0.149343361586669));
#6610=CARTESIAN_POINT('',(0.0800885748148815,-0.122862148001864,0.149579063847067));
#6611=CARTESIAN_POINT('',(0.0785885748148858,-0.154328399764652,0.115991491740701));
#6612=CARTESIAN_POINT('',(-0.0792223345159602,-0.154328399764744,0.115991491740699));
#6613=CARTESIAN_POINT('',(0.0785885748148863,-0.155271208806235,0.116934300782284));
#6614=CARTESIAN_POINT('',(-0.0792223345159597,-0.155271208806328,0.116934300782282));
#6615=CARTESIAN_POINT('',(0.0785885748148863,-0.155271208806234,0.117877109823867));
#6616=CARTESIAN_POINT('',(-0.0792223345159597,-0.155271208806327,0.117877109823865));
#6617=CARTESIAN_POINT('',(0.0785885748148858,-0.154328399764649,0.11881991886545));
#6618=CARTESIAN_POINT('',(-0.0792223345159602,-0.154328399764742,0.118819918865448));
#6619=CARTESIAN_POINT('',(0.0805885748148674,-0.121801487830065,0.148518403675287));
#6620=CARTESIAN_POINT('',(0.0805885748148853,-0.152914186202276,0.117405705303074));
#6621=CARTESIAN_POINT('',(0.0805885748148858,-0.122744296871672,0.149461212716869));
#6622=CARTESIAN_POINT('',(0.0805885748149037,-0.153856995243884,0.118348514344656));
#6623=CARTESIAN_POINT('',(0.0799219081482195,-0.123215701392464,0.14993261723766));
#6624=CARTESIAN_POINT('',(0.0799219081482374,-0.154328399764676,0.118819918865447));
#6625=CARTESIAN_POINT('',(0.0785885748148679,-0.123215701392439,0.14993261723766));
#6626=CARTESIAN_POINT('',(0.0785885748148858,-0.154328399764651,0.118819918865448));
#6627=CARTESIAN_POINT('',(0.0800885748148994,-0.153974846374064,0.118466365474866));
#6628=CARTESIAN_POINT('',(0.0804219081482326,-0.153739144113672,0.118230663214467));
#6629=CARTESIAN_POINT('',(0.0805885748148945,-0.153385590723076,0.11787710982387));
#6630=CARTESIAN_POINT('',(0.0805885748148853,-0.152914186202277,0.117405705303074));
#6631=CARTESIAN_POINT('',(0.0798385748148861,-0.154681953155244,0.117405705303074));
#6632=CARTESIAN_POINT('',(0.0798802414815527,-0.154652490372694,0.117494093650723));
#6633=CARTESIAN_POINT('',(0.0799170814414051,-0.154616021710594,0.117582661883684));
#6634=CARTESIAN_POINT('',(0.0799797024411495,-0.154527821488399,0.117759421573007));
#6635=CARTESIAN_POINT('',(0.0800054834810413,-0.154476089928304,0.117847613029368));
#6636=CARTESIAN_POINT('',(0.0800641299612769,-0.154296124192688,0.118110517412719));
#6637=CARTESIAN_POINT('',(0.0800885748148858,-0.154151623069351,0.11828958877956));
#6638=CARTESIAN_POINT('',(0.080088574814886,-0.153974846374054,0.118466365474857));
#6639=CARTESIAN_POINT('',(0.0798802414815528,-0.154652490372694,0.117317316955426));
#6640=CARTESIAN_POINT('',(0.0799513230944972,-0.154605701041009,0.117405705303074));
#6641=CARTESIAN_POINT('',(0.080007765220841,-0.154555508025392,0.11749521042856));
#6642=CARTESIAN_POINT('',(0.0800951421816065,-0.154448054474962,0.117673590529873));
#6643=CARTESIAN_POINT('',(0.0801260607702899,-0.154390792435258,0.117762444035371));
#6644=CARTESIAN_POINT('',(0.0801870044094383,-0.154209197719335,0.118023699912008));
#6645=CARTESIAN_POINT('',(0.0801988944043359,-0.154073615792949,0.118211580596366));
#6646=CARTESIAN_POINT('',(0.0801842265248706,-0.153907210401292,0.118398729502095));
#6647=CARTESIAN_POINT('',(0.0799170814414054,-0.154616021710595,0.117228748722465));
#6648=CARTESIAN_POINT('',(0.0800077652209165,-0.15455550791199,0.117316200064293));
#6649=CARTESIAN_POINT('',(0.0800766081086967,-0.154493916102749,0.117405705092225));
#6650=CARTESIAN_POINT('',(0.0801793804837372,-0.154369847241246,0.117584030423304));
#6651=CARTESIAN_POINT('',(0.0802133633247691,-0.15430733793372,0.117672848518886));
#6652=CARTESIAN_POINT('',(0.0802770634402008,-0.154120257009397,0.11793289745497));
#6653=CARTESIAN_POINT('',(0.0802834051924654,-0.153989019561895,0.118125674673485));
#6654=CARTESIAN_POINT('',(0.0802657163607938,-0.153829732297822,0.118321251398624));
#6655=CARTESIAN_POINT('',(0.0799797024411499,-0.1545278214884,0.117051989033142));
#6656=CARTESIAN_POINT('',(0.0800951421819229,-0.154448054078019,0.117137819679777));
#6657=CARTESIAN_POINT('',(0.0801793803324696,-0.154369847064182,0.117227379245901));
#6658=CARTESIAN_POINT('',(0.0803016041157394,-0.154220598814336,0.117405704689997));
#6659=CARTESIAN_POINT('',(0.0803398381556221,-0.154149455675497,0.117494529392262));
#6660=CARTESIAN_POINT('',(0.0804104993975106,-0.153948367658224,0.117754008642517));
#6661=CARTESIAN_POINT('',(0.0804134940774803,-0.1538179378213,0.117950412403937));
#6662=CARTESIAN_POINT('',(0.0803976501191335,-0.153662719456079,0.11815423855688));
#6663=CARTESIAN_POINT('',(0.0800054834810417,-0.154476089928306,0.116963797576781));
#6664=CARTESIAN_POINT('',(0.0801260607705761,-0.154390791868314,0.117048966004235));
#6665=CARTESIAN_POINT('',(0.080213363009045,-0.154307337844935,0.117138561095005));
#6666=CARTESIAN_POINT('',(0.0803398377975802,-0.154149456327618,0.117316880847757));
#6667=CARTESIAN_POINT('',(0.0803793842086845,-0.154074888033662,0.117405706103123));
#6668=CARTESIAN_POINT('',(0.0804545363917046,-0.153865226659233,0.117665752904289));
#6669=CARTESIAN_POINT('',(0.080459803125053,-0.153731309375307,0.117860913120818));
#6670=CARTESIAN_POINT('',(0.0804483125899764,-0.153573376384011,0.118064895484812));
#6671=CARTESIAN_POINT('',(0.0800641299612773,-0.154296124192691,0.11670089319343));
#6672=CARTESIAN_POINT('',(0.0801870044096015,-0.154209196812432,0.116787709787465));
#6673=CARTESIAN_POINT('',(0.0802770631334874,-0.15412025609247,0.116878510960209));
#6674=CARTESIAN_POINT('',(0.0804105000388807,-0.15394836523634,0.117057399315331));
#6675=CARTESIAN_POINT('',(0.0804545384704242,-0.153865220904589,0.117145657718074));
#6676=CARTESIAN_POINT('',(0.0805472328024126,-0.153625554358454,0.117405701592061));
#6677=CARTESIAN_POINT('',(0.0805638818586815,-0.153469881534402,0.117590115687747));
#6678=CARTESIAN_POINT('',(0.0805621641285368,-0.153297942044674,0.117789461145474));
#6679=CARTESIAN_POINT('',(0.0800885748148862,-0.154151623069355,0.11652182182659));
#6680=CARTESIAN_POINT('',(0.0801988944043363,-0.154073614886161,0.116599829102992));
#6681=CARTESIAN_POINT('',(0.0802834046199866,-0.153989018577495,0.116685733507375));
#6682=CARTESIAN_POINT('',(0.0804134943233112,-0.153817934418968,0.116860995325419));
#6683=CARTESIAN_POINT('',(0.0804598050235043,-0.153731301171153,0.116950498137034));
#6684=CARTESIAN_POINT('',(0.0805638799849088,-0.153469880064303,0.11722128533201));
#6685=CARTESIAN_POINT('',(0.0805885748148855,-0.153292720499925,0.117405698817439));
#6686=CARTESIAN_POINT('',(0.0805885748148854,-0.153105468926092,0.11759698802689));
#6687=CARTESIAN_POINT('',(0.080088574814886,-0.153974846374058,0.116345045131293));
#6688=CARTESIAN_POINT('',(0.0801842265248707,-0.153907210401296,0.116412681104056));
#6689=CARTESIAN_POINT('',(0.0802657156709223,-0.153829733084223,0.116490158421129));
#6690=CARTESIAN_POINT('',(0.0803976501229204,-0.153662719538187,0.116657171967164));
#6691=CARTESIAN_POINT('',(0.0804483142958453,-0.153573372480186,0.116746519025165));
#6692=CARTESIAN_POINT('',(0.0805621618710514,-0.153297947059911,0.11702194444544));
#6693=CARTESIAN_POINT('',(0.0805885748148854,-0.153105476382815,0.117214415122536));
#6694=CARTESIAN_POINT('',(0.0805885748148853,-0.152914186202277,0.117405705303074));
#6695=CARTESIAN_POINT('',(0.0805885748148854,-0.152914186202277,0.117405705303074));
#6696=CARTESIAN_POINT('',(0.0805885748148861,-0.153385590723068,0.116934300782283));
#6697=CARTESIAN_POINT('',(0.0804219081482198,-0.153739144113662,0.116580747391689));
#6698=CARTESIAN_POINT('',(0.0800885748148863,-0.153974846374058,0.116345045131293));
#6699=CARTESIAN_POINT('',(0.078588574814882,-0.147964438733973,0.109627530710021));
#6700=CARTESIAN_POINT('',(0.0785885748148858,-0.154328399764652,0.1159914917407));
#6701=CARTESIAN_POINT('',(0.0799219081482166,-0.147964438733972,0.109627530710021));
#6702=CARTESIAN_POINT('',(0.0799219081482204,-0.154328399764652,0.1159914917407));
#6703=CARTESIAN_POINT('',(0.0805885748148831,-0.147493034213181,0.110098935230813));
#6704=CARTESIAN_POINT('',(0.0805885748148869,-0.15385699524386,0.116462896261492));
#6705=CARTESIAN_POINT('',(0.0805885748148816,-0.146550225171598,0.111041744272396));
#6706=CARTESIAN_POINT('',(0.0805885748148854,-0.152914186202277,0.117405705303075));
#6707=CARTESIAN_POINT('',(-0.033537217070184,-0.130712689096743,0.142152402031585));
#6708=CARTESIAN_POINT('',(-0.033514345677199,-0.130704372057206,0.142189535634014));
#6709=CARTESIAN_POINT('',(-0.0334945438334174,-0.130690654438253,0.1422267256098));
#6710=CARTESIAN_POINT('',(-0.033462064583289,-0.13065122165072,0.142300820923153));
#6711=CARTESIAN_POINT('',(-0.0334483593947757,-0.130626664938341,0.142338209957239));
#6712=CARTESIAN_POINT('',(-0.0334382376465492,-0.130596128418445,0.142375413516422));
#6713=CARTESIAN_POINT('',(-0.0335298929917066,-0.130705338474101,0.142130936090855));
#6714=CARTESIAN_POINT('',(-0.0334938803004912,-0.130690378661999,0.142166133732147));
#6715=CARTESIAN_POINT('',(-0.0334689790689208,-0.130673326086002,0.142202741339578));
#6716=CARTESIAN_POINT('',(-0.0334347592549152,-0.130634629247496,0.142274766455594));
#6717=CARTESIAN_POINT('',(-0.0334230201784127,-0.130612551744545,0.142313763175501));
#6718=CARTESIAN_POINT('',(-0.0334154261677911,-0.130584292123664,0.142353431824822));
#6719=CARTESIAN_POINT('',(-0.03352341239921,-0.1306963804299,0.142109488335385));
#6720=CARTESIAN_POINT('',(-0.0334786606092307,-0.130675994068091,0.142142894265263));
#6721=CARTESIAN_POINT('',(-0.0334508123855264,-0.130655832719693,0.142178713438853));
#6722=CARTESIAN_POINT('',(-0.0334148571566138,-0.130616415132235,0.142248923338823));
#6723=CARTESIAN_POINT('',(-0.0334036648701161,-0.130595754636755,0.142288513567038));
#6724=CARTESIAN_POINT('',(-0.0333959920807231,-0.130569244249377,0.142329740647375));
#6725=CARTESIAN_POINT('',(-0.0335123950614132,-0.130674949142684,0.14206682390161));
#6726=CARTESIAN_POINT('',(-0.0334566792092828,-0.130647001654766,0.142097645157268));
#6727=CARTESIAN_POINT('',(-0.033425189148857,-0.130622156622618,0.14213221348019));
#6728=CARTESIAN_POINT('',(-0.0333855962575888,-0.130579885548669,0.142199581754285));
#6729=CARTESIAN_POINT('',(-0.0333739874801525,-0.130559989707375,0.142238902778539));
#6730=CARTESIAN_POINT('',(-0.0333645278850122,-0.13053448788377,0.14228099059211));
#6731=CARTESIAN_POINT('',(-0.0335078583161131,-0.13066247589967,0.142045607223306));
#6732=CARTESIAN_POINT('',(-0.0334499175005956,-0.13063239383535,0.142075635516158));
#6733=CARTESIAN_POINT('',(-0.0334176612630403,-0.130605960276202,0.142109696081484));
#6734=CARTESIAN_POINT('',(-0.0333760817616628,-0.130561557725773,0.142176001686547));
#6735=CARTESIAN_POINT('',(-0.0333634966731639,-0.130541024407904,0.142214469080101));
#6736=CARTESIAN_POINT('',(-0.0333524456558922,-0.130514838899284,0.142255968040562));
#6737=CARTESIAN_POINT('',(-0.0334975491638611,-0.130619332838869,0.141982595864113));
#6738=CARTESIAN_POINT('',(-0.0334392692659129,-0.130589074296682,0.142012808765199));
#6739=CARTESIAN_POINT('',(-0.0334052170758775,-0.130559893816637,0.142045128364029));
#6740=CARTESIAN_POINT('',(-0.0333566188893736,-0.130507444938702,0.142107819951331));
#6741=CARTESIAN_POINT('',(-0.0333400863873606,-0.130482096057582,0.142142186779373));
#6742=CARTESIAN_POINT('',(-0.0333252937947389,-0.130452018204724,0.142181071565453));
#6743=CARTESIAN_POINT('',(-0.0334932726008916,-0.13058492539596,0.141939946420642));
#6744=CARTESIAN_POINT('',(-0.0334419060254888,-0.130558272356602,0.141966598995994));
#6745=CARTESIAN_POINT('',(-0.0334076558863744,-0.130529325530796,0.141997656579214));
#6746=CARTESIAN_POINT('',(-0.033354320575069,-0.130470558741139,0.142061529706915));
#6747=CARTESIAN_POINT('',(-0.0333348230479288,-0.130440004089153,0.142095079939531));
#6748=CARTESIAN_POINT('',(-0.0333189952475644,-0.130405300563429,0.142131552647456));
#6749=CARTESIAN_POINT('',(-0.0334932726016774,-0.130543095413494,0.141898116437361));
#6750=CARTESIAN_POINT('',(-0.0334502017876167,-0.13052074706525,0.141920464785204));
#6751=CARTESIAN_POINT('',(-0.033413832540227,-0.130492207141853,0.141949004708024));
#6752=CARTESIAN_POINT('',(-0.0333563931402845,-0.13042850268255,0.142012709166539));
#6753=CARTESIAN_POINT('',(-0.033335020960342,-0.130393512996649,0.142047698852228));
#6754=CARTESIAN_POINT('',(-0.0333189952475723,-0.130357479882493,0.142083731966485));
#6755=CARTESIAN_POINT('',(-0.033537217070184,-0.130712689096743,0.142152402031585));
#6756=CARTESIAN_POINT('',(-0.0335298929917066,-0.130705338474101,0.142130936090855));
#6757=CARTESIAN_POINT('',(-0.03352341239921,-0.1306963804299,0.142109488335385));
#6758=CARTESIAN_POINT('',(-0.0335123950614132,-0.130674949142684,0.14206682390161));
#6759=CARTESIAN_POINT('',(-0.0335078583161131,-0.13066247589967,0.142045607223306));
#6760=CARTESIAN_POINT('',(-0.0334975491638611,-0.130619332838869,0.141982595864113));
#6761=CARTESIAN_POINT('',(-0.0334932726008916,-0.13058492539596,0.141939946420642));
#6762=CARTESIAN_POINT('',(-0.0334932726016774,-0.130543095413494,0.141898116437361));
#6763=CARTESIAN_POINT('',(-0.0334932726016774,-0.130543095413494,0.141898116437361));
#6764=CARTESIAN_POINT('',(-0.033537217070184,-0.130712689096743,0.142152402031585));
#6765=CARTESIAN_POINT('',(-0.0333189952475723,-0.130357479882493,0.142083731966485));
#6766=CARTESIAN_POINT('',(-0.0333556852168575,-0.130439975673945,0.142001236175659));
#6767=CARTESIAN_POINT('',(-0.0334137776682259,-0.130501847517612,0.141939364332617));
#6768=CARTESIAN_POINT('',(-0.0334932726016775,-0.130543095413494,0.141898116437361));
#6769=CARTESIAN_POINT('',(-0.0334382216965004,-0.130596143790834,0.142375421792535));
#6770=CARTESIAN_POINT('',(-0.033358721366218,-0.130554898934012,0.142298815519687));
#6771=CARTESIAN_POINT('',(-0.0333189710765381,-0.130475346719192,0.142201583156376));
#6772=CARTESIAN_POINT('',(-0.0333189700862268,-0.130357485480204,0.142083726368774));
#6773=CARTESIAN_POINT('',(-0.0334382376465492,-0.130596128418445,0.142375413516422));
#6774=CARTESIAN_POINT('',(-0.033537217070184,-0.130712689096743,0.142152402031585));
#6775=CARTESIAN_POINT('',(-0.0335257813736915,-0.130708530576975,0.1421709688328));
#6776=CARTESIAN_POINT('',(-0.0335151130644998,-0.130703021912352,0.142189549727353));
#6777=CARTESIAN_POINT('',(-0.0334954343880968,-0.13068915474455,0.142226690030023));
#6778=CARTESIAN_POINT('',(-0.0334864240208853,-0.13068079624137,0.142245249438138));
#6779=CARTESIAN_POINT('',(-0.033462064583289,-0.13065122165072,0.142300820923153));
#6780=CARTESIAN_POINT('',(-0.0334483593947757,-0.130626664938341,0.142338209957239));
#6781=CARTESIAN_POINT('',(-0.0334382376465492,-0.130596128418445,0.142375413516422));
#6782=CARTESIAN_POINT('',(-0.033537217070184,-0.130712689096743,0.142152402031585));
#6783=CARTESIAN_POINT('',(-0.0335559768451538,-0.130724198239154,0.142155301171101));
#6784=CARTESIAN_POINT('',(-0.0335754266327961,-0.130734317089455,0.142158254551619));
#6785=CARTESIAN_POINT('',(-0.0336157366534114,-0.13075157653038,0.142164268245959));
#6786=CARTESIAN_POINT('',(-0.0336365968863843,-0.130758717121003,0.142167328559781));
#6787=CARTESIAN_POINT('',(-0.0337013388832773,-0.130775374990166,0.142176667578153));
#6788=CARTESIAN_POINT('',(-0.0337472351279187,-0.130781743951206,0.142183130945334));
#6789=CARTESIAN_POINT('',(-0.0337959648318766,-0.130781743951206,0.142189797983662));
#6790=CARTESIAN_POINT('',(-0.0335257813736915,-0.130708530576975,0.1421709688328));
#6791=CARTESIAN_POINT('',(-0.0335467844002688,-0.130722874152496,0.142181025708341));
#6792=CARTESIAN_POINT('',(-0.0335683015442773,-0.130734637185065,0.142189062847815));
#6793=CARTESIAN_POINT('',(-0.0336117957780668,-0.13075365146794,0.142201947966671));
#6794=CARTESIAN_POINT('',(-0.0336337728678477,-0.130760902718247,0.142206795946054));
#6795=CARTESIAN_POINT('',(-0.0336995416222136,-0.130776862751237,0.142217831612128));
#6796=CARTESIAN_POINT('',(-0.033746603464561,-0.130782381664823,0.14222105316752));
#6797=CARTESIAN_POINT('',(-0.0337959648298162,-0.130781743951206,0.142223615970043));
#6798=CARTESIAN_POINT('',(-0.0335151130644998,-0.130703021912352,0.142189549727353));
#6799=CARTESIAN_POINT('',(-0.0335378159982425,-0.130718818991581,0.1422048810453));
#6800=CARTESIAN_POINT('',(-0.0335609987822365,-0.130731134679372,0.142216680995537));
#6801=CARTESIAN_POINT('',(-0.0336071301594935,-0.130750353571981,0.1422347985696));
#6802=CARTESIAN_POINT('',(-0.0336300884596781,-0.130757267638351,0.142241131372125));
#6803=CARTESIAN_POINT('',(-0.0336974363716607,-0.130772046281463,0.142254380202965));
#6804=CARTESIAN_POINT('',(-0.0337455832329412,-0.130776956198559,0.14225638020118));
#6805=CARTESIAN_POINT('',(-0.033795964828693,-0.130776779929026,0.142257391000012));
#6806=CARTESIAN_POINT('',(-0.0334954343880968,-0.13068915474455,0.142226690030023));
#6807=CARTESIAN_POINT('',(-0.0335206333635094,-0.130706349544726,0.142249249905734));
#6808=CARTESIAN_POINT('',(-0.0335464164036986,-0.130718850708252,0.142266301391663));
#6809=CARTESIAN_POINT('',(-0.033596871159286,-0.13073735174039,0.142292033290855));
#6810=CARTESIAN_POINT('',(-0.0336215748551156,-0.130743391276883,0.142300767595281));
#6811=CARTESIAN_POINT('',(-0.0336927604544211,-0.130755558259373,0.142318814769507));
#6812=CARTESIAN_POINT('',(-0.0337430920332494,-0.130758850293701,0.142321087288269));
#6813=CARTESIAN_POINT('',(-0.0337959648277533,-0.130758349531767,0.142322467024866));
#6814=CARTESIAN_POINT('',(-0.0334864240208853,-0.13068079624137,0.142245249438138));
#6815=CARTESIAN_POINT('',(-0.0335124191308026,-0.130697935258787,0.142269763429209));
#6816=CARTESIAN_POINT('',(-0.0335391367872016,-0.130710075101204,0.142288323813493));
#6817=CARTESIAN_POINT('',(-0.0335912777776519,-0.130727671013795,0.142316487726104));
#6818=CARTESIAN_POINT('',(-0.0336167456587234,-0.130733184696627,0.142326168679357));
#6819=CARTESIAN_POINT('',(-0.0336901897877356,-0.130743955211788,0.142346859812056));
#6820=CARTESIAN_POINT('',(-0.0337416210651791,-0.130746259997543,0.142350624087971));
#6821=CARTESIAN_POINT('',(-0.0337959648279387,-0.130744969707508,0.142353758737468));
#6822=CARTESIAN_POINT('',(-0.033462064583289,-0.13065122165072,0.142300820923153));
#6823=CARTESIAN_POINT('',(-0.0334893668120631,-0.130667808248675,0.142326886160022));
#6824=CARTESIAN_POINT('',(-0.0335179003948875,-0.130678889464636,0.142347536970932));
#6825=CARTESIAN_POINT('',(-0.0335738885731729,-0.130693878318119,0.142380495030327));
#6826=CARTESIAN_POINT('',(-0.0336014048736572,-0.130697886067656,0.142392929834107));
#6827=CARTESIAN_POINT('',(-0.0336820055075084,-0.130704081137239,0.142422839325382));
#6828=CARTESIAN_POINT('',(-0.0337370216560813,-0.130702006899415,0.142433765759381));
#6829=CARTESIAN_POINT('',(-0.0337959648292874,-0.130696237420174,0.142442743622284));
#6830=CARTESIAN_POINT('',(-0.0334483593947757,-0.130626664938341,0.142338209957239));
#6831=CARTESIAN_POINT('',(-0.0334736986111387,-0.130640778132137,0.142362656738977));
#6832=CARTESIAN_POINT('',(-0.0335014934623071,-0.130650304001493,0.142383032257678));
#6833=CARTESIAN_POINT('',(-0.0335581015189283,-0.130662862795581,0.142417074990824));
#6834=CARTESIAN_POINT('',(-0.0335869604790562,-0.130666009051929,0.142430875886254));
#6835=CARTESIAN_POINT('',(-0.0336742699561543,-0.130669446032176,0.142466326032557));
#6836=CARTESIAN_POINT('',(-0.0337337067101762,-0.130663988771462,0.142482389354051));
#6837=CARTESIAN_POINT('',(-0.0337959648312531,-0.130652787933554,0.14249553069661));
#6838=CARTESIAN_POINT('',(-0.0334382376465492,-0.130596128418445,0.142375413516422));
#6839=CARTESIAN_POINT('',(-0.0334610491253072,-0.130607964713226,0.142397395208022));
#6840=CARTESIAN_POINT('',(-0.0334871797779523,-0.130616559296103,0.142417611389029));
#6841=CARTESIAN_POINT('',(-0.033543508172717,-0.130627356216241,0.142453460341731));
#6842=CARTESIAN_POINT('',(-0.0335736421134432,-0.130629611431908,0.142469117616184));
#6843=CARTESIAN_POINT('',(-0.0336665344089294,-0.130629080123584,0.142509900120732));
#6844=CARTESIAN_POINT('',(-0.0337314486898321,-0.130619314016078,0.142529004614086));
#6845=CARTESIAN_POINT('',(-0.0337959648304618,-0.130604967252601,0.142543351377564));
#6846=CARTESIAN_POINT('',(-0.0337959127220723,-0.130604978842199,0.142543339787965));
#6847=CARTESIAN_POINT('',(-0.033636941983963,-0.130640328709546,0.142507989920619));
#6848=CARTESIAN_POINT('',(-0.0335177120130105,-0.130637384526329,0.14245201642157));
#6849=CARTESIAN_POINT('',(-0.0334382216965004,-0.130596143790834,0.142375421792535));
#6850=CARTESIAN_POINT('',(-0.0337959648318766,-0.130781743951206,0.142189797983662));
#6851=CARTESIAN_POINT('',(-0.0337959648314049,-0.130781743951206,0.142307649114963));
#6852=CARTESIAN_POINT('',(-0.0337959648309334,-0.130722818385004,0.142425500246263));
#6853=CARTESIAN_POINT('',(-0.0337959648304618,-0.130604967252601,0.142543351377564));
#6854=CARTESIAN_POINT('',(-0.0337959648318766,-0.130781743951206,0.142189797983662));
#6855=CARTESIAN_POINT('',(-0.033537217070184,-0.130712689096743,0.142152402031585));
#6856=CARTESIAN_POINT('',(-0.0335559768451538,-0.130724198239154,0.142155301171101));
#6857=CARTESIAN_POINT('',(-0.0335754266327961,-0.130734317089455,0.142158254551619));
#6858=CARTESIAN_POINT('',(-0.0336157366534114,-0.13075157653038,0.142164268245959));
#6859=CARTESIAN_POINT('',(-0.0336365968863843,-0.130758717121003,0.142167328559781));
#6860=CARTESIAN_POINT('',(-0.0337013388832773,-0.130775374990166,0.142176667578153));
#6861=CARTESIAN_POINT('',(-0.0337472351279187,-0.130781743951206,0.142183130945334));
#6862=CARTESIAN_POINT('',(-0.0337959648318766,-0.130781743951206,0.142189797983662));
#6863=CARTESIAN_POINT('',(-0.0251468343025101,-0.130712689068968,0.142152402047909));
#6864=CARTESIAN_POINT('',(-0.0251093147821368,-0.130735707363046,0.142158200324055));
#6865=CARTESIAN_POINT('',(-0.0250690352117979,-0.130753164486057,0.142164215564284));
#6866=CARTESIAN_POINT('',(-0.0249827126115594,-0.130775374987666,0.142176667583358));
#6867=CARTESIAN_POINT('',(-0.0249368163987946,-0.130781743951201,0.14218313094789));
#6868=CARTESIAN_POINT('',(-0.0248880867274968,-0.130781743951201,0.142189797983662));
#6869=CARTESIAN_POINT('',(-0.0251541583741888,-0.130705338447398,0.142130936107504));
#6870=CARTESIAN_POINT('',(-0.0251095215521695,-0.130732225648082,0.1421242867474));
#6871=CARTESIAN_POINT('',(-0.0250658554409482,-0.130750750945043,0.142125316488603));
#6872=CARTESIAN_POINT('',(-0.0249809035064405,-0.130773889315643,0.142135506388181));
#6873=CARTESIAN_POINT('',(-0.0249361849926338,-0.130781106237829,0.142145208687187));
#6874=CARTESIAN_POINT('',(-0.0248880866920731,-0.130781743951201,0.142155979997281));
#6875=CARTESIAN_POINT('',(-0.0251606389599154,-0.130696380404855,0.142109488352273));
#6876=CARTESIAN_POINT('',(-0.0251109285776446,-0.130725008095262,0.142093880243019));
#6877=CARTESIAN_POINT('',(-0.0250648132119519,-0.130743224593051,0.142091321577096));
#6878=CARTESIAN_POINT('',(-0.0249800788992212,-0.130766429751431,0.142098908723036));
#6879=CARTESIAN_POINT('',(-0.0249360798951394,-0.130774406624627,0.1421098615851));
#6880=CARTESIAN_POINT('',(-0.024888086656718,-0.130776779929228,0.142122204967519));
#6881=CARTESIAN_POINT('',(-0.0251716562843302,-0.130674949122269,0.14206682391873));
#6882=CARTESIAN_POINT('',(-0.0251152998819545,-0.130705153108365,0.14203949371397));
#6883=CARTESIAN_POINT('',(-0.0250657763866311,-0.130722343966332,0.142032026152504));
#6884=CARTESIAN_POINT('',(-0.0249799427556525,-0.130745153526429,0.14203431378366));
#6885=CARTESIAN_POINT('',(-0.0249365161677239,-0.130753814139363,0.142045078353285));
#6886=CARTESIAN_POINT('',(-0.0248880865924036,-0.130758349532589,0.142057128943285));
#6887=CARTESIAN_POINT('',(-0.0251761930230186,-0.130662475882226,0.142045607240417));
#6888=CARTESIAN_POINT('',(-0.0251182641607892,-0.130692515674288,0.142015513689302));
#6889=CARTESIAN_POINT('',(-0.0250677817903135,-0.130709013088595,0.14200664328605));
#6890=CARTESIAN_POINT('',(-0.0249806312193233,-0.130731405297325,0.142006154123258));
#6891=CARTESIAN_POINT('',(-0.0249370575378297,-0.130740011336692,0.142015482157957));
#6892=CARTESIAN_POINT('',(-0.0248880865634714,-0.130744969708744,0.142025837231097));
#6893=CARTESIAN_POINT('',(-0.0251865021558266,-0.130619332832512,0.141982595880709));
#6894=CARTESIAN_POINT('',(-0.0251282279910454,-0.13064955124185,0.14195233183762));
#6895=CARTESIAN_POINT('',(-0.0250765282724538,-0.130664865252829,0.141940156947942));
#6896=CARTESIAN_POINT('',(-0.0249842823251589,-0.130685496806683,0.141929768095933));
#6897=CARTESIAN_POINT('',(-0.0249390421194179,-0.130692200205824,0.141932082638693));
#6898=CARTESIAN_POINT('',(-0.0248880864902063,-0.130696237422651,0.141936852347521));
#6899=CARTESIAN_POINT('',(-0.0251907787055612,-0.130584925398975,0.141939946436868));
#6900=CARTESIAN_POINT('',(-0.0251394121389181,-0.130611577973146,0.14191329340175));
#6901=CARTESIAN_POINT('',(-0.0250886619150297,-0.1306267356756,0.141900246458164));
#6902=CARTESIAN_POINT('',(-0.0249899361739094,-0.130646869492916,0.141885218972706));
#6903=CARTESIAN_POINT('',(-0.0249408458023454,-0.130651903350127,0.141883180688679));
#6904=CARTESIAN_POINT('',(-0.0248880864595799,-0.130652787936858,0.141884065274023));
#6905=CARTESIAN_POINT('',(-0.0251907786920505,-0.130543095428691,0.141898116452563));
#6906=CARTESIAN_POINT('',(-0.0251477078779895,-0.130565443780184,0.141875768107969));
#6907=CARTESIAN_POINT('',(-0.0250982946424997,-0.130581414203515,0.141859797687975));
#6908=CARTESIAN_POINT('',(-0.0249951208088432,-0.130601047854651,0.141840164027414));
#6909=CARTESIAN_POINT('',(-0.0249415054880129,-0.130604967266166,0.14183624460333));
#6910=CARTESIAN_POINT('',(-0.0248880864454473,-0.130604967255904,0.141836244593069));
#6911=CARTESIAN_POINT('',(-0.0251468343025101,-0.130712689068968,0.142152402047909));
#6912=CARTESIAN_POINT('',(-0.0251541583741888,-0.130705338447398,0.142130936107504));
#6913=CARTESIAN_POINT('',(-0.0251606389599154,-0.130696380404855,0.142109488352273));
#6914=CARTESIAN_POINT('',(-0.0251716562843302,-0.130674949122269,0.14206682391873));
#6915=CARTESIAN_POINT('',(-0.0251761930230186,-0.130662475882226,0.142045607240417));
#6916=CARTESIAN_POINT('',(-0.0251865021558266,-0.130619332832512,0.141982595880709));
#6917=CARTESIAN_POINT('',(-0.0251907787055612,-0.130584925398975,0.141939946436868));
#6918=CARTESIAN_POINT('',(-0.0251907786920505,-0.130543095428691,0.141898116452563));
#6919=CARTESIAN_POINT('',(-0.0251907786920505,-0.130543095428691,0.141898116452563));
#6920=CARTESIAN_POINT('',(-0.0251468343025101,-0.130712689068968,0.142152402047909));
#6921=CARTESIAN_POINT('',(-0.0248880864454473,-0.130604967255904,0.141836244593069));
#6922=CARTESIAN_POINT('',(-0.0250103863430648,-0.130604967261284,0.141836244598449));
#6923=CARTESIAN_POINT('',(-0.0251112837585992,-0.13058434331888,0.141856868551614));
#6924=CARTESIAN_POINT('',(-0.0251907786920506,-0.130543095428691,0.141898116452563));
#6925=CARTESIAN_POINT('',(-0.0248880867274968,-0.1307817439512,0.142189797983662));
#6926=CARTESIAN_POINT('',(-0.0248880866334802,-0.130781743951199,0.142071946853464));
#6927=CARTESIAN_POINT('',(-0.0248880865394637,-0.130722818386101,0.141954095723267));
#6928=CARTESIAN_POINT('',(-0.0248880864454473,-0.130604967255903,0.141836244593069));
#6929=CARTESIAN_POINT('',(-0.0248880867274968,-0.130781743951201,0.142189797983662));
#6930=CARTESIAN_POINT('',(-0.0251468343025101,-0.130712689068968,0.142152402047909));
#6931=CARTESIAN_POINT('',(-0.0251280745423235,-0.130724198216007,0.142155301185982));
#6932=CARTESIAN_POINT('',(-0.0251086247696453,-0.130734317070279,0.142158254565076));
#6933=CARTESIAN_POINT('',(-0.0250683147793528,-0.130751576518005,0.142164268256611));
#6934=CARTESIAN_POINT('',(-0.0250474545617382,-0.130758717111459,0.142167328569053));
#6935=CARTESIAN_POINT('',(-0.0249827126115594,-0.130775374987666,0.142176667583358));
#6936=CARTESIAN_POINT('',(-0.0249368163987946,-0.130781743951201,0.14218313094789));
#6937=CARTESIAN_POINT('',(-0.0248880867274968,-0.130781743951201,0.142189797983662));
#6938=CARTESIAN_POINT('',(-0.0251468343025101,-0.130712689068968,0.142152402047909));
#6939=CARTESIAN_POINT('',(-0.0251582699910179,-0.1307085305435,0.142170968850241));
#6940=CARTESIAN_POINT('',(-0.0251689382929855,-0.130703021874277,0.142189549746206));
#6941=CARTESIAN_POINT('',(-0.0251886169565107,-0.130689154699513,0.14222669005231));
#6942=CARTESIAN_POINT('',(-0.0251976273180685,-0.130680796193972,0.14224524946245));
#6943=CARTESIAN_POINT('',(-0.0252219867411336,-0.130651221599663,0.142300820954498));
#6944=CARTESIAN_POINT('',(-0.0252356919222601,-0.130626664888551,0.142338209994045));
#6945=CARTESIAN_POINT('',(-0.0252458136666115,-0.130596128374747,0.142375413560116));
#6946=CARTESIAN_POINT('',(-0.0251280745423235,-0.130724198216007,0.142155301185982));
#6947=CARTESIAN_POINT('',(-0.0251372669811997,-0.130722874123335,0.142181025724092));
#6948=CARTESIAN_POINT('',(-0.0251462353694994,-0.130718818979041,0.142204881035472));
#6949=CARTESIAN_POINT('',(-0.0251634179730318,-0.130706349578138,0.142249249832305));
#6950=CARTESIAN_POINT('',(-0.0251716321882645,-0.13069793532153,0.142269763317759));
#6951=CARTESIAN_POINT('',(-0.0251946844664914,-0.130667808369631,0.142326885976535));
#6952=CARTESIAN_POINT('',(-0.025210352654569,-0.130640778251089,0.142362656563348));
#6953=CARTESIAN_POINT('',(-0.0252230021911113,-0.130607964662202,0.142397395259042));
#6954=CARTESIAN_POINT('',(-0.0251086247696453,-0.130734317070279,0.142158254565076));
#6955=CARTESIAN_POINT('',(-0.0251157498195938,-0.130734637159982,0.142189062866764));
#6956=CARTESIAN_POINT('',(-0.0251230525336937,-0.130731134689453,0.142216680970256));
#6957=CARTESIAN_POINT('',(-0.0251376348157073,-0.13071885079241,0.142266301327855));
#6958=CARTESIAN_POINT('',(-0.0251449143836196,-0.130710075190771,0.142288323797342));
#6959=CARTESIAN_POINT('',(-0.0251661506566846,-0.130678889739477,0.142347536729223));
#6960=CARTESIAN_POINT('',(-0.0251825575430479,-0.130650304340135,0.142383032042788));
#6961=CARTESIAN_POINT('',(-0.0251968712918346,-0.130616559303443,0.142417611625591));
#6962=CARTESIAN_POINT('',(-0.0250683147793528,-0.130751576518005,0.142164268256611));
#6963=CARTESIAN_POINT('',(-0.0250722555340312,-0.130753651450389,0.14220194799456));
#6964=CARTESIAN_POINT('',(-0.0250769210857995,-0.130750353608045,0.142234798481777));
#6965=CARTESIAN_POINT('',(-0.0250871800219201,-0.130737351836384,0.142292033179321));
#6966=CARTESIAN_POINT('',(-0.0250927734062661,-0.130727670981113,0.14231648787466));
#6967=CARTESIAN_POINT('',(-0.0251101626671515,-0.13069387870374,0.142380494314064));
#6968=CARTESIAN_POINT('',(-0.0251259498211588,-0.130662863386654,0.142417074183351));
#6969=CARTESIAN_POINT('',(-0.0251405431866124,-0.130627356148445,0.142453460408183));
#6970=CARTESIAN_POINT('',(-0.0250474545617382,-0.130758717111459,0.142167328569053));
#6971=CARTESIAN_POINT('',(-0.0250502784100744,-0.13076090270415,0.142206795979686));
#6972=CARTESIAN_POINT('',(-0.0250539628177025,-0.13075726768486,0.142241131221653));
#6973=CARTESIAN_POINT('',(-0.0250624766095196,-0.130743391362854,0.142300767364319));
#6974=CARTESIAN_POINT('',(-0.0250673059936992,-0.130733184558477,0.142326168804283));
#6975=CARTESIAN_POINT('',(-0.0250826474000941,-0.130697886499569,0.142392928516131));
#6976=CARTESIAN_POINT('',(-0.0250970922841965,-0.130666009797855,0.142430874279207));
#6977=CARTESIAN_POINT('',(-0.0251104106236143,-0.130629611361475,0.142469117083495));
#6978=CARTESIAN_POINT('',(-0.0249827126115594,-0.130775374987666,0.142176667583358));
#6979=CARTESIAN_POINT('',(-0.0249845096065144,-0.13077686274634,0.142217831655969));
#6980=CARTESIAN_POINT('',(-0.0249866146481001,-0.130772046361553,0.142254380065576));
#6981=CARTESIAN_POINT('',(-0.0249912902223616,-0.130755558334356,0.142318815004348));
#6982=CARTESIAN_POINT('',(-0.0249938607550187,-0.130743954786786,0.142346861106014));
#6983=CARTESIAN_POINT('',(-0.0250020446904664,-0.130704081785141,0.142422838673934));
#6984=CARTESIAN_POINT('',(-0.0250097800872502,-0.130669447346078,0.142466325311873));
#6985=CARTESIAN_POINT('',(-0.0250175154186723,-0.130629080086217,0.142509900956236));
#6986=CARTESIAN_POINT('',(-0.0249368163987946,-0.130781743951201,0.14218313094789));
#6987=CARTESIAN_POINT('',(-0.0249374478049553,-0.130782381664573,0.142221053208594));
#6988=CARTESIAN_POINT('',(-0.0249384677895576,-0.130776956254869,0.142256380005074));
#6989=CARTESIAN_POINT('',(-0.0249409585181254,-0.130758850193873,0.142321087591591));
#6990=CARTESIAN_POINT('',(-0.024942429262066,-0.130746259133252,0.142350625803587));
#6991=CARTESIAN_POINT('',(-0.0249470280421164,-0.130702007235831,0.142433764827513));
#6992=CARTESIAN_POINT('',(-0.0249503426262986,-0.130663989880052,0.142482388245594));
#6993=CARTESIAN_POINT('',(-0.0249526003779772,-0.13061931340223,0.14252900522793));
#6994=CARTESIAN_POINT('',(-0.0248880867274968,-0.130781743951201,0.142189797983662));
#6995=CARTESIAN_POINT('',(-0.0248880867629204,-0.130781743951201,0.142223615970043));
#6996=CARTESIAN_POINT('',(-0.0248880867822344,-0.130776780000319,0.142257390684808));
#6997=CARTESIAN_POINT('',(-0.024888086798387,-0.130758349539566,0.142322467018401));
#6998=CARTESIAN_POINT('',(-0.0248880867952006,-0.130744969013015,0.142353760035071));
#6999=CARTESIAN_POINT('',(-0.024888086772007,-0.13069623823473,0.142442742009581));
#7000=CARTESIAN_POINT('',(-0.0248880867382093,-0.130652789744161,0.142495528885998));
#7001=CARTESIAN_POINT('',(-0.0248880867518114,-0.130604967199026,0.142543351431133));
#7002=CARTESIAN_POINT('',(-0.0248880867518114,-0.130604967142147,0.142543351488012));
#7003=CARTESIAN_POINT('',(-0.0248880867437065,-0.130722818348182,0.142425500319895));
#7004=CARTESIAN_POINT('',(-0.0248880867356016,-0.1307817439512,0.142307649151779));
#7005=CARTESIAN_POINT('',(-0.0248880867274968,-0.1307817439512,0.142189797983662));
#7006=CARTESIAN_POINT('',(-0.025245829616663,-0.130596143747139,0.14237542183623));
#7007=CARTESIAN_POINT('',(-0.025166339306196,-0.130637384469048,0.142452016478848));
#7008=CARTESIAN_POINT('',(-0.0250471093439608,-0.130640328632669,0.142507989997491));
#7009=CARTESIAN_POINT('',(-0.0248881386193119,-0.130604978735065,0.142543339895095));
#7010=CARTESIAN_POINT('',(-0.0252458136666115,-0.130596128374747,0.142375413560116));
#7011=CARTESIAN_POINT('',(-0.0251468343025101,-0.130712689068968,0.142152402047909));
#7012=CARTESIAN_POINT('',(-0.0251582699910179,-0.1307085305435,0.142170968850241));
#7013=CARTESIAN_POINT('',(-0.0251689382929855,-0.130703021874277,0.142189549746206));
#7014=CARTESIAN_POINT('',(-0.0251886169565107,-0.130689154699513,0.14222669005231));
#7015=CARTESIAN_POINT('',(-0.0251976273180685,-0.130680796193972,0.14224524946245));
#7016=CARTESIAN_POINT('',(-0.0252219867411336,-0.130651221599663,0.142300820954498));
#7017=CARTESIAN_POINT('',(-0.0252356919222601,-0.130626664888551,0.142338209994045));
#7018=CARTESIAN_POINT('',(-0.0252458136666115,-0.130596128374747,0.142375413560116));
#7019=CARTESIAN_POINT('',(-0.033537217075036,-0.14725529133883,0.125609799790203));
#7020=CARTESIAN_POINT('',(-0.0335298929961401,-0.14723382539808,0.125602449167495));
#7021=CARTESIAN_POINT('',(-0.0335234124032266,-0.147212377642595,0.125593491123192));
#7022=CARTESIAN_POINT('',(-0.033512395064606,-0.147169713208806,0.125572059835691));
#7023=CARTESIAN_POINT('',(-0.0335078583188989,-0.147148496530502,0.125559586592494));
#7024=CARTESIAN_POINT('',(-0.0334975491654498,-0.147085485171341,0.12551644353101));
#7025=CARTESIAN_POINT('',(-0.0334932726016655,-0.147042835727893,0.125482036087524));
#7026=CARTESIAN_POINT('',(-0.0334932726016679,-0.147001005744675,0.125440206104308));
#7027=CARTESIAN_POINT('',(-0.0335143456810677,-0.147292424941122,0.125601482751368));
#7028=CARTESIAN_POINT('',(-0.0334938803033059,-0.147269023039183,0.12558748935638));
#7029=CARTESIAN_POINT('',(-0.0334786606113436,-0.147245783630242,0.125573104820436));
#7030=CARTESIAN_POINT('',(-0.0334566792104242,-0.147200534667202,0.125544112551719));
#7031=CARTESIAN_POINT('',(-0.033449917501467,-0.147178525113104,0.125529504818947));
#7032=CARTESIAN_POINT('',(-0.0334392692662122,-0.147115698536335,0.125486185453019));
#7033=CARTESIAN_POINT('',(-0.0334419060257233,-0.147069488767334,0.125455383511921));
#7034=CARTESIAN_POINT('',(-0.033450201787607,-0.147023354092718,0.125417857756264));
#7035=CARTESIAN_POINT('',(-0.0334945438364902,-0.147329614916697,0.125587765132847));
#7036=CARTESIAN_POINT('',(-0.03346897904196,-0.147305630754594,0.125570436692377));
#7037=CARTESIAN_POINT('',(-0.0334508123728515,-0.147281603000452,0.125552943392877));
#7038=CARTESIAN_POINT('',(-0.0334251890813333,-0.147235103096859,0.125519267380533));
#7039=CARTESIAN_POINT('',(-0.0334176611146295,-0.147212585453374,0.125503070903998));
#7040=CARTESIAN_POINT('',(-0.0334052171716248,-0.147148018316725,0.125457005200191));
#7041=CARTESIAN_POINT('',(-0.0334076559272595,-0.147100546531535,0.125426437190907));
#7042=CARTESIAN_POINT('',(-0.0334138324917718,-0.14705189391639,0.12538931793259));
#7043=CARTESIAN_POINT('',(-0.0334620645851687,-0.147403710229473,0.125548332345613));
#7044=CARTESIAN_POINT('',(-0.0334347591982096,-0.147377655978426,0.125531739765548));
#7045=CARTESIAN_POINT('',(-0.0334148571036876,-0.147351813221043,0.125513525642147));
#7046=CARTESIAN_POINT('',(-0.0333855958557736,-0.147302471762701,0.125476995689569));
#7047=CARTESIAN_POINT('',(-0.0333760809646818,-0.147278890995063,0.125458667057991));
#7048=CARTESIAN_POINT('',(-0.0333566184255162,-0.14721071135282,0.125404555445311));
#7049=CARTESIAN_POINT('',(-0.0333543196115414,-0.147164421627869,0.1253676695868));
#7050=CARTESIAN_POINT('',(-0.0333563920227379,-0.147115599867331,0.125325611981647));
#7051=CARTESIAN_POINT('',(-0.0334483593962008,-0.147441099263223,0.125523775633156));
#7052=CARTESIAN_POINT('',(-0.0334230201216022,-0.147416652698154,0.125509662262325));
#7053=CARTESIAN_POINT('',(-0.033403664880356,-0.147391403476254,0.12549286515956));
#7054=CARTESIAN_POINT('',(-0.033373987170795,-0.147341792682775,0.125457099759455));
#7055=CARTESIAN_POINT('',(-0.0333634959156685,-0.147317357965908,0.125438133384695));
#7056=CARTESIAN_POINT('',(-0.0333400863585366,-0.147245078274318,0.125379206633772));
#7057=CARTESIAN_POINT('',(-0.033334822509291,-0.147197972076379,0.125337115187329));
#7058=CARTESIAN_POINT('',(-0.0333350203412483,-0.14715058955251,0.125290622296466));
#7059=CARTESIAN_POINT('',(-0.0334382376477358,-0.147478302821982,0.125493239112885));
#7060=CARTESIAN_POINT('',(-0.0334154261687772,-0.147456321130833,0.125481402817654));
#7061=CARTESIAN_POINT('',(-0.0333959922460506,-0.147432630186981,0.125466355102969));
#7062=CARTESIAN_POINT('',(-0.033364527884607,-0.147383879919544,0.125431598597389));
#7063=CARTESIAN_POINT('',(-0.0333524452494422,-0.147358856281525,0.125411948706407));
#7064=CARTESIAN_POINT('',(-0.0333252943331994,-0.14728396224702,0.125349130030774));
#7065=CARTESIAN_POINT('',(-0.0333189952475626,-0.147234443819869,0.125302413119378));
#7066=CARTESIAN_POINT('',(-0.0333189952475624,-0.147186621274734,0.125254590574243));
#7067=CARTESIAN_POINT('',(-0.033537217075036,-0.14725529133883,0.125609799790203));
#7068=CARTESIAN_POINT('',(-0.0335143456810677,-0.147292424941122,0.125601482751368));
#7069=CARTESIAN_POINT('',(-0.0334945438364902,-0.147329614916697,0.125587765132847));
#7070=CARTESIAN_POINT('',(-0.0334620645851687,-0.147403710229473,0.125548332345613));
#7071=CARTESIAN_POINT('',(-0.0334483593962008,-0.147441099263223,0.125523775633156));
#7072=CARTESIAN_POINT('',(-0.0334382376477358,-0.147478302821982,0.125493239112885));
#7073=CARTESIAN_POINT('',(-0.0334382376477358,-0.147478302821982,0.125493239112885));
#7074=CARTESIAN_POINT('',(-0.033537217075036,-0.14725529133883,0.125609799790203));
#7075=CARTESIAN_POINT('',(-0.0333189700862173,-0.147186615677023,0.125254596171954));
#7076=CARTESIAN_POINT('',(-0.0333189710768478,-0.147304472463908,0.125372457411659));
#7077=CARTESIAN_POINT('',(-0.0333587213668469,-0.147401704826501,0.125452009627197));
#7078=CARTESIAN_POINT('',(-0.0334382216976873,-0.147478311098095,0.125493254485274));
#7079=CARTESIAN_POINT('',(-0.0334932726016679,-0.147001005744675,0.125440206104308));
#7080=CARTESIAN_POINT('',(-0.0334137776682155,-0.147042253640243,0.125398958208737));
#7081=CARTESIAN_POINT('',(-0.0333556852168467,-0.147104125483597,0.125337086365382));
#7082=CARTESIAN_POINT('',(-0.0333189952475614,-0.147186621274736,0.125254590574241));
#7083=CARTESIAN_POINT('',(-0.0334932726016679,-0.147001005744675,0.125440206104308));
#7084=CARTESIAN_POINT('',(-0.033537217075036,-0.14725529133883,0.125609799790203));
#7085=CARTESIAN_POINT('',(-0.0335298929961401,-0.14723382539808,0.125602449167495));
#7086=CARTESIAN_POINT('',(-0.0335234124032266,-0.147212377642595,0.125593491123192));
#7087=CARTESIAN_POINT('',(-0.033512395064606,-0.147169713208806,0.125572059835691));
#7088=CARTESIAN_POINT('',(-0.0335078583188989,-0.147148496530502,0.125559586592494));
#7089=CARTESIAN_POINT('',(-0.0334975491654498,-0.147085485171341,0.12551644353101));
#7090=CARTESIAN_POINT('',(-0.0334932726016655,-0.147042835727893,0.125482036087524));
#7091=CARTESIAN_POINT('',(-0.0334932726016679,-0.147001005744675,0.125440206104308));
#7092=CARTESIAN_POINT('',(-0.033537217075036,-0.14725529133883,0.125609799790203));
#7093=CARTESIAN_POINT('',(-0.0335747366267962,-0.147261089618039,0.125632818074454));
#7094=CARTESIAN_POINT('',(-0.033615016229291,-0.147267104861253,0.12565027519043));
#7095=CARTESIAN_POINT('',(-0.0337013388956501,-0.147279556886083,0.125672485682069));
#7096=CARTESIAN_POINT('',(-0.0337472351422543,-0.147286020253426,0.125678854642956));
#7097=CARTESIAN_POINT('',(-0.0337959648482231,-0.147292687291912,0.125678854642956));
#7098=CARTESIAN_POINT('',(-0.0335298929961401,-0.14723382539808,0.125602449167495));
#7099=CARTESIAN_POINT('',(-0.0335745298555664,-0.147227176041587,0.125629336353475));
#7100=CARTESIAN_POINT('',(-0.0336181959969941,-0.147228205785187,0.125647861643818));
#7101=CARTESIAN_POINT('',(-0.0337031479834567,-0.147238395689587,0.125671000007502));
#7102=CARTESIAN_POINT('',(-0.0337478665216297,-0.147248097991288,0.125678216929324));
#7103=CARTESIAN_POINT('',(-0.0337959648482292,-0.14725886930553,0.125678854642956));
#7104=CARTESIAN_POINT('',(-0.0335234124032266,-0.147212377642595,0.125593491123192));
#7105=CARTESIAN_POINT('',(-0.0335731228249899,-0.147196769536728,0.125622118797237));
#7106=CARTESIAN_POINT('',(-0.0336192382180539,-0.147194210873106,0.125640335288478));
#7107=CARTESIAN_POINT('',(-0.0337039725706227,-0.147201798023778,0.12566354044144));
#7108=CARTESIAN_POINT('',(-0.0337479715912552,-0.147212750888654,0.125671517315491));
#7109=CARTESIAN_POINT('',(-0.0337959648482353,-0.147225094275768,0.125673890620983));
#7110=CARTESIAN_POINT('',(-0.033512395064606,-0.147169713208806,0.125572059835691));
#7111=CARTESIAN_POINT('',(-0.0335687515056444,-0.147142383006185,0.125602263805937));
#7112=CARTESIAN_POINT('',(-0.0336182750224085,-0.147134915447234,0.125619454657727));
#7113=CARTESIAN_POINT('',(-0.0337041086740725,-0.147137203083748,0.125642264214262));
#7114=CARTESIAN_POINT('',(-0.0337475352665978,-0.147147967656684,0.125650924829305));
#7115=CARTESIAN_POINT('',(-0.0337959648482462,-0.147160018251535,0.125655460224345));
#7116=CARTESIAN_POINT('',(-0.0335078583188989,-0.147148496530502,0.125559586592494));
#7117=CARTESIAN_POINT('',(-0.0335657872168753,-0.1471184029805,0.125589626370873));
#7118=CARTESIAN_POINT('',(-0.033616269605703,-0.147109532580034,0.125606123779306));
#7119=CARTESIAN_POINT('',(-0.0337034201903562,-0.147109043423279,0.12562851598483));
#7120=CARTESIAN_POINT('',(-0.0337469938723151,-0.14711837146167,0.12563712202634));
#7121=CARTESIAN_POINT('',(-0.0337959648482512,-0.147128726539347,0.125642080400499));
#7122=CARTESIAN_POINT('',(-0.0334975491654498,-0.147085485171341,0.12551644353101));
#7123=CARTESIAN_POINT('',(-0.0335558233540302,-0.147055221126192,0.125546661934983));
#7124=CARTESIAN_POINT('',(-0.0336075230822212,-0.147043046239344,0.12556197594156));
#7125=CARTESIAN_POINT('',(-0.0336997690284821,-0.147032657394826,0.125582607493347));
#7126=CARTESIAN_POINT('',(-0.0337450092269933,-0.147034971942493,0.125589310894387));
#7127=CARTESIAN_POINT('',(-0.0337959648482639,-0.147039741655772,0.125593348114406));
#7128=CARTESIAN_POINT('',(-0.0334932726016655,-0.147042835727893,0.125482036087524));
#7129=CARTESIAN_POINT('',(-0.0335446391776078,-0.147016182688452,0.125508688663127));
#7130=CARTESIAN_POINT('',(-0.033595389406199,-0.147003135746759,0.125523846362593));
#7131=CARTESIAN_POINT('',(-0.0336941151466232,-0.146988108269206,0.125543980178703));
#7132=CARTESIAN_POINT('',(-0.0337432055134799,-0.146986069991177,0.125549014037518));
#7133=CARTESIAN_POINT('',(-0.033795964848269,-0.146986954582272,0.125549898628613));
#7134=CARTESIAN_POINT('',(-0.0334932726016679,-0.147001005744675,0.125440206104308));
#7135=CARTESIAN_POINT('',(-0.0335363434157289,-0.146978657396632,0.125462554452352));
#7136=CARTESIAN_POINT('',(-0.0335857566512188,-0.146962686974969,0.125478524874015));
#7137=CARTESIAN_POINT('',(-0.0336889304848754,-0.146943053319121,0.125498158529862));
#7138=CARTESIAN_POINT('',(-0.0337425458057058,-0.14693913390132,0.125502077947661));
#7139=CARTESIAN_POINT('',(-0.0337959648482714,-0.146939133901318,0.125502077947659));
#7140=CARTESIAN_POINT('',(-0.0337959648482714,-0.146939133901318,0.125502077947659));
#7141=CARTESIAN_POINT('',(-0.0336736649506539,-0.146939133901319,0.12550207794766));
#7142=CARTESIAN_POINT('',(-0.0335727675351194,-0.146959757849105,0.125481453999876));
#7143=CARTESIAN_POINT('',(-0.0334932726016679,-0.147001005744675,0.125440206104308));
#7144=CARTESIAN_POINT('',(-0.0337959648482231,-0.147292687291912,0.125678854642956));
#7145=CARTESIAN_POINT('',(-0.0337959648482392,-0.147174836161714,0.125678854642956));
#7146=CARTESIAN_POINT('',(-0.0337959648482553,-0.147056985031516,0.125619929077857));
#7147=CARTESIAN_POINT('',(-0.0337959648482714,-0.146939133901319,0.125502077947659));
#7148=CARTESIAN_POINT('',(-0.0337959648482231,-0.147292687291912,0.125678854642956));
#7149=CARTESIAN_POINT('',(-0.033537217075036,-0.14725529133883,0.125609799790203));
#7150=CARTESIAN_POINT('',(-0.0335747366267962,-0.147261089618039,0.125632818074454));
#7151=CARTESIAN_POINT('',(-0.033615016229291,-0.147267104861253,0.12565027519043));
#7152=CARTESIAN_POINT('',(-0.0337013388956501,-0.147279556886083,0.125672485682069));
#7153=CARTESIAN_POINT('',(-0.0337472351422543,-0.147286020253426,0.125678854642956));
#7154=CARTESIAN_POINT('',(-0.0337959648482231,-0.147292687291912,0.125678854642956));
#7155=CARTESIAN_POINT('',(-0.00453721707018418,-0.130712689096727,0.142152402031585));
#7156=CARTESIAN_POINT('',(-0.00451434567719906,-0.13070437205719,0.142189535634014));
#7157=CARTESIAN_POINT('',(-0.00449454383341753,-0.130690654438237,0.1422267256098));
#7158=CARTESIAN_POINT('',(-0.0044620645832889,-0.130651221650703,0.142300820923153));
#7159=CARTESIAN_POINT('',(-0.00444835939477565,-0.130626664938324,0.142338209957239));
#7160=CARTESIAN_POINT('',(-0.00443823764654909,-0.130596128418428,0.142375413516422));
#7161=CARTESIAN_POINT('',(-0.00452989299170684,-0.130705338474085,0.142130936090855));
#7162=CARTESIAN_POINT('',(-0.00449388030049125,-0.130690378661983,0.142166133732147));
#7163=CARTESIAN_POINT('',(-0.00446897906892072,-0.130673326085985,0.142202741339578));
#7164=CARTESIAN_POINT('',(-0.00443475925491502,-0.130634629247479,0.142274766455594));
#7165=CARTESIAN_POINT('',(-0.00442302017841256,-0.130612551744528,0.142313763175501));
#7166=CARTESIAN_POINT('',(-0.00441542616779094,-0.130584292123647,0.142353431824822));
#7167=CARTESIAN_POINT('',(-0.0045234123992101,-0.130696380429883,0.142109488335385));
#7168=CARTESIAN_POINT('',(-0.00447866060923059,-0.130675994068074,0.142142894265263));
#7169=CARTESIAN_POINT('',(-0.00445081238552632,-0.130655832719677,0.142178713438853));
#7170=CARTESIAN_POINT('',(-0.00441485715661369,-0.130616415132218,0.142248923338824));
#7171=CARTESIAN_POINT('',(-0.00440366487011602,-0.130595754636738,0.142288513567038));
#7172=CARTESIAN_POINT('',(-0.00439599208072299,-0.13056924424936,0.142329740647375));
#7173=CARTESIAN_POINT('',(-0.00451239506141328,-0.130674949142667,0.14206682390161));
#7174=CARTESIAN_POINT('',(-0.00445667920928269,-0.130647001654749,0.142097645157268));
#7175=CARTESIAN_POINT('',(-0.00442518914885679,-0.130622156622602,0.14213221348019));
#7176=CARTESIAN_POINT('',(-0.00438559625758861,-0.130579885548652,0.142199581754285));
#7177=CARTESIAN_POINT('',(-0.00437398748015235,-0.130559989707358,0.142238902778539));
#7178=CARTESIAN_POINT('',(-0.00436452788501215,-0.130534487883753,0.14228099059211));
#7179=CARTESIAN_POINT('',(-0.0045078583161132,-0.130662475899653,0.142045607223306));
#7180=CARTESIAN_POINT('',(-0.00444991750059546,-0.130632393835333,0.142075635516158));
#7181=CARTESIAN_POINT('',(-0.00441766126304021,-0.130605960276186,0.142109696081484));
#7182=CARTESIAN_POINT('',(-0.00437608176166268,-0.130561557725756,0.142176001686548));
#7183=CARTESIAN_POINT('',(-0.00436349667316374,-0.130541024407887,0.142214469080102));
#7184=CARTESIAN_POINT('',(-0.00435244565589208,-0.130514838899267,0.142255968040562));
#7185=CARTESIAN_POINT('',(-0.00449754916386107,-0.130619332838852,0.141982595864113));
#7186=CARTESIAN_POINT('',(-0.00443926926591271,-0.130589074296665,0.142012808765199));
#7187=CARTESIAN_POINT('',(-0.00440521707587745,-0.13055989381662,0.142045128364029));
#7188=CARTESIAN_POINT('',(-0.00435661888937355,-0.130507444938685,0.142107819951331));
#7189=CARTESIAN_POINT('',(-0.0043400863873605,-0.130482096057565,0.142142186779373));
#7190=CARTESIAN_POINT('',(-0.00432529379473874,-0.130452018204707,0.142181071565453));
#7191=CARTESIAN_POINT('',(-0.00449327260089165,-0.130584925395943,0.141939946420642));
#7192=CARTESIAN_POINT('',(-0.00444190602548874,-0.130558272356585,0.141966598995994));
#7193=CARTESIAN_POINT('',(-0.00440765588637439,-0.130529325530779,0.141997656579214));
#7194=CARTESIAN_POINT('',(-0.00435432057506896,-0.130470558741122,0.142061529706914));
#7195=CARTESIAN_POINT('',(-0.00433482304792877,-0.130440004089136,0.142095079939531));
#7196=CARTESIAN_POINT('',(-0.00431899524756434,-0.130405300563412,0.142131552647456));
#7197=CARTESIAN_POINT('',(-0.00449327260167743,-0.130543095413477,0.141898116437361));
#7198=CARTESIAN_POINT('',(-0.00445020178761657,-0.130520747065233,0.141920464785203));
#7199=CARTESIAN_POINT('',(-0.004413832540227,-0.130492207141836,0.141949004708024));
#7200=CARTESIAN_POINT('',(-0.00435639314028455,-0.130428502682533,0.142012709166539));
#7201=CARTESIAN_POINT('',(-0.00433502096034199,-0.130393512996632,0.142047698852228));
#7202=CARTESIAN_POINT('',(-0.00431899524757224,-0.130357479882476,0.142083731966485));
#7203=CARTESIAN_POINT('',(-0.00453721707018418,-0.130712689096727,0.142152402031585));
#7204=CARTESIAN_POINT('',(-0.00452989299170684,-0.130705338474085,0.142130936090855));
#7205=CARTESIAN_POINT('',(-0.0045234123992101,-0.130696380429883,0.142109488335385));
#7206=CARTESIAN_POINT('',(-0.00451239506141328,-0.130674949142667,0.14206682390161));
#7207=CARTESIAN_POINT('',(-0.0045078583161132,-0.130662475899653,0.142045607223306));
#7208=CARTESIAN_POINT('',(-0.00449754916386107,-0.130619332838852,0.141982595864113));
#7209=CARTESIAN_POINT('',(-0.00449327260089165,-0.130584925395943,0.141939946420642));
#7210=CARTESIAN_POINT('',(-0.00449327260167743,-0.130543095413477,0.141898116437361));
#7211=CARTESIAN_POINT('',(-0.00449327260167743,-0.130543095413477,0.141898116437361));
#7212=CARTESIAN_POINT('',(-0.00453721707018418,-0.130712689096727,0.142152402031585));
#7213=CARTESIAN_POINT('',(-0.00431899524757224,-0.130357479882476,0.142083731966485));
#7214=CARTESIAN_POINT('',(-0.00435568521685745,-0.130439975673928,0.142001236175659));
#7215=CARTESIAN_POINT('',(-0.00441377766822587,-0.130501847517595,0.141939364332617));
#7216=CARTESIAN_POINT('',(-0.0044932726016775,-0.130543095413477,0.141898116437361));
#7217=CARTESIAN_POINT('',(-0.00443822169650032,-0.130596143790817,0.142375421792535));
#7218=CARTESIAN_POINT('',(-0.00435872136621804,-0.130554898933995,0.142298815519687));
#7219=CARTESIAN_POINT('',(-0.00431897107653811,-0.130475346719175,0.142201583156376));
#7220=CARTESIAN_POINT('',(-0.00431897008622674,-0.130357485480187,0.142083726368774));
#7221=CARTESIAN_POINT('',(-0.00443823764654909,-0.130596128418428,0.142375413516422));
#7222=CARTESIAN_POINT('',(-0.00453721707018418,-0.130712689096727,0.142152402031585));
#7223=CARTESIAN_POINT('',(-0.00452578137369162,-0.130708530576958,0.1421709688328));
#7224=CARTESIAN_POINT('',(-0.00451511306449996,-0.130703021912336,0.142189549727354));
#7225=CARTESIAN_POINT('',(-0.00449543438809683,-0.130689154744533,0.142226690030023));
#7226=CARTESIAN_POINT('',(-0.00448642402088538,-0.130680796241353,0.142245249438138));
#7227=CARTESIAN_POINT('',(-0.0044620645832889,-0.130651221650703,0.142300820923153));
#7228=CARTESIAN_POINT('',(-0.00444835939477565,-0.130626664938324,0.142338209957239));
#7229=CARTESIAN_POINT('',(-0.00443823764654909,-0.130596128418428,0.142375413516422));
#7230=CARTESIAN_POINT('',(-0.00453721707018418,-0.130712689096727,0.142152402031585));
#7231=CARTESIAN_POINT('',(-0.00455597684515411,-0.130724198239137,0.142155301171101));
#7232=CARTESIAN_POINT('',(-0.00457542663279652,-0.130734317089438,0.142158254551619));
#7233=CARTESIAN_POINT('',(-0.00461573665341194,-0.130751576530363,0.142164268245959));
#7234=CARTESIAN_POINT('',(-0.00463659688638494,-0.130758717120986,0.142167328559781));
#7235=CARTESIAN_POINT('',(-0.00470133888327823,-0.130775374990149,0.142176667578153));
#7236=CARTESIAN_POINT('',(-0.00474723512791981,-0.130781743951189,0.142183130945334));
#7237=CARTESIAN_POINT('',(-0.00479596483187786,-0.130781743951189,0.142189797983662));
#7238=CARTESIAN_POINT('',(-0.00452578137369162,-0.130708530576958,0.1421709688328));
#7239=CARTESIAN_POINT('',(-0.00454678440026901,-0.13072287415248,0.142181025708341));
#7240=CARTESIAN_POINT('',(-0.00456830154427767,-0.130734637185048,0.142189062847815));
#7241=CARTESIAN_POINT('',(-0.00461179577806735,-0.130753651467924,0.142201947966671));
#7242=CARTESIAN_POINT('',(-0.00463377286784836,-0.13076090271823,0.142206795946054));
#7243=CARTESIAN_POINT('',(-0.00469954162221468,-0.13077686275122,0.142217831612128));
#7244=CARTESIAN_POINT('',(-0.00474660346456229,-0.130782381664806,0.14222105316752));
#7245=CARTESIAN_POINT('',(-0.00479596482981772,-0.130781743951189,0.142223615970043));
#7246=CARTESIAN_POINT('',(-0.00451511306449996,-0.130703021912336,0.142189549727354));
#7247=CARTESIAN_POINT('',(-0.00453781599824278,-0.130718818991564,0.1422048810453));
#7248=CARTESIAN_POINT('',(-0.00456099878223684,-0.130731134679355,0.142216680995537));
#7249=CARTESIAN_POINT('',(-0.00460713015949409,-0.130750353571965,0.1422347985696));
#7250=CARTESIAN_POINT('',(-0.00463008845967872,-0.130757267638335,0.142241131372125));
#7251=CARTESIAN_POINT('',(-0.00469743637166169,-0.130772046281447,0.142254380202965));
#7252=CARTESIAN_POINT('',(-0.00474558323294245,-0.130776956198543,0.14225638020118));
#7253=CARTESIAN_POINT('',(-0.00479596482869443,-0.13077677992901,0.142257391000012));
#7254=CARTESIAN_POINT('',(-0.00449543438809683,-0.130689154744533,0.142226690030023));
#7255=CARTESIAN_POINT('',(-0.00452063336350961,-0.13070634954471,0.142249249905734));
#7256=CARTESIAN_POINT('',(-0.00454641640369884,-0.130718850708235,0.142266301391663));
#7257=CARTESIAN_POINT('',(-0.00459687115928643,-0.130737351740373,0.142292033290855));
#7258=CARTESIAN_POINT('',(-0.00462157485511628,-0.130743391276866,0.142300767595281));
#7259=CARTESIAN_POINT('',(-0.00469276045442216,-0.130755558259356,0.142318814769507));
#7260=CARTESIAN_POINT('',(-0.00474309203325085,-0.130758850293684,0.142321087288269));
#7261=CARTESIAN_POINT('',(-0.004795964827755,-0.130758349531751,0.142322467024866));
#7262=CARTESIAN_POINT('',(-0.00448642402088538,-0.130680796241353,0.142245249438138));
#7263=CARTESIAN_POINT('',(-0.00451241913080267,-0.130697935258771,0.142269763429209));
#7264=CARTESIAN_POINT('',(-0.00453913678720177,-0.130710075101188,0.142288323813493));
#7265=CARTESIAN_POINT('',(-0.00459127777765241,-0.130727671013778,0.142316487726104));
#7266=CARTESIAN_POINT('',(-0.00461674565872405,-0.13073318469661,0.142326168679357));
#7267=CARTESIAN_POINT('',(-0.00469018978773673,-0.130743955211771,0.142346859812057));
#7268=CARTESIAN_POINT('',(-0.00474162106518056,-0.130746259997526,0.142350624087971));
#7269=CARTESIAN_POINT('',(-0.00479596482794034,-0.130744969707491,0.142353758737468));
#7270=CARTESIAN_POINT('',(-0.0044620645832889,-0.130651221650703,0.142300820923153));
#7271=CARTESIAN_POINT('',(-0.00448936681206313,-0.130667808248658,0.142326886160022));
#7272=CARTESIAN_POINT('',(-0.00451790039488762,-0.130678889464619,0.142347536970932));
#7273=CARTESIAN_POINT('',(-0.00457388857317335,-0.130693878318102,0.142380495030327));
#7274=CARTESIAN_POINT('',(-0.00460140487365773,-0.130697886067639,0.142392929834107));
#7275=CARTESIAN_POINT('',(-0.0046820055075094,-0.130704081137222,0.142422839325382));
#7276=CARTESIAN_POINT('',(-0.00473702165608258,-0.130702006899398,0.142433765759382));
#7277=CARTESIAN_POINT('',(-0.00479596482928886,-0.130696237420158,0.142442743622284));
#7278=CARTESIAN_POINT('',(-0.00444835939477565,-0.130626664938324,0.142338209957239));
#7279=CARTESIAN_POINT('',(-0.00447369861113875,-0.130640778132121,0.142362656738977));
#7280=CARTESIAN_POINT('',(-0.00450149346230706,-0.130650304001476,0.142383032257678));
#7281=CARTESIAN_POINT('',(-0.00455810151892869,-0.130662862795565,0.142417074990824));
#7282=CARTESIAN_POINT('',(-0.00458696047905673,-0.130666009051913,0.142430875886254));
#7283=CARTESIAN_POINT('',(-0.00467426995615531,-0.130669446032159,0.142466326032557));
#7284=CARTESIAN_POINT('',(-0.00473370671017754,-0.130663988771445,0.142482389354051));
#7285=CARTESIAN_POINT('',(-0.00479596483125437,-0.130652787933538,0.14249553069661));
#7286=CARTESIAN_POINT('',(-0.00443823764654909,-0.130596128418428,0.142375413516422));
#7287=CARTESIAN_POINT('',(-0.00446104912530723,-0.130607964713209,0.142397395208023));
#7288=CARTESIAN_POINT('',(-0.00448717977795233,-0.130616559296086,0.142417611389029));
#7289=CARTESIAN_POINT('',(-0.00454350817271739,-0.130627356216224,0.142453460341731));
#7290=CARTESIAN_POINT('',(-0.00457364211344372,-0.130629611431891,0.142469117616184));
#7291=CARTESIAN_POINT('',(-0.00466653440893052,-0.130629080123567,0.142509900120732));
#7292=CARTESIAN_POINT('',(-0.0047314486898335,-0.130619314016061,0.142529004614086));
#7293=CARTESIAN_POINT('',(-0.00479596483046323,-0.130604967252584,0.142543351377564));
#7294=CARTESIAN_POINT('',(-0.0047959127220725,-0.130604978842183,0.142543339787964));
#7295=CARTESIAN_POINT('',(-0.00463694198396308,-0.130640328709529,0.142507989920619));
#7296=CARTESIAN_POINT('',(-0.00451771201301045,-0.130637384526312,0.14245201642157));
#7297=CARTESIAN_POINT('',(-0.00443822169650032,-0.130596143790817,0.142375421792535));
#7298=CARTESIAN_POINT('',(-0.00479596483187786,-0.13078174395119,0.142189797983662));
#7299=CARTESIAN_POINT('',(-0.00479596483140628,-0.130781743951189,0.142307649114963));
#7300=CARTESIAN_POINT('',(-0.00479596483093474,-0.130722818384988,0.142425500246263));
#7301=CARTESIAN_POINT('',(-0.00479596483046323,-0.130604967252584,0.142543351377564));
#7302=CARTESIAN_POINT('',(-0.00479596483187787,-0.130781743951189,0.142189797983662));
#7303=CARTESIAN_POINT('',(-0.00453721707018418,-0.130712689096727,0.142152402031585));
#7304=CARTESIAN_POINT('',(-0.00455597684515411,-0.130724198239137,0.142155301171101));
#7305=CARTESIAN_POINT('',(-0.00457542663279652,-0.130734317089438,0.142158254551619));
#7306=CARTESIAN_POINT('',(-0.00461573665341194,-0.130751576530363,0.142164268245959));
#7307=CARTESIAN_POINT('',(-0.00463659688638494,-0.130758717120986,0.142167328559781));
#7308=CARTESIAN_POINT('',(-0.00470133888327823,-0.130775374990149,0.142176667578153));
#7309=CARTESIAN_POINT('',(-0.00474723512791981,-0.130781743951189,0.142183130945334));
#7310=CARTESIAN_POINT('',(-0.00479596483187786,-0.130781743951189,0.142189797983662));
#7311=CARTESIAN_POINT('',(-0.0251468342235341,-0.14725529133983,0.125609799788493));
#7312=CARTESIAN_POINT('',(-0.0251541583020114,-0.1472338253991,0.125602449165851));
#7313=CARTESIAN_POINT('',(-0.0251606388945082,-0.14721237764363,0.12559349112165));
#7314=CARTESIAN_POINT('',(-0.025171656232305,-0.147169713209855,0.125572059834434));
#7315=CARTESIAN_POINT('',(-0.0251761929776051,-0.147148496531551,0.12555958659142));
#7316=CARTESIAN_POINT('',(-0.0251865021298572,-0.147085485172358,0.125516443530619));
#7317=CARTESIAN_POINT('',(-0.0251907786928267,-0.147042835728887,0.12548203608771));
#7318=CARTESIAN_POINT('',(-0.0251907786920409,-0.147001005745606,0.125440206105244));
#7319=CARTESIAN_POINT('',(-0.0251093146735943,-0.147261089618861,0.125632818073314));
#7320=CARTESIAN_POINT('',(-0.0251095214447548,-0.147227176042398,0.125629336352684));
#7321=CARTESIAN_POINT('',(-0.0251109284750815,-0.14719676959557,0.1256221188546));
#7322=CARTESIAN_POINT('',(-0.0251152997936359,-0.147142383210105,0.125602264008462));
#7323=CARTESIAN_POINT('',(-0.0251182640818637,-0.147118403271467,0.125589626660408));
#7324=CARTESIAN_POINT('',(-0.0251282279427517,-0.147055221591216,0.125546662398692));
#7325=CARTESIAN_POINT('',(-0.0251394121174238,-0.147016183153535,0.125508689127068));
#7326=CARTESIAN_POINT('',(-0.02514770787798,-0.146978657397763,0.125462554453488));
#7327=CARTESIAN_POINT('',(-0.0250690350729645,-0.147267104861902,0.125650275189698));
#7328=CARTESIAN_POINT('',(-0.0250658551638587,-0.147228205805754,0.12564786164341));
#7329=CARTESIAN_POINT('',(-0.0250648128931404,-0.14719421102253,0.125640335372981));
#7330=CARTESIAN_POINT('',(-0.0250657760918464,-0.147134915625899,0.125619454853504));
#7331=CARTESIAN_POINT('',(-0.0250677815612709,-0.147109532499723,0.125606123859502));
#7332=CARTESIAN_POINT('',(-0.025076528274729,-0.14704304696621,0.125561976552179));
#7333=CARTESIAN_POINT('',(-0.0250886621198404,-0.147003136533307,0.125523847190549));
#7334=CARTESIAN_POINT('',(-0.0250982947621024,-0.146962686913688,0.125478524937757));
#7335=CARTESIAN_POINT('',(-0.0249827124104402,-0.147279556886398,0.125672485681915));
#7336=CARTESIAN_POINT('',(-0.0249809030391984,-0.147238395729829,0.125671000007496));
#7337=CARTESIAN_POINT('',(-0.0249800782045702,-0.147201798297698,0.125663540559375));
#7338=CARTESIAN_POINT('',(-0.0249799416609693,-0.147137203075632,0.125642264371947));
#7339=CARTESIAN_POINT('',(-0.0249806299519977,-0.1471090424107,0.125628515638566));
#7340=CARTESIAN_POINT('',(-0.0249842805919715,-0.147032658378488,0.125582608418644));
#7341=CARTESIAN_POINT('',(-0.0249899342007996,-0.14698810937213,0.125543981843564));
#7342=CARTESIAN_POINT('',(-0.0249951185948548,-0.146943052984034,0.125498158866863));
#7343=CARTESIAN_POINT('',(-0.0249368161657986,-0.147286020253579,0.125678854642956));
#7344=CARTESIAN_POINT('',(-0.0249361845024411,-0.147248098031393,0.125678216929339));
#7345=CARTESIAN_POINT('',(-0.0249360791944993,-0.147212751227216,0.12567151740892));
#7346=CARTESIAN_POINT('',(-0.0249365151070235,-0.147147967611867,0.125650924830746));
#7347=CARTESIAN_POINT('',(-0.0249370563274911,-0.147118370076238,0.125637121274746));
#7348=CARTESIAN_POINT('',(-0.0249390405075538,-0.147034973304289,0.12558931160424));
#7349=CARTESIAN_POINT('',(-0.0249408439858185,-0.146986071609013,0.125549015655278));
#7350=CARTESIAN_POINT('',(-0.0249415034243897,-0.14693913390191,0.125502077948256));
#7351=CARTESIAN_POINT('',(-0.0248880864618406,-0.147292687291906,0.125678854642956));
#7352=CARTESIAN_POINT('',(-0.0248880864597805,-0.147258869305525,0.125678854642956));
#7353=CARTESIAN_POINT('',(-0.0248880864577243,-0.147225094594316,0.125673890695629));
#7354=CARTESIAN_POINT('',(-0.0248880864539838,-0.147160018271387,0.12565546024554));
#7355=CARTESIAN_POINT('',(-0.0248880864523011,-0.147128725261827,0.1256420797261));
#7356=CARTESIAN_POINT('',(-0.0248880864480404,-0.147039743308646,0.125593348969144));
#7357=CARTESIAN_POINT('',(-0.0248880864462592,-0.146986956446448,0.125549900492794));
#7358=CARTESIAN_POINT('',(-0.0248880864454372,-0.146939133901313,0.125502077947659));
#7359=CARTESIAN_POINT('',(-0.0251468342235341,-0.14725529133983,0.125609799788493));
#7360=CARTESIAN_POINT('',(-0.0251093146735943,-0.147261089618861,0.125632818073314));
#7361=CARTESIAN_POINT('',(-0.0250690350729645,-0.147267104861902,0.125650275189698));
#7362=CARTESIAN_POINT('',(-0.0249827124104402,-0.147279556886398,0.125672485681915));
#7363=CARTESIAN_POINT('',(-0.0249368161657986,-0.147286020253579,0.125678854642956));
#7364=CARTESIAN_POINT('',(-0.0248880864618406,-0.147292687291906,0.125678854642956));
#7365=CARTESIAN_POINT('',(-0.0248880864618406,-0.147292687291906,0.125678854642956));
#7366=CARTESIAN_POINT('',(-0.0251468342235341,-0.14725529133983,0.125609799788493));
#7367=CARTESIAN_POINT('',(-0.0248880864454372,-0.146939133901312,0.12550207794766));
#7368=CARTESIAN_POINT('',(-0.024888086450905,-0.14705698503151,0.125619929077859));
#7369=CARTESIAN_POINT('',(-0.0248880864563728,-0.147174836161708,0.125678854642958));
#7370=CARTESIAN_POINT('',(-0.0248880864618406,-0.147292687291906,0.125678854642957));
#7371=CARTESIAN_POINT('',(-0.0251907786920409,-0.147001005745606,0.125440206105244));
#7372=CARTESIAN_POINT('',(-0.0251112837585888,-0.146959757849723,0.125481454000501));
#7373=CARTESIAN_POINT('',(-0.0250103863430531,-0.146939133901626,0.125502077947972));
#7374=CARTESIAN_POINT('',(-0.0248880864454339,-0.146939133901313,0.125502077947659));
#7375=CARTESIAN_POINT('',(-0.0251907786920409,-0.147001005745606,0.125440206105244));
#7376=CARTESIAN_POINT('',(-0.0251468342235341,-0.14725529133983,0.125609799788493));
#7377=CARTESIAN_POINT('',(-0.0251541583020114,-0.1472338253991,0.125602449165851));
#7378=CARTESIAN_POINT('',(-0.0251606388945082,-0.14721237764363,0.12559349112165));
#7379=CARTESIAN_POINT('',(-0.025171656232305,-0.147169713209855,0.125572059834434));
#7380=CARTESIAN_POINT('',(-0.0251761929776051,-0.147148496531551,0.12555958659142));
#7381=CARTESIAN_POINT('',(-0.0251865021298572,-0.147085485172358,0.125516443530619));
#7382=CARTESIAN_POINT('',(-0.0251907786928267,-0.147042835728887,0.12548203608771));
#7383=CARTESIAN_POINT('',(-0.0251907786920409,-0.147001005745606,0.125440206105244));
#7384=CARTESIAN_POINT('',(-0.0251468342235341,-0.14725529133983,0.125609799788493));
#7385=CARTESIAN_POINT('',(-0.0251697056165192,-0.147292424942259,0.125601482748956));
#7386=CARTESIAN_POINT('',(-0.0251895074603006,-0.147329614918045,0.125587765130003));
#7387=CARTESIAN_POINT('',(-0.0252219867104293,-0.147403710231398,0.125548332342469));
#7388=CARTESIAN_POINT('',(-0.0252356918989425,-0.147441099265484,0.125523775630091));
#7389=CARTESIAN_POINT('',(-0.025245813647169,-0.147478302824667,0.125493239110195));
#7390=CARTESIAN_POINT('',(-0.0251541583020114,-0.1472338253991,0.125602449165851));
#7391=CARTESIAN_POINT('',(-0.0251901709932269,-0.147269023040392,0.125587489353749));
#7392=CARTESIAN_POINT('',(-0.0252150722247975,-0.147305630647823,0.125570436777752));
#7393=CARTESIAN_POINT('',(-0.0252492920388032,-0.147377655763839,0.125531739939246));
#7394=CARTESIAN_POINT('',(-0.0252610311153056,-0.147416652483746,0.125509662436294));
#7395=CARTESIAN_POINT('',(-0.0252686251259272,-0.147456321133067,0.125481402815414));
#7396=CARTESIAN_POINT('',(-0.0251606388945082,-0.14721237764363,0.12559349112165));
#7397=CARTESIAN_POINT('',(-0.0252053906844876,-0.147245783573508,0.125573104759841));
#7398=CARTESIAN_POINT('',(-0.0252332389081918,-0.147281602747098,0.125552943411444));
#7399=CARTESIAN_POINT('',(-0.0252691941371044,-0.147351812647069,0.125513525823985));
#7400=CARTESIAN_POINT('',(-0.0252803864236021,-0.147391402875283,0.125492865328504));
#7401=CARTESIAN_POINT('',(-0.0252880592129951,-0.14743262995562,0.125466354941127));
#7402=CARTESIAN_POINT('',(-0.025171656232305,-0.147169713209855,0.125572059834434));
#7403=CARTESIAN_POINT('',(-0.0252273720844355,-0.147200534465513,0.125544112346516));
#7404=CARTESIAN_POINT('',(-0.0252588621448614,-0.147235102788435,0.125519267314368));
#7405=CARTESIAN_POINT('',(-0.0252984550361296,-0.14730247106253,0.125476996240419));
#7406=CARTESIAN_POINT('',(-0.0253100638135659,-0.147341792086784,0.125457100399125));
#7407=CARTESIAN_POINT('',(-0.025319523408706,-0.147383879900355,0.125431598575519));
#7408=CARTESIAN_POINT('',(-0.0251761929776051,-0.147148496531551,0.12555958659142));
#7409=CARTESIAN_POINT('',(-0.0252341337931228,-0.147178524824403,0.1255295045271));
#7410=CARTESIAN_POINT('',(-0.025266390030678,-0.147212585389729,0.125503070967953));
#7411=CARTESIAN_POINT('',(-0.0253079695320556,-0.147278890994793,0.125458668417523));
#7412=CARTESIAN_POINT('',(-0.0253205546205545,-0.147317358388346,0.125438135099653));
#7413=CARTESIAN_POINT('',(-0.0253316056378261,-0.147358857348807,0.125411949591033));
#7414=CARTESIAN_POINT('',(-0.0251865021298572,-0.147085485172358,0.125516443530619));
#7415=CARTESIAN_POINT('',(-0.0252447820278055,-0.147115698073444,0.125486184988432));
#7416=CARTESIAN_POINT('',(-0.0252788342178407,-0.147148017672274,0.125457004508387));
#7417=CARTESIAN_POINT('',(-0.0253274324043447,-0.147210709259576,0.125404555630452));
#7418=CARTESIAN_POINT('',(-0.0253439649063577,-0.147245076087618,0.125379206749332));
#7419=CARTESIAN_POINT('',(-0.0253587574989795,-0.147283960873698,0.125349128896474));
#7420=CARTESIAN_POINT('',(-0.0251907786928267,-0.147042835728887,0.12548203608771));
#7421=CARTESIAN_POINT('',(-0.0252421452682296,-0.147069488304239,0.125455383048352));
#7422=CARTESIAN_POINT('',(-0.0252763954073438,-0.147100545887459,0.125426436222546));
#7423=CARTESIAN_POINT('',(-0.0253297307186495,-0.147164419015159,0.125367669432889));
#7424=CARTESIAN_POINT('',(-0.0253492282457895,-0.147197969247776,0.125337114780903));
#7425=CARTESIAN_POINT('',(-0.0253650560461539,-0.147234441955701,0.125302411255179));
#7426=CARTESIAN_POINT('',(-0.0251907786920409,-0.147001005745606,0.125440206105244));
#7427=CARTESIAN_POINT('',(-0.0252338495061017,-0.147023354093448,0.125417857757));
#7428=CARTESIAN_POINT('',(-0.0252702187534912,-0.147051894016269,0.125389317833603));
#7429=CARTESIAN_POINT('',(-0.0253276581534339,-0.147115598474784,0.1253256133743));
#7430=CARTESIAN_POINT('',(-0.0253490303333763,-0.147150588160473,0.125290623688399));
#7431=CARTESIAN_POINT('',(-0.0253650560461461,-0.147186621274729,0.125254590574243));
#7432=CARTESIAN_POINT('',(-0.0253650560461461,-0.147186621274729,0.125254590574243));
#7433=CARTESIAN_POINT('',(-0.0253283660768609,-0.147104125483903,0.125337086365695));
#7434=CARTESIAN_POINT('',(-0.0252702736254925,-0.147042253640862,0.125398958209362));
#7435=CARTESIAN_POINT('',(-0.0251907786920409,-0.147001005745606,0.125440206105244));
#7436=CARTESIAN_POINT('',(-0.0252458295972177,-0.14747831110078,0.125493254482584));
#7437=CARTESIAN_POINT('',(-0.0253253299275,-0.147401704827932,0.125452009625762));
#7438=CARTESIAN_POINT('',(-0.02536508021718,-0.147304472464621,0.125372457410942));
#7439=CARTESIAN_POINT('',(-0.0253650812074915,-0.147186615677019,0.125254596171954));
#7440=CARTESIAN_POINT('',(-0.025245813647169,-0.147478302824667,0.125493239110195));
#7441=CARTESIAN_POINT('',(-0.0251468342235341,-0.14725529133983,0.125609799788493));
#7442=CARTESIAN_POINT('',(-0.0251697056165192,-0.147292424942259,0.125601482748956));
#7443=CARTESIAN_POINT('',(-0.0251895074603006,-0.147329614918045,0.125587765130003));
#7444=CARTESIAN_POINT('',(-0.0252219867104293,-0.147403710231398,0.125548332342469));
#7445=CARTESIAN_POINT('',(-0.0252356918989425,-0.147441099265484,0.125523775630091));
#7446=CARTESIAN_POINT('',(-0.025245813647169,-0.147478302824667,0.125493239110195));
#7447=CARTESIAN_POINT('',(0.00385316569749014,-0.130712689068952,0.142152402047909));
#7448=CARTESIAN_POINT('',(0.00389068521786352,-0.130735707363029,0.142158200324055));
#7449=CARTESIAN_POINT('',(0.00393096478820257,-0.130753164486041,0.142164215564284));
#7450=CARTESIAN_POINT('',(0.00401728738844115,-0.130775374987649,0.142176667583358));
#7451=CARTESIAN_POINT('',(0.00406318360120613,-0.130781743951184,0.14218313094789));
#7452=CARTESIAN_POINT('',(0.00411191327250406,-0.130781743951184,0.142189797983662));
#7453=CARTESIAN_POINT('',(0.00384584162581134,-0.130705338447381,0.142130936107504));
#7454=CARTESIAN_POINT('',(0.00389047844783077,-0.130732225648065,0.1421242867474));
#7455=CARTESIAN_POINT('',(0.00393414455905225,-0.130750750945027,0.142125316488603));
#7456=CARTESIAN_POINT('',(0.00401909649356001,-0.130773889315626,0.142135506388181));
#7457=CARTESIAN_POINT('',(0.00406381500736681,-0.130781106237812,0.142145208687187));
#7458=CARTESIAN_POINT('',(0.00411191330792765,-0.130781743951184,0.142155979997281));
#7459=CARTESIAN_POINT('',(0.00383936104008484,-0.130696380404838,0.142109488352273));
#7460=CARTESIAN_POINT('',(0.00388907142235568,-0.130725008095245,0.142093880243019));
#7461=CARTESIAN_POINT('',(0.00393518678804859,-0.130743224593034,0.142091321577096));
#7462=CARTESIAN_POINT('',(0.00401992110077939,-0.130766429751414,0.142098908723036));
#7463=CARTESIAN_POINT('',(0.00406392010486127,-0.13077440662461,0.1421098615851));
#7464=CARTESIAN_POINT('',(0.0041119133432828,-0.130776779929211,0.142122204967519));
#7465=CARTESIAN_POINT('',(0.00382834371566991,-0.130674949122253,0.14206682391873));
#7466=CARTESIAN_POINT('',(0.0038847001180458,-0.130705153108348,0.14203949371397));
#7467=CARTESIAN_POINT('',(0.00393422361336924,-0.130722343966315,0.142032026152504));
#7468=CARTESIAN_POINT('',(0.00402005724434812,-0.130745153526412,0.14203431378366));
#7469=CARTESIAN_POINT('',(0.0040634838322767,-0.130753814139346,0.142045078353285));
#7470=CARTESIAN_POINT('',(0.004111913407597,-0.130758349532572,0.142057128943285));
#7471=CARTESIAN_POINT('',(0.00382380697698149,-0.13066247588221,0.142045607240417));
#7472=CARTESIAN_POINT('',(0.00388173583921103,-0.130692515674271,0.142015513689303));
#7473=CARTESIAN_POINT('',(0.00393221820968684,-0.130709013088578,0.14200664328605));
#7474=CARTESIAN_POINT('',(0.0040193687806773,-0.130731405297309,0.142006154123258));
#7475=CARTESIAN_POINT('',(0.00406294246217079,-0.130740011336675,0.142015482157957));
#7476=CARTESIAN_POINT('',(0.00411191343652919,-0.130744969708727,0.142025837231097));
#7477=CARTESIAN_POINT('',(0.00381349784417349,-0.130619332832495,0.141982595880709));
#7478=CARTESIAN_POINT('',(0.00387177200895461,-0.130649551241834,0.14195233183762));
#7479=CARTESIAN_POINT('',(0.00392347172754638,-0.130664865252812,0.141940156947942));
#7480=CARTESIAN_POINT('',(0.00401571767484162,-0.130685496806666,0.141929768095933));
#7481=CARTESIAN_POINT('',(0.00406095788058253,-0.130692200205808,0.141932082638693));
#7482=CARTESIAN_POINT('',(0.00411191350979409,-0.130696237422634,0.141936852347522));
#7483=CARTESIAN_POINT('',(0.00380922129443878,-0.130584925398959,0.141939946436868));
#7484=CARTESIAN_POINT('',(0.00386058786108185,-0.130611577973129,0.14191329340175));
#7485=CARTESIAN_POINT('',(0.00391133808497041,-0.130626735675583,0.141900246458165));
#7486=CARTESIAN_POINT('',(0.00401006382609104,-0.130646869492899,0.141885218972706));
#7487=CARTESIAN_POINT('',(0.00405915419765489,-0.13065190335011,0.141883180688679));
#7488=CARTESIAN_POINT('',(0.00411191354042045,-0.130652787936841,0.141884065274023));
#7489=CARTESIAN_POINT('',(0.00380922130794952,-0.130543095428674,0.141898116452563));
#7490=CARTESIAN_POINT('',(0.00385229212201034,-0.130565443780167,0.141875768107969));
#7491=CARTESIAN_POINT('',(0.00390170535750024,-0.130581414203499,0.141859797687975));
#7492=CARTESIAN_POINT('',(0.00400487919115717,-0.130601047854634,0.141840164027414));
#7493=CARTESIAN_POINT('',(0.00405849451198739,-0.130604967266149,0.14183624460333));
#7494=CARTESIAN_POINT('',(0.00411191355455297,-0.130604967255887,0.141836244593069));
#7495=CARTESIAN_POINT('',(0.00385316569749014,-0.130712689068952,0.142152402047909));
#7496=CARTESIAN_POINT('',(0.00384584162581134,-0.130705338447381,0.142130936107504));
#7497=CARTESIAN_POINT('',(0.00383936104008484,-0.130696380404838,0.142109488352273));
#7498=CARTESIAN_POINT('',(0.00382834371566991,-0.130674949122253,0.14206682391873));
#7499=CARTESIAN_POINT('',(0.00382380697698149,-0.13066247588221,0.142045607240417));
#7500=CARTESIAN_POINT('',(0.00381349784417349,-0.130619332832495,0.141982595880709));
#7501=CARTESIAN_POINT('',(0.00380922129443878,-0.130584925398959,0.141939946436868));
#7502=CARTESIAN_POINT('',(0.00380922130794952,-0.130543095428674,0.141898116452563));
#7503=CARTESIAN_POINT('',(0.00380922130794953,-0.130543095428674,0.141898116452563));
#7504=CARTESIAN_POINT('',(0.00385316569749014,-0.130712689068952,0.142152402047909));
#7505=CARTESIAN_POINT('',(0.00411191355455297,-0.130604967255887,0.141836244593069));
#7506=CARTESIAN_POINT('',(0.00398961365693542,-0.130604967261267,0.141836244598449));
#7507=CARTESIAN_POINT('',(0.00388871624140094,-0.130584343318863,0.141856868551614));
#7508=CARTESIAN_POINT('',(0.00380922130794951,-0.130543095428674,0.141898116452563));
#7509=CARTESIAN_POINT('',(0.00411191327250406,-0.130781743951195,0.142189797983662));
#7510=CARTESIAN_POINT('',(0.00411191336652056,-0.130781743951194,0.142071946853465));
#7511=CARTESIAN_POINT('',(0.00411191346053686,-0.130722818386091,0.141954095723267));
#7512=CARTESIAN_POINT('',(0.00411191355455297,-0.130604967255886,0.14183624459307));
#7513=CARTESIAN_POINT('',(0.00411191327250405,-0.130781743951184,0.142189797983662));
#7514=CARTESIAN_POINT('',(0.00385316569749014,-0.130712689068952,0.142152402047909));
#7515=CARTESIAN_POINT('',(0.00387192545767682,-0.13072419821599,0.142155301185982));
#7516=CARTESIAN_POINT('',(0.00389137523035493,-0.130734317070262,0.142158254565076));
#7517=CARTESIAN_POINT('',(0.00393168522064763,-0.130751576517989,0.142164268256611));
#7518=CARTESIAN_POINT('',(0.00395254543826221,-0.130758717111443,0.142167328569053));
#7519=CARTESIAN_POINT('',(0.00401728738844115,-0.130775374987649,0.142176667583358));
#7520=CARTESIAN_POINT('',(0.00406318360120613,-0.130781743951184,0.14218313094789));
#7521=CARTESIAN_POINT('',(0.00411191327250406,-0.130781743951184,0.142189797983662));
#7522=CARTESIAN_POINT('',(0.00385316569749014,-0.130712689068952,0.142152402047909));
#7523=CARTESIAN_POINT('',(0.00384173000898225,-0.130708530543484,0.142170968850241));
#7524=CARTESIAN_POINT('',(0.00383106170701472,-0.13070302187426,0.142189549746206));
#7525=CARTESIAN_POINT('',(0.0038113830434894,-0.130689154699496,0.14222669005231));
#7526=CARTESIAN_POINT('',(0.00380237268193161,-0.130680796193955,0.14224524946245));
#7527=CARTESIAN_POINT('',(0.00377801325886644,-0.130651221599647,0.142300820954499));
#7528=CARTESIAN_POINT('',(0.00376430807773989,-0.130626664888534,0.142338209994045));
#7529=CARTESIAN_POINT('',(0.00375418633338843,-0.13059612837473,0.142375413560116));
#7530=CARTESIAN_POINT('',(0.00387192545767682,-0.13072419821599,0.142155301185982));
#7531=CARTESIAN_POINT('',(0.00386273301880054,-0.130722874123319,0.142181025724093));
#7532=CARTESIAN_POINT('',(0.00385376463050081,-0.130718818979024,0.142204881035472));
#7533=CARTESIAN_POINT('',(0.00383658202696832,-0.130706349578122,0.142249249832305));
#7534=CARTESIAN_POINT('',(0.00382836781173557,-0.130697935321513,0.142269763317759));
#7535=CARTESIAN_POINT('',(0.0038053155335086,-0.130667808369614,0.142326885976535));
#7536=CARTESIAN_POINT('',(0.00378964734543096,-0.130640778251072,0.142362656563348));
#7537=CARTESIAN_POINT('',(0.00377699780888856,-0.130607964662186,0.142397395259042));
#7538=CARTESIAN_POINT('',(0.00389137523035493,-0.130734317070262,0.142158254565076));
#7539=CARTESIAN_POINT('',(0.00388425018040647,-0.130734637159965,0.142189062866764));
#7540=CARTESIAN_POINT('',(0.00387694746630653,-0.130731134689437,0.142216680970256));
#7541=CARTESIAN_POINT('',(0.00386236518429285,-0.130718850792393,0.142266301327855));
#7542=CARTESIAN_POINT('',(0.00385508561638066,-0.130710075190754,0.142288323797343));
#7543=CARTESIAN_POINT('',(0.00383384934331555,-0.13067888973946,0.142347536729223));
#7544=CARTESIAN_POINT('',(0.00381744245695221,-0.130650304340118,0.142383032042788));
#7545=CARTESIAN_POINT('',(0.00380312870816542,-0.130616559303426,0.142417611625591));
#7546=CARTESIAN_POINT('',(0.00393168522064763,-0.130751576517989,0.142164268256611));
#7547=CARTESIAN_POINT('',(0.00392774446596921,-0.130753651450372,0.14220194799456));
#7548=CARTESIAN_POINT('',(0.00392307891420085,-0.130750353608028,0.142234798481777));
#7549=CARTESIAN_POINT('',(0.00391281997808028,-0.130737351836367,0.142292033179321));
#7550=CARTESIAN_POINT('',(0.00390722659373429,-0.130727670981096,0.14231648787466));
#7551=CARTESIAN_POINT('',(0.00388983733284878,-0.130693878703723,0.142380494314064));
#7552=CARTESIAN_POINT('',(0.00387405017884142,-0.130662863386637,0.142417074183352));
#7553=CARTESIAN_POINT('',(0.00385945681338771,-0.130627356148428,0.142453460408183));
#7554=CARTESIAN_POINT('',(0.00395254543826221,-0.130758717111443,0.142167328569053));
#7555=CARTESIAN_POINT('',(0.00394972158992603,-0.130760902704133,0.142206795979686));
#7556=CARTESIAN_POINT('',(0.00394603718229793,-0.130757267684843,0.142241131221653));
#7557=CARTESIAN_POINT('',(0.00393752339048082,-0.130743391362838,0.142300767364319));
#7558=CARTESIAN_POINT('',(0.00393269400630114,-0.13073318455846,0.142326168804283));
#7559=CARTESIAN_POINT('',(0.00391735259990625,-0.130697886499552,0.142392928516131));
#7560=CARTESIAN_POINT('',(0.00390290771580376,-0.130666009797838,0.142430874279207));
#7561=CARTESIAN_POINT('',(0.00388958937638593,-0.130629611361458,0.142469117083495));
#7562=CARTESIAN_POINT('',(0.00401728738844115,-0.130775374987649,0.142176667583358));
#7563=CARTESIAN_POINT('',(0.00401549039348619,-0.130776862746323,0.142217831655968));
#7564=CARTESIAN_POINT('',(0.00401338535190051,-0.130772046361536,0.142254380065576));
#7565=CARTESIAN_POINT('',(0.00400870977763898,-0.130755558334339,0.142318815004349));
#7566=CARTESIAN_POINT('',(0.00400613924498181,-0.130743954786769,0.142346861106015));
#7567=CARTESIAN_POINT('',(0.00399795530953407,-0.130704081785124,0.142422838673934));
#7568=CARTESIAN_POINT('',(0.00399021991275024,-0.130669447346061,0.142466325311873));
#7569=CARTESIAN_POINT('',(0.00398248458132811,-0.1306290800862,0.142509900956236));
#7570=CARTESIAN_POINT('',(0.00406318360120613,-0.130781743951184,0.14218313094789));
#7571=CARTESIAN_POINT('',(0.00406255219504544,-0.130782381664556,0.142221053208593));
#7572=CARTESIAN_POINT('',(0.00406153221044315,-0.130776956254852,0.142256380005074));
#7573=CARTESIAN_POINT('',(0.00405904148187532,-0.130758850193856,0.142321087591591));
#7574=CARTESIAN_POINT('',(0.00405757073793469,-0.130746259133235,0.142350625803587));
#7575=CARTESIAN_POINT('',(0.0040529719578842,-0.130702007235814,0.142433764827513));
#7576=CARTESIAN_POINT('',(0.00404965737370193,-0.130663989880035,0.142482388245594));
#7577=CARTESIAN_POINT('',(0.00404739962202327,-0.130619313402213,0.142529005227929));
#7578=CARTESIAN_POINT('',(0.00411191327250406,-0.130781743951184,0.142189797983662));
#7579=CARTESIAN_POINT('',(0.00411191323708046,-0.130781743951184,0.142223615970043));
#7580=CARTESIAN_POINT('',(0.00411191321776638,-0.130776780000302,0.142257390684808));
#7581=CARTESIAN_POINT('',(0.00411191320161375,-0.130758349539549,0.142322467018401));
#7582=CARTESIAN_POINT('',(0.00411191320480013,-0.130744969012999,0.142353760035071));
#7583=CARTESIAN_POINT('',(0.00411191322799358,-0.130696238234714,0.142442742009581));
#7584=CARTESIAN_POINT('',(0.0041119132617912,-0.130652789744144,0.142495528885998));
#7585=CARTESIAN_POINT('',(0.00411191324818914,-0.130604967199009,0.142543351431133));
#7586=CARTESIAN_POINT('',(0.00411191324818912,-0.13060496714213,0.142543351488012));
#7587=CARTESIAN_POINT('',(0.0041119132562943,-0.130722818348173,0.142425500319895));
#7588=CARTESIAN_POINT('',(0.00411191326439928,-0.130781743951195,0.142307649151779));
#7589=CARTESIAN_POINT('',(0.00411191327250406,-0.130781743951195,0.142189797983662));
#7590=CARTESIAN_POINT('',(0.00375417038333713,-0.130596143747122,0.14237542183623));
#7591=CARTESIAN_POINT('',(0.00383366069380418,-0.130637384469031,0.142452016478848));
#7592=CARTESIAN_POINT('',(0.00395289065603946,-0.130640328632652,0.142507989997491));
#7593=CARTESIAN_POINT('',(0.00411186138068836,-0.130604978735048,0.142543339895095));
#7594=CARTESIAN_POINT('',(0.00375418633338844,-0.13059612837473,0.142375413560116));
#7595=CARTESIAN_POINT('',(0.00385316569749014,-0.130712689068952,0.142152402047909));
#7596=CARTESIAN_POINT('',(0.00384173000898225,-0.130708530543484,0.142170968850241));
#7597=CARTESIAN_POINT('',(0.00383106170701472,-0.13070302187426,0.142189549746206));
#7598=CARTESIAN_POINT('',(0.0038113830434894,-0.130689154699496,0.14222669005231));
#7599=CARTESIAN_POINT('',(0.00380237268193161,-0.130680796193955,0.14224524946245));
#7600=CARTESIAN_POINT('',(0.00377801325886644,-0.130651221599647,0.142300820954499));
#7601=CARTESIAN_POINT('',(0.00376430807773989,-0.130626664888534,0.142338209994045));
#7602=CARTESIAN_POINT('',(0.00375418633338843,-0.13059612837473,0.142375413560116));
#7603=CARTESIAN_POINT('',(-0.0155372170750365,-0.147255291338819,0.125609799790203));
#7604=CARTESIAN_POINT('',(-0.0155298929961407,-0.147233825398069,0.125602449167495));
#7605=CARTESIAN_POINT('',(-0.0155234124032271,-0.147212377642584,0.125593491123192));
#7606=CARTESIAN_POINT('',(-0.0155123950646063,-0.147169713208795,0.125572059835691));
#7607=CARTESIAN_POINT('',(-0.0155078583188992,-0.147148496530492,0.125559586592494));
#7608=CARTESIAN_POINT('',(-0.0154975491654499,-0.14708548517133,0.12551644353101));
#7609=CARTESIAN_POINT('',(-0.0154932726016656,-0.147042835727882,0.125482036087524));
#7610=CARTESIAN_POINT('',(-0.0154932726016679,-0.147001005744664,0.125440206104308));
#7611=CARTESIAN_POINT('',(-0.0155143456810682,-0.147292424941111,0.125601482751368));
#7612=CARTESIAN_POINT('',(-0.0154938803033064,-0.147269023039172,0.12558748935638));
#7613=CARTESIAN_POINT('',(-0.0154786606113441,-0.147245783630231,0.125573104820436));
#7614=CARTESIAN_POINT('',(-0.0154566792104245,-0.147200534667192,0.125544112551719));
#7615=CARTESIAN_POINT('',(-0.0154499175014673,-0.147178525113093,0.125529504818947));
#7616=CARTESIAN_POINT('',(-0.0154392692662122,-0.147115698536325,0.125486185453019));
#7617=CARTESIAN_POINT('',(-0.0154419060257234,-0.147069488767323,0.125455383511921));
#7618=CARTESIAN_POINT('',(-0.0154502017876071,-0.147023354092707,0.125417857756264));
#7619=CARTESIAN_POINT('',(-0.0154945438364907,-0.147329614916687,0.125587765132847));
#7620=CARTESIAN_POINT('',(-0.0154689790419604,-0.147305630754583,0.125570436692377));
#7621=CARTESIAN_POINT('',(-0.0154508123728519,-0.147281603000441,0.125552943392877));
#7622=CARTESIAN_POINT('',(-0.0154251890813335,-0.147235103096848,0.125519267380533));
#7623=CARTESIAN_POINT('',(-0.0154176611146297,-0.147212585453363,0.125503070903998));
#7624=CARTESIAN_POINT('',(-0.0154052171716249,-0.147148018316715,0.125457005200191));
#7625=CARTESIAN_POINT('',(-0.0154076559272595,-0.147100546531524,0.125426437190907));
#7626=CARTESIAN_POINT('',(-0.0154138324917718,-0.147051893916379,0.12538931793259));
#7627=CARTESIAN_POINT('',(-0.0154620645851691,-0.147403710229462,0.125548332345613));
#7628=CARTESIAN_POINT('',(-0.0154347591982098,-0.147377655978415,0.125531739765548));
#7629=CARTESIAN_POINT('',(-0.0154148571036877,-0.147351813221033,0.125513525642147));
#7630=CARTESIAN_POINT('',(-0.0153855958557737,-0.147302471762691,0.125476995689569));
#7631=CARTESIAN_POINT('',(-0.0153760809646819,-0.147278890995052,0.125458667057992));
#7632=CARTESIAN_POINT('',(-0.0153566184255162,-0.147210711352809,0.125404555445311));
#7633=CARTESIAN_POINT('',(-0.0153543196115414,-0.147164421627858,0.1253676695868));
#7634=CARTESIAN_POINT('',(-0.0153563920227378,-0.14711559986732,0.125325611981647));
#7635=CARTESIAN_POINT('',(-0.015448359396201,-0.147441099263212,0.125523775633157));
#7636=CARTESIAN_POINT('',(-0.0154230201216024,-0.147416652698143,0.125509662262325));
#7637=CARTESIAN_POINT('',(-0.0154036648803561,-0.147391403476244,0.12549286515956));
#7638=CARTESIAN_POINT('',(-0.0153739871707951,-0.147341792682764,0.125457099759455));
#7639=CARTESIAN_POINT('',(-0.0153634959156685,-0.147317357965897,0.125438133384695));
#7640=CARTESIAN_POINT('',(-0.0153400863585366,-0.147245078274307,0.125379206633772));
#7641=CARTESIAN_POINT('',(-0.015334822509291,-0.147197972076368,0.125337115187329));
#7642=CARTESIAN_POINT('',(-0.0153350203412483,-0.1471505895525,0.125290622296466));
#7643=CARTESIAN_POINT('',(-0.0154382376477359,-0.147478302821971,0.125493239112886));
#7644=CARTESIAN_POINT('',(-0.0154154261687773,-0.147456321130822,0.125481402817654));
#7645=CARTESIAN_POINT('',(-0.0153959922460506,-0.14743263018697,0.125466355102969));
#7646=CARTESIAN_POINT('',(-0.0153645278846069,-0.147383879919533,0.125431598597389));
#7647=CARTESIAN_POINT('',(-0.0153524452494422,-0.147358856281514,0.125411948706407));
#7648=CARTESIAN_POINT('',(-0.0153252943331992,-0.14728396224701,0.125349130030774));
#7649=CARTESIAN_POINT('',(-0.0153189952475625,-0.147234443819858,0.125302413119378));
#7650=CARTESIAN_POINT('',(-0.0153189952475624,-0.147186621274724,0.125254590574243));
#7651=CARTESIAN_POINT('',(-0.0155372170750365,-0.147255291338819,0.125609799790203));
#7652=CARTESIAN_POINT('',(-0.0155143456810682,-0.147292424941111,0.125601482751368));
#7653=CARTESIAN_POINT('',(-0.0154945438364907,-0.147329614916687,0.125587765132847));
#7654=CARTESIAN_POINT('',(-0.0154620645851691,-0.147403710229462,0.125548332345613));
#7655=CARTESIAN_POINT('',(-0.015448359396201,-0.147441099263212,0.125523775633157));
#7656=CARTESIAN_POINT('',(-0.0154382376477359,-0.147478302821971,0.125493239112886));
#7657=CARTESIAN_POINT('',(-0.0154382376477359,-0.147478302821971,0.125493239112886));
#7658=CARTESIAN_POINT('',(-0.0155372170750365,-0.147255291338819,0.125609799790203));
#7659=CARTESIAN_POINT('',(-0.0153189700862172,-0.147186615677013,0.125254596171954));
#7660=CARTESIAN_POINT('',(-0.0153189710768478,-0.147304472463898,0.12537245741166));
#7661=CARTESIAN_POINT('',(-0.015358721366847,-0.14740170482649,0.125452009627197));
#7662=CARTESIAN_POINT('',(-0.0154382216976875,-0.147478311098084,0.125493254485274));
#7663=CARTESIAN_POINT('',(-0.0154932726016679,-0.147001005744664,0.125440206104308));
#7664=CARTESIAN_POINT('',(-0.0154137776682155,-0.147042253640233,0.125398958208737));
#7665=CARTESIAN_POINT('',(-0.0153556852168467,-0.147104125483587,0.125337086365382));
#7666=CARTESIAN_POINT('',(-0.0153189952475614,-0.147186621274726,0.125254590574241));
#7667=CARTESIAN_POINT('',(-0.0154932726016679,-0.147001005744664,0.125440206104308));
#7668=CARTESIAN_POINT('',(-0.0155372170750365,-0.147255291338819,0.125609799790203));
#7669=CARTESIAN_POINT('',(-0.0155298929961407,-0.147233825398069,0.125602449167495));
#7670=CARTESIAN_POINT('',(-0.0155234124032271,-0.147212377642584,0.125593491123192));
#7671=CARTESIAN_POINT('',(-0.0155123950646063,-0.147169713208795,0.125572059835691));
#7672=CARTESIAN_POINT('',(-0.0155078583188992,-0.147148496530492,0.125559586592494));
#7673=CARTESIAN_POINT('',(-0.0154975491654499,-0.14708548517133,0.12551644353101));
#7674=CARTESIAN_POINT('',(-0.0154932726016656,-0.147042835727882,0.125482036087524));
#7675=CARTESIAN_POINT('',(-0.0154932726016679,-0.147001005744664,0.125440206104308));
#7676=CARTESIAN_POINT('',(-0.0155372170750365,-0.147255291338819,0.125609799790203));
#7677=CARTESIAN_POINT('',(-0.0155747366267968,-0.147261089618028,0.125632818074454));
#7678=CARTESIAN_POINT('',(-0.0156150162292917,-0.147267104861242,0.125650275190431));
#7679=CARTESIAN_POINT('',(-0.015701338895651,-0.147279556886072,0.125672485682069));
#7680=CARTESIAN_POINT('',(-0.0157472351422552,-0.147286020253416,0.125678854642956));
#7681=CARTESIAN_POINT('',(-0.0157959648482241,-0.147292687291901,0.125678854642956));
#7682=CARTESIAN_POINT('',(-0.0155298929961407,-0.147233825398069,0.125602449167495));
#7683=CARTESIAN_POINT('',(-0.0155745298555669,-0.147227176041576,0.125629336353475));
#7684=CARTESIAN_POINT('',(-0.0156181959969947,-0.147228205785176,0.125647861643818));
#7685=CARTESIAN_POINT('',(-0.0157031479834574,-0.147238395689576,0.125671000007502));
#7686=CARTESIAN_POINT('',(-0.0157478665216305,-0.147248097991277,0.125678216929324));
#7687=CARTESIAN_POINT('',(-0.01579596484823,-0.14725886930552,0.125678854642956));
#7688=CARTESIAN_POINT('',(-0.0155234124032271,-0.147212377642584,0.125593491123192));
#7689=CARTESIAN_POINT('',(-0.0155731228249904,-0.147196769536718,0.125622118797237));
#7690=CARTESIAN_POINT('',(-0.0156192382180546,-0.147194210873096,0.125640335288478));
#7691=CARTESIAN_POINT('',(-0.0157039725706234,-0.147201798023767,0.12566354044144));
#7692=CARTESIAN_POINT('',(-0.0157479715912558,-0.147212750888644,0.125671517315491));
#7693=CARTESIAN_POINT('',(-0.0157959648482359,-0.147225094275758,0.125673890620983));
#7694=CARTESIAN_POINT('',(-0.0155123950646063,-0.147169713208795,0.125572059835691));
#7695=CARTESIAN_POINT('',(-0.0155687515056448,-0.147142383006174,0.125602263805937));
#7696=CARTESIAN_POINT('',(-0.015618275022409,-0.147134915447224,0.125619454657727));
#7697=CARTESIAN_POINT('',(-0.0157041086740731,-0.147137203083737,0.125642264214262));
#7698=CARTESIAN_POINT('',(-0.0157475352665984,-0.147147967656674,0.125650924829305));
#7699=CARTESIAN_POINT('',(-0.0157959648482466,-0.147160018251524,0.125655460224345));
#7700=CARTESIAN_POINT('',(-0.0155078583188992,-0.147148496530492,0.125559586592494));
#7701=CARTESIAN_POINT('',(-0.0155657872168756,-0.14711840298049,0.125589626370873));
#7702=CARTESIAN_POINT('',(-0.0156162696057036,-0.147109532580023,0.125606123779306));
#7703=CARTESIAN_POINT('',(-0.0157034201903568,-0.147109043423268,0.12562851598483));
#7704=CARTESIAN_POINT('',(-0.0157469938723156,-0.147118371461659,0.12563712202634));
#7705=CARTESIAN_POINT('',(-0.0157959648482515,-0.147128726539336,0.125642080400499));
#7706=CARTESIAN_POINT('',(-0.0154975491654499,-0.14708548517133,0.12551644353101));
#7707=CARTESIAN_POINT('',(-0.0155558233540303,-0.147055221126182,0.125546661934983));
#7708=CARTESIAN_POINT('',(-0.0156075230822214,-0.147043046239334,0.12556197594156));
#7709=CARTESIAN_POINT('',(-0.0156997690284823,-0.147032657394815,0.125582607493347));
#7710=CARTESIAN_POINT('',(-0.0157450092269932,-0.147034971942483,0.125589310894386));
#7711=CARTESIAN_POINT('',(-0.0157959648482636,-0.147039741655761,0.125593348114406));
#7712=CARTESIAN_POINT('',(-0.0154932726016656,-0.147042835727882,0.125482036087524));
#7713=CARTESIAN_POINT('',(-0.0155446391776078,-0.147016182688442,0.125508688663127));
#7714=CARTESIAN_POINT('',(-0.015595389406199,-0.147003135746748,0.125523846362593));
#7715=CARTESIAN_POINT('',(-0.0156941151466232,-0.146988108269196,0.125543980178703));
#7716=CARTESIAN_POINT('',(-0.0157432055134798,-0.146986069991167,0.125549014037518));
#7717=CARTESIAN_POINT('',(-0.0157959648482688,-0.146986954582262,0.125549898628613));
#7718=CARTESIAN_POINT('',(-0.0154932726016679,-0.147001005744664,0.125440206104308));
#7719=CARTESIAN_POINT('',(-0.0155363434157287,-0.146978657396621,0.125462554452352));
#7720=CARTESIAN_POINT('',(-0.0155857566512186,-0.146962686974959,0.125478524874015));
#7721=CARTESIAN_POINT('',(-0.0156889304848754,-0.14694305331911,0.125498158529862));
#7722=CARTESIAN_POINT('',(-0.0157425458057056,-0.14693913390131,0.125502077947661));
#7723=CARTESIAN_POINT('',(-0.0157959648482712,-0.146939133901308,0.125502077947659));
#7724=CARTESIAN_POINT('',(-0.0157959648482712,-0.146939133901308,0.125502077947659));
#7725=CARTESIAN_POINT('',(-0.0156736649506537,-0.146939133901309,0.12550207794766));
#7726=CARTESIAN_POINT('',(-0.0155727675351193,-0.146959757849094,0.125481453999876));
#7727=CARTESIAN_POINT('',(-0.0154932726016679,-0.147001005744664,0.125440206104308));
#7728=CARTESIAN_POINT('',(-0.0157959648482241,-0.147292687291901,0.125678854642954));
#7729=CARTESIAN_POINT('',(-0.0157959648482398,-0.147174836161704,0.125678854642954));
#7730=CARTESIAN_POINT('',(-0.0157959648482555,-0.147056985031506,0.125619929077855));
#7731=CARTESIAN_POINT('',(-0.0157959648482712,-0.146939133901309,0.125502077947658));
#7732=CARTESIAN_POINT('',(-0.0157959648482241,-0.147292687291901,0.125678854642956));
#7733=CARTESIAN_POINT('',(-0.0155372170750365,-0.147255291338819,0.125609799790203));
#7734=CARTESIAN_POINT('',(-0.0155747366267968,-0.147261089618028,0.125632818074454));
#7735=CARTESIAN_POINT('',(-0.0156150162292917,-0.147267104861242,0.125650275190431));
#7736=CARTESIAN_POINT('',(-0.015701338895651,-0.147279556886072,0.125672485682069));
#7737=CARTESIAN_POINT('',(-0.0157472351422552,-0.147286020253416,0.125678854642956));
#7738=CARTESIAN_POINT('',(-0.0157959648482241,-0.147292687291901,0.125678854642956));
#7739=CARTESIAN_POINT('',(0.0134627829298175,-0.130712689096715,0.142152402031586));
#7740=CARTESIAN_POINT('',(0.0134856543228025,-0.130704372057178,0.142189535634015));
#7741=CARTESIAN_POINT('',(0.0135054561665838,-0.130690654438225,0.142226725609801));
#7742=CARTESIAN_POINT('',(0.0135379354167121,-0.130651221650691,0.142300820923154));
#7743=CARTESIAN_POINT('',(0.0135516406052251,-0.130626664938312,0.142338209957241));
#7744=CARTESIAN_POINT('',(0.0135617623534515,-0.130596128418416,0.142375413516424));
#7745=CARTESIAN_POINT('',(0.0134701070082948,-0.130705338474073,0.142130936090855));
#7746=CARTESIAN_POINT('',(0.01350611969951,-0.13069037866197,0.142166133732148));
#7747=CARTESIAN_POINT('',(0.0135310209310804,-0.130673326085973,0.142202741339579));
#7748=CARTESIAN_POINT('',(0.0135652407450858,-0.130634629247467,0.142274766455595));
#7749=CARTESIAN_POINT('',(0.0135769798215881,-0.130612551744516,0.142313763175503));
#7750=CARTESIAN_POINT('',(0.0135845738322096,-0.130584292123635,0.142353431824824));
#7751=CARTESIAN_POINT('',(0.0134765876007914,-0.130696380429871,0.142109488335385));
#7752=CARTESIAN_POINT('',(0.0135213393907705,-0.130675994068062,0.142142894265263));
#7753=CARTESIAN_POINT('',(0.0135491876144746,-0.130655832719665,0.142178713438853));
#7754=CARTESIAN_POINT('',(0.013585142843387,-0.130616415132207,0.142248923338825));
#7755=CARTESIAN_POINT('',(0.0135963351298846,-0.130595754636726,0.14228851356704));
#7756=CARTESIAN_POINT('',(0.0136040079192774,-0.130569244249348,0.142329740647376));
#7757=CARTESIAN_POINT('',(0.0134876049385879,-0.130674949142655,0.14206682390161));
#7758=CARTESIAN_POINT('',(0.0135433207907181,-0.130647001654737,0.142097645157268));
#7759=CARTESIAN_POINT('',(0.0135748108511439,-0.13062215662259,0.14213221348019));
#7760=CARTESIAN_POINT('',(0.013614403742412,-0.13057988554864,0.142199581754285));
#7761=CARTESIAN_POINT('',(0.0136260125198483,-0.130559989707346,0.14223890277854));
#7762=CARTESIAN_POINT('',(0.0136354721149883,-0.130534487883741,0.142280990592111));
#7763=CARTESIAN_POINT('',(0.0134921416838879,-0.130662475899641,0.142045607223306));
#7764=CARTESIAN_POINT('',(0.0135500824994052,-0.130632393835321,0.142075635516158));
#7765=CARTESIAN_POINT('',(0.0135823387369603,-0.130605960276174,0.142109696081484));
#7766=CARTESIAN_POINT('',(0.0136239182383378,-0.130561557725745,0.142176001686548));
#7767=CARTESIAN_POINT('',(0.0136365033268368,-0.130541024407875,0.142214469080102));
#7768=CARTESIAN_POINT('',(0.0136475543441083,-0.130514838899255,0.142255968040563));
#7769=CARTESIAN_POINT('',(0.0135024508361395,-0.130619332838841,0.141982595864113));
#7770=CARTESIAN_POINT('',(0.0135607307340877,-0.130589074296653,0.142012808765199));
#7771=CARTESIAN_POINT('',(0.0135947829241228,-0.130559893816609,0.142045128364029));
#7772=CARTESIAN_POINT('',(0.0136433811106267,-0.130507444938674,0.142107819951331));
#7773=CARTESIAN_POINT('',(0.0136599136126397,-0.130482096057554,0.142142186779373));
#7774=CARTESIAN_POINT('',(0.0136747062052614,-0.130452018204697,0.142181071565453));
#7775=CARTESIAN_POINT('',(0.0135067273991087,-0.130584925395931,0.141939946420642));
#7776=CARTESIAN_POINT('',(0.0135580939745115,-0.130558272356573,0.141966598995994));
#7777=CARTESIAN_POINT('',(0.0135923441136258,-0.130529325530768,0.141997656579214));
#7778=CARTESIAN_POINT('',(0.0136456794249311,-0.130470558741111,0.142061529706915));
#7779=CARTESIAN_POINT('',(0.0136651769520713,-0.130440004089125,0.142095079939532));
#7780=CARTESIAN_POINT('',(0.0136810047524357,-0.130405300563402,0.142131552647456));
#7781=CARTESIAN_POINT('',(0.0135067273983225,-0.130543095413466,0.14189811643736));
#7782=CARTESIAN_POINT('',(0.0135497982123835,-0.130520747065222,0.141920464785203));
#7783=CARTESIAN_POINT('',(0.013586167459773,-0.130492207141825,0.141949004708024));
#7784=CARTESIAN_POINT('',(0.0136436068597154,-0.130428502682523,0.142012709166539));
#7785=CARTESIAN_POINT('',(0.013664979039658,-0.130393512996622,0.142047698852228));
#7786=CARTESIAN_POINT('',(0.0136810047524277,-0.130357479882466,0.142083731966485));
#7787=CARTESIAN_POINT('',(0.0134627829298175,-0.130712689096715,0.142152402031586));
#7788=CARTESIAN_POINT('',(0.0134701070082948,-0.130705338474073,0.142130936090855));
#7789=CARTESIAN_POINT('',(0.0134765876007914,-0.130696380429871,0.142109488335385));
#7790=CARTESIAN_POINT('',(0.0134876049385879,-0.130674949142655,0.14206682390161));
#7791=CARTESIAN_POINT('',(0.0134921416838879,-0.130662475899641,0.142045607223306));
#7792=CARTESIAN_POINT('',(0.0135024508361395,-0.130619332838841,0.141982595864113));
#7793=CARTESIAN_POINT('',(0.0135067273991087,-0.130584925395931,0.141939946420642));
#7794=CARTESIAN_POINT('',(0.0135067273983225,-0.130543095413466,0.14189811643736));
#7795=CARTESIAN_POINT('',(0.0135067273983225,-0.130543095413466,0.14189811643736));
#7796=CARTESIAN_POINT('',(0.0134627829298175,-0.130712689096715,0.142152402031586));
#7797=CARTESIAN_POINT('',(0.0136810047524277,-0.130357479882466,0.142083731966485));
#7798=CARTESIAN_POINT('',(0.0136443147831425,-0.130439975673917,0.142001236175658));
#7799=CARTESIAN_POINT('',(0.0135862223317741,-0.130501847517584,0.141939364332617));
#7800=CARTESIAN_POINT('',(0.0135067273983225,-0.130543095413466,0.14189811643736));
#7801=CARTESIAN_POINT('',(0.0135617783035,-0.130596143790805,0.142375421792537));
#7802=CARTESIAN_POINT('',(0.0136412786337821,-0.130554898933984,0.142298815519688));
#7803=CARTESIAN_POINT('',(0.0136810289234619,-0.130475346719164,0.142201583156377));
#7804=CARTESIAN_POINT('',(0.0136810299137731,-0.130357485480176,0.142083726368774));
#7805=CARTESIAN_POINT('',(0.0135617623534515,-0.130596128418416,0.142375413516424));
#7806=CARTESIAN_POINT('',(0.0134627829298175,-0.130712689096715,0.142152402031586));
#7807=CARTESIAN_POINT('',(0.01347421862631,-0.130708530576946,0.1421709688328));
#7808=CARTESIAN_POINT('',(0.0134848869355016,-0.130703021912324,0.142189549727354));
#7809=CARTESIAN_POINT('',(0.0135045656119045,-0.130689154744521,0.142226690030024));
#7810=CARTESIAN_POINT('',(0.0135135759791159,-0.130680796241341,0.142245249438139));
#7811=CARTESIAN_POINT('',(0.0135379354167121,-0.130651221650691,0.142300820923154));
#7812=CARTESIAN_POINT('',(0.0135516406052251,-0.130626664938312,0.142338209957241));
#7813=CARTESIAN_POINT('',(0.0135617623534515,-0.130596128418416,0.142375413516424));
#7814=CARTESIAN_POINT('',(0.0134627829298175,-0.130712689096715,0.142152402031586));
#7815=CARTESIAN_POINT('',(0.0134440231548478,-0.130724198239125,0.142155301171101));
#7816=CARTESIAN_POINT('',(0.0134245733672056,-0.130734317089426,0.142158254551619));
#7817=CARTESIAN_POINT('',(0.0133842633465906,-0.130751576530351,0.142164268245959));
#7818=CARTESIAN_POINT('',(0.0133634031136178,-0.130758717120974,0.142167328559781));
#7819=CARTESIAN_POINT('',(0.0132986611167252,-0.130775374990137,0.142176667578153));
#7820=CARTESIAN_POINT('',(0.0132527648720841,-0.130781743951178,0.142183130945334));
#7821=CARTESIAN_POINT('',(0.0132040351681266,-0.130781743951179,0.142189797983662));
#7822=CARTESIAN_POINT('',(0.01347421862631,-0.130708530576946,0.1421709688328));
#7823=CARTESIAN_POINT('',(0.0134532155997328,-0.130722874152467,0.142181025708341));
#7824=CARTESIAN_POINT('',(0.0134316984557244,-0.130734637185036,0.142189062847815));
#7825=CARTESIAN_POINT('',(0.0133882042219352,-0.130753651467912,0.142201947966672));
#7826=CARTESIAN_POINT('',(0.0133662271321545,-0.130760902718218,0.142206795946054));
#7827=CARTESIAN_POINT('',(0.0133004583777888,-0.130776862751209,0.142217831612128));
#7828=CARTESIAN_POINT('',(0.0132533965354417,-0.130782381664795,0.14222105316752));
#7829=CARTESIAN_POINT('',(0.0132040351701868,-0.130781743951179,0.142223615970043));
#7830=CARTESIAN_POINT('',(0.0134848869355016,-0.130703021912324,0.142189549727354));
#7831=CARTESIAN_POINT('',(0.013462184001759,-0.130718818991552,0.1422048810453));
#7832=CARTESIAN_POINT('',(0.0134390012177652,-0.130731134679343,0.142216680995538));
#7833=CARTESIAN_POINT('',(0.0133928698405084,-0.130750353571953,0.1422347985696));
#7834=CARTESIAN_POINT('',(0.0133699115403241,-0.130757267638323,0.142241131372126));
#7835=CARTESIAN_POINT('',(0.0133025636283418,-0.130772046281435,0.142254380202965));
#7836=CARTESIAN_POINT('',(0.0132544167670616,-0.130776956198532,0.14225638020118));
#7837=CARTESIAN_POINT('',(0.0132040351713101,-0.130776779928999,0.142257391000012));
#7838=CARTESIAN_POINT('',(0.0135045656119045,-0.130689154744521,0.142226690030024));
#7839=CARTESIAN_POINT('',(0.013479366636492,-0.130706349544697,0.142249249905735));
#7840=CARTESIAN_POINT('',(0.013453583596303,-0.130718850708223,0.142266301391664));
#7841=CARTESIAN_POINT('',(0.0134031288407159,-0.130737351740361,0.142292033290855));
#7842=CARTESIAN_POINT('',(0.0133784251448863,-0.130743391276854,0.142300767595282));
#7843=CARTESIAN_POINT('',(0.0133072395455811,-0.130755558259345,0.142318814769508));
#7844=CARTESIAN_POINT('',(0.0132569079667529,-0.130758850293673,0.142321087288269));
#7845=CARTESIAN_POINT('',(0.0132040351722492,-0.13075834953174,0.142322467024866));
#7846=CARTESIAN_POINT('',(0.0135135759791159,-0.130680796241341,0.142245249438139));
#7847=CARTESIAN_POINT('',(0.0134875808691988,-0.130697935258759,0.14226976342921));
#7848=CARTESIAN_POINT('',(0.0134608632127999,-0.130710075101175,0.142288323813494));
#7849=CARTESIAN_POINT('',(0.0134087222223498,-0.130727671013766,0.142316487726105));
#7850=CARTESIAN_POINT('',(0.0133832543412783,-0.130733184696598,0.142326168679358));
#7851=CARTESIAN_POINT('',(0.0133098102122663,-0.13074395521176,0.142346859812057));
#7852=CARTESIAN_POINT('',(0.0132583789348229,-0.130746259997515,0.142350624087971));
#7853=CARTESIAN_POINT('',(0.0132040351720636,-0.130744969707481,0.142353758737467));
#7854=CARTESIAN_POINT('',(0.0135379354167121,-0.130651221650691,0.142300820923154));
#7855=CARTESIAN_POINT('',(0.013510633187938,-0.130667808248646,0.142326886160023));
#7856=CARTESIAN_POINT('',(0.0134820996051137,-0.130678889464607,0.142347536970933));
#7857=CARTESIAN_POINT('',(0.0134261114268283,-0.13069387831809,0.142380495030328));
#7858=CARTESIAN_POINT('',(0.0133985951263441,-0.130697886067627,0.142392929834108));
#7859=CARTESIAN_POINT('',(0.0133179944924929,-0.13070408113721,0.142422839325383));
#7860=CARTESIAN_POINT('',(0.01326297834392,-0.130702006899387,0.142433765759382));
#7861=CARTESIAN_POINT('',(0.0132040351707139,-0.130696237420147,0.142442743622284));
#7862=CARTESIAN_POINT('',(0.0135516406052251,-0.130626664938312,0.142338209957241));
#7863=CARTESIAN_POINT('',(0.0135263013888621,-0.130640778132108,0.142362656738979));
#7864=CARTESIAN_POINT('',(0.0134985065376939,-0.130650304001465,0.142383032257679));
#7865=CARTESIAN_POINT('',(0.0134418984810725,-0.130662862795553,0.142417074990825));
#7866=CARTESIAN_POINT('',(0.0134130395209445,-0.130666009051901,0.142430875886255));
#7867=CARTESIAN_POINT('',(0.0133257300438463,-0.130669446032147,0.142466326032558));
#7868=CARTESIAN_POINT('',(0.0132662932898243,-0.130663988771434,0.142482389354051));
#7869=CARTESIAN_POINT('',(0.0132040351687474,-0.130652787933527,0.14249553069661));
#7870=CARTESIAN_POINT('',(0.0135617623534515,-0.130596128418416,0.142375413516424));
#7871=CARTESIAN_POINT('',(0.0135389508746934,-0.130607964713197,0.142397395208024));
#7872=CARTESIAN_POINT('',(0.0135128202220483,-0.130616559296074,0.142417611389031));
#7873=CARTESIAN_POINT('',(0.0134564918272835,-0.130627356216212,0.142453460341733));
#7874=CARTESIAN_POINT('',(0.0134263578865572,-0.130629611431879,0.142469117616185));
#7875=CARTESIAN_POINT('',(0.0133334655910706,-0.130629080123556,0.142509900120733));
#7876=CARTESIAN_POINT('',(0.0132685513101676,-0.13061931401605,0.142529004614087));
#7877=CARTESIAN_POINT('',(0.0132040351695376,-0.130604967252573,0.142543351377564));
#7878=CARTESIAN_POINT('',(0.0132040872779275,-0.130604978842172,0.142543339787965));
#7879=CARTESIAN_POINT('',(0.0133630580160371,-0.130640328709517,0.142507989920619));
#7880=CARTESIAN_POINT('',(0.0134822879869898,-0.1306373845263,0.142452016421572));
#7881=CARTESIAN_POINT('',(0.0135617783035,-0.130596143790805,0.142375421792537));
#7882=CARTESIAN_POINT('',(0.0132040351681266,-0.130781743951192,0.142189797983662));
#7883=CARTESIAN_POINT('',(0.0132040351685971,-0.130781743951191,0.142307649114963));
#7884=CARTESIAN_POINT('',(0.0132040351690675,-0.130722818384985,0.142425500246263));
#7885=CARTESIAN_POINT('',(0.0132040351695376,-0.130604967252573,0.142543351377564));
#7886=CARTESIAN_POINT('',(0.0132040351681266,-0.130781743951179,0.142189797983662));
#7887=CARTESIAN_POINT('',(0.0134627829298175,-0.130712689096715,0.142152402031586));
#7888=CARTESIAN_POINT('',(0.0134440231548478,-0.130724198239125,0.142155301171101));
#7889=CARTESIAN_POINT('',(0.0134245733672056,-0.130734317089426,0.142158254551619));
#7890=CARTESIAN_POINT('',(0.0133842633465906,-0.130751576530351,0.142164268245959));
#7891=CARTESIAN_POINT('',(0.0133634031136178,-0.130758717120974,0.142167328559781));
#7892=CARTESIAN_POINT('',(0.0132986611167252,-0.130775374990137,0.142176667578153));
#7893=CARTESIAN_POINT('',(0.0132527648720841,-0.130781743951178,0.142183130945334));
#7894=CARTESIAN_POINT('',(0.0132040351681266,-0.130781743951179,0.142189797983662));
#7895=CARTESIAN_POINT('',(-0.0141468342235353,-0.147255291339824,0.125609799788493));
#7896=CARTESIAN_POINT('',(-0.0141541583020125,-0.147233825399094,0.125602449165851));
#7897=CARTESIAN_POINT('',(-0.0141606388945092,-0.147212377643624,0.12559349112165));
#7898=CARTESIAN_POINT('',(-0.0141716562323058,-0.147169713209849,0.125572059834434));
#7899=CARTESIAN_POINT('',(-0.0141761929776058,-0.147148496531545,0.12555958659142));
#7900=CARTESIAN_POINT('',(-0.0141865021298576,-0.147085485172352,0.125516443530619));
#7901=CARTESIAN_POINT('',(-0.0141907786928268,-0.147042835728881,0.12548203608771));
#7902=CARTESIAN_POINT('',(-0.0141907786920409,-0.147001005745599,0.125440206105244));
#7903=CARTESIAN_POINT('',(-0.0141093146735957,-0.147261089618855,0.125632818073314));
#7904=CARTESIAN_POINT('',(-0.014109521444756,-0.147227176042392,0.125629336352684));
#7905=CARTESIAN_POINT('',(-0.0141109284750826,-0.147196769595564,0.1256221188546));
#7906=CARTESIAN_POINT('',(-0.0141152997936367,-0.147142383210099,0.125602264008462));
#7907=CARTESIAN_POINT('',(-0.0141182640818643,-0.147118403271461,0.125589626660408));
#7908=CARTESIAN_POINT('',(-0.0141282279427521,-0.14705522159121,0.125546662398692));
#7909=CARTESIAN_POINT('',(-0.0141394121174239,-0.147016183153529,0.125508689127068));
#7910=CARTESIAN_POINT('',(-0.01414770787798,-0.146978657397757,0.125462554453488));
#7911=CARTESIAN_POINT('',(-0.014069035072966,-0.147267104861896,0.125650275189698));
#7912=CARTESIAN_POINT('',(-0.01406585516386,-0.147228205805748,0.12564786164341));
#7913=CARTESIAN_POINT('',(-0.0140648128931417,-0.147194211022524,0.125640335372981));
#7914=CARTESIAN_POINT('',(-0.0140657760918474,-0.147134915625893,0.125619454853504));
#7915=CARTESIAN_POINT('',(-0.0140677815612717,-0.147109532499717,0.125606123859502));
#7916=CARTESIAN_POINT('',(-0.0140765282747295,-0.147043046966204,0.125561976552179));
#7917=CARTESIAN_POINT('',(-0.0140886621198406,-0.147003136533301,0.125523847190549));
#7918=CARTESIAN_POINT('',(-0.0140982947621024,-0.146962686913682,0.125478524937757));
#7919=CARTESIAN_POINT('',(-0.0139827124104419,-0.147279556886392,0.125672485681915));
#7920=CARTESIAN_POINT('',(-0.0139809030392,-0.147238395729823,0.125671000007496));
#7921=CARTESIAN_POINT('',(-0.0139800782045717,-0.147201798297692,0.125663540559375));
#7922=CARTESIAN_POINT('',(-0.0139799416609705,-0.147137203075626,0.125642264371948));
#7923=CARTESIAN_POINT('',(-0.0139806299519988,-0.147109042410694,0.125628515638566));
#7924=CARTESIAN_POINT('',(-0.0139842805919721,-0.147032658378482,0.125582608418644));
#7925=CARTESIAN_POINT('',(-0.0139899342008,-0.146988109372124,0.125543981843564));
#7926=CARTESIAN_POINT('',(-0.013995118594855,-0.146943052984028,0.125498158866863));
#7927=CARTESIAN_POINT('',(-0.0139368161658004,-0.147286020253572,0.125678854642956));
#7928=CARTESIAN_POINT('',(-0.0139361845024428,-0.147248098031387,0.125678216929339));
#7929=CARTESIAN_POINT('',(-0.0139360791945008,-0.147212751227209,0.12567151740892));
#7930=CARTESIAN_POINT('',(-0.0139365151070246,-0.147147967611861,0.125650924830746));
#7931=CARTESIAN_POINT('',(-0.013937056327492,-0.147118370076232,0.125637121274746));
#7932=CARTESIAN_POINT('',(-0.0139390405075543,-0.147034973304283,0.12558931160424));
#7933=CARTESIAN_POINT('',(-0.0139408439858188,-0.146986071609007,0.125549015655278));
#7934=CARTESIAN_POINT('',(-0.0139415034243899,-0.146939133901904,0.125502077948256));
#7935=CARTESIAN_POINT('',(-0.0138880864618425,-0.1472926872919,0.125678854642956));
#7936=CARTESIAN_POINT('',(-0.0138880864597821,-0.147258869305519,0.125678854642956));
#7937=CARTESIAN_POINT('',(-0.0138880864577257,-0.147225094594309,0.125673890695629));
#7938=CARTESIAN_POINT('',(-0.0138880864539849,-0.147160018271381,0.125655460245541));
#7939=CARTESIAN_POINT('',(-0.013888086452302,-0.147128725261821,0.1256420797261));
#7940=CARTESIAN_POINT('',(-0.0138880864480408,-0.147039743308639,0.125593348969144));
#7941=CARTESIAN_POINT('',(-0.0138880864462594,-0.146986956446441,0.125549900492794));
#7942=CARTESIAN_POINT('',(-0.0138880864454374,-0.146939133901307,0.125502077947659));
#7943=CARTESIAN_POINT('',(-0.0141468342235353,-0.147255291339824,0.125609799788493));
#7944=CARTESIAN_POINT('',(-0.0141093146735957,-0.147261089618855,0.125632818073314));
#7945=CARTESIAN_POINT('',(-0.014069035072966,-0.147267104861896,0.125650275189698));
#7946=CARTESIAN_POINT('',(-0.0139827124104419,-0.147279556886392,0.125672485681915));
#7947=CARTESIAN_POINT('',(-0.0139368161658004,-0.147286020253572,0.125678854642956));
#7948=CARTESIAN_POINT('',(-0.0138880864618425,-0.1472926872919,0.125678854642956));
#7949=CARTESIAN_POINT('',(-0.0138880864618425,-0.1472926872919,0.125678854642956));
#7950=CARTESIAN_POINT('',(-0.0141468342235353,-0.147255291339824,0.125609799788493));
#7951=CARTESIAN_POINT('',(-0.0138880864454374,-0.146939133901306,0.12550207794766));
#7952=CARTESIAN_POINT('',(-0.0138880864509058,-0.147056985031504,0.125619929077859));
#7953=CARTESIAN_POINT('',(-0.0138880864563741,-0.147174836161702,0.125678854642958));
#7954=CARTESIAN_POINT('',(-0.0138880864618425,-0.1472926872919,0.125678854642957));
#7955=CARTESIAN_POINT('',(-0.0141907786920408,-0.147001005745599,0.125440206105244));
#7956=CARTESIAN_POINT('',(-0.0141112837585887,-0.146959757849717,0.125481454000501));
#7957=CARTESIAN_POINT('',(-0.0140103863430531,-0.146939133901619,0.125502077947972));
#7958=CARTESIAN_POINT('',(-0.0138880864454341,-0.146939133901307,0.125502077947659));
#7959=CARTESIAN_POINT('',(-0.0141907786920409,-0.147001005745599,0.125440206105244));
#7960=CARTESIAN_POINT('',(-0.0141468342235353,-0.147255291339824,0.125609799788493));
#7961=CARTESIAN_POINT('',(-0.0141541583020125,-0.147233825399094,0.125602449165851));
#7962=CARTESIAN_POINT('',(-0.0141606388945092,-0.147212377643624,0.12559349112165));
#7963=CARTESIAN_POINT('',(-0.0141716562323058,-0.147169713209849,0.125572059834434));
#7964=CARTESIAN_POINT('',(-0.0141761929776058,-0.147148496531545,0.12555958659142));
#7965=CARTESIAN_POINT('',(-0.0141865021298576,-0.147085485172352,0.125516443530619));
#7966=CARTESIAN_POINT('',(-0.0141907786928268,-0.147042835728881,0.12548203608771));
#7967=CARTESIAN_POINT('',(-0.0141907786920409,-0.147001005745599,0.125440206105244));
#7968=CARTESIAN_POINT('',(-0.0141468342235353,-0.147255291339824,0.125609799788493));
#7969=CARTESIAN_POINT('',(-0.0141697056165204,-0.147292424942254,0.125601482748956));
#7970=CARTESIAN_POINT('',(-0.0141895074603019,-0.14732961491804,0.125587765130003));
#7971=CARTESIAN_POINT('',(-0.0142219867104303,-0.147403710231393,0.125548332342469));
#7972=CARTESIAN_POINT('',(-0.0142356918989434,-0.147441099265479,0.12552377563009));
#7973=CARTESIAN_POINT('',(-0.0142458136471697,-0.147478302824663,0.125493239110193));
#7974=CARTESIAN_POINT('',(-0.0141541583020125,-0.147233825399094,0.125602449165851));
#7975=CARTESIAN_POINT('',(-0.0141901709932281,-0.147269023040387,0.125587489353749));
#7976=CARTESIAN_POINT('',(-0.0142150722247986,-0.147305630647818,0.125570436777752));
#7977=CARTESIAN_POINT('',(-0.014249292038804,-0.147377655763834,0.125531739939245));
#7978=CARTESIAN_POINT('',(-0.0142610311153064,-0.147416652483741,0.125509662436293));
#7979=CARTESIAN_POINT('',(-0.0142686251259277,-0.147456321133062,0.125481402815412));
#7980=CARTESIAN_POINT('',(-0.0141606388945092,-0.147212377643624,0.12559349112165));
#7981=CARTESIAN_POINT('',(-0.0142053906844886,-0.147245783573503,0.125573104759841));
#7982=CARTESIAN_POINT('',(-0.0142332389081928,-0.147281602747092,0.125552943411443));
#7983=CARTESIAN_POINT('',(-0.0142691941371053,-0.147351812647064,0.125513525823984));
#7984=CARTESIAN_POINT('',(-0.0142803864236029,-0.147391402875278,0.125492865328503));
#7985=CARTESIAN_POINT('',(-0.0142880592129957,-0.147432629955615,0.125466354941125));
#7986=CARTESIAN_POINT('',(-0.0141716562323058,-0.147169713209849,0.125572059834434));
#7987=CARTESIAN_POINT('',(-0.0142273720844363,-0.147200534465508,0.125544112346516));
#7988=CARTESIAN_POINT('',(-0.0142588621448622,-0.147235102788429,0.125519267314368));
#7989=CARTESIAN_POINT('',(-0.0142984550361304,-0.147302471062524,0.125476996240418));
#7990=CARTESIAN_POINT('',(-0.0143100638135666,-0.147341792086779,0.125457100399123));
#7991=CARTESIAN_POINT('',(-0.0143195234087066,-0.14738387990035,0.125431598575518));
#7992=CARTESIAN_POINT('',(-0.0141761929776058,-0.147148496531545,0.12555958659142));
#7993=CARTESIAN_POINT('',(-0.0142341337931234,-0.147178524824397,0.1255295045271));
#7994=CARTESIAN_POINT('',(-0.0142663900306787,-0.147212585389723,0.125503070967952));
#7995=CARTESIAN_POINT('',(-0.0143079695320562,-0.147278890994787,0.125458668417523));
#7996=CARTESIAN_POINT('',(-0.0143205546205551,-0.147317358388341,0.125438135099653));
#7997=CARTESIAN_POINT('',(-0.0143316056378266,-0.147358857348802,0.125411949591032));
#7998=CARTESIAN_POINT('',(-0.0141865021298576,-0.147085485172352,0.125516443530619));
#7999=CARTESIAN_POINT('',(-0.014244782027806,-0.147115698073438,0.125486184988432));
#8000=CARTESIAN_POINT('',(-0.0142788342178412,-0.147148017672268,0.125457004508387));
#8001=CARTESIAN_POINT('',(-0.0143274324043451,-0.14721070925957,0.125404555630451));
#8002=CARTESIAN_POINT('',(-0.0143439649063582,-0.147245076087612,0.125379206749331));
#8003=CARTESIAN_POINT('',(-0.0143587574989799,-0.147283960873692,0.125349128896473));
#8004=CARTESIAN_POINT('',(-0.0141907786928268,-0.147042835728881,0.12548203608771));
#8005=CARTESIAN_POINT('',(-0.0142421452682298,-0.147069488304233,0.125455383048352));
#8006=CARTESIAN_POINT('',(-0.0142763954073441,-0.147100545887453,0.125426436222546));
#8007=CARTESIAN_POINT('',(-0.0143297307186495,-0.147164419015153,0.125367669432889));
#8008=CARTESIAN_POINT('',(-0.0143492282457897,-0.14719796924777,0.125337114780903));
#8009=CARTESIAN_POINT('',(-0.0143650560461541,-0.147234441955695,0.125302411255179));
#8010=CARTESIAN_POINT('',(-0.0141907786920409,-0.147001005745599,0.125440206105244));
#8011=CARTESIAN_POINT('',(-0.0142338495061018,-0.147023354093442,0.125417857757));
#8012=CARTESIAN_POINT('',(-0.0142702187534914,-0.147051894016263,0.125389317833603));
#8013=CARTESIAN_POINT('',(-0.0143276581534337,-0.147115598474777,0.1253256133743));
#8014=CARTESIAN_POINT('',(-0.0143490303333763,-0.147150588160466,0.1252906236884));
#8015=CARTESIAN_POINT('',(-0.0143650560461461,-0.147186621274723,0.125254590574243));
#8016=CARTESIAN_POINT('',(-0.0143650560461461,-0.147186621274723,0.125254590574243));
#8017=CARTESIAN_POINT('',(-0.0143283660768609,-0.147104125483897,0.125337086365695));
#8018=CARTESIAN_POINT('',(-0.0142702736254924,-0.147042253640856,0.125398958209362));
#8019=CARTESIAN_POINT('',(-0.0141907786920408,-0.147001005745599,0.125440206105244));
#8020=CARTESIAN_POINT('',(-0.0142458295972182,-0.147478311100776,0.125493254482582));
#8021=CARTESIAN_POINT('',(-0.0143253299275003,-0.147401704827926,0.125452009625761));
#8022=CARTESIAN_POINT('',(-0.0143650802171801,-0.147304472464615,0.125372457410941));
#8023=CARTESIAN_POINT('',(-0.0143650812074915,-0.147186615677012,0.125254596171954));
#8024=CARTESIAN_POINT('',(-0.0142458136471697,-0.147478302824663,0.125493239110193));
#8025=CARTESIAN_POINT('',(-0.0141468342235353,-0.147255291339824,0.125609799788493));
#8026=CARTESIAN_POINT('',(-0.0141697056165204,-0.147292424942254,0.125601482748956));
#8027=CARTESIAN_POINT('',(-0.0141895074603019,-0.14732961491804,0.125587765130003));
#8028=CARTESIAN_POINT('',(-0.0142219867104303,-0.147403710231393,0.125548332342469));
#8029=CARTESIAN_POINT('',(-0.0142356918989434,-0.147441099265479,0.12552377563009));
#8030=CARTESIAN_POINT('',(-0.0142458136471697,-0.147478302824663,0.125493239110193));
#8031=CARTESIAN_POINT('',(0.0148531656974914,-0.130712689068946,0.142152402047909));
#8032=CARTESIAN_POINT('',(0.0148906852178651,-0.130735707363024,0.142158200324055));
#8033=CARTESIAN_POINT('',(0.0149309647882045,-0.130753164486035,0.142164215564284));
#8034=CARTESIAN_POINT('',(0.0150172873884438,-0.130775374987643,0.142176667583358));
#8035=CARTESIAN_POINT('',(0.0150631836012092,-0.130781743951178,0.14218313094789));
#8036=CARTESIAN_POINT('',(0.0151119132725075,-0.130781743951177,0.142189797983662));
#8037=CARTESIAN_POINT('',(0.0148458416258125,-0.130705338447376,0.142130936107504));
#8038=CARTESIAN_POINT('',(0.0148904784478323,-0.13073222564806,0.1421242867474));
#8039=CARTESIAN_POINT('',(0.0149341445590542,-0.130750750945021,0.142125316488603));
#8040=CARTESIAN_POINT('',(0.0150190964935627,-0.130773889315621,0.142135506388181));
#8041=CARTESIAN_POINT('',(0.0150638150073699,-0.130781106237806,0.142145208687187));
#8042=CARTESIAN_POINT('',(0.0151119133079312,-0.130781743951177,0.14215597999728));
#8043=CARTESIAN_POINT('',(0.014839361040086,-0.130696380404833,0.142109488352273));
#8044=CARTESIAN_POINT('',(0.0148890714223572,-0.13072500809524,0.142093880243019));
#8045=CARTESIAN_POINT('',(0.0149351867880504,-0.130743224593029,0.142091321577096));
#8046=CARTESIAN_POINT('',(0.0150199211007819,-0.130766429751409,0.142098908723037));
#8047=CARTESIAN_POINT('',(0.0150639201048642,-0.130774406624604,0.1421098615851));
#8048=CARTESIAN_POINT('',(0.0151119133432862,-0.130776779929205,0.142122204967519));
#8049=CARTESIAN_POINT('',(0.0148283437156708,-0.130674949122247,0.14206682391873));
#8050=CARTESIAN_POINT('',(0.0148847001180471,-0.130705153108343,0.14203949371397));
#8051=CARTESIAN_POINT('',(0.0149342236133709,-0.13072234396631,0.142032026152505));
#8052=CARTESIAN_POINT('',(0.0150200572443504,-0.130745153526407,0.14203431378366));
#8053=CARTESIAN_POINT('',(0.0150634838322794,-0.13075381413934,0.142045078353285));
#8054=CARTESIAN_POINT('',(0.0151119134076001,-0.130758349532566,0.142057128943285));
#8055=CARTESIAN_POINT('',(0.0148238069769823,-0.130662475882204,0.142045607240417));
#8056=CARTESIAN_POINT('',(0.0148817358392122,-0.130692515674266,0.142015513689303));
#8057=CARTESIAN_POINT('',(0.0149322182096883,-0.130709013088573,0.142006643286051));
#8058=CARTESIAN_POINT('',(0.0150193687806794,-0.130731405297303,0.142006154123258));
#8059=CARTESIAN_POINT('',(0.0150629424621732,-0.130740011336669,0.142015482157957));
#8060=CARTESIAN_POINT('',(0.015111913436532,-0.13074496970872,0.142025837231097));
#8061=CARTESIAN_POINT('',(0.014813497844174,-0.13061933283249,0.14198259588071));
#8062=CARTESIAN_POINT('',(0.0148717720089553,-0.130649551241828,0.141952331837621));
#8063=CARTESIAN_POINT('',(0.0149234717275473,-0.130664865252806,0.141940156947943));
#8064=CARTESIAN_POINT('',(0.0150157176748429,-0.130685496806661,0.141929768095933));
#8065=CARTESIAN_POINT('',(0.015060957880584,-0.130692200205801,0.141932082638693));
#8066=CARTESIAN_POINT('',(0.0151119135097959,-0.130696237422627,0.141936852347521));
#8067=CARTESIAN_POINT('',(0.0148092212944391,-0.130584925398953,0.141939946436869));
#8068=CARTESIAN_POINT('',(0.0148605878610822,-0.130611577973123,0.141913293401751));
#8069=CARTESIAN_POINT('',(0.0149113380849708,-0.130626735675577,0.141900246458165));
#8070=CARTESIAN_POINT('',(0.0150100638260917,-0.130646869492893,0.141885218972707));
#8071=CARTESIAN_POINT('',(0.0150591541976557,-0.130651903350104,0.141883180688679));
#8072=CARTESIAN_POINT('',(0.0151119135404214,-0.130652787936835,0.141884065274022));
#8073=CARTESIAN_POINT('',(0.0148092213079495,-0.130543095428669,0.141898116452564));
#8074=CARTESIAN_POINT('',(0.0148522921220103,-0.130565443780161,0.14187576810797));
#8075=CARTESIAN_POINT('',(0.0149017053575002,-0.130581414203493,0.141859797687976));
#8076=CARTESIAN_POINT('',(0.0150048791911572,-0.130601047854628,0.141840164027415));
#8077=CARTESIAN_POINT('',(0.0150584945119874,-0.130604967266143,0.141836244603331));
#8078=CARTESIAN_POINT('',(0.0151119135545529,-0.130604967255881,0.141836244593069));
#8079=CARTESIAN_POINT('',(0.0148531656974914,-0.130712689068946,0.142152402047909));
#8080=CARTESIAN_POINT('',(0.0148458416258125,-0.130705338447376,0.142130936107504));
#8081=CARTESIAN_POINT('',(0.014839361040086,-0.130696380404833,0.142109488352273));
#8082=CARTESIAN_POINT('',(0.0148283437156708,-0.130674949122247,0.14206682391873));
#8083=CARTESIAN_POINT('',(0.0148238069769823,-0.130662475882204,0.142045607240417));
#8084=CARTESIAN_POINT('',(0.014813497844174,-0.13061933283249,0.14198259588071));
#8085=CARTESIAN_POINT('',(0.0148092212944391,-0.130584925398953,0.141939946436869));
#8086=CARTESIAN_POINT('',(0.0148092213079495,-0.130543095428669,0.141898116452564));
#8087=CARTESIAN_POINT('',(0.0148092213079495,-0.130543095428669,0.141898116452564));
#8088=CARTESIAN_POINT('',(0.0148531656974914,-0.130712689068946,0.142152402047909));
#8089=CARTESIAN_POINT('',(0.015111913554553,-0.130604967255881,0.141836244593069));
#8090=CARTESIAN_POINT('',(0.0149896136569354,-0.130604967261261,0.141836244598449));
#8091=CARTESIAN_POINT('',(0.0148887162414009,-0.130584343318857,0.141856868551614));
#8092=CARTESIAN_POINT('',(0.0148092213079494,-0.130543095428669,0.141898116452564));
#8093=CARTESIAN_POINT('',(0.0151119132725075,-0.130781743951164,0.142189797983662));
#8094=CARTESIAN_POINT('',(0.0151119133665227,-0.130781743951164,0.142071946853464));
#8095=CARTESIAN_POINT('',(0.0151119134605379,-0.130722818386069,0.141954095723267));
#8096=CARTESIAN_POINT('',(0.0151119135545529,-0.13060496725588,0.14183624459307));
#8097=CARTESIAN_POINT('',(0.0151119132725076,-0.130781743951177,0.142189797983662));
#8098=CARTESIAN_POINT('',(0.0148531656974914,-0.130712689068946,0.142152402047909));
#8099=CARTESIAN_POINT('',(0.0148719254576783,-0.130724198215985,0.142155301185982));
#8100=CARTESIAN_POINT('',(0.0148913752303565,-0.130734317070257,0.142158254565076));
#8101=CARTESIAN_POINT('',(0.0149316852206496,-0.130751576517984,0.142164268256611));
#8102=CARTESIAN_POINT('',(0.0149525454382643,-0.130758717111437,0.142167328569053));
#8103=CARTESIAN_POINT('',(0.0150172873884438,-0.130775374987643,0.142176667583358));
#8104=CARTESIAN_POINT('',(0.0150631836012092,-0.130781743951178,0.14218313094789));
#8105=CARTESIAN_POINT('',(0.0151119132725075,-0.130781743951177,0.142189797983662));
#8106=CARTESIAN_POINT('',(0.0148531656974914,-0.130712689068946,0.142152402047909));
#8107=CARTESIAN_POINT('',(0.0148417300089835,-0.130708530543478,0.142170968850241));
#8108=CARTESIAN_POINT('',(0.0148310617070158,-0.130703021874255,0.142189549746205));
#8109=CARTESIAN_POINT('',(0.0148113830434904,-0.130689154699491,0.14222669005231));
#8110=CARTESIAN_POINT('',(0.0148023726819325,-0.13068079619395,0.142245249462449));
#8111=CARTESIAN_POINT('',(0.0147780132588671,-0.130651221599641,0.142300820954498));
#8112=CARTESIAN_POINT('',(0.0147643080777404,-0.130626664888529,0.142338209994044));
#8113=CARTESIAN_POINT('',(0.0147541863333888,-0.130596128374724,0.142375413560115));
#8114=CARTESIAN_POINT('',(0.0148719254576783,-0.130724198215985,0.142155301185982));
#8115=CARTESIAN_POINT('',(0.0148627330188019,-0.130722874123314,0.142181025724092));
#8116=CARTESIAN_POINT('',(0.0148537646305021,-0.130718818979019,0.142204881035472));
#8117=CARTESIAN_POINT('',(0.0148365820269695,-0.130706349578117,0.142249249832305));
#8118=CARTESIAN_POINT('',(0.0148283678117366,-0.130697935321508,0.142269763317758));
#8119=CARTESIAN_POINT('',(0.0148053155335094,-0.130667808369609,0.142326885976535));
#8120=CARTESIAN_POINT('',(0.0147896473454315,-0.130640778251066,0.142362656563347));
#8121=CARTESIAN_POINT('',(0.0147769978088889,-0.13060796466218,0.142397395259041));
#8122=CARTESIAN_POINT('',(0.0148913752303565,-0.130734317070257,0.142158254565076));
#8123=CARTESIAN_POINT('',(0.014884250180408,-0.13073463715996,0.142189062866763));
#8124=CARTESIAN_POINT('',(0.014876947466308,-0.130731134689432,0.142216680970255));
#8125=CARTESIAN_POINT('',(0.0148623651842942,-0.130718850792388,0.142266301327855));
#8126=CARTESIAN_POINT('',(0.0148550856163819,-0.130710075190749,0.142288323797342));
#8127=CARTESIAN_POINT('',(0.0148338493433164,-0.130678889739455,0.142347536729222));
#8128=CARTESIAN_POINT('',(0.0148174424569528,-0.130650304340113,0.142383032042787));
#8129=CARTESIAN_POINT('',(0.0148031287081657,-0.13061655930342,0.14241761162559));
#8130=CARTESIAN_POINT('',(0.0149316852206496,-0.130751576517984,0.142164268256611));
#8131=CARTESIAN_POINT('',(0.0149277444659712,-0.130753651450367,0.14220194799456));
#8132=CARTESIAN_POINT('',(0.0149230789142027,-0.130750353608023,0.142234798481777));
#8133=CARTESIAN_POINT('',(0.0149128199780819,-0.130737351836362,0.14229203317932));
#8134=CARTESIAN_POINT('',(0.0149072265937358,-0.130727670981091,0.142316487874659));
#8135=CARTESIAN_POINT('',(0.0148898373328499,-0.130693878703718,0.142380494314063));
#8136=CARTESIAN_POINT('',(0.0148740501788422,-0.130662863386632,0.142417074183351));
#8137=CARTESIAN_POINT('',(0.0148594568133881,-0.130627356148423,0.142453460408182));
#8138=CARTESIAN_POINT('',(0.0149525454382643,-0.130758717111437,0.142167328569053));
#8139=CARTESIAN_POINT('',(0.0149497215899282,-0.130760902704128,0.142206795979686));
#8140=CARTESIAN_POINT('',(0.0149460371823,-0.130757267684838,0.142241131221652));
#8141=CARTESIAN_POINT('',(0.0149375233904826,-0.130743391362832,0.142300767364318));
#8142=CARTESIAN_POINT('',(0.0149326940063028,-0.130733184558455,0.142326168804282));
#8143=CARTESIAN_POINT('',(0.0149173525999074,-0.130697886499547,0.142392928516131));
#8144=CARTESIAN_POINT('',(0.0149029077158045,-0.130666009797833,0.142430874279206));
#8145=CARTESIAN_POINT('',(0.0148895893763863,-0.130629611361453,0.142469117083494));
#8146=CARTESIAN_POINT('',(0.0150172873884438,-0.130775374987643,0.142176667583358));
#8147=CARTESIAN_POINT('',(0.0150154903934889,-0.130776862746317,0.142217831655968));
#8148=CARTESIAN_POINT('',(0.0150133853519031,-0.13077204636153,0.142254380065575));
#8149=CARTESIAN_POINT('',(0.0150087097776413,-0.130755558334333,0.142318815004348));
#8150=CARTESIAN_POINT('',(0.0150061392449839,-0.130743954786763,0.142346861106014));
#8151=CARTESIAN_POINT('',(0.0149979553095354,-0.130704081785118,0.142422838673934));
#8152=CARTESIAN_POINT('',(0.014990219912751,-0.130669447346056,0.142466325311872));
#8153=CARTESIAN_POINT('',(0.0149824845813284,-0.130629080086194,0.142509900956235));
#8154=CARTESIAN_POINT('',(0.0150631836012092,-0.130781743951178,0.14218313094789));
#8155=CARTESIAN_POINT('',(0.0150625521950486,-0.13078238166455,0.142221053208594));
#8156=CARTESIAN_POINT('',(0.0150615322104461,-0.130776956254846,0.142256380005074));
#8157=CARTESIAN_POINT('',(0.0150590414818779,-0.13075885019385,0.142321087591591));
#8158=CARTESIAN_POINT('',(0.0150575707379371,-0.13074625913323,0.142350625803587));
#8159=CARTESIAN_POINT('',(0.0150529719578857,-0.130702007235808,0.142433764827513));
#8160=CARTESIAN_POINT('',(0.0150496573737028,-0.130663989880029,0.142482388245593));
#8161=CARTESIAN_POINT('',(0.0150473996220234,-0.130619313402207,0.142529005227929));
#8162=CARTESIAN_POINT('',(0.0151119132725075,-0.130781743951177,0.142189797983662));
#8163=CARTESIAN_POINT('',(0.0151119132370839,-0.130781743951177,0.142223615970043));
#8164=CARTESIAN_POINT('',(0.0151119132177697,-0.130776780000296,0.142257390684807));
#8165=CARTESIAN_POINT('',(0.0151119132016168,-0.130758349539543,0.142322467018401));
#8166=CARTESIAN_POINT('',(0.0151119132048029,-0.130744969012992,0.142353760035071));
#8167=CARTESIAN_POINT('',(0.0151119132279953,-0.130696238234707,0.142442742009581));
#8168=CARTESIAN_POINT('',(0.015111913261792,-0.130652789744138,0.142495528885998));
#8169=CARTESIAN_POINT('',(0.015111913248189,-0.130604967199003,0.142543351431133));
#8170=CARTESIAN_POINT('',(0.015111913248189,-0.130604967142124,0.142543351488012));
#8171=CARTESIAN_POINT('',(0.0151119132562952,-0.130722818348151,0.142425500319895));
#8172=CARTESIAN_POINT('',(0.0151119132644014,-0.130781743951165,0.142307649151779));
#8173=CARTESIAN_POINT('',(0.0151119132725075,-0.130781743951164,0.142189797983662));
#8174=CARTESIAN_POINT('',(0.0147541703833375,-0.130596143747117,0.142375421836229));
#8175=CARTESIAN_POINT('',(0.0148336606938044,-0.130637384469025,0.142452016478848));
#8176=CARTESIAN_POINT('',(0.0149528906560396,-0.130640328632646,0.14250798999749));
#8177=CARTESIAN_POINT('',(0.0151118613806883,-0.130604978735041,0.142543339895095));
#8178=CARTESIAN_POINT('',(0.0147541863333888,-0.130596128374724,0.142375413560115));
#8179=CARTESIAN_POINT('',(0.0148531656974914,-0.130712689068946,0.142152402047909));
#8180=CARTESIAN_POINT('',(0.0148417300089835,-0.130708530543478,0.142170968850241));
#8181=CARTESIAN_POINT('',(0.0148310617070158,-0.130703021874255,0.142189549746205));
#8182=CARTESIAN_POINT('',(0.0148113830434904,-0.130689154699491,0.14222669005231));
#8183=CARTESIAN_POINT('',(0.0148023726819325,-0.13068079619395,0.142245249462449));
#8184=CARTESIAN_POINT('',(0.0147780132588671,-0.130651221599641,0.142300820954498));
#8185=CARTESIAN_POINT('',(0.0147643080777404,-0.130626664888529,0.142338209994044));
#8186=CARTESIAN_POINT('',(0.0147541863333888,-0.130596128374724,0.142375413560115));
#8187=CARTESIAN_POINT('',(-0.00453721707503643,-0.147255291338813,0.125609799790203));
#8188=CARTESIAN_POINT('',(-0.00452989299614051,-0.147233825398063,0.125602449167495));
#8189=CARTESIAN_POINT('',(-0.00452341240322694,-0.147212377642578,0.125593491123192));
#8190=CARTESIAN_POINT('',(-0.00451239506460623,-0.147169713208789,0.125572059835691));
#8191=CARTESIAN_POINT('',(-0.00450785831889909,-0.147148496530485,0.125559586592494));
#8192=CARTESIAN_POINT('',(-0.00449754916544984,-0.147085485171324,0.12551644353101));
#8193=CARTESIAN_POINT('',(-0.00449327260166557,-0.147042835727876,0.125482036087524));
#8194=CARTESIAN_POINT('',(-0.0044932726016679,-0.147001005744658,0.125440206104308));
#8195=CARTESIAN_POINT('',(-0.00451434568106796,-0.147292424941105,0.125601482751368));
#8196=CARTESIAN_POINT('',(-0.00449388030330613,-0.147269023039166,0.12558748935638));
#8197=CARTESIAN_POINT('',(-0.00447866061134381,-0.147245783630225,0.125573104820436));
#8198=CARTESIAN_POINT('',(-0.00445667921042426,-0.147200534667186,0.125544112551719));
#8199=CARTESIAN_POINT('',(-0.00444991750146703,-0.147178525113087,0.125529504818947));
#8200=CARTESIAN_POINT('',(-0.00443926926621208,-0.147115698536318,0.125486185453019));
#8201=CARTESIAN_POINT('',(-0.00444190602572323,-0.147069488767317,0.125455383511921));
#8202=CARTESIAN_POINT('',(-0.00445020178760696,-0.147023354092701,0.125417857756264));
#8203=CARTESIAN_POINT('',(-0.00449454383649045,-0.147329614916681,0.125587765132847));
#8204=CARTESIAN_POINT('',(-0.00446897904196011,-0.147305630754577,0.125570436692377));
#8205=CARTESIAN_POINT('',(-0.00445081237285156,-0.147281603000435,0.125552943392877));
#8206=CARTESIAN_POINT('',(-0.00442518908133325,-0.147235103096842,0.125519267380533));
#8207=CARTESIAN_POINT('',(-0.00441766111462947,-0.147212585453357,0.125503070903998));
#8208=CARTESIAN_POINT('',(-0.00440521717162472,-0.147148018316708,0.125457005200191));
#8209=CARTESIAN_POINT('',(-0.00440765592725951,-0.147100546531518,0.125426437190908));
#8210=CARTESIAN_POINT('',(-0.00441383249177191,-0.147051893916373,0.12538931793259));
#8211=CARTESIAN_POINT('',(-0.00446206458516883,-0.147403710229456,0.125548332345613));
#8212=CARTESIAN_POINT('',(-0.00443475919820957,-0.147377655978409,0.125531739765547));
#8213=CARTESIAN_POINT('',(-0.00441485710368743,-0.147351813221027,0.125513525642147));
#8214=CARTESIAN_POINT('',(-0.00438559585577347,-0.147302471762685,0.125476995689569));
#8215=CARTESIAN_POINT('',(-0.0043760809646816,-0.147278890995046,0.125458667057991));
#8216=CARTESIAN_POINT('',(-0.004356618425516,-0.147210711352803,0.125404555445311));
#8217=CARTESIAN_POINT('',(-0.00435431961154133,-0.147164421627852,0.1253676695868));
#8218=CARTESIAN_POINT('',(-0.00435639202273784,-0.147115599867314,0.125325611981647));
#8219=CARTESIAN_POINT('',(-0.00444835939620078,-0.147441099263206,0.125523775633156));
#8220=CARTESIAN_POINT('',(-0.00442302012160209,-0.147416652698138,0.125509662262325));
#8221=CARTESIAN_POINT('',(-0.00440366488035575,-0.147391403476238,0.125492865159559));
#8222=CARTESIAN_POINT('',(-0.00437398717079485,-0.147341792682759,0.125457099759455));
#8223=CARTESIAN_POINT('',(-0.00436349591566822,-0.147317357965891,0.125438133384694));
#8224=CARTESIAN_POINT('',(-0.00434008635853634,-0.147245078274301,0.125379206633772));
#8225=CARTESIAN_POINT('',(-0.00433482250929092,-0.147197972076362,0.125337115187329));
#8226=CARTESIAN_POINT('',(-0.00433502034124832,-0.147150589552494,0.125290622296466));
#8227=CARTESIAN_POINT('',(-0.00443823764773565,-0.147478302821965,0.125493239112885));
#8228=CARTESIAN_POINT('',(-0.00441542616877703,-0.147456321130816,0.125481402817653));
#8229=CARTESIAN_POINT('',(-0.00439599224605026,-0.147432630186964,0.125466355102969));
#8230=CARTESIAN_POINT('',(-0.00436452788460672,-0.147383879919527,0.125431598597388));
#8231=CARTESIAN_POINT('',(-0.00435244524944194,-0.147358856281508,0.125411948706406));
#8232=CARTESIAN_POINT('',(-0.00432529433319907,-0.147283962247004,0.125349130030774));
#8233=CARTESIAN_POINT('',(-0.00431899524756238,-0.147234443819852,0.125302413119378));
#8234=CARTESIAN_POINT('',(-0.00431899524756245,-0.147186621274717,0.125254590574243));
#8235=CARTESIAN_POINT('',(-0.00453721707503643,-0.147255291338813,0.125609799790203));
#8236=CARTESIAN_POINT('',(-0.00451434568106796,-0.147292424941105,0.125601482751368));
#8237=CARTESIAN_POINT('',(-0.00449454383649045,-0.147329614916681,0.125587765132847));
#8238=CARTESIAN_POINT('',(-0.00446206458516883,-0.147403710229456,0.125548332345613));
#8239=CARTESIAN_POINT('',(-0.00444835939620078,-0.147441099263206,0.125523775633156));
#8240=CARTESIAN_POINT('',(-0.00443823764773565,-0.147478302821965,0.125493239112885));
#8241=CARTESIAN_POINT('',(-0.00443823764773564,-0.147478302821965,0.125493239112885));
#8242=CARTESIAN_POINT('',(-0.00453721707503643,-0.147255291338813,0.125609799790203));
#8243=CARTESIAN_POINT('',(-0.00431897008621705,-0.147186615677007,0.125254596171954));
#8244=CARTESIAN_POINT('',(-0.00431897107684776,-0.147304472463891,0.125372457411659));
#8245=CARTESIAN_POINT('',(-0.00435872136684689,-0.147401704826484,0.125452009627197));
#8246=CARTESIAN_POINT('',(-0.0044382216976872,-0.147478311098078,0.125493254485274));
#8247=CARTESIAN_POINT('',(-0.00449327260166783,-0.147001005744658,0.125440206104308));
#8248=CARTESIAN_POINT('',(-0.00441377766821546,-0.147042253640227,0.125398958208738));
#8249=CARTESIAN_POINT('',(-0.00435568521684666,-0.147104125483581,0.125337086365382));
#8250=CARTESIAN_POINT('',(-0.00431899524756143,-0.147186621274719,0.125254590574241));
#8251=CARTESIAN_POINT('',(-0.00449327260166789,-0.147001005744658,0.125440206104308));
#8252=CARTESIAN_POINT('',(-0.00453721707503643,-0.147255291338813,0.125609799790203));
#8253=CARTESIAN_POINT('',(-0.0045298929961405,-0.147233825398063,0.125602449167495));
#8254=CARTESIAN_POINT('',(-0.00452341240322694,-0.147212377642578,0.125593491123192));
#8255=CARTESIAN_POINT('',(-0.00451239506460623,-0.147169713208789,0.125572059835691));
#8256=CARTESIAN_POINT('',(-0.00450785831889909,-0.147148496530485,0.125559586592494));
#8257=CARTESIAN_POINT('',(-0.00449754916544984,-0.147085485171324,0.12551644353101));
#8258=CARTESIAN_POINT('',(-0.00449327260166557,-0.147042835727876,0.125482036087524));
#8259=CARTESIAN_POINT('',(-0.0044932726016679,-0.147001005744658,0.125440206104308));
#8260=CARTESIAN_POINT('',(-0.00453721707503643,-0.147255291338813,0.125609799790203));
#8261=CARTESIAN_POINT('',(-0.00457473662679674,-0.147261089618022,0.125632818074454));
#8262=CARTESIAN_POINT('',(-0.00461501622929163,-0.147267104861236,0.125650275190431));
#8263=CARTESIAN_POINT('',(-0.0047013388956511,-0.147279556886066,0.125672485682069));
#8264=CARTESIAN_POINT('',(-0.00474723514225539,-0.147286020253409,0.125678854642956));
#8265=CARTESIAN_POINT('',(-0.0047959648482244,-0.147292687291895,0.125678854642956));
#8266=CARTESIAN_POINT('',(-0.0045298929961405,-0.147233825398063,0.125602449167495));
#8267=CARTESIAN_POINT('',(-0.00457452985556685,-0.14722717604157,0.125629336353475));
#8268=CARTESIAN_POINT('',(-0.00461819599699472,-0.14722820578517,0.125647861643818));
#8269=CARTESIAN_POINT('',(-0.00470314798345754,-0.14723839568957,0.125671000007502));
#8270=CARTESIAN_POINT('',(-0.00474786652163067,-0.147248097991271,0.125678216929324));
#8271=CARTESIAN_POINT('',(-0.0047959648482303,-0.147258869305514,0.125678854642956));
#8272=CARTESIAN_POINT('',(-0.00452341240322694,-0.147212377642578,0.125593491123192));
#8273=CARTESIAN_POINT('',(-0.00457312282499035,-0.147196769536711,0.125622118797237));
#8274=CARTESIAN_POINT('',(-0.00461923821805458,-0.14719421087309,0.125640335288478));
#8275=CARTESIAN_POINT('',(-0.0047039725706236,-0.147201798023761,0.12566354044144));
#8276=CARTESIAN_POINT('',(-0.00474797159125604,-0.147212750888638,0.125671517315491));
#8277=CARTESIAN_POINT('',(-0.00479596484823619,-0.147225094275751,0.125673890620983));
#8278=CARTESIAN_POINT('',(-0.00451239506460623,-0.147169713208789,0.125572059835691));
#8279=CARTESIAN_POINT('',(-0.00456875150564476,-0.147142383006168,0.125602263805937));
#8280=CARTESIAN_POINT('',(-0.00461827502240901,-0.147134915447218,0.125619454657727));
#8281=CARTESIAN_POINT('',(-0.00470410867407328,-0.147137203083731,0.125642264214262));
#8282=CARTESIAN_POINT('',(-0.00474753526659856,-0.147147967656667,0.125650924829305));
#8283=CARTESIAN_POINT('',(-0.00479596484824686,-0.147160018251518,0.125655460224344));
#8284=CARTESIAN_POINT('',(-0.00450785831889909,-0.147148496530485,0.125559586592494));
#8285=CARTESIAN_POINT('',(-0.00456578721687565,-0.147118402980483,0.125589626370873));
#8286=CARTESIAN_POINT('',(-0.00461626960570359,-0.147109532580017,0.125606123779306));
#8287=CARTESIAN_POINT('',(-0.00470342019035692,-0.147109043423262,0.12562851598483));
#8288=CARTESIAN_POINT('',(-0.00474699387231573,-0.147118371461653,0.12563712202634));
#8289=CARTESIAN_POINT('',(-0.00479596484825167,-0.14712872653933,0.125642080400499));
#8290=CARTESIAN_POINT('',(-0.00449754916544984,-0.147085485171324,0.12551644353101));
#8291=CARTESIAN_POINT('',(-0.00455582335403037,-0.147055221126175,0.125546661934983));
#8292=CARTESIAN_POINT('',(-0.00460752308222142,-0.147043046239327,0.12556197594156));
#8293=CARTESIAN_POINT('',(-0.00469976902848246,-0.147032657394809,0.125582607493347));
#8294=CARTESIAN_POINT('',(-0.00474500922699339,-0.147034971942476,0.125589310894387));
#8295=CARTESIAN_POINT('',(-0.00479596484826387,-0.147039741655755,0.125593348114406));
#8296=CARTESIAN_POINT('',(-0.00449327260166557,-0.147042835727876,0.125482036087524));
#8297=CARTESIAN_POINT('',(-0.0045446391776079,-0.147016182688436,0.125508688663127));
#8298=CARTESIAN_POINT('',(-0.00459538940619904,-0.147003135746742,0.125523846362593));
#8299=CARTESIAN_POINT('',(-0.0046941151466234,-0.146988108269189,0.125543980178703));
#8300=CARTESIAN_POINT('',(-0.00474320551347998,-0.14698606999116,0.125549014037518));
#8301=CARTESIAN_POINT('',(-0.00479596484826897,-0.146986954582255,0.125549898628613));
#8302=CARTESIAN_POINT('',(-0.0044932726016679,-0.147001005744658,0.125440206104308));
#8303=CARTESIAN_POINT('',(-0.00453634341572884,-0.146978657396615,0.125462554452352));
#8304=CARTESIAN_POINT('',(-0.00458575665121868,-0.146962686974953,0.125478524874015));
#8305=CARTESIAN_POINT('',(-0.00468893048487557,-0.146943053319104,0.125498158529862));
#8306=CARTESIAN_POINT('',(-0.00474254580570583,-0.146939133901303,0.125502077947661));
#8307=CARTESIAN_POINT('',(-0.00479596484827138,-0.146939133901302,0.125502077947659));
#8308=CARTESIAN_POINT('',(-0.00479596484827138,-0.146939133901302,0.125502077947659));
#8309=CARTESIAN_POINT('',(-0.00467366495065379,-0.146939133901302,0.12550207794766));
#8310=CARTESIAN_POINT('',(-0.00457276753511927,-0.146959757849088,0.125481453999876));
#8311=CARTESIAN_POINT('',(-0.00449327260166783,-0.147001005744658,0.125440206104308));
#8312=CARTESIAN_POINT('',(-0.0047959648482244,-0.147292687291895,0.125678854642954));
#8313=CARTESIAN_POINT('',(-0.00479596484824006,-0.147174836161698,0.125678854642954));
#8314=CARTESIAN_POINT('',(-0.00479596484825571,-0.1470569850315,0.125619929077855));
#8315=CARTESIAN_POINT('',(-0.00479596484827138,-0.146939133901303,0.125502077947658));
#8316=CARTESIAN_POINT('',(-0.0047959648482244,-0.147292687291895,0.125678854642956));
#8317=CARTESIAN_POINT('',(-0.00453721707503643,-0.147255291338813,0.125609799790203));
#8318=CARTESIAN_POINT('',(-0.00457473662679674,-0.147261089618022,0.125632818074454));
#8319=CARTESIAN_POINT('',(-0.00461501622929163,-0.147267104861236,0.125650275190431));
#8320=CARTESIAN_POINT('',(-0.0047013388956511,-0.147279556886066,0.125672485682069));
#8321=CARTESIAN_POINT('',(-0.00474723514225539,-0.147286020253409,0.125678854642956));
#8322=CARTESIAN_POINT('',(-0.0047959648482244,-0.147292687291895,0.125678854642956));
#8323=CARTESIAN_POINT('',(0.024462782929816,-0.13071268909671,0.142152402031586));
#8324=CARTESIAN_POINT('',(0.0244856543228012,-0.130704372057173,0.142189535634015));
#8325=CARTESIAN_POINT('',(0.0245054561665827,-0.13069065443822,0.142226725609801));
#8326=CARTESIAN_POINT('',(0.0245379354167114,-0.130651221650685,0.142300820923154));
#8327=CARTESIAN_POINT('',(0.0245516406052247,-0.130626664938307,0.14233820995724));
#8328=CARTESIAN_POINT('',(0.0245617623534512,-0.130596128418411,0.142375413516423));
#8329=CARTESIAN_POINT('',(0.0244701070082934,-0.130705338474068,0.142130936090855));
#8330=CARTESIAN_POINT('',(0.024506119699509,-0.130690378661965,0.142166133732148));
#8331=CARTESIAN_POINT('',(0.0245310209310795,-0.130673326085968,0.142202741339579));
#8332=CARTESIAN_POINT('',(0.0245652407450853,-0.130634629247462,0.142274766455595));
#8333=CARTESIAN_POINT('',(0.0245769798215877,-0.13061255174451,0.142313763175502));
#8334=CARTESIAN_POINT('',(0.0245845738322093,-0.13058429212363,0.142353431824823));
#8335=CARTESIAN_POINT('',(0.0244765876007901,-0.130696380429866,0.142109488335385));
#8336=CARTESIAN_POINT('',(0.0245213393907696,-0.130675994068057,0.142142894265264));
#8337=CARTESIAN_POINT('',(0.0245491876144739,-0.13065583271966,0.142178713438853));
#8338=CARTESIAN_POINT('',(0.0245851428433865,-0.130616415132201,0.142248923338824));
#8339=CARTESIAN_POINT('',(0.0245963351298841,-0.13059575463672,0.142288513567039));
#8340=CARTESIAN_POINT('',(0.0246040079192771,-0.130569244249342,0.142329740647376));
#8341=CARTESIAN_POINT('',(0.0244876049385869,-0.13067494914265,0.14206682390161));
#8342=CARTESIAN_POINT('',(0.0245433207907175,-0.130647001654732,0.142097645157269));
#8343=CARTESIAN_POINT('',(0.0245748108511434,-0.130622156622585,0.14213221348019));
#8344=CARTESIAN_POINT('',(0.0246144037424116,-0.130579885548635,0.142199581754286));
#8345=CARTESIAN_POINT('',(0.0246260125198479,-0.13055998970734,0.14223890277854));
#8346=CARTESIAN_POINT('',(0.0246354721149881,-0.130534487883735,0.142280990592111));
#8347=CARTESIAN_POINT('',(0.0244921416838869,-0.130662475899636,0.142045607223306));
#8348=CARTESIAN_POINT('',(0.0245500824994047,-0.130632393835316,0.142075635516158));
#8349=CARTESIAN_POINT('',(0.02458233873696,-0.130605960276169,0.142109696081484));
#8350=CARTESIAN_POINT('',(0.0246239182383376,-0.130561557725739,0.142176001686548));
#8351=CARTESIAN_POINT('',(0.0246365033268366,-0.130541024407869,0.142214469080102));
#8352=CARTESIAN_POINT('',(0.0246475543441082,-0.130514838899249,0.142255968040563));
#8353=CARTESIAN_POINT('',(0.024502450836139,-0.130619332838835,0.141982595864113));
#8354=CARTESIAN_POINT('',(0.0245607307340875,-0.130589074296648,0.142012808765199));
#8355=CARTESIAN_POINT('',(0.0245947829241226,-0.130559893816603,0.142045128364029));
#8356=CARTESIAN_POINT('',(0.0246433811106267,-0.130507444938668,0.142107819951331));
#8357=CARTESIAN_POINT('',(0.0246599136126397,-0.130482096057547,0.142142186779373));
#8358=CARTESIAN_POINT('',(0.0246747062052615,-0.13045201820469,0.142181071565453));
#8359=CARTESIAN_POINT('',(0.0245067273991084,-0.130584925395926,0.141939946420642));
#8360=CARTESIAN_POINT('',(0.0245580939745114,-0.130558272356568,0.141966598995994));
#8361=CARTESIAN_POINT('',(0.0245923441136256,-0.130529325530762,0.141997656579214));
#8362=CARTESIAN_POINT('',(0.0246456794249311,-0.130470558741105,0.142061529706915));
#8363=CARTESIAN_POINT('',(0.0246651769520713,-0.130440004089119,0.142095079939532));
#8364=CARTESIAN_POINT('',(0.0246810047524357,-0.130405300563395,0.142131552647456));
#8365=CARTESIAN_POINT('',(0.0245067273983226,-0.13054309541346,0.141898116437361));
#8366=CARTESIAN_POINT('',(0.0245497982123835,-0.130520747065216,0.141920464785204));
#8367=CARTESIAN_POINT('',(0.024586167459773,-0.130492207141819,0.141949004708024));
#8368=CARTESIAN_POINT('',(0.0246436068597155,-0.130428502682516,0.142012709166539));
#8369=CARTESIAN_POINT('',(0.024664979039658,-0.130393512996616,0.142047698852228));
#8370=CARTESIAN_POINT('',(0.0246810047524277,-0.130357479882459,0.142083731966484));
#8371=CARTESIAN_POINT('',(0.024462782929816,-0.13071268909671,0.142152402031586));
#8372=CARTESIAN_POINT('',(0.0244701070082934,-0.130705338474068,0.142130936090855));
#8373=CARTESIAN_POINT('',(0.0244765876007901,-0.130696380429866,0.142109488335385));
#8374=CARTESIAN_POINT('',(0.0244876049385869,-0.13067494914265,0.14206682390161));
#8375=CARTESIAN_POINT('',(0.0244921416838869,-0.130662475899636,0.142045607223306));
#8376=CARTESIAN_POINT('',(0.024502450836139,-0.130619332838835,0.141982595864113));
#8377=CARTESIAN_POINT('',(0.0245067273991084,-0.130584925395926,0.141939946420642));
#8378=CARTESIAN_POINT('',(0.0245067273983226,-0.13054309541346,0.141898116437361));
#8379=CARTESIAN_POINT('',(0.0245067273983226,-0.13054309541346,0.141898116437361));
#8380=CARTESIAN_POINT('',(0.024462782929816,-0.13071268909671,0.142152402031586));
#8381=CARTESIAN_POINT('',(0.0246810047524277,-0.130357479882459,0.142083731966484));
#8382=CARTESIAN_POINT('',(0.0246443147831425,-0.130439975673911,0.142001236175659));
#8383=CARTESIAN_POINT('',(0.0245862223317741,-0.130501847517578,0.141939364332618));
#8384=CARTESIAN_POINT('',(0.0245067273983226,-0.13054309541346,0.141898116437361));
#8385=CARTESIAN_POINT('',(0.0245617783034998,-0.130596143790799,0.142375421792536));
#8386=CARTESIAN_POINT('',(0.024641278633782,-0.130554898933978,0.142298815519687));
#8387=CARTESIAN_POINT('',(0.0246810289234619,-0.130475346719158,0.142201583156376));
#8388=CARTESIAN_POINT('',(0.0246810299137732,-0.13035748548017,0.142083726368774));
#8389=CARTESIAN_POINT('',(0.0245617623534512,-0.130596128418411,0.142375413516423));
#8390=CARTESIAN_POINT('',(0.024462782929816,-0.13071268909671,0.142152402031586));
#8391=CARTESIAN_POINT('',(0.0244742186263086,-0.130708530576941,0.1421709688328));
#8392=CARTESIAN_POINT('',(0.0244848869355003,-0.130703021912319,0.142189549727354));
#8393=CARTESIAN_POINT('',(0.0245045656119035,-0.130689154744516,0.142226690030023));
#8394=CARTESIAN_POINT('',(0.0245135759791149,-0.130680796241336,0.142245249438139));
#8395=CARTESIAN_POINT('',(0.0245379354167114,-0.130651221650685,0.142300820923154));
#8396=CARTESIAN_POINT('',(0.0245516406052247,-0.130626664938307,0.14233820995724));
#8397=CARTESIAN_POINT('',(0.0245617623534512,-0.130596128418411,0.142375413516423));
#8398=CARTESIAN_POINT('',(0.024462782929816,-0.13071268909671,0.142152402031586));
#8399=CARTESIAN_POINT('',(0.0244440231548461,-0.13072419823912,0.142155301171101));
#8400=CARTESIAN_POINT('',(0.0244245733672037,-0.130734317089421,0.142158254551619));
#8401=CARTESIAN_POINT('',(0.0243842633465884,-0.130751576530346,0.142164268245959));
#8402=CARTESIAN_POINT('',(0.0243634031136153,-0.130758717120969,0.142167328559781));
#8403=CARTESIAN_POINT('',(0.0242986611167221,-0.130775374990132,0.142176667578153));
#8404=CARTESIAN_POINT('',(0.0242527648720805,-0.130781743951172,0.142183130945334));
#8405=CARTESIAN_POINT('',(0.0242040351681224,-0.130781743951172,0.142189797983662));
#8406=CARTESIAN_POINT('',(0.0244742186263086,-0.130708530576941,0.1421709688328));
#8407=CARTESIAN_POINT('',(0.0244532155997313,-0.130722874152462,0.142181025708341));
#8408=CARTESIAN_POINT('',(0.0244316984557226,-0.130734637185031,0.142189062847815));
#8409=CARTESIAN_POINT('',(0.024388204221933,-0.130753651467907,0.142201947966671));
#8410=CARTESIAN_POINT('',(0.0243662271321519,-0.130760902718213,0.142206795946054));
#8411=CARTESIAN_POINT('',(0.0243004583777857,-0.130776862751203,0.142217831612128));
#8412=CARTESIAN_POINT('',(0.024253396535438,-0.130782381664789,0.14222105316752));
#8413=CARTESIAN_POINT('',(0.0242040351701826,-0.130781743951172,0.142223615970043));
#8414=CARTESIAN_POINT('',(0.0244848869355003,-0.130703021912319,0.142189549727354));
#8415=CARTESIAN_POINT('',(0.0244621840017576,-0.130718818991547,0.1422048810453));
#8416=CARTESIAN_POINT('',(0.0244390012177635,-0.130731134679338,0.142216680995538));
#8417=CARTESIAN_POINT('',(0.0243928698405063,-0.130750353571948,0.1422347985696));
#8418=CARTESIAN_POINT('',(0.0243699115403216,-0.130757267638318,0.142241131372126));
#8419=CARTESIAN_POINT('',(0.0243025636283387,-0.13077204628143,0.142254380202966));
#8420=CARTESIAN_POINT('',(0.0242544167670579,-0.130776956198526,0.14225638020118));
#8421=CARTESIAN_POINT('',(0.024204035171306,-0.130776779928993,0.142257391000012));
#8422=CARTESIAN_POINT('',(0.0245045656119035,-0.130689154744516,0.142226690030023));
#8423=CARTESIAN_POINT('',(0.0244793666364907,-0.130706349544692,0.142249249905734));
#8424=CARTESIAN_POINT('',(0.0244535835963015,-0.130718850708218,0.142266301391663));
#8425=CARTESIAN_POINT('',(0.0244031288407139,-0.130737351740356,0.142292033290855));
#8426=CARTESIAN_POINT('',(0.0243784251448841,-0.130743391276849,0.142300767595281));
#8427=CARTESIAN_POINT('',(0.0243072395455783,-0.13075555825934,0.142318814769508));
#8428=CARTESIAN_POINT('',(0.0242569079667497,-0.130758850293667,0.142321087288269));
#8429=CARTESIAN_POINT('',(0.0242040351722455,-0.130758349531734,0.142322467024866));
#8430=CARTESIAN_POINT('',(0.0245135759791149,-0.130680796241336,0.142245249438139));
#8431=CARTESIAN_POINT('',(0.0244875808691976,-0.130697935258754,0.142269763429209));
#8432=CARTESIAN_POINT('',(0.0244608632127985,-0.13071007510117,0.142288323813493));
#8433=CARTESIAN_POINT('',(0.0244087222223479,-0.130727671013761,0.142316487726104));
#8434=CARTESIAN_POINT('',(0.0243832543412764,-0.130733184696593,0.142326168679357));
#8435=CARTESIAN_POINT('',(0.0243098102122637,-0.130743955211754,0.142346859812057));
#8436=CARTESIAN_POINT('',(0.0242583789348199,-0.130746259997509,0.142350624087971));
#8437=CARTESIAN_POINT('',(0.0242040351720601,-0.130744969707474,0.142353758737468));
#8438=CARTESIAN_POINT('',(0.0245379354167114,-0.130651221650685,0.142300820923154));
#8439=CARTESIAN_POINT('',(0.0245106331879372,-0.130667808248641,0.142326886160023));
#8440=CARTESIAN_POINT('',(0.0244820996051127,-0.130678889464602,0.142347536970932));
#8441=CARTESIAN_POINT('',(0.024426111426827,-0.130693878318085,0.142380495030327));
#8442=CARTESIAN_POINT('',(0.0243985951263427,-0.130697886067622,0.142392929834107));
#8443=CARTESIAN_POINT('',(0.024317994492491,-0.130704081137205,0.142422839325382));
#8444=CARTESIAN_POINT('',(0.0242629783439179,-0.130702006899381,0.142433765759382));
#8445=CARTESIAN_POINT('',(0.0242040351707116,-0.13069623742014,0.142442743622284));
#8446=CARTESIAN_POINT('',(0.0245516406052247,-0.130626664938307,0.14233820995724));
#8447=CARTESIAN_POINT('',(0.0245263013888616,-0.130640778132103,0.142362656738978));
#8448=CARTESIAN_POINT('',(0.0244985065376933,-0.130650304001459,0.142383032257678));
#8449=CARTESIAN_POINT('',(0.0244418984810716,-0.130662862795547,0.142417074990824));
#8450=CARTESIAN_POINT('',(0.0244130395209436,-0.130666009051895,0.142430875886254));
#8451=CARTESIAN_POINT('',(0.024325730043845,-0.130669446032142,0.142466326032557));
#8452=CARTESIAN_POINT('',(0.024266293289823,-0.130663988771428,0.142482389354051));
#8453=CARTESIAN_POINT('',(0.0242040351687462,-0.130652787933521,0.14249553069661));
#8454=CARTESIAN_POINT('',(0.0245617623534512,-0.130596128418411,0.142375413516423));
#8455=CARTESIAN_POINT('',(0.0245389508746931,-0.130607964713192,0.142397395208023));
#8456=CARTESIAN_POINT('',(0.024512820222048,-0.130616559296068,0.14241761138903));
#8457=CARTESIAN_POINT('',(0.0244564918272829,-0.130627356216207,0.142453460341732));
#8458=CARTESIAN_POINT('',(0.0244263578865566,-0.130629611431874,0.142469117616184));
#8459=CARTESIAN_POINT('',(0.0243334655910698,-0.13062908012355,0.142509900120732));
#8460=CARTESIAN_POINT('',(0.0242685513101671,-0.130619314016045,0.142529004614086));
#8461=CARTESIAN_POINT('',(0.0242040351695374,-0.130604967252567,0.142543351377564));
#8462=CARTESIAN_POINT('',(0.0242040872779276,-0.130604978842166,0.142543339787965));
#8463=CARTESIAN_POINT('',(0.024363058016037,-0.130640328709512,0.142507989920619));
#8464=CARTESIAN_POINT('',(0.0244822879869896,-0.130637384526295,0.142452016421571));
#8465=CARTESIAN_POINT('',(0.0245617783034998,-0.130596143790799,0.142375421792536));
#8466=CARTESIAN_POINT('',(0.0242040351681224,-0.130781743951162,0.142189797983662));
#8467=CARTESIAN_POINT('',(0.0242040351685941,-0.130781743951161,0.142307649114963));
#8468=CARTESIAN_POINT('',(0.0242040351690657,-0.130722818384963,0.142425500246263));
#8469=CARTESIAN_POINT('',(0.0242040351695374,-0.130604967252567,0.142543351377564));
#8470=CARTESIAN_POINT('',(0.0242040351681224,-0.130781743951172,0.142189797983662));
#8471=CARTESIAN_POINT('',(0.024462782929816,-0.13071268909671,0.142152402031586));
#8472=CARTESIAN_POINT('',(0.0244440231548461,-0.13072419823912,0.142155301171101));
#8473=CARTESIAN_POINT('',(0.0244245733672037,-0.130734317089421,0.142158254551619));
#8474=CARTESIAN_POINT('',(0.0243842633465884,-0.130751576530346,0.142164268245959));
#8475=CARTESIAN_POINT('',(0.0243634031136153,-0.130758717120969,0.142167328559781));
#8476=CARTESIAN_POINT('',(0.0242986611167221,-0.130775374990132,0.142176667578153));
#8477=CARTESIAN_POINT('',(0.0242527648720805,-0.130781743951172,0.142183130945334));
#8478=CARTESIAN_POINT('',(0.0242040351681224,-0.130781743951172,0.142189797983662));
#8479=CARTESIAN_POINT('',(0.00385316577646601,-0.147255291339813,0.125609799788493));
#8480=CARTESIAN_POINT('',(0.00384584169798865,-0.147233825399083,0.125602449165851));
#8481=CARTESIAN_POINT('',(0.0038393611054919,-0.147212377643613,0.12559349112165));
#8482=CARTESIAN_POINT('',(0.00382834376769507,-0.147169713209838,0.125572059834434));
#8483=CARTESIAN_POINT('',(0.00382380702239498,-0.147148496531534,0.12555958659142));
#8484=CARTESIAN_POINT('',(0.00381349787014282,-0.147085485172341,0.125516443530619));
#8485=CARTESIAN_POINT('',(0.00380922130717337,-0.14704283572887,0.12548203608771));
#8486=CARTESIAN_POINT('',(0.00380922130795911,-0.147001005745589,0.125440206105244));
#8487=CARTESIAN_POINT('',(0.00389068532640585,-0.147261089618844,0.125632818073314));
#8488=CARTESIAN_POINT('',(0.00389047855524534,-0.147227176042381,0.125629336352684));
#8489=CARTESIAN_POINT('',(0.00388907152491868,-0.147196769595553,0.1256221188546));
#8490=CARTESIAN_POINT('',(0.00388470020636428,-0.147142383210088,0.125602264008462));
#8491=CARTESIAN_POINT('',(0.00388173591813653,-0.14711840327145,0.125589626660408));
#8492=CARTESIAN_POINT('',(0.00387177205724841,-0.147055221591199,0.125546662398692));
#8493=CARTESIAN_POINT('',(0.0038605878825763,-0.147016183153518,0.125508689127068));
#8494=CARTESIAN_POINT('',(0.00385229212202,-0.146978657397746,0.125462554453488));
#8495=CARTESIAN_POINT('',(0.00393096492703566,-0.147267104861885,0.125650275189699));
#8496=CARTESIAN_POINT('',(0.00393414483614152,-0.147228205805737,0.12564786164341));
#8497=CARTESIAN_POINT('',(0.00393518710685969,-0.147194211022513,0.125640335372981));
#8498=CARTESIAN_POINT('',(0.00393422390815373,-0.147134915625882,0.125619454853504));
#8499=CARTESIAN_POINT('',(0.00393221843872922,-0.147109532499706,0.125606123859502));
#8500=CARTESIAN_POINT('',(0.00392347172527092,-0.147043046966193,0.125561976552179));
#8501=CARTESIAN_POINT('',(0.00391133788015954,-0.14700313653329,0.125523847190548));
#8502=CARTESIAN_POINT('',(0.00390170523789754,-0.146962686913671,0.125478524937757));
#8503=CARTESIAN_POINT('',(0.00401728758956003,-0.147279556886381,0.125672485681915));
#8504=CARTESIAN_POINT('',(0.00401909696080174,-0.147238395729813,0.125671000007496));
#8505=CARTESIAN_POINT('',(0.00401992179542991,-0.147201798297681,0.125663540559375));
#8506=CARTESIAN_POINT('',(0.00402005833903075,-0.147137203075615,0.125642264371947));
#8507=CARTESIAN_POINT('',(0.00401937004800228,-0.147109042410683,0.125628515638566));
#8508=CARTESIAN_POINT('',(0.00401571940802834,-0.147032658378471,0.125582608418644));
#8509=CARTESIAN_POINT('',(0.00401006579920023,-0.146988109372113,0.125543981843564));
#8510=CARTESIAN_POINT('',(0.00400488140514497,-0.146943052984018,0.125498158866862));
#8511=CARTESIAN_POINT('',(0.00406318383420158,-0.147286020253562,0.125678854642956));
#8512=CARTESIAN_POINT('',(0.00406381549755907,-0.147248098031376,0.125678216929339));
#8513=CARTESIAN_POINT('',(0.00406392080550087,-0.147212751227199,0.12567151740892));
#8514=CARTESIAN_POINT('',(0.00406348489297657,-0.14714796761185,0.125650924830746));
#8515=CARTESIAN_POINT('',(0.00406294367250896,-0.147118370076221,0.125637121274746));
#8516=CARTESIAN_POINT('',(0.00406095949244605,-0.147034973304272,0.12558931160424));
#8517=CARTESIAN_POINT('',(0.00405915601418124,-0.146986071608996,0.125549015655278));
#8518=CARTESIAN_POINT('',(0.00405849657561006,-0.146939133901893,0.125502077948256));
#8519=CARTESIAN_POINT('',(0.0041119135381596,-0.14729268729189,0.125678854642956));
#8520=CARTESIAN_POINT('',(0.00411191354021971,-0.147258869305509,0.125678854642956));
#8521=CARTESIAN_POINT('',(0.00411191354227583,-0.147225094594299,0.125673890695629));
#8522=CARTESIAN_POINT('',(0.00411191354601613,-0.14716001827137,0.12565546024554));
#8523=CARTESIAN_POINT('',(0.00411191354769879,-0.14712872526181,0.1256420797261));
#8524=CARTESIAN_POINT('',(0.00411191355195943,-0.147039743308629,0.125593348969144));
#8525=CARTESIAN_POINT('',(0.0041119135537406,-0.146986956446431,0.125549900492794));
#8526=CARTESIAN_POINT('',(0.00411191355456251,-0.146939133901296,0.125502077947659));
#8527=CARTESIAN_POINT('',(0.00385316577646601,-0.147255291339813,0.125609799788493));
#8528=CARTESIAN_POINT('',(0.00389068532640585,-0.147261089618844,0.125632818073314));
#8529=CARTESIAN_POINT('',(0.00393096492703566,-0.147267104861885,0.125650275189699));
#8530=CARTESIAN_POINT('',(0.00401728758956003,-0.147279556886381,0.125672485681915));
#8531=CARTESIAN_POINT('',(0.00406318383420158,-0.147286020253562,0.125678854642956));
#8532=CARTESIAN_POINT('',(0.0041119135381596,-0.14729268729189,0.125678854642956));
#8533=CARTESIAN_POINT('',(0.0041119135381596,-0.14729268729189,0.125678854642956));
#8534=CARTESIAN_POINT('',(0.00385316577646601,-0.147255291339813,0.125609799788493));
#8535=CARTESIAN_POINT('',(0.00411191355456251,-0.146939133901295,0.12550207794766));
#8536=CARTESIAN_POINT('',(0.00411191354909488,-0.147056985031493,0.125619929077858));
#8537=CARTESIAN_POINT('',(0.00411191354362724,-0.147174836161691,0.125678854642957));
#8538=CARTESIAN_POINT('',(0.00411191353815961,-0.14729268729189,0.125678854642957));
#8539=CARTESIAN_POINT('',(0.00380922130795911,-0.147001005745589,0.125440206105244));
#8540=CARTESIAN_POINT('',(0.00388871624141122,-0.146959757849706,0.125481454000501));
#8541=CARTESIAN_POINT('',(0.0039896136569468,-0.146939133901609,0.125502077947972));
#8542=CARTESIAN_POINT('',(0.00411191355456584,-0.146939133901296,0.125502077947659));
#8543=CARTESIAN_POINT('',(0.00380922130795909,-0.147001005745589,0.125440206105244));
#8544=CARTESIAN_POINT('',(0.00385316577646601,-0.147255291339813,0.125609799788493));
#8545=CARTESIAN_POINT('',(0.00384584169798865,-0.147233825399083,0.125602449165851));
#8546=CARTESIAN_POINT('',(0.0038393611054919,-0.147212377643613,0.12559349112165));
#8547=CARTESIAN_POINT('',(0.00382834376769507,-0.147169713209838,0.125572059834434));
#8548=CARTESIAN_POINT('',(0.00382380702239498,-0.147148496531534,0.12555958659142));
#8549=CARTESIAN_POINT('',(0.00381349787014282,-0.147085485172341,0.125516443530619));
#8550=CARTESIAN_POINT('',(0.00380922130717337,-0.14704283572887,0.12548203608771));
#8551=CARTESIAN_POINT('',(0.00380922130795911,-0.147001005745589,0.125440206105244));
#8552=CARTESIAN_POINT('',(0.00385316577646601,-0.147255291339813,0.125609799788493));
#8553=CARTESIAN_POINT('',(0.00383029438348089,-0.147292424942242,0.125601482748956));
#8554=CARTESIAN_POINT('',(0.00381049253969939,-0.147329614918028,0.125587765130004));
#8555=CARTESIAN_POINT('',(0.00377801328957079,-0.147403710231381,0.12554833234247));
#8556=CARTESIAN_POINT('',(0.00376430810105757,-0.147441099265467,0.125523775630091));
#8557=CARTESIAN_POINT('',(0.00375418635283102,-0.14747830282465,0.125493239110195));
#8558=CARTESIAN_POINT('',(0.00384584169798865,-0.147233825399083,0.125602449165851));
#8559=CARTESIAN_POINT('',(0.00380982900677309,-0.147269023040375,0.125587489353749));
#8560=CARTESIAN_POINT('',(0.00378492777520259,-0.147305630647806,0.125570436777752));
#8561=CARTESIAN_POINT('',(0.00375070796119691,-0.147377655763822,0.125531739939246));
#8562=CARTESIAN_POINT('',(0.00373896888469448,-0.147416652483729,0.125509662436295));
#8563=CARTESIAN_POINT('',(0.00373137487407291,-0.14745632113305,0.125481402815414));
#8564=CARTESIAN_POINT('',(0.0038393611054919,-0.147212377643613,0.12559349112165));
#8565=CARTESIAN_POINT('',(0.00379460931551243,-0.147245783573491,0.125573104759841));
#8566=CARTESIAN_POINT('',(0.00376676109180822,-0.147281602747081,0.125552943411444));
#8567=CARTESIAN_POINT('',(0.00373080586289561,-0.147351812647052,0.125513525823985));
#8568=CARTESIAN_POINT('',(0.00371961357639801,-0.147391402875267,0.125492865328505));
#8569=CARTESIAN_POINT('',(0.00371194078700504,-0.147432629955603,0.125466354941127));
#8570=CARTESIAN_POINT('',(0.00382834376769507,-0.147169713209838,0.125572059834434));
#8571=CARTESIAN_POINT('',(0.00377262791556451,-0.147200534465496,0.125544112346516));
#8572=CARTESIAN_POINT('',(0.00374113785513865,-0.147235102788418,0.125519267314368));
#8573=CARTESIAN_POINT('',(0.00370154496387033,-0.147302471062513,0.125476996240419));
#8574=CARTESIAN_POINT('',(0.00368993618643409,-0.147341792086767,0.125457100399125));
#8575=CARTESIAN_POINT('',(0.00368047659129392,-0.147383879900338,0.12543159857552));
#8576=CARTESIAN_POINT('',(0.00382380702239498,-0.147148496531534,0.12555958659142));
#8577=CARTESIAN_POINT('',(0.00376586620687726,-0.147178524824386,0.1255295045271));
#8578=CARTESIAN_POINT('',(0.00373360996932206,-0.147212585389712,0.125503070967953));
#8579=CARTESIAN_POINT('',(0.00369203046794441,-0.147278890994776,0.125458668417523));
#8580=CARTESIAN_POINT('',(0.00367944537944552,-0.147317358388329,0.125438135099653));
#8581=CARTESIAN_POINT('',(0.0036683943621739,-0.14735885734879,0.125411949591033));
#8582=CARTESIAN_POINT('',(0.00381349787014282,-0.147085485172341,0.125516443530619));
#8583=CARTESIAN_POINT('',(0.00375521797219439,-0.147115698073427,0.125486184988432));
#8584=CARTESIAN_POINT('',(0.00372116578215922,-0.147148017672257,0.125457004508387));
#8585=CARTESIAN_POINT('',(0.00367256759565519,-0.147210709259559,0.125404555630452));
#8586=CARTESIAN_POINT('',(0.00365603509364225,-0.147245076087601,0.125379206749331));
#8587=CARTESIAN_POINT('',(0.00364124250102049,-0.147283960873681,0.125349128896474));
#8588=CARTESIAN_POINT('',(0.00380922130717337,-0.14704283572887,0.12548203608771));
#8589=CARTESIAN_POINT('',(0.00375785473177041,-0.147069488304222,0.125455383048352));
#8590=CARTESIAN_POINT('',(0.00372360459265614,-0.147100545887442,0.125426436222546));
#8591=CARTESIAN_POINT('',(0.00367026928135058,-0.147164419015143,0.125367669432889));
#8592=CARTESIAN_POINT('',(0.00365077175421049,-0.147197969247759,0.125337114780903));
#8593=CARTESIAN_POINT('',(0.00363494395384605,-0.147234441955684,0.125302411255179));
#8594=CARTESIAN_POINT('',(0.00380922130795911,-0.147001005745589,0.125440206105244));
#8595=CARTESIAN_POINT('',(0.00376615049389822,-0.147023354093431,0.125417857757));
#8596=CARTESIAN_POINT('',(0.00372978124650871,-0.147051894016252,0.125389317833603));
#8597=CARTESIAN_POINT('',(0.00367234184656613,-0.147115598474767,0.1253256133743));
#8598=CARTESIAN_POINT('',(0.00365096966662366,-0.147150588160456,0.125290623688399));
#8599=CARTESIAN_POINT('',(0.0036349439538539,-0.147186621274713,0.125254590574243));
#8600=CARTESIAN_POINT('',(0.00363494395385388,-0.147186621274713,0.125254590574243));
#8601=CARTESIAN_POINT('',(0.00367163392313908,-0.147104125483887,0.125337086365695));
#8602=CARTESIAN_POINT('',(0.00372972637450749,-0.147042253640845,0.125398958209362));
#8603=CARTESIAN_POINT('',(0.00380922130795911,-0.147001005745589,0.125440206105244));
#8604=CARTESIAN_POINT('',(0.00375417040278231,-0.147478311100763,0.125493254482584));
#8605=CARTESIAN_POINT('',(0.00367467007249997,-0.147401704827915,0.125452009625762));
#8606=CARTESIAN_POINT('',(0.00363491978281994,-0.147304472464604,0.125372457410942));
#8607=CARTESIAN_POINT('',(0.00363491879250842,-0.147186615677002,0.125254596171954));
#8608=CARTESIAN_POINT('',(0.00375418635283105,-0.14747830282465,0.125493239110195));
#8609=CARTESIAN_POINT('',(0.00385316577646601,-0.147255291339813,0.125609799788493));
#8610=CARTESIAN_POINT('',(0.00383029438348089,-0.147292424942242,0.125601482748956));
#8611=CARTESIAN_POINT('',(0.00381049253969939,-0.147329614918028,0.125587765130004));
#8612=CARTESIAN_POINT('',(0.00377801328957079,-0.147403710231381,0.12554833234247));
#8613=CARTESIAN_POINT('',(0.00376430810105757,-0.147441099265467,0.125523775630091));
#8614=CARTESIAN_POINT('',(0.00375418635283102,-0.14747830282465,0.125493239110195));
#8615=CARTESIAN_POINT('',(0.032853165697489,-0.130712689068935,0.14215240204791));
#8616=CARTESIAN_POINT('',(0.0328906852178624,-0.130735707363012,0.142158200324056));
#8617=CARTESIAN_POINT('',(0.0329309647882015,-0.130753164486024,0.142164215564285));
#8618=CARTESIAN_POINT('',(0.0330172873884401,-0.130775374987632,0.142176667583359));
#8619=CARTESIAN_POINT('',(0.033063183601205,-0.130781743951167,0.14218313094789));
#8620=CARTESIAN_POINT('',(0.0331119132725031,-0.130781743951167,0.142189797983662));
#8621=CARTESIAN_POINT('',(0.0328458416258103,-0.130705338447364,0.142130936107505));
#8622=CARTESIAN_POINT('',(0.0328904784478297,-0.130732225648048,0.142124286747401));
#8623=CARTESIAN_POINT('',(0.0329341445590512,-0.13075075094501,0.142125316488604));
#8624=CARTESIAN_POINT('',(0.033019096493559,-0.13077388931561,0.142135506388181));
#8625=CARTESIAN_POINT('',(0.0330638150073659,-0.130781106237795,0.142145208687187));
#8626=CARTESIAN_POINT('',(0.0331119133079268,-0.130781743951167,0.142155979997281));
#8627=CARTESIAN_POINT('',(0.0328393610400839,-0.130696380404821,0.142109488352274));
#8628=CARTESIAN_POINT('',(0.0328890714223548,-0.130725008095228,0.142093880243019));
#8629=CARTESIAN_POINT('',(0.0329351867880477,-0.130743224593018,0.142091321577096));
#8630=CARTESIAN_POINT('',(0.0330199211007784,-0.130766429751398,0.142098908723037));
#8631=CARTESIAN_POINT('',(0.0330639201048603,-0.130774406624593,0.1421098615851));
#8632=CARTESIAN_POINT('',(0.033111913343282,-0.130776779929194,0.142122204967519));
#8633=CARTESIAN_POINT('',(0.0328283437156692,-0.130674949122236,0.14206682391873));
#8634=CARTESIAN_POINT('',(0.0328847001180451,-0.130705153108331,0.14203949371397));
#8635=CARTESIAN_POINT('',(0.0329342236133685,-0.130722343966298,0.142032026152505));
#8636=CARTESIAN_POINT('',(0.0330200572443472,-0.130745153526396,0.14203431378366));
#8637=CARTESIAN_POINT('',(0.0330634838322759,-0.130753814139329,0.142045078353285));
#8638=CARTESIAN_POINT('',(0.0331119134075964,-0.130758349532556,0.142057128943285));
#8639=CARTESIAN_POINT('',(0.0328238069769809,-0.130662475882193,0.142045607240418));
#8640=CARTESIAN_POINT('',(0.0328817358392104,-0.130692515674254,0.142015513689303));
#8641=CARTESIAN_POINT('',(0.0329322182096862,-0.130709013088561,0.142006643286051));
#8642=CARTESIAN_POINT('',(0.0330193687806766,-0.130731405297292,0.142006154123258));
#8643=CARTESIAN_POINT('',(0.0330629424621702,-0.130740011336658,0.142015482157957));
#8644=CARTESIAN_POINT('',(0.0331119134365288,-0.13074496970871,0.142025837231097));
#8645=CARTESIAN_POINT('',(0.0328134978441731,-0.130619332832478,0.14198259588071));
#8646=CARTESIAN_POINT('',(0.0328717720089544,-0.130649551241817,0.14195233183762));
#8647=CARTESIAN_POINT('',(0.032923471727546,-0.130664865252795,0.141940156947943));
#8648=CARTESIAN_POINT('',(0.0330157176748413,-0.13068549680665,0.141929768095933));
#8649=CARTESIAN_POINT('',(0.0330609578805823,-0.130692200205791,0.141932082638693));
#8650=CARTESIAN_POINT('',(0.033111913509794,-0.130696237422617,0.141936852347521));
#8651=CARTESIAN_POINT('',(0.0328092212944385,-0.130584925398942,0.141939946436868));
#8652=CARTESIAN_POINT('',(0.0328605878610818,-0.130611577973112,0.14191329340175));
#8653=CARTESIAN_POINT('',(0.0329113380849703,-0.130626735675566,0.141900246458165));
#8654=CARTESIAN_POINT('',(0.0330100638260909,-0.130646869492882,0.141885218972706));
#8655=CARTESIAN_POINT('',(0.0330591541976549,-0.130651903350093,0.141883180688679));
#8656=CARTESIAN_POINT('',(0.0331119135404205,-0.130652787936824,0.141884065274022));
#8657=CARTESIAN_POINT('',(0.0328092213079495,-0.130543095428658,0.141898116452563));
#8658=CARTESIAN_POINT('',(0.0328522921220104,-0.13056544378015,0.141875768107969));
#8659=CARTESIAN_POINT('',(0.0329017053575003,-0.130581414203482,0.141859797687975));
#8660=CARTESIAN_POINT('',(0.0330048791911571,-0.130601047854617,0.141840164027414));
#8661=CARTESIAN_POINT('',(0.0330584945119875,-0.130604967266132,0.14183624460333));
#8662=CARTESIAN_POINT('',(0.033111913554553,-0.13060496725587,0.141836244593069));
#8663=CARTESIAN_POINT('',(0.032853165697489,-0.130712689068935,0.14215240204791));
#8664=CARTESIAN_POINT('',(0.0328458416258103,-0.130705338447364,0.142130936107505));
#8665=CARTESIAN_POINT('',(0.0328393610400839,-0.130696380404821,0.142109488352274));
#8666=CARTESIAN_POINT('',(0.0328283437156692,-0.130674949122236,0.14206682391873));
#8667=CARTESIAN_POINT('',(0.0328238069769809,-0.130662475882193,0.142045607240418));
#8668=CARTESIAN_POINT('',(0.0328134978441731,-0.130619332832478,0.14198259588071));
#8669=CARTESIAN_POINT('',(0.0328092212944385,-0.130584925398942,0.141939946436868));
#8670=CARTESIAN_POINT('',(0.0328092213079495,-0.130543095428658,0.141898116452563));
#8671=CARTESIAN_POINT('',(0.0328092213079495,-0.130543095428658,0.141898116452563));
#8672=CARTESIAN_POINT('',(0.032853165697489,-0.130712689068935,0.14215240204791));
#8673=CARTESIAN_POINT('',(0.033111913554553,-0.13060496725587,0.141836244593069));
#8674=CARTESIAN_POINT('',(0.0329896136569354,-0.130604967261251,0.141836244598449));
#8675=CARTESIAN_POINT('',(0.0328887162414009,-0.130584343318846,0.141856868551614));
#8676=CARTESIAN_POINT('',(0.0328092213079495,-0.130543095428658,0.141898116452563));
#8677=CARTESIAN_POINT('',(0.0331119132725031,-0.130781743951167,0.142189797983662));
#8678=CARTESIAN_POINT('',(0.0331119133665197,-0.130781743951167,0.142071946853464));
#8679=CARTESIAN_POINT('',(0.0331119134605364,-0.130722818386068,0.141954095723266));
#8680=CARTESIAN_POINT('',(0.033111913554553,-0.13060496725587,0.141836244593069));
#8681=CARTESIAN_POINT('',(0.0331119132725031,-0.130781743951167,0.142189797983662));
#8682=CARTESIAN_POINT('',(0.032853165697489,-0.130712689068935,0.14215240204791));
#8683=CARTESIAN_POINT('',(0.0328719254576758,-0.130724198215973,0.142155301185983));
#8684=CARTESIAN_POINT('',(0.0328913752303538,-0.130734317070245,0.142158254565077));
#8685=CARTESIAN_POINT('',(0.0329316852206465,-0.130751576517972,0.142164268256612));
#8686=CARTESIAN_POINT('',(0.0329525454382611,-0.130758717111426,0.142167328569053));
#8687=CARTESIAN_POINT('',(0.0330172873884401,-0.130775374987632,0.142176667583359));
#8688=CARTESIAN_POINT('',(0.033063183601205,-0.130781743951167,0.14218313094789));
#8689=CARTESIAN_POINT('',(0.0331119132725031,-0.130781743951167,0.142189797983662));
#8690=CARTESIAN_POINT('',(0.032853165697489,-0.130712689068935,0.14215240204791));
#8691=CARTESIAN_POINT('',(0.0328417300089811,-0.130708530543467,0.142170968850242));
#8692=CARTESIAN_POINT('',(0.0328310617070136,-0.130703021874243,0.142189549746207));
#8693=CARTESIAN_POINT('',(0.0328113830434882,-0.130689154699479,0.142226690052311));
#8694=CARTESIAN_POINT('',(0.0328023726819304,-0.130680796193938,0.142245249462451));
#8695=CARTESIAN_POINT('',(0.0327780132588653,-0.130651221599629,0.1423008209545));
#8696=CARTESIAN_POINT('',(0.0327643080777389,-0.130626664888516,0.142338209994046));
#8697=CARTESIAN_POINT('',(0.0327541863333876,-0.130596128374711,0.142375413560118));
#8698=CARTESIAN_POINT('',(0.0328719254576758,-0.130724198215973,0.142155301185983));
#8699=CARTESIAN_POINT('',(0.0328627330187993,-0.130722874123302,0.142181025724093));
#8700=CARTESIAN_POINT('',(0.0328537646304996,-0.130718818979007,0.142204881035473));
#8701=CARTESIAN_POINT('',(0.032836582026967,-0.130706349578104,0.142249249832306));
#8702=CARTESIAN_POINT('',(0.0328283678117344,-0.130697935321496,0.14226976331776));
#8703=CARTESIAN_POINT('',(0.0328053155335075,-0.130667808369596,0.142326885976537));
#8704=CARTESIAN_POINT('',(0.03278964734543,-0.130640778251054,0.14236265656335));
#8705=CARTESIAN_POINT('',(0.0327769978088878,-0.130607964662167,0.142397395259043));
#8706=CARTESIAN_POINT('',(0.0328913752303538,-0.130734317070245,0.142158254565077));
#8707=CARTESIAN_POINT('',(0.0328842501804053,-0.130734637159948,0.142189062866764));
#8708=CARTESIAN_POINT('',(0.0328769474663053,-0.13073113468942,0.142216680970256));
#8709=CARTESIAN_POINT('',(0.0328623651842916,-0.130718850792376,0.142266301327856));
#8710=CARTESIAN_POINT('',(0.0328550856163793,-0.130710075190737,0.142288323797344));
#8711=CARTESIAN_POINT('',(0.0328338493433144,-0.130678889739442,0.142347536729224));
#8712=CARTESIAN_POINT('',(0.0328174424569512,-0.1306503043401,0.142383032042789));
#8713=CARTESIAN_POINT('',(0.0328031287081646,-0.130616559303407,0.142417611625592));
#8714=CARTESIAN_POINT('',(0.0329316852206465,-0.130751576517972,0.142164268256612));
#8715=CARTESIAN_POINT('',(0.032927744465968,-0.130753651450355,0.142201947994561));
#8716=CARTESIAN_POINT('',(0.0329230789141996,-0.130750353608011,0.142234798481778));
#8717=CARTESIAN_POINT('',(0.032912819978079,-0.13073735183635,0.142292033179322));
#8718=CARTESIAN_POINT('',(0.032907226593733,-0.130727670981079,0.142316487874661));
#8719=CARTESIAN_POINT('',(0.0328898373328476,-0.130693878703706,0.142380494314065));
#8720=CARTESIAN_POINT('',(0.0328740501788404,-0.130662863386619,0.142417074183353));
#8721=CARTESIAN_POINT('',(0.032859456813387,-0.13062735614841,0.142453460408184));
#8722=CARTESIAN_POINT('',(0.0329525454382611,-0.130758717111426,0.142167328569053));
#8723=CARTESIAN_POINT('',(0.0329497215899248,-0.130760902704116,0.142206795979687));
#8724=CARTESIAN_POINT('',(0.0329460371822967,-0.130757267684826,0.142241131221654));
#8725=CARTESIAN_POINT('',(0.0329375233904795,-0.13074339136282,0.14230076736432));
#8726=CARTESIAN_POINT('',(0.0329326940062998,-0.130733184558443,0.142326168804284));
#8727=CARTESIAN_POINT('',(0.032917352599905,-0.130697886499535,0.142392928516132));
#8728=CARTESIAN_POINT('',(0.0329029077158028,-0.13066600979782,0.142430874279208));
#8729=CARTESIAN_POINT('',(0.0328895893763853,-0.13062961136144,0.142469117083497));
#8730=CARTESIAN_POINT('',(0.0330172873884401,-0.130775374987632,0.142176667583359));
#8731=CARTESIAN_POINT('',(0.0330154903934849,-0.130776862746306,0.142217831655969));
#8732=CARTESIAN_POINT('',(0.0330133853518993,-0.130772046361519,0.142254380065576));
#8733=CARTESIAN_POINT('',(0.0330087097776377,-0.130755558334322,0.142318815004349));
#8734=CARTESIAN_POINT('',(0.0330061392449807,-0.130743954786752,0.142346861106015));
#8735=CARTESIAN_POINT('',(0.032997955309533,-0.130704081785106,0.142422838673935));
#8736=CARTESIAN_POINT('',(0.0329902199127495,-0.130669447346044,0.142466325311874));
#8737=CARTESIAN_POINT('',(0.0329824845813277,-0.130629080086182,0.142509900956237));
#8738=CARTESIAN_POINT('',(0.033063183601205,-0.130781743951167,0.14218313094789));
#8739=CARTESIAN_POINT('',(0.0330625521950443,-0.130782381664539,0.142221053208594));
#8740=CARTESIAN_POINT('',(0.0330615322104421,-0.130776956254835,0.142256380005074));
#8741=CARTESIAN_POINT('',(0.0330590414818741,-0.130758850193839,0.142321087591591));
#8742=CARTESIAN_POINT('',(0.0330575707379336,-0.130746259133218,0.142350625803587));
#8743=CARTESIAN_POINT('',(0.0330529719578832,-0.130702007235797,0.142433764827513));
#8744=CARTESIAN_POINT('',(0.0330496573737014,-0.130663989880018,0.142482388245594));
#8745=CARTESIAN_POINT('',(0.033047399622023,-0.130619313402196,0.14252900522793));
#8746=CARTESIAN_POINT('',(0.0331119132725031,-0.130781743951167,0.142189797983662));
#8747=CARTESIAN_POINT('',(0.0331119132370793,-0.130781743951167,0.142223615970043));
#8748=CARTESIAN_POINT('',(0.0331119132177652,-0.130776780000285,0.142257390684808));
#8749=CARTESIAN_POINT('',(0.0331119132016125,-0.130758349539532,0.142322467018401));
#8750=CARTESIAN_POINT('',(0.033111913204799,-0.130744969012982,0.142353760035071));
#8751=CARTESIAN_POINT('',(0.0331119132279925,-0.130696238234697,0.142442742009581));
#8752=CARTESIAN_POINT('',(0.0331119132617906,-0.130652789744127,0.142495528885998));
#8753=CARTESIAN_POINT('',(0.0331119132481891,-0.130604967198993,0.142543351431133));
#8754=CARTESIAN_POINT('',(0.0331119132481891,-0.130604967142113,0.142543351488012));
#8755=CARTESIAN_POINT('',(0.0331119132562937,-0.130722818348149,0.142425500319896));
#8756=CARTESIAN_POINT('',(0.0331119132643984,-0.130781743951167,0.142307649151779));
#8757=CARTESIAN_POINT('',(0.0331119132725031,-0.130781743951167,0.142189797983662));
#8758=CARTESIAN_POINT('',(0.0327541703833365,-0.130596143747104,0.142375421836231));
#8759=CARTESIAN_POINT('',(0.0328336606938036,-0.130637384469013,0.14245201647885));
#8760=CARTESIAN_POINT('',(0.032952890656039,-0.130640328632634,0.142507989997491));
#8761=CARTESIAN_POINT('',(0.0331118613806882,-0.130604978735031,0.142543339895095));
#8762=CARTESIAN_POINT('',(0.0327541863333876,-0.130596128374711,0.142375413560118));
#8763=CARTESIAN_POINT('',(0.032853165697489,-0.130712689068935,0.14215240204791));
#8764=CARTESIAN_POINT('',(0.0328417300089811,-0.130708530543467,0.142170968850242));
#8765=CARTESIAN_POINT('',(0.0328310617070136,-0.130703021874243,0.142189549746207));
#8766=CARTESIAN_POINT('',(0.0328113830434882,-0.130689154699479,0.142226690052311));
#8767=CARTESIAN_POINT('',(0.0328023726819304,-0.130680796193938,0.142245249462451));
#8768=CARTESIAN_POINT('',(0.0327780132588653,-0.130651221599629,0.1423008209545));
#8769=CARTESIAN_POINT('',(0.0327643080777389,-0.130626664888516,0.142338209994046));
#8770=CARTESIAN_POINT('',(0.0327541863333876,-0.130596128374711,0.142375413560118));
#8771=CARTESIAN_POINT('',(0.0244627829249646,-0.147255291338797,0.125609799790203));
#8772=CARTESIAN_POINT('',(0.0244701070038604,-0.147233825398047,0.125602449167495));
#8773=CARTESIAN_POINT('',(0.0244765875967739,-0.147212377642562,0.125593491123192));
#8774=CARTESIAN_POINT('',(0.0244876049353944,-0.147169713208773,0.125572059835691));
#8775=CARTESIAN_POINT('',(0.0244921416811015,-0.147148496530469,0.125559586592494));
#8776=CARTESIAN_POINT('',(0.0245024508345505,-0.147085485171308,0.125516443531011));
#8777=CARTESIAN_POINT('',(0.0245067273983346,-0.14704283572786,0.125482036087524));
#8778=CARTESIAN_POINT('',(0.0245067273983322,-0.147001005744641,0.125440206104308));
#8779=CARTESIAN_POINT('',(0.024485654318933,-0.147292424941089,0.125601482751368));
#8780=CARTESIAN_POINT('',(0.0245061196966948,-0.14726902303915,0.12558748935638));
#8781=CARTESIAN_POINT('',(0.024521339388657,-0.147245783630209,0.125573104820435));
#8782=CARTESIAN_POINT('',(0.0245433207895763,-0.14720053466717,0.125544112551719));
#8783=CARTESIAN_POINT('',(0.0245500824985335,-0.147178525113071,0.125529504818947));
#8784=CARTESIAN_POINT('',(0.0245607307337882,-0.147115698536302,0.125486185453019));
#8785=CARTESIAN_POINT('',(0.0245580939742769,-0.1470694887673,0.125455383511921));
#8786=CARTESIAN_POINT('',(0.024549798212393,-0.147023354092684,0.125417857756264));
#8787=CARTESIAN_POINT('',(0.0245054561635106,-0.147329614916665,0.125587765132846));
#8788=CARTESIAN_POINT('',(0.0245310209580408,-0.147305630754561,0.125570436692377));
#8789=CARTESIAN_POINT('',(0.0245491876271492,-0.147281603000419,0.125552943392877));
#8790=CARTESIAN_POINT('',(0.0245748109186673,-0.147235103096826,0.125519267380533));
#8791=CARTESIAN_POINT('',(0.024582338885371,-0.147212585453341,0.125503070903998));
#8792=CARTESIAN_POINT('',(0.0245947828283755,-0.147148018316692,0.125457005200191));
#8793=CARTESIAN_POINT('',(0.0245923440727406,-0.147100546531502,0.125426437190908));
#8794=CARTESIAN_POINT('',(0.0245861675082281,-0.147051893916356,0.12538931793259));
#8795=CARTESIAN_POINT('',(0.024537935414832,-0.14740371022944,0.125548332345612));
#8796=CARTESIAN_POINT('',(0.0245652408017913,-0.147377655978393,0.125531739765547));
#8797=CARTESIAN_POINT('',(0.0245851428963131,-0.147351813221011,0.125513525642147));
#8798=CARTESIAN_POINT('',(0.024614404144227,-0.147302471762669,0.125476995689569));
#8799=CARTESIAN_POINT('',(0.0246239190353188,-0.147278890995031,0.125458667057991));
#8800=CARTESIAN_POINT('',(0.0246433815744842,-0.147210711352787,0.125404555445311));
#8801=CARTESIAN_POINT('',(0.0246456803884589,-0.147164421627836,0.1253676695868));
#8802=CARTESIAN_POINT('',(0.0246436079772622,-0.147115599867297,0.125325611981647));
#8803=CARTESIAN_POINT('',(0.0245516406037999,-0.14744109926319,0.125523775633155));
#8804=CARTESIAN_POINT('',(0.0245769798783986,-0.147416652698122,0.125509662262324));
#8805=CARTESIAN_POINT('',(0.0245963351196447,-0.147391403476222,0.125492865159558));
#8806=CARTESIAN_POINT('',(0.0246260128292056,-0.147341792682743,0.125457099759454));
#8807=CARTESIAN_POINT('',(0.0246365040843322,-0.147317357965876,0.125438133384694));
#8808=CARTESIAN_POINT('',(0.0246599136414639,-0.147245078274285,0.125379206633772));
#8809=CARTESIAN_POINT('',(0.0246651774907092,-0.147197972076346,0.125337115187329));
#8810=CARTESIAN_POINT('',(0.0246649796587517,-0.147150589552477,0.125290622296467));
#8811=CARTESIAN_POINT('',(0.0245617623522649,-0.147478302821949,0.125493239112884));
#8812=CARTESIAN_POINT('',(0.0245845738312236,-0.1474563211308,0.125481402817652));
#8813=CARTESIAN_POINT('',(0.0246040077539501,-0.147432630186948,0.125466355102968));
#8814=CARTESIAN_POINT('',(0.0246354721153937,-0.147383879919511,0.125431598597387));
#8815=CARTESIAN_POINT('',(0.0246475547505585,-0.147358856281492,0.125411948706406));
#8816=CARTESIAN_POINT('',(0.0246747056668011,-0.147283962246988,0.125349130030773));
#8817=CARTESIAN_POINT('',(0.0246810047524377,-0.147234443819835,0.125302413119378));
#8818=CARTESIAN_POINT('',(0.0246810047524375,-0.1471866212747,0.125254590574243));
#8819=CARTESIAN_POINT('',(0.0244627829249646,-0.147255291338797,0.125609799790203));
#8820=CARTESIAN_POINT('',(0.024485654318933,-0.147292424941089,0.125601482751368));
#8821=CARTESIAN_POINT('',(0.0245054561635106,-0.147329614916665,0.125587765132846));
#8822=CARTESIAN_POINT('',(0.024537935414832,-0.14740371022944,0.125548332345612));
#8823=CARTESIAN_POINT('',(0.0245516406037999,-0.14744109926319,0.125523775633155));
#8824=CARTESIAN_POINT('',(0.0245617623522649,-0.147478302821949,0.125493239112884));
#8825=CARTESIAN_POINT('',(0.0245617623522649,-0.147478302821949,0.125493239112884));
#8826=CARTESIAN_POINT('',(0.0244627829249646,-0.147255291338797,0.125609799790203));
#8827=CARTESIAN_POINT('',(0.0246810299137829,-0.14718661567699,0.125254596171954));
#8828=CARTESIAN_POINT('',(0.0246810289231524,-0.147304472463875,0.125372457411659));
#8829=CARTESIAN_POINT('',(0.0246412786331533,-0.147401704826468,0.125452009627196));
#8830=CARTESIAN_POINT('',(0.0245617783023132,-0.147478311098062,0.125493254485272));
#8831=CARTESIAN_POINT('',(0.0245067273983323,-0.147001005744641,0.125440206104308));
#8832=CARTESIAN_POINT('',(0.0245862223317846,-0.14704225364021,0.125398958208738));
#8833=CARTESIAN_POINT('',(0.0246443147831534,-0.147104125483563,0.125337086365382));
#8834=CARTESIAN_POINT('',(0.0246810047524386,-0.147186621274702,0.125254590574241));
#8835=CARTESIAN_POINT('',(0.0245067273983322,-0.147001005744641,0.125440206104308));
#8836=CARTESIAN_POINT('',(0.0244627829249646,-0.147255291338797,0.125609799790203));
#8837=CARTESIAN_POINT('',(0.0244701070038604,-0.147233825398047,0.125602449167495));
#8838=CARTESIAN_POINT('',(0.0244765875967739,-0.147212377642562,0.125593491123192));
#8839=CARTESIAN_POINT('',(0.0244876049353944,-0.147169713208773,0.125572059835691));
#8840=CARTESIAN_POINT('',(0.0244921416811015,-0.147148496530469,0.125559586592494));
#8841=CARTESIAN_POINT('',(0.0245024508345505,-0.147085485171308,0.125516443531011));
#8842=CARTESIAN_POINT('',(0.0245067273983346,-0.14704283572786,0.125482036087524));
#8843=CARTESIAN_POINT('',(0.0245067273983322,-0.147001005744641,0.125440206104308));
#8844=CARTESIAN_POINT('',(0.0244627829249646,-0.147255291338797,0.125609799790203));
#8845=CARTESIAN_POINT('',(0.0244252633732043,-0.147261089618006,0.125632818074454));
#8846=CARTESIAN_POINT('',(0.0243849837707095,-0.14726710486122,0.12565027519043));
#8847=CARTESIAN_POINT('',(0.0242986611043501,-0.147279556886049,0.125672485682069));
#8848=CARTESIAN_POINT('',(0.0242527648577459,-0.147286020253393,0.125678854642956));
#8849=CARTESIAN_POINT('',(0.0242040351517769,-0.147292687291878,0.125678854642956));
#8850=CARTESIAN_POINT('',(0.0244701070038604,-0.147233825398047,0.125602449167495));
#8851=CARTESIAN_POINT('',(0.0244254701444341,-0.147227176041554,0.125629336353475));
#8852=CARTESIAN_POINT('',(0.0243818040030063,-0.147228205785154,0.125647861643818));
#8853=CARTESIAN_POINT('',(0.0242968520165436,-0.147238395689553,0.125671000007502));
#8854=CARTESIAN_POINT('',(0.0242521334783705,-0.147248097991254,0.125678216929324));
#8855=CARTESIAN_POINT('',(0.0242040351517708,-0.147258869305497,0.125678854642956));
#8856=CARTESIAN_POINT('',(0.0244765875967739,-0.147212377642562,0.125593491123192));
#8857=CARTESIAN_POINT('',(0.0244268771750106,-0.147196769536695,0.125622118797237));
#8858=CARTESIAN_POINT('',(0.0243807617819464,-0.147194210873073,0.125640335288478));
#8859=CARTESIAN_POINT('',(0.0242960274293774,-0.147201798023744,0.12566354044144));
#8860=CARTESIAN_POINT('',(0.0242520284087451,-0.147212750888621,0.125671517315491));
#8861=CARTESIAN_POINT('',(0.0242040351517647,-0.147225094275735,0.125673890620983));
#8862=CARTESIAN_POINT('',(0.0244876049353944,-0.147169713208773,0.125572059835691));
#8863=CARTESIAN_POINT('',(0.024431248494356,-0.147142383006152,0.125602263805937));
#8864=CARTESIAN_POINT('',(0.0243817249775918,-0.147134915447201,0.125619454657727));
#8865=CARTESIAN_POINT('',(0.0242958913259275,-0.147137203083714,0.125642264214262));
#8866=CARTESIAN_POINT('',(0.0242524647334023,-0.14714796765665,0.125650924829305));
#8867=CARTESIAN_POINT('',(0.0242040351517538,-0.147160018251501,0.125655460224344));
#8868=CARTESIAN_POINT('',(0.0244921416811015,-0.147148496530469,0.125559586592494));
#8869=CARTESIAN_POINT('',(0.024434212783125,-0.147118402980467,0.125589626370874));
#8870=CARTESIAN_POINT('',(0.0243837303942971,-0.14710953258,0.125606123779306));
#8871=CARTESIAN_POINT('',(0.0242965798096438,-0.147109043423245,0.12562851598483));
#8872=CARTESIAN_POINT('',(0.0242530061276849,-0.147118371461636,0.12563712202634));
#8873=CARTESIAN_POINT('',(0.0242040351517488,-0.147128726539313,0.125642080400499));
#8874=CARTESIAN_POINT('',(0.0245024508345505,-0.147085485171308,0.125516443531011));
#8875=CARTESIAN_POINT('',(0.02444417664597,-0.147055221126159,0.125546661934983));
#8876=CARTESIAN_POINT('',(0.0243924769177789,-0.147043046239311,0.125561975941561));
#8877=CARTESIAN_POINT('',(0.0243002309715179,-0.147032657394793,0.125582607493347));
#8878=CARTESIAN_POINT('',(0.0242549907730069,-0.14703497194246,0.125589310894387));
#8879=CARTESIAN_POINT('',(0.0242040351517362,-0.147039741655738,0.125593348114406));
#8880=CARTESIAN_POINT('',(0.0245067273983346,-0.14704283572786,0.125482036087524));
#8881=CARTESIAN_POINT('',(0.0244553608223923,-0.147016182688419,0.125508688663127));
#8882=CARTESIAN_POINT('',(0.0244046105938011,-0.147003135746725,0.125523846362593));
#8883=CARTESIAN_POINT('',(0.0243058848533767,-0.146988108269173,0.125543980178703));
#8884=CARTESIAN_POINT('',(0.02425679448652,-0.146986069991143,0.125549014037518));
#8885=CARTESIAN_POINT('',(0.0242040351517308,-0.146986954582239,0.125549898628613));
#8886=CARTESIAN_POINT('',(0.0245067273983322,-0.147001005744641,0.125440206104308));
#8887=CARTESIAN_POINT('',(0.0244636565842712,-0.146978657396598,0.125462554452352));
#8888=CARTESIAN_POINT('',(0.0244142433487813,-0.146962686974936,0.125478524874015));
#8889=CARTESIAN_POINT('',(0.0243110695151244,-0.146943053319087,0.125498158529863));
#8890=CARTESIAN_POINT('',(0.0242574541942941,-0.146939133901286,0.125502077947661));
#8891=CARTESIAN_POINT('',(0.0242040351517285,-0.146939133901285,0.125502077947659));
#8892=CARTESIAN_POINT('',(0.0242040351517285,-0.146939133901285,0.125502077947659));
#8893=CARTESIAN_POINT('',(0.0243263350493462,-0.146939133901286,0.12550207794766));
#8894=CARTESIAN_POINT('',(0.0244272324648808,-0.146959757849071,0.125481453999877));
#8895=CARTESIAN_POINT('',(0.0245067273983323,-0.147001005744641,0.125440206104308));
#8896=CARTESIAN_POINT('',(0.0242040351517769,-0.147292687291878,0.125678854642955));
#8897=CARTESIAN_POINT('',(0.0242040351517608,-0.147174836161681,0.125678854642955));
#8898=CARTESIAN_POINT('',(0.0242040351517446,-0.147056985031483,0.125619929077856));
#8899=CARTESIAN_POINT('',(0.0242040351517285,-0.146939133901286,0.125502077947658));
#8900=CARTESIAN_POINT('',(0.0242040351517769,-0.147292687291878,0.125678854642956));
#8901=CARTESIAN_POINT('',(0.0244627829249646,-0.147255291338797,0.125609799790203));
#8902=CARTESIAN_POINT('',(0.0244252633732043,-0.147261089618006,0.125632818074454));
#8903=CARTESIAN_POINT('',(0.0243849837707095,-0.14726710486122,0.12565027519043));
#8904=CARTESIAN_POINT('',(0.0242986611043501,-0.147279556886049,0.125672485682069));
#8905=CARTESIAN_POINT('',(0.0242527648577459,-0.147286020253393,0.125678854642956));
#8906=CARTESIAN_POINT('',(0.0242040351517769,-0.147292687291878,0.125678854642956));
#8907=CARTESIAN_POINT('',(0.0328531657764645,-0.147255291339797,0.125609799788493));
#8908=CARTESIAN_POINT('',(0.0328458416979872,-0.147233825399067,0.125602449165851));
#8909=CARTESIAN_POINT('',(0.0328393611054906,-0.147212377643597,0.12559349112165));
#8910=CARTESIAN_POINT('',(0.032828343767694,-0.147169713209822,0.125572059834434));
#8911=CARTESIAN_POINT('',(0.0328238070223941,-0.147148496531518,0.12555958659142));
#8912=CARTESIAN_POINT('',(0.0328134978701423,-0.147085485172324,0.125516443530619));
#8913=CARTESIAN_POINT('',(0.0328092213071731,-0.147042835728854,0.12548203608771));
#8914=CARTESIAN_POINT('',(0.0328092213079591,-0.147001005745572,0.125440206105244));
#8915=CARTESIAN_POINT('',(0.0328906853264041,-0.147261089618828,0.125632818073314));
#8916=CARTESIAN_POINT('',(0.0328904785552437,-0.147227176042364,0.125629336352684));
#8917=CARTESIAN_POINT('',(0.0328890715249172,-0.147196769595537,0.1256221188546));
#8918=CARTESIAN_POINT('',(0.032884700206363,-0.147142383210072,0.125602264008462));
#8919=CARTESIAN_POINT('',(0.0328817359181353,-0.147118403271434,0.125589626660408));
#8920=CARTESIAN_POINT('',(0.0328717720572477,-0.147055221591182,0.125546662398692));
#8921=CARTESIAN_POINT('',(0.0328605878825758,-0.147016183153502,0.125508689127068));
#8922=CARTESIAN_POINT('',(0.0328522921220199,-0.146978657397729,0.125462554453488));
#8923=CARTESIAN_POINT('',(0.0329309649270337,-0.147267104861869,0.125650275189698));
#8924=CARTESIAN_POINT('',(0.0329341448361396,-0.14722820580572,0.12564786164341));
#8925=CARTESIAN_POINT('',(0.032935187106858,-0.147194211022496,0.125640335372981));
#8926=CARTESIAN_POINT('',(0.0329342239081523,-0.147134915625865,0.125619454853504));
#8927=CARTESIAN_POINT('',(0.032932218438728,-0.147109532499689,0.125606123859502));
#8928=CARTESIAN_POINT('',(0.0329234717252703,-0.147043046966177,0.125561976552179));
#8929=CARTESIAN_POINT('',(0.0329113378801592,-0.147003136533274,0.125523847190549));
#8930=CARTESIAN_POINT('',(0.0329017052378976,-0.146962686913655,0.125478524937757));
#8931=CARTESIAN_POINT('',(0.0330172875895577,-0.147279556886364,0.125672485681915));
#8932=CARTESIAN_POINT('',(0.0330190969607995,-0.147238395729796,0.125671000007496));
#8933=CARTESIAN_POINT('',(0.0330199217954279,-0.147201798297665,0.125663540559375));
#8934=CARTESIAN_POINT('',(0.0330200583390292,-0.147137203075599,0.125642264371948));
#8935=CARTESIAN_POINT('',(0.033019370048001,-0.147109042410667,0.125628515638566));
#8936=CARTESIAN_POINT('',(0.0330157194080277,-0.147032658378455,0.125582608418644));
#8937=CARTESIAN_POINT('',(0.0330100657992,-0.146988109372097,0.125543981843564));
#8938=CARTESIAN_POINT('',(0.033004881405145,-0.146943052984001,0.125498158866863));
#8939=CARTESIAN_POINT('',(0.0330631838341991,-0.147286020253545,0.125678854642956));
#8940=CARTESIAN_POINT('',(0.0330638154975567,-0.147248098031359,0.125678216929339));
#8941=CARTESIAN_POINT('',(0.0330639208054988,-0.147212751227182,0.12567151740892));
#8942=CARTESIAN_POINT('',(0.033063484892975,-0.147147967611834,0.125650924830746));
#8943=CARTESIAN_POINT('',(0.0330629436725077,-0.147118370076205,0.125637121274746));
#8944=CARTESIAN_POINT('',(0.0330609594924455,-0.147034973304256,0.12558931160424));
#8945=CARTESIAN_POINT('',(0.0330591560141811,-0.146986071608979,0.125549015655278));
#8946=CARTESIAN_POINT('',(0.0330584965756101,-0.146939133901876,0.125502077948256));
#8947=CARTESIAN_POINT('',(0.0331119135381569,-0.147292687291873,0.125678854642956));
#8948=CARTESIAN_POINT('',(0.0331119135402173,-0.147258869305491,0.125678854642956));
#8949=CARTESIAN_POINT('',(0.0331119135422738,-0.147225094594282,0.125673890695629));
#8950=CARTESIAN_POINT('',(0.0331119135460147,-0.147160018271353,0.125655460245541));
#8951=CARTESIAN_POINT('',(0.0331119135476977,-0.147128725261793,0.1256420797261));
#8952=CARTESIAN_POINT('',(0.033111913551959,-0.147039743308612,0.125593348969144));
#8953=CARTESIAN_POINT('',(0.0331119135537405,-0.146986956446414,0.125549900492794));
#8954=CARTESIAN_POINT('',(0.0331119135545625,-0.146939133901279,0.125502077947659));
#8955=CARTESIAN_POINT('',(0.0328531657764645,-0.147255291339797,0.125609799788493));
#8956=CARTESIAN_POINT('',(0.0328906853264041,-0.147261089618828,0.125632818073314));
#8957=CARTESIAN_POINT('',(0.0329309649270337,-0.147267104861869,0.125650275189698));
#8958=CARTESIAN_POINT('',(0.0330172875895577,-0.147279556886364,0.125672485681915));
#8959=CARTESIAN_POINT('',(0.0330631838341991,-0.147286020253545,0.125678854642956));
#8960=CARTESIAN_POINT('',(0.0331119135381569,-0.147292687291873,0.125678854642956));
#8961=CARTESIAN_POINT('',(0.0331119135381569,-0.147292687291873,0.125678854642956));
#8962=CARTESIAN_POINT('',(0.0328531657764645,-0.147255291339797,0.125609799788493));
#8963=CARTESIAN_POINT('',(0.0331119135545625,-0.146939133901279,0.125502077947659));
#8964=CARTESIAN_POINT('',(0.033111913549094,-0.147056985031477,0.125619929077857));
#8965=CARTESIAN_POINT('',(0.0331119135436254,-0.147174836161675,0.125678854642956));
#8966=CARTESIAN_POINT('',(0.0331119135381569,-0.147292687291873,0.125678854642956));
#8967=CARTESIAN_POINT('',(0.0328092213079591,-0.147001005745572,0.125440206105244));
#8968=CARTESIAN_POINT('',(0.0328887162414112,-0.14695975784969,0.125481454000501));
#8969=CARTESIAN_POINT('',(0.0329896136569468,-0.146939133901592,0.125502077947972));
#8970=CARTESIAN_POINT('',(0.0331119135545658,-0.146939133901279,0.125502077947659));
#8971=CARTESIAN_POINT('',(0.0328092213079591,-0.147001005745572,0.125440206105244));
#8972=CARTESIAN_POINT('',(0.0328531657764645,-0.147255291339797,0.125609799788493));
#8973=CARTESIAN_POINT('',(0.0328458416979873,-0.147233825399067,0.125602449165851));
#8974=CARTESIAN_POINT('',(0.0328393611054906,-0.147212377643597,0.12559349112165));
#8975=CARTESIAN_POINT('',(0.032828343767694,-0.147169713209822,0.125572059834434));
#8976=CARTESIAN_POINT('',(0.0328238070223941,-0.147148496531518,0.12555958659142));
#8977=CARTESIAN_POINT('',(0.0328134978701423,-0.147085485172324,0.125516443530619));
#8978=CARTESIAN_POINT('',(0.0328092213071731,-0.147042835728854,0.12548203608771));
#8979=CARTESIAN_POINT('',(0.0328092213079591,-0.147001005745572,0.125440206105244));
#8980=CARTESIAN_POINT('',(0.0328531657764645,-0.147255291339797,0.125609799788493));
#8981=CARTESIAN_POINT('',(0.0328302943834793,-0.147292424942227,0.125601482748956));
#8982=CARTESIAN_POINT('',(0.0328104925396979,-0.147329614918013,0.125587765130003));
#8983=CARTESIAN_POINT('',(0.0327780132895696,-0.147403710231366,0.125548332342469));
#8984=CARTESIAN_POINT('',(0.0327643081010566,-0.147441099265452,0.12552377563009));
#8985=CARTESIAN_POINT('',(0.0327541863528302,-0.147478302824635,0.125493239110194));
#8986=CARTESIAN_POINT('',(0.0328458416979873,-0.147233825399067,0.125602449165851));
#8987=CARTESIAN_POINT('',(0.0328098290067717,-0.147269023040359,0.125587489353749));
#8988=CARTESIAN_POINT('',(0.0327849277752013,-0.14730563064779,0.125570436777752));
#8989=CARTESIAN_POINT('',(0.0327507079611959,-0.147377655763807,0.125531739939245));
#8990=CARTESIAN_POINT('',(0.0327389688846936,-0.147416652483714,0.125509662436293));
#8991=CARTESIAN_POINT('',(0.0327313748740722,-0.147456321133035,0.125481402815412));
#8992=CARTESIAN_POINT('',(0.0328393611054906,-0.147212377643597,0.12559349112165));
#8993=CARTESIAN_POINT('',(0.0327946093155113,-0.147245783573475,0.125573104759841));
#8994=CARTESIAN_POINT('',(0.032766761091807,-0.147281602747065,0.125552943411443));
#8995=CARTESIAN_POINT('',(0.0327308058628946,-0.147351812647036,0.125513525823984));
#8996=CARTESIAN_POINT('',(0.032719613576397,-0.147391402875251,0.125492865328503));
#8997=CARTESIAN_POINT('',(0.0327119407870042,-0.147432629955588,0.125466354941125));
#8998=CARTESIAN_POINT('',(0.032828343767694,-0.147169713209822,0.125572059834434));
#8999=CARTESIAN_POINT('',(0.0327726279155636,-0.14720053446548,0.125544112346516));
#9000=CARTESIAN_POINT('',(0.0327411378551378,-0.147235102788402,0.125519267314368));
#9001=CARTESIAN_POINT('',(0.0327015449638696,-0.147302471062497,0.125476996240418));
#9002=CARTESIAN_POINT('',(0.0326899361864334,-0.147341792086752,0.125457100399124));
#9003=CARTESIAN_POINT('',(0.0326804765912933,-0.147383879900322,0.125431598575518));
#9004=CARTESIAN_POINT('',(0.0328238070223941,-0.147148496531518,0.12555958659142));
#9005=CARTESIAN_POINT('',(0.0327658662068765,-0.14717852482437,0.1255295045271));
#9006=CARTESIAN_POINT('',(0.0327336099693213,-0.147212585389696,0.125503070967952));
#9007=CARTESIAN_POINT('',(0.0326920304679437,-0.14727889099476,0.125458668417523));
#9008=CARTESIAN_POINT('',(0.0326794453794448,-0.147317358388314,0.125438135099653));
#9009=CARTESIAN_POINT('',(0.0326683943621734,-0.147358857348774,0.125411949591032));
#9010=CARTESIAN_POINT('',(0.0328134978701423,-0.147085485172324,0.125516443530619));
#9011=CARTESIAN_POINT('',(0.0327552179721941,-0.14711569807341,0.125486184988432));
#9012=CARTESIAN_POINT('',(0.0327211657821588,-0.147148017672241,0.125457004508387));
#9013=CARTESIAN_POINT('',(0.0326725675956547,-0.147210709259543,0.125404555630451));
#9014=CARTESIAN_POINT('',(0.0326560350936419,-0.147245076087585,0.125379206749331));
#9015=CARTESIAN_POINT('',(0.0326412425010201,-0.147283960873665,0.125349128896473));
#9016=CARTESIAN_POINT('',(0.0328092213071731,-0.147042835728854,0.12548203608771));
#9017=CARTESIAN_POINT('',(0.0327578547317703,-0.147069488304205,0.125455383048352));
#9018=CARTESIAN_POINT('',(0.032723604592656,-0.147100545887426,0.125426436222546));
#9019=CARTESIAN_POINT('',(0.0326702692813503,-0.147164419015126,0.125367669432888));
#9020=CARTESIAN_POINT('',(0.0326507717542103,-0.147197969247743,0.125337114780903));
#9021=CARTESIAN_POINT('',(0.0326349439538458,-0.147234441955668,0.125302411255179));
#9022=CARTESIAN_POINT('',(0.0328092213079591,-0.147001005745572,0.125440206105244));
#9023=CARTESIAN_POINT('',(0.0327661504938983,-0.147023354093415,0.125417857757));
#9024=CARTESIAN_POINT('',(0.0327297812465088,-0.147051894016236,0.125389317833604));
#9025=CARTESIAN_POINT('',(0.0326723418465661,-0.14711559847475,0.1253256133743));
#9026=CARTESIAN_POINT('',(0.0326509696666237,-0.147150588160439,0.1252906236884));
#9027=CARTESIAN_POINT('',(0.0326349439538539,-0.147186621274696,0.125254590574243));
#9028=CARTESIAN_POINT('',(0.0326349439538538,-0.147186621274696,0.125254590574243));
#9029=CARTESIAN_POINT('',(0.032671633923139,-0.14710412548387,0.125337086365695));
#9030=CARTESIAN_POINT('',(0.0327297263745075,-0.147042253640829,0.125398958209362));
#9031=CARTESIAN_POINT('',(0.0328092213079591,-0.147001005745572,0.125440206105244));
#9032=CARTESIAN_POINT('',(0.0327541704027818,-0.147478311100748,0.125493254482582));
#9033=CARTESIAN_POINT('',(0.0326746700724997,-0.147401704827899,0.125452009625761));
#9034=CARTESIAN_POINT('',(0.0326349197828198,-0.147304472464588,0.125372457410941));
#9035=CARTESIAN_POINT('',(0.0326349187925084,-0.147186615676985,0.125254596171954));
#9036=CARTESIAN_POINT('',(0.0327541863528302,-0.147478302824635,0.125493239110193));
#9037=CARTESIAN_POINT('',(0.0328531657764645,-0.147255291339797,0.125609799788493));
#9038=CARTESIAN_POINT('',(0.0328302943834793,-0.147292424942227,0.125601482748956));
#9039=CARTESIAN_POINT('',(0.0328104925396979,-0.147329614918013,0.125587765130003));
#9040=CARTESIAN_POINT('',(0.0327780132895696,-0.147403710231366,0.125548332342469));
#9041=CARTESIAN_POINT('',(0.0327643081010566,-0.147441099265452,0.12552377563009));
#9042=CARTESIAN_POINT('',(0.0327541863528302,-0.147478302824635,0.125493239110194));
#9043=CARTESIAN_POINT('',(0.0326349439538538,-0.147186621275634,0.125254590575182));
#9044=CARTESIAN_POINT('',(0.0326349439538535,-0.146833067884103,0.12490103718365));
#9045=CARTESIAN_POINT('',(0.0327083238924244,-0.147021629693356,0.12541958215746));
#9046=CARTESIAN_POINT('',(0.0327083238924241,-0.146668076301825,0.125066028765928));
#9047=CARTESIAN_POINT('',(0.0328673137593285,-0.146939133902217,0.125502077948598));
#9048=CARTESIAN_POINT('',(0.0328673137593282,-0.146585580510686,0.125148524557067));
#9049=CARTESIAN_POINT('',(0.033111913554566,-0.146939133902218,0.125502077948598));
#9050=CARTESIAN_POINT('',(0.0331119135545657,-0.146585580510686,0.125148524557066));
#9051=CARTESIAN_POINT('',(0.0331119135218676,-0.146939133901279,0.125502077947659));
#9052=CARTESIAN_POINT('',(0.0343079743531456,-0.146939133901279,0.125502077947659));
#9053=CARTESIAN_POINT('',(0.0331119135218677,-0.147174836162778,0.125737780209158));
#9054=CARTESIAN_POINT('',(0.0343079743531457,-0.147174836162778,0.125737780209158));
#9055=CARTESIAN_POINT('',(0.0331119135218679,-0.147410538424276,0.125737780208055));
#9056=CARTESIAN_POINT('',(0.0343079743531459,-0.147410538424276,0.125737780208054));
#9057=CARTESIAN_POINT('',(0.033111913521868,-0.147646240685775,0.12550207794435));
#9058=CARTESIAN_POINT('',(0.034307974353146,-0.147646240685774,0.12550207794435));
#9059=CARTESIAN_POINT('',(0.0343079743531459,-0.147646240682465,0.125502077947659));
#9060=CARTESIAN_POINT('',(0.0343079743531458,-0.14741053842207,0.125737780208054));
#9061=CARTESIAN_POINT('',(0.0343079743531457,-0.147174836161675,0.125737780208054));
#9062=CARTESIAN_POINT('',(0.0343079743531456,-0.146939133901279,0.125502077947659));
#9063=CARTESIAN_POINT('',(0.0331119135381569,-0.147292687291873,0.125678854642956));
#9064=CARTESIAN_POINT('',(0.0331119135376859,-0.147410538423174,0.125678854642956));
#9065=CARTESIAN_POINT('',(0.0331119135372149,-0.147528389554474,0.125619929076754));
#9066=CARTESIAN_POINT('',(0.0331119135367439,-0.147646240685775,0.12550207794435));
#9067=CARTESIAN_POINT('',(0.0328531657764645,-0.147255291339797,0.125609799788493));
#9068=CARTESIAN_POINT('',(0.0328719255514343,-0.147258190479313,0.125621308930904));
#9069=CARTESIAN_POINT('',(0.0328913753390765,-0.14726114385983,0.125631427781205));
#9070=CARTESIAN_POINT('',(0.0329316853596918,-0.147267157554171,0.125648687222129));
#9071=CARTESIAN_POINT('',(0.0329525455926646,-0.147270217867993,0.125655827812753));
#9072=CARTESIAN_POINT('',(0.0330172875895576,-0.147279556886364,0.125672485681915));
#9073=CARTESIAN_POINT('',(0.0330631838341991,-0.147286020253545,0.125678854642956));
#9074=CARTESIAN_POINT('',(0.0331119135381569,-0.147292687291873,0.125678854642956));
#9075=CARTESIAN_POINT('',(0.0328417300799719,-0.147273858141012,0.125605641268725));
#9076=CARTESIAN_POINT('',(0.0328627331065491,-0.147283915016553,0.125619984844246));
#9077=CARTESIAN_POINT('',(0.0328842502505576,-0.147291952156026,0.125631747876815));
#9078=CARTESIAN_POINT('',(0.0329277444843471,-0.147304837274883,0.12565076215969));
#9079=CARTESIAN_POINT('',(0.0329497215741279,-0.147309685254265,0.125658013409997));
#9080=CARTESIAN_POINT('',(0.0330154903284939,-0.147320720920339,0.125673973442987));
#9081=CARTESIAN_POINT('',(0.0330625521708413,-0.147323942475731,0.125679492356572));
#9082=CARTESIAN_POINT('',(0.0331119135360965,-0.147326505278254,0.125678854642956));
#9083=CARTESIAN_POINT('',(0.0328310617707802,-0.147292439035566,0.125600132604102));
#9084=CARTESIAN_POINT('',(0.0328537647045229,-0.147307770353512,0.125615929683331));
#9085=CARTESIAN_POINT('',(0.0328769474885168,-0.147319570303749,0.125628245371122));
#9086=CARTESIAN_POINT('',(0.0329230788657737,-0.147337687877811,0.125647464263731));
#9087=CARTESIAN_POINT('',(0.0329460371659583,-0.147344020680337,0.125654378330101));
#9088=CARTESIAN_POINT('',(0.0330133850779409,-0.147357269511176,0.125669156973213));
#9089=CARTESIAN_POINT('',(0.0330615319392214,-0.147359269509391,0.125674066890309));
#9090=CARTESIAN_POINT('',(0.0331119135349731,-0.147360280308223,0.125673890620776));
#9091=CARTESIAN_POINT('',(0.0328113830943772,-0.147329579338235,0.1255862654363));
#9092=CARTESIAN_POINT('',(0.0328365820697898,-0.147352139213946,0.125603460236476));
#9093=CARTESIAN_POINT('',(0.0328623651099788,-0.147369190699875,0.125615961400002));
#9094=CARTESIAN_POINT('',(0.0329128198655662,-0.147394922599067,0.125634462432139));
#9095=CARTESIAN_POINT('',(0.0329375235613959,-0.147403656903493,0.125640501968632));
#9096=CARTESIAN_POINT('',(0.0330087091607014,-0.147421704077719,0.125652668951123));
#9097=CARTESIAN_POINT('',(0.0330590407395298,-0.14742397659648,0.125655960985451));
#9098=CARTESIAN_POINT('',(0.0331119135340336,-0.147425356333077,0.125655460223517));
#9099=CARTESIAN_POINT('',(0.0328023727271659,-0.147348138746351,0.125577906933119));
#9100=CARTESIAN_POINT('',(0.0328283678370829,-0.147372652737421,0.125595045950537));
#9101=CARTESIAN_POINT('',(0.0328550854934819,-0.147391213121705,0.125607185792954));
#9102=CARTESIAN_POINT('',(0.0329072264839323,-0.147419377034316,0.125624781705544));
#9103=CARTESIAN_POINT('',(0.0329326943650038,-0.147429057987569,0.125630295388376));
#9104=CARTESIAN_POINT('',(0.0330061384940161,-0.147449749120268,0.125641065903538));
#9105=CARTESIAN_POINT('',(0.0330575697714595,-0.147453513396183,0.125643370689292));
#9106=CARTESIAN_POINT('',(0.0331119135342189,-0.147456648045678,0.125642080399258));
#9107=CARTESIAN_POINT('',(0.0327780132895696,-0.147403710231366,0.125548332342469));
#9108=CARTESIAN_POINT('',(0.0328053155183437,-0.147429775468235,0.125564918940424));
#9109=CARTESIAN_POINT('',(0.0328338491011681,-0.147450426279144,0.125576000156385));
#9110=CARTESIAN_POINT('',(0.0328898372794535,-0.147483384338539,0.125590989009868));
#9111=CARTESIAN_POINT('',(0.0329173535799379,-0.147495819142319,0.125594996759405));
#9112=CARTESIAN_POINT('',(0.0329979542137892,-0.147525728633594,0.125601191828988));
#9113=CARTESIAN_POINT('',(0.0330529703623621,-0.147536655067593,0.125599117591165));
#9114=CARTESIAN_POINT('',(0.033111913535568,-0.147545632930495,0.125593348111924));
#9115=CARTESIAN_POINT('',(0.0327643081010566,-0.147441099265452,0.12552377563009));
#9116=CARTESIAN_POINT('',(0.0327896473174196,-0.14746554604719,0.125537888823886));
#9117=CARTESIAN_POINT('',(0.0328174421685877,-0.14748592156589,0.125547414693242));
#9118=CARTESIAN_POINT('',(0.0328740502252093,-0.147519964299036,0.12555997348733));
#9119=CARTESIAN_POINT('',(0.0329029091853373,-0.147533765194467,0.125563119743678));
#9120=CARTESIAN_POINT('',(0.0329902186624356,-0.147569215340769,0.125566556723925));
#9121=CARTESIAN_POINT('',(0.0330496554164576,-0.147585278662262,0.125561099463211));
#9122=CARTESIAN_POINT('',(0.0331119135375343,-0.147598420004821,0.125549898625304));
#9123=CARTESIAN_POINT('',(0.0327541863528302,-0.147478302824635,0.125493239110194));
#9124=CARTESIAN_POINT('',(0.0327769978315883,-0.147500284516235,0.125505075404975));
#9125=CARTESIAN_POINT('',(0.0328031284842334,-0.147520500697242,0.125513669987851));
#9126=CARTESIAN_POINT('',(0.0328594568789983,-0.147556349649944,0.125524466907989));
#9127=CARTESIAN_POINT('',(0.0328895908197245,-0.147572006924396,0.125526722123656));
#9128=CARTESIAN_POINT('',(0.0329824831152111,-0.147612789428944,0.125526190815333));
#9129=CARTESIAN_POINT('',(0.0330473973961139,-0.147631893922298,0.125516424707827));
#9130=CARTESIAN_POINT('',(0.0331119135367439,-0.147646240685775,0.12550207794435));
#9131=CARTESIAN_POINT('',(0.0331118614283545,-0.147646229096176,0.125502089533949));
#9132=CARTESIAN_POINT('',(0.0329528906902449,-0.147610879228831,0.125537439401294));
#9133=CARTESIAN_POINT('',(0.0328336607192922,-0.147554905729783,0.125534495218077));
#9134=CARTESIAN_POINT('',(0.0327541704027818,-0.147478311100748,0.125493254482582));
#9135=CARTESIAN_POINT('',(0.0343079743531456,-0.146939133901279,0.125502077947659));
#9136=CARTESIAN_POINT('',(0.0345258594738193,-0.146939133901282,0.125502077947663));
#9137=CARTESIAN_POINT('',(0.0347079743531455,-0.146810359235145,0.125630852613779));
#9138=CARTESIAN_POINT('',(0.0347079743531454,-0.146656291188804,0.125784920660134));
#9139=CARTESIAN_POINT('',(0.0343079743531458,-0.147292687291872,0.125855631338252));
#9140=CARTESIAN_POINT('',(0.0345258594738697,-0.147292687291818,0.125855631338314));
#9141=CARTESIAN_POINT('',(0.0347079743530776,-0.147163912625781,0.125984406004329));
#9142=CARTESIAN_POINT('',(0.0347079743531456,-0.147009844579397,0.126138474050727));
#9143=CARTESIAN_POINT('',(0.034307974353146,-0.147646240682465,0.125502077947659));
#9144=CARTESIAN_POINT('',(0.0347982158747865,-0.147646240682339,0.125502077947785));
#9145=CARTESIAN_POINT('',(0.0352079743529772,-0.147356497683773,0.125791820946351));
#9146=CARTESIAN_POINT('',(0.0352079743531456,-0.147009844579397,0.126138474050727));
#9147=CARTESIAN_POINT('',(0.0347079743531454,-0.146656291188804,0.125784920660134));
#9148=CARTESIAN_POINT('',(0.0347079743531455,-0.1468919934492,0.12602062292053));
#9149=CARTESIAN_POINT('',(0.0348746410198123,-0.147009844579397,0.126138474050727));
#9150=CARTESIAN_POINT('',(0.0352079743531456,-0.147009844579397,0.126138474050727));
#9151=CARTESIAN_POINT('',(0.0323735056007434,-0.147399767099604,0.125041444749334));
#9152=CARTESIAN_POINT('',(0.0325012598782639,-0.147356484400235,0.125084727448703));
#9153=CARTESIAN_POINT('',(0.0325938070435483,-0.147280645881816,0.125160565967122));
#9154=CARTESIAN_POINT('',(0.0326356550222001,-0.147184946649226,0.125256265199713));
#9155=CARTESIAN_POINT('',(0.0323735056007439,-0.14763546936,0.125277147009729));
#9156=CARTESIAN_POINT('',(0.0325012598782643,-0.147592186660631,0.125320429709098));
#9157=CARTESIAN_POINT('',(0.0325938070435485,-0.147516348142212,0.125396268227517));
#9158=CARTESIAN_POINT('',(0.0326356550222002,-0.147420648909621,0.125491967460108));
#9159=CARTESIAN_POINT('',(0.0324455211919043,-0.147859594644837,0.125288723985288));
#9160=CARTESIAN_POINT('',(0.0326157743063573,-0.147801912494935,0.12534640613519));
#9161=CARTESIAN_POINT('',(0.0327391077202343,-0.147700844565212,0.125447474064913));
#9162=CARTESIAN_POINT('',(0.0327948758479305,-0.14757330927647,0.125575009353655));
#9163=CARTESIAN_POINT('',(0.0325895523742245,-0.148072142954115,0.125076175676009));
#9164=CARTESIAN_POINT('',(0.0328448031625429,-0.147985661903147,0.125162656726978));
#9165=CARTESIAN_POINT('',(0.0330297090736055,-0.147834135150816,0.125314183479309));
#9166=CARTESIAN_POINT('',(0.0331133174993912,-0.147642927749772,0.125505390880353));
#9167=CARTESIAN_POINT('',(0.0325938642527224,-0.14807050476723,0.125077813862895));
#9168=CARTESIAN_POINT('',(0.0325031147623137,-0.147791520152017,0.125356798490773));
#9169=CARTESIAN_POINT('',(0.0324577400171093,-0.147555817886271,0.125270233795225));
#9170=CARTESIAN_POINT('',(0.0324577400171092,-0.147363397969992,0.125077813878946));
#9171=CARTESIAN_POINT('',(0.0347079743531454,-0.146656291188804,0.125784920660134));
#9172=CARTESIAN_POINT('',(0.0347079743531363,-0.130887809968344,0.141553401880594));
#9173=CARTESIAN_POINT('',(0.0347079743531454,-0.1468919934492,0.12602062292053));
#9174=CARTESIAN_POINT('',(0.0347079743531363,-0.13112351222874,0.14178910414099));
#9175=CARTESIAN_POINT('',(0.0348746410198122,-0.147009844579398,0.126138474050727));
#9176=CARTESIAN_POINT('',(0.034874641019803,-0.131241363358937,0.141906955271187));
#9177=CARTESIAN_POINT('',(0.0352079743531456,-0.147009844579397,0.126138474050727));
#9178=CARTESIAN_POINT('',(0.0352079743531365,-0.131241363358937,0.141906955271187));
#9179=CARTESIAN_POINT('',(0.0352079743531364,-0.131241363358937,0.141906955271187));
#9180=CARTESIAN_POINT('',(0.0348746410198032,-0.131241363358937,0.141906955271187));
#9181=CARTESIAN_POINT('',(0.0347079743531364,-0.13112351222874,0.14178910414099));
#9182=CARTESIAN_POINT('',(0.0347079743531363,-0.130887809968344,0.141553401880594));
#9183=CARTESIAN_POINT('',(0.0246748546306075,-0.147363397969995,0.125077813878948));
#9184=CARTESIAN_POINT('',(0.0326410949264125,-0.147363397969992,0.125077813878946));
#9185=CARTESIAN_POINT('',(0.0246748546306076,-0.147600514449335,0.125314930358289));
#9186=CARTESIAN_POINT('',(0.0326410949264127,-0.147600514449333,0.125314930358286));
#9187=CARTESIAN_POINT('',(0.0246748546306077,-0.147837630928675,0.125313430941648));
#9188=CARTESIAN_POINT('',(0.0326410949264128,-0.147837630928673,0.125313430941646));
#9189=CARTESIAN_POINT('',(0.0246748546306079,-0.148074747408016,0.125073546226352));
#9190=CARTESIAN_POINT('',(0.0326410949264129,-0.148074747408013,0.12507354622635));
#9191=CARTESIAN_POINT('',(0.0248584577698106,-0.147363397969996,0.125077813878949));
#9192=CARTESIAN_POINT('',(0.0248584577698107,-0.147412798548999,0.125127214457952));
#9193=CARTESIAN_POINT('',(0.0248529642918381,-0.147515522306983,0.125217473237687));
#9194=CARTESIAN_POINT('',(0.0248177141175039,-0.147736872698473,0.125268542601926));
#9195=CARTESIAN_POINT('',(0.0247870425561673,-0.147858996980739,0.12523580265118));
#9196=CARTESIAN_POINT('',(0.0247458708675086,-0.14799735080752,0.125150967825619));
#9197=CARTESIAN_POINT('',(0.0247220853937179,-0.14807050476572,0.12507781386441));
#9198=CARTESIAN_POINT('',(0.0347079743531363,-0.130887809968344,0.141553401880594));
#9199=CARTESIAN_POINT('',(0.0347079743531361,-0.130733741921989,0.141707469926935));
#9200=CARTESIAN_POINT('',(0.0345258594738098,-0.130604967255866,0.141836244593065));
#9201=CARTESIAN_POINT('',(0.0343079743531361,-0.13060496725587,0.141836244593069));
#9202=CARTESIAN_POINT('',(0.0347079743531364,-0.131241363358937,0.141906955271187));
#9203=CARTESIAN_POINT('',(0.0347079743530701,-0.13108729531254,0.142061023317571));
#9204=CARTESIAN_POINT('',(0.0345258594738588,-0.130958520646517,0.142189797983601));
#9205=CARTESIAN_POINT('',(0.0343079743531363,-0.130958520646463,0.142189797983662));
#9206=CARTESIAN_POINT('',(0.0352079743531364,-0.131241363358937,0.141906955271187));
#9207=CARTESIAN_POINT('',(0.0352079743529697,-0.130894710254561,0.142253608375564));
#9208=CARTESIAN_POINT('',(0.034798215874775,-0.130604967255995,0.142543351374129));
#9209=CARTESIAN_POINT('',(0.0343079743531361,-0.13060496725587,0.142543351374255));
#9210=CARTESIAN_POINT('',(0.0343079743531361,-0.13060496725587,0.141836244593069));
#9211=CARTESIAN_POINT('',(0.0343079743531362,-0.130840669516265,0.142071946853464));
#9212=CARTESIAN_POINT('',(0.0343079743531361,-0.130840669516266,0.14230764911386));
#9213=CARTESIAN_POINT('',(0.034307974353136,-0.13060496725587,0.142543351374255));
#9214=CARTESIAN_POINT('',(0.0242040351517285,-0.146939133901287,0.125502077947662));
#9215=CARTESIAN_POINT('',(0.0242040351517283,-0.146585580510691,0.125148524557066));
#9216=CARTESIAN_POINT('',(0.0244486349469652,-0.146939133901287,0.125502077947662));
#9217=CARTESIAN_POINT('',(0.0244486349469649,-0.146585580510691,0.125148524557066));
#9218=CARTESIAN_POINT('',(0.0246076248138685,-0.147021629692426,0.125419582156523));
#9219=CARTESIAN_POINT('',(0.0246076248138683,-0.14666807630183,0.125066028765927));
#9220=CARTESIAN_POINT('',(0.0246810047524386,-0.147186621274705,0.125254590574244));
#9221=CARTESIAN_POINT('',(0.0246810047524383,-0.146833067884109,0.124901037183648));
#9222=CARTESIAN_POINT('',(0.0246802936819751,-0.147184946644391,0.125256265204552));
#9223=CARTESIAN_POINT('',(0.024722141699786,-0.14728064597138,0.125160565877563));
#9224=CARTESIAN_POINT('',(0.0248146889953882,-0.147356484540207,0.125084727308735));
#9225=CARTESIAN_POINT('',(0.0249424434442526,-0.147399767214352,0.12504144463459));
#9226=CARTESIAN_POINT('',(0.0246802936819752,-0.147420648904787,0.125491967464948));
#9227=CARTESIAN_POINT('',(0.0247221416997859,-0.147516348231775,0.125396268137958));
#9228=CARTESIAN_POINT('',(0.0248146889953879,-0.147592186800603,0.12532042956913));
#9229=CARTESIAN_POINT('',(0.0249424434442523,-0.147635469474748,0.125277146894985));
#9230=CARTESIAN_POINT('',(0.0245210728555409,-0.147573309270025,0.125575009360105));
#9231=CARTESIAN_POINT('',(0.0245768410354225,-0.14770084468457,0.125447473945559));
#9232=CARTESIAN_POINT('',(0.0247001746229704,-0.147801912681474,0.125346405948655));
#9233=CARTESIAN_POINT('',(0.0248704279657702,-0.147859594797763,0.125288723832365));
#9234=CARTESIAN_POINT('',(0.0242026312026723,-0.147642927740107,0.125505390890024));
#9235=CARTESIAN_POINT('',(0.0242862397066958,-0.147834135329764,0.125314183300366));
#9236=CARTESIAN_POINT('',(0.0244711458781356,-0.147985662182819,0.125162656447309));
#9237=CARTESIAN_POINT('',(0.0247263970088064,-0.148072143183396,0.125076175446732));
#9238=CARTESIAN_POINT('',(0.0245617783023132,-0.147478311098062,0.125493254485272));
#9239=CARTESIAN_POINT('',(0.0244822879854309,-0.147554905726261,0.125534495221604));
#9240=CARTESIAN_POINT('',(0.0243630580139412,-0.147610879224102,0.125537439406028));
#9241=CARTESIAN_POINT('',(0.0242040872750027,-0.147646229089584,0.125502089540547));
#9242=CARTESIAN_POINT('',(0.0343079743531364,-0.13060496725587,0.141836244593069));
#9243=CARTESIAN_POINT('',(0.0331119132481891,-0.13060496725587,0.141836244593069));
#9244=CARTESIAN_POINT('',(0.0343079743531365,-0.130842083767974,0.142073361105173));
#9245=CARTESIAN_POINT('',(0.0331119132481892,-0.130842083767975,0.142073361105173));
#9246=CARTESIAN_POINT('',(0.0343079743531364,-0.130840584314622,0.142310477617278));
#9247=CARTESIAN_POINT('',(0.0331119132481891,-0.130840584314623,0.142310477617278));
#9248=CARTESIAN_POINT('',(0.0343079743531364,-0.130600699503833,0.142547594129382));
#9249=CARTESIAN_POINT('',(0.0331119132481891,-0.130600699503834,0.142547594129382));
#9250=CARTESIAN_POINT('',(0.0331119135545532,-0.130604967272011,0.141836244609209));
#9251=CARTESIAN_POINT('',(0.0331119135545532,-0.130251413865277,0.141482691202475));
#9252=CARTESIAN_POINT('',(0.0328673137593165,-0.130604967272011,0.141836244609209));
#9253=CARTESIAN_POINT('',(0.0328673137593164,-0.130251413865278,0.141482691202475));
#9254=CARTESIAN_POINT('',(0.0327083238924132,-0.130522471480872,0.141918740400349));
#9255=CARTESIAN_POINT('',(0.0327083238924132,-0.130168918074139,0.141565186993615));
#9256=CARTESIAN_POINT('',(0.0326349439538431,-0.130357479898593,0.142083731982628));
#9257=CARTESIAN_POINT('',(0.0326349439538431,-0.130003926491859,0.141730178575893));
#9258=CARTESIAN_POINT('',(0.0328092213079495,-0.130543095428658,0.141898116452563));
#9259=CARTESIAN_POINT('',(0.0327297263744971,-0.130501847527708,0.141939364342753));
#9260=CARTESIAN_POINT('',(0.0326716339231284,-0.130439975678973,0.142001236180727));
#9261=CARTESIAN_POINT('',(0.0326349439538431,-0.130357479882452,0.142083731966487));
#9262=CARTESIAN_POINT('',(0.0244627829249646,-0.147255291338797,0.125609799790203));
#9263=CARTESIAN_POINT('',(0.0244742186219488,-0.147273858139943,0.125605641270786));
#9264=CARTESIAN_POINT('',(0.0244848869315853,-0.14729243903441,0.125600132606446));
#9265=CARTESIAN_POINT('',(0.0245045656087814,-0.147329579336868,0.125586265439073));
#9266=CARTESIAN_POINT('',(0.0245135759763409,-0.147348138744859,0.125577906936038));
#9267=CARTESIAN_POINT('',(0.024537935414832,-0.14740371022944,0.125548332345612));
#9268=CARTESIAN_POINT('',(0.0245516406037999,-0.14744109926319,0.125523775633155));
#9269=CARTESIAN_POINT('',(0.0245617623522649,-0.147478302821949,0.125493239112884));
#9270=CARTESIAN_POINT('',(0.0244440231490844,-0.147258190478401,0.125621308932329));
#9271=CARTESIAN_POINT('',(0.0244532155943396,-0.147283915015588,0.125619984846042));
#9272=CARTESIAN_POINT('',(0.0244621839895439,-0.147307770325397,0.125615929707526));
#9273=CARTESIAN_POINT('',(0.0244793666070249,-0.147352139117941,0.125603460316404));
#9274=CARTESIAN_POINT('',(0.0244875808293015,-0.147372652600674,0.125595046063798));
#9275=CARTESIAN_POINT('',(0.0245106331275006,-0.147429775249777,0.125564919120393));
#9276=CARTESIAN_POINT('',(0.0245263013292012,-0.147465545828259,0.125537889003987));
#9277=CARTESIAN_POINT('',(0.0245389508733061,-0.147500284513099,0.125505075408116));
#9278=CARTESIAN_POINT('',(0.0244245733605207,-0.147261143859007,0.125631427782386));
#9279=CARTESIAN_POINT('',(0.0244316984139388,-0.147291952160166,0.12563174787836));
#9280=CARTESIAN_POINT('',(0.0244390011328897,-0.147319570261976,0.125628245413836));
#9281=CARTESIAN_POINT('',(0.0244535834262508,-0.147369190614496,0.125615961527517));
#9282=CARTESIAN_POINT('',(0.0244608630006609,-0.147391213080582,0.125607185930598));
#9283=CARTESIAN_POINT('',(0.0244820992936703,-0.14745042600054,0.125576000490522));
#9284=CARTESIAN_POINT('',(0.0244985061961608,-0.147485921303757,0.125547415095957));
#9285=CARTESIAN_POINT('',(0.0245128199542892,-0.147520500874754,0.12551367005425));
#9286=CARTESIAN_POINT('',(0.0243842633380383,-0.14726715755352,0.125648687222891));
#9287=CARTESIAN_POINT('',(0.0243882040896465,-0.147304837291716,0.125650762160771));
#9288=CARTESIAN_POINT('',(0.0243928696413545,-0.147337687777034,0.125647464324317));
#9289=CARTESIAN_POINT('',(0.0244031285819029,-0.147394922468048,0.12563446256412));
#9290=CARTESIAN_POINT('',(0.0244087219707434,-0.147419377158745,0.125624781714427));
#9291=CARTESIAN_POINT('',(0.0244261112483628,-0.147483383582358,0.12559098945204));
#9292=CARTESIAN_POINT('',(0.0244418984202542,-0.147519963438252,0.125559974143777));
#9293=CARTESIAN_POINT('',(0.024456491793857,-0.147556349651683,0.125524466904916));
#9294=CARTESIAN_POINT('',(0.0243634031041197,-0.147270217867427,0.12565582781334));
#9295=CARTESIAN_POINT('',(0.0243662269457549,-0.147309685278689,0.125658013410865));
#9296=CARTESIAN_POINT('',(0.0243699113504453,-0.147344020518673,0.125654378397133));
#9297=CARTESIAN_POINT('',(0.0243784251423235,-0.147403656654207,0.125640502086407));
#9298=CARTESIAN_POINT('',(0.0243832545295113,-0.147429058089006,0.125630295287758));
#9299=CARTESIAN_POINT('',(0.0243985959494017,-0.147495817783517,0.1255949972449));
#9300=CARTESIAN_POINT('',(0.0244130408506447,-0.14753376353218,0.125563120553405));
#9301=CARTESIAN_POINT('',(0.0244263591954038,-0.14757200632626,0.125526722118682));
#9302=CARTESIAN_POINT('',(0.0242986611043501,-0.147279556886049,0.125672485682069));
#9303=CARTESIAN_POINT('',(0.024300458081983,-0.147320720959989,0.125673973443287));
#9304=CARTESIAN_POINT('',(0.0243025631125357,-0.147357269367395,0.125669157062959));
#9305=CARTESIAN_POINT('',(0.0243072386749456,-0.147421704297774,0.125652669046367));
#9306=CARTESIAN_POINT('',(0.024309809206803,-0.147449750393222,0.125641065504954));
#9307=CARTESIAN_POINT('',(0.0243179931475298,-0.147525727940831,0.125601192521974));
#9308=CARTESIAN_POINT('',(0.0243257285592948,-0.147569214562701,0.125566558096145));
#9309=CARTESIAN_POINT('',(0.0243334638857237,-0.14761279020045,0.125526190841973));
#9310=CARTESIAN_POINT('',(0.0242527648577459,-0.147286020253393,0.125678854642956));
#9311=CARTESIAN_POINT('',(0.0242533962371213,-0.147323942515531,0.125679492356588));
#9312=CARTESIAN_POINT('',(0.0242544162045217,-0.147359269309852,0.125674066950263));
#9313=CARTESIAN_POINT('',(0.02425690691356,-0.147423976888039,0.125655960899034));
#9314=CARTESIAN_POINT('',(0.024258377655198,-0.147453515093839,0.125643369844808));
#9315=CARTESIAN_POINT('',(0.0242629764387509,-0.147536654097653,0.125599117967099));
#9316=CARTESIAN_POINT('',(0.0242662910393045,-0.147585277500245,0.125561100625226));
#9317=CARTESIAN_POINT('',(0.0242685487774651,-0.147631894478196,0.125516424151935));
#9318=CARTESIAN_POINT('',(0.0242040351517769,-0.147292687291878,0.125678854642956));
#9319=CARTESIAN_POINT('',(0.024204035151783,-0.147326505278259,0.125678854642956));
#9320=CARTESIAN_POINT('',(0.0242040351517863,-0.147360279989469,0.125673890695629));
#9321=CARTESIAN_POINT('',(0.0242040351517891,-0.1474253563124,0.125655460245538));
#9322=CARTESIAN_POINT('',(0.0242040351517887,-0.147456649321961,0.125642079726096));
#9323=CARTESIAN_POINT('',(0.0242040351517848,-0.147545631275146,0.125593348969136));
#9324=CARTESIAN_POINT('',(0.0242040351517788,-0.147598418137347,0.125549900492784));
#9325=CARTESIAN_POINT('',(0.0242040351517805,-0.147646240682481,0.125502077947649));
#9326=CARTESIAN_POINT('',(0.0242040351517805,-0.147646240682481,0.125502077947649));
#9327=CARTESIAN_POINT('',(0.0242040351517793,-0.14752838955228,0.125619929077853));
#9328=CARTESIAN_POINT('',(0.0242040351517781,-0.147410538422079,0.125678854642955));
#9329=CARTESIAN_POINT('',(0.0242040351517769,-0.147292687291878,0.125678854642955));
#9330=CARTESIAN_POINT('',(0.032853165697489,-0.130712689068935,0.14215240204791));
#9331=CARTESIAN_POINT('',(0.0328458416258103,-0.130705338447364,0.142130936107505));
#9332=CARTESIAN_POINT('',(0.0328393610400839,-0.130696380404821,0.142109488352274));
#9333=CARTESIAN_POINT('',(0.0328283437156692,-0.130674949122236,0.14206682391873));
#9334=CARTESIAN_POINT('',(0.0328238069769809,-0.130662475882193,0.142045607240418));
#9335=CARTESIAN_POINT('',(0.0328134978441731,-0.130619332832478,0.141982595880709));
#9336=CARTESIAN_POINT('',(0.0328092212944385,-0.130584925398942,0.141939946436868));
#9337=CARTESIAN_POINT('',(0.0328092213079495,-0.130543095428658,0.141898116452563));
#9338=CARTESIAN_POINT('',(0.0328302943204732,-0.130704372017998,0.142189535652574));
#9339=CARTESIAN_POINT('',(0.0328098289608845,-0.130690378619238,0.142166133751876));
#9340=CARTESIAN_POINT('',(0.0327946092818152,-0.130675994083977,0.142142894343147));
#9341=CARTESIAN_POINT('',(0.0327726278990459,-0.130647001821863,0.142097645379285));
#9342=CARTESIAN_POINT('',(0.0327658661953458,-0.13063239409501,0.142075635824153));
#9343=CARTESIAN_POINT('',(0.0327552179687952,-0.130589074749172,0.142012809243647));
#9344=CARTESIAN_POINT('',(0.0327578547277954,-0.130558272824771,0.141966599471986));
#9345=CARTESIAN_POINT('',(0.0327661504938885,-0.130520747077165,0.141920464797157));
#9346=CARTESIAN_POINT('',(0.0328104924896188,-0.130690654392041,0.142226725631768));
#9347=CARTESIAN_POINT('',(0.0327849277138499,-0.130673325950239,0.142202741470903));
#9348=CARTESIAN_POINT('',(0.0327667610569104,-0.130655832653491,0.142178713716564));
#9349=CARTESIAN_POINT('',(0.0327411377810067,-0.130622156650423,0.142132213810679));
#9350=CARTESIAN_POINT('',(0.0327336098177895,-0.130605960180432,0.142109696165125));
#9351=CARTESIAN_POINT('',(0.0327211658784331,-0.130559894496697,0.142045129021682));
#9352=CARTESIAN_POINT('',(0.0327236046303679,-0.13052932650195,0.141997657231848));
#9353=CARTESIAN_POINT('',(0.0327297811980534,-0.130492207248544,0.141949004615883));
#9354=CARTESIAN_POINT('',(0.0327780132588653,-0.130651221599629,0.1423008209545));
#9355=CARTESIAN_POINT('',(0.032750707884606,-0.130634629024385,0.142274766701751));
#9356=CARTESIAN_POINT('',(0.0327308057977851,-0.130616414907311,0.142248923941899));
#9357=CARTESIAN_POINT('',(0.0327015445592607,-0.13057988496703,0.142199582477573));
#9358=CARTESIAN_POINT('',(0.0326920296699418,-0.130561556341464,0.142176001706469));
#9359=CARTESIAN_POINT('',(0.0326725671323931,-0.130507444744372,0.14210782205421));
#9360=CARTESIAN_POINT('',(0.0326702683160216,-0.130470558893626,0.142061532323536));
#9361=CARTESIAN_POINT('',(0.0326723407290195,-0.130428501290818,0.142012710560041));
#9362=CARTESIAN_POINT('',(0.0327643080777389,-0.130626664888516,0.142338209994046));
#9363=CARTESIAN_POINT('',(0.0327389688100478,-0.130612551525979,0.142313763424743));
#9364=CARTESIAN_POINT('',(0.0327196135731368,-0.130595754431071,0.142288514198658));
#9365=CARTESIAN_POINT('',(0.0326899358694394,-0.130559989043909,0.142238903397014));
#9366=CARTESIAN_POINT('',(0.0326794446159285,-0.130541022674281,0.14221446867621));
#9367=CARTESIAN_POINT('',(0.032656035062456,-0.130482095935267,0.142142188974088));
#9368=CARTESIAN_POINT('',(0.0326507712141993,-0.130440004492451,0.142095082771067));
#9369=CARTESIAN_POINT('',(0.03265096904753,-0.130393511603817,0.1420477002434));
#9370=CARTESIAN_POINT('',(0.0327541863333876,-0.130596128374711,0.142375413560118));
#9371=CARTESIAN_POINT('',(0.0327313748578873,-0.130584292087255,0.142353431861193));
#9372=CARTESIAN_POINT('',(0.0327119409383077,-0.130569244379646,0.142329740910265));
#9373=CARTESIAN_POINT('',(0.0326804765821367,-0.130534487885921,0.142280990630973));
#9374=CARTESIAN_POINT('',(0.0326683939491093,-0.130514837999745,0.142255966988148));
#9375=CARTESIAN_POINT('',(0.0326412430378546,-0.130452019335329,0.142181072942428));
#9376=CARTESIAN_POINT('',(0.032634943953708,-0.130405302427283,0.142131554511925));
#9377=CARTESIAN_POINT('',(0.0326349439538441,-0.130357479882455,0.142083731966485));
#9378=CARTESIAN_POINT('',(0.0326349187924988,-0.130357485480165,0.142083726368774));
#9379=CARTESIAN_POINT('',(0.0326349197776242,-0.130475346707499,0.142201583168034));
#9380=CARTESIAN_POINT('',(0.0326746700621194,-0.130554898910664,0.142298815543001));
#9381=CARTESIAN_POINT('',(0.0327541703833365,-0.130596143747104,0.142375421836231));
#9382=CARTESIAN_POINT('',(0.00363494395385388,-0.147186621275651,0.125254590575181));
#9383=CARTESIAN_POINT('',(0.00363494395385362,-0.146833067884119,0.12490103718365));
#9384=CARTESIAN_POINT('',(0.00370832389242452,-0.147021629693373,0.12541958215746));
#9385=CARTESIAN_POINT('',(0.00370832389242426,-0.146668076301841,0.125066028765928));
#9386=CARTESIAN_POINT('',(0.00386731375932856,-0.146939133902234,0.125502077948598));
#9387=CARTESIAN_POINT('',(0.0038673137593283,-0.146585580510703,0.125148524557067));
#9388=CARTESIAN_POINT('',(0.00411191355456596,-0.146939133902234,0.125502077948597));
#9389=CARTESIAN_POINT('',(0.0041119135545657,-0.146585580510703,0.125148524557066));
#9390=CARTESIAN_POINT('',(0.00411191352187019,-0.146939133901295,0.12550207794766));
#9391=CARTESIAN_POINT('',(0.0242040351518225,-0.146939133901286,0.125502077947658));
#9392=CARTESIAN_POINT('',(0.00411191352187033,-0.147174836162794,0.125737780209159));
#9393=CARTESIAN_POINT('',(0.0242040351518226,-0.147174836162784,0.125737780209157));
#9394=CARTESIAN_POINT('',(0.00411191352187043,-0.147410538424293,0.125737780208056));
#9395=CARTESIAN_POINT('',(0.0242040351518227,-0.147410538424283,0.125737780208054));
#9396=CARTESIAN_POINT('',(0.00411191352187058,-0.147646240685792,0.125502077944351));
#9397=CARTESIAN_POINT('',(0.0242040351518229,-0.147646240685782,0.125502077944349));
#9398=CARTESIAN_POINT('',(0.00411191353815961,-0.14729268729189,0.125678854642957));
#9399=CARTESIAN_POINT('',(0.00411191353768817,-0.14741053842319,0.125678854642957));
#9400=CARTESIAN_POINT('',(0.00411191353721673,-0.147528389554491,0.125619929076755));
#9401=CARTESIAN_POINT('',(0.00411191353674531,-0.147646240685792,0.125502077944351));
#9402=CARTESIAN_POINT('',(0.0326356549991496,-0.130359154455234,0.142082057393706));
#9403=CARTESIAN_POINT('',(0.0325938069723508,-0.130263455165332,0.142177756683607));
#9404=CARTESIAN_POINT('',(0.0325012597034966,-0.130187616624504,0.142253595224434));
#9405=CARTESIAN_POINT('',(0.0323735053029774,-0.130144333956667,0.142296877892271));
#9406=CARTESIAN_POINT('',(0.0326356549991498,-0.130594856715629,0.142317759654101));
#9407=CARTESIAN_POINT('',(0.0325938069723512,-0.130499157425728,0.142413458944002));
#9408=CARTESIAN_POINT('',(0.0325012597034972,-0.1304233188849,0.14248929748483));
#9409=CARTESIAN_POINT('',(0.032373505302978,-0.130380036217063,0.142532580152667));
#9410=CARTESIAN_POINT('',(0.032794875817216,-0.130677898591648,0.142470420038478));
#9411=CARTESIAN_POINT('',(0.0327391076253569,-0.13055036322653,0.142597955403596));
#9412=CARTESIAN_POINT('',(0.0326157740734565,-0.130449295266942,0.142699023363183));
#9413=CARTESIAN_POINT('',(0.0324455207950869,-0.130391613159061,0.142756705471064));
#9414=CARTESIAN_POINT('',(0.0331133174533481,-0.13060828008329,0.142540038546836));
#9415=CARTESIAN_POINT('',(0.0330297089313678,-0.130417072567738,0.142731246062387));
#9416=CARTESIAN_POINT('',(0.0328448028133745,-0.130265545770631,0.142882772859494));
#9417=CARTESIAN_POINT('',(0.0325895517793042,-0.130179064782661,0.142969253847463));
#9418=CARTESIAN_POINT('',(0.032457740017099,-0.130180703187156,0.142260508661782));
#9419=CARTESIAN_POINT('',(0.0324577400170991,-0.130373002677761,0.142452808152386));
#9420=CARTESIAN_POINT('',(0.0325031144787282,-0.130459808217344,0.142688510412782));
#9421=CARTESIAN_POINT('',(0.0325938634019859,-0.130180703187156,0.14296761544297));
#9422=CARTESIAN_POINT('',(0.00385316577646601,-0.147255291339813,0.125609799788493));
#9423=CARTESIAN_POINT('',(0.00387192555143593,-0.147258190479329,0.125621308930904));
#9424=CARTESIAN_POINT('',(0.00389137533907834,-0.147261143859847,0.125631427781205));
#9425=CARTESIAN_POINT('',(0.00393168535969376,-0.147267157554187,0.12564868722213));
#9426=CARTESIAN_POINT('',(0.00395254559266676,-0.147270217868009,0.125655827812753));
#9427=CARTESIAN_POINT('',(0.00401728758956003,-0.147279556886381,0.125672485681915));
#9428=CARTESIAN_POINT('',(0.00406318383420158,-0.147286020253562,0.125678854642956));
#9429=CARTESIAN_POINT('',(0.0041119135381596,-0.14729268729189,0.125678854642956));
#9430=CARTESIAN_POINT('',(0.00384173007997345,-0.147273858141028,0.125605641268725));
#9431=CARTESIAN_POINT('',(0.00386273310655085,-0.147283915016568,0.125619984844246));
#9432=CARTESIAN_POINT('',(0.00388425025055951,-0.147291952156042,0.125631747876815));
#9433=CARTESIAN_POINT('',(0.00392774448434917,-0.147304837274899,0.12565076215969));
#9434=CARTESIAN_POINT('',(0.00394972157413019,-0.147309685254282,0.125658013409997));
#9435=CARTESIAN_POINT('',(0.0040154903284965,-0.147320720920355,0.125673973442987));
#9436=CARTESIAN_POINT('',(0.00406255217084409,-0.147323942475747,0.125679492356572));
#9437=CARTESIAN_POINT('',(0.00411191353609949,-0.147326505278271,0.125678854642956));
#9438=CARTESIAN_POINT('',(0.0038310617707818,-0.147292439035581,0.125600132604102));
#9439=CARTESIAN_POINT('',(0.00385376470452463,-0.147307770353528,0.125615929683331));
#9440=CARTESIAN_POINT('',(0.00387694748851869,-0.147319570303765,0.125628245371122));
#9441=CARTESIAN_POINT('',(0.00392307886577594,-0.147337687877828,0.125647464263731));
#9442=CARTESIAN_POINT('',(0.00394603716596057,-0.147344020680353,0.125654378330102));
#9443=CARTESIAN_POINT('',(0.00401338507794353,-0.147357269511193,0.125669156973213));
#9444=CARTESIAN_POINT('',(0.00406153193922426,-0.147359269509408,0.125674066890309));
#9445=CARTESIAN_POINT('',(0.00411191353497623,-0.14736028030824,0.125673890620776));
#9446=CARTESIAN_POINT('',(0.00381138309437869,-0.147329579338251,0.1255862654363));
#9447=CARTESIAN_POINT('',(0.00383658206979147,-0.147352139213962,0.125603460236476));
#9448=CARTESIAN_POINT('',(0.00386236510998073,-0.147369190699891,0.125615961400002));
#9449=CARTESIAN_POINT('',(0.00391281986556833,-0.147394922599083,0.12563446243214));
#9450=CARTESIAN_POINT('',(0.00393752356139819,-0.147403656903509,0.125640501968633));
#9451=CARTESIAN_POINT('',(0.00400870916070402,-0.147421704077735,0.125652668951123));
#9452=CARTESIAN_POINT('',(0.00405904073953269,-0.147423976596497,0.125655960985451));
#9453=CARTESIAN_POINT('',(0.00411191353403683,-0.147425356333094,0.125655460223517));
#9454=CARTESIAN_POINT('',(0.00380237272716724,-0.147348138746366,0.12557790693312));
#9455=CARTESIAN_POINT('',(0.00382836783708454,-0.147372652737437,0.125595045950538));
#9456=CARTESIAN_POINT('',(0.00385508549348367,-0.147391213121721,0.125607185792955));
#9457=CARTESIAN_POINT('',(0.00390722648393433,-0.147419377034332,0.125624781705545));
#9458=CARTESIAN_POINT('',(0.00393269436500599,-0.147429057987585,0.125630295388377));
#9459=CARTESIAN_POINT('',(0.00400613849401862,-0.147449749120284,0.125641065903538));
#9460=CARTESIAN_POINT('',(0.00405756977146244,-0.147453513396199,0.125643370689293));
#9461=CARTESIAN_POINT('',(0.0041119135342222,-0.147456648045695,0.125642080399258));
#9462=CARTESIAN_POINT('',(0.00377801328957079,-0.147403710231381,0.12554833234247));
#9463=CARTESIAN_POINT('',(0.00380531551834501,-0.14742977546825,0.125564918940425));
#9464=CARTESIAN_POINT('',(0.00383384910116953,-0.14745042627916,0.125576000156386));
#9465=CARTESIAN_POINT('',(0.00388983727945532,-0.147483384338555,0.125590989009869));
#9466=CARTESIAN_POINT('',(0.00391735357993973,-0.147495819142335,0.125594996759406));
#9467=CARTESIAN_POINT('',(0.00399795421379132,-0.14752572863361,0.125601191828989));
#9468=CARTESIAN_POINT('',(0.00405297036236454,-0.147536655067609,0.125599117591165));
#9469=CARTESIAN_POINT('',(0.00411191353557082,-0.147545632930511,0.125593348111924));
#9470=CARTESIAN_POINT('',(0.00376430810105757,-0.147441099265467,0.125523775630091));
#9471=CARTESIAN_POINT('',(0.00378964731742065,-0.147465546047205,0.125537888823887));
#9472=CARTESIAN_POINT('',(0.00381744216858901,-0.147485921565905,0.125547414693243));
#9473=CARTESIAN_POINT('',(0.0038740502252107,-0.147519964299052,0.125559973487331));
#9474=CARTESIAN_POINT('',(0.0039029091853388,-0.147533765194482,0.125563119743679));
#9475=CARTESIAN_POINT('',(0.00399021866243725,-0.147569215340785,0.125566556723926));
#9476=CARTESIAN_POINT('',(0.00404965541645955,-0.147585278662279,0.125561099463212));
#9477=CARTESIAN_POINT('',(0.00411191353753638,-0.147598420004838,0.125549898625305));
#9478=CARTESIAN_POINT('',(0.00375418635283102,-0.14747830282465,0.125493239110195));
#9479=CARTESIAN_POINT('',(0.00377699783158913,-0.147500284516251,0.125505075404976));
#9480=CARTESIAN_POINT('',(0.00380312848423427,-0.147520500697257,0.125513669987853));
#9481=CARTESIAN_POINT('',(0.00385945687899937,-0.147556349649959,0.125524466907991));
#9482=CARTESIAN_POINT('',(0.00388959081972578,-0.147572006924412,0.125526722123658));
#9483=CARTESIAN_POINT('',(0.00398248311521248,-0.14761278942896,0.125526190815334));
#9484=CARTESIAN_POINT('',(0.00404739739611555,-0.147631893922314,0.125516424707828));
#9485=CARTESIAN_POINT('',(0.00411191353674531,-0.147646240685791,0.125502077944351));
#9486=CARTESIAN_POINT('',(0.00411186142835462,-0.147646229096192,0.12550208953395));
#9487=CARTESIAN_POINT('',(0.00395289069024519,-0.147610879228847,0.125537439401296));
#9488=CARTESIAN_POINT('',(0.0038336607192925,-0.147554905729798,0.125534495218079));
#9489=CARTESIAN_POINT('',(0.00375417040278231,-0.147478311100763,0.125493254482584));
#9490=CARTESIAN_POINT('',(0.0326410940756762,-0.130180703187156,0.142260508661782));
#9491=CARTESIAN_POINT('',(0.024674853779922,-0.130180703187165,0.142260508661778));
#9492=CARTESIAN_POINT('',(0.0326410940756763,-0.130417819667061,0.142497625141687));
#9493=CARTESIAN_POINT('',(0.0246748537799221,-0.13041781966707,0.142497625141682));
#9494=CARTESIAN_POINT('',(0.0326410940756762,-0.130416320249788,0.142734741621591));
#9495=CARTESIAN_POINT('',(0.024674853779922,-0.130416320249797,0.142734741621586));
#9496=CARTESIAN_POINT('',(0.0326410940756762,-0.130176435532849,0.142971858101496));
#9497=CARTESIAN_POINT('',(0.024674853779922,-0.130176435532858,0.142971858101491));
#9498=CARTESIAN_POINT('',(0.0247220844536122,-0.130180703169433,0.142967615460697));
#9499=CARTESIAN_POINT('',(0.0247902996095318,-0.130414694005832,0.142733624636034));
#9500=CARTESIAN_POINT('',(0.0248584577698003,-0.130404051509752,0.142483856984365));
#9501=CARTESIAN_POINT('',(0.0248584577698001,-0.130180703187165,0.142260508661778));
#9502=CARTESIAN_POINT('',(0.00337350560074341,-0.147399767099622,0.125041444749334));
#9503=CARTESIAN_POINT('',(0.00350125987826411,-0.147356484400253,0.125084727448703));
#9504=CARTESIAN_POINT('',(0.00359380704354852,-0.147280645881834,0.125160565967122));
#9505=CARTESIAN_POINT('',(0.00363565502220023,-0.147184946649243,0.125256265199713));
#9506=CARTESIAN_POINT('',(0.00337350560074323,-0.147635469360017,0.12527714700973));
#9507=CARTESIAN_POINT('',(0.003501259878264,-0.147592186660648,0.125320429709099));
#9508=CARTESIAN_POINT('',(0.00359380704354849,-0.147516348142229,0.125396268227518));
#9509=CARTESIAN_POINT('',(0.00363565502220027,-0.147420648909638,0.125491967460109));
#9510=CARTESIAN_POINT('',(0.00344552119190321,-0.147859594644854,0.125288723985288));
#9511=CARTESIAN_POINT('',(0.00361577430635674,-0.147801912494952,0.125346406135191));
#9512=CARTESIAN_POINT('',(0.00373910772023412,-0.147700844565229,0.125447474064914));
#9513=CARTESIAN_POINT('',(0.00379487584793062,-0.147573309276487,0.125575009353656));
#9514=CARTESIAN_POINT('',(0.00358955237422334,-0.148072142954133,0.12507617567601));
#9515=CARTESIAN_POINT('',(0.00384480316254234,-0.147985661903165,0.125162656726978));
#9516=CARTESIAN_POINT('',(0.00402970907360544,-0.147834135150833,0.12531418347931));
#9517=CARTESIAN_POINT('',(0.00411331749939131,-0.147642927749788,0.125505390880354));
#9518=CARTESIAN_POINT('',(0.00359386425272263,-0.148070504767247,0.125077813862895));
#9519=CARTESIAN_POINT('',(0.00350311476231355,-0.147791520154146,0.125356798488662));
#9520=CARTESIAN_POINT('',(0.00345774001710896,-0.1475558178884,0.125270233797337));
#9521=CARTESIAN_POINT('',(0.00345774001710885,-0.14736339797001,0.125077813878946));
#9522=CARTESIAN_POINT('',(0.0249424431055384,-0.130144334057549,0.142296877791395));
#9523=CARTESIAN_POINT('',(0.0248146888280176,-0.130187616756919,0.142253595092026));
#9524=CARTESIAN_POINT('',(0.0247221416627332,-0.130263455275338,0.142177756573606));
#9525=CARTESIAN_POINT('',(0.0246802936840817,-0.130359154507929,0.142082057341015));
#9526=CARTESIAN_POINT('',(0.0249424431055386,-0.130380036317945,0.14253258005179));
#9527=CARTESIAN_POINT('',(0.0248146888280178,-0.130423319017314,0.142489297352421));
#9528=CARTESIAN_POINT('',(0.0247221416627334,-0.130499157535733,0.142413458834002));
#9529=CARTESIAN_POINT('',(0.0246802936840818,-0.130594856768324,0.142317759601411));
#9530=CARTESIAN_POINT('',(0.0248704275143786,-0.130391613293504,0.142756705336627));
#9531=CARTESIAN_POINT('',(0.024700174399925,-0.130449295443406,0.142699023186725));
#9532=CARTESIAN_POINT('',(0.0245768409860478,-0.130550363373129,0.142597955257001));
#9533=CARTESIAN_POINT('',(0.0245210728583516,-0.130677898661871,0.142470419968259));
#9534=CARTESIAN_POINT('',(0.0247263963320584,-0.130179064984226,0.142969253645906));
#9535=CARTESIAN_POINT('',(0.0244711455437394,-0.130265546035194,0.142882772594937));
#9536=CARTESIAN_POINT('',(0.0242862396326764,-0.130417072787526,0.142731245842605));
#9537=CARTESIAN_POINT('',(0.0242026312068909,-0.13060828018857,0.142540038441561));
#9538=CARTESIAN_POINT('',(0.0246810047524278,-0.130357479883398,0.142083731967423));
#9539=CARTESIAN_POINT('',(0.0246810047524274,-0.130003926491866,0.141730178575892));
#9540=CARTESIAN_POINT('',(0.0246076248138572,-0.130522471465676,0.141918740385145));
#9541=CARTESIAN_POINT('',(0.0246076248138568,-0.130168918074144,0.141565186993613));
#9542=CARTESIAN_POINT('',(0.0244486349469531,-0.130604967256815,0.141836244594006));
#9543=CARTESIAN_POINT('',(0.0244486349469527,-0.130251413865283,0.141482691202475));
#9544=CARTESIAN_POINT('',(0.0242040351517156,-0.130604967256814,0.141836244594007));
#9545=CARTESIAN_POINT('',(0.0242040351517152,-0.130251413865282,0.141482691202475));
#9546=CARTESIAN_POINT('',(0.0245067273983226,-0.13054309541346,0.141898116437361));
#9547=CARTESIAN_POINT('',(0.0244272324648704,-0.130584343308717,0.141856868541479));
#9548=CARTESIAN_POINT('',(0.0243263350493347,-0.130604967256189,0.141836244593381));
#9549=CARTESIAN_POINT('',(0.0242040351517156,-0.130604967255876,0.141836244593069));
#9550=CARTESIAN_POINT('',(-0.00432514536939284,-0.147363397970012,0.125077813878948));
#9551=CARTESIAN_POINT('',(0.00364109492641277,-0.14736339797001,0.125077813878946));
#9552=CARTESIAN_POINT('',(-0.0043251453693927,-0.147600514449352,0.125314930358289));
#9553=CARTESIAN_POINT('',(0.0036410949264129,-0.14760051444935,0.125314930358286));
#9554=CARTESIAN_POINT('',(-0.00432514536939255,-0.147837630928692,0.125313430941648));
#9555=CARTESIAN_POINT('',(0.00364109492641305,-0.14783763092869,0.125313430941645));
#9556=CARTESIAN_POINT('',(-0.00432514536939242,-0.148074747408033,0.125073546226352));
#9557=CARTESIAN_POINT('',(0.00364109492641318,-0.148074747408031,0.12507354622635));
#9558=CARTESIAN_POINT('',(-0.00414154223018978,-0.147363397970012,0.125077813878948));
#9559=CARTESIAN_POINT('',(-0.00414154223018975,-0.14741279854839,0.125127214457327));
#9560=CARTESIAN_POINT('',(-0.00414703570817299,-0.147515522305676,0.125217473236999));
#9561=CARTESIAN_POINT('',(-0.00418228588245605,-0.147736872698437,0.125268542602246));
#9562=CARTESIAN_POINT('',(-0.00421295744397234,-0.147858996982295,0.125235802650584));
#9563=CARTESIAN_POINT('',(-0.00425412913255097,-0.147997350808248,0.125150967824907));
#9564=CARTESIAN_POINT('',(-0.00427791460628121,-0.148070504765737,0.12507781386441));
#9565=CARTESIAN_POINT('',(0.024462782929816,-0.13071268909671,0.142152402031586));
#9566=CARTESIAN_POINT('',(0.0244701070082934,-0.130705338474068,0.142130936090855));
#9567=CARTESIAN_POINT('',(0.0244765876007901,-0.130696380429866,0.142109488335385));
#9568=CARTESIAN_POINT('',(0.0244876049385869,-0.13067494914265,0.14206682390161));
#9569=CARTESIAN_POINT('',(0.0244921416838869,-0.130662475899636,0.142045607223306));
#9570=CARTESIAN_POINT('',(0.024502450836139,-0.130619332838835,0.141982595864113));
#9571=CARTESIAN_POINT('',(0.0245067273991084,-0.130584925395926,0.141939946420642));
#9572=CARTESIAN_POINT('',(0.0245067273983226,-0.13054309541346,0.141898116437361));
#9573=CARTESIAN_POINT('',(0.0244252633798763,-0.13073570738153,0.142158200310616));
#9574=CARTESIAN_POINT('',(0.0244254701510368,-0.1307322256609,0.142124286734153));
#9575=CARTESIAN_POINT('',(0.0244268771813634,-0.130725008162816,0.142093880287326));
#9576=CARTESIAN_POINT('',(0.0244312484999177,-0.130705153316678,0.14203949390186));
#9577=CARTESIAN_POINT('',(0.0244342127881454,-0.130692515968624,0.142015513963223));
#9578=CARTESIAN_POINT('',(0.0244441766490334,-0.130649551706908,0.141952332282971));
#9579=CARTESIAN_POINT('',(0.0244553608237054,-0.130611578435284,0.141913293845291));
#9580=CARTESIAN_POINT('',(0.0244636565842616,-0.130565443761704,0.141875768089518));
#9581=CARTESIAN_POINT('',(0.0243849837792465,-0.130753164497915,0.142164215553657));
#9582=CARTESIAN_POINT('',(0.0243818038701406,-0.130750750951626,0.142125316497509));
#9583=CARTESIAN_POINT('',(0.0243807615994223,-0.130743224681198,0.142091321714285));
#9584=CARTESIAN_POINT('',(0.0243817247981282,-0.13072234416172,0.142032026317654));
#9585=CARTESIAN_POINT('',(0.0243837302675526,-0.130709013167718,0.142006643191478));
#9586=CARTESIAN_POINT('',(0.0243924769810109,-0.130664865860395,0.141940157657966));
#9587=CARTESIAN_POINT('',(0.0244046108261221,-0.130626736498765,0.141900247225063));
#9588=CARTESIAN_POINT('',(0.024414243468384,-0.130581414245973,0.141859797605444));
#9589=CARTESIAN_POINT('',(0.0242986611167221,-0.130775374990132,0.142176667578153));
#9590=CARTESIAN_POINT('',(0.0242968517454803,-0.130773889315713,0.142135506421585));
#9591=CARTESIAN_POINT('',(0.024296026910852,-0.130766429867591,0.142098908989454));
#9592=CARTESIAN_POINT('',(0.024295890367251,-0.130745153680164,0.142034313767388));
#9593=CARTESIAN_POINT('',(0.0242965786582796,-0.130731404946782,0.142006153102455));
#9594=CARTESIAN_POINT('',(0.0243002292982533,-0.13068549772686,0.141929769070244));
#9595=CARTESIAN_POINT('',(0.0243058829070814,-0.13064687115178,0.141885220063886));
#9596=CARTESIAN_POINT('',(0.0243110673011366,-0.130601048175079,0.14184016367579));
#9597=CARTESIAN_POINT('',(0.0242527648720805,-0.130781743951172,0.142183130945334));
#9598=CARTESIAN_POINT('',(0.0242521332087229,-0.130781106237556,0.142145208723149));
#9599=CARTESIAN_POINT('',(0.024252027900781,-0.130774406717136,0.142109861918971));
#9600=CARTESIAN_POINT('',(0.0242524638133051,-0.130753814138962,0.142045078303623));
#9601=CARTESIAN_POINT('',(0.0242530050337727,-0.130740010582963,0.142015480767994));
#9602=CARTESIAN_POINT('',(0.0242549892138355,-0.130692200912456,0.141932083996045));
#9603=CARTESIAN_POINT('',(0.0242567926921003,-0.130651904963495,0.141883182300768));
#9604=CARTESIAN_POINT('',(0.0242574521306714,-0.130604967256472,0.141836244593665));
#9605=CARTESIAN_POINT('',(0.0242040351681224,-0.130781743951172,0.142189797983662));
#9606=CARTESIAN_POINT('',(0.0242040351660622,-0.130781743951172,0.142155979997281));
#9607=CARTESIAN_POINT('',(0.024204035164006,-0.130776780003846,0.142122205286071));
#9608=CARTESIAN_POINT('',(0.0242040351602655,-0.130758349553757,0.142057128963142));
#9609=CARTESIAN_POINT('',(0.0242040351585829,-0.130744969034316,0.142025835953582));
#9610=CARTESIAN_POINT('',(0.0242040351543221,-0.13069623827736,0.141936854000401));
#9611=CARTESIAN_POINT('',(0.0242040351525409,-0.13065278980101,0.141884067138203));
#9612=CARTESIAN_POINT('',(0.0242040351517189,-0.130604967255876,0.141836244593069));
#9613=CARTESIAN_POINT('',(0.0242040351517189,-0.130604967255877,0.141836244593067));
#9614=CARTESIAN_POINT('',(0.0242040351571868,-0.130722818386067,0.141954095723266));
#9615=CARTESIAN_POINT('',(0.0242040351626546,-0.130781743951162,0.142071946853464));
#9616=CARTESIAN_POINT('',(0.0242040351681224,-0.130781743951162,0.142189797983662));
#9617=CARTESIAN_POINT('',(-0.00479596484827141,-0.146939133901304,0.125502077947662));
#9618=CARTESIAN_POINT('',(-0.00479596484827172,-0.146585580510708,0.125148524557066));
#9619=CARTESIAN_POINT('',(-0.0045513650530348,-0.146939133901304,0.125502077947662));
#9620=CARTESIAN_POINT('',(-0.00455136505303511,-0.146585580510708,0.125148524557066));
#9621=CARTESIAN_POINT('',(-0.00439237518613147,-0.147021629692443,0.125419582156523));
#9622=CARTESIAN_POINT('',(-0.00439237518613178,-0.146668076301848,0.125066028765927));
#9623=CARTESIAN_POINT('',(-0.00431899524756143,-0.147186621274722,0.125254590574244));
#9624=CARTESIAN_POINT('',(-0.00431899524756174,-0.146833067884126,0.124901037183648));
#9625=CARTESIAN_POINT('',(-0.004319706318025,-0.147184946644408,0.125256265204553));
#9626=CARTESIAN_POINT('',(-0.00427785830021279,-0.1472806459714,0.12516056587756));
#9627=CARTESIAN_POINT('',(-0.00418531100460891,-0.14735648454023,0.125084727308729));
#9628=CARTESIAN_POINT('',(-0.00405755655574181,-0.147399767214378,0.125041444634581));
#9629=CARTESIAN_POINT('',(-0.00431970631802487,-0.147420648904804,0.125491967464948));
#9630=CARTESIAN_POINT('',(-0.00427785830021275,-0.147516348231795,0.125396268137956));
#9631=CARTESIAN_POINT('',(-0.00418531100460896,-0.147592186800626,0.125320429569125));
#9632=CARTESIAN_POINT('',(-0.00405755655574184,-0.147635469474774,0.125277146894976));
#9633=CARTESIAN_POINT('',(-0.00447892714445907,-0.147573309270042,0.125575009360105));
#9634=CARTESIAN_POINT('',(-0.00442315896457641,-0.147700844684589,0.125447473945558));
#9635=CARTESIAN_POINT('',(-0.00429982537702784,-0.147801912681496,0.125346405948651));
#9636=CARTESIAN_POINT('',(-0.00412957203422675,-0.147859594797788,0.125288723832358));
#9637=CARTESIAN_POINT('',(-0.0047973687973276,-0.147642927740124,0.125505390890024));
#9638=CARTESIAN_POINT('',(-0.00471376029330375,-0.147834135329781,0.125314183300365));
#9639=CARTESIAN_POINT('',(-0.00452885412186562,-0.147985662182838,0.125162656447308));
#9640=CARTESIAN_POINT('',(-0.0042736029911966,-0.148072143183419,0.125076175446726));
#9641=CARTESIAN_POINT('',(-0.0044382216976872,-0.147478311098078,0.125493254485274));
#9642=CARTESIAN_POINT('',(-0.00451771201456945,-0.147554905726277,0.125534495221606));
#9643=CARTESIAN_POINT('',(-0.0046369419860589,-0.147610879224118,0.125537439406029));
#9644=CARTESIAN_POINT('',(-0.00479591272499723,-0.147646229089601,0.125502089540547));
#9645=CARTESIAN_POINT('',(0.0242040351844123,-0.130604967255877,0.141836244593067));
#9646=CARTESIAN_POINT('',(0.015111913248189,-0.13060496725588,0.14183624459307));
#9647=CARTESIAN_POINT('',(0.0242040351844125,-0.130842083767965,0.142073361105171));
#9648=CARTESIAN_POINT('',(0.0151119132481892,-0.130842083767968,0.142073361105174));
#9649=CARTESIAN_POINT('',(0.0242040351844124,-0.130840584314613,0.142310477617275));
#9650=CARTESIAN_POINT('',(0.0151119132481891,-0.130840584314616,0.142310477617278));
#9651=CARTESIAN_POINT('',(0.0242040351844123,-0.130600699503842,0.142547594129379));
#9652=CARTESIAN_POINT('',(0.015111913248189,-0.130600699503845,0.142547594129382));
#9653=CARTESIAN_POINT('',(0.0151119135545531,-0.130604967272023,0.14183624460921));
#9654=CARTESIAN_POINT('',(0.0151119135545529,-0.130251413865288,0.141482691202475));
#9655=CARTESIAN_POINT('',(0.0148673137593165,-0.130604967272022,0.14183624460921));
#9656=CARTESIAN_POINT('',(0.0148673137593163,-0.130251413865288,0.141482691202475));
#9657=CARTESIAN_POINT('',(0.0147083238924132,-0.130522471480883,0.141918740400349));
#9658=CARTESIAN_POINT('',(0.014708323892413,-0.130168918074148,0.141565186993614));
#9659=CARTESIAN_POINT('',(0.0146349439538431,-0.130357479898605,0.142083731982628));
#9660=CARTESIAN_POINT('',(0.0146349439538429,-0.13000392649187,0.141730178575894));
#9661=CARTESIAN_POINT('',(0.0148092213079494,-0.130543095428669,0.141898116452564));
#9662=CARTESIAN_POINT('',(0.0147297263744971,-0.130501847527719,0.141939364342753));
#9663=CARTESIAN_POINT('',(0.0146716339231284,-0.130439975678983,0.142001236180727));
#9664=CARTESIAN_POINT('',(0.0146349439538431,-0.130357479882463,0.142083731966487));
#9665=CARTESIAN_POINT('',(-0.00453721707503643,-0.147255291338813,0.125609799790203));
#9666=CARTESIAN_POINT('',(-0.0045257813780522,-0.147273858139959,0.125605641270786));
#9667=CARTESIAN_POINT('',(-0.0045151130684157,-0.147292439034426,0.125600132606447));
#9668=CARTESIAN_POINT('',(-0.00449543439121962,-0.147329579336884,0.125586265439073));
#9669=CARTESIAN_POINT('',(-0.00448642402366004,-0.147348138744875,0.125577906936038));
#9670=CARTESIAN_POINT('',(-0.00446206458516883,-0.147403710229456,0.125548332345613));
#9671=CARTESIAN_POINT('',(-0.00444835939620078,-0.147441099263206,0.125523775633156));
#9672=CARTESIAN_POINT('',(-0.00443823764773565,-0.147478302821965,0.125493239112885));
#9673=CARTESIAN_POINT('',(-0.00455597685091658,-0.147258190478418,0.125621308932329));
#9674=CARTESIAN_POINT('',(-0.00454678440566147,-0.147283915015604,0.125619984846042));
#9675=CARTESIAN_POINT('',(-0.00453781601045716,-0.147307770325413,0.125615929707526));
#9676=CARTESIAN_POINT('',(-0.00452063339297619,-0.147352139117957,0.125603460316404));
#9677=CARTESIAN_POINT('',(-0.00451241917069954,-0.14737265260069,0.125595046063798));
#9678=CARTESIAN_POINT('',(-0.00448936687250021,-0.147429775249792,0.125564919120394));
#9679=CARTESIAN_POINT('',(-0.00447369867079947,-0.147465545828274,0.125537889003988));
#9680=CARTESIAN_POINT('',(-0.00446104912669427,-0.147500284513114,0.125505075408117));
#9681=CARTESIAN_POINT('',(-0.00457542663948038,-0.147261143859023,0.125631427782386));
#9682=CARTESIAN_POINT('',(-0.00456830158606233,-0.147291952160182,0.12563174787836));
#9683=CARTESIAN_POINT('',(-0.00456099886711142,-0.147319570261992,0.125628245413836));
#9684=CARTESIAN_POINT('',(-0.00454641657375037,-0.147369190614512,0.125615961527517));
#9685=CARTESIAN_POINT('',(-0.00453913699934023,-0.147391213080599,0.125607185930599));
#9686=CARTESIAN_POINT('',(-0.00451790070633066,-0.147450426000556,0.125576000490523));
#9687=CARTESIAN_POINT('',(-0.00450149380384005,-0.147485921303773,0.125547415095958));
#9688=CARTESIAN_POINT('',(-0.00448718004571125,-0.14752050087477,0.125513670054251));
#9689=CARTESIAN_POINT('',(-0.00461573666196284,-0.147267157553536,0.125648687222891));
#9690=CARTESIAN_POINT('',(-0.00461179591035476,-0.147304837291733,0.125650762160771));
#9691=CARTESIAN_POINT('',(-0.00460713035864681,-0.14733768777705,0.125647464324317));
#9692=CARTESIAN_POINT('',(-0.00459687141809837,-0.147394922468064,0.12563446256412));
#9693=CARTESIAN_POINT('',(-0.00459127802925789,-0.147419377158762,0.125624781714427));
#9694=CARTESIAN_POINT('',(-0.00457388875163828,-0.147483383582374,0.125590989452041));
#9695=CARTESIAN_POINT('',(-0.00455810157974667,-0.147519963438268,0.125559974143778));
#9696=CARTESIAN_POINT('',(-0.00454350820614354,-0.147556349651699,0.125524466904917));
#9697=CARTESIAN_POINT('',(-0.0046365968958815,-0.147270217867443,0.12565582781334));
#9698=CARTESIAN_POINT('',(-0.00463377305424633,-0.147309685278705,0.125658013410865));
#9699=CARTESIAN_POINT('',(-0.00463008864955599,-0.14734402051869,0.125654378397133));
#9700=CARTESIAN_POINT('',(-0.00462157485767785,-0.147403656654224,0.125640502086408));
#9701=CARTESIAN_POINT('',(-0.00461674547049004,-0.147429058089022,0.125630295287758));
#9702=CARTESIAN_POINT('',(-0.00460140405059941,-0.147495817783532,0.125594997244901));
#9703=CARTESIAN_POINT('',(-0.00458695914935615,-0.147533763532196,0.125563120553406));
#9704=CARTESIAN_POINT('',(-0.00457364080459674,-0.147572006326275,0.125526722118683));
#9705=CARTESIAN_POINT('',(-0.0047013388956511,-0.147279556886066,0.125672485682069));
#9706=CARTESIAN_POINT('',(-0.0046995419180184,-0.147320720960006,0.125673973443287));
#9707=CARTESIAN_POINT('',(-0.00469743688746575,-0.147357269367412,0.125669157062959));
#9708=CARTESIAN_POINT('',(-0.00469276132505575,-0.147421704297791,0.125652669046367));
#9709=CARTESIAN_POINT('',(-0.00469019079319839,-0.147449750393239,0.125641065504954));
#9710=CARTESIAN_POINT('',(-0.00468200685247141,-0.147525727940847,0.125601192521975));
#9711=CARTESIAN_POINT('',(-0.00467427144070612,-0.147569214562717,0.125566558096146));
#9712=CARTESIAN_POINT('',(-0.00466653611427682,-0.147612790200466,0.125526190841975));
#9713=CARTESIAN_POINT('',(-0.00474723514225539,-0.147286020253409,0.125678854642956));
#9714=CARTESIAN_POINT('',(-0.00474660376288011,-0.147323942515548,0.125679492356588));
#9715=CARTESIAN_POINT('',(-0.00474558379547979,-0.147359269309869,0.125674066950263));
#9716=CARTESIAN_POINT('',(-0.00474309308644141,-0.147423976888055,0.125655960899034));
#9717=CARTESIAN_POINT('',(-0.00474162234480335,-0.147453515093856,0.125643369844808));
#9718=CARTESIAN_POINT('',(-0.00473702356125022,-0.14753665409767,0.1255991179671));
#9719=CARTESIAN_POINT('',(-0.00473370896069618,-0.147585277500261,0.125561100625226));
#9720=CARTESIAN_POINT('',(-0.00473145122253519,-0.147631894478212,0.125516424151935));
#9721=CARTESIAN_POINT('',(-0.0047959648482244,-0.147292687291895,0.125678854642956));
#9722=CARTESIAN_POINT('',(-0.00479596484821851,-0.147326505278276,0.125678854642956));
#9723=CARTESIAN_POINT('',(-0.00479596484821527,-0.147360279989486,0.125673890695629));
#9724=CARTESIAN_POINT('',(-0.0047959648482125,-0.147425356312417,0.125655460245538));
#9725=CARTESIAN_POINT('',(-0.00479596484821297,-0.147456649321978,0.125642079726096));
#9726=CARTESIAN_POINT('',(-0.00479596484821662,-0.147545631275163,0.125593348969136));
#9727=CARTESIAN_POINT('',(-0.00479596484822204,-0.147598418137364,0.125549900492784));
#9728=CARTESIAN_POINT('',(-0.00479596484821961,-0.147646240682498,0.125502077947649));
#9729=CARTESIAN_POINT('',(-0.00479596484821961,-0.147646240682498,0.125502077947649));
#9730=CARTESIAN_POINT('',(-0.00479596484822122,-0.147528389552297,0.125619929077853));
#9731=CARTESIAN_POINT('',(-0.00479596484822281,-0.147410538422096,0.125678854642955));
#9732=CARTESIAN_POINT('',(-0.0047959648482244,-0.147292687291895,0.125678854642954));
#9733=CARTESIAN_POINT('',(0.0148531656974914,-0.130712689068946,0.142152402047909));
#9734=CARTESIAN_POINT('',(0.0148458416258125,-0.130705338447376,0.142130936107504));
#9735=CARTESIAN_POINT('',(0.014839361040086,-0.130696380404833,0.142109488352273));
#9736=CARTESIAN_POINT('',(0.0148283437156708,-0.130674949122247,0.14206682391873));
#9737=CARTESIAN_POINT('',(0.0148238069769823,-0.130662475882204,0.142045607240417));
#9738=CARTESIAN_POINT('',(0.014813497844174,-0.13061933283249,0.14198259588071));
#9739=CARTESIAN_POINT('',(0.0148092212944391,-0.130584925398953,0.141939946436869));
#9740=CARTESIAN_POINT('',(0.0148092213079495,-0.130543095428669,0.141898116452564));
#9741=CARTESIAN_POINT('',(0.0148302943204755,-0.130704372018011,0.142189535652573));
#9742=CARTESIAN_POINT('',(0.0148098289608866,-0.13069037861925,0.142166133751875));
#9743=CARTESIAN_POINT('',(0.0147946092818171,-0.130675994083989,0.142142894343146));
#9744=CARTESIAN_POINT('',(0.0147726278990473,-0.130647001821875,0.142097645379284));
#9745=CARTESIAN_POINT('',(0.0147658661953471,-0.130632394095021,0.142075635824152));
#9746=CARTESIAN_POINT('',(0.014755217968796,-0.130589074749184,0.142012809243646));
#9747=CARTESIAN_POINT('',(0.0147578547277959,-0.130558272824783,0.141966599471987));
#9748=CARTESIAN_POINT('',(0.0147661504938887,-0.130520747077176,0.141920464797158));
#9749=CARTESIAN_POINT('',(0.014810492489621,-0.130690654392053,0.142226725631767));
#9750=CARTESIAN_POINT('',(0.0147849277138518,-0.130673325950252,0.142202741470901));
#9751=CARTESIAN_POINT('',(0.0147667610569121,-0.130655832653503,0.142178713716562));
#9752=CARTESIAN_POINT('',(0.0147411377810081,-0.130622156650435,0.142132213810677));
#9753=CARTESIAN_POINT('',(0.0147336098177907,-0.130605960180443,0.142109696165124));
#9754=CARTESIAN_POINT('',(0.0147211658784338,-0.130559894496708,0.142045129021681));
#9755=CARTESIAN_POINT('',(0.0147236046303684,-0.130529326501961,0.141997657231848));
#9756=CARTESIAN_POINT('',(0.0147297811980536,-0.130492207248555,0.141949004615883));
#9757=CARTESIAN_POINT('',(0.0147780132588671,-0.130651221599641,0.142300820954498));
#9758=CARTESIAN_POINT('',(0.0147507078846077,-0.130634629024398,0.142274766701749));
#9759=CARTESIAN_POINT('',(0.0147308057977865,-0.130616414907323,0.142248923941897));
#9760=CARTESIAN_POINT('',(0.0147015445592619,-0.130579884967042,0.142199582477571));
#9761=CARTESIAN_POINT('',(0.0146920296699428,-0.130561556341476,0.142176001706468));
#9762=CARTESIAN_POINT('',(0.0146725671323937,-0.130507444744383,0.142107822054209));
#9763=CARTESIAN_POINT('',(0.0146702683160219,-0.130470558893637,0.142061532323536));
#9764=CARTESIAN_POINT('',(0.0146723407290194,-0.130428501290828,0.14201271056004));
#9765=CARTESIAN_POINT('',(0.0147643080777404,-0.130626664888529,0.142338209994044));
#9766=CARTESIAN_POINT('',(0.0147389688100493,-0.130612551525992,0.142313763424741));
#9767=CARTESIAN_POINT('',(0.0147196135731381,-0.130595754431084,0.142288514198656));
#9768=CARTESIAN_POINT('',(0.0146899358694405,-0.130559989043922,0.142238903397012));
#9769=CARTESIAN_POINT('',(0.0146794446159295,-0.130541022674293,0.142214468676209));
#9770=CARTESIAN_POINT('',(0.0146560350624565,-0.130482095935279,0.142142188974087));
#9771=CARTESIAN_POINT('',(0.0146507712141996,-0.130440004492462,0.142095082771066));
#9772=CARTESIAN_POINT('',(0.01465096904753,-0.130393511603827,0.1420477002434));
#9773=CARTESIAN_POINT('',(0.0147541863333888,-0.130596128374724,0.142375413560115));
#9774=CARTESIAN_POINT('',(0.0147313748578886,-0.130584292087268,0.14235343186119));
#9775=CARTESIAN_POINT('',(0.0147119409383087,-0.130569244379659,0.142329740910263));
#9776=CARTESIAN_POINT('',(0.0146804765821377,-0.130534487885934,0.142280990630971));
#9777=CARTESIAN_POINT('',(0.0146683939491101,-0.130514837999758,0.142255966988146));
#9778=CARTESIAN_POINT('',(0.0146412430378551,-0.13045201933534,0.142181072942427));
#9779=CARTESIAN_POINT('',(0.0146349439537083,-0.130405302427295,0.142131554511925));
#9780=CARTESIAN_POINT('',(0.0146349439538441,-0.130357479882465,0.142083731966485));
#9781=CARTESIAN_POINT('',(0.0146349187924987,-0.130357485480176,0.142083726368774));
#9782=CARTESIAN_POINT('',(0.0146349197776244,-0.130475346707511,0.142201583168033));
#9783=CARTESIAN_POINT('',(0.0146746700621198,-0.130554898910676,0.142298815543));
#9784=CARTESIAN_POINT('',(0.0147541703833375,-0.130596143747117,0.142375421836229));
#9785=CARTESIAN_POINT('',(-0.0143650560461461,-0.147186621275662,0.125254590575182));
#9786=CARTESIAN_POINT('',(-0.0143650560461464,-0.14683306788413,0.12490103718365));
#9787=CARTESIAN_POINT('',(-0.0142916761075755,-0.147021629693384,0.12541958215746));
#9788=CARTESIAN_POINT('',(-0.0142916761075757,-0.146668076301852,0.125066028765928));
#9789=CARTESIAN_POINT('',(-0.0141326862406715,-0.146939133902245,0.125502077948598));
#9790=CARTESIAN_POINT('',(-0.0141326862406717,-0.146585580510713,0.125148524557066));
#9791=CARTESIAN_POINT('',(-0.0138880864454341,-0.146939133902245,0.125502077948598));
#9792=CARTESIAN_POINT('',(-0.0138880864454344,-0.146585580510714,0.125148524557066));
#9793=CARTESIAN_POINT('',(-0.0138880864781315,-0.146939133901306,0.125502077947661));
#9794=CARTESIAN_POINT('',(-0.0047959648481777,-0.146939133901303,0.125502077947658));
#9795=CARTESIAN_POINT('',(-0.0138880864781314,-0.147174836162805,0.125737780209159));
#9796=CARTESIAN_POINT('',(-0.00479596484817755,-0.147174836162802,0.125737780209157));
#9797=CARTESIAN_POINT('',(-0.0138880864781313,-0.147410538424303,0.125737780208056));
#9798=CARTESIAN_POINT('',(-0.00479596484817743,-0.1474105384243,0.125737780208053));
#9799=CARTESIAN_POINT('',(-0.0138880864781311,-0.147646240685802,0.125502077944351));
#9800=CARTESIAN_POINT('',(-0.0047959648481773,-0.147646240685799,0.125502077944348));
#9801=CARTESIAN_POINT('',(-0.0138880864618425,-0.1472926872919,0.125678854642957));
#9802=CARTESIAN_POINT('',(-0.0138880864623135,-0.147410538423201,0.125678854642957));
#9803=CARTESIAN_POINT('',(-0.0138880864627846,-0.147528389554501,0.125619929076754));
#9804=CARTESIAN_POINT('',(-0.0138880864632556,-0.147646240685802,0.125502077944351));
#9805=CARTESIAN_POINT('',(0.0146356549991497,-0.130359154455245,0.142082057393705));
#9806=CARTESIAN_POINT('',(0.0145938069723509,-0.130263455165343,0.142177756683608));
#9807=CARTESIAN_POINT('',(0.014501259703496,-0.130187616624514,0.142253595224436));
#9808=CARTESIAN_POINT('',(0.0143735053029756,-0.130144333956677,0.142296877892273));
#9809=CARTESIAN_POINT('',(0.0146356549991498,-0.130594856715641,0.142317759654101));
#9810=CARTESIAN_POINT('',(0.0145938069723511,-0.130499157425739,0.142413458944003));
#9811=CARTESIAN_POINT('',(0.0145012597034962,-0.13042331888491,0.142489297484832));
#9812=CARTESIAN_POINT('',(0.0143735053029757,-0.130380036217073,0.142532580152669));
#9813=CARTESIAN_POINT('',(0.0147948758172159,-0.130677898591659,0.142470420038478));
#9814=CARTESIAN_POINT('',(0.0147391076253565,-0.13055036322654,0.142597955403597));
#9815=CARTESIAN_POINT('',(0.0146157740734547,-0.130449295266952,0.142699023363185));
#9816=CARTESIAN_POINT('',(0.0144455207950834,-0.130391613159071,0.142756705471066));
#9817=CARTESIAN_POINT('',(0.0151133174533482,-0.1306082800833,0.142540038546836));
#9818=CARTESIAN_POINT('',(0.0150297089313672,-0.130417072567747,0.142731246062389));
#9819=CARTESIAN_POINT('',(0.0148448028133718,-0.13026554577064,0.142882772859497));
#9820=CARTESIAN_POINT('',(0.0145895517792988,-0.13017906478267,0.142969253847466));
#9821=CARTESIAN_POINT('',(0.0144577400170992,-0.13018070318717,0.142260508661781));
#9822=CARTESIAN_POINT('',(0.0144577400170993,-0.130373002675666,0.142452808150278));
#9823=CARTESIAN_POINT('',(0.0145031144787258,-0.130459808219465,0.142688510410674));
#9824=CARTESIAN_POINT('',(0.0145938634019784,-0.130180703187166,0.14296761544297));
#9825=CARTESIAN_POINT('',(-0.0141468342235353,-0.147255291339824,0.125609799788493));
#9826=CARTESIAN_POINT('',(-0.0141280744485655,-0.14725819047934,0.125621308930904));
#9827=CARTESIAN_POINT('',(-0.0141086246609232,-0.147261143859858,0.125631427781205));
#9828=CARTESIAN_POINT('',(-0.0140683146403079,-0.147267157554198,0.125648687222129));
#9829=CARTESIAN_POINT('',(-0.014047454407335,-0.14727021786802,0.125655827812753));
#9830=CARTESIAN_POINT('',(-0.0139827124104419,-0.147279556886392,0.125672485681915));
#9831=CARTESIAN_POINT('',(-0.0139368161658004,-0.147286020253572,0.125678854642956));
#9832=CARTESIAN_POINT('',(-0.0138880864618425,-0.1472926872919,0.125678854642956));
#9833=CARTESIAN_POINT('',(-0.0141582699200279,-0.147273858141039,0.125605641268725));
#9834=CARTESIAN_POINT('',(-0.0141372668934506,-0.14728391501658,0.125619984844246));
#9835=CARTESIAN_POINT('',(-0.0141157497494421,-0.147291952156054,0.125631747876815));
#9836=CARTESIAN_POINT('',(-0.0140722555156526,-0.14730483727491,0.12565076215969));
#9837=CARTESIAN_POINT('',(-0.0140502784258717,-0.147309685254293,0.125658013409997));
#9838=CARTESIAN_POINT('',(-0.0139845096715056,-0.147320720920366,0.125673973442987));
#9839=CARTESIAN_POINT('',(-0.0139374478291581,-0.147323942475758,0.125679492356572));
#9840=CARTESIAN_POINT('',(-0.0138880864639029,-0.147326505278281,0.125678854642956));
#9841=CARTESIAN_POINT('',(-0.0141689382292195,-0.147292439035593,0.125600132604102));
#9842=CARTESIAN_POINT('',(-0.0141462352954769,-0.147307770353539,0.125615929683331));
#9843=CARTESIAN_POINT('',(-0.0141230525114829,-0.147319570303776,0.125628245371122));
#9844=CARTESIAN_POINT('',(-0.0140769211342259,-0.147337687877839,0.125647464263731));
#9845=CARTESIAN_POINT('',(-0.0140539628340413,-0.147344020680364,0.125654378330101));
#9846=CARTESIAN_POINT('',(-0.0139866149220586,-0.147357269511204,0.125669156973213));
#9847=CARTESIAN_POINT('',(-0.013938468060778,-0.147359269509418,0.125674066890309));
#9848=CARTESIAN_POINT('',(-0.0138880864650263,-0.14736028030825,0.125673890620776));
#9849=CARTESIAN_POINT('',(-0.0141886169056226,-0.147329579338262,0.1255862654363));
#9850=CARTESIAN_POINT('',(-0.01416341793021,-0.147352139213973,0.125603460236476));
#9851=CARTESIAN_POINT('',(-0.0141376348900209,-0.147369190699902,0.125615961400002));
#9852=CARTESIAN_POINT('',(-0.0140871801344335,-0.147394922599094,0.125634462432139));
#9853=CARTESIAN_POINT('',(-0.0140624764386038,-0.14740365690352,0.125640501968632));
#9854=CARTESIAN_POINT('',(-0.0139912908392981,-0.147421704077746,0.125652668951123));
#9855=CARTESIAN_POINT('',(-0.0139409592604697,-0.147423976596507,0.125655960985451));
#9856=CARTESIAN_POINT('',(-0.0138880864659658,-0.147425356333104,0.125655460223517));
#9857=CARTESIAN_POINT('',(-0.014197627272834,-0.147348138746378,0.12557790693312));
#9858=CARTESIAN_POINT('',(-0.0141716321629169,-0.147372652737448,0.125595045950537));
#9859=CARTESIAN_POINT('',(-0.0141449145065179,-0.147391213121732,0.125607185792954));
#9860=CARTESIAN_POINT('',(-0.0140927735160675,-0.147419377034343,0.125624781705544));
#9861=CARTESIAN_POINT('',(-0.0140673056349959,-0.147429057987596,0.125630295388376));
#9862=CARTESIAN_POINT('',(-0.0139938615059835,-0.147449749120295,0.125641065903538));
#9863=CARTESIAN_POINT('',(-0.0139424302285399,-0.14745351339621,0.125643370689292));
#9864=CARTESIAN_POINT('',(-0.0138880864657804,-0.147456648045706,0.125642080399258));
#9865=CARTESIAN_POINT('',(-0.0142219867104303,-0.147403710231393,0.125548332342469));
#9866=CARTESIAN_POINT('',(-0.0141946844816563,-0.147429775468262,0.125564918940424));
#9867=CARTESIAN_POINT('',(-0.0141661508988318,-0.147450426279172,0.125576000156385));
#9868=CARTESIAN_POINT('',(-0.0141101627205462,-0.147483384338566,0.125590989009868));
#9869=CARTESIAN_POINT('',(-0.0140826464200619,-0.147495819142347,0.125594996759405));
#9870=CARTESIAN_POINT('',(-0.0140020457862104,-0.147525728633621,0.125601191828988));
#9871=CARTESIAN_POINT('',(-0.0139470296376374,-0.14753665506762,0.125599117591165));
#9872=CARTESIAN_POINT('',(-0.0138880864644314,-0.147545632930522,0.125593348111924));
#9873=CARTESIAN_POINT('',(-0.0142356918989434,-0.147441099265479,0.12552377563009));
#9874=CARTESIAN_POINT('',(-0.0142103526825804,-0.147465546047217,0.125537888823886));
#9875=CARTESIAN_POINT('',(-0.0141825578314121,-0.147485921565918,0.125547414693242));
#9876=CARTESIAN_POINT('',(-0.0141259497747905,-0.147519964299064,0.12555997348733));
#9877=CARTESIAN_POINT('',(-0.0140970908146625,-0.147533765194494,0.125563119743678));
#9878=CARTESIAN_POINT('',(-0.014009781337564,-0.147569215340797,0.125566556723925));
#9879=CARTESIAN_POINT('',(-0.013950344583542,-0.14758527866229,0.125561099463212));
#9880=CARTESIAN_POINT('',(-0.0138880864624652,-0.147598420004848,0.125549898625304));
#9881=CARTESIAN_POINT('',(-0.0142458136471697,-0.147478302824663,0.125493239110193));
#9882=CARTESIAN_POINT('',(-0.0142230021684117,-0.147500284516263,0.125505075404974));
#9883=CARTESIAN_POINT('',(-0.0141968715157666,-0.147520500697269,0.125513669987851));
#9884=CARTESIAN_POINT('',(-0.0141405431210015,-0.147556349649971,0.125524466907989));
#9885=CARTESIAN_POINT('',(-0.0141104091802753,-0.147572006924424,0.125526722123656));
#9886=CARTESIAN_POINT('',(-0.0140175168847885,-0.147612789428972,0.125526190815333));
#9887=CARTESIAN_POINT('',(-0.0139526026038856,-0.147631893922325,0.125516424707827));
#9888=CARTESIAN_POINT('',(-0.0138880864632556,-0.147646240685802,0.125502077944351));
#9889=CARTESIAN_POINT('',(-0.0138881385716453,-0.147646229096203,0.12550208953395));
#9890=CARTESIAN_POINT('',(-0.014047109309755,-0.147610879228858,0.125537439401295));
#9891=CARTESIAN_POINT('',(-0.0141663392807079,-0.14755490572981,0.125534495218077));
#9892=CARTESIAN_POINT('',(-0.0142458295972182,-0.147478311100776,0.125493254482582));
#9893=CARTESIAN_POINT('',(0.0145990940756686,-0.130180703187169,0.14226050866178));
#9894=CARTESIAN_POINT('',(0.0137168537799232,-0.130180703187169,0.14226050866178));
#9895=CARTESIAN_POINT('',(0.0145990940756688,-0.130417819667073,0.142497625141684));
#9896=CARTESIAN_POINT('',(0.0137168537799233,-0.130417819667073,0.142497625141684));
#9897=CARTESIAN_POINT('',(0.0145990940756688,-0.130416320249801,0.142734741621587));
#9898=CARTESIAN_POINT('',(0.0137168537799233,-0.130416320249801,0.142734741621587));
#9899=CARTESIAN_POINT('',(0.0145990940756686,-0.130176435532864,0.142971858101491));
#9900=CARTESIAN_POINT('',(0.0137168537799232,-0.130176435532864,0.142971858101491));
#9901=CARTESIAN_POINT('',(0.0137220844536134,-0.130180703169439,0.142967615460698));
#9902=CARTESIAN_POINT('',(0.0137902996095302,-0.130414694005836,0.142733624636034));
#9903=CARTESIAN_POINT('',(0.0138584577698003,-0.130404051509297,0.142483856983909));
#9904=CARTESIAN_POINT('',(0.0138584577698002,-0.13018070318717,0.142260508661781));
#9905=CARTESIAN_POINT('',(-0.0146264943992575,-0.147399767099632,0.125041444749334));
#9906=CARTESIAN_POINT('',(-0.0144987401217366,-0.147356484400263,0.125084727448703));
#9907=CARTESIAN_POINT('',(-0.0144061929564519,-0.147280645881844,0.125160565967122));
#9908=CARTESIAN_POINT('',(-0.0143643449777998,-0.147184946649253,0.125256265199713));
#9909=CARTESIAN_POINT('',(-0.0146264943992571,-0.147635469360027,0.12527714700973));
#9910=CARTESIAN_POINT('',(-0.0144987401217363,-0.147592186660658,0.125320429709098));
#9911=CARTESIAN_POINT('',(-0.0144061929564517,-0.147516348142239,0.125396268227517));
#9912=CARTESIAN_POINT('',(-0.0143643449777997,-0.147420648909649,0.125491967460108));
#9913=CARTESIAN_POINT('',(-0.0145544788080969,-0.147859594644864,0.125288723985288));
#9914=CARTESIAN_POINT('',(-0.0143842256936434,-0.147801912494962,0.12534640613519));
#9915=CARTESIAN_POINT('',(-0.014260892279766,-0.147700844565239,0.125447474064913));
#9916=CARTESIAN_POINT('',(-0.0142051241520693,-0.147573309276497,0.125575009353655));
#9917=CARTESIAN_POINT('',(-0.0144104476257768,-0.148072142954143,0.12507617567601));
#9918=CARTESIAN_POINT('',(-0.0141551968374578,-0.147985661903175,0.125162656726978));
#9919=CARTESIAN_POINT('',(-0.0139702909263947,-0.147834135150843,0.12531418347931));
#9920=CARTESIAN_POINT('',(-0.0138866825006086,-0.147642927749799,0.125505390880354));
#9921=CARTESIAN_POINT('',(-0.0144061357472787,-0.148070504767258,0.125077813862895));
#9922=CARTESIAN_POINT('',(-0.0144968852376869,-0.14779152015428,0.12535679848854));
#9923=CARTESIAN_POINT('',(-0.014542259982891,-0.147555817888533,0.125270233797462));
#9924=CARTESIAN_POINT('',(-0.0145422599828912,-0.147363397970019,0.125077813878947));
#9925=CARTESIAN_POINT('',(0.013942443105539,-0.130144334057557,0.142296877791395));
#9926=CARTESIAN_POINT('',(0.0138146888280182,-0.130187616756926,0.142253595092025));
#9927=CARTESIAN_POINT('',(0.0137221416627336,-0.130263455275344,0.142177756573606));
#9928=CARTESIAN_POINT('',(0.0136802936840817,-0.130359154507935,0.142082057341015));
#9929=CARTESIAN_POINT('',(0.0139424431055394,-0.130380036317953,0.14253258005179));
#9930=CARTESIAN_POINT('',(0.0138146888280186,-0.130423319017321,0.142489297352421));
#9931=CARTESIAN_POINT('',(0.0137221416627339,-0.13049915753574,0.142413458834002));
#9932=CARTESIAN_POINT('',(0.0136802936840818,-0.13059485676833,0.142317759601411));
#9933=CARTESIAN_POINT('',(0.0138704275143794,-0.130391613293511,0.142756705336627));
#9934=CARTESIAN_POINT('',(0.0137001743999259,-0.130449295443413,0.142699023186725));
#9935=CARTESIAN_POINT('',(0.0135768409860483,-0.130550363373136,0.142597955257001));
#9936=CARTESIAN_POINT('',(0.0135210728583515,-0.130677898661878,0.142470419968259));
#9937=CARTESIAN_POINT('',(0.0137263963320591,-0.130179064984234,0.142969253645905));
#9938=CARTESIAN_POINT('',(0.0134711455437401,-0.130265546035201,0.142882772594937));
#9939=CARTESIAN_POINT('',(0.0132862396326769,-0.130417072787533,0.142731245842605));
#9940=CARTESIAN_POINT('',(0.0132026312068908,-0.130608280188576,0.142540038441561));
#9941=CARTESIAN_POINT('',(0.0136810047524277,-0.130357479883403,0.142083731967422));
#9942=CARTESIAN_POINT('',(0.0136810047524274,-0.130003926491873,0.141730178575891));
#9943=CARTESIAN_POINT('',(0.0136076248138571,-0.130522471465682,0.141918740385144));
#9944=CARTESIAN_POINT('',(0.0136076248138567,-0.130168918074151,0.141565186993613));
#9945=CARTESIAN_POINT('',(0.0134486349469531,-0.13060496725682,0.141836244594006));
#9946=CARTESIAN_POINT('',(0.0134486349469527,-0.130251413865289,0.141482691202475));
#9947=CARTESIAN_POINT('',(0.0132040351517157,-0.13060496725682,0.141836244594006));
#9948=CARTESIAN_POINT('',(0.0132040351517154,-0.130251413865289,0.141482691202475));
#9949=CARTESIAN_POINT('',(0.0135067273983225,-0.130543095413466,0.14189811643736));
#9950=CARTESIAN_POINT('',(0.0134272324648704,-0.130584343308723,0.141856868541478));
#9951=CARTESIAN_POINT('',(0.0133263350493348,-0.130604967256195,0.141836244593381));
#9952=CARTESIAN_POINT('',(0.0132040351517157,-0.130604967255882,0.141836244593069));
#9953=CARTESIAN_POINT('',(-0.0152831453693852,-0.147363397970019,0.125077813878947));
#9954=CARTESIAN_POINT('',(-0.0144009050735886,-0.147363397970018,0.125077813878946));
#9955=CARTESIAN_POINT('',(-0.0152831453693851,-0.14760051444936,0.125314930358288));
#9956=CARTESIAN_POINT('',(-0.0144009050735884,-0.147600514449359,0.125314930358288));
#9957=CARTESIAN_POINT('',(-0.0152831453693849,-0.147837630928701,0.125313430941647));
#9958=CARTESIAN_POINT('',(-0.0144009050735883,-0.147837630928701,0.125313430941647));
#9959=CARTESIAN_POINT('',(-0.0152831453693848,-0.148074747408041,0.12507354622635));
#9960=CARTESIAN_POINT('',(-0.0144009050735882,-0.148074747408041,0.125073546226349));
#9961=CARTESIAN_POINT('',(-0.0151415422301893,-0.147363397970019,0.125077813878947));
#9962=CARTESIAN_POINT('',(-0.0151415422301892,-0.147412798549485,0.125127214458413));
#9963=CARTESIAN_POINT('',(-0.0151470357081466,-0.147515522307953,0.125217473238208));
#9964=CARTESIAN_POINT('',(-0.0151822858825454,-0.147736872698661,0.125268542601647));
#9965=CARTESIAN_POINT('',(-0.0152129574436358,-0.147858996979173,0.125235802651768));
#9966=CARTESIAN_POINT('',(-0.0152541291323996,-0.147997350806823,0.125150967826338));
#9967=CARTESIAN_POINT('',(-0.0152779146062705,-0.148070504765744,0.125077813864409));
#9968=CARTESIAN_POINT('',(0.0134627829298175,-0.130712689096715,0.142152402031586));
#9969=CARTESIAN_POINT('',(0.0134701070082948,-0.130705338474073,0.142130936090855));
#9970=CARTESIAN_POINT('',(0.0134765876007914,-0.130696380429871,0.142109488335385));
#9971=CARTESIAN_POINT('',(0.0134876049385879,-0.130674949142655,0.14206682390161));
#9972=CARTESIAN_POINT('',(0.0134921416838879,-0.130662475899641,0.142045607223306));
#9973=CARTESIAN_POINT('',(0.0135024508361395,-0.130619332838841,0.141982595864113));
#9974=CARTESIAN_POINT('',(0.0135067273991087,-0.130584925395931,0.141939946420642));
#9975=CARTESIAN_POINT('',(0.0135067273983225,-0.130543095413466,0.14189811643736));
#9976=CARTESIAN_POINT('',(0.0134252633798781,-0.130735707381535,0.142158200310617));
#9977=CARTESIAN_POINT('',(0.0134254701510385,-0.130732225660905,0.142124286734153));
#9978=CARTESIAN_POINT('',(0.0134268771813651,-0.130725008162821,0.142093880287325));
#9979=CARTESIAN_POINT('',(0.0134312484999192,-0.130705153316683,0.14203949390186));
#9980=CARTESIAN_POINT('',(0.0134342127881467,-0.130692515968629,0.142015513963222));
#9981=CARTESIAN_POINT('',(0.0134441766490342,-0.130649551706913,0.14195233228297));
#9982=CARTESIAN_POINT('',(0.0134553608237058,-0.130611578435289,0.14191329384529));
#9983=CARTESIAN_POINT('',(0.0134636565842616,-0.13056544376171,0.141875768089517));
#9984=CARTESIAN_POINT('',(0.0133849837792487,-0.13075316449792,0.142164215553657));
#9985=CARTESIAN_POINT('',(0.0133818038701428,-0.130750750951631,0.142125316497509));
#9986=CARTESIAN_POINT('',(0.0133807615994245,-0.130743224681203,0.142091321714285));
#9987=CARTESIAN_POINT('',(0.0133817247981301,-0.130722344161725,0.142032026317654));
#9988=CARTESIAN_POINT('',(0.0133837302675544,-0.130709013167723,0.142006643191478));
#9989=CARTESIAN_POINT('',(0.0133924769810119,-0.1306648658604,0.141940157657965));
#9990=CARTESIAN_POINT('',(0.0134046108261226,-0.13062673649877,0.141900247225062));
#9991=CARTESIAN_POINT('',(0.0134142434683841,-0.130581414245979,0.141859797605443));
#9992=CARTESIAN_POINT('',(0.0132986611167252,-0.130775374990137,0.142176667578153));
#9993=CARTESIAN_POINT('',(0.0132968517454834,-0.130773889315718,0.142135506421585));
#9994=CARTESIAN_POINT('',(0.013296026910855,-0.130766429867597,0.142098908989453));
#9995=CARTESIAN_POINT('',(0.0132958903672537,-0.130745153680169,0.142034313767388));
#9996=CARTESIAN_POINT('',(0.0132965786582819,-0.130731404946788,0.142006153102455));
#9997=CARTESIAN_POINT('',(0.0133002292982548,-0.130685497726866,0.141929769070243));
#9998=CARTESIAN_POINT('',(0.0133058829070821,-0.130646871151786,0.141885220063885));
#9999=CARTESIAN_POINT('',(0.0133110673011366,-0.130601048175084,0.141840163675789));
#10000=CARTESIAN_POINT('',(0.0132527648720841,-0.130781743951178,0.142183130945334));
#10001=CARTESIAN_POINT('',(0.0132521332087265,-0.130781106237562,0.142145208723148));
#10002=CARTESIAN_POINT('',(0.0132520279007845,-0.130774406717142,0.142109861918971));
#10003=CARTESIAN_POINT('',(0.0132524638133082,-0.130753814138968,0.142045078303623));
#10004=CARTESIAN_POINT('',(0.0132530050337755,-0.130740010582968,0.142015480767994));
#10005=CARTESIAN_POINT('',(0.0132549892138373,-0.130692200912462,0.141932083996045));
#10006=CARTESIAN_POINT('',(0.0132567926921012,-0.130651904963501,0.141883182300768));
#10007=CARTESIAN_POINT('',(0.0132574521306715,-0.130604967256478,0.141836244593665));
#10008=CARTESIAN_POINT('',(0.0132040351681266,-0.130781743951179,0.142189797983662));
#10009=CARTESIAN_POINT('',(0.0132040351660664,-0.130781743951179,0.142155979997281));
#10010=CARTESIAN_POINT('',(0.01320403516401,-0.130776780003852,0.142122205286071));
#10011=CARTESIAN_POINT('',(0.0132040351602691,-0.130758349553763,0.142057128963142));
#10012=CARTESIAN_POINT('',(0.0132040351585861,-0.130744969034322,0.142025835953582));
#10013=CARTESIAN_POINT('',(0.0132040351543242,-0.130696238277366,0.141936854000401));
#10014=CARTESIAN_POINT('',(0.013204035152542,-0.130652789801017,0.141884067138203));
#10015=CARTESIAN_POINT('',(0.0132040351517191,-0.130604967255882,0.141836244593069));
#10016=CARTESIAN_POINT('',(0.0132040351517191,-0.130604967255883,0.141836244593067));
#10017=CARTESIAN_POINT('',(0.0132040351571885,-0.13072281838609,0.141954095723266));
#10018=CARTESIAN_POINT('',(0.0132040351626576,-0.130781743951192,0.142071946853464));
#10019=CARTESIAN_POINT('',(0.0132040351681266,-0.130781743951192,0.142189797983662));
#10020=CARTESIAN_POINT('',(-0.0157959648482716,-0.146939133901311,0.125502077947662));
#10021=CARTESIAN_POINT('',(-0.0157959648482717,-0.146585580510715,0.125148524557066));
#10022=CARTESIAN_POINT('',(-0.0155513650530349,-0.14693913390131,0.125502077947662));
#10023=CARTESIAN_POINT('',(-0.0155513650530349,-0.146585580510714,0.125148524557066));
#10024=CARTESIAN_POINT('',(-0.0153923751861315,-0.14702162969245,0.125419582156523));
#10025=CARTESIAN_POINT('',(-0.0153923751861316,-0.146668076301854,0.125066028765926));
#10026=CARTESIAN_POINT('',(-0.0153189952475614,-0.147186621274729,0.125254590574244));
#10027=CARTESIAN_POINT('',(-0.0153189952475615,-0.146833067884133,0.124901037183647));
#10028=CARTESIAN_POINT('',(-0.0153197063180252,-0.147184946644414,0.125256265204553));
#10029=CARTESIAN_POINT('',(-0.0152778583002129,-0.147280645971405,0.125160565877561));
#10030=CARTESIAN_POINT('',(-0.0151853110046081,-0.147356484540234,0.125084727308731));
#10031=CARTESIAN_POINT('',(-0.0150575565557403,-0.147399767214379,0.125041444634585));
#10032=CARTESIAN_POINT('',(-0.0153197063180249,-0.14742064890481,0.125491967464948));
#10033=CARTESIAN_POINT('',(-0.015277858300213,-0.147516348231801,0.125396268137957));
#10034=CARTESIAN_POINT('',(-0.0151853110046085,-0.14759218680063,0.125320429569127));
#10035=CARTESIAN_POINT('',(-0.0150575565557409,-0.147635469474775,0.125277146894981));
#10036=CARTESIAN_POINT('',(-0.015478927144459,-0.147573309270048,0.125575009360105));
#10037=CARTESIAN_POINT('',(-0.0154231589645763,-0.147700844684595,0.125447473945557));
#10038=CARTESIAN_POINT('',(-0.0152998253770258,-0.1478019126815,0.125346405948651));
#10039=CARTESIAN_POINT('',(-0.0151295720342224,-0.14785959479779,0.125288723832361));
#10040=CARTESIAN_POINT('',(-0.0157973687973277,-0.14764292774013,0.125505390890024));
#10041=CARTESIAN_POINT('',(-0.0157137602933028,-0.14783413532979,0.125314183300363));
#10042=CARTESIAN_POINT('',(-0.0155288541218598,-0.147985662182846,0.125162656447305));
#10043=CARTESIAN_POINT('',(-0.0152736029911849,-0.148072143183423,0.125076175446726));
#10044=CARTESIAN_POINT('',(-0.0154382216976875,-0.147478311098084,0.125493254485274));
#10045=CARTESIAN_POINT('',(-0.0155177120145697,-0.147554905726283,0.125534495221606));
#10046=CARTESIAN_POINT('',(-0.0156369419860591,-0.147610879224124,0.125537439406029));
#10047=CARTESIAN_POINT('',(-0.0157959127249973,-0.147646229089607,0.125502089540547));
#10048=CARTESIAN_POINT('',(0.0132040351844132,-0.130604967255883,0.141836244593067));
#10049=CARTESIAN_POINT('',(0.00411191324818912,-0.130604967255886,0.14183624459307));
#10050=CARTESIAN_POINT('',(0.013204035184414,-0.130842083768003,0.142073361105172));
#10051=CARTESIAN_POINT('',(0.00411191324818994,-0.130842083768006,0.142073361105174));
#10052=CARTESIAN_POINT('',(0.013204035184414,-0.130840584314651,0.142310477617275));
#10053=CARTESIAN_POINT('',(0.0041119132481899,-0.130840584314653,0.142310477617278));
#10054=CARTESIAN_POINT('',(0.0132040351844132,-0.130600699503848,0.142547594129379));
#10055=CARTESIAN_POINT('',(0.0041119132481891,-0.130600699503851,0.142547594129382));
#10056=CARTESIAN_POINT('',(0.00411191355455311,-0.130604967272028,0.141836244609209));
#10057=CARTESIAN_POINT('',(0.00411191355455296,-0.130251413865294,0.141482691202475));
#10058=CARTESIAN_POINT('',(0.00386731375931654,-0.130604967272028,0.141836244609209));
#10059=CARTESIAN_POINT('',(0.00386731375931639,-0.130251413865294,0.141482691202476));
#10060=CARTESIAN_POINT('',(0.00370832389241323,-0.130522471480889,0.141918740400349));
#10061=CARTESIAN_POINT('',(0.00370832389241309,-0.130168918074155,0.141565186993615));
#10062=CARTESIAN_POINT('',(0.00363494395384315,-0.13035747989861,0.142083731982627));
#10063=CARTESIAN_POINT('',(0.00363494395384301,-0.130003926491876,0.141730178575894));
#10064=CARTESIAN_POINT('',(0.00380922130794951,-0.130543095428674,0.141898116452563));
#10065=CARTESIAN_POINT('',(0.00372972637449718,-0.130501847527724,0.141939364342753));
#10066=CARTESIAN_POINT('',(0.00367163392312839,-0.130439975678989,0.142001236180727));
#10067=CARTESIAN_POINT('',(0.00363494395384315,-0.130357479882469,0.142083731966487));
#10068=CARTESIAN_POINT('',(-0.0155372170750365,-0.147255291338819,0.125609799790203));
#10069=CARTESIAN_POINT('',(-0.0155257813780524,-0.147273858139965,0.125605641270786));
#10070=CARTESIAN_POINT('',(-0.0155151130684159,-0.147292439034432,0.125600132606447));
#10071=CARTESIAN_POINT('',(-0.0154954343912199,-0.14732957933689,0.125586265439073));
#10072=CARTESIAN_POINT('',(-0.0154864240236603,-0.147348138744881,0.125577906936038));
#10073=CARTESIAN_POINT('',(-0.0154620645851691,-0.147403710229462,0.125548332345613));
#10074=CARTESIAN_POINT('',(-0.015448359396201,-0.147441099263212,0.125523775633157));
#10075=CARTESIAN_POINT('',(-0.0154382376477359,-0.147478302821971,0.125493239112886));
#10076=CARTESIAN_POINT('',(-0.0155559768509167,-0.147258190478424,0.125621308932329));
#10077=CARTESIAN_POINT('',(-0.0155467844056616,-0.14728391501561,0.125619984846042));
#10078=CARTESIAN_POINT('',(-0.0155378160104573,-0.14730777032542,0.125615929707526));
#10079=CARTESIAN_POINT('',(-0.0155206333929764,-0.147352139117963,0.125603460316404));
#10080=CARTESIAN_POINT('',(-0.0155124191706998,-0.147372652600696,0.125595046063798));
#10081=CARTESIAN_POINT('',(-0.0154893668725004,-0.147429775249798,0.125564919120394));
#10082=CARTESIAN_POINT('',(-0.0154736986707997,-0.14746554582828,0.125537889003988));
#10083=CARTESIAN_POINT('',(-0.0154610491266945,-0.14750028451312,0.125505075408118));
#10084=CARTESIAN_POINT('',(-0.0155754266394805,-0.147261143859029,0.125631427782386));
#10085=CARTESIAN_POINT('',(-0.0155683015860624,-0.147291952160188,0.12563174787836));
#10086=CARTESIAN_POINT('',(-0.0155609988671116,-0.147319570261998,0.125628245413836));
#10087=CARTESIAN_POINT('',(-0.0155464165737506,-0.147369190614518,0.125615961527517));
#10088=CARTESIAN_POINT('',(-0.0155391369993405,-0.147391213080605,0.125607185930599));
#10089=CARTESIAN_POINT('',(-0.0155179007063309,-0.147450426000562,0.125576000490523));
#10090=CARTESIAN_POINT('',(-0.0155014938038403,-0.147485921303779,0.125547415095959));
#10091=CARTESIAN_POINT('',(-0.0154871800457114,-0.147520500874776,0.125513670054252));
#10092=CARTESIAN_POINT('',(-0.0156157366619629,-0.147267157553542,0.125648687222891));
#10093=CARTESIAN_POINT('',(-0.0156117959103549,-0.147304837291739,0.125650762160771));
#10094=CARTESIAN_POINT('',(-0.0156071303586469,-0.147337687777056,0.125647464324317));
#10095=CARTESIAN_POINT('',(-0.0155968714180985,-0.14739492246807,0.12563446256412));
#10096=CARTESIAN_POINT('',(-0.015591278029258,-0.147419377158768,0.125624781714427));
#10097=CARTESIAN_POINT('',(-0.0155738887516385,-0.14748338358238,0.125590989452041));
#10098=CARTESIAN_POINT('',(-0.0155581015797468,-0.147519963438274,0.125559974143778));
#10099=CARTESIAN_POINT('',(-0.0155435082061437,-0.147556349651705,0.125524466904917));
#10100=CARTESIAN_POINT('',(-0.0156365968958815,-0.14727021786745,0.12565582781334));
#10101=CARTESIAN_POINT('',(-0.0156337730542464,-0.147309685278711,0.125658013410865));
#10102=CARTESIAN_POINT('',(-0.0156300886495561,-0.147344020518696,0.125654378397133));
#10103=CARTESIAN_POINT('',(-0.0156215748576779,-0.14740365665423,0.125640502086408));
#10104=CARTESIAN_POINT('',(-0.0156167454704901,-0.147429058089028,0.125630295287758));
#10105=CARTESIAN_POINT('',(-0.0156014040505995,-0.147495817783539,0.125594997244901));
#10106=CARTESIAN_POINT('',(-0.0155869591493562,-0.147533763532202,0.125563120553407));
#10107=CARTESIAN_POINT('',(-0.0155736408045969,-0.147572006326281,0.125526722118683));
#10108=CARTESIAN_POINT('',(-0.015701338895651,-0.147279556886072,0.125672485682069));
#10109=CARTESIAN_POINT('',(-0.0156995419180183,-0.147320720960012,0.125673973443287));
#10110=CARTESIAN_POINT('',(-0.0156974368874656,-0.147357269367418,0.125669157062959));
#10111=CARTESIAN_POINT('',(-0.0156927613250557,-0.147421704297797,0.125652669046367));
#10112=CARTESIAN_POINT('',(-0.0156901907931984,-0.147449750393245,0.125641065504954));
#10113=CARTESIAN_POINT('',(-0.0156820068524714,-0.147525727940853,0.125601192521974));
#10114=CARTESIAN_POINT('',(-0.015674271440706,-0.147569214562724,0.125566558096146));
#10115=CARTESIAN_POINT('',(-0.0156665361142767,-0.147612790200473,0.125526190841975));
#10116=CARTESIAN_POINT('',(-0.0157472351422552,-0.147286020253416,0.125678854642956));
#10117=CARTESIAN_POINT('',(-0.0157466037628799,-0.147323942515554,0.125679492356588));
#10118=CARTESIAN_POINT('',(-0.0157455837954796,-0.147359269309876,0.125674066950263));
#10119=CARTESIAN_POINT('',(-0.0157430930864412,-0.147423976888062,0.125655960899034));
#10120=CARTESIAN_POINT('',(-0.0157416223448032,-0.147453515093862,0.125643369844808));
#10121=CARTESIAN_POINT('',(-0.0157370235612501,-0.147536654097676,0.125599117967099));
#10122=CARTESIAN_POINT('',(-0.015733708960696,-0.147585277500268,0.125561100625226));
#10123=CARTESIAN_POINT('',(-0.0157314512225351,-0.147631894478219,0.125516424151935));
#10124=CARTESIAN_POINT('',(-0.0157959648482241,-0.147292687291901,0.125678854642956));
#10125=CARTESIAN_POINT('',(-0.0157959648482182,-0.147326505278282,0.125678854642956));
#10126=CARTESIAN_POINT('',(-0.015795964848215,-0.147360279989493,0.125673890695628));
#10127=CARTESIAN_POINT('',(-0.0157959648482122,-0.147425356312423,0.125655460245538));
#10128=CARTESIAN_POINT('',(-0.0157959648482127,-0.147456649321985,0.125642079726096));
#10129=CARTESIAN_POINT('',(-0.0157959648482165,-0.14754563127517,0.125593348969136));
#10130=CARTESIAN_POINT('',(-0.0157959648482219,-0.14759841813737,0.125549900492784));
#10131=CARTESIAN_POINT('',(-0.0157959648482195,-0.147646240682505,0.125502077947649));
#10132=CARTESIAN_POINT('',(-0.0157959648482195,-0.147646240682505,0.125502077947649));
#10133=CARTESIAN_POINT('',(-0.0157959648482211,-0.147528389552304,0.125619929077853));
#10134=CARTESIAN_POINT('',(-0.0157959648482226,-0.147410538422102,0.125678854642955));
#10135=CARTESIAN_POINT('',(-0.0157959648482241,-0.147292687291901,0.125678854642954));
#10136=CARTESIAN_POINT('',(0.00385316569749014,-0.130712689068952,0.142152402047909));
#10137=CARTESIAN_POINT('',(0.00384584162581134,-0.130705338447381,0.142130936107504));
#10138=CARTESIAN_POINT('',(0.00383936104008484,-0.130696380404838,0.142109488352273));
#10139=CARTESIAN_POINT('',(0.00382834371566991,-0.130674949122253,0.14206682391873));
#10140=CARTESIAN_POINT('',(0.00382380697698149,-0.13066247588221,0.142045607240417));
#10141=CARTESIAN_POINT('',(0.00381349784417349,-0.130619332832495,0.141982595880709));
#10142=CARTESIAN_POINT('',(0.00380922129443878,-0.130584925398959,0.141939946436868));
#10143=CARTESIAN_POINT('',(0.00380922130794952,-0.130543095428674,0.141898116452563));
#10144=CARTESIAN_POINT('',(0.00383029432047436,-0.130704372018016,0.142189535652573));
#10145=CARTESIAN_POINT('',(0.0038098289608856,-0.130690378619255,0.142166133751875));
#10146=CARTESIAN_POINT('',(0.00379460928181624,-0.130675994083994,0.142142894343146));
#10147=CARTESIAN_POINT('',(0.00377262789904674,-0.13064700182188,0.142097645379284));
#10148=CARTESIAN_POINT('',(0.00376586619534661,-0.130632394095027,0.142075635824152));
#10149=CARTESIAN_POINT('',(0.00375521796879569,-0.130589074749189,0.142012809243646));
#10150=CARTESIAN_POINT('',(0.00375785472779572,-0.130558272824788,0.141966599471986));
#10151=CARTESIAN_POINT('',(0.00376615049388869,-0.130520747077182,0.141920464797157));
#10152=CARTESIAN_POINT('',(0.00381049248962001,-0.130690654392058,0.142226725631767));
#10153=CARTESIAN_POINT('',(0.00378492771385099,-0.130673325950257,0.142202741470902));
#10154=CARTESIAN_POINT('',(0.0037667610569114,-0.130655832653508,0.142178713716562));
#10155=CARTESIAN_POINT('',(0.00374113778100761,-0.13062215665044,0.142132213810678));
#10156=CARTESIAN_POINT('',(0.00373360981779025,-0.130605960180449,0.142109696165124));
#10157=CARTESIAN_POINT('',(0.00372116587843354,-0.130559894496714,0.142045129021681));
#10158=CARTESIAN_POINT('',(0.00372360463036818,-0.130529326501967,0.141997657231847));
#10159=CARTESIAN_POINT('',(0.00372978119805348,-0.130492207248561,0.141949004615882));
#10160=CARTESIAN_POINT('',(0.00377801325886644,-0.130651221599647,0.142300820954499));
#10161=CARTESIAN_POINT('',(0.00375070788460709,-0.130634629024403,0.14227476670175));
#10162=CARTESIAN_POINT('',(0.00373080579778611,-0.130616414907328,0.142248923941897));
#10163=CARTESIAN_POINT('',(0.00370154455926147,-0.130579884967047,0.142199582477571));
#10164=CARTESIAN_POINT('',(0.00369202966994252,-0.130561556341482,0.142176001706468));
#10165=CARTESIAN_POINT('',(0.00367256713239354,-0.13050744474439,0.142107822054209));
#10166=CARTESIAN_POINT('',(0.00367026831602184,-0.130470558893643,0.142061532323536));
#10167=CARTESIAN_POINT('',(0.00367234072901951,-0.130428501290834,0.14201271056004));
#10168=CARTESIAN_POINT('',(0.00376430807773989,-0.130626664888534,0.142338209994045));
#10169=CARTESIAN_POINT('',(0.00373896881004881,-0.130612551525997,0.142313763424742));
#10170=CARTESIAN_POINT('',(0.00371961357313779,-0.130595754431089,0.142288514198656));
#10171=CARTESIAN_POINT('',(0.00368993586944014,-0.130559989043927,0.142238903397013));
#10172=CARTESIAN_POINT('',(0.00367944461592919,-0.130541022674299,0.142214468676209));
#10173=CARTESIAN_POINT('',(0.0036560350624564,-0.130482095935285,0.142142188974087));
#10174=CARTESIAN_POINT('',(0.00365077121419954,-0.130440004492468,0.142095082771066));
#10175=CARTESIAN_POINT('',(0.00365096904752997,-0.130393511603834,0.1420477002434));
#10176=CARTESIAN_POINT('',(0.00375418633338843,-0.13059612837473,0.142375413560116));
#10177=CARTESIAN_POINT('',(0.00373137485788831,-0.130584292087274,0.142353431861191));
#10178=CARTESIAN_POINT('',(0.00371194093830857,-0.130569244379665,0.142329740910264));
#10179=CARTESIAN_POINT('',(0.00368047658213743,-0.13053448788594,0.142280990630971));
#10180=CARTESIAN_POINT('',(0.00366839394910991,-0.130514837999764,0.142255966988147));
#10181=CARTESIAN_POINT('',(0.00364124303785504,-0.130452019335347,0.142181072942427));
#10182=CARTESIAN_POINT('',(0.0036349439537083,-0.130405302427301,0.142131554511925));
#10183=CARTESIAN_POINT('',(0.00363494395384413,-0.130357479882472,0.142083731966485));
#10184=CARTESIAN_POINT('',(0.00363491879249872,-0.130357485480183,0.142083726368774));
#10185=CARTESIAN_POINT('',(0.00363491977762433,-0.130475346707517,0.142201583168033));
#10186=CARTESIAN_POINT('',(0.00367467006211966,-0.130554898910682,0.142298815543));
#10187=CARTESIAN_POINT('',(0.00375417038333713,-0.130596143747122,0.14237542183623));
#10188=CARTESIAN_POINT('',(-0.0253650560461461,-0.147186621275668,0.125254590575182));
#10189=CARTESIAN_POINT('',(-0.0253650560461464,-0.146833067884136,0.12490103718365));
#10190=CARTESIAN_POINT('',(-0.0252916761075754,-0.14702162969339,0.12541958215746));
#10191=CARTESIAN_POINT('',(-0.0252916761075757,-0.146668076301858,0.125066028765928));
#10192=CARTESIAN_POINT('',(-0.0251326862406714,-0.146939133902251,0.125502077948598));
#10193=CARTESIAN_POINT('',(-0.0251326862406717,-0.146585580510719,0.125148524557066));
#10194=CARTESIAN_POINT('',(-0.0248880864454339,-0.146939133902252,0.125502077948598));
#10195=CARTESIAN_POINT('',(-0.0248880864454342,-0.14658558051072,0.125148524557066));
#10196=CARTESIAN_POINT('',(-0.0248880864781306,-0.146939133901312,0.12550207794766));
#10197=CARTESIAN_POINT('',(-0.0157959648481774,-0.146939133901309,0.125502077947658));
#10198=CARTESIAN_POINT('',(-0.0248880864781305,-0.14717483616281,0.125737780209159));
#10199=CARTESIAN_POINT('',(-0.0157959648481773,-0.147174836162808,0.125737780209157));
#10200=CARTESIAN_POINT('',(-0.0248880864781304,-0.14741053842431,0.125737780208055));
#10201=CARTESIAN_POINT('',(-0.0157959648481772,-0.147410538424307,0.125737780208053));
#10202=CARTESIAN_POINT('',(-0.0248880864781302,-0.147646240685808,0.125502077944351));
#10203=CARTESIAN_POINT('',(-0.015795964848177,-0.147646240685806,0.125502077944348));
#10204=CARTESIAN_POINT('',(-0.0248880864618406,-0.147292687291906,0.125678854642957));
#10205=CARTESIAN_POINT('',(-0.0248880864623122,-0.147410538423207,0.125678854642957));
#10206=CARTESIAN_POINT('',(-0.0248880864627838,-0.147528389554508,0.125619929076754));
#10207=CARTESIAN_POINT('',(-0.0248880864632553,-0.147646240685808,0.125502077944351));
#10208=CARTESIAN_POINT('',(0.00363565499914969,-0.130359154455251,0.142082057393705));
#10209=CARTESIAN_POINT('',(0.00359380697235126,-0.13026345516535,0.142177756683607));
#10210=CARTESIAN_POINT('',(0.00350125970349749,-0.130187616624522,0.142253595224435));
#10211=CARTESIAN_POINT('',(0.00337350530297859,-0.130144333956686,0.142296877892273));
#10212=CARTESIAN_POINT('',(0.00363565499914987,-0.130594856715647,0.142317759654101));
#10213=CARTESIAN_POINT('',(0.00359380697235125,-0.130499157425746,0.142413458944002));
#10214=CARTESIAN_POINT('',(0.00350125970349733,-0.130423318884918,0.142489297484831));
#10215=CARTESIAN_POINT('',(0.00337350530297834,-0.130380036217081,0.142532580152668));
#10216=CARTESIAN_POINT('',(0.00379487581721606,-0.130677898591665,0.142470420038478));
#10217=CARTESIAN_POINT('',(0.00373910762535672,-0.130550363226548,0.142597955403596));
#10218=CARTESIAN_POINT('',(0.00361577407345632,-0.130449295266961,0.142699023363184));
#10219=CARTESIAN_POINT('',(0.00344552079508697,-0.13039161315908,0.142756705471065));
#10220=CARTESIAN_POINT('',(0.00411331745334827,-0.130608280083307,0.142540038546836));
#10221=CARTESIAN_POINT('',(0.00402970893136767,-0.130417072567756,0.142731246062387));
#10222=CARTESIAN_POINT('',(0.00384480281337443,-0.13026554577065,0.142882772859495));
#10223=CARTESIAN_POINT('',(0.00358955177930444,-0.13017906478268,0.142969253847465));
#10224=CARTESIAN_POINT('',(0.00345774001709912,-0.130180703187174,0.142260508661783));
#10225=CARTESIAN_POINT('',(0.00345774001709923,-0.13037300268151,0.142452808156119));
#10226=CARTESIAN_POINT('',(0.00350311447873864,-0.13045980821363,0.142688510416515));
#10227=CARTESIAN_POINT('',(0.0035938634020172,-0.130180703187173,0.14296761544297));
#10228=CARTESIAN_POINT('',(-0.0251468342235341,-0.14725529133983,0.125609799788493));
#10229=CARTESIAN_POINT('',(-0.0251280744485642,-0.147258190479346,0.125621308930904));
#10230=CARTESIAN_POINT('',(-0.0251086246609218,-0.147261143859864,0.125631427781205));
#10231=CARTESIAN_POINT('',(-0.0250683146403064,-0.147267157554204,0.125648687222129));
#10232=CARTESIAN_POINT('',(-0.0250474544073334,-0.147270217868026,0.125655827812753));
#10233=CARTESIAN_POINT('',(-0.0249827124104402,-0.147279556886398,0.125672485681915));
#10234=CARTESIAN_POINT('',(-0.0249368161657986,-0.147286020253579,0.125678854642956));
#10235=CARTESIAN_POINT('',(-0.0248880864618406,-0.147292687291906,0.125678854642956));
#10236=CARTESIAN_POINT('',(-0.0251582699200266,-0.147273858141045,0.125605641268725));
#10237=CARTESIAN_POINT('',(-0.0251372668934492,-0.147283915016585,0.125619984844246));
#10238=CARTESIAN_POINT('',(-0.0251157497494406,-0.147291952156059,0.125631747876815));
#10239=CARTESIAN_POINT('',(-0.025072255515651,-0.147304837274916,0.12565076215969));
#10240=CARTESIAN_POINT('',(-0.02505027842587,-0.147309685254298,0.125658013409997));
#10241=CARTESIAN_POINT('',(-0.0249845096715038,-0.147320720920372,0.125673973442987));
#10242=CARTESIAN_POINT('',(-0.0249374478291562,-0.147323942475764,0.125679492356572));
#10243=CARTESIAN_POINT('',(-0.0248880864639008,-0.147326505278288,0.125678854642956));
#10244=CARTESIAN_POINT('',(-0.0251689382292183,-0.147292439035598,0.125600132604102));
#10245=CARTESIAN_POINT('',(-0.0251462352954754,-0.147307770353545,0.125615929683331));
#10246=CARTESIAN_POINT('',(-0.0251230525114815,-0.147319570303782,0.125628245371122));
#10247=CARTESIAN_POINT('',(-0.0250769211342242,-0.147337687877844,0.125647464263731));
#10248=CARTESIAN_POINT('',(-0.0250539628340396,-0.14734402068037,0.125654378330101));
#10249=CARTESIAN_POINT('',(-0.0249866149220567,-0.14735726951121,0.125669156973213));
#10250=CARTESIAN_POINT('',(-0.0249384680607761,-0.147359269509425,0.125674066890309));
#10251=CARTESIAN_POINT('',(-0.0248880864650241,-0.147360280308257,0.125673890620776));
#10252=CARTESIAN_POINT('',(-0.0251886169056213,-0.147329579338268,0.1255862654363));
#10253=CARTESIAN_POINT('',(-0.0251634179302086,-0.147352139213979,0.125603460236476));
#10254=CARTESIAN_POINT('',(-0.0251376348900194,-0.147369190699908,0.125615961400002));
#10255=CARTESIAN_POINT('',(-0.0250871801344319,-0.147394922599099,0.12563446243214));
#10256=CARTESIAN_POINT('',(-0.025062476438602,-0.147403656903526,0.125640501968633));
#10257=CARTESIAN_POINT('',(-0.0249912908392964,-0.147421704077752,0.125652668951123));
#10258=CARTESIAN_POINT('',(-0.0249409592604678,-0.147423976596514,0.125655960985451));
#10259=CARTESIAN_POINT('',(-0.0248880864659636,-0.147425356333111,0.125655460223517));
#10260=CARTESIAN_POINT('',(-0.0251976272728328,-0.147348138746383,0.12557790693312));
#10261=CARTESIAN_POINT('',(-0.0251716321629156,-0.147372652737454,0.125595045950538));
#10262=CARTESIAN_POINT('',(-0.0251449145065165,-0.147391213121738,0.125607185792954));
#10263=CARTESIAN_POINT('',(-0.0250927735160659,-0.147419377034349,0.125624781705545));
#10264=CARTESIAN_POINT('',(-0.0250673056349943,-0.147429057987602,0.125630295388377));
#10265=CARTESIAN_POINT('',(-0.0249938615059817,-0.147449749120301,0.125641065903538));
#10266=CARTESIAN_POINT('',(-0.024942430228538,-0.147453513396216,0.125643370689293));
#10267=CARTESIAN_POINT('',(-0.0248880864657782,-0.147456648045712,0.125642080399258));
#10268=CARTESIAN_POINT('',(-0.0252219867104293,-0.147403710231398,0.12554833234247));
#10269=CARTESIAN_POINT('',(-0.025194684481655,-0.147429775468267,0.125564918940425));
#10270=CARTESIAN_POINT('',(-0.0251661508988306,-0.147450426279177,0.125576000156386));
#10271=CARTESIAN_POINT('',(-0.0251101627205449,-0.147483384338572,0.125590989009868));
#10272=CARTESIAN_POINT('',(-0.0250826464200605,-0.147495819142352,0.125594996759406));
#10273=CARTESIAN_POINT('',(-0.0250020457862091,-0.147525728633627,0.125601191828988));
#10274=CARTESIAN_POINT('',(-0.024947029637636,-0.147536655067626,0.125599117591165));
#10275=CARTESIAN_POINT('',(-0.0248880864644297,-0.147545632930528,0.125593348111924));
#10276=CARTESIAN_POINT('',(-0.0252356918989425,-0.147441099265484,0.125523775630091));
#10277=CARTESIAN_POINT('',(-0.0252103526825794,-0.147465546047222,0.125537888823887));
#10278=CARTESIAN_POINT('',(-0.0251825578314111,-0.147485921565922,0.125547414693243));
#10279=CARTESIAN_POINT('',(-0.0251259497747895,-0.147519964299069,0.125559973487331));
#10280=CARTESIAN_POINT('',(-0.0250970908146615,-0.147533765194499,0.125563119743679));
#10281=CARTESIAN_POINT('',(-0.0250097813375631,-0.147569215340802,0.125566556723926));
#10282=CARTESIAN_POINT('',(-0.0249503445835409,-0.147585278662296,0.125561099463212));
#10283=CARTESIAN_POINT('',(-0.0248880864624641,-0.147598420004854,0.125549898625304));
#10284=CARTESIAN_POINT('',(-0.025245813647169,-0.147478302824667,0.125493239110195));
#10285=CARTESIAN_POINT('',(-0.0252230021684109,-0.147500284516268,0.125505075404976));
#10286=CARTESIAN_POINT('',(-0.0251968715157658,-0.147520500697274,0.125513669987853));
#10287=CARTESIAN_POINT('',(-0.0251405431210008,-0.147556349649976,0.125524466907991));
#10288=CARTESIAN_POINT('',(-0.0251104091802745,-0.147572006924429,0.125526722123658));
#10289=CARTESIAN_POINT('',(-0.025017516884788,-0.147612789428977,0.125526190815334));
#10290=CARTESIAN_POINT('',(-0.024952602603885,-0.147631893922331,0.125516424707828));
#10291=CARTESIAN_POINT('',(-0.0248880864632553,-0.147646240685808,0.125502077944351));
#10292=CARTESIAN_POINT('',(-0.0248881385716454,-0.147646229096209,0.12550208953395));
#10293=CARTESIAN_POINT('',(-0.0250471093097548,-0.147610879228864,0.125537439401296));
#10294=CARTESIAN_POINT('',(-0.0251663392807075,-0.147554905729815,0.125534495218079));
#10295=CARTESIAN_POINT('',(-0.0252458295972177,-0.14747831110078,0.125493254482584));
#10296=CARTESIAN_POINT('',(0.00364109407570762,-0.130180703187172,0.142260508661781));
#10297=CARTESIAN_POINT('',(-0.00432514622007652,-0.130180703187181,0.142260508661777));
#10298=CARTESIAN_POINT('',(0.00364109407570776,-0.130417819667078,0.142497625141686));
#10299=CARTESIAN_POINT('',(-0.00432514622007638,-0.130417819667087,0.142497625141681));
#10300=CARTESIAN_POINT('',(0.00364109407570776,-0.130416320249806,0.142734741621591));
#10301=CARTESIAN_POINT('',(-0.00432514622007638,-0.130416320249815,0.142734741621586));
#10302=CARTESIAN_POINT('',(0.00364109407570762,-0.130176435532865,0.142971858101496));
#10303=CARTESIAN_POINT('',(-0.00432514622007653,-0.130176435532874,0.142971858101491));
#10304=CARTESIAN_POINT('',(-0.0042779155463861,-0.130180703169449,0.142967615460698));
#10305=CARTESIAN_POINT('',(-0.00420970039046996,-0.130414694005848,0.142733624636036));
#10306=CARTESIAN_POINT('',(-0.00414154223019906,-0.130404051509565,0.14248385698416));
#10307=CARTESIAN_POINT('',(-0.00414154223019919,-0.130180703187181,0.142260508661777));
#10308=CARTESIAN_POINT('',(-0.0256264943992522,-0.147399767099629,0.125041444749344));
#10309=CARTESIAN_POINT('',(-0.025498740121734,-0.147356484400264,0.125084727448709));
#10310=CARTESIAN_POINT('',(-0.0254061929564508,-0.147280645881848,0.125160565967125));
#10311=CARTESIAN_POINT('',(-0.0253643449777999,-0.14718494664926,0.125256265199713));
#10312=CARTESIAN_POINT('',(-0.0256264943992525,-0.147635469360025,0.125277147009739));
#10313=CARTESIAN_POINT('',(-0.0254987401217341,-0.147592186660659,0.125320429709105));
#10314=CARTESIAN_POINT('',(-0.0254061929564509,-0.147516348142244,0.12539626822752));
#10315=CARTESIAN_POINT('',(-0.0253643449777998,-0.147420648909656,0.125491967460108));
#10316=CARTESIAN_POINT('',(-0.0255544788080955,-0.147859594644863,0.125288723985297));
#10317=CARTESIAN_POINT('',(-0.0253842256936428,-0.147801912494965,0.125346406135195));
#10318=CARTESIAN_POINT('',(-0.0252608922797655,-0.147700844565244,0.125447474064916));
#10319=CARTESIAN_POINT('',(-0.0252051241520694,-0.147573309276504,0.125575009353655));
#10320=CARTESIAN_POINT('',(-0.0254104476257813,-0.148072142954143,0.125076175676016));
#10321=CARTESIAN_POINT('',(-0.0251551968374601,-0.147985661903179,0.12516265672698));
#10322=CARTESIAN_POINT('',(-0.0249702909263947,-0.147834135150849,0.12531418347931));
#10323=CARTESIAN_POINT('',(-0.0248866825006086,-0.147642927749805,0.125505390880354));
#10324=CARTESIAN_POINT('',(-0.0254061357583275,-0.148070504733295,0.125077813896864));
#10325=CARTESIAN_POINT('',(-0.0254968852413723,-0.147791520130508,0.125356798485512));
#10326=CARTESIAN_POINT('',(-0.0255422599828948,-0.147555817876085,0.125270233785005));
#10327=CARTESIAN_POINT('',(-0.0255422599828949,-0.147363397970027,0.125077813878946));
#10328=CARTESIAN_POINT('',(-0.00405755689446187,-0.130144334057566,0.142296877791395));
#10329=CARTESIAN_POINT('',(-0.00418531117198273,-0.130187616756935,0.142253595092025));
#10330=CARTESIAN_POINT('',(-0.00427785833726711,-0.130263455275355,0.142177756573606));
#10331=CARTESIAN_POINT('',(-0.00431970631591857,-0.130359154507946,0.142082057341015));
#10332=CARTESIAN_POINT('',(-0.00405755689446184,-0.130380036317962,0.14253258005179));
#10333=CARTESIAN_POINT('',(-0.00418531117198258,-0.130423319017331,0.142489297352421));
#10334=CARTESIAN_POINT('',(-0.00427785833726688,-0.130499157535751,0.142413458834001));
#10335=CARTESIAN_POINT('',(-0.00431970631591829,-0.130594856768342,0.14231775960141));
#10336=CARTESIAN_POINT('',(-0.0041295724856219,-0.130391613293521,0.142756705336627));
#10337=CARTESIAN_POINT('',(-0.00429982560007532,-0.130449295443423,0.142699023186725));
#10338=CARTESIAN_POINT('',(-0.00442315901395241,-0.130550363373147,0.142597955257001));
#10339=CARTESIAN_POINT('',(-0.0044789271416485,-0.130677898661889,0.142470419968259));
#10340=CARTESIAN_POINT('',(-0.00427360366794206,-0.130179064984242,0.142969253645906));
#10341=CARTESIAN_POINT('',(-0.00452885445626092,-0.130265546035211,0.142882772594937));
#10342=CARTESIAN_POINT('',(-0.00471376036732369,-0.130417072787543,0.142731245842605));
#10343=CARTESIAN_POINT('',(-0.00479736879310916,-0.130608280188587,0.14254003844156));
#10344=CARTESIAN_POINT('',(-0.00431899524757224,-0.130357479883415,0.142083731967423));
#10345=CARTESIAN_POINT('',(-0.00431899524757249,-0.130003926491883,0.141730178575891));
#10346=CARTESIAN_POINT('',(-0.00439237518614287,-0.130522471465693,0.141918740385145));
#10347=CARTESIAN_POINT('',(-0.00439237518614312,-0.130168918074161,0.141565186993614));
#10348=CARTESIAN_POINT('',(-0.00455136505304686,-0.130604967256831,0.141836244594006));
#10349=CARTESIAN_POINT('',(-0.00455136505304711,-0.1302514138653,0.141482691202475));
#10350=CARTESIAN_POINT('',(-0.00479596484828422,-0.130604967256831,0.141836244594007));
#10351=CARTESIAN_POINT('',(-0.00479596484828446,-0.130251413865299,0.141482691202475));
#10352=CARTESIAN_POINT('',(-0.0044932726016775,-0.130543095413477,0.141898116437361));
#10353=CARTESIAN_POINT('',(-0.0045727675351296,-0.130584343308734,0.141856868541479));
#10354=CARTESIAN_POINT('',(-0.00467366495066518,-0.130604967256205,0.141836244593381));
#10355=CARTESIAN_POINT('',(-0.00479596484828422,-0.130604967255892,0.141836244593069));
#10356=CARTESIAN_POINT('',(-0.0333251453693267,-0.147363397970029,0.125077813878948));
#10357=CARTESIAN_POINT('',(-0.0253589050847037,-0.147363397970026,0.125077813878946));
#10358=CARTESIAN_POINT('',(-0.0333251453693266,-0.147600514541085,0.125314930450005));
#10359=CARTESIAN_POINT('',(-0.0253589050847035,-0.147600514541083,0.125314930450003));
#10360=CARTESIAN_POINT('',(-0.0333251453693265,-0.147837631112142,0.125313430930597));
#10361=CARTESIAN_POINT('',(-0.0253589050847034,-0.14783763111214,0.125313430930595));
#10362=CARTESIAN_POINT('',(-0.0333251453693263,-0.148074747683199,0.125073545947991));
#10363=CARTESIAN_POINT('',(-0.0253589050847033,-0.148074747683197,0.125073545947988));
#10364=CARTESIAN_POINT('',(-0.0331415422301895,-0.147363397970029,0.125077813878948));
#10365=CARTESIAN_POINT('',(-0.0331415422301895,-0.147412798556079,0.125127214464998));
#10366=CARTESIAN_POINT('',(-0.0331470357101539,-0.147515522330704,0.12521747328014));
#10367=CARTESIAN_POINT('',(-0.0331822859192324,-0.147736872896656,0.125268542599668));
#10368=CARTESIAN_POINT('',(-0.0332129574697267,-0.147858997077295,0.125235802609019));
#10369=CARTESIAN_POINT('',(-0.0332541291972976,-0.147997351013602,0.125150967676474));
#10370=CARTESIAN_POINT('',(-0.033277914695702,-0.148070505040774,0.125077813589389));
#10371=CARTESIAN_POINT('',(-0.00453721707018418,-0.130712689096727,0.142152402031585));
#10372=CARTESIAN_POINT('',(-0.00452989299170684,-0.130705338474085,0.142130936090855));
#10373=CARTESIAN_POINT('',(-0.0045234123992101,-0.130696380429883,0.142109488335385));
#10374=CARTESIAN_POINT('',(-0.00451239506141328,-0.130674949142667,0.14206682390161));
#10375=CARTESIAN_POINT('',(-0.0045078583161132,-0.130662475899653,0.142045607223306));
#10376=CARTESIAN_POINT('',(-0.00449754916386107,-0.130619332838852,0.141982595864113));
#10377=CARTESIAN_POINT('',(-0.00449327260089165,-0.130584925395943,0.141939946420642));
#10378=CARTESIAN_POINT('',(-0.00449327260167743,-0.130543095413477,0.141898116437361));
#10379=CARTESIAN_POINT('',(-0.00457473662012403,-0.130735707381547,0.142158200310616));
#10380=CARTESIAN_POINT('',(-0.00457452984896351,-0.130732225660917,0.142124286734153));
#10381=CARTESIAN_POINT('',(-0.00457312281863685,-0.130725008162833,0.142093880287325));
#10382=CARTESIAN_POINT('',(-0.00456875150008246,-0.130705153316695,0.14203949390186));
#10383=CARTESIAN_POINT('',(-0.00456578721185472,-0.130692515968641,0.142015513963222));
#10384=CARTESIAN_POINT('',(-0.00455582335096667,-0.130649551706925,0.141952332282971));
#10385=CARTESIAN_POINT('',(-0.00454463917629455,-0.130611578435301,0.14191329384529));
#10386=CARTESIAN_POINT('',(-0.00453634341573829,-0.130565443761721,0.141875768089518));
#10387=CARTESIAN_POINT('',(-0.00461501622075385,-0.130753164497932,0.142164215553657));
#10388=CARTESIAN_POINT('',(-0.0046181961298597,-0.130750750951643,0.142125316497509));
#10389=CARTESIAN_POINT('',(-0.00461923840057788,-0.130743224681214,0.142091321714285));
#10390=CARTESIAN_POINT('',(-0.00461827520187193,-0.130722344161737,0.142032026317654));
#10391=CARTESIAN_POINT('',(-0.00461626973244744,-0.130709013167735,0.142006643191478));
#10392=CARTESIAN_POINT('',(-0.00460752301898923,-0.130664865860412,0.141940157657966));
#10393=CARTESIAN_POINT('',(-0.00459538917387785,-0.130626736498782,0.141900247225063));
#10394=CARTESIAN_POINT('',(-0.00458575653161587,-0.13058141424599,0.141859797605444));
#10395=CARTESIAN_POINT('',(-0.00470133888327823,-0.130775374990149,0.142176667578153));
#10396=CARTESIAN_POINT('',(-0.00470314825451995,-0.13077388931573,0.142135506421585));
#10397=CARTESIAN_POINT('',(-0.00470397308914812,-0.130766429867608,0.142098908989453));
#10398=CARTESIAN_POINT('',(-0.00470410963274897,-0.130745153680181,0.142034313767388));
#10399=CARTESIAN_POINT('',(-0.00470342134172051,-0.130731404946799,0.142006153102455));
#10400=CARTESIAN_POINT('',(-0.00469977070174663,-0.130685497726877,0.141929769070244));
#10401=CARTESIAN_POINT('',(-0.00469411709291853,-0.130646871151797,0.141885220063886));
#10402=CARTESIAN_POINT('',(-0.0046889326988633,-0.130601048175096,0.14184016367579));
#10403=CARTESIAN_POINT('',(-0.00474723512791981,-0.130781743951189,0.142183130945334));
#10404=CARTESIAN_POINT('',(-0.00474786679127733,-0.130781106237573,0.142145208723148));
#10405=CARTESIAN_POINT('',(-0.00474797209921913,-0.130774406717153,0.14210986191897));
#10406=CARTESIAN_POINT('',(-0.00474753618669484,-0.130753814138979,0.142045078303623));
#10407=CARTESIAN_POINT('',(-0.00474699496622726,-0.130740010582979,0.142015480767994));
#10408=CARTESIAN_POINT('',(-0.00474501078616438,-0.130692200912473,0.141932083996045));
#10409=CARTESIAN_POINT('',(-0.00474320730789959,-0.130651904963512,0.141883182300768));
#10410=CARTESIAN_POINT('',(-0.00474254786932842,-0.130604967256489,0.141836244593665));
#10411=CARTESIAN_POINT('',(-0.00479596483187786,-0.130781743951189,0.142189797983662));
#10412=CARTESIAN_POINT('',(-0.00479596483393801,-0.130781743951189,0.142155979997281));
#10413=CARTESIAN_POINT('',(-0.00479596483599414,-0.130776780003862,0.142122205286071));
#10414=CARTESIAN_POINT('',(-0.00479596483973444,-0.130758349553774,0.142057128963143));
#10415=CARTESIAN_POINT('',(-0.00479596484141713,-0.130744969034333,0.142025835953582));
#10416=CARTESIAN_POINT('',(-0.00479596484567777,-0.130696238277377,0.141936854000401));
#10417=CARTESIAN_POINT('',(-0.00479596484745896,-0.130652789801027,0.141884067138203));
#10418=CARTESIAN_POINT('',(-0.00479596484828088,-0.130604967255892,0.141836244593069));
#10419=CARTESIAN_POINT('',(-0.00479596484828088,-0.130604967255893,0.141836244593068));
#10420=CARTESIAN_POINT('',(-0.00479596484281317,-0.130722818386091,0.141954095723266));
#10421=CARTESIAN_POINT('',(-0.0047959648373455,-0.13078174395119,0.142071946853464));
#10422=CARTESIAN_POINT('',(-0.00479596483187786,-0.13078174395119,0.142189797983662));
#10423=CARTESIAN_POINT('',(-0.0337959648482714,-0.146939133901321,0.125502077947662));
#10424=CARTESIAN_POINT('',(-0.0337959648482717,-0.146585580510725,0.125148524557066));
#10425=CARTESIAN_POINT('',(-0.0335513650530348,-0.146939133901321,0.125502077947662));
#10426=CARTESIAN_POINT('',(-0.0335513650530351,-0.146585580510725,0.125148524557066));
#10427=CARTESIAN_POINT('',(-0.0333923751861315,-0.14702162969246,0.125419582156523));
#10428=CARTESIAN_POINT('',(-0.0333923751861318,-0.146668076301864,0.125066028765927));
#10429=CARTESIAN_POINT('',(-0.0333189952475614,-0.147186621274739,0.125254590574244));
#10430=CARTESIAN_POINT('',(-0.0333189952475617,-0.146833067884143,0.124901037183648));
#10431=CARTESIAN_POINT('',(-0.0333197063181044,-0.147184946644244,0.125256265204733));
#10432=CARTESIAN_POINT('',(-0.0332778582955058,-0.14728064598236,0.125160565866616));
#10433=CARTESIAN_POINT('',(-0.0331853109843704,-0.147356484557072,0.125084727291904));
#10434=CARTESIAN_POINT('',(-0.0330575565151751,-0.14739976722813,0.125041444620845));
#10435=CARTESIAN_POINT('',(-0.0333197063181038,-0.147420648904639,0.125491967465129));
#10436=CARTESIAN_POINT('',(-0.0332778582955057,-0.147516348242755,0.125396268127012));
#10437=CARTESIAN_POINT('',(-0.0331853109843705,-0.147592186817467,0.125320429552299));
#10438=CARTESIAN_POINT('',(-0.0330575565151756,-0.147635469488525,0.12527714688124));
#10439=CARTESIAN_POINT('',(-0.0334789271445644,-0.147573309269818,0.125575009360346));
#10440=CARTESIAN_POINT('',(-0.0334231589583033,-0.147700844699191,0.125447473930971));
#10441=CARTESIAN_POINT('',(-0.0332998253500554,-0.147801912703937,0.125346405926224));
#10442=CARTESIAN_POINT('',(-0.0331295719801619,-0.147859594816112,0.125288723814048));
#10443=CARTESIAN_POINT('',(-0.0337973687974861,-0.147642927739779,0.125505390890386));
#10444=CARTESIAN_POINT('',(-0.0337137602838988,-0.147834135351668,0.125314183278495));
#10445=CARTESIAN_POINT('',(-0.033528854081425,-0.147985662216481,0.12516265641368));
#10446=CARTESIAN_POINT('',(-0.0332736029101342,-0.148072143210891,0.125076175419269));
#10447=CARTESIAN_POINT('',(-0.0334382216976873,-0.147478311098095,0.125493254485274));
#10448=CARTESIAN_POINT('',(-0.0335177120145695,-0.147554905726293,0.125534495221605));
#10449=CARTESIAN_POINT('',(-0.033636941986059,-0.147610879224135,0.125537439406029));
#10450=CARTESIAN_POINT('',(-0.0337959127249973,-0.147646229089618,0.125502089540547));
#10451=CARTESIAN_POINT('',(-0.0047959648155885,-0.130604967255893,0.141836244593068));
#10452=CARTESIAN_POINT('',(-0.0248880867518114,-0.130604967255903,0.141836244593069));
#10453=CARTESIAN_POINT('',(-0.00479596481558836,-0.130842083767997,0.142073361105172));
#10454=CARTESIAN_POINT('',(-0.0248880867518113,-0.130842083768007,0.142073361105173));
#10455=CARTESIAN_POINT('',(-0.00479596481558836,-0.130840584314645,0.142310477617276));
#10456=CARTESIAN_POINT('',(-0.0248880867518113,-0.130840584314655,0.142310477617277));
#10457=CARTESIAN_POINT('',(-0.00479596481558851,-0.130600699503858,0.142547594129381));
#10458=CARTESIAN_POINT('',(-0.0248880867518114,-0.130600699503868,0.142547594129382));
#10459=CARTESIAN_POINT('',(-0.0248880864454469,-0.130604967272045,0.141836244609209));
#10460=CARTESIAN_POINT('',(-0.024888086445447,-0.130251413865311,0.141482691202475));
#10461=CARTESIAN_POINT('',(-0.0251326862406834,-0.130604967272045,0.141836244609209));
#10462=CARTESIAN_POINT('',(-0.0251326862406835,-0.130251413865312,0.141482691202475));
#10463=CARTESIAN_POINT('',(-0.0252916761075867,-0.130522471480906,0.141918740400349));
#10464=CARTESIAN_POINT('',(-0.0252916761075869,-0.130168918074172,0.141565186993615));
#10465=CARTESIAN_POINT('',(-0.0253650560461568,-0.130357479898627,0.142083731982627));
#10466=CARTESIAN_POINT('',(-0.0253650560461569,-0.130003926491893,0.141730178575893));
#10467=CARTESIAN_POINT('',(-0.0251907786920506,-0.130543095428691,0.141898116452563));
#10468=CARTESIAN_POINT('',(-0.0252702736255029,-0.130501847527741,0.141939364342753));
#10469=CARTESIAN_POINT('',(-0.0253283660768716,-0.130439975679006,0.142001236180727));
#10470=CARTESIAN_POINT('',(-0.0253650560461568,-0.130357479882486,0.142083731966487));
#10471=CARTESIAN_POINT('',(-0.033537217075036,-0.14725529133883,0.125609799790203));
#10472=CARTESIAN_POINT('',(-0.0335257813780519,-0.147273858139976,0.125605641270786));
#10473=CARTESIAN_POINT('',(-0.0335151130684154,-0.147292439034443,0.125600132606447));
#10474=CARTESIAN_POINT('',(-0.0334954343912194,-0.1473295793369,0.125586265439073));
#10475=CARTESIAN_POINT('',(-0.0334864240236599,-0.147348138744891,0.125577906936038));
#10476=CARTESIAN_POINT('',(-0.0334620645851687,-0.147403710229473,0.125548332345613));
#10477=CARTESIAN_POINT('',(-0.0334483593962008,-0.147441099263223,0.125523775633156));
#10478=CARTESIAN_POINT('',(-0.0334382376477358,-0.147478302821982,0.125493239112885));
#10479=CARTESIAN_POINT('',(-0.0335559768509162,-0.147258190478434,0.125621308932329));
#10480=CARTESIAN_POINT('',(-0.033546784405661,-0.147283915015621,0.125619984846042));
#10481=CARTESIAN_POINT('',(-0.0335378160104567,-0.14730777032543,0.125615929707526));
#10482=CARTESIAN_POINT('',(-0.0335206333929758,-0.147352139117973,0.125603460316404));
#10483=CARTESIAN_POINT('',(-0.0335124191706992,-0.147372652600707,0.125595046063798));
#10484=CARTESIAN_POINT('',(-0.0334893668725001,-0.147429775249809,0.125564919120394));
#10485=CARTESIAN_POINT('',(-0.0334736986707994,-0.147465545828291,0.125537889003988));
#10486=CARTESIAN_POINT('',(-0.0334610491266943,-0.147500284513131,0.125505075408117));
#10487=CARTESIAN_POINT('',(-0.0335754266394798,-0.14726114385904,0.125631427782386));
#10488=CARTESIAN_POINT('',(-0.0335683015860618,-0.147291952160199,0.12563174787836));
#10489=CARTESIAN_POINT('',(-0.0335609988671109,-0.147319570262009,0.125628245413836));
#10490=CARTESIAN_POINT('',(-0.0335464165737499,-0.147369190614528,0.125615961527517));
#10491=CARTESIAN_POINT('',(-0.0335391369993399,-0.147391213080615,0.125607185930599));
#10492=CARTESIAN_POINT('',(-0.0335179007063304,-0.147450426000573,0.125576000490523));
#10493=CARTESIAN_POINT('',(-0.0335014938038399,-0.147485921303789,0.125547415095958));
#10494=CARTESIAN_POINT('',(-0.0334871800457113,-0.147520500874787,0.125513670054251));
#10495=CARTESIAN_POINT('',(-0.0336157366619622,-0.147267157553553,0.125648687222891));
#10496=CARTESIAN_POINT('',(-0.0336117959103541,-0.147304837291749,0.125650762160771));
#10497=CARTESIAN_POINT('',(-0.0336071303586462,-0.147337687777067,0.125647464324317));
#10498=CARTESIAN_POINT('',(-0.0335968714180978,-0.147394922468081,0.12563446256412));
#10499=CARTESIAN_POINT('',(-0.0335912780292573,-0.147419377158778,0.125624781714427));
#10500=CARTESIAN_POINT('',(-0.0335738887516379,-0.147483383582391,0.125590989452041));
#10501=CARTESIAN_POINT('',(-0.0335581015797465,-0.147519963438285,0.125559974143778));
#10502=CARTESIAN_POINT('',(-0.0335435082061435,-0.147556349651716,0.125524466904917));
#10503=CARTESIAN_POINT('',(-0.0336365968958807,-0.14727021786746,0.12565582781334));
#10504=CARTESIAN_POINT('',(-0.0336337730542456,-0.147309685278722,0.125658013410865));
#10505=CARTESIAN_POINT('',(-0.0336300886495552,-0.147344020518707,0.125654378397133));
#10506=CARTESIAN_POINT('',(-0.0336215748576771,-0.147403656654241,0.125640502086408));
#10507=CARTESIAN_POINT('',(-0.0336167454704894,-0.147429058089039,0.125630295287758));
#10508=CARTESIAN_POINT('',(-0.0336014040505989,-0.147495817783549,0.125594997244901));
#10509=CARTESIAN_POINT('',(-0.0335869591493558,-0.147533763532213,0.125563120553406));
#10510=CARTESIAN_POINT('',(-0.0335736408045966,-0.147572006326293,0.125526722118683));
#10511=CARTESIAN_POINT('',(-0.0337013388956501,-0.147279556886083,0.125672485682069));
#10512=CARTESIAN_POINT('',(-0.0336995419180174,-0.147320720960022,0.125673973443287));
#10513=CARTESIAN_POINT('',(-0.0336974368874648,-0.147357269367429,0.125669157062959));
#10514=CARTESIAN_POINT('',(-0.0336927613250547,-0.147421704297808,0.125652669046367));
#10515=CARTESIAN_POINT('',(-0.0336901907931974,-0.147449750393256,0.125641065504954));
#10516=CARTESIAN_POINT('',(-0.0336820068524708,-0.147525727940864,0.125601192521974));
#10517=CARTESIAN_POINT('',(-0.0336742714407057,-0.147569214562735,0.125566558096145));
#10518=CARTESIAN_POINT('',(-0.0336665361142766,-0.147612790200484,0.125526190841974));
#10519=CARTESIAN_POINT('',(-0.0337472351422543,-0.147286020253426,0.125678854642956));
#10520=CARTESIAN_POINT('',(-0.0337466037628789,-0.147323942515565,0.125679492356588));
#10521=CARTESIAN_POINT('',(-0.0337455837954787,-0.147359269309886,0.125674066950263));
#10522=CARTESIAN_POINT('',(-0.0337430930864401,-0.147423976888072,0.125655960899034));
#10523=CARTESIAN_POINT('',(-0.0337416223448022,-0.147453515093873,0.125643369844808));
#10524=CARTESIAN_POINT('',(-0.0337370235612494,-0.147536654097687,0.125599117967099));
#10525=CARTESIAN_POINT('',(-0.0337337089606956,-0.147585277500278,0.125561100625226));
#10526=CARTESIAN_POINT('',(-0.033731451222535,-0.147631894478229,0.125516424151935));
#10527=CARTESIAN_POINT('',(-0.0337959648482231,-0.147292687291912,0.125678854642956));
#10528=CARTESIAN_POINT('',(-0.0337959648482171,-0.147326505278293,0.125678854642956));
#10529=CARTESIAN_POINT('',(-0.0337959648482139,-0.147360279989503,0.125673890695629));
#10530=CARTESIAN_POINT('',(-0.0337959648482109,-0.147425356312434,0.125655460245538));
#10531=CARTESIAN_POINT('',(-0.0337959648482114,-0.147456649321995,0.125642079726096));
#10532=CARTESIAN_POINT('',(-0.0337959648482156,-0.14754563127518,0.125593348969136));
#10533=CARTESIAN_POINT('',(-0.0337959648482214,-0.14759841813738,0.125549900492784));
#10534=CARTESIAN_POINT('',(-0.0337959648482196,-0.147646240682515,0.125502077947649));
#10535=CARTESIAN_POINT('',(-0.0337959648482196,-0.147646240682515,0.125502077947649));
#10536=CARTESIAN_POINT('',(-0.0337959648482208,-0.147528389552314,0.125619929077854));
#10537=CARTESIAN_POINT('',(-0.033795964848222,-0.147410538422113,0.125678854642956));
#10538=CARTESIAN_POINT('',(-0.0337959648482231,-0.147292687291912,0.125678854642956));
#10539=CARTESIAN_POINT('',(-0.0251468343025101,-0.130712689068968,0.142152402047909));
#10540=CARTESIAN_POINT('',(-0.0251541583741888,-0.130705338447398,0.142130936107504));
#10541=CARTESIAN_POINT('',(-0.0251606389599154,-0.130696380404855,0.142109488352273));
#10542=CARTESIAN_POINT('',(-0.0251716562843302,-0.130674949122269,0.14206682391873));
#10543=CARTESIAN_POINT('',(-0.0251761930230186,-0.130662475882226,0.142045607240417));
#10544=CARTESIAN_POINT('',(-0.0251865021558266,-0.130619332832512,0.141982595880709));
#10545=CARTESIAN_POINT('',(-0.0251907787055612,-0.130584925398975,0.141939946436868));
#10546=CARTESIAN_POINT('',(-0.0251907786920505,-0.130543095428691,0.141898116452563));
#10547=CARTESIAN_POINT('',(-0.0251697056795258,-0.130704372018032,0.142189535652573));
#10548=CARTESIAN_POINT('',(-0.0251901710391145,-0.130690378619272,0.142166133751875));
#10549=CARTESIAN_POINT('',(-0.0252053907181839,-0.130675994084011,0.142142894343146));
#10550=CARTESIAN_POINT('',(-0.0252273721009533,-0.130647001821897,0.142097645379284));
#10551=CARTESIAN_POINT('',(-0.0252341338046535,-0.130632394095044,0.142075635824152));
#10552=CARTESIAN_POINT('',(-0.0252447820312044,-0.130589074749206,0.142012809243646));
#10553=CARTESIAN_POINT('',(-0.0252421452722043,-0.130558272824805,0.141966599471986));
#10554=CARTESIAN_POINT('',(-0.0252338495061115,-0.130520747077198,0.141920464797157));
#10555=CARTESIAN_POINT('',(-0.0251895075103801,-0.130690654392075,0.142226725631767));
#10556=CARTESIAN_POINT('',(-0.0252150722861491,-0.130673325950273,0.142202741470901));
#10557=CARTESIAN_POINT('',(-0.0252332389430886,-0.130655832653525,0.142178713716562));
#10558=CARTESIAN_POINT('',(-0.0252588622189923,-0.130622156650457,0.142132213810678));
#10559=CARTESIAN_POINT('',(-0.0252663901822097,-0.130605960180465,0.142109696165124));
#10560=CARTESIAN_POINT('',(-0.0252788341215664,-0.130559894496731,0.142045129021681));
#10561=CARTESIAN_POINT('',(-0.0252763953696317,-0.130529326501984,0.141997657231847));
#10562=CARTESIAN_POINT('',(-0.0252702188019465,-0.130492207248577,0.141949004615882));
#10563=CARTESIAN_POINT('',(-0.0252219867411336,-0.130651221599663,0.142300820954498));
#10564=CARTESIAN_POINT('',(-0.025249292115393,-0.13063462902442,0.14227476670175));
#10565=CARTESIAN_POINT('',(-0.0252691942022139,-0.130616414907345,0.142248923941897));
#10566=CARTESIAN_POINT('',(-0.0252984554407385,-0.130579884967064,0.142199582477571));
#10567=CARTESIAN_POINT('',(-0.0253079703300574,-0.130561556341498,0.142176001706468));
#10568=CARTESIAN_POINT('',(-0.0253274328676064,-0.130507444744407,0.142107822054209));
#10569=CARTESIAN_POINT('',(-0.0253297316839781,-0.13047055889366,0.142061532323536));
#10570=CARTESIAN_POINT('',(-0.0253276592709805,-0.130428501290851,0.14201271056004));
#10571=CARTESIAN_POINT('',(-0.0252356919222601,-0.130626664888551,0.142338209994045));
#10572=CARTESIAN_POINT('',(-0.0252610311899513,-0.130612551526014,0.142313763424741));
#10573=CARTESIAN_POINT('',(-0.0252803864268622,-0.130595754431106,0.142288514198656));
#10574=CARTESIAN_POINT('',(-0.0253100641305598,-0.130559989043944,0.142238903397013));
#10575=CARTESIAN_POINT('',(-0.0253205553840707,-0.130541022674315,0.142214468676209));
#10576=CARTESIAN_POINT('',(-0.0253439649375435,-0.130482095935302,0.142142188974087));
#10577=CARTESIAN_POINT('',(-0.0253492287858004,-0.130440004492485,0.142095082771066));
#10578=CARTESIAN_POINT('',(-0.02534903095247,-0.13039351160385,0.1420477002434));
#10579=CARTESIAN_POINT('',(-0.0252458136666115,-0.130596128374747,0.142375413560116));
#10580=CARTESIAN_POINT('',(-0.0252686251421118,-0.130584292087291,0.142353431861191));
#10581=CARTESIAN_POINT('',(-0.0252880590616915,-0.130569244379682,0.142329740910263));
#10582=CARTESIAN_POINT('',(-0.0253195234178624,-0.130534487885957,0.142280990630971));
#10583=CARTESIAN_POINT('',(-0.02533160605089,-0.130514837999781,0.142255966988147));
#10584=CARTESIAN_POINT('',(-0.0253587569621449,-0.130452019335364,0.142181072942427));
#10585=CARTESIAN_POINT('',(-0.0253650560462917,-0.130405302427318,0.142131554511925));
#10586=CARTESIAN_POINT('',(-0.0253650560461559,-0.130357479882488,0.142083731966484));
#10587=CARTESIAN_POINT('',(-0.0253650812075014,-0.1303574854802,0.142083726368774));
#10588=CARTESIAN_POINT('',(-0.0253650802223758,-0.130475346707534,0.142201583168033));
#10589=CARTESIAN_POINT('',(-0.0253253299378805,-0.130554898910699,0.142298815543));
#10590=CARTESIAN_POINT('',(-0.025245829616663,-0.130596143747139,0.14237542183623));
#10591=CARTESIAN_POINT('',(-0.0349920256468545,-0.146939133901319,0.125502077947659));
#10592=CARTESIAN_POINT('',(-0.0337959648481777,-0.146939133901318,0.125502077947659));
#10593=CARTESIAN_POINT('',(-0.0349920256468543,-0.147174836161718,0.125737780208058));
#10594=CARTESIAN_POINT('',(-0.0337959648481775,-0.147174836161717,0.125737780208058));
#10595=CARTESIAN_POINT('',(-0.0349920256468542,-0.147410538422117,0.125737780208055));
#10596=CARTESIAN_POINT('',(-0.0337959648481774,-0.147410538422117,0.125737780208055));
#10597=CARTESIAN_POINT('',(-0.034992025646854,-0.147646240682516,0.125502077947649));
#10598=CARTESIAN_POINT('',(-0.0337959648481772,-0.147646240682515,0.125502077947649));
#10599=CARTESIAN_POINT('',(-0.0349920256468544,-0.146939133901319,0.125502077947659));
#10600=CARTESIAN_POINT('',(-0.0349920256468542,-0.147174836161715,0.125737780208055));
#10601=CARTESIAN_POINT('',(-0.0349920256468542,-0.14741053842211,0.125737780208055));
#10602=CARTESIAN_POINT('',(-0.034992025646854,-0.147646240682506,0.125502077947659));
#10603=CARTESIAN_POINT('',(-0.0253643450008505,-0.130359154455268,0.142082057393705));
#10604=CARTESIAN_POINT('',(-0.0254061930276481,-0.130263455165367,0.142177756683607));
#10605=CARTESIAN_POINT('',(-0.0254987402965014,-0.130187616624538,0.142253595224436));
#10606=CARTESIAN_POINT('',(-0.0256264946970201,-0.130144333956701,0.142296877892273));
#10607=CARTESIAN_POINT('',(-0.0253643450008504,-0.130594856715664,0.142317759654101));
#10608=CARTESIAN_POINT('',(-0.025406193027648,-0.130499157425762,0.142413458944003));
#10609=CARTESIAN_POINT('',(-0.0254987402965013,-0.130423318884934,0.142489297484831));
#10610=CARTESIAN_POINT('',(-0.02562649469702,-0.130380036217096,0.142532580152669));
#10611=CARTESIAN_POINT('',(-0.0252051241827842,-0.130677898591682,0.142470420038478));
#10612=CARTESIAN_POINT('',(-0.0252608923746425,-0.130550363226564,0.142597955403596));
#10613=CARTESIAN_POINT('',(-0.0253842259265423,-0.130449295266976,0.142699023363184));
#10614=CARTESIAN_POINT('',(-0.0255544792049114,-0.130391613159094,0.142756705471066));
#10615=CARTESIAN_POINT('',(-0.024886682546652,-0.130608280083323,0.142540038546836));
#10616=CARTESIAN_POINT('',(-0.0249702910686316,-0.130417072567772,0.142731246062388));
#10617=CARTESIAN_POINT('',(-0.0251551971866243,-0.130265545770665,0.142882772859495));
#10618=CARTESIAN_POINT('',(-0.0254104482206942,-0.130179064782694,0.142969253847466));
#10619=CARTESIAN_POINT('',(-0.0255422599828999,-0.130180703187191,0.142260508661783));
#10620=CARTESIAN_POINT('',(-0.0255422599828998,-0.130373002680028,0.142452808154621));
#10621=CARTESIAN_POINT('',(-0.0254968855212711,-0.130459808215144,0.142688510415017));
#10622=CARTESIAN_POINT('',(-0.0254061365980141,-0.13018070318719,0.14296761544297));
#10623=CARTESIAN_POINT('',(-0.0353920256468546,-0.146656291188845,0.125784920660134));
#10624=CARTESIAN_POINT('',(-0.0353920256468545,-0.146810359235203,0.125630852613796));
#10625=CARTESIAN_POINT('',(-0.0352099107675281,-0.146939133901323,0.125502077947663));
#10626=CARTESIAN_POINT('',(-0.0349920256468544,-0.146939133901319,0.125502077947659));
#10627=CARTESIAN_POINT('',(-0.0353920256468544,-0.147009844579438,0.126138474050727));
#10628=CARTESIAN_POINT('',(-0.035392025646783,-0.147163912625839,0.125984406004346));
#10629=CARTESIAN_POINT('',(-0.0352099107675806,-0.147292687291858,0.125855631338314));
#10630=CARTESIAN_POINT('',(-0.0349920256468542,-0.147292687291912,0.125855631338252));
#10631=CARTESIAN_POINT('',(-0.0358920256468544,-0.147009844579438,0.126138474050727));
#10632=CARTESIAN_POINT('',(-0.0358920256466877,-0.147356497683815,0.125791820946351));
#10633=CARTESIAN_POINT('',(-0.035482267168493,-0.14764624068238,0.125502077947785));
#10634=CARTESIAN_POINT('',(-0.034992025646854,-0.147646240682506,0.125502077947659));
#10635=CARTESIAN_POINT('',(-0.0358920256468544,-0.147009844579438,0.126138474050727));
#10636=CARTESIAN_POINT('',(-0.0355586923135211,-0.147009844579438,0.126138474050727));
#10637=CARTESIAN_POINT('',(-0.0353920256468544,-0.146891993449241,0.12602062292053));
#10638=CARTESIAN_POINT('',(-0.0353920256468546,-0.146656291188845,0.125784920660134));
#10639=CARTESIAN_POINT('',(-0.0253589059243239,-0.13018070318719,0.142260508661783));
#10640=CARTESIAN_POINT('',(-0.0333251462200768,-0.130180703187199,0.142260508661778));
#10641=CARTESIAN_POINT('',(-0.0253589059243237,-0.130417819667094,0.142497625141687));
#10642=CARTESIAN_POINT('',(-0.0333251462200767,-0.130417819667103,0.142497625141682));
#10643=CARTESIAN_POINT('',(-0.0253589059243237,-0.130416320249821,0.142734741621591));
#10644=CARTESIAN_POINT('',(-0.0333251462200767,-0.13041632024983,0.142734741621587));
#10645=CARTESIAN_POINT('',(-0.0253589059243239,-0.130176435532883,0.142971858101496));
#10646=CARTESIAN_POINT('',(-0.0333251462200769,-0.130176435532891,0.142971858101491));
#10647=CARTESIAN_POINT('',(-0.0332779155463866,-0.130180703169467,0.142967615460697));
#10648=CARTESIAN_POINT('',(-0.0332097003904686,-0.130414694005865,0.142733624636034));
#10649=CARTESIAN_POINT('',(-0.033141542230199,-0.130404051509666,0.142483856984246));
#10650=CARTESIAN_POINT('',(-0.0331415422301992,-0.130180703187199,0.142260508661778));
#10651=CARTESIAN_POINT('',(-0.0353920256468638,-0.130887809968385,0.141553401880594));
#10652=CARTESIAN_POINT('',(-0.0353920256468546,-0.146656291188845,0.125784920660134));
#10653=CARTESIAN_POINT('',(-0.0353920256468635,-0.131123512228781,0.14178910414099));
#10654=CARTESIAN_POINT('',(-0.0353920256468544,-0.146891993449241,0.12602062292053));
#10655=CARTESIAN_POINT('',(-0.0355586923135302,-0.131241363358978,0.141906955271187));
#10656=CARTESIAN_POINT('',(-0.0355586923135211,-0.147009844579438,0.126138474050727));
#10657=CARTESIAN_POINT('',(-0.0358920256468635,-0.131241363358978,0.141906955271187));
#10658=CARTESIAN_POINT('',(-0.0358920256468544,-0.147009844579438,0.126138474050727));
#10659=CARTESIAN_POINT('',(-0.0353920256468637,-0.130887809968385,0.141553401880594));
#10660=CARTESIAN_POINT('',(-0.0353920256468636,-0.131123512228781,0.14178910414099));
#10661=CARTESIAN_POINT('',(-0.0355586923135303,-0.131241363358978,0.141906955271187));
#10662=CARTESIAN_POINT('',(-0.0358920256468635,-0.131241363358978,0.141906955271187));
#10663=CARTESIAN_POINT('',(-0.0330575568944628,-0.130144334057583,0.142296877791395));
#10664=CARTESIAN_POINT('',(-0.0331853111719831,-0.130187616756953,0.142253595092025));
#10665=CARTESIAN_POINT('',(-0.0332778583372671,-0.130263455275372,0.142177756573606));
#10666=CARTESIAN_POINT('',(-0.0333197063159184,-0.130359154507963,0.142082057341015));
#10667=CARTESIAN_POINT('',(-0.0330575568944622,-0.130380036317979,0.14253258005179));
#10668=CARTESIAN_POINT('',(-0.0331853111719826,-0.130423319017349,0.142489297352421));
#10669=CARTESIAN_POINT('',(-0.0332778583372667,-0.130499157535768,0.142413458834001));
#10670=CARTESIAN_POINT('',(-0.0333197063159181,-0.130594856768358,0.14231775960141));
#10671=CARTESIAN_POINT('',(-0.0331295724856223,-0.130391613293538,0.142756705336627));
#10672=CARTESIAN_POINT('',(-0.0332998256000752,-0.130449295443441,0.142699023186725));
#10673=CARTESIAN_POINT('',(-0.0334231590139521,-0.130550363373164,0.142597955257001));
#10674=CARTESIAN_POINT('',(-0.0334789271416483,-0.130677898661905,0.142470419968259));
#10675=CARTESIAN_POINT('',(-0.0332736036679428,-0.13017906498426,0.142969253645906));
#10676=CARTESIAN_POINT('',(-0.033528854456261,-0.130265546035229,0.142882772594937));
#10677=CARTESIAN_POINT('',(-0.0337137603673233,-0.13041707278756,0.142731245842605));
#10678=CARTESIAN_POINT('',(-0.033797368793109,-0.130608280188604,0.142540038441561));
#10679=CARTESIAN_POINT('',(-0.0333189952475723,-0.130357479883431,0.142083731967423));
#10680=CARTESIAN_POINT('',(-0.0333189952475725,-0.1300039264919,0.141730178575892));
#10681=CARTESIAN_POINT('',(-0.0333923751861429,-0.13052247146571,0.141918740385145));
#10682=CARTESIAN_POINT('',(-0.0333923751861431,-0.130168918074178,0.141565186993614));
#10683=CARTESIAN_POINT('',(-0.0335513650530469,-0.130604967256848,0.141836244594006));
#10684=CARTESIAN_POINT('',(-0.0335513650530471,-0.130251413865316,0.141482691202475));
#10685=CARTESIAN_POINT('',(-0.0337959648482842,-0.130604967256848,0.141836244594007));
#10686=CARTESIAN_POINT('',(-0.0337959648482845,-0.130251413865316,0.141482691202475));
#10687=CARTESIAN_POINT('',(-0.0334932726016775,-0.130543095413494,0.141898116437361));
#10688=CARTESIAN_POINT('',(-0.0335727675351296,-0.130584343308751,0.141856868541478));
#10689=CARTESIAN_POINT('',(-0.0336736649506652,-0.130604967256222,0.141836244593381));
#10690=CARTESIAN_POINT('',(-0.0337959648482842,-0.130604967255909,0.141836244593069));
#10691=CARTESIAN_POINT('',(-0.0349920256468639,-0.13060496725591,0.141836244593069));
#10692=CARTESIAN_POINT('',(-0.0352099107675376,-0.13060496725592,0.141836244593079));
#10693=CARTESIAN_POINT('',(-0.0353920256468639,-0.13073374192205,0.141707469926956));
#10694=CARTESIAN_POINT('',(-0.0353920256468638,-0.130887809968385,0.141553401880594));
#10695=CARTESIAN_POINT('',(-0.0349920256468637,-0.130958520646503,0.142189797983662));
#10696=CARTESIAN_POINT('',(-0.0352099107675866,-0.130958520646558,0.142189797983628));
#10697=CARTESIAN_POINT('',(-0.0353920256467972,-0.131087295312611,0.142061023317582));
#10698=CARTESIAN_POINT('',(-0.0353920256468635,-0.131241363358978,0.141906955271187));
#10699=CARTESIAN_POINT('',(-0.0349920256468639,-0.13060496725591,0.142543351374255));
#10700=CARTESIAN_POINT('',(-0.0354822671685033,-0.130604967256022,0.142543351374143));
#10701=CARTESIAN_POINT('',(-0.0358920256466968,-0.130894710254612,0.142253608375553));
#10702=CARTESIAN_POINT('',(-0.0358920256468635,-0.131241363358978,0.141906955271187));
#10703=CARTESIAN_POINT('',(-0.0349920256468639,-0.13060496725591,0.142543351374255));
#10704=CARTESIAN_POINT('',(-0.0349920256468637,-0.130840669516305,0.14230764911386));
#10705=CARTESIAN_POINT('',(-0.0349920256468637,-0.130840669516305,0.142071946853464));
#10706=CARTESIAN_POINT('',(-0.0349920256468639,-0.13060496725591,0.141836244593069));
#10707=CARTESIAN_POINT('',(-0.033537217070184,-0.130712689096743,0.142152402031585));
#10708=CARTESIAN_POINT('',(-0.0335298929917066,-0.130705338474101,0.142130936090855));
#10709=CARTESIAN_POINT('',(-0.03352341239921,-0.1306963804299,0.142109488335385));
#10710=CARTESIAN_POINT('',(-0.0335123950614132,-0.130674949142684,0.14206682390161));
#10711=CARTESIAN_POINT('',(-0.0335078583161131,-0.13066247589967,0.142045607223306));
#10712=CARTESIAN_POINT('',(-0.0334975491638611,-0.130619332838869,0.141982595864113));
#10713=CARTESIAN_POINT('',(-0.0334932726008916,-0.13058492539596,0.141939946420642));
#10714=CARTESIAN_POINT('',(-0.0334932726016774,-0.130543095413494,0.141898116437361));
#10715=CARTESIAN_POINT('',(-0.0335747366201237,-0.130735707381564,0.142158200310616));
#10716=CARTESIAN_POINT('',(-0.0335745298489631,-0.130732225660934,0.142124286734153));
#10717=CARTESIAN_POINT('',(-0.0335731228186365,-0.13072500816285,0.142093880287325));
#10718=CARTESIAN_POINT('',(-0.0335687515000822,-0.130705153316712,0.14203949390186));
#10719=CARTESIAN_POINT('',(-0.0335657872118545,-0.130692515968658,0.142015513963222));
#10720=CARTESIAN_POINT('',(-0.0335558233509665,-0.130649551706942,0.141952332282971));
#10721=CARTESIAN_POINT('',(-0.0335446391762945,-0.130611578435318,0.14191329384529));
#10722=CARTESIAN_POINT('',(-0.0335363434157383,-0.130565443761738,0.141875768089518));
#10723=CARTESIAN_POINT('',(-0.0336150162207533,-0.130753164497949,0.142164215553657));
#10724=CARTESIAN_POINT('',(-0.0336181961298591,-0.13075075095166,0.142125316497509));
#10725=CARTESIAN_POINT('',(-0.0336192384005773,-0.130743224681231,0.142091321714285));
#10726=CARTESIAN_POINT('',(-0.0336182752018715,-0.130722344161754,0.142032026317654));
#10727=CARTESIAN_POINT('',(-0.0336162697324471,-0.130709013167752,0.142006643191478));
#10728=CARTESIAN_POINT('',(-0.0336075230189889,-0.130664865860429,0.141940157657966));
#10729=CARTESIAN_POINT('',(-0.0335953891738777,-0.130626736498798,0.141900247225063));
#10730=CARTESIAN_POINT('',(-0.0335857565316158,-0.130581414246007,0.141859797605444));
#10731=CARTESIAN_POINT('',(-0.0337013388832773,-0.130775374990166,0.142176667578153));
#10732=CARTESIAN_POINT('',(-0.0337031482545192,-0.130773889315746,0.142135506421585));
#10733=CARTESIAN_POINT('',(-0.0337039730891473,-0.130766429867625,0.142098908989453));
#10734=CARTESIAN_POINT('',(-0.0337041096327484,-0.130745153680198,0.142034313767388));
#10735=CARTESIAN_POINT('',(-0.0337034213417201,-0.130731404946816,0.142006153102456));
#10736=CARTESIAN_POINT('',(-0.0336997707017463,-0.130685497726894,0.141929769070244));
#10737=CARTESIAN_POINT('',(-0.0336941170929185,-0.130646871151814,0.141885220063886));
#10738=CARTESIAN_POINT('',(-0.0336889326988634,-0.130601048175113,0.14184016367579));
#10739=CARTESIAN_POINT('',(-0.0337472351279187,-0.130781743951206,0.142183130945334));
#10740=CARTESIAN_POINT('',(-0.0337478667912764,-0.130781106237589,0.142145208723148));
#10741=CARTESIAN_POINT('',(-0.0337479720992182,-0.13077440671717,0.142109861918971));
#10742=CARTESIAN_POINT('',(-0.0337475361866942,-0.130753814138996,0.142045078303623));
#10743=CARTESIAN_POINT('',(-0.0337469949662268,-0.130740010582996,0.142015480767994));
#10744=CARTESIAN_POINT('',(-0.033745010786164,-0.13069220091249,0.141932083996045));
#10745=CARTESIAN_POINT('',(-0.0337432073078996,-0.130651904963528,0.141883182300769));
#10746=CARTESIAN_POINT('',(-0.0337425478693285,-0.130604967256506,0.141836244593665));
#10747=CARTESIAN_POINT('',(-0.0337959648318766,-0.130781743951206,0.142189797983662));
#10748=CARTESIAN_POINT('',(-0.0337959648339369,-0.130781743951206,0.142155979997281));
#10749=CARTESIAN_POINT('',(-0.0337959648359931,-0.130776780003879,0.142122205286071));
#10750=CARTESIAN_POINT('',(-0.0337959648397338,-0.130758349553791,0.142057128963143));
#10751=CARTESIAN_POINT('',(-0.0337959648414166,-0.13074496903435,0.142025835953582));
#10752=CARTESIAN_POINT('',(-0.0337959648456775,-0.130696238277394,0.141936854000401));
#10753=CARTESIAN_POINT('',(-0.0337959648474589,-0.130652789801044,0.141884067138203));
#10754=CARTESIAN_POINT('',(-0.0337959648482809,-0.130604967255909,0.141836244593069));
#10755=CARTESIAN_POINT('',(-0.0337959648482809,-0.130604967255909,0.141836244593069));
#10756=CARTESIAN_POINT('',(-0.0337959648428127,-0.130722818386107,0.141954095723266));
#10757=CARTESIAN_POINT('',(-0.0337959648373446,-0.130781743951206,0.142071946853464));
#10758=CARTESIAN_POINT('',(-0.0337959648318766,-0.130781743951206,0.142189797983662));
#10759=CARTESIAN_POINT('',(-0.0337959648155859,-0.130604967255909,0.141836244593069));
#10760=CARTESIAN_POINT('',(-0.0349920256468639,-0.13060496725591,0.141836244593069));
#10761=CARTESIAN_POINT('',(-0.0337959648155857,-0.130840669517408,0.142071946854567));
#10762=CARTESIAN_POINT('',(-0.0349920256468637,-0.130840669517408,0.142071946854567));
#10763=CARTESIAN_POINT('',(-0.0337959648155857,-0.130840669516305,0.142307649116066));
#10764=CARTESIAN_POINT('',(-0.0349920256468637,-0.130840669516305,0.142307649116066));
#10765=CARTESIAN_POINT('',(-0.0337959648155859,-0.130604967252601,0.142543351377564));
#10766=CARTESIAN_POINT('',(-0.0349920256468639,-0.130604967252601,0.142543351377564));
#10767=CARTESIAN_POINT('',(0.0666417925917531,-0.13328625329567,0.13915495855325));
#10768=CARTESIAN_POINT('',(0.066641792591753,-0.133109075042359,0.139332136806539));
#10769=CARTESIAN_POINT('',(0.0664323604805277,-0.132960984176324,0.139480227672595));
#10770=CARTESIAN_POINT('',(0.0661817925917529,-0.132960984176324,0.139480227672595));
#10771=CARTESIAN_POINT('',(0.0666417925917534,-0.133639806686263,0.139508511943843));
#10772=CARTESIAN_POINT('',(0.066641792591659,-0.133462628432909,0.139685690197175));
#10773=CARTESIAN_POINT('',(0.0664323604805978,-0.133314537566976,0.139833781063131));
#10774=CARTESIAN_POINT('',(0.0661817925917531,-0.133314537566918,0.139833781063189));
#10775=CARTESIAN_POINT('',(0.0671417925917534,-0.133639806686263,0.139508511943843));
#10776=CARTESIAN_POINT('',(0.0671417925915973,-0.13327004337495,0.139878275255156));
#10777=CARTESIAN_POINT('',(0.0667047168814852,-0.132960984176429,0.140187334453677));
#10778=CARTESIAN_POINT('',(0.0661817925917529,-0.132960984176324,0.140187334453782));
#10779=CARTESIAN_POINT('',(0.0671417925917534,-0.133639806686263,0.139508511943843));
#10780=CARTESIAN_POINT('',(0.0668084592584199,-0.133639806686263,0.139508511943843));
#10781=CARTESIAN_POINT('',(0.0666417925917536,-0.133521955556066,0.139390660813645));
#10782=CARTESIAN_POINT('',(0.0666417925917533,-0.13328625329567,0.13915495855325));
#10783=CARTESIAN_POINT('',(0.0661817925917529,-0.132960984176324,0.139480227672595));
#10784=CARTESIAN_POINT('',(0.0661817925917529,-0.13319668643672,0.139715929932991));
#10785=CARTESIAN_POINT('',(0.0661817925917531,-0.133196686436719,0.139951632193386));
#10786=CARTESIAN_POINT('',(0.0661817925917529,-0.132960984176324,0.140187334453782));
#10787=CARTESIAN_POINT('',(0.066181792591753,-0.132960984176324,0.139480227672595));
#10788=CARTESIAN_POINT('',(0.0643828917644441,-0.132960984176325,0.139480227672595));
#10789=CARTESIAN_POINT('',(0.066181792591753,-0.13319668643672,0.139715929932991));
#10790=CARTESIAN_POINT('',(0.0643828917644441,-0.133196686436721,0.139715929932991));
#10791=CARTESIAN_POINT('',(0.0661817925917531,-0.133196686436719,0.139951632193386));
#10792=CARTESIAN_POINT('',(0.0643828917644443,-0.13319668643672,0.139951632193387));
#10793=CARTESIAN_POINT('',(0.066181792591753,-0.132960984176324,0.140187334453782));
#10794=CARTESIAN_POINT('',(0.0643828917644441,-0.132960984176325,0.140187334453782));
#10795=CARTESIAN_POINT('',(0.0647293419416265,-0.132960984176329,0.140187334453779));
#10796=CARTESIAN_POINT('',(0.0645055278440245,-0.13319990856843,0.139948410061675));
#10797=CARTESIAN_POINT('',(0.0643936207952233,-0.13319346430501,0.139712707801281));
#10798=CARTESIAN_POINT('',(0.0643936207952233,-0.132960984176325,0.139480227672595));
#10799=CARTESIAN_POINT('',(0.0666417925917566,-0.139353229478251,0.133087982370669));
#10800=CARTESIAN_POINT('',(0.0666417925917533,-0.13328625329567,0.13915495855325));
#10801=CARTESIAN_POINT('',(0.0666417925917569,-0.139588931738647,0.133323684631065));
#10802=CARTESIAN_POINT('',(0.0666417925917536,-0.133521955556066,0.139390660813645));
#10803=CARTESIAN_POINT('',(0.0668084592584232,-0.139706782868844,0.133441535761262));
#10804=CARTESIAN_POINT('',(0.0668084592584199,-0.133639806686263,0.139508511943843));
#10805=CARTESIAN_POINT('',(0.0671417925917569,-0.139706782868844,0.133441535761262));
#10806=CARTESIAN_POINT('',(0.0671417925917536,-0.133639806686263,0.139508511943843));
#10807=CARTESIAN_POINT('',(0.0666417925917566,-0.139353229478251,0.133087982370669));
#10808=CARTESIAN_POINT('',(0.0666417925917569,-0.139588931738646,0.133323684631065));
#10809=CARTESIAN_POINT('',(0.0668084592584232,-0.139706782868844,0.133441535761262));
#10810=CARTESIAN_POINT('',(0.0671417925917568,-0.139706782868844,0.133441535761262));
#10811=CARTESIAN_POINT('',(0.0645446333054549,-0.13324566396395,0.13919554788497));
#10812=CARTESIAN_POINT('',(0.0639548448879144,-0.132070733255992,0.140370478592928));
#10813=CARTESIAN_POINT('',(0.0623490609662332,-0.130208335764608,0.142232876084312));
#10814=CARTESIAN_POINT('',(0.0587706783464242,-0.128185066607138,0.144256145241784));
#10815=CARTESIAN_POINT('',(0.0546932285826828,-0.127119914907022,0.145321296941903));
#10816=CARTESIAN_POINT('',(0.0500903590241485,-0.127107505692334,0.145333706156593));
#10817=CARTESIAN_POINT('',(0.045760514190391,-0.128211505285602,0.144229706563328));
#10818=CARTESIAN_POINT('',(0.0422282706002991,-0.130298242371449,0.142142969477483));
#10819=CARTESIAN_POINT('',(0.0399217850159673,-0.13311477124487,0.139326440604064));
#10820=CARTESIAN_POINT('',(0.0391205866869938,-0.136319740921018,0.136121470927918));
#10821=CARTESIAN_POINT('',(0.0399217847792989,-0.139524710626747,0.132916501222189));
#10822=CARTESIAN_POINT('',(0.0422282701556462,-0.142341239585327,0.130099972263609));
#10823=CARTESIAN_POINT('',(0.0457605135916447,-0.14442797680159,0.128013235047344));
#10824=CARTESIAN_POINT('',(0.0500903583438782,-0.145531976554722,0.12690923529421));
#10825=CARTESIAN_POINT('',(0.0546932279033289,-0.145519567509979,0.126921644338949));
#10826=CARTESIAN_POINT('',(0.0587706777457254,-0.144454415960408,0.127986795888518));
#10827=CARTESIAN_POINT('',(0.0623490605149413,-0.142431146935058,0.130010064913866));
#10828=CARTESIAN_POINT('',(0.0639548445741497,-0.140568749502962,0.13187246234596));
#10829=CARTESIAN_POINT('',(0.0645446330784521,-0.139393818816779,0.133047393032142));
#10830=CARTESIAN_POINT('',(0.064544633305455,-0.133481366224346,0.139431250145365));
#10831=CARTESIAN_POINT('',(0.0639548448879144,-0.132306435516387,0.140606180853324));
#10832=CARTESIAN_POINT('',(0.0623490609662333,-0.130444038025004,0.142468578344708));
#10833=CARTESIAN_POINT('',(0.0587706783464241,-0.128420768867534,0.144491847502179));
#10834=CARTESIAN_POINT('',(0.0546932285826827,-0.127355617167417,0.145556999202298));
#10835=CARTESIAN_POINT('',(0.0500903590241485,-0.12734320795273,0.145569408416988));
#10836=CARTESIAN_POINT('',(0.045760514190391,-0.128447207545998,0.144465408823723));
#10837=CARTESIAN_POINT('',(0.0422282706002992,-0.130533944631845,0.142378671737879));
#10838=CARTESIAN_POINT('',(0.0399217850159674,-0.133350473505265,0.13956214286446));
#10839=CARTESIAN_POINT('',(0.039120586686994,-0.136555443181413,0.136357173188313));
#10840=CARTESIAN_POINT('',(0.0399217847792991,-0.139760412887142,0.133152203482585));
#10841=CARTESIAN_POINT('',(0.0422282701556464,-0.142576941845722,0.130335674524004));
#10842=CARTESIAN_POINT('',(0.0457605135916449,-0.144663679061985,0.12824893730774));
#10843=CARTESIAN_POINT('',(0.0500903583438784,-0.145767678815117,0.127144937554605));
#10844=CARTESIAN_POINT('',(0.0546932279033292,-0.145755269770375,0.127157346599345));
#10845=CARTESIAN_POINT('',(0.0587706777457256,-0.144690118220804,0.128222498148913));
#10846=CARTESIAN_POINT('',(0.0623490605149416,-0.142666849195453,0.130245767174262));
#10847=CARTESIAN_POINT('',(0.0639548445741497,-0.140804451763357,0.132108164606356));
#10848=CARTESIAN_POINT('',(0.0645446330784522,-0.139629521077175,0.133283095292538));
#10849=CARTESIAN_POINT('',(0.0647016340891112,-0.133559666553609,0.139588652076498));
#10850=CARTESIAN_POINT('',(0.0641042575068078,-0.132369619292778,0.140778699337328));
#10851=CARTESIAN_POINT('',(0.0624778137135374,-0.130483260362686,0.142665058267422));
#10852=CARTESIAN_POINT('',(0.0588533919446099,-0.128433960006111,0.144714358623998));
#10853=CARTESIAN_POINT('',(0.0547234820787383,-0.127355104159969,0.145793214470142));
#10854=CARTESIAN_POINT('',(0.0500613924142251,-0.127342535289441,0.145805783340673));
#10855=CARTESIAN_POINT('',(0.0456758401860548,-0.128460738842235,0.144687579787881));
#10856=CARTESIAN_POINT('',(0.0420981510674531,-0.130574323699848,0.142573994930271));
#10857=CARTESIAN_POINT('',(0.0397619904469279,-0.133427089780571,0.13972122884955));
#10858=CARTESIAN_POINT('',(0.0389504839722751,-0.13667329430847,0.136475024321652));
#10859=CARTESIAN_POINT('',(0.0397619902072144,-0.139919498866332,0.13322881976379));
#10860=CARTESIAN_POINT('',(0.0420981506170792,-0.14277226503331,0.130376053596812));
#10861=CARTESIAN_POINT('',(0.0456758395796048,-0.144885850023016,0.128262468607104));
#10862=CARTESIAN_POINT('',(0.0500613917252022,-0.146004053737732,0.127144264892386));
#10863=CARTESIAN_POINT('',(0.0547234813906436,-0.145991485039335,0.12715683359078));
#10864=CARTESIAN_POINT('',(0.0588533913361825,-0.144912629345676,0.128235689284436));
#10865=CARTESIAN_POINT('',(0.062477813256439,-0.142863329122921,0.130284989507189));
#10866=CARTESIAN_POINT('',(0.0641042571890063,-0.140976970252879,0.13217134837723));
#10867=CARTESIAN_POINT('',(0.0647016338591877,-0.139786923014104,0.133361395616004));
#10868=CARTESIAN_POINT('',(0.0650156356564233,-0.133480564951739,0.139667753678367));
#10869=CARTESIAN_POINT('',(0.0644030827445944,-0.132260284585166,0.140888034044941));
#10870=CARTESIAN_POINT('',(0.0627353192081456,-0.130326002777653,0.142822315852454));
#10871=CARTESIAN_POINT('',(0.0590188191409811,-0.12822464002287,0.144923678607238));
#10872=CARTESIAN_POINT('',(0.0547839890708491,-0.127118375884678,0.146029942745433));
#10873=CARTESIAN_POINT('',(0.0500034591943779,-0.127105487702469,0.146042830927645));
#10874=CARTESIAN_POINT('',(0.0455064921773821,-0.128252099174315,0.144896219455802));
#10875=CARTESIAN_POINT('',(0.041837912001761,-0.130419379575459,0.142728939054661));
#10876=CARTESIAN_POINT('',(0.0394424013088487,-0.133344620070786,0.139803698559336));
#10877=CARTESIAN_POINT('',(0.0386102785428373,-0.13667329430219,0.136475024327933));
#10878=CARTESIAN_POINT('',(0.039442401063045,-0.140001968564317,0.133146350065805));
#10879=CARTESIAN_POINT('',(0.0418379115399447,-0.14292720914809,0.130221109482032));
#10880=CARTESIAN_POINT('',(0.0455064915555246,-0.145094489684684,0.128053828945437));
#10881=CARTESIAN_POINT('',(0.0500034584878495,-0.146241101322565,0.126907217307553));
#10882=CARTESIAN_POINT('',(0.0547839883652726,-0.14622821331686,0.126920105313255));
#10883=CARTESIAN_POINT('',(0.0590188185170958,-0.145121949335025,0.128026369295087));
#10884=CARTESIAN_POINT('',(0.0627353187394341,-0.143020586717461,0.130127731912649));
#10885=CARTESIAN_POINT('',(0.0644030824187185,-0.141086304971525,0.132062013658583));
#10886=CARTESIAN_POINT('',(0.0650156354206583,-0.139866024627568,0.13328229400254));
#10887=CARTESIAN_POINT('',(0.0643936265014364,-0.139678498597598,0.132762713251324));
#10888=CARTESIAN_POINT('',(0.0643936265014364,-0.13991177599487,0.132995990648596));
#10889=CARTESIAN_POINT('',(0.0645062958749629,-0.140148348948748,0.132999972362523));
#10890=CARTESIAN_POINT('',(0.0647293301699414,-0.140385609374253,0.132762709255831));
#10891=CARTESIAN_POINT('',(0.0661817925917568,-0.139678498597596,0.132762713251323));
#10892=CARTESIAN_POINT('',(0.0664323604805315,-0.139678498597596,0.132762713251323));
#10893=CARTESIAN_POINT('',(0.0666417925917566,-0.139530407731562,0.132910804117379));
#10894=CARTESIAN_POINT('',(0.0666417925917566,-0.139353229478251,0.133087982370669));
#10895=CARTESIAN_POINT('',(0.066181792591757,-0.14003205198819,0.133116266641916));
#10896=CARTESIAN_POINT('',(0.0664323604805686,-0.140032051988132,0.133116266642018));
#10897=CARTESIAN_POINT('',(0.066641792591706,-0.139883961122214,0.133264357507913));
#10898=CARTESIAN_POINT('',(0.0666417925917568,-0.139706782868844,0.133441535761262));
#10899=CARTESIAN_POINT('',(0.0661817925917573,-0.140385605378783,0.132762713251323));
#10900=CARTESIAN_POINT('',(0.0667047168814895,-0.140385605378678,0.132762713251428));
#10901=CARTESIAN_POINT('',(0.0671417925916008,-0.140076546180157,0.133071772449949));
#10902=CARTESIAN_POINT('',(0.0671417925917568,-0.139706782868844,0.133441535761262));
#10903=CARTESIAN_POINT('',(0.0661817925917573,-0.140385605378783,0.132762713251323));
#10904=CARTESIAN_POINT('',(0.0661817925917571,-0.140149903118388,0.132998415511719));
#10905=CARTESIAN_POINT('',(0.0661817925917568,-0.139914200857992,0.132998415511719));
#10906=CARTESIAN_POINT('',(0.0661817925917568,-0.139678498597597,0.132762713251323));
#10907=CARTESIAN_POINT('',(0.0643828975048945,-0.139678498597597,0.132762713251323));
#10908=CARTESIAN_POINT('',(0.0661817925917569,-0.139678498597597,0.132762713251323));
#10909=CARTESIAN_POINT('',(0.0643828975048945,-0.139915616411369,0.132999831065095));
#10910=CARTESIAN_POINT('',(0.0661817925917569,-0.139915616411369,0.132999831065095));
#10911=CARTESIAN_POINT('',(0.0643828975048948,-0.140152734225141,0.132998330153165));
#10912=CARTESIAN_POINT('',(0.0661817925917571,-0.140152734225141,0.132998330153165));
#10913=CARTESIAN_POINT('',(0.0643828975048949,-0.140389852038913,0.132758441548674));
#10914=CARTESIAN_POINT('',(0.0661817925917573,-0.140389852038913,0.132758441548674));
#10915=CARTESIAN_POINT('',(0.0715770631552528,-0.13644723190815,0.13740819350314));
#10916=CARTESIAN_POINT('',(0.0721006619168875,-0.136447231908145,0.137408193503136));
#10917=CARTESIAN_POINT('',(0.0726210364826504,-0.136294817726595,0.137560607684694));
#10918=CARTESIAN_POINT('',(0.0733615169526015,-0.135771218964957,0.138084206446332));
#10919=CARTESIAN_POINT('',(0.0735770631552528,-0.135403258580757,0.138452166830532));
#10920=CARTESIAN_POINT('',(0.0735770631552528,-0.134662778110795,0.139192647300494));
#10921=CARTESIAN_POINT('',(0.0733615169526014,-0.134294817726586,0.139560607684684));
#10922=CARTESIAN_POINT('',(0.0726210364826504,-0.133771218964966,0.140084206446341));
#10923=CARTESIAN_POINT('',(0.0721006619168875,-0.133618804783399,0.140236620627882));
#10924=CARTESIAN_POINT('',(0.0710534643936181,-0.133618804783408,0.140236620627891));
#10925=CARTESIAN_POINT('',(0.0705330898278552,-0.133771218964958,0.140084206446333));
#10926=CARTESIAN_POINT('',(0.0697926093579042,-0.134294817726596,0.139560607684694));
#10927=CARTESIAN_POINT('',(0.0695770631552528,-0.134662778110805,0.139192647300495));
#10928=CARTESIAN_POINT('',(0.0695770631552528,-0.135403258580749,0.138452166830533));
#10929=CARTESIAN_POINT('',(0.069792609357901,-0.13577121896496,0.13808420644634));
#10930=CARTESIAN_POINT('',(0.0705330898278584,-0.136294817726594,0.137560607684688));
#10931=CARTESIAN_POINT('',(0.0710534643936182,-0.136447231908154,0.137408193503145));
#10932=CARTESIAN_POINT('',(0.0715770631552528,-0.13644723190815,0.13740819350314));
#10933=CARTESIAN_POINT('',(0.071577063155253,-0.136800785298743,0.137761746893733));
#10934=CARTESIAN_POINT('',(0.0721006619168877,-0.136800785298743,0.137761746893742));
#10935=CARTESIAN_POINT('',(0.0726210364826543,-0.136648371117191,0.137914161075284));
#10936=CARTESIAN_POINT('',(0.073361516952598,-0.136124772355547,0.138437759836928));
#10937=CARTESIAN_POINT('',(0.073577063155253,-0.13575681197135,0.138805720221125));
#10938=CARTESIAN_POINT('',(0.073577063155253,-0.135016331501388,0.139546200691087));
#10939=CARTESIAN_POINT('',(0.0733615169525935,-0.134648371117191,0.139914161075284));
#10940=CARTESIAN_POINT('',(0.0726210364826588,-0.134124772355547,0.140437759836928));
#10941=CARTESIAN_POINT('',(0.0721006619168877,-0.133972358174015,0.140590174018471));
#10942=CARTESIAN_POINT('',(0.0710534643936183,-0.133972358173978,0.140590174018489));
#10943=CARTESIAN_POINT('',(0.0705330898278518,-0.134124772355548,0.140437759836929));
#10944=CARTESIAN_POINT('',(0.0697926093579081,-0.134648371117192,0.139914161075285));
#10945=CARTESIAN_POINT('',(0.069577063155253,-0.135016331501398,0.139546200691088));
#10946=CARTESIAN_POINT('',(0.069577063155253,-0.135756811971342,0.138805720221126));
#10947=CARTESIAN_POINT('',(0.0697926093579035,-0.136124772355539,0.138437759836929));
#10948=CARTESIAN_POINT('',(0.0705330898278563,-0.136648371117201,0.137914161075285));
#10949=CARTESIAN_POINT('',(0.0710534643936184,-0.136800785298743,0.137761746893724));
#10950=CARTESIAN_POINT('',(0.071577063155253,-0.136800785298743,0.137761746893733));
#10951=CARTESIAN_POINT('',(0.071577063155253,-0.137154338689336,0.13740819350314));
#10952=CARTESIAN_POINT('',(0.0722315616072941,-0.13715433868934,0.137408193503135));
#10953=CARTESIAN_POINT('',(0.0728820298145023,-0.136963820962399,0.137598711230076));
#10954=CARTESIAN_POINT('',(0.0738076304019365,-0.136309322510339,0.138253209682135));
#10955=CARTESIAN_POINT('',(0.0740770631552531,-0.135849372030091,0.138713160162384));
#10956=CARTESIAN_POINT('',(0.0740770631552531,-0.134923771442647,0.139638760749827));
#10957=CARTESIAN_POINT('',(0.0738076304019365,-0.134463820962394,0.140098711230081));
#10958=CARTESIAN_POINT('',(0.0728820298145023,-0.133809322510344,0.140753209682131));
#10959=CARTESIAN_POINT('',(0.0722315616072941,-0.133618804783408,0.140943727409068));
#10960=CARTESIAN_POINT('',(0.0709225647032119,-0.133618804783399,0.140943727409078));
#10961=CARTESIAN_POINT('',(0.0702720964960037,-0.13380932251034,0.140753209682137));
#10962=CARTESIAN_POINT('',(0.0693464959085696,-0.1344638209624,0.140098711230078));
#10963=CARTESIAN_POINT('',(0.069077063155253,-0.134923771442653,0.139638760749824));
#10964=CARTESIAN_POINT('',(0.069077063155253,-0.135849372030088,0.13871316016239));
#10965=CARTESIAN_POINT('',(0.0693464959085696,-0.136309322510341,0.138253209682137));
#10966=CARTESIAN_POINT('',(0.0702720964960037,-0.1369638209624,0.137598711230077));
#10967=CARTESIAN_POINT('',(0.070922564703212,-0.137154338689332,0.137408193503145));
#10968=CARTESIAN_POINT('',(0.071577063155253,-0.137154338689336,0.13740819350314));
#10969=CARTESIAN_POINT('',(0.0685770631552539,-0.136800785298744,0.137054640112547));
#10970=CARTESIAN_POINT('',(0.0685770631552518,-0.133265251392812,0.14059017401848));
#10971=CARTESIAN_POINT('',(0.0685770631552539,-0.13703648755914,0.137290342372943));
#10972=CARTESIAN_POINT('',(0.0685770631552518,-0.133500953653207,0.140825876278876));
#10973=CARTESIAN_POINT('',(0.0687437298219208,-0.137154338689338,0.13740819350314));
#10974=CARTESIAN_POINT('',(0.0687437298219188,-0.133618804783405,0.140943727409073));
#10975=CARTESIAN_POINT('',(0.0690770631552542,-0.137154338689337,0.13740819350314));
#10976=CARTESIAN_POINT('',(0.0690770631552521,-0.133618804783405,0.140943727409073));
#10977=CARTESIAN_POINT('',(0.069077063155252,-0.133618804783405,0.140943727409073));
#10978=CARTESIAN_POINT('',(0.0687437298219187,-0.133618804783405,0.140943727409073));
#10979=CARTESIAN_POINT('',(0.0685770631552518,-0.133500953653207,0.140825876278876));
#10980=CARTESIAN_POINT('',(0.0685770631552518,-0.133265251392812,0.14059017401848));
#10981=CARTESIAN_POINT('',(0.0685770631552539,-0.136800785298744,0.137054640112547));
#10982=CARTESIAN_POINT('',(0.068577063155254,-0.13703648755914,0.137290342372943));
#10983=CARTESIAN_POINT('',(0.0687437298219209,-0.137154338689338,0.13740819350314));
#10984=CARTESIAN_POINT('',(0.0690770631552541,-0.137154338689337,0.13740819350314));
#10985=CARTESIAN_POINT('',(0.0690770631552541,-0.137154338689337,0.13740819350314));
#10986=CARTESIAN_POINT('',(0.0690770631552541,-0.137154338689337,0.13740819350314));
#10987=CARTESIAN_POINT('',(0.0690770631552541,-0.137154338689337,0.13740819350314));
#10988=CARTESIAN_POINT('',(0.0690770631552541,-0.137154338689337,0.13740819350314));
#10989=CARTESIAN_POINT('',(0.0685770631552541,-0.137154338689338,0.13740819350314));
#10990=CARTESIAN_POINT('',(0.0685770635522864,-0.137346923955024,0.137215608237455));
#10991=CARTESIAN_POINT('',(0.0688047064606061,-0.13750789179919,0.137054640393291));
#10992=CARTESIAN_POINT('',(0.0690770631552541,-0.137507892079931,0.137054640112547));
#10993=CARTESIAN_POINT('',(0.0685770631552539,-0.136800785298744,0.137054640112547));
#10994=CARTESIAN_POINT('',(0.068577063155254,-0.13699337035668,0.136862055054612));
#10995=CARTESIAN_POINT('',(0.0688047067544118,-0.137154338689337,0.136701086721953));
#10996=CARTESIAN_POINT('',(0.0690770631552539,-0.137154338689337,0.136701086721954));
#10997=CARTESIAN_POINT('',(0.0690770631552541,-0.137154338689337,0.13740819350314));
#10998=CARTESIAN_POINT('',(0.0690770631552543,-0.137390040949733,0.137172491242745));
#10999=CARTESIAN_POINT('',(0.069077063155254,-0.137390040949733,0.136936788982349));
#11000=CARTESIAN_POINT('',(0.0690770631552539,-0.137154338689337,0.136701086721954));
#11001=CARTESIAN_POINT('',(0.069077063155252,-0.133618804783405,0.140943727409073));
#11002=CARTESIAN_POINT('',(0.069077063155252,-0.133618804783405,0.140943727409073));
#11003=CARTESIAN_POINT('',(0.069077063155252,-0.133618804783405,0.140943727409073));
#11004=CARTESIAN_POINT('',(0.069077063155252,-0.133618804783405,0.140943727409073));
#11005=CARTESIAN_POINT('',(0.0690770631552518,-0.133265251392811,0.141297280799666));
#11006=CARTESIAN_POINT('',(0.068804706747746,-0.133265251673556,0.141297280518925));
#11007=CARTESIAN_POINT('',(0.0685770631699643,-0.133426219514735,0.141136312677748));
#11008=CARTESIAN_POINT('',(0.068577063155252,-0.133618804783405,0.140943727409073));
#11009=CARTESIAN_POINT('',(0.0690770631552516,-0.132911698002218,0.140943727409073));
#11010=CARTESIAN_POINT('',(0.0688047067544095,-0.132911698002218,0.140943727409073));
#11011=CARTESIAN_POINT('',(0.0685770631552517,-0.133072666334879,0.140782759076417));
#11012=CARTESIAN_POINT('',(0.0685770631552518,-0.133265251392812,0.14059017401848));
#11013=CARTESIAN_POINT('',(0.0690770631552516,-0.132911698002218,0.140943727409073));
#11014=CARTESIAN_POINT('',(0.0690770631552515,-0.133147400262614,0.141179429669469));
#11015=CARTESIAN_POINT('',(0.0690770631552521,-0.133383102523009,0.141179429669468));
#11016=CARTESIAN_POINT('',(0.069077063155252,-0.133618804783405,0.140943727409073));
#11017=CARTESIAN_POINT('',(0.0740770631552541,-0.137154338689335,0.136701086721953));
#11018=CARTESIAN_POINT('',(0.0690770631552539,-0.137154338689337,0.136701086721954));
#11019=CARTESIAN_POINT('',(0.0740770631552541,-0.13739004094973,0.136936788982349));
#11020=CARTESIAN_POINT('',(0.0690770631552539,-0.137390040949733,0.136936788982349));
#11021=CARTESIAN_POINT('',(0.0740770631552544,-0.13739004094973,0.137172491242745));
#11022=CARTESIAN_POINT('',(0.0690770631552542,-0.137390040949733,0.137172491242745));
#11023=CARTESIAN_POINT('',(0.0740770631552542,-0.137154338689335,0.13740819350314));
#11024=CARTESIAN_POINT('',(0.0690770631552539,-0.137154338689337,0.13740819350314));
#11025=CARTESIAN_POINT('',(0.0740770631552541,-0.137154338689335,0.136701086721954));
#11026=CARTESIAN_POINT('',(0.0740770631552541,-0.13739004094973,0.136936788982349));
#11027=CARTESIAN_POINT('',(0.0740770631552543,-0.13739004094973,0.137172491242745));
#11028=CARTESIAN_POINT('',(0.0740770631552541,-0.137154338689335,0.13740819350314));
#11029=CARTESIAN_POINT('',(0.0690770631552516,-0.132911698002218,0.140943727409073));
#11030=CARTESIAN_POINT('',(0.0740770631552516,-0.132911698002215,0.140943727409073));
#11031=CARTESIAN_POINT('',(0.0690770631552515,-0.133147400262614,0.141179429669469));
#11032=CARTESIAN_POINT('',(0.0740770631552515,-0.133147400262611,0.141179429669468));
#11033=CARTESIAN_POINT('',(0.0690770631552521,-0.133383102523009,0.141179429669468));
#11034=CARTESIAN_POINT('',(0.0740770631552522,-0.133383102523006,0.141179429669468));
#11035=CARTESIAN_POINT('',(0.069077063155252,-0.133618804783405,0.140943727409073));
#11036=CARTESIAN_POINT('',(0.0740770631552521,-0.133618804783402,0.140943727409073));
#11037=CARTESIAN_POINT('',(0.074077063155252,-0.133618804783402,0.140943727409073));
#11038=CARTESIAN_POINT('',(0.0740770631552521,-0.133383102523006,0.141179429669468));
#11039=CARTESIAN_POINT('',(0.0740770631552515,-0.133147400262611,0.141179429669468));
#11040=CARTESIAN_POINT('',(0.0740770631552516,-0.132911698002215,0.140943727409073));
#11041=CARTESIAN_POINT('',(0.0740770631552541,-0.137154338689335,0.13740819350314));
#11042=CARTESIAN_POINT('',(0.0740770631552541,-0.137154338689335,0.13740819350314));
#11043=CARTESIAN_POINT('',(0.0740770631552541,-0.137154338689335,0.13740819350314));
#11044=CARTESIAN_POINT('',(0.0740770631552541,-0.137154338689335,0.13740819350314));
#11045=CARTESIAN_POINT('',(0.0740770631552543,-0.137507892079928,0.137054640112547));
#11046=CARTESIAN_POINT('',(0.0743494198499021,-0.137507891799183,0.137054640393292));
#11047=CARTESIAN_POINT('',(0.0745770627582224,-0.137346923955022,0.137215608237452));
#11048=CARTESIAN_POINT('',(0.0745770631552541,-0.137154338689334,0.13740819350314));
#11049=CARTESIAN_POINT('',(0.0740770631552541,-0.137154338689335,0.136701086721954));
#11050=CARTESIAN_POINT('',(0.0743494195560962,-0.137154338689334,0.136701086721954));
#11051=CARTESIAN_POINT('',(0.074577063155254,-0.136993370356676,0.136862055054612));
#11052=CARTESIAN_POINT('',(0.0745770631552539,-0.136800785298741,0.137054640112547));
#11053=CARTESIAN_POINT('',(0.0740770631552541,-0.137154338689335,0.13740819350314));
#11054=CARTESIAN_POINT('',(0.0744103964885935,-0.137154338689343,0.137408193503149));
#11055=CARTESIAN_POINT('',(0.07457706315526,-0.137036487559145,0.137290342372951));
#11056=CARTESIAN_POINT('',(0.0745770631552539,-0.136800785298741,0.137054640112547));
#11057=CARTESIAN_POINT('',(0.074077063155252,-0.133618804783402,0.140943727409073));
#11058=CARTESIAN_POINT('',(0.074077063155252,-0.133618804783402,0.140943727409073));
#11059=CARTESIAN_POINT('',(0.074077063155252,-0.133618804783402,0.140943727409073));
#11060=CARTESIAN_POINT('',(0.074077063155252,-0.133618804783402,0.140943727409073));
#11061=CARTESIAN_POINT('',(0.074577063155252,-0.133618804783402,0.140943727409073));
#11062=CARTESIAN_POINT('',(0.0745770627582197,-0.133426219517716,0.141136312674759));
#11063=CARTESIAN_POINT('',(0.0743494198498999,-0.133265251673552,0.141297280518925));
#11064=CARTESIAN_POINT('',(0.0740770631552518,-0.133265251392809,0.141297280799666));
#11065=CARTESIAN_POINT('',(0.0745770631552518,-0.133265251392808,0.14059017401848));
#11066=CARTESIAN_POINT('',(0.0745770631552517,-0.133072666334873,0.140782759076415));
#11067=CARTESIAN_POINT('',(0.0743494195560937,-0.132911698002215,0.140943727409072));
#11068=CARTESIAN_POINT('',(0.0740770631552516,-0.132911698002215,0.140943727409073));
#11069=CARTESIAN_POINT('',(0.0745770631552518,-0.133265251392808,0.14059017401848));
#11070=CARTESIAN_POINT('',(0.074577063155258,-0.133500953653213,0.140825876278884));
#11071=CARTESIAN_POINT('',(0.0744103964885915,-0.13361880478341,0.140943727409082));
#11072=CARTESIAN_POINT('',(0.074077063155252,-0.133618804783402,0.140943727409073));
#11073=CARTESIAN_POINT('',(0.0745770631552518,-0.133265251392808,0.14059017401848));
#11074=CARTESIAN_POINT('',(0.0745770631552539,-0.136800785298741,0.137054640112547));
#11075=CARTESIAN_POINT('',(0.074577063155258,-0.133500953653212,0.140825876278884));
#11076=CARTESIAN_POINT('',(0.0745770631552601,-0.137036487559145,0.137290342372951));
#11077=CARTESIAN_POINT('',(0.0744103964885915,-0.13361880478341,0.140943727409082));
#11078=CARTESIAN_POINT('',(0.0744103964885936,-0.137154338689343,0.137408193503149));
#11079=CARTESIAN_POINT('',(0.074077063155252,-0.133618804783402,0.140943727409073));
#11080=CARTESIAN_POINT('',(0.0740770631552541,-0.137154338689335,0.13740819350314));
#11081=CARTESIAN_POINT('',(0.0715572664070962,-0.144598212626143,0.129257212785147));
#11082=CARTESIAN_POINT('',(0.0720808651687309,-0.144598212626138,0.129257212785142));
#11083=CARTESIAN_POINT('',(0.0726012397344938,-0.144445798444588,0.1294096269667));
#11084=CARTESIAN_POINT('',(0.0733417202044449,-0.14392219968295,0.129933225728339));
#11085=CARTESIAN_POINT('',(0.0735572664070963,-0.14355423929875,0.130301186112539));
#11086=CARTESIAN_POINT('',(0.0735572664070963,-0.142813758828788,0.1310416665825));
#11087=CARTESIAN_POINT('',(0.0733417202044449,-0.142445798444579,0.131409626966691));
#11088=CARTESIAN_POINT('',(0.0726012397344938,-0.141922199682959,0.131933225728348));
#11089=CARTESIAN_POINT('',(0.0720808651687309,-0.141769785501392,0.132085639909889));
#11090=CARTESIAN_POINT('',(0.0710336676454616,-0.141769785501401,0.132085639909898));
#11091=CARTESIAN_POINT('',(0.0705132930796987,-0.141922199682951,0.13193322572834));
#11092=CARTESIAN_POINT('',(0.0697728126097476,-0.142445798444589,0.131409626966701));
#11093=CARTESIAN_POINT('',(0.0695572664070962,-0.142813758828798,0.131041666582502));
#11094=CARTESIAN_POINT('',(0.0695572664070962,-0.143554239298742,0.13030118611254));
#11095=CARTESIAN_POINT('',(0.0697728126097444,-0.143922199682944,0.129933225728337));
#11096=CARTESIAN_POINT('',(0.0705132930797019,-0.144445798444596,0.129409626966703));
#11097=CARTESIAN_POINT('',(0.0710336676454616,-0.144598212626147,0.129257212785151));
#11098=CARTESIAN_POINT('',(0.0715572664070962,-0.144598212626143,0.129257212785147));
#11099=CARTESIAN_POINT('',(0.0715572664070965,-0.144951766016736,0.12961076617574));
#11100=CARTESIAN_POINT('',(0.0720808651687311,-0.144951766016736,0.129610766175749));
#11101=CARTESIAN_POINT('',(0.0726012397344977,-0.144799351835184,0.129763180357291));
#11102=CARTESIAN_POINT('',(0.0733417202044414,-0.14427575307354,0.130286779118935));
#11103=CARTESIAN_POINT('',(0.0735572664070965,-0.143907792689343,0.130654739503132));
#11104=CARTESIAN_POINT('',(0.0735572664070965,-0.143167312219381,0.131395219973094));
#11105=CARTESIAN_POINT('',(0.0733417202044369,-0.142799351835184,0.131763180357291));
#11106=CARTESIAN_POINT('',(0.0726012397345023,-0.14227575307354,0.132286779118935));
#11107=CARTESIAN_POINT('',(0.0720808651687311,-0.142123338892008,0.132439193300477));
#11108=CARTESIAN_POINT('',(0.0710336676454618,-0.142123338891971,0.132439193300496));
#11109=CARTESIAN_POINT('',(0.0705132930796952,-0.142275753073541,0.132286779118936));
#11110=CARTESIAN_POINT('',(0.0697728126097515,-0.142799351835185,0.131763180357292));
#11111=CARTESIAN_POINT('',(0.0695572664070964,-0.143167312219391,0.131395219973095));
#11112=CARTESIAN_POINT('',(0.0695572664070964,-0.143907792689335,0.130654739503133));
#11113=CARTESIAN_POINT('',(0.0697728126097515,-0.144275753073532,0.130286779118936));
#11114=CARTESIAN_POINT('',(0.0705132930796952,-0.144799351835194,0.129763180357292));
#11115=CARTESIAN_POINT('',(0.0710336676454618,-0.144951766016736,0.129610766175731));
#11116=CARTESIAN_POINT('',(0.0715572664070965,-0.144951766016736,0.12961076617574));
#11117=CARTESIAN_POINT('',(0.0715572664070965,-0.145305319407329,0.129257212785147));
#11118=CARTESIAN_POINT('',(0.0722117648591375,-0.145305319407333,0.129257212785142));
#11119=CARTESIAN_POINT('',(0.0728622330663457,-0.145114801680392,0.129447730512083));
#11120=CARTESIAN_POINT('',(0.0737878336537799,-0.144460303228332,0.130102228964142));
#11121=CARTESIAN_POINT('',(0.0740572664070965,-0.144000352748084,0.130562179444391));
#11122=CARTESIAN_POINT('',(0.0740572664070965,-0.14307475216064,0.131487780031834));
#11123=CARTESIAN_POINT('',(0.0737878336537799,-0.142614801680387,0.131947730512088));
#11124=CARTESIAN_POINT('',(0.0728622330663457,-0.141960303228337,0.132602228964138));
#11125=CARTESIAN_POINT('',(0.0722117648591375,-0.141769785501401,0.132792746691075));
#11126=CARTESIAN_POINT('',(0.0709027679550554,-0.141769785501392,0.132792746691084));
#11127=CARTESIAN_POINT('',(0.0702522997478472,-0.141960303228333,0.132602228964143));
#11128=CARTESIAN_POINT('',(0.069326699160413,-0.142614801680393,0.131947730512084));
#11129=CARTESIAN_POINT('',(0.0690572664070964,-0.143074752160646,0.131487780031831));
#11130=CARTESIAN_POINT('',(0.0690572664070964,-0.144000352748081,0.130562179444397));
#11131=CARTESIAN_POINT('',(0.069326699160413,-0.144460303228338,0.130102228964139));
#11132=CARTESIAN_POINT('',(0.0702522997478472,-0.145114801680388,0.129447730512089));
#11133=CARTESIAN_POINT('',(0.0709027679550554,-0.145305319407325,0.129257212785152));
#11134=CARTESIAN_POINT('',(0.0715572664070965,-0.145305319407329,0.129257212785147));
#11135=CARTESIAN_POINT('',(0.0685572664070973,-0.144951766016737,0.128903659394553));
#11136=CARTESIAN_POINT('',(0.0685572664070952,-0.141416232110805,0.132439193300487));
#11137=CARTESIAN_POINT('',(0.0685572664071034,-0.145187468277124,0.12913936165494));
#11138=CARTESIAN_POINT('',(0.0685572664071013,-0.141651934371192,0.132674895560874));
#11139=CARTESIAN_POINT('',(0.0687239330737704,-0.145305319407322,0.129257212785138));
#11140=CARTESIAN_POINT('',(0.0687239330737683,-0.14176978550139,0.132792746691072));
#11141=CARTESIAN_POINT('',(0.0690572664070976,-0.14530531940733,0.129257212785147));
#11142=CARTESIAN_POINT('',(0.0690572664070955,-0.141769785501398,0.13279274669108));
#11143=CARTESIAN_POINT('',(0.0690572664070954,-0.141769785501398,0.13279274669108));
#11144=CARTESIAN_POINT('',(0.0687239330737683,-0.14176978550139,0.132792746691072));
#11145=CARTESIAN_POINT('',(0.0685572664071013,-0.141651934371192,0.132674895560874));
#11146=CARTESIAN_POINT('',(0.0685572664070952,-0.141416232110805,0.132439193300487));
#11147=CARTESIAN_POINT('',(0.0685572664070973,-0.144951766016737,0.128903659394554));
#11148=CARTESIAN_POINT('',(0.0685572664071035,-0.145187468277124,0.129139361654941));
#11149=CARTESIAN_POINT('',(0.0687239330737705,-0.145305319407322,0.129257212785138));
#11150=CARTESIAN_POINT('',(0.0690572664070975,-0.14530531940733,0.129257212785147));
#11151=CARTESIAN_POINT('',(0.0690572664070975,-0.14530531940733,0.129257212785147));
#11152=CARTESIAN_POINT('',(0.0690572664070975,-0.14530531940733,0.129257212785147));
#11153=CARTESIAN_POINT('',(0.0690572664070975,-0.14530531940733,0.129257212785147));
#11154=CARTESIAN_POINT('',(0.0690572664070975,-0.14530531940733,0.129257212785147));
#11155=CARTESIAN_POINT('',(0.0685572664070975,-0.145305319407331,0.129257212785147));
#11156=CARTESIAN_POINT('',(0.0685572668041298,-0.145497904673016,0.129064627519459));
#11157=CARTESIAN_POINT('',(0.0687849097124495,-0.14565887251718,0.128903659675297));
#11158=CARTESIAN_POINT('',(0.0690572664070975,-0.145658872797924,0.128903659394554));
#11159=CARTESIAN_POINT('',(0.0685572664070973,-0.144951766016737,0.128903659394554));
#11160=CARTESIAN_POINT('',(0.0685572664070974,-0.145144351074673,0.128711074336619));
#11161=CARTESIAN_POINT('',(0.0687849100062552,-0.14530531940733,0.12855010600396));
#11162=CARTESIAN_POINT('',(0.0690572664070973,-0.14530531940733,0.12855010600396));
#11163=CARTESIAN_POINT('',(0.0690572664070975,-0.14530531940733,0.129257212785147));
#11164=CARTESIAN_POINT('',(0.0690572664070974,-0.145541021667726,0.129021510524751));
#11165=CARTESIAN_POINT('',(0.0690572664070973,-0.145541021667726,0.128785808264356));
#11166=CARTESIAN_POINT('',(0.0690572664070973,-0.14530531940733,0.12855010600396));
#11167=CARTESIAN_POINT('',(0.0690572664070954,-0.141769785501398,0.13279274669108));
#11168=CARTESIAN_POINT('',(0.0690572664070954,-0.141769785501398,0.13279274669108));
#11169=CARTESIAN_POINT('',(0.0690572664070954,-0.141769785501398,0.13279274669108));
#11170=CARTESIAN_POINT('',(0.0690572664070954,-0.141769785501398,0.13279274669108));
#11171=CARTESIAN_POINT('',(0.0690572664070952,-0.141416232110804,0.133146300081673));
#11172=CARTESIAN_POINT('',(0.0687849097124475,-0.141416232391548,0.133146299800929));
#11173=CARTESIAN_POINT('',(0.0685572668041271,-0.141577200235711,0.132985331956766));
#11174=CARTESIAN_POINT('',(0.0685572664070954,-0.141769785501398,0.13279274669108));
#11175=CARTESIAN_POINT('',(0.069057266407095,-0.141062678720211,0.13279274669108));
#11176=CARTESIAN_POINT('',(0.0687849100062529,-0.141062678720211,0.13279274669108));
#11177=CARTESIAN_POINT('',(0.0685572664070951,-0.141223647052869,0.132631778358421));
#11178=CARTESIAN_POINT('',(0.0685572664070952,-0.141416232110805,0.132439193300487));
#11179=CARTESIAN_POINT('',(0.069057266407095,-0.141062678720211,0.13279274669108));
#11180=CARTESIAN_POINT('',(0.069057266407095,-0.141298380980607,0.133028448951476));
#11181=CARTESIAN_POINT('',(0.0690572664070954,-0.141534083241002,0.133028448951475));
#11182=CARTESIAN_POINT('',(0.0690572664070954,-0.141769785501398,0.13279274669108));
#11183=CARTESIAN_POINT('',(0.0740572664070975,-0.145305319407328,0.12855010600396));
#11184=CARTESIAN_POINT('',(0.0690572664070973,-0.14530531940733,0.12855010600396));
#11185=CARTESIAN_POINT('',(0.0740572664070974,-0.145541021667723,0.128785808264356));
#11186=CARTESIAN_POINT('',(0.0690572664070972,-0.145541021667726,0.128785808264356));
#11187=CARTESIAN_POINT('',(0.0740572664070975,-0.145541021667724,0.129021510524751));
#11188=CARTESIAN_POINT('',(0.0690572664070973,-0.145541021667726,0.129021510524751));
#11189=CARTESIAN_POINT('',(0.0740572664070975,-0.145305319407328,0.129257212785147));
#11190=CARTESIAN_POINT('',(0.0690572664070973,-0.14530531940733,0.129257212785147));
#11191=CARTESIAN_POINT('',(0.0740572664070975,-0.145305319407328,0.12855010600396));
#11192=CARTESIAN_POINT('',(0.0740572664070974,-0.145541021667723,0.128785808264356));
#11193=CARTESIAN_POINT('',(0.0740572664070975,-0.145541021667724,0.129021510524751));
#11194=CARTESIAN_POINT('',(0.0740572664070975,-0.145305319407328,0.129257212785147));
#11195=CARTESIAN_POINT('',(0.0690572664070949,-0.141062678720211,0.13279274669108));
#11196=CARTESIAN_POINT('',(0.074057266407095,-0.141062678720208,0.132792746691079));
#11197=CARTESIAN_POINT('',(0.069057266407095,-0.141298380980607,0.133028448951476));
#11198=CARTESIAN_POINT('',(0.0740572664070951,-0.141298380980604,0.133028448951475));
#11199=CARTESIAN_POINT('',(0.0690572664070954,-0.141534083241002,0.133028448951475));
#11200=CARTESIAN_POINT('',(0.0740572664070955,-0.141534083241,0.133028448951475));
#11201=CARTESIAN_POINT('',(0.0690572664070954,-0.141769785501398,0.13279274669108));
#11202=CARTESIAN_POINT('',(0.0740572664070955,-0.141769785501395,0.132792746691079));
#11203=CARTESIAN_POINT('',(0.0740572664070954,-0.141769785501395,0.13279274669108));
#11204=CARTESIAN_POINT('',(0.0740572664070954,-0.141534083241,0.133028448951475));
#11205=CARTESIAN_POINT('',(0.074057266407095,-0.141298380980604,0.133028448951475));
#11206=CARTESIAN_POINT('',(0.074057266407095,-0.141062678720208,0.13279274669108));
#11207=CARTESIAN_POINT('',(0.0740572664070975,-0.145305319407328,0.129257212785147));
#11208=CARTESIAN_POINT('',(0.0740572664070975,-0.145305319407328,0.129257212785147));
#11209=CARTESIAN_POINT('',(0.0740572664070975,-0.145305319407328,0.129257212785147));
#11210=CARTESIAN_POINT('',(0.0740572664070975,-0.145305319407328,0.129257212785147));
#11211=CARTESIAN_POINT('',(0.0740572664070977,-0.145658872797921,0.128903659394554));
#11212=CARTESIAN_POINT('',(0.0743296231017455,-0.145658872517177,0.128903659675297));
#11213=CARTESIAN_POINT('',(0.0745572660100658,-0.145497904673014,0.12906462751946));
#11214=CARTESIAN_POINT('',(0.0745572664070975,-0.145305319407327,0.129257212785147));
#11215=CARTESIAN_POINT('',(0.0740572664070975,-0.145305319407328,0.12855010600396));
#11216=CARTESIAN_POINT('',(0.0743296228079396,-0.145305319407327,0.128550106003961));
#11217=CARTESIAN_POINT('',(0.0745572664070974,-0.145144351074669,0.128711074336618));
#11218=CARTESIAN_POINT('',(0.0745572664070973,-0.144951766016734,0.128903659394554));
#11219=CARTESIAN_POINT('',(0.0740572664070975,-0.145305319407327,0.129257212785147));
#11220=CARTESIAN_POINT('',(0.0743905997404308,-0.145305319407327,0.129257212785147));
#11221=CARTESIAN_POINT('',(0.0745572664070974,-0.145187468277129,0.129139361654949));
#11222=CARTESIAN_POINT('',(0.0745572664070973,-0.144951766016734,0.128903659394554));
#11223=CARTESIAN_POINT('',(0.0740572664070954,-0.141769785501395,0.13279274669108));
#11224=CARTESIAN_POINT('',(0.0740572664070954,-0.141769785501395,0.13279274669108));
#11225=CARTESIAN_POINT('',(0.0740572664070954,-0.141769785501395,0.13279274669108));
#11226=CARTESIAN_POINT('',(0.0740572664070954,-0.141769785501395,0.13279274669108));
#11227=CARTESIAN_POINT('',(0.0745572664070954,-0.141769785501394,0.13279274669108));
#11228=CARTESIAN_POINT('',(0.0745572660100633,-0.141577200235708,0.132985331956766));
#11229=CARTESIAN_POINT('',(0.0743296231017431,-0.141416232391545,0.133146299800931));
#11230=CARTESIAN_POINT('',(0.0740572664070952,-0.141416232110802,0.133146300081673));
#11231=CARTESIAN_POINT('',(0.0745572664070952,-0.141416232110801,0.132439193300487));
#11232=CARTESIAN_POINT('',(0.074557266407095,-0.141223647052866,0.132631778358422));
#11233=CARTESIAN_POINT('',(0.0743296228079371,-0.141062678720208,0.132792746691079));
#11234=CARTESIAN_POINT('',(0.074057266407095,-0.141062678720208,0.13279274669108));
#11235=CARTESIAN_POINT('',(0.0745572664070952,-0.141416232110801,0.132439193300487));
#11236=CARTESIAN_POINT('',(0.0745572664070954,-0.141651934371197,0.132674895560882));
#11237=CARTESIAN_POINT('',(0.0743905997404288,-0.141769785501395,0.13279274669108));
#11238=CARTESIAN_POINT('',(0.0740572664070954,-0.141769785501395,0.13279274669108));
#11239=CARTESIAN_POINT('',(0.0745572664070952,-0.141416232110801,0.132439193300487));
#11240=CARTESIAN_POINT('',(0.0745572664070973,-0.144951766016734,0.128903659394553));
#11241=CARTESIAN_POINT('',(0.0745572664070954,-0.141651934371197,0.132674895560882));
#11242=CARTESIAN_POINT('',(0.0745572664070975,-0.145187468277129,0.129139361654949));
#11243=CARTESIAN_POINT('',(0.0743905997404288,-0.141769785501395,0.13279274669108));
#11244=CARTESIAN_POINT('',(0.0743905997404309,-0.145305319407327,0.129257212785147));
#11245=CARTESIAN_POINT('',(0.0740572664070954,-0.141769785501395,0.13279274669108));
#11246=CARTESIAN_POINT('',(0.0740572664070975,-0.145305319407327,0.129257212785147));
#11247=MECHANICAL_DESIGN_GEOMETRIC_PRESENTATION_REPRESENTATION('',(#3800),
#11248);
#11248=(
GEOMETRIC_REPRESENTATION_CONTEXT(3)
GLOBAL_UNCERTAINTY_ASSIGNED_CONTEXT((#11249))
GLOBAL_UNIT_ASSIGNED_CONTEXT((#11252,#11251,#11250))
REPRESENTATION_CONTEXT('ControlPanelCover','TOP_LEVEL_ASSEMBLY_PART')
);
#11249=UNCERTAINTY_MEASURE_WITH_UNIT(LENGTH_MEASURE(2.E-5),#11252,
'DISTANCE_ACCURACY_VALUE','Maximum Tolerance applied to model');
#11250=(
NAMED_UNIT(*)
SI_UNIT($,.STERADIAN.)
SOLID_ANGLE_UNIT()
);
#11251=(
NAMED_UNIT(*)
PLANE_ANGLE_UNIT()
SI_UNIT($,.RADIAN.)
);
#11252=(
LENGTH_UNIT()
NAMED_UNIT(*)
SI_UNIT($,.METRE.)
);
#11253=PRODUCT_DEFINITION_SHAPE('','',#11254);
#11254=PRODUCT_DEFINITION('','',#11256,#11255);
#11255=PRODUCT_DEFINITION_CONTEXT('',#11262,'design');
#11256=PRODUCT_DEFINITION_FORMATION_WITH_SPECIFIED_SOURCE('','',#11258,
 .NOT_KNOWN.);
#11257=PRODUCT_RELATED_PRODUCT_CATEGORY('','',(#11258));
#11258=PRODUCT('ControlPanelCover','ControlPanelCover',
'ControlPanelCover',(#11260));
#11259=PRODUCT_CATEGORY('','');
#11260=PRODUCT_CONTEXT('',#11262,'mechanical');
#11261=APPLICATION_PROTOCOL_DEFINITION('international standard',
'ap242_managed_model_based_3d_engineering',2011,#11262);
#11262=APPLICATION_CONTEXT('managed model based 3d engineering');
ENDSEC;
END-ISO-10303-21;
