ISO-10303-21;
HEADER;
/* Generated by software containing ST-Developer
 * from STEP Tools, Inc. (www.steptools.com) 
 */
/* OPTION: using custom renumber hook */

FILE_DESCRIPTION(
/* description */ ('STEP AP242',
'CAx-IF Rec.Pracs.---Representation and Presentation of Product Manufa
cturing Information (PMI)---4.0---2014-10-13',
'CAx-IF Rec.Pracs.---3D Tessellated Geometry---0.4---2014-09-14','2;1',
'CAx-IF Rec.Pracs.---User Defined Attributes---1.5---2016-08-15'),
/* implementation_level */ '2;1');

FILE_NAME(
/* name */ 'Assembly 1 - LidBottom',
/* time_stamp */ '2025-11-19T05:29:16Z',
/* author */ (''),
/* organization */ (''),
/* preprocessor_version */ 'ST-DEVELOPER v20',
/* originating_system */ 'ONSHAPE BY PTC INC, 1.206',
/* authorisation */ '  ');

FILE_SCHEMA (('AP242_MANAGED_MODEL_BASED_3D_ENGINEERING_MIM_LF { 1 0 10303 442 1 1 4 }'));
ENDSEC;

DATA;
#10=SHAPE_REPRESENTATION_RELATIONSHIP('','',#3013,#11);
#11=ADVANCED_BREP_SHAPE_REPRESENTATION('',(#3011),#4849);
#12=CYLINDRICAL_SURFACE('',#3039,0.003);
#13=CYLINDRICAL_SURFACE('',#3044,0.02);
#14=CYLINDRICAL_SURFACE('',#3074,0.02);
#15=CYLINDRICAL_SURFACE('',#3098,0.02);
#16=CYLINDRICAL_SURFACE('',#3119,0.02);
#17=B_SPLINE_CURVE_WITH_KNOTS('',3,(#4276,#4277,#4278,#4279),
 .UNSPECIFIED.,.F.,.F.,(4,4),(0.,1.),.UNSPECIFIED.);
#18=B_SPLINE_CURVE_WITH_KNOTS('',3,(#4282,#4283,#4284,#4285,#4286,#4287,
#4288,#4289,#4290),.UNSPECIFIED.,.F.,.F.,(4,1,1,1,1,1,4),(0.,0.00566582033832576,
0.00849873050748864,0.0113316406766515,0.0141645508458144,0.0169974610149773,
0.022663281353303),.UNSPECIFIED.);
#19=B_SPLINE_CURVE_WITH_KNOTS('',3,(#4292,#4293,#4294,#4295),
 .UNSPECIFIED.,.F.,.F.,(4,4),(0.,1.),.UNSPECIFIED.);
#20=B_SPLINE_CURVE_WITH_KNOTS('',3,(#4297,#4298,#4299,#4300,#4301,#4302,
#4303,#4304,#4305),.UNSPECIFIED.,.F.,.F.,(4,1,1,1,1,1,4),(0.,0.00566582033832577,
0.00849873050748865,0.0113316406766515,0.0141645508458144,0.0169974610149773,
0.0226632813533031),.UNSPECIFIED.);
#21=B_SPLINE_CURVE_WITH_KNOTS('',3,(#4314,#4315,#4316,#4317),
 .UNSPECIFIED.,.F.,.F.,(4,4),(1.00004338143677E-8,0.999999989999347),
 .UNSPECIFIED.);
#22=B_SPLINE_CURVE_WITH_KNOTS('',3,(#4323,#4324,#4325,#4326),
 .UNSPECIFIED.,.F.,.F.,(4,4),(1.00006530834151E-8,0.999999989999566),
 .UNSPECIFIED.);
#23=B_SPLINE_CURVE_WITH_KNOTS('',3,(#4328,#4329,#4330,#4331,#4332,#4333,
#4334,#4335,#4336),.UNSPECIFIED.,.F.,.F.,(4,1,1,1,1,1,4),(0.,0.00575665023304611,
0.00863497534956916,0.0115133004660922,0.0143916255826153,0.0172699506991383,
0.0230266009321844),.UNSPECIFIED.);
#24=B_SPLINE_CURVE_WITH_KNOTS('',3,(#4338,#4339,#4340,#4341,#4342,#4343,
#4344,#4345,#4346),.UNSPECIFIED.,.F.,.F.,(4,1,1,1,1,1,4),(0.,0.00575665023304611,
0.00863497534956916,0.0115133004660922,0.0143916255826153,0.0172699506991383,
0.0230266009321844),.UNSPECIFIED.);
#25=B_SPLINE_CURVE_WITH_KNOTS('',3,(#4350,#4351,#4352,#4353,#4354,#4355,
#4356,#4357,#4358),.UNSPECIFIED.,.F.,.F.,(4,1,1,1,1,1,4),(0.,0.00566582033832576,
0.00849873050748864,0.0113316406766515,0.0141645508458144,0.0169974610149773,
0.022663281353303),.UNSPECIFIED.);
#26=B_SPLINE_CURVE_WITH_KNOTS('',3,(#4391,#4392,#4393,#4394,#4395,#4396,
#4397,#4398,#4399),.UNSPECIFIED.,.F.,.F.,(4,1,1,1,1,1,4),(0.,0.00575665023304609,
0.00863497534956914,0.0115133004660922,0.0143916255826152,0.0172699506991383,
0.0230266009321844),.UNSPECIFIED.);
#27=B_SPLINE_CURVE_WITH_KNOTS('',3,(#4403,#4404,#4405,#4406,#4407,#4408,
#4409,#4410,#4411),.UNSPECIFIED.,.F.,.F.,(4,1,1,1,1,1,4),(0.,0.00566582033832577,
0.00849873050748865,0.0113316406766515,0.0141645508458144,0.0169974610149773,
0.0226632813533031),.UNSPECIFIED.);
#28=B_SPLINE_CURVE_WITH_KNOTS('',3,(#4415,#4416,#4417,#4418,#4419,#4420,
#4421,#4422,#4423),.UNSPECIFIED.,.F.,.F.,(4,1,1,1,1,1,4),(0.,0.00575665023304609,
0.00863497534956914,0.0115133004660922,0.0143916255826152,0.0172699506991383,
0.0230266009321844),.UNSPECIFIED.);
#29=B_SPLINE_CURVE_WITH_KNOTS('',3,(#4510,#4511,#4512,#4513),
 .UNSPECIFIED.,.F.,.F.,(4,4),(1.00006530834151E-8,0.999999989999566),
 .UNSPECIFIED.);
#30=B_SPLINE_CURVE_WITH_KNOTS('',3,(#4515,#4516,#4517,#4518),
 .UNSPECIFIED.,.F.,.F.,(4,4),(1.20007823123193E-8,0.999999987999474),
 .UNSPECIFIED.);
#31=B_SPLINE_CURVE_WITH_KNOTS('',3,(#4616,#4617,#4618,#4619),
 .UNSPECIFIED.,.F.,.F.,(4,4),(1.00004338143677E-8,0.999999989999347),
 .UNSPECIFIED.);
#32=B_SPLINE_CURVE_WITH_KNOTS('',3,(#4621,#4622,#4623,#4624),
 .UNSPECIFIED.,.F.,.F.,(4,4),(1.20005255732449E-8,0.999999987999218),
 .UNSPECIFIED.);
#33=B_SPLINE_SURFACE_WITH_KNOTS('',3,1,((#4268,#4269),(#4270,#4271),(#4272,
#4273),(#4274,#4275)),.SURF_OF_LINEAR_EXTRUSION.,.F.,.F.,.F.,(4,4),(2,2),
(-4.00551408755497E-15,1.),(0.,1.),.PIECEWISE_BEZIER_KNOTS.);
#34=B_SPLINE_SURFACE_WITH_KNOTS('',3,1,((#4502,#4503),(#4504,#4505),(#4506,
#4507),(#4508,#4509)),.SURF_OF_LINEAR_EXTRUSION.,.F.,.F.,.F.,(4,4),(2,2),
(-4.17888107978349E-15,1.),(0.,1.),.PIECEWISE_BEZIER_KNOTS.);
#35=B_SPLINE_SURFACE_WITH_KNOTS('',3,1,((#4608,#4609),(#4610,#4611),(#4612,
#4613),(#4614,#4615)),.SURF_OF_LINEAR_EXTRUSION.,.F.,.F.,.F.,(4,4),(2,2),
(-3.62042760470683E-15,1.),(0.,1.),.PIECEWISE_BEZIER_KNOTS.);
#36=B_SPLINE_SURFACE_WITH_KNOTS('',3,1,((#4704,#4705),(#4706,#4707),(#4708,
#4709),(#4710,#4711)),.SURF_OF_LINEAR_EXTRUSION.,.F.,.F.,.F.,(4,4),(2,2),
(-3.62042760470668E-15,1.),(0.,1.),.PIECEWISE_BEZIER_KNOTS.);
#37=CIRCLE('',#3019,0.02);
#38=CIRCLE('',#3020,0.02);
#39=CIRCLE('',#3033,0.02);
#40=CIRCLE('',#3034,0.02);
#41=CIRCLE('',#3038,0.003);
#42=CIRCLE('',#3040,0.003);
#43=CIRCLE('',#3045,0.02);
#44=CIRCLE('',#3048,0.02);
#45=CIRCLE('',#3049,0.02);
#46=CIRCLE('',#3050,0.02);
#47=ORIENTED_EDGE('',*,*,#899,.T.);
#48=ORIENTED_EDGE('',*,*,#900,.T.);
#49=ORIENTED_EDGE('',*,*,#901,.F.);
#50=ORIENTED_EDGE('',*,*,#902,.F.);
#51=ORIENTED_EDGE('',*,*,#903,.T.);
#52=ORIENTED_EDGE('',*,*,#904,.T.);
#53=ORIENTED_EDGE('',*,*,#905,.F.);
#54=ORIENTED_EDGE('',*,*,#906,.F.);
#55=ORIENTED_EDGE('',*,*,#907,.T.);
#56=ORIENTED_EDGE('',*,*,#908,.T.);
#57=ORIENTED_EDGE('',*,*,#909,.F.);
#58=ORIENTED_EDGE('',*,*,#910,.F.);
#59=ORIENTED_EDGE('',*,*,#911,.F.);
#60=ORIENTED_EDGE('',*,*,#912,.T.);
#61=ORIENTED_EDGE('',*,*,#913,.F.);
#62=ORIENTED_EDGE('',*,*,#914,.F.);
#63=ORIENTED_EDGE('',*,*,#915,.T.);
#64=ORIENTED_EDGE('',*,*,#916,.F.);
#65=ORIENTED_EDGE('',*,*,#917,.F.);
#66=ORIENTED_EDGE('',*,*,#918,.T.);
#67=ORIENTED_EDGE('',*,*,#919,.T.);
#68=ORIENTED_EDGE('',*,*,#920,.F.);
#69=ORIENTED_EDGE('',*,*,#921,.T.);
#70=ORIENTED_EDGE('',*,*,#922,.T.);
#71=ORIENTED_EDGE('',*,*,#923,.F.);
#72=ORIENTED_EDGE('',*,*,#924,.F.);
#73=ORIENTED_EDGE('',*,*,#925,.F.);
#74=ORIENTED_EDGE('',*,*,#926,.T.);
#75=ORIENTED_EDGE('',*,*,#927,.T.);
#76=ORIENTED_EDGE('',*,*,#928,.F.);
#77=ORIENTED_EDGE('',*,*,#929,.F.);
#78=ORIENTED_EDGE('',*,*,#930,.F.);
#79=ORIENTED_EDGE('',*,*,#931,.T.);
#80=ORIENTED_EDGE('',*,*,#932,.T.);
#81=ORIENTED_EDGE('',*,*,#933,.T.);
#82=ORIENTED_EDGE('',*,*,#934,.F.);
#83=ORIENTED_EDGE('',*,*,#935,.T.);
#84=ORIENTED_EDGE('',*,*,#936,.T.);
#85=ORIENTED_EDGE('',*,*,#937,.F.);
#86=ORIENTED_EDGE('',*,*,#938,.F.);
#87=ORIENTED_EDGE('',*,*,#939,.F.);
#88=ORIENTED_EDGE('',*,*,#940,.T.);
#89=ORIENTED_EDGE('',*,*,#941,.T.);
#90=ORIENTED_EDGE('',*,*,#942,.F.);
#91=ORIENTED_EDGE('',*,*,#943,.F.);
#92=ORIENTED_EDGE('',*,*,#944,.F.);
#93=ORIENTED_EDGE('',*,*,#945,.F.);
#94=ORIENTED_EDGE('',*,*,#946,.T.);
#95=ORIENTED_EDGE('',*,*,#947,.F.);
#96=ORIENTED_EDGE('',*,*,#948,.F.);
#97=ORIENTED_EDGE('',*,*,#949,.T.);
#98=ORIENTED_EDGE('',*,*,#950,.T.);
#99=ORIENTED_EDGE('',*,*,#951,.T.);
#100=ORIENTED_EDGE('',*,*,#952,.T.);
#101=ORIENTED_EDGE('',*,*,#953,.F.);
#102=ORIENTED_EDGE('',*,*,#954,.F.);
#103=ORIENTED_EDGE('',*,*,#955,.T.);
#104=ORIENTED_EDGE('',*,*,#956,.T.);
#105=ORIENTED_EDGE('',*,*,#957,.T.);
#106=ORIENTED_EDGE('',*,*,#958,.T.);
#107=ORIENTED_EDGE('',*,*,#950,.F.);
#108=ORIENTED_EDGE('',*,*,#959,.F.);
#109=ORIENTED_EDGE('',*,*,#956,.F.);
#110=ORIENTED_EDGE('',*,*,#960,.T.);
#111=ORIENTED_EDGE('',*,*,#961,.T.);
#112=ORIENTED_EDGE('',*,*,#962,.T.);
#113=ORIENTED_EDGE('',*,*,#963,.F.);
#114=ORIENTED_EDGE('',*,*,#964,.T.);
#115=ORIENTED_EDGE('',*,*,#965,.T.);
#116=ORIENTED_EDGE('',*,*,#966,.F.);
#117=ORIENTED_EDGE('',*,*,#967,.T.);
#118=ORIENTED_EDGE('',*,*,#968,.F.);
#119=ORIENTED_EDGE('',*,*,#969,.F.);
#120=ORIENTED_EDGE('',*,*,#970,.T.);
#121=ORIENTED_EDGE('',*,*,#971,.T.);
#122=ORIENTED_EDGE('',*,*,#972,.F.);
#123=ORIENTED_EDGE('',*,*,#973,.T.);
#124=ORIENTED_EDGE('',*,*,#974,.T.);
#125=ORIENTED_EDGE('',*,*,#975,.F.);
#126=ORIENTED_EDGE('',*,*,#976,.T.);
#127=ORIENTED_EDGE('',*,*,#977,.F.);
#128=ORIENTED_EDGE('',*,*,#978,.F.);
#129=ORIENTED_EDGE('',*,*,#979,.T.);
#130=ORIENTED_EDGE('',*,*,#980,.F.);
#131=ORIENTED_EDGE('',*,*,#981,.F.);
#132=ORIENTED_EDGE('',*,*,#982,.F.);
#133=ORIENTED_EDGE('',*,*,#983,.T.);
#134=ORIENTED_EDGE('',*,*,#984,.T.);
#135=ORIENTED_EDGE('',*,*,#985,.F.);
#136=ORIENTED_EDGE('',*,*,#986,.T.);
#137=ORIENTED_EDGE('',*,*,#987,.T.);
#138=ORIENTED_EDGE('',*,*,#988,.F.);
#139=ORIENTED_EDGE('',*,*,#989,.T.);
#140=ORIENTED_EDGE('',*,*,#990,.F.);
#141=ORIENTED_EDGE('',*,*,#991,.F.);
#142=ORIENTED_EDGE('',*,*,#992,.T.);
#143=ORIENTED_EDGE('',*,*,#993,.F.);
#144=ORIENTED_EDGE('',*,*,#994,.T.);
#145=ORIENTED_EDGE('',*,*,#995,.T.);
#146=ORIENTED_EDGE('',*,*,#996,.T.);
#147=ORIENTED_EDGE('',*,*,#997,.F.);
#148=ORIENTED_EDGE('',*,*,#952,.F.);
#149=ORIENTED_EDGE('',*,*,#998,.F.);
#150=ORIENTED_EDGE('',*,*,#999,.T.);
#151=ORIENTED_EDGE('',*,*,#1000,.T.);
#152=ORIENTED_EDGE('',*,*,#915,.F.);
#153=ORIENTED_EDGE('',*,*,#1001,.T.);
#154=ORIENTED_EDGE('',*,*,#1002,.T.);
#155=ORIENTED_EDGE('',*,*,#942,.T.);
#156=ORIENTED_EDGE('',*,*,#1003,.T.);
#157=ORIENTED_EDGE('',*,*,#1004,.F.);
#158=ORIENTED_EDGE('',*,*,#1005,.F.);
#159=ORIENTED_EDGE('',*,*,#1006,.F.);
#160=ORIENTED_EDGE('',*,*,#1007,.T.);
#161=ORIENTED_EDGE('',*,*,#1008,.T.);
#162=ORIENTED_EDGE('',*,*,#919,.F.);
#163=ORIENTED_EDGE('',*,*,#1009,.T.);
#164=ORIENTED_EDGE('',*,*,#1010,.T.);
#165=ORIENTED_EDGE('',*,*,#957,.F.);
#166=ORIENTED_EDGE('',*,*,#1011,.T.);
#167=ORIENTED_EDGE('',*,*,#1012,.F.);
#168=ORIENTED_EDGE('',*,*,#1013,.T.);
#169=ORIENTED_EDGE('',*,*,#1014,.T.);
#170=ORIENTED_EDGE('',*,*,#994,.F.);
#171=ORIENTED_EDGE('',*,*,#1007,.F.);
#172=ORIENTED_EDGE('',*,*,#1015,.T.);
#173=ORIENTED_EDGE('',*,*,#1016,.T.);
#174=ORIENTED_EDGE('',*,*,#1017,.F.);
#175=ORIENTED_EDGE('',*,*,#1018,.T.);
#176=ORIENTED_EDGE('',*,*,#1019,.T.);
#177=ORIENTED_EDGE('',*,*,#1001,.F.);
#178=ORIENTED_EDGE('',*,*,#1020,.T.);
#179=ORIENTED_EDGE('',*,*,#1021,.F.);
#180=ORIENTED_EDGE('',*,*,#1022,.T.);
#181=ORIENTED_EDGE('',*,*,#1023,.F.);
#182=ORIENTED_EDGE('',*,*,#1024,.F.);
#183=ORIENTED_EDGE('',*,*,#1025,.F.);
#184=ORIENTED_EDGE('',*,*,#989,.F.);
#185=ORIENTED_EDGE('',*,*,#1026,.F.);
#186=ORIENTED_EDGE('',*,*,#1027,.F.);
#187=ORIENTED_EDGE('',*,*,#1028,.T.);
#188=ORIENTED_EDGE('',*,*,#1029,.T.);
#189=ORIENTED_EDGE('',*,*,#1030,.T.);
#190=ORIENTED_EDGE('',*,*,#1031,.F.);
#191=ORIENTED_EDGE('',*,*,#1032,.F.);
#192=ORIENTED_EDGE('',*,*,#1033,.F.);
#193=ORIENTED_EDGE('',*,*,#1034,.F.);
#194=ORIENTED_EDGE('',*,*,#1035,.T.);
#195=ORIENTED_EDGE('',*,*,#1036,.T.);
#196=ORIENTED_EDGE('',*,*,#1037,.F.);
#197=ORIENTED_EDGE('',*,*,#1024,.T.);
#198=ORIENTED_EDGE('',*,*,#1038,.F.);
#199=ORIENTED_EDGE('',*,*,#1039,.F.);
#200=ORIENTED_EDGE('',*,*,#1040,.T.);
#201=ORIENTED_EDGE('',*,*,#1041,.T.);
#202=ORIENTED_EDGE('',*,*,#1042,.T.);
#203=ORIENTED_EDGE('',*,*,#1043,.F.);
#204=ORIENTED_EDGE('',*,*,#1044,.F.);
#205=ORIENTED_EDGE('',*,*,#1045,.T.);
#206=ORIENTED_EDGE('',*,*,#1046,.F.);
#207=ORIENTED_EDGE('',*,*,#1047,.F.);
#208=ORIENTED_EDGE('',*,*,#1048,.T.);
#209=ORIENTED_EDGE('',*,*,#1049,.T.);
#210=ORIENTED_EDGE('',*,*,#1050,.T.);
#211=ORIENTED_EDGE('',*,*,#1051,.F.);
#212=ORIENTED_EDGE('',*,*,#1052,.T.);
#213=ORIENTED_EDGE('',*,*,#1053,.T.);
#214=ORIENTED_EDGE('',*,*,#1054,.F.);
#215=ORIENTED_EDGE('',*,*,#1055,.T.);
#216=ORIENTED_EDGE('',*,*,#1056,.F.);
#217=ORIENTED_EDGE('',*,*,#1057,.F.);
#218=ORIENTED_EDGE('',*,*,#1058,.T.);
#219=ORIENTED_EDGE('',*,*,#1059,.F.);
#220=ORIENTED_EDGE('',*,*,#1060,.F.);
#221=ORIENTED_EDGE('',*,*,#1061,.T.);
#222=ORIENTED_EDGE('',*,*,#1062,.T.);
#223=ORIENTED_EDGE('',*,*,#1063,.F.);
#224=ORIENTED_EDGE('',*,*,#1064,.T.);
#225=ORIENTED_EDGE('',*,*,#1065,.F.);
#226=ORIENTED_EDGE('',*,*,#1066,.F.);
#227=ORIENTED_EDGE('',*,*,#1067,.T.);
#228=ORIENTED_EDGE('',*,*,#1068,.F.);
#229=ORIENTED_EDGE('',*,*,#1069,.F.);
#230=ORIENTED_EDGE('',*,*,#1070,.F.);
#231=ORIENTED_EDGE('',*,*,#938,.T.);
#232=ORIENTED_EDGE('',*,*,#1071,.T.);
#233=ORIENTED_EDGE('',*,*,#944,.T.);
#234=ORIENTED_EDGE('',*,*,#1072,.F.);
#235=ORIENTED_EDGE('',*,*,#1073,.T.);
#236=ORIENTED_EDGE('',*,*,#1039,.T.);
#237=ORIENTED_EDGE('',*,*,#1074,.T.);
#238=ORIENTED_EDGE('',*,*,#1041,.F.);
#239=ORIENTED_EDGE('',*,*,#1075,.T.);
#240=ORIENTED_EDGE('',*,*,#1036,.F.);
#241=ORIENTED_EDGE('',*,*,#1076,.T.);
#242=ORIENTED_EDGE('',*,*,#1077,.T.);
#243=ORIENTED_EDGE('',*,*,#1078,.F.);
#244=ORIENTED_EDGE('',*,*,#1079,.F.);
#245=ORIENTED_EDGE('',*,*,#1080,.T.);
#246=ORIENTED_EDGE('',*,*,#1081,.T.);
#247=ORIENTED_EDGE('',*,*,#1013,.F.);
#248=ORIENTED_EDGE('',*,*,#1082,.T.);
#249=ORIENTED_EDGE('',*,*,#908,.F.);
#250=ORIENTED_EDGE('',*,*,#1083,.F.);
#251=ORIENTED_EDGE('',*,*,#1009,.F.);
#252=ORIENTED_EDGE('',*,*,#1084,.F.);
#253=ORIENTED_EDGE('',*,*,#1085,.T.);
#254=ORIENTED_EDGE('',*,*,#1086,.T.);
#255=ORIENTED_EDGE('',*,*,#1087,.F.);
#256=ORIENTED_EDGE('',*,*,#1088,.F.);
#257=ORIENTED_EDGE('',*,*,#1072,.T.);
#258=ORIENTED_EDGE('',*,*,#1089,.T.);
#259=ORIENTED_EDGE('',*,*,#1022,.F.);
#260=ORIENTED_EDGE('',*,*,#1090,.T.);
#261=ORIENTED_EDGE('',*,*,#905,.T.);
#262=ORIENTED_EDGE('',*,*,#1091,.F.);
#263=ORIENTED_EDGE('',*,*,#1018,.F.);
#264=ORIENTED_EDGE('',*,*,#1092,.T.);
#265=ORIENTED_EDGE('',*,*,#921,.F.);
#266=ORIENTED_EDGE('',*,*,#1093,.F.);
#267=ORIENTED_EDGE('',*,*,#1016,.F.);
#268=ORIENTED_EDGE('',*,*,#1094,.T.);
#269=ORIENTED_EDGE('',*,*,#917,.T.);
#270=ORIENTED_EDGE('',*,*,#1095,.F.);
#271=ORIENTED_EDGE('',*,*,#1096,.F.);
#272=ORIENTED_EDGE('',*,*,#1097,.T.);
#273=ORIENTED_EDGE('',*,*,#913,.T.);
#274=ORIENTED_EDGE('',*,*,#1098,.F.);
#275=ORIENTED_EDGE('',*,*,#1099,.F.);
#276=ORIENTED_EDGE('',*,*,#1100,.F.);
#277=ORIENTED_EDGE('',*,*,#1101,.F.);
#278=ORIENTED_EDGE('',*,*,#1102,.F.);
#279=ORIENTED_EDGE('',*,*,#1103,.F.);
#280=ORIENTED_EDGE('',*,*,#1099,.T.);
#281=ORIENTED_EDGE('',*,*,#1104,.F.);
#282=ORIENTED_EDGE('',*,*,#1105,.F.);
#283=ORIENTED_EDGE('',*,*,#1100,.T.);
#284=ORIENTED_EDGE('',*,*,#1106,.T.);
#285=ORIENTED_EDGE('',*,*,#1107,.F.);
#286=ORIENTED_EDGE('',*,*,#1108,.F.);
#287=ORIENTED_EDGE('',*,*,#1102,.T.);
#288=ORIENTED_EDGE('',*,*,#1109,.T.);
#289=ORIENTED_EDGE('',*,*,#1110,.F.);
#290=ORIENTED_EDGE('',*,*,#1111,.F.);
#291=ORIENTED_EDGE('',*,*,#1109,.F.);
#292=ORIENTED_EDGE('',*,*,#1101,.T.);
#293=ORIENTED_EDGE('',*,*,#1105,.T.);
#294=ORIENTED_EDGE('',*,*,#1112,.F.);
#295=ORIENTED_EDGE('',*,*,#1113,.T.);
#296=ORIENTED_EDGE('',*,*,#1114,.T.);
#297=ORIENTED_EDGE('',*,*,#1115,.F.);
#298=ORIENTED_EDGE('',*,*,#1104,.T.);
#299=ORIENTED_EDGE('',*,*,#1116,.T.);
#300=ORIENTED_EDGE('',*,*,#1117,.F.);
#301=ORIENTED_EDGE('',*,*,#1050,.F.);
#302=ORIENTED_EDGE('',*,*,#1078,.T.);
#303=ORIENTED_EDGE('',*,*,#1118,.F.);
#304=ORIENTED_EDGE('',*,*,#1119,.T.);
#305=ORIENTED_EDGE('',*,*,#1120,.T.);
#306=ORIENTED_EDGE('',*,*,#1117,.T.);
#307=ORIENTED_EDGE('',*,*,#1121,.T.);
#308=ORIENTED_EDGE('',*,*,#1122,.F.);
#309=ORIENTED_EDGE('',*,*,#1123,.F.);
#310=ORIENTED_EDGE('',*,*,#1124,.F.);
#311=ORIENTED_EDGE('',*,*,#1125,.T.);
#312=ORIENTED_EDGE('',*,*,#1059,.T.);
#313=ORIENTED_EDGE('',*,*,#1126,.T.);
#314=ORIENTED_EDGE('',*,*,#1127,.T.);
#315=ORIENTED_EDGE('',*,*,#1030,.F.);
#316=ORIENTED_EDGE('',*,*,#1128,.T.);
#317=ORIENTED_EDGE('',*,*,#1129,.T.);
#318=ORIENTED_EDGE('',*,*,#1130,.F.);
#319=ORIENTED_EDGE('',*,*,#928,.T.);
#320=ORIENTED_EDGE('',*,*,#1131,.T.);
#321=ORIENTED_EDGE('',*,*,#1121,.F.);
#322=ORIENTED_EDGE('',*,*,#1116,.F.);
#323=ORIENTED_EDGE('',*,*,#1077,.F.);
#324=ORIENTED_EDGE('',*,*,#1132,.F.);
#325=ORIENTED_EDGE('',*,*,#1106,.F.);
#326=ORIENTED_EDGE('',*,*,#1103,.T.);
#327=ORIENTED_EDGE('',*,*,#1108,.T.);
#328=ORIENTED_EDGE('',*,*,#1133,.F.);
#329=ORIENTED_EDGE('',*,*,#1134,.T.);
#330=ORIENTED_EDGE('',*,*,#1135,.T.);
#331=ORIENTED_EDGE('',*,*,#1136,.F.);
#332=ORIENTED_EDGE('',*,*,#1137,.F.);
#333=ORIENTED_EDGE('',*,*,#1138,.F.);
#334=ORIENTED_EDGE('',*,*,#1085,.F.);
#335=ORIENTED_EDGE('',*,*,#1139,.F.);
#336=ORIENTED_EDGE('',*,*,#991,.T.);
#337=ORIENTED_EDGE('',*,*,#1089,.F.);
#338=ORIENTED_EDGE('',*,*,#1074,.F.);
#339=ORIENTED_EDGE('',*,*,#1038,.T.);
#340=ORIENTED_EDGE('',*,*,#1023,.T.);
#341=ORIENTED_EDGE('',*,*,#1140,.T.);
#342=ORIENTED_EDGE('',*,*,#1141,.T.);
#343=ORIENTED_EDGE('',*,*,#1118,.T.);
#344=ORIENTED_EDGE('',*,*,#1058,.F.);
#345=ORIENTED_EDGE('',*,*,#1142,.F.);
#346=ORIENTED_EDGE('',*,*,#1057,.T.);
#347=ORIENTED_EDGE('',*,*,#1143,.F.);
#348=ORIENTED_EDGE('',*,*,#1144,.F.);
#349=ORIENTED_EDGE('',*,*,#1142,.T.);
#350=ORIENTED_EDGE('',*,*,#1056,.T.);
#351=ORIENTED_EDGE('',*,*,#1145,.F.);
#352=ORIENTED_EDGE('',*,*,#1146,.F.);
#353=ORIENTED_EDGE('',*,*,#1143,.T.);
#354=ORIENTED_EDGE('',*,*,#1055,.F.);
#355=ORIENTED_EDGE('',*,*,#1147,.F.);
#356=ORIENTED_EDGE('',*,*,#1148,.T.);
#357=ORIENTED_EDGE('',*,*,#1145,.T.);
#358=ORIENTED_EDGE('',*,*,#1054,.T.);
#359=ORIENTED_EDGE('',*,*,#1149,.F.);
#360=ORIENTED_EDGE('',*,*,#1150,.F.);
#361=ORIENTED_EDGE('',*,*,#1147,.T.);
#362=ORIENTED_EDGE('',*,*,#1053,.F.);
#363=ORIENTED_EDGE('',*,*,#1151,.F.);
#364=ORIENTED_EDGE('',*,*,#1152,.T.);
#365=ORIENTED_EDGE('',*,*,#1149,.T.);
#366=ORIENTED_EDGE('',*,*,#1052,.F.);
#367=ORIENTED_EDGE('',*,*,#1153,.F.);
#368=ORIENTED_EDGE('',*,*,#1154,.T.);
#369=ORIENTED_EDGE('',*,*,#1151,.T.);
#370=ORIENTED_EDGE('',*,*,#1120,.F.);
#371=ORIENTED_EDGE('',*,*,#1155,.T.);
#372=ORIENTED_EDGE('',*,*,#1156,.F.);
#373=ORIENTED_EDGE('',*,*,#1153,.T.);
#374=ORIENTED_EDGE('',*,*,#1051,.T.);
#375=ORIENTED_EDGE('',*,*,#1156,.T.);
#376=ORIENTED_EDGE('',*,*,#1157,.T.);
#377=ORIENTED_EDGE('',*,*,#1140,.F.);
#378=ORIENTED_EDGE('',*,*,#1144,.T.);
#379=ORIENTED_EDGE('',*,*,#1146,.T.);
#380=ORIENTED_EDGE('',*,*,#1148,.F.);
#381=ORIENTED_EDGE('',*,*,#1150,.T.);
#382=ORIENTED_EDGE('',*,*,#1152,.F.);
#383=ORIENTED_EDGE('',*,*,#1154,.F.);
#384=ORIENTED_EDGE('',*,*,#1081,.F.);
#385=ORIENTED_EDGE('',*,*,#1158,.T.);
#386=ORIENTED_EDGE('',*,*,#1159,.T.);
#387=ORIENTED_EDGE('',*,*,#1160,.T.);
#388=ORIENTED_EDGE('',*,*,#1042,.F.);
#389=ORIENTED_EDGE('',*,*,#1161,.T.);
#390=ORIENTED_EDGE('',*,*,#1162,.T.);
#391=ORIENTED_EDGE('',*,*,#1079,.T.);
#392=ORIENTED_EDGE('',*,*,#1049,.F.);
#393=ORIENTED_EDGE('',*,*,#1163,.F.);
#394=ORIENTED_EDGE('',*,*,#1048,.F.);
#395=ORIENTED_EDGE('',*,*,#1164,.F.);
#396=ORIENTED_EDGE('',*,*,#1165,.T.);
#397=ORIENTED_EDGE('',*,*,#1163,.T.);
#398=ORIENTED_EDGE('',*,*,#1047,.T.);
#399=ORIENTED_EDGE('',*,*,#1166,.F.);
#400=ORIENTED_EDGE('',*,*,#1167,.F.);
#401=ORIENTED_EDGE('',*,*,#1164,.T.);
#402=ORIENTED_EDGE('',*,*,#1046,.T.);
#403=ORIENTED_EDGE('',*,*,#1168,.F.);
#404=ORIENTED_EDGE('',*,*,#1169,.F.);
#405=ORIENTED_EDGE('',*,*,#1166,.T.);
#406=ORIENTED_EDGE('',*,*,#1045,.F.);
#407=ORIENTED_EDGE('',*,*,#1170,.F.);
#408=ORIENTED_EDGE('',*,*,#1171,.T.);
#409=ORIENTED_EDGE('',*,*,#1168,.T.);
#410=ORIENTED_EDGE('',*,*,#1044,.T.);
#411=ORIENTED_EDGE('',*,*,#1172,.F.);
#412=ORIENTED_EDGE('',*,*,#1173,.F.);
#413=ORIENTED_EDGE('',*,*,#1170,.T.);
#414=ORIENTED_EDGE('',*,*,#1043,.T.);
#415=ORIENTED_EDGE('',*,*,#1160,.F.);
#416=ORIENTED_EDGE('',*,*,#1174,.F.);
#417=ORIENTED_EDGE('',*,*,#1172,.T.);
#418=ORIENTED_EDGE('',*,*,#1159,.F.);
#419=ORIENTED_EDGE('',*,*,#1175,.T.);
#420=ORIENTED_EDGE('',*,*,#1161,.F.);
#421=ORIENTED_EDGE('',*,*,#1165,.F.);
#422=ORIENTED_EDGE('',*,*,#1167,.T.);
#423=ORIENTED_EDGE('',*,*,#1169,.T.);
#424=ORIENTED_EDGE('',*,*,#1171,.F.);
#425=ORIENTED_EDGE('',*,*,#1173,.T.);
#426=ORIENTED_EDGE('',*,*,#1174,.T.);
#427=ORIENTED_EDGE('',*,*,#1141,.F.);
#428=ORIENTED_EDGE('',*,*,#1157,.F.);
#429=ORIENTED_EDGE('',*,*,#1155,.F.);
#430=ORIENTED_EDGE('',*,*,#1119,.F.);
#431=ORIENTED_EDGE('',*,*,#1158,.F.);
#432=ORIENTED_EDGE('',*,*,#1080,.F.);
#433=ORIENTED_EDGE('',*,*,#1162,.F.);
#434=ORIENTED_EDGE('',*,*,#1175,.F.);
#435=ORIENTED_EDGE('',*,*,#1107,.T.);
#436=ORIENTED_EDGE('',*,*,#1137,.T.);
#437=ORIENTED_EDGE('',*,*,#1176,.T.);
#438=ORIENTED_EDGE('',*,*,#1112,.T.);
#439=ORIENTED_EDGE('',*,*,#1136,.T.);
#440=ORIENTED_EDGE('',*,*,#1177,.T.);
#441=ORIENTED_EDGE('',*,*,#1113,.F.);
#442=ORIENTED_EDGE('',*,*,#1176,.F.);
#443=ORIENTED_EDGE('',*,*,#1128,.F.);
#444=ORIENTED_EDGE('',*,*,#1029,.F.);
#445=ORIENTED_EDGE('',*,*,#980,.T.);
#446=ORIENTED_EDGE('',*,*,#1178,.T.);
#447=ORIENTED_EDGE('',*,*,#1179,.T.);
#448=ORIENTED_EDGE('',*,*,#971,.F.);
#449=ORIENTED_EDGE('',*,*,#1180,.F.);
#450=ORIENTED_EDGE('',*,*,#1181,.T.);
#451=ORIENTED_EDGE('',*,*,#1182,.T.);
#452=ORIENTED_EDGE('',*,*,#1183,.T.);
#453=ORIENTED_EDGE('',*,*,#1129,.F.);
#454=ORIENTED_EDGE('',*,*,#1178,.F.);
#455=ORIENTED_EDGE('',*,*,#1184,.F.);
#456=ORIENTED_EDGE('',*,*,#1185,.F.);
#457=ORIENTED_EDGE('',*,*,#1084,.T.);
#458=ORIENTED_EDGE('',*,*,#1011,.F.);
#459=ORIENTED_EDGE('',*,*,#992,.F.);
#460=ORIENTED_EDGE('',*,*,#1139,.T.);
#461=ORIENTED_EDGE('',*,*,#1186,.F.);
#462=ORIENTED_EDGE('',*,*,#1187,.T.);
#463=ORIENTED_EDGE('',*,*,#972,.T.);
#464=ORIENTED_EDGE('',*,*,#1179,.F.);
#465=ORIENTED_EDGE('',*,*,#1188,.F.);
#466=ORIENTED_EDGE('',*,*,#973,.F.);
#467=ORIENTED_EDGE('',*,*,#1187,.F.);
#468=ORIENTED_EDGE('',*,*,#1189,.T.);
#469=ORIENTED_EDGE('',*,*,#1190,.T.);
#470=ORIENTED_EDGE('',*,*,#974,.F.);
#471=ORIENTED_EDGE('',*,*,#1190,.F.);
#472=ORIENTED_EDGE('',*,*,#1191,.T.);
#473=ORIENTED_EDGE('',*,*,#1192,.T.);
#474=ORIENTED_EDGE('',*,*,#975,.T.);
#475=ORIENTED_EDGE('',*,*,#1192,.F.);
#476=ORIENTED_EDGE('',*,*,#1193,.F.);
#477=ORIENTED_EDGE('',*,*,#1194,.T.);
#478=ORIENTED_EDGE('',*,*,#976,.F.);
#479=ORIENTED_EDGE('',*,*,#1194,.F.);
#480=ORIENTED_EDGE('',*,*,#1195,.T.);
#481=ORIENTED_EDGE('',*,*,#1196,.T.);
#482=ORIENTED_EDGE('',*,*,#977,.T.);
#483=ORIENTED_EDGE('',*,*,#1196,.F.);
#484=ORIENTED_EDGE('',*,*,#1197,.F.);
#485=ORIENTED_EDGE('',*,*,#1198,.T.);
#486=ORIENTED_EDGE('',*,*,#978,.T.);
#487=ORIENTED_EDGE('',*,*,#1198,.F.);
#488=ORIENTED_EDGE('',*,*,#1199,.F.);
#489=ORIENTED_EDGE('',*,*,#1200,.T.);
#490=ORIENTED_EDGE('',*,*,#1184,.T.);
#491=ORIENTED_EDGE('',*,*,#979,.F.);
#492=ORIENTED_EDGE('',*,*,#1200,.F.);
#493=ORIENTED_EDGE('',*,*,#1201,.T.);
#494=ORIENTED_EDGE('',*,*,#1202,.F.);
#495=ORIENTED_EDGE('',*,*,#1201,.F.);
#496=ORIENTED_EDGE('',*,*,#1199,.T.);
#497=ORIENTED_EDGE('',*,*,#1197,.T.);
#498=ORIENTED_EDGE('',*,*,#1195,.F.);
#499=ORIENTED_EDGE('',*,*,#1193,.T.);
#500=ORIENTED_EDGE('',*,*,#1191,.F.);
#501=ORIENTED_EDGE('',*,*,#1189,.F.);
#502=ORIENTED_EDGE('',*,*,#1186,.T.);
#503=ORIENTED_EDGE('',*,*,#1203,.F.);
#504=ORIENTED_EDGE('',*,*,#1026,.T.);
#505=ORIENTED_EDGE('',*,*,#988,.T.);
#506=ORIENTED_EDGE('',*,*,#1204,.F.);
#507=ORIENTED_EDGE('',*,*,#1205,.F.);
#508=ORIENTED_EDGE('',*,*,#1206,.F.);
#509=ORIENTED_EDGE('',*,*,#1207,.F.);
#510=ORIENTED_EDGE('',*,*,#1208,.T.);
#511=ORIENTED_EDGE('',*,*,#981,.T.);
#512=ORIENTED_EDGE('',*,*,#1028,.F.);
#513=ORIENTED_EDGE('',*,*,#1209,.F.);
#514=ORIENTED_EDGE('',*,*,#982,.T.);
#515=ORIENTED_EDGE('',*,*,#1208,.F.);
#516=ORIENTED_EDGE('',*,*,#1210,.F.);
#517=ORIENTED_EDGE('',*,*,#1211,.T.);
#518=ORIENTED_EDGE('',*,*,#983,.F.);
#519=ORIENTED_EDGE('',*,*,#1211,.F.);
#520=ORIENTED_EDGE('',*,*,#1212,.T.);
#521=ORIENTED_EDGE('',*,*,#1213,.T.);
#522=ORIENTED_EDGE('',*,*,#984,.F.);
#523=ORIENTED_EDGE('',*,*,#1213,.F.);
#524=ORIENTED_EDGE('',*,*,#1214,.T.);
#525=ORIENTED_EDGE('',*,*,#1215,.T.);
#526=ORIENTED_EDGE('',*,*,#985,.T.);
#527=ORIENTED_EDGE('',*,*,#1215,.F.);
#528=ORIENTED_EDGE('',*,*,#1216,.F.);
#529=ORIENTED_EDGE('',*,*,#1217,.T.);
#530=ORIENTED_EDGE('',*,*,#986,.F.);
#531=ORIENTED_EDGE('',*,*,#1217,.F.);
#532=ORIENTED_EDGE('',*,*,#1218,.T.);
#533=ORIENTED_EDGE('',*,*,#1219,.T.);
#534=ORIENTED_EDGE('',*,*,#987,.F.);
#535=ORIENTED_EDGE('',*,*,#1219,.F.);
#536=ORIENTED_EDGE('',*,*,#1220,.T.);
#537=ORIENTED_EDGE('',*,*,#1204,.T.);
#538=ORIENTED_EDGE('',*,*,#1205,.T.);
#539=ORIENTED_EDGE('',*,*,#1220,.F.);
#540=ORIENTED_EDGE('',*,*,#1218,.F.);
#541=ORIENTED_EDGE('',*,*,#1216,.T.);
#542=ORIENTED_EDGE('',*,*,#1214,.F.);
#543=ORIENTED_EDGE('',*,*,#1212,.F.);
#544=ORIENTED_EDGE('',*,*,#1210,.T.);
#545=ORIENTED_EDGE('',*,*,#1207,.T.);
#546=ORIENTED_EDGE('',*,*,#1221,.F.);
#547=ORIENTED_EDGE('',*,*,#1188,.T.);
#548=ORIENTED_EDGE('',*,*,#1185,.T.);
#549=ORIENTED_EDGE('',*,*,#1202,.T.);
#550=ORIENTED_EDGE('',*,*,#1203,.T.);
#551=ORIENTED_EDGE('',*,*,#1206,.T.);
#552=ORIENTED_EDGE('',*,*,#1221,.T.);
#553=ORIENTED_EDGE('',*,*,#1209,.T.);
#554=ORIENTED_EDGE('',*,*,#1027,.T.);
#555=ORIENTED_EDGE('',*,*,#1222,.T.);
#556=ORIENTED_EDGE('',*,*,#1133,.T.);
#557=ORIENTED_EDGE('',*,*,#1110,.T.);
#558=ORIENTED_EDGE('',*,*,#1111,.T.);
#559=ORIENTED_EDGE('',*,*,#1115,.T.);
#560=ORIENTED_EDGE('',*,*,#1223,.T.);
#561=ORIENTED_EDGE('',*,*,#1134,.F.);
#562=ORIENTED_EDGE('',*,*,#1222,.F.);
#563=ORIENTED_EDGE('',*,*,#1131,.F.);
#564=ORIENTED_EDGE('',*,*,#927,.F.);
#565=ORIENTED_EDGE('',*,*,#1068,.T.);
#566=ORIENTED_EDGE('',*,*,#1122,.T.);
#567=ORIENTED_EDGE('',*,*,#1224,.F.);
#568=ORIENTED_EDGE('',*,*,#1096,.T.);
#569=ORIENTED_EDGE('',*,*,#1225,.F.);
#570=ORIENTED_EDGE('',*,*,#999,.F.);
#571=ORIENTED_EDGE('',*,*,#1226,.F.);
#572=ORIENTED_EDGE('',*,*,#1227,.T.);
#573=ORIENTED_EDGE('',*,*,#1060,.T.);
#574=ORIENTED_EDGE('',*,*,#1125,.F.);
#575=ORIENTED_EDGE('',*,*,#1228,.F.);
#576=ORIENTED_EDGE('',*,*,#1061,.F.);
#577=ORIENTED_EDGE('',*,*,#1227,.F.);
#578=ORIENTED_EDGE('',*,*,#1229,.T.);
#579=ORIENTED_EDGE('',*,*,#1230,.T.);
#580=ORIENTED_EDGE('',*,*,#1062,.F.);
#581=ORIENTED_EDGE('',*,*,#1230,.F.);
#582=ORIENTED_EDGE('',*,*,#1231,.T.);
#583=ORIENTED_EDGE('',*,*,#1232,.T.);
#584=ORIENTED_EDGE('',*,*,#1063,.T.);
#585=ORIENTED_EDGE('',*,*,#1232,.F.);
#586=ORIENTED_EDGE('',*,*,#1233,.F.);
#587=ORIENTED_EDGE('',*,*,#1234,.T.);
#588=ORIENTED_EDGE('',*,*,#1064,.F.);
#589=ORIENTED_EDGE('',*,*,#1234,.F.);
#590=ORIENTED_EDGE('',*,*,#1235,.T.);
#591=ORIENTED_EDGE('',*,*,#1236,.T.);
#592=ORIENTED_EDGE('',*,*,#1065,.T.);
#593=ORIENTED_EDGE('',*,*,#1236,.F.);
#594=ORIENTED_EDGE('',*,*,#1237,.F.);
#595=ORIENTED_EDGE('',*,*,#1238,.T.);
#596=ORIENTED_EDGE('',*,*,#1066,.T.);
#597=ORIENTED_EDGE('',*,*,#1238,.F.);
#598=ORIENTED_EDGE('',*,*,#1239,.F.);
#599=ORIENTED_EDGE('',*,*,#1240,.T.);
#600=ORIENTED_EDGE('',*,*,#1123,.T.);
#601=ORIENTED_EDGE('',*,*,#1067,.F.);
#602=ORIENTED_EDGE('',*,*,#1240,.F.);
#603=ORIENTED_EDGE('',*,*,#1241,.T.);
#604=ORIENTED_EDGE('',*,*,#1242,.F.);
#605=ORIENTED_EDGE('',*,*,#1241,.F.);
#606=ORIENTED_EDGE('',*,*,#1239,.T.);
#607=ORIENTED_EDGE('',*,*,#1237,.T.);
#608=ORIENTED_EDGE('',*,*,#1235,.F.);
#609=ORIENTED_EDGE('',*,*,#1233,.T.);
#610=ORIENTED_EDGE('',*,*,#1231,.F.);
#611=ORIENTED_EDGE('',*,*,#1229,.F.);
#612=ORIENTED_EDGE('',*,*,#1226,.T.);
#613=ORIENTED_EDGE('',*,*,#1243,.F.);
#614=ORIENTED_EDGE('',*,*,#924,.T.);
#615=ORIENTED_EDGE('',*,*,#1244,.T.);
#616=ORIENTED_EDGE('',*,*,#1245,.F.);
#617=ORIENTED_EDGE('',*,*,#1246,.F.);
#618=ORIENTED_EDGE('',*,*,#1247,.F.);
#619=ORIENTED_EDGE('',*,*,#1248,.F.);
#620=ORIENTED_EDGE('',*,*,#1249,.T.);
#621=ORIENTED_EDGE('',*,*,#1069,.T.);
#622=ORIENTED_EDGE('',*,*,#926,.F.);
#623=ORIENTED_EDGE('',*,*,#1250,.F.);
#624=ORIENTED_EDGE('',*,*,#1070,.T.);
#625=ORIENTED_EDGE('',*,*,#1249,.F.);
#626=ORIENTED_EDGE('',*,*,#1251,.F.);
#627=ORIENTED_EDGE('',*,*,#939,.T.);
#628=ORIENTED_EDGE('',*,*,#1003,.F.);
#629=ORIENTED_EDGE('',*,*,#941,.F.);
#630=ORIENTED_EDGE('',*,*,#1252,.T.);
#631=ORIENTED_EDGE('',*,*,#1253,.T.);
#632=ORIENTED_EDGE('',*,*,#1254,.T.);
#633=ORIENTED_EDGE('',*,*,#1004,.T.);
#634=ORIENTED_EDGE('',*,*,#1253,.F.);
#635=ORIENTED_EDGE('',*,*,#1255,.F.);
#636=ORIENTED_EDGE('',*,*,#1256,.T.);
#637=ORIENTED_EDGE('',*,*,#1257,.F.);
#638=ORIENTED_EDGE('',*,*,#1256,.F.);
#639=ORIENTED_EDGE('',*,*,#1258,.T.);
#640=ORIENTED_EDGE('',*,*,#1259,.T.);
#641=ORIENTED_EDGE('',*,*,#1260,.F.);
#642=ORIENTED_EDGE('',*,*,#1259,.F.);
#643=ORIENTED_EDGE('',*,*,#1261,.T.);
#644=ORIENTED_EDGE('',*,*,#1245,.T.);
#645=ORIENTED_EDGE('',*,*,#1246,.T.);
#646=ORIENTED_EDGE('',*,*,#1261,.F.);
#647=ORIENTED_EDGE('',*,*,#1258,.F.);
#648=ORIENTED_EDGE('',*,*,#1255,.T.);
#649=ORIENTED_EDGE('',*,*,#1252,.F.);
#650=ORIENTED_EDGE('',*,*,#940,.F.);
#651=ORIENTED_EDGE('',*,*,#1251,.T.);
#652=ORIENTED_EDGE('',*,*,#1248,.T.);
#653=ORIENTED_EDGE('',*,*,#1262,.F.);
#654=ORIENTED_EDGE('',*,*,#1228,.T.);
#655=ORIENTED_EDGE('',*,*,#1124,.T.);
#656=ORIENTED_EDGE('',*,*,#1242,.T.);
#657=ORIENTED_EDGE('',*,*,#1243,.T.);
#658=ORIENTED_EDGE('',*,*,#1247,.T.);
#659=ORIENTED_EDGE('',*,*,#1262,.T.);
#660=ORIENTED_EDGE('',*,*,#1250,.T.);
#661=ORIENTED_EDGE('',*,*,#925,.T.);
#662=ORIENTED_EDGE('',*,*,#1223,.F.);
#663=ORIENTED_EDGE('',*,*,#1114,.F.);
#664=ORIENTED_EDGE('',*,*,#1177,.F.);
#665=ORIENTED_EDGE('',*,*,#1135,.F.);
#666=ORIENTED_EDGE('',*,*,#1130,.T.);
#667=ORIENTED_EDGE('',*,*,#1183,.F.);
#668=ORIENTED_EDGE('',*,*,#962,.F.);
#669=ORIENTED_EDGE('',*,*,#929,.T.);
#670=ORIENTED_EDGE('',*,*,#1263,.T.);
#671=ORIENTED_EDGE('',*,*,#1264,.T.);
#672=ORIENTED_EDGE('',*,*,#1180,.T.);
#673=ORIENTED_EDGE('',*,*,#970,.F.);
#674=ORIENTED_EDGE('',*,*,#1265,.F.);
#675=ORIENTED_EDGE('',*,*,#969,.T.);
#676=ORIENTED_EDGE('',*,*,#1266,.F.);
#677=ORIENTED_EDGE('',*,*,#1267,.F.);
#678=ORIENTED_EDGE('',*,*,#1265,.T.);
#679=ORIENTED_EDGE('',*,*,#968,.T.);
#680=ORIENTED_EDGE('',*,*,#1268,.F.);
#681=ORIENTED_EDGE('',*,*,#1269,.F.);
#682=ORIENTED_EDGE('',*,*,#1266,.T.);
#683=ORIENTED_EDGE('',*,*,#967,.F.);
#684=ORIENTED_EDGE('',*,*,#1270,.F.);
#685=ORIENTED_EDGE('',*,*,#1271,.T.);
#686=ORIENTED_EDGE('',*,*,#1268,.T.);
#687=ORIENTED_EDGE('',*,*,#966,.T.);
#688=ORIENTED_EDGE('',*,*,#1272,.F.);
#689=ORIENTED_EDGE('',*,*,#1273,.F.);
#690=ORIENTED_EDGE('',*,*,#1270,.T.);
#691=ORIENTED_EDGE('',*,*,#965,.F.);
#692=ORIENTED_EDGE('',*,*,#1274,.F.);
#693=ORIENTED_EDGE('',*,*,#1275,.T.);
#694=ORIENTED_EDGE('',*,*,#1272,.T.);
#695=ORIENTED_EDGE('',*,*,#964,.F.);
#696=ORIENTED_EDGE('',*,*,#1276,.F.);
#697=ORIENTED_EDGE('',*,*,#1277,.T.);
#698=ORIENTED_EDGE('',*,*,#1274,.T.);
#699=ORIENTED_EDGE('',*,*,#1182,.F.);
#700=ORIENTED_EDGE('',*,*,#1278,.T.);
#701=ORIENTED_EDGE('',*,*,#1279,.F.);
#702=ORIENTED_EDGE('',*,*,#1276,.T.);
#703=ORIENTED_EDGE('',*,*,#963,.T.);
#704=ORIENTED_EDGE('',*,*,#1279,.T.);
#705=ORIENTED_EDGE('',*,*,#1280,.T.);
#706=ORIENTED_EDGE('',*,*,#1263,.F.);
#707=ORIENTED_EDGE('',*,*,#1267,.T.);
#708=ORIENTED_EDGE('',*,*,#1269,.T.);
#709=ORIENTED_EDGE('',*,*,#1271,.F.);
#710=ORIENTED_EDGE('',*,*,#1273,.T.);
#711=ORIENTED_EDGE('',*,*,#1275,.F.);
#712=ORIENTED_EDGE('',*,*,#1277,.F.);
#713=ORIENTED_EDGE('',*,*,#932,.F.);
#714=ORIENTED_EDGE('',*,*,#1281,.T.);
#715=ORIENTED_EDGE('',*,*,#1282,.T.);
#716=ORIENTED_EDGE('',*,*,#1283,.T.);
#717=ORIENTED_EDGE('',*,*,#1284,.F.);
#718=ORIENTED_EDGE('',*,*,#1285,.T.);
#719=ORIENTED_EDGE('',*,*,#1286,.T.);
#720=ORIENTED_EDGE('',*,*,#930,.T.);
#721=ORIENTED_EDGE('',*,*,#961,.F.);
#722=ORIENTED_EDGE('',*,*,#1287,.F.);
#723=ORIENTED_EDGE('',*,*,#960,.F.);
#724=ORIENTED_EDGE('',*,*,#955,.F.);
#725=ORIENTED_EDGE('',*,*,#1288,.T.);
#726=ORIENTED_EDGE('',*,*,#1287,.T.);
#727=ORIENTED_EDGE('',*,*,#997,.T.);
#728=ORIENTED_EDGE('',*,*,#1289,.F.);
#729=ORIENTED_EDGE('',*,*,#1290,.F.);
#730=ORIENTED_EDGE('',*,*,#953,.T.);
#731=ORIENTED_EDGE('',*,*,#1291,.F.);
#732=ORIENTED_EDGE('',*,*,#1292,.F.);
#733=ORIENTED_EDGE('',*,*,#1293,.T.);
#734=ORIENTED_EDGE('',*,*,#1289,.T.);
#735=ORIENTED_EDGE('',*,*,#996,.F.);
#736=ORIENTED_EDGE('',*,*,#1294,.T.);
#737=ORIENTED_EDGE('',*,*,#1295,.F.);
#738=ORIENTED_EDGE('',*,*,#1296,.F.);
#739=ORIENTED_EDGE('',*,*,#1292,.T.);
#740=ORIENTED_EDGE('',*,*,#1297,.T.);
#741=ORIENTED_EDGE('',*,*,#1283,.F.);
#742=ORIENTED_EDGE('',*,*,#1298,.F.);
#743=ORIENTED_EDGE('',*,*,#1295,.T.);
#744=ORIENTED_EDGE('',*,*,#1282,.F.);
#745=ORIENTED_EDGE('',*,*,#1299,.T.);
#746=ORIENTED_EDGE('',*,*,#1285,.F.);
#747=ORIENTED_EDGE('',*,*,#1288,.F.);
#748=ORIENTED_EDGE('',*,*,#954,.T.);
#749=ORIENTED_EDGE('',*,*,#1290,.T.);
#750=ORIENTED_EDGE('',*,*,#1293,.F.);
#751=ORIENTED_EDGE('',*,*,#1296,.T.);
#752=ORIENTED_EDGE('',*,*,#1298,.T.);
#753=ORIENTED_EDGE('',*,*,#1264,.F.);
#754=ORIENTED_EDGE('',*,*,#1280,.F.);
#755=ORIENTED_EDGE('',*,*,#1278,.F.);
#756=ORIENTED_EDGE('',*,*,#1181,.F.);
#757=ORIENTED_EDGE('',*,*,#1281,.F.);
#758=ORIENTED_EDGE('',*,*,#931,.F.);
#759=ORIENTED_EDGE('',*,*,#1286,.F.);
#760=ORIENTED_EDGE('',*,*,#1299,.F.);
#761=ORIENTED_EDGE('',*,*,#1300,.F.);
#762=ORIENTED_EDGE('',*,*,#1301,.T.);
#763=ORIENTED_EDGE('',*,*,#1032,.T.);
#764=ORIENTED_EDGE('',*,*,#1302,.F.);
#765=ORIENTED_EDGE('',*,*,#1031,.T.);
#766=ORIENTED_EDGE('',*,*,#1127,.F.);
#767=ORIENTED_EDGE('',*,*,#1303,.F.);
#768=ORIENTED_EDGE('',*,*,#1302,.T.);
#769=ORIENTED_EDGE('',*,*,#1076,.F.);
#770=ORIENTED_EDGE('',*,*,#1035,.F.);
#771=ORIENTED_EDGE('',*,*,#1304,.T.);
#772=ORIENTED_EDGE('',*,*,#1132,.T.);
#773=ORIENTED_EDGE('',*,*,#1034,.T.);
#774=ORIENTED_EDGE('',*,*,#1087,.T.);
#775=ORIENTED_EDGE('',*,*,#1300,.T.);
#776=ORIENTED_EDGE('',*,*,#1303,.T.);
#777=ORIENTED_EDGE('',*,*,#1126,.F.);
#778=ORIENTED_EDGE('',*,*,#1304,.F.);
#779=ORIENTED_EDGE('',*,*,#1088,.T.);
#780=ORIENTED_EDGE('',*,*,#1033,.T.);
#781=ORIENTED_EDGE('',*,*,#1075,.F.);
#782=ORIENTED_EDGE('',*,*,#1040,.F.);
#783=ORIENTED_EDGE('',*,*,#1073,.F.);
#784=ORIENTED_EDGE('',*,*,#1138,.T.);
#785=ORIENTED_EDGE('',*,*,#990,.T.);
#786=ORIENTED_EDGE('',*,*,#1025,.T.);
#787=ORIENTED_EDGE('',*,*,#1301,.F.);
#788=ORIENTED_EDGE('',*,*,#1086,.F.);
#789=ORIENTED_EDGE('',*,*,#1284,.T.);
#790=ORIENTED_EDGE('',*,*,#1297,.F.);
#791=ORIENTED_EDGE('',*,*,#1294,.F.);
#792=ORIENTED_EDGE('',*,*,#1291,.T.);
#793=ORIENTED_EDGE('',*,*,#1305,.T.);
#794=ORIENTED_EDGE('',*,*,#911,.T.);
#795=ORIENTED_EDGE('',*,*,#1224,.T.);
#796=ORIENTED_EDGE('',*,*,#998,.T.);
#797=ORIENTED_EDGE('',*,*,#914,.T.);
#798=ORIENTED_EDGE('',*,*,#1097,.F.);
#799=ORIENTED_EDGE('',*,*,#1098,.T.);
#800=ORIENTED_EDGE('',*,*,#912,.F.);
#801=ORIENTED_EDGE('',*,*,#1305,.F.);
#802=ORIENTED_EDGE('',*,*,#995,.F.);
#803=ORIENTED_EDGE('',*,*,#1014,.F.);
#804=ORIENTED_EDGE('',*,*,#1257,.T.);
#805=ORIENTED_EDGE('',*,*,#1260,.T.);
#806=ORIENTED_EDGE('',*,*,#1244,.F.);
#807=ORIENTED_EDGE('',*,*,#923,.T.);
#808=ORIENTED_EDGE('',*,*,#1306,.F.);
#809=ORIENTED_EDGE('',*,*,#1254,.F.);
#810=ORIENTED_EDGE('',*,*,#1017,.T.);
#811=ORIENTED_EDGE('',*,*,#1093,.T.);
#812=ORIENTED_EDGE('',*,*,#920,.T.);
#813=ORIENTED_EDGE('',*,*,#1008,.F.);
#814=ORIENTED_EDGE('',*,*,#1005,.T.);
#815=ORIENTED_EDGE('',*,*,#1306,.T.);
#816=ORIENTED_EDGE('',*,*,#922,.F.);
#817=ORIENTED_EDGE('',*,*,#1092,.F.);
#818=ORIENTED_EDGE('',*,*,#1020,.F.);
#819=ORIENTED_EDGE('',*,*,#943,.T.);
#820=ORIENTED_EDGE('',*,*,#1307,.T.);
#821=ORIENTED_EDGE('',*,*,#903,.F.);
#822=ORIENTED_EDGE('',*,*,#1308,.F.);
#823=ORIENTED_EDGE('',*,*,#1021,.T.);
#824=ORIENTED_EDGE('',*,*,#1037,.T.);
#825=ORIENTED_EDGE('',*,*,#1308,.T.);
#826=ORIENTED_EDGE('',*,*,#906,.T.);
#827=ORIENTED_EDGE('',*,*,#1090,.F.);
#828=ORIENTED_EDGE('',*,*,#1091,.T.);
#829=ORIENTED_EDGE('',*,*,#904,.F.);
#830=ORIENTED_EDGE('',*,*,#1307,.F.);
#831=ORIENTED_EDGE('',*,*,#1002,.F.);
#832=ORIENTED_EDGE('',*,*,#1019,.F.);
#833=ORIENTED_EDGE('',*,*,#1006,.T.);
#834=ORIENTED_EDGE('',*,*,#918,.F.);
#835=ORIENTED_EDGE('',*,*,#1094,.F.);
#836=ORIENTED_EDGE('',*,*,#1015,.F.);
#837=ORIENTED_EDGE('',*,*,#1225,.T.);
#838=ORIENTED_EDGE('',*,*,#1095,.T.);
#839=ORIENTED_EDGE('',*,*,#916,.T.);
#840=ORIENTED_EDGE('',*,*,#1000,.F.);
#841=ORIENTED_EDGE('',*,*,#1309,.T.);
#842=ORIENTED_EDGE('',*,*,#910,.T.);
#843=ORIENTED_EDGE('',*,*,#1310,.F.);
#844=ORIENTED_EDGE('',*,*,#951,.F.);
#845=ORIENTED_EDGE('',*,*,#1083,.T.);
#846=ORIENTED_EDGE('',*,*,#907,.F.);
#847=ORIENTED_EDGE('',*,*,#1309,.F.);
#848=ORIENTED_EDGE('',*,*,#958,.F.);
#849=ORIENTED_EDGE('',*,*,#1010,.F.);
#850=ORIENTED_EDGE('',*,*,#1012,.T.);
#851=ORIENTED_EDGE('',*,*,#993,.T.);
#852=ORIENTED_EDGE('',*,*,#1310,.T.);
#853=ORIENTED_EDGE('',*,*,#909,.T.);
#854=ORIENTED_EDGE('',*,*,#1082,.F.);
#855=ORIENTED_EDGE('',*,*,#959,.T.);
#856=ORIENTED_EDGE('',*,*,#1311,.T.);
#857=ORIENTED_EDGE('',*,*,#1312,.T.);
#858=ORIENTED_EDGE('',*,*,#1313,.F.);
#859=ORIENTED_EDGE('',*,*,#899,.F.);
#860=ORIENTED_EDGE('',*,*,#1314,.F.);
#861=ORIENTED_EDGE('',*,*,#948,.T.);
#862=ORIENTED_EDGE('',*,*,#1315,.T.);
#863=ORIENTED_EDGE('',*,*,#902,.T.);
#864=ORIENTED_EDGE('',*,*,#1316,.F.);
#865=ORIENTED_EDGE('',*,*,#1311,.F.);
#866=ORIENTED_EDGE('',*,*,#949,.F.);
#867=ORIENTED_EDGE('',*,*,#1314,.T.);
#868=ORIENTED_EDGE('',*,*,#901,.T.);
#869=ORIENTED_EDGE('',*,*,#1317,.F.);
#870=ORIENTED_EDGE('',*,*,#1312,.F.);
#871=ORIENTED_EDGE('',*,*,#1316,.T.);
#872=ORIENTED_EDGE('',*,*,#900,.F.);
#873=ORIENTED_EDGE('',*,*,#1315,.F.);
#874=ORIENTED_EDGE('',*,*,#947,.T.);
#875=ORIENTED_EDGE('',*,*,#1313,.T.);
#876=ORIENTED_EDGE('',*,*,#1317,.T.);
#877=ORIENTED_EDGE('',*,*,#933,.F.);
#878=ORIENTED_EDGE('',*,*,#1318,.F.);
#879=ORIENTED_EDGE('',*,*,#1319,.T.);
#880=ORIENTED_EDGE('',*,*,#937,.T.);
#881=ORIENTED_EDGE('',*,*,#1320,.T.);
#882=ORIENTED_EDGE('',*,*,#936,.F.);
#883=ORIENTED_EDGE('',*,*,#1321,.F.);
#884=ORIENTED_EDGE('',*,*,#1322,.T.);
#885=ORIENTED_EDGE('',*,*,#1318,.T.);
#886=ORIENTED_EDGE('',*,*,#935,.F.);
#887=ORIENTED_EDGE('',*,*,#1323,.F.);
#888=ORIENTED_EDGE('',*,*,#945,.T.);
#889=ORIENTED_EDGE('',*,*,#1324,.T.);
#890=ORIENTED_EDGE('',*,*,#1321,.T.);
#891=ORIENTED_EDGE('',*,*,#934,.T.);
#892=ORIENTED_EDGE('',*,*,#1320,.F.);
#893=ORIENTED_EDGE('',*,*,#946,.F.);
#894=ORIENTED_EDGE('',*,*,#1323,.T.);
#895=ORIENTED_EDGE('',*,*,#1319,.F.);
#896=ORIENTED_EDGE('',*,*,#1322,.F.);
#897=ORIENTED_EDGE('',*,*,#1324,.F.);
#898=ORIENTED_EDGE('',*,*,#1071,.F.);
#899=EDGE_CURVE('',#1325,#1326,#1603,.T.);
#900=EDGE_CURVE('',#1326,#1327,#1604,.T.);
#901=EDGE_CURVE('',#1328,#1327,#1605,.T.);
#902=EDGE_CURVE('',#1325,#1328,#1606,.T.);
#903=EDGE_CURVE('',#1329,#1330,#1607,.T.);
#904=EDGE_CURVE('',#1330,#1331,#1608,.T.);
#905=EDGE_CURVE('',#1332,#1331,#1609,.T.);
#906=EDGE_CURVE('',#1329,#1332,#1610,.T.);
#907=EDGE_CURVE('',#1333,#1334,#1611,.T.);
#908=EDGE_CURVE('',#1334,#1335,#1612,.T.);
#909=EDGE_CURVE('',#1336,#1335,#1613,.T.);
#910=EDGE_CURVE('',#1333,#1336,#1614,.T.);
#911=EDGE_CURVE('',#1337,#1338,#1615,.T.);
#912=EDGE_CURVE('',#1337,#1339,#1616,.T.);
#913=EDGE_CURVE('',#1340,#1339,#1617,.T.);
#914=EDGE_CURVE('',#1341,#1340,#1618,.T.);
#915=EDGE_CURVE('',#1341,#1342,#1619,.T.);
#916=EDGE_CURVE('',#1343,#1342,#1620,.T.);
#917=EDGE_CURVE('',#1344,#1343,#1621,.T.);
#918=EDGE_CURVE('',#1344,#1345,#1622,.T.);
#919=EDGE_CURVE('',#1345,#1346,#1623,.T.);
#920=EDGE_CURVE('',#1347,#1346,#1624,.T.);
#921=EDGE_CURVE('',#1347,#1348,#1625,.T.);
#922=EDGE_CURVE('',#1348,#1349,#1626,.T.);
#923=EDGE_CURVE('',#1350,#1349,#1627,.T.);
#924=EDGE_CURVE('',#1351,#1350,#1628,.T.);
#925=EDGE_CURVE('',#1352,#1351,#1629,.T.);
#926=EDGE_CURVE('',#1352,#1353,#1630,.T.);
#927=EDGE_CURVE('',#1353,#1354,#1631,.T.);
#928=EDGE_CURVE('',#1355,#1354,#1632,.T.);
#929=EDGE_CURVE('',#1356,#1355,#1633,.T.);
#930=EDGE_CURVE('',#1357,#1356,#1634,.T.);
#931=EDGE_CURVE('',#1357,#1358,#1635,.T.);
#932=EDGE_CURVE('',#1358,#1338,#1636,.T.);
#933=EDGE_CURVE('',#1359,#1360,#1637,.T.);
#934=EDGE_CURVE('',#1361,#1360,#1638,.T.);
#935=EDGE_CURVE('',#1361,#1362,#1639,.T.);
#936=EDGE_CURVE('',#1362,#1359,#1640,.T.);
#937=EDGE_CURVE('',#1363,#1364,#1641,.T.);
#938=EDGE_CURVE('',#1365,#1363,#1642,.T.);
#939=EDGE_CURVE('',#1366,#1365,#1643,.T.);
#940=EDGE_CURVE('',#1366,#1367,#1644,.T.);
#941=EDGE_CURVE('',#1367,#1368,#1645,.T.);
#942=EDGE_CURVE('',#1369,#1368,#1646,.T.);
#943=EDGE_CURVE('',#1370,#1369,#1647,.T.);
#944=EDGE_CURVE('',#1371,#1370,#1648,.T.);
#945=EDGE_CURVE('',#1372,#1371,#1649,.T.);
#946=EDGE_CURVE('',#1372,#1364,#1650,.T.);
#947=EDGE_CURVE('',#1373,#1374,#1651,.T.);
#948=EDGE_CURVE('',#1375,#1373,#1652,.T.);
#949=EDGE_CURVE('',#1375,#1376,#1653,.T.);
#950=EDGE_CURVE('',#1376,#1377,#1654,.T.);
#951=EDGE_CURVE('',#1377,#1378,#1655,.T.);
#952=EDGE_CURVE('',#1378,#1379,#1656,.T.);
#953=EDGE_CURVE('',#1380,#1379,#1657,.T.);
#954=EDGE_CURVE('',#1381,#1380,#1658,.T.);
#955=EDGE_CURVE('',#1381,#1382,#1659,.T.);
#956=EDGE_CURVE('',#1382,#1374,#1660,.T.);
#957=EDGE_CURVE('',#1383,#1384,#1661,.T.);
#958=EDGE_CURVE('',#1384,#1377,#1662,.T.);
#959=EDGE_CURVE('',#1374,#1376,#1663,.T.);
#960=EDGE_CURVE('',#1382,#1385,#1664,.T.);
#961=EDGE_CURVE('',#1385,#1356,#1665,.T.);
#962=EDGE_CURVE('',#1356,#1386,#37,.T.);
#963=EDGE_CURVE('',#1387,#1386,#1666,.T.);
#964=EDGE_CURVE('',#1387,#1388,#1667,.F.);
#965=EDGE_CURVE('',#1388,#1389,#1668,.T.);
#966=EDGE_CURVE('',#1390,#1389,#1669,.T.);
#967=EDGE_CURVE('',#1390,#1391,#1670,.F.);
#968=EDGE_CURVE('',#1392,#1391,#1671,.T.);
#969=EDGE_CURVE('',#1393,#1392,#1672,.T.);
#970=EDGE_CURVE('',#1393,#1394,#1673,.T.);
#971=EDGE_CURVE('',#1394,#1395,#1674,.T.);
#972=EDGE_CURVE('',#1396,#1395,#1675,.T.);
#973=EDGE_CURVE('',#1396,#1397,#1676,.T.);
#974=EDGE_CURVE('',#1397,#1398,#1677,.T.);
#975=EDGE_CURVE('',#1399,#1398,#1678,.F.);
#976=EDGE_CURVE('',#1399,#1400,#1679,.T.);
#977=EDGE_CURVE('',#1401,#1400,#1680,.T.);
#978=EDGE_CURVE('',#1402,#1401,#1681,.F.);
#979=EDGE_CURVE('',#1402,#1403,#1682,.T.);
#980=EDGE_CURVE('',#1404,#1403,#38,.T.);
#981=EDGE_CURVE('',#1405,#1404,#1683,.T.);
#982=EDGE_CURVE('',#1406,#1405,#1684,.T.);
#983=EDGE_CURVE('',#1406,#1407,#1685,.T.);
#984=EDGE_CURVE('',#1407,#1408,#1686,.T.);
#985=EDGE_CURVE('',#1409,#1408,#1687,.F.);
#986=EDGE_CURVE('',#1409,#1410,#1688,.T.);
#987=EDGE_CURVE('',#1410,#1411,#1689,.T.);
#988=EDGE_CURVE('',#1412,#1411,#1690,.T.);
#989=EDGE_CURVE('',#1412,#1413,#1691,.T.);
#990=EDGE_CURVE('',#1414,#1413,#1692,.T.);
#991=EDGE_CURVE('',#1415,#1414,#1693,.T.);
#992=EDGE_CURVE('',#1415,#1383,#1694,.T.);
#993=EDGE_CURVE('',#1416,#1378,#1695,.T.);
#994=EDGE_CURVE('',#1416,#1417,#1696,.T.);
#995=EDGE_CURVE('',#1417,#1418,#1697,.T.);
#996=EDGE_CURVE('',#1418,#1419,#1698,.F.);
#997=EDGE_CURVE('',#1379,#1419,#1699,.T.);
#998=EDGE_CURVE('',#1420,#1341,#1700,.T.);
#999=EDGE_CURVE('',#1420,#1421,#1701,.T.);
#1000=EDGE_CURVE('',#1421,#1342,#1702,.T.);
#1001=EDGE_CURVE('',#1422,#1423,#1703,.T.);
#1002=EDGE_CURVE('',#1423,#1369,#1704,.T.);
#1003=EDGE_CURVE('',#1368,#1424,#1705,.T.);
#1004=EDGE_CURVE('',#1425,#1424,#1706,.F.);
#1005=EDGE_CURVE('',#1422,#1425,#1707,.T.);
#1006=EDGE_CURVE('',#1426,#1345,#1708,.T.);
#1007=EDGE_CURVE('',#1426,#1427,#1709,.T.);
#1008=EDGE_CURVE('',#1427,#1346,#1710,.T.);
#1009=EDGE_CURVE('',#1428,#1429,#1711,.T.);
#1010=EDGE_CURVE('',#1429,#1384,#1712,.T.);
#1011=EDGE_CURVE('',#1383,#1428,#1713,.T.);
#1012=EDGE_CURVE('',#1430,#1416,#1714,.T.);
#1013=EDGE_CURVE('',#1430,#1431,#1715,.T.);
#1014=EDGE_CURVE('',#1431,#1417,#1716,.T.);
#1015=EDGE_CURVE('',#1426,#1432,#1717,.T.);
#1016=EDGE_CURVE('',#1432,#1433,#1718,.T.);
#1017=EDGE_CURVE('',#1427,#1433,#1719,.T.);
#1018=EDGE_CURVE('',#1434,#1435,#1720,.T.);
#1019=EDGE_CURVE('',#1435,#1423,#1721,.T.);
#1020=EDGE_CURVE('',#1422,#1434,#1722,.T.);
#1021=EDGE_CURVE('',#1436,#1437,#1723,.T.);
#1022=EDGE_CURVE('',#1436,#1438,#1724,.T.);
#1023=EDGE_CURVE('',#1439,#1438,#1725,.T.);
#1024=EDGE_CURVE('',#1437,#1439,#1726,.T.);
#1025=EDGE_CURVE('',#1413,#1440,#1727,.T.);
#1026=EDGE_CURVE('',#1441,#1412,#1728,.T.);
#1027=EDGE_CURVE('',#1442,#1441,#1729,.T.);
#1028=EDGE_CURVE('',#1442,#1404,#1730,.T.);
#1029=EDGE_CURVE('',#1404,#1443,#1731,.T.);
#1030=EDGE_CURVE('',#1443,#1444,#1732,.T.);
#1031=EDGE_CURVE('',#1445,#1444,#1733,.T.);
#1032=EDGE_CURVE('',#1440,#1445,#1734,.T.);
#1033=EDGE_CURVE('',#1446,#1447,#1735,.T.);
#1034=EDGE_CURVE('',#1448,#1446,#1736,.T.);
#1035=EDGE_CURVE('',#1448,#1449,#1737,.T.);
#1036=EDGE_CURVE('',#1449,#1447,#1738,.T.);
#1037=EDGE_CURVE('',#1437,#1370,#1739,.T.);
#1038=EDGE_CURVE('',#1450,#1439,#1740,.T.);
#1039=EDGE_CURVE('',#1451,#1450,#1741,.T.);
#1040=EDGE_CURVE('',#1451,#1452,#1742,.T.);
#1041=EDGE_CURVE('',#1452,#1453,#1743,.T.);
#1042=EDGE_CURVE('',#1453,#1454,#1744,.T.);
#1043=EDGE_CURVE('',#1455,#1454,#1745,.T.);
#1044=EDGE_CURVE('',#1456,#1455,#1746,.T.);
#1045=EDGE_CURVE('',#1456,#1457,#1747,.F.);
#1046=EDGE_CURVE('',#1458,#1457,#1748,.T.);
#1047=EDGE_CURVE('',#1459,#1458,#1749,.T.);
#1048=EDGE_CURVE('',#1459,#1460,#1750,.T.);
#1049=EDGE_CURVE('',#1460,#1461,#1751,.T.);
#1050=EDGE_CURVE('',#1461,#1462,#39,.T.);
#1051=EDGE_CURVE('',#1463,#1462,#1752,.T.);
#1052=EDGE_CURVE('',#1463,#1464,#1753,.F.);
#1053=EDGE_CURVE('',#1464,#1465,#1754,.T.);
#1054=EDGE_CURVE('',#1466,#1465,#1755,.T.);
#1055=EDGE_CURVE('',#1466,#1467,#1756,.F.);
#1056=EDGE_CURVE('',#1468,#1467,#1757,.T.);
#1057=EDGE_CURVE('',#1469,#1468,#1758,.T.);
#1058=EDGE_CURVE('',#1469,#1470,#1759,.T.);
#1059=EDGE_CURVE('',#1471,#1470,#1760,.T.);
#1060=EDGE_CURVE('',#1472,#1471,#1761,.T.);
#1061=EDGE_CURVE('',#1472,#1473,#1762,.T.);
#1062=EDGE_CURVE('',#1473,#1474,#1763,.T.);
#1063=EDGE_CURVE('',#1475,#1474,#1764,.F.);
#1064=EDGE_CURVE('',#1475,#1476,#1765,.T.);
#1065=EDGE_CURVE('',#1477,#1476,#1766,.T.);
#1066=EDGE_CURVE('',#1478,#1477,#1767,.F.);
#1067=EDGE_CURVE('',#1478,#1479,#1768,.T.);
#1068=EDGE_CURVE('',#1353,#1479,#40,.T.);
#1069=EDGE_CURVE('',#1480,#1353,#1769,.T.);
#1070=EDGE_CURVE('',#1365,#1480,#1770,.T.);
#1071=EDGE_CURVE('',#1363,#1371,#1771,.T.);
#1072=EDGE_CURVE('',#1481,#1482,#1772,.T.);
#1073=EDGE_CURVE('',#1481,#1451,#1773,.T.);
#1074=EDGE_CURVE('',#1450,#1482,#1774,.T.);
#1075=EDGE_CURVE('',#1452,#1447,#1775,.T.);
#1076=EDGE_CURVE('',#1449,#1483,#1776,.T.);
#1077=EDGE_CURVE('',#1483,#1484,#1777,.T.);
#1078=EDGE_CURVE('',#1461,#1484,#1778,.T.);
#1079=EDGE_CURVE('',#1485,#1461,#1779,.T.);
#1080=EDGE_CURVE('',#1485,#1486,#1780,.T.);
#1081=EDGE_CURVE('',#1486,#1453,#1781,.T.);
#1082=EDGE_CURVE('',#1430,#1335,#1782,.T.);
#1083=EDGE_CURVE('',#1429,#1334,#1783,.T.);
#1084=EDGE_CURVE('',#1487,#1428,#1784,.T.);
#1085=EDGE_CURVE('',#1487,#1488,#1785,.T.);
#1086=EDGE_CURVE('',#1488,#1489,#1786,.T.);
#1087=EDGE_CURVE('',#1446,#1489,#1787,.T.);
#1088=EDGE_CURVE('',#1481,#1446,#1788,.T.);
#1089=EDGE_CURVE('',#1482,#1438,#1789,.T.);
#1090=EDGE_CURVE('',#1436,#1332,#1790,.T.);
#1091=EDGE_CURVE('',#1435,#1331,#1791,.T.);
#1092=EDGE_CURVE('',#1434,#1348,#1792,.T.);
#1093=EDGE_CURVE('',#1433,#1347,#1793,.T.);
#1094=EDGE_CURVE('',#1432,#1344,#1794,.T.);
#1095=EDGE_CURVE('',#1490,#1343,#1795,.T.);
#1096=EDGE_CURVE('',#1491,#1490,#1796,.T.);
#1097=EDGE_CURVE('',#1491,#1340,#1797,.T.);
#1098=EDGE_CURVE('',#1431,#1339,#1798,.T.);
#1099=EDGE_CURVE('',#1492,#1492,#41,.T.);
#1100=EDGE_CURVE('',#1493,#1494,#17,.T.);
#1101=EDGE_CURVE('',#1495,#1493,#18,.T.);
#1102=EDGE_CURVE('',#1496,#1495,#19,.T.);
#1103=EDGE_CURVE('',#1494,#1496,#20,.T.);
#1104=EDGE_CURVE('',#1497,#1497,#42,.T.);
#1105=EDGE_CURVE('',#1493,#1498,#1799,.T.);
#1106=EDGE_CURVE('',#1494,#1499,#1800,.T.);
#1107=EDGE_CURVE('',#1498,#1499,#21,.T.);
#1108=EDGE_CURVE('',#1496,#1500,#1801,.T.);
#1109=EDGE_CURVE('',#1495,#1501,#1802,.T.);
#1110=EDGE_CURVE('',#1500,#1501,#22,.T.);
#1111=EDGE_CURVE('',#1501,#1502,#23,.F.);
#1112=EDGE_CURVE('',#1503,#1498,#24,.F.);
#1113=EDGE_CURVE('',#1503,#1504,#1803,.T.);
#1114=EDGE_CURVE('',#1504,#1505,#25,.T.);
#1115=EDGE_CURVE('',#1502,#1505,#1804,.T.);
#1116=EDGE_CURVE('',#1484,#1506,#43,.T.);
#1117=EDGE_CURVE('',#1462,#1506,#1805,.T.);
#1118=EDGE_CURVE('',#1507,#1470,#1806,.T.);
#1119=EDGE_CURVE('',#1507,#1508,#1807,.T.);
#1120=EDGE_CURVE('',#1508,#1462,#1808,.T.);
#1121=EDGE_CURVE('',#1506,#1509,#1809,.T.);
#1122=EDGE_CURVE('',#1479,#1509,#1810,.T.);
#1123=EDGE_CURVE('',#1510,#1479,#1811,.T.);
#1124=EDGE_CURVE('',#1511,#1510,#1812,.T.);
#1125=EDGE_CURVE('',#1511,#1471,#1813,.T.);
#1126=EDGE_CURVE('',#1512,#1513,#1814,.T.);
#1127=EDGE_CURVE('',#1513,#1444,#1815,.T.);
#1128=EDGE_CURVE('',#1443,#1514,#44,.T.);
#1129=EDGE_CURVE('',#1514,#1515,#1816,.T.);
#1130=EDGE_CURVE('',#1355,#1515,#45,.T.);
#1131=EDGE_CURVE('',#1354,#1509,#46,.T.);
#1132=EDGE_CURVE('',#1512,#1483,#1817,.T.);
#1133=EDGE_CURVE('',#1516,#1500,#26,.F.);
#1134=EDGE_CURVE('',#1516,#1517,#1818,.T.);
#1135=EDGE_CURVE('',#1517,#1518,#27,.T.);
#1136=EDGE_CURVE('',#1519,#1518,#1819,.T.);
#1137=EDGE_CURVE('',#1499,#1519,#28,.F.);
#1138=EDGE_CURVE('',#1488,#1414,#1820,.T.);
#1139=EDGE_CURVE('',#1415,#1487,#1821,.T.);
#1140=EDGE_CURVE('',#1520,#1521,#1822,.T.);
#1141=EDGE_CURVE('',#1521,#1507,#1823,.T.);
#1142=EDGE_CURVE('',#1520,#1469,#1824,.T.);
#1143=EDGE_CURVE('',#1522,#1468,#1825,.T.);
#1144=EDGE_CURVE('',#1520,#1522,#1826,.T.);
#1145=EDGE_CURVE('',#1523,#1467,#1827,.T.);
#1146=EDGE_CURVE('',#1522,#1523,#1828,.T.);
#1147=EDGE_CURVE('',#1524,#1466,#1829,.T.);
#1148=EDGE_CURVE('',#1524,#1523,#1830,.F.);
#1149=EDGE_CURVE('',#1525,#1465,#1831,.T.);
#1150=EDGE_CURVE('',#1524,#1525,#1832,.T.);
#1151=EDGE_CURVE('',#1526,#1464,#1833,.T.);
#1152=EDGE_CURVE('',#1526,#1525,#1834,.T.);
#1153=EDGE_CURVE('',#1527,#1463,#1835,.T.);
#1154=EDGE_CURVE('',#1527,#1526,#1836,.F.);
#1155=EDGE_CURVE('',#1508,#1528,#1837,.T.);
#1156=EDGE_CURVE('',#1527,#1528,#1838,.T.);
#1157=EDGE_CURVE('',#1528,#1521,#1839,.T.);
#1158=EDGE_CURVE('',#1486,#1529,#1840,.T.);
#1159=EDGE_CURVE('',#1529,#1530,#1841,.T.);
#1160=EDGE_CURVE('',#1530,#1454,#1842,.T.);
#1161=EDGE_CURVE('',#1531,#1532,#1843,.T.);
#1162=EDGE_CURVE('',#1532,#1485,#1844,.T.);
#1163=EDGE_CURVE('',#1531,#1460,#1845,.T.);
#1164=EDGE_CURVE('',#1533,#1459,#1846,.T.);
#1165=EDGE_CURVE('',#1533,#1531,#1847,.T.);
#1166=EDGE_CURVE('',#1534,#1458,#1848,.T.);
#1167=EDGE_CURVE('',#1533,#1534,#1849,.T.);
#1168=EDGE_CURVE('',#1535,#1457,#1850,.T.);
#1169=EDGE_CURVE('',#1534,#1535,#1851,.T.);
#1170=EDGE_CURVE('',#1536,#1456,#1852,.T.);
#1171=EDGE_CURVE('',#1536,#1535,#1853,.F.);
#1172=EDGE_CURVE('',#1537,#1455,#1854,.T.);
#1173=EDGE_CURVE('',#1536,#1537,#1855,.T.);
#1174=EDGE_CURVE('',#1537,#1530,#1856,.T.);
#1175=EDGE_CURVE('',#1529,#1532,#1857,.T.);
#1176=EDGE_CURVE('',#1519,#1503,#29,.T.);
#1177=EDGE_CURVE('',#1518,#1504,#30,.T.);
#1178=EDGE_CURVE('',#1403,#1514,#1858,.T.);
#1179=EDGE_CURVE('',#1538,#1395,#1859,.T.);
#1180=EDGE_CURVE('',#1539,#1394,#1860,.T.);
#1181=EDGE_CURVE('',#1539,#1540,#1861,.T.);
#1182=EDGE_CURVE('',#1540,#1386,#1862,.T.);
#1183=EDGE_CURVE('',#1386,#1515,#1863,.T.);
#1184=EDGE_CURVE('',#1541,#1403,#1864,.T.);
#1185=EDGE_CURVE('',#1538,#1541,#1865,.T.);
#1186=EDGE_CURVE('',#1542,#1543,#1866,.T.);
#1187=EDGE_CURVE('',#1542,#1396,#1867,.T.);
#1188=EDGE_CURVE('',#1543,#1538,#1868,.T.);
#1189=EDGE_CURVE('',#1542,#1544,#1869,.T.);
#1190=EDGE_CURVE('',#1544,#1397,#1870,.T.);
#1191=EDGE_CURVE('',#1544,#1545,#1871,.T.);
#1192=EDGE_CURVE('',#1545,#1398,#1872,.T.);
#1193=EDGE_CURVE('',#1546,#1545,#1873,.F.);
#1194=EDGE_CURVE('',#1546,#1399,#1874,.T.);
#1195=EDGE_CURVE('',#1546,#1547,#1875,.T.);
#1196=EDGE_CURVE('',#1547,#1400,#1876,.T.);
#1197=EDGE_CURVE('',#1548,#1547,#1877,.T.);
#1198=EDGE_CURVE('',#1548,#1401,#1878,.T.);
#1199=EDGE_CURVE('',#1549,#1548,#1879,.F.);
#1200=EDGE_CURVE('',#1549,#1402,#1880,.T.);
#1201=EDGE_CURVE('',#1549,#1550,#1881,.T.);
#1202=EDGE_CURVE('',#1541,#1550,#1882,.T.);
#1203=EDGE_CURVE('',#1550,#1543,#1883,.T.);
#1204=EDGE_CURVE('',#1551,#1411,#1884,.T.);
#1205=EDGE_CURVE('',#1552,#1551,#1885,.T.);
#1206=EDGE_CURVE('',#1441,#1552,#1886,.T.);
#1207=EDGE_CURVE('',#1553,#1554,#1887,.T.);
#1208=EDGE_CURVE('',#1553,#1405,#1888,.T.);
#1209=EDGE_CURVE('',#1554,#1442,#1889,.T.);
#1210=EDGE_CURVE('',#1555,#1553,#1890,.T.);
#1211=EDGE_CURVE('',#1555,#1406,#1891,.T.);
#1212=EDGE_CURVE('',#1555,#1556,#1892,.T.);
#1213=EDGE_CURVE('',#1556,#1407,#1893,.T.);
#1214=EDGE_CURVE('',#1556,#1557,#1894,.T.);
#1215=EDGE_CURVE('',#1557,#1408,#1895,.T.);
#1216=EDGE_CURVE('',#1558,#1557,#1896,.F.);
#1217=EDGE_CURVE('',#1558,#1409,#1897,.T.);
#1218=EDGE_CURVE('',#1558,#1559,#1898,.T.);
#1219=EDGE_CURVE('',#1559,#1410,#1899,.T.);
#1220=EDGE_CURVE('',#1559,#1551,#1900,.T.);
#1221=EDGE_CURVE('',#1552,#1554,#1901,.T.);
#1222=EDGE_CURVE('',#1502,#1516,#31,.T.);
#1223=EDGE_CURVE('',#1505,#1517,#32,.T.);
#1224=EDGE_CURVE('',#1491,#1420,#1902,.T.);
#1225=EDGE_CURVE('',#1421,#1490,#1903,.T.);
#1226=EDGE_CURVE('',#1560,#1561,#1904,.T.);
#1227=EDGE_CURVE('',#1560,#1472,#1905,.T.);
#1228=EDGE_CURVE('',#1561,#1511,#1906,.T.);
#1229=EDGE_CURVE('',#1560,#1562,#1907,.T.);
#1230=EDGE_CURVE('',#1562,#1473,#1908,.T.);
#1231=EDGE_CURVE('',#1562,#1563,#1909,.T.);
#1232=EDGE_CURVE('',#1563,#1474,#1910,.T.);
#1233=EDGE_CURVE('',#1564,#1563,#1911,.F.);
#1234=EDGE_CURVE('',#1564,#1475,#1912,.T.);
#1235=EDGE_CURVE('',#1564,#1565,#1913,.T.);
#1236=EDGE_CURVE('',#1565,#1476,#1914,.T.);
#1237=EDGE_CURVE('',#1566,#1565,#1915,.T.);
#1238=EDGE_CURVE('',#1566,#1477,#1916,.T.);
#1239=EDGE_CURVE('',#1567,#1566,#1917,.F.);
#1240=EDGE_CURVE('',#1567,#1478,#1918,.T.);
#1241=EDGE_CURVE('',#1567,#1568,#1919,.T.);
#1242=EDGE_CURVE('',#1510,#1568,#1920,.T.);
#1243=EDGE_CURVE('',#1568,#1561,#1921,.T.);
#1244=EDGE_CURVE('',#1350,#1569,#1922,.T.);
#1245=EDGE_CURVE('',#1570,#1569,#1923,.T.);
#1246=EDGE_CURVE('',#1571,#1570,#1924,.T.);
#1247=EDGE_CURVE('',#1351,#1571,#1925,.T.);
#1248=EDGE_CURVE('',#1572,#1573,#1926,.T.);
#1249=EDGE_CURVE('',#1572,#1480,#1927,.T.);
#1250=EDGE_CURVE('',#1573,#1352,#1928,.T.);
#1251=EDGE_CURVE('',#1366,#1572,#1929,.T.);
#1252=EDGE_CURVE('',#1367,#1574,#1930,.T.);
#1253=EDGE_CURVE('',#1574,#1424,#1931,.T.);
#1254=EDGE_CURVE('',#1575,#1425,#1932,.F.);
#1255=EDGE_CURVE('',#1576,#1574,#1933,.F.);
#1256=EDGE_CURVE('',#1576,#1575,#1934,.T.);
#1257=EDGE_CURVE('',#1575,#1577,#1935,.T.);
#1258=EDGE_CURVE('',#1576,#1578,#1936,.T.);
#1259=EDGE_CURVE('',#1578,#1577,#1937,.T.);
#1260=EDGE_CURVE('',#1577,#1569,#1938,.T.);
#1261=EDGE_CURVE('',#1578,#1570,#1939,.T.);
#1262=EDGE_CURVE('',#1571,#1573,#1940,.T.);
#1263=EDGE_CURVE('',#1579,#1580,#1941,.T.);
#1264=EDGE_CURVE('',#1580,#1539,#1942,.T.);
#1265=EDGE_CURVE('',#1579,#1393,#1943,.T.);
#1266=EDGE_CURVE('',#1581,#1392,#1944,.T.);
#1267=EDGE_CURVE('',#1579,#1581,#1945,.T.);
#1268=EDGE_CURVE('',#1582,#1391,#1946,.T.);
#1269=EDGE_CURVE('',#1581,#1582,#1947,.T.);
#1270=EDGE_CURVE('',#1583,#1390,#1948,.T.);
#1271=EDGE_CURVE('',#1583,#1582,#1949,.F.);
#1272=EDGE_CURVE('',#1584,#1389,#1950,.T.);
#1273=EDGE_CURVE('',#1583,#1584,#1951,.T.);
#1274=EDGE_CURVE('',#1585,#1388,#1952,.T.);
#1275=EDGE_CURVE('',#1585,#1584,#1953,.T.);
#1276=EDGE_CURVE('',#1586,#1387,#1954,.T.);
#1277=EDGE_CURVE('',#1586,#1585,#1955,.F.);
#1278=EDGE_CURVE('',#1540,#1587,#1956,.T.);
#1279=EDGE_CURVE('',#1586,#1587,#1957,.T.);
#1280=EDGE_CURVE('',#1587,#1580,#1958,.T.);
#1281=EDGE_CURVE('',#1358,#1588,#1959,.T.);
#1282=EDGE_CURVE('',#1588,#1589,#1960,.T.);
#1283=EDGE_CURVE('',#1589,#1590,#1961,.T.);
#1284=EDGE_CURVE('',#1338,#1590,#1962,.T.);
#1285=EDGE_CURVE('',#1591,#1592,#1963,.T.);
#1286=EDGE_CURVE('',#1592,#1357,#1964,.T.);
#1287=EDGE_CURVE('',#1591,#1385,#1965,.T.);
#1288=EDGE_CURVE('',#1381,#1591,#1966,.T.);
#1289=EDGE_CURVE('',#1593,#1419,#1967,.T.);
#1290=EDGE_CURVE('',#1380,#1593,#1968,.T.);
#1291=EDGE_CURVE('',#1594,#1418,#1969,.F.);
#1292=EDGE_CURVE('',#1595,#1594,#1970,.T.);
#1293=EDGE_CURVE('',#1595,#1593,#1971,.F.);
#1294=EDGE_CURVE('',#1594,#1596,#1972,.T.);
#1295=EDGE_CURVE('',#1597,#1596,#1973,.T.);
#1296=EDGE_CURVE('',#1595,#1597,#1974,.T.);
#1297=EDGE_CURVE('',#1596,#1590,#1975,.T.);
#1298=EDGE_CURVE('',#1597,#1589,#1976,.T.);
#1299=EDGE_CURVE('',#1588,#1592,#1977,.T.);
#1300=EDGE_CURVE('',#1489,#1598,#1978,.T.);
#1301=EDGE_CURVE('',#1489,#1440,#1979,.T.);
#1302=EDGE_CURVE('',#1598,#1445,#1980,.T.);
#1303=EDGE_CURVE('',#1598,#1513,#1981,.T.);
#1304=EDGE_CURVE('',#1448,#1512,#1982,.T.);
#1305=EDGE_CURVE('',#1418,#1337,#1983,.T.);
#1306=EDGE_CURVE('',#1425,#1349,#1984,.T.);
#1307=EDGE_CURVE('',#1369,#1330,#1985,.T.);
#1308=EDGE_CURVE('',#1370,#1329,#1986,.T.);
#1309=EDGE_CURVE('',#1377,#1333,#1987,.T.);
#1310=EDGE_CURVE('',#1378,#1336,#1988,.T.);
#1311=EDGE_CURVE('',#1376,#1599,#1989,.T.);
#1312=EDGE_CURVE('',#1599,#1600,#1990,.T.);
#1313=EDGE_CURVE('',#1374,#1600,#1991,.T.);
#1314=EDGE_CURVE('',#1375,#1325,#1992,.T.);
#1315=EDGE_CURVE('',#1373,#1326,#1993,.T.);
#1316=EDGE_CURVE('',#1599,#1328,#1994,.T.);
#1317=EDGE_CURVE('',#1600,#1327,#1995,.T.);
#1318=EDGE_CURVE('',#1601,#1359,#1996,.T.);
#1319=EDGE_CURVE('',#1601,#1363,#1997,.T.);
#1320=EDGE_CURVE('',#1364,#1360,#1998,.T.);
#1321=EDGE_CURVE('',#1602,#1362,#1999,.T.);
#1322=EDGE_CURVE('',#1602,#1601,#2000,.T.);
#1323=EDGE_CURVE('',#1372,#1361,#2001,.T.);
#1324=EDGE_CURVE('',#1371,#1602,#2002,.T.);
#1325=VERTEX_POINT('',#3882);
#1326=VERTEX_POINT('',#3883);
#1327=VERTEX_POINT('',#3885);
#1328=VERTEX_POINT('',#3887);
#1329=VERTEX_POINT('',#3890);
#1330=VERTEX_POINT('',#3891);
#1331=VERTEX_POINT('',#3893);
#1332=VERTEX_POINT('',#3895);
#1333=VERTEX_POINT('',#3898);
#1334=VERTEX_POINT('',#3899);
#1335=VERTEX_POINT('',#3901);
#1336=VERTEX_POINT('',#3903);
#1337=VERTEX_POINT('',#3906);
#1338=VERTEX_POINT('',#3907);
#1339=VERTEX_POINT('',#3909);
#1340=VERTEX_POINT('',#3911);
#1341=VERTEX_POINT('',#3913);
#1342=VERTEX_POINT('',#3915);
#1343=VERTEX_POINT('',#3917);
#1344=VERTEX_POINT('',#3919);
#1345=VERTEX_POINT('',#3921);
#1346=VERTEX_POINT('',#3923);
#1347=VERTEX_POINT('',#3925);
#1348=VERTEX_POINT('',#3927);
#1349=VERTEX_POINT('',#3929);
#1350=VERTEX_POINT('',#3931);
#1351=VERTEX_POINT('',#3933);
#1352=VERTEX_POINT('',#3935);
#1353=VERTEX_POINT('',#3937);
#1354=VERTEX_POINT('',#3939);
#1355=VERTEX_POINT('',#3941);
#1356=VERTEX_POINT('',#3943);
#1357=VERTEX_POINT('',#3945);
#1358=VERTEX_POINT('',#3947);
#1359=VERTEX_POINT('',#3950);
#1360=VERTEX_POINT('',#3951);
#1361=VERTEX_POINT('',#3953);
#1362=VERTEX_POINT('',#3955);
#1363=VERTEX_POINT('',#3959);
#1364=VERTEX_POINT('',#3960);
#1365=VERTEX_POINT('',#3962);
#1366=VERTEX_POINT('',#3964);
#1367=VERTEX_POINT('',#3966);
#1368=VERTEX_POINT('',#3968);
#1369=VERTEX_POINT('',#3970);
#1370=VERTEX_POINT('',#3972);
#1371=VERTEX_POINT('',#3974);
#1372=VERTEX_POINT('',#3976);
#1373=VERTEX_POINT('',#3980);
#1374=VERTEX_POINT('',#3981);
#1375=VERTEX_POINT('',#3983);
#1376=VERTEX_POINT('',#3985);
#1377=VERTEX_POINT('',#3987);
#1378=VERTEX_POINT('',#3989);
#1379=VERTEX_POINT('',#3991);
#1380=VERTEX_POINT('',#3993);
#1381=VERTEX_POINT('',#3995);
#1382=VERTEX_POINT('',#3997);
#1383=VERTEX_POINT('',#4001);
#1384=VERTEX_POINT('',#4002);
#1385=VERTEX_POINT('',#4006);
#1386=VERTEX_POINT('',#4009);
#1387=VERTEX_POINT('',#4011);
#1388=VERTEX_POINT('',#4013);
#1389=VERTEX_POINT('',#4015);
#1390=VERTEX_POINT('',#4017);
#1391=VERTEX_POINT('',#4019);
#1392=VERTEX_POINT('',#4021);
#1393=VERTEX_POINT('',#4023);
#1394=VERTEX_POINT('',#4025);
#1395=VERTEX_POINT('',#4027);
#1396=VERTEX_POINT('',#4029);
#1397=VERTEX_POINT('',#4031);
#1398=VERTEX_POINT('',#4033);
#1399=VERTEX_POINT('',#4035);
#1400=VERTEX_POINT('',#4037);
#1401=VERTEX_POINT('',#4039);
#1402=VERTEX_POINT('',#4041);
#1403=VERTEX_POINT('',#4043);
#1404=VERTEX_POINT('',#4045);
#1405=VERTEX_POINT('',#4047);
#1406=VERTEX_POINT('',#4049);
#1407=VERTEX_POINT('',#4051);
#1408=VERTEX_POINT('',#4053);
#1409=VERTEX_POINT('',#4055);
#1410=VERTEX_POINT('',#4057);
#1411=VERTEX_POINT('',#4059);
#1412=VERTEX_POINT('',#4061);
#1413=VERTEX_POINT('',#4063);
#1414=VERTEX_POINT('',#4065);
#1415=VERTEX_POINT('',#4067);
#1416=VERTEX_POINT('',#4071);
#1417=VERTEX_POINT('',#4073);
#1418=VERTEX_POINT('',#4075);
#1419=VERTEX_POINT('',#4077);
#1420=VERTEX_POINT('',#4081);
#1421=VERTEX_POINT('',#4083);
#1422=VERTEX_POINT('',#4087);
#1423=VERTEX_POINT('',#4088);
#1424=VERTEX_POINT('',#4091);
#1425=VERTEX_POINT('',#4093);
#1426=VERTEX_POINT('',#4097);
#1427=VERTEX_POINT('',#4099);
#1428=VERTEX_POINT('',#4103);
#1429=VERTEX_POINT('',#4104);
#1430=VERTEX_POINT('',#4109);
#1431=VERTEX_POINT('',#4111);
#1432=VERTEX_POINT('',#4115);
#1433=VERTEX_POINT('',#4117);
#1434=VERTEX_POINT('',#4121);
#1435=VERTEX_POINT('',#4122);
#1436=VERTEX_POINT('',#4127);
#1437=VERTEX_POINT('',#4128);
#1438=VERTEX_POINT('',#4130);
#1439=VERTEX_POINT('',#4132);
#1440=VERTEX_POINT('',#4136);
#1441=VERTEX_POINT('',#4138);
#1442=VERTEX_POINT('',#4140);
#1443=VERTEX_POINT('',#4143);
#1444=VERTEX_POINT('',#4145);
#1445=VERTEX_POINT('',#4147);
#1446=VERTEX_POINT('',#4151);
#1447=VERTEX_POINT('',#4152);
#1448=VERTEX_POINT('',#4154);
#1449=VERTEX_POINT('',#4156);
#1450=VERTEX_POINT('',#4161);
#1451=VERTEX_POINT('',#4163);
#1452=VERTEX_POINT('',#4165);
#1453=VERTEX_POINT('',#4167);
#1454=VERTEX_POINT('',#4169);
#1455=VERTEX_POINT('',#4171);
#1456=VERTEX_POINT('',#4173);
#1457=VERTEX_POINT('',#4175);
#1458=VERTEX_POINT('',#4177);
#1459=VERTEX_POINT('',#4179);
#1460=VERTEX_POINT('',#4181);
#1461=VERTEX_POINT('',#4183);
#1462=VERTEX_POINT('',#4185);
#1463=VERTEX_POINT('',#4187);
#1464=VERTEX_POINT('',#4189);
#1465=VERTEX_POINT('',#4191);
#1466=VERTEX_POINT('',#4193);
#1467=VERTEX_POINT('',#4195);
#1468=VERTEX_POINT('',#4197);
#1469=VERTEX_POINT('',#4199);
#1470=VERTEX_POINT('',#4201);
#1471=VERTEX_POINT('',#4203);
#1472=VERTEX_POINT('',#4205);
#1473=VERTEX_POINT('',#4207);
#1474=VERTEX_POINT('',#4209);
#1475=VERTEX_POINT('',#4211);
#1476=VERTEX_POINT('',#4213);
#1477=VERTEX_POINT('',#4215);
#1478=VERTEX_POINT('',#4217);
#1479=VERTEX_POINT('',#4219);
#1480=VERTEX_POINT('',#4222);
#1481=VERTEX_POINT('',#4227);
#1482=VERTEX_POINT('',#4228);
#1483=VERTEX_POINT('',#4234);
#1484=VERTEX_POINT('',#4236);
#1485=VERTEX_POINT('',#4239);
#1486=VERTEX_POINT('',#4241);
#1487=VERTEX_POINT('',#4247);
#1488=VERTEX_POINT('',#4249);
#1489=VERTEX_POINT('',#4251);
#1490=VERTEX_POINT('',#4261);
#1491=VERTEX_POINT('',#4263);
#1492=VERTEX_POINT('',#4267);
#1493=VERTEX_POINT('',#4280);
#1494=VERTEX_POINT('',#4281);
#1495=VERTEX_POINT('',#4291);
#1496=VERTEX_POINT('',#4296);
#1497=VERTEX_POINT('',#4308);
#1498=VERTEX_POINT('',#4311);
#1499=VERTEX_POINT('',#4313);
#1500=VERTEX_POINT('',#4320);
#1501=VERTEX_POINT('',#4322);
#1502=VERTEX_POINT('',#4337);
#1503=VERTEX_POINT('',#4347);
#1504=VERTEX_POINT('',#4349);
#1505=VERTEX_POINT('',#4359);
#1506=VERTEX_POINT('',#4363);
#1507=VERTEX_POINT('',#4367);
#1508=VERTEX_POINT('',#4369);
#1509=VERTEX_POINT('',#4372);
#1510=VERTEX_POINT('',#4375);
#1511=VERTEX_POINT('',#4377);
#1512=VERTEX_POINT('',#4381);
#1513=VERTEX_POINT('',#4382);
#1514=VERTEX_POINT('',#4385);
#1515=VERTEX_POINT('',#4387);
#1516=VERTEX_POINT('',#4400);
#1517=VERTEX_POINT('',#4402);
#1518=VERTEX_POINT('',#4412);
#1519=VERTEX_POINT('',#4414);
#1520=VERTEX_POINT('',#4430);
#1521=VERTEX_POINT('',#4431);
#1522=VERTEX_POINT('',#4436);
#1523=VERTEX_POINT('',#4440);
#1524=VERTEX_POINT('',#4444);
#1525=VERTEX_POINT('',#4448);
#1526=VERTEX_POINT('',#4452);
#1527=VERTEX_POINT('',#4456);
#1528=VERTEX_POINT('',#4460);
#1529=VERTEX_POINT('',#4466);
#1530=VERTEX_POINT('',#4468);
#1531=VERTEX_POINT('',#4472);
#1532=VERTEX_POINT('',#4473);
#1533=VERTEX_POINT('',#4478);
#1534=VERTEX_POINT('',#4482);
#1535=VERTEX_POINT('',#4486);
#1536=VERTEX_POINT('',#4490);
#1537=VERTEX_POINT('',#4494);
#1538=VERTEX_POINT('',#4523);
#1539=VERTEX_POINT('',#4525);
#1540=VERTEX_POINT('',#4527);
#1541=VERTEX_POINT('',#4531);
#1542=VERTEX_POINT('',#4536);
#1543=VERTEX_POINT('',#4537);
#1544=VERTEX_POINT('',#4542);
#1545=VERTEX_POINT('',#4546);
#1546=VERTEX_POINT('',#4550);
#1547=VERTEX_POINT('',#4554);
#1548=VERTEX_POINT('',#4558);
#1549=VERTEX_POINT('',#4562);
#1550=VERTEX_POINT('',#4566);
#1551=VERTEX_POINT('',#4572);
#1552=VERTEX_POINT('',#4574);
#1553=VERTEX_POINT('',#4578);
#1554=VERTEX_POINT('',#4579);
#1555=VERTEX_POINT('',#4584);
#1556=VERTEX_POINT('',#4588);
#1557=VERTEX_POINT('',#4592);
#1558=VERTEX_POINT('',#4596);
#1559=VERTEX_POINT('',#4600);
#1560=VERTEX_POINT('',#4631);
#1561=VERTEX_POINT('',#4632);
#1562=VERTEX_POINT('',#4637);
#1563=VERTEX_POINT('',#4641);
#1564=VERTEX_POINT('',#4645);
#1565=VERTEX_POINT('',#4649);
#1566=VERTEX_POINT('',#4653);
#1567=VERTEX_POINT('',#4657);
#1568=VERTEX_POINT('',#4661);
#1569=VERTEX_POINT('',#4667);
#1570=VERTEX_POINT('',#4669);
#1571=VERTEX_POINT('',#4671);
#1572=VERTEX_POINT('',#4675);
#1573=VERTEX_POINT('',#4676);
#1574=VERTEX_POINT('',#4683);
#1575=VERTEX_POINT('',#4687);
#1576=VERTEX_POINT('',#4689);
#1577=VERTEX_POINT('',#4693);
#1578=VERTEX_POINT('',#4695);
#1579=VERTEX_POINT('',#4715);
#1580=VERTEX_POINT('',#4716);
#1581=VERTEX_POINT('',#4721);
#1582=VERTEX_POINT('',#4725);
#1583=VERTEX_POINT('',#4729);
#1584=VERTEX_POINT('',#4733);
#1585=VERTEX_POINT('',#4737);
#1586=VERTEX_POINT('',#4741);
#1587=VERTEX_POINT('',#4745);
#1588=VERTEX_POINT('',#4751);
#1589=VERTEX_POINT('',#4753);
#1590=VERTEX_POINT('',#4755);
#1591=VERTEX_POINT('',#4759);
#1592=VERTEX_POINT('',#4760);
#1593=VERTEX_POINT('',#4767);
#1594=VERTEX_POINT('',#4771);
#1595=VERTEX_POINT('',#4773);
#1596=VERTEX_POINT('',#4777);
#1597=VERTEX_POINT('',#4779);
#1598=VERTEX_POINT('',#4790);
#1599=VERTEX_POINT('',#4822);
#1600=VERTEX_POINT('',#4824);
#1601=VERTEX_POINT('',#4836);
#1602=VERTEX_POINT('',#4841);
#1603=LINE('',#3881,#2003);
#1604=LINE('',#3884,#2004);
#1605=LINE('',#3886,#2005);
#1606=LINE('',#3888,#2006);
#1607=LINE('',#3889,#2007);
#1608=LINE('',#3892,#2008);
#1609=LINE('',#3894,#2009);
#1610=LINE('',#3896,#2010);
#1611=LINE('',#3897,#2011);
#1612=LINE('',#3900,#2012);
#1613=LINE('',#3902,#2013);
#1614=LINE('',#3904,#2014);
#1615=LINE('',#3905,#2015);
#1616=LINE('',#3908,#2016);
#1617=LINE('',#3910,#2017);
#1618=LINE('',#3912,#2018);
#1619=LINE('',#3914,#2019);
#1620=LINE('',#3916,#2020);
#1621=LINE('',#3918,#2021);
#1622=LINE('',#3920,#2022);
#1623=LINE('',#3922,#2023);
#1624=LINE('',#3924,#2024);
#1625=LINE('',#3926,#2025);
#1626=LINE('',#3928,#2026);
#1627=LINE('',#3930,#2027);
#1628=LINE('',#3932,#2028);
#1629=LINE('',#3934,#2029);
#1630=LINE('',#3936,#2030);
#1631=LINE('',#3938,#2031);
#1632=LINE('',#3940,#2032);
#1633=LINE('',#3942,#2033);
#1634=LINE('',#3944,#2034);
#1635=LINE('',#3946,#2035);
#1636=LINE('',#3948,#2036);
#1637=LINE('',#3949,#2037);
#1638=LINE('',#3952,#2038);
#1639=LINE('',#3954,#2039);
#1640=LINE('',#3956,#2040);
#1641=LINE('',#3958,#2041);
#1642=LINE('',#3961,#2042);
#1643=LINE('',#3963,#2043);
#1644=LINE('',#3965,#2044);
#1645=LINE('',#3967,#2045);
#1646=LINE('',#3969,#2046);
#1647=LINE('',#3971,#2047);
#1648=LINE('',#3973,#2048);
#1649=LINE('',#3975,#2049);
#1650=LINE('',#3977,#2050);
#1651=LINE('',#3979,#2051);
#1652=LINE('',#3982,#2052);
#1653=LINE('',#3984,#2053);
#1654=LINE('',#3986,#2054);
#1655=LINE('',#3988,#2055);
#1656=LINE('',#3990,#2056);
#1657=LINE('',#3992,#2057);
#1658=LINE('',#3994,#2058);
#1659=LINE('',#3996,#2059);
#1660=LINE('',#3998,#2060);
#1661=LINE('',#4000,#2061);
#1662=LINE('',#4003,#2062);
#1663=LINE('',#4004,#2063);
#1664=LINE('',#4005,#2064);
#1665=LINE('',#4007,#2065);
#1666=LINE('',#4010,#2066);
#1667=LINE('',#4012,#2067);
#1668=LINE('',#4014,#2068);
#1669=LINE('',#4016,#2069);
#1670=LINE('',#4018,#2070);
#1671=LINE('',#4020,#2071);
#1672=LINE('',#4022,#2072);
#1673=LINE('',#4024,#2073);
#1674=LINE('',#4026,#2074);
#1675=LINE('',#4028,#2075);
#1676=LINE('',#4030,#2076);
#1677=LINE('',#4032,#2077);
#1678=LINE('',#4034,#2078);
#1679=LINE('',#4036,#2079);
#1680=LINE('',#4038,#2080);
#1681=LINE('',#4040,#2081);
#1682=LINE('',#4042,#2082);
#1683=LINE('',#4046,#2083);
#1684=LINE('',#4048,#2084);
#1685=LINE('',#4050,#2085);
#1686=LINE('',#4052,#2086);
#1687=LINE('',#4054,#2087);
#1688=LINE('',#4056,#2088);
#1689=LINE('',#4058,#2089);
#1690=LINE('',#4060,#2090);
#1691=LINE('',#4062,#2091);
#1692=LINE('',#4064,#2092);
#1693=LINE('',#4066,#2093);
#1694=LINE('',#4068,#2094);
#1695=LINE('',#4070,#2095);
#1696=LINE('',#4072,#2096);
#1697=LINE('',#4074,#2097);
#1698=LINE('',#4076,#2098);
#1699=LINE('',#4078,#2099);
#1700=LINE('',#4080,#2100);
#1701=LINE('',#4082,#2101);
#1702=LINE('',#4084,#2102);
#1703=LINE('',#4086,#2103);
#1704=LINE('',#4089,#2104);
#1705=LINE('',#4090,#2105);
#1706=LINE('',#4092,#2106);
#1707=LINE('',#4094,#2107);
#1708=LINE('',#4096,#2108);
#1709=LINE('',#4098,#2109);
#1710=LINE('',#4100,#2110);
#1711=LINE('',#4102,#2111);
#1712=LINE('',#4105,#2112);
#1713=LINE('',#4106,#2113);
#1714=LINE('',#4108,#2114);
#1715=LINE('',#4110,#2115);
#1716=LINE('',#4112,#2116);
#1717=LINE('',#4114,#2117);
#1718=LINE('',#4116,#2118);
#1719=LINE('',#4118,#2119);
#1720=LINE('',#4120,#2120);
#1721=LINE('',#4123,#2121);
#1722=LINE('',#4124,#2122);
#1723=LINE('',#4126,#2123);
#1724=LINE('',#4129,#2124);
#1725=LINE('',#4131,#2125);
#1726=LINE('',#4133,#2126);
#1727=LINE('',#4135,#2127);
#1728=LINE('',#4137,#2128);
#1729=LINE('',#4139,#2129);
#1730=LINE('',#4141,#2130);
#1731=LINE('',#4142,#2131);
#1732=LINE('',#4144,#2132);
#1733=LINE('',#4146,#2133);
#1734=LINE('',#4148,#2134);
#1735=LINE('',#4150,#2135);
#1736=LINE('',#4153,#2136);
#1737=LINE('',#4155,#2137);
#1738=LINE('',#4157,#2138);
#1739=LINE('',#4159,#2139);
#1740=LINE('',#4160,#2140);
#1741=LINE('',#4162,#2141);
#1742=LINE('',#4164,#2142);
#1743=LINE('',#4166,#2143);
#1744=LINE('',#4168,#2144);
#1745=LINE('',#4170,#2145);
#1746=LINE('',#4172,#2146);
#1747=LINE('',#4174,#2147);
#1748=LINE('',#4176,#2148);
#1749=LINE('',#4178,#2149);
#1750=LINE('',#4180,#2150);
#1751=LINE('',#4182,#2151);
#1752=LINE('',#4186,#2152);
#1753=LINE('',#4188,#2153);
#1754=LINE('',#4190,#2154);
#1755=LINE('',#4192,#2155);
#1756=LINE('',#4194,#2156);
#1757=LINE('',#4196,#2157);
#1758=LINE('',#4198,#2158);
#1759=LINE('',#4200,#2159);
#1760=LINE('',#4202,#2160);
#1761=LINE('',#4204,#2161);
#1762=LINE('',#4206,#2162);
#1763=LINE('',#4208,#2163);
#1764=LINE('',#4210,#2164);
#1765=LINE('',#4212,#2165);
#1766=LINE('',#4214,#2166);
#1767=LINE('',#4216,#2167);
#1768=LINE('',#4218,#2168);
#1769=LINE('',#4221,#2169);
#1770=LINE('',#4223,#2170);
#1771=LINE('',#4224,#2171);
#1772=LINE('',#4226,#2172);
#1773=LINE('',#4229,#2173);
#1774=LINE('',#4230,#2174);
#1775=LINE('',#4232,#2175);
#1776=LINE('',#4233,#2176);
#1777=LINE('',#4235,#2177);
#1778=LINE('',#4237,#2178);
#1779=LINE('',#4238,#2179);
#1780=LINE('',#4240,#2180);
#1781=LINE('',#4242,#2181);
#1782=LINE('',#4244,#2182);
#1783=LINE('',#4245,#2183);
#1784=LINE('',#4246,#2184);
#1785=LINE('',#4248,#2185);
#1786=LINE('',#4250,#2186);
#1787=LINE('',#4252,#2187);
#1788=LINE('',#4253,#2188);
#1789=LINE('',#4254,#2189);
#1790=LINE('',#4255,#2190);
#1791=LINE('',#4256,#2191);
#1792=LINE('',#4257,#2192);
#1793=LINE('',#4258,#2193);
#1794=LINE('',#4259,#2194);
#1795=LINE('',#4260,#2195);
#1796=LINE('',#4262,#2196);
#1797=LINE('',#4264,#2197);
#1798=LINE('',#4265,#2198);
#1799=LINE('',#4310,#2199);
#1800=LINE('',#4312,#2200);
#1801=LINE('',#4319,#2201);
#1802=LINE('',#4321,#2202);
#1803=LINE('',#4348,#2203);
#1804=LINE('',#4360,#2204);
#1805=LINE('',#4364,#2205);
#1806=LINE('',#4366,#2206);
#1807=LINE('',#4368,#2207);
#1808=LINE('',#4370,#2208);
#1809=LINE('',#4371,#2209);
#1810=LINE('',#4373,#2210);
#1811=LINE('',#4374,#2211);
#1812=LINE('',#4376,#2212);
#1813=LINE('',#4378,#2213);
#1814=LINE('',#4380,#2214);
#1815=LINE('',#4383,#2215);
#1816=LINE('',#4386,#2216);
#1817=LINE('',#4390,#2217);
#1818=LINE('',#4401,#2218);
#1819=LINE('',#4413,#2219);
#1820=LINE('',#4425,#2220);
#1821=LINE('',#4426,#2221);
#1822=LINE('',#4429,#2222);
#1823=LINE('',#4432,#2223);
#1824=LINE('',#4433,#2224);
#1825=LINE('',#4435,#2225);
#1826=LINE('',#4437,#2226);
#1827=LINE('',#4439,#2227);
#1828=LINE('',#4441,#2228);
#1829=LINE('',#4443,#2229);
#1830=LINE('',#4445,#2230);
#1831=LINE('',#4447,#2231);
#1832=LINE('',#4449,#2232);
#1833=LINE('',#4451,#2233);
#1834=LINE('',#4453,#2234);
#1835=LINE('',#4455,#2235);
#1836=LINE('',#4457,#2236);
#1837=LINE('',#4459,#2237);
#1838=LINE('',#4461,#2238);
#1839=LINE('',#4463,#2239);
#1840=LINE('',#4465,#2240);
#1841=LINE('',#4467,#2241);
#1842=LINE('',#4469,#2242);
#1843=LINE('',#4471,#2243);
#1844=LINE('',#4474,#2244);
#1845=LINE('',#4475,#2245);
#1846=LINE('',#4477,#2246);
#1847=LINE('',#4479,#2247);
#1848=LINE('',#4481,#2248);
#1849=LINE('',#4483,#2249);
#1850=LINE('',#4485,#2250);
#1851=LINE('',#4487,#2251);
#1852=LINE('',#4489,#2252);
#1853=LINE('',#4491,#2253);
#1854=LINE('',#4493,#2254);
#1855=LINE('',#4495,#2255);
#1856=LINE('',#4497,#2256);
#1857=LINE('',#4499,#2257);
#1858=LINE('',#4520,#2258);
#1859=LINE('',#4522,#2259);
#1860=LINE('',#4524,#2260);
#1861=LINE('',#4526,#2261);
#1862=LINE('',#4528,#2262);
#1863=LINE('',#4529,#2263);
#1864=LINE('',#4530,#2264);
#1865=LINE('',#4532,#2265);
#1866=LINE('',#4535,#2266);
#1867=LINE('',#4538,#2267);
#1868=LINE('',#4539,#2268);
#1869=LINE('',#4541,#2269);
#1870=LINE('',#4543,#2270);
#1871=LINE('',#4545,#2271);
#1872=LINE('',#4547,#2272);
#1873=LINE('',#4549,#2273);
#1874=LINE('',#4551,#2274);
#1875=LINE('',#4553,#2275);
#1876=LINE('',#4555,#2276);
#1877=LINE('',#4557,#2277);
#1878=LINE('',#4559,#2278);
#1879=LINE('',#4561,#2279);
#1880=LINE('',#4563,#2280);
#1881=LINE('',#4565,#2281);
#1882=LINE('',#4567,#2282);
#1883=LINE('',#4569,#2283);
#1884=LINE('',#4571,#2284);
#1885=LINE('',#4573,#2285);
#1886=LINE('',#4575,#2286);
#1887=LINE('',#4577,#2287);
#1888=LINE('',#4580,#2288);
#1889=LINE('',#4581,#2289);
#1890=LINE('',#4583,#2290);
#1891=LINE('',#4585,#2291);
#1892=LINE('',#4587,#2292);
#1893=LINE('',#4589,#2293);
#1894=LINE('',#4591,#2294);
#1895=LINE('',#4593,#2295);
#1896=LINE('',#4595,#2296);
#1897=LINE('',#4597,#2297);
#1898=LINE('',#4599,#2298);
#1899=LINE('',#4601,#2299);
#1900=LINE('',#4603,#2300);
#1901=LINE('',#4605,#2301);
#1902=LINE('',#4627,#2302);
#1903=LINE('',#4628,#2303);
#1904=LINE('',#4630,#2304);
#1905=LINE('',#4633,#2305);
#1906=LINE('',#4634,#2306);
#1907=LINE('',#4636,#2307);
#1908=LINE('',#4638,#2308);
#1909=LINE('',#4640,#2309);
#1910=LINE('',#4642,#2310);
#1911=LINE('',#4644,#2311);
#1912=LINE('',#4646,#2312);
#1913=LINE('',#4648,#2313);
#1914=LINE('',#4650,#2314);
#1915=LINE('',#4652,#2315);
#1916=LINE('',#4654,#2316);
#1917=LINE('',#4656,#2317);
#1918=LINE('',#4658,#2318);
#1919=LINE('',#4660,#2319);
#1920=LINE('',#4662,#2320);
#1921=LINE('',#4664,#2321);
#1922=LINE('',#4666,#2322);
#1923=LINE('',#4668,#2323);
#1924=LINE('',#4670,#2324);
#1925=LINE('',#4672,#2325);
#1926=LINE('',#4674,#2326);
#1927=LINE('',#4677,#2327);
#1928=LINE('',#4678,#2328);
#1929=LINE('',#4680,#2329);
#1930=LINE('',#4682,#2330);
#1931=LINE('',#4684,#2331);
#1932=LINE('',#4686,#2332);
#1933=LINE('',#4688,#2333);
#1934=LINE('',#4690,#2334);
#1935=LINE('',#4692,#2335);
#1936=LINE('',#4694,#2336);
#1937=LINE('',#4696,#2337);
#1938=LINE('',#4698,#2338);
#1939=LINE('',#4699,#2339);
#1940=LINE('',#4701,#2340);
#1941=LINE('',#4714,#2341);
#1942=LINE('',#4717,#2342);
#1943=LINE('',#4718,#2343);
#1944=LINE('',#4720,#2344);
#1945=LINE('',#4722,#2345);
#1946=LINE('',#4724,#2346);
#1947=LINE('',#4726,#2347);
#1948=LINE('',#4728,#2348);
#1949=LINE('',#4730,#2349);
#1950=LINE('',#4732,#2350);
#1951=LINE('',#4734,#2351);
#1952=LINE('',#4736,#2352);
#1953=LINE('',#4738,#2353);
#1954=LINE('',#4740,#2354);
#1955=LINE('',#4742,#2355);
#1956=LINE('',#4744,#2356);
#1957=LINE('',#4746,#2357);
#1958=LINE('',#4748,#2358);
#1959=LINE('',#4750,#2359);
#1960=LINE('',#4752,#2360);
#1961=LINE('',#4754,#2361);
#1962=LINE('',#4756,#2362);
#1963=LINE('',#4758,#2363);
#1964=LINE('',#4761,#2364);
#1965=LINE('',#4762,#2365);
#1966=LINE('',#4764,#2366);
#1967=LINE('',#4766,#2367);
#1968=LINE('',#4768,#2368);
#1969=LINE('',#4770,#2369);
#1970=LINE('',#4772,#2370);
#1971=LINE('',#4774,#2371);
#1972=LINE('',#4776,#2372);
#1973=LINE('',#4778,#2373);
#1974=LINE('',#4780,#2374);
#1975=LINE('',#4782,#2375);
#1976=LINE('',#4783,#2376);
#1977=LINE('',#4785,#2377);
#1978=LINE('',#4789,#2378);
#1979=LINE('',#4791,#2379);
#1980=LINE('',#4792,#2380);
#1981=LINE('',#4794,#2381);
#1982=LINE('',#4796,#2382);
#1983=LINE('',#4801,#2383);
#1984=LINE('',#4805,#2384);
#1985=LINE('',#4809,#2385);
#1986=LINE('',#4810,#2386);
#1987=LINE('',#4816,#2387);
#1988=LINE('',#4817,#2388);
#1989=LINE('',#4821,#2389);
#1990=LINE('',#4823,#2390);
#1991=LINE('',#4825,#2391);
#1992=LINE('',#4827,#2392);
#1993=LINE('',#4828,#2393);
#1994=LINE('',#4830,#2394);
#1995=LINE('',#4832,#2395);
#1996=LINE('',#4835,#2396);
#1997=LINE('',#4837,#2397);
#1998=LINE('',#4838,#2398);
#1999=LINE('',#4840,#2399);
#2000=LINE('',#4842,#2400);
#2001=LINE('',#4844,#2401);
#2002=LINE('',#4845,#2402);
#2003=VECTOR('',#3173,1.);
#2004=VECTOR('',#3174,1.);
#2005=VECTOR('',#3175,1.);
#2006=VECTOR('',#3176,1.);
#2007=VECTOR('',#3177,1.);
#2008=VECTOR('',#3178,1.);
#2009=VECTOR('',#3179,1.);
#2010=VECTOR('',#3180,1.);
#2011=VECTOR('',#3181,1.);
#2012=VECTOR('',#3182,1.);
#2013=VECTOR('',#3183,1.);
#2014=VECTOR('',#3184,1.);
#2015=VECTOR('',#3185,1.);
#2016=VECTOR('',#3186,1.);
#2017=VECTOR('',#3187,1.);
#2018=VECTOR('',#3188,1.);
#2019=VECTOR('',#3189,1.);
#2020=VECTOR('',#3190,1.);
#2021=VECTOR('',#3191,1.);
#2022=VECTOR('',#3192,1.);
#2023=VECTOR('',#3193,1.);
#2024=VECTOR('',#3194,1.);
#2025=VECTOR('',#3195,1.);
#2026=VECTOR('',#3196,1.);
#2027=VECTOR('',#3197,1.);
#2028=VECTOR('',#3198,1.);
#2029=VECTOR('',#3199,1.);
#2030=VECTOR('',#3200,1.);
#2031=VECTOR('',#3201,1.);
#2032=VECTOR('',#3202,1.);
#2033=VECTOR('',#3203,1.);
#2034=VECTOR('',#3204,1.);
#2035=VECTOR('',#3205,1.);
#2036=VECTOR('',#3206,1.);
#2037=VECTOR('',#3207,1.);
#2038=VECTOR('',#3208,1.);
#2039=VECTOR('',#3209,1.);
#2040=VECTOR('',#3210,1.);
#2041=VECTOR('',#3213,1.);
#2042=VECTOR('',#3214,1.);
#2043=VECTOR('',#3215,1.);
#2044=VECTOR('',#3216,1.);
#2045=VECTOR('',#3217,1.);
#2046=VECTOR('',#3218,1.);
#2047=VECTOR('',#3219,1.);
#2048=VECTOR('',#3220,1.);
#2049=VECTOR('',#3221,1.);
#2050=VECTOR('',#3222,1.);
#2051=VECTOR('',#3225,1.);
#2052=VECTOR('',#3226,1.);
#2053=VECTOR('',#3227,1.);
#2054=VECTOR('',#3228,1.);
#2055=VECTOR('',#3229,1.);
#2056=VECTOR('',#3230,1.);
#2057=VECTOR('',#3231,1.);
#2058=VECTOR('',#3232,1.);
#2059=VECTOR('',#3233,1.);
#2060=VECTOR('',#3234,1.);
#2061=VECTOR('',#3237,1.);
#2062=VECTOR('',#3238,1.);
#2063=VECTOR('',#3239,1.);
#2064=VECTOR('',#3240,1.);
#2065=VECTOR('',#3241,1.);
#2066=VECTOR('',#3244,1.);
#2067=VECTOR('',#3245,1.);
#2068=VECTOR('',#3246,1.);
#2069=VECTOR('',#3247,1.);
#2070=VECTOR('',#3248,1.);
#2071=VECTOR('',#3249,1.);
#2072=VECTOR('',#3250,1.);
#2073=VECTOR('',#3251,1.);
#2074=VECTOR('',#3252,1.);
#2075=VECTOR('',#3253,1.);
#2076=VECTOR('',#3254,1.);
#2077=VECTOR('',#3255,1.);
#2078=VECTOR('',#3256,1.);
#2079=VECTOR('',#3257,1.);
#2080=VECTOR('',#3258,1.);
#2081=VECTOR('',#3259,1.);
#2082=VECTOR('',#3260,1.);
#2083=VECTOR('',#3263,1.);
#2084=VECTOR('',#3264,1.);
#2085=VECTOR('',#3265,1.);
#2086=VECTOR('',#3266,1.);
#2087=VECTOR('',#3267,1.);
#2088=VECTOR('',#3268,1.);
#2089=VECTOR('',#3269,1.);
#2090=VECTOR('',#3270,1.);
#2091=VECTOR('',#3271,1.);
#2092=VECTOR('',#3272,1.);
#2093=VECTOR('',#3273,1.);
#2094=VECTOR('',#3274,1.);
#2095=VECTOR('',#3277,1.);
#2096=VECTOR('',#3278,1.);
#2097=VECTOR('',#3279,1.);
#2098=VECTOR('',#3280,1.);
#2099=VECTOR('',#3281,1.);
#2100=VECTOR('',#3284,1.);
#2101=VECTOR('',#3285,1.);
#2102=VECTOR('',#3286,1.);
#2103=VECTOR('',#3289,1.);
#2104=VECTOR('',#3290,1.);
#2105=VECTOR('',#3291,1.);
#2106=VECTOR('',#3292,1.);
#2107=VECTOR('',#3293,1.);
#2108=VECTOR('',#3296,1.);
#2109=VECTOR('',#3297,1.);
#2110=VECTOR('',#3298,1.);
#2111=VECTOR('',#3301,1.);
#2112=VECTOR('',#3302,1.);
#2113=VECTOR('',#3303,1.);
#2114=VECTOR('',#3306,1.);
#2115=VECTOR('',#3307,1.);
#2116=VECTOR('',#3308,1.);
#2117=VECTOR('',#3311,1.);
#2118=VECTOR('',#3312,1.);
#2119=VECTOR('',#3313,1.);
#2120=VECTOR('',#3316,1.);
#2121=VECTOR('',#3317,1.);
#2122=VECTOR('',#3318,1.);
#2123=VECTOR('',#3321,1.);
#2124=VECTOR('',#3322,1.);
#2125=VECTOR('',#3323,1.);
#2126=VECTOR('',#3324,1.);
#2127=VECTOR('',#3327,1.);
#2128=VECTOR('',#3328,1.);
#2129=VECTOR('',#3329,1.);
#2130=VECTOR('',#3330,1.);
#2131=VECTOR('',#3331,1.);
#2132=VECTOR('',#3332,1.);
#2133=VECTOR('',#3333,1.);
#2134=VECTOR('',#3334,1.);
#2135=VECTOR('',#3337,1.);
#2136=VECTOR('',#3338,1.);
#2137=VECTOR('',#3339,1.);
#2138=VECTOR('',#3340,1.);
#2139=VECTOR('',#3343,1.);
#2140=VECTOR('',#3344,1.);
#2141=VECTOR('',#3345,1.);
#2142=VECTOR('',#3346,1.);
#2143=VECTOR('',#3347,1.);
#2144=VECTOR('',#3348,1.);
#2145=VECTOR('',#3349,1.);
#2146=VECTOR('',#3350,1.);
#2147=VECTOR('',#3351,1.);
#2148=VECTOR('',#3352,1.);
#2149=VECTOR('',#3353,1.);
#2150=VECTOR('',#3354,1.);
#2151=VECTOR('',#3355,1.);
#2152=VECTOR('',#3358,1.);
#2153=VECTOR('',#3359,1.);
#2154=VECTOR('',#3360,1.);
#2155=VECTOR('',#3361,1.);
#2156=VECTOR('',#3362,1.);
#2157=VECTOR('',#3363,1.);
#2158=VECTOR('',#3364,1.);
#2159=VECTOR('',#3365,1.);
#2160=VECTOR('',#3366,1.);
#2161=VECTOR('',#3367,1.);
#2162=VECTOR('',#3368,1.);
#2163=VECTOR('',#3369,1.);
#2164=VECTOR('',#3370,1.);
#2165=VECTOR('',#3371,1.);
#2166=VECTOR('',#3372,1.);
#2167=VECTOR('',#3373,1.);
#2168=VECTOR('',#3374,1.);
#2169=VECTOR('',#3377,1.);
#2170=VECTOR('',#3378,1.);
#2171=VECTOR('',#3379,1.);
#2172=VECTOR('',#3382,1.);
#2173=VECTOR('',#3383,1.);
#2174=VECTOR('',#3384,1.);
#2175=VECTOR('',#3387,1.);
#2176=VECTOR('',#3388,1.);
#2177=VECTOR('',#3389,1.);
#2178=VECTOR('',#3390,1.);
#2179=VECTOR('',#3391,1.);
#2180=VECTOR('',#3392,1.);
#2181=VECTOR('',#3393,1.);
#2182=VECTOR('',#3396,1.);
#2183=VECTOR('',#3397,1.);
#2184=VECTOR('',#3398,1.);
#2185=VECTOR('',#3399,1.);
#2186=VECTOR('',#3400,1.);
#2187=VECTOR('',#3401,1.);
#2188=VECTOR('',#3402,1.);
#2189=VECTOR('',#3403,1.);
#2190=VECTOR('',#3404,1.);
#2191=VECTOR('',#3405,1.);
#2192=VECTOR('',#3406,1.);
#2193=VECTOR('',#3407,1.);
#2194=VECTOR('',#3408,1.);
#2195=VECTOR('',#3409,1.);
#2196=VECTOR('',#3410,1.);
#2197=VECTOR('',#3411,1.);
#2198=VECTOR('',#3412,1.);
#2199=VECTOR('',#3421,1.);
#2200=VECTOR('',#3422,1.);
#2201=VECTOR('',#3425,1.);
#2202=VECTOR('',#3426,1.);
#2203=VECTOR('',#3429,1.);
#2204=VECTOR('',#3430,1.);
#2205=VECTOR('',#3435,1.);
#2206=VECTOR('',#3438,1.);
#2207=VECTOR('',#3439,1.);
#2208=VECTOR('',#3440,1.);
#2209=VECTOR('',#3441,1.);
#2210=VECTOR('',#3442,1.);
#2211=VECTOR('',#3443,1.);
#2212=VECTOR('',#3444,1.);
#2213=VECTOR('',#3445,1.);
#2214=VECTOR('',#3448,1.);
#2215=VECTOR('',#3449,1.);
#2216=VECTOR('',#3452,1.);
#2217=VECTOR('',#3457,1.);
#2218=VECTOR('',#3458,1.);
#2219=VECTOR('',#3459,1.);
#2220=VECTOR('',#3462,1.);
#2221=VECTOR('',#3463,1.);
#2222=VECTOR('',#3468,1.);
#2223=VECTOR('',#3469,1.);
#2224=VECTOR('',#3470,1.);
#2225=VECTOR('',#3473,1.);
#2226=VECTOR('',#3474,1.);
#2227=VECTOR('',#3477,1.);
#2228=VECTOR('',#3478,1.);
#2229=VECTOR('',#3481,1.);
#2230=VECTOR('',#3482,1.);
#2231=VECTOR('',#3485,1.);
#2232=VECTOR('',#3486,1.);
#2233=VECTOR('',#3489,1.);
#2234=VECTOR('',#3490,1.);
#2235=VECTOR('',#3493,1.);
#2236=VECTOR('',#3494,1.);
#2237=VECTOR('',#3497,1.);
#2238=VECTOR('',#3498,1.);
#2239=VECTOR('',#3501,1.);
#2240=VECTOR('',#3504,1.);
#2241=VECTOR('',#3505,1.);
#2242=VECTOR('',#3506,1.);
#2243=VECTOR('',#3509,1.);
#2244=VECTOR('',#3510,1.);
#2245=VECTOR('',#3511,1.);
#2246=VECTOR('',#3514,1.);
#2247=VECTOR('',#3515,1.);
#2248=VECTOR('',#3518,1.);
#2249=VECTOR('',#3519,1.);
#2250=VECTOR('',#3522,1.);
#2251=VECTOR('',#3523,1.);
#2252=VECTOR('',#3526,1.);
#2253=VECTOR('',#3527,1.);
#2254=VECTOR('',#3530,1.);
#2255=VECTOR('',#3531,1.);
#2256=VECTOR('',#3534,1.);
#2257=VECTOR('',#3537,1.);
#2258=VECTOR('',#3546,1.);
#2259=VECTOR('',#3549,1.);
#2260=VECTOR('',#3550,1.);
#2261=VECTOR('',#3551,1.);
#2262=VECTOR('',#3552,1.);
#2263=VECTOR('',#3553,1.);
#2264=VECTOR('',#3554,1.);
#2265=VECTOR('',#3555,1.);
#2266=VECTOR('',#3560,1.);
#2267=VECTOR('',#3561,1.);
#2268=VECTOR('',#3562,1.);
#2269=VECTOR('',#3565,1.);
#2270=VECTOR('',#3566,1.);
#2271=VECTOR('',#3569,1.);
#2272=VECTOR('',#3570,1.);
#2273=VECTOR('',#3573,1.);
#2274=VECTOR('',#3574,1.);
#2275=VECTOR('',#3577,1.);
#2276=VECTOR('',#3578,1.);
#2277=VECTOR('',#3581,1.);
#2278=VECTOR('',#3582,1.);
#2279=VECTOR('',#3585,1.);
#2280=VECTOR('',#3586,1.);
#2281=VECTOR('',#3589,1.);
#2282=VECTOR('',#3590,1.);
#2283=VECTOR('',#3593,1.);
#2284=VECTOR('',#3596,1.);
#2285=VECTOR('',#3597,1.);
#2286=VECTOR('',#3598,1.);
#2287=VECTOR('',#3601,1.);
#2288=VECTOR('',#3602,1.);
#2289=VECTOR('',#3603,1.);
#2290=VECTOR('',#3606,1.);
#2291=VECTOR('',#3607,1.);
#2292=VECTOR('',#3610,1.);
#2293=VECTOR('',#3611,1.);
#2294=VECTOR('',#3614,1.);
#2295=VECTOR('',#3615,1.);
#2296=VECTOR('',#3618,1.);
#2297=VECTOR('',#3619,1.);
#2298=VECTOR('',#3622,1.);
#2299=VECTOR('',#3623,1.);
#2300=VECTOR('',#3626,1.);
#2301=VECTOR('',#3629,1.);
#2302=VECTOR('',#3640,1.);
#2303=VECTOR('',#3641,1.);
#2304=VECTOR('',#3644,1.);
#2305=VECTOR('',#3645,1.);
#2306=VECTOR('',#3646,1.);
#2307=VECTOR('',#3649,1.);
#2308=VECTOR('',#3650,1.);
#2309=VECTOR('',#3653,1.);
#2310=VECTOR('',#3654,1.);
#2311=VECTOR('',#3657,1.);
#2312=VECTOR('',#3658,1.);
#2313=VECTOR('',#3661,1.);
#2314=VECTOR('',#3662,1.);
#2315=VECTOR('',#3665,1.);
#2316=VECTOR('',#3666,1.);
#2317=VECTOR('',#3669,1.);
#2318=VECTOR('',#3670,1.);
#2319=VECTOR('',#3673,1.);
#2320=VECTOR('',#3674,1.);
#2321=VECTOR('',#3677,1.);
#2322=VECTOR('',#3680,1.);
#2323=VECTOR('',#3681,1.);
#2324=VECTOR('',#3682,1.);
#2325=VECTOR('',#3683,1.);
#2326=VECTOR('',#3686,1.);
#2327=VECTOR('',#3687,1.);
#2328=VECTOR('',#3688,1.);
#2329=VECTOR('',#3691,1.);
#2330=VECTOR('',#3694,1.);
#2331=VECTOR('',#3695,1.);
#2332=VECTOR('',#3698,1.);
#2333=VECTOR('',#3699,1.);
#2334=VECTOR('',#3700,1.);
#2335=VECTOR('',#3703,1.);
#2336=VECTOR('',#3704,1.);
#2337=VECTOR('',#3705,1.);
#2338=VECTOR('',#3708,1.);
#2339=VECTOR('',#3709,1.);
#2340=VECTOR('',#3712,1.);
#2341=VECTOR('',#3721,1.);
#2342=VECTOR('',#3722,1.);
#2343=VECTOR('',#3723,1.);
#2344=VECTOR('',#3726,1.);
#2345=VECTOR('',#3727,1.);
#2346=VECTOR('',#3730,1.);
#2347=VECTOR('',#3731,1.);
#2348=VECTOR('',#3734,1.);
#2349=VECTOR('',#3735,1.);
#2350=VECTOR('',#3738,1.);
#2351=VECTOR('',#3739,1.);
#2352=VECTOR('',#3742,1.);
#2353=VECTOR('',#3743,1.);
#2354=VECTOR('',#3746,1.);
#2355=VECTOR('',#3747,1.);
#2356=VECTOR('',#3750,1.);
#2357=VECTOR('',#3751,1.);
#2358=VECTOR('',#3754,1.);
#2359=VECTOR('',#3757,1.);
#2360=VECTOR('',#3758,1.);
#2361=VECTOR('',#3759,1.);
#2362=VECTOR('',#3760,1.);
#2363=VECTOR('',#3763,1.);
#2364=VECTOR('',#3764,1.);
#2365=VECTOR('',#3765,1.);
#2366=VECTOR('',#3768,1.);
#2367=VECTOR('',#3771,1.);
#2368=VECTOR('',#3772,1.);
#2369=VECTOR('',#3775,1.);
#2370=VECTOR('',#3776,1.);
#2371=VECTOR('',#3777,1.);
#2372=VECTOR('',#3780,1.);
#2373=VECTOR('',#3781,1.);
#2374=VECTOR('',#3782,1.);
#2375=VECTOR('',#3785,1.);
#2376=VECTOR('',#3786,1.);
#2377=VECTOR('',#3789,1.);
#2378=VECTOR('',#3796,1.);
#2379=VECTOR('',#3797,1.);
#2380=VECTOR('',#3798,1.);
#2381=VECTOR('',#3801,1.);
#2382=VECTOR('',#3804,1.);
#2383=VECTOR('',#3813,1.);
#2384=VECTOR('',#3820,1.);
#2385=VECTOR('',#3827,1.);
#2386=VECTOR('',#3828,1.);
#2387=VECTOR('',#3839,1.);
#2388=VECTOR('',#3840,1.);
#2389=VECTOR('',#3847,1.);
#2390=VECTOR('',#3848,1.);
#2391=VECTOR('',#3849,1.);
#2392=VECTOR('',#3852,1.);
#2393=VECTOR('',#3853,1.);
#2394=VECTOR('',#3856,1.);
#2395=VECTOR('',#3859,1.);
#2396=VECTOR('',#3864,1.);
#2397=VECTOR('',#3865,1.);
#2398=VECTOR('',#3866,1.);
#2399=VECTOR('',#3869,1.);
#2400=VECTOR('',#3870,1.);
#2401=VECTOR('',#3873,1.);
#2402=VECTOR('',#3874,1.);
#2403=EDGE_LOOP('',(#47,#48,#49,#50));
#2404=EDGE_LOOP('',(#51,#52,#53,#54));
#2405=EDGE_LOOP('',(#55,#56,#57,#58));
#2406=EDGE_LOOP('',(#59,#60,#61,#62,#63,#64,#65,#66,#67,#68,#69,#70,#71,
#72,#73,#74,#75,#76,#77,#78,#79,#80));
#2407=EDGE_LOOP('',(#81,#82,#83,#84));
#2408=EDGE_LOOP('',(#85,#86,#87,#88,#89,#90,#91,#92,#93,#94));
#2409=EDGE_LOOP('',(#95,#96,#97,#98,#99,#100,#101,#102,#103,#104));
#2410=EDGE_LOOP('',(#105,#106,#107,#108,#109,#110,#111,#112,#113,#114,#115,
#116,#117,#118,#119,#120,#121,#122,#123,#124,#125,#126,#127,#128,#129,#130,
#131,#132,#133,#134,#135,#136,#137,#138,#139,#140,#141,#142));
#2411=EDGE_LOOP('',(#143,#144,#145,#146,#147,#148));
#2412=EDGE_LOOP('',(#149,#150,#151,#152));
#2413=EDGE_LOOP('',(#153,#154,#155,#156,#157,#158));
#2414=EDGE_LOOP('',(#159,#160,#161,#162));
#2415=EDGE_LOOP('',(#163,#164,#165,#166));
#2416=EDGE_LOOP('',(#167,#168,#169,#170));
#2417=EDGE_LOOP('',(#171,#172,#173,#174));
#2418=EDGE_LOOP('',(#175,#176,#177,#178));
#2419=EDGE_LOOP('',(#179,#180,#181,#182));
#2420=EDGE_LOOP('',(#183,#184,#185,#186,#187,#188,#189,#190,#191));
#2421=EDGE_LOOP('',(#192,#193,#194,#195));
#2422=EDGE_LOOP('',(#196,#197,#198,#199,#200,#201,#202,#203,#204,#205,#206,
#207,#208,#209,#210,#211,#212,#213,#214,#215,#216,#217,#218,#219,#220,#221,
#222,#223,#224,#225,#226,#227,#228,#229,#230,#231,#232,#233));
#2423=EDGE_LOOP('',(#234,#235,#236,#237));
#2424=EDGE_LOOP('',(#238,#239,#240,#241,#242,#243,#244,#245,#246));
#2425=EDGE_LOOP('',(#247,#248,#249,#250,#251,#252,#253,#254,#255,#256,#257,
#258,#259,#260,#261,#262,#263,#264,#265,#266,#267,#268,#269,#270,#271,#272,
#273,#274));
#2426=EDGE_LOOP('',(#275));
#2427=EDGE_LOOP('',(#276,#277,#278,#279));
#2428=EDGE_LOOP('',(#280));
#2429=EDGE_LOOP('',(#281));
#2430=EDGE_LOOP('',(#282,#283,#284,#285));
#2431=EDGE_LOOP('',(#286,#287,#288,#289));
#2432=EDGE_LOOP('',(#290,#291,#292,#293,#294,#295,#296,#297));
#2433=EDGE_LOOP('',(#298));
#2434=EDGE_LOOP('',(#299,#300,#301,#302));
#2435=EDGE_LOOP('',(#303,#304,#305,#306,#307,#308,#309,#310,#311,#312));
#2436=EDGE_LOOP('',(#313,#314,#315,#316,#317,#318,#319,#320,#321,#322,#323,
#324));
#2437=EDGE_LOOP('',(#325,#326,#327,#328,#329,#330,#331,#332));
#2438=EDGE_LOOP('',(#333,#334,#335,#336));
#2439=EDGE_LOOP('',(#337,#338,#339,#340));
#2440=EDGE_LOOP('',(#341,#342,#343,#344,#345));
#2441=EDGE_LOOP('',(#346,#347,#348,#349));
#2442=EDGE_LOOP('',(#350,#351,#352,#353));
#2443=EDGE_LOOP('',(#354,#355,#356,#357));
#2444=EDGE_LOOP('',(#358,#359,#360,#361));
#2445=EDGE_LOOP('',(#362,#363,#364,#365));
#2446=EDGE_LOOP('',(#366,#367,#368,#369));
#2447=EDGE_LOOP('',(#370,#371,#372,#373,#374));
#2448=EDGE_LOOP('',(#375,#376,#377,#378,#379,#380,#381,#382,#383));
#2449=EDGE_LOOP('',(#384,#385,#386,#387,#388));
#2450=EDGE_LOOP('',(#389,#390,#391,#392,#393));
#2451=EDGE_LOOP('',(#394,#395,#396,#397));
#2452=EDGE_LOOP('',(#398,#399,#400,#401));
#2453=EDGE_LOOP('',(#402,#403,#404,#405));
#2454=EDGE_LOOP('',(#406,#407,#408,#409));
#2455=EDGE_LOOP('',(#410,#411,#412,#413));
#2456=EDGE_LOOP('',(#414,#415,#416,#417));
#2457=EDGE_LOOP('',(#418,#419,#420,#421,#422,#423,#424,#425,#426));
#2458=EDGE_LOOP('',(#427,#428,#429,#430));
#2459=EDGE_LOOP('',(#431,#432,#433,#434));
#2460=EDGE_LOOP('',(#435,#436,#437,#438));
#2461=EDGE_LOOP('',(#439,#440,#441,#442));
#2462=EDGE_LOOP('',(#443,#444,#445,#446));
#2463=EDGE_LOOP('',(#447,#448,#449,#450,#451,#452,#453,#454,#455,#456));
#2464=EDGE_LOOP('',(#457,#458,#459,#460));
#2465=EDGE_LOOP('',(#461,#462,#463,#464,#465));
#2466=EDGE_LOOP('',(#466,#467,#468,#469));
#2467=EDGE_LOOP('',(#470,#471,#472,#473));
#2468=EDGE_LOOP('',(#474,#475,#476,#477));
#2469=EDGE_LOOP('',(#478,#479,#480,#481));
#2470=EDGE_LOOP('',(#482,#483,#484,#485));
#2471=EDGE_LOOP('',(#486,#487,#488,#489));
#2472=EDGE_LOOP('',(#490,#491,#492,#493,#494));
#2473=EDGE_LOOP('',(#495,#496,#497,#498,#499,#500,#501,#502,#503));
#2474=EDGE_LOOP('',(#504,#505,#506,#507,#508));
#2475=EDGE_LOOP('',(#509,#510,#511,#512,#513));
#2476=EDGE_LOOP('',(#514,#515,#516,#517));
#2477=EDGE_LOOP('',(#518,#519,#520,#521));
#2478=EDGE_LOOP('',(#522,#523,#524,#525));
#2479=EDGE_LOOP('',(#526,#527,#528,#529));
#2480=EDGE_LOOP('',(#530,#531,#532,#533));
#2481=EDGE_LOOP('',(#534,#535,#536,#537));
#2482=EDGE_LOOP('',(#538,#539,#540,#541,#542,#543,#544,#545,#546));
#2483=EDGE_LOOP('',(#547,#548,#549,#550));
#2484=EDGE_LOOP('',(#551,#552,#553,#554));
#2485=EDGE_LOOP('',(#555,#556,#557,#558));
#2486=EDGE_LOOP('',(#559,#560,#561,#562));
#2487=EDGE_LOOP('',(#563,#564,#565,#566));
#2488=EDGE_LOOP('',(#567,#568,#569,#570));
#2489=EDGE_LOOP('',(#571,#572,#573,#574,#575));
#2490=EDGE_LOOP('',(#576,#577,#578,#579));
#2491=EDGE_LOOP('',(#580,#581,#582,#583));
#2492=EDGE_LOOP('',(#584,#585,#586,#587));
#2493=EDGE_LOOP('',(#588,#589,#590,#591));
#2494=EDGE_LOOP('',(#592,#593,#594,#595));
#2495=EDGE_LOOP('',(#596,#597,#598,#599));
#2496=EDGE_LOOP('',(#600,#601,#602,#603,#604));
#2497=EDGE_LOOP('',(#605,#606,#607,#608,#609,#610,#611,#612,#613));
#2498=EDGE_LOOP('',(#614,#615,#616,#617,#618));
#2499=EDGE_LOOP('',(#619,#620,#621,#622,#623));
#2500=EDGE_LOOP('',(#624,#625,#626,#627));
#2501=EDGE_LOOP('',(#628,#629,#630,#631));
#2502=EDGE_LOOP('',(#632,#633,#634,#635,#636));
#2503=EDGE_LOOP('',(#637,#638,#639,#640));
#2504=EDGE_LOOP('',(#641,#642,#643,#644));
#2505=EDGE_LOOP('',(#645,#646,#647,#648,#649,#650,#651,#652,#653));
#2506=EDGE_LOOP('',(#654,#655,#656,#657));
#2507=EDGE_LOOP('',(#658,#659,#660,#661));
#2508=EDGE_LOOP('',(#662,#663,#664,#665));
#2509=EDGE_LOOP('',(#666,#667,#668,#669));
#2510=EDGE_LOOP('',(#670,#671,#672,#673,#674));
#2511=EDGE_LOOP('',(#675,#676,#677,#678));
#2512=EDGE_LOOP('',(#679,#680,#681,#682));
#2513=EDGE_LOOP('',(#683,#684,#685,#686));
#2514=EDGE_LOOP('',(#687,#688,#689,#690));
#2515=EDGE_LOOP('',(#691,#692,#693,#694));
#2516=EDGE_LOOP('',(#695,#696,#697,#698));
#2517=EDGE_LOOP('',(#699,#700,#701,#702,#703));
#2518=EDGE_LOOP('',(#704,#705,#706,#707,#708,#709,#710,#711,#712));
#2519=EDGE_LOOP('',(#713,#714,#715,#716,#717));
#2520=EDGE_LOOP('',(#718,#719,#720,#721,#722));
#2521=EDGE_LOOP('',(#723,#724,#725,#726));
#2522=EDGE_LOOP('',(#727,#728,#729,#730));
#2523=EDGE_LOOP('',(#731,#732,#733,#734,#735));
#2524=EDGE_LOOP('',(#736,#737,#738,#739));
#2525=EDGE_LOOP('',(#740,#741,#742,#743));
#2526=EDGE_LOOP('',(#744,#745,#746,#747,#748,#749,#750,#751,#752));
#2527=EDGE_LOOP('',(#753,#754,#755,#756));
#2528=EDGE_LOOP('',(#757,#758,#759,#760));
#2529=EDGE_LOOP('',(#761,#762,#763,#764));
#2530=EDGE_LOOP('',(#765,#766,#767,#768));
#2531=EDGE_LOOP('',(#769,#770,#771,#772));
#2532=EDGE_LOOP('',(#773,#774,#775,#776,#777,#778));
#2533=EDGE_LOOP('',(#779,#780,#781,#782,#783));
#2534=EDGE_LOOP('',(#784,#785,#786,#787,#788));
#2535=EDGE_LOOP('',(#789,#790,#791,#792,#793,#794));
#2536=EDGE_LOOP('',(#795,#796,#797,#798));
#2537=EDGE_LOOP('',(#799,#800,#801,#802,#803));
#2538=EDGE_LOOP('',(#804,#805,#806,#807,#808,#809));
#2539=EDGE_LOOP('',(#810,#811,#812,#813));
#2540=EDGE_LOOP('',(#814,#815,#816,#817,#818));
#2541=EDGE_LOOP('',(#819,#820,#821,#822));
#2542=EDGE_LOOP('',(#823,#824,#825,#826,#827));
#2543=EDGE_LOOP('',(#828,#829,#830,#831,#832));
#2544=EDGE_LOOP('',(#833,#834,#835,#836));
#2545=EDGE_LOOP('',(#837,#838,#839,#840));
#2546=EDGE_LOOP('',(#841,#842,#843,#844));
#2547=EDGE_LOOP('',(#845,#846,#847,#848,#849));
#2548=EDGE_LOOP('',(#850,#851,#852,#853,#854));
#2549=EDGE_LOOP('',(#855,#856,#857,#858));
#2550=EDGE_LOOP('',(#859,#860,#861,#862));
#2551=EDGE_LOOP('',(#863,#864,#865,#866,#867));
#2552=EDGE_LOOP('',(#868,#869,#870,#871));
#2553=EDGE_LOOP('',(#872,#873,#874,#875,#876));
#2554=EDGE_LOOP('',(#877,#878,#879,#880,#881));
#2555=EDGE_LOOP('',(#882,#883,#884,#885));
#2556=EDGE_LOOP('',(#886,#887,#888,#889,#890));
#2557=EDGE_LOOP('',(#891,#892,#893,#894));
#2558=EDGE_LOOP('',(#895,#896,#897,#898));
#2559=FACE_BOUND('',#2403,.T.);
#2560=FACE_BOUND('',#2404,.T.);
#2561=FACE_BOUND('',#2405,.T.);
#2562=FACE_BOUND('',#2406,.T.);
#2563=FACE_BOUND('',#2407,.T.);
#2564=FACE_BOUND('',#2408,.T.);
#2565=FACE_BOUND('',#2409,.T.);
#2566=FACE_BOUND('',#2410,.T.);
#2567=FACE_BOUND('',#2411,.T.);
#2568=FACE_BOUND('',#2412,.T.);
#2569=FACE_BOUND('',#2413,.T.);
#2570=FACE_BOUND('',#2414,.T.);
#2571=FACE_BOUND('',#2415,.T.);
#2572=FACE_BOUND('',#2416,.T.);
#2573=FACE_BOUND('',#2417,.T.);
#2574=FACE_BOUND('',#2418,.T.);
#2575=FACE_BOUND('',#2419,.T.);
#2576=FACE_BOUND('',#2420,.T.);
#2577=FACE_BOUND('',#2421,.T.);
#2578=FACE_BOUND('',#2422,.T.);
#2579=FACE_BOUND('',#2423,.T.);
#2580=FACE_BOUND('',#2424,.T.);
#2581=FACE_BOUND('',#2425,.T.);
#2582=FACE_BOUND('',#2426,.T.);
#2583=FACE_BOUND('',#2427,.T.);
#2584=FACE_BOUND('',#2428,.T.);
#2585=FACE_BOUND('',#2429,.T.);
#2586=FACE_BOUND('',#2430,.T.);
#2587=FACE_BOUND('',#2431,.T.);
#2588=FACE_BOUND('',#2432,.T.);
#2589=FACE_BOUND('',#2433,.T.);
#2590=FACE_BOUND('',#2434,.T.);
#2591=FACE_BOUND('',#2435,.T.);
#2592=FACE_BOUND('',#2436,.T.);
#2593=FACE_BOUND('',#2437,.T.);
#2594=FACE_BOUND('',#2438,.T.);
#2595=FACE_BOUND('',#2439,.T.);
#2596=FACE_BOUND('',#2440,.T.);
#2597=FACE_BOUND('',#2441,.T.);
#2598=FACE_BOUND('',#2442,.T.);
#2599=FACE_BOUND('',#2443,.T.);
#2600=FACE_BOUND('',#2444,.T.);
#2601=FACE_BOUND('',#2445,.T.);
#2602=FACE_BOUND('',#2446,.T.);
#2603=FACE_BOUND('',#2447,.T.);
#2604=FACE_BOUND('',#2448,.T.);
#2605=FACE_BOUND('',#2449,.T.);
#2606=FACE_BOUND('',#2450,.T.);
#2607=FACE_BOUND('',#2451,.T.);
#2608=FACE_BOUND('',#2452,.T.);
#2609=FACE_BOUND('',#2453,.T.);
#2610=FACE_BOUND('',#2454,.T.);
#2611=FACE_BOUND('',#2455,.T.);
#2612=FACE_BOUND('',#2456,.T.);
#2613=FACE_BOUND('',#2457,.T.);
#2614=FACE_BOUND('',#2458,.T.);
#2615=FACE_BOUND('',#2459,.T.);
#2616=FACE_BOUND('',#2460,.T.);
#2617=FACE_BOUND('',#2461,.T.);
#2618=FACE_BOUND('',#2462,.T.);
#2619=FACE_BOUND('',#2463,.T.);
#2620=FACE_BOUND('',#2464,.T.);
#2621=FACE_BOUND('',#2465,.T.);
#2622=FACE_BOUND('',#2466,.T.);
#2623=FACE_BOUND('',#2467,.T.);
#2624=FACE_BOUND('',#2468,.T.);
#2625=FACE_BOUND('',#2469,.T.);
#2626=FACE_BOUND('',#2470,.T.);
#2627=FACE_BOUND('',#2471,.T.);
#2628=FACE_BOUND('',#2472,.T.);
#2629=FACE_BOUND('',#2473,.T.);
#2630=FACE_BOUND('',#2474,.T.);
#2631=FACE_BOUND('',#2475,.T.);
#2632=FACE_BOUND('',#2476,.T.);
#2633=FACE_BOUND('',#2477,.T.);
#2634=FACE_BOUND('',#2478,.T.);
#2635=FACE_BOUND('',#2479,.T.);
#2636=FACE_BOUND('',#2480,.T.);
#2637=FACE_BOUND('',#2481,.T.);
#2638=FACE_BOUND('',#2482,.T.);
#2639=FACE_BOUND('',#2483,.T.);
#2640=FACE_BOUND('',#2484,.T.);
#2641=FACE_BOUND('',#2485,.T.);
#2642=FACE_BOUND('',#2486,.T.);
#2643=FACE_BOUND('',#2487,.T.);
#2644=FACE_BOUND('',#2488,.T.);
#2645=FACE_BOUND('',#2489,.T.);
#2646=FACE_BOUND('',#2490,.T.);
#2647=FACE_BOUND('',#2491,.T.);
#2648=FACE_BOUND('',#2492,.T.);
#2649=FACE_BOUND('',#2493,.T.);
#2650=FACE_BOUND('',#2494,.T.);
#2651=FACE_BOUND('',#2495,.T.);
#2652=FACE_BOUND('',#2496,.T.);
#2653=FACE_BOUND('',#2497,.T.);
#2654=FACE_BOUND('',#2498,.T.);
#2655=FACE_BOUND('',#2499,.T.);
#2656=FACE_BOUND('',#2500,.T.);
#2657=FACE_BOUND('',#2501,.T.);
#2658=FACE_BOUND('',#2502,.T.);
#2659=FACE_BOUND('',#2503,.T.);
#2660=FACE_BOUND('',#2504,.T.);
#2661=FACE_BOUND('',#2505,.T.);
#2662=FACE_BOUND('',#2506,.T.);
#2663=FACE_BOUND('',#2507,.T.);
#2664=FACE_BOUND('',#2508,.T.);
#2665=FACE_BOUND('',#2509,.T.);
#2666=FACE_BOUND('',#2510,.T.);
#2667=FACE_BOUND('',#2511,.T.);
#2668=FACE_BOUND('',#2512,.T.);
#2669=FACE_BOUND('',#2513,.T.);
#2670=FACE_BOUND('',#2514,.T.);
#2671=FACE_BOUND('',#2515,.T.);
#2672=FACE_BOUND('',#2516,.T.);
#2673=FACE_BOUND('',#2517,.T.);
#2674=FACE_BOUND('',#2518,.T.);
#2675=FACE_BOUND('',#2519,.T.);
#2676=FACE_BOUND('',#2520,.T.);
#2677=FACE_BOUND('',#2521,.T.);
#2678=FACE_BOUND('',#2522,.T.);
#2679=FACE_BOUND('',#2523,.T.);
#2680=FACE_BOUND('',#2524,.T.);
#2681=FACE_BOUND('',#2525,.T.);
#2682=FACE_BOUND('',#2526,.T.);
#2683=FACE_BOUND('',#2527,.T.);
#2684=FACE_BOUND('',#2528,.T.);
#2685=FACE_BOUND('',#2529,.T.);
#2686=FACE_BOUND('',#2530,.T.);
#2687=FACE_BOUND('',#2531,.T.);
#2688=FACE_BOUND('',#2532,.T.);
#2689=FACE_BOUND('',#2533,.T.);
#2690=FACE_BOUND('',#2534,.T.);
#2691=FACE_BOUND('',#2535,.T.);
#2692=FACE_BOUND('',#2536,.T.);
#2693=FACE_BOUND('',#2537,.T.);
#2694=FACE_BOUND('',#2538,.T.);
#2695=FACE_BOUND('',#2539,.T.);
#2696=FACE_BOUND('',#2540,.T.);
#2697=FACE_BOUND('',#2541,.T.);
#2698=FACE_BOUND('',#2542,.T.);
#2699=FACE_BOUND('',#2543,.T.);
#2700=FACE_BOUND('',#2544,.T.);
#2701=FACE_BOUND('',#2545,.T.);
#2702=FACE_BOUND('',#2546,.T.);
#2703=FACE_BOUND('',#2547,.T.);
#2704=FACE_BOUND('',#2548,.T.);
#2705=FACE_BOUND('',#2549,.T.);
#2706=FACE_BOUND('',#2550,.T.);
#2707=FACE_BOUND('',#2551,.T.);
#2708=FACE_BOUND('',#2552,.T.);
#2709=FACE_BOUND('',#2553,.T.);
#2710=FACE_BOUND('',#2554,.T.);
#2711=FACE_BOUND('',#2555,.T.);
#2712=FACE_BOUND('',#2556,.T.);
#2713=FACE_BOUND('',#2557,.T.);
#2714=FACE_BOUND('',#2558,.T.);
#2715=PLANE('',#3015);
#2716=PLANE('',#3016);
#2717=PLANE('',#3017);
#2718=PLANE('',#3018);
#2719=PLANE('',#3021);
#2720=PLANE('',#3022);
#2721=PLANE('',#3023);
#2722=PLANE('',#3024);
#2723=PLANE('',#3025);
#2724=PLANE('',#3026);
#2725=PLANE('',#3027);
#2726=PLANE('',#3028);
#2727=PLANE('',#3029);
#2728=PLANE('',#3030);
#2729=PLANE('',#3031);
#2730=PLANE('',#3032);
#2731=PLANE('',#3035);
#2732=PLANE('',#3036);
#2733=PLANE('',#3037);
#2734=PLANE('',#3041);
#2735=PLANE('',#3042);
#2736=PLANE('',#3043);
#2737=PLANE('',#3046);
#2738=PLANE('',#3047);
#2739=PLANE('',#3051);
#2740=PLANE('',#3052);
#2741=PLANE('',#3053);
#2742=PLANE('',#3054);
#2743=PLANE('',#3055);
#2744=PLANE('',#3056);
#2745=PLANE('',#3057);
#2746=PLANE('',#3058);
#2747=PLANE('',#3059);
#2748=PLANE('',#3060);
#2749=PLANE('',#3061);
#2750=PLANE('',#3062);
#2751=PLANE('',#3063);
#2752=PLANE('',#3064);
#2753=PLANE('',#3065);
#2754=PLANE('',#3066);
#2755=PLANE('',#3067);
#2756=PLANE('',#3068);
#2757=PLANE('',#3069);
#2758=PLANE('',#3070);
#2759=PLANE('',#3071);
#2760=PLANE('',#3072);
#2761=PLANE('',#3073);
#2762=PLANE('',#3075);
#2763=PLANE('',#3076);
#2764=PLANE('',#3077);
#2765=PLANE('',#3078);
#2766=PLANE('',#3079);
#2767=PLANE('',#3080);
#2768=PLANE('',#3081);
#2769=PLANE('',#3082);
#2770=PLANE('',#3083);
#2771=PLANE('',#3084);
#2772=PLANE('',#3085);
#2773=PLANE('',#3086);
#2774=PLANE('',#3087);
#2775=PLANE('',#3088);
#2776=PLANE('',#3089);
#2777=PLANE('',#3090);
#2778=PLANE('',#3091);
#2779=PLANE('',#3092);
#2780=PLANE('',#3093);
#2781=PLANE('',#3094);
#2782=PLANE('',#3095);
#2783=PLANE('',#3096);
#2784=PLANE('',#3097);
#2785=PLANE('',#3099);
#2786=PLANE('',#3100);
#2787=PLANE('',#3101);
#2788=PLANE('',#3102);
#2789=PLANE('',#3103);
#2790=PLANE('',#3104);
#2791=PLANE('',#3105);
#2792=PLANE('',#3106);
#2793=PLANE('',#3107);
#2794=PLANE('',#3108);
#2795=PLANE('',#3109);
#2796=PLANE('',#3110);
#2797=PLANE('',#3111);
#2798=PLANE('',#3112);
#2799=PLANE('',#3113);
#2800=PLANE('',#3114);
#2801=PLANE('',#3115);
#2802=PLANE('',#3116);
#2803=PLANE('',#3117);
#2804=PLANE('',#3118);
#2805=PLANE('',#3120);
#2806=PLANE('',#3121);
#2807=PLANE('',#3122);
#2808=PLANE('',#3123);
#2809=PLANE('',#3124);
#2810=PLANE('',#3125);
#2811=PLANE('',#3126);
#2812=PLANE('',#3127);
#2813=PLANE('',#3128);
#2814=PLANE('',#3129);
#2815=PLANE('',#3130);
#2816=PLANE('',#3131);
#2817=PLANE('',#3132);
#2818=PLANE('',#3133);
#2819=PLANE('',#3134);
#2820=PLANE('',#3135);
#2821=PLANE('',#3136);
#2822=PLANE('',#3137);
#2823=PLANE('',#3138);
#2824=PLANE('',#3139);
#2825=PLANE('',#3140);
#2826=PLANE('',#3141);
#2827=PLANE('',#3142);
#2828=PLANE('',#3143);
#2829=PLANE('',#3144);
#2830=PLANE('',#3145);
#2831=PLANE('',#3146);
#2832=PLANE('',#3147);
#2833=PLANE('',#3148);
#2834=PLANE('',#3149);
#2835=PLANE('',#3150);
#2836=PLANE('',#3151);
#2837=PLANE('',#3152);
#2838=PLANE('',#3153);
#2839=PLANE('',#3154);
#2840=PLANE('',#3155);
#2841=PLANE('',#3156);
#2842=PLANE('',#3157);
#2843=PLANE('',#3158);
#2844=PLANE('',#3159);
#2845=PLANE('',#3160);
#2846=PLANE('',#3161);
#2847=PLANE('',#3162);
#2848=PLANE('',#3163);
#2849=PLANE('',#3164);
#2850=PLANE('',#3165);
#2851=PLANE('',#3166);
#2852=PLANE('',#3167);
#2853=PLANE('',#3168);
#2854=ADVANCED_FACE('',(#2559,#2560,#2561,#2562,#2563),#2715,.F.);
#2855=ADVANCED_FACE('',(#2564),#2716,.F.);
#2856=ADVANCED_FACE('',(#2565),#2717,.F.);
#2857=ADVANCED_FACE('',(#2566),#2718,.T.);
#2858=ADVANCED_FACE('',(#2567),#2719,.T.);
#2859=ADVANCED_FACE('',(#2568),#2720,.T.);
#2860=ADVANCED_FACE('',(#2569),#2721,.T.);
#2861=ADVANCED_FACE('',(#2570),#2722,.T.);
#2862=ADVANCED_FACE('',(#2571),#2723,.T.);
#2863=ADVANCED_FACE('',(#2572),#2724,.T.);
#2864=ADVANCED_FACE('',(#2573),#2725,.T.);
#2865=ADVANCED_FACE('',(#2574),#2726,.T.);
#2866=ADVANCED_FACE('',(#2575),#2727,.T.);
#2867=ADVANCED_FACE('',(#2576),#2728,.F.);
#2868=ADVANCED_FACE('',(#2577),#2729,.F.);
#2869=ADVANCED_FACE('',(#2578),#2730,.T.);
#2870=ADVANCED_FACE('',(#2579),#2731,.T.);
#2871=ADVANCED_FACE('',(#2580),#2732,.F.);
#2872=ADVANCED_FACE('',(#2581,#2582),#2733,.T.);
#2873=ADVANCED_FACE('',(#2583),#33,.T.);
#2874=ADVANCED_FACE('',(#2584,#2585),#12,.F.);
#2875=ADVANCED_FACE('',(#2586),#2734,.F.);
#2876=ADVANCED_FACE('',(#2587),#2735,.T.);
#2877=ADVANCED_FACE('',(#2588,#2589),#2736,.F.);
#2878=ADVANCED_FACE('',(#2590),#13,.T.);
#2879=ADVANCED_FACE('',(#2591),#2737,.F.);
#2880=ADVANCED_FACE('',(#2592,#2593),#2738,.F.);
#2881=ADVANCED_FACE('',(#2594),#2739,.T.);
#2882=ADVANCED_FACE('',(#2595),#2740,.T.);
#2883=ADVANCED_FACE('',(#2596),#2741,.T.);
#2884=ADVANCED_FACE('',(#2597),#2742,.F.);
#2885=ADVANCED_FACE('',(#2598),#2743,.F.);
#2886=ADVANCED_FACE('',(#2599),#2744,.T.);
#2887=ADVANCED_FACE('',(#2600),#2745,.F.);
#2888=ADVANCED_FACE('',(#2601),#2746,.T.);
#2889=ADVANCED_FACE('',(#2602),#2747,.T.);
#2890=ADVANCED_FACE('',(#2603),#2748,.F.);
#2891=ADVANCED_FACE('',(#2604),#2749,.T.);
#2892=ADVANCED_FACE('',(#2605),#2750,.T.);
#2893=ADVANCED_FACE('',(#2606),#2751,.T.);
#2894=ADVANCED_FACE('',(#2607),#2752,.T.);
#2895=ADVANCED_FACE('',(#2608),#2753,.F.);
#2896=ADVANCED_FACE('',(#2609),#2754,.F.);
#2897=ADVANCED_FACE('',(#2610),#2755,.T.);
#2898=ADVANCED_FACE('',(#2611),#2756,.F.);
#2899=ADVANCED_FACE('',(#2612),#2757,.F.);
#2900=ADVANCED_FACE('',(#2613),#2758,.T.);
#2901=ADVANCED_FACE('',(#2614),#2759,.T.);
#2902=ADVANCED_FACE('',(#2615),#2760,.T.);
#2903=ADVANCED_FACE('',(#2616),#34,.T.);
#2904=ADVANCED_FACE('',(#2617),#2761,.T.);
#2905=ADVANCED_FACE('',(#2618),#14,.T.);
#2906=ADVANCED_FACE('',(#2619),#2762,.F.);
#2907=ADVANCED_FACE('',(#2620),#2763,.T.);
#2908=ADVANCED_FACE('',(#2621),#2764,.T.);
#2909=ADVANCED_FACE('',(#2622),#2765,.F.);
#2910=ADVANCED_FACE('',(#2623),#2766,.F.);
#2911=ADVANCED_FACE('',(#2624),#2767,.T.);
#2912=ADVANCED_FACE('',(#2625),#2768,.F.);
#2913=ADVANCED_FACE('',(#2626),#2769,.T.);
#2914=ADVANCED_FACE('',(#2627),#2770,.T.);
#2915=ADVANCED_FACE('',(#2628),#2771,.F.);
#2916=ADVANCED_FACE('',(#2629),#2772,.T.);
#2917=ADVANCED_FACE('',(#2630),#2773,.T.);
#2918=ADVANCED_FACE('',(#2631),#2774,.T.);
#2919=ADVANCED_FACE('',(#2632),#2775,.T.);
#2920=ADVANCED_FACE('',(#2633),#2776,.F.);
#2921=ADVANCED_FACE('',(#2634),#2777,.F.);
#2922=ADVANCED_FACE('',(#2635),#2778,.T.);
#2923=ADVANCED_FACE('',(#2636),#2779,.F.);
#2924=ADVANCED_FACE('',(#2637),#2780,.F.);
#2925=ADVANCED_FACE('',(#2638),#2781,.T.);
#2926=ADVANCED_FACE('',(#2639),#2782,.T.);
#2927=ADVANCED_FACE('',(#2640),#2783,.T.);
#2928=ADVANCED_FACE('',(#2641),#35,.T.);
#2929=ADVANCED_FACE('',(#2642),#2784,.F.);
#2930=ADVANCED_FACE('',(#2643),#15,.T.);
#2931=ADVANCED_FACE('',(#2644),#2785,.T.);
#2932=ADVANCED_FACE('',(#2645),#2786,.T.);
#2933=ADVANCED_FACE('',(#2646),#2787,.F.);
#2934=ADVANCED_FACE('',(#2647),#2788,.F.);
#2935=ADVANCED_FACE('',(#2648),#2789,.T.);
#2936=ADVANCED_FACE('',(#2649),#2790,.F.);
#2937=ADVANCED_FACE('',(#2650),#2791,.T.);
#2938=ADVANCED_FACE('',(#2651),#2792,.T.);
#2939=ADVANCED_FACE('',(#2652),#2793,.F.);
#2940=ADVANCED_FACE('',(#2653),#2794,.T.);
#2941=ADVANCED_FACE('',(#2654),#2795,.T.);
#2942=ADVANCED_FACE('',(#2655),#2796,.T.);
#2943=ADVANCED_FACE('',(#2656),#2797,.T.);
#2944=ADVANCED_FACE('',(#2657),#2798,.F.);
#2945=ADVANCED_FACE('',(#2658),#2799,.T.);
#2946=ADVANCED_FACE('',(#2659),#2800,.F.);
#2947=ADVANCED_FACE('',(#2660),#2801,.F.);
#2948=ADVANCED_FACE('',(#2661),#2802,.T.);
#2949=ADVANCED_FACE('',(#2662),#2803,.T.);
#2950=ADVANCED_FACE('',(#2663),#2804,.T.);
#2951=ADVANCED_FACE('',(#2664),#36,.T.);
#2952=ADVANCED_FACE('',(#2665),#16,.T.);
#2953=ADVANCED_FACE('',(#2666),#2805,.T.);
#2954=ADVANCED_FACE('',(#2667),#2806,.F.);
#2955=ADVANCED_FACE('',(#2668),#2807,.F.);
#2956=ADVANCED_FACE('',(#2669),#2808,.T.);
#2957=ADVANCED_FACE('',(#2670),#2809,.F.);
#2958=ADVANCED_FACE('',(#2671),#2810,.T.);
#2959=ADVANCED_FACE('',(#2672),#2811,.T.);
#2960=ADVANCED_FACE('',(#2673),#2812,.F.);
#2961=ADVANCED_FACE('',(#2674),#2813,.T.);
#2962=ADVANCED_FACE('',(#2675),#2814,.T.);
#2963=ADVANCED_FACE('',(#2676),#2815,.T.);
#2964=ADVANCED_FACE('',(#2677),#2816,.T.);
#2965=ADVANCED_FACE('',(#2678),#2817,.F.);
#2966=ADVANCED_FACE('',(#2679),#2818,.T.);
#2967=ADVANCED_FACE('',(#2680),#2819,.F.);
#2968=ADVANCED_FACE('',(#2681),#2820,.F.);
#2969=ADVANCED_FACE('',(#2682),#2821,.T.);
#2970=ADVANCED_FACE('',(#2683),#2822,.T.);
#2971=ADVANCED_FACE('',(#2684),#2823,.T.);
#2972=ADVANCED_FACE('',(#2685),#2824,.F.);
#2973=ADVANCED_FACE('',(#2686),#2825,.F.);
#2974=ADVANCED_FACE('',(#2687),#2826,.T.);
#2975=ADVANCED_FACE('',(#2688),#2827,.T.);
#2976=ADVANCED_FACE('',(#2689),#2828,.T.);
#2977=ADVANCED_FACE('',(#2690),#2829,.F.);
#2978=ADVANCED_FACE('',(#2691),#2830,.F.);
#2979=ADVANCED_FACE('',(#2692),#2831,.F.);
#2980=ADVANCED_FACE('',(#2693),#2832,.T.);
#2981=ADVANCED_FACE('',(#2694),#2833,.F.);
#2982=ADVANCED_FACE('',(#2695),#2834,.F.);
#2983=ADVANCED_FACE('',(#2696),#2835,.T.);
#2984=ADVANCED_FACE('',(#2697),#2836,.T.);
#2985=ADVANCED_FACE('',(#2698),#2837,.F.);
#2986=ADVANCED_FACE('',(#2699),#2838,.T.);
#2987=ADVANCED_FACE('',(#2700),#2839,.T.);
#2988=ADVANCED_FACE('',(#2701),#2840,.F.);
#2989=ADVANCED_FACE('',(#2702),#2841,.F.);
#2990=ADVANCED_FACE('',(#2703),#2842,.T.);
#2991=ADVANCED_FACE('',(#2704),#2843,.F.);
#2992=ADVANCED_FACE('',(#2705),#2844,.T.);
#2993=ADVANCED_FACE('',(#2706),#2845,.T.);
#2994=ADVANCED_FACE('',(#2707),#2846,.F.);
#2995=ADVANCED_FACE('',(#2708),#2847,.F.);
#2996=ADVANCED_FACE('',(#2709),#2848,.T.);
#2997=ADVANCED_FACE('',(#2710),#2849,.T.);
#2998=ADVANCED_FACE('',(#2711),#2850,.T.);
#2999=ADVANCED_FACE('',(#2712),#2851,.T.);
#3000=ADVANCED_FACE('',(#2713),#2852,.F.);
#3001=ADVANCED_FACE('',(#2714),#2853,.T.);
#3002=CLOSED_SHELL('',(#2854,#2855,#2856,#2857,#2858,#2859,#2860,#2861,
#2862,#2863,#2864,#2865,#2866,#2867,#2868,#2869,#2870,#2871,#2872,#2873,
#2874,#2875,#2876,#2877,#2878,#2879,#2880,#2881,#2882,#2883,#2884,#2885,
#2886,#2887,#2888,#2889,#2890,#2891,#2892,#2893,#2894,#2895,#2896,#2897,
#2898,#2899,#2900,#2901,#2902,#2903,#2904,#2905,#2906,#2907,#2908,#2909,
#2910,#2911,#2912,#2913,#2914,#2915,#2916,#2917,#2918,#2919,#2920,#2921,
#2922,#2923,#2924,#2925,#2926,#2927,#2928,#2929,#2930,#2931,#2932,#2933,
#2934,#2935,#2936,#2937,#2938,#2939,#2940,#2941,#2942,#2943,#2944,#2945,
#2946,#2947,#2948,#2949,#2950,#2951,#2952,#2953,#2954,#2955,#2956,#2957,
#2958,#2959,#2960,#2961,#2962,#2963,#2964,#2965,#2966,#2967,#2968,#2969,
#2970,#2971,#2972,#2973,#2974,#2975,#2976,#2977,#2978,#2979,#2980,#2981,
#2982,#2983,#2984,#2985,#2986,#2987,#2988,#2989,#2990,#2991,#2992,#2993,
#2994,#2995,#2996,#2997,#2998,#2999,#3000,#3001));
#3003=STYLED_ITEM('',(#3004),#3011);
#3004=PRESENTATION_STYLE_ASSIGNMENT((#3005));
#3005=SURFACE_STYLE_USAGE(.BOTH.,#3006);
#3006=SURFACE_SIDE_STYLE('',(#3007));
#3007=SURFACE_STYLE_FILL_AREA(#3008);
#3008=FILL_AREA_STYLE('',(#3009));
#3009=FILL_AREA_STYLE_COLOUR('',#3010);
#3010=COLOUR_RGB('',0.972549019607843,0.972549019607843,0.972549019607843);
#3011=MANIFOLD_SOLID_BREP('LidBottom',#3002);
#3012=SHAPE_DEFINITION_REPRESENTATION(#4854,#3013);
#3013=SHAPE_REPRESENTATION('LidBottom',(#3014),#4849);
#3014=AXIS2_PLACEMENT_3D('',#3879,#3169,#3170);
#3015=AXIS2_PLACEMENT_3D('',#3880,#3171,#3172);
#3016=AXIS2_PLACEMENT_3D('',#3957,#3211,#3212);
#3017=AXIS2_PLACEMENT_3D('',#3978,#3223,#3224);
#3018=AXIS2_PLACEMENT_3D('',#3999,#3235,#3236);
#3019=AXIS2_PLACEMENT_3D('',#4008,#3242,#3243);
#3020=AXIS2_PLACEMENT_3D('',#4044,#3261,#3262);
#3021=AXIS2_PLACEMENT_3D('',#4069,#3275,#3276);
#3022=AXIS2_PLACEMENT_3D('',#4079,#3282,#3283);
#3023=AXIS2_PLACEMENT_3D('',#4085,#3287,#3288);
#3024=AXIS2_PLACEMENT_3D('',#4095,#3294,#3295);
#3025=AXIS2_PLACEMENT_3D('',#4101,#3299,#3300);
#3026=AXIS2_PLACEMENT_3D('',#4107,#3304,#3305);
#3027=AXIS2_PLACEMENT_3D('',#4113,#3309,#3310);
#3028=AXIS2_PLACEMENT_3D('',#4119,#3314,#3315);
#3029=AXIS2_PLACEMENT_3D('',#4125,#3319,#3320);
#3030=AXIS2_PLACEMENT_3D('',#4134,#3325,#3326);
#3031=AXIS2_PLACEMENT_3D('',#4149,#3335,#3336);
#3032=AXIS2_PLACEMENT_3D('',#4158,#3341,#3342);
#3033=AXIS2_PLACEMENT_3D('',#4184,#3356,#3357);
#3034=AXIS2_PLACEMENT_3D('',#4220,#3375,#3376);
#3035=AXIS2_PLACEMENT_3D('',#4225,#3380,#3381);
#3036=AXIS2_PLACEMENT_3D('',#4231,#3385,#3386);
#3037=AXIS2_PLACEMENT_3D('',#4243,#3394,#3395);
#3038=AXIS2_PLACEMENT_3D('',#4266,#3413,#3414);
#3039=AXIS2_PLACEMENT_3D('',#4306,#3415,#3416);
#3040=AXIS2_PLACEMENT_3D('',#4307,#3417,#3418);
#3041=AXIS2_PLACEMENT_3D('',#4309,#3419,#3420);
#3042=AXIS2_PLACEMENT_3D('',#4318,#3423,#3424);
#3043=AXIS2_PLACEMENT_3D('',#4327,#3427,#3428);
#3044=AXIS2_PLACEMENT_3D('',#4361,#3431,#3432);
#3045=AXIS2_PLACEMENT_3D('',#4362,#3433,#3434);
#3046=AXIS2_PLACEMENT_3D('',#4365,#3436,#3437);
#3047=AXIS2_PLACEMENT_3D('',#4379,#3446,#3447);
#3048=AXIS2_PLACEMENT_3D('',#4384,#3450,#3451);
#3049=AXIS2_PLACEMENT_3D('',#4388,#3453,#3454);
#3050=AXIS2_PLACEMENT_3D('',#4389,#3455,#3456);
#3051=AXIS2_PLACEMENT_3D('',#4424,#3460,#3461);
#3052=AXIS2_PLACEMENT_3D('',#4427,#3464,#3465);
#3053=AXIS2_PLACEMENT_3D('',#4428,#3466,#3467);
#3054=AXIS2_PLACEMENT_3D('',#4434,#3471,#3472);
#3055=AXIS2_PLACEMENT_3D('',#4438,#3475,#3476);
#3056=AXIS2_PLACEMENT_3D('',#4442,#3479,#3480);
#3057=AXIS2_PLACEMENT_3D('',#4446,#3483,#3484);
#3058=AXIS2_PLACEMENT_3D('',#4450,#3487,#3488);
#3059=AXIS2_PLACEMENT_3D('',#4454,#3491,#3492);
#3060=AXIS2_PLACEMENT_3D('',#4458,#3495,#3496);
#3061=AXIS2_PLACEMENT_3D('',#4462,#3499,#3500);
#3062=AXIS2_PLACEMENT_3D('',#4464,#3502,#3503);
#3063=AXIS2_PLACEMENT_3D('',#4470,#3507,#3508);
#3064=AXIS2_PLACEMENT_3D('',#4476,#3512,#3513);
#3065=AXIS2_PLACEMENT_3D('',#4480,#3516,#3517);
#3066=AXIS2_PLACEMENT_3D('',#4484,#3520,#3521);
#3067=AXIS2_PLACEMENT_3D('',#4488,#3524,#3525);
#3068=AXIS2_PLACEMENT_3D('',#4492,#3528,#3529);
#3069=AXIS2_PLACEMENT_3D('',#4496,#3532,#3533);
#3070=AXIS2_PLACEMENT_3D('',#4498,#3535,#3536);
#3071=AXIS2_PLACEMENT_3D('',#4500,#3538,#3539);
#3072=AXIS2_PLACEMENT_3D('',#4501,#3540,#3541);
#3073=AXIS2_PLACEMENT_3D('',#4514,#3542,#3543);
#3074=AXIS2_PLACEMENT_3D('',#4519,#3544,#3545);
#3075=AXIS2_PLACEMENT_3D('',#4521,#3547,#3548);
#3076=AXIS2_PLACEMENT_3D('',#4533,#3556,#3557);
#3077=AXIS2_PLACEMENT_3D('',#4534,#3558,#3559);
#3078=AXIS2_PLACEMENT_3D('',#4540,#3563,#3564);
#3079=AXIS2_PLACEMENT_3D('',#4544,#3567,#3568);
#3080=AXIS2_PLACEMENT_3D('',#4548,#3571,#3572);
#3081=AXIS2_PLACEMENT_3D('',#4552,#3575,#3576);
#3082=AXIS2_PLACEMENT_3D('',#4556,#3579,#3580);
#3083=AXIS2_PLACEMENT_3D('',#4560,#3583,#3584);
#3084=AXIS2_PLACEMENT_3D('',#4564,#3587,#3588);
#3085=AXIS2_PLACEMENT_3D('',#4568,#3591,#3592);
#3086=AXIS2_PLACEMENT_3D('',#4570,#3594,#3595);
#3087=AXIS2_PLACEMENT_3D('',#4576,#3599,#3600);
#3088=AXIS2_PLACEMENT_3D('',#4582,#3604,#3605);
#3089=AXIS2_PLACEMENT_3D('',#4586,#3608,#3609);
#3090=AXIS2_PLACEMENT_3D('',#4590,#3612,#3613);
#3091=AXIS2_PLACEMENT_3D('',#4594,#3616,#3617);
#3092=AXIS2_PLACEMENT_3D('',#4598,#3620,#3621);
#3093=AXIS2_PLACEMENT_3D('',#4602,#3624,#3625);
#3094=AXIS2_PLACEMENT_3D('',#4604,#3627,#3628);
#3095=AXIS2_PLACEMENT_3D('',#4606,#3630,#3631);
#3096=AXIS2_PLACEMENT_3D('',#4607,#3632,#3633);
#3097=AXIS2_PLACEMENT_3D('',#4620,#3634,#3635);
#3098=AXIS2_PLACEMENT_3D('',#4625,#3636,#3637);
#3099=AXIS2_PLACEMENT_3D('',#4626,#3638,#3639);
#3100=AXIS2_PLACEMENT_3D('',#4629,#3642,#3643);
#3101=AXIS2_PLACEMENT_3D('',#4635,#3647,#3648);
#3102=AXIS2_PLACEMENT_3D('',#4639,#3651,#3652);
#3103=AXIS2_PLACEMENT_3D('',#4643,#3655,#3656);
#3104=AXIS2_PLACEMENT_3D('',#4647,#3659,#3660);
#3105=AXIS2_PLACEMENT_3D('',#4651,#3663,#3664);
#3106=AXIS2_PLACEMENT_3D('',#4655,#3667,#3668);
#3107=AXIS2_PLACEMENT_3D('',#4659,#3671,#3672);
#3108=AXIS2_PLACEMENT_3D('',#4663,#3675,#3676);
#3109=AXIS2_PLACEMENT_3D('',#4665,#3678,#3679);
#3110=AXIS2_PLACEMENT_3D('',#4673,#3684,#3685);
#3111=AXIS2_PLACEMENT_3D('',#4679,#3689,#3690);
#3112=AXIS2_PLACEMENT_3D('',#4681,#3692,#3693);
#3113=AXIS2_PLACEMENT_3D('',#4685,#3696,#3697);
#3114=AXIS2_PLACEMENT_3D('',#4691,#3701,#3702);
#3115=AXIS2_PLACEMENT_3D('',#4697,#3706,#3707);
#3116=AXIS2_PLACEMENT_3D('',#4700,#3710,#3711);
#3117=AXIS2_PLACEMENT_3D('',#4702,#3713,#3714);
#3118=AXIS2_PLACEMENT_3D('',#4703,#3715,#3716);
#3119=AXIS2_PLACEMENT_3D('',#4712,#3717,#3718);
#3120=AXIS2_PLACEMENT_3D('',#4713,#3719,#3720);
#3121=AXIS2_PLACEMENT_3D('',#4719,#3724,#3725);
#3122=AXIS2_PLACEMENT_3D('',#4723,#3728,#3729);
#3123=AXIS2_PLACEMENT_3D('',#4727,#3732,#3733);
#3124=AXIS2_PLACEMENT_3D('',#4731,#3736,#3737);
#3125=AXIS2_PLACEMENT_3D('',#4735,#3740,#3741);
#3126=AXIS2_PLACEMENT_3D('',#4739,#3744,#3745);
#3127=AXIS2_PLACEMENT_3D('',#4743,#3748,#3749);
#3128=AXIS2_PLACEMENT_3D('',#4747,#3752,#3753);
#3129=AXIS2_PLACEMENT_3D('',#4749,#3755,#3756);
#3130=AXIS2_PLACEMENT_3D('',#4757,#3761,#3762);
#3131=AXIS2_PLACEMENT_3D('',#4763,#3766,#3767);
#3132=AXIS2_PLACEMENT_3D('',#4765,#3769,#3770);
#3133=AXIS2_PLACEMENT_3D('',#4769,#3773,#3774);
#3134=AXIS2_PLACEMENT_3D('',#4775,#3778,#3779);
#3135=AXIS2_PLACEMENT_3D('',#4781,#3783,#3784);
#3136=AXIS2_PLACEMENT_3D('',#4784,#3787,#3788);
#3137=AXIS2_PLACEMENT_3D('',#4786,#3790,#3791);
#3138=AXIS2_PLACEMENT_3D('',#4787,#3792,#3793);
#3139=AXIS2_PLACEMENT_3D('',#4788,#3794,#3795);
#3140=AXIS2_PLACEMENT_3D('',#4793,#3799,#3800);
#3141=AXIS2_PLACEMENT_3D('',#4795,#3802,#3803);
#3142=AXIS2_PLACEMENT_3D('',#4797,#3805,#3806);
#3143=AXIS2_PLACEMENT_3D('',#4798,#3807,#3808);
#3144=AXIS2_PLACEMENT_3D('',#4799,#3809,#3810);
#3145=AXIS2_PLACEMENT_3D('',#4800,#3811,#3812);
#3146=AXIS2_PLACEMENT_3D('',#4802,#3814,#3815);
#3147=AXIS2_PLACEMENT_3D('',#4803,#3816,#3817);
#3148=AXIS2_PLACEMENT_3D('',#4804,#3818,#3819);
#3149=AXIS2_PLACEMENT_3D('',#4806,#3821,#3822);
#3150=AXIS2_PLACEMENT_3D('',#4807,#3823,#3824);
#3151=AXIS2_PLACEMENT_3D('',#4808,#3825,#3826);
#3152=AXIS2_PLACEMENT_3D('',#4811,#3829,#3830);
#3153=AXIS2_PLACEMENT_3D('',#4812,#3831,#3832);
#3154=AXIS2_PLACEMENT_3D('',#4813,#3833,#3834);
#3155=AXIS2_PLACEMENT_3D('',#4814,#3835,#3836);
#3156=AXIS2_PLACEMENT_3D('',#4815,#3837,#3838);
#3157=AXIS2_PLACEMENT_3D('',#4818,#3841,#3842);
#3158=AXIS2_PLACEMENT_3D('',#4819,#3843,#3844);
#3159=AXIS2_PLACEMENT_3D('',#4820,#3845,#3846);
#3160=AXIS2_PLACEMENT_3D('',#4826,#3850,#3851);
#3161=AXIS2_PLACEMENT_3D('',#4829,#3854,#3855);
#3162=AXIS2_PLACEMENT_3D('',#4831,#3857,#3858);
#3163=AXIS2_PLACEMENT_3D('',#4833,#3860,#3861);
#3164=AXIS2_PLACEMENT_3D('',#4834,#3862,#3863);
#3165=AXIS2_PLACEMENT_3D('',#4839,#3867,#3868);
#3166=AXIS2_PLACEMENT_3D('',#4843,#3871,#3872);
#3167=AXIS2_PLACEMENT_3D('',#4846,#3875,#3876);
#3168=AXIS2_PLACEMENT_3D('',#4847,#3877,#3878);
#3169=DIRECTION('',(0.,0.,1.));
#3170=DIRECTION('',(1.,0.,0.));
#3171=DIRECTION('',(0.,1.,0.));
#3172=DIRECTION('',(0.,0.,-1.));
#3173=DIRECTION('',(1.,-6.14046117934813E-16,0.));
#3174=DIRECTION('',(5.82867087928208E-13,-3.57907272614285E-28,-1.));
#3175=DIRECTION('',(1.,-6.14046117934813E-16,0.));
#3176=DIRECTION('',(5.82867087928208E-13,-3.57907272614285E-28,-1.));
#3177=DIRECTION('',(1.,-6.14046117934813E-16,0.));
#3178=DIRECTION('',(0.,0.,-1.));
#3179=DIRECTION('',(1.,-6.14046117934813E-16,0.));
#3180=DIRECTION('',(0.,0.,-1.));
#3181=DIRECTION('',(0.,0.,-1.));
#3182=DIRECTION('',(-1.,6.14046117934813E-16,0.));
#3183=DIRECTION('',(0.,0.,-1.));
#3184=DIRECTION('',(-1.,6.14046117934813E-16,0.));
#3185=DIRECTION('',(-1.,6.14046117934813E-16,0.));
#3186=DIRECTION('',(0.,0.,-1.));
#3187=DIRECTION('',(1.,-6.14046117934813E-16,0.));
#3188=DIRECTION('',(0.,0.,-1.));
#3189=DIRECTION('',(-1.,6.14046117934813E-16,0.));
#3190=DIRECTION('',(0.,0.,1.));
#3191=DIRECTION('',(1.,-6.14046117934813E-16,0.));
#3192=DIRECTION('',(0.,0.,1.));
#3193=DIRECTION('',(-1.,6.14046117934813E-16,0.));
#3194=DIRECTION('',(0.,0.,1.));
#3195=DIRECTION('',(-1.,6.14046117934813E-16,0.));
#3196=DIRECTION('',(0.,0.,1.));
#3197=DIRECTION('',(-1.,6.14046117934813E-16,0.));
#3198=DIRECTION('',(0.,0.,-1.));
#3199=DIRECTION('',(1.,0.,0.));
#3200=DIRECTION('',(0.,0.,-1.));
#3201=DIRECTION('',(0.,0.,-1.));
#3202=DIRECTION('',(-1.,0.,0.));
#3203=DIRECTION('',(0.,0.,-1.));
#3204=DIRECTION('',(0.,0.,-1.));
#3205=DIRECTION('',(-1.,0.,0.));
#3206=DIRECTION('',(0.,0.,-1.));
#3207=DIRECTION('',(-5.82867087928208E-13,3.57907272614285E-28,1.));
#3208=DIRECTION('',(-1.,6.14046117934813E-16,0.));
#3209=DIRECTION('',(5.82867087928208E-13,-3.57907272614285E-28,-1.));
#3210=DIRECTION('',(-1.,6.14046117934813E-16,0.));
#3211=DIRECTION('',(0.,-1.,0.));
#3212=DIRECTION('',(0.,0.,1.));
#3213=DIRECTION('',(-5.82867087928208E-13,3.57907272614285E-28,1.));
#3214=DIRECTION('',(1.,0.,0.));
#3215=DIRECTION('',(0.,0.,-1.));
#3216=DIRECTION('',(1.,0.,0.));
#3217=DIRECTION('',(0.,0.,-1.));
#3218=DIRECTION('',(1.,0.,0.));
#3219=DIRECTION('',(1.,0.,0.));
#3220=DIRECTION('',(1.,0.,0.));
#3221=DIRECTION('',(5.82867087928208E-13,-3.57907272614285E-28,-1.));
#3222=DIRECTION('',(-1.,6.14046117934813E-16,0.));
#3223=DIRECTION('',(0.,-1.,0.));
#3224=DIRECTION('',(0.,0.,1.));
#3225=DIRECTION('',(5.82867087928208E-13,-3.57907272614285E-28,-1.));
#3226=DIRECTION('',(1.,-6.14046117934813E-16,0.));
#3227=DIRECTION('',(5.82867087928208E-13,-3.57907272614285E-28,-1.));
#3228=DIRECTION('',(-1.,0.,0.));
#3229=DIRECTION('',(-1.,0.,0.));
#3230=DIRECTION('',(-1.,0.,0.));
#3231=DIRECTION('',(0.,0.,-1.));
#3232=DIRECTION('',(-1.,0.,0.));
#3233=DIRECTION('',(0.,0.,-1.));
#3234=DIRECTION('',(-1.,0.,0.));
#3235=DIRECTION('',(0.,0.,1.));
#3236=DIRECTION('',(1.,0.,0.));
#3237=DIRECTION('',(-1.,0.,0.));
#3238=DIRECTION('',(-6.14046117934813E-16,-1.,0.));
#3239=DIRECTION('',(-1.,0.,0.));
#3240=DIRECTION('',(0.707106781186548,-0.707106781186548,0.));
#3241=DIRECTION('',(0.,-1.,0.));
#3242=DIRECTION('',(0.,0.,1.));
#3243=DIRECTION('',(-1.,0.,0.));
#3244=DIRECTION('',(1.,1.38777878078145E-15,0.));
#3245=DIRECTION('',(0.707106781186548,-0.707106781186548,0.));
#3246=DIRECTION('',(0.,1.,0.));
#3247=DIRECTION('',(-1.,0.,0.));
#3248=DIRECTION('',(-0.707106781186548,-0.707106781186548,0.));
#3249=DIRECTION('',(0.,-1.,0.));
#3250=DIRECTION('',(-1.,0.,0.));
#3251=DIRECTION('',(0.707106781186548,0.707106781186548,0.));
#3252=DIRECTION('',(-6.14046117934813E-16,1.,0.));
#3253=DIRECTION('',(0.707106781186548,-0.707106781186548,0.));
#3254=DIRECTION('',(-1.,0.,0.));
#3255=DIRECTION('',(0.,1.,0.));
#3256=DIRECTION('',(-0.707106781186548,0.707106781186548,0.));
#3257=DIRECTION('',(-1.,0.,0.));
#3258=DIRECTION('',(0.,-1.,0.));
#3259=DIRECTION('',(0.707106781186548,0.707106781186548,0.));
#3260=DIRECTION('',(1.,-1.38777878078145E-15,0.));
#3261=DIRECTION('',(0.,0.,-1.));
#3262=DIRECTION('',(-1.,0.,0.));
#3263=DIRECTION('',(0.,1.,0.));
#3264=DIRECTION('',(0.707106781186548,0.707106781186548,0.));
#3265=DIRECTION('',(-1.,0.,0.));
#3266=DIRECTION('',(0.,1.,0.));
#3267=DIRECTION('',(-0.707106781186548,0.707106781186548,0.));
#3268=DIRECTION('',(-1.,0.,0.));
#3269=DIRECTION('',(0.,1.,0.));
#3270=DIRECTION('',(0.707106781186548,-0.707106781186548,0.));
#3271=DIRECTION('',(-1.,-6.14046117934813E-16,0.));
#3272=DIRECTION('',(-6.14046117934813E-16,1.,0.));
#3273=DIRECTION('',(-1.,0.,0.));
#3274=DIRECTION('',(0.,-1.,0.));
#3275=DIRECTION('',(0.,0.,1.));
#3276=DIRECTION('',(1.,0.,0.));
#3277=DIRECTION('',(-6.14046117934813E-16,-1.,0.));
#3278=DIRECTION('',(-1.,0.,0.));
#3279=DIRECTION('',(-6.14046117934813E-16,-1.,0.));
#3280=DIRECTION('',(-0.707106781186548,-0.707106781186548,0.));
#3281=DIRECTION('',(0.,-1.,0.));
#3282=DIRECTION('',(0.,0.,1.));
#3283=DIRECTION('',(1.,0.,0.));
#3284=DIRECTION('',(-6.14046117934813E-16,-1.,0.));
#3285=DIRECTION('',(-1.,0.,0.));
#3286=DIRECTION('',(-6.14046117934813E-16,-1.,0.));
#3287=DIRECTION('',(0.,0.,1.));
#3288=DIRECTION('',(1.,0.,0.));
#3289=DIRECTION('',(-1.,0.,0.));
#3290=DIRECTION('',(-6.14046117934813E-16,-1.,0.));
#3291=DIRECTION('',(0.,-1.,0.));
#3292=DIRECTION('',(0.707106781186548,-0.707106781186548,0.));
#3293=DIRECTION('',(-6.14046117934813E-16,-1.,0.));
#3294=DIRECTION('',(0.,0.,1.));
#3295=DIRECTION('',(1.,0.,0.));
#3296=DIRECTION('',(-6.14046117934813E-16,-1.,0.));
#3297=DIRECTION('',(-1.,0.,0.));
#3298=DIRECTION('',(-6.14046117934813E-16,-1.,0.));
#3299=DIRECTION('',(0.,1.,0.));
#3300=DIRECTION('',(0.,0.,-1.));
#3301=DIRECTION('',(-1.,0.,0.));
#3302=DIRECTION('',(0.,0.,1.));
#3303=DIRECTION('',(0.,0.,-1.));
#3304=DIRECTION('',(0.,1.,0.));
#3305=DIRECTION('',(0.,0.,-1.));
#3306=DIRECTION('',(0.,0.,1.));
#3307=DIRECTION('',(-1.,0.,0.));
#3308=DIRECTION('',(0.,0.,1.));
#3309=DIRECTION('',(0.,1.,0.));
#3310=DIRECTION('',(0.,0.,-1.));
#3311=DIRECTION('',(0.,0.,-1.));
#3312=DIRECTION('',(-1.,0.,0.));
#3313=DIRECTION('',(0.,0.,-1.));
#3314=DIRECTION('',(0.,1.,0.));
#3315=DIRECTION('',(0.,0.,-1.));
#3316=DIRECTION('',(-1.,0.,0.));
#3317=DIRECTION('',(0.,0.,1.));
#3318=DIRECTION('',(0.,0.,-1.));
#3319=DIRECTION('',(0.,1.,0.));
#3320=DIRECTION('',(0.,0.,-1.));
#3321=DIRECTION('',(0.,0.,1.));
#3322=DIRECTION('',(-1.,0.,0.));
#3323=DIRECTION('',(0.,0.,-1.));
#3324=DIRECTION('',(-1.,0.,0.));
#3325=DIRECTION('',(0.,-1.,0.));
#3326=DIRECTION('',(0.,0.,-1.));
#3327=DIRECTION('',(-3.46944695195361E-16,-2.13040043222788E-31,-1.));
#3328=DIRECTION('',(0.,0.,-1.));
#3329=DIRECTION('',(-1.,0.,0.));
#3330=DIRECTION('',(0.,0.,-1.));
#3331=DIRECTION('',(0.,0.,-1.));
#3332=DIRECTION('',(-1.,0.,0.));
#3333=DIRECTION('',(0.,0.,-1.));
#3334=DIRECTION('',(1.,6.14046117934813E-16,0.));
#3335=DIRECTION('',(0.,0.,1.));
#3336=DIRECTION('',(1.,0.,0.));
#3337=DIRECTION('',(-6.14046117934813E-16,1.,0.));
#3338=DIRECTION('',(1.,6.14046117934813E-16,0.));
#3339=DIRECTION('',(-6.14046117934813E-16,1.,0.));
#3340=DIRECTION('',(1.,6.14046117934813E-16,0.));
#3341=DIRECTION('',(0.,0.,1.));
#3342=DIRECTION('',(1.,0.,0.));
#3343=DIRECTION('',(-6.14046117934813E-16,-1.,0.));
#3344=DIRECTION('',(0.,-1.,0.));
#3345=DIRECTION('',(-1.,0.,0.));
#3346=DIRECTION('',(-6.14046117934813E-16,1.,0.));
#3347=DIRECTION('',(-1.,-6.14046117934813E-16,0.));
#3348=DIRECTION('',(-0.707106781186548,-0.707106781186548,0.));
#3349=DIRECTION('',(0.,1.,0.));
#3350=DIRECTION('',(1.,0.,0.));
#3351=DIRECTION('',(0.707106781186548,0.707106781186548,0.));
#3352=DIRECTION('',(0.,1.,0.));
#3353=DIRECTION('',(1.,0.,0.));
#3354=DIRECTION('',(-0.707106781186548,0.707106781186548,0.));
#3355=DIRECTION('',(0.,1.,0.));
#3356=DIRECTION('',(0.,0.,1.));
#3357=DIRECTION('',(1.,0.,0.));
#3358=DIRECTION('',(-1.,-1.38777878078145E-15,0.));
#3359=DIRECTION('',(-0.707106781186548,0.707106781186548,0.));
#3360=DIRECTION('',(0.,-1.,0.));
#3361=DIRECTION('',(1.,0.,0.));
#3362=DIRECTION('',(0.707106781186548,0.707106781186548,0.));
#3363=DIRECTION('',(0.,1.,0.));
#3364=DIRECTION('',(1.,0.,0.));
#3365=DIRECTION('',(-0.707106781186548,-0.707106781186548,0.));
#3366=DIRECTION('',(6.14046117934813E-16,1.,0.));
#3367=DIRECTION('',(-0.707106781186548,0.707106781186548,0.));
#3368=DIRECTION('',(1.,0.,0.));
#3369=DIRECTION('',(0.,-1.,0.));
#3370=DIRECTION('',(0.707106781186548,-0.707106781186548,0.));
#3371=DIRECTION('',(1.,0.,0.));
#3372=DIRECTION('',(0.,1.,0.));
#3373=DIRECTION('',(-0.707106781186548,-0.707106781186548,0.));
#3374=DIRECTION('',(-1.,1.38777878078145E-15,0.));
#3375=DIRECTION('',(0.,0.,-1.));
#3376=DIRECTION('',(1.,0.,0.));
#3377=DIRECTION('',(0.,-1.,0.));
#3378=DIRECTION('',(-0.707106781186548,-0.707106781186548,0.));
#3379=DIRECTION('',(1.,0.,0.));
#3380=DIRECTION('',(0.,-1.,0.));
#3381=DIRECTION('',(0.,0.,-1.));
#3382=DIRECTION('',(-1.,0.,0.));
#3383=DIRECTION('',(3.46944695195361E-16,0.,1.));
#3384=DIRECTION('',(0.,0.,-1.));
#3385=DIRECTION('',(0.,-1.,0.));
#3386=DIRECTION('',(0.,0.,-1.));
#3387=DIRECTION('',(-3.46944695195361E-16,-2.13040043222788E-31,-1.));
#3388=DIRECTION('',(0.,0.,-1.));
#3389=DIRECTION('',(-1.,0.,0.));
#3390=DIRECTION('',(0.,0.,-1.));
#3391=DIRECTION('',(0.,0.,-1.));
#3392=DIRECTION('',(1.,0.,0.));
#3393=DIRECTION('',(0.,0.,-1.));
#3394=DIRECTION('',(0.,0.,1.));
#3395=DIRECTION('',(1.,0.,0.));
#3396=DIRECTION('',(-6.14046117934813E-16,-1.,0.));
#3397=DIRECTION('',(-6.14046117934813E-16,-1.,0.));
#3398=DIRECTION('',(0.,-1.,0.));
#3399=DIRECTION('',(-1.,0.,0.));
#3400=DIRECTION('',(-6.14046117934813E-16,1.,0.));
#3401=DIRECTION('',(1.,6.14046117934813E-16,0.));
#3402=DIRECTION('',(-6.14046117934813E-16,1.,0.));
#3403=DIRECTION('',(0.,-1.,0.));
#3404=DIRECTION('',(-6.14046117934813E-16,-1.,0.));
#3405=DIRECTION('',(-6.14046117934813E-16,-1.,0.));
#3406=DIRECTION('',(-6.14046117934813E-16,-1.,0.));
#3407=DIRECTION('',(-6.14046117934813E-16,-1.,0.));
#3408=DIRECTION('',(-6.14046117934813E-16,-1.,0.));
#3409=DIRECTION('',(-6.14046117934813E-16,-1.,0.));
#3410=DIRECTION('',(-1.,0.,0.));
#3411=DIRECTION('',(-6.14046117934813E-16,-1.,0.));
#3412=DIRECTION('',(-6.14046117934813E-16,-1.,0.));
#3413=DIRECTION('',(0.,0.,1.));
#3414=DIRECTION('',(1.,0.,0.));
#3415=DIRECTION('',(0.,0.,1.));
#3416=DIRECTION('',(1.,0.,0.));
#3417=DIRECTION('',(0.,0.,1.));
#3418=DIRECTION('',(1.,0.,0.));
#3419=DIRECTION('',(3.10118163303116E-16,-1.,0.));
#3420=DIRECTION('',(1.,3.10118163303116E-16,0.));
#3421=DIRECTION('',(1.,3.10118163303116E-16,0.));
#3422=DIRECTION('',(1.,3.10118163303116E-16,0.));
#3423=DIRECTION('',(-1.,-3.10118163303116E-16,0.));
#3424=DIRECTION('',(3.10118163303116E-16,-1.,0.));
#3425=DIRECTION('',(3.10118163303116E-16,-1.,0.));
#3426=DIRECTION('',(3.10118163303116E-16,-1.,0.));
#3427=DIRECTION('',(0.,0.,1.));
#3428=DIRECTION('',(1.,0.,0.));
#3429=DIRECTION('',(-3.10118163303116E-16,-1.,0.));
#3430=DIRECTION('',(1.,-3.10118163303116E-16,0.));
#3431=DIRECTION('',(0.,0.,-1.));
#3432=DIRECTION('',(-1.,0.,0.));
#3433=DIRECTION('',(0.,0.,1.));
#3434=DIRECTION('',(1.,0.,0.));
#3435=DIRECTION('',(0.,0.,-1.));
#3436=DIRECTION('',(1.,0.,0.));
#3437=DIRECTION('',(0.,0.,-1.));
#3438=DIRECTION('',(0.,0.,-1.));
#3439=DIRECTION('',(0.,1.,0.));
#3440=DIRECTION('',(0.,0.,-1.));
#3441=DIRECTION('',(0.,-1.,0.));
#3442=DIRECTION('',(0.,0.,-1.));
#3443=DIRECTION('',(0.,0.,-1.));
#3444=DIRECTION('',(0.,-1.,0.));
#3445=DIRECTION('',(0.,0.,-1.));
#3446=DIRECTION('',(0.,0.,1.));
#3447=DIRECTION('',(1.,0.,0.));
#3448=DIRECTION('',(1.,6.14046117934813E-16,0.));
#3449=DIRECTION('',(-6.14046117934813E-16,1.,0.));
#3450=DIRECTION('',(0.,0.,-1.));
#3451=DIRECTION('',(-1.,0.,0.));
#3452=DIRECTION('',(0.,-1.,0.));
#3453=DIRECTION('',(0.,0.,1.));
#3454=DIRECTION('',(-1.,0.,0.));
#3455=DIRECTION('',(0.,0.,-1.));
#3456=DIRECTION('',(1.,0.,0.));
#3457=DIRECTION('',(-6.14046117934813E-16,1.,0.));
#3458=DIRECTION('',(1.,-3.10118163303116E-16,0.));
#3459=DIRECTION('',(-3.10118163303116E-16,-1.,0.));
#3460=DIRECTION('',(0.,-1.,0.));
#3461=DIRECTION('',(0.,0.,-1.));
#3462=DIRECTION('',(3.46944695195361E-16,0.,1.));
#3463=DIRECTION('',(0.,0.,-1.));
#3464=DIRECTION('',(1.,0.,0.));
#3465=DIRECTION('',(0.,0.,-1.));
#3466=DIRECTION('',(0.707106781186548,-0.707106781186548,0.));
#3467=DIRECTION('',(0.707106781186548,0.707106781186548,0.));
#3468=DIRECTION('',(-0.707106781186548,-0.707106781186548,0.));
#3469=DIRECTION('',(-0.577350269189626,-0.577350269189626,-0.577350269189626));
#3470=DIRECTION('',(0.,0.,-1.));
#3471=DIRECTION('',(0.,1.,0.));
#3472=DIRECTION('',(0.,0.,1.));
#3473=DIRECTION('',(0.,0.,-1.));
#3474=DIRECTION('',(1.,0.,0.));
#3475=DIRECTION('',(-1.,0.,0.));
#3476=DIRECTION('',(0.,0.,1.));
#3477=DIRECTION('',(0.,0.,-1.));
#3478=DIRECTION('',(0.,1.,0.));
#3479=DIRECTION('',(0.707106781186548,-0.707106781186548,0.));
#3480=DIRECTION('',(0.707106781186548,0.707106781186548,0.));
#3481=DIRECTION('',(0.,0.,-1.));
#3482=DIRECTION('',(0.707106781186548,0.707106781186548,0.));
#3483=DIRECTION('',(0.,1.,0.));
#3484=DIRECTION('',(0.,0.,1.));
#3485=DIRECTION('',(0.,0.,-1.));
#3486=DIRECTION('',(1.,0.,0.));
#3487=DIRECTION('',(1.,0.,0.));
#3488=DIRECTION('',(0.,0.,-1.));
#3489=DIRECTION('',(0.,0.,-1.));
#3490=DIRECTION('',(0.,-1.,0.));
#3491=DIRECTION('',(0.707106781186548,0.707106781186548,0.));
#3492=DIRECTION('',(-0.707106781186548,0.707106781186548,0.));
#3493=DIRECTION('',(0.,0.,-1.));
#3494=DIRECTION('',(-0.707106781186548,0.707106781186548,0.));
#3495=DIRECTION('',(1.38777878078145E-15,-1.,0.));
#3496=DIRECTION('',(1.,1.38777878078145E-15,0.));
#3497=DIRECTION('',(0.707106781186548,9.81307786677361E-16,0.707106781186548));
#3498=DIRECTION('',(-1.,-1.38777878078145E-15,0.));
#3499=DIRECTION('',(0.,0.,1.));
#3500=DIRECTION('',(1.,0.,0.));
#3501=DIRECTION('',(0.,-1.,0.));
#3502=DIRECTION('',(0.707106781186548,-0.707106781186548,0.));
#3503=DIRECTION('',(0.707106781186548,0.707106781186548,0.));
#3504=DIRECTION('',(-0.577350269189626,-0.577350269189626,0.577350269189626));
#3505=DIRECTION('',(-0.707106781186548,-0.707106781186548,0.));
#3506=DIRECTION('',(0.,0.,-1.));
#3507=DIRECTION('',(-1.,0.,0.));
#3508=DIRECTION('',(0.,0.,1.));
#3509=DIRECTION('',(0.,1.,0.));
#3510=DIRECTION('',(0.,0.707106781186548,-0.707106781186548));
#3511=DIRECTION('',(0.,0.,-1.));
#3512=DIRECTION('',(-0.707106781186548,-0.707106781186548,0.));
#3513=DIRECTION('',(0.707106781186548,-0.707106781186548,0.));
#3514=DIRECTION('',(0.,0.,-1.));
#3515=DIRECTION('',(-0.707106781186548,0.707106781186548,0.));
#3516=DIRECTION('',(0.,1.,0.));
#3517=DIRECTION('',(0.,0.,1.));
#3518=DIRECTION('',(0.,0.,-1.));
#3519=DIRECTION('',(1.,0.,0.));
#3520=DIRECTION('',(-1.,0.,0.));
#3521=DIRECTION('',(0.,0.,1.));
#3522=DIRECTION('',(0.,0.,-1.));
#3523=DIRECTION('',(0.,1.,0.));
#3524=DIRECTION('',(0.707106781186548,-0.707106781186548,0.));
#3525=DIRECTION('',(0.707106781186548,0.707106781186548,0.));
#3526=DIRECTION('',(0.,0.,-1.));
#3527=DIRECTION('',(0.707106781186548,0.707106781186548,0.));
#3528=DIRECTION('',(0.,1.,0.));
#3529=DIRECTION('',(0.,0.,1.));
#3530=DIRECTION('',(0.,0.,-1.));
#3531=DIRECTION('',(1.,0.,0.));
#3532=DIRECTION('',(-1.,0.,0.));
#3533=DIRECTION('',(0.,0.,1.));
#3534=DIRECTION('',(0.,1.,0.));
#3535=DIRECTION('',(0.,0.,1.));
#3536=DIRECTION('',(1.,0.,0.));
#3537=DIRECTION('',(-1.,0.,0.));
#3538=DIRECTION('',(-0.707106781186548,0.,0.707106781186548));
#3539=DIRECTION('',(0.,-1.,0.));
#3540=DIRECTION('',(0.,0.707106781186548,0.707106781186548));
#3541=DIRECTION('',(1.,0.,0.));
#3542=DIRECTION('',(1.,-3.10118163303116E-16,0.));
#3543=DIRECTION('',(-3.10118163303116E-16,-1.,0.));
#3544=DIRECTION('',(0.,0.,-1.));
#3545=DIRECTION('',(1.,0.,0.));
#3546=DIRECTION('',(0.,0.,-1.));
#3547=DIRECTION('',(-1.,0.,0.));
#3548=DIRECTION('',(0.,0.,-1.));
#3549=DIRECTION('',(0.,0.,-1.));
#3550=DIRECTION('',(0.,0.,-1.));
#3551=DIRECTION('',(0.,-1.,0.));
#3552=DIRECTION('',(0.,0.,-1.));
#3553=DIRECTION('',(0.,0.,-1.));
#3554=DIRECTION('',(0.,0.,-1.));
#3555=DIRECTION('',(0.,1.,0.));
#3556=DIRECTION('',(-1.,0.,0.));
#3557=DIRECTION('',(0.,0.,-1.));
#3558=DIRECTION('',(-0.707106781186548,-0.707106781186548,0.));
#3559=DIRECTION('',(-0.707106781186548,0.707106781186548,0.));
#3560=DIRECTION('',(0.707106781186548,-0.707106781186548,0.));
#3561=DIRECTION('',(0.,0.,-1.));
#3562=DIRECTION('',(0.577350269189626,-0.577350269189626,-0.577350269189626));
#3563=DIRECTION('',(0.,1.,0.));
#3564=DIRECTION('',(0.,0.,1.));
#3565=DIRECTION('',(-1.,0.,0.));
#3566=DIRECTION('',(0.,0.,-1.));
#3567=DIRECTION('',(1.,0.,0.));
#3568=DIRECTION('',(0.,0.,1.));
#3569=DIRECTION('',(0.,1.,0.));
#3570=DIRECTION('',(0.,0.,-1.));
#3571=DIRECTION('',(-0.707106781186548,-0.707106781186548,0.));
#3572=DIRECTION('',(-0.707106781186548,0.707106781186548,0.));
#3573=DIRECTION('',(-0.707106781186548,0.707106781186548,0.));
#3574=DIRECTION('',(0.,0.,-1.));
#3575=DIRECTION('',(0.,1.,0.));
#3576=DIRECTION('',(0.,0.,1.));
#3577=DIRECTION('',(-1.,0.,0.));
#3578=DIRECTION('',(0.,0.,-1.));
#3579=DIRECTION('',(-1.,0.,0.));
#3580=DIRECTION('',(0.,0.,-1.));
#3581=DIRECTION('',(0.,-1.,0.));
#3582=DIRECTION('',(0.,0.,-1.));
#3583=DIRECTION('',(-0.707106781186548,0.707106781186548,0.));
#3584=DIRECTION('',(0.707106781186548,0.707106781186548,0.));
#3585=DIRECTION('',(0.707106781186548,0.707106781186548,0.));
#3586=DIRECTION('',(0.,0.,-1.));
#3587=DIRECTION('',(-1.38777878078145E-15,-1.,0.));
#3588=DIRECTION('',(-1.,1.38777878078145E-15,0.));
#3589=DIRECTION('',(1.,-1.38777878078145E-15,0.));
#3590=DIRECTION('',(-0.707106781186548,9.81307786677361E-16,0.707106781186548));
#3591=DIRECTION('',(0.,0.,1.));
#3592=DIRECTION('',(-1.,0.,0.));
#3593=DIRECTION('',(0.,-1.,0.));
#3594=DIRECTION('',(-0.707106781186548,-0.707106781186548,0.));
#3595=DIRECTION('',(-0.707106781186548,0.707106781186548,0.));
#3596=DIRECTION('',(0.,0.,-1.));
#3597=DIRECTION('',(0.707106781186548,-0.707106781186548,0.));
#3598=DIRECTION('',(0.577350269189626,-0.577350269189626,0.577350269189626));
#3599=DIRECTION('',(1.,0.,0.));
#3600=DIRECTION('',(0.,0.,1.));
#3601=DIRECTION('',(0.,1.,0.));
#3602=DIRECTION('',(0.,0.,-1.));
#3603=DIRECTION('',(0.,0.707106781186548,-0.707106781186548));
#3604=DIRECTION('',(0.707106781186548,-0.707106781186548,0.));
#3605=DIRECTION('',(-0.707106781186548,-0.707106781186548,0.));
#3606=DIRECTION('',(0.707106781186548,0.707106781186548,0.));
#3607=DIRECTION('',(0.,0.,-1.));
#3608=DIRECTION('',(0.,1.,0.));
#3609=DIRECTION('',(0.,0.,1.));
#3610=DIRECTION('',(-1.,0.,0.));
#3611=DIRECTION('',(0.,0.,-1.));
#3612=DIRECTION('',(1.,0.,0.));
#3613=DIRECTION('',(0.,0.,1.));
#3614=DIRECTION('',(0.,1.,0.));
#3615=DIRECTION('',(0.,0.,-1.));
#3616=DIRECTION('',(-0.707106781186548,-0.707106781186548,0.));
#3617=DIRECTION('',(-0.707106781186548,0.707106781186548,0.));
#3618=DIRECTION('',(-0.707106781186548,0.707106781186548,0.));
#3619=DIRECTION('',(0.,0.,-1.));
#3620=DIRECTION('',(0.,1.,0.));
#3621=DIRECTION('',(0.,0.,1.));
#3622=DIRECTION('',(-1.,0.,0.));
#3623=DIRECTION('',(0.,0.,-1.));
#3624=DIRECTION('',(1.,0.,0.));
#3625=DIRECTION('',(0.,0.,1.));
#3626=DIRECTION('',(0.,1.,0.));
#3627=DIRECTION('',(0.,0.,1.));
#3628=DIRECTION('',(-1.,0.,0.));
#3629=DIRECTION('',(1.,0.,0.));
#3630=DIRECTION('',(0.707106781186548,0.,0.707106781186548));
#3631=DIRECTION('',(0.,-1.,0.));
#3632=DIRECTION('',(0.,0.707106781186548,0.707106781186548));
#3633=DIRECTION('',(-1.,0.,0.));
#3634=DIRECTION('',(3.10118163303116E-16,1.,0.));
#3635=DIRECTION('',(1.,-3.10118163303116E-16,0.));
#3636=DIRECTION('',(0.,0.,-1.));
#3637=DIRECTION('',(-1.,0.,0.));
#3638=DIRECTION('',(0.,1.,0.));
#3639=DIRECTION('',(0.,0.,-1.));
#3640=DIRECTION('',(0.,0.,1.));
#3641=DIRECTION('',(0.,0.,-1.));
#3642=DIRECTION('',(0.707106781186548,0.707106781186548,0.));
#3643=DIRECTION('',(0.707106781186548,-0.707106781186548,0.));
#3644=DIRECTION('',(-0.707106781186548,0.707106781186548,0.));
#3645=DIRECTION('',(0.,0.,-1.));
#3646=DIRECTION('',(-0.577350269189626,0.577350269189626,-0.577350269189626));
#3647=DIRECTION('',(0.,-1.,0.));
#3648=DIRECTION('',(0.,0.,1.));
#3649=DIRECTION('',(1.,0.,0.));
#3650=DIRECTION('',(0.,0.,-1.));
#3651=DIRECTION('',(-1.,0.,0.));
#3652=DIRECTION('',(0.,0.,1.));
#3653=DIRECTION('',(0.,-1.,0.));
#3654=DIRECTION('',(0.,0.,-1.));
#3655=DIRECTION('',(0.707106781186548,0.707106781186548,0.));
#3656=DIRECTION('',(0.707106781186548,-0.707106781186548,0.));
#3657=DIRECTION('',(0.707106781186548,-0.707106781186548,0.));
#3658=DIRECTION('',(0.,0.,-1.));
#3659=DIRECTION('',(0.,-1.,0.));
#3660=DIRECTION('',(0.,0.,1.));
#3661=DIRECTION('',(1.,0.,0.));
#3662=DIRECTION('',(0.,0.,-1.));
#3663=DIRECTION('',(1.,0.,0.));
#3664=DIRECTION('',(0.,0.,-1.));
#3665=DIRECTION('',(0.,1.,0.));
#3666=DIRECTION('',(0.,0.,-1.));
#3667=DIRECTION('',(0.707106781186548,-0.707106781186548,0.));
#3668=DIRECTION('',(-0.707106781186548,-0.707106781186548,0.));
#3669=DIRECTION('',(-0.707106781186548,-0.707106781186548,0.));
#3670=DIRECTION('',(0.,0.,-1.));
#3671=DIRECTION('',(1.38777878078145E-15,1.,0.));
#3672=DIRECTION('',(1.,-1.38777878078145E-15,0.));
#3673=DIRECTION('',(-1.,1.38777878078145E-15,0.));
#3674=DIRECTION('',(0.707106781186548,-9.81307786677361E-16,0.707106781186548));
#3675=DIRECTION('',(0.,0.,1.));
#3676=DIRECTION('',(1.,0.,0.));
#3677=DIRECTION('',(0.,1.,0.));
#3678=DIRECTION('',(0.707106781186548,0.707106781186548,0.));
#3679=DIRECTION('',(0.707106781186548,-0.707106781186548,0.));
#3680=DIRECTION('',(-0.707106781186548,0.707106781186548,0.));
#3681=DIRECTION('',(0.,0.,-1.));
#3682=DIRECTION('',(-0.707106781186548,0.707106781186548,0.));
#3683=DIRECTION('',(-0.577350269189626,0.577350269189626,0.577350269189626));
#3684=DIRECTION('',(-1.,0.,0.));
#3685=DIRECTION('',(0.,0.,1.));
#3686=DIRECTION('',(0.,-1.,0.));
#3687=DIRECTION('',(0.,0.,-1.));
#3688=DIRECTION('',(0.,-0.707106781186548,-0.707106781186548));
#3689=DIRECTION('',(-0.707106781186548,0.707106781186548,0.));
#3690=DIRECTION('',(0.707106781186548,0.707106781186548,0.));
#3691=DIRECTION('',(-0.707106781186548,-0.707106781186548,0.));
#3692=DIRECTION('',(-1.,0.,0.));
#3693=DIRECTION('',(0.,0.,1.));
#3694=DIRECTION('',(0.,-1.,0.));
#3695=DIRECTION('',(0.,0.,-1.));
#3696=DIRECTION('',(0.707106781186548,0.707106781186548,0.));
#3697=DIRECTION('',(0.707106781186548,-0.707106781186548,0.));
#3698=DIRECTION('',(0.707106781186548,-0.707106781186548,0.));
#3699=DIRECTION('',(0.707106781186548,-0.707106781186548,0.));
#3700=DIRECTION('',(0.,0.,-1.));
#3701=DIRECTION('',(0.,-1.,0.));
#3702=DIRECTION('',(0.,0.,1.));
#3703=DIRECTION('',(1.,0.,0.));
#3704=DIRECTION('',(1.,0.,0.));
#3705=DIRECTION('',(0.,0.,-1.));
#3706=DIRECTION('',(-1.,0.,0.));
#3707=DIRECTION('',(0.,0.,1.));
#3708=DIRECTION('',(0.,-1.,0.));
#3709=DIRECTION('',(0.,-1.,0.));
#3710=DIRECTION('',(0.,0.,1.));
#3711=DIRECTION('',(1.,0.,0.));
#3712=DIRECTION('',(-1.,0.,0.));
#3713=DIRECTION('',(-0.707106781186548,0.,0.707106781186548));
#3714=DIRECTION('',(0.,1.,0.));
#3715=DIRECTION('',(0.,-0.707106781186548,0.707106781186548));
#3716=DIRECTION('',(1.,0.,0.));
#3717=DIRECTION('',(0.,0.,-1.));
#3718=DIRECTION('',(1.,0.,0.));
#3719=DIRECTION('',(-0.707106781186548,0.707106781186548,0.));
#3720=DIRECTION('',(-0.707106781186548,-0.707106781186548,0.));
#3721=DIRECTION('',(0.707106781186548,0.707106781186548,0.));
#3722=DIRECTION('',(0.577350269189626,0.577350269189626,-0.577350269189626));
#3723=DIRECTION('',(0.,0.,-1.));
#3724=DIRECTION('',(0.,-1.,0.));
#3725=DIRECTION('',(0.,0.,1.));
#3726=DIRECTION('',(0.,0.,-1.));
#3727=DIRECTION('',(-1.,0.,0.));
#3728=DIRECTION('',(1.,0.,0.));
#3729=DIRECTION('',(0.,0.,1.));
#3730=DIRECTION('',(0.,0.,-1.));
#3731=DIRECTION('',(0.,-1.,0.));
#3732=DIRECTION('',(-0.707106781186548,0.707106781186548,0.));
#3733=DIRECTION('',(-0.707106781186548,-0.707106781186548,0.));
#3734=DIRECTION('',(0.,0.,-1.));
#3735=DIRECTION('',(-0.707106781186548,-0.707106781186548,0.));
#3736=DIRECTION('',(0.,-1.,0.));
#3737=DIRECTION('',(0.,0.,1.));
#3738=DIRECTION('',(0.,0.,-1.));
#3739=DIRECTION('',(-1.,0.,0.));
#3740=DIRECTION('',(-1.,0.,0.));
#3741=DIRECTION('',(0.,0.,-1.));
#3742=DIRECTION('',(0.,0.,-1.));
#3743=DIRECTION('',(0.,1.,0.));
#3744=DIRECTION('',(-0.707106781186548,-0.707106781186548,0.));
#3745=DIRECTION('',(0.707106781186548,-0.707106781186548,0.));
#3746=DIRECTION('',(0.,0.,-1.));
#3747=DIRECTION('',(0.707106781186548,-0.707106781186548,0.));
#3748=DIRECTION('',(-1.38777878078145E-15,1.,0.));
#3749=DIRECTION('',(-1.,-1.38777878078145E-15,0.));
#3750=DIRECTION('',(-0.707106781186548,-9.81307786677361E-16,0.707106781186548));
#3751=DIRECTION('',(1.,1.38777878078145E-15,0.));
#3752=DIRECTION('',(0.,0.,1.));
#3753=DIRECTION('',(-1.,0.,0.));
#3754=DIRECTION('',(0.,1.,0.));
#3755=DIRECTION('',(-0.707106781186548,0.707106781186548,0.));
#3756=DIRECTION('',(-0.707106781186548,-0.707106781186548,0.));
#3757=DIRECTION('',(0.577350269189626,0.577350269189626,0.577350269189626));
#3758=DIRECTION('',(0.707106781186548,0.707106781186548,0.));
#3759=DIRECTION('',(0.,0.,-1.));
#3760=DIRECTION('',(0.707106781186548,0.707106781186548,0.));
#3761=DIRECTION('',(1.,0.,0.));
#3762=DIRECTION('',(0.,0.,1.));
#3763=DIRECTION('',(0.,-1.,0.));
#3764=DIRECTION('',(0.,-0.707106781186548,-0.707106781186548));
#3765=DIRECTION('',(0.,0.,-1.));
#3766=DIRECTION('',(0.707106781186548,0.707106781186548,0.));
#3767=DIRECTION('',(-0.707106781186548,0.707106781186548,0.));
#3768=DIRECTION('',(0.707106781186548,-0.707106781186548,0.));
#3769=DIRECTION('',(1.,0.,0.));
#3770=DIRECTION('',(0.,0.,1.));
#3771=DIRECTION('',(0.,0.,-1.));
#3772=DIRECTION('',(0.,-1.,0.));
#3773=DIRECTION('',(-0.707106781186548,0.707106781186548,0.));
#3774=DIRECTION('',(-0.707106781186548,-0.707106781186548,0.));
#3775=DIRECTION('',(-0.707106781186548,-0.707106781186548,0.));
#3776=DIRECTION('',(0.,0.,-1.));
#3777=DIRECTION('',(-0.707106781186548,-0.707106781186548,0.));
#3778=DIRECTION('',(0.,-1.,0.));
#3779=DIRECTION('',(0.,0.,1.));
#3780=DIRECTION('',(-1.,0.,0.));
#3781=DIRECTION('',(0.,0.,-1.));
#3782=DIRECTION('',(-1.,0.,0.));
#3783=DIRECTION('',(1.,0.,0.));
#3784=DIRECTION('',(0.,0.,1.));
#3785=DIRECTION('',(0.,-1.,0.));
#3786=DIRECTION('',(0.,-1.,0.));
#3787=DIRECTION('',(0.,0.,1.));
#3788=DIRECTION('',(-1.,0.,0.));
#3789=DIRECTION('',(1.,0.,0.));
#3790=DIRECTION('',(0.707106781186548,0.,0.707106781186548));
#3791=DIRECTION('',(0.,1.,0.));
#3792=DIRECTION('',(0.,-0.707106781186548,0.707106781186548));
#3793=DIRECTION('',(-1.,0.,0.));
#3794=DIRECTION('',(0.,0.,1.));
#3795=DIRECTION('',(1.,0.,0.));
#3796=DIRECTION('',(1.,6.14046117934813E-16,0.));
#3797=DIRECTION('',(-6.14046117934813E-16,1.,0.));
#3798=DIRECTION('',(-6.14046117934813E-16,1.,0.));
#3799=DIRECTION('',(1.,6.14046117934813E-16,0.));
#3800=DIRECTION('',(-6.14046117934813E-16,1.,0.));
#3801=DIRECTION('',(0.,0.,-1.));
#3802=DIRECTION('',(1.,6.14046117934813E-16,0.));
#3803=DIRECTION('',(-6.14046117934813E-16,1.,0.));
#3804=DIRECTION('',(0.,0.,-1.));
#3805=DIRECTION('',(-6.14046117934813E-16,1.,0.));
#3806=DIRECTION('',(-1.,-6.14046117934813E-16,0.));
#3807=DIRECTION('',(1.,6.14046117934813E-16,-3.46944695195361E-16));
#3808=DIRECTION('',(-6.14046117934813E-16,1.,0.));
#3809=DIRECTION('',(1.,6.14046117934813E-16,-3.46944695195361E-16));
#3810=DIRECTION('',(-6.14046117934813E-16,1.,0.));
#3811=DIRECTION('',(0.,0.,1.));
#3812=DIRECTION('',(1.,0.,0.));
#3813=DIRECTION('',(-6.14046117934813E-16,-1.,0.));
#3814=DIRECTION('',(-1.,6.14046117934813E-16,0.));
#3815=DIRECTION('',(-6.14046117934813E-16,-1.,0.));
#3816=DIRECTION('',(-1.,6.14046117934813E-16,0.));
#3817=DIRECTION('',(-6.14046117934813E-16,-1.,0.));
#3818=DIRECTION('',(0.,0.,1.));
#3819=DIRECTION('',(1.,0.,0.));
#3820=DIRECTION('',(-6.14046117934813E-16,-1.,0.));
#3821=DIRECTION('',(1.,-6.14046117934813E-16,0.));
#3822=DIRECTION('',(6.14046117934813E-16,1.,0.));
#3823=DIRECTION('',(1.,-6.14046117934813E-16,0.));
#3824=DIRECTION('',(6.14046117934813E-16,1.,0.));
#3825=DIRECTION('',(0.,0.,-1.));
#3826=DIRECTION('',(-1.,0.,0.));
#3827=DIRECTION('',(-6.14046117934813E-16,-1.,0.));
#3828=DIRECTION('',(-6.14046117934813E-16,-1.,0.));
#3829=DIRECTION('',(-1.,6.14046117934813E-16,0.));
#3830=DIRECTION('',(-6.14046117934813E-16,-1.,0.));
#3831=DIRECTION('',(-1.,6.14046117934813E-16,0.));
#3832=DIRECTION('',(-6.14046117934813E-16,-1.,0.));
#3833=DIRECTION('',(1.,-6.14046117934813E-16,0.));
#3834=DIRECTION('',(6.14046117934813E-16,1.,0.));
#3835=DIRECTION('',(1.,-6.14046117934813E-16,0.));
#3836=DIRECTION('',(6.14046117934813E-16,1.,0.));
#3837=DIRECTION('',(0.,0.,1.));
#3838=DIRECTION('',(1.,0.,0.));
#3839=DIRECTION('',(-6.14046117934813E-16,-1.,0.));
#3840=DIRECTION('',(-6.14046117934813E-16,-1.,0.));
#3841=DIRECTION('',(-1.,6.14046117934813E-16,0.));
#3842=DIRECTION('',(-6.14046117934813E-16,-1.,0.));
#3843=DIRECTION('',(-1.,6.14046117934813E-16,0.));
#3844=DIRECTION('',(-6.14046117934813E-16,-1.,0.));
#3845=DIRECTION('',(-6.14046117934813E-16,-1.,0.));
#3846=DIRECTION('',(1.,-6.14046117934813E-16,0.));
#3847=DIRECTION('',(5.82867087928208E-13,-3.57907272614285E-28,-1.));
#3848=DIRECTION('',(1.,-6.14046117934813E-16,0.));
#3849=DIRECTION('',(5.82867087928208E-13,-3.57907272614285E-28,-1.));
#3850=DIRECTION('',(0.,0.,-1.));
#3851=DIRECTION('',(-1.,0.,0.));
#3852=DIRECTION('',(-6.14046117934813E-16,-1.,0.));
#3853=DIRECTION('',(-6.14046117934813E-16,-1.,0.));
#3854=DIRECTION('',(-1.,6.14046117934813E-16,-5.82867087928208E-13));
#3855=DIRECTION('',(-5.82867087928208E-13,0.,1.));
#3856=DIRECTION('',(-6.14046117934813E-16,-1.,0.));
#3857=DIRECTION('',(0.,0.,-1.));
#3858=DIRECTION('',(-1.,0.,0.));
#3859=DIRECTION('',(-6.14046117934813E-16,-1.,0.));
#3860=DIRECTION('',(-1.,6.14046117934813E-16,-5.82867087928208E-13));
#3861=DIRECTION('',(-5.82867087928208E-13,0.,1.));
#3862=DIRECTION('',(1.,-6.14046117934813E-16,5.82867087928208E-13));
#3863=DIRECTION('',(5.82867087928208E-13,0.,-1.));
#3864=DIRECTION('',(-6.14046117934813E-16,-1.,0.));
#3865=DIRECTION('',(-5.82867087928208E-13,3.57907272614285E-28,1.));
#3866=DIRECTION('',(-6.14046117934813E-16,-1.,0.));
#3867=DIRECTION('',(0.,0.,1.));
#3868=DIRECTION('',(1.,0.,0.));
#3869=DIRECTION('',(-6.14046117934813E-16,-1.,0.));
#3870=DIRECTION('',(-1.,6.14046117934813E-16,0.));
#3871=DIRECTION('',(-1.,6.14046117934813E-16,-5.82867087928208E-13));
#3872=DIRECTION('',(-5.82867087928208E-13,0.,1.));
#3873=DIRECTION('',(-6.14046117934813E-16,-1.,0.));
#3874=DIRECTION('',(5.82867087928208E-13,-3.57907272614285E-28,-1.));
#3875=DIRECTION('',(0.,0.,1.));
#3876=DIRECTION('',(1.,0.,0.));
#3877=DIRECTION('',(-6.14046117934813E-16,-1.,0.));
#3878=DIRECTION('',(1.,-6.14046117934813E-16,0.));
#3879=CARTESIAN_POINT('',(0.,0.,0.));
#3880=CARTESIAN_POINT('',(-0.00834774907794318,-0.11,0.105));
#3881=CARTESIAN_POINT('',(0.0790885748148736,-0.11,0.111445550194682));
#3882=CARTESIAN_POINT('',(0.0775885748148707,-0.11,0.111445550194682));
#3883=CARTESIAN_POINT('',(0.0805885748148707,-0.11,0.111445550194682));
#3884=CARTESIAN_POINT('',(0.0805885748148737,-0.11,0.106445550194682));
#3885=CARTESIAN_POINT('',(0.0805885748148766,-0.11,0.101445550194682));
#3886=CARTESIAN_POINT('',(0.0790885748148736,-0.11,0.101445550194682));
#3887=CARTESIAN_POINT('',(0.0775885748148707,-0.11,0.101445550194682));
#3888=CARTESIAN_POINT('',(0.0775885748148736,-0.11,0.106445550194682));
#3889=CARTESIAN_POINT('',(-0.0677223345159721,-0.11,0.11));
#3890=CARTESIAN_POINT('',(-0.0752223345159678,-0.11,0.11));
#3891=CARTESIAN_POINT('',(-0.0602223345159765,-0.11,0.11));
#3892=CARTESIAN_POINT('',(-0.0602223345159765,-0.11,0.1075));
#3893=CARTESIAN_POINT('',(-0.0602223345159765,-0.11,0.105));
#3894=CARTESIAN_POINT('',(-0.0677223345159721,-0.11,0.105));
#3895=CARTESIAN_POINT('',(-0.0752223345159678,-0.11,0.105));
#3896=CARTESIAN_POINT('',(-0.0752223345159678,-0.11,0.1075));
#3897=CARTESIAN_POINT('',(0.074588574814877,-0.11,0.1075));
#3898=CARTESIAN_POINT('',(0.074588574814877,-0.11,0.11));
#3899=CARTESIAN_POINT('',(0.074588574814877,-0.11,0.105));
#3900=CARTESIAN_POINT('',(0.067088574814877,-0.11,0.105));
#3901=CARTESIAN_POINT('',(0.059588574814877,-0.11,0.105));
#3902=CARTESIAN_POINT('',(0.059588574814877,-0.11,0.1075));
#3903=CARTESIAN_POINT('',(0.059588574814877,-0.11,0.11));
#3904=CARTESIAN_POINT('',(0.067088574814877,-0.11,0.11));
#3905=CARTESIAN_POINT('',(-0.0452011254610284,-0.11,0.11));
#3906=CARTESIAN_POINT('',(0.0571505853892178,-0.11,0.11));
#3907=CARTESIAN_POINT('',(0.0516442639718593,-0.11,0.11));
#3908=CARTESIAN_POINT('',(0.0571505853892178,-0.11,0.1075));
#3909=CARTESIAN_POINT('',(0.0571505853892178,-0.11,0.105));
#3910=CARTESIAN_POINT('',(0.0496505853892178,-0.11,0.105));
#3911=CARTESIAN_POINT('',(0.0421505853892178,-0.11,0.105));
#3912=CARTESIAN_POINT('',(0.0421505853892178,-0.11,0.1075));
#3913=CARTESIAN_POINT('',(0.0421505853892178,-0.11,0.11));
#3914=CARTESIAN_POINT('',(-0.0452011254610284,-0.11,0.11));
#3915=CARTESIAN_POINT('',(0.0353079743531675,-0.11,0.11));
#3916=CARTESIAN_POINT('',(0.0353079743531675,-0.11,0.1075));
#3917=CARTESIAN_POINT('',(0.0353079743531675,-0.11,0.105));
#3918=CARTESIAN_POINT('',(-0.000342025646850375,-0.11,0.105));
#3919=CARTESIAN_POINT('',(-0.0359920256468683,-0.11,0.105));
#3920=CARTESIAN_POINT('',(-0.0359920256468683,-0.11,0.1075));
#3921=CARTESIAN_POINT('',(-0.0359920256468683,-0.11,0.11));
#3922=CARTESIAN_POINT('',(-0.0452011254610284,-0.11,0.11));
#3923=CARTESIAN_POINT('',(-0.0427843450903086,-0.11,0.11));
#3924=CARTESIAN_POINT('',(-0.0427843450903086,-0.11,0.1075));
#3925=CARTESIAN_POINT('',(-0.0427843450903086,-0.11,0.105));
#3926=CARTESIAN_POINT('',(-0.0502843450903086,-0.11,0.105));
#3927=CARTESIAN_POINT('',(-0.0577843450903086,-0.11,0.105));
#3928=CARTESIAN_POINT('',(-0.0577843450903086,-0.11,0.1075));
#3929=CARTESIAN_POINT('',(-0.0577843450903086,-0.11,0.11));
#3930=CARTESIAN_POINT('',(-0.0452011254610284,-0.11,0.11));
#3931=CARTESIAN_POINT('',(-0.0516442639718593,-0.11,0.11));
#3932=CARTESIAN_POINT('',(-0.0516442639718593,-0.11,0.115));
#3933=CARTESIAN_POINT('',(-0.0516442639718593,-0.11,0.114));
#3934=CARTESIAN_POINT('',(-0.0516442639718593,-0.11,0.114));
#3935=CARTESIAN_POINT('',(-0.0904022509220567,-0.11,0.114));
#3936=CARTESIAN_POINT('',(-0.0904022509220567,-0.11,0.115));
#3937=CARTESIAN_POINT('',(-0.0904022509220567,-0.11,0.11));
#3938=CARTESIAN_POINT('',(-0.0904022509220567,-0.11,0.105));
#3939=CARTESIAN_POINT('',(-0.0904022509220567,-0.11,0.1));
#3940=CARTESIAN_POINT('',(-0.00834774907794318,-0.11,0.1));
#3941=CARTESIAN_POINT('',(0.0904022509220567,-0.11,0.1));
#3942=CARTESIAN_POINT('',(0.0904022509220567,-0.11,0.105));
#3943=CARTESIAN_POINT('',(0.0904022509220567,-0.11,0.11));
#3944=CARTESIAN_POINT('',(0.0904022509220567,-0.11,0.115));
#3945=CARTESIAN_POINT('',(0.0904022509220567,-0.11,0.114));
#3946=CARTESIAN_POINT('',(0.0516442639718593,-0.11,0.114));
#3947=CARTESIAN_POINT('',(0.0516442639718593,-0.11,0.114));
#3948=CARTESIAN_POINT('',(0.0516442639718593,-0.11,0.115));
#3949=CARTESIAN_POINT('',(-0.0812223345159712,-0.11,0.106445550194682));
#3950=CARTESIAN_POINT('',(-0.0812223345159683,-0.11,0.101445550194682));
#3951=CARTESIAN_POINT('',(-0.0812223345159683,-0.11,0.111445550194682));
#3952=CARTESIAN_POINT('',(-0.0797223345159712,-0.11,0.111445550194682));
#3953=CARTESIAN_POINT('',(-0.0782223345159742,-0.11,0.111445550194682));
#3954=CARTESIAN_POINT('',(-0.0782223345159712,-0.11,0.106445550194682));
#3955=CARTESIAN_POINT('',(-0.0782223345159741,-0.11,0.101445550194682));
#3956=CARTESIAN_POINT('',(-0.0797223345159712,-0.11,0.101445550194682));
#3957=CARTESIAN_POINT('',(-0.067077359364486,-0.1,0.115));
#3958=CARTESIAN_POINT('',(-0.0812223345159712,-0.1,0.106445550194682));
#3959=CARTESIAN_POINT('',(-0.0812223345159733,-0.1,0.11));
#3960=CARTESIAN_POINT('',(-0.0812223345159683,-0.1,0.111445550194682));
#3961=CARTESIAN_POINT('',(-0.067077359364486,-0.1,0.11));
#3962=CARTESIAN_POINT('',(-0.0879022509220567,-0.1,0.11));
#3963=CARTESIAN_POINT('',(-0.0879022509220567,-0.1,0.115));
#3964=CARTESIAN_POINT('',(-0.0879022509220567,-0.1,0.115));
#3965=CARTESIAN_POINT('',(-0.067077359364486,-0.1,0.115));
#3966=CARTESIAN_POINT('',(-0.0591547187289721,-0.1,0.115));
#3967=CARTESIAN_POINT('',(-0.0591547187289721,-0.1,0.115));
#3968=CARTESIAN_POINT('',(-0.0591547187289721,-0.1,0.11));
#3969=CARTESIAN_POINT('',(-0.067077359364486,-0.1,0.11));
#3970=CARTESIAN_POINT('',(-0.0602223345159765,-0.1,0.11));
#3971=CARTESIAN_POINT('',(-0.067077359364486,-0.1,0.11));
#3972=CARTESIAN_POINT('',(-0.0752223345159678,-0.1,0.11));
#3973=CARTESIAN_POINT('',(-0.067077359364486,-0.1,0.11));
#3974=CARTESIAN_POINT('',(-0.0782223345159733,-0.1,0.11));
#3975=CARTESIAN_POINT('',(-0.0782223345159712,-0.1,0.106445550194682));
#3976=CARTESIAN_POINT('',(-0.0782223345159742,-0.1,0.111445550194682));
#3977=CARTESIAN_POINT('',(-0.0797223345159712,-0.1,0.111445550194682));
#3978=CARTESIAN_POINT('',(0.067077359364486,-0.1,0.115));
#3979=CARTESIAN_POINT('',(0.0805885748148737,-0.1,0.106445550194682));
#3980=CARTESIAN_POINT('',(0.0805885748148707,-0.1,0.111445550194682));
#3981=CARTESIAN_POINT('',(0.0805885748148716,-0.1,0.11));
#3982=CARTESIAN_POINT('',(0.0790885748148736,-0.1,0.111445550194682));
#3983=CARTESIAN_POINT('',(0.0775885748148707,-0.1,0.111445550194682));
#3984=CARTESIAN_POINT('',(0.0775885748148736,-0.1,0.106445550194682));
#3985=CARTESIAN_POINT('',(0.0775885748148716,-0.1,0.11));
#3986=CARTESIAN_POINT('',(0.067077359364486,-0.1,0.11));
#3987=CARTESIAN_POINT('',(0.074588574814877,-0.1,0.11));
#3988=CARTESIAN_POINT('',(0.067077359364486,-0.1,0.11));
#3989=CARTESIAN_POINT('',(0.059588574814877,-0.1,0.11));
#3990=CARTESIAN_POINT('',(0.067077359364486,-0.1,0.11));
#3991=CARTESIAN_POINT('',(0.0591547187289721,-0.1,0.11));
#3992=CARTESIAN_POINT('',(0.0591547187289721,-0.1,0.115));
#3993=CARTESIAN_POINT('',(0.0591547187289721,-0.1,0.115));
#3994=CARTESIAN_POINT('',(0.067077359364486,-0.1,0.115));
#3995=CARTESIAN_POINT('',(0.0879022509220567,-0.1,0.115));
#3996=CARTESIAN_POINT('',(0.0879022509220567,-0.1,0.115));
#3997=CARTESIAN_POINT('',(0.0879022509220567,-0.1,0.11));
#3998=CARTESIAN_POINT('',(0.067077359364486,-0.1,0.11));
#3999=CARTESIAN_POINT('',(-0.055,0.055,0.11));
#4000=CARTESIAN_POINT('',(-0.0416449733961953,-0.0832881072006107,0.11));
#4001=CARTESIAN_POINT('',(0.0832899467923905,-0.0832881072006107,0.11));
#4002=CARTESIAN_POINT('',(0.074588574814877,-0.0832881072006107,0.11));
#4003=CARTESIAN_POINT('',(0.074588574814877,-0.08,0.11));
#4004=CARTESIAN_POINT('',(0.067077359364486,-0.1,0.11));
#4005=CARTESIAN_POINT('',(0.0904022509220567,-0.1025,0.11));
#4006=CARTESIAN_POINT('',(0.0904022509220567,-0.1025,0.11));
#4007=CARTESIAN_POINT('',(0.0904022509220567,-0.105,0.11));
#4008=CARTESIAN_POINT('',(0.090003966162013,-0.0900039661620131,0.11));
#4009=CARTESIAN_POINT('',(0.11,-0.0904022509220568,0.11));
#4010=CARTESIAN_POINT('',(0.105,-0.0904022509220568,0.11));
#4011=CARTESIAN_POINT('',(0.1025,-0.0904022509220568,0.11));
#4012=CARTESIAN_POINT('',(0.1,-0.0879022509220568,0.11));
#4013=CARTESIAN_POINT('',(0.1,-0.0879022509220568,0.11));
#4014=CARTESIAN_POINT('',(0.1,-0.0827011254610284,0.11));
#4015=CARTESIAN_POINT('',(0.1,-0.0591547187289721,0.11));
#4016=CARTESIAN_POINT('',(0.101460545808077,-0.0591547187289721,0.11));
#4017=CARTESIAN_POINT('',(0.100421091616154,-0.0591547187289721,0.11));
#4018=CARTESIAN_POINT('',(0.0797879051725629,-0.0797879051725629,0.11));
#4019=CARTESIAN_POINT('',(0.102921091616154,-0.0566547187289721,0.11));
#4020=CARTESIAN_POINT('',(0.102921091616154,-0.0566494913504156,0.11));
#4021=CARTESIAN_POINT('',(0.102921091616154,-0.0541442639718592,0.11));
#4022=CARTESIAN_POINT('',(0.106460545808077,-0.0541442639718592,0.11));
#4023=CARTESIAN_POINT('',(0.1075,-0.0541442639718592,0.11));
#4024=CARTESIAN_POINT('',(0.0808221319859296,-0.0808221319859296,0.11));
#4025=CARTESIAN_POINT('',(0.11,-0.0516442639718593,0.11));
#4026=CARTESIAN_POINT('',(0.11,0.0452011254610284,0.11));
#4027=CARTESIAN_POINT('',(0.11,0.0516442639718593,0.11));
#4028=CARTESIAN_POINT('',(0.0808221319859296,0.0808221319859296,0.11));
#4029=CARTESIAN_POINT('',(0.1075,0.0541442639718592,0.11));
#4030=CARTESIAN_POINT('',(0.106460545808077,0.0541442639718592,0.11));
#4031=CARTESIAN_POINT('',(0.102921091616154,0.0541442639718592,0.11));
#4032=CARTESIAN_POINT('',(0.102921091616154,0.0566494913504156,0.11));
#4033=CARTESIAN_POINT('',(0.102921091616154,0.0566547187289721,0.11));
#4034=CARTESIAN_POINT('',(0.0797879051725629,0.0797879051725629,0.11));
#4035=CARTESIAN_POINT('',(0.100421091616154,0.0591547187289721,0.11));
#4036=CARTESIAN_POINT('',(0.101460545808077,0.0591547187289721,0.11));
#4037=CARTESIAN_POINT('',(0.1,0.0591547187289721,0.11));
#4038=CARTESIAN_POINT('',(0.1,0.0827011254610284,0.11));
#4039=CARTESIAN_POINT('',(0.1,0.0879022509220568,0.11));
#4040=CARTESIAN_POINT('',(0.1,0.0879022509220568,0.11));
#4041=CARTESIAN_POINT('',(0.1025,0.0904022509220568,0.11));
#4042=CARTESIAN_POINT('',(0.105,0.0904022509220568,0.11));
#4043=CARTESIAN_POINT('',(0.11,0.0904022509220568,0.11));
#4044=CARTESIAN_POINT('',(0.090003966162013,0.0900039661620131,0.11));
#4045=CARTESIAN_POINT('',(0.0904022509220567,0.11,0.11));
#4046=CARTESIAN_POINT('',(0.0904022509220567,0.105,0.11));
#4047=CARTESIAN_POINT('',(0.0904022509220567,0.1025,0.11));
#4048=CARTESIAN_POINT('',(0.0904022509220567,0.1025,0.11));
#4049=CARTESIAN_POINT('',(0.0879022509220567,0.1,0.11));
#4050=CARTESIAN_POINT('',(0.067077359364486,0.1,0.11));
#4051=CARTESIAN_POINT('',(0.0591547187289721,0.1,0.11));
#4052=CARTESIAN_POINT('',(0.0591547187289721,0.101460545808077,0.11));
#4053=CARTESIAN_POINT('',(0.0591547187289721,0.100421091616154,0.11));
#4054=CARTESIAN_POINT('',(0.0797879051725629,0.0797879051725629,0.11));
#4055=CARTESIAN_POINT('',(0.0566547187289721,0.102921091616154,0.11));
#4056=CARTESIAN_POINT('',(0.0566494913504157,0.102921091616154,0.11));
#4057=CARTESIAN_POINT('',(0.0541442639718593,0.102921091616154,0.11));
#4058=CARTESIAN_POINT('',(0.0541442639718593,0.106460545808077,0.11));
#4059=CARTESIAN_POINT('',(0.0541442639718593,0.1075,0.11));
#4060=CARTESIAN_POINT('',(0.0808221319859296,0.0808221319859297,0.11));
#4061=CARTESIAN_POINT('',(0.0516442639718593,0.11,0.11));
#4062=CARTESIAN_POINT('',(-0.0452011254610284,0.11,0.11));
#4063=CARTESIAN_POINT('',(0.0050000000002757,0.11,0.11));
#4064=CARTESIAN_POINT('',(0.00500000000027572,0.083,0.11));
#4065=CARTESIAN_POINT('',(0.00500000000027572,0.0832881072006107,0.11));
#4066=CARTESIAN_POINT('',(-0.0416449733961953,0.0832881072006107,0.11));
#4067=CARTESIAN_POINT('',(0.0832899467923905,0.0832881072006107,0.11));
#4068=CARTESIAN_POINT('',(0.0832899467923905,0.0416440536003054,0.11));
#4069=CARTESIAN_POINT('',(-0.055,0.055,0.11));
#4070=CARTESIAN_POINT('',(0.059588574814877,-0.08,0.11));
#4071=CARTESIAN_POINT('',(0.059588574814877,-0.0832881072006107,0.11));
#4072=CARTESIAN_POINT('',(-0.0416449733961953,-0.0832881072006107,0.11));
#4073=CARTESIAN_POINT('',(0.0571505853892178,-0.0832881072006107,0.11));
#4074=CARTESIAN_POINT('',(0.0571505853892178,-0.08,0.11));
#4075=CARTESIAN_POINT('',(0.0571505853892178,-0.102425224955908,0.11));
#4076=CARTESIAN_POINT('',(0.0797879051725629,-0.0797879051725629,0.11));
#4077=CARTESIAN_POINT('',(0.0591547187289721,-0.100421091616154,0.11));
#4078=CARTESIAN_POINT('',(0.0591547187289721,-0.101460545808077,0.11));
#4079=CARTESIAN_POINT('',(-0.055,0.055,0.11));
#4080=CARTESIAN_POINT('',(0.0421505853892178,-0.08,0.11));
#4081=CARTESIAN_POINT('',(0.0421505853892178,-0.0832881072006107,0.11));
#4082=CARTESIAN_POINT('',(-0.0416449733961953,-0.0832881072006107,0.11));
#4083=CARTESIAN_POINT('',(0.0353079743531675,-0.0832881072006107,0.11));
#4084=CARTESIAN_POINT('',(0.0353079743531675,-0.08,0.11));
#4085=CARTESIAN_POINT('',(-0.055,0.055,0.11));
#4086=CARTESIAN_POINT('',(-0.0416449733961953,-0.0832881072006107,0.11));
#4087=CARTESIAN_POINT('',(-0.0577843450903086,-0.0832881072006107,0.11));
#4088=CARTESIAN_POINT('',(-0.0602223345159765,-0.0832881072006107,0.11));
#4089=CARTESIAN_POINT('',(-0.0602223345159765,-0.08,0.11));
#4090=CARTESIAN_POINT('',(-0.0591547187289721,-0.101460545808077,0.11));
#4091=CARTESIAN_POINT('',(-0.0591547187289721,-0.100421091616154,0.11));
#4092=CARTESIAN_POINT('',(-0.0797879051725629,-0.0797879051725629,0.11));
#4093=CARTESIAN_POINT('',(-0.0577843450903086,-0.101791465254817,0.11));
#4094=CARTESIAN_POINT('',(-0.0577843450903086,-0.08,0.11));
#4095=CARTESIAN_POINT('',(-0.055,0.055,0.11));
#4096=CARTESIAN_POINT('',(-0.0359920256468683,-0.08,0.11));
#4097=CARTESIAN_POINT('',(-0.0359920256468683,-0.0832881072006107,0.11));
#4098=CARTESIAN_POINT('',(-0.0416449733961953,-0.0832881072006107,0.11));
#4099=CARTESIAN_POINT('',(-0.0427843450903086,-0.0832881072006107,0.11));
#4100=CARTESIAN_POINT('',(-0.0427843450903086,-0.08,0.11));
#4101=CARTESIAN_POINT('',(-0.0416449733961953,-0.0832881072006107,0.11));
#4102=CARTESIAN_POINT('',(-0.0416449733961953,-0.0832881072006107,0.105));
#4103=CARTESIAN_POINT('',(0.0832899467923905,-0.0832881072006107,0.105));
#4104=CARTESIAN_POINT('',(0.074588574814877,-0.0832881072006107,0.105));
#4105=CARTESIAN_POINT('',(0.074588574814877,-0.0832881072006107,0.11));
#4106=CARTESIAN_POINT('',(0.0832899467923905,-0.0832881072006107,0.11));
#4107=CARTESIAN_POINT('',(-0.0416449733961953,-0.0832881072006107,0.11));
#4108=CARTESIAN_POINT('',(0.059588574814877,-0.0832881072006107,0.11));
#4109=CARTESIAN_POINT('',(0.059588574814877,-0.0832881072006107,0.105));
#4110=CARTESIAN_POINT('',(-0.0416449733961953,-0.0832881072006107,0.105));
#4111=CARTESIAN_POINT('',(0.0571505853892178,-0.0832881072006107,0.105));
#4112=CARTESIAN_POINT('',(0.0571505853892178,-0.0832881072006107,0.11));
#4113=CARTESIAN_POINT('',(-0.0416449733961953,-0.0832881072006107,0.11));
#4114=CARTESIAN_POINT('',(-0.0359920256468683,-0.0832881072006107,0.11));
#4115=CARTESIAN_POINT('',(-0.0359920256468683,-0.0832881072006107,0.105));
#4116=CARTESIAN_POINT('',(-0.0416449733961953,-0.0832881072006107,0.105));
#4117=CARTESIAN_POINT('',(-0.0427843450903086,-0.0832881072006107,0.105));
#4118=CARTESIAN_POINT('',(-0.0427843450903086,-0.0832881072006107,0.11));
#4119=CARTESIAN_POINT('',(-0.0416449733961953,-0.0832881072006107,0.11));
#4120=CARTESIAN_POINT('',(-0.0416449733961953,-0.0832881072006107,0.105));
#4121=CARTESIAN_POINT('',(-0.0577843450903086,-0.0832881072006107,0.105));
#4122=CARTESIAN_POINT('',(-0.0602223345159765,-0.0832881072006107,0.105));
#4123=CARTESIAN_POINT('',(-0.0602223345159765,-0.0832881072006107,0.11));
#4124=CARTESIAN_POINT('',(-0.0577843450903086,-0.0832881072006107,0.11));
#4125=CARTESIAN_POINT('',(-0.0416449733961953,-0.0832881072006107,0.11));
#4126=CARTESIAN_POINT('',(-0.0752223345159678,-0.0832881072006107,0.11));
#4127=CARTESIAN_POINT('',(-0.0752223345159678,-0.0832881072006107,0.105));
#4128=CARTESIAN_POINT('',(-0.0752223345159678,-0.0832881072006107,0.11));
#4129=CARTESIAN_POINT('',(-0.0416449733961953,-0.0832881072006107,0.105));
#4130=CARTESIAN_POINT('',(-0.0832899467923905,-0.0832881072006107,0.105));
#4131=CARTESIAN_POINT('',(-0.0832899467923905,-0.0832881072006107,0.11));
#4132=CARTESIAN_POINT('',(-0.0832899467923905,-0.0832881072006107,0.11));
#4133=CARTESIAN_POINT('',(-0.0416449733961953,-0.0832881072006107,0.11));
#4134=CARTESIAN_POINT('',(-0.00834774907794318,0.11,0.105));
#4135=CARTESIAN_POINT('',(0.0050000000002757,0.11,0.1075));
#4136=CARTESIAN_POINT('',(0.0050000000002757,0.11,0.105));
#4137=CARTESIAN_POINT('',(0.0516442639718593,0.11,0.115));
#4138=CARTESIAN_POINT('',(0.0516442639718593,0.11,0.114));
#4139=CARTESIAN_POINT('',(0.0516442639718593,0.11,0.114));
#4140=CARTESIAN_POINT('',(0.0904022509220567,0.11,0.114));
#4141=CARTESIAN_POINT('',(0.0904022509220567,0.11,0.115));
#4142=CARTESIAN_POINT('',(0.0904022509220567,0.11,0.105));
#4143=CARTESIAN_POINT('',(0.0904022509220567,0.11,0.1));
#4144=CARTESIAN_POINT('',(-0.00834774907794318,0.11,0.1));
#4145=CARTESIAN_POINT('',(0.0163500000002757,0.11,0.1));
#4146=CARTESIAN_POINT('',(0.0163500000002757,0.11,0.1025));
#4147=CARTESIAN_POINT('',(0.0163500000002757,0.11,0.105));
#4148=CARTESIAN_POINT('',(-0.010674999999724,0.11,0.105));
#4149=CARTESIAN_POINT('',(-0.010674999999724,0.105,0.105));
#4150=CARTESIAN_POINT('',(-0.00499999999972403,0.083,0.105));
#4151=CARTESIAN_POINT('',(-0.00499999999972404,0.105,0.105));
#4152=CARTESIAN_POINT('',(-0.00499999999972404,0.11,0.105));
#4153=CARTESIAN_POINT('',(-0.010674999999724,0.105,0.105));
#4154=CARTESIAN_POINT('',(-0.0163499999997241,0.105,0.105));
#4155=CARTESIAN_POINT('',(-0.0163499999997241,0.105,0.105));
#4156=CARTESIAN_POINT('',(-0.0163499999997241,0.11,0.105));
#4157=CARTESIAN_POINT('',(-0.010674999999724,0.11,0.105));
#4158=CARTESIAN_POINT('',(-0.055,0.055,0.11));
#4159=CARTESIAN_POINT('',(-0.0752223345159678,-0.08,0.11));
#4160=CARTESIAN_POINT('',(-0.0832899467923905,0.0416440536003054,0.11));
#4161=CARTESIAN_POINT('',(-0.0832899467923905,0.0832881072006107,0.11));
#4162=CARTESIAN_POINT('',(-0.0416449733961953,0.0832881072006107,0.11));
#4163=CARTESIAN_POINT('',(-0.00499999999972403,0.0832881072006107,0.11));
#4164=CARTESIAN_POINT('',(-0.00499999999972403,0.083,0.11));
#4165=CARTESIAN_POINT('',(-0.00499999999972404,0.11,0.11));
#4166=CARTESIAN_POINT('',(-0.0452011254610284,0.11,0.11));
#4167=CARTESIAN_POINT('',(-0.0516442639718593,0.11,0.11));
#4168=CARTESIAN_POINT('',(-0.0808221319859296,0.0808221319859297,0.11));
#4169=CARTESIAN_POINT('',(-0.0541442639718593,0.1075,0.11));
#4170=CARTESIAN_POINT('',(-0.0541442639718593,0.106460545808077,0.11));
#4171=CARTESIAN_POINT('',(-0.0541442639718593,0.102921091616154,0.11));
#4172=CARTESIAN_POINT('',(-0.0566494913504157,0.102921091616154,0.11));
#4173=CARTESIAN_POINT('',(-0.0566547187289721,0.102921091616154,0.11));
#4174=CARTESIAN_POINT('',(-0.0797879051725629,0.0797879051725629,0.11));
#4175=CARTESIAN_POINT('',(-0.0591547187289721,0.100421091616154,0.11));
#4176=CARTESIAN_POINT('',(-0.0591547187289721,0.101460545808077,0.11));
#4177=CARTESIAN_POINT('',(-0.0591547187289721,0.1,0.11));
#4178=CARTESIAN_POINT('',(-0.067077359364486,0.1,0.11));
#4179=CARTESIAN_POINT('',(-0.0879022509220567,0.1,0.11));
#4180=CARTESIAN_POINT('',(-0.0904022509220567,0.1025,0.11));
#4181=CARTESIAN_POINT('',(-0.0904022509220567,0.1025,0.11));
#4182=CARTESIAN_POINT('',(-0.0904022509220567,0.105,0.11));
#4183=CARTESIAN_POINT('',(-0.0904022509220567,0.11,0.11));
#4184=CARTESIAN_POINT('',(-0.090003966162013,0.0900039661620131,0.11));
#4185=CARTESIAN_POINT('',(-0.11,0.0904022509220568,0.11));
#4186=CARTESIAN_POINT('',(-0.105,0.0904022509220568,0.11));
#4187=CARTESIAN_POINT('',(-0.1025,0.0904022509220568,0.11));
#4188=CARTESIAN_POINT('',(-0.1,0.0879022509220568,0.11));
#4189=CARTESIAN_POINT('',(-0.1,0.0879022509220568,0.11));
#4190=CARTESIAN_POINT('',(-0.1,0.0827011254610284,0.11));
#4191=CARTESIAN_POINT('',(-0.1,0.0591547187289721,0.11));
#4192=CARTESIAN_POINT('',(-0.101460545808077,0.0591547187289721,0.11));
#4193=CARTESIAN_POINT('',(-0.100421091616154,0.0591547187289721,0.11));
#4194=CARTESIAN_POINT('',(-0.0797879051725629,0.0797879051725629,0.11));
#4195=CARTESIAN_POINT('',(-0.102921091616154,0.0566547187289721,0.11));
#4196=CARTESIAN_POINT('',(-0.102921091616154,0.0566494913504156,0.11));
#4197=CARTESIAN_POINT('',(-0.102921091616154,0.0541442639718592,0.11));
#4198=CARTESIAN_POINT('',(-0.106460545808077,0.0541442639718592,0.11));
#4199=CARTESIAN_POINT('',(-0.1075,0.0541442639718592,0.11));
#4200=CARTESIAN_POINT('',(-0.0808221319859296,0.0808221319859296,0.11));
#4201=CARTESIAN_POINT('',(-0.11,0.0516442639718593,0.11));
#4202=CARTESIAN_POINT('',(-0.11,0.0452011254610284,0.11));
#4203=CARTESIAN_POINT('',(-0.11,-0.0516442639718593,0.11));
#4204=CARTESIAN_POINT('',(-0.0808221319859296,-0.0808221319859296,0.11));
#4205=CARTESIAN_POINT('',(-0.1075,-0.0541442639718592,0.11));
#4206=CARTESIAN_POINT('',(-0.106460545808077,-0.0541442639718592,0.11));
#4207=CARTESIAN_POINT('',(-0.102921091616154,-0.0541442639718592,0.11));
#4208=CARTESIAN_POINT('',(-0.102921091616154,-0.0566494913504156,0.11));
#4209=CARTESIAN_POINT('',(-0.102921091616154,-0.0566547187289721,0.11));
#4210=CARTESIAN_POINT('',(-0.0797879051725629,-0.0797879051725629,0.11));
#4211=CARTESIAN_POINT('',(-0.100421091616154,-0.0591547187289721,0.11));
#4212=CARTESIAN_POINT('',(-0.101460545808077,-0.0591547187289721,0.11));
#4213=CARTESIAN_POINT('',(-0.1,-0.0591547187289721,0.11));
#4214=CARTESIAN_POINT('',(-0.1,-0.0827011254610284,0.11));
#4215=CARTESIAN_POINT('',(-0.1,-0.0879022509220568,0.11));
#4216=CARTESIAN_POINT('',(-0.1,-0.0879022509220568,0.11));
#4217=CARTESIAN_POINT('',(-0.1025,-0.0904022509220568,0.11));
#4218=CARTESIAN_POINT('',(-0.105,-0.0904022509220568,0.11));
#4219=CARTESIAN_POINT('',(-0.11,-0.0904022509220568,0.11));
#4220=CARTESIAN_POINT('',(-0.090003966162013,-0.0900039661620131,0.11));
#4221=CARTESIAN_POINT('',(-0.0904022509220567,-0.105,0.11));
#4222=CARTESIAN_POINT('',(-0.0904022509220567,-0.1025,0.11));
#4223=CARTESIAN_POINT('',(-0.0904022509220567,-0.1025,0.11));
#4224=CARTESIAN_POINT('',(-0.067077359364486,-0.1,0.11));
#4225=CARTESIAN_POINT('',(-0.0416449733961953,0.0832881072006107,0.11));
#4226=CARTESIAN_POINT('',(-0.0416449733961953,0.0832881072006107,0.105));
#4227=CARTESIAN_POINT('',(-0.00499999999972403,0.0832881072006107,0.105));
#4228=CARTESIAN_POINT('',(-0.0832899467923905,0.0832881072006107,0.105));
#4229=CARTESIAN_POINT('',(-0.00499999999972402,0.0832881072006107,0.11));
#4230=CARTESIAN_POINT('',(-0.0832899467923905,0.0832881072006107,0.11));
#4231=CARTESIAN_POINT('',(-0.00834774907794318,0.11,0.105));
#4232=CARTESIAN_POINT('',(-0.00499999999972404,0.11,0.1075));
#4233=CARTESIAN_POINT('',(-0.0163499999997241,0.11,0.1025));
#4234=CARTESIAN_POINT('',(-0.0163499999997241,0.11,0.1));
#4235=CARTESIAN_POINT('',(-0.00834774907794318,0.11,0.1));
#4236=CARTESIAN_POINT('',(-0.0904022509220567,0.11,0.1));
#4237=CARTESIAN_POINT('',(-0.0904022509220567,0.11,0.105));
#4238=CARTESIAN_POINT('',(-0.0904022509220567,0.11,0.115));
#4239=CARTESIAN_POINT('',(-0.0904022509220567,0.11,0.114));
#4240=CARTESIAN_POINT('',(-0.0516442639718593,0.11,0.114));
#4241=CARTESIAN_POINT('',(-0.0516442639718593,0.11,0.114));
#4242=CARTESIAN_POINT('',(-0.0516442639718593,0.11,0.115));
#4243=CARTESIAN_POINT('',(-0.055,0.055,0.105));
#4244=CARTESIAN_POINT('',(0.059588574814877,-0.08,0.105));
#4245=CARTESIAN_POINT('',(0.074588574814877,-0.08,0.105));
#4246=CARTESIAN_POINT('',(0.0832899467923905,0.0416440536003054,0.105));
#4247=CARTESIAN_POINT('',(0.0832899467923905,0.0832881072006107,0.105));
#4248=CARTESIAN_POINT('',(-0.0416449733961953,0.0832881072006107,0.105));
#4249=CARTESIAN_POINT('',(0.00500000000027571,0.0832881072006107,0.105));
#4250=CARTESIAN_POINT('',(0.00500000000027572,0.083,0.105));
#4251=CARTESIAN_POINT('',(0.0050000000002757,0.105,0.105));
#4252=CARTESIAN_POINT('',(-0.010674999999724,0.105,0.105));
#4253=CARTESIAN_POINT('',(-0.00499999999972403,0.083,0.105));
#4254=CARTESIAN_POINT('',(-0.0832899467923905,0.0416440536003054,0.105));
#4255=CARTESIAN_POINT('',(-0.0752223345159678,-0.08,0.105));
#4256=CARTESIAN_POINT('',(-0.0602223345159765,-0.08,0.105));
#4257=CARTESIAN_POINT('',(-0.0577843450903086,-0.08,0.105));
#4258=CARTESIAN_POINT('',(-0.0427843450903086,-0.08,0.105));
#4259=CARTESIAN_POINT('',(-0.0359920256468683,-0.08,0.105));
#4260=CARTESIAN_POINT('',(0.0353079743531675,-0.08,0.105));
#4261=CARTESIAN_POINT('',(0.0353079743531675,-0.0832881072006107,0.105));
#4262=CARTESIAN_POINT('',(-0.0416449733961953,-0.0832881072006107,0.105));
#4263=CARTESIAN_POINT('',(0.0421505853892178,-0.0832881072006107,0.105));
#4264=CARTESIAN_POINT('',(0.0421505853892178,-0.08,0.105));
#4265=CARTESIAN_POINT('',(0.0571505853892178,-0.08,0.105));
#4266=CARTESIAN_POINT('',(4.1525589964354E-17,7.01742880002382E-17,0.105));
#4267=CARTESIAN_POINT('',(0.00300000000000004,7.01742880002382E-17,0.105));
#4268=CARTESIAN_POINT('',(-0.0895,0.075357864376269,0.100000000000009));
#4269=CARTESIAN_POINT('',(-0.0895,0.075357864376269,0.0899999999999937));
#4270=CARTESIAN_POINT('',(-0.0895000000000001,0.0847859547920897,0.100000000000009));
#4271=CARTESIAN_POINT('',(-0.0895000000000001,0.0847859547920897,0.0899999999999937));
#4272=CARTESIAN_POINT('',(-0.0847859547920898,0.0895000000000001,0.100000000000009));
#4273=CARTESIAN_POINT('',(-0.0847859547920898,0.0895000000000001,0.0899999999999936));
#4274=CARTESIAN_POINT('',(-0.075357864376269,0.0895,0.100000000000009));
#4275=CARTESIAN_POINT('',(-0.075357864376269,0.0895,0.0899999999999937));
#4276=CARTESIAN_POINT('',(-0.075357864376269,0.0895,0.0899999999999938));
#4277=CARTESIAN_POINT('',(-0.075357864376269,0.0895,0.0933333333333323));
#4278=CARTESIAN_POINT('',(-0.075357864376269,0.0895,0.0966666666666708));
#4279=CARTESIAN_POINT('',(-0.075357864376269,0.0895,0.100000000000009));
#4280=CARTESIAN_POINT('',(-0.075357864376269,0.0895,0.09));
#4281=CARTESIAN_POINT('',(-0.075357864376269,0.0895,0.1));
#4282=CARTESIAN_POINT('',(-0.0895,0.0753578643762691,0.09));
#4283=CARTESIAN_POINT('',(-0.0895,0.0772731755349731,0.09));
#4284=CARTESIAN_POINT('',(-0.0892338757467763,0.0800950358857233,0.0900000000000001));
#4285=CARTESIAN_POINT('',(-0.0878146685566547,0.0837026770004805,0.09));
#4286=CARTESIAN_POINT('',(-0.0860842603731646,0.0860443613783083,0.0900000000000001));
#4287=CARTESIAN_POINT('',(-0.0837610108151586,0.0877803748857618,0.09));
#4288=CARTESIAN_POINT('',(-0.0801842551599181,0.0892176279925172,0.0900000000000001));
#4289=CARTESIAN_POINT('',(-0.0772840648533031,0.0895,0.09));
#4290=CARTESIAN_POINT('',(-0.075357864376269,0.0895,0.09));
#4291=CARTESIAN_POINT('',(-0.0895,0.0753578643762691,0.09));
#4292=CARTESIAN_POINT('',(-0.0895,0.075357864376269,0.100000000000009));
#4293=CARTESIAN_POINT('',(-0.0895,0.075357864376269,0.0966666666666708));
#4294=CARTESIAN_POINT('',(-0.0895,0.075357864376269,0.0933333333333323));
#4295=CARTESIAN_POINT('',(-0.0895,0.075357864376269,0.0899999999999938));
#4296=CARTESIAN_POINT('',(-0.0895,0.0753578643762691,0.1));
#4297=CARTESIAN_POINT('',(-0.075357864376269,0.0895,0.1));
#4298=CARTESIAN_POINT('',(-0.077273175534973,0.0895,0.1));
#4299=CARTESIAN_POINT('',(-0.0800950358857232,0.0892338757467763,0.1));
#4300=CARTESIAN_POINT('',(-0.0837026770004805,0.0878146685566548,0.1));
#4301=CARTESIAN_POINT('',(-0.0860443613783082,0.0860842603731646,0.1));
#4302=CARTESIAN_POINT('',(-0.0877803748857618,0.0837610108151587,0.1));
#4303=CARTESIAN_POINT('',(-0.0892176279925171,0.0801842551599182,0.0999999999999999));
#4304=CARTESIAN_POINT('',(-0.0895,0.0772840648533032,0.1));
#4305=CARTESIAN_POINT('',(-0.0895,0.0753578643762691,0.1));
#4306=CARTESIAN_POINT('',(4.1525589964354E-17,7.01742880002382E-17,0.09));
#4307=CARTESIAN_POINT('',(4.1525589964354E-17,7.01742880002382E-17,0.09));
#4308=CARTESIAN_POINT('',(0.00300000000000004,7.01742880002382E-17,0.09));
#4309=CARTESIAN_POINT('',(-0.04475,0.0895,0.09));
#4310=CARTESIAN_POINT('',(-0.04475,0.0895,0.09));
#4311=CARTESIAN_POINT('',(0.0753578643790975,0.0895,0.0900000000999981));
#4312=CARTESIAN_POINT('',(-0.04475,0.0895,0.1));
#4313=CARTESIAN_POINT('',(0.0753578643790975,0.0895,0.0999999999000028));
#4314=CARTESIAN_POINT('',(0.075357864376269,0.0895000000000001,0.0900000000999981));
#4315=CARTESIAN_POINT('',(0.075357864376269,0.0895000000000001,0.0933333333666663));
#4316=CARTESIAN_POINT('',(0.075357864376269,0.0895000000000001,0.0966666666333346));
#4317=CARTESIAN_POINT('',(0.075357864376269,0.0895000000000001,0.0999999999000028));
#4318=CARTESIAN_POINT('',(-0.0895,0.04475,0.09));
#4319=CARTESIAN_POINT('',(-0.0895,0.04475,0.1));
#4320=CARTESIAN_POINT('',(-0.0895,-0.0753578643790975,0.0999999999000028));
#4321=CARTESIAN_POINT('',(-0.0895,0.04475,0.09));
#4322=CARTESIAN_POINT('',(-0.0895,-0.0753578643790975,0.0900000000999981));
#4323=CARTESIAN_POINT('',(-0.0895,-0.075357864376269,0.0999999999000028));
#4324=CARTESIAN_POINT('',(-0.0895,-0.075357864376269,0.0966666666333346));
#4325=CARTESIAN_POINT('',(-0.0895,-0.075357864376269,0.0933333333666663));
#4326=CARTESIAN_POINT('',(-0.0895,-0.075357864376269,0.0900000000999981));
#4327=CARTESIAN_POINT('',(-0.055,0.055,0.09));
#4328=CARTESIAN_POINT('',(-0.075357864376269,-0.0895,0.09));
#4329=CARTESIAN_POINT('',(-0.0772840648533031,-0.0895,0.09));
#4330=CARTESIAN_POINT('',(-0.0801842551599181,-0.089217627992517,0.09));
#4331=CARTESIAN_POINT('',(-0.0837610108151586,-0.0877803748857619,0.09));
#4332=CARTESIAN_POINT('',(-0.0860842603731646,-0.0860443613783084,0.09));
#4333=CARTESIAN_POINT('',(-0.0878146685566547,-0.0837026770004805,0.09));
#4334=CARTESIAN_POINT('',(-0.0892338757467763,-0.0800950358857233,0.0900000000000001));
#4335=CARTESIAN_POINT('',(-0.0895,-0.0772731755349731,0.09));
#4336=CARTESIAN_POINT('',(-0.0895,-0.0753578643762691,0.09));
#4337=CARTESIAN_POINT('',(-0.0753578643790975,-0.0895,0.0900000000999981));
#4338=CARTESIAN_POINT('',(0.075357864376269,0.0895,0.09));
#4339=CARTESIAN_POINT('',(0.0772840648533031,0.0895,0.09));
#4340=CARTESIAN_POINT('',(0.0801842551599181,0.089217627992517,0.09));
#4341=CARTESIAN_POINT('',(0.0837610108151586,0.0877803748857619,0.09));
#4342=CARTESIAN_POINT('',(0.0860842603731646,0.0860443613783084,0.09));
#4343=CARTESIAN_POINT('',(0.0878146685566547,0.0837026770004805,0.09));
#4344=CARTESIAN_POINT('',(0.0892338757467763,0.0800950358857233,0.0900000000000001));
#4345=CARTESIAN_POINT('',(0.0895,0.0772731755349731,0.09));
#4346=CARTESIAN_POINT('',(0.0895,0.0753578643762691,0.09));
#4347=CARTESIAN_POINT('',(0.0895,0.0753578643790975,0.0900000000999981));
#4348=CARTESIAN_POINT('',(0.0895,0.04475,0.09));
#4349=CARTESIAN_POINT('',(0.0895,-0.0753578643796632,0.090000000119999));
#4350=CARTESIAN_POINT('',(0.0895,-0.0753578643762691,0.09));
#4351=CARTESIAN_POINT('',(0.0895,-0.0772731755349731,0.09));
#4352=CARTESIAN_POINT('',(0.0892338757467763,-0.0800950358857233,0.09));
#4353=CARTESIAN_POINT('',(0.0878146685566547,-0.0837026770004805,0.0900000000000001));
#4354=CARTESIAN_POINT('',(0.0860842603731646,-0.0860443613783083,0.09));
#4355=CARTESIAN_POINT('',(0.0837610108151586,-0.0877803748857619,0.09));
#4356=CARTESIAN_POINT('',(0.0801842551599181,-0.0892176279925171,0.09));
#4357=CARTESIAN_POINT('',(0.0772840648533031,-0.0895,0.09));
#4358=CARTESIAN_POINT('',(0.075357864376269,-0.0895,0.09));
#4359=CARTESIAN_POINT('',(0.0753578643796631,-0.0895,0.090000000119999));
#4360=CARTESIAN_POINT('',(-0.04475,-0.0895,0.09));
#4361=CARTESIAN_POINT('',(-0.090003966162013,0.0900039661620131,0.105));
#4362=CARTESIAN_POINT('',(-0.090003966162013,0.0900039661620131,0.1));
#4363=CARTESIAN_POINT('',(-0.11,0.0904022509220568,0.1));
#4364=CARTESIAN_POINT('',(-0.11,0.0904022509220568,0.105));
#4365=CARTESIAN_POINT('',(-0.11,0.0520721319859296,0.105));
#4366=CARTESIAN_POINT('',(-0.11,0.0516442639718592,0.115));
#4367=CARTESIAN_POINT('',(-0.11,0.0516442639718592,0.114));
#4368=CARTESIAN_POINT('',(-0.11,0.0904022509220568,0.114));
#4369=CARTESIAN_POINT('',(-0.11,0.0904022509220568,0.114));
#4370=CARTESIAN_POINT('',(-0.11,0.0904022509220568,0.115));
#4371=CARTESIAN_POINT('',(-0.11,0.0520721319859296,0.1));
#4372=CARTESIAN_POINT('',(-0.11,-0.0904022509220568,0.1));
#4373=CARTESIAN_POINT('',(-0.11,-0.0904022509220568,0.105));
#4374=CARTESIAN_POINT('',(-0.11,-0.0904022509220568,0.115));
#4375=CARTESIAN_POINT('',(-0.11,-0.0904022509220568,0.114));
#4376=CARTESIAN_POINT('',(-0.11,-0.0904022509220568,0.114));
#4377=CARTESIAN_POINT('',(-0.11,-0.0516442639718592,0.114));
#4378=CARTESIAN_POINT('',(-0.11,-0.0516442639718592,0.115));
#4379=CARTESIAN_POINT('',(-0.055,0.055,0.1));
#4380=CARTESIAN_POINT('',(2.75834511251758E-13,0.105,0.1));
#4381=CARTESIAN_POINT('',(-0.0163499999997241,0.105,0.1));
#4382=CARTESIAN_POINT('',(0.0163500000002757,0.105,0.1));
#4383=CARTESIAN_POINT('',(0.0163500000002757,0.105,0.1));
#4384=CARTESIAN_POINT('',(0.090003966162013,0.0900039661620131,0.1));
#4385=CARTESIAN_POINT('',(0.11,0.0904022509220568,0.1));
#4386=CARTESIAN_POINT('',(0.11,0.0520721319859296,0.1));
#4387=CARTESIAN_POINT('',(0.11,-0.0904022509220568,0.1));
#4388=CARTESIAN_POINT('',(0.090003966162013,-0.0900039661620131,0.1));
#4389=CARTESIAN_POINT('',(-0.090003966162013,-0.0900039661620131,0.1));
#4390=CARTESIAN_POINT('',(-0.0163499999997241,0.105,0.1));
#4391=CARTESIAN_POINT('',(-0.0895,-0.0753578643762691,0.1));
#4392=CARTESIAN_POINT('',(-0.0895,-0.0772840648533032,0.1));
#4393=CARTESIAN_POINT('',(-0.0892176279925171,-0.0801842551599182,0.1));
#4394=CARTESIAN_POINT('',(-0.0877803748857619,-0.0837610108151587,0.1));
#4395=CARTESIAN_POINT('',(-0.0860443613783082,-0.0860842603731646,0.1));
#4396=CARTESIAN_POINT('',(-0.0837026770004805,-0.0878146685566548,0.1));
#4397=CARTESIAN_POINT('',(-0.0800950358857232,-0.0892338757467764,0.1));
#4398=CARTESIAN_POINT('',(-0.077273175534973,-0.0895,0.1));
#4399=CARTESIAN_POINT('',(-0.075357864376269,-0.0895,0.1));
#4400=CARTESIAN_POINT('',(-0.0753578643790975,-0.0895,0.0999999999000028));
#4401=CARTESIAN_POINT('',(-0.04475,-0.0895,0.1));
#4402=CARTESIAN_POINT('',(0.0753578643796632,-0.0895,0.0999999998800015));
#4403=CARTESIAN_POINT('',(0.075357864376269,-0.0895,0.1));
#4404=CARTESIAN_POINT('',(0.077273175534973,-0.0895,0.1));
#4405=CARTESIAN_POINT('',(0.0800950358857232,-0.0892338757467763,0.1));
#4406=CARTESIAN_POINT('',(0.0837026770004805,-0.0878146685566548,0.1));
#4407=CARTESIAN_POINT('',(0.0860443613783082,-0.0860842603731646,0.1));
#4408=CARTESIAN_POINT('',(0.0877803748857618,-0.0837610108151587,0.1));
#4409=CARTESIAN_POINT('',(0.0892176279925171,-0.0801842551599182,0.0999999999999999));
#4410=CARTESIAN_POINT('',(0.0895,-0.0772840648533032,0.1));
#4411=CARTESIAN_POINT('',(0.0895,-0.0753578643762691,0.1));
#4412=CARTESIAN_POINT('',(0.0895,-0.0753578643796632,0.0999999998800015));
#4413=CARTESIAN_POINT('',(0.0895,0.04475,0.1));
#4414=CARTESIAN_POINT('',(0.0895,0.0753578643790975,0.0999999999000028));
#4415=CARTESIAN_POINT('',(0.0895,0.0753578643762691,0.1));
#4416=CARTESIAN_POINT('',(0.0895,0.0772840648533032,0.1));
#4417=CARTESIAN_POINT('',(0.0892176279925171,0.0801842551599182,0.1));
#4418=CARTESIAN_POINT('',(0.0877803748857619,0.0837610108151587,0.1));
#4419=CARTESIAN_POINT('',(0.0860443613783082,0.0860842603731646,0.1));
#4420=CARTESIAN_POINT('',(0.0837026770004805,0.0878146685566548,0.1));
#4421=CARTESIAN_POINT('',(0.0800950358857232,0.0892338757467764,0.1));
#4422=CARTESIAN_POINT('',(0.077273175534973,0.0895,0.1));
#4423=CARTESIAN_POINT('',(0.075357864376269,0.0895,0.1));
#4424=CARTESIAN_POINT('',(-0.0416449733961953,0.0832881072006107,0.11));
#4425=CARTESIAN_POINT('',(0.00500000000027571,0.0832881072006107,0.11));
#4426=CARTESIAN_POINT('',(0.0832899467923905,0.0832881072006107,0.11));
#4427=CARTESIAN_POINT('',(-0.0832899467923905,0.0416440536003054,0.11));
#4428=CARTESIAN_POINT('',(-0.0808221319859296,0.0808221319859296,0.115));
#4429=CARTESIAN_POINT('',(-0.0808221319859296,0.0808221319859296,0.115));
#4430=CARTESIAN_POINT('',(-0.1075,0.0541442639718592,0.115));
#4431=CARTESIAN_POINT('',(-0.109,0.0526442639718592,0.115));
#4432=CARTESIAN_POINT('',(-0.0902147546572864,0.0714295093145728,0.133785245342714));
#4433=CARTESIAN_POINT('',(-0.1075,0.0541442639718592,0.115));
#4434=CARTESIAN_POINT('',(-0.106460545808077,0.0541442639718592,0.115));
#4435=CARTESIAN_POINT('',(-0.102921091616154,0.0541442639718592,0.115));
#4436=CARTESIAN_POINT('',(-0.102921091616154,0.0541442639718592,0.115));
#4437=CARTESIAN_POINT('',(-0.106460545808077,0.0541442639718592,0.115));
#4438=CARTESIAN_POINT('',(-0.102921091616154,0.0566494913504156,0.115));
#4439=CARTESIAN_POINT('',(-0.102921091616154,0.0566547187289721,0.115));
#4440=CARTESIAN_POINT('',(-0.102921091616154,0.0566547187289721,0.115));
#4441=CARTESIAN_POINT('',(-0.102921091616154,0.0566494913504156,0.115));
#4442=CARTESIAN_POINT('',(-0.0797879051725629,0.0797879051725629,0.115));
#4443=CARTESIAN_POINT('',(-0.100421091616154,0.0591547187289721,0.115));
#4444=CARTESIAN_POINT('',(-0.100421091616154,0.0591547187289721,0.115));
#4445=CARTESIAN_POINT('',(-0.0797879051725629,0.0797879051725629,0.115));
#4446=CARTESIAN_POINT('',(-0.101460545808077,0.0591547187289721,0.115));
#4447=CARTESIAN_POINT('',(-0.1,0.0591547187289721,0.115));
#4448=CARTESIAN_POINT('',(-0.1,0.0591547187289721,0.115));
#4449=CARTESIAN_POINT('',(-0.101460545808077,0.0591547187289721,0.115));
#4450=CARTESIAN_POINT('',(-0.1,0.0827011254610284,0.115));
#4451=CARTESIAN_POINT('',(-0.1,0.0879022509220568,0.115));
#4452=CARTESIAN_POINT('',(-0.1,0.0879022509220568,0.115));
#4453=CARTESIAN_POINT('',(-0.1,0.0827011254610284,0.115));
#4454=CARTESIAN_POINT('',(-0.1,0.0879022509220568,0.115));
#4455=CARTESIAN_POINT('',(-0.1025,0.0904022509220568,0.115));
#4456=CARTESIAN_POINT('',(-0.1025,0.0904022509220568,0.115));
#4457=CARTESIAN_POINT('',(-0.1,0.0879022509220568,0.115));
#4458=CARTESIAN_POINT('',(-0.105,0.0904022509220568,0.115));
#4459=CARTESIAN_POINT('',(-0.11,0.0904022509220568,0.114));
#4460=CARTESIAN_POINT('',(-0.109,0.0904022509220568,0.115));
#4461=CARTESIAN_POINT('',(-0.105,0.0904022509220568,0.115));
#4462=CARTESIAN_POINT('',(-0.055,0.055,0.115));
#4463=CARTESIAN_POINT('',(-0.109,0.0516442639718592,0.115));
#4464=CARTESIAN_POINT('',(-0.0808221319859296,0.0808221319859297,0.115));
#4465=CARTESIAN_POINT('',(-0.0714295093145728,0.0902147546572865,0.133785245342714));
#4466=CARTESIAN_POINT('',(-0.0526442639718593,0.109,0.115));
#4467=CARTESIAN_POINT('',(-0.0808221319859296,0.0808221319859297,0.115));
#4468=CARTESIAN_POINT('',(-0.0541442639718593,0.1075,0.115));
#4469=CARTESIAN_POINT('',(-0.0541442639718593,0.1075,0.115));
#4470=CARTESIAN_POINT('',(-0.0904022509220567,0.105,0.115));
#4471=CARTESIAN_POINT('',(-0.0904022509220567,0.105,0.115));
#4472=CARTESIAN_POINT('',(-0.0904022509220567,0.1025,0.115));
#4473=CARTESIAN_POINT('',(-0.0904022509220567,0.109,0.115));
#4474=CARTESIAN_POINT('',(-0.0904022509220567,0.107,0.117));
#4475=CARTESIAN_POINT('',(-0.0904022509220567,0.1025,0.115));
#4476=CARTESIAN_POINT('',(-0.0904022509220567,0.1025,0.115));
#4477=CARTESIAN_POINT('',(-0.0879022509220567,0.1,0.115));
#4478=CARTESIAN_POINT('',(-0.0879022509220567,0.1,0.115));
#4479=CARTESIAN_POINT('',(-0.0904022509220567,0.1025,0.115));
#4480=CARTESIAN_POINT('',(-0.067077359364486,0.1,0.115));
#4481=CARTESIAN_POINT('',(-0.0591547187289721,0.1,0.115));
#4482=CARTESIAN_POINT('',(-0.0591547187289721,0.1,0.115));
#4483=CARTESIAN_POINT('',(-0.067077359364486,0.1,0.115));
#4484=CARTESIAN_POINT('',(-0.0591547187289721,0.101460545808077,0.115));
#4485=CARTESIAN_POINT('',(-0.0591547187289721,0.100421091616154,0.115));
#4486=CARTESIAN_POINT('',(-0.0591547187289721,0.100421091616154,0.115));
#4487=CARTESIAN_POINT('',(-0.0591547187289721,0.101460545808077,0.115));
#4488=CARTESIAN_POINT('',(-0.0797879051725629,0.0797879051725629,0.115));
#4489=CARTESIAN_POINT('',(-0.0566547187289721,0.102921091616154,0.115));
#4490=CARTESIAN_POINT('',(-0.0566547187289721,0.102921091616154,0.115));
#4491=CARTESIAN_POINT('',(-0.0797879051725629,0.0797879051725629,0.115));
#4492=CARTESIAN_POINT('',(-0.0566494913504157,0.102921091616154,0.115));
#4493=CARTESIAN_POINT('',(-0.0541442639718593,0.102921091616154,0.115));
#4494=CARTESIAN_POINT('',(-0.0541442639718593,0.102921091616154,0.115));
#4495=CARTESIAN_POINT('',(-0.0566494913504157,0.102921091616154,0.115));
#4496=CARTESIAN_POINT('',(-0.0541442639718593,0.106460545808077,0.115));
#4497=CARTESIAN_POINT('',(-0.0541442639718593,0.106460545808077,0.115));
#4498=CARTESIAN_POINT('',(-0.055,0.055,0.115));
#4499=CARTESIAN_POINT('',(-0.0904022509220567,0.109,0.115));
#4500=CARTESIAN_POINT('',(-0.11,0.0520721319859296,0.114));
#4501=CARTESIAN_POINT('',(-0.055,0.109,0.115));
#4502=CARTESIAN_POINT('',(0.0895,0.075357864376269,0.09));
#4503=CARTESIAN_POINT('',(0.0895,0.075357864376269,0.1));
#4504=CARTESIAN_POINT('',(0.0895000000000001,0.0847859547920897,0.09));
#4505=CARTESIAN_POINT('',(0.0895000000000001,0.0847859547920897,0.1));
#4506=CARTESIAN_POINT('',(0.0847859547920898,0.0895000000000001,0.0899999999999998));
#4507=CARTESIAN_POINT('',(0.0847859547920898,0.0895000000000001,0.0999999999999999));
#4508=CARTESIAN_POINT('',(0.075357864376269,0.0895,0.09));
#4509=CARTESIAN_POINT('',(0.075357864376269,0.0895,0.1));
#4510=CARTESIAN_POINT('',(0.0895,0.075357864376269,0.0999999999000028));
#4511=CARTESIAN_POINT('',(0.0895,0.075357864376269,0.0966666666333346));
#4512=CARTESIAN_POINT('',(0.0895,0.075357864376269,0.0933333333666663));
#4513=CARTESIAN_POINT('',(0.0895,0.0753578643762691,0.0900000000999981));
#4514=CARTESIAN_POINT('',(0.0895,0.04475,0.09));
#4515=CARTESIAN_POINT('',(0.0895,-0.075357864376269,0.0999999998800015));
#4516=CARTESIAN_POINT('',(0.0895,-0.075357864376269,0.0966666666266673));
#4517=CARTESIAN_POINT('',(0.0895,-0.075357864376269,0.0933333333733332));
#4518=CARTESIAN_POINT('',(0.0895,-0.075357864376269,0.090000000119999));
#4519=CARTESIAN_POINT('',(0.090003966162013,0.0900039661620131,0.105));
#4520=CARTESIAN_POINT('',(0.11,0.0904022509220568,0.105));
#4521=CARTESIAN_POINT('',(0.11,0.0520721319859296,0.105));
#4522=CARTESIAN_POINT('',(0.11,0.0516442639718592,0.115));
#4523=CARTESIAN_POINT('',(0.11,0.0516442639718592,0.114));
#4524=CARTESIAN_POINT('',(0.11,-0.0516442639718592,0.115));
#4525=CARTESIAN_POINT('',(0.11,-0.0516442639718592,0.114));
#4526=CARTESIAN_POINT('',(0.11,-0.0904022509220568,0.114));
#4527=CARTESIAN_POINT('',(0.11,-0.0904022509220568,0.114));
#4528=CARTESIAN_POINT('',(0.11,-0.0904022509220568,0.115));
#4529=CARTESIAN_POINT('',(0.11,-0.0904022509220568,0.105));
#4530=CARTESIAN_POINT('',(0.11,0.0904022509220568,0.115));
#4531=CARTESIAN_POINT('',(0.11,0.0904022509220568,0.114));
#4532=CARTESIAN_POINT('',(0.11,0.0904022509220568,0.114));
#4533=CARTESIAN_POINT('',(0.0832899467923905,0.0416440536003054,0.11));
#4534=CARTESIAN_POINT('',(0.0808221319859296,0.0808221319859296,0.115));
#4535=CARTESIAN_POINT('',(0.0808221319859296,0.0808221319859296,0.115));
#4536=CARTESIAN_POINT('',(0.1075,0.0541442639718592,0.115));
#4537=CARTESIAN_POINT('',(0.109,0.0526442639718592,0.115));
#4538=CARTESIAN_POINT('',(0.1075,0.0541442639718592,0.115));
#4539=CARTESIAN_POINT('',(0.0902147546572864,0.0714295093145728,0.133785245342714));
#4540=CARTESIAN_POINT('',(0.106460545808077,0.0541442639718592,0.115));
#4541=CARTESIAN_POINT('',(0.106460545808077,0.0541442639718592,0.115));
#4542=CARTESIAN_POINT('',(0.102921091616154,0.0541442639718592,0.115));
#4543=CARTESIAN_POINT('',(0.102921091616154,0.0541442639718592,0.115));
#4544=CARTESIAN_POINT('',(0.102921091616154,0.0566494913504156,0.115));
#4545=CARTESIAN_POINT('',(0.102921091616154,0.0566494913504156,0.115));
#4546=CARTESIAN_POINT('',(0.102921091616154,0.0566547187289721,0.115));
#4547=CARTESIAN_POINT('',(0.102921091616154,0.0566547187289721,0.115));
#4548=CARTESIAN_POINT('',(0.0797879051725629,0.0797879051725629,0.115));
#4549=CARTESIAN_POINT('',(0.0797879051725629,0.0797879051725629,0.115));
#4550=CARTESIAN_POINT('',(0.100421091616154,0.0591547187289721,0.115));
#4551=CARTESIAN_POINT('',(0.100421091616154,0.0591547187289721,0.115));
#4552=CARTESIAN_POINT('',(0.101460545808077,0.0591547187289721,0.115));
#4553=CARTESIAN_POINT('',(0.101460545808077,0.0591547187289721,0.115));
#4554=CARTESIAN_POINT('',(0.1,0.0591547187289721,0.115));
#4555=CARTESIAN_POINT('',(0.1,0.0591547187289721,0.115));
#4556=CARTESIAN_POINT('',(0.1,0.0827011254610284,0.115));
#4557=CARTESIAN_POINT('',(0.1,0.0827011254610284,0.115));
#4558=CARTESIAN_POINT('',(0.1,0.0879022509220568,0.115));
#4559=CARTESIAN_POINT('',(0.1,0.0879022509220568,0.115));
#4560=CARTESIAN_POINT('',(0.1,0.0879022509220568,0.115));
#4561=CARTESIAN_POINT('',(0.1,0.0879022509220568,0.115));
#4562=CARTESIAN_POINT('',(0.1025,0.0904022509220568,0.115));
#4563=CARTESIAN_POINT('',(0.1025,0.0904022509220568,0.115));
#4564=CARTESIAN_POINT('',(0.105,0.0904022509220568,0.115));
#4565=CARTESIAN_POINT('',(0.105,0.0904022509220568,0.115));
#4566=CARTESIAN_POINT('',(0.109,0.0904022509220568,0.115));
#4567=CARTESIAN_POINT('',(0.11,0.0904022509220568,0.114));
#4568=CARTESIAN_POINT('',(0.055,0.055,0.115));
#4569=CARTESIAN_POINT('',(0.109,0.0516442639718592,0.115));
#4570=CARTESIAN_POINT('',(0.0808221319859296,0.0808221319859297,0.115));
#4571=CARTESIAN_POINT('',(0.0541442639718593,0.1075,0.115));
#4572=CARTESIAN_POINT('',(0.0541442639718593,0.1075,0.115));
#4573=CARTESIAN_POINT('',(0.0808221319859296,0.0808221319859297,0.115));
#4574=CARTESIAN_POINT('',(0.0526442639718593,0.109,0.115));
#4575=CARTESIAN_POINT('',(0.0714295093145728,0.0902147546572865,0.133785245342714));
#4576=CARTESIAN_POINT('',(0.0904022509220567,0.105,0.115));
#4577=CARTESIAN_POINT('',(0.0904022509220567,0.105,0.115));
#4578=CARTESIAN_POINT('',(0.0904022509220567,0.1025,0.115));
#4579=CARTESIAN_POINT('',(0.0904022509220567,0.109,0.115));
#4580=CARTESIAN_POINT('',(0.0904022509220567,0.1025,0.115));
#4581=CARTESIAN_POINT('',(0.0904022509220567,0.107,0.117));
#4582=CARTESIAN_POINT('',(0.0904022509220567,0.1025,0.115));
#4583=CARTESIAN_POINT('',(0.0904022509220567,0.1025,0.115));
#4584=CARTESIAN_POINT('',(0.0879022509220567,0.1,0.115));
#4585=CARTESIAN_POINT('',(0.0879022509220567,0.1,0.115));
#4586=CARTESIAN_POINT('',(0.067077359364486,0.1,0.115));
#4587=CARTESIAN_POINT('',(0.067077359364486,0.1,0.115));
#4588=CARTESIAN_POINT('',(0.0591547187289721,0.1,0.115));
#4589=CARTESIAN_POINT('',(0.0591547187289721,0.1,0.115));
#4590=CARTESIAN_POINT('',(0.0591547187289721,0.101460545808077,0.115));
#4591=CARTESIAN_POINT('',(0.0591547187289721,0.101460545808077,0.115));
#4592=CARTESIAN_POINT('',(0.0591547187289721,0.100421091616154,0.115));
#4593=CARTESIAN_POINT('',(0.0591547187289721,0.100421091616154,0.115));
#4594=CARTESIAN_POINT('',(0.0797879051725629,0.0797879051725629,0.115));
#4595=CARTESIAN_POINT('',(0.0797879051725629,0.0797879051725629,0.115));
#4596=CARTESIAN_POINT('',(0.0566547187289721,0.102921091616154,0.115));
#4597=CARTESIAN_POINT('',(0.0566547187289721,0.102921091616154,0.115));
#4598=CARTESIAN_POINT('',(0.0566494913504157,0.102921091616154,0.115));
#4599=CARTESIAN_POINT('',(0.0566494913504157,0.102921091616154,0.115));
#4600=CARTESIAN_POINT('',(0.0541442639718593,0.102921091616154,0.115));
#4601=CARTESIAN_POINT('',(0.0541442639718593,0.102921091616154,0.115));
#4602=CARTESIAN_POINT('',(0.0541442639718593,0.106460545808077,0.115));
#4603=CARTESIAN_POINT('',(0.0541442639718593,0.106460545808077,0.115));
#4604=CARTESIAN_POINT('',(0.055,0.055,0.115));
#4605=CARTESIAN_POINT('',(0.0904022509220567,0.109,0.115));
#4606=CARTESIAN_POINT('',(0.11,0.0520721319859296,0.114));
#4607=CARTESIAN_POINT('',(0.055,0.109,0.115));
#4608=CARTESIAN_POINT('',(-0.0895,-0.075357864376269,0.09));
#4609=CARTESIAN_POINT('',(-0.0895,-0.075357864376269,0.1));
#4610=CARTESIAN_POINT('',(-0.0895000000000001,-0.0847859547920898,0.09));
#4611=CARTESIAN_POINT('',(-0.0895000000000001,-0.0847859547920898,0.1));
#4612=CARTESIAN_POINT('',(-0.0847859547920898,-0.0895000000000001,0.0899999999999998));
#4613=CARTESIAN_POINT('',(-0.0847859547920898,-0.0895000000000001,0.0999999999999999));
#4614=CARTESIAN_POINT('',(-0.075357864376269,-0.0895,0.09));
#4615=CARTESIAN_POINT('',(-0.075357864376269,-0.0895,0.1));
#4616=CARTESIAN_POINT('',(-0.0753578643762691,-0.0895,0.0900000000999981));
#4617=CARTESIAN_POINT('',(-0.075357864376269,-0.0895,0.0933333333666663));
#4618=CARTESIAN_POINT('',(-0.075357864376269,-0.0895,0.0966666666333346));
#4619=CARTESIAN_POINT('',(-0.075357864376269,-0.0895,0.0999999999000028));
#4620=CARTESIAN_POINT('',(-0.04475,-0.0895,0.09));
#4621=CARTESIAN_POINT('',(0.075357864376269,-0.0895,0.090000000119999));
#4622=CARTESIAN_POINT('',(0.075357864376269,-0.0895,0.0933333333733332));
#4623=CARTESIAN_POINT('',(0.075357864376269,-0.0895,0.0966666666266674));
#4624=CARTESIAN_POINT('',(0.075357864376269,-0.0895,0.0999999998800015));
#4625=CARTESIAN_POINT('',(-0.090003966162013,-0.0900039661620131,0.105));
#4626=CARTESIAN_POINT('',(-0.0416449733961953,-0.0832881072006107,0.11));
#4627=CARTESIAN_POINT('',(0.0421505853892178,-0.0832881072006107,0.11));
#4628=CARTESIAN_POINT('',(0.0353079743531675,-0.0832881072006107,0.11));
#4629=CARTESIAN_POINT('',(-0.0808221319859296,-0.0808221319859296,0.115));
#4630=CARTESIAN_POINT('',(-0.0808221319859296,-0.0808221319859296,0.115));
#4631=CARTESIAN_POINT('',(-0.1075,-0.0541442639718592,0.115));
#4632=CARTESIAN_POINT('',(-0.109,-0.0526442639718592,0.115));
#4633=CARTESIAN_POINT('',(-0.1075,-0.0541442639718592,0.115));
#4634=CARTESIAN_POINT('',(-0.0902147546572864,-0.0714295093145728,0.133785245342714));
#4635=CARTESIAN_POINT('',(-0.106460545808077,-0.0541442639718592,0.115));
#4636=CARTESIAN_POINT('',(-0.106460545808077,-0.0541442639718592,0.115));
#4637=CARTESIAN_POINT('',(-0.102921091616154,-0.0541442639718592,0.115));
#4638=CARTESIAN_POINT('',(-0.102921091616154,-0.0541442639718592,0.115));
#4639=CARTESIAN_POINT('',(-0.102921091616154,-0.0566494913504156,0.115));
#4640=CARTESIAN_POINT('',(-0.102921091616154,-0.0566494913504156,0.115));
#4641=CARTESIAN_POINT('',(-0.102921091616154,-0.0566547187289721,0.115));
#4642=CARTESIAN_POINT('',(-0.102921091616154,-0.0566547187289721,0.115));
#4643=CARTESIAN_POINT('',(-0.0797879051725629,-0.0797879051725629,0.115));
#4644=CARTESIAN_POINT('',(-0.0797879051725629,-0.0797879051725629,0.115));
#4645=CARTESIAN_POINT('',(-0.100421091616154,-0.0591547187289721,0.115));
#4646=CARTESIAN_POINT('',(-0.100421091616154,-0.0591547187289721,0.115));
#4647=CARTESIAN_POINT('',(-0.101460545808077,-0.0591547187289721,0.115));
#4648=CARTESIAN_POINT('',(-0.101460545808077,-0.0591547187289721,0.115));
#4649=CARTESIAN_POINT('',(-0.1,-0.0591547187289721,0.115));
#4650=CARTESIAN_POINT('',(-0.1,-0.0591547187289721,0.115));
#4651=CARTESIAN_POINT('',(-0.1,-0.0827011254610284,0.115));
#4652=CARTESIAN_POINT('',(-0.1,-0.0827011254610284,0.115));
#4653=CARTESIAN_POINT('',(-0.1,-0.0879022509220568,0.115));
#4654=CARTESIAN_POINT('',(-0.1,-0.0879022509220568,0.115));
#4655=CARTESIAN_POINT('',(-0.1,-0.0879022509220568,0.115));
#4656=CARTESIAN_POINT('',(-0.1,-0.0879022509220568,0.115));
#4657=CARTESIAN_POINT('',(-0.1025,-0.0904022509220568,0.115));
#4658=CARTESIAN_POINT('',(-0.1025,-0.0904022509220568,0.115));
#4659=CARTESIAN_POINT('',(-0.105,-0.0904022509220568,0.115));
#4660=CARTESIAN_POINT('',(-0.105,-0.0904022509220568,0.115));
#4661=CARTESIAN_POINT('',(-0.109,-0.0904022509220568,0.115));
#4662=CARTESIAN_POINT('',(-0.11,-0.0904022509220568,0.114));
#4663=CARTESIAN_POINT('',(-0.055,-0.055,0.115));
#4664=CARTESIAN_POINT('',(-0.109,-0.0516442639718592,0.115));
#4665=CARTESIAN_POINT('',(-0.0808221319859296,-0.0808221319859297,0.115));
#4666=CARTESIAN_POINT('',(-0.0808221319859296,-0.0808221319859297,0.11));
#4667=CARTESIAN_POINT('',(-0.0541442639718593,-0.1075,0.11));
#4668=CARTESIAN_POINT('',(-0.0541442639718593,-0.1075,0.115));
#4669=CARTESIAN_POINT('',(-0.0541442639718593,-0.1075,0.115));
#4670=CARTESIAN_POINT('',(-0.0808221319859296,-0.0808221319859297,0.115));
#4671=CARTESIAN_POINT('',(-0.0526442639718593,-0.109,0.115));
#4672=CARTESIAN_POINT('',(-0.0714295093145728,-0.0902147546572865,0.133785245342714));
#4673=CARTESIAN_POINT('',(-0.0904022509220567,-0.105,0.115));
#4674=CARTESIAN_POINT('',(-0.0904022509220567,-0.105,0.115));
#4675=CARTESIAN_POINT('',(-0.0904022509220567,-0.1025,0.115));
#4676=CARTESIAN_POINT('',(-0.0904022509220567,-0.109,0.115));
#4677=CARTESIAN_POINT('',(-0.0904022509220567,-0.1025,0.115));
#4678=CARTESIAN_POINT('',(-0.0904022509220567,-0.107,0.117));
#4679=CARTESIAN_POINT('',(-0.0904022509220567,-0.1025,0.115));
#4680=CARTESIAN_POINT('',(-0.0904022509220567,-0.1025,0.115));
#4681=CARTESIAN_POINT('',(-0.0591547187289721,-0.101460545808077,0.115));
#4682=CARTESIAN_POINT('',(-0.0591547187289721,-0.101460545808077,0.115));
#4683=CARTESIAN_POINT('',(-0.0591547187289721,-0.100421091616154,0.115));
#4684=CARTESIAN_POINT('',(-0.0591547187289721,-0.100421091616154,0.115));
#4685=CARTESIAN_POINT('',(-0.0797879051725629,-0.0797879051725629,0.115));
#4686=CARTESIAN_POINT('',(-0.0797879051725629,-0.0797879051725629,0.11));
#4687=CARTESIAN_POINT('',(-0.0566547187289721,-0.102921091616154,0.11));
#4688=CARTESIAN_POINT('',(-0.0797879051725629,-0.0797879051725629,0.115));
#4689=CARTESIAN_POINT('',(-0.0566547187289721,-0.102921091616154,0.115));
#4690=CARTESIAN_POINT('',(-0.0566547187289721,-0.102921091616154,0.115));
#4691=CARTESIAN_POINT('',(-0.0566494913504157,-0.102921091616154,0.115));
#4692=CARTESIAN_POINT('',(-0.0566494913504157,-0.102921091616154,0.11));
#4693=CARTESIAN_POINT('',(-0.0541442639718593,-0.102921091616154,0.11));
#4694=CARTESIAN_POINT('',(-0.0566494913504157,-0.102921091616154,0.115));
#4695=CARTESIAN_POINT('',(-0.0541442639718593,-0.102921091616154,0.115));
#4696=CARTESIAN_POINT('',(-0.0541442639718593,-0.102921091616154,0.115));
#4697=CARTESIAN_POINT('',(-0.0541442639718593,-0.106460545808077,0.115));
#4698=CARTESIAN_POINT('',(-0.0541442639718593,-0.106460545808077,0.11));
#4699=CARTESIAN_POINT('',(-0.0541442639718593,-0.106460545808077,0.115));
#4700=CARTESIAN_POINT('',(-0.055,-0.055,0.115));
#4701=CARTESIAN_POINT('',(-0.0904022509220567,-0.109,0.115));
#4702=CARTESIAN_POINT('',(-0.11,-0.0520721319859296,0.114));
#4703=CARTESIAN_POINT('',(-0.055,-0.109,0.115));
#4704=CARTESIAN_POINT('',(0.0895,-0.075357864376269,0.1));
#4705=CARTESIAN_POINT('',(0.0895,-0.075357864376269,0.09));
#4706=CARTESIAN_POINT('',(0.0895000000000001,-0.0847859547920898,0.1));
#4707=CARTESIAN_POINT('',(0.0895000000000001,-0.0847859547920898,0.09));
#4708=CARTESIAN_POINT('',(0.0847859547920898,-0.0895000000000001,0.0999999999999999));
#4709=CARTESIAN_POINT('',(0.0847859547920898,-0.0895000000000001,0.0899999999999999));
#4710=CARTESIAN_POINT('',(0.075357864376269,-0.0895,0.1));
#4711=CARTESIAN_POINT('',(0.075357864376269,-0.0895,0.09));
#4712=CARTESIAN_POINT('',(0.090003966162013,-0.0900039661620131,0.105));
#4713=CARTESIAN_POINT('',(0.0808221319859296,-0.0808221319859296,0.115));
#4714=CARTESIAN_POINT('',(0.0808221319859296,-0.0808221319859296,0.115));
#4715=CARTESIAN_POINT('',(0.1075,-0.0541442639718592,0.115));
#4716=CARTESIAN_POINT('',(0.109,-0.0526442639718592,0.115));
#4717=CARTESIAN_POINT('',(0.0902147546572864,-0.0714295093145728,0.133785245342714));
#4718=CARTESIAN_POINT('',(0.1075,-0.0541442639718592,0.115));
#4719=CARTESIAN_POINT('',(0.106460545808077,-0.0541442639718592,0.115));
#4720=CARTESIAN_POINT('',(0.102921091616154,-0.0541442639718592,0.115));
#4721=CARTESIAN_POINT('',(0.102921091616154,-0.0541442639718592,0.115));
#4722=CARTESIAN_POINT('',(0.106460545808077,-0.0541442639718592,0.115));
#4723=CARTESIAN_POINT('',(0.102921091616154,-0.0566494913504156,0.115));
#4724=CARTESIAN_POINT('',(0.102921091616154,-0.0566547187289721,0.115));
#4725=CARTESIAN_POINT('',(0.102921091616154,-0.0566547187289721,0.115));
#4726=CARTESIAN_POINT('',(0.102921091616154,-0.0566494913504156,0.115));
#4727=CARTESIAN_POINT('',(0.0797879051725629,-0.0797879051725629,0.115));
#4728=CARTESIAN_POINT('',(0.100421091616154,-0.0591547187289721,0.115));
#4729=CARTESIAN_POINT('',(0.100421091616154,-0.0591547187289721,0.115));
#4730=CARTESIAN_POINT('',(0.0797879051725629,-0.0797879051725629,0.115));
#4731=CARTESIAN_POINT('',(0.101460545808077,-0.0591547187289721,0.115));
#4732=CARTESIAN_POINT('',(0.1,-0.0591547187289721,0.115));
#4733=CARTESIAN_POINT('',(0.1,-0.0591547187289721,0.115));
#4734=CARTESIAN_POINT('',(0.101460545808077,-0.0591547187289721,0.115));
#4735=CARTESIAN_POINT('',(0.1,-0.0827011254610284,0.115));
#4736=CARTESIAN_POINT('',(0.1,-0.0879022509220568,0.115));
#4737=CARTESIAN_POINT('',(0.1,-0.0879022509220568,0.115));
#4738=CARTESIAN_POINT('',(0.1,-0.0827011254610284,0.115));
#4739=CARTESIAN_POINT('',(0.1,-0.0879022509220568,0.115));
#4740=CARTESIAN_POINT('',(0.1025,-0.0904022509220568,0.115));
#4741=CARTESIAN_POINT('',(0.1025,-0.0904022509220568,0.115));
#4742=CARTESIAN_POINT('',(0.1,-0.0879022509220568,0.115));
#4743=CARTESIAN_POINT('',(0.105,-0.0904022509220568,0.115));
#4744=CARTESIAN_POINT('',(0.11,-0.0904022509220568,0.114));
#4745=CARTESIAN_POINT('',(0.109,-0.0904022509220568,0.115));
#4746=CARTESIAN_POINT('',(0.105,-0.0904022509220568,0.115));
#4747=CARTESIAN_POINT('',(0.055,-0.055,0.115));
#4748=CARTESIAN_POINT('',(0.109,-0.0516442639718592,0.115));
#4749=CARTESIAN_POINT('',(0.0808221319859296,-0.0808221319859297,0.115));
#4750=CARTESIAN_POINT('',(0.0714295093145728,-0.0902147546572865,0.133785245342714));
#4751=CARTESIAN_POINT('',(0.0526442639718593,-0.109,0.115));
#4752=CARTESIAN_POINT('',(0.0808221319859296,-0.0808221319859297,0.115));
#4753=CARTESIAN_POINT('',(0.0541442639718593,-0.1075,0.115));
#4754=CARTESIAN_POINT('',(0.0541442639718593,-0.1075,0.115));
#4755=CARTESIAN_POINT('',(0.0541442639718593,-0.1075,0.11));
#4756=CARTESIAN_POINT('',(0.0808221319859296,-0.0808221319859297,0.11));
#4757=CARTESIAN_POINT('',(0.0904022509220567,-0.105,0.115));
#4758=CARTESIAN_POINT('',(0.0904022509220567,-0.105,0.115));
#4759=CARTESIAN_POINT('',(0.0904022509220567,-0.1025,0.115));
#4760=CARTESIAN_POINT('',(0.0904022509220567,-0.109,0.115));
#4761=CARTESIAN_POINT('',(0.0904022509220567,-0.107,0.117));
#4762=CARTESIAN_POINT('',(0.0904022509220567,-0.1025,0.115));
#4763=CARTESIAN_POINT('',(0.0904022509220567,-0.1025,0.115));
#4764=CARTESIAN_POINT('',(0.0904022509220567,-0.1025,0.115));
#4765=CARTESIAN_POINT('',(0.0591547187289721,-0.101460545808077,0.115));
#4766=CARTESIAN_POINT('',(0.0591547187289721,-0.100421091616154,0.115));
#4767=CARTESIAN_POINT('',(0.0591547187289721,-0.100421091616154,0.115));
#4768=CARTESIAN_POINT('',(0.0591547187289721,-0.101460545808077,0.115));
#4769=CARTESIAN_POINT('',(0.0797879051725629,-0.0797879051725629,0.115));
#4770=CARTESIAN_POINT('',(0.0797879051725629,-0.0797879051725629,0.11));
#4771=CARTESIAN_POINT('',(0.0566547187289721,-0.102921091616154,0.11));
#4772=CARTESIAN_POINT('',(0.0566547187289721,-0.102921091616154,0.115));
#4773=CARTESIAN_POINT('',(0.0566547187289721,-0.102921091616154,0.115));
#4774=CARTESIAN_POINT('',(0.0797879051725629,-0.0797879051725629,0.115));
#4775=CARTESIAN_POINT('',(0.0566494913504157,-0.102921091616154,0.115));
#4776=CARTESIAN_POINT('',(0.0566494913504157,-0.102921091616154,0.11));
#4777=CARTESIAN_POINT('',(0.0541442639718593,-0.102921091616154,0.11));
#4778=CARTESIAN_POINT('',(0.0541442639718593,-0.102921091616154,0.115));
#4779=CARTESIAN_POINT('',(0.0541442639718593,-0.102921091616154,0.115));
#4780=CARTESIAN_POINT('',(0.0566494913504157,-0.102921091616154,0.115));
#4781=CARTESIAN_POINT('',(0.0541442639718593,-0.106460545808077,0.115));
#4782=CARTESIAN_POINT('',(0.0541442639718593,-0.106460545808077,0.11));
#4783=CARTESIAN_POINT('',(0.0541442639718593,-0.106460545808077,0.115));
#4784=CARTESIAN_POINT('',(0.055,-0.055,0.115));
#4785=CARTESIAN_POINT('',(0.0904022509220567,-0.109,0.115));
#4786=CARTESIAN_POINT('',(0.11,-0.0520721319859296,0.114));
#4787=CARTESIAN_POINT('',(0.055,-0.109,0.115));
#4788=CARTESIAN_POINT('',(-0.010674999999724,0.105,0.105));
#4789=CARTESIAN_POINT('',(-0.010674999999724,0.105,0.105));
#4790=CARTESIAN_POINT('',(0.0163500000002757,0.105,0.105));
#4791=CARTESIAN_POINT('',(0.00500000000027572,0.083,0.105));
#4792=CARTESIAN_POINT('',(0.0163500000002757,0.105,0.105));
#4793=CARTESIAN_POINT('',(0.0163500000002757,0.105,0.1025));
#4794=CARTESIAN_POINT('',(0.0163500000002757,0.105,0.1025));
#4795=CARTESIAN_POINT('',(-0.0163499999997241,0.105,0.1025));
#4796=CARTESIAN_POINT('',(-0.0163499999997241,0.105,0.1025));
#4797=CARTESIAN_POINT('',(4.91409665591687E-18,0.105,0.11525));
#4798=CARTESIAN_POINT('',(-0.00499999999972403,0.083,0.1075));
#4799=CARTESIAN_POINT('',(0.00500000000027572,0.083,0.1075));
#4800=CARTESIAN_POINT('',(-0.0452011254610283,-0.08,0.11));
#4801=CARTESIAN_POINT('',(0.0571505853892178,-0.08,0.11));
#4802=CARTESIAN_POINT('',(0.0421505853892178,-0.08,0.1075));
#4803=CARTESIAN_POINT('',(0.0571505853892178,-0.08,0.1075));
#4804=CARTESIAN_POINT('',(-0.0452011254610283,-0.08,0.11));
#4805=CARTESIAN_POINT('',(-0.0577843450903086,-0.08,0.11));
#4806=CARTESIAN_POINT('',(-0.0427843450903086,-0.08,0.1075));
#4807=CARTESIAN_POINT('',(-0.0577843450903086,-0.08,0.1075));
#4808=CARTESIAN_POINT('',(-0.0677223345159721,-0.08,0.11));
#4809=CARTESIAN_POINT('',(-0.0602223345159765,-0.08,0.11));
#4810=CARTESIAN_POINT('',(-0.0752223345159678,-0.08,0.11));
#4811=CARTESIAN_POINT('',(-0.0752223345159678,-0.08,0.1075));
#4812=CARTESIAN_POINT('',(-0.0602223345159765,-0.08,0.1075));
#4813=CARTESIAN_POINT('',(-0.0359920256468683,-0.08,0.1075));
#4814=CARTESIAN_POINT('',(0.0353079743531675,-0.08,0.1075));
#4815=CARTESIAN_POINT('',(0.067088574814877,-0.08,0.11));
#4816=CARTESIAN_POINT('',(0.074588574814877,-0.08,0.11));
#4817=CARTESIAN_POINT('',(0.059588574814877,-0.08,0.11));
#4818=CARTESIAN_POINT('',(0.074588574814877,-0.08,0.1075));
#4819=CARTESIAN_POINT('',(0.059588574814877,-0.08,0.1075));
#4820=CARTESIAN_POINT('',(7.98432724559094E-18,-0.1,0.112472775097341));
#4821=CARTESIAN_POINT('',(0.0775885748148736,-0.1,0.106445550194682));
#4822=CARTESIAN_POINT('',(0.0775885748148707,-0.1,0.101445550194682));
#4823=CARTESIAN_POINT('',(0.0790885748148736,-0.1,0.101445550194682));
#4824=CARTESIAN_POINT('',(0.0805885748148766,-0.1,0.101445550194682));
#4825=CARTESIAN_POINT('',(0.0805885748148737,-0.1,0.106445550194682));
#4826=CARTESIAN_POINT('',(0.0790885748148736,-0.1,0.111445550194682));
#4827=CARTESIAN_POINT('',(0.0775885748148707,-0.1,0.111445550194682));
#4828=CARTESIAN_POINT('',(0.0805885748148707,-0.1,0.111445550194682));
#4829=CARTESIAN_POINT('',(0.0775885748148736,-0.1,0.106445550194682));
#4830=CARTESIAN_POINT('',(0.0775885748148707,-0.1,0.101445550194682));
#4831=CARTESIAN_POINT('',(0.0790885748148736,-0.1,0.101445550194682));
#4832=CARTESIAN_POINT('',(0.0805885748148766,-0.1,0.101445550194682));
#4833=CARTESIAN_POINT('',(0.0805885748148737,-0.1,0.106445550194682));
#4834=CARTESIAN_POINT('',(-0.0812223345159712,-0.1,0.106445550194682));
#4835=CARTESIAN_POINT('',(-0.0812223345159683,-0.1,0.101445550194682));
#4836=CARTESIAN_POINT('',(-0.0812223345159683,-0.1,0.101445550194682));
#4837=CARTESIAN_POINT('',(-0.0812223345159712,-0.1,0.106445550194682));
#4838=CARTESIAN_POINT('',(-0.0812223345159683,-0.1,0.111445550194682));
#4839=CARTESIAN_POINT('',(-0.0797223345159712,-0.1,0.101445550194682));
#4840=CARTESIAN_POINT('',(-0.0782223345159741,-0.1,0.101445550194682));
#4841=CARTESIAN_POINT('',(-0.0782223345159741,-0.1,0.101445550194682));
#4842=CARTESIAN_POINT('',(-0.0797223345159712,-0.1,0.101445550194682));
#4843=CARTESIAN_POINT('',(-0.0782223345159712,-0.1,0.106445550194682));
#4844=CARTESIAN_POINT('',(-0.0782223345159742,-0.1,0.111445550194682));
#4845=CARTESIAN_POINT('',(-0.0782223345159712,-0.1,0.106445550194682));
#4846=CARTESIAN_POINT('',(-0.0797223345159712,-0.1,0.111445550194682));
#4847=CARTESIAN_POINT('',(7.98432724559094E-18,-0.1,0.112472775097341));
#4848=MECHANICAL_DESIGN_GEOMETRIC_PRESENTATION_REPRESENTATION('',(#3003),
#4849);
#4849=(
GEOMETRIC_REPRESENTATION_CONTEXT(3)
GLOBAL_UNCERTAINTY_ASSIGNED_CONTEXT((#4850))
GLOBAL_UNIT_ASSIGNED_CONTEXT((#4853,#4852,#4851))
REPRESENTATION_CONTEXT('LidBottom','TOP_LEVEL_ASSEMBLY_PART')
);
#4850=UNCERTAINTY_MEASURE_WITH_UNIT(LENGTH_MEASURE(2.E-5),#4853,
'DISTANCE_ACCURACY_VALUE','Maximum Tolerance applied to model');
#4851=(
NAMED_UNIT(*)
SI_UNIT($,.STERADIAN.)
SOLID_ANGLE_UNIT()
);
#4852=(
NAMED_UNIT(*)
PLANE_ANGLE_UNIT()
SI_UNIT($,.RADIAN.)
);
#4853=(
LENGTH_UNIT()
NAMED_UNIT(*)
SI_UNIT($,.METRE.)
);
#4854=PRODUCT_DEFINITION_SHAPE('','',#4855);
#4855=PRODUCT_DEFINITION('','',#4857,#4856);
#4856=PRODUCT_DEFINITION_CONTEXT('',#4863,'design');
#4857=PRODUCT_DEFINITION_FORMATION_WITH_SPECIFIED_SOURCE('','',#4859,
 .NOT_KNOWN.);
#4858=PRODUCT_RELATED_PRODUCT_CATEGORY('','',(#4859));
#4859=PRODUCT('LidBottom','LidBottom','LidBottom',(#4861));
#4860=PRODUCT_CATEGORY('','');
#4861=PRODUCT_CONTEXT('',#4863,'mechanical');
#4862=APPLICATION_PROTOCOL_DEFINITION('international standard',
'ap242_managed_model_based_3d_engineering',2011,#4863);
#4863=APPLICATION_CONTEXT('managed model based 3d engineering');
ENDSEC;
END-ISO-10303-21;
