ISO-10303-21;
HEADER;
/* Generated by software containing ST-Developer
 * from STEP Tools, Inc. (www.steptools.com) 
 */
/* OPTION: using custom renumber hook */

FILE_DESCRIPTION(
/* description */ ('STEP AP242',
'CAx-IF Rec.Pracs.---Representation and Presentation of Product Manufa
cturing Information (PMI)---4.0---2014-10-13',
'CAx-IF Rec.Pracs.---3D Tessellated Geometry---0.4---2014-09-14','2;1',
'CAx-IF Rec.Pracs.---User Defined Attributes---1.5---2016-08-15'),
/* implementation_level */ '2;1');

FILE_NAME(
/* name */ 'Assembly 1 - TurretyGear',
/* time_stamp */ '2025-11-19T05:29:23Z',
/* author */ (''),
/* organization */ (''),
/* preprocessor_version */ 'ST-DEVELOPER v20',
/* originating_system */ 'ONSHAPE BY PTC INC, 1.206',
/* authorisation */ '  ');

FILE_SCHEMA (('AP242_MANAGED_MODEL_BASED_3D_ENGINEERING_MIM_LF { 1 0 10303 442 1 1 4 }'));
ENDSEC;

DATA;
#10=SHAPE_REPRESENTATION_RELATIONSHIP('','',#5617,#11);
#11=ADVANCED_BREP_SHAPE_REPRESENTATION('',(#5615),#11299);
#12=B_SPLINE_SURFACE_WITH_KNOTS('',3,1,((#8542,#8543),(#8544,#8545),(#8546,
#8547),(#8548,#8549),(#8550,#8551),(#8552,#8553),(#8554,#8555),(#8556,#8557),
(#8558,#8559),(#8560,#8561),(#8562,#8563),(#8564,#8565),(#8566,#8567),(#8568,
#8569),(#8570,#8571),(#8572,#8573),(#8574,#8575),(#8576,#8577)),
 .SURF_OF_LINEAR_EXTRUSION.,.F.,.F.,.F.,(4,1,1,1,1,1,1,1,1,1,1,1,1,1,1,
4),(2,2),(0.,0.0638144723464509,0.128061790915891,0.192724385642902,0.257798235825546,
0.323280318296072,0.389167906812539,0.455458415997576,0.522149349203765,
0.589238276444561,0.656722823335496,0.724600664757596,0.792869520796077,
0.861527153880713,0.930571366611222,1.),(0.,1.),.UNSPECIFIED.);
#13=B_SPLINE_SURFACE_WITH_KNOTS('',3,1,((#8602,#8603),(#8604,#8605),(#8606,
#8607),(#8608,#8609),(#8610,#8611),(#8612,#8613),(#8614,#8615),(#8616,#8617),
(#8618,#8619),(#8620,#8621),(#8622,#8623),(#8624,#8625),(#8626,#8627),(#8628,
#8629),(#8630,#8631),(#8632,#8633),(#8634,#8635),(#8636,#8637)),
 .SURF_OF_LINEAR_EXTRUSION.,.F.,.F.,.F.,(4,1,1,1,1,1,1,1,1,1,1,1,1,1,1,
4),(2,2),(0.,0.0694286333887778,0.138472846119287,0.207130479203923,0.275399335242405,
0.343277176664505,0.410761723555439,0.477850650796235,0.544541584002424,
0.610832093187461,0.676719681703929,0.742201764174455,0.807275614357098,
0.871938209084109,0.936185527653549,1.),(0.,1.),.UNSPECIFIED.);
#14=B_SPLINE_SURFACE_WITH_KNOTS('',3,1,((#8670,#8671),(#8672,#8673),(#8674,
#8675),(#8676,#8677),(#8678,#8679),(#8680,#8681),(#8682,#8683),(#8684,#8685),
(#8686,#8687),(#8688,#8689),(#8690,#8691),(#8692,#8693),(#8694,#8695),(#8696,
#8697),(#8698,#8699),(#8700,#8701),(#8702,#8703),(#8704,#8705)),
 .SURF_OF_LINEAR_EXTRUSION.,.F.,.F.,.F.,(4,1,1,1,1,1,1,1,1,1,1,1,1,1,1,
4),(2,2),(0.,0.0638144723464509,0.128061790915891,0.192724385642902,0.257798235825546,
0.323280318296072,0.389167906812539,0.455458415997576,0.522149349203765,
0.589238276444561,0.656722823335496,0.724600664757596,0.792869520796077,
0.861527153880713,0.930571366611222,1.),(0.,1.),.UNSPECIFIED.);
#15=B_SPLINE_SURFACE_WITH_KNOTS('',3,1,((#8730,#8731),(#8732,#8733),(#8734,
#8735),(#8736,#8737),(#8738,#8739),(#8740,#8741),(#8742,#8743),(#8744,#8745),
(#8746,#8747),(#8748,#8749),(#8750,#8751),(#8752,#8753),(#8754,#8755),(#8756,
#8757),(#8758,#8759),(#8760,#8761),(#8762,#8763),(#8764,#8765)),
 .SURF_OF_LINEAR_EXTRUSION.,.F.,.F.,.F.,(4,1,1,1,1,1,1,1,1,1,1,1,1,1,1,
4),(2,2),(0.,0.0694286333887778,0.138472846119287,0.207130479203923,0.275399335242405,
0.343277176664505,0.410761723555439,0.477850650796235,0.544541584002424,
0.610832093187461,0.676719681703929,0.742201764174455,0.807275614357098,
0.871938209084109,0.936185527653549,1.),(0.,1.),.UNSPECIFIED.);
#16=B_SPLINE_SURFACE_WITH_KNOTS('',3,1,((#8798,#8799),(#8800,#8801),(#8802,
#8803),(#8804,#8805),(#8806,#8807),(#8808,#8809),(#8810,#8811),(#8812,#8813),
(#8814,#8815),(#8816,#8817),(#8818,#8819),(#8820,#8821),(#8822,#8823),(#8824,
#8825),(#8826,#8827),(#8828,#8829),(#8830,#8831),(#8832,#8833)),
 .SURF_OF_LINEAR_EXTRUSION.,.F.,.F.,.F.,(4,1,1,1,1,1,1,1,1,1,1,1,1,1,1,
4),(2,2),(0.,0.0638144723464509,0.128061790915891,0.192724385642902,0.257798235825546,
0.323280318296072,0.389167906812539,0.455458415997576,0.522149349203765,
0.589238276444561,0.656722823335496,0.724600664757596,0.792869520796077,
0.861527153880713,0.930571366611222,1.),(0.,1.),.UNSPECIFIED.);
#17=B_SPLINE_SURFACE_WITH_KNOTS('',3,1,((#8858,#8859),(#8860,#8861),(#8862,
#8863),(#8864,#8865),(#8866,#8867),(#8868,#8869),(#8870,#8871),(#8872,#8873),
(#8874,#8875),(#8876,#8877),(#8878,#8879),(#8880,#8881),(#8882,#8883),(#8884,
#8885),(#8886,#8887),(#8888,#8889),(#8890,#8891),(#8892,#8893)),
 .SURF_OF_LINEAR_EXTRUSION.,.F.,.F.,.F.,(4,1,1,1,1,1,1,1,1,1,1,1,1,1,1,
4),(2,2),(0.,0.0694286333887778,0.138472846119287,0.207130479203923,0.275399335242405,
0.343277176664505,0.410761723555439,0.477850650796235,0.544541584002424,
0.610832093187461,0.676719681703929,0.742201764174455,0.807275614357098,
0.871938209084109,0.936185527653549,1.),(0.,1.),.UNSPECIFIED.);
#18=B_SPLINE_SURFACE_WITH_KNOTS('',3,1,((#8926,#8927),(#8928,#8929),(#8930,
#8931),(#8932,#8933),(#8934,#8935),(#8936,#8937),(#8938,#8939),(#8940,#8941),
(#8942,#8943),(#8944,#8945),(#8946,#8947),(#8948,#8949),(#8950,#8951),(#8952,
#8953),(#8954,#8955),(#8956,#8957),(#8958,#8959),(#8960,#8961)),
 .SURF_OF_LINEAR_EXTRUSION.,.F.,.F.,.F.,(4,1,1,1,1,1,1,1,1,1,1,1,1,1,1,
4),(2,2),(0.,0.0638144723464509,0.128061790915891,0.192724385642902,0.257798235825546,
0.323280318296072,0.389167906812539,0.455458415997576,0.522149349203765,
0.589238276444561,0.656722823335496,0.724600664757596,0.792869520796077,
0.861527153880713,0.930571366611222,1.),(0.,1.),.UNSPECIFIED.);
#19=B_SPLINE_SURFACE_WITH_KNOTS('',3,1,((#8986,#8987),(#8988,#8989),(#8990,
#8991),(#8992,#8993),(#8994,#8995),(#8996,#8997),(#8998,#8999),(#9000,#9001),
(#9002,#9003),(#9004,#9005),(#9006,#9007),(#9008,#9009),(#9010,#9011),(#9012,
#9013),(#9014,#9015),(#9016,#9017),(#9018,#9019),(#9020,#9021)),
 .SURF_OF_LINEAR_EXTRUSION.,.F.,.F.,.F.,(4,1,1,1,1,1,1,1,1,1,1,1,1,1,1,
4),(2,2),(0.,0.0694286333887778,0.138472846119287,0.207130479203923,0.275399335242405,
0.343277176664505,0.410761723555439,0.477850650796235,0.544541584002424,
0.610832093187461,0.676719681703929,0.742201764174455,0.807275614357098,
0.871938209084109,0.936185527653549,1.),(0.,1.),.UNSPECIFIED.);
#20=B_SPLINE_SURFACE_WITH_KNOTS('',3,1,((#9054,#9055),(#9056,#9057),(#9058,
#9059),(#9060,#9061),(#9062,#9063),(#9064,#9065),(#9066,#9067),(#9068,#9069),
(#9070,#9071),(#9072,#9073),(#9074,#9075),(#9076,#9077),(#9078,#9079),(#9080,
#9081),(#9082,#9083),(#9084,#9085),(#9086,#9087),(#9088,#9089)),
 .SURF_OF_LINEAR_EXTRUSION.,.F.,.F.,.F.,(4,1,1,1,1,1,1,1,1,1,1,1,1,1,1,
4),(2,2),(0.,0.0638144723464509,0.128061790915891,0.192724385642902,0.257798235825546,
0.323280318296072,0.389167906812539,0.455458415997576,0.522149349203765,
0.589238276444561,0.656722823335496,0.724600664757596,0.792869520796077,
0.861527153880713,0.930571366611222,1.),(0.,1.),.UNSPECIFIED.);
#21=B_SPLINE_SURFACE_WITH_KNOTS('',3,1,((#9114,#9115),(#9116,#9117),(#9118,
#9119),(#9120,#9121),(#9122,#9123),(#9124,#9125),(#9126,#9127),(#9128,#9129),
(#9130,#9131),(#9132,#9133),(#9134,#9135),(#9136,#9137),(#9138,#9139),(#9140,
#9141),(#9142,#9143),(#9144,#9145),(#9146,#9147),(#9148,#9149)),
 .SURF_OF_LINEAR_EXTRUSION.,.F.,.F.,.F.,(4,1,1,1,1,1,1,1,1,1,1,1,1,1,1,
4),(2,2),(0.,0.0694286333887778,0.138472846119287,0.207130479203923,0.275399335242405,
0.343277176664505,0.410761723555439,0.477850650796235,0.544541584002424,
0.610832093187461,0.676719681703929,0.742201764174455,0.807275614357098,
0.871938209084109,0.936185527653549,1.),(0.,1.),.UNSPECIFIED.);
#22=B_SPLINE_SURFACE_WITH_KNOTS('',3,1,((#9182,#9183),(#9184,#9185),(#9186,
#9187),(#9188,#9189),(#9190,#9191),(#9192,#9193),(#9194,#9195),(#9196,#9197),
(#9198,#9199),(#9200,#9201),(#9202,#9203),(#9204,#9205),(#9206,#9207),(#9208,
#9209),(#9210,#9211),(#9212,#9213),(#9214,#9215),(#9216,#9217)),
 .SURF_OF_LINEAR_EXTRUSION.,.F.,.F.,.F.,(4,1,1,1,1,1,1,1,1,1,1,1,1,1,1,
4),(2,2),(0.,0.0638144723464509,0.128061790915891,0.192724385642902,0.257798235825546,
0.323280318296072,0.389167906812539,0.455458415997576,0.522149349203765,
0.589238276444561,0.656722823335496,0.724600664757596,0.792869520796077,
0.861527153880713,0.930571366611222,1.),(0.,1.),.UNSPECIFIED.);
#23=B_SPLINE_SURFACE_WITH_KNOTS('',3,1,((#9242,#9243),(#9244,#9245),(#9246,
#9247),(#9248,#9249),(#9250,#9251),(#9252,#9253),(#9254,#9255),(#9256,#9257),
(#9258,#9259),(#9260,#9261),(#9262,#9263),(#9264,#9265),(#9266,#9267),(#9268,
#9269),(#9270,#9271),(#9272,#9273),(#9274,#9275),(#9276,#9277)),
 .SURF_OF_LINEAR_EXTRUSION.,.F.,.F.,.F.,(4,1,1,1,1,1,1,1,1,1,1,1,1,1,1,
4),(2,2),(0.,0.0694286333887778,0.138472846119287,0.207130479203923,0.275399335242405,
0.343277176664505,0.410761723555439,0.477850650796235,0.544541584002424,
0.610832093187461,0.676719681703929,0.742201764174455,0.807275614357098,
0.871938209084109,0.936185527653549,1.),(0.,1.),.UNSPECIFIED.);
#24=B_SPLINE_SURFACE_WITH_KNOTS('',3,1,((#9310,#9311),(#9312,#9313),(#9314,
#9315),(#9316,#9317),(#9318,#9319),(#9320,#9321),(#9322,#9323),(#9324,#9325),
(#9326,#9327),(#9328,#9329),(#9330,#9331),(#9332,#9333),(#9334,#9335),(#9336,
#9337),(#9338,#9339),(#9340,#9341),(#9342,#9343),(#9344,#9345)),
 .SURF_OF_LINEAR_EXTRUSION.,.F.,.F.,.F.,(4,1,1,1,1,1,1,1,1,1,1,1,1,1,1,
4),(2,2),(0.,0.0638144723464509,0.128061790915891,0.192724385642902,0.257798235825546,
0.323280318296072,0.389167906812539,0.455458415997576,0.522149349203765,
0.589238276444561,0.656722823335496,0.724600664757596,0.792869520796077,
0.861527153880713,0.930571366611222,1.),(0.,1.),.UNSPECIFIED.);
#25=B_SPLINE_SURFACE_WITH_KNOTS('',3,1,((#9370,#9371),(#9372,#9373),(#9374,
#9375),(#9376,#9377),(#9378,#9379),(#9380,#9381),(#9382,#9383),(#9384,#9385),
(#9386,#9387),(#9388,#9389),(#9390,#9391),(#9392,#9393),(#9394,#9395),(#9396,
#9397),(#9398,#9399),(#9400,#9401),(#9402,#9403),(#9404,#9405)),
 .SURF_OF_LINEAR_EXTRUSION.,.F.,.F.,.F.,(4,1,1,1,1,1,1,1,1,1,1,1,1,1,1,
4),(2,2),(0.,0.0694286333887778,0.138472846119287,0.207130479203923,0.275399335242405,
0.343277176664505,0.410761723555439,0.477850650796235,0.544541584002424,
0.610832093187461,0.676719681703929,0.742201764174455,0.807275614357098,
0.871938209084109,0.936185527653549,1.),(0.,1.),.UNSPECIFIED.);
#26=B_SPLINE_SURFACE_WITH_KNOTS('',3,1,((#9438,#9439),(#9440,#9441),(#9442,
#9443),(#9444,#9445),(#9446,#9447),(#9448,#9449),(#9450,#9451),(#9452,#9453),
(#9454,#9455),(#9456,#9457),(#9458,#9459),(#9460,#9461),(#9462,#9463),(#9464,
#9465),(#9466,#9467),(#9468,#9469),(#9470,#9471),(#9472,#9473)),
 .SURF_OF_LINEAR_EXTRUSION.,.F.,.F.,.F.,(4,1,1,1,1,1,1,1,1,1,1,1,1,1,1,
4),(2,2),(0.,0.0638144723464509,0.128061790915891,0.192724385642902,0.257798235825546,
0.323280318296072,0.389167906812539,0.455458415997576,0.522149349203765,
0.589238276444561,0.656722823335496,0.724600664757596,0.792869520796077,
0.861527153880713,0.930571366611222,1.),(0.,1.),.UNSPECIFIED.);
#27=B_SPLINE_SURFACE_WITH_KNOTS('',3,1,((#9498,#9499),(#9500,#9501),(#9502,
#9503),(#9504,#9505),(#9506,#9507),(#9508,#9509),(#9510,#9511),(#9512,#9513),
(#9514,#9515),(#9516,#9517),(#9518,#9519),(#9520,#9521),(#9522,#9523),(#9524,
#9525),(#9526,#9527),(#9528,#9529),(#9530,#9531),(#9532,#9533)),
 .SURF_OF_LINEAR_EXTRUSION.,.F.,.F.,.F.,(4,1,1,1,1,1,1,1,1,1,1,1,1,1,1,
4),(2,2),(0.,0.0694286333887778,0.138472846119287,0.207130479203923,0.275399335242405,
0.343277176664505,0.410761723555439,0.477850650796235,0.544541584002424,
0.610832093187461,0.676719681703929,0.742201764174455,0.807275614357098,
0.871938209084109,0.936185527653549,1.),(0.,1.),.UNSPECIFIED.);
#28=B_SPLINE_SURFACE_WITH_KNOTS('',3,1,((#9566,#9567),(#9568,#9569),(#9570,
#9571),(#9572,#9573),(#9574,#9575),(#9576,#9577),(#9578,#9579),(#9580,#9581),
(#9582,#9583),(#9584,#9585),(#9586,#9587),(#9588,#9589),(#9590,#9591),(#9592,
#9593),(#9594,#9595),(#9596,#9597),(#9598,#9599),(#9600,#9601)),
 .SURF_OF_LINEAR_EXTRUSION.,.F.,.F.,.F.,(4,1,1,1,1,1,1,1,1,1,1,1,1,1,1,
4),(2,2),(0.,0.0638144723464509,0.128061790915891,0.192724385642902,0.257798235825546,
0.323280318296072,0.389167906812539,0.455458415997576,0.522149349203765,
0.589238276444561,0.656722823335496,0.724600664757596,0.792869520796077,
0.861527153880713,0.930571366611222,1.),(0.,1.),.UNSPECIFIED.);
#29=B_SPLINE_SURFACE_WITH_KNOTS('',3,1,((#9626,#9627),(#9628,#9629),(#9630,
#9631),(#9632,#9633),(#9634,#9635),(#9636,#9637),(#9638,#9639),(#9640,#9641),
(#9642,#9643),(#9644,#9645),(#9646,#9647),(#9648,#9649),(#9650,#9651),(#9652,
#9653),(#9654,#9655),(#9656,#9657),(#9658,#9659),(#9660,#9661)),
 .SURF_OF_LINEAR_EXTRUSION.,.F.,.F.,.F.,(4,1,1,1,1,1,1,1,1,1,1,1,1,1,1,
4),(2,2),(0.,0.0694286333887778,0.138472846119287,0.207130479203923,0.275399335242405,
0.343277176664505,0.410761723555439,0.477850650796235,0.544541584002424,
0.610832093187461,0.676719681703929,0.742201764174455,0.807275614357098,
0.871938209084109,0.936185527653549,1.),(0.,1.),.UNSPECIFIED.);
#30=B_SPLINE_SURFACE_WITH_KNOTS('',3,1,((#9694,#9695),(#9696,#9697),(#9698,
#9699),(#9700,#9701),(#9702,#9703),(#9704,#9705),(#9706,#9707),(#9708,#9709),
(#9710,#9711),(#9712,#9713),(#9714,#9715),(#9716,#9717),(#9718,#9719),(#9720,
#9721),(#9722,#9723),(#9724,#9725),(#9726,#9727),(#9728,#9729)),
 .SURF_OF_LINEAR_EXTRUSION.,.F.,.F.,.F.,(4,1,1,1,1,1,1,1,1,1,1,1,1,1,1,
4),(2,2),(0.,0.0638144723464509,0.128061790915891,0.192724385642902,0.257798235825546,
0.323280318296072,0.389167906812539,0.455458415997576,0.522149349203765,
0.589238276444561,0.656722823335496,0.724600664757596,0.792869520796077,
0.861527153880713,0.930571366611222,1.),(0.,1.),.UNSPECIFIED.);
#31=B_SPLINE_SURFACE_WITH_KNOTS('',3,1,((#9754,#9755),(#9756,#9757),(#9758,
#9759),(#9760,#9761),(#9762,#9763),(#9764,#9765),(#9766,#9767),(#9768,#9769),
(#9770,#9771),(#9772,#9773),(#9774,#9775),(#9776,#9777),(#9778,#9779),(#9780,
#9781),(#9782,#9783),(#9784,#9785),(#9786,#9787),(#9788,#9789)),
 .SURF_OF_LINEAR_EXTRUSION.,.F.,.F.,.F.,(4,1,1,1,1,1,1,1,1,1,1,1,1,1,1,
4),(2,2),(0.,0.0694286333887778,0.138472846119287,0.207130479203923,0.275399335242405,
0.343277176664505,0.410761723555439,0.477850650796235,0.544541584002424,
0.610832093187461,0.676719681703929,0.742201764174455,0.807275614357098,
0.871938209084109,0.936185527653549,1.),(0.,1.),.UNSPECIFIED.);
#32=B_SPLINE_SURFACE_WITH_KNOTS('',3,1,((#9822,#9823),(#9824,#9825),(#9826,
#9827),(#9828,#9829),(#9830,#9831),(#9832,#9833),(#9834,#9835),(#9836,#9837),
(#9838,#9839),(#9840,#9841),(#9842,#9843),(#9844,#9845),(#9846,#9847),(#9848,
#9849),(#9850,#9851),(#9852,#9853),(#9854,#9855),(#9856,#9857)),
 .SURF_OF_LINEAR_EXTRUSION.,.F.,.F.,.F.,(4,1,1,1,1,1,1,1,1,1,1,1,1,1,1,
4),(2,2),(0.,0.0638144723464509,0.128061790915891,0.192724385642902,0.257798235825546,
0.323280318296072,0.389167906812539,0.455458415997576,0.522149349203765,
0.589238276444561,0.656722823335496,0.724600664757596,0.792869520796077,
0.861527153880713,0.930571366611222,1.),(0.,1.),.UNSPECIFIED.);
#33=B_SPLINE_SURFACE_WITH_KNOTS('',3,1,((#9882,#9883),(#9884,#9885),(#9886,
#9887),(#9888,#9889),(#9890,#9891),(#9892,#9893),(#9894,#9895),(#9896,#9897),
(#9898,#9899),(#9900,#9901),(#9902,#9903),(#9904,#9905),(#9906,#9907),(#9908,
#9909),(#9910,#9911),(#9912,#9913),(#9914,#9915),(#9916,#9917)),
 .SURF_OF_LINEAR_EXTRUSION.,.F.,.F.,.F.,(4,1,1,1,1,1,1,1,1,1,1,1,1,1,1,
4),(2,2),(0.,0.0694286333887778,0.138472846119287,0.207130479203923,0.275399335242405,
0.343277176664505,0.410761723555439,0.477850650796235,0.544541584002424,
0.610832093187461,0.676719681703929,0.742201764174455,0.807275614357098,
0.871938209084109,0.936185527653549,1.),(0.,1.),.UNSPECIFIED.);
#34=B_SPLINE_SURFACE_WITH_KNOTS('',3,1,((#9950,#9951),(#9952,#9953),(#9954,
#9955),(#9956,#9957),(#9958,#9959),(#9960,#9961),(#9962,#9963),(#9964,#9965),
(#9966,#9967),(#9968,#9969),(#9970,#9971),(#9972,#9973),(#9974,#9975),(#9976,
#9977),(#9978,#9979),(#9980,#9981),(#9982,#9983),(#9984,#9985)),
 .SURF_OF_LINEAR_EXTRUSION.,.F.,.F.,.F.,(4,1,1,1,1,1,1,1,1,1,1,1,1,1,1,
4),(2,2),(0.,0.0638144723464509,0.128061790915891,0.192724385642902,0.257798235825546,
0.323280318296072,0.389167906812539,0.455458415997576,0.522149349203765,
0.589238276444561,0.656722823335496,0.724600664757596,0.792869520796077,
0.861527153880713,0.930571366611222,1.),(0.,1.),.UNSPECIFIED.);
#35=B_SPLINE_SURFACE_WITH_KNOTS('',3,1,((#10010,#10011),(#10012,#10013),
(#10014,#10015),(#10016,#10017),(#10018,#10019),(#10020,#10021),(#10022,
#10023),(#10024,#10025),(#10026,#10027),(#10028,#10029),(#10030,#10031),
(#10032,#10033),(#10034,#10035),(#10036,#10037),(#10038,#10039),(#10040,
#10041),(#10042,#10043),(#10044,#10045)),.SURF_OF_LINEAR_EXTRUSION.,.F.,
 .F.,.F.,(4,1,1,1,1,1,1,1,1,1,1,1,1,1,1,4),(2,2),(0.,0.0694286333887778,
0.138472846119287,0.207130479203923,0.275399335242405,0.343277176664505,
0.410761723555439,0.477850650796235,0.544541584002424,0.610832093187461,
0.676719681703929,0.742201764174455,0.807275614357098,0.871938209084109,
0.936185527653549,1.),(0.,1.),.UNSPECIFIED.);
#36=B_SPLINE_SURFACE_WITH_KNOTS('',3,1,((#10078,#10079),(#10080,#10081),
(#10082,#10083),(#10084,#10085),(#10086,#10087),(#10088,#10089),(#10090,
#10091),(#10092,#10093),(#10094,#10095),(#10096,#10097),(#10098,#10099),
(#10100,#10101),(#10102,#10103),(#10104,#10105),(#10106,#10107),(#10108,
#10109),(#10110,#10111),(#10112,#10113)),.SURF_OF_LINEAR_EXTRUSION.,.F.,
 .F.,.F.,(4,1,1,1,1,1,1,1,1,1,1,1,1,1,1,4),(2,2),(0.,0.0638144723464509,
0.128061790915891,0.192724385642902,0.257798235825546,0.323280318296072,
0.389167906812539,0.455458415997576,0.522149349203765,0.589238276444561,
0.656722823335496,0.724600664757596,0.792869520796077,0.861527153880713,
0.930571366611222,1.),(0.,1.),.UNSPECIFIED.);
#37=B_SPLINE_SURFACE_WITH_KNOTS('',3,1,((#10138,#10139),(#10140,#10141),
(#10142,#10143),(#10144,#10145),(#10146,#10147),(#10148,#10149),(#10150,
#10151),(#10152,#10153),(#10154,#10155),(#10156,#10157),(#10158,#10159),
(#10160,#10161),(#10162,#10163),(#10164,#10165),(#10166,#10167),(#10168,
#10169),(#10170,#10171),(#10172,#10173)),.SURF_OF_LINEAR_EXTRUSION.,.F.,
 .F.,.F.,(4,1,1,1,1,1,1,1,1,1,1,1,1,1,1,4),(2,2),(0.,0.0694286333887778,
0.138472846119287,0.207130479203923,0.275399335242405,0.343277176664505,
0.410761723555439,0.477850650796235,0.544541584002424,0.610832093187461,
0.676719681703929,0.742201764174455,0.807275614357098,0.871938209084109,
0.936185527653549,1.),(0.,1.),.UNSPECIFIED.);
#38=B_SPLINE_SURFACE_WITH_KNOTS('',3,1,((#10206,#10207),(#10208,#10209),
(#10210,#10211),(#10212,#10213),(#10214,#10215),(#10216,#10217),(#10218,
#10219),(#10220,#10221),(#10222,#10223),(#10224,#10225),(#10226,#10227),
(#10228,#10229),(#10230,#10231),(#10232,#10233),(#10234,#10235),(#10236,
#10237),(#10238,#10239),(#10240,#10241)),.SURF_OF_LINEAR_EXTRUSION.,.F.,
 .F.,.F.,(4,1,1,1,1,1,1,1,1,1,1,1,1,1,1,4),(2,2),(0.,0.0638144723464509,
0.128061790915891,0.192724385642902,0.257798235825546,0.323280318296072,
0.389167906812539,0.455458415997576,0.522149349203765,0.589238276444561,
0.656722823335496,0.724600664757596,0.792869520796077,0.861527153880713,
0.930571366611222,1.),(0.,1.),.UNSPECIFIED.);
#39=B_SPLINE_SURFACE_WITH_KNOTS('',3,1,((#10266,#10267),(#10268,#10269),
(#10270,#10271),(#10272,#10273),(#10274,#10275),(#10276,#10277),(#10278,
#10279),(#10280,#10281),(#10282,#10283),(#10284,#10285),(#10286,#10287),
(#10288,#10289),(#10290,#10291),(#10292,#10293),(#10294,#10295),(#10296,
#10297),(#10298,#10299),(#10300,#10301)),.SURF_OF_LINEAR_EXTRUSION.,.F.,
 .F.,.F.,(4,1,1,1,1,1,1,1,1,1,1,1,1,1,1,4),(2,2),(0.,0.0694286333887778,
0.138472846119287,0.207130479203923,0.275399335242405,0.343277176664505,
0.410761723555439,0.477850650796235,0.544541584002424,0.610832093187461,
0.676719681703929,0.742201764174455,0.807275614357098,0.871938209084109,
0.936185527653549,1.),(0.,1.),.UNSPECIFIED.);
#40=B_SPLINE_SURFACE_WITH_KNOTS('',3,1,((#10334,#10335),(#10336,#10337),
(#10338,#10339),(#10340,#10341),(#10342,#10343),(#10344,#10345),(#10346,
#10347),(#10348,#10349),(#10350,#10351),(#10352,#10353),(#10354,#10355),
(#10356,#10357),(#10358,#10359),(#10360,#10361),(#10362,#10363),(#10364,
#10365),(#10366,#10367),(#10368,#10369)),.SURF_OF_LINEAR_EXTRUSION.,.F.,
 .F.,.F.,(4,1,1,1,1,1,1,1,1,1,1,1,1,1,1,4),(2,2),(0.,0.0638144723464509,
0.128061790915891,0.192724385642902,0.257798235825546,0.323280318296072,
0.389167906812539,0.455458415997576,0.522149349203765,0.589238276444561,
0.656722823335496,0.724600664757596,0.792869520796077,0.861527153880713,
0.930571366611222,1.),(0.,1.),.UNSPECIFIED.);
#41=B_SPLINE_SURFACE_WITH_KNOTS('',3,1,((#10394,#10395),(#10396,#10397),
(#10398,#10399),(#10400,#10401),(#10402,#10403),(#10404,#10405),(#10406,
#10407),(#10408,#10409),(#10410,#10411),(#10412,#10413),(#10414,#10415),
(#10416,#10417),(#10418,#10419),(#10420,#10421),(#10422,#10423),(#10424,
#10425),(#10426,#10427),(#10428,#10429)),.SURF_OF_LINEAR_EXTRUSION.,.F.,
 .F.,.F.,(4,1,1,1,1,1,1,1,1,1,1,1,1,1,1,4),(2,2),(0.,0.0694286333887778,
0.138472846119287,0.207130479203923,0.275399335242405,0.343277176664505,
0.410761723555439,0.477850650796235,0.544541584002424,0.610832093187461,
0.676719681703929,0.742201764174455,0.807275614357098,0.871938209084109,
0.936185527653549,1.),(0.,1.),.UNSPECIFIED.);
#42=B_SPLINE_SURFACE_WITH_KNOTS('',3,1,((#10462,#10463),(#10464,#10465),
(#10466,#10467),(#10468,#10469),(#10470,#10471),(#10472,#10473),(#10474,
#10475),(#10476,#10477),(#10478,#10479),(#10480,#10481),(#10482,#10483),
(#10484,#10485),(#10486,#10487),(#10488,#10489),(#10490,#10491),(#10492,
#10493),(#10494,#10495),(#10496,#10497)),.SURF_OF_LINEAR_EXTRUSION.,.F.,
 .F.,.F.,(4,1,1,1,1,1,1,1,1,1,1,1,1,1,1,4),(2,2),(0.,0.0638144723464509,
0.128061790915891,0.192724385642902,0.257798235825546,0.323280318296072,
0.389167906812539,0.455458415997576,0.522149349203765,0.589238276444561,
0.656722823335496,0.724600664757596,0.792869520796077,0.861527153880713,
0.930571366611222,1.),(0.,1.),.UNSPECIFIED.);
#43=B_SPLINE_SURFACE_WITH_KNOTS('',3,1,((#10522,#10523),(#10524,#10525),
(#10526,#10527),(#10528,#10529),(#10530,#10531),(#10532,#10533),(#10534,
#10535),(#10536,#10537),(#10538,#10539),(#10540,#10541),(#10542,#10543),
(#10544,#10545),(#10546,#10547),(#10548,#10549),(#10550,#10551),(#10552,
#10553),(#10554,#10555),(#10556,#10557)),.SURF_OF_LINEAR_EXTRUSION.,.F.,
 .F.,.F.,(4,1,1,1,1,1,1,1,1,1,1,1,1,1,1,4),(2,2),(0.,0.0694286333887778,
0.138472846119287,0.207130479203923,0.275399335242405,0.343277176664505,
0.410761723555439,0.477850650796235,0.544541584002424,0.610832093187461,
0.676719681703929,0.742201764174455,0.807275614357098,0.871938209084109,
0.936185527653549,1.),(0.,1.),.UNSPECIFIED.);
#44=CYLINDRICAL_SURFACE('',#5697,0.00337499999999846);
#45=CYLINDRICAL_SURFACE('',#5702,0.00337500000000227);
#46=CYLINDRICAL_SURFACE('',#5707,0.00337499999999971);
#47=CYLINDRICAL_SURFACE('',#5712,0.00337499999999943);
#48=CYLINDRICAL_SURFACE('',#5717,0.00337500000000019);
#49=CYLINDRICAL_SURFACE('',#5722,0.00337500000000049);
#50=CYLINDRICAL_SURFACE('',#5727,0.00337499999999991);
#51=CYLINDRICAL_SURFACE('',#5732,0.00337499999999847);
#52=CYLINDRICAL_SURFACE('',#5737,0.00337500000000022);
#53=CYLINDRICAL_SURFACE('',#5742,0.00337500000000024);
#54=CYLINDRICAL_SURFACE('',#5747,0.00337500000000014);
#55=CYLINDRICAL_SURFACE('',#5752,0.00337499999999743);
#56=CYLINDRICAL_SURFACE('',#5757,0.00337499999999858);
#57=CYLINDRICAL_SURFACE('',#5762,0.0033750000000054);
#58=CYLINDRICAL_SURFACE('',#5767,0.00337500000000008);
#59=CYLINDRICAL_SURFACE('',#5772,0.00337500000000558);
#60=CYLINDRICAL_SURFACE('',#5778,0.00244999999998838);
#61=CYLINDRICAL_SURFACE('',#5782,0.00244999999988934);
#62=CYLINDRICAL_SURFACE('',#5786,0.00244999999999972);
#63=CYLINDRICAL_SURFACE('',#5790,0.00244999999991229);
#64=CYLINDRICAL_SURFACE('',#5794,0.00244999999999458);
#65=CYLINDRICAL_SURFACE('',#5798,0.00244999999992909);
#66=CYLINDRICAL_SURFACE('',#5802,0.00244999999983162);
#67=CYLINDRICAL_SURFACE('',#5806,0.0024499999996725);
#68=CYLINDRICAL_SURFACE('',#5810,0.00245000000008725);
#69=CYLINDRICAL_SURFACE('',#5814,0.00245000000005093);
#70=CYLINDRICAL_SURFACE('',#5818,0.00244999999977607);
#71=CYLINDRICAL_SURFACE('',#5822,0.00244999999977515);
#72=CYLINDRICAL_SURFACE('',#5826,0.00245000000004972);
#73=CYLINDRICAL_SURFACE('',#5830,0.0024499999996874);
#74=CYLINDRICAL_SURFACE('',#5834,0.00244999999967232);
#75=CYLINDRICAL_SURFACE('',#5838,0.00244999999995521);
#76=CYLINDRICAL_SURFACE('',#5842,0.0024499999999286);
#77=CYLINDRICAL_SURFACE('',#5846,0.0024499999999945);
#78=CYLINDRICAL_SURFACE('',#5850,0.00244999999981564);
#79=CYLINDRICAL_SURFACE('',#5854,0.00244999999991183);
#80=CYLINDRICAL_SURFACE('',#5858,0.00244999999988928);
#81=CYLINDRICAL_SURFACE('',#5862,0.00244999999999062);
#82=CYLINDRICAL_SURFACE('',#5866,0.00244999999996879);
#83=CYLINDRICAL_SURFACE('',#5870,0.00244999999999014);
#84=CYLINDRICAL_SURFACE('',#5874,0.00244999999999268);
#85=CYLINDRICAL_SURFACE('',#5878,0.00244999999998912);
#86=CYLINDRICAL_SURFACE('',#5882,0.00245000000001128);
#87=CYLINDRICAL_SURFACE('',#5886,0.00245000000003883);
#88=CYLINDRICAL_SURFACE('',#5890,0.00244999999998108);
#89=CYLINDRICAL_SURFACE('',#5894,0.00245000000001691);
#90=CYLINDRICAL_SURFACE('',#5898,0.00244999999998875);
#91=CYLINDRICAL_SURFACE('',#5902,0.00244999999996528);
#92=CYLINDRICAL_SURFACE('',#5906,0.0024500000000819);
#93=CYLINDRICAL_SURFACE('',#5910,0.00244999999991225);
#94=CYLINDRICAL_SURFACE('',#5914,0.00245000000020435);
#95=CYLINDRICAL_SURFACE('',#5918,0.00245000000015565);
#96=CYLINDRICAL_SURFACE('',#5922,0.00244999999995521);
#97=CYLINDRICAL_SURFACE('',#5926,0.00245000000018334);
#98=CYLINDRICAL_SURFACE('',#5930,0.00245000000021624);
#99=CYLINDRICAL_SURFACE('',#5934,0.00245000000031668);
#100=CYLINDRICAL_SURFACE('',#5938,0.00245000000004869);
#101=CYLINDRICAL_SURFACE('',#5942,0.00245000000004869);
#102=CYLINDRICAL_SURFACE('',#5946,0.00245000000031859);
#103=CYLINDRICAL_SURFACE('',#5950,0.00245000000021651);
#104=CYLINDRICAL_SURFACE('',#5954,0.00245000000018339);
#105=CYLINDRICAL_SURFACE('',#5958,0.00244999999995508);
#106=CYLINDRICAL_SURFACE('',#5962,0.00245000000015565);
#107=CYLINDRICAL_SURFACE('',#5966,0.00245000000009694);
#108=CYLINDRICAL_SURFACE('',#5970,0.00244999999991297);
#109=CYLINDRICAL_SURFACE('',#5974,0.00244999999999968);
#110=CYLINDRICAL_SURFACE('',#5978,0.00245000000011599);
#111=CYLINDRICAL_SURFACE('',#5982,0.00244999999999442);
#112=CYLINDRICAL_SURFACE('',#5986,0.00245000000002086);
#113=CYLINDRICAL_SURFACE('',#5990,0.00245000000001981);
#114=CYLINDRICAL_SURFACE('',#5994,0.00245000000001036);
#115=CYLINDRICAL_SURFACE('',#5998,0.00245000000001555);
#116=CYLINDRICAL_SURFACE('',#6002,0.00245000000000124);
#117=CYLINDRICAL_SURFACE('',#6006,0.00244999999998847);
#118=CYLINDRICAL_SURFACE('',#6010,0.00244999999998604);
#119=CYLINDRICAL_SURFACE('',#6014,0.00244999999997282);
#120=B_SPLINE_CURVE_WITH_KNOTS('',3,(#7439,#7440,#7441,#7442,#7443,#7444,
#7445,#7446,#7447,#7448,#7449,#7450,#7451,#7452,#7453,#7454,#7455,#7456),
 .UNSPECIFIED.,.F.,.F.,(4,1,1,1,1,1,1,1,1,1,1,1,1,1,1,4),(0.,0.0638144723464509,
0.128061790915891,0.192724385642902,0.257798235825546,0.323280318296072,
0.389167906812539,0.455458415997576,0.522149349203765,0.589238276444561,
0.656722823335496,0.724600664757596,0.792869520796077,0.861527153880713,
0.930571366611222,1.),.UNSPECIFIED.);
#121=B_SPLINE_CURVE_WITH_KNOTS('',3,(#7460,#7461,#7462,#7463,#7464,#7465,
#7466,#7467,#7468,#7469,#7470,#7471,#7472,#7473,#7474,#7475,#7476,#7477),
 .UNSPECIFIED.,.F.,.F.,(4,1,1,1,1,1,1,1,1,1,1,1,1,1,1,4),(0.,0.0694286333887778,
0.138472846119287,0.207130479203923,0.275399335242405,0.343277176664505,
0.410761723555439,0.477850650796235,0.544541584002424,0.610832093187461,
0.676719681703929,0.742201764174455,0.807275614357098,0.871938209084109,
0.936185527653549,1.),.UNSPECIFIED.);
#122=B_SPLINE_CURVE_WITH_KNOTS('',3,(#7485,#7486,#7487,#7488,#7489,#7490,
#7491,#7492,#7493,#7494,#7495,#7496,#7497,#7498,#7499,#7500,#7501,#7502),
 .UNSPECIFIED.,.F.,.F.,(4,1,1,1,1,1,1,1,1,1,1,1,1,1,1,4),(0.,0.0638144723464509,
0.128061790915891,0.192724385642902,0.257798235825546,0.323280318296072,
0.389167906812539,0.455458415997576,0.522149349203765,0.589238276444561,
0.656722823335496,0.724600664757596,0.792869520796077,0.861527153880713,
0.930571366611222,1.),.UNSPECIFIED.);
#123=B_SPLINE_CURVE_WITH_KNOTS('',3,(#7506,#7507,#7508,#7509,#7510,#7511,
#7512,#7513,#7514,#7515,#7516,#7517,#7518,#7519,#7520,#7521,#7522,#7523),
 .UNSPECIFIED.,.F.,.F.,(4,1,1,1,1,1,1,1,1,1,1,1,1,1,1,4),(0.,0.0694286333887778,
0.138472846119287,0.207130479203923,0.275399335242405,0.343277176664505,
0.410761723555439,0.477850650796235,0.544541584002424,0.610832093187461,
0.676719681703929,0.742201764174455,0.807275614357098,0.871938209084109,
0.936185527653549,1.),.UNSPECIFIED.);
#124=B_SPLINE_CURVE_WITH_KNOTS('',3,(#7531,#7532,#7533,#7534,#7535,#7536,
#7537,#7538,#7539,#7540,#7541,#7542,#7543,#7544,#7545,#7546,#7547,#7548),
 .UNSPECIFIED.,.F.,.F.,(4,1,1,1,1,1,1,1,1,1,1,1,1,1,1,4),(0.,0.0638144723464509,
0.128061790915891,0.192724385642902,0.257798235825546,0.323280318296072,
0.389167906812539,0.455458415997576,0.522149349203765,0.589238276444561,
0.656722823335496,0.724600664757596,0.792869520796077,0.861527153880713,
0.930571366611222,1.),.UNSPECIFIED.);
#125=B_SPLINE_CURVE_WITH_KNOTS('',3,(#7552,#7553,#7554,#7555,#7556,#7557,
#7558,#7559,#7560,#7561,#7562,#7563,#7564,#7565,#7566,#7567,#7568,#7569),
 .UNSPECIFIED.,.F.,.F.,(4,1,1,1,1,1,1,1,1,1,1,1,1,1,1,4),(0.,0.0694286333887778,
0.138472846119287,0.207130479203923,0.275399335242405,0.343277176664505,
0.410761723555439,0.477850650796235,0.544541584002424,0.610832093187461,
0.676719681703929,0.742201764174455,0.807275614357098,0.871938209084109,
0.936185527653549,1.),.UNSPECIFIED.);
#126=B_SPLINE_CURVE_WITH_KNOTS('',3,(#7577,#7578,#7579,#7580,#7581,#7582,
#7583,#7584,#7585,#7586,#7587,#7588,#7589,#7590,#7591,#7592,#7593,#7594),
 .UNSPECIFIED.,.F.,.F.,(4,1,1,1,1,1,1,1,1,1,1,1,1,1,1,4),(0.,0.0638144723464509,
0.128061790915891,0.192724385642902,0.257798235825546,0.323280318296072,
0.389167906812539,0.455458415997576,0.522149349203765,0.589238276444561,
0.656722823335496,0.724600664757596,0.792869520796077,0.861527153880713,
0.930571366611222,1.),.UNSPECIFIED.);
#127=B_SPLINE_CURVE_WITH_KNOTS('',3,(#7598,#7599,#7600,#7601,#7602,#7603,
#7604,#7605,#7606,#7607,#7608,#7609,#7610,#7611,#7612,#7613,#7614,#7615),
 .UNSPECIFIED.,.F.,.F.,(4,1,1,1,1,1,1,1,1,1,1,1,1,1,1,4),(0.,0.0694286333887778,
0.138472846119287,0.207130479203923,0.275399335242405,0.343277176664505,
0.410761723555439,0.477850650796235,0.544541584002424,0.610832093187461,
0.676719681703929,0.742201764174455,0.807275614357098,0.871938209084109,
0.936185527653549,1.),.UNSPECIFIED.);
#128=B_SPLINE_CURVE_WITH_KNOTS('',3,(#7623,#7624,#7625,#7626,#7627,#7628,
#7629,#7630,#7631,#7632,#7633,#7634,#7635,#7636,#7637,#7638,#7639,#7640),
 .UNSPECIFIED.,.F.,.F.,(4,1,1,1,1,1,1,1,1,1,1,1,1,1,1,4),(0.,0.0638144723464509,
0.128061790915891,0.192724385642902,0.257798235825546,0.323280318296072,
0.389167906812539,0.455458415997576,0.522149349203765,0.589238276444561,
0.656722823335496,0.724600664757596,0.792869520796077,0.861527153880713,
0.930571366611222,1.),.UNSPECIFIED.);
#129=B_SPLINE_CURVE_WITH_KNOTS('',3,(#7644,#7645,#7646,#7647,#7648,#7649,
#7650,#7651,#7652,#7653,#7654,#7655,#7656,#7657,#7658,#7659,#7660,#7661),
 .UNSPECIFIED.,.F.,.F.,(4,1,1,1,1,1,1,1,1,1,1,1,1,1,1,4),(0.,0.0694286333887778,
0.138472846119287,0.207130479203923,0.275399335242405,0.343277176664505,
0.410761723555439,0.477850650796235,0.544541584002424,0.610832093187461,
0.676719681703929,0.742201764174455,0.807275614357098,0.871938209084109,
0.936185527653549,1.),.UNSPECIFIED.);
#130=B_SPLINE_CURVE_WITH_KNOTS('',3,(#7669,#7670,#7671,#7672,#7673,#7674,
#7675,#7676,#7677,#7678,#7679,#7680,#7681,#7682,#7683,#7684,#7685,#7686),
 .UNSPECIFIED.,.F.,.F.,(4,1,1,1,1,1,1,1,1,1,1,1,1,1,1,4),(0.,0.0638144723464509,
0.128061790915891,0.192724385642902,0.257798235825546,0.323280318296072,
0.389167906812539,0.455458415997576,0.522149349203765,0.589238276444561,
0.656722823335496,0.724600664757596,0.792869520796077,0.861527153880713,
0.930571366611222,1.),.UNSPECIFIED.);
#131=B_SPLINE_CURVE_WITH_KNOTS('',3,(#7690,#7691,#7692,#7693,#7694,#7695,
#7696,#7697,#7698,#7699,#7700,#7701,#7702,#7703,#7704,#7705,#7706,#7707),
 .UNSPECIFIED.,.F.,.F.,(4,1,1,1,1,1,1,1,1,1,1,1,1,1,1,4),(0.,0.0694286333887778,
0.138472846119287,0.207130479203923,0.275399335242405,0.343277176664505,
0.410761723555439,0.477850650796235,0.544541584002424,0.610832093187461,
0.676719681703929,0.742201764174455,0.807275614357098,0.871938209084109,
0.936185527653549,1.),.UNSPECIFIED.);
#132=B_SPLINE_CURVE_WITH_KNOTS('',3,(#7715,#7716,#7717,#7718,#7719,#7720,
#7721,#7722,#7723,#7724,#7725,#7726,#7727,#7728,#7729,#7730,#7731,#7732),
 .UNSPECIFIED.,.F.,.F.,(4,1,1,1,1,1,1,1,1,1,1,1,1,1,1,4),(0.,0.0638144723464509,
0.128061790915891,0.192724385642902,0.257798235825546,0.323280318296072,
0.389167906812539,0.455458415997576,0.522149349203765,0.589238276444561,
0.656722823335496,0.724600664757596,0.792869520796077,0.861527153880713,
0.930571366611222,1.),.UNSPECIFIED.);
#133=B_SPLINE_CURVE_WITH_KNOTS('',3,(#7736,#7737,#7738,#7739,#7740,#7741,
#7742,#7743,#7744,#7745,#7746,#7747,#7748,#7749,#7750,#7751,#7752,#7753),
 .UNSPECIFIED.,.F.,.F.,(4,1,1,1,1,1,1,1,1,1,1,1,1,1,1,4),(0.,0.0694286333887778,
0.138472846119287,0.207130479203923,0.275399335242405,0.343277176664505,
0.410761723555439,0.477850650796235,0.544541584002424,0.610832093187461,
0.676719681703929,0.742201764174455,0.807275614357098,0.871938209084109,
0.936185527653549,1.),.UNSPECIFIED.);
#134=B_SPLINE_CURVE_WITH_KNOTS('',3,(#7761,#7762,#7763,#7764,#7765,#7766,
#7767,#7768,#7769,#7770,#7771,#7772,#7773,#7774,#7775,#7776,#7777,#7778),
 .UNSPECIFIED.,.F.,.F.,(4,1,1,1,1,1,1,1,1,1,1,1,1,1,1,4),(0.,0.0638144723464509,
0.128061790915891,0.192724385642902,0.257798235825546,0.323280318296072,
0.389167906812539,0.455458415997576,0.522149349203765,0.589238276444561,
0.656722823335496,0.724600664757596,0.792869520796077,0.861527153880713,
0.930571366611222,1.),.UNSPECIFIED.);
#135=B_SPLINE_CURVE_WITH_KNOTS('',3,(#7782,#7783,#7784,#7785,#7786,#7787,
#7788,#7789,#7790,#7791,#7792,#7793,#7794,#7795,#7796,#7797,#7798,#7799),
 .UNSPECIFIED.,.F.,.F.,(4,1,1,1,1,1,1,1,1,1,1,1,1,1,1,4),(0.,0.0694286333887778,
0.138472846119287,0.207130479203923,0.275399335242405,0.343277176664505,
0.410761723555439,0.477850650796235,0.544541584002424,0.610832093187461,
0.676719681703929,0.742201764174455,0.807275614357098,0.871938209084109,
0.936185527653549,1.),.UNSPECIFIED.);
#136=B_SPLINE_CURVE_WITH_KNOTS('',3,(#7807,#7808,#7809,#7810,#7811,#7812,
#7813,#7814,#7815,#7816,#7817,#7818,#7819,#7820,#7821,#7822,#7823,#7824),
 .UNSPECIFIED.,.F.,.F.,(4,1,1,1,1,1,1,1,1,1,1,1,1,1,1,4),(0.,0.0638144723464509,
0.128061790915891,0.192724385642902,0.257798235825546,0.323280318296072,
0.389167906812539,0.455458415997576,0.522149349203765,0.589238276444561,
0.656722823335496,0.724600664757596,0.792869520796077,0.861527153880713,
0.930571366611222,1.),.UNSPECIFIED.);
#137=B_SPLINE_CURVE_WITH_KNOTS('',3,(#7828,#7829,#7830,#7831,#7832,#7833,
#7834,#7835,#7836,#7837,#7838,#7839,#7840,#7841,#7842,#7843,#7844,#7845),
 .UNSPECIFIED.,.F.,.F.,(4,1,1,1,1,1,1,1,1,1,1,1,1,1,1,4),(0.,0.0694286333887778,
0.138472846119287,0.207130479203923,0.275399335242405,0.343277176664505,
0.410761723555439,0.477850650796235,0.544541584002424,0.610832093187461,
0.676719681703929,0.742201764174455,0.807275614357098,0.871938209084109,
0.936185527653549,1.),.UNSPECIFIED.);
#138=B_SPLINE_CURVE_WITH_KNOTS('',3,(#7853,#7854,#7855,#7856,#7857,#7858,
#7859,#7860,#7861,#7862,#7863,#7864,#7865,#7866,#7867,#7868,#7869,#7870),
 .UNSPECIFIED.,.F.,.F.,(4,1,1,1,1,1,1,1,1,1,1,1,1,1,1,4),(0.,0.0638144723464509,
0.128061790915891,0.192724385642902,0.257798235825546,0.323280318296072,
0.389167906812539,0.455458415997576,0.522149349203765,0.589238276444561,
0.656722823335496,0.724600664757596,0.792869520796077,0.861527153880713,
0.930571366611222,1.),.UNSPECIFIED.);
#139=B_SPLINE_CURVE_WITH_KNOTS('',3,(#7874,#7875,#7876,#7877,#7878,#7879,
#7880,#7881,#7882,#7883,#7884,#7885,#7886,#7887,#7888,#7889,#7890,#7891),
 .UNSPECIFIED.,.F.,.F.,(4,1,1,1,1,1,1,1,1,1,1,1,1,1,1,4),(0.,0.0694286333887778,
0.138472846119287,0.207130479203923,0.275399335242405,0.343277176664505,
0.410761723555439,0.477850650796235,0.544541584002424,0.610832093187461,
0.676719681703929,0.742201764174455,0.807275614357098,0.871938209084109,
0.936185527653549,1.),.UNSPECIFIED.);
#140=B_SPLINE_CURVE_WITH_KNOTS('',3,(#7899,#7900,#7901,#7902,#7903,#7904,
#7905,#7906,#7907,#7908,#7909,#7910,#7911,#7912,#7913,#7914,#7915,#7916),
 .UNSPECIFIED.,.F.,.F.,(4,1,1,1,1,1,1,1,1,1,1,1,1,1,1,4),(0.,0.0638144723464509,
0.128061790915891,0.192724385642902,0.257798235825546,0.323280318296072,
0.389167906812539,0.455458415997576,0.522149349203765,0.589238276444561,
0.656722823335496,0.724600664757596,0.792869520796077,0.861527153880713,
0.930571366611222,1.),.UNSPECIFIED.);
#141=B_SPLINE_CURVE_WITH_KNOTS('',3,(#7920,#7921,#7922,#7923,#7924,#7925,
#7926,#7927,#7928,#7929,#7930,#7931,#7932,#7933,#7934,#7935,#7936,#7937),
 .UNSPECIFIED.,.F.,.F.,(4,1,1,1,1,1,1,1,1,1,1,1,1,1,1,4),(0.,0.0694286333887778,
0.138472846119287,0.207130479203923,0.275399335242405,0.343277176664505,
0.410761723555439,0.477850650796235,0.544541584002424,0.610832093187461,
0.676719681703929,0.742201764174455,0.807275614357098,0.871938209084109,
0.936185527653549,1.),.UNSPECIFIED.);
#142=B_SPLINE_CURVE_WITH_KNOTS('',3,(#7945,#7946,#7947,#7948,#7949,#7950,
#7951,#7952,#7953,#7954,#7955,#7956,#7957,#7958,#7959,#7960,#7961,#7962),
 .UNSPECIFIED.,.F.,.F.,(4,1,1,1,1,1,1,1,1,1,1,1,1,1,1,4),(0.,0.0638144723464509,
0.128061790915891,0.192724385642902,0.257798235825546,0.323280318296072,
0.389167906812539,0.455458415997576,0.522149349203765,0.589238276444561,
0.656722823335496,0.724600664757596,0.792869520796077,0.861527153880713,
0.930571366611222,1.),.UNSPECIFIED.);
#143=B_SPLINE_CURVE_WITH_KNOTS('',3,(#7966,#7967,#7968,#7969,#7970,#7971,
#7972,#7973,#7974,#7975,#7976,#7977,#7978,#7979,#7980,#7981,#7982,#7983),
 .UNSPECIFIED.,.F.,.F.,(4,1,1,1,1,1,1,1,1,1,1,1,1,1,1,4),(0.,0.0694286333887778,
0.138472846119287,0.207130479203923,0.275399335242405,0.343277176664505,
0.410761723555439,0.477850650796235,0.544541584002424,0.610832093187461,
0.676719681703929,0.742201764174455,0.807275614357098,0.871938209084109,
0.936185527653549,1.),.UNSPECIFIED.);
#144=B_SPLINE_CURVE_WITH_KNOTS('',3,(#7991,#7992,#7993,#7994,#7995,#7996,
#7997,#7998,#7999,#8000,#8001,#8002,#8003,#8004,#8005,#8006,#8007,#8008),
 .UNSPECIFIED.,.F.,.F.,(4,1,1,1,1,1,1,1,1,1,1,1,1,1,1,4),(0.,0.0638144723464509,
0.128061790915891,0.192724385642902,0.257798235825546,0.323280318296072,
0.389167906812539,0.455458415997576,0.522149349203765,0.589238276444561,
0.656722823335496,0.724600664757596,0.792869520796077,0.861527153880713,
0.930571366611222,1.),.UNSPECIFIED.);
#145=B_SPLINE_CURVE_WITH_KNOTS('',3,(#8012,#8013,#8014,#8015,#8016,#8017,
#8018,#8019,#8020,#8021,#8022,#8023,#8024,#8025,#8026,#8027,#8028,#8029),
 .UNSPECIFIED.,.F.,.F.,(4,1,1,1,1,1,1,1,1,1,1,1,1,1,1,4),(0.,0.0694286333887778,
0.138472846119287,0.207130479203923,0.275399335242405,0.343277176664505,
0.410761723555439,0.477850650796235,0.544541584002424,0.610832093187461,
0.676719681703929,0.742201764174455,0.807275614357098,0.871938209084109,
0.936185527653549,1.),.UNSPECIFIED.);
#146=B_SPLINE_CURVE_WITH_KNOTS('',3,(#8037,#8038,#8039,#8040,#8041,#8042,
#8043,#8044,#8045,#8046,#8047,#8048,#8049,#8050,#8051,#8052,#8053,#8054),
 .UNSPECIFIED.,.F.,.F.,(4,1,1,1,1,1,1,1,1,1,1,1,1,1,1,4),(0.,0.0638144723464509,
0.128061790915891,0.192724385642902,0.257798235825546,0.323280318296072,
0.389167906812539,0.455458415997576,0.522149349203765,0.589238276444561,
0.656722823335496,0.724600664757596,0.792869520796077,0.861527153880713,
0.930571366611222,1.),.UNSPECIFIED.);
#147=B_SPLINE_CURVE_WITH_KNOTS('',3,(#8058,#8059,#8060,#8061,#8062,#8063,
#8064,#8065,#8066,#8067,#8068,#8069,#8070,#8071,#8072,#8073,#8074,#8075),
 .UNSPECIFIED.,.F.,.F.,(4,1,1,1,1,1,1,1,1,1,1,1,1,1,1,4),(0.,0.0694286333887778,
0.138472846119287,0.207130479203923,0.275399335242405,0.343277176664505,
0.410761723555439,0.477850650796235,0.544541584002424,0.610832093187461,
0.676719681703929,0.742201764174455,0.807275614357098,0.871938209084109,
0.936185527653549,1.),.UNSPECIFIED.);
#148=B_SPLINE_CURVE_WITH_KNOTS('',3,(#8083,#8084,#8085,#8086,#8087,#8088,
#8089,#8090,#8091,#8092,#8093,#8094,#8095,#8096,#8097,#8098,#8099,#8100),
 .UNSPECIFIED.,.F.,.F.,(4,1,1,1,1,1,1,1,1,1,1,1,1,1,1,4),(0.,0.0638144723464509,
0.128061790915891,0.192724385642902,0.257798235825546,0.323280318296072,
0.389167906812539,0.455458415997576,0.522149349203765,0.589238276444561,
0.656722823335496,0.724600664757596,0.792869520796077,0.861527153880713,
0.930571366611222,1.),.UNSPECIFIED.);
#149=B_SPLINE_CURVE_WITH_KNOTS('',3,(#8104,#8105,#8106,#8107,#8108,#8109,
#8110,#8111,#8112,#8113,#8114,#8115,#8116,#8117,#8118,#8119,#8120,#8121),
 .UNSPECIFIED.,.F.,.F.,(4,1,1,1,1,1,1,1,1,1,1,1,1,1,1,4),(0.,0.0694286333887778,
0.138472846119287,0.207130479203923,0.275399335242405,0.343277176664505,
0.410761723555439,0.477850650796235,0.544541584002424,0.610832093187461,
0.676719681703929,0.742201764174455,0.807275614357098,0.871938209084109,
0.936185527653549,1.),.UNSPECIFIED.);
#150=B_SPLINE_CURVE_WITH_KNOTS('',3,(#8129,#8130,#8131,#8132,#8133,#8134,
#8135,#8136,#8137,#8138,#8139,#8140,#8141,#8142,#8143,#8144,#8145,#8146),
 .UNSPECIFIED.,.F.,.F.,(4,1,1,1,1,1,1,1,1,1,1,1,1,1,1,4),(0.,0.0638144723464509,
0.128061790915891,0.192724385642902,0.257798235825546,0.323280318296072,
0.389167906812539,0.455458415997576,0.522149349203765,0.589238276444561,
0.656722823335496,0.724600664757596,0.792869520796077,0.861527153880713,
0.930571366611222,1.),.UNSPECIFIED.);
#151=B_SPLINE_CURVE_WITH_KNOTS('',3,(#8150,#8151,#8152,#8153,#8154,#8155,
#8156,#8157,#8158,#8159,#8160,#8161,#8162,#8163,#8164,#8165,#8166,#8167),
 .UNSPECIFIED.,.F.,.F.,(4,1,1,1,1,1,1,1,1,1,1,1,1,1,1,4),(0.,0.0694286333887778,
0.138472846119287,0.207130479203923,0.275399335242405,0.343277176664505,
0.410761723555439,0.477850650796235,0.544541584002424,0.610832093187461,
0.676719681703929,0.742201764174455,0.807275614357098,0.871938209084109,
0.936185527653549,1.),.UNSPECIFIED.);
#152=B_SPLINE_CURVE_WITH_KNOTS('',3,(#8578,#8579,#8580,#8581,#8582,#8583,
#8584,#8585,#8586,#8587,#8588,#8589,#8590,#8591,#8592,#8593,#8594,#8595),
 .UNSPECIFIED.,.F.,.F.,(4,1,1,1,1,1,1,1,1,1,1,1,1,1,1,4),(0.,0.0638144723464509,
0.128061790915891,0.192724385642902,0.257798235825546,0.323280318296072,
0.389167906812539,0.455458415997576,0.522149349203765,0.589238276444561,
0.656722823335496,0.724600664757596,0.792869520796077,0.861527153880713,
0.930571366611222,1.),.UNSPECIFIED.);
#153=B_SPLINE_CURVE_WITH_KNOTS('',3,(#8638,#8639,#8640,#8641,#8642,#8643,
#8644,#8645,#8646,#8647,#8648,#8649,#8650,#8651,#8652,#8653,#8654,#8655),
 .UNSPECIFIED.,.F.,.F.,(4,1,1,1,1,1,1,1,1,1,1,1,1,1,1,4),(0.,0.0694286333887778,
0.138472846119287,0.207130479203923,0.275399335242405,0.343277176664505,
0.410761723555439,0.477850650796235,0.544541584002424,0.610832093187461,
0.676719681703929,0.742201764174455,0.807275614357098,0.871938209084109,
0.936185527653549,1.),.UNSPECIFIED.);
#154=B_SPLINE_CURVE_WITH_KNOTS('',3,(#8706,#8707,#8708,#8709,#8710,#8711,
#8712,#8713,#8714,#8715,#8716,#8717,#8718,#8719,#8720,#8721,#8722,#8723),
 .UNSPECIFIED.,.F.,.F.,(4,1,1,1,1,1,1,1,1,1,1,1,1,1,1,4),(0.,0.0638144723464509,
0.128061790915891,0.192724385642902,0.257798235825546,0.323280318296072,
0.389167906812539,0.455458415997576,0.522149349203765,0.589238276444561,
0.656722823335496,0.724600664757596,0.792869520796077,0.861527153880713,
0.930571366611222,1.),.UNSPECIFIED.);
#155=B_SPLINE_CURVE_WITH_KNOTS('',3,(#8766,#8767,#8768,#8769,#8770,#8771,
#8772,#8773,#8774,#8775,#8776,#8777,#8778,#8779,#8780,#8781,#8782,#8783),
 .UNSPECIFIED.,.F.,.F.,(4,1,1,1,1,1,1,1,1,1,1,1,1,1,1,4),(0.,0.0694286333887778,
0.138472846119287,0.207130479203923,0.275399335242405,0.343277176664505,
0.410761723555439,0.477850650796235,0.544541584002424,0.610832093187461,
0.676719681703929,0.742201764174455,0.807275614357098,0.871938209084109,
0.936185527653549,1.),.UNSPECIFIED.);
#156=B_SPLINE_CURVE_WITH_KNOTS('',3,(#8834,#8835,#8836,#8837,#8838,#8839,
#8840,#8841,#8842,#8843,#8844,#8845,#8846,#8847,#8848,#8849,#8850,#8851),
 .UNSPECIFIED.,.F.,.F.,(4,1,1,1,1,1,1,1,1,1,1,1,1,1,1,4),(0.,0.0638144723464509,
0.128061790915891,0.192724385642902,0.257798235825546,0.323280318296072,
0.389167906812539,0.455458415997576,0.522149349203765,0.589238276444561,
0.656722823335496,0.724600664757596,0.792869520796077,0.861527153880713,
0.930571366611222,1.),.UNSPECIFIED.);
#157=B_SPLINE_CURVE_WITH_KNOTS('',3,(#8894,#8895,#8896,#8897,#8898,#8899,
#8900,#8901,#8902,#8903,#8904,#8905,#8906,#8907,#8908,#8909,#8910,#8911),
 .UNSPECIFIED.,.F.,.F.,(4,1,1,1,1,1,1,1,1,1,1,1,1,1,1,4),(0.,0.0694286333887778,
0.138472846119287,0.207130479203923,0.275399335242405,0.343277176664505,
0.410761723555439,0.477850650796235,0.544541584002424,0.610832093187461,
0.676719681703929,0.742201764174455,0.807275614357098,0.871938209084109,
0.936185527653549,1.),.UNSPECIFIED.);
#158=B_SPLINE_CURVE_WITH_KNOTS('',3,(#8962,#8963,#8964,#8965,#8966,#8967,
#8968,#8969,#8970,#8971,#8972,#8973,#8974,#8975,#8976,#8977,#8978,#8979),
 .UNSPECIFIED.,.F.,.F.,(4,1,1,1,1,1,1,1,1,1,1,1,1,1,1,4),(0.,0.0638144723464509,
0.128061790915891,0.192724385642902,0.257798235825546,0.323280318296072,
0.389167906812539,0.455458415997576,0.522149349203765,0.589238276444561,
0.656722823335496,0.724600664757596,0.792869520796077,0.861527153880713,
0.930571366611222,1.),.UNSPECIFIED.);
#159=B_SPLINE_CURVE_WITH_KNOTS('',3,(#9022,#9023,#9024,#9025,#9026,#9027,
#9028,#9029,#9030,#9031,#9032,#9033,#9034,#9035,#9036,#9037,#9038,#9039),
 .UNSPECIFIED.,.F.,.F.,(4,1,1,1,1,1,1,1,1,1,1,1,1,1,1,4),(0.,0.0694286333887778,
0.138472846119287,0.207130479203923,0.275399335242405,0.343277176664505,
0.410761723555439,0.477850650796235,0.544541584002424,0.610832093187461,
0.676719681703929,0.742201764174455,0.807275614357098,0.871938209084109,
0.936185527653549,1.),.UNSPECIFIED.);
#160=B_SPLINE_CURVE_WITH_KNOTS('',3,(#9090,#9091,#9092,#9093,#9094,#9095,
#9096,#9097,#9098,#9099,#9100,#9101,#9102,#9103,#9104,#9105,#9106,#9107),
 .UNSPECIFIED.,.F.,.F.,(4,1,1,1,1,1,1,1,1,1,1,1,1,1,1,4),(0.,0.0638144723464509,
0.128061790915891,0.192724385642902,0.257798235825546,0.323280318296072,
0.389167906812539,0.455458415997576,0.522149349203765,0.589238276444561,
0.656722823335496,0.724600664757596,0.792869520796077,0.861527153880713,
0.930571366611222,1.),.UNSPECIFIED.);
#161=B_SPLINE_CURVE_WITH_KNOTS('',3,(#9150,#9151,#9152,#9153,#9154,#9155,
#9156,#9157,#9158,#9159,#9160,#9161,#9162,#9163,#9164,#9165,#9166,#9167),
 .UNSPECIFIED.,.F.,.F.,(4,1,1,1,1,1,1,1,1,1,1,1,1,1,1,4),(0.,0.0694286333887778,
0.138472846119287,0.207130479203923,0.275399335242405,0.343277176664505,
0.410761723555439,0.477850650796235,0.544541584002424,0.610832093187461,
0.676719681703929,0.742201764174455,0.807275614357098,0.871938209084109,
0.936185527653549,1.),.UNSPECIFIED.);
#162=B_SPLINE_CURVE_WITH_KNOTS('',3,(#9218,#9219,#9220,#9221,#9222,#9223,
#9224,#9225,#9226,#9227,#9228,#9229,#9230,#9231,#9232,#9233,#9234,#9235),
 .UNSPECIFIED.,.F.,.F.,(4,1,1,1,1,1,1,1,1,1,1,1,1,1,1,4),(0.,0.0638144723464509,
0.128061790915891,0.192724385642902,0.257798235825546,0.323280318296072,
0.389167906812539,0.455458415997576,0.522149349203765,0.589238276444561,
0.656722823335496,0.724600664757596,0.792869520796077,0.861527153880713,
0.930571366611222,1.),.UNSPECIFIED.);
#163=B_SPLINE_CURVE_WITH_KNOTS('',3,(#9278,#9279,#9280,#9281,#9282,#9283,
#9284,#9285,#9286,#9287,#9288,#9289,#9290,#9291,#9292,#9293,#9294,#9295),
 .UNSPECIFIED.,.F.,.F.,(4,1,1,1,1,1,1,1,1,1,1,1,1,1,1,4),(0.,0.0694286333887778,
0.138472846119287,0.207130479203923,0.275399335242405,0.343277176664505,
0.410761723555439,0.477850650796235,0.544541584002424,0.610832093187461,
0.676719681703929,0.742201764174455,0.807275614357098,0.871938209084109,
0.936185527653549,1.),.UNSPECIFIED.);
#164=B_SPLINE_CURVE_WITH_KNOTS('',3,(#9346,#9347,#9348,#9349,#9350,#9351,
#9352,#9353,#9354,#9355,#9356,#9357,#9358,#9359,#9360,#9361,#9362,#9363),
 .UNSPECIFIED.,.F.,.F.,(4,1,1,1,1,1,1,1,1,1,1,1,1,1,1,4),(0.,0.0638144723464509,
0.128061790915891,0.192724385642902,0.257798235825546,0.323280318296072,
0.389167906812539,0.455458415997576,0.522149349203765,0.589238276444561,
0.656722823335496,0.724600664757596,0.792869520796077,0.861527153880713,
0.930571366611222,1.),.UNSPECIFIED.);
#165=B_SPLINE_CURVE_WITH_KNOTS('',3,(#9406,#9407,#9408,#9409,#9410,#9411,
#9412,#9413,#9414,#9415,#9416,#9417,#9418,#9419,#9420,#9421,#9422,#9423),
 .UNSPECIFIED.,.F.,.F.,(4,1,1,1,1,1,1,1,1,1,1,1,1,1,1,4),(0.,0.0694286333887778,
0.138472846119287,0.207130479203923,0.275399335242405,0.343277176664505,
0.410761723555439,0.477850650796235,0.544541584002424,0.610832093187461,
0.676719681703929,0.742201764174455,0.807275614357098,0.871938209084109,
0.936185527653549,1.),.UNSPECIFIED.);
#166=B_SPLINE_CURVE_WITH_KNOTS('',3,(#9474,#9475,#9476,#9477,#9478,#9479,
#9480,#9481,#9482,#9483,#9484,#9485,#9486,#9487,#9488,#9489,#9490,#9491),
 .UNSPECIFIED.,.F.,.F.,(4,1,1,1,1,1,1,1,1,1,1,1,1,1,1,4),(0.,0.0638144723464509,
0.128061790915891,0.192724385642902,0.257798235825546,0.323280318296072,
0.389167906812539,0.455458415997576,0.522149349203765,0.589238276444561,
0.656722823335496,0.724600664757596,0.792869520796077,0.861527153880713,
0.930571366611222,1.),.UNSPECIFIED.);
#167=B_SPLINE_CURVE_WITH_KNOTS('',3,(#9534,#9535,#9536,#9537,#9538,#9539,
#9540,#9541,#9542,#9543,#9544,#9545,#9546,#9547,#9548,#9549,#9550,#9551),
 .UNSPECIFIED.,.F.,.F.,(4,1,1,1,1,1,1,1,1,1,1,1,1,1,1,4),(0.,0.0694286333887778,
0.138472846119287,0.207130479203923,0.275399335242405,0.343277176664505,
0.410761723555439,0.477850650796235,0.544541584002424,0.610832093187461,
0.676719681703929,0.742201764174455,0.807275614357098,0.871938209084109,
0.936185527653549,1.),.UNSPECIFIED.);
#168=B_SPLINE_CURVE_WITH_KNOTS('',3,(#9602,#9603,#9604,#9605,#9606,#9607,
#9608,#9609,#9610,#9611,#9612,#9613,#9614,#9615,#9616,#9617,#9618,#9619),
 .UNSPECIFIED.,.F.,.F.,(4,1,1,1,1,1,1,1,1,1,1,1,1,1,1,4),(0.,0.0638144723464509,
0.128061790915891,0.192724385642902,0.257798235825546,0.323280318296072,
0.389167906812539,0.455458415997576,0.522149349203765,0.589238276444561,
0.656722823335496,0.724600664757596,0.792869520796077,0.861527153880713,
0.930571366611222,1.),.UNSPECIFIED.);
#169=B_SPLINE_CURVE_WITH_KNOTS('',3,(#9662,#9663,#9664,#9665,#9666,#9667,
#9668,#9669,#9670,#9671,#9672,#9673,#9674,#9675,#9676,#9677,#9678,#9679),
 .UNSPECIFIED.,.F.,.F.,(4,1,1,1,1,1,1,1,1,1,1,1,1,1,1,4),(0.,0.0694286333887778,
0.138472846119287,0.207130479203923,0.275399335242405,0.343277176664505,
0.410761723555439,0.477850650796235,0.544541584002424,0.610832093187461,
0.676719681703929,0.742201764174455,0.807275614357098,0.871938209084109,
0.936185527653549,1.),.UNSPECIFIED.);
#170=B_SPLINE_CURVE_WITH_KNOTS('',3,(#9730,#9731,#9732,#9733,#9734,#9735,
#9736,#9737,#9738,#9739,#9740,#9741,#9742,#9743,#9744,#9745,#9746,#9747),
 .UNSPECIFIED.,.F.,.F.,(4,1,1,1,1,1,1,1,1,1,1,1,1,1,1,4),(0.,0.0638144723464509,
0.128061790915891,0.192724385642902,0.257798235825546,0.323280318296072,
0.389167906812539,0.455458415997576,0.522149349203765,0.589238276444561,
0.656722823335496,0.724600664757596,0.792869520796077,0.861527153880713,
0.930571366611222,1.),.UNSPECIFIED.);
#171=B_SPLINE_CURVE_WITH_KNOTS('',3,(#9790,#9791,#9792,#9793,#9794,#9795,
#9796,#9797,#9798,#9799,#9800,#9801,#9802,#9803,#9804,#9805,#9806,#9807),
 .UNSPECIFIED.,.F.,.F.,(4,1,1,1,1,1,1,1,1,1,1,1,1,1,1,4),(0.,0.0694286333887778,
0.138472846119287,0.207130479203923,0.275399335242405,0.343277176664505,
0.410761723555439,0.477850650796235,0.544541584002424,0.610832093187461,
0.676719681703929,0.742201764174455,0.807275614357098,0.871938209084109,
0.936185527653549,1.),.UNSPECIFIED.);
#172=B_SPLINE_CURVE_WITH_KNOTS('',3,(#9858,#9859,#9860,#9861,#9862,#9863,
#9864,#9865,#9866,#9867,#9868,#9869,#9870,#9871,#9872,#9873,#9874,#9875),
 .UNSPECIFIED.,.F.,.F.,(4,1,1,1,1,1,1,1,1,1,1,1,1,1,1,4),(0.,0.0638144723464509,
0.128061790915891,0.192724385642902,0.257798235825546,0.323280318296072,
0.389167906812539,0.455458415997576,0.522149349203765,0.589238276444561,
0.656722823335496,0.724600664757596,0.792869520796077,0.861527153880713,
0.930571366611222,1.),.UNSPECIFIED.);
#173=B_SPLINE_CURVE_WITH_KNOTS('',3,(#9918,#9919,#9920,#9921,#9922,#9923,
#9924,#9925,#9926,#9927,#9928,#9929,#9930,#9931,#9932,#9933,#9934,#9935),
 .UNSPECIFIED.,.F.,.F.,(4,1,1,1,1,1,1,1,1,1,1,1,1,1,1,4),(0.,0.0694286333887778,
0.138472846119287,0.207130479203923,0.275399335242405,0.343277176664505,
0.410761723555439,0.477850650796235,0.544541584002424,0.610832093187461,
0.676719681703929,0.742201764174455,0.807275614357098,0.871938209084109,
0.936185527653549,1.),.UNSPECIFIED.);
#174=B_SPLINE_CURVE_WITH_KNOTS('',3,(#9986,#9987,#9988,#9989,#9990,#9991,
#9992,#9993,#9994,#9995,#9996,#9997,#9998,#9999,#10000,#10001,#10002,#10003),
 .UNSPECIFIED.,.F.,.F.,(4,1,1,1,1,1,1,1,1,1,1,1,1,1,1,4),(0.,0.0638144723464509,
0.128061790915891,0.192724385642902,0.257798235825546,0.323280318296072,
0.389167906812539,0.455458415997576,0.522149349203765,0.589238276444561,
0.656722823335496,0.724600664757596,0.792869520796077,0.861527153880713,
0.930571366611222,1.),.UNSPECIFIED.);
#175=B_SPLINE_CURVE_WITH_KNOTS('',3,(#10046,#10047,#10048,#10049,#10050,
#10051,#10052,#10053,#10054,#10055,#10056,#10057,#10058,#10059,#10060,#10061,
#10062,#10063),.UNSPECIFIED.,.F.,.F.,(4,1,1,1,1,1,1,1,1,1,1,1,1,1,1,4),
(0.,0.0694286333887778,0.138472846119287,0.207130479203923,0.275399335242405,
0.343277176664505,0.410761723555439,0.477850650796235,0.544541584002424,
0.610832093187461,0.676719681703929,0.742201764174455,0.807275614357098,
0.871938209084109,0.936185527653549,1.),.UNSPECIFIED.);
#176=B_SPLINE_CURVE_WITH_KNOTS('',3,(#10114,#10115,#10116,#10117,#10118,
#10119,#10120,#10121,#10122,#10123,#10124,#10125,#10126,#10127,#10128,#10129,
#10130,#10131),.UNSPECIFIED.,.F.,.F.,(4,1,1,1,1,1,1,1,1,1,1,1,1,1,1,4),
(0.,0.0638144723464509,0.128061790915891,0.192724385642902,0.257798235825546,
0.323280318296072,0.389167906812539,0.455458415997576,0.522149349203765,
0.589238276444561,0.656722823335496,0.724600664757596,0.792869520796077,
0.861527153880713,0.930571366611222,1.),.UNSPECIFIED.);
#177=B_SPLINE_CURVE_WITH_KNOTS('',3,(#10174,#10175,#10176,#10177,#10178,
#10179,#10180,#10181,#10182,#10183,#10184,#10185,#10186,#10187,#10188,#10189,
#10190,#10191),.UNSPECIFIED.,.F.,.F.,(4,1,1,1,1,1,1,1,1,1,1,1,1,1,1,4),
(0.,0.0694286333887778,0.138472846119287,0.207130479203923,0.275399335242405,
0.343277176664505,0.410761723555439,0.477850650796235,0.544541584002424,
0.610832093187461,0.676719681703929,0.742201764174455,0.807275614357098,
0.871938209084109,0.936185527653549,1.),.UNSPECIFIED.);
#178=B_SPLINE_CURVE_WITH_KNOTS('',3,(#10242,#10243,#10244,#10245,#10246,
#10247,#10248,#10249,#10250,#10251,#10252,#10253,#10254,#10255,#10256,#10257,
#10258,#10259),.UNSPECIFIED.,.F.,.F.,(4,1,1,1,1,1,1,1,1,1,1,1,1,1,1,4),
(0.,0.0638144723464509,0.128061790915891,0.192724385642902,0.257798235825546,
0.323280318296072,0.389167906812539,0.455458415997576,0.522149349203765,
0.589238276444561,0.656722823335496,0.724600664757596,0.792869520796077,
0.861527153880713,0.930571366611222,1.),.UNSPECIFIED.);
#179=B_SPLINE_CURVE_WITH_KNOTS('',3,(#10302,#10303,#10304,#10305,#10306,
#10307,#10308,#10309,#10310,#10311,#10312,#10313,#10314,#10315,#10316,#10317,
#10318,#10319),.UNSPECIFIED.,.F.,.F.,(4,1,1,1,1,1,1,1,1,1,1,1,1,1,1,4),
(0.,0.0694286333887778,0.138472846119287,0.207130479203923,0.275399335242405,
0.343277176664505,0.410761723555439,0.477850650796235,0.544541584002424,
0.610832093187461,0.676719681703929,0.742201764174455,0.807275614357098,
0.871938209084109,0.936185527653549,1.),.UNSPECIFIED.);
#180=B_SPLINE_CURVE_WITH_KNOTS('',3,(#10370,#10371,#10372,#10373,#10374,
#10375,#10376,#10377,#10378,#10379,#10380,#10381,#10382,#10383,#10384,#10385,
#10386,#10387),.UNSPECIFIED.,.F.,.F.,(4,1,1,1,1,1,1,1,1,1,1,1,1,1,1,4),
(0.,0.0638144723464509,0.128061790915891,0.192724385642902,0.257798235825546,
0.323280318296072,0.389167906812539,0.455458415997576,0.522149349203765,
0.589238276444561,0.656722823335496,0.724600664757596,0.792869520796077,
0.861527153880713,0.930571366611222,1.),.UNSPECIFIED.);
#181=B_SPLINE_CURVE_WITH_KNOTS('',3,(#10430,#10431,#10432,#10433,#10434,
#10435,#10436,#10437,#10438,#10439,#10440,#10441,#10442,#10443,#10444,#10445,
#10446,#10447),.UNSPECIFIED.,.F.,.F.,(4,1,1,1,1,1,1,1,1,1,1,1,1,1,1,4),
(0.,0.0694286333887778,0.138472846119287,0.207130479203923,0.275399335242405,
0.343277176664505,0.410761723555439,0.477850650796235,0.544541584002424,
0.610832093187461,0.676719681703929,0.742201764174455,0.807275614357098,
0.871938209084109,0.936185527653549,1.),.UNSPECIFIED.);
#182=B_SPLINE_CURVE_WITH_KNOTS('',3,(#10498,#10499,#10500,#10501,#10502,
#10503,#10504,#10505,#10506,#10507,#10508,#10509,#10510,#10511,#10512,#10513,
#10514,#10515),.UNSPECIFIED.,.F.,.F.,(4,1,1,1,1,1,1,1,1,1,1,1,1,1,1,4),
(0.,0.0638144723464509,0.128061790915891,0.192724385642902,0.257798235825546,
0.323280318296072,0.389167906812539,0.455458415997576,0.522149349203765,
0.589238276444561,0.656722823335496,0.724600664757596,0.792869520796077,
0.861527153880713,0.930571366611222,1.),.UNSPECIFIED.);
#183=B_SPLINE_CURVE_WITH_KNOTS('',3,(#10558,#10559,#10560,#10561,#10562,
#10563,#10564,#10565,#10566,#10567,#10568,#10569,#10570,#10571,#10572,#10573,
#10574,#10575),.UNSPECIFIED.,.F.,.F.,(4,1,1,1,1,1,1,1,1,1,1,1,1,1,1,4),
(0.,0.0694286333887778,0.138472846119287,0.207130479203923,0.275399335242405,
0.343277176664505,0.410761723555439,0.477850650796235,0.544541584002424,
0.610832093187461,0.676719681703929,0.742201764174455,0.807275614357098,
0.871938209084109,0.936185527653549,1.),.UNSPECIFIED.);
#184=CIRCLE('',#5620,0.00337499999999846);
#185=CIRCLE('',#5621,0.00337500000000227);
#186=CIRCLE('',#5622,0.00337499999999971);
#187=CIRCLE('',#5623,0.00337499999999943);
#188=CIRCLE('',#5624,0.00337500000000019);
#189=CIRCLE('',#5625,0.00337500000000049);
#190=CIRCLE('',#5626,0.00337499999999991);
#191=CIRCLE('',#5627,0.00337499999999847);
#192=CIRCLE('',#5628,0.00337500000000022);
#193=CIRCLE('',#5629,0.00337500000000024);
#194=CIRCLE('',#5630,0.00337500000000014);
#195=CIRCLE('',#5631,0.00337499999999743);
#196=CIRCLE('',#5632,0.00337499999999858);
#197=CIRCLE('',#5633,0.0033750000000054);
#198=CIRCLE('',#5634,0.00337500000000008);
#199=CIRCLE('',#5635,0.00337500000000558);
#200=CIRCLE('',#5636,0.00244999999998838);
#201=CIRCLE('',#5637,0.00244999999997282);
#202=CIRCLE('',#5638,0.00244999999998604);
#203=CIRCLE('',#5639,0.00244999999998847);
#204=CIRCLE('',#5640,0.00245000000000124);
#205=CIRCLE('',#5641,0.00245000000001555);
#206=CIRCLE('',#5642,0.00245000000001036);
#207=CIRCLE('',#5643,0.00245000000001981);
#208=CIRCLE('',#5644,0.00245000000002086);
#209=CIRCLE('',#5645,0.00244999999999442);
#210=CIRCLE('',#5646,0.00245000000011599);
#211=CIRCLE('',#5647,0.00244999999999968);
#212=CIRCLE('',#5648,0.00244999999991297);
#213=CIRCLE('',#5649,0.00245000000009694);
#214=CIRCLE('',#5650,0.00245000000015565);
#215=CIRCLE('',#5651,0.00244999999995508);
#216=CIRCLE('',#5652,0.00245000000018339);
#217=CIRCLE('',#5653,0.00245000000021651);
#218=CIRCLE('',#5654,0.00245000000031859);
#219=CIRCLE('',#5655,0.00245000000004869);
#220=CIRCLE('',#5656,0.00245000000004869);
#221=CIRCLE('',#5657,0.00245000000031668);
#222=CIRCLE('',#5658,0.00245000000021624);
#223=CIRCLE('',#5659,0.00245000000018334);
#224=CIRCLE('',#5660,0.00244999999995521);
#225=CIRCLE('',#5661,0.00245000000015565);
#226=CIRCLE('',#5662,0.00245000000020435);
#227=CIRCLE('',#5663,0.00244999999991225);
#228=CIRCLE('',#5664,0.0024500000000819);
#229=CIRCLE('',#5665,0.00244999999996528);
#230=CIRCLE('',#5666,0.00244999999998875);
#231=CIRCLE('',#5667,0.00245000000001691);
#232=CIRCLE('',#5668,0.00244999999998108);
#233=CIRCLE('',#5669,0.00245000000003883);
#234=CIRCLE('',#5670,0.00245000000001128);
#235=CIRCLE('',#5671,0.00244999999998912);
#236=CIRCLE('',#5672,0.00244999999999268);
#237=CIRCLE('',#5673,0.00244999999999014);
#238=CIRCLE('',#5674,0.00244999999996879);
#239=CIRCLE('',#5675,0.00244999999999062);
#240=CIRCLE('',#5676,0.00244999999988928);
#241=CIRCLE('',#5677,0.00244999999991183);
#242=CIRCLE('',#5678,0.00244999999981564);
#243=CIRCLE('',#5679,0.0024499999999945);
#244=CIRCLE('',#5680,0.0024499999999286);
#245=CIRCLE('',#5681,0.00244999999995521);
#246=CIRCLE('',#5682,0.00244999999967232);
#247=CIRCLE('',#5683,0.0024499999996874);
#248=CIRCLE('',#5684,0.00245000000004972);
#249=CIRCLE('',#5685,0.00244999999977515);
#250=CIRCLE('',#5686,0.00244999999977607);
#251=CIRCLE('',#5687,0.00245000000005093);
#252=CIRCLE('',#5688,0.00245000000008725);
#253=CIRCLE('',#5689,0.0024499999996725);
#254=CIRCLE('',#5690,0.00244999999983162);
#255=CIRCLE('',#5691,0.00244999999992909);
#256=CIRCLE('',#5692,0.00244999999999458);
#257=CIRCLE('',#5693,0.00244999999991229);
#258=CIRCLE('',#5694,0.00244999999999972);
#259=CIRCLE('',#5695,0.00244999999988934);
#260=CIRCLE('',#5698,0.00337499999999846);
#261=CIRCLE('',#5703,0.00337500000000227);
#262=CIRCLE('',#5708,0.00337499999999971);
#263=CIRCLE('',#5713,0.00337499999999943);
#264=CIRCLE('',#5718,0.00337500000000019);
#265=CIRCLE('',#5723,0.00337500000000049);
#266=CIRCLE('',#5728,0.00337499999999991);
#267=CIRCLE('',#5733,0.00337499999999847);
#268=CIRCLE('',#5738,0.00337500000000022);
#269=CIRCLE('',#5743,0.00337500000000024);
#270=CIRCLE('',#5748,0.00337500000000014);
#271=CIRCLE('',#5753,0.00337499999999743);
#272=CIRCLE('',#5758,0.00337499999999858);
#273=CIRCLE('',#5763,0.0033750000000054);
#274=CIRCLE('',#5768,0.00337500000000008);
#275=CIRCLE('',#5773,0.00337500000000558);
#276=CIRCLE('',#5779,0.00244999999998838);
#277=CIRCLE('',#5783,0.00244999999988934);
#278=CIRCLE('',#5787,0.00244999999999972);
#279=CIRCLE('',#5791,0.00244999999991229);
#280=CIRCLE('',#5795,0.00244999999999458);
#281=CIRCLE('',#5799,0.00244999999992909);
#282=CIRCLE('',#5803,0.00244999999983162);
#283=CIRCLE('',#5807,0.0024499999996725);
#284=CIRCLE('',#5811,0.00245000000008725);
#285=CIRCLE('',#5815,0.00245000000005093);
#286=CIRCLE('',#5819,0.00244999999977607);
#287=CIRCLE('',#5823,0.00244999999977515);
#288=CIRCLE('',#5827,0.00245000000004972);
#289=CIRCLE('',#5831,0.0024499999996874);
#290=CIRCLE('',#5835,0.00244999999967232);
#291=CIRCLE('',#5839,0.00244999999995521);
#292=CIRCLE('',#5843,0.0024499999999286);
#293=CIRCLE('',#5847,0.0024499999999945);
#294=CIRCLE('',#5851,0.00244999999981564);
#295=CIRCLE('',#5855,0.00244999999991183);
#296=CIRCLE('',#5859,0.00244999999988928);
#297=CIRCLE('',#5863,0.00244999999999062);
#298=CIRCLE('',#5867,0.00244999999996879);
#299=CIRCLE('',#5871,0.00244999999999014);
#300=CIRCLE('',#5875,0.00244999999999268);
#301=CIRCLE('',#5879,0.00244999999998912);
#302=CIRCLE('',#5883,0.00245000000001128);
#303=CIRCLE('',#5887,0.00245000000003883);
#304=CIRCLE('',#5891,0.00244999999998108);
#305=CIRCLE('',#5895,0.00245000000001691);
#306=CIRCLE('',#5899,0.00244999999998875);
#307=CIRCLE('',#5903,0.00244999999996528);
#308=CIRCLE('',#5907,0.0024500000000819);
#309=CIRCLE('',#5911,0.00244999999991225);
#310=CIRCLE('',#5915,0.00245000000020435);
#311=CIRCLE('',#5919,0.00245000000015565);
#312=CIRCLE('',#5923,0.00244999999995521);
#313=CIRCLE('',#5927,0.00245000000018334);
#314=CIRCLE('',#5931,0.00245000000021624);
#315=CIRCLE('',#5935,0.00245000000031668);
#316=CIRCLE('',#5939,0.00245000000004869);
#317=CIRCLE('',#5943,0.00245000000004869);
#318=CIRCLE('',#5947,0.00245000000031859);
#319=CIRCLE('',#5951,0.00245000000021651);
#320=CIRCLE('',#5955,0.00245000000018339);
#321=CIRCLE('',#5959,0.00244999999995508);
#322=CIRCLE('',#5963,0.00245000000015565);
#323=CIRCLE('',#5967,0.00245000000009694);
#324=CIRCLE('',#5971,0.00244999999991297);
#325=CIRCLE('',#5975,0.00244999999999968);
#326=CIRCLE('',#5979,0.00245000000011599);
#327=CIRCLE('',#5983,0.00244999999999442);
#328=CIRCLE('',#5987,0.00245000000002086);
#329=CIRCLE('',#5991,0.00245000000001981);
#330=CIRCLE('',#5995,0.00245000000001036);
#331=CIRCLE('',#5999,0.00245000000001555);
#332=CIRCLE('',#6003,0.00245000000000124);
#333=CIRCLE('',#6007,0.00244999999998847);
#334=CIRCLE('',#6011,0.00244999999998604);
#335=CIRCLE('',#6015,0.00244999999997282);
#336=ORIENTED_EDGE('',*,*,#1992,.T.);
#337=ORIENTED_EDGE('',*,*,#1993,.T.);
#338=ORIENTED_EDGE('',*,*,#1994,.T.);
#339=ORIENTED_EDGE('',*,*,#1995,.T.);
#340=ORIENTED_EDGE('',*,*,#1996,.T.);
#341=ORIENTED_EDGE('',*,*,#1997,.T.);
#342=ORIENTED_EDGE('',*,*,#1998,.T.);
#343=ORIENTED_EDGE('',*,*,#1999,.T.);
#344=ORIENTED_EDGE('',*,*,#2000,.T.);
#345=ORIENTED_EDGE('',*,*,#2001,.T.);
#346=ORIENTED_EDGE('',*,*,#2002,.T.);
#347=ORIENTED_EDGE('',*,*,#2003,.T.);
#348=ORIENTED_EDGE('',*,*,#2004,.T.);
#349=ORIENTED_EDGE('',*,*,#2005,.T.);
#350=ORIENTED_EDGE('',*,*,#2006,.T.);
#351=ORIENTED_EDGE('',*,*,#2007,.T.);
#352=ORIENTED_EDGE('',*,*,#2008,.T.);
#353=ORIENTED_EDGE('',*,*,#2009,.T.);
#354=ORIENTED_EDGE('',*,*,#2010,.T.);
#355=ORIENTED_EDGE('',*,*,#2011,.T.);
#356=ORIENTED_EDGE('',*,*,#2012,.T.);
#357=ORIENTED_EDGE('',*,*,#2013,.T.);
#358=ORIENTED_EDGE('',*,*,#2014,.T.);
#359=ORIENTED_EDGE('',*,*,#2015,.T.);
#360=ORIENTED_EDGE('',*,*,#2016,.T.);
#361=ORIENTED_EDGE('',*,*,#2017,.T.);
#362=ORIENTED_EDGE('',*,*,#2018,.T.);
#363=ORIENTED_EDGE('',*,*,#2019,.T.);
#364=ORIENTED_EDGE('',*,*,#2020,.T.);
#365=ORIENTED_EDGE('',*,*,#2021,.T.);
#366=ORIENTED_EDGE('',*,*,#2022,.T.);
#367=ORIENTED_EDGE('',*,*,#2023,.T.);
#368=ORIENTED_EDGE('',*,*,#2024,.T.);
#369=ORIENTED_EDGE('',*,*,#2025,.T.);
#370=ORIENTED_EDGE('',*,*,#2026,.T.);
#371=ORIENTED_EDGE('',*,*,#2027,.T.);
#372=ORIENTED_EDGE('',*,*,#2028,.T.);
#373=ORIENTED_EDGE('',*,*,#2029,.T.);
#374=ORIENTED_EDGE('',*,*,#2030,.T.);
#375=ORIENTED_EDGE('',*,*,#2031,.T.);
#376=ORIENTED_EDGE('',*,*,#2032,.T.);
#377=ORIENTED_EDGE('',*,*,#2033,.T.);
#378=ORIENTED_EDGE('',*,*,#2034,.T.);
#379=ORIENTED_EDGE('',*,*,#2035,.T.);
#380=ORIENTED_EDGE('',*,*,#2036,.T.);
#381=ORIENTED_EDGE('',*,*,#2037,.T.);
#382=ORIENTED_EDGE('',*,*,#2038,.T.);
#383=ORIENTED_EDGE('',*,*,#2039,.T.);
#384=ORIENTED_EDGE('',*,*,#2040,.T.);
#385=ORIENTED_EDGE('',*,*,#2041,.T.);
#386=ORIENTED_EDGE('',*,*,#2042,.T.);
#387=ORIENTED_EDGE('',*,*,#2043,.T.);
#388=ORIENTED_EDGE('',*,*,#2044,.T.);
#389=ORIENTED_EDGE('',*,*,#2045,.T.);
#390=ORIENTED_EDGE('',*,*,#2046,.T.);
#391=ORIENTED_EDGE('',*,*,#2047,.T.);
#392=ORIENTED_EDGE('',*,*,#2048,.T.);
#393=ORIENTED_EDGE('',*,*,#2049,.T.);
#394=ORIENTED_EDGE('',*,*,#2050,.T.);
#395=ORIENTED_EDGE('',*,*,#2051,.T.);
#396=ORIENTED_EDGE('',*,*,#2052,.T.);
#397=ORIENTED_EDGE('',*,*,#2053,.T.);
#398=ORIENTED_EDGE('',*,*,#2054,.T.);
#399=ORIENTED_EDGE('',*,*,#2055,.T.);
#400=ORIENTED_EDGE('',*,*,#2056,.T.);
#401=ORIENTED_EDGE('',*,*,#2057,.T.);
#402=ORIENTED_EDGE('',*,*,#2058,.T.);
#403=ORIENTED_EDGE('',*,*,#2059,.T.);
#404=ORIENTED_EDGE('',*,*,#2060,.T.);
#405=ORIENTED_EDGE('',*,*,#2061,.T.);
#406=ORIENTED_EDGE('',*,*,#2062,.T.);
#407=ORIENTED_EDGE('',*,*,#2063,.T.);
#408=ORIENTED_EDGE('',*,*,#2064,.T.);
#409=ORIENTED_EDGE('',*,*,#2065,.T.);
#410=ORIENTED_EDGE('',*,*,#2066,.T.);
#411=ORIENTED_EDGE('',*,*,#2067,.T.);
#412=ORIENTED_EDGE('',*,*,#2068,.T.);
#413=ORIENTED_EDGE('',*,*,#2069,.T.);
#414=ORIENTED_EDGE('',*,*,#2070,.T.);
#415=ORIENTED_EDGE('',*,*,#2071,.T.);
#416=ORIENTED_EDGE('',*,*,#2072,.T.);
#417=ORIENTED_EDGE('',*,*,#2073,.T.);
#418=ORIENTED_EDGE('',*,*,#2074,.T.);
#419=ORIENTED_EDGE('',*,*,#2075,.T.);
#420=ORIENTED_EDGE('',*,*,#2076,.T.);
#421=ORIENTED_EDGE('',*,*,#2077,.T.);
#422=ORIENTED_EDGE('',*,*,#2078,.T.);
#423=ORIENTED_EDGE('',*,*,#2079,.T.);
#424=ORIENTED_EDGE('',*,*,#2080,.T.);
#425=ORIENTED_EDGE('',*,*,#2081,.T.);
#426=ORIENTED_EDGE('',*,*,#2082,.T.);
#427=ORIENTED_EDGE('',*,*,#2083,.T.);
#428=ORIENTED_EDGE('',*,*,#2084,.T.);
#429=ORIENTED_EDGE('',*,*,#2085,.T.);
#430=ORIENTED_EDGE('',*,*,#2086,.T.);
#431=ORIENTED_EDGE('',*,*,#2087,.T.);
#432=ORIENTED_EDGE('',*,*,#2088,.F.);
#433=ORIENTED_EDGE('',*,*,#2089,.T.);
#434=ORIENTED_EDGE('',*,*,#2090,.T.);
#435=ORIENTED_EDGE('',*,*,#2091,.F.);
#436=ORIENTED_EDGE('',*,*,#2092,.T.);
#437=ORIENTED_EDGE('',*,*,#2093,.T.);
#438=ORIENTED_EDGE('',*,*,#2094,.F.);
#439=ORIENTED_EDGE('',*,*,#2095,.T.);
#440=ORIENTED_EDGE('',*,*,#2096,.T.);
#441=ORIENTED_EDGE('',*,*,#2097,.F.);
#442=ORIENTED_EDGE('',*,*,#2098,.T.);
#443=ORIENTED_EDGE('',*,*,#2099,.T.);
#444=ORIENTED_EDGE('',*,*,#2100,.F.);
#445=ORIENTED_EDGE('',*,*,#2101,.T.);
#446=ORIENTED_EDGE('',*,*,#2102,.T.);
#447=ORIENTED_EDGE('',*,*,#2103,.F.);
#448=ORIENTED_EDGE('',*,*,#2104,.T.);
#449=ORIENTED_EDGE('',*,*,#2105,.T.);
#450=ORIENTED_EDGE('',*,*,#2106,.F.);
#451=ORIENTED_EDGE('',*,*,#2107,.T.);
#452=ORIENTED_EDGE('',*,*,#2108,.T.);
#453=ORIENTED_EDGE('',*,*,#2109,.F.);
#454=ORIENTED_EDGE('',*,*,#2110,.T.);
#455=ORIENTED_EDGE('',*,*,#2111,.T.);
#456=ORIENTED_EDGE('',*,*,#2112,.F.);
#457=ORIENTED_EDGE('',*,*,#2113,.T.);
#458=ORIENTED_EDGE('',*,*,#2114,.T.);
#459=ORIENTED_EDGE('',*,*,#2115,.F.);
#460=ORIENTED_EDGE('',*,*,#2116,.T.);
#461=ORIENTED_EDGE('',*,*,#2117,.T.);
#462=ORIENTED_EDGE('',*,*,#2118,.F.);
#463=ORIENTED_EDGE('',*,*,#2119,.T.);
#464=ORIENTED_EDGE('',*,*,#2120,.T.);
#465=ORIENTED_EDGE('',*,*,#2121,.F.);
#466=ORIENTED_EDGE('',*,*,#2122,.T.);
#467=ORIENTED_EDGE('',*,*,#2123,.T.);
#468=ORIENTED_EDGE('',*,*,#2124,.F.);
#469=ORIENTED_EDGE('',*,*,#2125,.T.);
#470=ORIENTED_EDGE('',*,*,#2126,.T.);
#471=ORIENTED_EDGE('',*,*,#2127,.F.);
#472=ORIENTED_EDGE('',*,*,#2128,.T.);
#473=ORIENTED_EDGE('',*,*,#2129,.T.);
#474=ORIENTED_EDGE('',*,*,#2130,.F.);
#475=ORIENTED_EDGE('',*,*,#2131,.T.);
#476=ORIENTED_EDGE('',*,*,#2132,.T.);
#477=ORIENTED_EDGE('',*,*,#2133,.F.);
#478=ORIENTED_EDGE('',*,*,#2134,.T.);
#479=ORIENTED_EDGE('',*,*,#2135,.T.);
#480=ORIENTED_EDGE('',*,*,#2136,.F.);
#481=ORIENTED_EDGE('',*,*,#2137,.T.);
#482=ORIENTED_EDGE('',*,*,#2138,.T.);
#483=ORIENTED_EDGE('',*,*,#2139,.F.);
#484=ORIENTED_EDGE('',*,*,#2140,.T.);
#485=ORIENTED_EDGE('',*,*,#2141,.T.);
#486=ORIENTED_EDGE('',*,*,#2142,.F.);
#487=ORIENTED_EDGE('',*,*,#2143,.T.);
#488=ORIENTED_EDGE('',*,*,#2144,.T.);
#489=ORIENTED_EDGE('',*,*,#2145,.F.);
#490=ORIENTED_EDGE('',*,*,#2146,.T.);
#491=ORIENTED_EDGE('',*,*,#2147,.T.);
#492=ORIENTED_EDGE('',*,*,#2148,.F.);
#493=ORIENTED_EDGE('',*,*,#2149,.T.);
#494=ORIENTED_EDGE('',*,*,#2150,.T.);
#495=ORIENTED_EDGE('',*,*,#2151,.F.);
#496=ORIENTED_EDGE('',*,*,#2152,.T.);
#497=ORIENTED_EDGE('',*,*,#2153,.T.);
#498=ORIENTED_EDGE('',*,*,#2154,.F.);
#499=ORIENTED_EDGE('',*,*,#2155,.T.);
#500=ORIENTED_EDGE('',*,*,#2156,.T.);
#501=ORIENTED_EDGE('',*,*,#2157,.F.);
#502=ORIENTED_EDGE('',*,*,#2158,.T.);
#503=ORIENTED_EDGE('',*,*,#2159,.T.);
#504=ORIENTED_EDGE('',*,*,#2160,.F.);
#505=ORIENTED_EDGE('',*,*,#2161,.T.);
#506=ORIENTED_EDGE('',*,*,#2162,.T.);
#507=ORIENTED_EDGE('',*,*,#2163,.F.);
#508=ORIENTED_EDGE('',*,*,#2164,.T.);
#509=ORIENTED_EDGE('',*,*,#2165,.T.);
#510=ORIENTED_EDGE('',*,*,#2166,.F.);
#511=ORIENTED_EDGE('',*,*,#2167,.T.);
#512=ORIENTED_EDGE('',*,*,#2168,.T.);
#513=ORIENTED_EDGE('',*,*,#2169,.F.);
#514=ORIENTED_EDGE('',*,*,#2170,.T.);
#515=ORIENTED_EDGE('',*,*,#2171,.T.);
#516=ORIENTED_EDGE('',*,*,#2172,.F.);
#517=ORIENTED_EDGE('',*,*,#2173,.T.);
#518=ORIENTED_EDGE('',*,*,#2174,.T.);
#519=ORIENTED_EDGE('',*,*,#2175,.F.);
#520=ORIENTED_EDGE('',*,*,#2176,.T.);
#521=ORIENTED_EDGE('',*,*,#2177,.T.);
#522=ORIENTED_EDGE('',*,*,#2178,.F.);
#523=ORIENTED_EDGE('',*,*,#2179,.T.);
#524=ORIENTED_EDGE('',*,*,#2180,.T.);
#525=ORIENTED_EDGE('',*,*,#2181,.F.);
#526=ORIENTED_EDGE('',*,*,#2182,.T.);
#527=ORIENTED_EDGE('',*,*,#2183,.T.);
#528=ORIENTED_EDGE('',*,*,#2184,.F.);
#529=ORIENTED_EDGE('',*,*,#2185,.T.);
#530=ORIENTED_EDGE('',*,*,#2186,.T.);
#531=ORIENTED_EDGE('',*,*,#2187,.F.);
#532=ORIENTED_EDGE('',*,*,#2188,.T.);
#533=ORIENTED_EDGE('',*,*,#2189,.T.);
#534=ORIENTED_EDGE('',*,*,#2190,.F.);
#535=ORIENTED_EDGE('',*,*,#2191,.T.);
#536=ORIENTED_EDGE('',*,*,#2192,.T.);
#537=ORIENTED_EDGE('',*,*,#2193,.F.);
#538=ORIENTED_EDGE('',*,*,#2194,.T.);
#539=ORIENTED_EDGE('',*,*,#2195,.T.);
#540=ORIENTED_EDGE('',*,*,#2196,.F.);
#541=ORIENTED_EDGE('',*,*,#2197,.T.);
#542=ORIENTED_EDGE('',*,*,#2198,.T.);
#543=ORIENTED_EDGE('',*,*,#2199,.F.);
#544=ORIENTED_EDGE('',*,*,#2200,.T.);
#545=ORIENTED_EDGE('',*,*,#2201,.T.);
#546=ORIENTED_EDGE('',*,*,#2202,.F.);
#547=ORIENTED_EDGE('',*,*,#2203,.T.);
#548=ORIENTED_EDGE('',*,*,#2204,.T.);
#549=ORIENTED_EDGE('',*,*,#2205,.F.);
#550=ORIENTED_EDGE('',*,*,#2206,.T.);
#551=ORIENTED_EDGE('',*,*,#2207,.T.);
#552=ORIENTED_EDGE('',*,*,#2208,.F.);
#553=ORIENTED_EDGE('',*,*,#2209,.T.);
#554=ORIENTED_EDGE('',*,*,#2210,.T.);
#555=ORIENTED_EDGE('',*,*,#2211,.F.);
#556=ORIENTED_EDGE('',*,*,#2212,.T.);
#557=ORIENTED_EDGE('',*,*,#2213,.T.);
#558=ORIENTED_EDGE('',*,*,#2214,.F.);
#559=ORIENTED_EDGE('',*,*,#2215,.T.);
#560=ORIENTED_EDGE('',*,*,#2216,.T.);
#561=ORIENTED_EDGE('',*,*,#2217,.F.);
#562=ORIENTED_EDGE('',*,*,#2218,.T.);
#563=ORIENTED_EDGE('',*,*,#2219,.T.);
#564=ORIENTED_EDGE('',*,*,#2220,.F.);
#565=ORIENTED_EDGE('',*,*,#2221,.T.);
#566=ORIENTED_EDGE('',*,*,#2222,.T.);
#567=ORIENTED_EDGE('',*,*,#2223,.F.);
#568=ORIENTED_EDGE('',*,*,#2224,.T.);
#569=ORIENTED_EDGE('',*,*,#2225,.T.);
#570=ORIENTED_EDGE('',*,*,#2226,.F.);
#571=ORIENTED_EDGE('',*,*,#2227,.T.);
#572=ORIENTED_EDGE('',*,*,#2228,.T.);
#573=ORIENTED_EDGE('',*,*,#2229,.F.);
#574=ORIENTED_EDGE('',*,*,#2230,.T.);
#575=ORIENTED_EDGE('',*,*,#2231,.T.);
#576=ORIENTED_EDGE('',*,*,#2232,.F.);
#577=ORIENTED_EDGE('',*,*,#2233,.T.);
#578=ORIENTED_EDGE('',*,*,#2234,.T.);
#579=ORIENTED_EDGE('',*,*,#2235,.F.);
#580=ORIENTED_EDGE('',*,*,#2236,.T.);
#581=ORIENTED_EDGE('',*,*,#2237,.T.);
#582=ORIENTED_EDGE('',*,*,#2238,.F.);
#583=ORIENTED_EDGE('',*,*,#2239,.T.);
#584=ORIENTED_EDGE('',*,*,#2240,.T.);
#585=ORIENTED_EDGE('',*,*,#2241,.F.);
#586=ORIENTED_EDGE('',*,*,#2242,.T.);
#587=ORIENTED_EDGE('',*,*,#2243,.T.);
#588=ORIENTED_EDGE('',*,*,#2244,.F.);
#589=ORIENTED_EDGE('',*,*,#2245,.T.);
#590=ORIENTED_EDGE('',*,*,#2246,.T.);
#591=ORIENTED_EDGE('',*,*,#2247,.F.);
#592=ORIENTED_EDGE('',*,*,#2248,.T.);
#593=ORIENTED_EDGE('',*,*,#2249,.T.);
#594=ORIENTED_EDGE('',*,*,#2250,.F.);
#595=ORIENTED_EDGE('',*,*,#2251,.T.);
#596=ORIENTED_EDGE('',*,*,#2252,.T.);
#597=ORIENTED_EDGE('',*,*,#2253,.F.);
#598=ORIENTED_EDGE('',*,*,#2254,.T.);
#599=ORIENTED_EDGE('',*,*,#2255,.T.);
#600=ORIENTED_EDGE('',*,*,#2256,.F.);
#601=ORIENTED_EDGE('',*,*,#2257,.T.);
#602=ORIENTED_EDGE('',*,*,#2258,.T.);
#603=ORIENTED_EDGE('',*,*,#2259,.F.);
#604=ORIENTED_EDGE('',*,*,#2260,.T.);
#605=ORIENTED_EDGE('',*,*,#2261,.T.);
#606=ORIENTED_EDGE('',*,*,#2262,.F.);
#607=ORIENTED_EDGE('',*,*,#2263,.T.);
#608=ORIENTED_EDGE('',*,*,#2264,.T.);
#609=ORIENTED_EDGE('',*,*,#2265,.F.);
#610=ORIENTED_EDGE('',*,*,#2266,.T.);
#611=ORIENTED_EDGE('',*,*,#2267,.T.);
#612=ORIENTED_EDGE('',*,*,#2268,.T.);
#613=ORIENTED_EDGE('',*,*,#2269,.F.);
#614=ORIENTED_EDGE('',*,*,#1992,.F.);
#615=ORIENTED_EDGE('',*,*,#2270,.T.);
#616=ORIENTED_EDGE('',*,*,#2271,.T.);
#617=ORIENTED_EDGE('',*,*,#2272,.F.);
#618=ORIENTED_EDGE('',*,*,#1993,.F.);
#619=ORIENTED_EDGE('',*,*,#2269,.T.);
#620=ORIENTED_EDGE('',*,*,#2273,.T.);
#621=ORIENTED_EDGE('',*,*,#2274,.F.);
#622=ORIENTED_EDGE('',*,*,#1994,.F.);
#623=ORIENTED_EDGE('',*,*,#2272,.T.);
#624=ORIENTED_EDGE('',*,*,#2275,.T.);
#625=ORIENTED_EDGE('',*,*,#2276,.F.);
#626=ORIENTED_EDGE('',*,*,#1995,.F.);
#627=ORIENTED_EDGE('',*,*,#2274,.T.);
#628=ORIENTED_EDGE('',*,*,#2277,.T.);
#629=ORIENTED_EDGE('',*,*,#2278,.F.);
#630=ORIENTED_EDGE('',*,*,#1996,.F.);
#631=ORIENTED_EDGE('',*,*,#2276,.T.);
#632=ORIENTED_EDGE('',*,*,#2279,.T.);
#633=ORIENTED_EDGE('',*,*,#2280,.F.);
#634=ORIENTED_EDGE('',*,*,#1997,.F.);
#635=ORIENTED_EDGE('',*,*,#2278,.T.);
#636=ORIENTED_EDGE('',*,*,#2281,.T.);
#637=ORIENTED_EDGE('',*,*,#2282,.F.);
#638=ORIENTED_EDGE('',*,*,#1998,.F.);
#639=ORIENTED_EDGE('',*,*,#2280,.T.);
#640=ORIENTED_EDGE('',*,*,#2283,.T.);
#641=ORIENTED_EDGE('',*,*,#2284,.F.);
#642=ORIENTED_EDGE('',*,*,#1999,.F.);
#643=ORIENTED_EDGE('',*,*,#2282,.T.);
#644=ORIENTED_EDGE('',*,*,#2285,.T.);
#645=ORIENTED_EDGE('',*,*,#2286,.F.);
#646=ORIENTED_EDGE('',*,*,#2000,.F.);
#647=ORIENTED_EDGE('',*,*,#2284,.T.);
#648=ORIENTED_EDGE('',*,*,#2287,.T.);
#649=ORIENTED_EDGE('',*,*,#2288,.F.);
#650=ORIENTED_EDGE('',*,*,#2001,.F.);
#651=ORIENTED_EDGE('',*,*,#2286,.T.);
#652=ORIENTED_EDGE('',*,*,#2289,.T.);
#653=ORIENTED_EDGE('',*,*,#2290,.F.);
#654=ORIENTED_EDGE('',*,*,#2002,.F.);
#655=ORIENTED_EDGE('',*,*,#2288,.T.);
#656=ORIENTED_EDGE('',*,*,#2291,.T.);
#657=ORIENTED_EDGE('',*,*,#2292,.F.);
#658=ORIENTED_EDGE('',*,*,#2003,.F.);
#659=ORIENTED_EDGE('',*,*,#2290,.T.);
#660=ORIENTED_EDGE('',*,*,#2293,.T.);
#661=ORIENTED_EDGE('',*,*,#2294,.F.);
#662=ORIENTED_EDGE('',*,*,#2004,.F.);
#663=ORIENTED_EDGE('',*,*,#2292,.T.);
#664=ORIENTED_EDGE('',*,*,#2295,.T.);
#665=ORIENTED_EDGE('',*,*,#2296,.F.);
#666=ORIENTED_EDGE('',*,*,#2005,.F.);
#667=ORIENTED_EDGE('',*,*,#2294,.T.);
#668=ORIENTED_EDGE('',*,*,#2297,.T.);
#669=ORIENTED_EDGE('',*,*,#2298,.F.);
#670=ORIENTED_EDGE('',*,*,#2006,.F.);
#671=ORIENTED_EDGE('',*,*,#2296,.T.);
#672=ORIENTED_EDGE('',*,*,#2299,.T.);
#673=ORIENTED_EDGE('',*,*,#2300,.F.);
#674=ORIENTED_EDGE('',*,*,#2007,.F.);
#675=ORIENTED_EDGE('',*,*,#2298,.T.);
#676=ORIENTED_EDGE('',*,*,#2301,.T.);
#677=ORIENTED_EDGE('',*,*,#2302,.F.);
#678=ORIENTED_EDGE('',*,*,#2008,.F.);
#679=ORIENTED_EDGE('',*,*,#2300,.T.);
#680=ORIENTED_EDGE('',*,*,#2303,.T.);
#681=ORIENTED_EDGE('',*,*,#2304,.F.);
#682=ORIENTED_EDGE('',*,*,#2009,.F.);
#683=ORIENTED_EDGE('',*,*,#2302,.T.);
#684=ORIENTED_EDGE('',*,*,#2305,.T.);
#685=ORIENTED_EDGE('',*,*,#2306,.F.);
#686=ORIENTED_EDGE('',*,*,#2010,.F.);
#687=ORIENTED_EDGE('',*,*,#2304,.T.);
#688=ORIENTED_EDGE('',*,*,#2307,.T.);
#689=ORIENTED_EDGE('',*,*,#2308,.F.);
#690=ORIENTED_EDGE('',*,*,#2011,.F.);
#691=ORIENTED_EDGE('',*,*,#2306,.T.);
#692=ORIENTED_EDGE('',*,*,#2309,.T.);
#693=ORIENTED_EDGE('',*,*,#2310,.F.);
#694=ORIENTED_EDGE('',*,*,#2012,.F.);
#695=ORIENTED_EDGE('',*,*,#2308,.T.);
#696=ORIENTED_EDGE('',*,*,#2311,.T.);
#697=ORIENTED_EDGE('',*,*,#2312,.F.);
#698=ORIENTED_EDGE('',*,*,#2013,.F.);
#699=ORIENTED_EDGE('',*,*,#2310,.T.);
#700=ORIENTED_EDGE('',*,*,#2313,.T.);
#701=ORIENTED_EDGE('',*,*,#2314,.F.);
#702=ORIENTED_EDGE('',*,*,#2014,.F.);
#703=ORIENTED_EDGE('',*,*,#2312,.T.);
#704=ORIENTED_EDGE('',*,*,#2315,.T.);
#705=ORIENTED_EDGE('',*,*,#2316,.F.);
#706=ORIENTED_EDGE('',*,*,#2015,.F.);
#707=ORIENTED_EDGE('',*,*,#2314,.T.);
#708=ORIENTED_EDGE('',*,*,#2317,.T.);
#709=ORIENTED_EDGE('',*,*,#2318,.F.);
#710=ORIENTED_EDGE('',*,*,#2016,.F.);
#711=ORIENTED_EDGE('',*,*,#2316,.T.);
#712=ORIENTED_EDGE('',*,*,#2319,.T.);
#713=ORIENTED_EDGE('',*,*,#2320,.F.);
#714=ORIENTED_EDGE('',*,*,#2017,.F.);
#715=ORIENTED_EDGE('',*,*,#2318,.T.);
#716=ORIENTED_EDGE('',*,*,#2321,.T.);
#717=ORIENTED_EDGE('',*,*,#2322,.F.);
#718=ORIENTED_EDGE('',*,*,#2018,.F.);
#719=ORIENTED_EDGE('',*,*,#2320,.T.);
#720=ORIENTED_EDGE('',*,*,#2323,.T.);
#721=ORIENTED_EDGE('',*,*,#2324,.F.);
#722=ORIENTED_EDGE('',*,*,#2019,.F.);
#723=ORIENTED_EDGE('',*,*,#2322,.T.);
#724=ORIENTED_EDGE('',*,*,#2325,.T.);
#725=ORIENTED_EDGE('',*,*,#2326,.F.);
#726=ORIENTED_EDGE('',*,*,#2020,.F.);
#727=ORIENTED_EDGE('',*,*,#2324,.T.);
#728=ORIENTED_EDGE('',*,*,#2327,.T.);
#729=ORIENTED_EDGE('',*,*,#2328,.F.);
#730=ORIENTED_EDGE('',*,*,#2021,.F.);
#731=ORIENTED_EDGE('',*,*,#2326,.T.);
#732=ORIENTED_EDGE('',*,*,#2329,.T.);
#733=ORIENTED_EDGE('',*,*,#2330,.F.);
#734=ORIENTED_EDGE('',*,*,#2022,.F.);
#735=ORIENTED_EDGE('',*,*,#2328,.T.);
#736=ORIENTED_EDGE('',*,*,#2331,.T.);
#737=ORIENTED_EDGE('',*,*,#2332,.F.);
#738=ORIENTED_EDGE('',*,*,#2023,.F.);
#739=ORIENTED_EDGE('',*,*,#2330,.T.);
#740=ORIENTED_EDGE('',*,*,#2333,.T.);
#741=ORIENTED_EDGE('',*,*,#2334,.F.);
#742=ORIENTED_EDGE('',*,*,#2024,.F.);
#743=ORIENTED_EDGE('',*,*,#2332,.T.);
#744=ORIENTED_EDGE('',*,*,#2335,.T.);
#745=ORIENTED_EDGE('',*,*,#2336,.F.);
#746=ORIENTED_EDGE('',*,*,#2025,.F.);
#747=ORIENTED_EDGE('',*,*,#2334,.T.);
#748=ORIENTED_EDGE('',*,*,#2337,.T.);
#749=ORIENTED_EDGE('',*,*,#2338,.F.);
#750=ORIENTED_EDGE('',*,*,#2026,.F.);
#751=ORIENTED_EDGE('',*,*,#2336,.T.);
#752=ORIENTED_EDGE('',*,*,#2339,.T.);
#753=ORIENTED_EDGE('',*,*,#2340,.F.);
#754=ORIENTED_EDGE('',*,*,#2027,.F.);
#755=ORIENTED_EDGE('',*,*,#2338,.T.);
#756=ORIENTED_EDGE('',*,*,#2341,.T.);
#757=ORIENTED_EDGE('',*,*,#2342,.F.);
#758=ORIENTED_EDGE('',*,*,#2028,.F.);
#759=ORIENTED_EDGE('',*,*,#2340,.T.);
#760=ORIENTED_EDGE('',*,*,#2343,.T.);
#761=ORIENTED_EDGE('',*,*,#2344,.F.);
#762=ORIENTED_EDGE('',*,*,#2029,.F.);
#763=ORIENTED_EDGE('',*,*,#2342,.T.);
#764=ORIENTED_EDGE('',*,*,#2345,.T.);
#765=ORIENTED_EDGE('',*,*,#2346,.F.);
#766=ORIENTED_EDGE('',*,*,#2030,.F.);
#767=ORIENTED_EDGE('',*,*,#2344,.T.);
#768=ORIENTED_EDGE('',*,*,#2347,.T.);
#769=ORIENTED_EDGE('',*,*,#2348,.F.);
#770=ORIENTED_EDGE('',*,*,#2031,.F.);
#771=ORIENTED_EDGE('',*,*,#2346,.T.);
#772=ORIENTED_EDGE('',*,*,#2349,.T.);
#773=ORIENTED_EDGE('',*,*,#2350,.F.);
#774=ORIENTED_EDGE('',*,*,#2032,.F.);
#775=ORIENTED_EDGE('',*,*,#2348,.T.);
#776=ORIENTED_EDGE('',*,*,#2351,.T.);
#777=ORIENTED_EDGE('',*,*,#2352,.F.);
#778=ORIENTED_EDGE('',*,*,#2033,.F.);
#779=ORIENTED_EDGE('',*,*,#2350,.T.);
#780=ORIENTED_EDGE('',*,*,#2353,.T.);
#781=ORIENTED_EDGE('',*,*,#2354,.F.);
#782=ORIENTED_EDGE('',*,*,#2034,.F.);
#783=ORIENTED_EDGE('',*,*,#2352,.T.);
#784=ORIENTED_EDGE('',*,*,#2355,.T.);
#785=ORIENTED_EDGE('',*,*,#2356,.F.);
#786=ORIENTED_EDGE('',*,*,#2035,.F.);
#787=ORIENTED_EDGE('',*,*,#2354,.T.);
#788=ORIENTED_EDGE('',*,*,#2357,.T.);
#789=ORIENTED_EDGE('',*,*,#2358,.F.);
#790=ORIENTED_EDGE('',*,*,#2036,.F.);
#791=ORIENTED_EDGE('',*,*,#2356,.T.);
#792=ORIENTED_EDGE('',*,*,#2359,.T.);
#793=ORIENTED_EDGE('',*,*,#2360,.F.);
#794=ORIENTED_EDGE('',*,*,#2037,.F.);
#795=ORIENTED_EDGE('',*,*,#2358,.T.);
#796=ORIENTED_EDGE('',*,*,#2361,.T.);
#797=ORIENTED_EDGE('',*,*,#2362,.F.);
#798=ORIENTED_EDGE('',*,*,#2038,.F.);
#799=ORIENTED_EDGE('',*,*,#2360,.T.);
#800=ORIENTED_EDGE('',*,*,#2363,.T.);
#801=ORIENTED_EDGE('',*,*,#2364,.F.);
#802=ORIENTED_EDGE('',*,*,#2039,.F.);
#803=ORIENTED_EDGE('',*,*,#2362,.T.);
#804=ORIENTED_EDGE('',*,*,#2365,.T.);
#805=ORIENTED_EDGE('',*,*,#2366,.F.);
#806=ORIENTED_EDGE('',*,*,#2040,.F.);
#807=ORIENTED_EDGE('',*,*,#2364,.T.);
#808=ORIENTED_EDGE('',*,*,#2367,.T.);
#809=ORIENTED_EDGE('',*,*,#2368,.F.);
#810=ORIENTED_EDGE('',*,*,#2041,.F.);
#811=ORIENTED_EDGE('',*,*,#2366,.T.);
#812=ORIENTED_EDGE('',*,*,#2369,.T.);
#813=ORIENTED_EDGE('',*,*,#2370,.F.);
#814=ORIENTED_EDGE('',*,*,#2042,.F.);
#815=ORIENTED_EDGE('',*,*,#2368,.T.);
#816=ORIENTED_EDGE('',*,*,#2371,.T.);
#817=ORIENTED_EDGE('',*,*,#2372,.F.);
#818=ORIENTED_EDGE('',*,*,#2043,.F.);
#819=ORIENTED_EDGE('',*,*,#2370,.T.);
#820=ORIENTED_EDGE('',*,*,#2373,.T.);
#821=ORIENTED_EDGE('',*,*,#2374,.F.);
#822=ORIENTED_EDGE('',*,*,#2044,.F.);
#823=ORIENTED_EDGE('',*,*,#2372,.T.);
#824=ORIENTED_EDGE('',*,*,#2375,.T.);
#825=ORIENTED_EDGE('',*,*,#2376,.F.);
#826=ORIENTED_EDGE('',*,*,#2045,.F.);
#827=ORIENTED_EDGE('',*,*,#2374,.T.);
#828=ORIENTED_EDGE('',*,*,#2377,.T.);
#829=ORIENTED_EDGE('',*,*,#2378,.F.);
#830=ORIENTED_EDGE('',*,*,#2046,.F.);
#831=ORIENTED_EDGE('',*,*,#2376,.T.);
#832=ORIENTED_EDGE('',*,*,#2379,.T.);
#833=ORIENTED_EDGE('',*,*,#2380,.F.);
#834=ORIENTED_EDGE('',*,*,#2047,.F.);
#835=ORIENTED_EDGE('',*,*,#2378,.T.);
#836=ORIENTED_EDGE('',*,*,#2381,.T.);
#837=ORIENTED_EDGE('',*,*,#2382,.F.);
#838=ORIENTED_EDGE('',*,*,#2048,.F.);
#839=ORIENTED_EDGE('',*,*,#2380,.T.);
#840=ORIENTED_EDGE('',*,*,#2383,.T.);
#841=ORIENTED_EDGE('',*,*,#2384,.F.);
#842=ORIENTED_EDGE('',*,*,#2049,.F.);
#843=ORIENTED_EDGE('',*,*,#2382,.T.);
#844=ORIENTED_EDGE('',*,*,#2385,.T.);
#845=ORIENTED_EDGE('',*,*,#2386,.F.);
#846=ORIENTED_EDGE('',*,*,#2050,.F.);
#847=ORIENTED_EDGE('',*,*,#2384,.T.);
#848=ORIENTED_EDGE('',*,*,#2387,.T.);
#849=ORIENTED_EDGE('',*,*,#2388,.F.);
#850=ORIENTED_EDGE('',*,*,#2051,.F.);
#851=ORIENTED_EDGE('',*,*,#2386,.T.);
#852=ORIENTED_EDGE('',*,*,#2389,.T.);
#853=ORIENTED_EDGE('',*,*,#2390,.F.);
#854=ORIENTED_EDGE('',*,*,#2052,.F.);
#855=ORIENTED_EDGE('',*,*,#2388,.T.);
#856=ORIENTED_EDGE('',*,*,#2391,.T.);
#857=ORIENTED_EDGE('',*,*,#2392,.F.);
#858=ORIENTED_EDGE('',*,*,#2053,.F.);
#859=ORIENTED_EDGE('',*,*,#2390,.T.);
#860=ORIENTED_EDGE('',*,*,#2393,.T.);
#861=ORIENTED_EDGE('',*,*,#2394,.F.);
#862=ORIENTED_EDGE('',*,*,#2054,.F.);
#863=ORIENTED_EDGE('',*,*,#2392,.T.);
#864=ORIENTED_EDGE('',*,*,#2395,.T.);
#865=ORIENTED_EDGE('',*,*,#2396,.F.);
#866=ORIENTED_EDGE('',*,*,#2055,.F.);
#867=ORIENTED_EDGE('',*,*,#2394,.T.);
#868=ORIENTED_EDGE('',*,*,#2397,.T.);
#869=ORIENTED_EDGE('',*,*,#2398,.F.);
#870=ORIENTED_EDGE('',*,*,#2056,.F.);
#871=ORIENTED_EDGE('',*,*,#2396,.T.);
#872=ORIENTED_EDGE('',*,*,#2399,.T.);
#873=ORIENTED_EDGE('',*,*,#2400,.F.);
#874=ORIENTED_EDGE('',*,*,#2057,.F.);
#875=ORIENTED_EDGE('',*,*,#2398,.T.);
#876=ORIENTED_EDGE('',*,*,#2401,.T.);
#877=ORIENTED_EDGE('',*,*,#2402,.F.);
#878=ORIENTED_EDGE('',*,*,#2058,.F.);
#879=ORIENTED_EDGE('',*,*,#2400,.T.);
#880=ORIENTED_EDGE('',*,*,#2403,.T.);
#881=ORIENTED_EDGE('',*,*,#2404,.F.);
#882=ORIENTED_EDGE('',*,*,#2059,.F.);
#883=ORIENTED_EDGE('',*,*,#2402,.T.);
#884=ORIENTED_EDGE('',*,*,#2405,.T.);
#885=ORIENTED_EDGE('',*,*,#2406,.F.);
#886=ORIENTED_EDGE('',*,*,#2060,.F.);
#887=ORIENTED_EDGE('',*,*,#2404,.T.);
#888=ORIENTED_EDGE('',*,*,#2407,.T.);
#889=ORIENTED_EDGE('',*,*,#2408,.F.);
#890=ORIENTED_EDGE('',*,*,#2061,.F.);
#891=ORIENTED_EDGE('',*,*,#2406,.T.);
#892=ORIENTED_EDGE('',*,*,#2409,.T.);
#893=ORIENTED_EDGE('',*,*,#2410,.F.);
#894=ORIENTED_EDGE('',*,*,#2062,.F.);
#895=ORIENTED_EDGE('',*,*,#2408,.T.);
#896=ORIENTED_EDGE('',*,*,#2411,.T.);
#897=ORIENTED_EDGE('',*,*,#2412,.F.);
#898=ORIENTED_EDGE('',*,*,#2063,.F.);
#899=ORIENTED_EDGE('',*,*,#2410,.T.);
#900=ORIENTED_EDGE('',*,*,#2413,.T.);
#901=ORIENTED_EDGE('',*,*,#2414,.F.);
#902=ORIENTED_EDGE('',*,*,#2064,.F.);
#903=ORIENTED_EDGE('',*,*,#2412,.T.);
#904=ORIENTED_EDGE('',*,*,#2415,.T.);
#905=ORIENTED_EDGE('',*,*,#2416,.F.);
#906=ORIENTED_EDGE('',*,*,#2065,.F.);
#907=ORIENTED_EDGE('',*,*,#2414,.T.);
#908=ORIENTED_EDGE('',*,*,#2417,.T.);
#909=ORIENTED_EDGE('',*,*,#2418,.F.);
#910=ORIENTED_EDGE('',*,*,#2066,.F.);
#911=ORIENTED_EDGE('',*,*,#2416,.T.);
#912=ORIENTED_EDGE('',*,*,#2419,.T.);
#913=ORIENTED_EDGE('',*,*,#2420,.F.);
#914=ORIENTED_EDGE('',*,*,#2067,.F.);
#915=ORIENTED_EDGE('',*,*,#2418,.T.);
#916=ORIENTED_EDGE('',*,*,#2421,.T.);
#917=ORIENTED_EDGE('',*,*,#2422,.F.);
#918=ORIENTED_EDGE('',*,*,#2068,.F.);
#919=ORIENTED_EDGE('',*,*,#2420,.T.);
#920=ORIENTED_EDGE('',*,*,#2423,.T.);
#921=ORIENTED_EDGE('',*,*,#2424,.F.);
#922=ORIENTED_EDGE('',*,*,#2069,.F.);
#923=ORIENTED_EDGE('',*,*,#2422,.T.);
#924=ORIENTED_EDGE('',*,*,#2425,.T.);
#925=ORIENTED_EDGE('',*,*,#2426,.F.);
#926=ORIENTED_EDGE('',*,*,#2070,.F.);
#927=ORIENTED_EDGE('',*,*,#2424,.T.);
#928=ORIENTED_EDGE('',*,*,#2427,.T.);
#929=ORIENTED_EDGE('',*,*,#2428,.F.);
#930=ORIENTED_EDGE('',*,*,#2071,.F.);
#931=ORIENTED_EDGE('',*,*,#2426,.T.);
#932=ORIENTED_EDGE('',*,*,#2429,.T.);
#933=ORIENTED_EDGE('',*,*,#2430,.F.);
#934=ORIENTED_EDGE('',*,*,#2072,.F.);
#935=ORIENTED_EDGE('',*,*,#2428,.T.);
#936=ORIENTED_EDGE('',*,*,#2431,.T.);
#937=ORIENTED_EDGE('',*,*,#2432,.F.);
#938=ORIENTED_EDGE('',*,*,#2073,.F.);
#939=ORIENTED_EDGE('',*,*,#2430,.T.);
#940=ORIENTED_EDGE('',*,*,#2433,.T.);
#941=ORIENTED_EDGE('',*,*,#2434,.F.);
#942=ORIENTED_EDGE('',*,*,#2074,.F.);
#943=ORIENTED_EDGE('',*,*,#2432,.T.);
#944=ORIENTED_EDGE('',*,*,#2435,.T.);
#945=ORIENTED_EDGE('',*,*,#2436,.F.);
#946=ORIENTED_EDGE('',*,*,#2075,.F.);
#947=ORIENTED_EDGE('',*,*,#2434,.T.);
#948=ORIENTED_EDGE('',*,*,#2437,.T.);
#949=ORIENTED_EDGE('',*,*,#2438,.F.);
#950=ORIENTED_EDGE('',*,*,#2076,.F.);
#951=ORIENTED_EDGE('',*,*,#2436,.T.);
#952=ORIENTED_EDGE('',*,*,#2439,.T.);
#953=ORIENTED_EDGE('',*,*,#2440,.F.);
#954=ORIENTED_EDGE('',*,*,#2077,.F.);
#955=ORIENTED_EDGE('',*,*,#2438,.T.);
#956=ORIENTED_EDGE('',*,*,#2441,.T.);
#957=ORIENTED_EDGE('',*,*,#2442,.F.);
#958=ORIENTED_EDGE('',*,*,#2078,.F.);
#959=ORIENTED_EDGE('',*,*,#2440,.T.);
#960=ORIENTED_EDGE('',*,*,#2443,.T.);
#961=ORIENTED_EDGE('',*,*,#2444,.F.);
#962=ORIENTED_EDGE('',*,*,#2079,.F.);
#963=ORIENTED_EDGE('',*,*,#2442,.T.);
#964=ORIENTED_EDGE('',*,*,#2445,.T.);
#965=ORIENTED_EDGE('',*,*,#2446,.F.);
#966=ORIENTED_EDGE('',*,*,#2080,.F.);
#967=ORIENTED_EDGE('',*,*,#2444,.T.);
#968=ORIENTED_EDGE('',*,*,#2447,.T.);
#969=ORIENTED_EDGE('',*,*,#2448,.F.);
#970=ORIENTED_EDGE('',*,*,#2081,.F.);
#971=ORIENTED_EDGE('',*,*,#2446,.T.);
#972=ORIENTED_EDGE('',*,*,#2449,.T.);
#973=ORIENTED_EDGE('',*,*,#2450,.F.);
#974=ORIENTED_EDGE('',*,*,#2082,.F.);
#975=ORIENTED_EDGE('',*,*,#2448,.T.);
#976=ORIENTED_EDGE('',*,*,#2451,.T.);
#977=ORIENTED_EDGE('',*,*,#2452,.F.);
#978=ORIENTED_EDGE('',*,*,#2083,.F.);
#979=ORIENTED_EDGE('',*,*,#2450,.T.);
#980=ORIENTED_EDGE('',*,*,#2453,.T.);
#981=ORIENTED_EDGE('',*,*,#2454,.F.);
#982=ORIENTED_EDGE('',*,*,#2084,.F.);
#983=ORIENTED_EDGE('',*,*,#2452,.T.);
#984=ORIENTED_EDGE('',*,*,#2455,.T.);
#985=ORIENTED_EDGE('',*,*,#2456,.F.);
#986=ORIENTED_EDGE('',*,*,#2085,.F.);
#987=ORIENTED_EDGE('',*,*,#2454,.T.);
#988=ORIENTED_EDGE('',*,*,#2457,.T.);
#989=ORIENTED_EDGE('',*,*,#2458,.F.);
#990=ORIENTED_EDGE('',*,*,#2086,.F.);
#991=ORIENTED_EDGE('',*,*,#2456,.T.);
#992=ORIENTED_EDGE('',*,*,#2459,.T.);
#993=ORIENTED_EDGE('',*,*,#2270,.F.);
#994=ORIENTED_EDGE('',*,*,#2087,.F.);
#995=ORIENTED_EDGE('',*,*,#2458,.T.);
#996=ORIENTED_EDGE('',*,*,#2268,.F.);
#997=ORIENTED_EDGE('',*,*,#2459,.F.);
#998=ORIENTED_EDGE('',*,*,#2457,.F.);
#999=ORIENTED_EDGE('',*,*,#2455,.F.);
#1000=ORIENTED_EDGE('',*,*,#2453,.F.);
#1001=ORIENTED_EDGE('',*,*,#2451,.F.);
#1002=ORIENTED_EDGE('',*,*,#2449,.F.);
#1003=ORIENTED_EDGE('',*,*,#2447,.F.);
#1004=ORIENTED_EDGE('',*,*,#2445,.F.);
#1005=ORIENTED_EDGE('',*,*,#2443,.F.);
#1006=ORIENTED_EDGE('',*,*,#2441,.F.);
#1007=ORIENTED_EDGE('',*,*,#2439,.F.);
#1008=ORIENTED_EDGE('',*,*,#2437,.F.);
#1009=ORIENTED_EDGE('',*,*,#2435,.F.);
#1010=ORIENTED_EDGE('',*,*,#2433,.F.);
#1011=ORIENTED_EDGE('',*,*,#2431,.F.);
#1012=ORIENTED_EDGE('',*,*,#2429,.F.);
#1013=ORIENTED_EDGE('',*,*,#2427,.F.);
#1014=ORIENTED_EDGE('',*,*,#2425,.F.);
#1015=ORIENTED_EDGE('',*,*,#2423,.F.);
#1016=ORIENTED_EDGE('',*,*,#2421,.F.);
#1017=ORIENTED_EDGE('',*,*,#2419,.F.);
#1018=ORIENTED_EDGE('',*,*,#2417,.F.);
#1019=ORIENTED_EDGE('',*,*,#2415,.F.);
#1020=ORIENTED_EDGE('',*,*,#2413,.F.);
#1021=ORIENTED_EDGE('',*,*,#2411,.F.);
#1022=ORIENTED_EDGE('',*,*,#2409,.F.);
#1023=ORIENTED_EDGE('',*,*,#2407,.F.);
#1024=ORIENTED_EDGE('',*,*,#2405,.F.);
#1025=ORIENTED_EDGE('',*,*,#2403,.F.);
#1026=ORIENTED_EDGE('',*,*,#2401,.F.);
#1027=ORIENTED_EDGE('',*,*,#2399,.F.);
#1028=ORIENTED_EDGE('',*,*,#2397,.F.);
#1029=ORIENTED_EDGE('',*,*,#2395,.F.);
#1030=ORIENTED_EDGE('',*,*,#2393,.F.);
#1031=ORIENTED_EDGE('',*,*,#2391,.F.);
#1032=ORIENTED_EDGE('',*,*,#2389,.F.);
#1033=ORIENTED_EDGE('',*,*,#2387,.F.);
#1034=ORIENTED_EDGE('',*,*,#2385,.F.);
#1035=ORIENTED_EDGE('',*,*,#2383,.F.);
#1036=ORIENTED_EDGE('',*,*,#2381,.F.);
#1037=ORIENTED_EDGE('',*,*,#2379,.F.);
#1038=ORIENTED_EDGE('',*,*,#2377,.F.);
#1039=ORIENTED_EDGE('',*,*,#2375,.F.);
#1040=ORIENTED_EDGE('',*,*,#2373,.F.);
#1041=ORIENTED_EDGE('',*,*,#2371,.F.);
#1042=ORIENTED_EDGE('',*,*,#2369,.F.);
#1043=ORIENTED_EDGE('',*,*,#2367,.F.);
#1044=ORIENTED_EDGE('',*,*,#2365,.F.);
#1045=ORIENTED_EDGE('',*,*,#2363,.F.);
#1046=ORIENTED_EDGE('',*,*,#2361,.F.);
#1047=ORIENTED_EDGE('',*,*,#2359,.F.);
#1048=ORIENTED_EDGE('',*,*,#2357,.F.);
#1049=ORIENTED_EDGE('',*,*,#2355,.F.);
#1050=ORIENTED_EDGE('',*,*,#2353,.F.);
#1051=ORIENTED_EDGE('',*,*,#2351,.F.);
#1052=ORIENTED_EDGE('',*,*,#2349,.F.);
#1053=ORIENTED_EDGE('',*,*,#2347,.F.);
#1054=ORIENTED_EDGE('',*,*,#2345,.F.);
#1055=ORIENTED_EDGE('',*,*,#2343,.F.);
#1056=ORIENTED_EDGE('',*,*,#2341,.F.);
#1057=ORIENTED_EDGE('',*,*,#2339,.F.);
#1058=ORIENTED_EDGE('',*,*,#2337,.F.);
#1059=ORIENTED_EDGE('',*,*,#2335,.F.);
#1060=ORIENTED_EDGE('',*,*,#2333,.F.);
#1061=ORIENTED_EDGE('',*,*,#2331,.F.);
#1062=ORIENTED_EDGE('',*,*,#2329,.F.);
#1063=ORIENTED_EDGE('',*,*,#2327,.F.);
#1064=ORIENTED_EDGE('',*,*,#2325,.F.);
#1065=ORIENTED_EDGE('',*,*,#2323,.F.);
#1066=ORIENTED_EDGE('',*,*,#2321,.F.);
#1067=ORIENTED_EDGE('',*,*,#2319,.F.);
#1068=ORIENTED_EDGE('',*,*,#2317,.F.);
#1069=ORIENTED_EDGE('',*,*,#2315,.F.);
#1070=ORIENTED_EDGE('',*,*,#2313,.F.);
#1071=ORIENTED_EDGE('',*,*,#2311,.F.);
#1072=ORIENTED_EDGE('',*,*,#2309,.F.);
#1073=ORIENTED_EDGE('',*,*,#2307,.F.);
#1074=ORIENTED_EDGE('',*,*,#2305,.F.);
#1075=ORIENTED_EDGE('',*,*,#2303,.F.);
#1076=ORIENTED_EDGE('',*,*,#2301,.F.);
#1077=ORIENTED_EDGE('',*,*,#2299,.F.);
#1078=ORIENTED_EDGE('',*,*,#2297,.F.);
#1079=ORIENTED_EDGE('',*,*,#2295,.F.);
#1080=ORIENTED_EDGE('',*,*,#2293,.F.);
#1081=ORIENTED_EDGE('',*,*,#2291,.F.);
#1082=ORIENTED_EDGE('',*,*,#2289,.F.);
#1083=ORIENTED_EDGE('',*,*,#2287,.F.);
#1084=ORIENTED_EDGE('',*,*,#2285,.F.);
#1085=ORIENTED_EDGE('',*,*,#2283,.F.);
#1086=ORIENTED_EDGE('',*,*,#2281,.F.);
#1087=ORIENTED_EDGE('',*,*,#2279,.F.);
#1088=ORIENTED_EDGE('',*,*,#2277,.F.);
#1089=ORIENTED_EDGE('',*,*,#2275,.F.);
#1090=ORIENTED_EDGE('',*,*,#2273,.F.);
#1091=ORIENTED_EDGE('',*,*,#2271,.F.);
#1092=ORIENTED_EDGE('',*,*,#2089,.F.);
#1093=ORIENTED_EDGE('',*,*,#2460,.F.);
#1094=ORIENTED_EDGE('',*,*,#2461,.T.);
#1095=ORIENTED_EDGE('',*,*,#2462,.T.);
#1096=ORIENTED_EDGE('',*,*,#2088,.T.);
#1097=ORIENTED_EDGE('',*,*,#2463,.F.);
#1098=ORIENTED_EDGE('',*,*,#2464,.F.);
#1099=ORIENTED_EDGE('',*,*,#2460,.T.);
#1100=ORIENTED_EDGE('',*,*,#2267,.F.);
#1101=ORIENTED_EDGE('',*,*,#2465,.F.);
#1102=ORIENTED_EDGE('',*,*,#2466,.T.);
#1103=ORIENTED_EDGE('',*,*,#2463,.T.);
#1104=ORIENTED_EDGE('',*,*,#2266,.F.);
#1105=ORIENTED_EDGE('',*,*,#2467,.F.);
#1106=ORIENTED_EDGE('',*,*,#2468,.T.);
#1107=ORIENTED_EDGE('',*,*,#2465,.T.);
#1108=ORIENTED_EDGE('',*,*,#2265,.T.);
#1109=ORIENTED_EDGE('',*,*,#2469,.F.);
#1110=ORIENTED_EDGE('',*,*,#2470,.F.);
#1111=ORIENTED_EDGE('',*,*,#2467,.T.);
#1112=ORIENTED_EDGE('',*,*,#2264,.F.);
#1113=ORIENTED_EDGE('',*,*,#2471,.F.);
#1114=ORIENTED_EDGE('',*,*,#2472,.T.);
#1115=ORIENTED_EDGE('',*,*,#2469,.T.);
#1116=ORIENTED_EDGE('',*,*,#2263,.F.);
#1117=ORIENTED_EDGE('',*,*,#2473,.F.);
#1118=ORIENTED_EDGE('',*,*,#2474,.T.);
#1119=ORIENTED_EDGE('',*,*,#2471,.T.);
#1120=ORIENTED_EDGE('',*,*,#2262,.T.);
#1121=ORIENTED_EDGE('',*,*,#2475,.F.);
#1122=ORIENTED_EDGE('',*,*,#2476,.F.);
#1123=ORIENTED_EDGE('',*,*,#2473,.T.);
#1124=ORIENTED_EDGE('',*,*,#2261,.F.);
#1125=ORIENTED_EDGE('',*,*,#2477,.F.);
#1126=ORIENTED_EDGE('',*,*,#2478,.T.);
#1127=ORIENTED_EDGE('',*,*,#2475,.T.);
#1128=ORIENTED_EDGE('',*,*,#2260,.F.);
#1129=ORIENTED_EDGE('',*,*,#2479,.F.);
#1130=ORIENTED_EDGE('',*,*,#2480,.T.);
#1131=ORIENTED_EDGE('',*,*,#2477,.T.);
#1132=ORIENTED_EDGE('',*,*,#2259,.T.);
#1133=ORIENTED_EDGE('',*,*,#2481,.F.);
#1134=ORIENTED_EDGE('',*,*,#2482,.F.);
#1135=ORIENTED_EDGE('',*,*,#2479,.T.);
#1136=ORIENTED_EDGE('',*,*,#2258,.F.);
#1137=ORIENTED_EDGE('',*,*,#2483,.F.);
#1138=ORIENTED_EDGE('',*,*,#2484,.T.);
#1139=ORIENTED_EDGE('',*,*,#2481,.T.);
#1140=ORIENTED_EDGE('',*,*,#2257,.F.);
#1141=ORIENTED_EDGE('',*,*,#2485,.F.);
#1142=ORIENTED_EDGE('',*,*,#2486,.T.);
#1143=ORIENTED_EDGE('',*,*,#2483,.T.);
#1144=ORIENTED_EDGE('',*,*,#2256,.T.);
#1145=ORIENTED_EDGE('',*,*,#2487,.F.);
#1146=ORIENTED_EDGE('',*,*,#2488,.F.);
#1147=ORIENTED_EDGE('',*,*,#2485,.T.);
#1148=ORIENTED_EDGE('',*,*,#2255,.F.);
#1149=ORIENTED_EDGE('',*,*,#2489,.F.);
#1150=ORIENTED_EDGE('',*,*,#2490,.T.);
#1151=ORIENTED_EDGE('',*,*,#2487,.T.);
#1152=ORIENTED_EDGE('',*,*,#2254,.F.);
#1153=ORIENTED_EDGE('',*,*,#2491,.F.);
#1154=ORIENTED_EDGE('',*,*,#2492,.T.);
#1155=ORIENTED_EDGE('',*,*,#2489,.T.);
#1156=ORIENTED_EDGE('',*,*,#2253,.T.);
#1157=ORIENTED_EDGE('',*,*,#2493,.F.);
#1158=ORIENTED_EDGE('',*,*,#2494,.F.);
#1159=ORIENTED_EDGE('',*,*,#2491,.T.);
#1160=ORIENTED_EDGE('',*,*,#2252,.F.);
#1161=ORIENTED_EDGE('',*,*,#2495,.F.);
#1162=ORIENTED_EDGE('',*,*,#2496,.T.);
#1163=ORIENTED_EDGE('',*,*,#2493,.T.);
#1164=ORIENTED_EDGE('',*,*,#2251,.F.);
#1165=ORIENTED_EDGE('',*,*,#2497,.F.);
#1166=ORIENTED_EDGE('',*,*,#2498,.T.);
#1167=ORIENTED_EDGE('',*,*,#2495,.T.);
#1168=ORIENTED_EDGE('',*,*,#2250,.T.);
#1169=ORIENTED_EDGE('',*,*,#2499,.F.);
#1170=ORIENTED_EDGE('',*,*,#2500,.F.);
#1171=ORIENTED_EDGE('',*,*,#2497,.T.);
#1172=ORIENTED_EDGE('',*,*,#2249,.F.);
#1173=ORIENTED_EDGE('',*,*,#2501,.F.);
#1174=ORIENTED_EDGE('',*,*,#2502,.T.);
#1175=ORIENTED_EDGE('',*,*,#2499,.T.);
#1176=ORIENTED_EDGE('',*,*,#2248,.F.);
#1177=ORIENTED_EDGE('',*,*,#2503,.F.);
#1178=ORIENTED_EDGE('',*,*,#2504,.T.);
#1179=ORIENTED_EDGE('',*,*,#2501,.T.);
#1180=ORIENTED_EDGE('',*,*,#2247,.T.);
#1181=ORIENTED_EDGE('',*,*,#2505,.F.);
#1182=ORIENTED_EDGE('',*,*,#2506,.F.);
#1183=ORIENTED_EDGE('',*,*,#2503,.T.);
#1184=ORIENTED_EDGE('',*,*,#2246,.F.);
#1185=ORIENTED_EDGE('',*,*,#2507,.F.);
#1186=ORIENTED_EDGE('',*,*,#2508,.T.);
#1187=ORIENTED_EDGE('',*,*,#2505,.T.);
#1188=ORIENTED_EDGE('',*,*,#2245,.F.);
#1189=ORIENTED_EDGE('',*,*,#2509,.F.);
#1190=ORIENTED_EDGE('',*,*,#2510,.T.);
#1191=ORIENTED_EDGE('',*,*,#2507,.T.);
#1192=ORIENTED_EDGE('',*,*,#2244,.T.);
#1193=ORIENTED_EDGE('',*,*,#2511,.F.);
#1194=ORIENTED_EDGE('',*,*,#2512,.F.);
#1195=ORIENTED_EDGE('',*,*,#2509,.T.);
#1196=ORIENTED_EDGE('',*,*,#2243,.F.);
#1197=ORIENTED_EDGE('',*,*,#2513,.F.);
#1198=ORIENTED_EDGE('',*,*,#2514,.T.);
#1199=ORIENTED_EDGE('',*,*,#2511,.T.);
#1200=ORIENTED_EDGE('',*,*,#2242,.F.);
#1201=ORIENTED_EDGE('',*,*,#2515,.F.);
#1202=ORIENTED_EDGE('',*,*,#2516,.T.);
#1203=ORIENTED_EDGE('',*,*,#2513,.T.);
#1204=ORIENTED_EDGE('',*,*,#2241,.T.);
#1205=ORIENTED_EDGE('',*,*,#2517,.F.);
#1206=ORIENTED_EDGE('',*,*,#2518,.F.);
#1207=ORIENTED_EDGE('',*,*,#2515,.T.);
#1208=ORIENTED_EDGE('',*,*,#2240,.F.);
#1209=ORIENTED_EDGE('',*,*,#2519,.F.);
#1210=ORIENTED_EDGE('',*,*,#2520,.T.);
#1211=ORIENTED_EDGE('',*,*,#2517,.T.);
#1212=ORIENTED_EDGE('',*,*,#2239,.F.);
#1213=ORIENTED_EDGE('',*,*,#2521,.F.);
#1214=ORIENTED_EDGE('',*,*,#2522,.T.);
#1215=ORIENTED_EDGE('',*,*,#2519,.T.);
#1216=ORIENTED_EDGE('',*,*,#2238,.T.);
#1217=ORIENTED_EDGE('',*,*,#2523,.F.);
#1218=ORIENTED_EDGE('',*,*,#2524,.F.);
#1219=ORIENTED_EDGE('',*,*,#2521,.T.);
#1220=ORIENTED_EDGE('',*,*,#2237,.F.);
#1221=ORIENTED_EDGE('',*,*,#2525,.F.);
#1222=ORIENTED_EDGE('',*,*,#2526,.T.);
#1223=ORIENTED_EDGE('',*,*,#2523,.T.);
#1224=ORIENTED_EDGE('',*,*,#2236,.F.);
#1225=ORIENTED_EDGE('',*,*,#2527,.F.);
#1226=ORIENTED_EDGE('',*,*,#2528,.T.);
#1227=ORIENTED_EDGE('',*,*,#2525,.T.);
#1228=ORIENTED_EDGE('',*,*,#2235,.T.);
#1229=ORIENTED_EDGE('',*,*,#2529,.F.);
#1230=ORIENTED_EDGE('',*,*,#2530,.F.);
#1231=ORIENTED_EDGE('',*,*,#2527,.T.);
#1232=ORIENTED_EDGE('',*,*,#2234,.F.);
#1233=ORIENTED_EDGE('',*,*,#2531,.F.);
#1234=ORIENTED_EDGE('',*,*,#2532,.T.);
#1235=ORIENTED_EDGE('',*,*,#2529,.T.);
#1236=ORIENTED_EDGE('',*,*,#2233,.F.);
#1237=ORIENTED_EDGE('',*,*,#2533,.F.);
#1238=ORIENTED_EDGE('',*,*,#2534,.T.);
#1239=ORIENTED_EDGE('',*,*,#2531,.T.);
#1240=ORIENTED_EDGE('',*,*,#2232,.T.);
#1241=ORIENTED_EDGE('',*,*,#2535,.F.);
#1242=ORIENTED_EDGE('',*,*,#2536,.F.);
#1243=ORIENTED_EDGE('',*,*,#2533,.T.);
#1244=ORIENTED_EDGE('',*,*,#2231,.F.);
#1245=ORIENTED_EDGE('',*,*,#2537,.F.);
#1246=ORIENTED_EDGE('',*,*,#2538,.T.);
#1247=ORIENTED_EDGE('',*,*,#2535,.T.);
#1248=ORIENTED_EDGE('',*,*,#2230,.F.);
#1249=ORIENTED_EDGE('',*,*,#2539,.F.);
#1250=ORIENTED_EDGE('',*,*,#2540,.T.);
#1251=ORIENTED_EDGE('',*,*,#2537,.T.);
#1252=ORIENTED_EDGE('',*,*,#2229,.T.);
#1253=ORIENTED_EDGE('',*,*,#2541,.F.);
#1254=ORIENTED_EDGE('',*,*,#2542,.F.);
#1255=ORIENTED_EDGE('',*,*,#2539,.T.);
#1256=ORIENTED_EDGE('',*,*,#2228,.F.);
#1257=ORIENTED_EDGE('',*,*,#2543,.F.);
#1258=ORIENTED_EDGE('',*,*,#2544,.T.);
#1259=ORIENTED_EDGE('',*,*,#2541,.T.);
#1260=ORIENTED_EDGE('',*,*,#2227,.F.);
#1261=ORIENTED_EDGE('',*,*,#2545,.F.);
#1262=ORIENTED_EDGE('',*,*,#2546,.T.);
#1263=ORIENTED_EDGE('',*,*,#2543,.T.);
#1264=ORIENTED_EDGE('',*,*,#2226,.T.);
#1265=ORIENTED_EDGE('',*,*,#2547,.F.);
#1266=ORIENTED_EDGE('',*,*,#2548,.F.);
#1267=ORIENTED_EDGE('',*,*,#2545,.T.);
#1268=ORIENTED_EDGE('',*,*,#2225,.F.);
#1269=ORIENTED_EDGE('',*,*,#2549,.F.);
#1270=ORIENTED_EDGE('',*,*,#2550,.T.);
#1271=ORIENTED_EDGE('',*,*,#2547,.T.);
#1272=ORIENTED_EDGE('',*,*,#2224,.F.);
#1273=ORIENTED_EDGE('',*,*,#2551,.F.);
#1274=ORIENTED_EDGE('',*,*,#2552,.T.);
#1275=ORIENTED_EDGE('',*,*,#2549,.T.);
#1276=ORIENTED_EDGE('',*,*,#2223,.T.);
#1277=ORIENTED_EDGE('',*,*,#2553,.F.);
#1278=ORIENTED_EDGE('',*,*,#2554,.F.);
#1279=ORIENTED_EDGE('',*,*,#2551,.T.);
#1280=ORIENTED_EDGE('',*,*,#2222,.F.);
#1281=ORIENTED_EDGE('',*,*,#2555,.F.);
#1282=ORIENTED_EDGE('',*,*,#2556,.T.);
#1283=ORIENTED_EDGE('',*,*,#2553,.T.);
#1284=ORIENTED_EDGE('',*,*,#2221,.F.);
#1285=ORIENTED_EDGE('',*,*,#2557,.F.);
#1286=ORIENTED_EDGE('',*,*,#2558,.T.);
#1287=ORIENTED_EDGE('',*,*,#2555,.T.);
#1288=ORIENTED_EDGE('',*,*,#2220,.T.);
#1289=ORIENTED_EDGE('',*,*,#2559,.F.);
#1290=ORIENTED_EDGE('',*,*,#2560,.F.);
#1291=ORIENTED_EDGE('',*,*,#2557,.T.);
#1292=ORIENTED_EDGE('',*,*,#2219,.F.);
#1293=ORIENTED_EDGE('',*,*,#2561,.F.);
#1294=ORIENTED_EDGE('',*,*,#2562,.T.);
#1295=ORIENTED_EDGE('',*,*,#2559,.T.);
#1296=ORIENTED_EDGE('',*,*,#2218,.F.);
#1297=ORIENTED_EDGE('',*,*,#2563,.F.);
#1298=ORIENTED_EDGE('',*,*,#2564,.T.);
#1299=ORIENTED_EDGE('',*,*,#2561,.T.);
#1300=ORIENTED_EDGE('',*,*,#2217,.T.);
#1301=ORIENTED_EDGE('',*,*,#2565,.F.);
#1302=ORIENTED_EDGE('',*,*,#2566,.F.);
#1303=ORIENTED_EDGE('',*,*,#2563,.T.);
#1304=ORIENTED_EDGE('',*,*,#2216,.F.);
#1305=ORIENTED_EDGE('',*,*,#2567,.F.);
#1306=ORIENTED_EDGE('',*,*,#2568,.T.);
#1307=ORIENTED_EDGE('',*,*,#2565,.T.);
#1308=ORIENTED_EDGE('',*,*,#2215,.F.);
#1309=ORIENTED_EDGE('',*,*,#2569,.F.);
#1310=ORIENTED_EDGE('',*,*,#2570,.T.);
#1311=ORIENTED_EDGE('',*,*,#2567,.T.);
#1312=ORIENTED_EDGE('',*,*,#2214,.T.);
#1313=ORIENTED_EDGE('',*,*,#2571,.F.);
#1314=ORIENTED_EDGE('',*,*,#2572,.F.);
#1315=ORIENTED_EDGE('',*,*,#2569,.T.);
#1316=ORIENTED_EDGE('',*,*,#2213,.F.);
#1317=ORIENTED_EDGE('',*,*,#2573,.F.);
#1318=ORIENTED_EDGE('',*,*,#2574,.T.);
#1319=ORIENTED_EDGE('',*,*,#2571,.T.);
#1320=ORIENTED_EDGE('',*,*,#2212,.F.);
#1321=ORIENTED_EDGE('',*,*,#2575,.F.);
#1322=ORIENTED_EDGE('',*,*,#2576,.T.);
#1323=ORIENTED_EDGE('',*,*,#2573,.T.);
#1324=ORIENTED_EDGE('',*,*,#2211,.T.);
#1325=ORIENTED_EDGE('',*,*,#2577,.F.);
#1326=ORIENTED_EDGE('',*,*,#2578,.F.);
#1327=ORIENTED_EDGE('',*,*,#2575,.T.);
#1328=ORIENTED_EDGE('',*,*,#2210,.F.);
#1329=ORIENTED_EDGE('',*,*,#2579,.F.);
#1330=ORIENTED_EDGE('',*,*,#2580,.T.);
#1331=ORIENTED_EDGE('',*,*,#2577,.T.);
#1332=ORIENTED_EDGE('',*,*,#2209,.F.);
#1333=ORIENTED_EDGE('',*,*,#2581,.F.);
#1334=ORIENTED_EDGE('',*,*,#2582,.T.);
#1335=ORIENTED_EDGE('',*,*,#2579,.T.);
#1336=ORIENTED_EDGE('',*,*,#2208,.T.);
#1337=ORIENTED_EDGE('',*,*,#2583,.F.);
#1338=ORIENTED_EDGE('',*,*,#2584,.F.);
#1339=ORIENTED_EDGE('',*,*,#2581,.T.);
#1340=ORIENTED_EDGE('',*,*,#2207,.F.);
#1341=ORIENTED_EDGE('',*,*,#2585,.F.);
#1342=ORIENTED_EDGE('',*,*,#2586,.T.);
#1343=ORIENTED_EDGE('',*,*,#2583,.T.);
#1344=ORIENTED_EDGE('',*,*,#2206,.F.);
#1345=ORIENTED_EDGE('',*,*,#2587,.F.);
#1346=ORIENTED_EDGE('',*,*,#2588,.T.);
#1347=ORIENTED_EDGE('',*,*,#2585,.T.);
#1348=ORIENTED_EDGE('',*,*,#2205,.T.);
#1349=ORIENTED_EDGE('',*,*,#2589,.F.);
#1350=ORIENTED_EDGE('',*,*,#2590,.F.);
#1351=ORIENTED_EDGE('',*,*,#2587,.T.);
#1352=ORIENTED_EDGE('',*,*,#2204,.F.);
#1353=ORIENTED_EDGE('',*,*,#2591,.F.);
#1354=ORIENTED_EDGE('',*,*,#2592,.T.);
#1355=ORIENTED_EDGE('',*,*,#2589,.T.);
#1356=ORIENTED_EDGE('',*,*,#2203,.F.);
#1357=ORIENTED_EDGE('',*,*,#2593,.F.);
#1358=ORIENTED_EDGE('',*,*,#2594,.T.);
#1359=ORIENTED_EDGE('',*,*,#2591,.T.);
#1360=ORIENTED_EDGE('',*,*,#2202,.T.);
#1361=ORIENTED_EDGE('',*,*,#2595,.F.);
#1362=ORIENTED_EDGE('',*,*,#2596,.F.);
#1363=ORIENTED_EDGE('',*,*,#2593,.T.);
#1364=ORIENTED_EDGE('',*,*,#2201,.F.);
#1365=ORIENTED_EDGE('',*,*,#2597,.F.);
#1366=ORIENTED_EDGE('',*,*,#2598,.T.);
#1367=ORIENTED_EDGE('',*,*,#2595,.T.);
#1368=ORIENTED_EDGE('',*,*,#2200,.F.);
#1369=ORIENTED_EDGE('',*,*,#2599,.F.);
#1370=ORIENTED_EDGE('',*,*,#2600,.T.);
#1371=ORIENTED_EDGE('',*,*,#2597,.T.);
#1372=ORIENTED_EDGE('',*,*,#2199,.T.);
#1373=ORIENTED_EDGE('',*,*,#2601,.F.);
#1374=ORIENTED_EDGE('',*,*,#2602,.F.);
#1375=ORIENTED_EDGE('',*,*,#2599,.T.);
#1376=ORIENTED_EDGE('',*,*,#2198,.F.);
#1377=ORIENTED_EDGE('',*,*,#2603,.F.);
#1378=ORIENTED_EDGE('',*,*,#2604,.T.);
#1379=ORIENTED_EDGE('',*,*,#2601,.T.);
#1380=ORIENTED_EDGE('',*,*,#2197,.F.);
#1381=ORIENTED_EDGE('',*,*,#2605,.F.);
#1382=ORIENTED_EDGE('',*,*,#2606,.T.);
#1383=ORIENTED_EDGE('',*,*,#2603,.T.);
#1384=ORIENTED_EDGE('',*,*,#2196,.T.);
#1385=ORIENTED_EDGE('',*,*,#2607,.F.);
#1386=ORIENTED_EDGE('',*,*,#2608,.F.);
#1387=ORIENTED_EDGE('',*,*,#2605,.T.);
#1388=ORIENTED_EDGE('',*,*,#2195,.F.);
#1389=ORIENTED_EDGE('',*,*,#2609,.F.);
#1390=ORIENTED_EDGE('',*,*,#2610,.T.);
#1391=ORIENTED_EDGE('',*,*,#2607,.T.);
#1392=ORIENTED_EDGE('',*,*,#2194,.F.);
#1393=ORIENTED_EDGE('',*,*,#2611,.F.);
#1394=ORIENTED_EDGE('',*,*,#2612,.T.);
#1395=ORIENTED_EDGE('',*,*,#2609,.T.);
#1396=ORIENTED_EDGE('',*,*,#2193,.T.);
#1397=ORIENTED_EDGE('',*,*,#2613,.F.);
#1398=ORIENTED_EDGE('',*,*,#2614,.F.);
#1399=ORIENTED_EDGE('',*,*,#2611,.T.);
#1400=ORIENTED_EDGE('',*,*,#2192,.F.);
#1401=ORIENTED_EDGE('',*,*,#2615,.F.);
#1402=ORIENTED_EDGE('',*,*,#2616,.T.);
#1403=ORIENTED_EDGE('',*,*,#2613,.T.);
#1404=ORIENTED_EDGE('',*,*,#2191,.F.);
#1405=ORIENTED_EDGE('',*,*,#2617,.F.);
#1406=ORIENTED_EDGE('',*,*,#2618,.T.);
#1407=ORIENTED_EDGE('',*,*,#2615,.T.);
#1408=ORIENTED_EDGE('',*,*,#2190,.T.);
#1409=ORIENTED_EDGE('',*,*,#2619,.F.);
#1410=ORIENTED_EDGE('',*,*,#2620,.F.);
#1411=ORIENTED_EDGE('',*,*,#2617,.T.);
#1412=ORIENTED_EDGE('',*,*,#2189,.F.);
#1413=ORIENTED_EDGE('',*,*,#2621,.F.);
#1414=ORIENTED_EDGE('',*,*,#2622,.T.);
#1415=ORIENTED_EDGE('',*,*,#2619,.T.);
#1416=ORIENTED_EDGE('',*,*,#2188,.F.);
#1417=ORIENTED_EDGE('',*,*,#2623,.F.);
#1418=ORIENTED_EDGE('',*,*,#2624,.T.);
#1419=ORIENTED_EDGE('',*,*,#2621,.T.);
#1420=ORIENTED_EDGE('',*,*,#2187,.T.);
#1421=ORIENTED_EDGE('',*,*,#2625,.F.);
#1422=ORIENTED_EDGE('',*,*,#2626,.F.);
#1423=ORIENTED_EDGE('',*,*,#2623,.T.);
#1424=ORIENTED_EDGE('',*,*,#2186,.F.);
#1425=ORIENTED_EDGE('',*,*,#2627,.F.);
#1426=ORIENTED_EDGE('',*,*,#2628,.T.);
#1427=ORIENTED_EDGE('',*,*,#2625,.T.);
#1428=ORIENTED_EDGE('',*,*,#2185,.F.);
#1429=ORIENTED_EDGE('',*,*,#2629,.F.);
#1430=ORIENTED_EDGE('',*,*,#2630,.T.);
#1431=ORIENTED_EDGE('',*,*,#2627,.T.);
#1432=ORIENTED_EDGE('',*,*,#2184,.T.);
#1433=ORIENTED_EDGE('',*,*,#2631,.F.);
#1434=ORIENTED_EDGE('',*,*,#2632,.F.);
#1435=ORIENTED_EDGE('',*,*,#2629,.T.);
#1436=ORIENTED_EDGE('',*,*,#2183,.F.);
#1437=ORIENTED_EDGE('',*,*,#2633,.F.);
#1438=ORIENTED_EDGE('',*,*,#2634,.T.);
#1439=ORIENTED_EDGE('',*,*,#2631,.T.);
#1440=ORIENTED_EDGE('',*,*,#2182,.F.);
#1441=ORIENTED_EDGE('',*,*,#2635,.F.);
#1442=ORIENTED_EDGE('',*,*,#2636,.T.);
#1443=ORIENTED_EDGE('',*,*,#2633,.T.);
#1444=ORIENTED_EDGE('',*,*,#2181,.T.);
#1445=ORIENTED_EDGE('',*,*,#2637,.F.);
#1446=ORIENTED_EDGE('',*,*,#2638,.F.);
#1447=ORIENTED_EDGE('',*,*,#2635,.T.);
#1448=ORIENTED_EDGE('',*,*,#2180,.F.);
#1449=ORIENTED_EDGE('',*,*,#2639,.F.);
#1450=ORIENTED_EDGE('',*,*,#2640,.T.);
#1451=ORIENTED_EDGE('',*,*,#2637,.T.);
#1452=ORIENTED_EDGE('',*,*,#2179,.F.);
#1453=ORIENTED_EDGE('',*,*,#2641,.F.);
#1454=ORIENTED_EDGE('',*,*,#2642,.T.);
#1455=ORIENTED_EDGE('',*,*,#2639,.T.);
#1456=ORIENTED_EDGE('',*,*,#2178,.T.);
#1457=ORIENTED_EDGE('',*,*,#2643,.F.);
#1458=ORIENTED_EDGE('',*,*,#2644,.F.);
#1459=ORIENTED_EDGE('',*,*,#2641,.T.);
#1460=ORIENTED_EDGE('',*,*,#2177,.F.);
#1461=ORIENTED_EDGE('',*,*,#2645,.F.);
#1462=ORIENTED_EDGE('',*,*,#2646,.T.);
#1463=ORIENTED_EDGE('',*,*,#2643,.T.);
#1464=ORIENTED_EDGE('',*,*,#2176,.F.);
#1465=ORIENTED_EDGE('',*,*,#2647,.F.);
#1466=ORIENTED_EDGE('',*,*,#2648,.T.);
#1467=ORIENTED_EDGE('',*,*,#2645,.T.);
#1468=ORIENTED_EDGE('',*,*,#2175,.T.);
#1469=ORIENTED_EDGE('',*,*,#2649,.F.);
#1470=ORIENTED_EDGE('',*,*,#2650,.F.);
#1471=ORIENTED_EDGE('',*,*,#2647,.T.);
#1472=ORIENTED_EDGE('',*,*,#2174,.F.);
#1473=ORIENTED_EDGE('',*,*,#2651,.F.);
#1474=ORIENTED_EDGE('',*,*,#2652,.T.);
#1475=ORIENTED_EDGE('',*,*,#2649,.T.);
#1476=ORIENTED_EDGE('',*,*,#2173,.F.);
#1477=ORIENTED_EDGE('',*,*,#2653,.F.);
#1478=ORIENTED_EDGE('',*,*,#2654,.T.);
#1479=ORIENTED_EDGE('',*,*,#2651,.T.);
#1480=ORIENTED_EDGE('',*,*,#2172,.T.);
#1481=ORIENTED_EDGE('',*,*,#2655,.F.);
#1482=ORIENTED_EDGE('',*,*,#2656,.F.);
#1483=ORIENTED_EDGE('',*,*,#2653,.T.);
#1484=ORIENTED_EDGE('',*,*,#2171,.F.);
#1485=ORIENTED_EDGE('',*,*,#2657,.F.);
#1486=ORIENTED_EDGE('',*,*,#2658,.T.);
#1487=ORIENTED_EDGE('',*,*,#2655,.T.);
#1488=ORIENTED_EDGE('',*,*,#2170,.F.);
#1489=ORIENTED_EDGE('',*,*,#2659,.F.);
#1490=ORIENTED_EDGE('',*,*,#2660,.T.);
#1491=ORIENTED_EDGE('',*,*,#2657,.T.);
#1492=ORIENTED_EDGE('',*,*,#2169,.T.);
#1493=ORIENTED_EDGE('',*,*,#2661,.F.);
#1494=ORIENTED_EDGE('',*,*,#2662,.F.);
#1495=ORIENTED_EDGE('',*,*,#2659,.T.);
#1496=ORIENTED_EDGE('',*,*,#2168,.F.);
#1497=ORIENTED_EDGE('',*,*,#2663,.F.);
#1498=ORIENTED_EDGE('',*,*,#2664,.T.);
#1499=ORIENTED_EDGE('',*,*,#2661,.T.);
#1500=ORIENTED_EDGE('',*,*,#2167,.F.);
#1501=ORIENTED_EDGE('',*,*,#2665,.F.);
#1502=ORIENTED_EDGE('',*,*,#2666,.T.);
#1503=ORIENTED_EDGE('',*,*,#2663,.T.);
#1504=ORIENTED_EDGE('',*,*,#2166,.T.);
#1505=ORIENTED_EDGE('',*,*,#2667,.F.);
#1506=ORIENTED_EDGE('',*,*,#2668,.F.);
#1507=ORIENTED_EDGE('',*,*,#2665,.T.);
#1508=ORIENTED_EDGE('',*,*,#2165,.F.);
#1509=ORIENTED_EDGE('',*,*,#2669,.F.);
#1510=ORIENTED_EDGE('',*,*,#2670,.T.);
#1511=ORIENTED_EDGE('',*,*,#2667,.T.);
#1512=ORIENTED_EDGE('',*,*,#2164,.F.);
#1513=ORIENTED_EDGE('',*,*,#2671,.F.);
#1514=ORIENTED_EDGE('',*,*,#2672,.T.);
#1515=ORIENTED_EDGE('',*,*,#2669,.T.);
#1516=ORIENTED_EDGE('',*,*,#2163,.T.);
#1517=ORIENTED_EDGE('',*,*,#2673,.F.);
#1518=ORIENTED_EDGE('',*,*,#2674,.F.);
#1519=ORIENTED_EDGE('',*,*,#2671,.T.);
#1520=ORIENTED_EDGE('',*,*,#2162,.F.);
#1521=ORIENTED_EDGE('',*,*,#2675,.F.);
#1522=ORIENTED_EDGE('',*,*,#2676,.T.);
#1523=ORIENTED_EDGE('',*,*,#2673,.T.);
#1524=ORIENTED_EDGE('',*,*,#2161,.F.);
#1525=ORIENTED_EDGE('',*,*,#2677,.F.);
#1526=ORIENTED_EDGE('',*,*,#2678,.T.);
#1527=ORIENTED_EDGE('',*,*,#2675,.T.);
#1528=ORIENTED_EDGE('',*,*,#2160,.T.);
#1529=ORIENTED_EDGE('',*,*,#2679,.F.);
#1530=ORIENTED_EDGE('',*,*,#2680,.F.);
#1531=ORIENTED_EDGE('',*,*,#2677,.T.);
#1532=ORIENTED_EDGE('',*,*,#2159,.F.);
#1533=ORIENTED_EDGE('',*,*,#2681,.F.);
#1534=ORIENTED_EDGE('',*,*,#2682,.T.);
#1535=ORIENTED_EDGE('',*,*,#2679,.T.);
#1536=ORIENTED_EDGE('',*,*,#2158,.F.);
#1537=ORIENTED_EDGE('',*,*,#2683,.F.);
#1538=ORIENTED_EDGE('',*,*,#2684,.T.);
#1539=ORIENTED_EDGE('',*,*,#2681,.T.);
#1540=ORIENTED_EDGE('',*,*,#2157,.T.);
#1541=ORIENTED_EDGE('',*,*,#2685,.F.);
#1542=ORIENTED_EDGE('',*,*,#2686,.F.);
#1543=ORIENTED_EDGE('',*,*,#2683,.T.);
#1544=ORIENTED_EDGE('',*,*,#2156,.F.);
#1545=ORIENTED_EDGE('',*,*,#2687,.F.);
#1546=ORIENTED_EDGE('',*,*,#2688,.T.);
#1547=ORIENTED_EDGE('',*,*,#2685,.T.);
#1548=ORIENTED_EDGE('',*,*,#2155,.F.);
#1549=ORIENTED_EDGE('',*,*,#2689,.F.);
#1550=ORIENTED_EDGE('',*,*,#2690,.T.);
#1551=ORIENTED_EDGE('',*,*,#2687,.T.);
#1552=ORIENTED_EDGE('',*,*,#2154,.T.);
#1553=ORIENTED_EDGE('',*,*,#2691,.F.);
#1554=ORIENTED_EDGE('',*,*,#2692,.F.);
#1555=ORIENTED_EDGE('',*,*,#2689,.T.);
#1556=ORIENTED_EDGE('',*,*,#2153,.F.);
#1557=ORIENTED_EDGE('',*,*,#2693,.F.);
#1558=ORIENTED_EDGE('',*,*,#2694,.T.);
#1559=ORIENTED_EDGE('',*,*,#2691,.T.);
#1560=ORIENTED_EDGE('',*,*,#2152,.F.);
#1561=ORIENTED_EDGE('',*,*,#2695,.F.);
#1562=ORIENTED_EDGE('',*,*,#2696,.T.);
#1563=ORIENTED_EDGE('',*,*,#2693,.T.);
#1564=ORIENTED_EDGE('',*,*,#2151,.T.);
#1565=ORIENTED_EDGE('',*,*,#2697,.F.);
#1566=ORIENTED_EDGE('',*,*,#2698,.F.);
#1567=ORIENTED_EDGE('',*,*,#2695,.T.);
#1568=ORIENTED_EDGE('',*,*,#2150,.F.);
#1569=ORIENTED_EDGE('',*,*,#2699,.F.);
#1570=ORIENTED_EDGE('',*,*,#2700,.T.);
#1571=ORIENTED_EDGE('',*,*,#2697,.T.);
#1572=ORIENTED_EDGE('',*,*,#2149,.F.);
#1573=ORIENTED_EDGE('',*,*,#2701,.F.);
#1574=ORIENTED_EDGE('',*,*,#2702,.T.);
#1575=ORIENTED_EDGE('',*,*,#2699,.T.);
#1576=ORIENTED_EDGE('',*,*,#2148,.T.);
#1577=ORIENTED_EDGE('',*,*,#2703,.F.);
#1578=ORIENTED_EDGE('',*,*,#2704,.F.);
#1579=ORIENTED_EDGE('',*,*,#2701,.T.);
#1580=ORIENTED_EDGE('',*,*,#2147,.F.);
#1581=ORIENTED_EDGE('',*,*,#2705,.F.);
#1582=ORIENTED_EDGE('',*,*,#2706,.T.);
#1583=ORIENTED_EDGE('',*,*,#2703,.T.);
#1584=ORIENTED_EDGE('',*,*,#2146,.F.);
#1585=ORIENTED_EDGE('',*,*,#2707,.F.);
#1586=ORIENTED_EDGE('',*,*,#2708,.T.);
#1587=ORIENTED_EDGE('',*,*,#2705,.T.);
#1588=ORIENTED_EDGE('',*,*,#2145,.T.);
#1589=ORIENTED_EDGE('',*,*,#2709,.F.);
#1590=ORIENTED_EDGE('',*,*,#2710,.F.);
#1591=ORIENTED_EDGE('',*,*,#2707,.T.);
#1592=ORIENTED_EDGE('',*,*,#2144,.F.);
#1593=ORIENTED_EDGE('',*,*,#2711,.F.);
#1594=ORIENTED_EDGE('',*,*,#2712,.T.);
#1595=ORIENTED_EDGE('',*,*,#2709,.T.);
#1596=ORIENTED_EDGE('',*,*,#2143,.F.);
#1597=ORIENTED_EDGE('',*,*,#2713,.F.);
#1598=ORIENTED_EDGE('',*,*,#2714,.T.);
#1599=ORIENTED_EDGE('',*,*,#2711,.T.);
#1600=ORIENTED_EDGE('',*,*,#2142,.T.);
#1601=ORIENTED_EDGE('',*,*,#2715,.F.);
#1602=ORIENTED_EDGE('',*,*,#2716,.F.);
#1603=ORIENTED_EDGE('',*,*,#2713,.T.);
#1604=ORIENTED_EDGE('',*,*,#2141,.F.);
#1605=ORIENTED_EDGE('',*,*,#2717,.F.);
#1606=ORIENTED_EDGE('',*,*,#2718,.T.);
#1607=ORIENTED_EDGE('',*,*,#2715,.T.);
#1608=ORIENTED_EDGE('',*,*,#2140,.F.);
#1609=ORIENTED_EDGE('',*,*,#2719,.F.);
#1610=ORIENTED_EDGE('',*,*,#2720,.T.);
#1611=ORIENTED_EDGE('',*,*,#2717,.T.);
#1612=ORIENTED_EDGE('',*,*,#2139,.T.);
#1613=ORIENTED_EDGE('',*,*,#2721,.F.);
#1614=ORIENTED_EDGE('',*,*,#2722,.F.);
#1615=ORIENTED_EDGE('',*,*,#2719,.T.);
#1616=ORIENTED_EDGE('',*,*,#2138,.F.);
#1617=ORIENTED_EDGE('',*,*,#2723,.F.);
#1618=ORIENTED_EDGE('',*,*,#2724,.T.);
#1619=ORIENTED_EDGE('',*,*,#2721,.T.);
#1620=ORIENTED_EDGE('',*,*,#2137,.F.);
#1621=ORIENTED_EDGE('',*,*,#2725,.F.);
#1622=ORIENTED_EDGE('',*,*,#2726,.T.);
#1623=ORIENTED_EDGE('',*,*,#2723,.T.);
#1624=ORIENTED_EDGE('',*,*,#2136,.T.);
#1625=ORIENTED_EDGE('',*,*,#2727,.F.);
#1626=ORIENTED_EDGE('',*,*,#2728,.F.);
#1627=ORIENTED_EDGE('',*,*,#2725,.T.);
#1628=ORIENTED_EDGE('',*,*,#2135,.F.);
#1629=ORIENTED_EDGE('',*,*,#2729,.F.);
#1630=ORIENTED_EDGE('',*,*,#2730,.T.);
#1631=ORIENTED_EDGE('',*,*,#2727,.T.);
#1632=ORIENTED_EDGE('',*,*,#2134,.F.);
#1633=ORIENTED_EDGE('',*,*,#2731,.F.);
#1634=ORIENTED_EDGE('',*,*,#2732,.T.);
#1635=ORIENTED_EDGE('',*,*,#2729,.T.);
#1636=ORIENTED_EDGE('',*,*,#2133,.T.);
#1637=ORIENTED_EDGE('',*,*,#2733,.F.);
#1638=ORIENTED_EDGE('',*,*,#2734,.F.);
#1639=ORIENTED_EDGE('',*,*,#2731,.T.);
#1640=ORIENTED_EDGE('',*,*,#2132,.F.);
#1641=ORIENTED_EDGE('',*,*,#2735,.F.);
#1642=ORIENTED_EDGE('',*,*,#2736,.T.);
#1643=ORIENTED_EDGE('',*,*,#2733,.T.);
#1644=ORIENTED_EDGE('',*,*,#2131,.F.);
#1645=ORIENTED_EDGE('',*,*,#2737,.F.);
#1646=ORIENTED_EDGE('',*,*,#2738,.T.);
#1647=ORIENTED_EDGE('',*,*,#2735,.T.);
#1648=ORIENTED_EDGE('',*,*,#2130,.T.);
#1649=ORIENTED_EDGE('',*,*,#2739,.F.);
#1650=ORIENTED_EDGE('',*,*,#2740,.F.);
#1651=ORIENTED_EDGE('',*,*,#2737,.T.);
#1652=ORIENTED_EDGE('',*,*,#2129,.F.);
#1653=ORIENTED_EDGE('',*,*,#2741,.F.);
#1654=ORIENTED_EDGE('',*,*,#2742,.T.);
#1655=ORIENTED_EDGE('',*,*,#2739,.T.);
#1656=ORIENTED_EDGE('',*,*,#2128,.F.);
#1657=ORIENTED_EDGE('',*,*,#2743,.F.);
#1658=ORIENTED_EDGE('',*,*,#2744,.T.);
#1659=ORIENTED_EDGE('',*,*,#2741,.T.);
#1660=ORIENTED_EDGE('',*,*,#2127,.T.);
#1661=ORIENTED_EDGE('',*,*,#2745,.F.);
#1662=ORIENTED_EDGE('',*,*,#2746,.F.);
#1663=ORIENTED_EDGE('',*,*,#2743,.T.);
#1664=ORIENTED_EDGE('',*,*,#2126,.F.);
#1665=ORIENTED_EDGE('',*,*,#2747,.F.);
#1666=ORIENTED_EDGE('',*,*,#2748,.T.);
#1667=ORIENTED_EDGE('',*,*,#2745,.T.);
#1668=ORIENTED_EDGE('',*,*,#2125,.F.);
#1669=ORIENTED_EDGE('',*,*,#2749,.F.);
#1670=ORIENTED_EDGE('',*,*,#2750,.T.);
#1671=ORIENTED_EDGE('',*,*,#2747,.T.);
#1672=ORIENTED_EDGE('',*,*,#2124,.T.);
#1673=ORIENTED_EDGE('',*,*,#2751,.F.);
#1674=ORIENTED_EDGE('',*,*,#2752,.F.);
#1675=ORIENTED_EDGE('',*,*,#2749,.T.);
#1676=ORIENTED_EDGE('',*,*,#2123,.F.);
#1677=ORIENTED_EDGE('',*,*,#2753,.F.);
#1678=ORIENTED_EDGE('',*,*,#2754,.T.);
#1679=ORIENTED_EDGE('',*,*,#2751,.T.);
#1680=ORIENTED_EDGE('',*,*,#2122,.F.);
#1681=ORIENTED_EDGE('',*,*,#2755,.F.);
#1682=ORIENTED_EDGE('',*,*,#2756,.T.);
#1683=ORIENTED_EDGE('',*,*,#2753,.T.);
#1684=ORIENTED_EDGE('',*,*,#2121,.T.);
#1685=ORIENTED_EDGE('',*,*,#2757,.F.);
#1686=ORIENTED_EDGE('',*,*,#2758,.F.);
#1687=ORIENTED_EDGE('',*,*,#2755,.T.);
#1688=ORIENTED_EDGE('',*,*,#2120,.F.);
#1689=ORIENTED_EDGE('',*,*,#2759,.F.);
#1690=ORIENTED_EDGE('',*,*,#2760,.T.);
#1691=ORIENTED_EDGE('',*,*,#2757,.T.);
#1692=ORIENTED_EDGE('',*,*,#2119,.F.);
#1693=ORIENTED_EDGE('',*,*,#2761,.F.);
#1694=ORIENTED_EDGE('',*,*,#2762,.T.);
#1695=ORIENTED_EDGE('',*,*,#2759,.T.);
#1696=ORIENTED_EDGE('',*,*,#2118,.T.);
#1697=ORIENTED_EDGE('',*,*,#2763,.F.);
#1698=ORIENTED_EDGE('',*,*,#2764,.F.);
#1699=ORIENTED_EDGE('',*,*,#2761,.T.);
#1700=ORIENTED_EDGE('',*,*,#2117,.F.);
#1701=ORIENTED_EDGE('',*,*,#2765,.F.);
#1702=ORIENTED_EDGE('',*,*,#2766,.T.);
#1703=ORIENTED_EDGE('',*,*,#2763,.T.);
#1704=ORIENTED_EDGE('',*,*,#2116,.F.);
#1705=ORIENTED_EDGE('',*,*,#2767,.F.);
#1706=ORIENTED_EDGE('',*,*,#2768,.T.);
#1707=ORIENTED_EDGE('',*,*,#2765,.T.);
#1708=ORIENTED_EDGE('',*,*,#2115,.T.);
#1709=ORIENTED_EDGE('',*,*,#2769,.F.);
#1710=ORIENTED_EDGE('',*,*,#2770,.F.);
#1711=ORIENTED_EDGE('',*,*,#2767,.T.);
#1712=ORIENTED_EDGE('',*,*,#2114,.F.);
#1713=ORIENTED_EDGE('',*,*,#2771,.F.);
#1714=ORIENTED_EDGE('',*,*,#2772,.T.);
#1715=ORIENTED_EDGE('',*,*,#2769,.T.);
#1716=ORIENTED_EDGE('',*,*,#2113,.F.);
#1717=ORIENTED_EDGE('',*,*,#2773,.F.);
#1718=ORIENTED_EDGE('',*,*,#2774,.T.);
#1719=ORIENTED_EDGE('',*,*,#2771,.T.);
#1720=ORIENTED_EDGE('',*,*,#2112,.T.);
#1721=ORIENTED_EDGE('',*,*,#2775,.F.);
#1722=ORIENTED_EDGE('',*,*,#2776,.F.);
#1723=ORIENTED_EDGE('',*,*,#2773,.T.);
#1724=ORIENTED_EDGE('',*,*,#2111,.F.);
#1725=ORIENTED_EDGE('',*,*,#2777,.F.);
#1726=ORIENTED_EDGE('',*,*,#2778,.T.);
#1727=ORIENTED_EDGE('',*,*,#2775,.T.);
#1728=ORIENTED_EDGE('',*,*,#2110,.F.);
#1729=ORIENTED_EDGE('',*,*,#2779,.F.);
#1730=ORIENTED_EDGE('',*,*,#2780,.T.);
#1731=ORIENTED_EDGE('',*,*,#2777,.T.);
#1732=ORIENTED_EDGE('',*,*,#2109,.T.);
#1733=ORIENTED_EDGE('',*,*,#2781,.F.);
#1734=ORIENTED_EDGE('',*,*,#2782,.F.);
#1735=ORIENTED_EDGE('',*,*,#2779,.T.);
#1736=ORIENTED_EDGE('',*,*,#2108,.F.);
#1737=ORIENTED_EDGE('',*,*,#2783,.F.);
#1738=ORIENTED_EDGE('',*,*,#2784,.T.);
#1739=ORIENTED_EDGE('',*,*,#2781,.T.);
#1740=ORIENTED_EDGE('',*,*,#2107,.F.);
#1741=ORIENTED_EDGE('',*,*,#2785,.F.);
#1742=ORIENTED_EDGE('',*,*,#2786,.T.);
#1743=ORIENTED_EDGE('',*,*,#2783,.T.);
#1744=ORIENTED_EDGE('',*,*,#2106,.T.);
#1745=ORIENTED_EDGE('',*,*,#2787,.F.);
#1746=ORIENTED_EDGE('',*,*,#2788,.F.);
#1747=ORIENTED_EDGE('',*,*,#2785,.T.);
#1748=ORIENTED_EDGE('',*,*,#2105,.F.);
#1749=ORIENTED_EDGE('',*,*,#2789,.F.);
#1750=ORIENTED_EDGE('',*,*,#2790,.T.);
#1751=ORIENTED_EDGE('',*,*,#2787,.T.);
#1752=ORIENTED_EDGE('',*,*,#2104,.F.);
#1753=ORIENTED_EDGE('',*,*,#2791,.F.);
#1754=ORIENTED_EDGE('',*,*,#2792,.T.);
#1755=ORIENTED_EDGE('',*,*,#2789,.T.);
#1756=ORIENTED_EDGE('',*,*,#2103,.T.);
#1757=ORIENTED_EDGE('',*,*,#2793,.F.);
#1758=ORIENTED_EDGE('',*,*,#2794,.F.);
#1759=ORIENTED_EDGE('',*,*,#2791,.T.);
#1760=ORIENTED_EDGE('',*,*,#2102,.F.);
#1761=ORIENTED_EDGE('',*,*,#2795,.F.);
#1762=ORIENTED_EDGE('',*,*,#2796,.T.);
#1763=ORIENTED_EDGE('',*,*,#2793,.T.);
#1764=ORIENTED_EDGE('',*,*,#2101,.F.);
#1765=ORIENTED_EDGE('',*,*,#2797,.F.);
#1766=ORIENTED_EDGE('',*,*,#2798,.T.);
#1767=ORIENTED_EDGE('',*,*,#2795,.T.);
#1768=ORIENTED_EDGE('',*,*,#2100,.T.);
#1769=ORIENTED_EDGE('',*,*,#2799,.F.);
#1770=ORIENTED_EDGE('',*,*,#2800,.F.);
#1771=ORIENTED_EDGE('',*,*,#2797,.T.);
#1772=ORIENTED_EDGE('',*,*,#2099,.F.);
#1773=ORIENTED_EDGE('',*,*,#2801,.F.);
#1774=ORIENTED_EDGE('',*,*,#2802,.T.);
#1775=ORIENTED_EDGE('',*,*,#2799,.T.);
#1776=ORIENTED_EDGE('',*,*,#2098,.F.);
#1777=ORIENTED_EDGE('',*,*,#2803,.F.);
#1778=ORIENTED_EDGE('',*,*,#2804,.T.);
#1779=ORIENTED_EDGE('',*,*,#2801,.T.);
#1780=ORIENTED_EDGE('',*,*,#2097,.T.);
#1781=ORIENTED_EDGE('',*,*,#2805,.F.);
#1782=ORIENTED_EDGE('',*,*,#2806,.F.);
#1783=ORIENTED_EDGE('',*,*,#2803,.T.);
#1784=ORIENTED_EDGE('',*,*,#2096,.F.);
#1785=ORIENTED_EDGE('',*,*,#2807,.F.);
#1786=ORIENTED_EDGE('',*,*,#2808,.T.);
#1787=ORIENTED_EDGE('',*,*,#2805,.T.);
#1788=ORIENTED_EDGE('',*,*,#2095,.F.);
#1789=ORIENTED_EDGE('',*,*,#2809,.F.);
#1790=ORIENTED_EDGE('',*,*,#2810,.T.);
#1791=ORIENTED_EDGE('',*,*,#2807,.T.);
#1792=ORIENTED_EDGE('',*,*,#2094,.T.);
#1793=ORIENTED_EDGE('',*,*,#2811,.F.);
#1794=ORIENTED_EDGE('',*,*,#2812,.F.);
#1795=ORIENTED_EDGE('',*,*,#2809,.T.);
#1796=ORIENTED_EDGE('',*,*,#2093,.F.);
#1797=ORIENTED_EDGE('',*,*,#2813,.F.);
#1798=ORIENTED_EDGE('',*,*,#2814,.T.);
#1799=ORIENTED_EDGE('',*,*,#2811,.T.);
#1800=ORIENTED_EDGE('',*,*,#2092,.F.);
#1801=ORIENTED_EDGE('',*,*,#2815,.F.);
#1802=ORIENTED_EDGE('',*,*,#2816,.T.);
#1803=ORIENTED_EDGE('',*,*,#2813,.T.);
#1804=ORIENTED_EDGE('',*,*,#2091,.T.);
#1805=ORIENTED_EDGE('',*,*,#2817,.F.);
#1806=ORIENTED_EDGE('',*,*,#2818,.F.);
#1807=ORIENTED_EDGE('',*,*,#2815,.T.);
#1808=ORIENTED_EDGE('',*,*,#2090,.F.);
#1809=ORIENTED_EDGE('',*,*,#2462,.F.);
#1810=ORIENTED_EDGE('',*,*,#2819,.T.);
#1811=ORIENTED_EDGE('',*,*,#2817,.T.);
#1812=ORIENTED_EDGE('',*,*,#2461,.F.);
#1813=ORIENTED_EDGE('',*,*,#2464,.T.);
#1814=ORIENTED_EDGE('',*,*,#2466,.F.);
#1815=ORIENTED_EDGE('',*,*,#2468,.F.);
#1816=ORIENTED_EDGE('',*,*,#2470,.T.);
#1817=ORIENTED_EDGE('',*,*,#2472,.F.);
#1818=ORIENTED_EDGE('',*,*,#2474,.F.);
#1819=ORIENTED_EDGE('',*,*,#2476,.T.);
#1820=ORIENTED_EDGE('',*,*,#2478,.F.);
#1821=ORIENTED_EDGE('',*,*,#2480,.F.);
#1822=ORIENTED_EDGE('',*,*,#2482,.T.);
#1823=ORIENTED_EDGE('',*,*,#2484,.F.);
#1824=ORIENTED_EDGE('',*,*,#2486,.F.);
#1825=ORIENTED_EDGE('',*,*,#2488,.T.);
#1826=ORIENTED_EDGE('',*,*,#2490,.F.);
#1827=ORIENTED_EDGE('',*,*,#2492,.F.);
#1828=ORIENTED_EDGE('',*,*,#2494,.T.);
#1829=ORIENTED_EDGE('',*,*,#2496,.F.);
#1830=ORIENTED_EDGE('',*,*,#2498,.F.);
#1831=ORIENTED_EDGE('',*,*,#2500,.T.);
#1832=ORIENTED_EDGE('',*,*,#2502,.F.);
#1833=ORIENTED_EDGE('',*,*,#2504,.F.);
#1834=ORIENTED_EDGE('',*,*,#2506,.T.);
#1835=ORIENTED_EDGE('',*,*,#2508,.F.);
#1836=ORIENTED_EDGE('',*,*,#2510,.F.);
#1837=ORIENTED_EDGE('',*,*,#2512,.T.);
#1838=ORIENTED_EDGE('',*,*,#2514,.F.);
#1839=ORIENTED_EDGE('',*,*,#2516,.F.);
#1840=ORIENTED_EDGE('',*,*,#2518,.T.);
#1841=ORIENTED_EDGE('',*,*,#2520,.F.);
#1842=ORIENTED_EDGE('',*,*,#2522,.F.);
#1843=ORIENTED_EDGE('',*,*,#2524,.T.);
#1844=ORIENTED_EDGE('',*,*,#2526,.F.);
#1845=ORIENTED_EDGE('',*,*,#2528,.F.);
#1846=ORIENTED_EDGE('',*,*,#2530,.T.);
#1847=ORIENTED_EDGE('',*,*,#2532,.F.);
#1848=ORIENTED_EDGE('',*,*,#2534,.F.);
#1849=ORIENTED_EDGE('',*,*,#2536,.T.);
#1850=ORIENTED_EDGE('',*,*,#2538,.F.);
#1851=ORIENTED_EDGE('',*,*,#2540,.F.);
#1852=ORIENTED_EDGE('',*,*,#2542,.T.);
#1853=ORIENTED_EDGE('',*,*,#2544,.F.);
#1854=ORIENTED_EDGE('',*,*,#2546,.F.);
#1855=ORIENTED_EDGE('',*,*,#2548,.T.);
#1856=ORIENTED_EDGE('',*,*,#2550,.F.);
#1857=ORIENTED_EDGE('',*,*,#2552,.F.);
#1858=ORIENTED_EDGE('',*,*,#2554,.T.);
#1859=ORIENTED_EDGE('',*,*,#2556,.F.);
#1860=ORIENTED_EDGE('',*,*,#2558,.F.);
#1861=ORIENTED_EDGE('',*,*,#2560,.T.);
#1862=ORIENTED_EDGE('',*,*,#2562,.F.);
#1863=ORIENTED_EDGE('',*,*,#2564,.F.);
#1864=ORIENTED_EDGE('',*,*,#2566,.T.);
#1865=ORIENTED_EDGE('',*,*,#2568,.F.);
#1866=ORIENTED_EDGE('',*,*,#2570,.F.);
#1867=ORIENTED_EDGE('',*,*,#2572,.T.);
#1868=ORIENTED_EDGE('',*,*,#2574,.F.);
#1869=ORIENTED_EDGE('',*,*,#2576,.F.);
#1870=ORIENTED_EDGE('',*,*,#2578,.T.);
#1871=ORIENTED_EDGE('',*,*,#2580,.F.);
#1872=ORIENTED_EDGE('',*,*,#2582,.F.);
#1873=ORIENTED_EDGE('',*,*,#2584,.T.);
#1874=ORIENTED_EDGE('',*,*,#2586,.F.);
#1875=ORIENTED_EDGE('',*,*,#2588,.F.);
#1876=ORIENTED_EDGE('',*,*,#2590,.T.);
#1877=ORIENTED_EDGE('',*,*,#2592,.F.);
#1878=ORIENTED_EDGE('',*,*,#2594,.F.);
#1879=ORIENTED_EDGE('',*,*,#2596,.T.);
#1880=ORIENTED_EDGE('',*,*,#2598,.F.);
#1881=ORIENTED_EDGE('',*,*,#2600,.F.);
#1882=ORIENTED_EDGE('',*,*,#2602,.T.);
#1883=ORIENTED_EDGE('',*,*,#2604,.F.);
#1884=ORIENTED_EDGE('',*,*,#2606,.F.);
#1885=ORIENTED_EDGE('',*,*,#2608,.T.);
#1886=ORIENTED_EDGE('',*,*,#2610,.F.);
#1887=ORIENTED_EDGE('',*,*,#2612,.F.);
#1888=ORIENTED_EDGE('',*,*,#2614,.T.);
#1889=ORIENTED_EDGE('',*,*,#2616,.F.);
#1890=ORIENTED_EDGE('',*,*,#2618,.F.);
#1891=ORIENTED_EDGE('',*,*,#2620,.T.);
#1892=ORIENTED_EDGE('',*,*,#2622,.F.);
#1893=ORIENTED_EDGE('',*,*,#2624,.F.);
#1894=ORIENTED_EDGE('',*,*,#2626,.T.);
#1895=ORIENTED_EDGE('',*,*,#2628,.F.);
#1896=ORIENTED_EDGE('',*,*,#2630,.F.);
#1897=ORIENTED_EDGE('',*,*,#2632,.T.);
#1898=ORIENTED_EDGE('',*,*,#2634,.F.);
#1899=ORIENTED_EDGE('',*,*,#2636,.F.);
#1900=ORIENTED_EDGE('',*,*,#2638,.T.);
#1901=ORIENTED_EDGE('',*,*,#2640,.F.);
#1902=ORIENTED_EDGE('',*,*,#2642,.F.);
#1903=ORIENTED_EDGE('',*,*,#2644,.T.);
#1904=ORIENTED_EDGE('',*,*,#2646,.F.);
#1905=ORIENTED_EDGE('',*,*,#2648,.F.);
#1906=ORIENTED_EDGE('',*,*,#2650,.T.);
#1907=ORIENTED_EDGE('',*,*,#2652,.F.);
#1908=ORIENTED_EDGE('',*,*,#2654,.F.);
#1909=ORIENTED_EDGE('',*,*,#2656,.T.);
#1910=ORIENTED_EDGE('',*,*,#2658,.F.);
#1911=ORIENTED_EDGE('',*,*,#2660,.F.);
#1912=ORIENTED_EDGE('',*,*,#2662,.T.);
#1913=ORIENTED_EDGE('',*,*,#2664,.F.);
#1914=ORIENTED_EDGE('',*,*,#2666,.F.);
#1915=ORIENTED_EDGE('',*,*,#2668,.T.);
#1916=ORIENTED_EDGE('',*,*,#2670,.F.);
#1917=ORIENTED_EDGE('',*,*,#2672,.F.);
#1918=ORIENTED_EDGE('',*,*,#2674,.T.);
#1919=ORIENTED_EDGE('',*,*,#2676,.F.);
#1920=ORIENTED_EDGE('',*,*,#2678,.F.);
#1921=ORIENTED_EDGE('',*,*,#2680,.T.);
#1922=ORIENTED_EDGE('',*,*,#2682,.F.);
#1923=ORIENTED_EDGE('',*,*,#2684,.F.);
#1924=ORIENTED_EDGE('',*,*,#2686,.T.);
#1925=ORIENTED_EDGE('',*,*,#2688,.F.);
#1926=ORIENTED_EDGE('',*,*,#2690,.F.);
#1927=ORIENTED_EDGE('',*,*,#2692,.T.);
#1928=ORIENTED_EDGE('',*,*,#2694,.F.);
#1929=ORIENTED_EDGE('',*,*,#2696,.F.);
#1930=ORIENTED_EDGE('',*,*,#2698,.T.);
#1931=ORIENTED_EDGE('',*,*,#2700,.F.);
#1932=ORIENTED_EDGE('',*,*,#2702,.F.);
#1933=ORIENTED_EDGE('',*,*,#2704,.T.);
#1934=ORIENTED_EDGE('',*,*,#2706,.F.);
#1935=ORIENTED_EDGE('',*,*,#2708,.F.);
#1936=ORIENTED_EDGE('',*,*,#2710,.T.);
#1937=ORIENTED_EDGE('',*,*,#2712,.F.);
#1938=ORIENTED_EDGE('',*,*,#2714,.F.);
#1939=ORIENTED_EDGE('',*,*,#2716,.T.);
#1940=ORIENTED_EDGE('',*,*,#2718,.F.);
#1941=ORIENTED_EDGE('',*,*,#2720,.F.);
#1942=ORIENTED_EDGE('',*,*,#2722,.T.);
#1943=ORIENTED_EDGE('',*,*,#2724,.F.);
#1944=ORIENTED_EDGE('',*,*,#2726,.F.);
#1945=ORIENTED_EDGE('',*,*,#2728,.T.);
#1946=ORIENTED_EDGE('',*,*,#2730,.F.);
#1947=ORIENTED_EDGE('',*,*,#2732,.F.);
#1948=ORIENTED_EDGE('',*,*,#2734,.T.);
#1949=ORIENTED_EDGE('',*,*,#2736,.F.);
#1950=ORIENTED_EDGE('',*,*,#2738,.F.);
#1951=ORIENTED_EDGE('',*,*,#2740,.T.);
#1952=ORIENTED_EDGE('',*,*,#2742,.F.);
#1953=ORIENTED_EDGE('',*,*,#2744,.F.);
#1954=ORIENTED_EDGE('',*,*,#2746,.T.);
#1955=ORIENTED_EDGE('',*,*,#2748,.F.);
#1956=ORIENTED_EDGE('',*,*,#2750,.F.);
#1957=ORIENTED_EDGE('',*,*,#2752,.T.);
#1958=ORIENTED_EDGE('',*,*,#2754,.F.);
#1959=ORIENTED_EDGE('',*,*,#2756,.F.);
#1960=ORIENTED_EDGE('',*,*,#2758,.T.);
#1961=ORIENTED_EDGE('',*,*,#2760,.F.);
#1962=ORIENTED_EDGE('',*,*,#2762,.F.);
#1963=ORIENTED_EDGE('',*,*,#2764,.T.);
#1964=ORIENTED_EDGE('',*,*,#2766,.F.);
#1965=ORIENTED_EDGE('',*,*,#2768,.F.);
#1966=ORIENTED_EDGE('',*,*,#2770,.T.);
#1967=ORIENTED_EDGE('',*,*,#2772,.F.);
#1968=ORIENTED_EDGE('',*,*,#2774,.F.);
#1969=ORIENTED_EDGE('',*,*,#2776,.T.);
#1970=ORIENTED_EDGE('',*,*,#2778,.F.);
#1971=ORIENTED_EDGE('',*,*,#2780,.F.);
#1972=ORIENTED_EDGE('',*,*,#2782,.T.);
#1973=ORIENTED_EDGE('',*,*,#2784,.F.);
#1974=ORIENTED_EDGE('',*,*,#2786,.F.);
#1975=ORIENTED_EDGE('',*,*,#2788,.T.);
#1976=ORIENTED_EDGE('',*,*,#2790,.F.);
#1977=ORIENTED_EDGE('',*,*,#2792,.F.);
#1978=ORIENTED_EDGE('',*,*,#2794,.T.);
#1979=ORIENTED_EDGE('',*,*,#2796,.F.);
#1980=ORIENTED_EDGE('',*,*,#2798,.F.);
#1981=ORIENTED_EDGE('',*,*,#2800,.T.);
#1982=ORIENTED_EDGE('',*,*,#2802,.F.);
#1983=ORIENTED_EDGE('',*,*,#2804,.F.);
#1984=ORIENTED_EDGE('',*,*,#2806,.T.);
#1985=ORIENTED_EDGE('',*,*,#2808,.F.);
#1986=ORIENTED_EDGE('',*,*,#2810,.F.);
#1987=ORIENTED_EDGE('',*,*,#2812,.T.);
#1988=ORIENTED_EDGE('',*,*,#2814,.F.);
#1989=ORIENTED_EDGE('',*,*,#2816,.F.);
#1990=ORIENTED_EDGE('',*,*,#2818,.T.);
#1991=ORIENTED_EDGE('',*,*,#2819,.F.);
#1992=EDGE_CURVE('',#2820,#2821,#3372,.T.);
#1993=EDGE_CURVE('',#2821,#2822,#184,.T.);
#1994=EDGE_CURVE('',#2822,#2823,#3373,.T.);
#1995=EDGE_CURVE('',#2823,#2824,#120,.T.);
#1996=EDGE_CURVE('',#2824,#2825,#3374,.T.);
#1997=EDGE_CURVE('',#2825,#2826,#121,.T.);
#1998=EDGE_CURVE('',#2826,#2827,#3375,.T.);
#1999=EDGE_CURVE('',#2827,#2828,#185,.T.);
#2000=EDGE_CURVE('',#2828,#2829,#3376,.T.);
#2001=EDGE_CURVE('',#2829,#2830,#122,.T.);
#2002=EDGE_CURVE('',#2830,#2831,#3377,.T.);
#2003=EDGE_CURVE('',#2831,#2832,#123,.T.);
#2004=EDGE_CURVE('',#2832,#2833,#3378,.T.);
#2005=EDGE_CURVE('',#2833,#2834,#186,.T.);
#2006=EDGE_CURVE('',#2834,#2835,#3379,.T.);
#2007=EDGE_CURVE('',#2835,#2836,#124,.T.);
#2008=EDGE_CURVE('',#2836,#2837,#3380,.T.);
#2009=EDGE_CURVE('',#2837,#2838,#125,.T.);
#2010=EDGE_CURVE('',#2838,#2839,#3381,.T.);
#2011=EDGE_CURVE('',#2839,#2840,#187,.T.);
#2012=EDGE_CURVE('',#2840,#2841,#3382,.T.);
#2013=EDGE_CURVE('',#2841,#2842,#126,.T.);
#2014=EDGE_CURVE('',#2842,#2843,#3383,.T.);
#2015=EDGE_CURVE('',#2843,#2844,#127,.T.);
#2016=EDGE_CURVE('',#2844,#2845,#3384,.T.);
#2017=EDGE_CURVE('',#2845,#2846,#188,.T.);
#2018=EDGE_CURVE('',#2846,#2847,#3385,.T.);
#2019=EDGE_CURVE('',#2847,#2848,#128,.T.);
#2020=EDGE_CURVE('',#2848,#2849,#3386,.T.);
#2021=EDGE_CURVE('',#2849,#2850,#129,.T.);
#2022=EDGE_CURVE('',#2850,#2851,#3387,.T.);
#2023=EDGE_CURVE('',#2851,#2852,#189,.T.);
#2024=EDGE_CURVE('',#2852,#2853,#3388,.T.);
#2025=EDGE_CURVE('',#2853,#2854,#130,.T.);
#2026=EDGE_CURVE('',#2854,#2855,#3389,.T.);
#2027=EDGE_CURVE('',#2855,#2856,#131,.T.);
#2028=EDGE_CURVE('',#2856,#2857,#3390,.T.);
#2029=EDGE_CURVE('',#2857,#2858,#190,.T.);
#2030=EDGE_CURVE('',#2858,#2859,#3391,.T.);
#2031=EDGE_CURVE('',#2859,#2860,#132,.T.);
#2032=EDGE_CURVE('',#2860,#2861,#3392,.T.);
#2033=EDGE_CURVE('',#2861,#2862,#133,.T.);
#2034=EDGE_CURVE('',#2862,#2863,#3393,.T.);
#2035=EDGE_CURVE('',#2863,#2864,#191,.T.);
#2036=EDGE_CURVE('',#2864,#2865,#3394,.T.);
#2037=EDGE_CURVE('',#2865,#2866,#134,.T.);
#2038=EDGE_CURVE('',#2866,#2867,#3395,.T.);
#2039=EDGE_CURVE('',#2867,#2868,#135,.T.);
#2040=EDGE_CURVE('',#2868,#2869,#3396,.T.);
#2041=EDGE_CURVE('',#2869,#2870,#192,.T.);
#2042=EDGE_CURVE('',#2870,#2871,#3397,.T.);
#2043=EDGE_CURVE('',#2871,#2872,#136,.T.);
#2044=EDGE_CURVE('',#2872,#2873,#3398,.T.);
#2045=EDGE_CURVE('',#2873,#2874,#137,.T.);
#2046=EDGE_CURVE('',#2874,#2875,#3399,.T.);
#2047=EDGE_CURVE('',#2875,#2876,#193,.T.);
#2048=EDGE_CURVE('',#2876,#2877,#3400,.T.);
#2049=EDGE_CURVE('',#2877,#2878,#138,.T.);
#2050=EDGE_CURVE('',#2878,#2879,#3401,.T.);
#2051=EDGE_CURVE('',#2879,#2880,#139,.T.);
#2052=EDGE_CURVE('',#2880,#2881,#3402,.T.);
#2053=EDGE_CURVE('',#2881,#2882,#194,.T.);
#2054=EDGE_CURVE('',#2882,#2883,#3403,.T.);
#2055=EDGE_CURVE('',#2883,#2884,#140,.T.);
#2056=EDGE_CURVE('',#2884,#2885,#3404,.T.);
#2057=EDGE_CURVE('',#2885,#2886,#141,.T.);
#2058=EDGE_CURVE('',#2886,#2887,#3405,.T.);
#2059=EDGE_CURVE('',#2887,#2888,#195,.T.);
#2060=EDGE_CURVE('',#2888,#2889,#3406,.T.);
#2061=EDGE_CURVE('',#2889,#2890,#142,.T.);
#2062=EDGE_CURVE('',#2890,#2891,#3407,.T.);
#2063=EDGE_CURVE('',#2891,#2892,#143,.T.);
#2064=EDGE_CURVE('',#2892,#2893,#3408,.T.);
#2065=EDGE_CURVE('',#2893,#2894,#196,.T.);
#2066=EDGE_CURVE('',#2894,#2895,#3409,.T.);
#2067=EDGE_CURVE('',#2895,#2896,#144,.T.);
#2068=EDGE_CURVE('',#2896,#2897,#3410,.T.);
#2069=EDGE_CURVE('',#2897,#2898,#145,.T.);
#2070=EDGE_CURVE('',#2898,#2899,#3411,.T.);
#2071=EDGE_CURVE('',#2899,#2900,#197,.T.);
#2072=EDGE_CURVE('',#2900,#2901,#3412,.T.);
#2073=EDGE_CURVE('',#2901,#2902,#146,.T.);
#2074=EDGE_CURVE('',#2902,#2903,#3413,.T.);
#2075=EDGE_CURVE('',#2903,#2904,#147,.T.);
#2076=EDGE_CURVE('',#2904,#2905,#3414,.T.);
#2077=EDGE_CURVE('',#2905,#2906,#198,.T.);
#2078=EDGE_CURVE('',#2906,#2907,#3415,.T.);
#2079=EDGE_CURVE('',#2907,#2908,#148,.T.);
#2080=EDGE_CURVE('',#2908,#2909,#3416,.T.);
#2081=EDGE_CURVE('',#2909,#2910,#149,.T.);
#2082=EDGE_CURVE('',#2910,#2911,#3417,.T.);
#2083=EDGE_CURVE('',#2911,#2912,#199,.T.);
#2084=EDGE_CURVE('',#2912,#2913,#3418,.T.);
#2085=EDGE_CURVE('',#2913,#2914,#150,.T.);
#2086=EDGE_CURVE('',#2914,#2915,#3419,.T.);
#2087=EDGE_CURVE('',#2915,#2820,#151,.T.);
#2088=EDGE_CURVE('',#2916,#2917,#200,.T.);
#2089=EDGE_CURVE('',#2916,#2918,#3420,.T.);
#2090=EDGE_CURVE('',#2918,#2919,#3421,.T.);
#2091=EDGE_CURVE('',#2920,#2919,#201,.T.);
#2092=EDGE_CURVE('',#2920,#2921,#3422,.T.);
#2093=EDGE_CURVE('',#2921,#2922,#3423,.T.);
#2094=EDGE_CURVE('',#2923,#2922,#202,.T.);
#2095=EDGE_CURVE('',#2923,#2924,#3424,.T.);
#2096=EDGE_CURVE('',#2924,#2925,#3425,.T.);
#2097=EDGE_CURVE('',#2926,#2925,#203,.T.);
#2098=EDGE_CURVE('',#2926,#2927,#3426,.T.);
#2099=EDGE_CURVE('',#2927,#2928,#3427,.T.);
#2100=EDGE_CURVE('',#2929,#2928,#204,.T.);
#2101=EDGE_CURVE('',#2929,#2930,#3428,.T.);
#2102=EDGE_CURVE('',#2930,#2931,#3429,.T.);
#2103=EDGE_CURVE('',#2932,#2931,#205,.T.);
#2104=EDGE_CURVE('',#2932,#2933,#3430,.T.);
#2105=EDGE_CURVE('',#2933,#2934,#3431,.T.);
#2106=EDGE_CURVE('',#2935,#2934,#206,.T.);
#2107=EDGE_CURVE('',#2935,#2936,#3432,.T.);
#2108=EDGE_CURVE('',#2936,#2937,#3433,.T.);
#2109=EDGE_CURVE('',#2938,#2937,#207,.T.);
#2110=EDGE_CURVE('',#2938,#2939,#3434,.T.);
#2111=EDGE_CURVE('',#2939,#2940,#3435,.T.);
#2112=EDGE_CURVE('',#2941,#2940,#208,.T.);
#2113=EDGE_CURVE('',#2941,#2942,#3436,.T.);
#2114=EDGE_CURVE('',#2942,#2943,#3437,.T.);
#2115=EDGE_CURVE('',#2944,#2943,#209,.T.);
#2116=EDGE_CURVE('',#2944,#2945,#3438,.T.);
#2117=EDGE_CURVE('',#2945,#2946,#3439,.T.);
#2118=EDGE_CURVE('',#2947,#2946,#210,.T.);
#2119=EDGE_CURVE('',#2947,#2948,#3440,.T.);
#2120=EDGE_CURVE('',#2948,#2949,#3441,.T.);
#2121=EDGE_CURVE('',#2950,#2949,#211,.T.);
#2122=EDGE_CURVE('',#2950,#2951,#3442,.T.);
#2123=EDGE_CURVE('',#2951,#2952,#3443,.T.);
#2124=EDGE_CURVE('',#2953,#2952,#212,.T.);
#2125=EDGE_CURVE('',#2953,#2954,#3444,.T.);
#2126=EDGE_CURVE('',#2954,#2955,#3445,.T.);
#2127=EDGE_CURVE('',#2956,#2955,#213,.T.);
#2128=EDGE_CURVE('',#2956,#2957,#3446,.T.);
#2129=EDGE_CURVE('',#2957,#2958,#3447,.T.);
#2130=EDGE_CURVE('',#2959,#2958,#214,.T.);
#2131=EDGE_CURVE('',#2959,#2960,#3448,.T.);
#2132=EDGE_CURVE('',#2960,#2961,#3449,.T.);
#2133=EDGE_CURVE('',#2962,#2961,#215,.T.);
#2134=EDGE_CURVE('',#2962,#2963,#3450,.T.);
#2135=EDGE_CURVE('',#2963,#2964,#3451,.T.);
#2136=EDGE_CURVE('',#2965,#2964,#216,.T.);
#2137=EDGE_CURVE('',#2965,#2966,#3452,.T.);
#2138=EDGE_CURVE('',#2966,#2967,#3453,.T.);
#2139=EDGE_CURVE('',#2968,#2967,#217,.T.);
#2140=EDGE_CURVE('',#2968,#2969,#3454,.T.);
#2141=EDGE_CURVE('',#2969,#2970,#3455,.T.);
#2142=EDGE_CURVE('',#2971,#2970,#218,.T.);
#2143=EDGE_CURVE('',#2971,#2972,#3456,.T.);
#2144=EDGE_CURVE('',#2972,#2973,#3457,.T.);
#2145=EDGE_CURVE('',#2974,#2973,#219,.T.);
#2146=EDGE_CURVE('',#2974,#2975,#3458,.T.);
#2147=EDGE_CURVE('',#2975,#2976,#3459,.T.);
#2148=EDGE_CURVE('',#2977,#2976,#220,.T.);
#2149=EDGE_CURVE('',#2977,#2978,#3460,.T.);
#2150=EDGE_CURVE('',#2978,#2979,#3461,.T.);
#2151=EDGE_CURVE('',#2980,#2979,#221,.T.);
#2152=EDGE_CURVE('',#2980,#2981,#3462,.T.);
#2153=EDGE_CURVE('',#2981,#2982,#3463,.T.);
#2154=EDGE_CURVE('',#2983,#2982,#222,.T.);
#2155=EDGE_CURVE('',#2983,#2984,#3464,.T.);
#2156=EDGE_CURVE('',#2984,#2985,#3465,.T.);
#2157=EDGE_CURVE('',#2986,#2985,#223,.T.);
#2158=EDGE_CURVE('',#2986,#2987,#3466,.T.);
#2159=EDGE_CURVE('',#2987,#2988,#3467,.T.);
#2160=EDGE_CURVE('',#2989,#2988,#224,.T.);
#2161=EDGE_CURVE('',#2989,#2990,#3468,.T.);
#2162=EDGE_CURVE('',#2990,#2991,#3469,.T.);
#2163=EDGE_CURVE('',#2992,#2991,#225,.T.);
#2164=EDGE_CURVE('',#2992,#2993,#3470,.T.);
#2165=EDGE_CURVE('',#2993,#2994,#3471,.T.);
#2166=EDGE_CURVE('',#2995,#2994,#226,.T.);
#2167=EDGE_CURVE('',#2995,#2996,#3472,.T.);
#2168=EDGE_CURVE('',#2996,#2997,#3473,.T.);
#2169=EDGE_CURVE('',#2998,#2997,#227,.T.);
#2170=EDGE_CURVE('',#2998,#2999,#3474,.T.);
#2171=EDGE_CURVE('',#2999,#3000,#3475,.T.);
#2172=EDGE_CURVE('',#3001,#3000,#228,.T.);
#2173=EDGE_CURVE('',#3001,#3002,#3476,.T.);
#2174=EDGE_CURVE('',#3002,#3003,#3477,.T.);
#2175=EDGE_CURVE('',#3004,#3003,#229,.T.);
#2176=EDGE_CURVE('',#3004,#3005,#3478,.T.);
#2177=EDGE_CURVE('',#3005,#3006,#3479,.T.);
#2178=EDGE_CURVE('',#3007,#3006,#230,.T.);
#2179=EDGE_CURVE('',#3007,#3008,#3480,.T.);
#2180=EDGE_CURVE('',#3008,#3009,#3481,.T.);
#2181=EDGE_CURVE('',#3010,#3009,#231,.T.);
#2182=EDGE_CURVE('',#3010,#3011,#3482,.T.);
#2183=EDGE_CURVE('',#3011,#3012,#3483,.T.);
#2184=EDGE_CURVE('',#3013,#3012,#232,.T.);
#2185=EDGE_CURVE('',#3013,#3014,#3484,.T.);
#2186=EDGE_CURVE('',#3014,#3015,#3485,.T.);
#2187=EDGE_CURVE('',#3016,#3015,#233,.T.);
#2188=EDGE_CURVE('',#3016,#3017,#3486,.T.);
#2189=EDGE_CURVE('',#3017,#3018,#3487,.T.);
#2190=EDGE_CURVE('',#3019,#3018,#234,.T.);
#2191=EDGE_CURVE('',#3019,#3020,#3488,.T.);
#2192=EDGE_CURVE('',#3020,#3021,#3489,.T.);
#2193=EDGE_CURVE('',#3022,#3021,#235,.T.);
#2194=EDGE_CURVE('',#3022,#3023,#3490,.T.);
#2195=EDGE_CURVE('',#3023,#3024,#3491,.T.);
#2196=EDGE_CURVE('',#3025,#3024,#236,.T.);
#2197=EDGE_CURVE('',#3025,#3026,#3492,.T.);
#2198=EDGE_CURVE('',#3026,#3027,#3493,.T.);
#2199=EDGE_CURVE('',#3028,#3027,#237,.T.);
#2200=EDGE_CURVE('',#3028,#3029,#3494,.T.);
#2201=EDGE_CURVE('',#3029,#3030,#3495,.T.);
#2202=EDGE_CURVE('',#3031,#3030,#238,.T.);
#2203=EDGE_CURVE('',#3031,#3032,#3496,.T.);
#2204=EDGE_CURVE('',#3032,#3033,#3497,.T.);
#2205=EDGE_CURVE('',#3034,#3033,#239,.T.);
#2206=EDGE_CURVE('',#3034,#3035,#3498,.T.);
#2207=EDGE_CURVE('',#3035,#3036,#3499,.T.);
#2208=EDGE_CURVE('',#3037,#3036,#240,.T.);
#2209=EDGE_CURVE('',#3037,#3038,#3500,.T.);
#2210=EDGE_CURVE('',#3038,#3039,#3501,.T.);
#2211=EDGE_CURVE('',#3040,#3039,#241,.T.);
#2212=EDGE_CURVE('',#3040,#3041,#3502,.T.);
#2213=EDGE_CURVE('',#3041,#3042,#3503,.T.);
#2214=EDGE_CURVE('',#3043,#3042,#242,.T.);
#2215=EDGE_CURVE('',#3043,#3044,#3504,.T.);
#2216=EDGE_CURVE('',#3044,#3045,#3505,.T.);
#2217=EDGE_CURVE('',#3046,#3045,#243,.T.);
#2218=EDGE_CURVE('',#3046,#3047,#3506,.T.);
#2219=EDGE_CURVE('',#3047,#3048,#3507,.T.);
#2220=EDGE_CURVE('',#3049,#3048,#244,.T.);
#2221=EDGE_CURVE('',#3049,#3050,#3508,.T.);
#2222=EDGE_CURVE('',#3050,#3051,#3509,.T.);
#2223=EDGE_CURVE('',#3052,#3051,#245,.T.);
#2224=EDGE_CURVE('',#3052,#3053,#3510,.T.);
#2225=EDGE_CURVE('',#3053,#3054,#3511,.T.);
#2226=EDGE_CURVE('',#3055,#3054,#246,.T.);
#2227=EDGE_CURVE('',#3055,#3056,#3512,.T.);
#2228=EDGE_CURVE('',#3056,#3057,#3513,.T.);
#2229=EDGE_CURVE('',#3058,#3057,#247,.T.);
#2230=EDGE_CURVE('',#3058,#3059,#3514,.T.);
#2231=EDGE_CURVE('',#3059,#3060,#3515,.T.);
#2232=EDGE_CURVE('',#3061,#3060,#248,.T.);
#2233=EDGE_CURVE('',#3061,#3062,#3516,.T.);
#2234=EDGE_CURVE('',#3062,#3063,#3517,.T.);
#2235=EDGE_CURVE('',#3064,#3063,#249,.T.);
#2236=EDGE_CURVE('',#3064,#3065,#3518,.T.);
#2237=EDGE_CURVE('',#3065,#3066,#3519,.T.);
#2238=EDGE_CURVE('',#3067,#3066,#250,.T.);
#2239=EDGE_CURVE('',#3067,#3068,#3520,.T.);
#2240=EDGE_CURVE('',#3068,#3069,#3521,.T.);
#2241=EDGE_CURVE('',#3070,#3069,#251,.T.);
#2242=EDGE_CURVE('',#3070,#3071,#3522,.T.);
#2243=EDGE_CURVE('',#3071,#3072,#3523,.T.);
#2244=EDGE_CURVE('',#3073,#3072,#252,.T.);
#2245=EDGE_CURVE('',#3073,#3074,#3524,.T.);
#2246=EDGE_CURVE('',#3074,#3075,#3525,.T.);
#2247=EDGE_CURVE('',#3076,#3075,#253,.T.);
#2248=EDGE_CURVE('',#3076,#3077,#3526,.T.);
#2249=EDGE_CURVE('',#3077,#3078,#3527,.T.);
#2250=EDGE_CURVE('',#3079,#3078,#254,.T.);
#2251=EDGE_CURVE('',#3079,#3080,#3528,.T.);
#2252=EDGE_CURVE('',#3080,#3081,#3529,.T.);
#2253=EDGE_CURVE('',#3082,#3081,#255,.T.);
#2254=EDGE_CURVE('',#3082,#3083,#3530,.T.);
#2255=EDGE_CURVE('',#3083,#3084,#3531,.T.);
#2256=EDGE_CURVE('',#3085,#3084,#256,.T.);
#2257=EDGE_CURVE('',#3085,#3086,#3532,.T.);
#2258=EDGE_CURVE('',#3086,#3087,#3533,.T.);
#2259=EDGE_CURVE('',#3088,#3087,#257,.T.);
#2260=EDGE_CURVE('',#3088,#3089,#3534,.T.);
#2261=EDGE_CURVE('',#3089,#3090,#3535,.T.);
#2262=EDGE_CURVE('',#3091,#3090,#258,.T.);
#2263=EDGE_CURVE('',#3091,#3092,#3536,.T.);
#2264=EDGE_CURVE('',#3092,#3093,#3537,.T.);
#2265=EDGE_CURVE('',#3094,#3093,#259,.T.);
#2266=EDGE_CURVE('',#3094,#3095,#3538,.T.);
#2267=EDGE_CURVE('',#3095,#2917,#3539,.T.);
#2268=EDGE_CURVE('',#3096,#3097,#3540,.T.);
#2269=EDGE_CURVE('',#2821,#3097,#3541,.T.);
#2270=EDGE_CURVE('',#2820,#3096,#3542,.T.);
#2271=EDGE_CURVE('',#3097,#3098,#260,.T.);
#2272=EDGE_CURVE('',#2822,#3098,#3543,.T.);
#2273=EDGE_CURVE('',#3098,#3099,#3544,.T.);
#2274=EDGE_CURVE('',#2823,#3099,#3545,.T.);
#2275=EDGE_CURVE('',#3099,#3100,#152,.T.);
#2276=EDGE_CURVE('',#2824,#3100,#3546,.T.);
#2277=EDGE_CURVE('',#3100,#3101,#3547,.T.);
#2278=EDGE_CURVE('',#2825,#3101,#3548,.T.);
#2279=EDGE_CURVE('',#3101,#3102,#153,.T.);
#2280=EDGE_CURVE('',#2826,#3102,#3549,.T.);
#2281=EDGE_CURVE('',#3102,#3103,#3550,.T.);
#2282=EDGE_CURVE('',#2827,#3103,#3551,.T.);
#2283=EDGE_CURVE('',#3103,#3104,#261,.T.);
#2284=EDGE_CURVE('',#2828,#3104,#3552,.T.);
#2285=EDGE_CURVE('',#3104,#3105,#3553,.T.);
#2286=EDGE_CURVE('',#2829,#3105,#3554,.T.);
#2287=EDGE_CURVE('',#3105,#3106,#154,.T.);
#2288=EDGE_CURVE('',#2830,#3106,#3555,.T.);
#2289=EDGE_CURVE('',#3106,#3107,#3556,.T.);
#2290=EDGE_CURVE('',#2831,#3107,#3557,.T.);
#2291=EDGE_CURVE('',#3107,#3108,#155,.T.);
#2292=EDGE_CURVE('',#2832,#3108,#3558,.T.);
#2293=EDGE_CURVE('',#3108,#3109,#3559,.T.);
#2294=EDGE_CURVE('',#2833,#3109,#3560,.T.);
#2295=EDGE_CURVE('',#3109,#3110,#262,.T.);
#2296=EDGE_CURVE('',#2834,#3110,#3561,.T.);
#2297=EDGE_CURVE('',#3110,#3111,#3562,.T.);
#2298=EDGE_CURVE('',#2835,#3111,#3563,.T.);
#2299=EDGE_CURVE('',#3111,#3112,#156,.T.);
#2300=EDGE_CURVE('',#2836,#3112,#3564,.T.);
#2301=EDGE_CURVE('',#3112,#3113,#3565,.T.);
#2302=EDGE_CURVE('',#2837,#3113,#3566,.T.);
#2303=EDGE_CURVE('',#3113,#3114,#157,.T.);
#2304=EDGE_CURVE('',#2838,#3114,#3567,.T.);
#2305=EDGE_CURVE('',#3114,#3115,#3568,.T.);
#2306=EDGE_CURVE('',#2839,#3115,#3569,.T.);
#2307=EDGE_CURVE('',#3115,#3116,#263,.T.);
#2308=EDGE_CURVE('',#2840,#3116,#3570,.T.);
#2309=EDGE_CURVE('',#3116,#3117,#3571,.T.);
#2310=EDGE_CURVE('',#2841,#3117,#3572,.T.);
#2311=EDGE_CURVE('',#3117,#3118,#158,.T.);
#2312=EDGE_CURVE('',#2842,#3118,#3573,.T.);
#2313=EDGE_CURVE('',#3118,#3119,#3574,.T.);
#2314=EDGE_CURVE('',#2843,#3119,#3575,.T.);
#2315=EDGE_CURVE('',#3119,#3120,#159,.T.);
#2316=EDGE_CURVE('',#2844,#3120,#3576,.T.);
#2317=EDGE_CURVE('',#3120,#3121,#3577,.T.);
#2318=EDGE_CURVE('',#2845,#3121,#3578,.T.);
#2319=EDGE_CURVE('',#3121,#3122,#264,.T.);
#2320=EDGE_CURVE('',#2846,#3122,#3579,.T.);
#2321=EDGE_CURVE('',#3122,#3123,#3580,.T.);
#2322=EDGE_CURVE('',#2847,#3123,#3581,.T.);
#2323=EDGE_CURVE('',#3123,#3124,#160,.T.);
#2324=EDGE_CURVE('',#2848,#3124,#3582,.T.);
#2325=EDGE_CURVE('',#3124,#3125,#3583,.T.);
#2326=EDGE_CURVE('',#2849,#3125,#3584,.T.);
#2327=EDGE_CURVE('',#3125,#3126,#161,.T.);
#2328=EDGE_CURVE('',#2850,#3126,#3585,.T.);
#2329=EDGE_CURVE('',#3126,#3127,#3586,.T.);
#2330=EDGE_CURVE('',#2851,#3127,#3587,.T.);
#2331=EDGE_CURVE('',#3127,#3128,#265,.T.);
#2332=EDGE_CURVE('',#2852,#3128,#3588,.T.);
#2333=EDGE_CURVE('',#3128,#3129,#3589,.T.);
#2334=EDGE_CURVE('',#2853,#3129,#3590,.T.);
#2335=EDGE_CURVE('',#3129,#3130,#162,.T.);
#2336=EDGE_CURVE('',#2854,#3130,#3591,.T.);
#2337=EDGE_CURVE('',#3130,#3131,#3592,.T.);
#2338=EDGE_CURVE('',#2855,#3131,#3593,.T.);
#2339=EDGE_CURVE('',#3131,#3132,#163,.T.);
#2340=EDGE_CURVE('',#2856,#3132,#3594,.T.);
#2341=EDGE_CURVE('',#3132,#3133,#3595,.T.);
#2342=EDGE_CURVE('',#2857,#3133,#3596,.T.);
#2343=EDGE_CURVE('',#3133,#3134,#266,.T.);
#2344=EDGE_CURVE('',#2858,#3134,#3597,.T.);
#2345=EDGE_CURVE('',#3134,#3135,#3598,.T.);
#2346=EDGE_CURVE('',#2859,#3135,#3599,.T.);
#2347=EDGE_CURVE('',#3135,#3136,#164,.T.);
#2348=EDGE_CURVE('',#2860,#3136,#3600,.T.);
#2349=EDGE_CURVE('',#3136,#3137,#3601,.T.);
#2350=EDGE_CURVE('',#2861,#3137,#3602,.T.);
#2351=EDGE_CURVE('',#3137,#3138,#165,.T.);
#2352=EDGE_CURVE('',#2862,#3138,#3603,.T.);
#2353=EDGE_CURVE('',#3138,#3139,#3604,.T.);
#2354=EDGE_CURVE('',#2863,#3139,#3605,.T.);
#2355=EDGE_CURVE('',#3139,#3140,#267,.T.);
#2356=EDGE_CURVE('',#2864,#3140,#3606,.T.);
#2357=EDGE_CURVE('',#3140,#3141,#3607,.T.);
#2358=EDGE_CURVE('',#2865,#3141,#3608,.T.);
#2359=EDGE_CURVE('',#3141,#3142,#166,.T.);
#2360=EDGE_CURVE('',#2866,#3142,#3609,.T.);
#2361=EDGE_CURVE('',#3142,#3143,#3610,.T.);
#2362=EDGE_CURVE('',#2867,#3143,#3611,.T.);
#2363=EDGE_CURVE('',#3143,#3144,#167,.T.);
#2364=EDGE_CURVE('',#2868,#3144,#3612,.T.);
#2365=EDGE_CURVE('',#3144,#3145,#3613,.T.);
#2366=EDGE_CURVE('',#2869,#3145,#3614,.T.);
#2367=EDGE_CURVE('',#3145,#3146,#268,.T.);
#2368=EDGE_CURVE('',#2870,#3146,#3615,.T.);
#2369=EDGE_CURVE('',#3146,#3147,#3616,.T.);
#2370=EDGE_CURVE('',#2871,#3147,#3617,.T.);
#2371=EDGE_CURVE('',#3147,#3148,#168,.T.);
#2372=EDGE_CURVE('',#2872,#3148,#3618,.T.);
#2373=EDGE_CURVE('',#3148,#3149,#3619,.T.);
#2374=EDGE_CURVE('',#2873,#3149,#3620,.T.);
#2375=EDGE_CURVE('',#3149,#3150,#169,.T.);
#2376=EDGE_CURVE('',#2874,#3150,#3621,.T.);
#2377=EDGE_CURVE('',#3150,#3151,#3622,.T.);
#2378=EDGE_CURVE('',#2875,#3151,#3623,.T.);
#2379=EDGE_CURVE('',#3151,#3152,#269,.T.);
#2380=EDGE_CURVE('',#2876,#3152,#3624,.T.);
#2381=EDGE_CURVE('',#3152,#3153,#3625,.T.);
#2382=EDGE_CURVE('',#2877,#3153,#3626,.T.);
#2383=EDGE_CURVE('',#3153,#3154,#170,.T.);
#2384=EDGE_CURVE('',#2878,#3154,#3627,.T.);
#2385=EDGE_CURVE('',#3154,#3155,#3628,.T.);
#2386=EDGE_CURVE('',#2879,#3155,#3629,.T.);
#2387=EDGE_CURVE('',#3155,#3156,#171,.T.);
#2388=EDGE_CURVE('',#2880,#3156,#3630,.T.);
#2389=EDGE_CURVE('',#3156,#3157,#3631,.T.);
#2390=EDGE_CURVE('',#2881,#3157,#3632,.T.);
#2391=EDGE_CURVE('',#3157,#3158,#270,.T.);
#2392=EDGE_CURVE('',#2882,#3158,#3633,.T.);
#2393=EDGE_CURVE('',#3158,#3159,#3634,.T.);
#2394=EDGE_CURVE('',#2883,#3159,#3635,.T.);
#2395=EDGE_CURVE('',#3159,#3160,#172,.T.);
#2396=EDGE_CURVE('',#2884,#3160,#3636,.T.);
#2397=EDGE_CURVE('',#3160,#3161,#3637,.T.);
#2398=EDGE_CURVE('',#2885,#3161,#3638,.T.);
#2399=EDGE_CURVE('',#3161,#3162,#173,.T.);
#2400=EDGE_CURVE('',#2886,#3162,#3639,.T.);
#2401=EDGE_CURVE('',#3162,#3163,#3640,.T.);
#2402=EDGE_CURVE('',#2887,#3163,#3641,.T.);
#2403=EDGE_CURVE('',#3163,#3164,#271,.T.);
#2404=EDGE_CURVE('',#2888,#3164,#3642,.T.);
#2405=EDGE_CURVE('',#3164,#3165,#3643,.T.);
#2406=EDGE_CURVE('',#2889,#3165,#3644,.T.);
#2407=EDGE_CURVE('',#3165,#3166,#174,.T.);
#2408=EDGE_CURVE('',#2890,#3166,#3645,.T.);
#2409=EDGE_CURVE('',#3166,#3167,#3646,.T.);
#2410=EDGE_CURVE('',#2891,#3167,#3647,.T.);
#2411=EDGE_CURVE('',#3167,#3168,#175,.T.);
#2412=EDGE_CURVE('',#2892,#3168,#3648,.T.);
#2413=EDGE_CURVE('',#3168,#3169,#3649,.T.);
#2414=EDGE_CURVE('',#2893,#3169,#3650,.T.);
#2415=EDGE_CURVE('',#3169,#3170,#272,.T.);
#2416=EDGE_CURVE('',#2894,#3170,#3651,.T.);
#2417=EDGE_CURVE('',#3170,#3171,#3652,.T.);
#2418=EDGE_CURVE('',#2895,#3171,#3653,.T.);
#2419=EDGE_CURVE('',#3171,#3172,#176,.T.);
#2420=EDGE_CURVE('',#2896,#3172,#3654,.T.);
#2421=EDGE_CURVE('',#3172,#3173,#3655,.T.);
#2422=EDGE_CURVE('',#2897,#3173,#3656,.T.);
#2423=EDGE_CURVE('',#3173,#3174,#177,.T.);
#2424=EDGE_CURVE('',#2898,#3174,#3657,.T.);
#2425=EDGE_CURVE('',#3174,#3175,#3658,.T.);
#2426=EDGE_CURVE('',#2899,#3175,#3659,.T.);
#2427=EDGE_CURVE('',#3175,#3176,#273,.T.);
#2428=EDGE_CURVE('',#2900,#3176,#3660,.T.);
#2429=EDGE_CURVE('',#3176,#3177,#3661,.T.);
#2430=EDGE_CURVE('',#2901,#3177,#3662,.T.);
#2431=EDGE_CURVE('',#3177,#3178,#178,.T.);
#2432=EDGE_CURVE('',#2902,#3178,#3663,.T.);
#2433=EDGE_CURVE('',#3178,#3179,#3664,.T.);
#2434=EDGE_CURVE('',#2903,#3179,#3665,.T.);
#2435=EDGE_CURVE('',#3179,#3180,#179,.T.);
#2436=EDGE_CURVE('',#2904,#3180,#3666,.T.);
#2437=EDGE_CURVE('',#3180,#3181,#3667,.T.);
#2438=EDGE_CURVE('',#2905,#3181,#3668,.T.);
#2439=EDGE_CURVE('',#3181,#3182,#274,.T.);
#2440=EDGE_CURVE('',#2906,#3182,#3669,.T.);
#2441=EDGE_CURVE('',#3182,#3183,#3670,.T.);
#2442=EDGE_CURVE('',#2907,#3183,#3671,.T.);
#2443=EDGE_CURVE('',#3183,#3184,#180,.T.);
#2444=EDGE_CURVE('',#2908,#3184,#3672,.T.);
#2445=EDGE_CURVE('',#3184,#3185,#3673,.T.);
#2446=EDGE_CURVE('',#2909,#3185,#3674,.T.);
#2447=EDGE_CURVE('',#3185,#3186,#181,.T.);
#2448=EDGE_CURVE('',#2910,#3186,#3675,.T.);
#2449=EDGE_CURVE('',#3186,#3187,#3676,.T.);
#2450=EDGE_CURVE('',#2911,#3187,#3677,.T.);
#2451=EDGE_CURVE('',#3187,#3188,#275,.T.);
#2452=EDGE_CURVE('',#2912,#3188,#3678,.T.);
#2453=EDGE_CURVE('',#3188,#3189,#3679,.T.);
#2454=EDGE_CURVE('',#2913,#3189,#3680,.T.);
#2455=EDGE_CURVE('',#3189,#3190,#182,.T.);
#2456=EDGE_CURVE('',#2914,#3190,#3681,.T.);
#2457=EDGE_CURVE('',#3190,#3191,#3682,.T.);
#2458=EDGE_CURVE('',#2915,#3191,#3683,.T.);
#2459=EDGE_CURVE('',#3191,#3096,#183,.T.);
#2460=EDGE_CURVE('',#3192,#2916,#3684,.T.);
#2461=EDGE_CURVE('',#3192,#3193,#3685,.T.);
#2462=EDGE_CURVE('',#3193,#2918,#3686,.T.);
#2463=EDGE_CURVE('',#3194,#2917,#3687,.T.);
#2464=EDGE_CURVE('',#3192,#3194,#276,.T.);
#2465=EDGE_CURVE('',#3195,#3095,#3688,.T.);
#2466=EDGE_CURVE('',#3195,#3194,#3689,.T.);
#2467=EDGE_CURVE('',#3196,#3094,#3690,.T.);
#2468=EDGE_CURVE('',#3196,#3195,#3691,.T.);
#2469=EDGE_CURVE('',#3197,#3093,#3692,.T.);
#2470=EDGE_CURVE('',#3196,#3197,#277,.T.);
#2471=EDGE_CURVE('',#3198,#3092,#3693,.T.);
#2472=EDGE_CURVE('',#3198,#3197,#3694,.T.);
#2473=EDGE_CURVE('',#3199,#3091,#3695,.T.);
#2474=EDGE_CURVE('',#3199,#3198,#3696,.T.);
#2475=EDGE_CURVE('',#3200,#3090,#3697,.T.);
#2476=EDGE_CURVE('',#3199,#3200,#278,.T.);
#2477=EDGE_CURVE('',#3201,#3089,#3698,.T.);
#2478=EDGE_CURVE('',#3201,#3200,#3699,.T.);
#2479=EDGE_CURVE('',#3202,#3088,#3700,.T.);
#2480=EDGE_CURVE('',#3202,#3201,#3701,.T.);
#2481=EDGE_CURVE('',#3203,#3087,#3702,.T.);
#2482=EDGE_CURVE('',#3202,#3203,#279,.T.);
#2483=EDGE_CURVE('',#3204,#3086,#3703,.T.);
#2484=EDGE_CURVE('',#3204,#3203,#3704,.T.);
#2485=EDGE_CURVE('',#3205,#3085,#3705,.T.);
#2486=EDGE_CURVE('',#3205,#3204,#3706,.T.);
#2487=EDGE_CURVE('',#3206,#3084,#3707,.T.);
#2488=EDGE_CURVE('',#3205,#3206,#280,.T.);
#2489=EDGE_CURVE('',#3207,#3083,#3708,.T.);
#2490=EDGE_CURVE('',#3207,#3206,#3709,.T.);
#2491=EDGE_CURVE('',#3208,#3082,#3710,.T.);
#2492=EDGE_CURVE('',#3208,#3207,#3711,.T.);
#2493=EDGE_CURVE('',#3209,#3081,#3712,.T.);
#2494=EDGE_CURVE('',#3208,#3209,#281,.T.);
#2495=EDGE_CURVE('',#3210,#3080,#3713,.T.);
#2496=EDGE_CURVE('',#3210,#3209,#3714,.T.);
#2497=EDGE_CURVE('',#3211,#3079,#3715,.T.);
#2498=EDGE_CURVE('',#3211,#3210,#3716,.T.);
#2499=EDGE_CURVE('',#3212,#3078,#3717,.T.);
#2500=EDGE_CURVE('',#3211,#3212,#282,.T.);
#2501=EDGE_CURVE('',#3213,#3077,#3718,.T.);
#2502=EDGE_CURVE('',#3213,#3212,#3719,.T.);
#2503=EDGE_CURVE('',#3214,#3076,#3720,.T.);
#2504=EDGE_CURVE('',#3214,#3213,#3721,.T.);
#2505=EDGE_CURVE('',#3215,#3075,#3722,.T.);
#2506=EDGE_CURVE('',#3214,#3215,#283,.T.);
#2507=EDGE_CURVE('',#3216,#3074,#3723,.T.);
#2508=EDGE_CURVE('',#3216,#3215,#3724,.T.);
#2509=EDGE_CURVE('',#3217,#3073,#3725,.T.);
#2510=EDGE_CURVE('',#3217,#3216,#3726,.T.);
#2511=EDGE_CURVE('',#3218,#3072,#3727,.T.);
#2512=EDGE_CURVE('',#3217,#3218,#284,.T.);
#2513=EDGE_CURVE('',#3219,#3071,#3728,.T.);
#2514=EDGE_CURVE('',#3219,#3218,#3729,.T.);
#2515=EDGE_CURVE('',#3220,#3070,#3730,.T.);
#2516=EDGE_CURVE('',#3220,#3219,#3731,.T.);
#2517=EDGE_CURVE('',#3221,#3069,#3732,.T.);
#2518=EDGE_CURVE('',#3220,#3221,#285,.T.);
#2519=EDGE_CURVE('',#3222,#3068,#3733,.T.);
#2520=EDGE_CURVE('',#3222,#3221,#3734,.T.);
#2521=EDGE_CURVE('',#3223,#3067,#3735,.T.);
#2522=EDGE_CURVE('',#3223,#3222,#3736,.T.);
#2523=EDGE_CURVE('',#3224,#3066,#3737,.T.);
#2524=EDGE_CURVE('',#3223,#3224,#286,.T.);
#2525=EDGE_CURVE('',#3225,#3065,#3738,.T.);
#2526=EDGE_CURVE('',#3225,#3224,#3739,.T.);
#2527=EDGE_CURVE('',#3226,#3064,#3740,.T.);
#2528=EDGE_CURVE('',#3226,#3225,#3741,.T.);
#2529=EDGE_CURVE('',#3227,#3063,#3742,.T.);
#2530=EDGE_CURVE('',#3226,#3227,#287,.T.);
#2531=EDGE_CURVE('',#3228,#3062,#3743,.T.);
#2532=EDGE_CURVE('',#3228,#3227,#3744,.T.);
#2533=EDGE_CURVE('',#3229,#3061,#3745,.T.);
#2534=EDGE_CURVE('',#3229,#3228,#3746,.T.);
#2535=EDGE_CURVE('',#3230,#3060,#3747,.T.);
#2536=EDGE_CURVE('',#3229,#3230,#288,.T.);
#2537=EDGE_CURVE('',#3231,#3059,#3748,.T.);
#2538=EDGE_CURVE('',#3231,#3230,#3749,.T.);
#2539=EDGE_CURVE('',#3232,#3058,#3750,.T.);
#2540=EDGE_CURVE('',#3232,#3231,#3751,.T.);
#2541=EDGE_CURVE('',#3233,#3057,#3752,.T.);
#2542=EDGE_CURVE('',#3232,#3233,#289,.T.);
#2543=EDGE_CURVE('',#3234,#3056,#3753,.T.);
#2544=EDGE_CURVE('',#3234,#3233,#3754,.T.);
#2545=EDGE_CURVE('',#3235,#3055,#3755,.T.);
#2546=EDGE_CURVE('',#3235,#3234,#3756,.T.);
#2547=EDGE_CURVE('',#3236,#3054,#3757,.T.);
#2548=EDGE_CURVE('',#3235,#3236,#290,.T.);
#2549=EDGE_CURVE('',#3237,#3053,#3758,.T.);
#2550=EDGE_CURVE('',#3237,#3236,#3759,.T.);
#2551=EDGE_CURVE('',#3238,#3052,#3760,.T.);
#2552=EDGE_CURVE('',#3238,#3237,#3761,.T.);
#2553=EDGE_CURVE('',#3239,#3051,#3762,.T.);
#2554=EDGE_CURVE('',#3238,#3239,#291,.T.);
#2555=EDGE_CURVE('',#3240,#3050,#3763,.T.);
#2556=EDGE_CURVE('',#3240,#3239,#3764,.T.);
#2557=EDGE_CURVE('',#3241,#3049,#3765,.T.);
#2558=EDGE_CURVE('',#3241,#3240,#3766,.T.);
#2559=EDGE_CURVE('',#3242,#3048,#3767,.T.);
#2560=EDGE_CURVE('',#3241,#3242,#292,.T.);
#2561=EDGE_CURVE('',#3243,#3047,#3768,.T.);
#2562=EDGE_CURVE('',#3243,#3242,#3769,.T.);
#2563=EDGE_CURVE('',#3244,#3046,#3770,.T.);
#2564=EDGE_CURVE('',#3244,#3243,#3771,.T.);
#2565=EDGE_CURVE('',#3245,#3045,#3772,.T.);
#2566=EDGE_CURVE('',#3244,#3245,#293,.T.);
#2567=EDGE_CURVE('',#3246,#3044,#3773,.T.);
#2568=EDGE_CURVE('',#3246,#3245,#3774,.T.);
#2569=EDGE_CURVE('',#3247,#3043,#3775,.T.);
#2570=EDGE_CURVE('',#3247,#3246,#3776,.T.);
#2571=EDGE_CURVE('',#3248,#3042,#3777,.T.);
#2572=EDGE_CURVE('',#3247,#3248,#294,.T.);
#2573=EDGE_CURVE('',#3249,#3041,#3778,.T.);
#2574=EDGE_CURVE('',#3249,#3248,#3779,.T.);
#2575=EDGE_CURVE('',#3250,#3040,#3780,.T.);
#2576=EDGE_CURVE('',#3250,#3249,#3781,.T.);
#2577=EDGE_CURVE('',#3251,#3039,#3782,.T.);
#2578=EDGE_CURVE('',#3250,#3251,#295,.T.);
#2579=EDGE_CURVE('',#3252,#3038,#3783,.T.);
#2580=EDGE_CURVE('',#3252,#3251,#3784,.T.);
#2581=EDGE_CURVE('',#3253,#3037,#3785,.T.);
#2582=EDGE_CURVE('',#3253,#3252,#3786,.T.);
#2583=EDGE_CURVE('',#3254,#3036,#3787,.T.);
#2584=EDGE_CURVE('',#3253,#3254,#296,.T.);
#2585=EDGE_CURVE('',#3255,#3035,#3788,.T.);
#2586=EDGE_CURVE('',#3255,#3254,#3789,.T.);
#2587=EDGE_CURVE('',#3256,#3034,#3790,.T.);
#2588=EDGE_CURVE('',#3256,#3255,#3791,.T.);
#2589=EDGE_CURVE('',#3257,#3033,#3792,.T.);
#2590=EDGE_CURVE('',#3256,#3257,#297,.T.);
#2591=EDGE_CURVE('',#3258,#3032,#3793,.T.);
#2592=EDGE_CURVE('',#3258,#3257,#3794,.T.);
#2593=EDGE_CURVE('',#3259,#3031,#3795,.T.);
#2594=EDGE_CURVE('',#3259,#3258,#3796,.T.);
#2595=EDGE_CURVE('',#3260,#3030,#3797,.T.);
#2596=EDGE_CURVE('',#3259,#3260,#298,.T.);
#2597=EDGE_CURVE('',#3261,#3029,#3798,.T.);
#2598=EDGE_CURVE('',#3261,#3260,#3799,.T.);
#2599=EDGE_CURVE('',#3262,#3028,#3800,.T.);
#2600=EDGE_CURVE('',#3262,#3261,#3801,.T.);
#2601=EDGE_CURVE('',#3263,#3027,#3802,.T.);
#2602=EDGE_CURVE('',#3262,#3263,#299,.T.);
#2603=EDGE_CURVE('',#3264,#3026,#3803,.T.);
#2604=EDGE_CURVE('',#3264,#3263,#3804,.T.);
#2605=EDGE_CURVE('',#3265,#3025,#3805,.T.);
#2606=EDGE_CURVE('',#3265,#3264,#3806,.T.);
#2607=EDGE_CURVE('',#3266,#3024,#3807,.T.);
#2608=EDGE_CURVE('',#3265,#3266,#300,.T.);
#2609=EDGE_CURVE('',#3267,#3023,#3808,.T.);
#2610=EDGE_CURVE('',#3267,#3266,#3809,.T.);
#2611=EDGE_CURVE('',#3268,#3022,#3810,.T.);
#2612=EDGE_CURVE('',#3268,#3267,#3811,.T.);
#2613=EDGE_CURVE('',#3269,#3021,#3812,.T.);
#2614=EDGE_CURVE('',#3268,#3269,#301,.T.);
#2615=EDGE_CURVE('',#3270,#3020,#3813,.T.);
#2616=EDGE_CURVE('',#3270,#3269,#3814,.T.);
#2617=EDGE_CURVE('',#3271,#3019,#3815,.T.);
#2618=EDGE_CURVE('',#3271,#3270,#3816,.T.);
#2619=EDGE_CURVE('',#3272,#3018,#3817,.T.);
#2620=EDGE_CURVE('',#3271,#3272,#302,.T.);
#2621=EDGE_CURVE('',#3273,#3017,#3818,.T.);
#2622=EDGE_CURVE('',#3273,#3272,#3819,.T.);
#2623=EDGE_CURVE('',#3274,#3016,#3820,.T.);
#2624=EDGE_CURVE('',#3274,#3273,#3821,.T.);
#2625=EDGE_CURVE('',#3275,#3015,#3822,.T.);
#2626=EDGE_CURVE('',#3274,#3275,#303,.T.);
#2627=EDGE_CURVE('',#3276,#3014,#3823,.T.);
#2628=EDGE_CURVE('',#3276,#3275,#3824,.T.);
#2629=EDGE_CURVE('',#3277,#3013,#3825,.T.);
#2630=EDGE_CURVE('',#3277,#3276,#3826,.T.);
#2631=EDGE_CURVE('',#3278,#3012,#3827,.T.);
#2632=EDGE_CURVE('',#3277,#3278,#304,.T.);
#2633=EDGE_CURVE('',#3279,#3011,#3828,.T.);
#2634=EDGE_CURVE('',#3279,#3278,#3829,.T.);
#2635=EDGE_CURVE('',#3280,#3010,#3830,.T.);
#2636=EDGE_CURVE('',#3280,#3279,#3831,.T.);
#2637=EDGE_CURVE('',#3281,#3009,#3832,.T.);
#2638=EDGE_CURVE('',#3280,#3281,#305,.T.);
#2639=EDGE_CURVE('',#3282,#3008,#3833,.T.);
#2640=EDGE_CURVE('',#3282,#3281,#3834,.T.);
#2641=EDGE_CURVE('',#3283,#3007,#3835,.T.);
#2642=EDGE_CURVE('',#3283,#3282,#3836,.T.);
#2643=EDGE_CURVE('',#3284,#3006,#3837,.T.);
#2644=EDGE_CURVE('',#3283,#3284,#306,.T.);
#2645=EDGE_CURVE('',#3285,#3005,#3838,.T.);
#2646=EDGE_CURVE('',#3285,#3284,#3839,.T.);
#2647=EDGE_CURVE('',#3286,#3004,#3840,.T.);
#2648=EDGE_CURVE('',#3286,#3285,#3841,.T.);
#2649=EDGE_CURVE('',#3287,#3003,#3842,.T.);
#2650=EDGE_CURVE('',#3286,#3287,#307,.T.);
#2651=EDGE_CURVE('',#3288,#3002,#3843,.T.);
#2652=EDGE_CURVE('',#3288,#3287,#3844,.T.);
#2653=EDGE_CURVE('',#3289,#3001,#3845,.T.);
#2654=EDGE_CURVE('',#3289,#3288,#3846,.T.);
#2655=EDGE_CURVE('',#3290,#3000,#3847,.T.);
#2656=EDGE_CURVE('',#3289,#3290,#308,.T.);
#2657=EDGE_CURVE('',#3291,#2999,#3848,.T.);
#2658=EDGE_CURVE('',#3291,#3290,#3849,.T.);
#2659=EDGE_CURVE('',#3292,#2998,#3850,.T.);
#2660=EDGE_CURVE('',#3292,#3291,#3851,.T.);
#2661=EDGE_CURVE('',#3293,#2997,#3852,.T.);
#2662=EDGE_CURVE('',#3292,#3293,#309,.T.);
#2663=EDGE_CURVE('',#3294,#2996,#3853,.T.);
#2664=EDGE_CURVE('',#3294,#3293,#3854,.T.);
#2665=EDGE_CURVE('',#3295,#2995,#3855,.T.);
#2666=EDGE_CURVE('',#3295,#3294,#3856,.T.);
#2667=EDGE_CURVE('',#3296,#2994,#3857,.T.);
#2668=EDGE_CURVE('',#3295,#3296,#310,.T.);
#2669=EDGE_CURVE('',#3297,#2993,#3858,.T.);
#2670=EDGE_CURVE('',#3297,#3296,#3859,.T.);
#2671=EDGE_CURVE('',#3298,#2992,#3860,.T.);
#2672=EDGE_CURVE('',#3298,#3297,#3861,.T.);
#2673=EDGE_CURVE('',#3299,#2991,#3862,.T.);
#2674=EDGE_CURVE('',#3298,#3299,#311,.T.);
#2675=EDGE_CURVE('',#3300,#2990,#3863,.T.);
#2676=EDGE_CURVE('',#3300,#3299,#3864,.T.);
#2677=EDGE_CURVE('',#3301,#2989,#3865,.T.);
#2678=EDGE_CURVE('',#3301,#3300,#3866,.T.);
#2679=EDGE_CURVE('',#3302,#2988,#3867,.T.);
#2680=EDGE_CURVE('',#3301,#3302,#312,.T.);
#2681=EDGE_CURVE('',#3303,#2987,#3868,.T.);
#2682=EDGE_CURVE('',#3303,#3302,#3869,.T.);
#2683=EDGE_CURVE('',#3304,#2986,#3870,.T.);
#2684=EDGE_CURVE('',#3304,#3303,#3871,.T.);
#2685=EDGE_CURVE('',#3305,#2985,#3872,.T.);
#2686=EDGE_CURVE('',#3304,#3305,#313,.T.);
#2687=EDGE_CURVE('',#3306,#2984,#3873,.T.);
#2688=EDGE_CURVE('',#3306,#3305,#3874,.T.);
#2689=EDGE_CURVE('',#3307,#2983,#3875,.T.);
#2690=EDGE_CURVE('',#3307,#3306,#3876,.T.);
#2691=EDGE_CURVE('',#3308,#2982,#3877,.T.);
#2692=EDGE_CURVE('',#3307,#3308,#314,.T.);
#2693=EDGE_CURVE('',#3309,#2981,#3878,.T.);
#2694=EDGE_CURVE('',#3309,#3308,#3879,.T.);
#2695=EDGE_CURVE('',#3310,#2980,#3880,.T.);
#2696=EDGE_CURVE('',#3310,#3309,#3881,.T.);
#2697=EDGE_CURVE('',#3311,#2979,#3882,.T.);
#2698=EDGE_CURVE('',#3310,#3311,#315,.T.);
#2699=EDGE_CURVE('',#3312,#2978,#3883,.T.);
#2700=EDGE_CURVE('',#3312,#3311,#3884,.T.);
#2701=EDGE_CURVE('',#3313,#2977,#3885,.T.);
#2702=EDGE_CURVE('',#3313,#3312,#3886,.T.);
#2703=EDGE_CURVE('',#3314,#2976,#3887,.T.);
#2704=EDGE_CURVE('',#3313,#3314,#316,.T.);
#2705=EDGE_CURVE('',#3315,#2975,#3888,.T.);
#2706=EDGE_CURVE('',#3315,#3314,#3889,.T.);
#2707=EDGE_CURVE('',#3316,#2974,#3890,.T.);
#2708=EDGE_CURVE('',#3316,#3315,#3891,.T.);
#2709=EDGE_CURVE('',#3317,#2973,#3892,.T.);
#2710=EDGE_CURVE('',#3316,#3317,#317,.T.);
#2711=EDGE_CURVE('',#3318,#2972,#3893,.T.);
#2712=EDGE_CURVE('',#3318,#3317,#3894,.T.);
#2713=EDGE_CURVE('',#3319,#2971,#3895,.T.);
#2714=EDGE_CURVE('',#3319,#3318,#3896,.T.);
#2715=EDGE_CURVE('',#3320,#2970,#3897,.T.);
#2716=EDGE_CURVE('',#3319,#3320,#318,.T.);
#2717=EDGE_CURVE('',#3321,#2969,#3898,.T.);
#2718=EDGE_CURVE('',#3321,#3320,#3899,.T.);
#2719=EDGE_CURVE('',#3322,#2968,#3900,.T.);
#2720=EDGE_CURVE('',#3322,#3321,#3901,.T.);
#2721=EDGE_CURVE('',#3323,#2967,#3902,.T.);
#2722=EDGE_CURVE('',#3322,#3323,#319,.T.);
#2723=EDGE_CURVE('',#3324,#2966,#3903,.T.);
#2724=EDGE_CURVE('',#3324,#3323,#3904,.T.);
#2725=EDGE_CURVE('',#3325,#2965,#3905,.T.);
#2726=EDGE_CURVE('',#3325,#3324,#3906,.T.);
#2727=EDGE_CURVE('',#3326,#2964,#3907,.T.);
#2728=EDGE_CURVE('',#3325,#3326,#320,.T.);
#2729=EDGE_CURVE('',#3327,#2963,#3908,.T.);
#2730=EDGE_CURVE('',#3327,#3326,#3909,.T.);
#2731=EDGE_CURVE('',#3328,#2962,#3910,.T.);
#2732=EDGE_CURVE('',#3328,#3327,#3911,.T.);
#2733=EDGE_CURVE('',#3329,#2961,#3912,.T.);
#2734=EDGE_CURVE('',#3328,#3329,#321,.T.);
#2735=EDGE_CURVE('',#3330,#2960,#3913,.T.);
#2736=EDGE_CURVE('',#3330,#3329,#3914,.T.);
#2737=EDGE_CURVE('',#3331,#2959,#3915,.T.);
#2738=EDGE_CURVE('',#3331,#3330,#3916,.T.);
#2739=EDGE_CURVE('',#3332,#2958,#3917,.T.);
#2740=EDGE_CURVE('',#3331,#3332,#322,.T.);
#2741=EDGE_CURVE('',#3333,#2957,#3918,.T.);
#2742=EDGE_CURVE('',#3333,#3332,#3919,.T.);
#2743=EDGE_CURVE('',#3334,#2956,#3920,.T.);
#2744=EDGE_CURVE('',#3334,#3333,#3921,.T.);
#2745=EDGE_CURVE('',#3335,#2955,#3922,.T.);
#2746=EDGE_CURVE('',#3334,#3335,#323,.T.);
#2747=EDGE_CURVE('',#3336,#2954,#3923,.T.);
#2748=EDGE_CURVE('',#3336,#3335,#3924,.T.);
#2749=EDGE_CURVE('',#3337,#2953,#3925,.T.);
#2750=EDGE_CURVE('',#3337,#3336,#3926,.T.);
#2751=EDGE_CURVE('',#3338,#2952,#3927,.T.);
#2752=EDGE_CURVE('',#3337,#3338,#324,.T.);
#2753=EDGE_CURVE('',#3339,#2951,#3928,.T.);
#2754=EDGE_CURVE('',#3339,#3338,#3929,.T.);
#2755=EDGE_CURVE('',#3340,#2950,#3930,.T.);
#2756=EDGE_CURVE('',#3340,#3339,#3931,.T.);
#2757=EDGE_CURVE('',#3341,#2949,#3932,.T.);
#2758=EDGE_CURVE('',#3340,#3341,#325,.T.);
#2759=EDGE_CURVE('',#3342,#2948,#3933,.T.);
#2760=EDGE_CURVE('',#3342,#3341,#3934,.T.);
#2761=EDGE_CURVE('',#3343,#2947,#3935,.T.);
#2762=EDGE_CURVE('',#3343,#3342,#3936,.T.);
#2763=EDGE_CURVE('',#3344,#2946,#3937,.T.);
#2764=EDGE_CURVE('',#3343,#3344,#326,.T.);
#2765=EDGE_CURVE('',#3345,#2945,#3938,.T.);
#2766=EDGE_CURVE('',#3345,#3344,#3939,.T.);
#2767=EDGE_CURVE('',#3346,#2944,#3940,.T.);
#2768=EDGE_CURVE('',#3346,#3345,#3941,.T.);
#2769=EDGE_CURVE('',#3347,#2943,#3942,.T.);
#2770=EDGE_CURVE('',#3346,#3347,#327,.T.);
#2771=EDGE_CURVE('',#3348,#2942,#3943,.T.);
#2772=EDGE_CURVE('',#3348,#3347,#3944,.T.);
#2773=EDGE_CURVE('',#3349,#2941,#3945,.T.);
#2774=EDGE_CURVE('',#3349,#3348,#3946,.T.);
#2775=EDGE_CURVE('',#3350,#2940,#3947,.T.);
#2776=EDGE_CURVE('',#3349,#3350,#328,.T.);
#2777=EDGE_CURVE('',#3351,#2939,#3948,.T.);
#2778=EDGE_CURVE('',#3351,#3350,#3949,.T.);
#2779=EDGE_CURVE('',#3352,#2938,#3950,.T.);
#2780=EDGE_CURVE('',#3352,#3351,#3951,.T.);
#2781=EDGE_CURVE('',#3353,#2937,#3952,.T.);
#2782=EDGE_CURVE('',#3352,#3353,#329,.T.);
#2783=EDGE_CURVE('',#3354,#2936,#3953,.T.);
#2784=EDGE_CURVE('',#3354,#3353,#3954,.T.);
#2785=EDGE_CURVE('',#3355,#2935,#3955,.T.);
#2786=EDGE_CURVE('',#3355,#3354,#3956,.T.);
#2787=EDGE_CURVE('',#3356,#2934,#3957,.T.);
#2788=EDGE_CURVE('',#3355,#3356,#330,.T.);
#2789=EDGE_CURVE('',#3357,#2933,#3958,.T.);
#2790=EDGE_CURVE('',#3357,#3356,#3959,.T.);
#2791=EDGE_CURVE('',#3358,#2932,#3960,.T.);
#2792=EDGE_CURVE('',#3358,#3357,#3961,.T.);
#2793=EDGE_CURVE('',#3359,#2931,#3962,.T.);
#2794=EDGE_CURVE('',#3358,#3359,#331,.T.);
#2795=EDGE_CURVE('',#3360,#2930,#3963,.T.);
#2796=EDGE_CURVE('',#3360,#3359,#3964,.T.);
#2797=EDGE_CURVE('',#3361,#2929,#3965,.T.);
#2798=EDGE_CURVE('',#3361,#3360,#3966,.T.);
#2799=EDGE_CURVE('',#3362,#2928,#3967,.T.);
#2800=EDGE_CURVE('',#3361,#3362,#332,.T.);
#2801=EDGE_CURVE('',#3363,#2927,#3968,.T.);
#2802=EDGE_CURVE('',#3363,#3362,#3969,.T.);
#2803=EDGE_CURVE('',#3364,#2926,#3970,.T.);
#2804=EDGE_CURVE('',#3364,#3363,#3971,.T.);
#2805=EDGE_CURVE('',#3365,#2925,#3972,.T.);
#2806=EDGE_CURVE('',#3364,#3365,#333,.T.);
#2807=EDGE_CURVE('',#3366,#2924,#3973,.T.);
#2808=EDGE_CURVE('',#3366,#3365,#3974,.T.);
#2809=EDGE_CURVE('',#3367,#2923,#3975,.T.);
#2810=EDGE_CURVE('',#3367,#3366,#3976,.T.);
#2811=EDGE_CURVE('',#3368,#2922,#3977,.T.);
#2812=EDGE_CURVE('',#3367,#3368,#334,.T.);
#2813=EDGE_CURVE('',#3369,#2921,#3978,.T.);
#2814=EDGE_CURVE('',#3369,#3368,#3979,.T.);
#2815=EDGE_CURVE('',#3370,#2920,#3980,.T.);
#2816=EDGE_CURVE('',#3370,#3369,#3981,.T.);
#2817=EDGE_CURVE('',#3371,#2919,#3982,.T.);
#2818=EDGE_CURVE('',#3370,#3371,#335,.T.);
#2819=EDGE_CURVE('',#3193,#3371,#3983,.T.);
#2820=VERTEX_POINT('',#7433);
#2821=VERTEX_POINT('',#7434);
#2822=VERTEX_POINT('',#7436);
#2823=VERTEX_POINT('',#7438);
#2824=VERTEX_POINT('',#7457);
#2825=VERTEX_POINT('',#7459);
#2826=VERTEX_POINT('',#7478);
#2827=VERTEX_POINT('',#7480);
#2828=VERTEX_POINT('',#7482);
#2829=VERTEX_POINT('',#7484);
#2830=VERTEX_POINT('',#7503);
#2831=VERTEX_POINT('',#7505);
#2832=VERTEX_POINT('',#7524);
#2833=VERTEX_POINT('',#7526);
#2834=VERTEX_POINT('',#7528);
#2835=VERTEX_POINT('',#7530);
#2836=VERTEX_POINT('',#7549);
#2837=VERTEX_POINT('',#7551);
#2838=VERTEX_POINT('',#7570);
#2839=VERTEX_POINT('',#7572);
#2840=VERTEX_POINT('',#7574);
#2841=VERTEX_POINT('',#7576);
#2842=VERTEX_POINT('',#7595);
#2843=VERTEX_POINT('',#7597);
#2844=VERTEX_POINT('',#7616);
#2845=VERTEX_POINT('',#7618);
#2846=VERTEX_POINT('',#7620);
#2847=VERTEX_POINT('',#7622);
#2848=VERTEX_POINT('',#7641);
#2849=VERTEX_POINT('',#7643);
#2850=VERTEX_POINT('',#7662);
#2851=VERTEX_POINT('',#7664);
#2852=VERTEX_POINT('',#7666);
#2853=VERTEX_POINT('',#7668);
#2854=VERTEX_POINT('',#7687);
#2855=VERTEX_POINT('',#7689);
#2856=VERTEX_POINT('',#7708);
#2857=VERTEX_POINT('',#7710);
#2858=VERTEX_POINT('',#7712);
#2859=VERTEX_POINT('',#7714);
#2860=VERTEX_POINT('',#7733);
#2861=VERTEX_POINT('',#7735);
#2862=VERTEX_POINT('',#7754);
#2863=VERTEX_POINT('',#7756);
#2864=VERTEX_POINT('',#7758);
#2865=VERTEX_POINT('',#7760);
#2866=VERTEX_POINT('',#7779);
#2867=VERTEX_POINT('',#7781);
#2868=VERTEX_POINT('',#7800);
#2869=VERTEX_POINT('',#7802);
#2870=VERTEX_POINT('',#7804);
#2871=VERTEX_POINT('',#7806);
#2872=VERTEX_POINT('',#7825);
#2873=VERTEX_POINT('',#7827);
#2874=VERTEX_POINT('',#7846);
#2875=VERTEX_POINT('',#7848);
#2876=VERTEX_POINT('',#7850);
#2877=VERTEX_POINT('',#7852);
#2878=VERTEX_POINT('',#7871);
#2879=VERTEX_POINT('',#7873);
#2880=VERTEX_POINT('',#7892);
#2881=VERTEX_POINT('',#7894);
#2882=VERTEX_POINT('',#7896);
#2883=VERTEX_POINT('',#7898);
#2884=VERTEX_POINT('',#7917);
#2885=VERTEX_POINT('',#7919);
#2886=VERTEX_POINT('',#7938);
#2887=VERTEX_POINT('',#7940);
#2888=VERTEX_POINT('',#7942);
#2889=VERTEX_POINT('',#7944);
#2890=VERTEX_POINT('',#7963);
#2891=VERTEX_POINT('',#7965);
#2892=VERTEX_POINT('',#7984);
#2893=VERTEX_POINT('',#7986);
#2894=VERTEX_POINT('',#7988);
#2895=VERTEX_POINT('',#7990);
#2896=VERTEX_POINT('',#8009);
#2897=VERTEX_POINT('',#8011);
#2898=VERTEX_POINT('',#8030);
#2899=VERTEX_POINT('',#8032);
#2900=VERTEX_POINT('',#8034);
#2901=VERTEX_POINT('',#8036);
#2902=VERTEX_POINT('',#8055);
#2903=VERTEX_POINT('',#8057);
#2904=VERTEX_POINT('',#8076);
#2905=VERTEX_POINT('',#8078);
#2906=VERTEX_POINT('',#8080);
#2907=VERTEX_POINT('',#8082);
#2908=VERTEX_POINT('',#8101);
#2909=VERTEX_POINT('',#8103);
#2910=VERTEX_POINT('',#8122);
#2911=VERTEX_POINT('',#8124);
#2912=VERTEX_POINT('',#8126);
#2913=VERTEX_POINT('',#8128);
#2914=VERTEX_POINT('',#8147);
#2915=VERTEX_POINT('',#8149);
#2916=VERTEX_POINT('',#8169);
#2917=VERTEX_POINT('',#8170);
#2918=VERTEX_POINT('',#8172);
#2919=VERTEX_POINT('',#8174);
#2920=VERTEX_POINT('',#8176);
#2921=VERTEX_POINT('',#8178);
#2922=VERTEX_POINT('',#8180);
#2923=VERTEX_POINT('',#8182);
#2924=VERTEX_POINT('',#8184);
#2925=VERTEX_POINT('',#8186);
#2926=VERTEX_POINT('',#8188);
#2927=VERTEX_POINT('',#8190);
#2928=VERTEX_POINT('',#8192);
#2929=VERTEX_POINT('',#8194);
#2930=VERTEX_POINT('',#8196);
#2931=VERTEX_POINT('',#8198);
#2932=VERTEX_POINT('',#8200);
#2933=VERTEX_POINT('',#8202);
#2934=VERTEX_POINT('',#8204);
#2935=VERTEX_POINT('',#8206);
#2936=VERTEX_POINT('',#8208);
#2937=VERTEX_POINT('',#8210);
#2938=VERTEX_POINT('',#8212);
#2939=VERTEX_POINT('',#8214);
#2940=VERTEX_POINT('',#8216);
#2941=VERTEX_POINT('',#8218);
#2942=VERTEX_POINT('',#8220);
#2943=VERTEX_POINT('',#8222);
#2944=VERTEX_POINT('',#8224);
#2945=VERTEX_POINT('',#8226);
#2946=VERTEX_POINT('',#8228);
#2947=VERTEX_POINT('',#8230);
#2948=VERTEX_POINT('',#8232);
#2949=VERTEX_POINT('',#8234);
#2950=VERTEX_POINT('',#8236);
#2951=VERTEX_POINT('',#8238);
#2952=VERTEX_POINT('',#8240);
#2953=VERTEX_POINT('',#8242);
#2954=VERTEX_POINT('',#8244);
#2955=VERTEX_POINT('',#8246);
#2956=VERTEX_POINT('',#8248);
#2957=VERTEX_POINT('',#8250);
#2958=VERTEX_POINT('',#8252);
#2959=VERTEX_POINT('',#8254);
#2960=VERTEX_POINT('',#8256);
#2961=VERTEX_POINT('',#8258);
#2962=VERTEX_POINT('',#8260);
#2963=VERTEX_POINT('',#8262);
#2964=VERTEX_POINT('',#8264);
#2965=VERTEX_POINT('',#8266);
#2966=VERTEX_POINT('',#8268);
#2967=VERTEX_POINT('',#8270);
#2968=VERTEX_POINT('',#8272);
#2969=VERTEX_POINT('',#8274);
#2970=VERTEX_POINT('',#8276);
#2971=VERTEX_POINT('',#8278);
#2972=VERTEX_POINT('',#8280);
#2973=VERTEX_POINT('',#8282);
#2974=VERTEX_POINT('',#8284);
#2975=VERTEX_POINT('',#8286);
#2976=VERTEX_POINT('',#8288);
#2977=VERTEX_POINT('',#8290);
#2978=VERTEX_POINT('',#8292);
#2979=VERTEX_POINT('',#8294);
#2980=VERTEX_POINT('',#8296);
#2981=VERTEX_POINT('',#8298);
#2982=VERTEX_POINT('',#8300);
#2983=VERTEX_POINT('',#8302);
#2984=VERTEX_POINT('',#8304);
#2985=VERTEX_POINT('',#8306);
#2986=VERTEX_POINT('',#8308);
#2987=VERTEX_POINT('',#8310);
#2988=VERTEX_POINT('',#8312);
#2989=VERTEX_POINT('',#8314);
#2990=VERTEX_POINT('',#8316);
#2991=VERTEX_POINT('',#8318);
#2992=VERTEX_POINT('',#8320);
#2993=VERTEX_POINT('',#8322);
#2994=VERTEX_POINT('',#8324);
#2995=VERTEX_POINT('',#8326);
#2996=VERTEX_POINT('',#8328);
#2997=VERTEX_POINT('',#8330);
#2998=VERTEX_POINT('',#8332);
#2999=VERTEX_POINT('',#8334);
#3000=VERTEX_POINT('',#8336);
#3001=VERTEX_POINT('',#8338);
#3002=VERTEX_POINT('',#8340);
#3003=VERTEX_POINT('',#8342);
#3004=VERTEX_POINT('',#8344);
#3005=VERTEX_POINT('',#8346);
#3006=VERTEX_POINT('',#8348);
#3007=VERTEX_POINT('',#8350);
#3008=VERTEX_POINT('',#8352);
#3009=VERTEX_POINT('',#8354);
#3010=VERTEX_POINT('',#8356);
#3011=VERTEX_POINT('',#8358);
#3012=VERTEX_POINT('',#8360);
#3013=VERTEX_POINT('',#8362);
#3014=VERTEX_POINT('',#8364);
#3015=VERTEX_POINT('',#8366);
#3016=VERTEX_POINT('',#8368);
#3017=VERTEX_POINT('',#8370);
#3018=VERTEX_POINT('',#8372);
#3019=VERTEX_POINT('',#8374);
#3020=VERTEX_POINT('',#8376);
#3021=VERTEX_POINT('',#8378);
#3022=VERTEX_POINT('',#8380);
#3023=VERTEX_POINT('',#8382);
#3024=VERTEX_POINT('',#8384);
#3025=VERTEX_POINT('',#8386);
#3026=VERTEX_POINT('',#8388);
#3027=VERTEX_POINT('',#8390);
#3028=VERTEX_POINT('',#8392);
#3029=VERTEX_POINT('',#8394);
#3030=VERTEX_POINT('',#8396);
#3031=VERTEX_POINT('',#8398);
#3032=VERTEX_POINT('',#8400);
#3033=VERTEX_POINT('',#8402);
#3034=VERTEX_POINT('',#8404);
#3035=VERTEX_POINT('',#8406);
#3036=VERTEX_POINT('',#8408);
#3037=VERTEX_POINT('',#8410);
#3038=VERTEX_POINT('',#8412);
#3039=VERTEX_POINT('',#8414);
#3040=VERTEX_POINT('',#8416);
#3041=VERTEX_POINT('',#8418);
#3042=VERTEX_POINT('',#8420);
#3043=VERTEX_POINT('',#8422);
#3044=VERTEX_POINT('',#8424);
#3045=VERTEX_POINT('',#8426);
#3046=VERTEX_POINT('',#8428);
#3047=VERTEX_POINT('',#8430);
#3048=VERTEX_POINT('',#8432);
#3049=VERTEX_POINT('',#8434);
#3050=VERTEX_POINT('',#8436);
#3051=VERTEX_POINT('',#8438);
#3052=VERTEX_POINT('',#8440);
#3053=VERTEX_POINT('',#8442);
#3054=VERTEX_POINT('',#8444);
#3055=VERTEX_POINT('',#8446);
#3056=VERTEX_POINT('',#8448);
#3057=VERTEX_POINT('',#8450);
#3058=VERTEX_POINT('',#8452);
#3059=VERTEX_POINT('',#8454);
#3060=VERTEX_POINT('',#8456);
#3061=VERTEX_POINT('',#8458);
#3062=VERTEX_POINT('',#8460);
#3063=VERTEX_POINT('',#8462);
#3064=VERTEX_POINT('',#8464);
#3065=VERTEX_POINT('',#8466);
#3066=VERTEX_POINT('',#8468);
#3067=VERTEX_POINT('',#8470);
#3068=VERTEX_POINT('',#8472);
#3069=VERTEX_POINT('',#8474);
#3070=VERTEX_POINT('',#8476);
#3071=VERTEX_POINT('',#8478);
#3072=VERTEX_POINT('',#8480);
#3073=VERTEX_POINT('',#8482);
#3074=VERTEX_POINT('',#8484);
#3075=VERTEX_POINT('',#8486);
#3076=VERTEX_POINT('',#8488);
#3077=VERTEX_POINT('',#8490);
#3078=VERTEX_POINT('',#8492);
#3079=VERTEX_POINT('',#8494);
#3080=VERTEX_POINT('',#8496);
#3081=VERTEX_POINT('',#8498);
#3082=VERTEX_POINT('',#8500);
#3083=VERTEX_POINT('',#8502);
#3084=VERTEX_POINT('',#8504);
#3085=VERTEX_POINT('',#8506);
#3086=VERTEX_POINT('',#8508);
#3087=VERTEX_POINT('',#8510);
#3088=VERTEX_POINT('',#8512);
#3089=VERTEX_POINT('',#8514);
#3090=VERTEX_POINT('',#8516);
#3091=VERTEX_POINT('',#8518);
#3092=VERTEX_POINT('',#8520);
#3093=VERTEX_POINT('',#8522);
#3094=VERTEX_POINT('',#8524);
#3095=VERTEX_POINT('',#8526);
#3096=VERTEX_POINT('',#8530);
#3097=VERTEX_POINT('',#8531);
#3098=VERTEX_POINT('',#8536);
#3099=VERTEX_POINT('',#8540);
#3100=VERTEX_POINT('',#8596);
#3101=VERTEX_POINT('',#8600);
#3102=VERTEX_POINT('',#8656);
#3103=VERTEX_POINT('',#8660);
#3104=VERTEX_POINT('',#8664);
#3105=VERTEX_POINT('',#8668);
#3106=VERTEX_POINT('',#8724);
#3107=VERTEX_POINT('',#8728);
#3108=VERTEX_POINT('',#8784);
#3109=VERTEX_POINT('',#8788);
#3110=VERTEX_POINT('',#8792);
#3111=VERTEX_POINT('',#8796);
#3112=VERTEX_POINT('',#8852);
#3113=VERTEX_POINT('',#8856);
#3114=VERTEX_POINT('',#8912);
#3115=VERTEX_POINT('',#8916);
#3116=VERTEX_POINT('',#8920);
#3117=VERTEX_POINT('',#8924);
#3118=VERTEX_POINT('',#8980);
#3119=VERTEX_POINT('',#8984);
#3120=VERTEX_POINT('',#9040);
#3121=VERTEX_POINT('',#9044);
#3122=VERTEX_POINT('',#9048);
#3123=VERTEX_POINT('',#9052);
#3124=VERTEX_POINT('',#9108);
#3125=VERTEX_POINT('',#9112);
#3126=VERTEX_POINT('',#9168);
#3127=VERTEX_POINT('',#9172);
#3128=VERTEX_POINT('',#9176);
#3129=VERTEX_POINT('',#9180);
#3130=VERTEX_POINT('',#9236);
#3131=VERTEX_POINT('',#9240);
#3132=VERTEX_POINT('',#9296);
#3133=VERTEX_POINT('',#9300);
#3134=VERTEX_POINT('',#9304);
#3135=VERTEX_POINT('',#9308);
#3136=VERTEX_POINT('',#9364);
#3137=VERTEX_POINT('',#9368);
#3138=VERTEX_POINT('',#9424);
#3139=VERTEX_POINT('',#9428);
#3140=VERTEX_POINT('',#9432);
#3141=VERTEX_POINT('',#9436);
#3142=VERTEX_POINT('',#9492);
#3143=VERTEX_POINT('',#9496);
#3144=VERTEX_POINT('',#9552);
#3145=VERTEX_POINT('',#9556);
#3146=VERTEX_POINT('',#9560);
#3147=VERTEX_POINT('',#9564);
#3148=VERTEX_POINT('',#9620);
#3149=VERTEX_POINT('',#9624);
#3150=VERTEX_POINT('',#9680);
#3151=VERTEX_POINT('',#9684);
#3152=VERTEX_POINT('',#9688);
#3153=VERTEX_POINT('',#9692);
#3154=VERTEX_POINT('',#9748);
#3155=VERTEX_POINT('',#9752);
#3156=VERTEX_POINT('',#9808);
#3157=VERTEX_POINT('',#9812);
#3158=VERTEX_POINT('',#9816);
#3159=VERTEX_POINT('',#9820);
#3160=VERTEX_POINT('',#9876);
#3161=VERTEX_POINT('',#9880);
#3162=VERTEX_POINT('',#9936);
#3163=VERTEX_POINT('',#9940);
#3164=VERTEX_POINT('',#9944);
#3165=VERTEX_POINT('',#9948);
#3166=VERTEX_POINT('',#10004);
#3167=VERTEX_POINT('',#10008);
#3168=VERTEX_POINT('',#10064);
#3169=VERTEX_POINT('',#10068);
#3170=VERTEX_POINT('',#10072);
#3171=VERTEX_POINT('',#10076);
#3172=VERTEX_POINT('',#10132);
#3173=VERTEX_POINT('',#10136);
#3174=VERTEX_POINT('',#10192);
#3175=VERTEX_POINT('',#10196);
#3176=VERTEX_POINT('',#10200);
#3177=VERTEX_POINT('',#10204);
#3178=VERTEX_POINT('',#10260);
#3179=VERTEX_POINT('',#10264);
#3180=VERTEX_POINT('',#10320);
#3181=VERTEX_POINT('',#10324);
#3182=VERTEX_POINT('',#10328);
#3183=VERTEX_POINT('',#10332);
#3184=VERTEX_POINT('',#10388);
#3185=VERTEX_POINT('',#10392);
#3186=VERTEX_POINT('',#10448);
#3187=VERTEX_POINT('',#10452);
#3188=VERTEX_POINT('',#10456);
#3189=VERTEX_POINT('',#10460);
#3190=VERTEX_POINT('',#10516);
#3191=VERTEX_POINT('',#10520);
#3192=VERTEX_POINT('',#10579);
#3193=VERTEX_POINT('',#10581);
#3194=VERTEX_POINT('',#10585);
#3195=VERTEX_POINT('',#10589);
#3196=VERTEX_POINT('',#10593);
#3197=VERTEX_POINT('',#10597);
#3198=VERTEX_POINT('',#10601);
#3199=VERTEX_POINT('',#10605);
#3200=VERTEX_POINT('',#10609);
#3201=VERTEX_POINT('',#10613);
#3202=VERTEX_POINT('',#10617);
#3203=VERTEX_POINT('',#10621);
#3204=VERTEX_POINT('',#10625);
#3205=VERTEX_POINT('',#10629);
#3206=VERTEX_POINT('',#10633);
#3207=VERTEX_POINT('',#10637);
#3208=VERTEX_POINT('',#10641);
#3209=VERTEX_POINT('',#10645);
#3210=VERTEX_POINT('',#10649);
#3211=VERTEX_POINT('',#10653);
#3212=VERTEX_POINT('',#10657);
#3213=VERTEX_POINT('',#10661);
#3214=VERTEX_POINT('',#10665);
#3215=VERTEX_POINT('',#10669);
#3216=VERTEX_POINT('',#10673);
#3217=VERTEX_POINT('',#10677);
#3218=VERTEX_POINT('',#10681);
#3219=VERTEX_POINT('',#10685);
#3220=VERTEX_POINT('',#10689);
#3221=VERTEX_POINT('',#10693);
#3222=VERTEX_POINT('',#10697);
#3223=VERTEX_POINT('',#10701);
#3224=VERTEX_POINT('',#10705);
#3225=VERTEX_POINT('',#10709);
#3226=VERTEX_POINT('',#10713);
#3227=VERTEX_POINT('',#10717);
#3228=VERTEX_POINT('',#10721);
#3229=VERTEX_POINT('',#10725);
#3230=VERTEX_POINT('',#10729);
#3231=VERTEX_POINT('',#10733);
#3232=VERTEX_POINT('',#10737);
#3233=VERTEX_POINT('',#10741);
#3234=VERTEX_POINT('',#10745);
#3235=VERTEX_POINT('',#10749);
#3236=VERTEX_POINT('',#10753);
#3237=VERTEX_POINT('',#10757);
#3238=VERTEX_POINT('',#10761);
#3239=VERTEX_POINT('',#10765);
#3240=VERTEX_POINT('',#10769);
#3241=VERTEX_POINT('',#10773);
#3242=VERTEX_POINT('',#10777);
#3243=VERTEX_POINT('',#10781);
#3244=VERTEX_POINT('',#10785);
#3245=VERTEX_POINT('',#10789);
#3246=VERTEX_POINT('',#10793);
#3247=VERTEX_POINT('',#10797);
#3248=VERTEX_POINT('',#10801);
#3249=VERTEX_POINT('',#10805);
#3250=VERTEX_POINT('',#10809);
#3251=VERTEX_POINT('',#10813);
#3252=VERTEX_POINT('',#10817);
#3253=VERTEX_POINT('',#10821);
#3254=VERTEX_POINT('',#10825);
#3255=VERTEX_POINT('',#10829);
#3256=VERTEX_POINT('',#10833);
#3257=VERTEX_POINT('',#10837);
#3258=VERTEX_POINT('',#10841);
#3259=VERTEX_POINT('',#10845);
#3260=VERTEX_POINT('',#10849);
#3261=VERTEX_POINT('',#10853);
#3262=VERTEX_POINT('',#10857);
#3263=VERTEX_POINT('',#10861);
#3264=VERTEX_POINT('',#10865);
#3265=VERTEX_POINT('',#10869);
#3266=VERTEX_POINT('',#10873);
#3267=VERTEX_POINT('',#10877);
#3268=VERTEX_POINT('',#10881);
#3269=VERTEX_POINT('',#10885);
#3270=VERTEX_POINT('',#10889);
#3271=VERTEX_POINT('',#10893);
#3272=VERTEX_POINT('',#10897);
#3273=VERTEX_POINT('',#10901);
#3274=VERTEX_POINT('',#10905);
#3275=VERTEX_POINT('',#10909);
#3276=VERTEX_POINT('',#10913);
#3277=VERTEX_POINT('',#10917);
#3278=VERTEX_POINT('',#10921);
#3279=VERTEX_POINT('',#10925);
#3280=VERTEX_POINT('',#10929);
#3281=VERTEX_POINT('',#10933);
#3282=VERTEX_POINT('',#10937);
#3283=VERTEX_POINT('',#10941);
#3284=VERTEX_POINT('',#10945);
#3285=VERTEX_POINT('',#10949);
#3286=VERTEX_POINT('',#10953);
#3287=VERTEX_POINT('',#10957);
#3288=VERTEX_POINT('',#10961);
#3289=VERTEX_POINT('',#10965);
#3290=VERTEX_POINT('',#10969);
#3291=VERTEX_POINT('',#10973);
#3292=VERTEX_POINT('',#10977);
#3293=VERTEX_POINT('',#10981);
#3294=VERTEX_POINT('',#10985);
#3295=VERTEX_POINT('',#10989);
#3296=VERTEX_POINT('',#10993);
#3297=VERTEX_POINT('',#10997);
#3298=VERTEX_POINT('',#11001);
#3299=VERTEX_POINT('',#11005);
#3300=VERTEX_POINT('',#11009);
#3301=VERTEX_POINT('',#11013);
#3302=VERTEX_POINT('',#11017);
#3303=VERTEX_POINT('',#11021);
#3304=VERTEX_POINT('',#11025);
#3305=VERTEX_POINT('',#11029);
#3306=VERTEX_POINT('',#11033);
#3307=VERTEX_POINT('',#11037);
#3308=VERTEX_POINT('',#11041);
#3309=VERTEX_POINT('',#11045);
#3310=VERTEX_POINT('',#11049);
#3311=VERTEX_POINT('',#11053);
#3312=VERTEX_POINT('',#11057);
#3313=VERTEX_POINT('',#11061);
#3314=VERTEX_POINT('',#11065);
#3315=VERTEX_POINT('',#11069);
#3316=VERTEX_POINT('',#11073);
#3317=VERTEX_POINT('',#11077);
#3318=VERTEX_POINT('',#11081);
#3319=VERTEX_POINT('',#11085);
#3320=VERTEX_POINT('',#11089);
#3321=VERTEX_POINT('',#11093);
#3322=VERTEX_POINT('',#11097);
#3323=VERTEX_POINT('',#11101);
#3324=VERTEX_POINT('',#11105);
#3325=VERTEX_POINT('',#11109);
#3326=VERTEX_POINT('',#11113);
#3327=VERTEX_POINT('',#11117);
#3328=VERTEX_POINT('',#11121);
#3329=VERTEX_POINT('',#11125);
#3330=VERTEX_POINT('',#11129);
#3331=VERTEX_POINT('',#11133);
#3332=VERTEX_POINT('',#11137);
#3333=VERTEX_POINT('',#11141);
#3334=VERTEX_POINT('',#11145);
#3335=VERTEX_POINT('',#11149);
#3336=VERTEX_POINT('',#11153);
#3337=VERTEX_POINT('',#11157);
#3338=VERTEX_POINT('',#11161);
#3339=VERTEX_POINT('',#11165);
#3340=VERTEX_POINT('',#11169);
#3341=VERTEX_POINT('',#11173);
#3342=VERTEX_POINT('',#11177);
#3343=VERTEX_POINT('',#11181);
#3344=VERTEX_POINT('',#11185);
#3345=VERTEX_POINT('',#11189);
#3346=VERTEX_POINT('',#11193);
#3347=VERTEX_POINT('',#11197);
#3348=VERTEX_POINT('',#11201);
#3349=VERTEX_POINT('',#11205);
#3350=VERTEX_POINT('',#11209);
#3351=VERTEX_POINT('',#11213);
#3352=VERTEX_POINT('',#11217);
#3353=VERTEX_POINT('',#11221);
#3354=VERTEX_POINT('',#11225);
#3355=VERTEX_POINT('',#11229);
#3356=VERTEX_POINT('',#11233);
#3357=VERTEX_POINT('',#11237);
#3358=VERTEX_POINT('',#11241);
#3359=VERTEX_POINT('',#11245);
#3360=VERTEX_POINT('',#11249);
#3361=VERTEX_POINT('',#11253);
#3362=VERTEX_POINT('',#11257);
#3363=VERTEX_POINT('',#11261);
#3364=VERTEX_POINT('',#11265);
#3365=VERTEX_POINT('',#11269);
#3366=VERTEX_POINT('',#11273);
#3367=VERTEX_POINT('',#11277);
#3368=VERTEX_POINT('',#11281);
#3369=VERTEX_POINT('',#11285);
#3370=VERTEX_POINT('',#11289);
#3371=VERTEX_POINT('',#11293);
#3372=LINE('',#7432,#3984);
#3373=LINE('',#7437,#3985);
#3374=LINE('',#7458,#3986);
#3375=LINE('',#7479,#3987);
#3376=LINE('',#7483,#3988);
#3377=LINE('',#7504,#3989);
#3378=LINE('',#7525,#3990);
#3379=LINE('',#7529,#3991);
#3380=LINE('',#7550,#3992);
#3381=LINE('',#7571,#3993);
#3382=LINE('',#7575,#3994);
#3383=LINE('',#7596,#3995);
#3384=LINE('',#7617,#3996);
#3385=LINE('',#7621,#3997);
#3386=LINE('',#7642,#3998);
#3387=LINE('',#7663,#3999);
#3388=LINE('',#7667,#4000);
#3389=LINE('',#7688,#4001);
#3390=LINE('',#7709,#4002);
#3391=LINE('',#7713,#4003);
#3392=LINE('',#7734,#4004);
#3393=LINE('',#7755,#4005);
#3394=LINE('',#7759,#4006);
#3395=LINE('',#7780,#4007);
#3396=LINE('',#7801,#4008);
#3397=LINE('',#7805,#4009);
#3398=LINE('',#7826,#4010);
#3399=LINE('',#7847,#4011);
#3400=LINE('',#7851,#4012);
#3401=LINE('',#7872,#4013);
#3402=LINE('',#7893,#4014);
#3403=LINE('',#7897,#4015);
#3404=LINE('',#7918,#4016);
#3405=LINE('',#7939,#4017);
#3406=LINE('',#7943,#4018);
#3407=LINE('',#7964,#4019);
#3408=LINE('',#7985,#4020);
#3409=LINE('',#7989,#4021);
#3410=LINE('',#8010,#4022);
#3411=LINE('',#8031,#4023);
#3412=LINE('',#8035,#4024);
#3413=LINE('',#8056,#4025);
#3414=LINE('',#8077,#4026);
#3415=LINE('',#8081,#4027);
#3416=LINE('',#8102,#4028);
#3417=LINE('',#8123,#4029);
#3418=LINE('',#8127,#4030);
#3419=LINE('',#8148,#4031);
#3420=LINE('',#8171,#4032);
#3421=LINE('',#8173,#4033);
#3422=LINE('',#8177,#4034);
#3423=LINE('',#8179,#4035);
#3424=LINE('',#8183,#4036);
#3425=LINE('',#8185,#4037);
#3426=LINE('',#8189,#4038);
#3427=LINE('',#8191,#4039);
#3428=LINE('',#8195,#4040);
#3429=LINE('',#8197,#4041);
#3430=LINE('',#8201,#4042);
#3431=LINE('',#8203,#4043);
#3432=LINE('',#8207,#4044);
#3433=LINE('',#8209,#4045);
#3434=LINE('',#8213,#4046);
#3435=LINE('',#8215,#4047);
#3436=LINE('',#8219,#4048);
#3437=LINE('',#8221,#4049);
#3438=LINE('',#8225,#4050);
#3439=LINE('',#8227,#4051);
#3440=LINE('',#8231,#4052);
#3441=LINE('',#8233,#4053);
#3442=LINE('',#8237,#4054);
#3443=LINE('',#8239,#4055);
#3444=LINE('',#8243,#4056);
#3445=LINE('',#8245,#4057);
#3446=LINE('',#8249,#4058);
#3447=LINE('',#8251,#4059);
#3448=LINE('',#8255,#4060);
#3449=LINE('',#8257,#4061);
#3450=LINE('',#8261,#4062);
#3451=LINE('',#8263,#4063);
#3452=LINE('',#8267,#4064);
#3453=LINE('',#8269,#4065);
#3454=LINE('',#8273,#4066);
#3455=LINE('',#8275,#4067);
#3456=LINE('',#8279,#4068);
#3457=LINE('',#8281,#4069);
#3458=LINE('',#8285,#4070);
#3459=LINE('',#8287,#4071);
#3460=LINE('',#8291,#4072);
#3461=LINE('',#8293,#4073);
#3462=LINE('',#8297,#4074);
#3463=LINE('',#8299,#4075);
#3464=LINE('',#8303,#4076);
#3465=LINE('',#8305,#4077);
#3466=LINE('',#8309,#4078);
#3467=LINE('',#8311,#4079);
#3468=LINE('',#8315,#4080);
#3469=LINE('',#8317,#4081);
#3470=LINE('',#8321,#4082);
#3471=LINE('',#8323,#4083);
#3472=LINE('',#8327,#4084);
#3473=LINE('',#8329,#4085);
#3474=LINE('',#8333,#4086);
#3475=LINE('',#8335,#4087);
#3476=LINE('',#8339,#4088);
#3477=LINE('',#8341,#4089);
#3478=LINE('',#8345,#4090);
#3479=LINE('',#8347,#4091);
#3480=LINE('',#8351,#4092);
#3481=LINE('',#8353,#4093);
#3482=LINE('',#8357,#4094);
#3483=LINE('',#8359,#4095);
#3484=LINE('',#8363,#4096);
#3485=LINE('',#8365,#4097);
#3486=LINE('',#8369,#4098);
#3487=LINE('',#8371,#4099);
#3488=LINE('',#8375,#4100);
#3489=LINE('',#8377,#4101);
#3490=LINE('',#8381,#4102);
#3491=LINE('',#8383,#4103);
#3492=LINE('',#8387,#4104);
#3493=LINE('',#8389,#4105);
#3494=LINE('',#8393,#4106);
#3495=LINE('',#8395,#4107);
#3496=LINE('',#8399,#4108);
#3497=LINE('',#8401,#4109);
#3498=LINE('',#8405,#4110);
#3499=LINE('',#8407,#4111);
#3500=LINE('',#8411,#4112);
#3501=LINE('',#8413,#4113);
#3502=LINE('',#8417,#4114);
#3503=LINE('',#8419,#4115);
#3504=LINE('',#8423,#4116);
#3505=LINE('',#8425,#4117);
#3506=LINE('',#8429,#4118);
#3507=LINE('',#8431,#4119);
#3508=LINE('',#8435,#4120);
#3509=LINE('',#8437,#4121);
#3510=LINE('',#8441,#4122);
#3511=LINE('',#8443,#4123);
#3512=LINE('',#8447,#4124);
#3513=LINE('',#8449,#4125);
#3514=LINE('',#8453,#4126);
#3515=LINE('',#8455,#4127);
#3516=LINE('',#8459,#4128);
#3517=LINE('',#8461,#4129);
#3518=LINE('',#8465,#4130);
#3519=LINE('',#8467,#4131);
#3520=LINE('',#8471,#4132);
#3521=LINE('',#8473,#4133);
#3522=LINE('',#8477,#4134);
#3523=LINE('',#8479,#4135);
#3524=LINE('',#8483,#4136);
#3525=LINE('',#8485,#4137);
#3526=LINE('',#8489,#4138);
#3527=LINE('',#8491,#4139);
#3528=LINE('',#8495,#4140);
#3529=LINE('',#8497,#4141);
#3530=LINE('',#8501,#4142);
#3531=LINE('',#8503,#4143);
#3532=LINE('',#8507,#4144);
#3533=LINE('',#8509,#4145);
#3534=LINE('',#8513,#4146);
#3535=LINE('',#8515,#4147);
#3536=LINE('',#8519,#4148);
#3537=LINE('',#8521,#4149);
#3538=LINE('',#8525,#4150);
#3539=LINE('',#8527,#4151);
#3540=LINE('',#8529,#4152);
#3541=LINE('',#8532,#4153);
#3542=LINE('',#8533,#4154);
#3543=LINE('',#8537,#4155);
#3544=LINE('',#8539,#4156);
#3545=LINE('',#8541,#4157);
#3546=LINE('',#8597,#4158);
#3547=LINE('',#8599,#4159);
#3548=LINE('',#8601,#4160);
#3549=LINE('',#8657,#4161);
#3550=LINE('',#8659,#4162);
#3551=LINE('',#8661,#4163);
#3552=LINE('',#8665,#4164);
#3553=LINE('',#8667,#4165);
#3554=LINE('',#8669,#4166);
#3555=LINE('',#8725,#4167);
#3556=LINE('',#8727,#4168);
#3557=LINE('',#8729,#4169);
#3558=LINE('',#8785,#4170);
#3559=LINE('',#8787,#4171);
#3560=LINE('',#8789,#4172);
#3561=LINE('',#8793,#4173);
#3562=LINE('',#8795,#4174);
#3563=LINE('',#8797,#4175);
#3564=LINE('',#8853,#4176);
#3565=LINE('',#8855,#4177);
#3566=LINE('',#8857,#4178);
#3567=LINE('',#8913,#4179);
#3568=LINE('',#8915,#4180);
#3569=LINE('',#8917,#4181);
#3570=LINE('',#8921,#4182);
#3571=LINE('',#8923,#4183);
#3572=LINE('',#8925,#4184);
#3573=LINE('',#8981,#4185);
#3574=LINE('',#8983,#4186);
#3575=LINE('',#8985,#4187);
#3576=LINE('',#9041,#4188);
#3577=LINE('',#9043,#4189);
#3578=LINE('',#9045,#4190);
#3579=LINE('',#9049,#4191);
#3580=LINE('',#9051,#4192);
#3581=LINE('',#9053,#4193);
#3582=LINE('',#9109,#4194);
#3583=LINE('',#9111,#4195);
#3584=LINE('',#9113,#4196);
#3585=LINE('',#9169,#4197);
#3586=LINE('',#9171,#4198);
#3587=LINE('',#9173,#4199);
#3588=LINE('',#9177,#4200);
#3589=LINE('',#9179,#4201);
#3590=LINE('',#9181,#4202);
#3591=LINE('',#9237,#4203);
#3592=LINE('',#9239,#4204);
#3593=LINE('',#9241,#4205);
#3594=LINE('',#9297,#4206);
#3595=LINE('',#9299,#4207);
#3596=LINE('',#9301,#4208);
#3597=LINE('',#9305,#4209);
#3598=LINE('',#9307,#4210);
#3599=LINE('',#9309,#4211);
#3600=LINE('',#9365,#4212);
#3601=LINE('',#9367,#4213);
#3602=LINE('',#9369,#4214);
#3603=LINE('',#9425,#4215);
#3604=LINE('',#9427,#4216);
#3605=LINE('',#9429,#4217);
#3606=LINE('',#9433,#4218);
#3607=LINE('',#9435,#4219);
#3608=LINE('',#9437,#4220);
#3609=LINE('',#9493,#4221);
#3610=LINE('',#9495,#4222);
#3611=LINE('',#9497,#4223);
#3612=LINE('',#9553,#4224);
#3613=LINE('',#9555,#4225);
#3614=LINE('',#9557,#4226);
#3615=LINE('',#9561,#4227);
#3616=LINE('',#9563,#4228);
#3617=LINE('',#9565,#4229);
#3618=LINE('',#9621,#4230);
#3619=LINE('',#9623,#4231);
#3620=LINE('',#9625,#4232);
#3621=LINE('',#9681,#4233);
#3622=LINE('',#9683,#4234);
#3623=LINE('',#9685,#4235);
#3624=LINE('',#9689,#4236);
#3625=LINE('',#9691,#4237);
#3626=LINE('',#9693,#4238);
#3627=LINE('',#9749,#4239);
#3628=LINE('',#9751,#4240);
#3629=LINE('',#9753,#4241);
#3630=LINE('',#9809,#4242);
#3631=LINE('',#9811,#4243);
#3632=LINE('',#9813,#4244);
#3633=LINE('',#9817,#4245);
#3634=LINE('',#9819,#4246);
#3635=LINE('',#9821,#4247);
#3636=LINE('',#9877,#4248);
#3637=LINE('',#9879,#4249);
#3638=LINE('',#9881,#4250);
#3639=LINE('',#9937,#4251);
#3640=LINE('',#9939,#4252);
#3641=LINE('',#9941,#4253);
#3642=LINE('',#9945,#4254);
#3643=LINE('',#9947,#4255);
#3644=LINE('',#9949,#4256);
#3645=LINE('',#10005,#4257);
#3646=LINE('',#10007,#4258);
#3647=LINE('',#10009,#4259);
#3648=LINE('',#10065,#4260);
#3649=LINE('',#10067,#4261);
#3650=LINE('',#10069,#4262);
#3651=LINE('',#10073,#4263);
#3652=LINE('',#10075,#4264);
#3653=LINE('',#10077,#4265);
#3654=LINE('',#10133,#4266);
#3655=LINE('',#10135,#4267);
#3656=LINE('',#10137,#4268);
#3657=LINE('',#10193,#4269);
#3658=LINE('',#10195,#4270);
#3659=LINE('',#10197,#4271);
#3660=LINE('',#10201,#4272);
#3661=LINE('',#10203,#4273);
#3662=LINE('',#10205,#4274);
#3663=LINE('',#10261,#4275);
#3664=LINE('',#10263,#4276);
#3665=LINE('',#10265,#4277);
#3666=LINE('',#10321,#4278);
#3667=LINE('',#10323,#4279);
#3668=LINE('',#10325,#4280);
#3669=LINE('',#10329,#4281);
#3670=LINE('',#10331,#4282);
#3671=LINE('',#10333,#4283);
#3672=LINE('',#10389,#4284);
#3673=LINE('',#10391,#4285);
#3674=LINE('',#10393,#4286);
#3675=LINE('',#10449,#4287);
#3676=LINE('',#10451,#4288);
#3677=LINE('',#10453,#4289);
#3678=LINE('',#10457,#4290);
#3679=LINE('',#10459,#4291);
#3680=LINE('',#10461,#4292);
#3681=LINE('',#10517,#4293);
#3682=LINE('',#10519,#4294);
#3683=LINE('',#10521,#4295);
#3684=LINE('',#10578,#4296);
#3685=LINE('',#10580,#4297);
#3686=LINE('',#10582,#4298);
#3687=LINE('',#10584,#4299);
#3688=LINE('',#10588,#4300);
#3689=LINE('',#10590,#4301);
#3690=LINE('',#10592,#4302);
#3691=LINE('',#10594,#4303);
#3692=LINE('',#10596,#4304);
#3693=LINE('',#10600,#4305);
#3694=LINE('',#10602,#4306);
#3695=LINE('',#10604,#4307);
#3696=LINE('',#10606,#4308);
#3697=LINE('',#10608,#4309);
#3698=LINE('',#10612,#4310);
#3699=LINE('',#10614,#4311);
#3700=LINE('',#10616,#4312);
#3701=LINE('',#10618,#4313);
#3702=LINE('',#10620,#4314);
#3703=LINE('',#10624,#4315);
#3704=LINE('',#10626,#4316);
#3705=LINE('',#10628,#4317);
#3706=LINE('',#10630,#4318);
#3707=LINE('',#10632,#4319);
#3708=LINE('',#10636,#4320);
#3709=LINE('',#10638,#4321);
#3710=LINE('',#10640,#4322);
#3711=LINE('',#10642,#4323);
#3712=LINE('',#10644,#4324);
#3713=LINE('',#10648,#4325);
#3714=LINE('',#10650,#4326);
#3715=LINE('',#10652,#4327);
#3716=LINE('',#10654,#4328);
#3717=LINE('',#10656,#4329);
#3718=LINE('',#10660,#4330);
#3719=LINE('',#10662,#4331);
#3720=LINE('',#10664,#4332);
#3721=LINE('',#10666,#4333);
#3722=LINE('',#10668,#4334);
#3723=LINE('',#10672,#4335);
#3724=LINE('',#10674,#4336);
#3725=LINE('',#10676,#4337);
#3726=LINE('',#10678,#4338);
#3727=LINE('',#10680,#4339);
#3728=LINE('',#10684,#4340);
#3729=LINE('',#10686,#4341);
#3730=LINE('',#10688,#4342);
#3731=LINE('',#10690,#4343);
#3732=LINE('',#10692,#4344);
#3733=LINE('',#10696,#4345);
#3734=LINE('',#10698,#4346);
#3735=LINE('',#10700,#4347);
#3736=LINE('',#10702,#4348);
#3737=LINE('',#10704,#4349);
#3738=LINE('',#10708,#4350);
#3739=LINE('',#10710,#4351);
#3740=LINE('',#10712,#4352);
#3741=LINE('',#10714,#4353);
#3742=LINE('',#10716,#4354);
#3743=LINE('',#10720,#4355);
#3744=LINE('',#10722,#4356);
#3745=LINE('',#10724,#4357);
#3746=LINE('',#10726,#4358);
#3747=LINE('',#10728,#4359);
#3748=LINE('',#10732,#4360);
#3749=LINE('',#10734,#4361);
#3750=LINE('',#10736,#4362);
#3751=LINE('',#10738,#4363);
#3752=LINE('',#10740,#4364);
#3753=LINE('',#10744,#4365);
#3754=LINE('',#10746,#4366);
#3755=LINE('',#10748,#4367);
#3756=LINE('',#10750,#4368);
#3757=LINE('',#10752,#4369);
#3758=LINE('',#10756,#4370);
#3759=LINE('',#10758,#4371);
#3760=LINE('',#10760,#4372);
#3761=LINE('',#10762,#4373);
#3762=LINE('',#10764,#4374);
#3763=LINE('',#10768,#4375);
#3764=LINE('',#10770,#4376);
#3765=LINE('',#10772,#4377);
#3766=LINE('',#10774,#4378);
#3767=LINE('',#10776,#4379);
#3768=LINE('',#10780,#4380);
#3769=LINE('',#10782,#4381);
#3770=LINE('',#10784,#4382);
#3771=LINE('',#10786,#4383);
#3772=LINE('',#10788,#4384);
#3773=LINE('',#10792,#4385);
#3774=LINE('',#10794,#4386);
#3775=LINE('',#10796,#4387);
#3776=LINE('',#10798,#4388);
#3777=LINE('',#10800,#4389);
#3778=LINE('',#10804,#4390);
#3779=LINE('',#10806,#4391);
#3780=LINE('',#10808,#4392);
#3781=LINE('',#10810,#4393);
#3782=LINE('',#10812,#4394);
#3783=LINE('',#10816,#4395);
#3784=LINE('',#10818,#4396);
#3785=LINE('',#10820,#4397);
#3786=LINE('',#10822,#4398);
#3787=LINE('',#10824,#4399);
#3788=LINE('',#10828,#4400);
#3789=LINE('',#10830,#4401);
#3790=LINE('',#10832,#4402);
#3791=LINE('',#10834,#4403);
#3792=LINE('',#10836,#4404);
#3793=LINE('',#10840,#4405);
#3794=LINE('',#10842,#4406);
#3795=LINE('',#10844,#4407);
#3796=LINE('',#10846,#4408);
#3797=LINE('',#10848,#4409);
#3798=LINE('',#10852,#4410);
#3799=LINE('',#10854,#4411);
#3800=LINE('',#10856,#4412);
#3801=LINE('',#10858,#4413);
#3802=LINE('',#10860,#4414);
#3803=LINE('',#10864,#4415);
#3804=LINE('',#10866,#4416);
#3805=LINE('',#10868,#4417);
#3806=LINE('',#10870,#4418);
#3807=LINE('',#10872,#4419);
#3808=LINE('',#10876,#4420);
#3809=LINE('',#10878,#4421);
#3810=LINE('',#10880,#4422);
#3811=LINE('',#10882,#4423);
#3812=LINE('',#10884,#4424);
#3813=LINE('',#10888,#4425);
#3814=LINE('',#10890,#4426);
#3815=LINE('',#10892,#4427);
#3816=LINE('',#10894,#4428);
#3817=LINE('',#10896,#4429);
#3818=LINE('',#10900,#4430);
#3819=LINE('',#10902,#4431);
#3820=LINE('',#10904,#4432);
#3821=LINE('',#10906,#4433);
#3822=LINE('',#10908,#4434);
#3823=LINE('',#10912,#4435);
#3824=LINE('',#10914,#4436);
#3825=LINE('',#10916,#4437);
#3826=LINE('',#10918,#4438);
#3827=LINE('',#10920,#4439);
#3828=LINE('',#10924,#4440);
#3829=LINE('',#10926,#4441);
#3830=LINE('',#10928,#4442);
#3831=LINE('',#10930,#4443);
#3832=LINE('',#10932,#4444);
#3833=LINE('',#10936,#4445);
#3834=LINE('',#10938,#4446);
#3835=LINE('',#10940,#4447);
#3836=LINE('',#10942,#4448);
#3837=LINE('',#10944,#4449);
#3838=LINE('',#10948,#4450);
#3839=LINE('',#10950,#4451);
#3840=LINE('',#10952,#4452);
#3841=LINE('',#10954,#4453);
#3842=LINE('',#10956,#4454);
#3843=LINE('',#10960,#4455);
#3844=LINE('',#10962,#4456);
#3845=LINE('',#10964,#4457);
#3846=LINE('',#10966,#4458);
#3847=LINE('',#10968,#4459);
#3848=LINE('',#10972,#4460);
#3849=LINE('',#10974,#4461);
#3850=LINE('',#10976,#4462);
#3851=LINE('',#10978,#4463);
#3852=LINE('',#10980,#4464);
#3853=LINE('',#10984,#4465);
#3854=LINE('',#10986,#4466);
#3855=LINE('',#10988,#4467);
#3856=LINE('',#10990,#4468);
#3857=LINE('',#10992,#4469);
#3858=LINE('',#10996,#4470);
#3859=LINE('',#10998,#4471);
#3860=LINE('',#11000,#4472);
#3861=LINE('',#11002,#4473);
#3862=LINE('',#11004,#4474);
#3863=LINE('',#11008,#4475);
#3864=LINE('',#11010,#4476);
#3865=LINE('',#11012,#4477);
#3866=LINE('',#11014,#4478);
#3867=LINE('',#11016,#4479);
#3868=LINE('',#11020,#4480);
#3869=LINE('',#11022,#4481);
#3870=LINE('',#11024,#4482);
#3871=LINE('',#11026,#4483);
#3872=LINE('',#11028,#4484);
#3873=LINE('',#11032,#4485);
#3874=LINE('',#11034,#4486);
#3875=LINE('',#11036,#4487);
#3876=LINE('',#11038,#4488);
#3877=LINE('',#11040,#4489);
#3878=LINE('',#11044,#4490);
#3879=LINE('',#11046,#4491);
#3880=LINE('',#11048,#4492);
#3881=LINE('',#11050,#4493);
#3882=LINE('',#11052,#4494);
#3883=LINE('',#11056,#4495);
#3884=LINE('',#11058,#4496);
#3885=LINE('',#11060,#4497);
#3886=LINE('',#11062,#4498);
#3887=LINE('',#11064,#4499);
#3888=LINE('',#11068,#4500);
#3889=LINE('',#11070,#4501);
#3890=LINE('',#11072,#4502);
#3891=LINE('',#11074,#4503);
#3892=LINE('',#11076,#4504);
#3893=LINE('',#11080,#4505);
#3894=LINE('',#11082,#4506);
#3895=LINE('',#11084,#4507);
#3896=LINE('',#11086,#4508);
#3897=LINE('',#11088,#4509);
#3898=LINE('',#11092,#4510);
#3899=LINE('',#11094,#4511);
#3900=LINE('',#11096,#4512);
#3901=LINE('',#11098,#4513);
#3902=LINE('',#11100,#4514);
#3903=LINE('',#11104,#4515);
#3904=LINE('',#11106,#4516);
#3905=LINE('',#11108,#4517);
#3906=LINE('',#11110,#4518);
#3907=LINE('',#11112,#4519);
#3908=LINE('',#11116,#4520);
#3909=LINE('',#11118,#4521);
#3910=LINE('',#11120,#4522);
#3911=LINE('',#11122,#4523);
#3912=LINE('',#11124,#4524);
#3913=LINE('',#11128,#4525);
#3914=LINE('',#11130,#4526);
#3915=LINE('',#11132,#4527);
#3916=LINE('',#11134,#4528);
#3917=LINE('',#11136,#4529);
#3918=LINE('',#11140,#4530);
#3919=LINE('',#11142,#4531);
#3920=LINE('',#11144,#4532);
#3921=LINE('',#11146,#4533);
#3922=LINE('',#11148,#4534);
#3923=LINE('',#11152,#4535);
#3924=LINE('',#11154,#4536);
#3925=LINE('',#11156,#4537);
#3926=LINE('',#11158,#4538);
#3927=LINE('',#11160,#4539);
#3928=LINE('',#11164,#4540);
#3929=LINE('',#11166,#4541);
#3930=LINE('',#11168,#4542);
#3931=LINE('',#11170,#4543);
#3932=LINE('',#11172,#4544);
#3933=LINE('',#11176,#4545);
#3934=LINE('',#11178,#4546);
#3935=LINE('',#11180,#4547);
#3936=LINE('',#11182,#4548);
#3937=LINE('',#11184,#4549);
#3938=LINE('',#11188,#4550);
#3939=LINE('',#11190,#4551);
#3940=LINE('',#11192,#4552);
#3941=LINE('',#11194,#4553);
#3942=LINE('',#11196,#4554);
#3943=LINE('',#11200,#4555);
#3944=LINE('',#11202,#4556);
#3945=LINE('',#11204,#4557);
#3946=LINE('',#11206,#4558);
#3947=LINE('',#11208,#4559);
#3948=LINE('',#11212,#4560);
#3949=LINE('',#11214,#4561);
#3950=LINE('',#11216,#4562);
#3951=LINE('',#11218,#4563);
#3952=LINE('',#11220,#4564);
#3953=LINE('',#11224,#4565);
#3954=LINE('',#11226,#4566);
#3955=LINE('',#11228,#4567);
#3956=LINE('',#11230,#4568);
#3957=LINE('',#11232,#4569);
#3958=LINE('',#11236,#4570);
#3959=LINE('',#11238,#4571);
#3960=LINE('',#11240,#4572);
#3961=LINE('',#11242,#4573);
#3962=LINE('',#11244,#4574);
#3963=LINE('',#11248,#4575);
#3964=LINE('',#11250,#4576);
#3965=LINE('',#11252,#4577);
#3966=LINE('',#11254,#4578);
#3967=LINE('',#11256,#4579);
#3968=LINE('',#11260,#4580);
#3969=LINE('',#11262,#4581);
#3970=LINE('',#11264,#4582);
#3971=LINE('',#11266,#4583);
#3972=LINE('',#11268,#4584);
#3973=LINE('',#11272,#4585);
#3974=LINE('',#11274,#4586);
#3975=LINE('',#11276,#4587);
#3976=LINE('',#11278,#4588);
#3977=LINE('',#11280,#4589);
#3978=LINE('',#11284,#4590);
#3979=LINE('',#11286,#4591);
#3980=LINE('',#11288,#4592);
#3981=LINE('',#11290,#4593);
#3982=LINE('',#11292,#4594);
#3983=LINE('',#11296,#4595);
#3984=VECTOR('',#6022,1.);
#3985=VECTOR('',#6025,1.);
#3986=VECTOR('',#6026,1.);
#3987=VECTOR('',#6027,1.);
#3988=VECTOR('',#6030,1.);
#3989=VECTOR('',#6031,1.);
#3990=VECTOR('',#6032,1.);
#3991=VECTOR('',#6035,1.);
#3992=VECTOR('',#6036,1.);
#3993=VECTOR('',#6037,1.);
#3994=VECTOR('',#6040,1.);
#3995=VECTOR('',#6041,1.);
#3996=VECTOR('',#6042,1.);
#3997=VECTOR('',#6045,1.);
#3998=VECTOR('',#6046,1.);
#3999=VECTOR('',#6047,1.);
#4000=VECTOR('',#6050,1.);
#4001=VECTOR('',#6051,1.);
#4002=VECTOR('',#6052,1.);
#4003=VECTOR('',#6055,1.);
#4004=VECTOR('',#6056,1.);
#4005=VECTOR('',#6057,1.);
#4006=VECTOR('',#6060,1.);
#4007=VECTOR('',#6061,1.);
#4008=VECTOR('',#6062,1.);
#4009=VECTOR('',#6065,1.);
#4010=VECTOR('',#6066,1.);
#4011=VECTOR('',#6067,1.);
#4012=VECTOR('',#6070,1.);
#4013=VECTOR('',#6071,1.);
#4014=VECTOR('',#6072,1.);
#4015=VECTOR('',#6075,1.);
#4016=VECTOR('',#6076,1.);
#4017=VECTOR('',#6077,1.);
#4018=VECTOR('',#6080,1.);
#4019=VECTOR('',#6081,1.);
#4020=VECTOR('',#6082,1.);
#4021=VECTOR('',#6085,1.);
#4022=VECTOR('',#6086,1.);
#4023=VECTOR('',#6087,1.);
#4024=VECTOR('',#6090,1.);
#4025=VECTOR('',#6091,1.);
#4026=VECTOR('',#6092,1.);
#4027=VECTOR('',#6095,1.);
#4028=VECTOR('',#6096,1.);
#4029=VECTOR('',#6097,1.);
#4030=VECTOR('',#6100,1.);
#4031=VECTOR('',#6101,1.);
#4032=VECTOR('',#6104,1.);
#4033=VECTOR('',#6105,1.);
#4034=VECTOR('',#6108,1.);
#4035=VECTOR('',#6109,1.);
#4036=VECTOR('',#6112,1.);
#4037=VECTOR('',#6113,1.);
#4038=VECTOR('',#6116,1.);
#4039=VECTOR('',#6117,1.);
#4040=VECTOR('',#6120,1.);
#4041=VECTOR('',#6121,1.);
#4042=VECTOR('',#6124,1.);
#4043=VECTOR('',#6125,1.);
#4044=VECTOR('',#6128,1.);
#4045=VECTOR('',#6129,1.);
#4046=VECTOR('',#6132,1.);
#4047=VECTOR('',#6133,1.);
#4048=VECTOR('',#6136,1.);
#4049=VECTOR('',#6137,1.);
#4050=VECTOR('',#6140,1.);
#4051=VECTOR('',#6141,1.);
#4052=VECTOR('',#6144,1.);
#4053=VECTOR('',#6145,1.);
#4054=VECTOR('',#6148,1.);
#4055=VECTOR('',#6149,1.);
#4056=VECTOR('',#6152,1.);
#4057=VECTOR('',#6153,1.);
#4058=VECTOR('',#6156,1.);
#4059=VECTOR('',#6157,1.);
#4060=VECTOR('',#6160,1.);
#4061=VECTOR('',#6161,1.);
#4062=VECTOR('',#6164,1.);
#4063=VECTOR('',#6165,1.);
#4064=VECTOR('',#6168,1.);
#4065=VECTOR('',#6169,1.);
#4066=VECTOR('',#6172,1.);
#4067=VECTOR('',#6173,1.);
#4068=VECTOR('',#6176,1.);
#4069=VECTOR('',#6177,1.);
#4070=VECTOR('',#6180,1.);
#4071=VECTOR('',#6181,1.);
#4072=VECTOR('',#6184,1.);
#4073=VECTOR('',#6185,1.);
#4074=VECTOR('',#6188,1.);
#4075=VECTOR('',#6189,1.);
#4076=VECTOR('',#6192,1.);
#4077=VECTOR('',#6193,1.);
#4078=VECTOR('',#6196,1.);
#4079=VECTOR('',#6197,1.);
#4080=VECTOR('',#6200,1.);
#4081=VECTOR('',#6201,1.);
#4082=VECTOR('',#6204,1.);
#4083=VECTOR('',#6205,1.);
#4084=VECTOR('',#6208,1.);
#4085=VECTOR('',#6209,1.);
#4086=VECTOR('',#6212,1.);
#4087=VECTOR('',#6213,1.);
#4088=VECTOR('',#6216,1.);
#4089=VECTOR('',#6217,1.);
#4090=VECTOR('',#6220,1.);
#4091=VECTOR('',#6221,1.);
#4092=VECTOR('',#6224,1.);
#4093=VECTOR('',#6225,1.);
#4094=VECTOR('',#6228,1.);
#4095=VECTOR('',#6229,1.);
#4096=VECTOR('',#6232,1.);
#4097=VECTOR('',#6233,1.);
#4098=VECTOR('',#6236,1.);
#4099=VECTOR('',#6237,1.);
#4100=VECTOR('',#6240,1.);
#4101=VECTOR('',#6241,1.);
#4102=VECTOR('',#6244,1.);
#4103=VECTOR('',#6245,1.);
#4104=VECTOR('',#6248,1.);
#4105=VECTOR('',#6249,1.);
#4106=VECTOR('',#6252,1.);
#4107=VECTOR('',#6253,1.);
#4108=VECTOR('',#6256,1.);
#4109=VECTOR('',#6257,1.);
#4110=VECTOR('',#6260,1.);
#4111=VECTOR('',#6261,1.);
#4112=VECTOR('',#6264,1.);
#4113=VECTOR('',#6265,1.);
#4114=VECTOR('',#6268,1.);
#4115=VECTOR('',#6269,1.);
#4116=VECTOR('',#6272,1.);
#4117=VECTOR('',#6273,1.);
#4118=VECTOR('',#6276,1.);
#4119=VECTOR('',#6277,1.);
#4120=VECTOR('',#6280,1.);
#4121=VECTOR('',#6281,1.);
#4122=VECTOR('',#6284,1.);
#4123=VECTOR('',#6285,1.);
#4124=VECTOR('',#6288,1.);
#4125=VECTOR('',#6289,1.);
#4126=VECTOR('',#6292,1.);
#4127=VECTOR('',#6293,1.);
#4128=VECTOR('',#6296,1.);
#4129=VECTOR('',#6297,1.);
#4130=VECTOR('',#6300,1.);
#4131=VECTOR('',#6301,1.);
#4132=VECTOR('',#6304,1.);
#4133=VECTOR('',#6305,1.);
#4134=VECTOR('',#6308,1.);
#4135=VECTOR('',#6309,1.);
#4136=VECTOR('',#6312,1.);
#4137=VECTOR('',#6313,1.);
#4138=VECTOR('',#6316,1.);
#4139=VECTOR('',#6317,1.);
#4140=VECTOR('',#6320,1.);
#4141=VECTOR('',#6321,1.);
#4142=VECTOR('',#6324,1.);
#4143=VECTOR('',#6325,1.);
#4144=VECTOR('',#6328,1.);
#4145=VECTOR('',#6329,1.);
#4146=VECTOR('',#6332,1.);
#4147=VECTOR('',#6333,1.);
#4148=VECTOR('',#6336,1.);
#4149=VECTOR('',#6337,1.);
#4150=VECTOR('',#6340,1.);
#4151=VECTOR('',#6341,1.);
#4152=VECTOR('',#6344,1.);
#4153=VECTOR('',#6345,1.);
#4154=VECTOR('',#6346,1.);
#4155=VECTOR('',#6351,1.);
#4156=VECTOR('',#6354,1.);
#4157=VECTOR('',#6355,1.);
#4158=VECTOR('',#6356,1.);
#4159=VECTOR('',#6359,1.);
#4160=VECTOR('',#6360,1.);
#4161=VECTOR('',#6361,1.);
#4162=VECTOR('',#6364,1.);
#4163=VECTOR('',#6365,1.);
#4164=VECTOR('',#6370,1.);
#4165=VECTOR('',#6373,1.);
#4166=VECTOR('',#6374,1.);
#4167=VECTOR('',#6375,1.);
#4168=VECTOR('',#6378,1.);
#4169=VECTOR('',#6379,1.);
#4170=VECTOR('',#6380,1.);
#4171=VECTOR('',#6383,1.);
#4172=VECTOR('',#6384,1.);
#4173=VECTOR('',#6389,1.);
#4174=VECTOR('',#6392,1.);
#4175=VECTOR('',#6393,1.);
#4176=VECTOR('',#6394,1.);
#4177=VECTOR('',#6397,1.);
#4178=VECTOR('',#6398,1.);
#4179=VECTOR('',#6399,1.);
#4180=VECTOR('',#6402,1.);
#4181=VECTOR('',#6403,1.);
#4182=VECTOR('',#6408,1.);
#4183=VECTOR('',#6411,1.);
#4184=VECTOR('',#6412,1.);
#4185=VECTOR('',#6413,1.);
#4186=VECTOR('',#6416,1.);
#4187=VECTOR('',#6417,1.);
#4188=VECTOR('',#6418,1.);
#4189=VECTOR('',#6421,1.);
#4190=VECTOR('',#6422,1.);
#4191=VECTOR('',#6427,1.);
#4192=VECTOR('',#6430,1.);
#4193=VECTOR('',#6431,1.);
#4194=VECTOR('',#6432,1.);
#4195=VECTOR('',#6435,1.);
#4196=VECTOR('',#6436,1.);
#4197=VECTOR('',#6437,1.);
#4198=VECTOR('',#6440,1.);
#4199=VECTOR('',#6441,1.);
#4200=VECTOR('',#6446,1.);
#4201=VECTOR('',#6449,1.);
#4202=VECTOR('',#6450,1.);
#4203=VECTOR('',#6451,1.);
#4204=VECTOR('',#6454,1.);
#4205=VECTOR('',#6455,1.);
#4206=VECTOR('',#6456,1.);
#4207=VECTOR('',#6459,1.);
#4208=VECTOR('',#6460,1.);
#4209=VECTOR('',#6465,1.);
#4210=VECTOR('',#6468,1.);
#4211=VECTOR('',#6469,1.);
#4212=VECTOR('',#6470,1.);
#4213=VECTOR('',#6473,1.);
#4214=VECTOR('',#6474,1.);
#4215=VECTOR('',#6475,1.);
#4216=VECTOR('',#6478,1.);
#4217=VECTOR('',#6479,1.);
#4218=VECTOR('',#6484,1.);
#4219=VECTOR('',#6487,1.);
#4220=VECTOR('',#6488,1.);
#4221=VECTOR('',#6489,1.);
#4222=VECTOR('',#6492,1.);
#4223=VECTOR('',#6493,1.);
#4224=VECTOR('',#6494,1.);
#4225=VECTOR('',#6497,1.);
#4226=VECTOR('',#6498,1.);
#4227=VECTOR('',#6503,1.);
#4228=VECTOR('',#6506,1.);
#4229=VECTOR('',#6507,1.);
#4230=VECTOR('',#6508,1.);
#4231=VECTOR('',#6511,1.);
#4232=VECTOR('',#6512,1.);
#4233=VECTOR('',#6513,1.);
#4234=VECTOR('',#6516,1.);
#4235=VECTOR('',#6517,1.);
#4236=VECTOR('',#6522,1.);
#4237=VECTOR('',#6525,1.);
#4238=VECTOR('',#6526,1.);
#4239=VECTOR('',#6527,1.);
#4240=VECTOR('',#6530,1.);
#4241=VECTOR('',#6531,1.);
#4242=VECTOR('',#6532,1.);
#4243=VECTOR('',#6535,1.);
#4244=VECTOR('',#6536,1.);
#4245=VECTOR('',#6541,1.);
#4246=VECTOR('',#6544,1.);
#4247=VECTOR('',#6545,1.);
#4248=VECTOR('',#6546,1.);
#4249=VECTOR('',#6549,1.);
#4250=VECTOR('',#6550,1.);
#4251=VECTOR('',#6551,1.);
#4252=VECTOR('',#6554,1.);
#4253=VECTOR('',#6555,1.);
#4254=VECTOR('',#6560,1.);
#4255=VECTOR('',#6563,1.);
#4256=VECTOR('',#6564,1.);
#4257=VECTOR('',#6565,1.);
#4258=VECTOR('',#6568,1.);
#4259=VECTOR('',#6569,1.);
#4260=VECTOR('',#6570,1.);
#4261=VECTOR('',#6573,1.);
#4262=VECTOR('',#6574,1.);
#4263=VECTOR('',#6579,1.);
#4264=VECTOR('',#6582,1.);
#4265=VECTOR('',#6583,1.);
#4266=VECTOR('',#6584,1.);
#4267=VECTOR('',#6587,1.);
#4268=VECTOR('',#6588,1.);
#4269=VECTOR('',#6589,1.);
#4270=VECTOR('',#6592,1.);
#4271=VECTOR('',#6593,1.);
#4272=VECTOR('',#6598,1.);
#4273=VECTOR('',#6601,1.);
#4274=VECTOR('',#6602,1.);
#4275=VECTOR('',#6603,1.);
#4276=VECTOR('',#6606,1.);
#4277=VECTOR('',#6607,1.);
#4278=VECTOR('',#6608,1.);
#4279=VECTOR('',#6611,1.);
#4280=VECTOR('',#6612,1.);
#4281=VECTOR('',#6617,1.);
#4282=VECTOR('',#6620,1.);
#4283=VECTOR('',#6621,1.);
#4284=VECTOR('',#6622,1.);
#4285=VECTOR('',#6625,1.);
#4286=VECTOR('',#6626,1.);
#4287=VECTOR('',#6627,1.);
#4288=VECTOR('',#6630,1.);
#4289=VECTOR('',#6631,1.);
#4290=VECTOR('',#6636,1.);
#4291=VECTOR('',#6639,1.);
#4292=VECTOR('',#6640,1.);
#4293=VECTOR('',#6641,1.);
#4294=VECTOR('',#6644,1.);
#4295=VECTOR('',#6645,1.);
#4296=VECTOR('',#6650,1.);
#4297=VECTOR('',#6651,1.);
#4298=VECTOR('',#6652,1.);
#4299=VECTOR('',#6655,1.);
#4300=VECTOR('',#6660,1.);
#4301=VECTOR('',#6661,1.);
#4302=VECTOR('',#6664,1.);
#4303=VECTOR('',#6665,1.);
#4304=VECTOR('',#6668,1.);
#4305=VECTOR('',#6673,1.);
#4306=VECTOR('',#6674,1.);
#4307=VECTOR('',#6677,1.);
#4308=VECTOR('',#6678,1.);
#4309=VECTOR('',#6681,1.);
#4310=VECTOR('',#6686,1.);
#4311=VECTOR('',#6687,1.);
#4312=VECTOR('',#6690,1.);
#4313=VECTOR('',#6691,1.);
#4314=VECTOR('',#6694,1.);
#4315=VECTOR('',#6699,1.);
#4316=VECTOR('',#6700,1.);
#4317=VECTOR('',#6703,1.);
#4318=VECTOR('',#6704,1.);
#4319=VECTOR('',#6707,1.);
#4320=VECTOR('',#6712,1.);
#4321=VECTOR('',#6713,1.);
#4322=VECTOR('',#6716,1.);
#4323=VECTOR('',#6717,1.);
#4324=VECTOR('',#6720,1.);
#4325=VECTOR('',#6725,1.);
#4326=VECTOR('',#6726,1.);
#4327=VECTOR('',#6729,1.);
#4328=VECTOR('',#6730,1.);
#4329=VECTOR('',#6733,1.);
#4330=VECTOR('',#6738,1.);
#4331=VECTOR('',#6739,1.);
#4332=VECTOR('',#6742,1.);
#4333=VECTOR('',#6743,1.);
#4334=VECTOR('',#6746,1.);
#4335=VECTOR('',#6751,1.);
#4336=VECTOR('',#6752,1.);
#4337=VECTOR('',#6755,1.);
#4338=VECTOR('',#6756,1.);
#4339=VECTOR('',#6759,1.);
#4340=VECTOR('',#6764,1.);
#4341=VECTOR('',#6765,1.);
#4342=VECTOR('',#6768,1.);
#4343=VECTOR('',#6769,1.);
#4344=VECTOR('',#6772,1.);
#4345=VECTOR('',#6777,1.);
#4346=VECTOR('',#6778,1.);
#4347=VECTOR('',#6781,1.);
#4348=VECTOR('',#6782,1.);
#4349=VECTOR('',#6785,1.);
#4350=VECTOR('',#6790,1.);
#4351=VECTOR('',#6791,1.);
#4352=VECTOR('',#6794,1.);
#4353=VECTOR('',#6795,1.);
#4354=VECTOR('',#6798,1.);
#4355=VECTOR('',#6803,1.);
#4356=VECTOR('',#6804,1.);
#4357=VECTOR('',#6807,1.);
#4358=VECTOR('',#6808,1.);
#4359=VECTOR('',#6811,1.);
#4360=VECTOR('',#6816,1.);
#4361=VECTOR('',#6817,1.);
#4362=VECTOR('',#6820,1.);
#4363=VECTOR('',#6821,1.);
#4364=VECTOR('',#6824,1.);
#4365=VECTOR('',#6829,1.);
#4366=VECTOR('',#6830,1.);
#4367=VECTOR('',#6833,1.);
#4368=VECTOR('',#6834,1.);
#4369=VECTOR('',#6837,1.);
#4370=VECTOR('',#6842,1.);
#4371=VECTOR('',#6843,1.);
#4372=VECTOR('',#6846,1.);
#4373=VECTOR('',#6847,1.);
#4374=VECTOR('',#6850,1.);
#4375=VECTOR('',#6855,1.);
#4376=VECTOR('',#6856,1.);
#4377=VECTOR('',#6859,1.);
#4378=VECTOR('',#6860,1.);
#4379=VECTOR('',#6863,1.);
#4380=VECTOR('',#6868,1.);
#4381=VECTOR('',#6869,1.);
#4382=VECTOR('',#6872,1.);
#4383=VECTOR('',#6873,1.);
#4384=VECTOR('',#6876,1.);
#4385=VECTOR('',#6881,1.);
#4386=VECTOR('',#6882,1.);
#4387=VECTOR('',#6885,1.);
#4388=VECTOR('',#6886,1.);
#4389=VECTOR('',#6889,1.);
#4390=VECTOR('',#6894,1.);
#4391=VECTOR('',#6895,1.);
#4392=VECTOR('',#6898,1.);
#4393=VECTOR('',#6899,1.);
#4394=VECTOR('',#6902,1.);
#4395=VECTOR('',#6907,1.);
#4396=VECTOR('',#6908,1.);
#4397=VECTOR('',#6911,1.);
#4398=VECTOR('',#6912,1.);
#4399=VECTOR('',#6915,1.);
#4400=VECTOR('',#6920,1.);
#4401=VECTOR('',#6921,1.);
#4402=VECTOR('',#6924,1.);
#4403=VECTOR('',#6925,1.);
#4404=VECTOR('',#6928,1.);
#4405=VECTOR('',#6933,1.);
#4406=VECTOR('',#6934,1.);
#4407=VECTOR('',#6937,1.);
#4408=VECTOR('',#6938,1.);
#4409=VECTOR('',#6941,1.);
#4410=VECTOR('',#6946,1.);
#4411=VECTOR('',#6947,1.);
#4412=VECTOR('',#6950,1.);
#4413=VECTOR('',#6951,1.);
#4414=VECTOR('',#6954,1.);
#4415=VECTOR('',#6959,1.);
#4416=VECTOR('',#6960,1.);
#4417=VECTOR('',#6963,1.);
#4418=VECTOR('',#6964,1.);
#4419=VECTOR('',#6967,1.);
#4420=VECTOR('',#6972,1.);
#4421=VECTOR('',#6973,1.);
#4422=VECTOR('',#6976,1.);
#4423=VECTOR('',#6977,1.);
#4424=VECTOR('',#6980,1.);
#4425=VECTOR('',#6985,1.);
#4426=VECTOR('',#6986,1.);
#4427=VECTOR('',#6989,1.);
#4428=VECTOR('',#6990,1.);
#4429=VECTOR('',#6993,1.);
#4430=VECTOR('',#6998,1.);
#4431=VECTOR('',#6999,1.);
#4432=VECTOR('',#7002,1.);
#4433=VECTOR('',#7003,1.);
#4434=VECTOR('',#7006,1.);
#4435=VECTOR('',#7011,1.);
#4436=VECTOR('',#7012,1.);
#4437=VECTOR('',#7015,1.);
#4438=VECTOR('',#7016,1.);
#4439=VECTOR('',#7019,1.);
#4440=VECTOR('',#7024,1.);
#4441=VECTOR('',#7025,1.);
#4442=VECTOR('',#7028,1.);
#4443=VECTOR('',#7029,1.);
#4444=VECTOR('',#7032,1.);
#4445=VECTOR('',#7037,1.);
#4446=VECTOR('',#7038,1.);
#4447=VECTOR('',#7041,1.);
#4448=VECTOR('',#7042,1.);
#4449=VECTOR('',#7045,1.);
#4450=VECTOR('',#7050,1.);
#4451=VECTOR('',#7051,1.);
#4452=VECTOR('',#7054,1.);
#4453=VECTOR('',#7055,1.);
#4454=VECTOR('',#7058,1.);
#4455=VECTOR('',#7063,1.);
#4456=VECTOR('',#7064,1.);
#4457=VECTOR('',#7067,1.);
#4458=VECTOR('',#7068,1.);
#4459=VECTOR('',#7071,1.);
#4460=VECTOR('',#7076,1.);
#4461=VECTOR('',#7077,1.);
#4462=VECTOR('',#7080,1.);
#4463=VECTOR('',#7081,1.);
#4464=VECTOR('',#7084,1.);
#4465=VECTOR('',#7089,1.);
#4466=VECTOR('',#7090,1.);
#4467=VECTOR('',#7093,1.);
#4468=VECTOR('',#7094,1.);
#4469=VECTOR('',#7097,1.);
#4470=VECTOR('',#7102,1.);
#4471=VECTOR('',#7103,1.);
#4472=VECTOR('',#7106,1.);
#4473=VECTOR('',#7107,1.);
#4474=VECTOR('',#7110,1.);
#4475=VECTOR('',#7115,1.);
#4476=VECTOR('',#7116,1.);
#4477=VECTOR('',#7119,1.);
#4478=VECTOR('',#7120,1.);
#4479=VECTOR('',#7123,1.);
#4480=VECTOR('',#7128,1.);
#4481=VECTOR('',#7129,1.);
#4482=VECTOR('',#7132,1.);
#4483=VECTOR('',#7133,1.);
#4484=VECTOR('',#7136,1.);
#4485=VECTOR('',#7141,1.);
#4486=VECTOR('',#7142,1.);
#4487=VECTOR('',#7145,1.);
#4488=VECTOR('',#7146,1.);
#4489=VECTOR('',#7149,1.);
#4490=VECTOR('',#7154,1.);
#4491=VECTOR('',#7155,1.);
#4492=VECTOR('',#7158,1.);
#4493=VECTOR('',#7159,1.);
#4494=VECTOR('',#7162,1.);
#4495=VECTOR('',#7167,1.);
#4496=VECTOR('',#7168,1.);
#4497=VECTOR('',#7171,1.);
#4498=VECTOR('',#7172,1.);
#4499=VECTOR('',#7175,1.);
#4500=VECTOR('',#7180,1.);
#4501=VECTOR('',#7181,1.);
#4502=VECTOR('',#7184,1.);
#4503=VECTOR('',#7185,1.);
#4504=VECTOR('',#7188,1.);
#4505=VECTOR('',#7193,1.);
#4506=VECTOR('',#7194,1.);
#4507=VECTOR('',#7197,1.);
#4508=VECTOR('',#7198,1.);
#4509=VECTOR('',#7201,1.);
#4510=VECTOR('',#7206,1.);
#4511=VECTOR('',#7207,1.);
#4512=VECTOR('',#7210,1.);
#4513=VECTOR('',#7211,1.);
#4514=VECTOR('',#7214,1.);
#4515=VECTOR('',#7219,1.);
#4516=VECTOR('',#7220,1.);
#4517=VECTOR('',#7223,1.);
#4518=VECTOR('',#7224,1.);
#4519=VECTOR('',#7227,1.);
#4520=VECTOR('',#7232,1.);
#4521=VECTOR('',#7233,1.);
#4522=VECTOR('',#7236,1.);
#4523=VECTOR('',#7237,1.);
#4524=VECTOR('',#7240,1.);
#4525=VECTOR('',#7245,1.);
#4526=VECTOR('',#7246,1.);
#4527=VECTOR('',#7249,1.);
#4528=VECTOR('',#7250,1.);
#4529=VECTOR('',#7253,1.);
#4530=VECTOR('',#7258,1.);
#4531=VECTOR('',#7259,1.);
#4532=VECTOR('',#7262,1.);
#4533=VECTOR('',#7263,1.);
#4534=VECTOR('',#7266,1.);
#4535=VECTOR('',#7271,1.);
#4536=VECTOR('',#7272,1.);
#4537=VECTOR('',#7275,1.);
#4538=VECTOR('',#7276,1.);
#4539=VECTOR('',#7279,1.);
#4540=VECTOR('',#7284,1.);
#4541=VECTOR('',#7285,1.);
#4542=VECTOR('',#7288,1.);
#4543=VECTOR('',#7289,1.);
#4544=VECTOR('',#7292,1.);
#4545=VECTOR('',#7297,1.);
#4546=VECTOR('',#7298,1.);
#4547=VECTOR('',#7301,1.);
#4548=VECTOR('',#7302,1.);
#4549=VECTOR('',#7305,1.);
#4550=VECTOR('',#7310,1.);
#4551=VECTOR('',#7311,1.);
#4552=VECTOR('',#7314,1.);
#4553=VECTOR('',#7315,1.);
#4554=VECTOR('',#7318,1.);
#4555=VECTOR('',#7323,1.);
#4556=VECTOR('',#7324,1.);
#4557=VECTOR('',#7327,1.);
#4558=VECTOR('',#7328,1.);
#4559=VECTOR('',#7331,1.);
#4560=VECTOR('',#7336,1.);
#4561=VECTOR('',#7337,1.);
#4562=VECTOR('',#7340,1.);
#4563=VECTOR('',#7341,1.);
#4564=VECTOR('',#7344,1.);
#4565=VECTOR('',#7349,1.);
#4566=VECTOR('',#7350,1.);
#4567=VECTOR('',#7353,1.);
#4568=VECTOR('',#7354,1.);
#4569=VECTOR('',#7357,1.);
#4570=VECTOR('',#7362,1.);
#4571=VECTOR('',#7363,1.);
#4572=VECTOR('',#7366,1.);
#4573=VECTOR('',#7367,1.);
#4574=VECTOR('',#7370,1.);
#4575=VECTOR('',#7375,1.);
#4576=VECTOR('',#7376,1.);
#4577=VECTOR('',#7379,1.);
#4578=VECTOR('',#7380,1.);
#4579=VECTOR('',#7383,1.);
#4580=VECTOR('',#7388,1.);
#4581=VECTOR('',#7389,1.);
#4582=VECTOR('',#7392,1.);
#4583=VECTOR('',#7393,1.);
#4584=VECTOR('',#7396,1.);
#4585=VECTOR('',#7401,1.);
#4586=VECTOR('',#7402,1.);
#4587=VECTOR('',#7405,1.);
#4588=VECTOR('',#7406,1.);
#4589=VECTOR('',#7409,1.);
#4590=VECTOR('',#7414,1.);
#4591=VECTOR('',#7415,1.);
#4592=VECTOR('',#7418,1.);
#4593=VECTOR('',#7419,1.);
#4594=VECTOR('',#7422,1.);
#4595=VECTOR('',#7427,1.);
#4596=EDGE_LOOP('',(#336,#337,#338,#339,#340,#341,#342,#343,#344,#345,#346,
#347,#348,#349,#350,#351,#352,#353,#354,#355,#356,#357,#358,#359,#360,#361,
#362,#363,#364,#365,#366,#367,#368,#369,#370,#371,#372,#373,#374,#375,#376,
#377,#378,#379,#380,#381,#382,#383,#384,#385,#386,#387,#388,#389,#390,#391,
#392,#393,#394,#395,#396,#397,#398,#399,#400,#401,#402,#403,#404,#405,#406,
#407,#408,#409,#410,#411,#412,#413,#414,#415,#416,#417,#418,#419,#420,#421,
#422,#423,#424,#425,#426,#427,#428,#429,#430,#431));
#4597=EDGE_LOOP('',(#432,#433,#434,#435,#436,#437,#438,#439,#440,#441,#442,
#443,#444,#445,#446,#447,#448,#449,#450,#451,#452,#453,#454,#455,#456,#457,
#458,#459,#460,#461,#462,#463,#464,#465,#466,#467,#468,#469,#470,#471,#472,
#473,#474,#475,#476,#477,#478,#479,#480,#481,#482,#483,#484,#485,#486,#487,
#488,#489,#490,#491,#492,#493,#494,#495,#496,#497,#498,#499,#500,#501,#502,
#503,#504,#505,#506,#507,#508,#509,#510,#511,#512,#513,#514,#515,#516,#517,
#518,#519,#520,#521,#522,#523,#524,#525,#526,#527,#528,#529,#530,#531,#532,
#533,#534,#535,#536,#537,#538,#539,#540,#541,#542,#543,#544,#545,#546,#547,
#548,#549,#550,#551,#552,#553,#554,#555,#556,#557,#558,#559,#560,#561,#562,
#563,#564,#565,#566,#567,#568,#569,#570,#571,#572,#573,#574,#575,#576,#577,
#578,#579,#580,#581,#582,#583,#584,#585,#586,#587,#588,#589,#590,#591,#592,
#593,#594,#595,#596,#597,#598,#599,#600,#601,#602,#603,#604,#605,#606,#607,
#608,#609,#610,#611));
#4598=EDGE_LOOP('',(#612,#613,#614,#615));
#4599=EDGE_LOOP('',(#616,#617,#618,#619));
#4600=EDGE_LOOP('',(#620,#621,#622,#623));
#4601=EDGE_LOOP('',(#624,#625,#626,#627));
#4602=EDGE_LOOP('',(#628,#629,#630,#631));
#4603=EDGE_LOOP('',(#632,#633,#634,#635));
#4604=EDGE_LOOP('',(#636,#637,#638,#639));
#4605=EDGE_LOOP('',(#640,#641,#642,#643));
#4606=EDGE_LOOP('',(#644,#645,#646,#647));
#4607=EDGE_LOOP('',(#648,#649,#650,#651));
#4608=EDGE_LOOP('',(#652,#653,#654,#655));
#4609=EDGE_LOOP('',(#656,#657,#658,#659));
#4610=EDGE_LOOP('',(#660,#661,#662,#663));
#4611=EDGE_LOOP('',(#664,#665,#666,#667));
#4612=EDGE_LOOP('',(#668,#669,#670,#671));
#4613=EDGE_LOOP('',(#672,#673,#674,#675));
#4614=EDGE_LOOP('',(#676,#677,#678,#679));
#4615=EDGE_LOOP('',(#680,#681,#682,#683));
#4616=EDGE_LOOP('',(#684,#685,#686,#687));
#4617=EDGE_LOOP('',(#688,#689,#690,#691));
#4618=EDGE_LOOP('',(#692,#693,#694,#695));
#4619=EDGE_LOOP('',(#696,#697,#698,#699));
#4620=EDGE_LOOP('',(#700,#701,#702,#703));
#4621=EDGE_LOOP('',(#704,#705,#706,#707));
#4622=EDGE_LOOP('',(#708,#709,#710,#711));
#4623=EDGE_LOOP('',(#712,#713,#714,#715));
#4624=EDGE_LOOP('',(#716,#717,#718,#719));
#4625=EDGE_LOOP('',(#720,#721,#722,#723));
#4626=EDGE_LOOP('',(#724,#725,#726,#727));
#4627=EDGE_LOOP('',(#728,#729,#730,#731));
#4628=EDGE_LOOP('',(#732,#733,#734,#735));
#4629=EDGE_LOOP('',(#736,#737,#738,#739));
#4630=EDGE_LOOP('',(#740,#741,#742,#743));
#4631=EDGE_LOOP('',(#744,#745,#746,#747));
#4632=EDGE_LOOP('',(#748,#749,#750,#751));
#4633=EDGE_LOOP('',(#752,#753,#754,#755));
#4634=EDGE_LOOP('',(#756,#757,#758,#759));
#4635=EDGE_LOOP('',(#760,#761,#762,#763));
#4636=EDGE_LOOP('',(#764,#765,#766,#767));
#4637=EDGE_LOOP('',(#768,#769,#770,#771));
#4638=EDGE_LOOP('',(#772,#773,#774,#775));
#4639=EDGE_LOOP('',(#776,#777,#778,#779));
#4640=EDGE_LOOP('',(#780,#781,#782,#783));
#4641=EDGE_LOOP('',(#784,#785,#786,#787));
#4642=EDGE_LOOP('',(#788,#789,#790,#791));
#4643=EDGE_LOOP('',(#792,#793,#794,#795));
#4644=EDGE_LOOP('',(#796,#797,#798,#799));
#4645=EDGE_LOOP('',(#800,#801,#802,#803));
#4646=EDGE_LOOP('',(#804,#805,#806,#807));
#4647=EDGE_LOOP('',(#808,#809,#810,#811));
#4648=EDGE_LOOP('',(#812,#813,#814,#815));
#4649=EDGE_LOOP('',(#816,#817,#818,#819));
#4650=EDGE_LOOP('',(#820,#821,#822,#823));
#4651=EDGE_LOOP('',(#824,#825,#826,#827));
#4652=EDGE_LOOP('',(#828,#829,#830,#831));
#4653=EDGE_LOOP('',(#832,#833,#834,#835));
#4654=EDGE_LOOP('',(#836,#837,#838,#839));
#4655=EDGE_LOOP('',(#840,#841,#842,#843));
#4656=EDGE_LOOP('',(#844,#845,#846,#847));
#4657=EDGE_LOOP('',(#848,#849,#850,#851));
#4658=EDGE_LOOP('',(#852,#853,#854,#855));
#4659=EDGE_LOOP('',(#856,#857,#858,#859));
#4660=EDGE_LOOP('',(#860,#861,#862,#863));
#4661=EDGE_LOOP('',(#864,#865,#866,#867));
#4662=EDGE_LOOP('',(#868,#869,#870,#871));
#4663=EDGE_LOOP('',(#872,#873,#874,#875));
#4664=EDGE_LOOP('',(#876,#877,#878,#879));
#4665=EDGE_LOOP('',(#880,#881,#882,#883));
#4666=EDGE_LOOP('',(#884,#885,#886,#887));
#4667=EDGE_LOOP('',(#888,#889,#890,#891));
#4668=EDGE_LOOP('',(#892,#893,#894,#895));
#4669=EDGE_LOOP('',(#896,#897,#898,#899));
#4670=EDGE_LOOP('',(#900,#901,#902,#903));
#4671=EDGE_LOOP('',(#904,#905,#906,#907));
#4672=EDGE_LOOP('',(#908,#909,#910,#911));
#4673=EDGE_LOOP('',(#912,#913,#914,#915));
#4674=EDGE_LOOP('',(#916,#917,#918,#919));
#4675=EDGE_LOOP('',(#920,#921,#922,#923));
#4676=EDGE_LOOP('',(#924,#925,#926,#927));
#4677=EDGE_LOOP('',(#928,#929,#930,#931));
#4678=EDGE_LOOP('',(#932,#933,#934,#935));
#4679=EDGE_LOOP('',(#936,#937,#938,#939));
#4680=EDGE_LOOP('',(#940,#941,#942,#943));
#4681=EDGE_LOOP('',(#944,#945,#946,#947));
#4682=EDGE_LOOP('',(#948,#949,#950,#951));
#4683=EDGE_LOOP('',(#952,#953,#954,#955));
#4684=EDGE_LOOP('',(#956,#957,#958,#959));
#4685=EDGE_LOOP('',(#960,#961,#962,#963));
#4686=EDGE_LOOP('',(#964,#965,#966,#967));
#4687=EDGE_LOOP('',(#968,#969,#970,#971));
#4688=EDGE_LOOP('',(#972,#973,#974,#975));
#4689=EDGE_LOOP('',(#976,#977,#978,#979));
#4690=EDGE_LOOP('',(#980,#981,#982,#983));
#4691=EDGE_LOOP('',(#984,#985,#986,#987));
#4692=EDGE_LOOP('',(#988,#989,#990,#991));
#4693=EDGE_LOOP('',(#992,#993,#994,#995));
#4694=EDGE_LOOP('',(#996,#997,#998,#999,#1000,#1001,#1002,#1003,#1004,#1005,
#1006,#1007,#1008,#1009,#1010,#1011,#1012,#1013,#1014,#1015,#1016,#1017,
#1018,#1019,#1020,#1021,#1022,#1023,#1024,#1025,#1026,#1027,#1028,#1029,
#1030,#1031,#1032,#1033,#1034,#1035,#1036,#1037,#1038,#1039,#1040,#1041,
#1042,#1043,#1044,#1045,#1046,#1047,#1048,#1049,#1050,#1051,#1052,#1053,
#1054,#1055,#1056,#1057,#1058,#1059,#1060,#1061,#1062,#1063,#1064,#1065,
#1066,#1067,#1068,#1069,#1070,#1071,#1072,#1073,#1074,#1075,#1076,#1077,
#1078,#1079,#1080,#1081,#1082,#1083,#1084,#1085,#1086,#1087,#1088,#1089,
#1090,#1091));
#4695=EDGE_LOOP('',(#1092,#1093,#1094,#1095));
#4696=EDGE_LOOP('',(#1096,#1097,#1098,#1099));
#4697=EDGE_LOOP('',(#1100,#1101,#1102,#1103));
#4698=EDGE_LOOP('',(#1104,#1105,#1106,#1107));
#4699=EDGE_LOOP('',(#1108,#1109,#1110,#1111));
#4700=EDGE_LOOP('',(#1112,#1113,#1114,#1115));
#4701=EDGE_LOOP('',(#1116,#1117,#1118,#1119));
#4702=EDGE_LOOP('',(#1120,#1121,#1122,#1123));
#4703=EDGE_LOOP('',(#1124,#1125,#1126,#1127));
#4704=EDGE_LOOP('',(#1128,#1129,#1130,#1131));
#4705=EDGE_LOOP('',(#1132,#1133,#1134,#1135));
#4706=EDGE_LOOP('',(#1136,#1137,#1138,#1139));
#4707=EDGE_LOOP('',(#1140,#1141,#1142,#1143));
#4708=EDGE_LOOP('',(#1144,#1145,#1146,#1147));
#4709=EDGE_LOOP('',(#1148,#1149,#1150,#1151));
#4710=EDGE_LOOP('',(#1152,#1153,#1154,#1155));
#4711=EDGE_LOOP('',(#1156,#1157,#1158,#1159));
#4712=EDGE_LOOP('',(#1160,#1161,#1162,#1163));
#4713=EDGE_LOOP('',(#1164,#1165,#1166,#1167));
#4714=EDGE_LOOP('',(#1168,#1169,#1170,#1171));
#4715=EDGE_LOOP('',(#1172,#1173,#1174,#1175));
#4716=EDGE_LOOP('',(#1176,#1177,#1178,#1179));
#4717=EDGE_LOOP('',(#1180,#1181,#1182,#1183));
#4718=EDGE_LOOP('',(#1184,#1185,#1186,#1187));
#4719=EDGE_LOOP('',(#1188,#1189,#1190,#1191));
#4720=EDGE_LOOP('',(#1192,#1193,#1194,#1195));
#4721=EDGE_LOOP('',(#1196,#1197,#1198,#1199));
#4722=EDGE_LOOP('',(#1200,#1201,#1202,#1203));
#4723=EDGE_LOOP('',(#1204,#1205,#1206,#1207));
#4724=EDGE_LOOP('',(#1208,#1209,#1210,#1211));
#4725=EDGE_LOOP('',(#1212,#1213,#1214,#1215));
#4726=EDGE_LOOP('',(#1216,#1217,#1218,#1219));
#4727=EDGE_LOOP('',(#1220,#1221,#1222,#1223));
#4728=EDGE_LOOP('',(#1224,#1225,#1226,#1227));
#4729=EDGE_LOOP('',(#1228,#1229,#1230,#1231));
#4730=EDGE_LOOP('',(#1232,#1233,#1234,#1235));
#4731=EDGE_LOOP('',(#1236,#1237,#1238,#1239));
#4732=EDGE_LOOP('',(#1240,#1241,#1242,#1243));
#4733=EDGE_LOOP('',(#1244,#1245,#1246,#1247));
#4734=EDGE_LOOP('',(#1248,#1249,#1250,#1251));
#4735=EDGE_LOOP('',(#1252,#1253,#1254,#1255));
#4736=EDGE_LOOP('',(#1256,#1257,#1258,#1259));
#4737=EDGE_LOOP('',(#1260,#1261,#1262,#1263));
#4738=EDGE_LOOP('',(#1264,#1265,#1266,#1267));
#4739=EDGE_LOOP('',(#1268,#1269,#1270,#1271));
#4740=EDGE_LOOP('',(#1272,#1273,#1274,#1275));
#4741=EDGE_LOOP('',(#1276,#1277,#1278,#1279));
#4742=EDGE_LOOP('',(#1280,#1281,#1282,#1283));
#4743=EDGE_LOOP('',(#1284,#1285,#1286,#1287));
#4744=EDGE_LOOP('',(#1288,#1289,#1290,#1291));
#4745=EDGE_LOOP('',(#1292,#1293,#1294,#1295));
#4746=EDGE_LOOP('',(#1296,#1297,#1298,#1299));
#4747=EDGE_LOOP('',(#1300,#1301,#1302,#1303));
#4748=EDGE_LOOP('',(#1304,#1305,#1306,#1307));
#4749=EDGE_LOOP('',(#1308,#1309,#1310,#1311));
#4750=EDGE_LOOP('',(#1312,#1313,#1314,#1315));
#4751=EDGE_LOOP('',(#1316,#1317,#1318,#1319));
#4752=EDGE_LOOP('',(#1320,#1321,#1322,#1323));
#4753=EDGE_LOOP('',(#1324,#1325,#1326,#1327));
#4754=EDGE_LOOP('',(#1328,#1329,#1330,#1331));
#4755=EDGE_LOOP('',(#1332,#1333,#1334,#1335));
#4756=EDGE_LOOP('',(#1336,#1337,#1338,#1339));
#4757=EDGE_LOOP('',(#1340,#1341,#1342,#1343));
#4758=EDGE_LOOP('',(#1344,#1345,#1346,#1347));
#4759=EDGE_LOOP('',(#1348,#1349,#1350,#1351));
#4760=EDGE_LOOP('',(#1352,#1353,#1354,#1355));
#4761=EDGE_LOOP('',(#1356,#1357,#1358,#1359));
#4762=EDGE_LOOP('',(#1360,#1361,#1362,#1363));
#4763=EDGE_LOOP('',(#1364,#1365,#1366,#1367));
#4764=EDGE_LOOP('',(#1368,#1369,#1370,#1371));
#4765=EDGE_LOOP('',(#1372,#1373,#1374,#1375));
#4766=EDGE_LOOP('',(#1376,#1377,#1378,#1379));
#4767=EDGE_LOOP('',(#1380,#1381,#1382,#1383));
#4768=EDGE_LOOP('',(#1384,#1385,#1386,#1387));
#4769=EDGE_LOOP('',(#1388,#1389,#1390,#1391));
#4770=EDGE_LOOP('',(#1392,#1393,#1394,#1395));
#4771=EDGE_LOOP('',(#1396,#1397,#1398,#1399));
#4772=EDGE_LOOP('',(#1400,#1401,#1402,#1403));
#4773=EDGE_LOOP('',(#1404,#1405,#1406,#1407));
#4774=EDGE_LOOP('',(#1408,#1409,#1410,#1411));
#4775=EDGE_LOOP('',(#1412,#1413,#1414,#1415));
#4776=EDGE_LOOP('',(#1416,#1417,#1418,#1419));
#4777=EDGE_LOOP('',(#1420,#1421,#1422,#1423));
#4778=EDGE_LOOP('',(#1424,#1425,#1426,#1427));
#4779=EDGE_LOOP('',(#1428,#1429,#1430,#1431));
#4780=EDGE_LOOP('',(#1432,#1433,#1434,#1435));
#4781=EDGE_LOOP('',(#1436,#1437,#1438,#1439));
#4782=EDGE_LOOP('',(#1440,#1441,#1442,#1443));
#4783=EDGE_LOOP('',(#1444,#1445,#1446,#1447));
#4784=EDGE_LOOP('',(#1448,#1449,#1450,#1451));
#4785=EDGE_LOOP('',(#1452,#1453,#1454,#1455));
#4786=EDGE_LOOP('',(#1456,#1457,#1458,#1459));
#4787=EDGE_LOOP('',(#1460,#1461,#1462,#1463));
#4788=EDGE_LOOP('',(#1464,#1465,#1466,#1467));
#4789=EDGE_LOOP('',(#1468,#1469,#1470,#1471));
#4790=EDGE_LOOP('',(#1472,#1473,#1474,#1475));
#4791=EDGE_LOOP('',(#1476,#1477,#1478,#1479));
#4792=EDGE_LOOP('',(#1480,#1481,#1482,#1483));
#4793=EDGE_LOOP('',(#1484,#1485,#1486,#1487));
#4794=EDGE_LOOP('',(#1488,#1489,#1490,#1491));
#4795=EDGE_LOOP('',(#1492,#1493,#1494,#1495));
#4796=EDGE_LOOP('',(#1496,#1497,#1498,#1499));
#4797=EDGE_LOOP('',(#1500,#1501,#1502,#1503));
#4798=EDGE_LOOP('',(#1504,#1505,#1506,#1507));
#4799=EDGE_LOOP('',(#1508,#1509,#1510,#1511));
#4800=EDGE_LOOP('',(#1512,#1513,#1514,#1515));
#4801=EDGE_LOOP('',(#1516,#1517,#1518,#1519));
#4802=EDGE_LOOP('',(#1520,#1521,#1522,#1523));
#4803=EDGE_LOOP('',(#1524,#1525,#1526,#1527));
#4804=EDGE_LOOP('',(#1528,#1529,#1530,#1531));
#4805=EDGE_LOOP('',(#1532,#1533,#1534,#1535));
#4806=EDGE_LOOP('',(#1536,#1537,#1538,#1539));
#4807=EDGE_LOOP('',(#1540,#1541,#1542,#1543));
#4808=EDGE_LOOP('',(#1544,#1545,#1546,#1547));
#4809=EDGE_LOOP('',(#1548,#1549,#1550,#1551));
#4810=EDGE_LOOP('',(#1552,#1553,#1554,#1555));
#4811=EDGE_LOOP('',(#1556,#1557,#1558,#1559));
#4812=EDGE_LOOP('',(#1560,#1561,#1562,#1563));
#4813=EDGE_LOOP('',(#1564,#1565,#1566,#1567));
#4814=EDGE_LOOP('',(#1568,#1569,#1570,#1571));
#4815=EDGE_LOOP('',(#1572,#1573,#1574,#1575));
#4816=EDGE_LOOP('',(#1576,#1577,#1578,#1579));
#4817=EDGE_LOOP('',(#1580,#1581,#1582,#1583));
#4818=EDGE_LOOP('',(#1584,#1585,#1586,#1587));
#4819=EDGE_LOOP('',(#1588,#1589,#1590,#1591));
#4820=EDGE_LOOP('',(#1592,#1593,#1594,#1595));
#4821=EDGE_LOOP('',(#1596,#1597,#1598,#1599));
#4822=EDGE_LOOP('',(#1600,#1601,#1602,#1603));
#4823=EDGE_LOOP('',(#1604,#1605,#1606,#1607));
#4824=EDGE_LOOP('',(#1608,#1609,#1610,#1611));
#4825=EDGE_LOOP('',(#1612,#1613,#1614,#1615));
#4826=EDGE_LOOP('',(#1616,#1617,#1618,#1619));
#4827=EDGE_LOOP('',(#1620,#1621,#1622,#1623));
#4828=EDGE_LOOP('',(#1624,#1625,#1626,#1627));
#4829=EDGE_LOOP('',(#1628,#1629,#1630,#1631));
#4830=EDGE_LOOP('',(#1632,#1633,#1634,#1635));
#4831=EDGE_LOOP('',(#1636,#1637,#1638,#1639));
#4832=EDGE_LOOP('',(#1640,#1641,#1642,#1643));
#4833=EDGE_LOOP('',(#1644,#1645,#1646,#1647));
#4834=EDGE_LOOP('',(#1648,#1649,#1650,#1651));
#4835=EDGE_LOOP('',(#1652,#1653,#1654,#1655));
#4836=EDGE_LOOP('',(#1656,#1657,#1658,#1659));
#4837=EDGE_LOOP('',(#1660,#1661,#1662,#1663));
#4838=EDGE_LOOP('',(#1664,#1665,#1666,#1667));
#4839=EDGE_LOOP('',(#1668,#1669,#1670,#1671));
#4840=EDGE_LOOP('',(#1672,#1673,#1674,#1675));
#4841=EDGE_LOOP('',(#1676,#1677,#1678,#1679));
#4842=EDGE_LOOP('',(#1680,#1681,#1682,#1683));
#4843=EDGE_LOOP('',(#1684,#1685,#1686,#1687));
#4844=EDGE_LOOP('',(#1688,#1689,#1690,#1691));
#4845=EDGE_LOOP('',(#1692,#1693,#1694,#1695));
#4846=EDGE_LOOP('',(#1696,#1697,#1698,#1699));
#4847=EDGE_LOOP('',(#1700,#1701,#1702,#1703));
#4848=EDGE_LOOP('',(#1704,#1705,#1706,#1707));
#4849=EDGE_LOOP('',(#1708,#1709,#1710,#1711));
#4850=EDGE_LOOP('',(#1712,#1713,#1714,#1715));
#4851=EDGE_LOOP('',(#1716,#1717,#1718,#1719));
#4852=EDGE_LOOP('',(#1720,#1721,#1722,#1723));
#4853=EDGE_LOOP('',(#1724,#1725,#1726,#1727));
#4854=EDGE_LOOP('',(#1728,#1729,#1730,#1731));
#4855=EDGE_LOOP('',(#1732,#1733,#1734,#1735));
#4856=EDGE_LOOP('',(#1736,#1737,#1738,#1739));
#4857=EDGE_LOOP('',(#1740,#1741,#1742,#1743));
#4858=EDGE_LOOP('',(#1744,#1745,#1746,#1747));
#4859=EDGE_LOOP('',(#1748,#1749,#1750,#1751));
#4860=EDGE_LOOP('',(#1752,#1753,#1754,#1755));
#4861=EDGE_LOOP('',(#1756,#1757,#1758,#1759));
#4862=EDGE_LOOP('',(#1760,#1761,#1762,#1763));
#4863=EDGE_LOOP('',(#1764,#1765,#1766,#1767));
#4864=EDGE_LOOP('',(#1768,#1769,#1770,#1771));
#4865=EDGE_LOOP('',(#1772,#1773,#1774,#1775));
#4866=EDGE_LOOP('',(#1776,#1777,#1778,#1779));
#4867=EDGE_LOOP('',(#1780,#1781,#1782,#1783));
#4868=EDGE_LOOP('',(#1784,#1785,#1786,#1787));
#4869=EDGE_LOOP('',(#1788,#1789,#1790,#1791));
#4870=EDGE_LOOP('',(#1792,#1793,#1794,#1795));
#4871=EDGE_LOOP('',(#1796,#1797,#1798,#1799));
#4872=EDGE_LOOP('',(#1800,#1801,#1802,#1803));
#4873=EDGE_LOOP('',(#1804,#1805,#1806,#1807));
#4874=EDGE_LOOP('',(#1808,#1809,#1810,#1811));
#4875=EDGE_LOOP('',(#1812,#1813,#1814,#1815,#1816,#1817,#1818,#1819,#1820,
#1821,#1822,#1823,#1824,#1825,#1826,#1827,#1828,#1829,#1830,#1831,#1832,
#1833,#1834,#1835,#1836,#1837,#1838,#1839,#1840,#1841,#1842,#1843,#1844,
#1845,#1846,#1847,#1848,#1849,#1850,#1851,#1852,#1853,#1854,#1855,#1856,
#1857,#1858,#1859,#1860,#1861,#1862,#1863,#1864,#1865,#1866,#1867,#1868,
#1869,#1870,#1871,#1872,#1873,#1874,#1875,#1876,#1877,#1878,#1879,#1880,
#1881,#1882,#1883,#1884,#1885,#1886,#1887,#1888,#1889,#1890,#1891,#1892,
#1893,#1894,#1895,#1896,#1897,#1898,#1899,#1900,#1901,#1902,#1903,#1904,
#1905,#1906,#1907,#1908,#1909,#1910,#1911,#1912,#1913,#1914,#1915,#1916,
#1917,#1918,#1919,#1920,#1921,#1922,#1923,#1924,#1925,#1926,#1927,#1928,
#1929,#1930,#1931,#1932,#1933,#1934,#1935,#1936,#1937,#1938,#1939,#1940,
#1941,#1942,#1943,#1944,#1945,#1946,#1947,#1948,#1949,#1950,#1951,#1952,
#1953,#1954,#1955,#1956,#1957,#1958,#1959,#1960,#1961,#1962,#1963,#1964,
#1965,#1966,#1967,#1968,#1969,#1970,#1971,#1972,#1973,#1974,#1975,#1976,
#1977,#1978,#1979,#1980,#1981,#1982,#1983,#1984,#1985,#1986,#1987,#1988,
#1989,#1990,#1991));
#4876=FACE_BOUND('',#4596,.T.);
#4877=FACE_BOUND('',#4597,.T.);
#4878=FACE_BOUND('',#4598,.T.);
#4879=FACE_BOUND('',#4599,.T.);
#4880=FACE_BOUND('',#4600,.T.);
#4881=FACE_BOUND('',#4601,.T.);
#4882=FACE_BOUND('',#4602,.T.);
#4883=FACE_BOUND('',#4603,.T.);
#4884=FACE_BOUND('',#4604,.T.);
#4885=FACE_BOUND('',#4605,.T.);
#4886=FACE_BOUND('',#4606,.T.);
#4887=FACE_BOUND('',#4607,.T.);
#4888=FACE_BOUND('',#4608,.T.);
#4889=FACE_BOUND('',#4609,.T.);
#4890=FACE_BOUND('',#4610,.T.);
#4891=FACE_BOUND('',#4611,.T.);
#4892=FACE_BOUND('',#4612,.T.);
#4893=FACE_BOUND('',#4613,.T.);
#4894=FACE_BOUND('',#4614,.T.);
#4895=FACE_BOUND('',#4615,.T.);
#4896=FACE_BOUND('',#4616,.T.);
#4897=FACE_BOUND('',#4617,.T.);
#4898=FACE_BOUND('',#4618,.T.);
#4899=FACE_BOUND('',#4619,.T.);
#4900=FACE_BOUND('',#4620,.T.);
#4901=FACE_BOUND('',#4621,.T.);
#4902=FACE_BOUND('',#4622,.T.);
#4903=FACE_BOUND('',#4623,.T.);
#4904=FACE_BOUND('',#4624,.T.);
#4905=FACE_BOUND('',#4625,.T.);
#4906=FACE_BOUND('',#4626,.T.);
#4907=FACE_BOUND('',#4627,.T.);
#4908=FACE_BOUND('',#4628,.T.);
#4909=FACE_BOUND('',#4629,.T.);
#4910=FACE_BOUND('',#4630,.T.);
#4911=FACE_BOUND('',#4631,.T.);
#4912=FACE_BOUND('',#4632,.T.);
#4913=FACE_BOUND('',#4633,.T.);
#4914=FACE_BOUND('',#4634,.T.);
#4915=FACE_BOUND('',#4635,.T.);
#4916=FACE_BOUND('',#4636,.T.);
#4917=FACE_BOUND('',#4637,.T.);
#4918=FACE_BOUND('',#4638,.T.);
#4919=FACE_BOUND('',#4639,.T.);
#4920=FACE_BOUND('',#4640,.T.);
#4921=FACE_BOUND('',#4641,.T.);
#4922=FACE_BOUND('',#4642,.T.);
#4923=FACE_BOUND('',#4643,.T.);
#4924=FACE_BOUND('',#4644,.T.);
#4925=FACE_BOUND('',#4645,.T.);
#4926=FACE_BOUND('',#4646,.T.);
#4927=FACE_BOUND('',#4647,.T.);
#4928=FACE_BOUND('',#4648,.T.);
#4929=FACE_BOUND('',#4649,.T.);
#4930=FACE_BOUND('',#4650,.T.);
#4931=FACE_BOUND('',#4651,.T.);
#4932=FACE_BOUND('',#4652,.T.);
#4933=FACE_BOUND('',#4653,.T.);
#4934=FACE_BOUND('',#4654,.T.);
#4935=FACE_BOUND('',#4655,.T.);
#4936=FACE_BOUND('',#4656,.T.);
#4937=FACE_BOUND('',#4657,.T.);
#4938=FACE_BOUND('',#4658,.T.);
#4939=FACE_BOUND('',#4659,.T.);
#4940=FACE_BOUND('',#4660,.T.);
#4941=FACE_BOUND('',#4661,.T.);
#4942=FACE_BOUND('',#4662,.T.);
#4943=FACE_BOUND('',#4663,.T.);
#4944=FACE_BOUND('',#4664,.T.);
#4945=FACE_BOUND('',#4665,.T.);
#4946=FACE_BOUND('',#4666,.T.);
#4947=FACE_BOUND('',#4667,.T.);
#4948=FACE_BOUND('',#4668,.T.);
#4949=FACE_BOUND('',#4669,.T.);
#4950=FACE_BOUND('',#4670,.T.);
#4951=FACE_BOUND('',#4671,.T.);
#4952=FACE_BOUND('',#4672,.T.);
#4953=FACE_BOUND('',#4673,.T.);
#4954=FACE_BOUND('',#4674,.T.);
#4955=FACE_BOUND('',#4675,.T.);
#4956=FACE_BOUND('',#4676,.T.);
#4957=FACE_BOUND('',#4677,.T.);
#4958=FACE_BOUND('',#4678,.T.);
#4959=FACE_BOUND('',#4679,.T.);
#4960=FACE_BOUND('',#4680,.T.);
#4961=FACE_BOUND('',#4681,.T.);
#4962=FACE_BOUND('',#4682,.T.);
#4963=FACE_BOUND('',#4683,.T.);
#4964=FACE_BOUND('',#4684,.T.);
#4965=FACE_BOUND('',#4685,.T.);
#4966=FACE_BOUND('',#4686,.T.);
#4967=FACE_BOUND('',#4687,.T.);
#4968=FACE_BOUND('',#4688,.T.);
#4969=FACE_BOUND('',#4689,.T.);
#4970=FACE_BOUND('',#4690,.T.);
#4971=FACE_BOUND('',#4691,.T.);
#4972=FACE_BOUND('',#4692,.T.);
#4973=FACE_BOUND('',#4693,.T.);
#4974=FACE_BOUND('',#4694,.T.);
#4975=FACE_BOUND('',#4695,.T.);
#4976=FACE_BOUND('',#4696,.T.);
#4977=FACE_BOUND('',#4697,.T.);
#4978=FACE_BOUND('',#4698,.T.);
#4979=FACE_BOUND('',#4699,.T.);
#4980=FACE_BOUND('',#4700,.T.);
#4981=FACE_BOUND('',#4701,.T.);
#4982=FACE_BOUND('',#4702,.T.);
#4983=FACE_BOUND('',#4703,.T.);
#4984=FACE_BOUND('',#4704,.T.);
#4985=FACE_BOUND('',#4705,.T.);
#4986=FACE_BOUND('',#4706,.T.);
#4987=FACE_BOUND('',#4707,.T.);
#4988=FACE_BOUND('',#4708,.T.);
#4989=FACE_BOUND('',#4709,.T.);
#4990=FACE_BOUND('',#4710,.T.);
#4991=FACE_BOUND('',#4711,.T.);
#4992=FACE_BOUND('',#4712,.T.);
#4993=FACE_BOUND('',#4713,.T.);
#4994=FACE_BOUND('',#4714,.T.);
#4995=FACE_BOUND('',#4715,.T.);
#4996=FACE_BOUND('',#4716,.T.);
#4997=FACE_BOUND('',#4717,.T.);
#4998=FACE_BOUND('',#4718,.T.);
#4999=FACE_BOUND('',#4719,.T.);
#5000=FACE_BOUND('',#4720,.T.);
#5001=FACE_BOUND('',#4721,.T.);
#5002=FACE_BOUND('',#4722,.T.);
#5003=FACE_BOUND('',#4723,.T.);
#5004=FACE_BOUND('',#4724,.T.);
#5005=FACE_BOUND('',#4725,.T.);
#5006=FACE_BOUND('',#4726,.T.);
#5007=FACE_BOUND('',#4727,.T.);
#5008=FACE_BOUND('',#4728,.T.);
#5009=FACE_BOUND('',#4729,.T.);
#5010=FACE_BOUND('',#4730,.T.);
#5011=FACE_BOUND('',#4731,.T.);
#5012=FACE_BOUND('',#4732,.T.);
#5013=FACE_BOUND('',#4733,.T.);
#5014=FACE_BOUND('',#4734,.T.);
#5015=FACE_BOUND('',#4735,.T.);
#5016=FACE_BOUND('',#4736,.T.);
#5017=FACE_BOUND('',#4737,.T.);
#5018=FACE_BOUND('',#4738,.T.);
#5019=FACE_BOUND('',#4739,.T.);
#5020=FACE_BOUND('',#4740,.T.);
#5021=FACE_BOUND('',#4741,.T.);
#5022=FACE_BOUND('',#4742,.T.);
#5023=FACE_BOUND('',#4743,.T.);
#5024=FACE_BOUND('',#4744,.T.);
#5025=FACE_BOUND('',#4745,.T.);
#5026=FACE_BOUND('',#4746,.T.);
#5027=FACE_BOUND('',#4747,.T.);
#5028=FACE_BOUND('',#4748,.T.);
#5029=FACE_BOUND('',#4749,.T.);
#5030=FACE_BOUND('',#4750,.T.);
#5031=FACE_BOUND('',#4751,.T.);
#5032=FACE_BOUND('',#4752,.T.);
#5033=FACE_BOUND('',#4753,.T.);
#5034=FACE_BOUND('',#4754,.T.);
#5035=FACE_BOUND('',#4755,.T.);
#5036=FACE_BOUND('',#4756,.T.);
#5037=FACE_BOUND('',#4757,.T.);
#5038=FACE_BOUND('',#4758,.T.);
#5039=FACE_BOUND('',#4759,.T.);
#5040=FACE_BOUND('',#4760,.T.);
#5041=FACE_BOUND('',#4761,.T.);
#5042=FACE_BOUND('',#4762,.T.);
#5043=FACE_BOUND('',#4763,.T.);
#5044=FACE_BOUND('',#4764,.T.);
#5045=FACE_BOUND('',#4765,.T.);
#5046=FACE_BOUND('',#4766,.T.);
#5047=FACE_BOUND('',#4767,.T.);
#5048=FACE_BOUND('',#4768,.T.);
#5049=FACE_BOUND('',#4769,.T.);
#5050=FACE_BOUND('',#4770,.T.);
#5051=FACE_BOUND('',#4771,.T.);
#5052=FACE_BOUND('',#4772,.T.);
#5053=FACE_BOUND('',#4773,.T.);
#5054=FACE_BOUND('',#4774,.T.);
#5055=FACE_BOUND('',#4775,.T.);
#5056=FACE_BOUND('',#4776,.T.);
#5057=FACE_BOUND('',#4777,.T.);
#5058=FACE_BOUND('',#4778,.T.);
#5059=FACE_BOUND('',#4779,.T.);
#5060=FACE_BOUND('',#4780,.T.);
#5061=FACE_BOUND('',#4781,.T.);
#5062=FACE_BOUND('',#4782,.T.);
#5063=FACE_BOUND('',#4783,.T.);
#5064=FACE_BOUND('',#4784,.T.);
#5065=FACE_BOUND('',#4785,.T.);
#5066=FACE_BOUND('',#4786,.T.);
#5067=FACE_BOUND('',#4787,.T.);
#5068=FACE_BOUND('',#4788,.T.);
#5069=FACE_BOUND('',#4789,.T.);
#5070=FACE_BOUND('',#4790,.T.);
#5071=FACE_BOUND('',#4791,.T.);
#5072=FACE_BOUND('',#4792,.T.);
#5073=FACE_BOUND('',#4793,.T.);
#5074=FACE_BOUND('',#4794,.T.);
#5075=FACE_BOUND('',#4795,.T.);
#5076=FACE_BOUND('',#4796,.T.);
#5077=FACE_BOUND('',#4797,.T.);
#5078=FACE_BOUND('',#4798,.T.);
#5079=FACE_BOUND('',#4799,.T.);
#5080=FACE_BOUND('',#4800,.T.);
#5081=FACE_BOUND('',#4801,.T.);
#5082=FACE_BOUND('',#4802,.T.);
#5083=FACE_BOUND('',#4803,.T.);
#5084=FACE_BOUND('',#4804,.T.);
#5085=FACE_BOUND('',#4805,.T.);
#5086=FACE_BOUND('',#4806,.T.);
#5087=FACE_BOUND('',#4807,.T.);
#5088=FACE_BOUND('',#4808,.T.);
#5089=FACE_BOUND('',#4809,.T.);
#5090=FACE_BOUND('',#4810,.T.);
#5091=FACE_BOUND('',#4811,.T.);
#5092=FACE_BOUND('',#4812,.T.);
#5093=FACE_BOUND('',#4813,.T.);
#5094=FACE_BOUND('',#4814,.T.);
#5095=FACE_BOUND('',#4815,.T.);
#5096=FACE_BOUND('',#4816,.T.);
#5097=FACE_BOUND('',#4817,.T.);
#5098=FACE_BOUND('',#4818,.T.);
#5099=FACE_BOUND('',#4819,.T.);
#5100=FACE_BOUND('',#4820,.T.);
#5101=FACE_BOUND('',#4821,.T.);
#5102=FACE_BOUND('',#4822,.T.);
#5103=FACE_BOUND('',#4823,.T.);
#5104=FACE_BOUND('',#4824,.T.);
#5105=FACE_BOUND('',#4825,.T.);
#5106=FACE_BOUND('',#4826,.T.);
#5107=FACE_BOUND('',#4827,.T.);
#5108=FACE_BOUND('',#4828,.T.);
#5109=FACE_BOUND('',#4829,.T.);
#5110=FACE_BOUND('',#4830,.T.);
#5111=FACE_BOUND('',#4831,.T.);
#5112=FACE_BOUND('',#4832,.T.);
#5113=FACE_BOUND('',#4833,.T.);
#5114=FACE_BOUND('',#4834,.T.);
#5115=FACE_BOUND('',#4835,.T.);
#5116=FACE_BOUND('',#4836,.T.);
#5117=FACE_BOUND('',#4837,.T.);
#5118=FACE_BOUND('',#4838,.T.);
#5119=FACE_BOUND('',#4839,.T.);
#5120=FACE_BOUND('',#4840,.T.);
#5121=FACE_BOUND('',#4841,.T.);
#5122=FACE_BOUND('',#4842,.T.);
#5123=FACE_BOUND('',#4843,.T.);
#5124=FACE_BOUND('',#4844,.T.);
#5125=FACE_BOUND('',#4845,.T.);
#5126=FACE_BOUND('',#4846,.T.);
#5127=FACE_BOUND('',#4847,.T.);
#5128=FACE_BOUND('',#4848,.T.);
#5129=FACE_BOUND('',#4849,.T.);
#5130=FACE_BOUND('',#4850,.T.);
#5131=FACE_BOUND('',#4851,.T.);
#5132=FACE_BOUND('',#4852,.T.);
#5133=FACE_BOUND('',#4853,.T.);
#5134=FACE_BOUND('',#4854,.T.);
#5135=FACE_BOUND('',#4855,.T.);
#5136=FACE_BOUND('',#4856,.T.);
#5137=FACE_BOUND('',#4857,.T.);
#5138=FACE_BOUND('',#4858,.T.);
#5139=FACE_BOUND('',#4859,.T.);
#5140=FACE_BOUND('',#4860,.T.);
#5141=FACE_BOUND('',#4861,.T.);
#5142=FACE_BOUND('',#4862,.T.);
#5143=FACE_BOUND('',#4863,.T.);
#5144=FACE_BOUND('',#4864,.T.);
#5145=FACE_BOUND('',#4865,.T.);
#5146=FACE_BOUND('',#4866,.T.);
#5147=FACE_BOUND('',#4867,.T.);
#5148=FACE_BOUND('',#4868,.T.);
#5149=FACE_BOUND('',#4869,.T.);
#5150=FACE_BOUND('',#4870,.T.);
#5151=FACE_BOUND('',#4871,.T.);
#5152=FACE_BOUND('',#4872,.T.);
#5153=FACE_BOUND('',#4873,.T.);
#5154=FACE_BOUND('',#4874,.T.);
#5155=FACE_BOUND('',#4875,.T.);
#5156=PLANE('',#5619);
#5157=PLANE('',#5696);
#5158=PLANE('',#5699);
#5159=PLANE('',#5700);
#5160=PLANE('',#5701);
#5161=PLANE('',#5704);
#5162=PLANE('',#5705);
#5163=PLANE('',#5706);
#5164=PLANE('',#5709);
#5165=PLANE('',#5710);
#5166=PLANE('',#5711);
#5167=PLANE('',#5714);
#5168=PLANE('',#5715);
#5169=PLANE('',#5716);
#5170=PLANE('',#5719);
#5171=PLANE('',#5720);
#5172=PLANE('',#5721);
#5173=PLANE('',#5724);
#5174=PLANE('',#5725);
#5175=PLANE('',#5726);
#5176=PLANE('',#5729);
#5177=PLANE('',#5730);
#5178=PLANE('',#5731);
#5179=PLANE('',#5734);
#5180=PLANE('',#5735);
#5181=PLANE('',#5736);
#5182=PLANE('',#5739);
#5183=PLANE('',#5740);
#5184=PLANE('',#5741);
#5185=PLANE('',#5744);
#5186=PLANE('',#5745);
#5187=PLANE('',#5746);
#5188=PLANE('',#5749);
#5189=PLANE('',#5750);
#5190=PLANE('',#5751);
#5191=PLANE('',#5754);
#5192=PLANE('',#5755);
#5193=PLANE('',#5756);
#5194=PLANE('',#5759);
#5195=PLANE('',#5760);
#5196=PLANE('',#5761);
#5197=PLANE('',#5764);
#5198=PLANE('',#5765);
#5199=PLANE('',#5766);
#5200=PLANE('',#5769);
#5201=PLANE('',#5770);
#5202=PLANE('',#5771);
#5203=PLANE('',#5774);
#5204=PLANE('',#5775);
#5205=PLANE('',#5776);
#5206=PLANE('',#5777);
#5207=PLANE('',#5780);
#5208=PLANE('',#5781);
#5209=PLANE('',#5784);
#5210=PLANE('',#5785);
#5211=PLANE('',#5788);
#5212=PLANE('',#5789);
#5213=PLANE('',#5792);
#5214=PLANE('',#5793);
#5215=PLANE('',#5796);
#5216=PLANE('',#5797);
#5217=PLANE('',#5800);
#5218=PLANE('',#5801);
#5219=PLANE('',#5804);
#5220=PLANE('',#5805);
#5221=PLANE('',#5808);
#5222=PLANE('',#5809);
#5223=PLANE('',#5812);
#5224=PLANE('',#5813);
#5225=PLANE('',#5816);
#5226=PLANE('',#5817);
#5227=PLANE('',#5820);
#5228=PLANE('',#5821);
#5229=PLANE('',#5824);
#5230=PLANE('',#5825);
#5231=PLANE('',#5828);
#5232=PLANE('',#5829);
#5233=PLANE('',#5832);
#5234=PLANE('',#5833);
#5235=PLANE('',#5836);
#5236=PLANE('',#5837);
#5237=PLANE('',#5840);
#5238=PLANE('',#5841);
#5239=PLANE('',#5844);
#5240=PLANE('',#5845);
#5241=PLANE('',#5848);
#5242=PLANE('',#5849);
#5243=PLANE('',#5852);
#5244=PLANE('',#5853);
#5245=PLANE('',#5856);
#5246=PLANE('',#5857);
#5247=PLANE('',#5860);
#5248=PLANE('',#5861);
#5249=PLANE('',#5864);
#5250=PLANE('',#5865);
#5251=PLANE('',#5868);
#5252=PLANE('',#5869);
#5253=PLANE('',#5872);
#5254=PLANE('',#5873);
#5255=PLANE('',#5876);
#5256=PLANE('',#5877);
#5257=PLANE('',#5880);
#5258=PLANE('',#5881);
#5259=PLANE('',#5884);
#5260=PLANE('',#5885);
#5261=PLANE('',#5888);
#5262=PLANE('',#5889);
#5263=PLANE('',#5892);
#5264=PLANE('',#5893);
#5265=PLANE('',#5896);
#5266=PLANE('',#5897);
#5267=PLANE('',#5900);
#5268=PLANE('',#5901);
#5269=PLANE('',#5904);
#5270=PLANE('',#5905);
#5271=PLANE('',#5908);
#5272=PLANE('',#5909);
#5273=PLANE('',#5912);
#5274=PLANE('',#5913);
#5275=PLANE('',#5916);
#5276=PLANE('',#5917);
#5277=PLANE('',#5920);
#5278=PLANE('',#5921);
#5279=PLANE('',#5924);
#5280=PLANE('',#5925);
#5281=PLANE('',#5928);
#5282=PLANE('',#5929);
#5283=PLANE('',#5932);
#5284=PLANE('',#5933);
#5285=PLANE('',#5936);
#5286=PLANE('',#5937);
#5287=PLANE('',#5940);
#5288=PLANE('',#5941);
#5289=PLANE('',#5944);
#5290=PLANE('',#5945);
#5291=PLANE('',#5948);
#5292=PLANE('',#5949);
#5293=PLANE('',#5952);
#5294=PLANE('',#5953);
#5295=PLANE('',#5956);
#5296=PLANE('',#5957);
#5297=PLANE('',#5960);
#5298=PLANE('',#5961);
#5299=PLANE('',#5964);
#5300=PLANE('',#5965);
#5301=PLANE('',#5968);
#5302=PLANE('',#5969);
#5303=PLANE('',#5972);
#5304=PLANE('',#5973);
#5305=PLANE('',#5976);
#5306=PLANE('',#5977);
#5307=PLANE('',#5980);
#5308=PLANE('',#5981);
#5309=PLANE('',#5984);
#5310=PLANE('',#5985);
#5311=PLANE('',#5988);
#5312=PLANE('',#5989);
#5313=PLANE('',#5992);
#5314=PLANE('',#5993);
#5315=PLANE('',#5996);
#5316=PLANE('',#5997);
#5317=PLANE('',#6000);
#5318=PLANE('',#6001);
#5319=PLANE('',#6004);
#5320=PLANE('',#6005);
#5321=PLANE('',#6008);
#5322=PLANE('',#6009);
#5323=PLANE('',#6012);
#5324=PLANE('',#6013);
#5325=PLANE('',#6016);
#5326=PLANE('',#6017);
#5327=ADVANCED_FACE('',(#4876,#4877),#5156,.T.);
#5328=ADVANCED_FACE('',(#4878),#5157,.F.);
#5329=ADVANCED_FACE('',(#4879),#44,.T.);
#5330=ADVANCED_FACE('',(#4880),#5158,.F.);
#5331=ADVANCED_FACE('',(#4881),#12,.F.);
#5332=ADVANCED_FACE('',(#4882),#5159,.F.);
#5333=ADVANCED_FACE('',(#4883),#13,.F.);
#5334=ADVANCED_FACE('',(#4884),#5160,.F.);
#5335=ADVANCED_FACE('',(#4885),#45,.T.);
#5336=ADVANCED_FACE('',(#4886),#5161,.F.);
#5337=ADVANCED_FACE('',(#4887),#14,.F.);
#5338=ADVANCED_FACE('',(#4888),#5162,.F.);
#5339=ADVANCED_FACE('',(#4889),#15,.F.);
#5340=ADVANCED_FACE('',(#4890),#5163,.F.);
#5341=ADVANCED_FACE('',(#4891),#46,.T.);
#5342=ADVANCED_FACE('',(#4892),#5164,.F.);
#5343=ADVANCED_FACE('',(#4893),#16,.F.);
#5344=ADVANCED_FACE('',(#4894),#5165,.F.);
#5345=ADVANCED_FACE('',(#4895),#17,.F.);
#5346=ADVANCED_FACE('',(#4896),#5166,.F.);
#5347=ADVANCED_FACE('',(#4897),#47,.T.);
#5348=ADVANCED_FACE('',(#4898),#5167,.F.);
#5349=ADVANCED_FACE('',(#4899),#18,.F.);
#5350=ADVANCED_FACE('',(#4900),#5168,.F.);
#5351=ADVANCED_FACE('',(#4901),#19,.F.);
#5352=ADVANCED_FACE('',(#4902),#5169,.F.);
#5353=ADVANCED_FACE('',(#4903),#48,.T.);
#5354=ADVANCED_FACE('',(#4904),#5170,.F.);
#5355=ADVANCED_FACE('',(#4905),#20,.F.);
#5356=ADVANCED_FACE('',(#4906),#5171,.F.);
#5357=ADVANCED_FACE('',(#4907),#21,.F.);
#5358=ADVANCED_FACE('',(#4908),#5172,.F.);
#5359=ADVANCED_FACE('',(#4909),#49,.T.);
#5360=ADVANCED_FACE('',(#4910),#5173,.F.);
#5361=ADVANCED_FACE('',(#4911),#22,.F.);
#5362=ADVANCED_FACE('',(#4912),#5174,.F.);
#5363=ADVANCED_FACE('',(#4913),#23,.F.);
#5364=ADVANCED_FACE('',(#4914),#5175,.F.);
#5365=ADVANCED_FACE('',(#4915),#50,.T.);
#5366=ADVANCED_FACE('',(#4916),#5176,.F.);
#5367=ADVANCED_FACE('',(#4917),#24,.F.);
#5368=ADVANCED_FACE('',(#4918),#5177,.F.);
#5369=ADVANCED_FACE('',(#4919),#25,.F.);
#5370=ADVANCED_FACE('',(#4920),#5178,.F.);
#5371=ADVANCED_FACE('',(#4921),#51,.T.);
#5372=ADVANCED_FACE('',(#4922),#5179,.F.);
#5373=ADVANCED_FACE('',(#4923),#26,.F.);
#5374=ADVANCED_FACE('',(#4924),#5180,.F.);
#5375=ADVANCED_FACE('',(#4925),#27,.F.);
#5376=ADVANCED_FACE('',(#4926),#5181,.F.);
#5377=ADVANCED_FACE('',(#4927),#52,.T.);
#5378=ADVANCED_FACE('',(#4928),#5182,.F.);
#5379=ADVANCED_FACE('',(#4929),#28,.F.);
#5380=ADVANCED_FACE('',(#4930),#5183,.F.);
#5381=ADVANCED_FACE('',(#4931),#29,.F.);
#5382=ADVANCED_FACE('',(#4932),#5184,.F.);
#5383=ADVANCED_FACE('',(#4933),#53,.T.);
#5384=ADVANCED_FACE('',(#4934),#5185,.F.);
#5385=ADVANCED_FACE('',(#4935),#30,.F.);
#5386=ADVANCED_FACE('',(#4936),#5186,.F.);
#5387=ADVANCED_FACE('',(#4937),#31,.F.);
#5388=ADVANCED_FACE('',(#4938),#5187,.F.);
#5389=ADVANCED_FACE('',(#4939),#54,.T.);
#5390=ADVANCED_FACE('',(#4940),#5188,.F.);
#5391=ADVANCED_FACE('',(#4941),#32,.F.);
#5392=ADVANCED_FACE('',(#4942),#5189,.F.);
#5393=ADVANCED_FACE('',(#4943),#33,.F.);
#5394=ADVANCED_FACE('',(#4944),#5190,.F.);
#5395=ADVANCED_FACE('',(#4945),#55,.T.);
#5396=ADVANCED_FACE('',(#4946),#5191,.F.);
#5397=ADVANCED_FACE('',(#4947),#34,.F.);
#5398=ADVANCED_FACE('',(#4948),#5192,.F.);
#5399=ADVANCED_FACE('',(#4949),#35,.F.);
#5400=ADVANCED_FACE('',(#4950),#5193,.F.);
#5401=ADVANCED_FACE('',(#4951),#56,.T.);
#5402=ADVANCED_FACE('',(#4952),#5194,.F.);
#5403=ADVANCED_FACE('',(#4953),#36,.F.);
#5404=ADVANCED_FACE('',(#4954),#5195,.F.);
#5405=ADVANCED_FACE('',(#4955),#37,.F.);
#5406=ADVANCED_FACE('',(#4956),#5196,.F.);
#5407=ADVANCED_FACE('',(#4957),#57,.T.);
#5408=ADVANCED_FACE('',(#4958),#5197,.F.);
#5409=ADVANCED_FACE('',(#4959),#38,.F.);
#5410=ADVANCED_FACE('',(#4960),#5198,.F.);
#5411=ADVANCED_FACE('',(#4961),#39,.F.);
#5412=ADVANCED_FACE('',(#4962),#5199,.F.);
#5413=ADVANCED_FACE('',(#4963),#58,.T.);
#5414=ADVANCED_FACE('',(#4964),#5200,.F.);
#5415=ADVANCED_FACE('',(#4965),#40,.F.);
#5416=ADVANCED_FACE('',(#4966),#5201,.F.);
#5417=ADVANCED_FACE('',(#4967),#41,.F.);
#5418=ADVANCED_FACE('',(#4968),#5202,.F.);
#5419=ADVANCED_FACE('',(#4969),#59,.T.);
#5420=ADVANCED_FACE('',(#4970),#5203,.F.);
#5421=ADVANCED_FACE('',(#4971),#42,.F.);
#5422=ADVANCED_FACE('',(#4972),#5204,.F.);
#5423=ADVANCED_FACE('',(#4973),#43,.F.);
#5424=ADVANCED_FACE('',(#4974),#5205,.F.);
#5425=ADVANCED_FACE('',(#4975),#5206,.T.);
#5426=ADVANCED_FACE('',(#4976),#60,.F.);
#5427=ADVANCED_FACE('',(#4977),#5207,.T.);
#5428=ADVANCED_FACE('',(#4978),#5208,.T.);
#5429=ADVANCED_FACE('',(#4979),#61,.F.);
#5430=ADVANCED_FACE('',(#4980),#5209,.T.);
#5431=ADVANCED_FACE('',(#4981),#5210,.T.);
#5432=ADVANCED_FACE('',(#4982),#62,.F.);
#5433=ADVANCED_FACE('',(#4983),#5211,.T.);
#5434=ADVANCED_FACE('',(#4984),#5212,.T.);
#5435=ADVANCED_FACE('',(#4985),#63,.F.);
#5436=ADVANCED_FACE('',(#4986),#5213,.T.);
#5437=ADVANCED_FACE('',(#4987),#5214,.T.);
#5438=ADVANCED_FACE('',(#4988),#64,.F.);
#5439=ADVANCED_FACE('',(#4989),#5215,.T.);
#5440=ADVANCED_FACE('',(#4990),#5216,.T.);
#5441=ADVANCED_FACE('',(#4991),#65,.F.);
#5442=ADVANCED_FACE('',(#4992),#5217,.T.);
#5443=ADVANCED_FACE('',(#4993),#5218,.T.);
#5444=ADVANCED_FACE('',(#4994),#66,.F.);
#5445=ADVANCED_FACE('',(#4995),#5219,.T.);
#5446=ADVANCED_FACE('',(#4996),#5220,.T.);
#5447=ADVANCED_FACE('',(#4997),#67,.F.);
#5448=ADVANCED_FACE('',(#4998),#5221,.T.);
#5449=ADVANCED_FACE('',(#4999),#5222,.T.);
#5450=ADVANCED_FACE('',(#5000),#68,.F.);
#5451=ADVANCED_FACE('',(#5001),#5223,.T.);
#5452=ADVANCED_FACE('',(#5002),#5224,.T.);
#5453=ADVANCED_FACE('',(#5003),#69,.F.);
#5454=ADVANCED_FACE('',(#5004),#5225,.T.);
#5455=ADVANCED_FACE('',(#5005),#5226,.T.);
#5456=ADVANCED_FACE('',(#5006),#70,.F.);
#5457=ADVANCED_FACE('',(#5007),#5227,.T.);
#5458=ADVANCED_FACE('',(#5008),#5228,.T.);
#5459=ADVANCED_FACE('',(#5009),#71,.F.);
#5460=ADVANCED_FACE('',(#5010),#5229,.T.);
#5461=ADVANCED_FACE('',(#5011),#5230,.T.);
#5462=ADVANCED_FACE('',(#5012),#72,.F.);
#5463=ADVANCED_FACE('',(#5013),#5231,.T.);
#5464=ADVANCED_FACE('',(#5014),#5232,.T.);
#5465=ADVANCED_FACE('',(#5015),#73,.F.);
#5466=ADVANCED_FACE('',(#5016),#5233,.T.);
#5467=ADVANCED_FACE('',(#5017),#5234,.T.);
#5468=ADVANCED_FACE('',(#5018),#74,.F.);
#5469=ADVANCED_FACE('',(#5019),#5235,.T.);
#5470=ADVANCED_FACE('',(#5020),#5236,.T.);
#5471=ADVANCED_FACE('',(#5021),#75,.F.);
#5472=ADVANCED_FACE('',(#5022),#5237,.T.);
#5473=ADVANCED_FACE('',(#5023),#5238,.T.);
#5474=ADVANCED_FACE('',(#5024),#76,.F.);
#5475=ADVANCED_FACE('',(#5025),#5239,.T.);
#5476=ADVANCED_FACE('',(#5026),#5240,.T.);
#5477=ADVANCED_FACE('',(#5027),#77,.F.);
#5478=ADVANCED_FACE('',(#5028),#5241,.T.);
#5479=ADVANCED_FACE('',(#5029),#5242,.T.);
#5480=ADVANCED_FACE('',(#5030),#78,.F.);
#5481=ADVANCED_FACE('',(#5031),#5243,.T.);
#5482=ADVANCED_FACE('',(#5032),#5244,.T.);
#5483=ADVANCED_FACE('',(#5033),#79,.F.);
#5484=ADVANCED_FACE('',(#5034),#5245,.T.);
#5485=ADVANCED_FACE('',(#5035),#5246,.T.);
#5486=ADVANCED_FACE('',(#5036),#80,.F.);
#5487=ADVANCED_FACE('',(#5037),#5247,.T.);
#5488=ADVANCED_FACE('',(#5038),#5248,.T.);
#5489=ADVANCED_FACE('',(#5039),#81,.F.);
#5490=ADVANCED_FACE('',(#5040),#5249,.T.);
#5491=ADVANCED_FACE('',(#5041),#5250,.T.);
#5492=ADVANCED_FACE('',(#5042),#82,.F.);
#5493=ADVANCED_FACE('',(#5043),#5251,.T.);
#5494=ADVANCED_FACE('',(#5044),#5252,.T.);
#5495=ADVANCED_FACE('',(#5045),#83,.F.);
#5496=ADVANCED_FACE('',(#5046),#5253,.T.);
#5497=ADVANCED_FACE('',(#5047),#5254,.T.);
#5498=ADVANCED_FACE('',(#5048),#84,.F.);
#5499=ADVANCED_FACE('',(#5049),#5255,.T.);
#5500=ADVANCED_FACE('',(#5050),#5256,.T.);
#5501=ADVANCED_FACE('',(#5051),#85,.F.);
#5502=ADVANCED_FACE('',(#5052),#5257,.T.);
#5503=ADVANCED_FACE('',(#5053),#5258,.T.);
#5504=ADVANCED_FACE('',(#5054),#86,.F.);
#5505=ADVANCED_FACE('',(#5055),#5259,.T.);
#5506=ADVANCED_FACE('',(#5056),#5260,.T.);
#5507=ADVANCED_FACE('',(#5057),#87,.F.);
#5508=ADVANCED_FACE('',(#5058),#5261,.T.);
#5509=ADVANCED_FACE('',(#5059),#5262,.T.);
#5510=ADVANCED_FACE('',(#5060),#88,.F.);
#5511=ADVANCED_FACE('',(#5061),#5263,.T.);
#5512=ADVANCED_FACE('',(#5062),#5264,.T.);
#5513=ADVANCED_FACE('',(#5063),#89,.F.);
#5514=ADVANCED_FACE('',(#5064),#5265,.T.);
#5515=ADVANCED_FACE('',(#5065),#5266,.T.);
#5516=ADVANCED_FACE('',(#5066),#90,.F.);
#5517=ADVANCED_FACE('',(#5067),#5267,.T.);
#5518=ADVANCED_FACE('',(#5068),#5268,.T.);
#5519=ADVANCED_FACE('',(#5069),#91,.F.);
#5520=ADVANCED_FACE('',(#5070),#5269,.T.);
#5521=ADVANCED_FACE('',(#5071),#5270,.T.);
#5522=ADVANCED_FACE('',(#5072),#92,.F.);
#5523=ADVANCED_FACE('',(#5073),#5271,.T.);
#5524=ADVANCED_FACE('',(#5074),#5272,.T.);
#5525=ADVANCED_FACE('',(#5075),#93,.F.);
#5526=ADVANCED_FACE('',(#5076),#5273,.T.);
#5527=ADVANCED_FACE('',(#5077),#5274,.T.);
#5528=ADVANCED_FACE('',(#5078),#94,.F.);
#5529=ADVANCED_FACE('',(#5079),#5275,.T.);
#5530=ADVANCED_FACE('',(#5080),#5276,.T.);
#5531=ADVANCED_FACE('',(#5081),#95,.F.);
#5532=ADVANCED_FACE('',(#5082),#5277,.T.);
#5533=ADVANCED_FACE('',(#5083),#5278,.T.);
#5534=ADVANCED_FACE('',(#5084),#96,.F.);
#5535=ADVANCED_FACE('',(#5085),#5279,.T.);
#5536=ADVANCED_FACE('',(#5086),#5280,.T.);
#5537=ADVANCED_FACE('',(#5087),#97,.F.);
#5538=ADVANCED_FACE('',(#5088),#5281,.T.);
#5539=ADVANCED_FACE('',(#5089),#5282,.T.);
#5540=ADVANCED_FACE('',(#5090),#98,.F.);
#5541=ADVANCED_FACE('',(#5091),#5283,.T.);
#5542=ADVANCED_FACE('',(#5092),#5284,.T.);
#5543=ADVANCED_FACE('',(#5093),#99,.F.);
#5544=ADVANCED_FACE('',(#5094),#5285,.T.);
#5545=ADVANCED_FACE('',(#5095),#5286,.T.);
#5546=ADVANCED_FACE('',(#5096),#100,.F.);
#5547=ADVANCED_FACE('',(#5097),#5287,.T.);
#5548=ADVANCED_FACE('',(#5098),#5288,.T.);
#5549=ADVANCED_FACE('',(#5099),#101,.F.);
#5550=ADVANCED_FACE('',(#5100),#5289,.T.);
#5551=ADVANCED_FACE('',(#5101),#5290,.T.);
#5552=ADVANCED_FACE('',(#5102),#102,.F.);
#5553=ADVANCED_FACE('',(#5103),#5291,.T.);
#5554=ADVANCED_FACE('',(#5104),#5292,.T.);
#5555=ADVANCED_FACE('',(#5105),#103,.F.);
#5556=ADVANCED_FACE('',(#5106),#5293,.T.);
#5557=ADVANCED_FACE('',(#5107),#5294,.T.);
#5558=ADVANCED_FACE('',(#5108),#104,.F.);
#5559=ADVANCED_FACE('',(#5109),#5295,.T.);
#5560=ADVANCED_FACE('',(#5110),#5296,.T.);
#5561=ADVANCED_FACE('',(#5111),#105,.F.);
#5562=ADVANCED_FACE('',(#5112),#5297,.T.);
#5563=ADVANCED_FACE('',(#5113),#5298,.T.);
#5564=ADVANCED_FACE('',(#5114),#106,.F.);
#5565=ADVANCED_FACE('',(#5115),#5299,.T.);
#5566=ADVANCED_FACE('',(#5116),#5300,.T.);
#5567=ADVANCED_FACE('',(#5117),#107,.F.);
#5568=ADVANCED_FACE('',(#5118),#5301,.T.);
#5569=ADVANCED_FACE('',(#5119),#5302,.T.);
#5570=ADVANCED_FACE('',(#5120),#108,.F.);
#5571=ADVANCED_FACE('',(#5121),#5303,.T.);
#5572=ADVANCED_FACE('',(#5122),#5304,.T.);
#5573=ADVANCED_FACE('',(#5123),#109,.F.);
#5574=ADVANCED_FACE('',(#5124),#5305,.T.);
#5575=ADVANCED_FACE('',(#5125),#5306,.T.);
#5576=ADVANCED_FACE('',(#5126),#110,.F.);
#5577=ADVANCED_FACE('',(#5127),#5307,.T.);
#5578=ADVANCED_FACE('',(#5128),#5308,.T.);
#5579=ADVANCED_FACE('',(#5129),#111,.F.);
#5580=ADVANCED_FACE('',(#5130),#5309,.T.);
#5581=ADVANCED_FACE('',(#5131),#5310,.T.);
#5582=ADVANCED_FACE('',(#5132),#112,.F.);
#5583=ADVANCED_FACE('',(#5133),#5311,.T.);
#5584=ADVANCED_FACE('',(#5134),#5312,.T.);
#5585=ADVANCED_FACE('',(#5135),#113,.F.);
#5586=ADVANCED_FACE('',(#5136),#5313,.T.);
#5587=ADVANCED_FACE('',(#5137),#5314,.T.);
#5588=ADVANCED_FACE('',(#5138),#114,.F.);
#5589=ADVANCED_FACE('',(#5139),#5315,.T.);
#5590=ADVANCED_FACE('',(#5140),#5316,.T.);
#5591=ADVANCED_FACE('',(#5141),#115,.F.);
#5592=ADVANCED_FACE('',(#5142),#5317,.T.);
#5593=ADVANCED_FACE('',(#5143),#5318,.T.);
#5594=ADVANCED_FACE('',(#5144),#116,.F.);
#5595=ADVANCED_FACE('',(#5145),#5319,.T.);
#5596=ADVANCED_FACE('',(#5146),#5320,.T.);
#5597=ADVANCED_FACE('',(#5147),#117,.F.);
#5598=ADVANCED_FACE('',(#5148),#5321,.T.);
#5599=ADVANCED_FACE('',(#5149),#5322,.T.);
#5600=ADVANCED_FACE('',(#5150),#118,.F.);
#5601=ADVANCED_FACE('',(#5151),#5323,.T.);
#5602=ADVANCED_FACE('',(#5152),#5324,.T.);
#5603=ADVANCED_FACE('',(#5153),#119,.F.);
#5604=ADVANCED_FACE('',(#5154),#5325,.T.);
#5605=ADVANCED_FACE('',(#5155),#5326,.T.);
#5606=CLOSED_SHELL('',(#5327,#5328,#5329,#5330,#5331,#5332,#5333,#5334,
#5335,#5336,#5337,#5338,#5339,#5340,#5341,#5342,#5343,#5344,#5345,#5346,
#5347,#5348,#5349,#5350,#5351,#5352,#5353,#5354,#5355,#5356,#5357,#5358,
#5359,#5360,#5361,#5362,#5363,#5364,#5365,#5366,#5367,#5368,#5369,#5370,
#5371,#5372,#5373,#5374,#5375,#5376,#5377,#5378,#5379,#5380,#5381,#5382,
#5383,#5384,#5385,#5386,#5387,#5388,#5389,#5390,#5391,#5392,#5393,#5394,
#5395,#5396,#5397,#5398,#5399,#5400,#5401,#5402,#5403,#5404,#5405,#5406,
#5407,#5408,#5409,#5410,#5411,#5412,#5413,#5414,#5415,#5416,#5417,#5418,
#5419,#5420,#5421,#5422,#5423,#5424,#5425,#5426,#5427,#5428,#5429,#5430,
#5431,#5432,#5433,#5434,#5435,#5436,#5437,#5438,#5439,#5440,#5441,#5442,
#5443,#5444,#5445,#5446,#5447,#5448,#5449,#5450,#5451,#5452,#5453,#5454,
#5455,#5456,#5457,#5458,#5459,#5460,#5461,#5462,#5463,#5464,#5465,#5466,
#5467,#5468,#5469,#5470,#5471,#5472,#5473,#5474,#5475,#5476,#5477,#5478,
#5479,#5480,#5481,#5482,#5483,#5484,#5485,#5486,#5487,#5488,#5489,#5490,
#5491,#5492,#5493,#5494,#5495,#5496,#5497,#5498,#5499,#5500,#5501,#5502,
#5503,#5504,#5505,#5506,#5507,#5508,#5509,#5510,#5511,#5512,#5513,#5514,
#5515,#5516,#5517,#5518,#5519,#5520,#5521,#5522,#5523,#5524,#5525,#5526,
#5527,#5528,#5529,#5530,#5531,#5532,#5533,#5534,#5535,#5536,#5537,#5538,
#5539,#5540,#5541,#5542,#5543,#5544,#5545,#5546,#5547,#5548,#5549,#5550,
#5551,#5552,#5553,#5554,#5555,#5556,#5557,#5558,#5559,#5560,#5561,#5562,
#5563,#5564,#5565,#5566,#5567,#5568,#5569,#5570,#5571,#5572,#5573,#5574,
#5575,#5576,#5577,#5578,#5579,#5580,#5581,#5582,#5583,#5584,#5585,#5586,
#5587,#5588,#5589,#5590,#5591,#5592,#5593,#5594,#5595,#5596,#5597,#5598,
#5599,#5600,#5601,#5602,#5603,#5604,#5605));
#5607=STYLED_ITEM('',(#5608),#5615);
#5608=PRESENTATION_STYLE_ASSIGNMENT((#5609));
#5609=SURFACE_STYLE_USAGE(.BOTH.,#5610);
#5610=SURFACE_SIDE_STYLE('',(#5611));
#5611=SURFACE_STYLE_FILL_AREA(#5612);
#5612=FILL_AREA_STYLE('',(#5613));
#5613=FILL_AREA_STYLE_COLOUR('',#5614);
#5614=COLOUR_RGB('',0.917647058823529,0.917647058823529,0.917647058823529);
#5615=MANIFOLD_SOLID_BREP('TurretyGear',#5606);
#5616=SHAPE_DEFINITION_REPRESENTATION(#11304,#5617);
#5617=SHAPE_REPRESENTATION('TurretyGear',(#5618),#11299);
#5618=AXIS2_PLACEMENT_3D('',#7430,#6018,#6019);
#5619=AXIS2_PLACEMENT_3D('',#7431,#6020,#6021);
#5620=AXIS2_PLACEMENT_3D('',#7435,#6023,#6024);
#5621=AXIS2_PLACEMENT_3D('',#7481,#6028,#6029);
#5622=AXIS2_PLACEMENT_3D('',#7527,#6033,#6034);
#5623=AXIS2_PLACEMENT_3D('',#7573,#6038,#6039);
#5624=AXIS2_PLACEMENT_3D('',#7619,#6043,#6044);
#5625=AXIS2_PLACEMENT_3D('',#7665,#6048,#6049);
#5626=AXIS2_PLACEMENT_3D('',#7711,#6053,#6054);
#5627=AXIS2_PLACEMENT_3D('',#7757,#6058,#6059);
#5628=AXIS2_PLACEMENT_3D('',#7803,#6063,#6064);
#5629=AXIS2_PLACEMENT_3D('',#7849,#6068,#6069);
#5630=AXIS2_PLACEMENT_3D('',#7895,#6073,#6074);
#5631=AXIS2_PLACEMENT_3D('',#7941,#6078,#6079);
#5632=AXIS2_PLACEMENT_3D('',#7987,#6083,#6084);
#5633=AXIS2_PLACEMENT_3D('',#8033,#6088,#6089);
#5634=AXIS2_PLACEMENT_3D('',#8079,#6093,#6094);
#5635=AXIS2_PLACEMENT_3D('',#8125,#6098,#6099);
#5636=AXIS2_PLACEMENT_3D('',#8168,#6102,#6103);
#5637=AXIS2_PLACEMENT_3D('',#8175,#6106,#6107);
#5638=AXIS2_PLACEMENT_3D('',#8181,#6110,#6111);
#5639=AXIS2_PLACEMENT_3D('',#8187,#6114,#6115);
#5640=AXIS2_PLACEMENT_3D('',#8193,#6118,#6119);
#5641=AXIS2_PLACEMENT_3D('',#8199,#6122,#6123);
#5642=AXIS2_PLACEMENT_3D('',#8205,#6126,#6127);
#5643=AXIS2_PLACEMENT_3D('',#8211,#6130,#6131);
#5644=AXIS2_PLACEMENT_3D('',#8217,#6134,#6135);
#5645=AXIS2_PLACEMENT_3D('',#8223,#6138,#6139);
#5646=AXIS2_PLACEMENT_3D('',#8229,#6142,#6143);
#5647=AXIS2_PLACEMENT_3D('',#8235,#6146,#6147);
#5648=AXIS2_PLACEMENT_3D('',#8241,#6150,#6151);
#5649=AXIS2_PLACEMENT_3D('',#8247,#6154,#6155);
#5650=AXIS2_PLACEMENT_3D('',#8253,#6158,#6159);
#5651=AXIS2_PLACEMENT_3D('',#8259,#6162,#6163);
#5652=AXIS2_PLACEMENT_3D('',#8265,#6166,#6167);
#5653=AXIS2_PLACEMENT_3D('',#8271,#6170,#6171);
#5654=AXIS2_PLACEMENT_3D('',#8277,#6174,#6175);
#5655=AXIS2_PLACEMENT_3D('',#8283,#6178,#6179);
#5656=AXIS2_PLACEMENT_3D('',#8289,#6182,#6183);
#5657=AXIS2_PLACEMENT_3D('',#8295,#6186,#6187);
#5658=AXIS2_PLACEMENT_3D('',#8301,#6190,#6191);
#5659=AXIS2_PLACEMENT_3D('',#8307,#6194,#6195);
#5660=AXIS2_PLACEMENT_3D('',#8313,#6198,#6199);
#5661=AXIS2_PLACEMENT_3D('',#8319,#6202,#6203);
#5662=AXIS2_PLACEMENT_3D('',#8325,#6206,#6207);
#5663=AXIS2_PLACEMENT_3D('',#8331,#6210,#6211);
#5664=AXIS2_PLACEMENT_3D('',#8337,#6214,#6215);
#5665=AXIS2_PLACEMENT_3D('',#8343,#6218,#6219);
#5666=AXIS2_PLACEMENT_3D('',#8349,#6222,#6223);
#5667=AXIS2_PLACEMENT_3D('',#8355,#6226,#6227);
#5668=AXIS2_PLACEMENT_3D('',#8361,#6230,#6231);
#5669=AXIS2_PLACEMENT_3D('',#8367,#6234,#6235);
#5670=AXIS2_PLACEMENT_3D('',#8373,#6238,#6239);
#5671=AXIS2_PLACEMENT_3D('',#8379,#6242,#6243);
#5672=AXIS2_PLACEMENT_3D('',#8385,#6246,#6247);
#5673=AXIS2_PLACEMENT_3D('',#8391,#6250,#6251);
#5674=AXIS2_PLACEMENT_3D('',#8397,#6254,#6255);
#5675=AXIS2_PLACEMENT_3D('',#8403,#6258,#6259);
#5676=AXIS2_PLACEMENT_3D('',#8409,#6262,#6263);
#5677=AXIS2_PLACEMENT_3D('',#8415,#6266,#6267);
#5678=AXIS2_PLACEMENT_3D('',#8421,#6270,#6271);
#5679=AXIS2_PLACEMENT_3D('',#8427,#6274,#6275);
#5680=AXIS2_PLACEMENT_3D('',#8433,#6278,#6279);
#5681=AXIS2_PLACEMENT_3D('',#8439,#6282,#6283);
#5682=AXIS2_PLACEMENT_3D('',#8445,#6286,#6287);
#5683=AXIS2_PLACEMENT_3D('',#8451,#6290,#6291);
#5684=AXIS2_PLACEMENT_3D('',#8457,#6294,#6295);
#5685=AXIS2_PLACEMENT_3D('',#8463,#6298,#6299);
#5686=AXIS2_PLACEMENT_3D('',#8469,#6302,#6303);
#5687=AXIS2_PLACEMENT_3D('',#8475,#6306,#6307);
#5688=AXIS2_PLACEMENT_3D('',#8481,#6310,#6311);
#5689=AXIS2_PLACEMENT_3D('',#8487,#6314,#6315);
#5690=AXIS2_PLACEMENT_3D('',#8493,#6318,#6319);
#5691=AXIS2_PLACEMENT_3D('',#8499,#6322,#6323);
#5692=AXIS2_PLACEMENT_3D('',#8505,#6326,#6327);
#5693=AXIS2_PLACEMENT_3D('',#8511,#6330,#6331);
#5694=AXIS2_PLACEMENT_3D('',#8517,#6334,#6335);
#5695=AXIS2_PLACEMENT_3D('',#8523,#6338,#6339);
#5696=AXIS2_PLACEMENT_3D('',#8528,#6342,#6343);
#5697=AXIS2_PLACEMENT_3D('',#8534,#6347,#6348);
#5698=AXIS2_PLACEMENT_3D('',#8535,#6349,#6350);
#5699=AXIS2_PLACEMENT_3D('',#8538,#6352,#6353);
#5700=AXIS2_PLACEMENT_3D('',#8598,#6357,#6358);
#5701=AXIS2_PLACEMENT_3D('',#8658,#6362,#6363);
#5702=AXIS2_PLACEMENT_3D('',#8662,#6366,#6367);
#5703=AXIS2_PLACEMENT_3D('',#8663,#6368,#6369);
#5704=AXIS2_PLACEMENT_3D('',#8666,#6371,#6372);
#5705=AXIS2_PLACEMENT_3D('',#8726,#6376,#6377);
#5706=AXIS2_PLACEMENT_3D('',#8786,#6381,#6382);
#5707=AXIS2_PLACEMENT_3D('',#8790,#6385,#6386);
#5708=AXIS2_PLACEMENT_3D('',#8791,#6387,#6388);
#5709=AXIS2_PLACEMENT_3D('',#8794,#6390,#6391);
#5710=AXIS2_PLACEMENT_3D('',#8854,#6395,#6396);
#5711=AXIS2_PLACEMENT_3D('',#8914,#6400,#6401);
#5712=AXIS2_PLACEMENT_3D('',#8918,#6404,#6405);
#5713=AXIS2_PLACEMENT_3D('',#8919,#6406,#6407);
#5714=AXIS2_PLACEMENT_3D('',#8922,#6409,#6410);
#5715=AXIS2_PLACEMENT_3D('',#8982,#6414,#6415);
#5716=AXIS2_PLACEMENT_3D('',#9042,#6419,#6420);
#5717=AXIS2_PLACEMENT_3D('',#9046,#6423,#6424);
#5718=AXIS2_PLACEMENT_3D('',#9047,#6425,#6426);
#5719=AXIS2_PLACEMENT_3D('',#9050,#6428,#6429);
#5720=AXIS2_PLACEMENT_3D('',#9110,#6433,#6434);
#5721=AXIS2_PLACEMENT_3D('',#9170,#6438,#6439);
#5722=AXIS2_PLACEMENT_3D('',#9174,#6442,#6443);
#5723=AXIS2_PLACEMENT_3D('',#9175,#6444,#6445);
#5724=AXIS2_PLACEMENT_3D('',#9178,#6447,#6448);
#5725=AXIS2_PLACEMENT_3D('',#9238,#6452,#6453);
#5726=AXIS2_PLACEMENT_3D('',#9298,#6457,#6458);
#5727=AXIS2_PLACEMENT_3D('',#9302,#6461,#6462);
#5728=AXIS2_PLACEMENT_3D('',#9303,#6463,#6464);
#5729=AXIS2_PLACEMENT_3D('',#9306,#6466,#6467);
#5730=AXIS2_PLACEMENT_3D('',#9366,#6471,#6472);
#5731=AXIS2_PLACEMENT_3D('',#9426,#6476,#6477);
#5732=AXIS2_PLACEMENT_3D('',#9430,#6480,#6481);
#5733=AXIS2_PLACEMENT_3D('',#9431,#6482,#6483);
#5734=AXIS2_PLACEMENT_3D('',#9434,#6485,#6486);
#5735=AXIS2_PLACEMENT_3D('',#9494,#6490,#6491);
#5736=AXIS2_PLACEMENT_3D('',#9554,#6495,#6496);
#5737=AXIS2_PLACEMENT_3D('',#9558,#6499,#6500);
#5738=AXIS2_PLACEMENT_3D('',#9559,#6501,#6502);
#5739=AXIS2_PLACEMENT_3D('',#9562,#6504,#6505);
#5740=AXIS2_PLACEMENT_3D('',#9622,#6509,#6510);
#5741=AXIS2_PLACEMENT_3D('',#9682,#6514,#6515);
#5742=AXIS2_PLACEMENT_3D('',#9686,#6518,#6519);
#5743=AXIS2_PLACEMENT_3D('',#9687,#6520,#6521);
#5744=AXIS2_PLACEMENT_3D('',#9690,#6523,#6524);
#5745=AXIS2_PLACEMENT_3D('',#9750,#6528,#6529);
#5746=AXIS2_PLACEMENT_3D('',#9810,#6533,#6534);
#5747=AXIS2_PLACEMENT_3D('',#9814,#6537,#6538);
#5748=AXIS2_PLACEMENT_3D('',#9815,#6539,#6540);
#5749=AXIS2_PLACEMENT_3D('',#9818,#6542,#6543);
#5750=AXIS2_PLACEMENT_3D('',#9878,#6547,#6548);
#5751=AXIS2_PLACEMENT_3D('',#9938,#6552,#6553);
#5752=AXIS2_PLACEMENT_3D('',#9942,#6556,#6557);
#5753=AXIS2_PLACEMENT_3D('',#9943,#6558,#6559);
#5754=AXIS2_PLACEMENT_3D('',#9946,#6561,#6562);
#5755=AXIS2_PLACEMENT_3D('',#10006,#6566,#6567);
#5756=AXIS2_PLACEMENT_3D('',#10066,#6571,#6572);
#5757=AXIS2_PLACEMENT_3D('',#10070,#6575,#6576);
#5758=AXIS2_PLACEMENT_3D('',#10071,#6577,#6578);
#5759=AXIS2_PLACEMENT_3D('',#10074,#6580,#6581);
#5760=AXIS2_PLACEMENT_3D('',#10134,#6585,#6586);
#5761=AXIS2_PLACEMENT_3D('',#10194,#6590,#6591);
#5762=AXIS2_PLACEMENT_3D('',#10198,#6594,#6595);
#5763=AXIS2_PLACEMENT_3D('',#10199,#6596,#6597);
#5764=AXIS2_PLACEMENT_3D('',#10202,#6599,#6600);
#5765=AXIS2_PLACEMENT_3D('',#10262,#6604,#6605);
#5766=AXIS2_PLACEMENT_3D('',#10322,#6609,#6610);
#5767=AXIS2_PLACEMENT_3D('',#10326,#6613,#6614);
#5768=AXIS2_PLACEMENT_3D('',#10327,#6615,#6616);
#5769=AXIS2_PLACEMENT_3D('',#10330,#6618,#6619);
#5770=AXIS2_PLACEMENT_3D('',#10390,#6623,#6624);
#5771=AXIS2_PLACEMENT_3D('',#10450,#6628,#6629);
#5772=AXIS2_PLACEMENT_3D('',#10454,#6632,#6633);
#5773=AXIS2_PLACEMENT_3D('',#10455,#6634,#6635);
#5774=AXIS2_PLACEMENT_3D('',#10458,#6637,#6638);
#5775=AXIS2_PLACEMENT_3D('',#10518,#6642,#6643);
#5776=AXIS2_PLACEMENT_3D('',#10576,#6646,#6647);
#5777=AXIS2_PLACEMENT_3D('',#10577,#6648,#6649);
#5778=AXIS2_PLACEMENT_3D('',#10583,#6653,#6654);
#5779=AXIS2_PLACEMENT_3D('',#10586,#6656,#6657);
#5780=AXIS2_PLACEMENT_3D('',#10587,#6658,#6659);
#5781=AXIS2_PLACEMENT_3D('',#10591,#6662,#6663);
#5782=AXIS2_PLACEMENT_3D('',#10595,#6666,#6667);
#5783=AXIS2_PLACEMENT_3D('',#10598,#6669,#6670);
#5784=AXIS2_PLACEMENT_3D('',#10599,#6671,#6672);
#5785=AXIS2_PLACEMENT_3D('',#10603,#6675,#6676);
#5786=AXIS2_PLACEMENT_3D('',#10607,#6679,#6680);
#5787=AXIS2_PLACEMENT_3D('',#10610,#6682,#6683);
#5788=AXIS2_PLACEMENT_3D('',#10611,#6684,#6685);
#5789=AXIS2_PLACEMENT_3D('',#10615,#6688,#6689);
#5790=AXIS2_PLACEMENT_3D('',#10619,#6692,#6693);
#5791=AXIS2_PLACEMENT_3D('',#10622,#6695,#6696);
#5792=AXIS2_PLACEMENT_3D('',#10623,#6697,#6698);
#5793=AXIS2_PLACEMENT_3D('',#10627,#6701,#6702);
#5794=AXIS2_PLACEMENT_3D('',#10631,#6705,#6706);
#5795=AXIS2_PLACEMENT_3D('',#10634,#6708,#6709);
#5796=AXIS2_PLACEMENT_3D('',#10635,#6710,#6711);
#5797=AXIS2_PLACEMENT_3D('',#10639,#6714,#6715);
#5798=AXIS2_PLACEMENT_3D('',#10643,#6718,#6719);
#5799=AXIS2_PLACEMENT_3D('',#10646,#6721,#6722);
#5800=AXIS2_PLACEMENT_3D('',#10647,#6723,#6724);
#5801=AXIS2_PLACEMENT_3D('',#10651,#6727,#6728);
#5802=AXIS2_PLACEMENT_3D('',#10655,#6731,#6732);
#5803=AXIS2_PLACEMENT_3D('',#10658,#6734,#6735);
#5804=AXIS2_PLACEMENT_3D('',#10659,#6736,#6737);
#5805=AXIS2_PLACEMENT_3D('',#10663,#6740,#6741);
#5806=AXIS2_PLACEMENT_3D('',#10667,#6744,#6745);
#5807=AXIS2_PLACEMENT_3D('',#10670,#6747,#6748);
#5808=AXIS2_PLACEMENT_3D('',#10671,#6749,#6750);
#5809=AXIS2_PLACEMENT_3D('',#10675,#6753,#6754);
#5810=AXIS2_PLACEMENT_3D('',#10679,#6757,#6758);
#5811=AXIS2_PLACEMENT_3D('',#10682,#6760,#6761);
#5812=AXIS2_PLACEMENT_3D('',#10683,#6762,#6763);
#5813=AXIS2_PLACEMENT_3D('',#10687,#6766,#6767);
#5814=AXIS2_PLACEMENT_3D('',#10691,#6770,#6771);
#5815=AXIS2_PLACEMENT_3D('',#10694,#6773,#6774);
#5816=AXIS2_PLACEMENT_3D('',#10695,#6775,#6776);
#5817=AXIS2_PLACEMENT_3D('',#10699,#6779,#6780);
#5818=AXIS2_PLACEMENT_3D('',#10703,#6783,#6784);
#5819=AXIS2_PLACEMENT_3D('',#10706,#6786,#6787);
#5820=AXIS2_PLACEMENT_3D('',#10707,#6788,#6789);
#5821=AXIS2_PLACEMENT_3D('',#10711,#6792,#6793);
#5822=AXIS2_PLACEMENT_3D('',#10715,#6796,#6797);
#5823=AXIS2_PLACEMENT_3D('',#10718,#6799,#6800);
#5824=AXIS2_PLACEMENT_3D('',#10719,#6801,#6802);
#5825=AXIS2_PLACEMENT_3D('',#10723,#6805,#6806);
#5826=AXIS2_PLACEMENT_3D('',#10727,#6809,#6810);
#5827=AXIS2_PLACEMENT_3D('',#10730,#6812,#6813);
#5828=AXIS2_PLACEMENT_3D('',#10731,#6814,#6815);
#5829=AXIS2_PLACEMENT_3D('',#10735,#6818,#6819);
#5830=AXIS2_PLACEMENT_3D('',#10739,#6822,#6823);
#5831=AXIS2_PLACEMENT_3D('',#10742,#6825,#6826);
#5832=AXIS2_PLACEMENT_3D('',#10743,#6827,#6828);
#5833=AXIS2_PLACEMENT_3D('',#10747,#6831,#6832);
#5834=AXIS2_PLACEMENT_3D('',#10751,#6835,#6836);
#5835=AXIS2_PLACEMENT_3D('',#10754,#6838,#6839);
#5836=AXIS2_PLACEMENT_3D('',#10755,#6840,#6841);
#5837=AXIS2_PLACEMENT_3D('',#10759,#6844,#6845);
#5838=AXIS2_PLACEMENT_3D('',#10763,#6848,#6849);
#5839=AXIS2_PLACEMENT_3D('',#10766,#6851,#6852);
#5840=AXIS2_PLACEMENT_3D('',#10767,#6853,#6854);
#5841=AXIS2_PLACEMENT_3D('',#10771,#6857,#6858);
#5842=AXIS2_PLACEMENT_3D('',#10775,#6861,#6862);
#5843=AXIS2_PLACEMENT_3D('',#10778,#6864,#6865);
#5844=AXIS2_PLACEMENT_3D('',#10779,#6866,#6867);
#5845=AXIS2_PLACEMENT_3D('',#10783,#6870,#6871);
#5846=AXIS2_PLACEMENT_3D('',#10787,#6874,#6875);
#5847=AXIS2_PLACEMENT_3D('',#10790,#6877,#6878);
#5848=AXIS2_PLACEMENT_3D('',#10791,#6879,#6880);
#5849=AXIS2_PLACEMENT_3D('',#10795,#6883,#6884);
#5850=AXIS2_PLACEMENT_3D('',#10799,#6887,#6888);
#5851=AXIS2_PLACEMENT_3D('',#10802,#6890,#6891);
#5852=AXIS2_PLACEMENT_3D('',#10803,#6892,#6893);
#5853=AXIS2_PLACEMENT_3D('',#10807,#6896,#6897);
#5854=AXIS2_PLACEMENT_3D('',#10811,#6900,#6901);
#5855=AXIS2_PLACEMENT_3D('',#10814,#6903,#6904);
#5856=AXIS2_PLACEMENT_3D('',#10815,#6905,#6906);
#5857=AXIS2_PLACEMENT_3D('',#10819,#6909,#6910);
#5858=AXIS2_PLACEMENT_3D('',#10823,#6913,#6914);
#5859=AXIS2_PLACEMENT_3D('',#10826,#6916,#6917);
#5860=AXIS2_PLACEMENT_3D('',#10827,#6918,#6919);
#5861=AXIS2_PLACEMENT_3D('',#10831,#6922,#6923);
#5862=AXIS2_PLACEMENT_3D('',#10835,#6926,#6927);
#5863=AXIS2_PLACEMENT_3D('',#10838,#6929,#6930);
#5864=AXIS2_PLACEMENT_3D('',#10839,#6931,#6932);
#5865=AXIS2_PLACEMENT_3D('',#10843,#6935,#6936);
#5866=AXIS2_PLACEMENT_3D('',#10847,#6939,#6940);
#5867=AXIS2_PLACEMENT_3D('',#10850,#6942,#6943);
#5868=AXIS2_PLACEMENT_3D('',#10851,#6944,#6945);
#5869=AXIS2_PLACEMENT_3D('',#10855,#6948,#6949);
#5870=AXIS2_PLACEMENT_3D('',#10859,#6952,#6953);
#5871=AXIS2_PLACEMENT_3D('',#10862,#6955,#6956);
#5872=AXIS2_PLACEMENT_3D('',#10863,#6957,#6958);
#5873=AXIS2_PLACEMENT_3D('',#10867,#6961,#6962);
#5874=AXIS2_PLACEMENT_3D('',#10871,#6965,#6966);
#5875=AXIS2_PLACEMENT_3D('',#10874,#6968,#6969);
#5876=AXIS2_PLACEMENT_3D('',#10875,#6970,#6971);
#5877=AXIS2_PLACEMENT_3D('',#10879,#6974,#6975);
#5878=AXIS2_PLACEMENT_3D('',#10883,#6978,#6979);
#5879=AXIS2_PLACEMENT_3D('',#10886,#6981,#6982);
#5880=AXIS2_PLACEMENT_3D('',#10887,#6983,#6984);
#5881=AXIS2_PLACEMENT_3D('',#10891,#6987,#6988);
#5882=AXIS2_PLACEMENT_3D('',#10895,#6991,#6992);
#5883=AXIS2_PLACEMENT_3D('',#10898,#6994,#6995);
#5884=AXIS2_PLACEMENT_3D('',#10899,#6996,#6997);
#5885=AXIS2_PLACEMENT_3D('',#10903,#7000,#7001);
#5886=AXIS2_PLACEMENT_3D('',#10907,#7004,#7005);
#5887=AXIS2_PLACEMENT_3D('',#10910,#7007,#7008);
#5888=AXIS2_PLACEMENT_3D('',#10911,#7009,#7010);
#5889=AXIS2_PLACEMENT_3D('',#10915,#7013,#7014);
#5890=AXIS2_PLACEMENT_3D('',#10919,#7017,#7018);
#5891=AXIS2_PLACEMENT_3D('',#10922,#7020,#7021);
#5892=AXIS2_PLACEMENT_3D('',#10923,#7022,#7023);
#5893=AXIS2_PLACEMENT_3D('',#10927,#7026,#7027);
#5894=AXIS2_PLACEMENT_3D('',#10931,#7030,#7031);
#5895=AXIS2_PLACEMENT_3D('',#10934,#7033,#7034);
#5896=AXIS2_PLACEMENT_3D('',#10935,#7035,#7036);
#5897=AXIS2_PLACEMENT_3D('',#10939,#7039,#7040);
#5898=AXIS2_PLACEMENT_3D('',#10943,#7043,#7044);
#5899=AXIS2_PLACEMENT_3D('',#10946,#7046,#7047);
#5900=AXIS2_PLACEMENT_3D('',#10947,#7048,#7049);
#5901=AXIS2_PLACEMENT_3D('',#10951,#7052,#7053);
#5902=AXIS2_PLACEMENT_3D('',#10955,#7056,#7057);
#5903=AXIS2_PLACEMENT_3D('',#10958,#7059,#7060);
#5904=AXIS2_PLACEMENT_3D('',#10959,#7061,#7062);
#5905=AXIS2_PLACEMENT_3D('',#10963,#7065,#7066);
#5906=AXIS2_PLACEMENT_3D('',#10967,#7069,#7070);
#5907=AXIS2_PLACEMENT_3D('',#10970,#7072,#7073);
#5908=AXIS2_PLACEMENT_3D('',#10971,#7074,#7075);
#5909=AXIS2_PLACEMENT_3D('',#10975,#7078,#7079);
#5910=AXIS2_PLACEMENT_3D('',#10979,#7082,#7083);
#5911=AXIS2_PLACEMENT_3D('',#10982,#7085,#7086);
#5912=AXIS2_PLACEMENT_3D('',#10983,#7087,#7088);
#5913=AXIS2_PLACEMENT_3D('',#10987,#7091,#7092);
#5914=AXIS2_PLACEMENT_3D('',#10991,#7095,#7096);
#5915=AXIS2_PLACEMENT_3D('',#10994,#7098,#7099);
#5916=AXIS2_PLACEMENT_3D('',#10995,#7100,#7101);
#5917=AXIS2_PLACEMENT_3D('',#10999,#7104,#7105);
#5918=AXIS2_PLACEMENT_3D('',#11003,#7108,#7109);
#5919=AXIS2_PLACEMENT_3D('',#11006,#7111,#7112);
#5920=AXIS2_PLACEMENT_3D('',#11007,#7113,#7114);
#5921=AXIS2_PLACEMENT_3D('',#11011,#7117,#7118);
#5922=AXIS2_PLACEMENT_3D('',#11015,#7121,#7122);
#5923=AXIS2_PLACEMENT_3D('',#11018,#7124,#7125);
#5924=AXIS2_PLACEMENT_3D('',#11019,#7126,#7127);
#5925=AXIS2_PLACEMENT_3D('',#11023,#7130,#7131);
#5926=AXIS2_PLACEMENT_3D('',#11027,#7134,#7135);
#5927=AXIS2_PLACEMENT_3D('',#11030,#7137,#7138);
#5928=AXIS2_PLACEMENT_3D('',#11031,#7139,#7140);
#5929=AXIS2_PLACEMENT_3D('',#11035,#7143,#7144);
#5930=AXIS2_PLACEMENT_3D('',#11039,#7147,#7148);
#5931=AXIS2_PLACEMENT_3D('',#11042,#7150,#7151);
#5932=AXIS2_PLACEMENT_3D('',#11043,#7152,#7153);
#5933=AXIS2_PLACEMENT_3D('',#11047,#7156,#7157);
#5934=AXIS2_PLACEMENT_3D('',#11051,#7160,#7161);
#5935=AXIS2_PLACEMENT_3D('',#11054,#7163,#7164);
#5936=AXIS2_PLACEMENT_3D('',#11055,#7165,#7166);
#5937=AXIS2_PLACEMENT_3D('',#11059,#7169,#7170);
#5938=AXIS2_PLACEMENT_3D('',#11063,#7173,#7174);
#5939=AXIS2_PLACEMENT_3D('',#11066,#7176,#7177);
#5940=AXIS2_PLACEMENT_3D('',#11067,#7178,#7179);
#5941=AXIS2_PLACEMENT_3D('',#11071,#7182,#7183);
#5942=AXIS2_PLACEMENT_3D('',#11075,#7186,#7187);
#5943=AXIS2_PLACEMENT_3D('',#11078,#7189,#7190);
#5944=AXIS2_PLACEMENT_3D('',#11079,#7191,#7192);
#5945=AXIS2_PLACEMENT_3D('',#11083,#7195,#7196);
#5946=AXIS2_PLACEMENT_3D('',#11087,#7199,#7200);
#5947=AXIS2_PLACEMENT_3D('',#11090,#7202,#7203);
#5948=AXIS2_PLACEMENT_3D('',#11091,#7204,#7205);
#5949=AXIS2_PLACEMENT_3D('',#11095,#7208,#7209);
#5950=AXIS2_PLACEMENT_3D('',#11099,#7212,#7213);
#5951=AXIS2_PLACEMENT_3D('',#11102,#7215,#7216);
#5952=AXIS2_PLACEMENT_3D('',#11103,#7217,#7218);
#5953=AXIS2_PLACEMENT_3D('',#11107,#7221,#7222);
#5954=AXIS2_PLACEMENT_3D('',#11111,#7225,#7226);
#5955=AXIS2_PLACEMENT_3D('',#11114,#7228,#7229);
#5956=AXIS2_PLACEMENT_3D('',#11115,#7230,#7231);
#5957=AXIS2_PLACEMENT_3D('',#11119,#7234,#7235);
#5958=AXIS2_PLACEMENT_3D('',#11123,#7238,#7239);
#5959=AXIS2_PLACEMENT_3D('',#11126,#7241,#7242);
#5960=AXIS2_PLACEMENT_3D('',#11127,#7243,#7244);
#5961=AXIS2_PLACEMENT_3D('',#11131,#7247,#7248);
#5962=AXIS2_PLACEMENT_3D('',#11135,#7251,#7252);
#5963=AXIS2_PLACEMENT_3D('',#11138,#7254,#7255);
#5964=AXIS2_PLACEMENT_3D('',#11139,#7256,#7257);
#5965=AXIS2_PLACEMENT_3D('',#11143,#7260,#7261);
#5966=AXIS2_PLACEMENT_3D('',#11147,#7264,#7265);
#5967=AXIS2_PLACEMENT_3D('',#11150,#7267,#7268);
#5968=AXIS2_PLACEMENT_3D('',#11151,#7269,#7270);
#5969=AXIS2_PLACEMENT_3D('',#11155,#7273,#7274);
#5970=AXIS2_PLACEMENT_3D('',#11159,#7277,#7278);
#5971=AXIS2_PLACEMENT_3D('',#11162,#7280,#7281);
#5972=AXIS2_PLACEMENT_3D('',#11163,#7282,#7283);
#5973=AXIS2_PLACEMENT_3D('',#11167,#7286,#7287);
#5974=AXIS2_PLACEMENT_3D('',#11171,#7290,#7291);
#5975=AXIS2_PLACEMENT_3D('',#11174,#7293,#7294);
#5976=AXIS2_PLACEMENT_3D('',#11175,#7295,#7296);
#5977=AXIS2_PLACEMENT_3D('',#11179,#7299,#7300);
#5978=AXIS2_PLACEMENT_3D('',#11183,#7303,#7304);
#5979=AXIS2_PLACEMENT_3D('',#11186,#7306,#7307);
#5980=AXIS2_PLACEMENT_3D('',#11187,#7308,#7309);
#5981=AXIS2_PLACEMENT_3D('',#11191,#7312,#7313);
#5982=AXIS2_PLACEMENT_3D('',#11195,#7316,#7317);
#5983=AXIS2_PLACEMENT_3D('',#11198,#7319,#7320);
#5984=AXIS2_PLACEMENT_3D('',#11199,#7321,#7322);
#5985=AXIS2_PLACEMENT_3D('',#11203,#7325,#7326);
#5986=AXIS2_PLACEMENT_3D('',#11207,#7329,#7330);
#5987=AXIS2_PLACEMENT_3D('',#11210,#7332,#7333);
#5988=AXIS2_PLACEMENT_3D('',#11211,#7334,#7335);
#5989=AXIS2_PLACEMENT_3D('',#11215,#7338,#7339);
#5990=AXIS2_PLACEMENT_3D('',#11219,#7342,#7343);
#5991=AXIS2_PLACEMENT_3D('',#11222,#7345,#7346);
#5992=AXIS2_PLACEMENT_3D('',#11223,#7347,#7348);
#5993=AXIS2_PLACEMENT_3D('',#11227,#7351,#7352);
#5994=AXIS2_PLACEMENT_3D('',#11231,#7355,#7356);
#5995=AXIS2_PLACEMENT_3D('',#11234,#7358,#7359);
#5996=AXIS2_PLACEMENT_3D('',#11235,#7360,#7361);
#5997=AXIS2_PLACEMENT_3D('',#11239,#7364,#7365);
#5998=AXIS2_PLACEMENT_3D('',#11243,#7368,#7369);
#5999=AXIS2_PLACEMENT_3D('',#11246,#7371,#7372);
#6000=AXIS2_PLACEMENT_3D('',#11247,#7373,#7374);
#6001=AXIS2_PLACEMENT_3D('',#11251,#7377,#7378);
#6002=AXIS2_PLACEMENT_3D('',#11255,#7381,#7382);
#6003=AXIS2_PLACEMENT_3D('',#11258,#7384,#7385);
#6004=AXIS2_PLACEMENT_3D('',#11259,#7386,#7387);
#6005=AXIS2_PLACEMENT_3D('',#11263,#7390,#7391);
#6006=AXIS2_PLACEMENT_3D('',#11267,#7394,#7395);
#6007=AXIS2_PLACEMENT_3D('',#11270,#7397,#7398);
#6008=AXIS2_PLACEMENT_3D('',#11271,#7399,#7400);
#6009=AXIS2_PLACEMENT_3D('',#11275,#7403,#7404);
#6010=AXIS2_PLACEMENT_3D('',#11279,#7407,#7408);
#6011=AXIS2_PLACEMENT_3D('',#11282,#7410,#7411);
#6012=AXIS2_PLACEMENT_3D('',#11283,#7412,#7413);
#6013=AXIS2_PLACEMENT_3D('',#11287,#7416,#7417);
#6014=AXIS2_PLACEMENT_3D('',#11291,#7420,#7421);
#6015=AXIS2_PLACEMENT_3D('',#11294,#7423,#7424);
#6016=AXIS2_PLACEMENT_3D('',#11295,#7425,#7426);
#6017=AXIS2_PLACEMENT_3D('',#11297,#7428,#7429);
#6018=DIRECTION('',(0.,0.,1.));
#6019=DIRECTION('',(1.,0.,0.));
#6020=DIRECTION('',(-1.,0.,0.));
#6021=DIRECTION('',(0.,-1.,0.));
#6022=DIRECTION('',(0.,0.642088202057369,0.766630772131367));
#6023=DIRECTION('',(-1.,0.,0.));
#6024=DIRECTION('',(0.,0.,1.));
#6025=DIRECTION('',(0.,-0.766630772131362,-0.642088202057375));
#6026=DIRECTION('',(0.,-0.555570233019593,0.831469612302552));
#6027=DIRECTION('',(0.,0.886589043183713,0.462557962321035));
#6028=DIRECTION('',(-1.,0.,0.));
#6029=DIRECTION('',(0.,0.,1.));
#6030=DIRECTION('',(0.,-0.953990996409945,-0.299835252711819));
#6031=DIRECTION('',(0.,-0.195090322016117,0.980785280403233));
#6032=DIRECTION('',(0.,0.996114739435011,0.0880648958457297));
#6033=DIRECTION('',(-1.,0.,0.));
#6034=DIRECTION('',(0.,0.,1.));
#6035=DIRECTION('',(0.,-0.996114739435011,0.0880648958457345));
#6036=DIRECTION('',(0.,0.195090322016138,0.980785280403229));
#6037=DIRECTION('',(0.,0.953990996409944,-0.299835252711822));
#6038=DIRECTION('',(-1.,0.,0.));
#6039=DIRECTION('',(0.,0.,1.));
#6040=DIRECTION('',(0.,-0.886589043183703,0.462557962321054));
#6041=DIRECTION('',(0.,0.555570233019612,0.831469612302539));
#6042=DIRECTION('',(0.,0.766630772131365,-0.642088202057371));
#6043=DIRECTION('',(-1.,0.,0.));
#6044=DIRECTION('',(0.,0.,1.));
#6045=DIRECTION('',(0.,-0.64208820205737,0.766630772131366));
#6046=DIRECTION('',(0.,0.831469612302551,0.555570233019594));
#6047=DIRECTION('',(0.,0.462557962321049,-0.886589043183706));
#6048=DIRECTION('',(-1.,0.,0.));
#6049=DIRECTION('',(0.,0.,1.));
#6050=DIRECTION('',(0.,-0.299835252711846,0.953990996409937));
#6051=DIRECTION('',(0.,0.98078528040324,0.195090322016079));
#6052=DIRECTION('',(0.,0.0880648958457226,-0.996114739435012));
#6053=DIRECTION('',(-1.,0.,0.));
#6054=DIRECTION('',(0.,0.,1.));
#6055=DIRECTION('',(0.,0.088064895845723,0.996114739435012));
#6056=DIRECTION('',(0.,0.980785280403236,-0.195090322016101));
#6057=DIRECTION('',(0.,-0.299835252711846,-0.953990996409937));
#6058=DIRECTION('',(-1.,0.,0.));
#6059=DIRECTION('',(0.,0.,1.));
#6060=DIRECTION('',(0.,0.462557962321049,0.886589043183706));
#6061=DIRECTION('',(0.,0.831469612302538,-0.555570233019614));
#6062=DIRECTION('',(0.,-0.64208820205737,-0.766630772131366));
#6063=DIRECTION('',(-1.,0.,0.));
#6064=DIRECTION('',(0.,0.,1.));
#6065=DIRECTION('',(0.,0.766630772131362,0.642088202057374));
#6066=DIRECTION('',(0.,0.555570233019593,-0.831469612302552));
#6067=DIRECTION('',(0.,-0.886589043183713,-0.462557962321035));
#6068=DIRECTION('',(-1.,0.,0.));
#6069=DIRECTION('',(0.,0.,1.));
#6070=DIRECTION('',(0.,0.953990996409942,0.299835252711829));
#6071=DIRECTION('',(0.,0.195090322016117,-0.980785280403233));
#6072=DIRECTION('',(0.,-0.996114739435011,-0.0880648958457297));
#6073=DIRECTION('',(-1.,0.,0.));
#6074=DIRECTION('',(0.,0.,1.));
#6075=DIRECTION('',(0.,0.996114739435011,-0.0880648958457315));
#6076=DIRECTION('',(0.,-0.195090322016139,-0.980785280403228));
#6077=DIRECTION('',(0.,-0.953990996409945,0.299835252711817));
#6078=DIRECTION('',(-1.,0.,0.));
#6079=DIRECTION('',(0.,0.,1.));
#6080=DIRECTION('',(0.,0.886589043183719,-0.462557962321024));
#6081=DIRECTION('',(0.,-0.555570233019611,-0.831469612302539));
#6082=DIRECTION('',(0.,-0.766630772131365,0.642088202057371));
#6083=DIRECTION('',(-1.,0.,0.));
#6084=DIRECTION('',(0.,0.,1.));
#6085=DIRECTION('',(0.,0.64208820205737,-0.766630772131366));
#6086=DIRECTION('',(0.,-0.831469612302548,-0.555570233019599));
#6087=DIRECTION('',(0.,-0.462557962321048,0.886589043183706));
#6088=DIRECTION('',(-1.,0.,0.));
#6089=DIRECTION('',(0.,0.,1.));
#6090=DIRECTION('',(0.,0.299835252711846,-0.953990996409936));
#6091=DIRECTION('',(0.,-0.98078528040324,-0.195090322016079));
#6092=DIRECTION('',(0.,-0.088064895845723,0.996114739435012));
#6093=DIRECTION('',(-1.,0.,0.));
#6094=DIRECTION('',(0.,0.,1.));
#6095=DIRECTION('',(0.,-0.0880648958457233,-0.996114739435012));
#6096=DIRECTION('',(0.,-0.980785280403237,0.195090322016093));
#6097=DIRECTION('',(0.,0.299835252711847,0.953990996409936));
#6098=DIRECTION('',(-1.,0.,0.));
#6099=DIRECTION('',(0.,0.,1.));
#6100=DIRECTION('',(0.,-0.462557962321049,-0.886589043183706));
#6101=DIRECTION('',(0.,-0.831469612302538,0.555570233019614));
#6102=DIRECTION('',(-1.,0.,0.));
#6103=DIRECTION('',(0.,0.,1.));
#6104=DIRECTION('',(0.,-0.358367949544941,0.93358042649734));
#6105=DIRECTION('',(0.,0.933580426497402,0.35836794954478));
#6106=DIRECTION('',(-1.,0.,0.));
#6107=DIRECTION('',(0.,0.,1.));
#6108=DIRECTION('',(0.,-0.45399049974013,0.891006524188071));
#6109=DIRECTION('',(0.,0.89100652418839,0.453990499739504));
#6110=DIRECTION('',(-1.,0.,0.));
#6111=DIRECTION('',(0.,0.,1.));
#6112=DIRECTION('',(0.,-0.544639035015149,0.838670567945345));
#6113=DIRECTION('',(0.,0.838670567945398,0.544639035015067));
#6114=DIRECTION('',(-1.,0.,0.));
#6115=DIRECTION('',(0.,0.,1.));
#6116=DIRECTION('',(0.,-0.629320391049684,0.777145961457095));
#6117=DIRECTION('',(0.,0.7771459614575,0.629320391049185));
#6118=DIRECTION('',(-1.,0.,0.));
#6119=DIRECTION('',(0.,0.,1.));
#6120=DIRECTION('',(0.,-0.707106781186559,0.707106781186537));
#6121=DIRECTION('',(0.,0.707106781186305,0.70710678118679));
#6122=DIRECTION('',(-1.,0.,0.));
#6123=DIRECTION('',(0.,0.,1.));
#6124=DIRECTION('',(0.,-0.777145961457638,0.629320391049013));
#6125=DIRECTION('',(0.,0.629320391049552,0.777145961457203));
#6126=DIRECTION('',(-1.,0.,0.));
#6127=DIRECTION('',(0.,0.,1.));
#6128=DIRECTION('',(0.,-0.838670567945577,0.544639035014791));
#6129=DIRECTION('',(0.,0.544639035014799,0.838670567945573));
#6130=DIRECTION('',(-1.,0.,0.));
#6131=DIRECTION('',(0.,0.,1.));
#6132=DIRECTION('',(0.,-0.891006524188072,0.453990499740127));
#6133=DIRECTION('',(0.,0.453990499739915,0.89100652418818));
#6134=DIRECTION('',(-1.,0.,0.));
#6135=DIRECTION('',(0.,0.,1.));
#6136=DIRECTION('',(0.,-0.933580426497391,0.358367949544806));
#6137=DIRECTION('',(0.,0.358367949545798,0.933580426497011));
#6138=DIRECTION('',(-1.,0.,0.));
#6139=DIRECTION('',(0.,0.,1.));
#6140=DIRECTION('',(0.,-0.965925826289307,0.258819045101631));
#6141=DIRECTION('',(0.,0.258819045102954,0.965925826288952));
#6142=DIRECTION('',(-1.,0.,0.));
#6143=DIRECTION('',(0.,0.,1.));
#6144=DIRECTION('',(0.,-0.987688340595133,0.156434465040263));
#6145=DIRECTION('',(0.,0.156434465040252,0.987688340595134));
#6146=DIRECTION('',(-1.,0.,0.));
#6147=DIRECTION('',(0.,0.,1.));
#6148=DIRECTION('',(0.,-0.998629534754582,0.052335956242792));
#6149=DIRECTION('',(0.,0.0523359562429462,0.998629534754574));
#6150=DIRECTION('',(-1.,0.,0.));
#6151=DIRECTION('',(0.,0.,1.));
#6152=DIRECTION('',(0.,-0.99862953475454,-0.0523359562435981));
#6153=DIRECTION('',(0.,-0.0523359562431318,0.998629534754564));
#6154=DIRECTION('',(-1.,0.,0.));
#6155=DIRECTION('',(0.,0.,1.));
#6156=DIRECTION('',(0.,-0.987688340595129,-0.156434465040288));
#6157=DIRECTION('',(0.,-0.15643446504022,0.987688340595139));
#6158=DIRECTION('',(-1.,0.,0.));
#6159=DIRECTION('',(0.,0.,1.));
#6160=DIRECTION('',(0.,-0.965925826289011,-0.258819045102736));
#6161=DIRECTION('',(0.,-0.258819045102008,0.965925826289206));
#6162=DIRECTION('',(-1.,0.,0.));
#6163=DIRECTION('',(0.,0.,1.));
#6164=DIRECTION('',(0.,-0.933580426497173,-0.358367949545376));
#6165=DIRECTION('',(0.,-0.358367949544853,0.933580426497373));
#6166=DIRECTION('',(-1.,0.,0.));
#6167=DIRECTION('',(0.,0.,1.));
#6168=DIRECTION('',(0.,-0.891006524188164,-0.453990499739948));
#6169=DIRECTION('',(0.,-0.453990499739389,0.891006524188448));
#6170=DIRECTION('',(-1.,0.,0.));
#6171=DIRECTION('',(0.,0.,1.));
#6172=DIRECTION('',(0.,-0.838670567944996,-0.544639035015687));
#6173=DIRECTION('',(0.,-0.544639035014448,0.8386705679458));
#6174=DIRECTION('',(-1.,0.,0.));
#6175=DIRECTION('',(0.,0.,1.));
#6176=DIRECTION('',(0.,-0.777145961457118,-0.629320391049656));
#6177=DIRECTION('',(0.,-0.629320391049761,0.777145961457033));
#6178=DIRECTION('',(-1.,0.,0.));
#6179=DIRECTION('',(0.,0.,1.));
#6180=DIRECTION('',(0.,-0.707106781186778,-0.707106781186318));
#6181=DIRECTION('',(0.,-0.707106781186379,0.707106781186716));
#6182=DIRECTION('',(-1.,0.,0.));
#6183=DIRECTION('',(0.,0.,1.));
#6184=DIRECTION('',(0.,-0.629320391049766,-0.777145961457028));
#6185=DIRECTION('',(0.,-0.777145961456911,0.629320391049912));
#6186=DIRECTION('',(-1.,0.,0.));
#6187=DIRECTION('',(0.,0.,1.));
#6188=DIRECTION('',(0.,-0.54463903501493,-0.838670567945487));
#6189=DIRECTION('',(0.,-0.838670567945572,0.5446390350148));
#6190=DIRECTION('',(-1.,0.,0.));
#6191=DIRECTION('',(0.,0.,1.));
#6192=DIRECTION('',(0.,-0.453990499739446,-0.89100652418842));
#6193=DIRECTION('',(0.,-0.891006524188421,0.453990499739443));
#6194=DIRECTION('',(-1.,0.,0.));
#6195=DIRECTION('',(0.,0.,1.));
#6196=DIRECTION('',(0.,-0.358367949544762,-0.933580426497409));
#6197=DIRECTION('',(0.,-0.933580426497044,0.358367949545712));
#6198=DIRECTION('',(-1.,0.,0.));
#6199=DIRECTION('',(0.,0.,1.));
#6200=DIRECTION('',(0.,-0.258819045102526,-0.965925826289067));
#6201=DIRECTION('',(0.,-0.965925826288964,0.258819045102912));
#6202=DIRECTION('',(-1.,0.,0.));
#6203=DIRECTION('',(0.,0.,1.));
#6204=DIRECTION('',(0.,-0.156434465039591,-0.987688340595239));
#6205=DIRECTION('',(0.,-0.987688340595033,0.156434465040895));
#6206=DIRECTION('',(-1.,0.,0.));
#6207=DIRECTION('',(0.,0.,1.));
#6208=DIRECTION('',(0.,-0.0523359562430803,-0.998629534754567));
#6209=DIRECTION('',(0.,-0.998629534754561,0.0523359562431851));
#6210=DIRECTION('',(-1.,0.,0.));
#6211=DIRECTION('',(0.,0.,1.));
#6212=DIRECTION('',(0.,0.0523359562428417,-0.998629534754579));
#6213=DIRECTION('',(0.,-0.998629534754602,-0.0523359562424035));
#6214=DIRECTION('',(-1.,0.,0.));
#6215=DIRECTION('',(0.,0.,1.));
#6216=DIRECTION('',(0.,0.15643446504022,-0.987688340595139));
#6217=DIRECTION('',(0.,-0.987688340595096,-0.156434465040497));
#6218=DIRECTION('',(-1.,0.,0.));
#6219=DIRECTION('',(0.,0.,1.));
#6220=DIRECTION('',(0.,0.258819045103336,-0.96592582628885));
#6221=DIRECTION('',(0.,-0.965925826289311,-0.258819045101616));
#6222=DIRECTION('',(-1.,0.,0.));
#6223=DIRECTION('',(0.,0.,1.));
#6224=DIRECTION('',(0.,0.358367949545752,-0.933580426497029));
#6225=DIRECTION('',(0.,-0.933580426497271,-0.35836794954512));
#6226=DIRECTION('',(-1.,0.,0.));
#6227=DIRECTION('',(0.,0.,1.));
#6228=DIRECTION('',(0.,0.453990499739813,-0.891006524188232));
#6229=DIRECTION('',(0.,-0.891006524187959,-0.453990499740349));
#6230=DIRECTION('',(-1.,0.,0.));
#6231=DIRECTION('',(0.,0.,1.));
#6232=DIRECTION('',(0.,0.544639035014642,-0.838670567945674));
#6233=DIRECTION('',(0.,-0.838670567946246,-0.544639035013762));
#6234=DIRECTION('',(-1.,0.,0.));
#6235=DIRECTION('',(0.,0.,1.));
#6236=DIRECTION('',(0.,0.629320391049355,-0.777145961457361));
#6237=DIRECTION('',(0.,-0.77714596145747,-0.629320391049221));
#6238=DIRECTION('',(-1.,0.,0.));
#6239=DIRECTION('',(0.,0.,1.));
#6240=DIRECTION('',(0.,0.707106781186485,-0.70710678118661));
#6241=DIRECTION('',(0.,-0.707106781186535,-0.70710678118656));
#6242=DIRECTION('',(-1.,0.,0.));
#6243=DIRECTION('',(0.,0.,1.));
#6244=DIRECTION('',(0.,0.777145961456942,-0.629320391049873));
#6245=DIRECTION('',(0.,-0.629320391049812,-0.777145961456991));
#6246=DIRECTION('',(-1.,0.,0.));
#6247=DIRECTION('',(0.,0.,1.));
#6248=DIRECTION('',(0.,0.838670567945213,-0.544639035015352));
#6249=DIRECTION('',(0.,-0.544639035014777,-0.838670567945587));
#6250=DIRECTION('',(-1.,0.,0.));
#6251=DIRECTION('',(0.,0.,1.));
#6252=DIRECTION('',(0.,0.89100652418804,-0.45399049974019));
#6253=DIRECTION('',(0.,-0.453990499739376,-0.891006524188455));
#6254=DIRECTION('',(-1.,0.,0.));
#6255=DIRECTION('',(0.,0.,1.));
#6256=DIRECTION('',(0.,0.933580426497312,-0.358367949545012));
#6257=DIRECTION('',(0.,-0.358367949545581,-0.933580426497094));
#6258=DIRECTION('',(-1.,0.,0.));
#6259=DIRECTION('',(0.,0.,1.));
#6260=DIRECTION('',(0.,0.96592582628893,-0.258819045103037));
#6261=DIRECTION('',(0.,-0.258819045102852,-0.96592582628898));
#6262=DIRECTION('',(-1.,0.,0.));
#6263=DIRECTION('',(0.,0.,1.));
#6264=DIRECTION('',(0.,0.98768834059532,-0.156434465039081));
#6265=DIRECTION('',(0.,-0.156434465040217,-0.98768834059514));
#6266=DIRECTION('',(-1.,0.,0.));
#6267=DIRECTION('',(0.,0.,1.));
#6268=DIRECTION('',(0.,0.998629534754634,-0.0523359562417909));
#6269=DIRECTION('',(0.,-0.0523359562430059,-0.998629534754571));
#6270=DIRECTION('',(-1.,0.,0.));
#6271=DIRECTION('',(0.,0.,1.));
#6272=DIRECTION('',(0.,0.998629534754478,0.0523359562447793));
#6273=DIRECTION('',(0.,0.05233595624263,-0.99862953475459));
#6274=DIRECTION('',(-1.,0.,0.));
#6275=DIRECTION('',(0.,0.,1.));
#6276=DIRECTION('',(0.,0.987688340595098,0.156434465040481));
#6277=DIRECTION('',(0.,0.156434465040099,-0.987688340595159));
#6278=DIRECTION('',(-1.,0.,0.));
#6279=DIRECTION('',(0.,0.,1.));
#6280=DIRECTION('',(0.,0.965925826289184,0.258819045102091));
#6281=DIRECTION('',(0.,0.258819045102139,-0.965925826289171));
#6282=DIRECTION('',(-1.,0.,0.));
#6283=DIRECTION('',(0.,0.,1.));
#6284=DIRECTION('',(0.,0.933580426497098,0.358367949545569));
#6285=DIRECTION('',(0.,0.358367949544763,-0.933580426497408));
#6286=DIRECTION('',(-1.,0.,0.));
#6287=DIRECTION('',(0.,0.,1.));
#6288=DIRECTION('',(0.,0.891006524187551,0.45399049974115));
#6289=DIRECTION('',(0.,0.453990499739475,-0.891006524188404));
#6290=DIRECTION('',(-1.,0.,0.));
#6291=DIRECTION('',(0.,0.,1.));
#6292=DIRECTION('',(0.,0.838670567945476,0.544639035014947));
#6293=DIRECTION('',(0.,0.544639035014626,-0.838670567945685));
#6294=DIRECTION('',(-1.,0.,0.));
#6295=DIRECTION('',(0.,0.,1.));
#6296=DIRECTION('',(0.,0.777145961457066,0.62932039104972));
#6297=DIRECTION('',(0.,0.629320391049769,-0.777145961457027));
#6298=DIRECTION('',(-1.,0.,0.));
#6299=DIRECTION('',(0.,0.,1.));
#6300=DIRECTION('',(0.,0.707106781186393,0.707106781186702));
#6301=DIRECTION('',(0.,0.707106781186171,-0.707106781186925));
#6302=DIRECTION('',(-1.,0.,0.));
#6303=DIRECTION('',(0.,0.,1.));
#6304=DIRECTION('',(0.,0.62932039105041,0.777145961456507));
#6305=DIRECTION('',(0.,0.777145961457697,-0.629320391048941));
#6306=DIRECTION('',(-1.,0.,0.));
#6307=DIRECTION('',(0.,0.,1.));
#6308=DIRECTION('',(0.,0.544639035015169,0.838670567945332));
#6309=DIRECTION('',(0.,0.838670567945327,-0.544639035015177));
#6310=DIRECTION('',(-1.,0.,0.));
#6311=DIRECTION('',(0.,0.,1.));
#6312=DIRECTION('',(0.,0.453990499738388,0.891006524188958));
#6313=DIRECTION('',(0.,0.891006524188274,-0.45399049973973));
#6314=DIRECTION('',(-1.,0.,0.));
#6315=DIRECTION('',(0.,0.,1.));
#6316=DIRECTION('',(0.,0.358367949546107,0.933580426496892));
#6317=DIRECTION('',(0.,0.93358042649726,-0.35836794954515));
#6318=DIRECTION('',(-1.,0.,0.));
#6319=DIRECTION('',(0.,0.,1.));
#6320=DIRECTION('',(0.,0.258819045102156,0.965925826289166));
#6321=DIRECTION('',(0.,0.965925826289038,-0.258819045102632));
#6322=DIRECTION('',(-1.,0.,0.));
#6323=DIRECTION('',(0.,0.,1.));
#6324=DIRECTION('',(0.,0.156434465040025,0.98768834059517));
#6325=DIRECTION('',(0.,0.987688340595095,-0.1564344650405));
#6326=DIRECTION('',(-1.,0.,0.));
#6327=DIRECTION('',(0.,0.,1.));
#6328=DIRECTION('',(0.,0.052335956242915,0.998629534754575));
#6329=DIRECTION('',(0.,0.998629534754519,-0.0523359562439971));
#6330=DIRECTION('',(-1.,0.,0.));
#6331=DIRECTION('',(0.,0.,1.));
#6332=DIRECTION('',(0.,-0.0523359562430464,0.998629534754569));
#6333=DIRECTION('',(0.,0.998629534754572,0.0523359562429887));
#6334=DIRECTION('',(-1.,0.,0.));
#6335=DIRECTION('',(0.,0.,1.));
#6336=DIRECTION('',(0.,-0.156434465040104,0.987688340595158));
#6337=DIRECTION('',(0.,0.987688340595222,0.156434465039701));
#6338=DIRECTION('',(-1.,0.,0.));
#6339=DIRECTION('',(0.,0.,1.));
#6340=DIRECTION('',(0.,-0.258819045102694,0.965925826289022));
#6341=DIRECTION('',(0.,0.965925826289198,0.258819045102036));
#6342=DIRECTION('',(0.,0.766630772131367,-0.642088202057369));
#6343=DIRECTION('',(0.,0.642088202057369,0.766630772131367));
#6344=DIRECTION('',(0.,0.642088202057369,0.766630772131367));
#6345=DIRECTION('',(1.,0.,0.));
#6346=DIRECTION('',(1.,0.,0.));
#6347=DIRECTION('',(1.,0.,0.));
#6348=DIRECTION('',(0.,0.,-1.));
#6349=DIRECTION('',(-1.,0.,0.));
#6350=DIRECTION('',(0.,0.,1.));
#6351=DIRECTION('',(1.,0.,0.));
#6352=DIRECTION('',(0.,-0.642088202057375,0.766630772131362));
#6353=DIRECTION('',(0.,-0.766630772131362,-0.642088202057375));
#6354=DIRECTION('',(0.,-0.766630772131362,-0.642088202057375));
#6355=DIRECTION('',(1.,0.,0.));
#6356=DIRECTION('',(1.,0.,0.));
#6357=DIRECTION('',(0.,0.831469612302552,0.555570233019593));
#6358=DIRECTION('',(0.,-0.555570233019593,0.831469612302552));
#6359=DIRECTION('',(0.,-0.555570233019593,0.831469612302552));
#6360=DIRECTION('',(1.,0.,0.));
#6361=DIRECTION('',(1.,0.,0.));
#6362=DIRECTION('',(0.,0.462557962321035,-0.886589043183713));
#6363=DIRECTION('',(0.,0.886589043183713,0.462557962321035));
#6364=DIRECTION('',(0.,0.886589043183713,0.462557962321035));
#6365=DIRECTION('',(1.,0.,0.));
#6366=DIRECTION('',(1.,0.,0.));
#6367=DIRECTION('',(0.,0.,-1.));
#6368=DIRECTION('',(-1.,0.,0.));
#6369=DIRECTION('',(0.,0.,1.));
#6370=DIRECTION('',(1.,0.,0.));
#6371=DIRECTION('',(0.,-0.299835252711819,0.953990996409945));
#6372=DIRECTION('',(0.,-0.953990996409945,-0.299835252711819));
#6373=DIRECTION('',(0.,-0.953990996409945,-0.299835252711819));
#6374=DIRECTION('',(1.,0.,0.));
#6375=DIRECTION('',(1.,0.,0.));
#6376=DIRECTION('',(0.,0.980785280403233,0.195090322016117));
#6377=DIRECTION('',(0.,-0.195090322016117,0.980785280403233));
#6378=DIRECTION('',(0.,-0.195090322016117,0.980785280403233));
#6379=DIRECTION('',(1.,0.,0.));
#6380=DIRECTION('',(1.,0.,0.));
#6381=DIRECTION('',(0.,0.0880648958457297,-0.996114739435011));
#6382=DIRECTION('',(0.,0.996114739435011,0.0880648958457297));
#6383=DIRECTION('',(0.,0.996114739435011,0.0880648958457297));
#6384=DIRECTION('',(1.,0.,0.));
#6385=DIRECTION('',(1.,0.,0.));
#6386=DIRECTION('',(0.,0.,-1.));
#6387=DIRECTION('',(-1.,0.,0.));
#6388=DIRECTION('',(0.,0.,1.));
#6389=DIRECTION('',(1.,0.,0.));
#6390=DIRECTION('',(0.,0.0880648958457345,0.996114739435011));
#6391=DIRECTION('',(0.,-0.996114739435011,0.0880648958457345));
#6392=DIRECTION('',(0.,-0.996114739435011,0.0880648958457345));
#6393=DIRECTION('',(1.,0.,0.));
#6394=DIRECTION('',(1.,0.,0.));
#6395=DIRECTION('',(0.,0.980785280403229,-0.195090322016138));
#6396=DIRECTION('',(0.,0.195090322016138,0.980785280403229));
#6397=DIRECTION('',(0.,0.195090322016138,0.980785280403229));
#6398=DIRECTION('',(1.,0.,0.));
#6399=DIRECTION('',(1.,0.,0.));
#6400=DIRECTION('',(0.,-0.299835252711822,-0.953990996409944));
#6401=DIRECTION('',(0.,0.953990996409944,-0.299835252711822));
#6402=DIRECTION('',(0.,0.953990996409944,-0.299835252711822));
#6403=DIRECTION('',(1.,0.,0.));
#6404=DIRECTION('',(1.,0.,0.));
#6405=DIRECTION('',(0.,0.,-1.));
#6406=DIRECTION('',(-1.,0.,0.));
#6407=DIRECTION('',(0.,0.,1.));
#6408=DIRECTION('',(1.,0.,0.));
#6409=DIRECTION('',(0.,0.462557962321054,0.886589043183703));
#6410=DIRECTION('',(0.,-0.886589043183703,0.462557962321054));
#6411=DIRECTION('',(0.,-0.886589043183703,0.462557962321054));
#6412=DIRECTION('',(1.,0.,0.));
#6413=DIRECTION('',(1.,0.,0.));
#6414=DIRECTION('',(0.,0.831469612302539,-0.555570233019612));
#6415=DIRECTION('',(0.,0.555570233019612,0.831469612302539));
#6416=DIRECTION('',(0.,0.555570233019612,0.831469612302539));
#6417=DIRECTION('',(1.,0.,0.));
#6418=DIRECTION('',(1.,0.,0.));
#6419=DIRECTION('',(0.,-0.642088202057371,-0.766630772131365));
#6420=DIRECTION('',(0.,0.766630772131365,-0.642088202057371));
#6421=DIRECTION('',(0.,0.766630772131365,-0.642088202057371));
#6422=DIRECTION('',(1.,0.,0.));
#6423=DIRECTION('',(1.,0.,0.));
#6424=DIRECTION('',(0.,0.,-1.));
#6425=DIRECTION('',(-1.,0.,0.));
#6426=DIRECTION('',(0.,0.,1.));
#6427=DIRECTION('',(1.,0.,0.));
#6428=DIRECTION('',(0.,0.766630772131366,0.64208820205737));
#6429=DIRECTION('',(0.,-0.64208820205737,0.766630772131366));
#6430=DIRECTION('',(0.,-0.64208820205737,0.766630772131366));
#6431=DIRECTION('',(1.,0.,0.));
#6432=DIRECTION('',(1.,0.,0.));
#6433=DIRECTION('',(0.,0.555570233019594,-0.831469612302551));
#6434=DIRECTION('',(0.,0.831469612302551,0.555570233019594));
#6435=DIRECTION('',(0.,0.831469612302551,0.555570233019594));
#6436=DIRECTION('',(1.,0.,0.));
#6437=DIRECTION('',(1.,0.,0.));
#6438=DIRECTION('',(0.,-0.886589043183706,-0.462557962321049));
#6439=DIRECTION('',(0.,0.462557962321049,-0.886589043183706));
#6440=DIRECTION('',(0.,0.462557962321049,-0.886589043183706));
#6441=DIRECTION('',(1.,0.,0.));
#6442=DIRECTION('',(1.,0.,0.));
#6443=DIRECTION('',(0.,0.,-1.));
#6444=DIRECTION('',(-1.,0.,0.));
#6445=DIRECTION('',(0.,0.,1.));
#6446=DIRECTION('',(1.,0.,0.));
#6447=DIRECTION('',(0.,0.953990996409937,0.299835252711846));
#6448=DIRECTION('',(0.,-0.299835252711846,0.953990996409937));
#6449=DIRECTION('',(0.,-0.299835252711846,0.953990996409937));
#6450=DIRECTION('',(1.,0.,0.));
#6451=DIRECTION('',(1.,0.,0.));
#6452=DIRECTION('',(0.,0.195090322016079,-0.98078528040324));
#6453=DIRECTION('',(0.,0.98078528040324,0.195090322016079));
#6454=DIRECTION('',(0.,0.98078528040324,0.195090322016079));
#6455=DIRECTION('',(1.,0.,0.));
#6456=DIRECTION('',(1.,0.,0.));
#6457=DIRECTION('',(0.,-0.996114739435012,-0.0880648958457226));
#6458=DIRECTION('',(0.,0.0880648958457226,-0.996114739435012));
#6459=DIRECTION('',(0.,0.0880648958457226,-0.996114739435012));
#6460=DIRECTION('',(1.,0.,0.));
#6461=DIRECTION('',(1.,0.,0.));
#6462=DIRECTION('',(0.,0.,-1.));
#6463=DIRECTION('',(-1.,0.,0.));
#6464=DIRECTION('',(0.,0.,1.));
#6465=DIRECTION('',(1.,0.,0.));
#6466=DIRECTION('',(0.,0.996114739435012,-0.088064895845723));
#6467=DIRECTION('',(0.,0.088064895845723,0.996114739435012));
#6468=DIRECTION('',(0.,0.088064895845723,0.996114739435012));
#6469=DIRECTION('',(1.,0.,0.));
#6470=DIRECTION('',(1.,0.,0.));
#6471=DIRECTION('',(0.,-0.195090322016101,-0.980785280403236));
#6472=DIRECTION('',(0.,0.980785280403236,-0.195090322016101));
#6473=DIRECTION('',(0.,0.980785280403236,-0.195090322016101));
#6474=DIRECTION('',(1.,0.,0.));
#6475=DIRECTION('',(1.,0.,0.));
#6476=DIRECTION('',(0.,-0.953990996409937,0.299835252711846));
#6477=DIRECTION('',(0.,-0.299835252711846,-0.953990996409937));
#6478=DIRECTION('',(0.,-0.299835252711846,-0.953990996409937));
#6479=DIRECTION('',(1.,0.,0.));
#6480=DIRECTION('',(1.,0.,0.));
#6481=DIRECTION('',(0.,0.,-1.));
#6482=DIRECTION('',(-1.,0.,0.));
#6483=DIRECTION('',(0.,0.,1.));
#6484=DIRECTION('',(1.,0.,0.));
#6485=DIRECTION('',(0.,0.886589043183706,-0.462557962321049));
#6486=DIRECTION('',(0.,0.462557962321049,0.886589043183706));
#6487=DIRECTION('',(0.,0.462557962321049,0.886589043183706));
#6488=DIRECTION('',(1.,0.,0.));
#6489=DIRECTION('',(1.,0.,0.));
#6490=DIRECTION('',(0.,-0.555570233019614,-0.831469612302538));
#6491=DIRECTION('',(0.,0.831469612302538,-0.555570233019614));
#6492=DIRECTION('',(0.,0.831469612302538,-0.555570233019614));
#6493=DIRECTION('',(1.,0.,0.));
#6494=DIRECTION('',(1.,0.,0.));
#6495=DIRECTION('',(0.,-0.766630772131366,0.64208820205737));
#6496=DIRECTION('',(0.,-0.64208820205737,-0.766630772131366));
#6497=DIRECTION('',(0.,-0.64208820205737,-0.766630772131366));
#6498=DIRECTION('',(1.,0.,0.));
#6499=DIRECTION('',(1.,0.,0.));
#6500=DIRECTION('',(0.,0.,-1.));
#6501=DIRECTION('',(-1.,0.,0.));
#6502=DIRECTION('',(0.,0.,1.));
#6503=DIRECTION('',(1.,0.,0.));
#6504=DIRECTION('',(0.,0.642088202057374,-0.766630772131362));
#6505=DIRECTION('',(0.,0.766630772131362,0.642088202057374));
#6506=DIRECTION('',(0.,0.766630772131362,0.642088202057374));
#6507=DIRECTION('',(1.,0.,0.));
#6508=DIRECTION('',(1.,0.,0.));
#6509=DIRECTION('',(0.,-0.831469612302552,-0.555570233019593));
#6510=DIRECTION('',(0.,0.555570233019593,-0.831469612302552));
#6511=DIRECTION('',(0.,0.555570233019593,-0.831469612302552));
#6512=DIRECTION('',(1.,0.,0.));
#6513=DIRECTION('',(1.,0.,0.));
#6514=DIRECTION('',(0.,-0.462557962321035,0.886589043183713));
#6515=DIRECTION('',(0.,-0.886589043183713,-0.462557962321035));
#6516=DIRECTION('',(0.,-0.886589043183713,-0.462557962321035));
#6517=DIRECTION('',(1.,0.,0.));
#6518=DIRECTION('',(1.,0.,0.));
#6519=DIRECTION('',(0.,0.,-1.));
#6520=DIRECTION('',(-1.,0.,0.));
#6521=DIRECTION('',(0.,0.,1.));
#6522=DIRECTION('',(1.,0.,0.));
#6523=DIRECTION('',(0.,0.299835252711829,-0.953990996409942));
#6524=DIRECTION('',(0.,0.953990996409942,0.299835252711829));
#6525=DIRECTION('',(0.,0.953990996409942,0.299835252711829));
#6526=DIRECTION('',(1.,0.,0.));
#6527=DIRECTION('',(1.,0.,0.));
#6528=DIRECTION('',(0.,-0.980785280403233,-0.195090322016117));
#6529=DIRECTION('',(0.,0.195090322016117,-0.980785280403233));
#6530=DIRECTION('',(0.,0.195090322016117,-0.980785280403233));
#6531=DIRECTION('',(1.,0.,0.));
#6532=DIRECTION('',(1.,0.,0.));
#6533=DIRECTION('',(0.,-0.0880648958457297,0.996114739435011));
#6534=DIRECTION('',(0.,-0.996114739435011,-0.0880648958457297));
#6535=DIRECTION('',(0.,-0.996114739435011,-0.0880648958457297));
#6536=DIRECTION('',(1.,0.,0.));
#6537=DIRECTION('',(1.,0.,0.));
#6538=DIRECTION('',(0.,0.,-1.));
#6539=DIRECTION('',(-1.,0.,0.));
#6540=DIRECTION('',(0.,0.,1.));
#6541=DIRECTION('',(1.,0.,0.));
#6542=DIRECTION('',(0.,-0.0880648958457315,-0.996114739435011));
#6543=DIRECTION('',(0.,0.996114739435011,-0.0880648958457315));
#6544=DIRECTION('',(0.,0.996114739435011,-0.0880648958457315));
#6545=DIRECTION('',(1.,0.,0.));
#6546=DIRECTION('',(1.,0.,0.));
#6547=DIRECTION('',(0.,-0.980785280403228,0.195090322016139));
#6548=DIRECTION('',(0.,-0.195090322016139,-0.980785280403228));
#6549=DIRECTION('',(0.,-0.195090322016139,-0.980785280403228));
#6550=DIRECTION('',(1.,0.,0.));
#6551=DIRECTION('',(1.,0.,0.));
#6552=DIRECTION('',(0.,0.299835252711817,0.953990996409945));
#6553=DIRECTION('',(0.,-0.953990996409945,0.299835252711817));
#6554=DIRECTION('',(0.,-0.953990996409945,0.299835252711817));
#6555=DIRECTION('',(1.,0.,0.));
#6556=DIRECTION('',(1.,0.,0.));
#6557=DIRECTION('',(0.,0.,-1.));
#6558=DIRECTION('',(-1.,0.,0.));
#6559=DIRECTION('',(0.,0.,1.));
#6560=DIRECTION('',(1.,0.,0.));
#6561=DIRECTION('',(0.,-0.462557962321024,-0.886589043183719));
#6562=DIRECTION('',(0.,0.886589043183719,-0.462557962321024));
#6563=DIRECTION('',(0.,0.886589043183719,-0.462557962321024));
#6564=DIRECTION('',(1.,0.,0.));
#6565=DIRECTION('',(1.,0.,0.));
#6566=DIRECTION('',(0.,-0.831469612302539,0.555570233019611));
#6567=DIRECTION('',(0.,-0.555570233019611,-0.831469612302539));
#6568=DIRECTION('',(0.,-0.555570233019611,-0.831469612302539));
#6569=DIRECTION('',(1.,0.,0.));
#6570=DIRECTION('',(1.,0.,0.));
#6571=DIRECTION('',(0.,0.642088202057371,0.766630772131365));
#6572=DIRECTION('',(0.,-0.766630772131365,0.642088202057371));
#6573=DIRECTION('',(0.,-0.766630772131365,0.642088202057371));
#6574=DIRECTION('',(1.,0.,0.));
#6575=DIRECTION('',(1.,0.,0.));
#6576=DIRECTION('',(0.,0.,-1.));
#6577=DIRECTION('',(-1.,0.,0.));
#6578=DIRECTION('',(0.,0.,1.));
#6579=DIRECTION('',(1.,0.,0.));
#6580=DIRECTION('',(0.,-0.766630772131366,-0.64208820205737));
#6581=DIRECTION('',(0.,0.64208820205737,-0.766630772131366));
#6582=DIRECTION('',(0.,0.64208820205737,-0.766630772131366));
#6583=DIRECTION('',(1.,0.,0.));
#6584=DIRECTION('',(1.,0.,0.));
#6585=DIRECTION('',(0.,-0.555570233019599,0.831469612302548));
#6586=DIRECTION('',(0.,-0.831469612302548,-0.555570233019599));
#6587=DIRECTION('',(0.,-0.831469612302548,-0.555570233019599));
#6588=DIRECTION('',(1.,0.,0.));
#6589=DIRECTION('',(1.,0.,0.));
#6590=DIRECTION('',(0.,0.886589043183706,0.462557962321049));
#6591=DIRECTION('',(0.,-0.462557962321049,0.886589043183706));
#6592=DIRECTION('',(0.,-0.462557962321048,0.886589043183706));
#6593=DIRECTION('',(1.,0.,0.));
#6594=DIRECTION('',(1.,0.,0.));
#6595=DIRECTION('',(0.,0.,-1.));
#6596=DIRECTION('',(-1.,0.,0.));
#6597=DIRECTION('',(0.,0.,1.));
#6598=DIRECTION('',(1.,0.,0.));
#6599=DIRECTION('',(0.,-0.953990996409937,-0.299835252711846));
#6600=DIRECTION('',(0.,0.299835252711846,-0.953990996409937));
#6601=DIRECTION('',(0.,0.299835252711846,-0.953990996409936));
#6602=DIRECTION('',(1.,0.,0.));
#6603=DIRECTION('',(1.,0.,0.));
#6604=DIRECTION('',(0.,-0.195090322016079,0.98078528040324));
#6605=DIRECTION('',(0.,-0.98078528040324,-0.195090322016079));
#6606=DIRECTION('',(0.,-0.98078528040324,-0.195090322016079));
#6607=DIRECTION('',(1.,0.,0.));
#6608=DIRECTION('',(1.,0.,0.));
#6609=DIRECTION('',(0.,0.996114739435012,0.088064895845723));
#6610=DIRECTION('',(0.,-0.088064895845723,0.996114739435012));
#6611=DIRECTION('',(0.,-0.088064895845723,0.996114739435012));
#6612=DIRECTION('',(1.,0.,0.));
#6613=DIRECTION('',(1.,0.,0.));
#6614=DIRECTION('',(0.,0.,-1.));
#6615=DIRECTION('',(-1.,0.,0.));
#6616=DIRECTION('',(0.,0.,1.));
#6617=DIRECTION('',(1.,0.,0.));
#6618=DIRECTION('',(0.,-0.996114739435012,0.0880648958457233));
#6619=DIRECTION('',(0.,-0.0880648958457233,-0.996114739435012));
#6620=DIRECTION('',(0.,-0.0880648958457233,-0.996114739435012));
#6621=DIRECTION('',(1.,0.,0.));
#6622=DIRECTION('',(1.,0.,0.));
#6623=DIRECTION('',(0.,0.195090322016093,0.980785280403237));
#6624=DIRECTION('',(0.,-0.980785280403237,0.195090322016093));
#6625=DIRECTION('',(0.,-0.980785280403237,0.195090322016093));
#6626=DIRECTION('',(1.,0.,0.));
#6627=DIRECTION('',(1.,0.,0.));
#6628=DIRECTION('',(0.,0.953990996409936,-0.299835252711847));
#6629=DIRECTION('',(0.,0.299835252711847,0.953990996409936));
#6630=DIRECTION('',(0.,0.299835252711847,0.953990996409936));
#6631=DIRECTION('',(1.,0.,0.));
#6632=DIRECTION('',(1.,0.,0.));
#6633=DIRECTION('',(0.,0.,-1.));
#6634=DIRECTION('',(-1.,0.,0.));
#6635=DIRECTION('',(0.,0.,1.));
#6636=DIRECTION('',(1.,0.,0.));
#6637=DIRECTION('',(0.,-0.886589043183706,0.462557962321049));
#6638=DIRECTION('',(0.,-0.462557962321049,-0.886589043183706));
#6639=DIRECTION('',(0.,-0.462557962321049,-0.886589043183706));
#6640=DIRECTION('',(1.,0.,0.));
#6641=DIRECTION('',(1.,0.,0.));
#6642=DIRECTION('',(0.,0.555570233019614,0.831469612302538));
#6643=DIRECTION('',(0.,-0.831469612302538,0.555570233019614));
#6644=DIRECTION('',(0.,-0.831469612302538,0.555570233019614));
#6645=DIRECTION('',(1.,0.,0.));
#6646=DIRECTION('',(-1.,0.,0.));
#6647=DIRECTION('',(0.,-1.,0.));
#6648=DIRECTION('',(0.,-0.933580426497339,-0.358367949544941));
#6649=DIRECTION('',(0.,0.358367949544941,-0.93358042649734));
#6650=DIRECTION('',(-1.,0.,0.));
#6651=DIRECTION('',(0.,-0.358367949544941,0.93358042649734));
#6652=DIRECTION('',(-1.,0.,0.));
#6653=DIRECTION('',(-1.,0.,0.));
#6654=DIRECTION('',(0.,0.,1.));
#6655=DIRECTION('',(-1.,0.,0.));
#6656=DIRECTION('',(-1.,0.,0.));
#6657=DIRECTION('',(0.,0.,1.));
#6658=DIRECTION('',(0.,-0.258819045102036,0.965925826289198));
#6659=DIRECTION('',(0.,-0.965925826289198,-0.258819045102036));
#6660=DIRECTION('',(-1.,0.,0.));
#6661=DIRECTION('',(0.,0.965925826289198,0.258819045102036));
#6662=DIRECTION('',(0.,-0.965925826289022,-0.258819045102694));
#6663=DIRECTION('',(0.,0.258819045102694,-0.965925826289022));
#6664=DIRECTION('',(-1.,0.,0.));
#6665=DIRECTION('',(0.,-0.258819045102694,0.965925826289022));
#6666=DIRECTION('',(-1.,0.,0.));
#6667=DIRECTION('',(0.,0.,1.));
#6668=DIRECTION('',(-1.,0.,0.));
#6669=DIRECTION('',(-1.,0.,0.));
#6670=DIRECTION('',(0.,0.,1.));
#6671=DIRECTION('',(0.,-0.156434465039701,0.987688340595222));
#6672=DIRECTION('',(0.,-0.987688340595222,-0.156434465039701));
#6673=DIRECTION('',(-1.,0.,0.));
#6674=DIRECTION('',(0.,0.987688340595222,0.156434465039701));
#6675=DIRECTION('',(0.,-0.987688340595158,-0.156434465040104));
#6676=DIRECTION('',(0.,0.156434465040104,-0.987688340595158));
#6677=DIRECTION('',(-1.,0.,0.));
#6678=DIRECTION('',(0.,-0.156434465040104,0.987688340595158));
#6679=DIRECTION('',(-1.,0.,0.));
#6680=DIRECTION('',(0.,0.,1.));
#6681=DIRECTION('',(-1.,0.,0.));
#6682=DIRECTION('',(-1.,0.,0.));
#6683=DIRECTION('',(0.,0.,1.));
#6684=DIRECTION('',(0.,-0.0523359562429887,0.998629534754572));
#6685=DIRECTION('',(0.,-0.998629534754572,-0.0523359562429887));
#6686=DIRECTION('',(-1.,0.,0.));
#6687=DIRECTION('',(0.,0.998629534754572,0.0523359562429887));
#6688=DIRECTION('',(0.,-0.998629534754569,-0.0523359562430464));
#6689=DIRECTION('',(0.,0.0523359562430464,-0.998629534754569));
#6690=DIRECTION('',(-1.,0.,0.));
#6691=DIRECTION('',(0.,-0.0523359562430464,0.998629534754569));
#6692=DIRECTION('',(-1.,0.,0.));
#6693=DIRECTION('',(0.,0.,1.));
#6694=DIRECTION('',(-1.,0.,0.));
#6695=DIRECTION('',(-1.,0.,0.));
#6696=DIRECTION('',(0.,0.,1.));
#6697=DIRECTION('',(0.,0.0523359562439971,0.998629534754519));
#6698=DIRECTION('',(0.,-0.998629534754519,0.0523359562439971));
#6699=DIRECTION('',(-1.,0.,0.));
#6700=DIRECTION('',(0.,0.998629534754519,-0.0523359562439971));
#6701=DIRECTION('',(0.,-0.998629534754575,0.0523359562429149));
#6702=DIRECTION('',(0.,-0.0523359562429149,-0.998629534754575));
#6703=DIRECTION('',(-1.,0.,0.));
#6704=DIRECTION('',(0.,0.052335956242915,0.998629534754575));
#6705=DIRECTION('',(-1.,0.,0.));
#6706=DIRECTION('',(0.,0.,1.));
#6707=DIRECTION('',(-1.,0.,0.));
#6708=DIRECTION('',(-1.,0.,0.));
#6709=DIRECTION('',(0.,0.,1.));
#6710=DIRECTION('',(0.,0.1564344650405,0.987688340595095));
#6711=DIRECTION('',(0.,-0.987688340595095,0.1564344650405));
#6712=DIRECTION('',(-1.,0.,0.));
#6713=DIRECTION('',(0.,0.987688340595095,-0.1564344650405));
#6714=DIRECTION('',(0.,-0.98768834059517,0.156434465040025));
#6715=DIRECTION('',(0.,-0.156434465040025,-0.98768834059517));
#6716=DIRECTION('',(-1.,0.,0.));
#6717=DIRECTION('',(0.,0.156434465040025,0.98768834059517));
#6718=DIRECTION('',(-1.,0.,0.));
#6719=DIRECTION('',(0.,0.,1.));
#6720=DIRECTION('',(-1.,0.,0.));
#6721=DIRECTION('',(-1.,0.,0.));
#6722=DIRECTION('',(0.,0.,1.));
#6723=DIRECTION('',(0.,0.258819045102632,0.965925826289038));
#6724=DIRECTION('',(0.,-0.965925826289039,0.258819045102633));
#6725=DIRECTION('',(-1.,0.,0.));
#6726=DIRECTION('',(0.,0.965925826289038,-0.258819045102632));
#6727=DIRECTION('',(0.,-0.965925826289166,0.258819045102156));
#6728=DIRECTION('',(0.,-0.258819045102156,-0.965925826289166));
#6729=DIRECTION('',(-1.,0.,0.));
#6730=DIRECTION('',(0.,0.258819045102156,0.965925826289166));
#6731=DIRECTION('',(-1.,0.,0.));
#6732=DIRECTION('',(0.,0.,1.));
#6733=DIRECTION('',(-1.,0.,0.));
#6734=DIRECTION('',(-1.,0.,0.));
#6735=DIRECTION('',(0.,0.,1.));
#6736=DIRECTION('',(0.,0.358367949545149,0.93358042649726));
#6737=DIRECTION('',(0.,-0.93358042649726,0.358367949545149));
#6738=DIRECTION('',(-1.,0.,0.));
#6739=DIRECTION('',(0.,0.93358042649726,-0.35836794954515));
#6740=DIRECTION('',(0.,-0.933580426496892,0.358367949546107));
#6741=DIRECTION('',(0.,-0.358367949546107,-0.933580426496892));
#6742=DIRECTION('',(-1.,0.,0.));
#6743=DIRECTION('',(0.,0.358367949546107,0.933580426496892));
#6744=DIRECTION('',(-1.,0.,0.));
#6745=DIRECTION('',(0.,0.,1.));
#6746=DIRECTION('',(-1.,0.,0.));
#6747=DIRECTION('',(-1.,0.,0.));
#6748=DIRECTION('',(0.,0.,1.));
#6749=DIRECTION('',(0.,0.453990499739731,0.891006524188274));
#6750=DIRECTION('',(0.,-0.891006524188274,0.453990499739731));
#6751=DIRECTION('',(-1.,0.,0.));
#6752=DIRECTION('',(0.,0.891006524188274,-0.45399049973973));
#6753=DIRECTION('',(0.,-0.891006524188958,0.453990499738388));
#6754=DIRECTION('',(0.,-0.453990499738388,-0.891006524188958));
#6755=DIRECTION('',(-1.,0.,0.));
#6756=DIRECTION('',(0.,0.453990499738388,0.891006524188958));
#6757=DIRECTION('',(-1.,0.,0.));
#6758=DIRECTION('',(0.,0.,1.));
#6759=DIRECTION('',(-1.,0.,0.));
#6760=DIRECTION('',(-1.,0.,0.));
#6761=DIRECTION('',(0.,0.,1.));
#6762=DIRECTION('',(0.,0.544639035015177,0.838670567945327));
#6763=DIRECTION('',(0.,-0.838670567945327,0.544639035015177));
#6764=DIRECTION('',(-1.,0.,0.));
#6765=DIRECTION('',(0.,0.838670567945327,-0.544639035015177));
#6766=DIRECTION('',(0.,-0.838670567945332,0.544639035015169));
#6767=DIRECTION('',(0.,-0.54463903501517,-0.838670567945332));
#6768=DIRECTION('',(-1.,0.,0.));
#6769=DIRECTION('',(0.,0.544639035015169,0.838670567945332));
#6770=DIRECTION('',(-1.,0.,0.));
#6771=DIRECTION('',(0.,0.,1.));
#6772=DIRECTION('',(-1.,0.,0.));
#6773=DIRECTION('',(-1.,0.,0.));
#6774=DIRECTION('',(0.,0.,1.));
#6775=DIRECTION('',(0.,0.629320391048941,0.777145961457697));
#6776=DIRECTION('',(0.,-0.777145961457697,0.629320391048941));
#6777=DIRECTION('',(-1.,0.,0.));
#6778=DIRECTION('',(0.,0.777145961457697,-0.629320391048941));
#6779=DIRECTION('',(0.,-0.777145961456507,0.62932039105041));
#6780=DIRECTION('',(0.,-0.62932039105041,-0.777145961456507));
#6781=DIRECTION('',(-1.,0.,0.));
#6782=DIRECTION('',(0.,0.62932039105041,0.777145961456507));
#6783=DIRECTION('',(-1.,0.,0.));
#6784=DIRECTION('',(0.,0.,1.));
#6785=DIRECTION('',(-1.,0.,0.));
#6786=DIRECTION('',(-1.,0.,0.));
#6787=DIRECTION('',(0.,0.,1.));
#6788=DIRECTION('',(0.,0.707106781186925,0.707106781186171));
#6789=DIRECTION('',(0.,-0.707106781186171,0.707106781186925));
#6790=DIRECTION('',(-1.,0.,0.));
#6791=DIRECTION('',(0.,0.707106781186171,-0.707106781186925));
#6792=DIRECTION('',(0.,-0.707106781186702,0.707106781186393));
#6793=DIRECTION('',(0.,-0.707106781186393,-0.707106781186702));
#6794=DIRECTION('',(-1.,0.,0.));
#6795=DIRECTION('',(0.,0.707106781186393,0.707106781186702));
#6796=DIRECTION('',(-1.,0.,0.));
#6797=DIRECTION('',(0.,0.,1.));
#6798=DIRECTION('',(-1.,0.,0.));
#6799=DIRECTION('',(-1.,0.,0.));
#6800=DIRECTION('',(0.,0.,1.));
#6801=DIRECTION('',(0.,0.777145961457026,0.629320391049769));
#6802=DIRECTION('',(0.,-0.629320391049769,0.777145961457027));
#6803=DIRECTION('',(-1.,0.,0.));
#6804=DIRECTION('',(0.,0.629320391049769,-0.777145961457027));
#6805=DIRECTION('',(0.,-0.62932039104972,0.777145961457066));
#6806=DIRECTION('',(0.,-0.777145961457066,-0.62932039104972));
#6807=DIRECTION('',(-1.,0.,0.));
#6808=DIRECTION('',(0.,0.777145961457066,0.62932039104972));
#6809=DIRECTION('',(-1.,0.,0.));
#6810=DIRECTION('',(0.,0.,1.));
#6811=DIRECTION('',(-1.,0.,0.));
#6812=DIRECTION('',(-1.,0.,0.));
#6813=DIRECTION('',(0.,0.,1.));
#6814=DIRECTION('',(0.,0.838670567945685,0.544639035014626));
#6815=DIRECTION('',(0.,-0.544639035014626,0.838670567945685));
#6816=DIRECTION('',(-1.,0.,0.));
#6817=DIRECTION('',(0.,0.544639035014626,-0.838670567945685));
#6818=DIRECTION('',(0.,-0.544639035014947,0.838670567945476));
#6819=DIRECTION('',(0.,-0.838670567945476,-0.544639035014947));
#6820=DIRECTION('',(-1.,0.,0.));
#6821=DIRECTION('',(0.,0.838670567945476,0.544639035014947));
#6822=DIRECTION('',(-1.,0.,0.));
#6823=DIRECTION('',(0.,0.,1.));
#6824=DIRECTION('',(-1.,0.,0.));
#6825=DIRECTION('',(-1.,0.,0.));
#6826=DIRECTION('',(0.,0.,1.));
#6827=DIRECTION('',(0.,0.891006524188404,0.453990499739475));
#6828=DIRECTION('',(0.,-0.453990499739475,0.891006524188404));
#6829=DIRECTION('',(-1.,0.,0.));
#6830=DIRECTION('',(0.,0.453990499739475,-0.891006524188404));
#6831=DIRECTION('',(0.,-0.45399049974115,0.891006524187551));
#6832=DIRECTION('',(0.,-0.891006524187551,-0.45399049974115));
#6833=DIRECTION('',(-1.,0.,0.));
#6834=DIRECTION('',(0.,0.891006524187551,0.45399049974115));
#6835=DIRECTION('',(-1.,0.,0.));
#6836=DIRECTION('',(0.,0.,1.));
#6837=DIRECTION('',(-1.,0.,0.));
#6838=DIRECTION('',(-1.,0.,0.));
#6839=DIRECTION('',(0.,0.,1.));
#6840=DIRECTION('',(0.,0.933580426497408,0.358367949544763));
#6841=DIRECTION('',(0.,-0.358367949544763,0.933580426497408));
#6842=DIRECTION('',(-1.,0.,0.));
#6843=DIRECTION('',(0.,0.358367949544763,-0.933580426497408));
#6844=DIRECTION('',(0.,-0.358367949545569,0.933580426497098));
#6845=DIRECTION('',(0.,-0.933580426497099,-0.358367949545569));
#6846=DIRECTION('',(-1.,0.,0.));
#6847=DIRECTION('',(0.,0.933580426497098,0.358367949545569));
#6848=DIRECTION('',(-1.,0.,0.));
#6849=DIRECTION('',(0.,0.,1.));
#6850=DIRECTION('',(-1.,0.,0.));
#6851=DIRECTION('',(-1.,0.,0.));
#6852=DIRECTION('',(0.,0.,1.));
#6853=DIRECTION('',(0.,0.96592582628917,0.258819045102139));
#6854=DIRECTION('',(0.,-0.258819045102139,0.965925826289171));
#6855=DIRECTION('',(-1.,0.,0.));
#6856=DIRECTION('',(0.,0.258819045102139,-0.965925826289171));
#6857=DIRECTION('',(0.,-0.258819045102091,0.965925826289184));
#6858=DIRECTION('',(0.,-0.965925826289184,-0.258819045102091));
#6859=DIRECTION('',(-1.,0.,0.));
#6860=DIRECTION('',(0.,0.965925826289184,0.258819045102091));
#6861=DIRECTION('',(-1.,0.,0.));
#6862=DIRECTION('',(0.,0.,1.));
#6863=DIRECTION('',(-1.,0.,0.));
#6864=DIRECTION('',(-1.,0.,0.));
#6865=DIRECTION('',(0.,0.,1.));
#6866=DIRECTION('',(0.,0.987688340595159,0.156434465040099));
#6867=DIRECTION('',(0.,-0.156434465040099,0.987688340595159));
#6868=DIRECTION('',(-1.,0.,0.));
#6869=DIRECTION('',(0.,0.156434465040099,-0.987688340595159));
#6870=DIRECTION('',(0.,-0.156434465040481,0.987688340595098));
#6871=DIRECTION('',(0.,-0.987688340595098,-0.156434465040481));
#6872=DIRECTION('',(-1.,0.,0.));
#6873=DIRECTION('',(0.,0.987688340595098,0.156434465040481));
#6874=DIRECTION('',(-1.,0.,0.));
#6875=DIRECTION('',(0.,0.,1.));
#6876=DIRECTION('',(-1.,0.,0.));
#6877=DIRECTION('',(-1.,0.,0.));
#6878=DIRECTION('',(0.,0.,1.));
#6879=DIRECTION('',(0.,0.99862953475459,0.05233595624263));
#6880=DIRECTION('',(0.,-0.05233595624263,0.99862953475459));
#6881=DIRECTION('',(-1.,0.,0.));
#6882=DIRECTION('',(0.,0.05233595624263,-0.99862953475459));
#6883=DIRECTION('',(0.,-0.0523359562447793,0.998629534754478));
#6884=DIRECTION('',(0.,-0.998629534754478,-0.0523359562447793));
#6885=DIRECTION('',(-1.,0.,0.));
#6886=DIRECTION('',(0.,0.998629534754478,0.0523359562447793));
#6887=DIRECTION('',(-1.,0.,0.));
#6888=DIRECTION('',(0.,0.,1.));
#6889=DIRECTION('',(-1.,0.,0.));
#6890=DIRECTION('',(-1.,0.,0.));
#6891=DIRECTION('',(0.,0.,1.));
#6892=DIRECTION('',(0.,0.998629534754571,-0.0523359562430059));
#6893=DIRECTION('',(0.,0.0523359562430059,0.998629534754571));
#6894=DIRECTION('',(-1.,0.,0.));
#6895=DIRECTION('',(0.,-0.0523359562430059,-0.998629534754571));
#6896=DIRECTION('',(0.,0.0523359562417909,0.998629534754634));
#6897=DIRECTION('',(0.,-0.998629534754634,0.0523359562417909));
#6898=DIRECTION('',(-1.,0.,0.));
#6899=DIRECTION('',(0.,0.998629534754634,-0.0523359562417909));
#6900=DIRECTION('',(-1.,0.,0.));
#6901=DIRECTION('',(0.,0.,1.));
#6902=DIRECTION('',(-1.,0.,0.));
#6903=DIRECTION('',(-1.,0.,0.));
#6904=DIRECTION('',(0.,0.,1.));
#6905=DIRECTION('',(0.,0.98768834059514,-0.156434465040217));
#6906=DIRECTION('',(0.,0.156434465040217,0.98768834059514));
#6907=DIRECTION('',(-1.,0.,0.));
#6908=DIRECTION('',(0.,-0.156434465040217,-0.98768834059514));
#6909=DIRECTION('',(0.,0.156434465039081,0.98768834059532));
#6910=DIRECTION('',(0.,-0.98768834059532,0.156434465039081));
#6911=DIRECTION('',(-1.,0.,0.));
#6912=DIRECTION('',(0.,0.98768834059532,-0.156434465039081));
#6913=DIRECTION('',(-1.,0.,0.));
#6914=DIRECTION('',(0.,0.,1.));
#6915=DIRECTION('',(-1.,0.,0.));
#6916=DIRECTION('',(-1.,0.,0.));
#6917=DIRECTION('',(0.,0.,1.));
#6918=DIRECTION('',(0.,0.96592582628898,-0.258819045102852));
#6919=DIRECTION('',(0.,0.258819045102852,0.96592582628898));
#6920=DIRECTION('',(-1.,0.,0.));
#6921=DIRECTION('',(0.,-0.258819045102852,-0.96592582628898));
#6922=DIRECTION('',(0.,0.258819045103037,0.96592582628893));
#6923=DIRECTION('',(0.,-0.96592582628893,0.258819045103037));
#6924=DIRECTION('',(-1.,0.,0.));
#6925=DIRECTION('',(0.,0.96592582628893,-0.258819045103037));
#6926=DIRECTION('',(-1.,0.,0.));
#6927=DIRECTION('',(0.,0.,1.));
#6928=DIRECTION('',(-1.,0.,0.));
#6929=DIRECTION('',(-1.,0.,0.));
#6930=DIRECTION('',(0.,0.,1.));
#6931=DIRECTION('',(0.,0.933580426497094,-0.358367949545581));
#6932=DIRECTION('',(0.,0.358367949545581,0.933580426497094));
#6933=DIRECTION('',(-1.,0.,0.));
#6934=DIRECTION('',(0.,-0.358367949545581,-0.933580426497094));
#6935=DIRECTION('',(0.,0.358367949545012,0.933580426497312));
#6936=DIRECTION('',(0.,-0.933580426497312,0.358367949545012));
#6937=DIRECTION('',(-1.,0.,0.));
#6938=DIRECTION('',(0.,0.933580426497312,-0.358367949545012));
#6939=DIRECTION('',(-1.,0.,0.));
#6940=DIRECTION('',(0.,0.,1.));
#6941=DIRECTION('',(-1.,0.,0.));
#6942=DIRECTION('',(-1.,0.,0.));
#6943=DIRECTION('',(0.,0.,1.));
#6944=DIRECTION('',(0.,0.891006524188455,-0.453990499739376));
#6945=DIRECTION('',(0.,0.453990499739376,0.891006524188455));
#6946=DIRECTION('',(-1.,0.,0.));
#6947=DIRECTION('',(0.,-0.453990499739376,-0.891006524188455));
#6948=DIRECTION('',(0.,0.45399049974019,0.89100652418804));
#6949=DIRECTION('',(0.,-0.89100652418804,0.45399049974019));
#6950=DIRECTION('',(-1.,0.,0.));
#6951=DIRECTION('',(0.,0.89100652418804,-0.45399049974019));
#6952=DIRECTION('',(-1.,0.,0.));
#6953=DIRECTION('',(0.,0.,1.));
#6954=DIRECTION('',(-1.,0.,0.));
#6955=DIRECTION('',(-1.,0.,0.));
#6956=DIRECTION('',(0.,0.,1.));
#6957=DIRECTION('',(0.,0.838670567945587,-0.544639035014777));
#6958=DIRECTION('',(0.,0.544639035014777,0.838670567945587));
#6959=DIRECTION('',(-1.,0.,0.));
#6960=DIRECTION('',(0.,-0.544639035014777,-0.838670567945587));
#6961=DIRECTION('',(0.,0.544639035015352,0.838670567945213));
#6962=DIRECTION('',(0.,-0.838670567945213,0.544639035015352));
#6963=DIRECTION('',(-1.,0.,0.));
#6964=DIRECTION('',(0.,0.838670567945213,-0.544639035015352));
#6965=DIRECTION('',(-1.,0.,0.));
#6966=DIRECTION('',(0.,0.,1.));
#6967=DIRECTION('',(-1.,0.,0.));
#6968=DIRECTION('',(-1.,0.,0.));
#6969=DIRECTION('',(0.,0.,1.));
#6970=DIRECTION('',(0.,0.777145961456991,-0.629320391049812));
#6971=DIRECTION('',(0.,0.629320391049812,0.777145961456991));
#6972=DIRECTION('',(-1.,0.,0.));
#6973=DIRECTION('',(0.,-0.629320391049812,-0.777145961456991));
#6974=DIRECTION('',(0.,0.629320391049873,0.777145961456942));
#6975=DIRECTION('',(0.,-0.777145961456942,0.629320391049873));
#6976=DIRECTION('',(-1.,0.,0.));
#6977=DIRECTION('',(0.,0.777145961456942,-0.629320391049873));
#6978=DIRECTION('',(-1.,0.,0.));
#6979=DIRECTION('',(0.,0.,1.));
#6980=DIRECTION('',(-1.,0.,0.));
#6981=DIRECTION('',(-1.,0.,0.));
#6982=DIRECTION('',(0.,0.,1.));
#6983=DIRECTION('',(0.,0.70710678118656,-0.707106781186535));
#6984=DIRECTION('',(0.,0.707106781186535,0.70710678118656));
#6985=DIRECTION('',(-1.,0.,0.));
#6986=DIRECTION('',(0.,-0.707106781186535,-0.70710678118656));
#6987=DIRECTION('',(0.,0.70710678118661,0.707106781186485));
#6988=DIRECTION('',(0.,-0.707106781186485,0.70710678118661));
#6989=DIRECTION('',(-1.,0.,0.));
#6990=DIRECTION('',(0.,0.707106781186485,-0.70710678118661));
#6991=DIRECTION('',(-1.,0.,0.));
#6992=DIRECTION('',(0.,0.,1.));
#6993=DIRECTION('',(-1.,0.,0.));
#6994=DIRECTION('',(-1.,0.,0.));
#6995=DIRECTION('',(0.,0.,1.));
#6996=DIRECTION('',(0.,0.629320391049221,-0.77714596145747));
#6997=DIRECTION('',(0.,0.77714596145747,0.629320391049221));
#6998=DIRECTION('',(-1.,0.,0.));
#6999=DIRECTION('',(0.,-0.77714596145747,-0.629320391049221));
#7000=DIRECTION('',(0.,0.777145961457361,0.629320391049355));
#7001=DIRECTION('',(0.,-0.629320391049355,0.777145961457361));
#7002=DIRECTION('',(-1.,0.,0.));
#7003=DIRECTION('',(0.,0.629320391049355,-0.777145961457361));
#7004=DIRECTION('',(-1.,0.,0.));
#7005=DIRECTION('',(0.,0.,1.));
#7006=DIRECTION('',(-1.,0.,0.));
#7007=DIRECTION('',(-1.,0.,0.));
#7008=DIRECTION('',(0.,0.,1.));
#7009=DIRECTION('',(0.,0.544639035013762,-0.838670567946246));
#7010=DIRECTION('',(0.,0.838670567946246,0.544639035013762));
#7011=DIRECTION('',(-1.,0.,0.));
#7012=DIRECTION('',(0.,-0.838670567946246,-0.544639035013762));
#7013=DIRECTION('',(0.,0.838670567945674,0.544639035014642));
#7014=DIRECTION('',(0.,-0.544639035014642,0.838670567945674));
#7015=DIRECTION('',(-1.,0.,0.));
#7016=DIRECTION('',(0.,0.544639035014642,-0.838670567945674));
#7017=DIRECTION('',(-1.,0.,0.));
#7018=DIRECTION('',(0.,0.,1.));
#7019=DIRECTION('',(-1.,0.,0.));
#7020=DIRECTION('',(-1.,0.,0.));
#7021=DIRECTION('',(0.,0.,1.));
#7022=DIRECTION('',(0.,0.453990499740349,-0.891006524187959));
#7023=DIRECTION('',(0.,0.891006524187959,0.453990499740349));
#7024=DIRECTION('',(-1.,0.,0.));
#7025=DIRECTION('',(0.,-0.891006524187959,-0.453990499740349));
#7026=DIRECTION('',(0.,0.891006524188232,0.453990499739813));
#7027=DIRECTION('',(0.,-0.453990499739813,0.891006524188232));
#7028=DIRECTION('',(-1.,0.,0.));
#7029=DIRECTION('',(0.,0.453990499739813,-0.891006524188232));
#7030=DIRECTION('',(-1.,0.,0.));
#7031=DIRECTION('',(0.,0.,1.));
#7032=DIRECTION('',(-1.,0.,0.));
#7033=DIRECTION('',(-1.,0.,0.));
#7034=DIRECTION('',(0.,0.,1.));
#7035=DIRECTION('',(0.,0.35836794954512,-0.933580426497271));
#7036=DIRECTION('',(0.,0.933580426497271,0.35836794954512));
#7037=DIRECTION('',(-1.,0.,0.));
#7038=DIRECTION('',(0.,-0.933580426497271,-0.35836794954512));
#7039=DIRECTION('',(0.,0.933580426497028,0.358367949545752));
#7040=DIRECTION('',(0.,-0.358367949545752,0.933580426497029));
#7041=DIRECTION('',(-1.,0.,0.));
#7042=DIRECTION('',(0.,0.358367949545752,-0.933580426497029));
#7043=DIRECTION('',(-1.,0.,0.));
#7044=DIRECTION('',(0.,0.,1.));
#7045=DIRECTION('',(-1.,0.,0.));
#7046=DIRECTION('',(-1.,0.,0.));
#7047=DIRECTION('',(0.,0.,1.));
#7048=DIRECTION('',(0.,0.258819045101616,-0.965925826289311));
#7049=DIRECTION('',(0.,0.965925826289311,0.258819045101616));
#7050=DIRECTION('',(-1.,0.,0.));
#7051=DIRECTION('',(0.,-0.965925826289311,-0.258819045101616));
#7052=DIRECTION('',(0.,0.96592582628885,0.258819045103336));
#7053=DIRECTION('',(0.,-0.258819045103336,0.96592582628885));
#7054=DIRECTION('',(-1.,0.,0.));
#7055=DIRECTION('',(0.,0.258819045103336,-0.96592582628885));
#7056=DIRECTION('',(-1.,0.,0.));
#7057=DIRECTION('',(0.,0.,1.));
#7058=DIRECTION('',(-1.,0.,0.));
#7059=DIRECTION('',(-1.,0.,0.));
#7060=DIRECTION('',(0.,0.,1.));
#7061=DIRECTION('',(0.,0.156434465040496,-0.987688340595096));
#7062=DIRECTION('',(0.,0.987688340595096,0.156434465040497));
#7063=DIRECTION('',(-1.,0.,0.));
#7064=DIRECTION('',(0.,-0.987688340595096,-0.156434465040497));
#7065=DIRECTION('',(0.,0.987688340595139,0.15643446504022));
#7066=DIRECTION('',(0.,-0.15643446504022,0.98768834059514));
#7067=DIRECTION('',(-1.,0.,0.));
#7068=DIRECTION('',(0.,0.15643446504022,-0.987688340595139));
#7069=DIRECTION('',(-1.,0.,0.));
#7070=DIRECTION('',(0.,0.,1.));
#7071=DIRECTION('',(-1.,0.,0.));
#7072=DIRECTION('',(-1.,0.,0.));
#7073=DIRECTION('',(0.,0.,1.));
#7074=DIRECTION('',(0.,0.0523359562424035,-0.998629534754602));
#7075=DIRECTION('',(0.,0.998629534754602,0.0523359562424035));
#7076=DIRECTION('',(-1.,0.,0.));
#7077=DIRECTION('',(0.,-0.998629534754602,-0.0523359562424035));
#7078=DIRECTION('',(0.,0.998629534754579,0.0523359562428416));
#7079=DIRECTION('',(0.,-0.0523359562428417,0.998629534754579));
#7080=DIRECTION('',(-1.,0.,0.));
#7081=DIRECTION('',(0.,0.0523359562428417,-0.998629534754579));
#7082=DIRECTION('',(-1.,0.,0.));
#7083=DIRECTION('',(0.,0.,1.));
#7084=DIRECTION('',(-1.,0.,0.));
#7085=DIRECTION('',(-1.,0.,0.));
#7086=DIRECTION('',(0.,0.,1.));
#7087=DIRECTION('',(0.,-0.0523359562431851,-0.998629534754561));
#7088=DIRECTION('',(0.,0.998629534754561,-0.0523359562431851));
#7089=DIRECTION('',(-1.,0.,0.));
#7090=DIRECTION('',(0.,-0.998629534754561,0.0523359562431851));
#7091=DIRECTION('',(0.,0.998629534754567,-0.0523359562430803));
#7092=DIRECTION('',(0.,0.0523359562430803,0.998629534754567));
#7093=DIRECTION('',(-1.,0.,0.));
#7094=DIRECTION('',(0.,-0.0523359562430803,-0.998629534754567));
#7095=DIRECTION('',(-1.,0.,0.));
#7096=DIRECTION('',(0.,0.,1.));
#7097=DIRECTION('',(-1.,0.,0.));
#7098=DIRECTION('',(-1.,0.,0.));
#7099=DIRECTION('',(0.,0.,1.));
#7100=DIRECTION('',(0.,-0.156434465040895,-0.987688340595033));
#7101=DIRECTION('',(0.,0.987688340595033,-0.156434465040895));
#7102=DIRECTION('',(-1.,0.,0.));
#7103=DIRECTION('',(0.,-0.987688340595033,0.156434465040895));
#7104=DIRECTION('',(0.,0.987688340595239,-0.156434465039591));
#7105=DIRECTION('',(0.,0.156434465039591,0.987688340595239));
#7106=DIRECTION('',(-1.,0.,0.));
#7107=DIRECTION('',(0.,-0.156434465039591,-0.987688340595239));
#7108=DIRECTION('',(-1.,0.,0.));
#7109=DIRECTION('',(0.,0.,1.));
#7110=DIRECTION('',(-1.,0.,0.));
#7111=DIRECTION('',(-1.,0.,0.));
#7112=DIRECTION('',(0.,0.,1.));
#7113=DIRECTION('',(0.,-0.258819045102912,-0.965925826288964));
#7114=DIRECTION('',(0.,0.965925826288964,-0.258819045102912));
#7115=DIRECTION('',(-1.,0.,0.));
#7116=DIRECTION('',(0.,-0.965925826288964,0.258819045102912));
#7117=DIRECTION('',(0.,0.965925826289067,-0.258819045102526));
#7118=DIRECTION('',(0.,0.258819045102526,0.965925826289067));
#7119=DIRECTION('',(-1.,0.,0.));
#7120=DIRECTION('',(0.,-0.258819045102526,-0.965925826289067));
#7121=DIRECTION('',(-1.,0.,0.));
#7122=DIRECTION('',(0.,0.,1.));
#7123=DIRECTION('',(-1.,0.,0.));
#7124=DIRECTION('',(-1.,0.,0.));
#7125=DIRECTION('',(0.,0.,1.));
#7126=DIRECTION('',(0.,-0.358367949545712,-0.933580426497044));
#7127=DIRECTION('',(0.,0.933580426497044,-0.358367949545712));
#7128=DIRECTION('',(-1.,0.,0.));
#7129=DIRECTION('',(0.,-0.933580426497044,0.358367949545712));
#7130=DIRECTION('',(0.,0.933580426497408,-0.358367949544762));
#7131=DIRECTION('',(0.,0.358367949544762,0.933580426497408));
#7132=DIRECTION('',(-1.,0.,0.));
#7133=DIRECTION('',(0.,-0.358367949544762,-0.933580426497409));
#7134=DIRECTION('',(-1.,0.,0.));
#7135=DIRECTION('',(0.,0.,1.));
#7136=DIRECTION('',(-1.,0.,0.));
#7137=DIRECTION('',(-1.,0.,0.));
#7138=DIRECTION('',(0.,0.,1.));
#7139=DIRECTION('',(0.,-0.453990499739443,-0.891006524188421));
#7140=DIRECTION('',(0.,0.891006524188421,-0.453990499739443));
#7141=DIRECTION('',(-1.,0.,0.));
#7142=DIRECTION('',(0.,-0.891006524188421,0.453990499739443));
#7143=DIRECTION('',(0.,0.891006524188419,-0.453990499739446));
#7144=DIRECTION('',(0.,0.453990499739446,0.89100652418842));
#7145=DIRECTION('',(-1.,0.,0.));
#7146=DIRECTION('',(0.,-0.453990499739446,-0.89100652418842));
#7147=DIRECTION('',(-1.,0.,0.));
#7148=DIRECTION('',(0.,0.,1.));
#7149=DIRECTION('',(-1.,0.,0.));
#7150=DIRECTION('',(-1.,0.,0.));
#7151=DIRECTION('',(0.,0.,1.));
#7152=DIRECTION('',(0.,-0.5446390350148,-0.838670567945572));
#7153=DIRECTION('',(0.,0.838670567945572,-0.5446390350148));
#7154=DIRECTION('',(-1.,0.,0.));
#7155=DIRECTION('',(0.,-0.838670567945572,0.5446390350148));
#7156=DIRECTION('',(0.,0.838670567945487,-0.54463903501493));
#7157=DIRECTION('',(0.,0.54463903501493,0.838670567945487));
#7158=DIRECTION('',(-1.,0.,0.));
#7159=DIRECTION('',(0.,-0.54463903501493,-0.838670567945487));
#7160=DIRECTION('',(-1.,0.,0.));
#7161=DIRECTION('',(0.,0.,1.));
#7162=DIRECTION('',(-1.,0.,0.));
#7163=DIRECTION('',(-1.,0.,0.));
#7164=DIRECTION('',(0.,0.,1.));
#7165=DIRECTION('',(0.,-0.629320391049911,-0.777145961456911));
#7166=DIRECTION('',(0.,0.777145961456911,-0.629320391049912));
#7167=DIRECTION('',(-1.,0.,0.));
#7168=DIRECTION('',(0.,-0.777145961456911,0.629320391049912));
#7169=DIRECTION('',(0.,0.777145961457028,-0.629320391049766));
#7170=DIRECTION('',(0.,0.629320391049766,0.777145961457028));
#7171=DIRECTION('',(-1.,0.,0.));
#7172=DIRECTION('',(0.,-0.629320391049766,-0.777145961457028));
#7173=DIRECTION('',(-1.,0.,0.));
#7174=DIRECTION('',(0.,0.,1.));
#7175=DIRECTION('',(-1.,0.,0.));
#7176=DIRECTION('',(-1.,0.,0.));
#7177=DIRECTION('',(0.,0.,1.));
#7178=DIRECTION('',(0.,-0.707106781186716,-0.707106781186379));
#7179=DIRECTION('',(0.,0.707106781186379,-0.707106781186716));
#7180=DIRECTION('',(-1.,0.,0.));
#7181=DIRECTION('',(0.,-0.707106781186379,0.707106781186716));
#7182=DIRECTION('',(0.,0.707106781186318,-0.707106781186778));
#7183=DIRECTION('',(0.,0.707106781186778,0.707106781186318));
#7184=DIRECTION('',(-1.,0.,0.));
#7185=DIRECTION('',(0.,-0.707106781186778,-0.707106781186318));
#7186=DIRECTION('',(-1.,0.,0.));
#7187=DIRECTION('',(0.,0.,1.));
#7188=DIRECTION('',(-1.,0.,0.));
#7189=DIRECTION('',(-1.,0.,0.));
#7190=DIRECTION('',(0.,0.,1.));
#7191=DIRECTION('',(0.,-0.777145961457033,-0.629320391049761));
#7192=DIRECTION('',(0.,0.629320391049761,-0.777145961457033));
#7193=DIRECTION('',(-1.,0.,0.));
#7194=DIRECTION('',(0.,-0.629320391049761,0.777145961457033));
#7195=DIRECTION('',(0.,0.629320391049656,-0.777145961457118));
#7196=DIRECTION('',(0.,0.777145961457118,0.629320391049656));
#7197=DIRECTION('',(-1.,0.,0.));
#7198=DIRECTION('',(0.,-0.777145961457118,-0.629320391049656));
#7199=DIRECTION('',(-1.,0.,0.));
#7200=DIRECTION('',(0.,0.,1.));
#7201=DIRECTION('',(-1.,0.,0.));
#7202=DIRECTION('',(-1.,0.,0.));
#7203=DIRECTION('',(0.,0.,1.));
#7204=DIRECTION('',(0.,-0.8386705679458,-0.544639035014448));
#7205=DIRECTION('',(0.,0.544639035014448,-0.8386705679458));
#7206=DIRECTION('',(-1.,0.,0.));
#7207=DIRECTION('',(0.,-0.544639035014448,0.8386705679458));
#7208=DIRECTION('',(0.,0.544639035015687,-0.838670567944996));
#7209=DIRECTION('',(0.,0.838670567944996,0.544639035015687));
#7210=DIRECTION('',(-1.,0.,0.));
#7211=DIRECTION('',(0.,-0.838670567944996,-0.544639035015687));
#7212=DIRECTION('',(-1.,0.,0.));
#7213=DIRECTION('',(0.,0.,1.));
#7214=DIRECTION('',(-1.,0.,0.));
#7215=DIRECTION('',(-1.,0.,0.));
#7216=DIRECTION('',(0.,0.,1.));
#7217=DIRECTION('',(0.,-0.891006524188448,-0.453990499739389));
#7218=DIRECTION('',(0.,0.453990499739389,-0.891006524188448));
#7219=DIRECTION('',(-1.,0.,0.));
#7220=DIRECTION('',(0.,-0.453990499739389,0.891006524188448));
#7221=DIRECTION('',(0.,0.453990499739948,-0.891006524188164));
#7222=DIRECTION('',(0.,0.891006524188164,0.453990499739948));
#7223=DIRECTION('',(-1.,0.,0.));
#7224=DIRECTION('',(0.,-0.891006524188164,-0.453990499739948));
#7225=DIRECTION('',(-1.,0.,0.));
#7226=DIRECTION('',(0.,0.,1.));
#7227=DIRECTION('',(-1.,0.,0.));
#7228=DIRECTION('',(-1.,0.,0.));
#7229=DIRECTION('',(0.,0.,1.));
#7230=DIRECTION('',(0.,-0.933580426497373,-0.358367949544853));
#7231=DIRECTION('',(0.,0.358367949544853,-0.933580426497374));
#7232=DIRECTION('',(-1.,0.,0.));
#7233=DIRECTION('',(0.,-0.358367949544853,0.933580426497373));
#7234=DIRECTION('',(0.,0.358367949545376,-0.933580426497173));
#7235=DIRECTION('',(0.,0.933580426497173,0.358367949545376));
#7236=DIRECTION('',(-1.,0.,0.));
#7237=DIRECTION('',(0.,-0.933580426497173,-0.358367949545376));
#7238=DIRECTION('',(-1.,0.,0.));
#7239=DIRECTION('',(0.,0.,1.));
#7240=DIRECTION('',(-1.,0.,0.));
#7241=DIRECTION('',(-1.,0.,0.));
#7242=DIRECTION('',(0.,0.,1.));
#7243=DIRECTION('',(0.,-0.965925826289206,-0.258819045102008));
#7244=DIRECTION('',(0.,0.258819045102008,-0.965925826289206));
#7245=DIRECTION('',(-1.,0.,0.));
#7246=DIRECTION('',(0.,-0.258819045102008,0.965925826289206));
#7247=DIRECTION('',(0.,0.258819045102736,-0.965925826289011));
#7248=DIRECTION('',(0.,0.965925826289011,0.258819045102736));
#7249=DIRECTION('',(-1.,0.,0.));
#7250=DIRECTION('',(0.,-0.965925826289011,-0.258819045102736));
#7251=DIRECTION('',(-1.,0.,0.));
#7252=DIRECTION('',(0.,0.,1.));
#7253=DIRECTION('',(-1.,0.,0.));
#7254=DIRECTION('',(-1.,0.,0.));
#7255=DIRECTION('',(0.,0.,1.));
#7256=DIRECTION('',(0.,-0.987688340595139,-0.15643446504022));
#7257=DIRECTION('',(0.,0.15643446504022,-0.98768834059514));
#7258=DIRECTION('',(-1.,0.,0.));
#7259=DIRECTION('',(0.,-0.15643446504022,0.987688340595139));
#7260=DIRECTION('',(0.,0.156434465040288,-0.987688340595129));
#7261=DIRECTION('',(0.,0.987688340595129,0.156434465040288));
#7262=DIRECTION('',(-1.,0.,0.));
#7263=DIRECTION('',(0.,-0.987688340595129,-0.156434465040288));
#7264=DIRECTION('',(-1.,0.,0.));
#7265=DIRECTION('',(0.,0.,1.));
#7266=DIRECTION('',(-1.,0.,0.));
#7267=DIRECTION('',(-1.,0.,0.));
#7268=DIRECTION('',(0.,0.,1.));
#7269=DIRECTION('',(0.,-0.998629534754564,-0.0523359562431317));
#7270=DIRECTION('',(0.,0.0523359562431317,-0.998629534754564));
#7271=DIRECTION('',(-1.,0.,0.));
#7272=DIRECTION('',(0.,-0.0523359562431318,0.998629534754564));
#7273=DIRECTION('',(0.,0.0523359562435981,-0.99862953475454));
#7274=DIRECTION('',(0.,0.99862953475454,0.0523359562435981));
#7275=DIRECTION('',(-1.,0.,0.));
#7276=DIRECTION('',(0.,-0.99862953475454,-0.0523359562435981));
#7277=DIRECTION('',(-1.,0.,0.));
#7278=DIRECTION('',(0.,0.,1.));
#7279=DIRECTION('',(-1.,0.,0.));
#7280=DIRECTION('',(-1.,0.,0.));
#7281=DIRECTION('',(0.,0.,1.));
#7282=DIRECTION('',(0.,-0.998629534754574,0.0523359562429462));
#7283=DIRECTION('',(0.,-0.0523359562429462,-0.998629534754574));
#7284=DIRECTION('',(-1.,0.,0.));
#7285=DIRECTION('',(0.,0.0523359562429462,0.998629534754574));
#7286=DIRECTION('',(0.,-0.052335956242792,-0.998629534754582));
#7287=DIRECTION('',(0.,0.998629534754582,-0.052335956242792));
#7288=DIRECTION('',(-1.,0.,0.));
#7289=DIRECTION('',(0.,-0.998629534754582,0.052335956242792));
#7290=DIRECTION('',(-1.,0.,0.));
#7291=DIRECTION('',(0.,0.,1.));
#7292=DIRECTION('',(-1.,0.,0.));
#7293=DIRECTION('',(-1.,0.,0.));
#7294=DIRECTION('',(0.,0.,1.));
#7295=DIRECTION('',(0.,-0.987688340595134,0.156434465040252));
#7296=DIRECTION('',(0.,-0.156434465040252,-0.987688340595134));
#7297=DIRECTION('',(-1.,0.,0.));
#7298=DIRECTION('',(0.,0.156434465040252,0.987688340595134));
#7299=DIRECTION('',(0.,-0.156434465040263,-0.987688340595133));
#7300=DIRECTION('',(0.,0.987688340595133,-0.156434465040263));
#7301=DIRECTION('',(-1.,0.,0.));
#7302=DIRECTION('',(0.,-0.987688340595133,0.156434465040263));
#7303=DIRECTION('',(-1.,0.,0.));
#7304=DIRECTION('',(0.,0.,1.));
#7305=DIRECTION('',(-1.,0.,0.));
#7306=DIRECTION('',(-1.,0.,0.));
#7307=DIRECTION('',(0.,0.,1.));
#7308=DIRECTION('',(0.,-0.965925826288952,0.258819045102954));
#7309=DIRECTION('',(0.,-0.258819045102954,-0.965925826288952));
#7310=DIRECTION('',(-1.,0.,0.));
#7311=DIRECTION('',(0.,0.258819045102954,0.965925826288952));
#7312=DIRECTION('',(0.,-0.258819045101631,-0.965925826289307));
#7313=DIRECTION('',(0.,0.965925826289307,-0.258819045101631));
#7314=DIRECTION('',(-1.,0.,0.));
#7315=DIRECTION('',(0.,-0.965925826289307,0.258819045101631));
#7316=DIRECTION('',(-1.,0.,0.));
#7317=DIRECTION('',(0.,0.,1.));
#7318=DIRECTION('',(-1.,0.,0.));
#7319=DIRECTION('',(-1.,0.,0.));
#7320=DIRECTION('',(0.,0.,1.));
#7321=DIRECTION('',(0.,-0.933580426497011,0.358367949545798));
#7322=DIRECTION('',(0.,-0.358367949545798,-0.933580426497011));
#7323=DIRECTION('',(-1.,0.,0.));
#7324=DIRECTION('',(0.,0.358367949545798,0.933580426497011));
#7325=DIRECTION('',(0.,-0.358367949544806,-0.933580426497391));
#7326=DIRECTION('',(0.,0.933580426497391,-0.358367949544806));
#7327=DIRECTION('',(-1.,0.,0.));
#7328=DIRECTION('',(0.,-0.933580426497391,0.358367949544806));
#7329=DIRECTION('',(-1.,0.,0.));
#7330=DIRECTION('',(0.,0.,1.));
#7331=DIRECTION('',(-1.,0.,0.));
#7332=DIRECTION('',(-1.,0.,0.));
#7333=DIRECTION('',(0.,0.,1.));
#7334=DIRECTION('',(0.,-0.89100652418818,0.453990499739915));
#7335=DIRECTION('',(0.,-0.453990499739915,-0.89100652418818));
#7336=DIRECTION('',(-1.,0.,0.));
#7337=DIRECTION('',(0.,0.453990499739915,0.89100652418818));
#7338=DIRECTION('',(0.,-0.453990499740127,-0.891006524188072));
#7339=DIRECTION('',(0.,0.891006524188072,-0.453990499740127));
#7340=DIRECTION('',(-1.,0.,0.));
#7341=DIRECTION('',(0.,-0.891006524188072,0.453990499740127));
#7342=DIRECTION('',(-1.,0.,0.));
#7343=DIRECTION('',(0.,0.,1.));
#7344=DIRECTION('',(-1.,0.,0.));
#7345=DIRECTION('',(-1.,0.,0.));
#7346=DIRECTION('',(0.,0.,1.));
#7347=DIRECTION('',(0.,-0.838670567945572,0.544639035014799));
#7348=DIRECTION('',(0.,-0.544639035014799,-0.838670567945573));
#7349=DIRECTION('',(-1.,0.,0.));
#7350=DIRECTION('',(0.,0.544639035014799,0.838670567945573));
#7351=DIRECTION('',(0.,-0.544639035014791,-0.838670567945577));
#7352=DIRECTION('',(0.,0.838670567945577,-0.544639035014791));
#7353=DIRECTION('',(-1.,0.,0.));
#7354=DIRECTION('',(0.,-0.838670567945577,0.544639035014791));
#7355=DIRECTION('',(-1.,0.,0.));
#7356=DIRECTION('',(0.,0.,1.));
#7357=DIRECTION('',(-1.,0.,0.));
#7358=DIRECTION('',(-1.,0.,0.));
#7359=DIRECTION('',(0.,0.,1.));
#7360=DIRECTION('',(0.,-0.777145961457202,0.629320391049552));
#7361=DIRECTION('',(0.,-0.629320391049552,-0.777145961457202));
#7362=DIRECTION('',(-1.,0.,0.));
#7363=DIRECTION('',(0.,0.629320391049552,0.777145961457203));
#7364=DIRECTION('',(0.,-0.629320391049013,-0.777145961457638));
#7365=DIRECTION('',(0.,0.777145961457638,-0.629320391049013));
#7366=DIRECTION('',(-1.,0.,0.));
#7367=DIRECTION('',(0.,-0.777145961457638,0.629320391049013));
#7368=DIRECTION('',(-1.,0.,0.));
#7369=DIRECTION('',(0.,0.,1.));
#7370=DIRECTION('',(-1.,0.,0.));
#7371=DIRECTION('',(-1.,0.,0.));
#7372=DIRECTION('',(0.,0.,1.));
#7373=DIRECTION('',(0.,-0.70710678118679,0.707106781186305));
#7374=DIRECTION('',(0.,-0.707106781186305,-0.70710678118679));
#7375=DIRECTION('',(-1.,0.,0.));
#7376=DIRECTION('',(0.,0.707106781186305,0.70710678118679));
#7377=DIRECTION('',(0.,-0.707106781186537,-0.707106781186558));
#7378=DIRECTION('',(0.,0.707106781186559,-0.707106781186537));
#7379=DIRECTION('',(-1.,0.,0.));
#7380=DIRECTION('',(0.,-0.707106781186559,0.707106781186537));
#7381=DIRECTION('',(-1.,0.,0.));
#7382=DIRECTION('',(0.,0.,1.));
#7383=DIRECTION('',(-1.,0.,0.));
#7384=DIRECTION('',(-1.,0.,0.));
#7385=DIRECTION('',(0.,0.,1.));
#7386=DIRECTION('',(0.,-0.629320391049185,0.7771459614575));
#7387=DIRECTION('',(0.,-0.7771459614575,-0.629320391049185));
#7388=DIRECTION('',(-1.,0.,0.));
#7389=DIRECTION('',(0.,0.7771459614575,0.629320391049185));
#7390=DIRECTION('',(0.,-0.777145961457095,-0.629320391049684));
#7391=DIRECTION('',(0.,0.629320391049684,-0.777145961457096));
#7392=DIRECTION('',(-1.,0.,0.));
#7393=DIRECTION('',(0.,-0.629320391049684,0.777145961457095));
#7394=DIRECTION('',(-1.,0.,0.));
#7395=DIRECTION('',(0.,0.,1.));
#7396=DIRECTION('',(-1.,0.,0.));
#7397=DIRECTION('',(-1.,0.,0.));
#7398=DIRECTION('',(0.,0.,1.));
#7399=DIRECTION('',(0.,-0.544639035015067,0.838670567945398));
#7400=DIRECTION('',(0.,-0.838670567945398,-0.544639035015067));
#7401=DIRECTION('',(-1.,0.,0.));
#7402=DIRECTION('',(0.,0.838670567945398,0.544639035015067));
#7403=DIRECTION('',(0.,-0.838670567945345,-0.544639035015149));
#7404=DIRECTION('',(0.,0.544639035015149,-0.838670567945345));
#7405=DIRECTION('',(-1.,0.,0.));
#7406=DIRECTION('',(0.,-0.544639035015149,0.838670567945345));
#7407=DIRECTION('',(-1.,0.,0.));
#7408=DIRECTION('',(0.,0.,1.));
#7409=DIRECTION('',(-1.,0.,0.));
#7410=DIRECTION('',(-1.,0.,0.));
#7411=DIRECTION('',(0.,0.,1.));
#7412=DIRECTION('',(0.,-0.453990499739504,0.89100652418839));
#7413=DIRECTION('',(0.,-0.89100652418839,-0.453990499739504));
#7414=DIRECTION('',(-1.,0.,0.));
#7415=DIRECTION('',(0.,0.89100652418839,0.453990499739504));
#7416=DIRECTION('',(0.,-0.891006524188071,-0.45399049974013));
#7417=DIRECTION('',(0.,0.45399049974013,-0.891006524188071));
#7418=DIRECTION('',(-1.,0.,0.));
#7419=DIRECTION('',(0.,-0.45399049974013,0.891006524188071));
#7420=DIRECTION('',(-1.,0.,0.));
#7421=DIRECTION('',(0.,0.,1.));
#7422=DIRECTION('',(-1.,0.,0.));
#7423=DIRECTION('',(-1.,0.,0.));
#7424=DIRECTION('',(0.,0.,1.));
#7425=DIRECTION('',(0.,-0.35836794954478,0.933580426497402));
#7426=DIRECTION('',(0.,-0.933580426497402,-0.35836794954478));
#7427=DIRECTION('',(0.,0.933580426497402,0.35836794954478));
#7428=DIRECTION('',(-1.,0.,0.));
#7429=DIRECTION('',(0.,-1.,0.));
#7430=CARTESIAN_POINT('',(0.,0.,0.));
#7431=CARTESIAN_POINT('',(0.0310977222864645,-2.08166817117217E-17,0.212029790986749));
#7432=CARTESIAN_POINT('',(0.0310977222864645,-0.00229025493170585,0.19426551601315));
#7433=CARTESIAN_POINT('',(0.0310977222864645,-0.00241346218146804,0.194118410882243));
#7434=CARTESIAN_POINT('',(0.0310977222864645,-0.00216704768194365,0.194412621144056));
#7435=CARTESIAN_POINT('',(0.0310977222864645,-9.55398954394226E-16,0.197));
#7436=CARTESIAN_POINT('',(0.0310977222864645,-0.00258737885594339,0.194832952318057));
#7437=CARTESIAN_POINT('',(0.0310977222864645,-0.00273448398685021,0.194709745068294));
#7438=CARTESIAN_POINT('',(0.0310977222864645,-0.00288158911775702,0.194586537818532));
#7439=CARTESIAN_POINT('',(0.0310977222864645,-0.00288158911775702,0.194586537818532));
#7440=CARTESIAN_POINT('',(0.0310977222864645,-0.00289516685479683,0.194577058838651));
#7441=CARTESIAN_POINT('',(0.0310977222864645,-0.00292241442510448,0.194558036584058));
#7442=CARTESIAN_POINT('',(0.0310977222864645,-0.00296706766146129,0.194534470890023));
#7443=CARTESIAN_POINT('',(0.0310977222864645,-0.00301323404625379,0.19451273327715));
#7444=CARTESIAN_POINT('',(0.0310977222864645,-0.00306108185264787,0.194493121807133));
#7445=CARTESIAN_POINT('',(0.0310977222864645,-0.00311029249970966,0.19447527745225));
#7446=CARTESIAN_POINT('',(0.0310977222864645,-0.00316076890170791,0.194459124665795));
#7447=CARTESIAN_POINT('',(0.0310977222864645,-0.0032124014819222,0.194444567894109));
#7448=CARTESIAN_POINT('',(0.0310977222864645,-0.00326511258668169,0.194431551171061));
#7449=CARTESIAN_POINT('',(0.0310977222864645,-0.00331883462007043,0.194420030410994));
#7450=CARTESIAN_POINT('',(0.0310977222864645,-0.00337350993012466,0.194409973070879));
#7451=CARTESIAN_POINT('',(0.0310977222864645,-0.00342908817313818,0.194401357411782));
#7452=CARTESIAN_POINT('',(0.0310977222864645,-0.00348552107476091,0.194394156678242));
#7453=CARTESIAN_POINT('',(0.0310977222864645,-0.00354277561905735,0.194388390928506));
#7454=CARTESIAN_POINT('',(0.0310977222864645,-0.00360077880629151,0.194383925182325));
#7455=CARTESIAN_POINT('',(0.0310977222864645,-0.00363989926248897,0.19438212973879));
#7456=CARTESIAN_POINT('',(0.0310977222864645,-0.00365951379261131,0.194381229524818));
#7457=CARTESIAN_POINT('',(0.0310977222864645,-0.00365951379261129,0.194381229524818));
#7458=CARTESIAN_POINT('',(0.0310977222864645,-0.00373968876696061,0.19450121985345));
#7459=CARTESIAN_POINT('',(0.0310977222864645,-0.00381986374130991,0.194621210182083));
#7460=CARTESIAN_POINT('',(0.0310977222864645,-0.00381986374130991,0.194621210182083));
#7461=CARTESIAN_POINT('',(0.0310977222864645,-0.00381152589633399,0.19463898714803));
#7462=CARTESIAN_POINT('',(0.0310977222864645,-0.00379489637234706,0.194674442650318));
#7463=CARTESIAN_POINT('',(0.0310977222864645,-0.00376857370207501,0.194726321640748));
#7464=CARTESIAN_POINT('',(0.0310977222864645,-0.00374133647837412,0.194777011485468));
#7465=CARTESIAN_POINT('',(0.0310977222864645,-0.00371308793154565,0.19482639308681));
#7466=CARTESIAN_POINT('',(0.0310977222864645,-0.00368385922764587,0.194874443617989));
#7467=CARTESIAN_POINT('',(0.0310977222864645,-0.00365364412164514,0.194921108240446));
#7468=CARTESIAN_POINT('',(0.0310977222864645,-0.00362244179508875,0.194966332123532));
#7469=CARTESIAN_POINT('',(0.0310977222864645,-0.0035902442445913,0.195010049550102));
#7470=CARTESIAN_POINT('',(0.0310977222864645,-0.00355703660815304,0.195052181198819));
#7471=CARTESIAN_POINT('',(0.0310977222864645,-0.00352279689658494,0.195092633909737));
#7472=CARTESIAN_POINT('',(0.0310977222864645,-0.00348747876301051,0.195131269880364));
#7473=CARTESIAN_POINT('',(0.0310977222864645,-0.00345104956447747,0.195167970504708));
#7474=CARTESIAN_POINT('',(0.0310977222864645,-0.003413299518266,0.195202304058402));
#7475=CARTESIAN_POINT('',(0.0310977222864645,-0.0033744396021231,0.195234540068854));
#7476=CARTESIAN_POINT('',(0.0310977222864645,-0.00334643813671339,0.195252434039692));
#7477=CARTESIAN_POINT('',(0.0310977222864645,-0.0033324847261975,0.195261350784485));
#7478=CARTESIAN_POINT('',(0.0310977222864645,-0.00333248472619748,0.195261350784485));
#7479=CARTESIAN_POINT('',(0.0310977222864645,-0.00316236137347126,0.195350108830826));
#7480=CARTESIAN_POINT('',(0.0310977222864645,-0.00299223802074504,0.195438866877166));
#7481=CARTESIAN_POINT('',(0.0310977222864645,2.09229335246252E-15,0.197));
#7482=CARTESIAN_POINT('',(0.0310977222864645,-0.00321971961288357,0.195988056022097));
#7483=CARTESIAN_POINT('',(0.0310977222864645,-0.00340277640568703,0.195930522062199));
#7484=CARTESIAN_POINT('',(0.0310977222864645,-0.00358583319849048,0.195872988102301));
#7485=CARTESIAN_POINT('',(0.0310977222864645,-0.00358583319849048,0.195872988102301));
#7486=CARTESIAN_POINT('',(0.0310977222864645,-0.0036020048403958,0.195869426641813));
#7487=CARTESIAN_POINT('',(0.0310977222864645,-0.00363445781459271,0.195862279563862));
#7488=CARTESIAN_POINT('',(0.0310977222864645,-0.00368473022640226,0.195857595755229));
#7489=CARTESIAN_POINT('',(0.0310977222864645,-0.00373570102870782,0.195855179930202));
#7490=CARTESIAN_POINT('',(0.0310977222864645,-0.00378741162237065,0.195855371857233));
#7491=CARTESIAN_POINT('',(0.0310977222864645,-0.00383970507094788,0.195857717922312));
#7492=CARTESIAN_POINT('',(0.0310977222864645,-0.00389252058939143,0.195862111176284));
#7493=CARTESIAN_POINT('',(0.0310977222864645,-0.00394579350881502,0.195868421405882));
#7494=CARTESIAN_POINT('',(0.0310977222864645,-0.00399947350389248,0.195876567188371));
#7495=CARTESIAN_POINT('',(0.0310977222864645,-0.0040535149949914,0.195886481926076));
#7496=CARTESIAN_POINT('',(0.0310977222864645,-0.00410787717231984,0.19589811349071));
#7497=CARTESIAN_POINT('',(0.0310977222864645,-0.00416252184348817,0.195911422532412));
#7498=CARTESIAN_POINT('',(0.0310977222864645,-0.00421741464768447,0.195926365858567));
#7499=CARTESIAN_POINT('',(0.0310977222864645,-0.00427251740620249,0.195942949365925));
#7500=CARTESIAN_POINT('',(0.0310977222864645,-0.0043278143307848,0.195961020413211));
#7501=CARTESIAN_POINT('',(0.0310977222864645,-0.00436464400606268,0.195974332390131));
#7502=CARTESIAN_POINT('',(0.0310977222864645,-0.00438310996595553,0.195981006856578));
#7503=CARTESIAN_POINT('',(0.0310977222864645,-0.00438310996595555,0.195981006856578));
#7504=CARTESIAN_POINT('',(0.0310977222864645,-0.00441126367296471,0.196122545099675));
#7505=CARTESIAN_POINT('',(0.0310977222864645,-0.00443941737997386,0.196264083342772));
#7506=CARTESIAN_POINT('',(0.0310977222864645,-0.00443941737997386,0.196264083342772));
#7507=CARTESIAN_POINT('',(0.0310977222864645,-0.00442491126530978,0.196277316362626));
#7508=CARTESIAN_POINT('',(0.0310977222864645,-0.00439597935515077,0.196303709132188));
#7509=CARTESIAN_POINT('',(0.0310977222864645,-0.00435180714872005,0.196341565819804));
#7510=CARTESIAN_POINT('',(0.0310977222864645,-0.00430724507145705,0.196377973895593));
#7511=CARTESIAN_POINT('',(0.0310977222864645,-0.00426224929652158,0.196412786295496));
#7512=CARTESIAN_POINT('',(0.0310977222864645,-0.0042168573530286,0.196445993857046));
#7513=CARTESIAN_POINT('',(0.0310977222864645,-0.00417108445712988,0.196477543526153));
#7514=CARTESIAN_POINT('',(0.0310977222864645,-0.00412495083545328,0.196507384332693));
#7515=CARTESIAN_POINT('',(0.0310977222864645,-0.004078474242698,0.196535452499176));
#7516=CARTESIAN_POINT('',(0.0310977222864645,-0.0040316713031271,0.196561669054804));
#7517=CARTESIAN_POINT('',(0.0310977222864645,-0.00398455735214748,0.196585939516111));
#7518=CARTESIAN_POINT('',(0.0310977222864645,-0.00393714230555934,0.19660811883401));
#7519=CARTESIAN_POINT('',(0.0310977222864645,-0.00388944139375524,0.196628084938939));
#7520=CARTESIAN_POINT('',(0.0310977222864645,-0.00384142601653615,0.196645358689219));
#7521=CARTESIAN_POINT('',(0.0310977222864645,-0.00379318794825134,0.196660269833394));
#7522=CARTESIAN_POINT('',(0.0310977222864645,-0.00376047024129972,0.196666086009913));
#7523=CARTESIAN_POINT('',(0.0310977222864645,-0.00374416668041267,0.196668984268894));
#7524=CARTESIAN_POINT('',(0.0310977222864645,-0.00374416668041267,0.196668984268894));
#7525=CARTESIAN_POINT('',(0.0310977222864645,-0.00355302696300293,0.196685882622708));
#7526=CARTESIAN_POINT('',(0.0310977222864645,-0.00336188724559319,0.196702780976521));
#7527=CARTESIAN_POINT('',(0.0310977222864645,-3.17454396103756E-16,0.197));
#7528=CARTESIAN_POINT('',(0.0310977222864645,-0.00336188724559319,0.197297219023479));
#7529=CARTESIAN_POINT('',(0.0310977222864645,-0.00355302696300291,0.197314117377293));
#7530=CARTESIAN_POINT('',(0.0310977222864645,-0.00374416668041264,0.197331015731106));
#7531=CARTESIAN_POINT('',(0.0310977222864645,-0.00374416668041264,0.197331015731106));
#7532=CARTESIAN_POINT('',(0.0310977222864645,-0.00376047024129972,0.197333913990087));
#7533=CARTESIAN_POINT('',(0.0310977222864645,-0.00379318794825134,0.197339730166606));
#7534=CARTESIAN_POINT('',(0.0310977222864645,-0.00384142601653615,0.197354641310781));
#7535=CARTESIAN_POINT('',(0.0310977222864645,-0.00388944139375524,0.197371915061061));
#7536=CARTESIAN_POINT('',(0.0310977222864645,-0.00393714230555934,0.197391881165989));
#7537=CARTESIAN_POINT('',(0.0310977222864645,-0.00398455735214748,0.19741406048389));
#7538=CARTESIAN_POINT('',(0.0310977222864645,-0.0040316713031271,0.197438330945195));
#7539=CARTESIAN_POINT('',(0.0310977222864645,-0.00407847424269803,0.197464547500824));
#7540=CARTESIAN_POINT('',(0.0310977222864645,-0.00412495083545325,0.197492615667307));
#7541=CARTESIAN_POINT('',(0.0310977222864645,-0.00417108445712988,0.197522456473847));
#7542=CARTESIAN_POINT('',(0.0310977222864645,-0.0042168573530286,0.197554006142954));
#7543=CARTESIAN_POINT('',(0.0310977222864645,-0.00426224929652155,0.197587213704503));
#7544=CARTESIAN_POINT('',(0.0310977222864645,-0.00430724507145708,0.197622026104407));
#7545=CARTESIAN_POINT('',(0.0310977222864645,-0.00435180714872002,0.197658434180195));
#7546=CARTESIAN_POINT('',(0.0310977222864645,-0.00439597935515077,0.197696290867813));
#7547=CARTESIAN_POINT('',(0.0310977222864645,-0.00442491126530978,0.197722683637374));
#7548=CARTESIAN_POINT('',(0.0310977222864645,-0.00443941737997386,0.197735916657229));
#7549=CARTESIAN_POINT('',(0.0310977222864645,-0.00443941737997387,0.197735916657229));
#7550=CARTESIAN_POINT('',(0.0310977222864645,-0.00441126367296472,0.197877454900325));
#7551=CARTESIAN_POINT('',(0.0310977222864645,-0.00438310996595556,0.198018993143422));
#7552=CARTESIAN_POINT('',(0.0310977222864645,-0.00438310996595556,0.198018993143422));
#7553=CARTESIAN_POINT('',(0.0310977222864645,-0.00436464400606268,0.198025667609869));
#7554=CARTESIAN_POINT('',(0.0310977222864645,-0.0043278143307848,0.198038979586789));
#7555=CARTESIAN_POINT('',(0.0310977222864645,-0.00427251740620249,0.198057050634074));
#7556=CARTESIAN_POINT('',(0.0310977222864645,-0.00421741464768443,0.198073634141434));
#7557=CARTESIAN_POINT('',(0.0310977222864645,-0.00416252184348817,0.198088577467587));
#7558=CARTESIAN_POINT('',(0.0310977222864645,-0.00410787717231984,0.198101886509291));
#7559=CARTESIAN_POINT('',(0.0310977222864645,-0.0040535149949914,0.198113518073924));
#7560=CARTESIAN_POINT('',(0.0310977222864645,-0.00399947350389248,0.198123432811629));
#7561=CARTESIAN_POINT('',(0.0310977222864645,-0.00394579350881502,0.198131578594118));
#7562=CARTESIAN_POINT('',(0.0310977222864645,-0.00389252058939141,0.198137888823716));
#7563=CARTESIAN_POINT('',(0.0310977222864645,-0.00383970507094788,0.198142282077688));
#7564=CARTESIAN_POINT('',(0.0310977222864645,-0.00378741162237065,0.198144628142767));
#7565=CARTESIAN_POINT('',(0.0310977222864645,-0.00373570102870782,0.198144820069798));
#7566=CARTESIAN_POINT('',(0.0310977222864645,-0.00368473022640223,0.198142404244771));
#7567=CARTESIAN_POINT('',(0.0310977222864645,-0.00363445781459271,0.198137720436139));
#7568=CARTESIAN_POINT('',(0.0310977222864645,-0.0036020048403958,0.198130573358187));
#7569=CARTESIAN_POINT('',(0.0310977222864645,-0.00358583319849048,0.198127011897699));
#7570=CARTESIAN_POINT('',(0.0310977222864645,-0.00358583319849048,0.198127011897699));
#7571=CARTESIAN_POINT('',(0.0310977222864645,-0.00340277640568702,0.198069477937801));
#7572=CARTESIAN_POINT('',(0.0310977222864645,-0.00321971961288355,0.198011943977902));
#7573=CARTESIAN_POINT('',(0.0310977222864645,-5.33861149731862E-16,0.197));
#7574=CARTESIAN_POINT('',(0.0310977222864645,-0.00299223802074502,0.198561133122834));
#7575=CARTESIAN_POINT('',(0.0310977222864645,-0.00316236137347124,0.198649891169175));
#7576=CARTESIAN_POINT('',(0.0310977222864645,-0.00333248472619749,0.198738649215516));
#7577=CARTESIAN_POINT('',(0.0310977222864645,-0.00333248472619749,0.198738649215516));
#7578=CARTESIAN_POINT('',(0.0310977222864645,-0.00334643813671337,0.198747565960308));
#7579=CARTESIAN_POINT('',(0.0310977222864645,-0.00337443960212311,0.198765459931147));
#7580=CARTESIAN_POINT('',(0.0310977222864645,-0.003413299518266,0.198797695941598));
#7581=CARTESIAN_POINT('',(0.0310977222864645,-0.00345104956447747,0.198832029495292));
#7582=CARTESIAN_POINT('',(0.0310977222864645,-0.00348747876301051,0.198868730119635));
#7583=CARTESIAN_POINT('',(0.0310977222864645,-0.00352279689658494,0.198907366090262));
#7584=CARTESIAN_POINT('',(0.0310977222864645,-0.00355703660815304,0.198947818801181));
#7585=CARTESIAN_POINT('',(0.0310977222864645,-0.00359024424459128,0.198989950449899));
#7586=CARTESIAN_POINT('',(0.0310977222864645,-0.00362244179508872,0.199033667876468));
#7587=CARTESIAN_POINT('',(0.0310977222864645,-0.00365364412164512,0.199078891759555));
#7588=CARTESIAN_POINT('',(0.0310977222864645,-0.00368385922764588,0.199125556382012));
#7589=CARTESIAN_POINT('',(0.0310977222864645,-0.00371308793154565,0.199173606913189));
#7590=CARTESIAN_POINT('',(0.0310977222864645,-0.00374133647837413,0.199222988514532));
#7591=CARTESIAN_POINT('',(0.0310977222864645,-0.00376857370207498,0.199273678359251));
#7592=CARTESIAN_POINT('',(0.0310977222864645,-0.00379489637234706,0.199325557349682));
#7593=CARTESIAN_POINT('',(0.0310977222864645,-0.00381152589633399,0.19936101285197));
#7594=CARTESIAN_POINT('',(0.0310977222864645,-0.00381986374130991,0.199378789817917));
#7595=CARTESIAN_POINT('',(0.0310977222864645,-0.0038198637413099,0.199378789817917));
#7596=CARTESIAN_POINT('',(0.0310977222864645,-0.00373968876696059,0.19949878014655));
#7597=CARTESIAN_POINT('',(0.0310977222864645,-0.00365951379261128,0.199618770475183));
#7598=CARTESIAN_POINT('',(0.0310977222864645,-0.00365951379261128,0.199618770475183));
#7599=CARTESIAN_POINT('',(0.0310977222864645,-0.00363989926248895,0.19961787026121));
#7600=CARTESIAN_POINT('',(0.0310977222864645,-0.00360077880629151,0.199616074817675));
#7601=CARTESIAN_POINT('',(0.0310977222864645,-0.00354277561905736,0.199611609071495));
#7602=CARTESIAN_POINT('',(0.0310977222864645,-0.00348552107476088,0.199605843321759));
#7603=CARTESIAN_POINT('',(0.0310977222864645,-0.00342908817313817,0.199598642588218));
#7604=CARTESIAN_POINT('',(0.0310977222864645,-0.00337350993012464,0.199590026929121));
#7605=CARTESIAN_POINT('',(0.0310977222864645,-0.0033188346200704,0.199579969589007));
#7606=CARTESIAN_POINT('',(0.0310977222864645,-0.00326511258668169,0.199568448828938));
#7607=CARTESIAN_POINT('',(0.0310977222864645,-0.0032124014819222,0.199555432105891));
#7608=CARTESIAN_POINT('',(0.0310977222864645,-0.00316076890170791,0.199540875334205));
#7609=CARTESIAN_POINT('',(0.0310977222864645,-0.00311029249970965,0.199524722547751));
#7610=CARTESIAN_POINT('',(0.0310977222864645,-0.00306108185264786,0.199506878192867));
#7611=CARTESIAN_POINT('',(0.0310977222864645,-0.00301323404625378,0.19948726672285));
#7612=CARTESIAN_POINT('',(0.0310977222864645,-0.00296706766146126,0.199465529109977));
#7613=CARTESIAN_POINT('',(0.0310977222864645,-0.00292241442510446,0.199441963415943));
#7614=CARTESIAN_POINT('',(0.0310977222864645,-0.00289516685479682,0.19942294116135));
#7615=CARTESIAN_POINT('',(0.0310977222864645,-0.00288158911775702,0.199413462181468));
#7616=CARTESIAN_POINT('',(0.0310977222864645,-0.00288158911775702,0.199413462181468));
#7617=CARTESIAN_POINT('',(0.0310977222864645,-0.0027344839868502,0.199290254931706));
#7618=CARTESIAN_POINT('',(0.0310977222864645,-0.00258737885594339,0.199167047681944));
#7619=CARTESIAN_POINT('',(0.0310977222864645,1.67834496300756E-16,0.197));
#7620=CARTESIAN_POINT('',(0.0310977222864645,-0.00216704768194362,0.199587378855943));
#7621=CARTESIAN_POINT('',(0.0310977222864645,-0.00229025493170581,0.19973448398685));
#7622=CARTESIAN_POINT('',(0.0310977222864645,-0.00241346218146801,0.199881589117757));
#7623=CARTESIAN_POINT('',(0.0310977222864645,-0.00241346218146801,0.199881589117757));
#7624=CARTESIAN_POINT('',(0.0310977222864645,-0.00242294116134967,0.199895166854797));
#7625=CARTESIAN_POINT('',(0.0310977222864645,-0.00244196341594277,0.199922414425104));
#7626=CARTESIAN_POINT('',(0.0310977222864645,-0.002465529109977,0.199967067661461));
#7627=CARTESIAN_POINT('',(0.0310977222864645,-0.00248726672285021,0.200013234046254));
#7628=CARTESIAN_POINT('',(0.0310977222864645,-0.00250687819286702,0.200061081852648));
#7629=CARTESIAN_POINT('',(0.0310977222864645,-0.00252472254775072,0.200110292499709));
#7630=CARTESIAN_POINT('',(0.0310977222864645,-0.00254087533420483,0.200160768901708));
#7631=CARTESIAN_POINT('',(0.0310977222864645,-0.00255543210589066,0.200212401481922));
#7632=CARTESIAN_POINT('',(0.0310977222864645,-0.00256844882893856,0.200265112586682));
#7633=CARTESIAN_POINT('',(0.0310977222864645,-0.0025799695890063,0.20031883462007));
#7634=CARTESIAN_POINT('',(0.0310977222864645,-0.00259002692912111,0.200373509930124));
#7635=CARTESIAN_POINT('',(0.0310977222864645,-0.00259864258821782,0.200429088173138));
#7636=CARTESIAN_POINT('',(0.0310977222864645,-0.00260584332175834,0.200485521074761));
#7637=CARTESIAN_POINT('',(0.0310977222864645,-0.00261160907149472,0.200542775619058));
#7638=CARTESIAN_POINT('',(0.0310977222864645,-0.00261607481767482,0.200600778806291));
#7639=CARTESIAN_POINT('',(0.0310977222864645,-0.0026178702612096,0.200639899262489));
#7640=CARTESIAN_POINT('',(0.0310977222864645,-0.00261877047518258,0.200659513792611));
#7641=CARTESIAN_POINT('',(0.0310977222864645,-0.00261877047518258,0.200659513792611));
#7642=CARTESIAN_POINT('',(0.0310977222864645,-0.00249878014654983,0.20073968876696));
#7643=CARTESIAN_POINT('',(0.0310977222864645,-0.00237878981791709,0.20081986374131));
#7644=CARTESIAN_POINT('',(0.0310977222864645,-0.00237878981791709,0.20081986374131));
#7645=CARTESIAN_POINT('',(0.0310977222864645,-0.00236101285197027,0.200811525896334));
#7646=CARTESIAN_POINT('',(0.0310977222864645,-0.00232555734968146,0.200794896372347));
#7647=CARTESIAN_POINT('',(0.0310977222864645,-0.00227367835925168,0.200768573702075));
#7648=CARTESIAN_POINT('',(0.0310977222864645,-0.00222298851453218,0.200741336478374));
#7649=CARTESIAN_POINT('',(0.0310977222864645,-0.00217360691318955,0.200713087931545));
#7650=CARTESIAN_POINT('',(0.0310977222864645,-0.00212555638201165,0.200683859227646));
#7651=CARTESIAN_POINT('',(0.0310977222864645,-0.00207889175955444,0.200653644121645));
#7652=CARTESIAN_POINT('',(0.0310977222864645,-0.00203366787646788,0.200622441795089));
#7653=CARTESIAN_POINT('',(0.0310977222864645,-0.00198995044989863,0.200590244244591));
#7654=CARTESIAN_POINT('',(0.0310977222864645,-0.00194781880118081,0.200557036608153));
#7655=CARTESIAN_POINT('',(0.0310977222864645,-0.00190736609026232,0.200522796896585));
#7656=CARTESIAN_POINT('',(0.0310977222864645,-0.00186873011963554,0.200487478763011));
#7657=CARTESIAN_POINT('',(0.0310977222864645,-0.00183202949529223,0.200451049564478));
#7658=CARTESIAN_POINT('',(0.0310977222864645,-0.00179769594159815,0.200413299518266));
#7659=CARTESIAN_POINT('',(0.0310977222864645,-0.00176545993114679,0.200374439602123));
#7660=CARTESIAN_POINT('',(0.0310977222864645,-0.0017475659603079,0.200346438136713));
#7661=CARTESIAN_POINT('',(0.0310977222864645,-0.00173864921551542,0.200332484726197));
#7662=CARTESIAN_POINT('',(0.0310977222864645,-0.00173864921551544,0.200332484726197));
#7663=CARTESIAN_POINT('',(0.0310977222864645,-0.00164989116917449,0.200162361373472));
#7664=CARTESIAN_POINT('',(0.0310977222864645,-0.00156113312283354,0.199992238020745));
#7665=CARTESIAN_POINT('',(0.0310977222864645,1.17310675062932E-16,0.197));
#7666=CARTESIAN_POINT('',(0.0310977222864645,-0.00101194397790248,0.200219719612884));
#7667=CARTESIAN_POINT('',(0.0310977222864645,-0.00106947793780085,0.200402776405687));
#7668=CARTESIAN_POINT('',(0.0310977222864645,-0.00112701189769923,0.20058583319849));
#7669=CARTESIAN_POINT('',(0.0310977222864645,-0.00112701189769923,0.20058583319849));
#7670=CARTESIAN_POINT('',(0.0310977222864645,-0.00113057335818681,0.200602004840396));
#7671=CARTESIAN_POINT('',(0.0310977222864645,-0.00113772043613866,0.200634457814592));
#7672=CARTESIAN_POINT('',(0.0310977222864645,-0.00114240424477111,0.200684730226402));
#7673=CARTESIAN_POINT('',(0.0310977222864645,-0.00114482006979799,0.200735701028708));
#7674=CARTESIAN_POINT('',(0.0310977222864645,-0.00114462814276697,0.20078741162237));
#7675=CARTESIAN_POINT('',(0.0310977222864645,-0.00114228207768841,0.200839705070948));
#7676=CARTESIAN_POINT('',(0.0310977222864645,-0.00113788882371621,0.200892520589391));
#7677=CARTESIAN_POINT('',(0.0310977222864645,-0.00113157859411794,0.200945793508815));
#7678=CARTESIAN_POINT('',(0.0310977222864645,-0.00112343281162913,0.200999473503892));
#7679=CARTESIAN_POINT('',(0.0310977222864645,-0.00111351807392387,0.201053514994991));
#7680=CARTESIAN_POINT('',(0.0310977222864645,-0.00110188650929027,0.20110787717232));
#7681=CARTESIAN_POINT('',(0.0310977222864645,-0.00108857746758756,0.201162521843488));
#7682=CARTESIAN_POINT('',(0.0310977222864645,-0.00107363414143344,0.201217414647685));
#7683=CARTESIAN_POINT('',(0.0310977222864645,-0.00105705063407455,0.201272517406203));
#7684=CARTESIAN_POINT('',(0.0310977222864645,-0.00103897958678889,0.201327814330785));
#7685=CARTESIAN_POINT('',(0.0310977222864645,-0.00102566760986913,0.201364644006063));
#7686=CARTESIAN_POINT('',(0.0310977222864645,-0.00101899314342219,0.201383109965955));
#7687=CARTESIAN_POINT('',(0.0310977222864645,-0.00101899314342219,0.201383109965955));
#7688=CARTESIAN_POINT('',(0.0310977222864645,-0.000877454900325318,0.201411263672964));
#7689=CARTESIAN_POINT('',(0.0310977222864645,-0.000735916657228442,0.201439417379974));
#7690=CARTESIAN_POINT('',(0.0310977222864645,-0.000735916657228442,0.201439417379974));
#7691=CARTESIAN_POINT('',(0.0310977222864645,-0.000722683637373933,0.20142491126531));
#7692=CARTESIAN_POINT('',(0.0310977222864645,-0.00069629086781231,0.201395979355151));
#7693=CARTESIAN_POINT('',(0.0310977222864645,-0.000658434180195622,0.20135180714872));
#7694=CARTESIAN_POINT('',(0.0310977222864645,-0.000622026104407036,0.201307245071457));
#7695=CARTESIAN_POINT('',(0.0310977222864645,-0.000587213704503625,0.201262249296522));
#7696=CARTESIAN_POINT('',(0.0310977222864645,-0.000554006142954006,0.201216857353028));
#7697=CARTESIAN_POINT('',(0.0310977222864645,-0.000522456473847049,0.20117108445713));
#7698=CARTESIAN_POINT('',(0.0310977222864645,-0.0004926156673071,0.201124950835454));
#7699=CARTESIAN_POINT('',(0.0310977222864645,-0.000464547500823809,0.201078474242698));
#7700=CARTESIAN_POINT('',(0.0310977222864645,-0.000438330945195381,0.201031671303127));
#7701=CARTESIAN_POINT('',(0.0310977222864645,-0.000414060483889228,0.200984557352148));
#7702=CARTESIAN_POINT('',(0.0310977222864645,-0.000391881165989455,0.20093714230556));
#7703=CARTESIAN_POINT('',(0.0310977222864645,-0.00037191506106124,0.200889441393755));
#7704=CARTESIAN_POINT('',(0.0310977222864645,-0.000354641310781029,0.200841426016536));
#7705=CARTESIAN_POINT('',(0.0310977222864645,-0.000339730166606183,0.200793187948251));
#7706=CARTESIAN_POINT('',(0.0310977222864645,-0.000333913990087003,0.2007604702413));
#7707=CARTESIAN_POINT('',(0.0310977222864645,-0.000331015731106054,0.200744166680413));
#7708=CARTESIAN_POINT('',(0.0310977222864645,-0.000331015731106054,0.200744166680413));
#7709=CARTESIAN_POINT('',(0.0310977222864645,-0.000314117377292701,0.200553026963003));
#7710=CARTESIAN_POINT('',(0.0310977222864645,-0.000297219023479347,0.200361887245593));
#7711=CARTESIAN_POINT('',(0.0310977222864645,-3.07100265356519E-17,0.197));
#7712=CARTESIAN_POINT('',(0.0310977222864645,0.000297219023479304,0.200361887245593));
#7713=CARTESIAN_POINT('',(0.0310977222864645,0.000314117377292657,0.200553026963003));
#7714=CARTESIAN_POINT('',(0.0310977222864645,0.000331015731105999,0.200744166680413));
#7715=CARTESIAN_POINT('',(0.0310977222864645,0.000331015731105999,0.200744166680413));
#7716=CARTESIAN_POINT('',(0.0310977222864645,0.00033391399008699,0.2007604702413));
#7717=CARTESIAN_POINT('',(0.0310977222864645,0.000339730166606128,0.200793187948251));
#7718=CARTESIAN_POINT('',(0.0310977222864645,0.000354641310780973,0.200841426016536));
#7719=CARTESIAN_POINT('',(0.0310977222864645,0.000371915061061184,0.200889441393756));
#7720=CARTESIAN_POINT('',(0.0310977222864645,0.000391881165989399,0.20093714230556));
#7721=CARTESIAN_POINT('',(0.0310977222864645,0.000414060483889201,0.200984557352148));
#7722=CARTESIAN_POINT('',(0.0310977222864645,0.000438330945195311,0.201031671303127));
#7723=CARTESIAN_POINT('',(0.0310977222864645,0.000464547500823767,0.201078474242698));
#7724=CARTESIAN_POINT('',(0.0310977222864645,0.000492615667307031,0.201124950835454));
#7725=CARTESIAN_POINT('',(0.0310977222864645,0.000522456473847022,0.20117108445713));
#7726=CARTESIAN_POINT('',(0.0310977222864645,0.00055400614295395,0.201216857353028));
#7727=CARTESIAN_POINT('',(0.0310977222864645,0.000587213704503584,0.201262249296522));
#7728=CARTESIAN_POINT('',(0.0310977222864645,0.000622026104407009,0.201307245071457));
#7729=CARTESIAN_POINT('',(0.0310977222864645,0.00065843418019558,0.20135180714872));
#7730=CARTESIAN_POINT('',(0.0310977222864645,0.000696290867812269,0.201395979355151));
#7731=CARTESIAN_POINT('',(0.0310977222864645,0.000722683637373892,0.20142491126531));
#7732=CARTESIAN_POINT('',(0.0310977222864645,0.000735916657228414,0.201439417379974));
#7733=CARTESIAN_POINT('',(0.0310977222864645,0.000735916657228417,0.201439417379974));
#7734=CARTESIAN_POINT('',(0.0310977222864645,0.000877454900325271,0.201411263672964));
#7735=CARTESIAN_POINT('',(0.0310977222864645,0.00101899314342213,0.201383109965955));
#7736=CARTESIAN_POINT('',(0.0310977222864645,0.00101899314342213,0.201383109965955));
#7737=CARTESIAN_POINT('',(0.0310977222864645,0.00102566760986909,0.201364644006063));
#7738=CARTESIAN_POINT('',(0.0310977222864645,0.00103897958678882,0.201327814330785));
#7739=CARTESIAN_POINT('',(0.0310977222864645,0.00105705063407452,0.201272517406203));
#7740=CARTESIAN_POINT('',(0.0310977222864645,0.00107363414143338,0.201217414647685));
#7741=CARTESIAN_POINT('',(0.0310977222864645,0.00108857746758752,0.201162521843488));
#7742=CARTESIAN_POINT('',(0.0310977222864645,0.00110188650929022,0.20110787717232));
#7743=CARTESIAN_POINT('',(0.0310977222864645,0.00111351807392383,0.201053514994991));
#7744=CARTESIAN_POINT('',(0.0310977222864645,0.0011234328116291,0.200999473503892));
#7745=CARTESIAN_POINT('',(0.0310977222864645,0.00113157859411789,0.200945793508815));
#7746=CARTESIAN_POINT('',(0.0310977222864645,0.00113788882371617,0.200892520589391));
#7747=CARTESIAN_POINT('',(0.0310977222864645,0.00114228207768834,0.200839705070948));
#7748=CARTESIAN_POINT('',(0.0310977222864645,0.00114462814276692,0.20078741162237));
#7749=CARTESIAN_POINT('',(0.0310977222864645,0.00114482006979795,0.200735701028708));
#7750=CARTESIAN_POINT('',(0.0310977222864645,0.00114240424477105,0.200684730226402));
#7751=CARTESIAN_POINT('',(0.0310977222864645,0.00113772043613861,0.200634457814592));
#7752=CARTESIAN_POINT('',(0.0310977222864645,0.00113057335818677,0.200602004840396));
#7753=CARTESIAN_POINT('',(0.0310977222864645,0.00112701189769918,0.20058583319849));
#7754=CARTESIAN_POINT('',(0.0310977222864645,0.00112701189769919,0.20058583319849));
#7755=CARTESIAN_POINT('',(0.0310977222864645,0.00106947793780083,0.200402776405687));
#7756=CARTESIAN_POINT('',(0.0310977222864645,0.00101194397790246,0.200219719612884));
#7757=CARTESIAN_POINT('',(0.0310977222864645,5.04587691074754E-16,0.197));
#7758=CARTESIAN_POINT('',(0.0310977222864645,0.00156113312283352,0.199992238020745));
#7759=CARTESIAN_POINT('',(0.0310977222864645,0.00164989116917446,0.200162361373471));
#7760=CARTESIAN_POINT('',(0.0310977222864645,0.0017386492155154,0.200332484726197));
#7761=CARTESIAN_POINT('',(0.0310977222864645,0.0017386492155154,0.200332484726197));
#7762=CARTESIAN_POINT('',(0.0310977222864645,0.00174756596030789,0.200346438136713));
#7763=CARTESIAN_POINT('',(0.0310977222864645,0.00176545993114676,0.200374439602123));
#7764=CARTESIAN_POINT('',(0.0310977222864645,0.00179769594159811,0.200413299518266));
#7765=CARTESIAN_POINT('',(0.0310977222864645,0.00183202949529222,0.200451049564478));
#7766=CARTESIAN_POINT('',(0.0310977222864645,0.00186873011963552,0.200487478763011));
#7767=CARTESIAN_POINT('',(0.0310977222864645,0.0019073660902623,0.200522796896585));
#7768=CARTESIAN_POINT('',(0.0310977222864645,0.00194781880118079,0.200557036608153));
#7769=CARTESIAN_POINT('',(0.0310977222864645,0.00198995044989862,0.200590244244591));
#7770=CARTESIAN_POINT('',(0.0310977222864645,0.00203366787646784,0.200622441795088));
#7771=CARTESIAN_POINT('',(0.0310977222864645,0.00207889175955441,0.200653644121645));
#7772=CARTESIAN_POINT('',(0.0310977222864645,0.00212555638201162,0.200683859227646));
#7773=CARTESIAN_POINT('',(0.0310977222864645,0.00217360691318954,0.200713087931545));
#7774=CARTESIAN_POINT('',(0.0310977222864645,0.00222298851453216,0.200741336478374));
#7775=CARTESIAN_POINT('',(0.0310977222864645,0.00227367835925165,0.200768573702075));
#7776=CARTESIAN_POINT('',(0.0310977222864645,0.00232555734968143,0.200794896372347));
#7777=CARTESIAN_POINT('',(0.0310977222864645,0.00236101285197024,0.200811525896334));
#7778=CARTESIAN_POINT('',(0.0310977222864645,0.00237878981791707,0.20081986374131));
#7779=CARTESIAN_POINT('',(0.0310977222864645,0.00237878981791707,0.20081986374131));
#7780=CARTESIAN_POINT('',(0.0310977222864645,0.0024987801465498,0.20073968876696));
#7781=CARTESIAN_POINT('',(0.0310977222864645,0.00261877047518254,0.200659513792611));
#7782=CARTESIAN_POINT('',(0.0310977222864645,0.00261877047518254,0.200659513792611));
#7783=CARTESIAN_POINT('',(0.0310977222864645,0.00261787026120959,0.200639899262489));
#7784=CARTESIAN_POINT('',(0.0310977222864645,0.00261607481767478,0.200600778806291));
#7785=CARTESIAN_POINT('',(0.0310977222864645,0.00261160907149468,0.200542775619058));
#7786=CARTESIAN_POINT('',(0.0310977222864645,0.00260584332175831,0.200485521074761));
#7787=CARTESIAN_POINT('',(0.0310977222864645,0.00259864258821778,0.200429088173138));
#7788=CARTESIAN_POINT('',(0.0310977222864645,0.00259002692912108,0.200373509930124));
#7789=CARTESIAN_POINT('',(0.0310977222864645,0.00257996958900627,0.20031883462007));
#7790=CARTESIAN_POINT('',(0.0310977222864645,0.00256844882893853,0.200265112586682));
#7791=CARTESIAN_POINT('',(0.0310977222864645,0.00255543210589063,0.200212401481922));
#7792=CARTESIAN_POINT('',(0.0310977222864645,0.0025408753342048,0.200160768901708));
#7793=CARTESIAN_POINT('',(0.0310977222864645,0.0025247225477507,0.200110292499709));
#7794=CARTESIAN_POINT('',(0.0310977222864645,0.00250687819286698,0.200061081852648));
#7795=CARTESIAN_POINT('',(0.0310977222864645,0.00248726672285016,0.200013234046254));
#7796=CARTESIAN_POINT('',(0.0310977222864645,0.00246552910997697,0.199967067661461));
#7797=CARTESIAN_POINT('',(0.0310977222864645,0.00244196341594273,0.199922414425104));
#7798=CARTESIAN_POINT('',(0.0310977222864645,0.00242294116134963,0.199895166854797));
#7799=CARTESIAN_POINT('',(0.0310977222864645,0.002413462181468,0.199881589117757));
#7800=CARTESIAN_POINT('',(0.0310977222864645,0.002413462181468,0.199881589117757));
#7801=CARTESIAN_POINT('',(0.0310977222864645,0.0022902549317058,0.19973448398685));
#7802=CARTESIAN_POINT('',(0.0310977222864645,0.00216704768194361,0.199587378855943));
#7803=CARTESIAN_POINT('',(0.0310977222864645,-2.26164573180476E-16,0.197));
#7804=CARTESIAN_POINT('',(0.0310977222864645,0.00258737885594335,0.199167047681944));
#7805=CARTESIAN_POINT('',(0.0310977222864645,0.00273448398685017,0.199290254931706));
#7806=CARTESIAN_POINT('',(0.0310977222864645,0.00288158911775696,0.199413462181468));
#7807=CARTESIAN_POINT('',(0.0310977222864645,0.00288158911775696,0.199413462181468));
#7808=CARTESIAN_POINT('',(0.0310977222864645,0.00289516685479679,0.19942294116135));
#7809=CARTESIAN_POINT('',(0.0310977222864645,0.00292241442510444,0.199441963415943));
#7810=CARTESIAN_POINT('',(0.0310977222864645,0.00296706766146124,0.199465529109977));
#7811=CARTESIAN_POINT('',(0.0310977222864645,0.00301323404625375,0.19948726672285));
#7812=CARTESIAN_POINT('',(0.0310977222864645,0.00306108185264783,0.199506878192867));
#7813=CARTESIAN_POINT('',(0.0310977222864645,0.00311029249970962,0.19952472254775));
#7814=CARTESIAN_POINT('',(0.0310977222864645,0.00316076890170787,0.199540875334205));
#7815=CARTESIAN_POINT('',(0.0310977222864645,0.00321240148192216,0.199555432105891));
#7816=CARTESIAN_POINT('',(0.0310977222864645,0.00326511258668165,0.199568448828938));
#7817=CARTESIAN_POINT('',(0.0310977222864645,0.00331883462007037,0.199579969589007));
#7818=CARTESIAN_POINT('',(0.0310977222864645,0.00337350993012462,0.199590026929121));
#7819=CARTESIAN_POINT('',(0.0310977222864645,0.00342908817313813,0.199598642588218));
#7820=CARTESIAN_POINT('',(0.0310977222864645,0.00348552107476085,0.199605843321759));
#7821=CARTESIAN_POINT('',(0.0310977222864645,0.00354277561905729,0.199611609071495));
#7822=CARTESIAN_POINT('',(0.0310977222864645,0.00360077880629147,0.199616074817675));
#7823=CARTESIAN_POINT('',(0.0310977222864645,0.00363989926248891,0.19961787026121));
#7824=CARTESIAN_POINT('',(0.0310977222864645,0.00365951379261126,0.199618770475183));
#7825=CARTESIAN_POINT('',(0.0310977222864645,0.00365951379261124,0.199618770475183));
#7826=CARTESIAN_POINT('',(0.0310977222864645,0.00373968876696056,0.19949878014655));
#7827=CARTESIAN_POINT('',(0.0310977222864645,0.00381986374130987,0.199378789817917));
#7828=CARTESIAN_POINT('',(0.0310977222864645,0.00381986374130987,0.199378789817917));
#7829=CARTESIAN_POINT('',(0.0310977222864645,0.00381152589633395,0.19936101285197));
#7830=CARTESIAN_POINT('',(0.0310977222864645,0.00379489637234702,0.199325557349682));
#7831=CARTESIAN_POINT('',(0.0310977222864645,0.00376857370207495,0.199273678359251));
#7832=CARTESIAN_POINT('',(0.0310977222864645,0.00374133647837407,0.199222988514532));
#7833=CARTESIAN_POINT('',(0.0310977222864645,0.00371308793154561,0.199173606913189));
#7834=CARTESIAN_POINT('',(0.0310977222864645,0.00368385922764583,0.199125556382012));
#7835=CARTESIAN_POINT('',(0.0310977222864645,0.00365364412164508,0.199078891759555));
#7836=CARTESIAN_POINT('',(0.0310977222864645,0.0036224417950887,0.199033667876468));
#7837=CARTESIAN_POINT('',(0.0310977222864645,0.00359024424459126,0.198989950449899));
#7838=CARTESIAN_POINT('',(0.0310977222864645,0.003557036608153,0.198947818801181));
#7839=CARTESIAN_POINT('',(0.0310977222864645,0.0035227968965849,0.198907366090262));
#7840=CARTESIAN_POINT('',(0.0310977222864645,0.00348747876301045,0.198868730119635));
#7841=CARTESIAN_POINT('',(0.0310977222864645,0.00345104956447743,0.198832029495292));
#7842=CARTESIAN_POINT('',(0.0310977222864645,0.00341329951826596,0.198797695941598));
#7843=CARTESIAN_POINT('',(0.0310977222864645,0.00337443960212306,0.198765459931147));
#7844=CARTESIAN_POINT('',(0.0310977222864645,0.00334643813671333,0.198747565960308));
#7845=CARTESIAN_POINT('',(0.0310977222864645,0.00333248472619746,0.198738649215516));
#7846=CARTESIAN_POINT('',(0.0310977222864645,0.00333248472619744,0.198738649215516));
#7847=CARTESIAN_POINT('',(0.0310977222864645,0.00316236137347121,0.198649891169175));
#7848=CARTESIAN_POINT('',(0.0310977222864645,0.002992238020745,0.198561133122834));
#7849=CARTESIAN_POINT('',(0.0310977222864645,-2.09901540593193E-16,0.197));
#7850=CARTESIAN_POINT('',(0.0310977222864645,0.00321971961288352,0.198011943977902));
#7851=CARTESIAN_POINT('',(0.0310977222864645,0.00340277640568698,0.198069477937801));
#7852=CARTESIAN_POINT('',(0.0310977222864645,0.00358583319849043,0.198127011897699));
#7853=CARTESIAN_POINT('',(0.0310977222864645,0.00358583319849043,0.198127011897699));
#7854=CARTESIAN_POINT('',(0.0310977222864645,0.00360200484039574,0.198130573358187));
#7855=CARTESIAN_POINT('',(0.0310977222864645,0.00363445781459265,0.198137720436139));
#7856=CARTESIAN_POINT('',(0.0310977222864645,0.0036847302264022,0.198142404244771));
#7857=CARTESIAN_POINT('',(0.0310977222864645,0.00373570102870777,0.198144820069798));
#7858=CARTESIAN_POINT('',(0.0310977222864645,0.00378741162237059,0.198144628142767));
#7859=CARTESIAN_POINT('',(0.0310977222864645,0.00383970507094783,0.198142282077688));
#7860=CARTESIAN_POINT('',(0.0310977222864645,0.00389252058939138,0.198137888823716));
#7861=CARTESIAN_POINT('',(0.0310977222864645,0.00394579350881497,0.198131578594118));
#7862=CARTESIAN_POINT('',(0.0310977222864645,0.00399947350389243,0.198123432811629));
#7863=CARTESIAN_POINT('',(0.0310977222864645,0.00405351499499135,0.198113518073924));
#7864=CARTESIAN_POINT('',(0.0310977222864645,0.00410787717231978,0.19810188650929));
#7865=CARTESIAN_POINT('',(0.0310977222864645,0.00416252184348812,0.198088577467587));
#7866=CARTESIAN_POINT('',(0.0310977222864645,0.00421741464768441,0.198073634141434));
#7867=CARTESIAN_POINT('',(0.0310977222864645,0.00427251740620244,0.198057050634074));
#7868=CARTESIAN_POINT('',(0.0310977222864645,0.00432781433078474,0.198038979586789));
#7869=CARTESIAN_POINT('',(0.0310977222864645,0.00436464400606263,0.198025667609869));
#7870=CARTESIAN_POINT('',(0.0310977222864645,0.00438310996595548,0.198018993143422));
#7871=CARTESIAN_POINT('',(0.0310977222864645,0.0043831099659555,0.198018993143422));
#7872=CARTESIAN_POINT('',(0.0310977222864645,0.00441126367296466,0.197877454900325));
#7873=CARTESIAN_POINT('',(0.0310977222864645,0.0044394173799738,0.197735916657229));
#7874=CARTESIAN_POINT('',(0.0310977222864645,0.0044394173799738,0.197735916657229));
#7875=CARTESIAN_POINT('',(0.0310977222864645,0.00442491126530972,0.197722683637374));
#7876=CARTESIAN_POINT('',(0.0310977222864645,0.00439597935515071,0.197696290867813));
#7877=CARTESIAN_POINT('',(0.0310977222864645,0.00435180714872,0.197658434180195));
#7878=CARTESIAN_POINT('',(0.0310977222864645,0.004307245071457,0.197622026104407));
#7879=CARTESIAN_POINT('',(0.0310977222864645,0.00426224929652152,0.197587213704503));
#7880=CARTESIAN_POINT('',(0.0310977222864645,0.00421685735302854,0.197554006142954));
#7881=CARTESIAN_POINT('',(0.0310977222864645,0.00417108445712983,0.197522456473847));
#7882=CARTESIAN_POINT('',(0.0310977222864645,0.00412495083545322,0.197492615667307));
#7883=CARTESIAN_POINT('',(0.0310977222864645,0.00407847424269795,0.197464547500824));
#7884=CARTESIAN_POINT('',(0.0310977222864645,0.00403167130312704,0.197438330945195));
#7885=CARTESIAN_POINT('',(0.0310977222864645,0.00398455735214742,0.197414060483889));
#7886=CARTESIAN_POINT('',(0.0310977222864645,0.00393714230555928,0.197391881165989));
#7887=CARTESIAN_POINT('',(0.0310977222864645,0.00388944139375519,0.197371915061061));
#7888=CARTESIAN_POINT('',(0.0310977222864645,0.00384142601653609,0.197354641310781));
#7889=CARTESIAN_POINT('',(0.0310977222864645,0.00379318794825129,0.197339730166606));
#7890=CARTESIAN_POINT('',(0.0310977222864645,0.00376047024129966,0.197333913990087));
#7891=CARTESIAN_POINT('',(0.0310977222864645,0.00374416668041261,0.197331015731106));
#7892=CARTESIAN_POINT('',(0.0310977222864645,0.00374416668041261,0.197331015731106));
#7893=CARTESIAN_POINT('',(0.0310977222864645,0.00355302696300287,0.197314117377293));
#7894=CARTESIAN_POINT('',(0.0310977222864645,0.00336188724559314,0.197297219023479));
#7895=CARTESIAN_POINT('',(0.0310977222864645,-1.66099772824779E-16,0.197));
#7896=CARTESIAN_POINT('',(0.0310977222864645,0.00336188724559314,0.196702780976521));
#7897=CARTESIAN_POINT('',(0.0310977222864645,0.00355302696300287,0.196685882622708));
#7898=CARTESIAN_POINT('',(0.0310977222864645,0.00374416668041261,0.196668984268894));
#7899=CARTESIAN_POINT('',(0.0310977222864645,0.00374416668041261,0.196668984268894));
#7900=CARTESIAN_POINT('',(0.0310977222864645,0.00376047024129966,0.196666086009913));
#7901=CARTESIAN_POINT('',(0.0310977222864645,0.00379318794825129,0.196660269833394));
#7902=CARTESIAN_POINT('',(0.0310977222864645,0.00384142601653612,0.196645358689219));
#7903=CARTESIAN_POINT('',(0.0310977222864645,0.00388944139375519,0.196628084938939));
#7904=CARTESIAN_POINT('',(0.0310977222864645,0.00393714230555928,0.19660811883401));
#7905=CARTESIAN_POINT('',(0.0310977222864645,0.00398455735214742,0.196585939516111));
#7906=CARTESIAN_POINT('',(0.0310977222864645,0.00403167130312704,0.196561669054804));
#7907=CARTESIAN_POINT('',(0.0310977222864645,0.00407847424269797,0.196535452499176));
#7908=CARTESIAN_POINT('',(0.0310977222864645,0.00412495083545319,0.196507384332693));
#7909=CARTESIAN_POINT('',(0.0310977222864645,0.00417108445712986,0.196477543526153));
#7910=CARTESIAN_POINT('',(0.0310977222864645,0.00421685735302857,0.196445993857046));
#7911=CARTESIAN_POINT('',(0.0310977222864645,0.0042622492965215,0.196412786295496));
#7912=CARTESIAN_POINT('',(0.0310977222864645,0.00430724507145702,0.196377973895593));
#7913=CARTESIAN_POINT('',(0.0310977222864645,0.00435180714871997,0.196341565819804));
#7914=CARTESIAN_POINT('',(0.0310977222864645,0.00439597935515071,0.196303709132188));
#7915=CARTESIAN_POINT('',(0.0310977222864645,0.00442491126530975,0.196277316362626));
#7916=CARTESIAN_POINT('',(0.0310977222864645,0.0044394173799738,0.196264083342772));
#7917=CARTESIAN_POINT('',(0.0310977222864645,0.0044394173799738,0.196264083342772));
#7918=CARTESIAN_POINT('',(0.0310977222864645,0.00441126367296465,0.196122545099675));
#7919=CARTESIAN_POINT('',(0.0310977222864645,0.00438310996595551,0.195981006856578));
#7920=CARTESIAN_POINT('',(0.0310977222864645,0.00438310996595551,0.195981006856578));
#7921=CARTESIAN_POINT('',(0.0310977222864645,0.00436464400606263,0.195974332390131));
#7922=CARTESIAN_POINT('',(0.0310977222864645,0.00432781433078477,0.195961020413211));
#7923=CARTESIAN_POINT('',(0.0310977222864645,0.00427251740620244,0.195942949365925));
#7924=CARTESIAN_POINT('',(0.0310977222864645,0.00421741464768441,0.195926365858567));
#7925=CARTESIAN_POINT('',(0.0310977222864645,0.00416252184348814,0.195911422532412));
#7926=CARTESIAN_POINT('',(0.0310977222864645,0.00410787717231978,0.19589811349071));
#7927=CARTESIAN_POINT('',(0.0310977222864645,0.00405351499499135,0.195886481926076));
#7928=CARTESIAN_POINT('',(0.0310977222864645,0.00399947350389243,0.195876567188371));
#7929=CARTESIAN_POINT('',(0.0310977222864645,0.00394579350881499,0.195868421405882));
#7930=CARTESIAN_POINT('',(0.0310977222864645,0.00389252058939135,0.195862111176284));
#7931=CARTESIAN_POINT('',(0.0310977222864645,0.00383970507094783,0.195857717922312));
#7932=CARTESIAN_POINT('',(0.0310977222864645,0.00378741162237059,0.195855371857233));
#7933=CARTESIAN_POINT('',(0.0310977222864645,0.00373570102870777,0.195855179930202));
#7934=CARTESIAN_POINT('',(0.0310977222864645,0.00368473022640217,0.195857595755229));
#7935=CARTESIAN_POINT('',(0.0310977222864645,0.00363445781459265,0.195862279563862));
#7936=CARTESIAN_POINT('',(0.0310977222864645,0.00360200484039574,0.195869426641813));
#7937=CARTESIAN_POINT('',(0.0310977222864645,0.00358583319849043,0.195872988102301));
#7938=CARTESIAN_POINT('',(0.0310977222864645,0.00358583319849043,0.195872988102301));
#7939=CARTESIAN_POINT('',(0.0310977222864645,0.00340277640568696,0.195930522062199));
#7940=CARTESIAN_POINT('',(0.0310977222864645,0.00321971961288351,0.195988056022097));
#7941=CARTESIAN_POINT('',(0.0310977222864645,2.38481109859912E-15,0.197));
#7942=CARTESIAN_POINT('',(0.0310977222864645,0.00299223802074498,0.195438866877166));
#7943=CARTESIAN_POINT('',(0.0310977222864645,0.0031623613734712,0.195350108830826));
#7944=CARTESIAN_POINT('',(0.0310977222864645,0.00333248472619743,0.195261350784485));
#7945=CARTESIAN_POINT('',(0.0310977222864645,0.00333248472619743,0.195261350784485));
#7946=CARTESIAN_POINT('',(0.0310977222864645,0.00334643813671331,0.195252434039692));
#7947=CARTESIAN_POINT('',(0.0310977222864645,0.00337443960212306,0.195234540068853));
#7948=CARTESIAN_POINT('',(0.0310977222864645,0.00341329951826594,0.195202304058402));
#7949=CARTESIAN_POINT('',(0.0310977222864645,0.00345104956447742,0.195167970504708));
#7950=CARTESIAN_POINT('',(0.0310977222864645,0.00348747876301045,0.195131269880364));
#7951=CARTESIAN_POINT('',(0.0310977222864645,0.00352279689658488,0.195092633909737));
#7952=CARTESIAN_POINT('',(0.0310977222864645,0.00355703660815298,0.195052181198819));
#7953=CARTESIAN_POINT('',(0.0310977222864645,0.00359024424459123,0.195010049550102));
#7954=CARTESIAN_POINT('',(0.0310977222864645,0.00362244179508867,0.194966332123532));
#7955=CARTESIAN_POINT('',(0.0310977222864645,0.00365364412164507,0.194921108240446));
#7956=CARTESIAN_POINT('',(0.0310977222864645,0.00368385922764583,0.194874443617989));
#7957=CARTESIAN_POINT('',(0.0310977222864645,0.00371308793154559,0.19482639308681));
#7958=CARTESIAN_POINT('',(0.0310977222864645,0.00374133647837407,0.194777011485468));
#7959=CARTESIAN_POINT('',(0.0310977222864645,0.00376857370207492,0.194726321640748));
#7960=CARTESIAN_POINT('',(0.0310977222864645,0.00379489637234701,0.194674442650318));
#7961=CARTESIAN_POINT('',(0.0310977222864645,0.00381152589633394,0.19463898714803));
#7962=CARTESIAN_POINT('',(0.0310977222864645,0.00381986374130985,0.194621210182083));
#7963=CARTESIAN_POINT('',(0.0310977222864645,0.00381986374130986,0.194621210182083));
#7964=CARTESIAN_POINT('',(0.0310977222864645,0.00373968876696055,0.19450121985345));
#7965=CARTESIAN_POINT('',(0.0310977222864645,0.00365951379261123,0.194381229524818));
#7966=CARTESIAN_POINT('',(0.0310977222864645,0.00365951379261123,0.194381229524818));
#7967=CARTESIAN_POINT('',(0.0310977222864645,0.0036398992624889,0.19438212973879));
#7968=CARTESIAN_POINT('',(0.0310977222864645,0.00360077880629145,0.194383925182325));
#7969=CARTESIAN_POINT('',(0.0310977222864645,0.0035427756190573,0.194388390928506));
#7970=CARTESIAN_POINT('',(0.0310977222864645,0.00348552107476083,0.194394156678242));
#7971=CARTESIAN_POINT('',(0.0310977222864645,0.00342908817313811,0.194401357411782));
#7972=CARTESIAN_POINT('',(0.0310977222864645,0.00337350993012458,0.194409973070879));
#7973=CARTESIAN_POINT('',(0.0310977222864645,0.00331883462007035,0.194420030410994));
#7974=CARTESIAN_POINT('',(0.0310977222864645,0.00326511258668163,0.194431551171061));
#7975=CARTESIAN_POINT('',(0.0310977222864645,0.00321240148192215,0.194444567894109));
#7976=CARTESIAN_POINT('',(0.0310977222864645,0.00316076890170786,0.194459124665795));
#7977=CARTESIAN_POINT('',(0.0310977222864645,0.0031102924997096,0.19447527745225));
#7978=CARTESIAN_POINT('',(0.0310977222864645,0.00306108185264781,0.194493121807133));
#7979=CARTESIAN_POINT('',(0.0310977222864645,0.00301323404625372,0.19451273327715));
#7980=CARTESIAN_POINT('',(0.0310977222864645,0.00296706766146121,0.194534470890023));
#7981=CARTESIAN_POINT('',(0.0310977222864645,0.00292241442510441,0.194558036584058));
#7982=CARTESIAN_POINT('',(0.0310977222864645,0.00289516685479676,0.194577058838651));
#7983=CARTESIAN_POINT('',(0.0310977222864645,0.00288158911775696,0.194586537818532));
#7984=CARTESIAN_POINT('',(0.0310977222864645,0.00288158911775696,0.194586537818532));
#7985=CARTESIAN_POINT('',(0.0310977222864645,0.00273448398685014,0.194709745068294));
#7986=CARTESIAN_POINT('',(0.0310977222864645,0.00258737885594334,0.194832952318057));
#7987=CARTESIAN_POINT('',(0.0310977222864645,8.19223161530047E-16,0.197));
#7988=CARTESIAN_POINT('',(0.0310977222864645,0.00216704768194359,0.194412621144056));
#7989=CARTESIAN_POINT('',(0.0310977222864645,0.00229025493170577,0.19426551601315));
#7990=CARTESIAN_POINT('',(0.0310977222864645,0.00241346218146796,0.194118410882243));
#7991=CARTESIAN_POINT('',(0.0310977222864645,0.00241346218146796,0.194118410882243));
#7992=CARTESIAN_POINT('',(0.0310977222864645,0.00242294116134958,0.194104833145203));
#7993=CARTESIAN_POINT('',(0.0310977222864645,0.00244196341594272,0.194077585574896));
#7994=CARTESIAN_POINT('',(0.0310977222864645,0.00246552910997694,0.194032932338539));
#7995=CARTESIAN_POINT('',(0.0310977222864645,0.00248726672285015,0.193986765953747));
#7996=CARTESIAN_POINT('',(0.0310977222864645,0.00250687819286696,0.193938918147352));
#7997=CARTESIAN_POINT('',(0.0310977222864645,0.00252472254775066,0.19388970750029));
#7998=CARTESIAN_POINT('',(0.0310977222864645,0.00254087533420478,0.193839231098292));
#7999=CARTESIAN_POINT('',(0.0310977222864645,0.00255543210589057,0.193787598518078));
#8000=CARTESIAN_POINT('',(0.0310977222864645,0.0025684488289385,0.193734887413319));
#8001=CARTESIAN_POINT('',(0.0310977222864645,0.00257996958900625,0.19368116537993));
#8002=CARTESIAN_POINT('',(0.0310977222864645,0.00259002692912105,0.193626490069876));
#8003=CARTESIAN_POINT('',(0.0310977222864645,0.00259864258821776,0.193570911826862));
#8004=CARTESIAN_POINT('',(0.0310977222864645,0.00260584332175828,0.193514478925239));
#8005=CARTESIAN_POINT('',(0.0310977222864645,0.00261160907149463,0.193457224380943));
#8006=CARTESIAN_POINT('',(0.0310977222864645,0.00261607481767473,0.193399221193709));
#8007=CARTESIAN_POINT('',(0.0310977222864645,0.00261787026120955,0.193360100737511));
#8008=CARTESIAN_POINT('',(0.0310977222864645,0.0026187704751825,0.193340486207389));
#8009=CARTESIAN_POINT('',(0.0310977222864645,0.00261877047518249,0.193340486207389));
#8010=CARTESIAN_POINT('',(0.0310977222864645,0.00249878014654975,0.193260311233039));
#8011=CARTESIAN_POINT('',(0.0310977222864645,0.00237878981791701,0.19318013625869));
#8012=CARTESIAN_POINT('',(0.0310977222864645,0.00237878981791701,0.19318013625869));
#8013=CARTESIAN_POINT('',(0.0310977222864645,0.00236101285197018,0.193188474103666));
#8014=CARTESIAN_POINT('',(0.0310977222864645,0.0023255573496814,0.193205103627653));
#8015=CARTESIAN_POINT('',(0.0310977222864645,0.00227367835925163,0.193231426297925));
#8016=CARTESIAN_POINT('',(0.0310977222864645,0.00222298851453212,0.193258663521626));
#8017=CARTESIAN_POINT('',(0.0310977222864645,0.00217360691318949,0.193286912068454));
#8018=CARTESIAN_POINT('',(0.0310977222864645,0.00212555638201156,0.193316140772354));
#8019=CARTESIAN_POINT('',(0.0310977222864645,0.00207889175955436,0.193346355878355));
#8020=CARTESIAN_POINT('',(0.0310977222864645,0.00203366787646783,0.193377558204911));
#8021=CARTESIAN_POINT('',(0.0310977222864645,0.00198995044989858,0.193409755755409));
#8022=CARTESIAN_POINT('',(0.0310977222864645,0.00194781880118075,0.193442963391847));
#8023=CARTESIAN_POINT('',(0.0310977222864645,0.00190736609026227,0.193477203103415));
#8024=CARTESIAN_POINT('',(0.0310977222864645,0.00186873011963548,0.19351252123699));
#8025=CARTESIAN_POINT('',(0.0310977222864645,0.00183202949529218,0.193548950435523));
#8026=CARTESIAN_POINT('',(0.0310977222864645,0.00179769594159809,0.193586700481734));
#8027=CARTESIAN_POINT('',(0.0310977222864645,0.00176545993114674,0.193625560397877));
#8028=CARTESIAN_POINT('',(0.0310977222864645,0.00174756596030784,0.193653561863286));
#8029=CARTESIAN_POINT('',(0.0310977222864645,0.00173864921551537,0.193667515273802));
#8030=CARTESIAN_POINT('',(0.0310977222864645,0.00173864921551537,0.193667515273802));
#8031=CARTESIAN_POINT('',(0.0310977222864645,0.00164989116917443,0.193837638626529));
#8032=CARTESIAN_POINT('',(0.0310977222864645,0.00156113312283349,0.194007761979255));
#8033=CARTESIAN_POINT('',(0.0310977222864645,-2.07050088879557E-15,0.197000000000005));
#8034=CARTESIAN_POINT('',(0.0310977222864645,0.00101194397790246,0.193780280387117));
#8035=CARTESIAN_POINT('',(0.0310977222864645,0.00106947793780081,0.193597223594313));
#8036=CARTESIAN_POINT('',(0.0310977222864645,0.00112701189769918,0.193414166801509));
#8037=CARTESIAN_POINT('',(0.0310977222864645,0.00112701189769918,0.193414166801509));
#8038=CARTESIAN_POINT('',(0.0310977222864645,0.00113057335818675,0.193397995159604));
#8039=CARTESIAN_POINT('',(0.0310977222864645,0.00113772043613863,0.193365542185407));
#8040=CARTESIAN_POINT('',(0.0310977222864645,0.00114240424477105,0.193315269773598));
#8041=CARTESIAN_POINT('',(0.0310977222864645,0.00114482006979796,0.193264298971292));
#8042=CARTESIAN_POINT('',(0.0310977222864645,0.00114462814276692,0.193212588377629));
#8043=CARTESIAN_POINT('',(0.0310977222864645,0.00114228207768835,0.193160294929052));
#8044=CARTESIAN_POINT('',(0.0310977222864645,0.00113788882371615,0.193107479410608));
#8045=CARTESIAN_POINT('',(0.0310977222864645,0.00113157859411789,0.193054206491185));
#8046=CARTESIAN_POINT('',(0.0310977222864645,0.0011234328116291,0.193000526496108));
#8047=CARTESIAN_POINT('',(0.0310977222864645,0.00111351807392382,0.192946485005008));
#8048=CARTESIAN_POINT('',(0.0310977222864645,0.00110188650929022,0.19289212282768));
#8049=CARTESIAN_POINT('',(0.0310977222864645,0.00108857746758753,0.192837478156512));
#8050=CARTESIAN_POINT('',(0.0310977222864645,0.00107363414143338,0.192782585352316));
#8051=CARTESIAN_POINT('',(0.0310977222864645,0.00105705063407449,0.192727482593797));
#8052=CARTESIAN_POINT('',(0.0310977222864645,0.00103897958678883,0.192672185669215));
#8053=CARTESIAN_POINT('',(0.0310977222864645,0.00102566760986908,0.192635355993937));
#8054=CARTESIAN_POINT('',(0.0310977222864645,0.00101899314342213,0.192616890034045));
#8055=CARTESIAN_POINT('',(0.0310977222864645,0.00101899314342213,0.192616890034045));
#8056=CARTESIAN_POINT('',(0.0310977222864645,0.000877454900325257,0.192588736327036));
#8057=CARTESIAN_POINT('',(0.0310977222864645,0.000735916657228386,0.192560582620026));
#8058=CARTESIAN_POINT('',(0.0310977222864645,0.000735916657228386,0.192560582620026));
#8059=CARTESIAN_POINT('',(0.0310977222864645,0.000722683637373878,0.192575088734691));
#8060=CARTESIAN_POINT('',(0.0310977222864645,0.000696290867812255,0.19260402064485));
#8061=CARTESIAN_POINT('',(0.0310977222864645,0.000658434180195566,0.19264819285128));
#8062=CARTESIAN_POINT('',(0.0310977222864645,0.000622026104407009,0.192692754928543));
#8063=CARTESIAN_POINT('',(0.0310977222864645,0.00058721370450357,0.192737750703478));
#8064=CARTESIAN_POINT('',(0.0310977222864645,0.00055400614295395,0.192783142646972));
#8065=CARTESIAN_POINT('',(0.0310977222864645,0.000522456473847022,0.19282891554287));
#8066=CARTESIAN_POINT('',(0.0310977222864645,0.000492615667307045,0.192875049164547));
#8067=CARTESIAN_POINT('',(0.0310977222864645,0.000464547500823781,0.192921525757302));
#8068=CARTESIAN_POINT('',(0.0310977222864645,0.000438330945195326,0.192968328696873));
#8069=CARTESIAN_POINT('',(0.0310977222864645,0.000414060483889201,0.193015442647853));
#8070=CARTESIAN_POINT('',(0.0310977222864645,0.000391881165989399,0.193062857694441));
#8071=CARTESIAN_POINT('',(0.0310977222864645,0.000371915061061184,0.193110558606245));
#8072=CARTESIAN_POINT('',(0.0310977222864645,0.000354641310780973,0.193158573983464));
#8073=CARTESIAN_POINT('',(0.0310977222864645,0.000339730166606128,0.193206812051748));
#8074=CARTESIAN_POINT('',(0.0310977222864645,0.000333913990086976,0.1932395297587));
#8075=CARTESIAN_POINT('',(0.0310977222864645,0.000331015731105999,0.193255833319588));
#8076=CARTESIAN_POINT('',(0.0310977222864645,0.000331015731105999,0.193255833319588));
#8077=CARTESIAN_POINT('',(0.0310977222864645,0.000314117377292644,0.193446973036997));
#8078=CARTESIAN_POINT('',(0.0310977222864645,0.000297219023479292,0.193638112754407));
#8079=CARTESIAN_POINT('',(0.0310977222864645,-3.16044933279524E-17,0.197));
#8080=CARTESIAN_POINT('',(0.0310977222864645,-0.000297219023479362,0.193638112754407));
#8081=CARTESIAN_POINT('',(0.0310977222864645,-0.000314117377292715,0.193446973036997));
#8082=CARTESIAN_POINT('',(0.0310977222864645,-0.000331015731106054,0.193255833319588));
#8083=CARTESIAN_POINT('',(0.0310977222864645,-0.000331015731106054,0.193255833319588));
#8084=CARTESIAN_POINT('',(0.0310977222864645,-0.000333913990087045,0.1932395297587));
#8085=CARTESIAN_POINT('',(0.0310977222864645,-0.000339730166606183,0.193206812051748));
#8086=CARTESIAN_POINT('',(0.0310977222864645,-0.000354641310781029,0.193158573983464));
#8087=CARTESIAN_POINT('',(0.0310977222864645,-0.000371915061061253,0.193110558606245));
#8088=CARTESIAN_POINT('',(0.0310977222864645,-0.000391881165989469,0.193062857694441));
#8089=CARTESIAN_POINT('',(0.0310977222864645,-0.00041406048388927,0.193015442647853));
#8090=CARTESIAN_POINT('',(0.0310977222864645,-0.000438330945195381,0.192968328696873));
#8091=CARTESIAN_POINT('',(0.0310977222864645,-0.000464547500823823,0.192921525757302));
#8092=CARTESIAN_POINT('',(0.0310977222864645,-0.0004926156673071,0.192875049164547));
#8093=CARTESIAN_POINT('',(0.0310977222864645,-0.000522456473847077,0.19282891554287));
#8094=CARTESIAN_POINT('',(0.0310977222864645,-0.000554006142954006,0.192783142646972));
#8095=CARTESIAN_POINT('',(0.0310977222864645,-0.000587213704503639,0.192737750703478));
#8096=CARTESIAN_POINT('',(0.0310977222864645,-0.000622026104407064,0.192692754928543));
#8097=CARTESIAN_POINT('',(0.0310977222864645,-0.000658434180195636,0.19264819285128));
#8098=CARTESIAN_POINT('',(0.0310977222864645,-0.000696290867812338,0.19260402064485));
#8099=CARTESIAN_POINT('',(0.0310977222864645,-0.000722683637373947,0.19257508873469));
#8100=CARTESIAN_POINT('',(0.0310977222864645,-0.000735916657228469,0.192560582620026));
#8101=CARTESIAN_POINT('',(0.0310977222864645,-0.000735916657228473,0.192560582620026));
#8102=CARTESIAN_POINT('',(0.0310977222864645,-0.000877454900325333,0.192588736327036));
#8103=CARTESIAN_POINT('',(0.0310977222864645,-0.0010189931434222,0.192616890034045));
#8104=CARTESIAN_POINT('',(0.0310977222864645,-0.0010189931434222,0.192616890034045));
#8105=CARTESIAN_POINT('',(0.0310977222864645,-0.00102566760986916,0.192635355993937));
#8106=CARTESIAN_POINT('',(0.0310977222864645,-0.00103897958678889,0.192672185669215));
#8107=CARTESIAN_POINT('',(0.0310977222864645,-0.00105705063407457,0.192727482593797));
#8108=CARTESIAN_POINT('',(0.0310977222864645,-0.00107363414143344,0.192782585352316));
#8109=CARTESIAN_POINT('',(0.0310977222864645,-0.00108857746758759,0.192837478156512));
#8110=CARTESIAN_POINT('',(0.0310977222864645,-0.00110188650929027,0.19289212282768));
#8111=CARTESIAN_POINT('',(0.0310977222864645,-0.00111351807392389,0.192946485005008));
#8112=CARTESIAN_POINT('',(0.0310977222864645,-0.00112343281162916,0.193000526496108));
#8113=CARTESIAN_POINT('',(0.0310977222864645,-0.00113157859411796,0.193054206491185));
#8114=CARTESIAN_POINT('',(0.0310977222864645,-0.00113788882371624,0.193107479410608));
#8115=CARTESIAN_POINT('',(0.0310977222864645,-0.00114228207768841,0.193160294929052));
#8116=CARTESIAN_POINT('',(0.0310977222864645,-0.00114462814276697,0.193212588377629));
#8117=CARTESIAN_POINT('',(0.0310977222864645,-0.00114482006979802,0.193264298971292));
#8118=CARTESIAN_POINT('',(0.0310977222864645,-0.00114240424477111,0.193315269773598));
#8119=CARTESIAN_POINT('',(0.0310977222864645,-0.00113772043613868,0.193365542185407));
#8120=CARTESIAN_POINT('',(0.0310977222864645,-0.00113057335818682,0.193397995159604));
#8121=CARTESIAN_POINT('',(0.0310977222864645,-0.00112701189769925,0.193414166801509));
#8122=CARTESIAN_POINT('',(0.0310977222864645,-0.00112701189769924,0.193414166801509));
#8123=CARTESIAN_POINT('',(0.0310977222864645,-0.00106947793780088,0.193597223594313));
#8124=CARTESIAN_POINT('',(0.0310977222864645,-0.00101194397790252,0.193780280387117));
#8125=CARTESIAN_POINT('',(0.0310977222864645,2.03146961058609E-15,0.197000000000005));
#8126=CARTESIAN_POINT('',(0.0310977222864645,-0.00156113312283356,0.194007761979255));
#8127=CARTESIAN_POINT('',(0.0310977222864645,-0.00164989116917451,0.193837638626529));
#8128=CARTESIAN_POINT('',(0.0310977222864645,-0.00173864921551544,0.193667515273802));
#8129=CARTESIAN_POINT('',(0.0310977222864645,-0.00173864921551544,0.193667515273802));
#8130=CARTESIAN_POINT('',(0.0310977222864645,-0.00174756596030793,0.193653561863286));
#8131=CARTESIAN_POINT('',(0.0310977222864645,-0.00176545993114681,0.193625560397877));
#8132=CARTESIAN_POINT('',(0.0310977222864645,-0.00179769594159816,0.193586700481734));
#8133=CARTESIAN_POINT('',(0.0310977222864645,-0.00183202949529226,0.193548950435523));
#8134=CARTESIAN_POINT('',(0.0310977222864645,-0.00186873011963556,0.19351252123699));
#8135=CARTESIAN_POINT('',(0.0310977222864645,-0.00190736609026234,0.193477203103415));
#8136=CARTESIAN_POINT('',(0.0310977222864645,-0.00194781880118083,0.193442963391847));
#8137=CARTESIAN_POINT('',(0.0310977222864645,-0.00198995044989867,0.193409755755409));
#8138=CARTESIAN_POINT('',(0.0310977222864645,-0.00203366787646789,0.193377558204911));
#8139=CARTESIAN_POINT('',(0.0310977222864645,-0.00207889175955445,0.193346355878355));
#8140=CARTESIAN_POINT('',(0.0310977222864645,-0.00212555638201167,0.193316140772354));
#8141=CARTESIAN_POINT('',(0.0310977222864645,-0.00217360691318958,0.193286912068454));
#8142=CARTESIAN_POINT('',(0.0310977222864645,-0.0022229885145322,0.193258663521626));
#8143=CARTESIAN_POINT('',(0.0310977222864645,-0.00227367835925169,0.193231426297925));
#8144=CARTESIAN_POINT('',(0.0310977222864645,-0.00232555734968147,0.193205103627653));
#8145=CARTESIAN_POINT('',(0.0310977222864645,-0.00236101285197028,0.193188474103666));
#8146=CARTESIAN_POINT('',(0.0310977222864645,-0.00237878981791712,0.19318013625869));
#8147=CARTESIAN_POINT('',(0.0310977222864645,-0.00237878981791711,0.19318013625869));
#8148=CARTESIAN_POINT('',(0.0310977222864645,-0.00249878014654985,0.193260311233039));
#8149=CARTESIAN_POINT('',(0.0310977222864645,-0.00261877047518258,0.193340486207389));
#8150=CARTESIAN_POINT('',(0.0310977222864645,-0.00261877047518258,0.193340486207389));
#8151=CARTESIAN_POINT('',(0.0310977222864645,-0.00261787026120964,0.193360100737511));
#8152=CARTESIAN_POINT('',(0.0310977222864645,-0.00261607481767483,0.193399221193709));
#8153=CARTESIAN_POINT('',(0.0310977222864645,-0.00261160907149472,0.193457224380943));
#8154=CARTESIAN_POINT('',(0.0310977222864645,-0.00260584332175836,0.193514478925239));
#8155=CARTESIAN_POINT('',(0.0310977222864645,-0.00259864258821783,0.193570911826862));
#8156=CARTESIAN_POINT('',(0.0310977222864645,-0.00259002692912113,0.193626490069876));
#8157=CARTESIAN_POINT('',(0.0310977222864645,-0.00257996958900632,0.19368116537993));
#8158=CARTESIAN_POINT('',(0.0310977222864645,-0.00256844882893857,0.193734887413319));
#8159=CARTESIAN_POINT('',(0.0310977222864645,-0.00255543210589067,0.193787598518078));
#8160=CARTESIAN_POINT('',(0.0310977222864645,-0.00254087533420484,0.193839231098292));
#8161=CARTESIAN_POINT('',(0.0310977222864645,-0.00252472254775075,0.19388970750029));
#8162=CARTESIAN_POINT('',(0.0310977222864645,-0.00250687819286703,0.193938918147352));
#8163=CARTESIAN_POINT('',(0.0310977222864645,-0.00248726672285021,0.193986765953747));
#8164=CARTESIAN_POINT('',(0.0310977222864645,-0.00246552910997702,0.194032932338539));
#8165=CARTESIAN_POINT('',(0.0310977222864645,-0.00244196341594278,0.194077585574896));
#8166=CARTESIAN_POINT('',(0.0310977222864645,-0.00242294116134968,0.194104833145203));
#8167=CARTESIAN_POINT('',(0.0310977222864645,-0.00241346218146803,0.194118410882243));
#8168=CARTESIAN_POINT('',(0.0310977222864645,4.86350790210007E-6,0.196999999999995));
#8169=CARTESIAN_POINT('',(0.0310977222864645,0.00220138170673744,0.195914731460811));
#8170=CARTESIAN_POINT('',(0.0310977222864645,0.00217394520322672,0.195860884290801));
#8171=CARTESIAN_POINT('',(0.0310977222864645,0.00217653852004647,0.195979450174793));
#8172=CARTESIAN_POINT('',(0.0310977222864645,0.00215169533334972,0.196044168888777));
#8173=CARTESIAN_POINT('',(0.0310977222864645,0.00221641404733061,0.196069012075468));
#8174=CARTESIAN_POINT('',(0.0310977222864645,0.00228113276131348,0.19609385526216));
#8175=CARTESIAN_POINT('',(0.0310977222864645,4.86350791710347E-6,0.19699999999999));
#8176=CARTESIAN_POINT('',(0.0310977222864645,0.00230279040284307,0.196150275347283));
#8177=CARTESIAN_POINT('',(0.0310977222864645,0.00227131836201102,0.196212042705249));
#8178=CARTESIAN_POINT('',(0.0310977222864645,0.00223984632118512,0.196273810063219));
#8179=CARTESIAN_POINT('',(0.0310977222864645,0.00230161367915169,0.196305282104051));
#8180=CARTESIAN_POINT('',(0.0310977222864645,0.00236338103711826,0.196336754144883));
#8181=CARTESIAN_POINT('',(0.0310977222864645,4.8635079049886E-6,0.196999999999996));
#8182=CARTESIAN_POINT('',(0.0310977222864645,0.00237902253103146,0.196395128994873));
#8183=CARTESIAN_POINT('',(0.0310977222864645,0.00234126645032245,0.196453268260725));
#8184=CARTESIAN_POINT('',(0.0310977222864645,0.00230351036961474,0.196511407526578));
#8185=CARTESIAN_POINT('',(0.0310977222864645,0.00236164963546917,0.196549163607285));
#8186=CARTESIAN_POINT('',(0.0310977222864645,0.00241978890132191,0.196586919687993));
#8187=CARTESIAN_POINT('',(0.0310977222864645,4.86350790304354E-6,0.197));
#8188=CARTESIAN_POINT('',(0.0310977222864645,0.00242924287613146,0.19664660973577));
#8189=CARTESIAN_POINT('',(0.0310977222864645,0.00238561641907077,0.196700483923546));
#8190=CARTESIAN_POINT('',(0.0310977222864645,0.00234198996200859,0.196754358111322));
#8191=CARTESIAN_POINT('',(0.0310977222864645,0.00239586414977732,0.19679798456839));
#8192=CARTESIAN_POINT('',(0.0310977222864645,0.00244973833755316,0.196841611025452));
#8193=CARTESIAN_POINT('',(0.0310977222864645,4.86350789037659E-6,0.197));
#8194=CARTESIAN_POINT('',(0.0310977222864645,0.00245290121353901,0.196901962294353));
#8195=CARTESIAN_POINT('',(0.0310977222864645,0.00240388236071522,0.196950981147176));
#8196=CARTESIAN_POINT('',(0.0310977222864645,0.00235486350789152,0.197));
#8197=CARTESIAN_POINT('',(0.0310977222864645,0.00240388236071787,0.197049018852821));
#8198=CARTESIAN_POINT('',(0.0310977222864645,0.00245290121354155,0.197098037705645));
#8199=CARTESIAN_POINT('',(0.0310977222864645,4.86350787607249E-6,0.197));
#8200=CARTESIAN_POINT('',(0.0310977222864645,0.00244973833755867,0.197158388974555));
#8201=CARTESIAN_POINT('',(0.0310977222864645,0.0023958641497758,0.197202015431608));
#8202=CARTESIAN_POINT('',(0.0310977222864645,0.00234198996199995,0.19724564188867));
#8203=CARTESIAN_POINT('',(0.0310977222864645,0.00238561641907234,0.197299516076453));
#8204=CARTESIAN_POINT('',(0.0310977222864645,0.00242924287613452,0.197353390264228));
#8205=CARTESIAN_POINT('',(0.0310977222864645,4.86350788134605E-6,0.197));
#8206=CARTESIAN_POINT('',(0.0310977222864645,0.00241978890132156,0.197413080312006));
#8207=CARTESIAN_POINT('',(0.0310977222864645,0.00236164963546721,0.197450836392711));
#8208=CARTESIAN_POINT('',(0.0310977222864645,0.00230351036961447,0.197488592473419));
#8209=CARTESIAN_POINT('',(0.0310977222864645,0.00234126645032624,0.197546731739273));
#8210=CARTESIAN_POINT('',(0.0310977222864645,0.00237902253103392,0.197604871005125));
#8211=CARTESIAN_POINT('',(0.0310977222864645,4.86350787249007E-6,0.196999999999995));
#8212=CARTESIAN_POINT('',(0.0310977222864645,0.0023633810371184,0.197663245855117));
#8213=CARTESIAN_POINT('',(0.0310977222864645,0.00230161367915497,0.197694717895955));
#8214=CARTESIAN_POINT('',(0.0310977222864645,0.00223984632118842,0.197726189936787));
#8215=CARTESIAN_POINT('',(0.0310977222864645,0.00227131836201341,0.19778795729475));
#8216=CARTESIAN_POINT('',(0.0310977222864645,0.00230279040284544,0.197849724652716));
#8217=CARTESIAN_POINT('',(0.0310977222864645,4.86350787229947E-6,0.196999999999992));
#8218=CARTESIAN_POINT('',(0.0310977222864645,0.0022811327613135,0.197906144737846));
#8219=CARTESIAN_POINT('',(0.0310977222864645,0.0022164140473306,0.197930987924532));
#8220=CARTESIAN_POINT('',(0.0310977222864645,0.00215169533334972,0.197955831111223));
#8221=CARTESIAN_POINT('',(0.0310977222864645,0.00217653852003764,0.198020549825211));
#8222=CARTESIAN_POINT('',(0.0310977222864645,0.00220138170672867,0.198085268539192));
#8223=CARTESIAN_POINT('',(0.0310977222864645,4.86350789647761E-6,0.197000000000003));
#8224=CARTESIAN_POINT('',(0.0310977222864645,0.00217394520322816,0.198139115709205));
#8225=CARTESIAN_POINT('',(0.0310977222864645,0.00210698420500398,0.198157057854593));
#8226=CARTESIAN_POINT('',(0.0310977222864645,0.00204002320678241,0.19817499999999));
#8227=CARTESIAN_POINT('',(0.0310977222864645,0.00205796535217838,0.198241960998223));
#8228=CARTESIAN_POINT('',(0.0310977222864645,0.00207590749757625,0.198308921996444));
#8229=CARTESIAN_POINT('',(0.0310977222864645,4.86350779444291E-6,0.196999999999937));
#8230=CARTESIAN_POINT('',(0.0310977222864645,0.00204299273217917,0.198359606290477));
#8231=CARTESIAN_POINT('',(0.0310977222864645,0.00197452308842583,0.198370450816681));
#8232=CARTESIAN_POINT('',(0.0310977222864645,0.00190605344467261,0.198381295342887));
#8233=CARTESIAN_POINT('',(0.0310977222864645,0.00191689797087764,0.19844976498664));
#8234=CARTESIAN_POINT('',(0.0310977222864645,0.00192774249708271,0.198518234630394));
#8235=CARTESIAN_POINT('',(0.0310977222864645,4.86350789204865E-6,0.197));
#8236=CARTESIAN_POINT('',(0.0310977222864645,0.00188971009084291,0.198565200740715));
#8237=CARTESIAN_POINT('',(0.0310977222864645,0.00182048196930321,0.198568828832829));
#8238=CARTESIAN_POINT('',(0.0310977222864645,0.0017512538477635,0.198572456924943));
#8239=CARTESIAN_POINT('',(0.0310977222864645,0.00175488193987741,0.198641685046483));
#8240=CARTESIAN_POINT('',(0.0310977222864645,0.00175851003199124,0.198710913168023));
#8241=CARTESIAN_POINT('',(0.0310977222864645,4.86350795311536E-6,0.197000000000062));
#8242=CARTESIAN_POINT('',(0.0310977222864645,0.00171577667591435,0.198753646524099));
#8243=CARTESIAN_POINT('',(0.0310977222864645,0.00164654855437503,0.198750018431979));
#8244=CARTESIAN_POINT('',(0.0310977222864645,0.00157732043283532,0.198746390339864));
#8245=CARTESIAN_POINT('',(0.0310977222864645,0.0015736923407232,0.198815618461411));
#8246=CARTESIAN_POINT('',(0.0310977222864645,0.00157006424860936,0.198884846582951));
#8247=CARTESIAN_POINT('',(0.0310977222864645,4.86350782986347E-6,0.196999999999926));
#8248=CARTESIAN_POINT('',(0.0310977222864645,0.00152309813828537,0.198922878989191));
#8249=CARTESIAN_POINT('',(0.0310977222864645,0.00145462849453222,0.198912034462985));
#8250=CARTESIAN_POINT('',(0.0310977222864645,0.00138615885077902,0.19890118993678));
#8251=CARTESIAN_POINT('',(0.0310977222864645,0.00137531432457385,0.198969659580535));
#8252=CARTESIAN_POINT('',(0.0310977222864645,0.00136446979836877,0.199038129224287));
#8253=CARTESIAN_POINT('',(0.0310977222864645,4.86350780838597E-6,0.196999999999869));
#8254=CARTESIAN_POINT('',(0.0310977222864645,0.00131378550433473,0.199071043989689));
#8255=CARTESIAN_POINT('',(0.0310977222864645,0.00124682450611362,0.199053101844289));
#8256=CARTESIAN_POINT('',(0.0310977222864645,0.00117986350789205,0.199035159698892));
#8257=CARTESIAN_POINT('',(0.0310977222864645,0.00116192136248843,0.199102120697113));
#8258=CARTESIAN_POINT('',(0.0310977222864645,0.00114397921709062,0.199169081695335));
#8259=CARTESIAN_POINT('',(0.0310977222864645,4.8635079124504E-6,0.19700000000004));
#8260=CARTESIAN_POINT('',(0.0310977222864645,0.00109013204708152,0.199196518198842));
#8261=CARTESIAN_POINT('',(0.0310977222864645,0.00102541333310099,0.19917167501215));
#8262=CARTESIAN_POINT('',(0.0310977222864645,0.000960694619120118,0.199146831825459));
#8263=CARTESIAN_POINT('',(0.0310977222864645,0.000935851432424129,0.19921155053944));
#8264=CARTESIAN_POINT('',(0.0310977222864645,0.000911008245733156,0.19927626925342));
#8265=CARTESIAN_POINT('',(0.0310977222864645,4.86350782601613E-6,0.196999999999829));
#8266=CARTESIAN_POINT('',(0.0310977222864645,0.000854588160605921,0.199297926894957));
#8267=CARTESIAN_POINT('',(0.0310977222864645,0.000792820802641421,0.199266454854122));
#8268=CARTESIAN_POINT('',(0.0310977222864645,0.000731053444674847,0.199234982813289));
#8269=CARTESIAN_POINT('',(0.0310977222864645,0.000699581403839241,0.19929675017126));
#8270=CARTESIAN_POINT('',(0.0310977222864645,0.000668109363007244,0.199358517529226));
#8271=CARTESIAN_POINT('',(0.0310977222864645,4.86350783616464E-6,0.196999999999791));
#8272=CARTESIAN_POINT('',(0.0310977222864645,0.000609734513018872,0.19937415902314));
#8273=CARTESIAN_POINT('',(0.0310977222864645,0.000551595247170604,0.199336402942425));
#8274=CARTESIAN_POINT('',(0.0310977222864645,0.00049345598131789,0.199298646861717));
#8275=CARTESIAN_POINT('',(0.0310977222864645,0.000455699900599574,0.199356786127573));
#8276=CARTESIAN_POINT('',(0.0310977222864645,0.000417943819891914,0.199414925393426));
#8277=CARTESIAN_POINT('',(0.0310977222864645,4.86350784085747E-6,0.196999999999686));
#8278=CARTESIAN_POINT('',(0.0310977222864645,0.000358253772122242,0.19942437936824));
#8279=CARTESIAN_POINT('',(0.0310977222864645,0.000304379584344807,0.19938075291118));
#8280=CARTESIAN_POINT('',(0.0310977222864645,0.000250505396568974,0.199337126454117));
#8281=CARTESIAN_POINT('',(0.0310977222864645,0.000206878939507639,0.19939100064189));
#8282=CARTESIAN_POINT('',(0.0310977222864645,0.00016325248244544,0.199444874829666));
#8283=CARTESIAN_POINT('',(0.0310977222864645,4.86350788944534E-6,0.196999999999951));
#8284=CARTESIAN_POINT('',(0.0310977222864645,0.000102901213539014,0.199448037705648));
#8285=CARTESIAN_POINT('',(0.0310977222864645,5.38823607129162E-5,0.199399018852826));
#8286=CARTESIAN_POINT('',(0.0310977222864645,4.8635078891998E-6,0.199350000000002));
#8287=CARTESIAN_POINT('',(0.0310977222864645,-4.41553449337619E-5,0.199399018852822));
#8288=CARTESIAN_POINT('',(0.0310977222864645,-9.31741977574507E-5,0.199448037705646));
#8289=CARTESIAN_POINT('',(0.0310977222864645,4.86350789378159E-6,0.196999999999951));
#8290=CARTESIAN_POINT('',(0.0310977222864645,-0.00015352546666297,0.199444874829667));
#8291=CARTESIAN_POINT('',(0.0310977222864645,-0.00019715192372445,0.19939100064189));
#8292=CARTESIAN_POINT('',(0.0310977222864645,-0.000240778380786637,0.199337126454115));
#8293=CARTESIAN_POINT('',(0.0310977222864645,-0.000294652568563708,0.199380752911177));
#8294=CARTESIAN_POINT('',(0.0310977222864645,-0.000348526756339523,0.19942437936824));
#8295=CARTESIAN_POINT('',(0.0310977222864645,4.8635079422426E-6,0.196999999999688));
#8296=CARTESIAN_POINT('',(0.0310977222864645,-0.000408216804114708,0.19941492539343));
#8297=CARTESIAN_POINT('',(0.0310977222864645,-0.000445972884821425,0.199356786127576));
#8298=CARTESIAN_POINT('',(0.0310977222864645,-0.000483728965529114,0.199298646861724));
#8299=CARTESIAN_POINT('',(0.0310977222864645,-0.000541868231381372,0.199336402942434));
#8300=CARTESIAN_POINT('',(0.0310977222864645,-0.000600007497234113,0.199374159023142));
#8301=CARTESIAN_POINT('',(0.0310977222864645,4.86350794699184E-6,0.196999999999791));
#8302=CARTESIAN_POINT('',(0.0310977222864645,-0.0006583823472255,0.199358517529227));
#8303=CARTESIAN_POINT('',(0.0310977222864645,-0.000689854388056449,0.19929675017126));
#8304=CARTESIAN_POINT('',(0.0310977222864645,-0.000721326428888444,0.199234982813293));
#8305=CARTESIAN_POINT('',(0.0310977222864645,-0.000783093786855576,0.199266454854127));
#8306=CARTESIAN_POINT('',(0.0310977222864645,-0.000844861144822155,0.199297926894959));
#8307=CARTESIAN_POINT('',(0.0310977222864645,4.86350795727246E-6,0.196999999999829));
#8308=CARTESIAN_POINT('',(0.0310977222864645,-0.000901281229954528,0.199276269253422));
#8309=CARTESIAN_POINT('',(0.0310977222864645,-0.000926124416639858,0.199211550539439));
#8310=CARTESIAN_POINT('',(0.0310977222864645,-0.000950967603330824,0.199146831825458));
#8311=CARTESIAN_POINT('',(0.0310977222864645,-0.00101568631731892,0.199171675012147));
#8312=CARTESIAN_POINT('',(0.0310977222864645,-0.00108040503129979,0.199196518198838));
#8313=CARTESIAN_POINT('',(0.0310977222864645,4.86350787080099E-6,0.19700000000004));
#8314=CARTESIAN_POINT('',(0.0310977222864645,-0.00113425220131273,0.199169081695336));
#8315=CARTESIAN_POINT('',(0.0310977222864645,-0.00115219434671067,0.199102120697115));
#8316=CARTESIAN_POINT('',(0.0310977222864645,-0.00117013649210852,0.199035159698894));
#8317=CARTESIAN_POINT('',(0.0310977222864645,-0.00123709749033107,0.199053101844287));
#8318=CARTESIAN_POINT('',(0.0310977222864645,-0.00130405848855259,0.199071043989685));
#8319=CARTESIAN_POINT('',(0.0310977222864645,4.86350797484017E-6,0.196999999999869));
#8320=CARTESIAN_POINT('',(0.0310977222864645,-0.00135474278258556,0.199038129224287));
#8321=CARTESIAN_POINT('',(0.0310977222864645,-0.00136558730878385,0.198969659580534));
#8322=CARTESIAN_POINT('',(0.0310977222864645,-0.00137643183498888,0.19890118993678));
#8323=CARTESIAN_POINT('',(0.0310977222864645,-0.00144490147875022,0.198912034462978));
#8324=CARTESIAN_POINT('',(0.0310977222864645,-0.00151337112250341,0.198922878989183));
#8325=CARTESIAN_POINT('',(0.0310977222864645,4.86350801927424E-6,0.19699999999984));
#8326=CARTESIAN_POINT('',(0.0310977222864645,-0.00156033723282407,0.198884846582951));
#8327=CARTESIAN_POINT('',(0.0310977222864645,-0.00156396532493942,0.198815618461411));
#8328=CARTESIAN_POINT('',(0.0310977222864645,-0.00156759341705325,0.198746390339872));
#8329=CARTESIAN_POINT('',(0.0310977222864645,-0.00163682153859162,0.198750018431982));
#8330=CARTESIAN_POINT('',(0.0310977222864645,-0.00170604966013134,0.198753646524096));
#8331=CARTESIAN_POINT('',(0.0310977222864645,4.86350782959004E-6,0.197000000000062));
#8332=CARTESIAN_POINT('',(0.0310977222864645,-0.00174878301620795,0.198710913168023));
#8333=CARTESIAN_POINT('',(0.0310977222864645,-0.0017451549240953,0.198641685046483));
#8334=CARTESIAN_POINT('',(0.0310977222864645,-0.00174152683198147,0.198572456924943));
#8335=CARTESIAN_POINT('',(0.0310977222864645,-0.00181075495351975,0.198568828832825));
#8336=CARTESIAN_POINT('',(0.0310977222864645,-0.00187998307505944,0.19856520074071));
#8337=CARTESIAN_POINT('',(0.0310977222864645,4.86350795399074E-6,0.196999999999947));
#8338=CARTESIAN_POINT('',(0.0310977222864645,-0.00191801548129966,0.198518234630394));
#8339=CARTESIAN_POINT('',(0.0310977222864645,-0.00190717095509474,0.19844976498664));
#8340=CARTESIAN_POINT('',(0.0310977222864645,-0.00189632642888968,0.198381295342888));
#8341=CARTESIAN_POINT('',(0.0310977222864645,-0.00196479607264328,0.198370450816685));
#8342=CARTESIAN_POINT('',(0.0310977222864645,-0.00203326571639647,0.198359606290481));
#8343=CARTESIAN_POINT('',(0.0310977222864645,4.8635078626659E-6,0.197000000000019));
#8344=CARTESIAN_POINT('',(0.0310977222864645,-0.00206618048179751,0.198308921996443));
#8345=CARTESIAN_POINT('',(0.0310977222864645,-0.00204823833639106,0.198241960998224));
#8346=CARTESIAN_POINT('',(0.0310977222864645,-0.00203029619099316,0.198175000000002));
#8347=CARTESIAN_POINT('',(0.0310977222864645,-0.00209725718922085,0.198157057854593));
#8348=CARTESIAN_POINT('',(0.0310977222864645,-0.00216421818744242,0.198139115709195));
#8349=CARTESIAN_POINT('',(0.0310977222864645,4.86350788169733E-6,0.197000000000006));
#8350=CARTESIAN_POINT('',(0.0310977222864645,-0.00219165469095051,0.19808526853919));
#8351=CARTESIAN_POINT('',(0.0310977222864645,-0.00216681150425479,0.198020549825211));
#8352=CARTESIAN_POINT('',(0.0310977222864645,-0.00214196831756376,0.19795583111123));
#8353=CARTESIAN_POINT('',(0.0310977222864645,-0.00220668703154872,0.197930987924536));
#8354=CARTESIAN_POINT('',(0.0310977222864645,-0.00227140574552961,0.197906144737845));
#8355=CARTESIAN_POINT('',(0.0310977222864645,4.86350790722076E-6,0.196999999999994));
#8356=CARTESIAN_POINT('',(0.0310977222864645,-0.002293063387066,0.197849724652714));
#8357=CARTESIAN_POINT('',(0.0310977222864645,-0.00226159134623121,0.197787957294749));
#8358=CARTESIAN_POINT('',(0.0310977222864645,-0.00223011930539919,0.197726189936782));
#8359=CARTESIAN_POINT('',(0.0310977222864645,-0.00229188666337288,0.197694717895957));
#8360=CARTESIAN_POINT('',(0.0310977222864645,-0.00235365402133945,0.197663245855125));
#8361=CARTESIAN_POINT('',(0.0310977222864645,4.86350787337045E-6,0.197000000000005));
#8362=CARTESIAN_POINT('',(0.0310977222864645,-0.00236929551524825,0.197604871005127));
#8363=CARTESIAN_POINT('',(0.0310977222864645,-0.00233153943454461,0.197546731739272));
#8364=CARTESIAN_POINT('',(0.0310977222864645,-0.00229378335383694,0.197488592473419));
#8365=CARTESIAN_POINT('',(0.0310977222864645,-0.00235192261967704,0.197450836392701));
#8366=CARTESIAN_POINT('',(0.0310977222864645,-0.00241006188552983,0.197413080311993));
#8367=CARTESIAN_POINT('',(0.0310977222864645,4.86350793001654E-6,0.196999999999994));
#8368=CARTESIAN_POINT('',(0.0310977222864645,-0.00241951586034824,0.197353390264231));
#8369=CARTESIAN_POINT('',(0.0310977222864645,-0.00237588940329112,0.197299516076451));
#8370=CARTESIAN_POINT('',(0.0310977222864645,-0.00233226294622895,0.197245641888675));
#8371=CARTESIAN_POINT('',(0.0310977222864645,-0.00238613713399443,0.197202015431611));
#8372=CARTESIAN_POINT('',(0.0310977222864645,-0.00244001132177026,0.197158388974549));
#8373=CARTESIAN_POINT('',(0.0310977222864645,4.8635079028911E-6,0.197));
#8374=CARTESIAN_POINT('',(0.0310977222864645,-0.00244317419775579,0.197098037705648));
#8375=CARTESIAN_POINT('',(0.0310977222864645,-0.00239415534493274,0.197049018852823));
#8376=CARTESIAN_POINT('',(0.0310977222864645,-0.00234513649210904,0.197));
#8377=CARTESIAN_POINT('',(0.0310977222864645,-0.00239415534493227,0.196950981147177));
#8378=CARTESIAN_POINT('',(0.0310977222864645,-0.00244317419775597,0.196901962294353));
#8379=CARTESIAN_POINT('',(0.0310977222864645,4.86350788075104E-6,0.197));
#8380=CARTESIAN_POINT('',(0.0310977222864645,-0.00244001132177545,0.196841611025446));
#8381=CARTESIAN_POINT('',(0.0310977222864645,-0.00238613713399995,0.196797984568383));
#8382=CARTESIAN_POINT('',(0.0310977222864645,-0.00233226294622415,0.196754358111321));
#8383=CARTESIAN_POINT('',(0.0310977222864645,-0.00237588940328646,0.196700483923545));
#8384=CARTESIAN_POINT('',(0.0310977222864645,-0.00241951586034867,0.19664660973577));
#8385=CARTESIAN_POINT('',(0.0310977222864645,4.86350788433607E-6,0.197));
#8386=CARTESIAN_POINT('',(0.0310977222864645,-0.00241006188553834,0.196586919687994));
#8387=CARTESIAN_POINT('',(0.0310977222864645,-0.00235192261968782,0.196549163607283));
#8388=CARTESIAN_POINT('',(0.0310977222864645,-0.00229378335383508,0.196511407526575));
#8389=CARTESIAN_POINT('',(0.0310977222864645,-0.00233153943454334,0.196453268260728));
#8390=CARTESIAN_POINT('',(0.0310977222864645,-0.00236929551525102,0.196395128994874));
#8391=CARTESIAN_POINT('',(0.0310977222864645,4.86350788218479E-6,0.196999999999997));
#8392=CARTESIAN_POINT('',(0.0310977222864645,-0.00235365402133518,0.196336754144883));
#8393=CARTESIAN_POINT('',(0.0310977222864645,-0.00229188666337202,0.196305282104044));
#8394=CARTESIAN_POINT('',(0.0310977222864645,-0.00223011930540546,0.196273810063212));
#8395=CARTESIAN_POINT('',(0.0310977222864645,-0.00226159134623595,0.196212042705253));
#8396=CARTESIAN_POINT('',(0.0310977222864645,-0.00229306338706794,0.196150275347287));
#8397=CARTESIAN_POINT('',(0.0310977222864645,4.86350786235864E-6,0.196999999999989));
#8398=CARTESIAN_POINT('',(0.0310977222864645,-0.00227140574553027,0.196093855262154));
#8399=CARTESIAN_POINT('',(0.0310977222864645,-0.00220668703154828,0.196069012075466));
#8400=CARTESIAN_POINT('',(0.0310977222864645,-0.00214196831756741,0.196044168888775));
#8401=CARTESIAN_POINT('',(0.0310977222864645,-0.00216681150425669,0.19597945017479));
#8402=CARTESIAN_POINT('',(0.0310977222864645,-0.00219165469094772,0.195914731460809));
#8403=CARTESIAN_POINT('',(0.0310977222864645,4.86350788336267E-6,0.196999999999996));
#8404=CARTESIAN_POINT('',(0.0310977222864645,-0.00216421818744493,0.195860884290796));
#8405=CARTESIAN_POINT('',(0.0310977222864645,-0.00209725718922488,0.195842942145392));
#8406=CARTESIAN_POINT('',(0.0310977222864645,-0.00203029619100334,0.195824999999995));
#8407=CARTESIAN_POINT('',(0.0310977222864645,-0.00204823833639638,0.195758039001777));
#8408=CARTESIAN_POINT('',(0.0310977222864645,-0.00206618048179425,0.195691078003556));
#8409=CARTESIAN_POINT('',(0.0310977222864645,4.86350779808453E-6,0.196999999999941));
#8410=CARTESIAN_POINT('',(0.0310977222864645,-0.00203326571639595,0.195640393709523));
#8411=CARTESIAN_POINT('',(0.0310977222864645,-0.00196479607264075,0.195629549183331));
#8412=CARTESIAN_POINT('',(0.0310977222864645,-0.00189632642888753,0.195618704657125));
#8413=CARTESIAN_POINT('',(0.0310977222864645,-0.00190717095509497,0.195550235013359));
#8414=CARTESIAN_POINT('',(0.0310977222864645,-0.00191801548130003,0.195481765369606));
#8415=CARTESIAN_POINT('',(0.0310977222864645,4.86350782267814E-6,0.196999999999945));
#8416=CARTESIAN_POINT('',(0.0310977222864645,-0.00187998307505971,0.195434799259285));
#8417=CARTESIAN_POINT('',(0.0310977222864645,-0.00181075495351939,0.195431171167183));
#8418=CARTESIAN_POINT('',(0.0310977222864645,-0.00174152683197967,0.195427543075069));
#8419=CARTESIAN_POINT('',(0.0310977222864645,-0.00174515492409366,0.195358314953517));
#8420=CARTESIAN_POINT('',(0.0310977222864645,-0.0017487830162075,0.195289086831978));
#8421=CARTESIAN_POINT('',(0.0310977222864645,4.86350776098801E-6,0.19699999999987));
#8422=CARTESIAN_POINT('',(0.0310977222864645,-0.00170604966013116,0.1952463534759));
#8423=CARTESIAN_POINT('',(0.0310977222864645,-0.00163682153859243,0.195249981568032));
#8424=CARTESIAN_POINT('',(0.0310977222864645,-0.00156759341705271,0.195253609660146));
#8425=CARTESIAN_POINT('',(0.0310977222864645,-0.00156396532493478,0.195184381538588));
#8426=CARTESIAN_POINT('',(0.0310977222864645,-0.00156033723282096,0.195115153417049));
#8427=CARTESIAN_POINT('',(0.0310977222864645,4.86350788921508E-6,0.196999999999995));
#8428=CARTESIAN_POINT('',(0.0310977222864645,-0.00151337112250214,0.195077121010809));
#8429=CARTESIAN_POINT('',(0.0310977222864645,-0.00144490147874946,0.195087965537017));
#8430=CARTESIAN_POINT('',(0.0310977222864645,-0.00137643183499626,0.195098810063222));
#8431=CARTESIAN_POINT('',(0.0310977222864645,-0.00136558730878943,0.195030340419466));
#8432=CARTESIAN_POINT('',(0.0310977222864645,-0.00135474278258436,0.194961870775713));
#8433=CARTESIAN_POINT('',(0.0310977222864645,4.86350785351881E-6,0.19699999999994));
#8434=CARTESIAN_POINT('',(0.0310977222864645,-0.00130405848855151,0.194928956010311));
#8435=CARTESIAN_POINT('',(0.0310977222864645,-0.00123709749032888,0.194946898155704));
#8436=CARTESIAN_POINT('',(0.0310977222864645,-0.00117013649210734,0.194964840301103));
#8437=CARTESIAN_POINT('',(0.0310977222864645,-0.00115219434670675,0.194897879302886));
#8438=CARTESIAN_POINT('',(0.0310977222864645,-0.00113425220130893,0.194830918304664));
#8439=CARTESIAN_POINT('',(0.0310977222864645,4.86350787079341E-6,0.196999999999961));
#8440=CARTESIAN_POINT('',(0.0310977222864645,-0.00108040503129829,0.194803481801158));
#8441=CARTESIAN_POINT('',(0.0310977222864645,-0.00101568631731858,0.194828324987852));
#8442=CARTESIAN_POINT('',(0.0310977222864645,-0.000950967603337708,0.194853168174543));
#8443=CARTESIAN_POINT('',(0.0310977222864645,-0.000926124416640068,0.194788449460561));
#8444=CARTESIAN_POINT('',(0.0310977222864645,-0.000901281229949102,0.19472373074658));
#8445=CARTESIAN_POINT('',(0.0310977222864645,4.86350777413862E-6,0.196999999999694));
#8446=CARTESIAN_POINT('',(0.0310977222864645,-0.000844861144822704,0.194702073105043));
#8447=CARTESIAN_POINT('',(0.0310977222864645,-0.000783093786864868,0.194733545145892));
#8448=CARTESIAN_POINT('',(0.0310977222864645,-0.000721326428898364,0.194765017186723));
#8449=CARTESIAN_POINT('',(0.0310977222864645,-0.000689854388056961,0.19470324982874));
#8450=CARTESIAN_POINT('',(0.0310977222864645,-0.000658382347224964,0.194641482470774));
#8451=CARTESIAN_POINT('',(0.0310977222864645,4.86350781009933E-6,0.196999999999698));
#8452=CARTESIAN_POINT('',(0.0310977222864645,-0.000600007497235661,0.19462584097686));
#8453=CARTESIAN_POINT('',(0.0310977222864645,-0.00054186823138235,0.194663597057567));
#8454=CARTESIAN_POINT('',(0.0310977222864645,-0.000483728965529589,0.194701353138274));
#8455=CARTESIAN_POINT('',(0.0310977222864645,-0.000445972884818346,0.194643213872426));
#8456=CARTESIAN_POINT('',(0.0310977222864645,-0.000408216804110669,0.194585074606572));
#8457=CARTESIAN_POINT('',(0.0310977222864645,4.86350790017526E-6,0.197000000000049));
#8458=CARTESIAN_POINT('',(0.0310977222864645,-0.000348526756339018,0.19457562063176));
#8459=CARTESIAN_POINT('',(0.0310977222864645,-0.000294652568562264,0.194619247088821));
#8460=CARTESIAN_POINT('',(0.0310977222864645,-0.000240778380786439,0.194662873545883));
#8461=CARTESIAN_POINT('',(0.0310977222864645,-0.000197151923724649,0.194608999358109));
#8462=CARTESIAN_POINT('',(0.0310977222864645,-0.00015352546666245,0.194555125170333));
#8463=CARTESIAN_POINT('',(0.0310977222864645,4.86350787944255E-6,0.196999999999775));
#8464=CARTESIAN_POINT('',(0.0310977222864645,-9.31741977558161E-5,0.194551962294353));
#8465=CARTESIAN_POINT('',(0.0310977222864645,-4.4155344933844E-5,0.194600981147178));
#8466=CARTESIAN_POINT('',(0.0310977222864645,4.86350788983297E-6,0.19465));
#8467=CARTESIAN_POINT('',(0.0310977222864645,5.38823607190893E-5,0.19460098114718));
#8468=CARTESIAN_POINT('',(0.0310977222864645,0.000102901213542763,0.194551962294357));
#8469=CARTESIAN_POINT('',(0.0310977222864645,4.86350790369898E-6,0.196999999999776));
#8470=CARTESIAN_POINT('',(0.0310977222864645,0.000163252482446167,0.194555125170333));
#8471=CARTESIAN_POINT('',(0.0310977222864645,0.000206878939514409,0.194608999358104));
#8472=CARTESIAN_POINT('',(0.0310977222864645,0.000250505396576648,0.194662873545879));
#8473=CARTESIAN_POINT('',(0.0310977222864645,0.000304379584338552,0.194619247088813));
#8474=CARTESIAN_POINT('',(0.0310977222864645,0.000358253772114401,0.19457562063175));
#8475=CARTESIAN_POINT('',(0.0310977222864645,4.86350788289253E-6,0.19700000000005));
#8476=CARTESIAN_POINT('',(0.0310977222864645,0.000417943819897935,0.19458507460657));
#8477=CARTESIAN_POINT('',(0.0310977222864645,0.000455699900607073,0.194643213872422));
#8478=CARTESIAN_POINT('',(0.0310977222864645,0.000493455981314786,0.194701353138274));
#8479=CARTESIAN_POINT('',(0.0310977222864645,0.000551595247166984,0.194663597057569));
#8480=CARTESIAN_POINT('',(0.0310977222864645,0.000609734513019732,0.194625840976862));
#8481=CARTESIAN_POINT('',(0.0310977222864645,4.86350787164624E-6,0.197000000000085));
#8482=CARTESIAN_POINT('',(0.0310977222864645,0.000668109363008711,0.194641482470774));
#8483=CARTESIAN_POINT('',(0.0310977222864645,0.000699581403828402,0.194703249828746));
#8484=CARTESIAN_POINT('',(0.0310977222864645,0.000731053444660325,0.194765017186712));
#8485=CARTESIAN_POINT('',(0.0310977222864645,0.000792820802640114,0.194733545145876));
#8486=CARTESIAN_POINT('',(0.0310977222864645,0.000854588160606698,0.194702073105044));
#8487=CARTESIAN_POINT('',(0.0310977222864645,4.86350800909342E-6,0.196999999999695));
#8488=CARTESIAN_POINT('',(0.0310977222864645,0.000911008245737702,0.194723730746578));
#8489=CARTESIAN_POINT('',(0.0310977222864645,0.000935851432437203,0.194788449460556));
#8490=CARTESIAN_POINT('',(0.0310977222864645,0.00096069461912826,0.194853168174536));
#8491=CARTESIAN_POINT('',(0.0310977222864645,0.00102541333309981,0.194828324987847));
#8492=CARTESIAN_POINT('',(0.0310977222864645,0.0010901320470807,0.194803481801156));
#8493=CARTESIAN_POINT('',(0.0310977222864645,4.86350796641646E-6,0.196999999999849));
#8494=CARTESIAN_POINT('',(0.0310977222864645,0.00114397921709591,0.194830918304663));
#8495=CARTESIAN_POINT('',(0.0310977222864645,0.0011619213624898,0.194897879302886));
#8496=CARTESIAN_POINT('',(0.0310977222864645,0.00117986350788762,0.194964840301108));
#8497=CARTESIAN_POINT('',(0.0310977222864645,0.00124682450611325,0.194946898155709));
#8498=CARTESIAN_POINT('',(0.0310977222864645,0.0013137855043348,0.194928956010311));
#8499=CARTESIAN_POINT('',(0.0310977222864645,4.8635079301821E-6,0.196999999999941));
#8500=CARTESIAN_POINT('',(0.0310977222864645,0.00136446979836879,0.194961870775713));
#8501=CARTESIAN_POINT('',(0.0310977222864645,0.00137531432457162,0.195030340419466));
#8502=CARTESIAN_POINT('',(0.0310977222864645,0.00138615885077668,0.19509881006322));
#8503=CARTESIAN_POINT('',(0.0310977222864645,0.00145462849453248,0.195087965537016));
#8504=CARTESIAN_POINT('',(0.0310977222864645,0.00152309813828567,0.195077121010811));
#8505=CARTESIAN_POINT('',(0.0310977222864645,4.86350789395153E-6,0.196999999999995));
#8506=CARTESIAN_POINT('',(0.0310977222864645,0.00157006424860727,0.195115153417049));
#8507=CARTESIAN_POINT('',(0.0310977222864645,0.00157369234072071,0.195184381538588));
#8508=CARTESIAN_POINT('',(0.0310977222864645,0.00157732043283454,0.195253609660128));
#8509=CARTESIAN_POINT('',(0.0310977222864645,0.00164654855437527,0.195249981568027));
#8510=CARTESIAN_POINT('',(0.0310977222864645,0.00171577667591497,0.195246353475912));
#8511=CARTESIAN_POINT('',(0.0310977222864645,4.8635079535923E-6,0.196999999999938));
#8512=CARTESIAN_POINT('',(0.0310977222864645,0.00175851003199115,0.195289086831978));
#8513=CARTESIAN_POINT('',(0.0310977222864645,0.00175488193987618,0.195358314953517));
#8514=CARTESIAN_POINT('',(0.0310977222864645,0.00175125384776235,0.195427543075056));
#8515=CARTESIAN_POINT('',(0.0310977222864645,0.0018204819693032,0.19543117116717));
#8516=CARTESIAN_POINT('',(0.0310977222864645,0.00188971009084291,0.195434799259284));
#8517=CARTESIAN_POINT('',(0.0310977222864645,4.86350789201482E-6,0.197));
#8518=CARTESIAN_POINT('',(0.0310977222864645,0.00192774249708289,0.195481765369606));
#8519=CARTESIAN_POINT('',(0.0310977222864645,0.00191689797087907,0.195550235013359));
#8520=CARTESIAN_POINT('',(0.0310977222864645,0.00190605344467402,0.195618704657113));
#8521=CARTESIAN_POINT('',(0.0310977222864645,0.00197452308842512,0.195629549183323));
#8522=CARTESIAN_POINT('',(0.0310977222864645,0.00204299273217832,0.195640393709528));
#8523=CARTESIAN_POINT('',(0.0310977222864645,4.86350798508404E-6,0.196999999999941));
#8524=CARTESIAN_POINT('',(0.0310977222864645,0.00207590749758072,0.195691078003557));
#8525=CARTESIAN_POINT('',(0.0310977222864645,0.00205796535218099,0.195758039001778));
#8526=CARTESIAN_POINT('',(0.0310977222864645,0.00204002320678313,0.195825));
#8527=CARTESIAN_POINT('',(0.0310977222864645,0.00210698420500516,0.195842942145403));
#8528=CARTESIAN_POINT('',(0.0310977222864645,-0.00229025493170585,0.19426551601315));
#8529=CARTESIAN_POINT('',(0.0360977222864644,-0.00229025493170585,0.19426551601315));
#8530=CARTESIAN_POINT('',(0.0360977222864644,-0.00241346218146804,0.194118410882243));
#8531=CARTESIAN_POINT('',(0.0360977222864644,-0.00216704768194365,0.194412621144056));
#8532=CARTESIAN_POINT('',(0.0310977222864645,-0.00216704768194365,0.194412621144056));
#8533=CARTESIAN_POINT('',(0.0310977222864645,-0.00241346218146804,0.194118410882243));
#8534=CARTESIAN_POINT('',(0.0310977222864645,-9.55398954394226E-16,0.197));
#8535=CARTESIAN_POINT('',(0.0360977222864644,-9.55398954394226E-16,0.197));
#8536=CARTESIAN_POINT('',(0.0360977222864644,-0.00258737885594339,0.194832952318057));
#8537=CARTESIAN_POINT('',(0.0310977222864645,-0.00258737885594339,0.194832952318057));
#8538=CARTESIAN_POINT('',(0.0310977222864645,-0.00273448398685021,0.194709745068294));
#8539=CARTESIAN_POINT('',(0.0360977222864644,-0.00273448398685021,0.194709745068294));
#8540=CARTESIAN_POINT('',(0.0360977222864644,-0.00288158911775702,0.194586537818532));
#8541=CARTESIAN_POINT('',(0.0310977222864645,-0.00288158911775702,0.194586537818532));
#8542=CARTESIAN_POINT('',(0.0310977222864645,-0.00288158911775702,0.194586537818532));
#8543=CARTESIAN_POINT('',(0.0360977222864644,-0.00288158911775702,0.194586537818532));
#8544=CARTESIAN_POINT('',(0.0310977222864645,-0.00289516685479683,0.194577058838651));
#8545=CARTESIAN_POINT('',(0.0360977222864644,-0.00289516685479683,0.194577058838651));
#8546=CARTESIAN_POINT('',(0.0310977222864645,-0.00292241442510448,0.194558036584058));
#8547=CARTESIAN_POINT('',(0.0360977222864644,-0.00292241442510448,0.194558036584058));
#8548=CARTESIAN_POINT('',(0.0310977222864645,-0.00296706766146129,0.194534470890023));
#8549=CARTESIAN_POINT('',(0.0360977222864644,-0.00296706766146129,0.194534470890023));
#8550=CARTESIAN_POINT('',(0.0310977222864645,-0.00301323404625379,0.19451273327715));
#8551=CARTESIAN_POINT('',(0.0360977222864644,-0.00301323404625379,0.19451273327715));
#8552=CARTESIAN_POINT('',(0.0310977222864645,-0.00306108185264787,0.194493121807133));
#8553=CARTESIAN_POINT('',(0.0360977222864644,-0.00306108185264787,0.194493121807133));
#8554=CARTESIAN_POINT('',(0.0310977222864645,-0.00311029249970966,0.19447527745225));
#8555=CARTESIAN_POINT('',(0.0360977222864644,-0.00311029249970966,0.19447527745225));
#8556=CARTESIAN_POINT('',(0.0310977222864645,-0.00316076890170791,0.194459124665795));
#8557=CARTESIAN_POINT('',(0.0360977222864644,-0.00316076890170791,0.194459124665795));
#8558=CARTESIAN_POINT('',(0.0310977222864645,-0.0032124014819222,0.194444567894109));
#8559=CARTESIAN_POINT('',(0.0360977222864644,-0.0032124014819222,0.194444567894109));
#8560=CARTESIAN_POINT('',(0.0310977222864645,-0.00326511258668169,0.194431551171061));
#8561=CARTESIAN_POINT('',(0.0360977222864644,-0.00326511258668169,0.194431551171061));
#8562=CARTESIAN_POINT('',(0.0310977222864645,-0.00331883462007043,0.194420030410994));
#8563=CARTESIAN_POINT('',(0.0360977222864644,-0.00331883462007043,0.194420030410994));
#8564=CARTESIAN_POINT('',(0.0310977222864645,-0.00337350993012466,0.194409973070879));
#8565=CARTESIAN_POINT('',(0.0360977222864644,-0.00337350993012466,0.194409973070879));
#8566=CARTESIAN_POINT('',(0.0310977222864645,-0.00342908817313818,0.194401357411782));
#8567=CARTESIAN_POINT('',(0.0360977222864644,-0.00342908817313818,0.194401357411782));
#8568=CARTESIAN_POINT('',(0.0310977222864645,-0.00348552107476091,0.194394156678242));
#8569=CARTESIAN_POINT('',(0.0360977222864644,-0.00348552107476091,0.194394156678242));
#8570=CARTESIAN_POINT('',(0.0310977222864645,-0.00354277561905735,0.194388390928506));
#8571=CARTESIAN_POINT('',(0.0360977222864644,-0.00354277561905735,0.194388390928506));
#8572=CARTESIAN_POINT('',(0.0310977222864645,-0.00360077880629151,0.194383925182325));
#8573=CARTESIAN_POINT('',(0.0360977222864644,-0.00360077880629151,0.194383925182325));
#8574=CARTESIAN_POINT('',(0.0310977222864645,-0.00363989926248897,0.19438212973879));
#8575=CARTESIAN_POINT('',(0.0360977222864644,-0.00363989926248897,0.19438212973879));
#8576=CARTESIAN_POINT('',(0.0310977222864645,-0.00365951379261131,0.194381229524818));
#8577=CARTESIAN_POINT('',(0.0360977222864644,-0.00365951379261131,0.194381229524818));
#8578=CARTESIAN_POINT('',(0.0360977222864644,-0.00288158911775702,0.194586537818532));
#8579=CARTESIAN_POINT('',(0.0360977222864644,-0.00289516685479683,0.194577058838651));
#8580=CARTESIAN_POINT('',(0.0360977222864644,-0.00292241442510448,0.194558036584058));
#8581=CARTESIAN_POINT('',(0.0360977222864644,-0.00296706766146129,0.194534470890023));
#8582=CARTESIAN_POINT('',(0.0360977222864644,-0.00301323404625379,0.19451273327715));
#8583=CARTESIAN_POINT('',(0.0360977222864644,-0.00306108185264787,0.194493121807133));
#8584=CARTESIAN_POINT('',(0.0360977222864644,-0.00311029249970966,0.19447527745225));
#8585=CARTESIAN_POINT('',(0.0360977222864644,-0.00316076890170791,0.194459124665795));
#8586=CARTESIAN_POINT('',(0.0360977222864644,-0.0032124014819222,0.194444567894109));
#8587=CARTESIAN_POINT('',(0.0360977222864644,-0.00326511258668169,0.194431551171061));
#8588=CARTESIAN_POINT('',(0.0360977222864644,-0.00331883462007043,0.194420030410994));
#8589=CARTESIAN_POINT('',(0.0360977222864644,-0.00337350993012466,0.194409973070879));
#8590=CARTESIAN_POINT('',(0.0360977222864644,-0.00342908817313818,0.194401357411782));
#8591=CARTESIAN_POINT('',(0.0360977222864644,-0.00348552107476091,0.194394156678242));
#8592=CARTESIAN_POINT('',(0.0360977222864644,-0.00354277561905735,0.194388390928506));
#8593=CARTESIAN_POINT('',(0.0360977222864644,-0.00360077880629151,0.194383925182325));
#8594=CARTESIAN_POINT('',(0.0360977222864644,-0.00363989926248897,0.19438212973879));
#8595=CARTESIAN_POINT('',(0.0360977222864644,-0.00365951379261131,0.194381229524818));
#8596=CARTESIAN_POINT('',(0.0360977222864644,-0.00365951379261129,0.194381229524818));
#8597=CARTESIAN_POINT('',(0.0310977222864645,-0.00365951379261129,0.194381229524818));
#8598=CARTESIAN_POINT('',(0.0310977222864645,-0.00373968876696061,0.19450121985345));
#8599=CARTESIAN_POINT('',(0.0360977222864644,-0.00373968876696061,0.19450121985345));
#8600=CARTESIAN_POINT('',(0.0360977222864644,-0.00381986374130991,0.194621210182083));
#8601=CARTESIAN_POINT('',(0.0310977222864645,-0.00381986374130991,0.194621210182083));
#8602=CARTESIAN_POINT('',(0.0310977222864645,-0.00381986374130991,0.194621210182083));
#8603=CARTESIAN_POINT('',(0.0360977222864644,-0.00381986374130991,0.194621210182083));
#8604=CARTESIAN_POINT('',(0.0310977222864645,-0.00381152589633399,0.19463898714803));
#8605=CARTESIAN_POINT('',(0.0360977222864644,-0.00381152589633399,0.19463898714803));
#8606=CARTESIAN_POINT('',(0.0310977222864645,-0.00379489637234706,0.194674442650318));
#8607=CARTESIAN_POINT('',(0.0360977222864644,-0.00379489637234706,0.194674442650318));
#8608=CARTESIAN_POINT('',(0.0310977222864645,-0.00376857370207501,0.194726321640748));
#8609=CARTESIAN_POINT('',(0.0360977222864644,-0.00376857370207501,0.194726321640748));
#8610=CARTESIAN_POINT('',(0.0310977222864645,-0.00374133647837412,0.194777011485468));
#8611=CARTESIAN_POINT('',(0.0360977222864644,-0.00374133647837412,0.194777011485468));
#8612=CARTESIAN_POINT('',(0.0310977222864645,-0.00371308793154565,0.19482639308681));
#8613=CARTESIAN_POINT('',(0.0360977222864644,-0.00371308793154565,0.19482639308681));
#8614=CARTESIAN_POINT('',(0.0310977222864645,-0.00368385922764587,0.194874443617989));
#8615=CARTESIAN_POINT('',(0.0360977222864644,-0.00368385922764587,0.194874443617989));
#8616=CARTESIAN_POINT('',(0.0310977222864645,-0.00365364412164514,0.194921108240446));
#8617=CARTESIAN_POINT('',(0.0360977222864644,-0.00365364412164514,0.194921108240446));
#8618=CARTESIAN_POINT('',(0.0310977222864645,-0.00362244179508875,0.194966332123532));
#8619=CARTESIAN_POINT('',(0.0360977222864644,-0.00362244179508875,0.194966332123532));
#8620=CARTESIAN_POINT('',(0.0310977222864645,-0.0035902442445913,0.195010049550102));
#8621=CARTESIAN_POINT('',(0.0360977222864644,-0.0035902442445913,0.195010049550102));
#8622=CARTESIAN_POINT('',(0.0310977222864645,-0.00355703660815304,0.195052181198819));
#8623=CARTESIAN_POINT('',(0.0360977222864644,-0.00355703660815304,0.195052181198819));
#8624=CARTESIAN_POINT('',(0.0310977222864645,-0.00352279689658494,0.195092633909737));
#8625=CARTESIAN_POINT('',(0.0360977222864644,-0.00352279689658494,0.195092633909737));
#8626=CARTESIAN_POINT('',(0.0310977222864645,-0.00348747876301051,0.195131269880364));
#8627=CARTESIAN_POINT('',(0.0360977222864644,-0.00348747876301051,0.195131269880364));
#8628=CARTESIAN_POINT('',(0.0310977222864645,-0.00345104956447747,0.195167970504708));
#8629=CARTESIAN_POINT('',(0.0360977222864644,-0.00345104956447747,0.195167970504708));
#8630=CARTESIAN_POINT('',(0.0310977222864645,-0.003413299518266,0.195202304058402));
#8631=CARTESIAN_POINT('',(0.0360977222864644,-0.003413299518266,0.195202304058402));
#8632=CARTESIAN_POINT('',(0.0310977222864645,-0.0033744396021231,0.195234540068854));
#8633=CARTESIAN_POINT('',(0.0360977222864644,-0.0033744396021231,0.195234540068854));
#8634=CARTESIAN_POINT('',(0.0310977222864645,-0.00334643813671339,0.195252434039692));
#8635=CARTESIAN_POINT('',(0.0360977222864644,-0.00334643813671339,0.195252434039692));
#8636=CARTESIAN_POINT('',(0.0310977222864645,-0.0033324847261975,0.195261350784485));
#8637=CARTESIAN_POINT('',(0.0360977222864644,-0.0033324847261975,0.195261350784485));
#8638=CARTESIAN_POINT('',(0.0360977222864644,-0.00381986374130991,0.194621210182083));
#8639=CARTESIAN_POINT('',(0.0360977222864644,-0.00381152589633399,0.19463898714803));
#8640=CARTESIAN_POINT('',(0.0360977222864644,-0.00379489637234706,0.194674442650318));
#8641=CARTESIAN_POINT('',(0.0360977222864644,-0.00376857370207501,0.194726321640748));
#8642=CARTESIAN_POINT('',(0.0360977222864644,-0.00374133647837412,0.194777011485468));
#8643=CARTESIAN_POINT('',(0.0360977222864644,-0.00371308793154565,0.19482639308681));
#8644=CARTESIAN_POINT('',(0.0360977222864644,-0.00368385922764587,0.194874443617989));
#8645=CARTESIAN_POINT('',(0.0360977222864644,-0.00365364412164514,0.194921108240446));
#8646=CARTESIAN_POINT('',(0.0360977222864644,-0.00362244179508875,0.194966332123532));
#8647=CARTESIAN_POINT('',(0.0360977222864644,-0.0035902442445913,0.195010049550102));
#8648=CARTESIAN_POINT('',(0.0360977222864644,-0.00355703660815304,0.195052181198819));
#8649=CARTESIAN_POINT('',(0.0360977222864644,-0.00352279689658494,0.195092633909737));
#8650=CARTESIAN_POINT('',(0.0360977222864644,-0.00348747876301051,0.195131269880364));
#8651=CARTESIAN_POINT('',(0.0360977222864644,-0.00345104956447747,0.195167970504708));
#8652=CARTESIAN_POINT('',(0.0360977222864644,-0.003413299518266,0.195202304058402));
#8653=CARTESIAN_POINT('',(0.0360977222864644,-0.0033744396021231,0.195234540068854));
#8654=CARTESIAN_POINT('',(0.0360977222864644,-0.00334643813671339,0.195252434039692));
#8655=CARTESIAN_POINT('',(0.0360977222864644,-0.0033324847261975,0.195261350784485));
#8656=CARTESIAN_POINT('',(0.0360977222864644,-0.00333248472619748,0.195261350784485));
#8657=CARTESIAN_POINT('',(0.0310977222864645,-0.00333248472619748,0.195261350784485));
#8658=CARTESIAN_POINT('',(0.0310977222864645,-0.00316236137347126,0.195350108830826));
#8659=CARTESIAN_POINT('',(0.0360977222864644,-0.00316236137347126,0.195350108830826));
#8660=CARTESIAN_POINT('',(0.0360977222864644,-0.00299223802074504,0.195438866877166));
#8661=CARTESIAN_POINT('',(0.0310977222864645,-0.00299223802074504,0.195438866877166));
#8662=CARTESIAN_POINT('',(0.0310977222864645,2.09229335246252E-15,0.197));
#8663=CARTESIAN_POINT('',(0.0360977222864644,2.09229335246252E-15,0.197));
#8664=CARTESIAN_POINT('',(0.0360977222864644,-0.00321971961288357,0.195988056022097));
#8665=CARTESIAN_POINT('',(0.0310977222864645,-0.00321971961288357,0.195988056022097));
#8666=CARTESIAN_POINT('',(0.0310977222864645,-0.00340277640568703,0.195930522062199));
#8667=CARTESIAN_POINT('',(0.0360977222864644,-0.00340277640568703,0.195930522062199));
#8668=CARTESIAN_POINT('',(0.0360977222864644,-0.00358583319849048,0.195872988102301));
#8669=CARTESIAN_POINT('',(0.0310977222864645,-0.00358583319849048,0.195872988102301));
#8670=CARTESIAN_POINT('',(0.0310977222864645,-0.00358583319849048,0.195872988102301));
#8671=CARTESIAN_POINT('',(0.0360977222864644,-0.00358583319849048,0.195872988102301));
#8672=CARTESIAN_POINT('',(0.0310977222864645,-0.0036020048403958,0.195869426641813));
#8673=CARTESIAN_POINT('',(0.0360977222864644,-0.0036020048403958,0.195869426641813));
#8674=CARTESIAN_POINT('',(0.0310977222864645,-0.00363445781459271,0.195862279563862));
#8675=CARTESIAN_POINT('',(0.0360977222864644,-0.00363445781459271,0.195862279563862));
#8676=CARTESIAN_POINT('',(0.0310977222864645,-0.00368473022640226,0.195857595755229));
#8677=CARTESIAN_POINT('',(0.0360977222864644,-0.00368473022640226,0.195857595755229));
#8678=CARTESIAN_POINT('',(0.0310977222864645,-0.00373570102870782,0.195855179930202));
#8679=CARTESIAN_POINT('',(0.0360977222864644,-0.00373570102870782,0.195855179930202));
#8680=CARTESIAN_POINT('',(0.0310977222864645,-0.00378741162237065,0.195855371857233));
#8681=CARTESIAN_POINT('',(0.0360977222864644,-0.00378741162237065,0.195855371857233));
#8682=CARTESIAN_POINT('',(0.0310977222864645,-0.00383970507094788,0.195857717922312));
#8683=CARTESIAN_POINT('',(0.0360977222864644,-0.00383970507094788,0.195857717922312));
#8684=CARTESIAN_POINT('',(0.0310977222864645,-0.00389252058939143,0.195862111176284));
#8685=CARTESIAN_POINT('',(0.0360977222864644,-0.00389252058939143,0.195862111176284));
#8686=CARTESIAN_POINT('',(0.0310977222864645,-0.00394579350881502,0.195868421405882));
#8687=CARTESIAN_POINT('',(0.0360977222864644,-0.00394579350881502,0.195868421405882));
#8688=CARTESIAN_POINT('',(0.0310977222864645,-0.00399947350389248,0.195876567188371));
#8689=CARTESIAN_POINT('',(0.0360977222864644,-0.00399947350389248,0.195876567188371));
#8690=CARTESIAN_POINT('',(0.0310977222864645,-0.0040535149949914,0.195886481926076));
#8691=CARTESIAN_POINT('',(0.0360977222864644,-0.0040535149949914,0.195886481926076));
#8692=CARTESIAN_POINT('',(0.0310977222864645,-0.00410787717231984,0.19589811349071));
#8693=CARTESIAN_POINT('',(0.0360977222864644,-0.00410787717231984,0.19589811349071));
#8694=CARTESIAN_POINT('',(0.0310977222864645,-0.00416252184348817,0.195911422532412));
#8695=CARTESIAN_POINT('',(0.0360977222864644,-0.00416252184348817,0.195911422532412));
#8696=CARTESIAN_POINT('',(0.0310977222864645,-0.00421741464768447,0.195926365858567));
#8697=CARTESIAN_POINT('',(0.0360977222864644,-0.00421741464768447,0.195926365858567));
#8698=CARTESIAN_POINT('',(0.0310977222864645,-0.00427251740620249,0.195942949365925));
#8699=CARTESIAN_POINT('',(0.0360977222864644,-0.00427251740620249,0.195942949365925));
#8700=CARTESIAN_POINT('',(0.0310977222864645,-0.0043278143307848,0.195961020413211));
#8701=CARTESIAN_POINT('',(0.0360977222864644,-0.0043278143307848,0.195961020413211));
#8702=CARTESIAN_POINT('',(0.0310977222864645,-0.00436464400606268,0.195974332390131));
#8703=CARTESIAN_POINT('',(0.0360977222864644,-0.00436464400606268,0.195974332390131));
#8704=CARTESIAN_POINT('',(0.0310977222864645,-0.00438310996595553,0.195981006856578));
#8705=CARTESIAN_POINT('',(0.0360977222864644,-0.00438310996595553,0.195981006856578));
#8706=CARTESIAN_POINT('',(0.0360977222864644,-0.00358583319849048,0.195872988102301));
#8707=CARTESIAN_POINT('',(0.0360977222864644,-0.0036020048403958,0.195869426641813));
#8708=CARTESIAN_POINT('',(0.0360977222864644,-0.00363445781459271,0.195862279563862));
#8709=CARTESIAN_POINT('',(0.0360977222864644,-0.00368473022640226,0.195857595755229));
#8710=CARTESIAN_POINT('',(0.0360977222864644,-0.00373570102870782,0.195855179930202));
#8711=CARTESIAN_POINT('',(0.0360977222864644,-0.00378741162237065,0.195855371857233));
#8712=CARTESIAN_POINT('',(0.0360977222864644,-0.00383970507094788,0.195857717922312));
#8713=CARTESIAN_POINT('',(0.0360977222864644,-0.00389252058939143,0.195862111176284));
#8714=CARTESIAN_POINT('',(0.0360977222864644,-0.00394579350881502,0.195868421405882));
#8715=CARTESIAN_POINT('',(0.0360977222864644,-0.00399947350389248,0.195876567188371));
#8716=CARTESIAN_POINT('',(0.0360977222864644,-0.0040535149949914,0.195886481926076));
#8717=CARTESIAN_POINT('',(0.0360977222864644,-0.00410787717231984,0.19589811349071));
#8718=CARTESIAN_POINT('',(0.0360977222864644,-0.00416252184348817,0.195911422532412));
#8719=CARTESIAN_POINT('',(0.0360977222864644,-0.00421741464768447,0.195926365858567));
#8720=CARTESIAN_POINT('',(0.0360977222864644,-0.00427251740620249,0.195942949365925));
#8721=CARTESIAN_POINT('',(0.0360977222864644,-0.0043278143307848,0.195961020413211));
#8722=CARTESIAN_POINT('',(0.0360977222864644,-0.00436464400606268,0.195974332390131));
#8723=CARTESIAN_POINT('',(0.0360977222864644,-0.00438310996595553,0.195981006856578));
#8724=CARTESIAN_POINT('',(0.0360977222864644,-0.00438310996595555,0.195981006856578));
#8725=CARTESIAN_POINT('',(0.0310977222864645,-0.00438310996595555,0.195981006856578));
#8726=CARTESIAN_POINT('',(0.0310977222864645,-0.00441126367296471,0.196122545099675));
#8727=CARTESIAN_POINT('',(0.0360977222864644,-0.00441126367296471,0.196122545099675));
#8728=CARTESIAN_POINT('',(0.0360977222864644,-0.00443941737997386,0.196264083342772));
#8729=CARTESIAN_POINT('',(0.0310977222864645,-0.00443941737997386,0.196264083342772));
#8730=CARTESIAN_POINT('',(0.0310977222864645,-0.00443941737997386,0.196264083342772));
#8731=CARTESIAN_POINT('',(0.0360977222864644,-0.00443941737997386,0.196264083342772));
#8732=CARTESIAN_POINT('',(0.0310977222864645,-0.00442491126530978,0.196277316362626));
#8733=CARTESIAN_POINT('',(0.0360977222864644,-0.00442491126530978,0.196277316362626));
#8734=CARTESIAN_POINT('',(0.0310977222864645,-0.00439597935515077,0.196303709132188));
#8735=CARTESIAN_POINT('',(0.0360977222864644,-0.00439597935515077,0.196303709132188));
#8736=CARTESIAN_POINT('',(0.0310977222864645,-0.00435180714872005,0.196341565819804));
#8737=CARTESIAN_POINT('',(0.0360977222864644,-0.00435180714872005,0.196341565819804));
#8738=CARTESIAN_POINT('',(0.0310977222864645,-0.00430724507145705,0.196377973895593));
#8739=CARTESIAN_POINT('',(0.0360977222864644,-0.00430724507145705,0.196377973895593));
#8740=CARTESIAN_POINT('',(0.0310977222864645,-0.00426224929652158,0.196412786295496));
#8741=CARTESIAN_POINT('',(0.0360977222864644,-0.00426224929652158,0.196412786295496));
#8742=CARTESIAN_POINT('',(0.0310977222864645,-0.0042168573530286,0.196445993857046));
#8743=CARTESIAN_POINT('',(0.0360977222864644,-0.0042168573530286,0.196445993857046));
#8744=CARTESIAN_POINT('',(0.0310977222864645,-0.00417108445712988,0.196477543526153));
#8745=CARTESIAN_POINT('',(0.0360977222864644,-0.00417108445712988,0.196477543526153));
#8746=CARTESIAN_POINT('',(0.0310977222864645,-0.00412495083545328,0.196507384332693));
#8747=CARTESIAN_POINT('',(0.0360977222864644,-0.00412495083545328,0.196507384332693));
#8748=CARTESIAN_POINT('',(0.0310977222864645,-0.004078474242698,0.196535452499176));
#8749=CARTESIAN_POINT('',(0.0360977222864644,-0.004078474242698,0.196535452499176));
#8750=CARTESIAN_POINT('',(0.0310977222864645,-0.0040316713031271,0.196561669054804));
#8751=CARTESIAN_POINT('',(0.0360977222864644,-0.0040316713031271,0.196561669054804));
#8752=CARTESIAN_POINT('',(0.0310977222864645,-0.00398455735214748,0.196585939516111));
#8753=CARTESIAN_POINT('',(0.0360977222864644,-0.00398455735214748,0.196585939516111));
#8754=CARTESIAN_POINT('',(0.0310977222864645,-0.00393714230555934,0.19660811883401));
#8755=CARTESIAN_POINT('',(0.0360977222864644,-0.00393714230555934,0.19660811883401));
#8756=CARTESIAN_POINT('',(0.0310977222864645,-0.00388944139375524,0.196628084938939));
#8757=CARTESIAN_POINT('',(0.0360977222864644,-0.00388944139375524,0.196628084938939));
#8758=CARTESIAN_POINT('',(0.0310977222864645,-0.00384142601653615,0.196645358689219));
#8759=CARTESIAN_POINT('',(0.0360977222864644,-0.00384142601653615,0.196645358689219));
#8760=CARTESIAN_POINT('',(0.0310977222864645,-0.00379318794825134,0.196660269833394));
#8761=CARTESIAN_POINT('',(0.0360977222864644,-0.00379318794825134,0.196660269833394));
#8762=CARTESIAN_POINT('',(0.0310977222864645,-0.00376047024129972,0.196666086009913));
#8763=CARTESIAN_POINT('',(0.0360977222864644,-0.00376047024129972,0.196666086009913));
#8764=CARTESIAN_POINT('',(0.0310977222864645,-0.00374416668041267,0.196668984268894));
#8765=CARTESIAN_POINT('',(0.0360977222864644,-0.00374416668041267,0.196668984268894));
#8766=CARTESIAN_POINT('',(0.0360977222864644,-0.00443941737997386,0.196264083342772));
#8767=CARTESIAN_POINT('',(0.0360977222864644,-0.00442491126530978,0.196277316362626));
#8768=CARTESIAN_POINT('',(0.0360977222864644,-0.00439597935515077,0.196303709132188));
#8769=CARTESIAN_POINT('',(0.0360977222864644,-0.00435180714872005,0.196341565819804));
#8770=CARTESIAN_POINT('',(0.0360977222864644,-0.00430724507145705,0.196377973895593));
#8771=CARTESIAN_POINT('',(0.0360977222864644,-0.00426224929652158,0.196412786295496));
#8772=CARTESIAN_POINT('',(0.0360977222864644,-0.0042168573530286,0.196445993857046));
#8773=CARTESIAN_POINT('',(0.0360977222864644,-0.00417108445712988,0.196477543526153));
#8774=CARTESIAN_POINT('',(0.0360977222864644,-0.00412495083545328,0.196507384332693));
#8775=CARTESIAN_POINT('',(0.0360977222864644,-0.004078474242698,0.196535452499176));
#8776=CARTESIAN_POINT('',(0.0360977222864644,-0.0040316713031271,0.196561669054804));
#8777=CARTESIAN_POINT('',(0.0360977222864644,-0.00398455735214748,0.196585939516111));
#8778=CARTESIAN_POINT('',(0.0360977222864644,-0.00393714230555934,0.19660811883401));
#8779=CARTESIAN_POINT('',(0.0360977222864644,-0.00388944139375524,0.196628084938939));
#8780=CARTESIAN_POINT('',(0.0360977222864644,-0.00384142601653615,0.196645358689219));
#8781=CARTESIAN_POINT('',(0.0360977222864644,-0.00379318794825134,0.196660269833394));
#8782=CARTESIAN_POINT('',(0.0360977222864644,-0.00376047024129972,0.196666086009913));
#8783=CARTESIAN_POINT('',(0.0360977222864644,-0.00374416668041267,0.196668984268894));
#8784=CARTESIAN_POINT('',(0.0360977222864644,-0.00374416668041267,0.196668984268894));
#8785=CARTESIAN_POINT('',(0.0310977222864645,-0.00374416668041267,0.196668984268894));
#8786=CARTESIAN_POINT('',(0.0310977222864645,-0.00355302696300293,0.196685882622708));
#8787=CARTESIAN_POINT('',(0.0360977222864644,-0.00355302696300293,0.196685882622708));
#8788=CARTESIAN_POINT('',(0.0360977222864644,-0.00336188724559319,0.196702780976521));
#8789=CARTESIAN_POINT('',(0.0310977222864645,-0.00336188724559319,0.196702780976521));
#8790=CARTESIAN_POINT('',(0.0310977222864645,-3.17454396103756E-16,0.197));
#8791=CARTESIAN_POINT('',(0.0360977222864644,-3.17454396103756E-16,0.197));
#8792=CARTESIAN_POINT('',(0.0360977222864644,-0.00336188724559319,0.197297219023479));
#8793=CARTESIAN_POINT('',(0.0310977222864645,-0.00336188724559319,0.197297219023479));
#8794=CARTESIAN_POINT('',(0.0310977222864645,-0.00355302696300291,0.197314117377293));
#8795=CARTESIAN_POINT('',(0.0360977222864644,-0.00355302696300291,0.197314117377293));
#8796=CARTESIAN_POINT('',(0.0360977222864644,-0.00374416668041264,0.197331015731106));
#8797=CARTESIAN_POINT('',(0.0310977222864645,-0.00374416668041264,0.197331015731106));
#8798=CARTESIAN_POINT('',(0.0310977222864645,-0.00374416668041264,0.197331015731106));
#8799=CARTESIAN_POINT('',(0.0360977222864645,-0.00374416668041264,0.197331015731106));
#8800=CARTESIAN_POINT('',(0.0310977222864645,-0.00376047024129972,0.197333913990087));
#8801=CARTESIAN_POINT('',(0.0360977222864645,-0.00376047024129972,0.197333913990087));
#8802=CARTESIAN_POINT('',(0.0310977222864645,-0.00379318794825134,0.197339730166606));
#8803=CARTESIAN_POINT('',(0.0360977222864645,-0.00379318794825134,0.197339730166606));
#8804=CARTESIAN_POINT('',(0.0310977222864645,-0.00384142601653615,0.197354641310781));
#8805=CARTESIAN_POINT('',(0.0360977222864645,-0.00384142601653615,0.197354641310781));
#8806=CARTESIAN_POINT('',(0.0310977222864645,-0.00388944139375524,0.197371915061061));
#8807=CARTESIAN_POINT('',(0.0360977222864645,-0.00388944139375524,0.197371915061061));
#8808=CARTESIAN_POINT('',(0.0310977222864645,-0.00393714230555934,0.197391881165989));
#8809=CARTESIAN_POINT('',(0.0360977222864645,-0.00393714230555934,0.197391881165989));
#8810=CARTESIAN_POINT('',(0.0310977222864645,-0.00398455735214748,0.19741406048389));
#8811=CARTESIAN_POINT('',(0.0360977222864645,-0.00398455735214748,0.19741406048389));
#8812=CARTESIAN_POINT('',(0.0310977222864645,-0.0040316713031271,0.197438330945195));
#8813=CARTESIAN_POINT('',(0.0360977222864645,-0.0040316713031271,0.197438330945195));
#8814=CARTESIAN_POINT('',(0.0310977222864645,-0.00407847424269803,0.197464547500824));
#8815=CARTESIAN_POINT('',(0.0360977222864645,-0.00407847424269803,0.197464547500824));
#8816=CARTESIAN_POINT('',(0.0310977222864645,-0.00412495083545325,0.197492615667307));
#8817=CARTESIAN_POINT('',(0.0360977222864645,-0.00412495083545325,0.197492615667307));
#8818=CARTESIAN_POINT('',(0.0310977222864645,-0.00417108445712988,0.197522456473847));
#8819=CARTESIAN_POINT('',(0.0360977222864645,-0.00417108445712988,0.197522456473847));
#8820=CARTESIAN_POINT('',(0.0310977222864645,-0.0042168573530286,0.197554006142954));
#8821=CARTESIAN_POINT('',(0.0360977222864645,-0.0042168573530286,0.197554006142954));
#8822=CARTESIAN_POINT('',(0.0310977222864645,-0.00426224929652155,0.197587213704503));
#8823=CARTESIAN_POINT('',(0.0360977222864645,-0.00426224929652155,0.197587213704503));
#8824=CARTESIAN_POINT('',(0.0310977222864645,-0.00430724507145708,0.197622026104407));
#8825=CARTESIAN_POINT('',(0.0360977222864645,-0.00430724507145708,0.197622026104407));
#8826=CARTESIAN_POINT('',(0.0310977222864645,-0.00435180714872002,0.197658434180195));
#8827=CARTESIAN_POINT('',(0.0360977222864645,-0.00435180714872002,0.197658434180195));
#8828=CARTESIAN_POINT('',(0.0310977222864645,-0.00439597935515077,0.197696290867813));
#8829=CARTESIAN_POINT('',(0.0360977222864645,-0.00439597935515077,0.197696290867813));
#8830=CARTESIAN_POINT('',(0.0310977222864645,-0.00442491126530978,0.197722683637374));
#8831=CARTESIAN_POINT('',(0.0360977222864645,-0.00442491126530978,0.197722683637374));
#8832=CARTESIAN_POINT('',(0.0310977222864645,-0.00443941737997386,0.197735916657229));
#8833=CARTESIAN_POINT('',(0.0360977222864645,-0.00443941737997386,0.197735916657229));
#8834=CARTESIAN_POINT('',(0.0360977222864644,-0.00374416668041264,0.197331015731106));
#8835=CARTESIAN_POINT('',(0.0360977222864644,-0.00376047024129972,0.197333913990087));
#8836=CARTESIAN_POINT('',(0.0360977222864644,-0.00379318794825134,0.197339730166606));
#8837=CARTESIAN_POINT('',(0.0360977222864644,-0.00384142601653615,0.197354641310781));
#8838=CARTESIAN_POINT('',(0.0360977222864644,-0.00388944139375524,0.197371915061061));
#8839=CARTESIAN_POINT('',(0.0360977222864644,-0.00393714230555934,0.197391881165989));
#8840=CARTESIAN_POINT('',(0.0360977222864644,-0.00398455735214748,0.19741406048389));
#8841=CARTESIAN_POINT('',(0.0360977222864644,-0.0040316713031271,0.197438330945195));
#8842=CARTESIAN_POINT('',(0.0360977222864644,-0.00407847424269803,0.197464547500824));
#8843=CARTESIAN_POINT('',(0.0360977222864644,-0.00412495083545325,0.197492615667307));
#8844=CARTESIAN_POINT('',(0.0360977222864644,-0.00417108445712988,0.197522456473847));
#8845=CARTESIAN_POINT('',(0.0360977222864644,-0.0042168573530286,0.197554006142954));
#8846=CARTESIAN_POINT('',(0.0360977222864644,-0.00426224929652155,0.197587213704503));
#8847=CARTESIAN_POINT('',(0.0360977222864644,-0.00430724507145708,0.197622026104407));
#8848=CARTESIAN_POINT('',(0.0360977222864644,-0.00435180714872002,0.197658434180195));
#8849=CARTESIAN_POINT('',(0.0360977222864644,-0.00439597935515077,0.197696290867813));
#8850=CARTESIAN_POINT('',(0.0360977222864644,-0.00442491126530978,0.197722683637374));
#8851=CARTESIAN_POINT('',(0.0360977222864644,-0.00443941737997386,0.197735916657229));
#8852=CARTESIAN_POINT('',(0.0360977222864644,-0.00443941737997387,0.197735916657229));
#8853=CARTESIAN_POINT('',(0.0310977222864645,-0.00443941737997387,0.197735916657229));
#8854=CARTESIAN_POINT('',(0.0310977222864645,-0.00441126367296472,0.197877454900325));
#8855=CARTESIAN_POINT('',(0.0360977222864644,-0.00441126367296472,0.197877454900325));
#8856=CARTESIAN_POINT('',(0.0360977222864644,-0.00438310996595556,0.198018993143422));
#8857=CARTESIAN_POINT('',(0.0310977222864645,-0.00438310996595556,0.198018993143422));
#8858=CARTESIAN_POINT('',(0.0310977222864645,-0.00438310996595556,0.198018993143422));
#8859=CARTESIAN_POINT('',(0.0360977222864644,-0.00438310996595556,0.198018993143422));
#8860=CARTESIAN_POINT('',(0.0310977222864645,-0.00436464400606268,0.198025667609869));
#8861=CARTESIAN_POINT('',(0.0360977222864644,-0.00436464400606268,0.198025667609869));
#8862=CARTESIAN_POINT('',(0.0310977222864645,-0.0043278143307848,0.198038979586789));
#8863=CARTESIAN_POINT('',(0.0360977222864644,-0.0043278143307848,0.198038979586789));
#8864=CARTESIAN_POINT('',(0.0310977222864645,-0.00427251740620249,0.198057050634074));
#8865=CARTESIAN_POINT('',(0.0360977222864644,-0.00427251740620249,0.198057050634074));
#8866=CARTESIAN_POINT('',(0.0310977222864645,-0.00421741464768443,0.198073634141434));
#8867=CARTESIAN_POINT('',(0.0360977222864644,-0.00421741464768443,0.198073634141434));
#8868=CARTESIAN_POINT('',(0.0310977222864645,-0.00416252184348817,0.198088577467587));
#8869=CARTESIAN_POINT('',(0.0360977222864644,-0.00416252184348817,0.198088577467587));
#8870=CARTESIAN_POINT('',(0.0310977222864645,-0.00410787717231984,0.198101886509291));
#8871=CARTESIAN_POINT('',(0.0360977222864644,-0.00410787717231984,0.198101886509291));
#8872=CARTESIAN_POINT('',(0.0310977222864645,-0.0040535149949914,0.198113518073924));
#8873=CARTESIAN_POINT('',(0.0360977222864644,-0.0040535149949914,0.198113518073924));
#8874=CARTESIAN_POINT('',(0.0310977222864645,-0.00399947350389248,0.198123432811629));
#8875=CARTESIAN_POINT('',(0.0360977222864644,-0.00399947350389248,0.198123432811629));
#8876=CARTESIAN_POINT('',(0.0310977222864645,-0.00394579350881502,0.198131578594118));
#8877=CARTESIAN_POINT('',(0.0360977222864644,-0.00394579350881502,0.198131578594118));
#8878=CARTESIAN_POINT('',(0.0310977222864645,-0.00389252058939141,0.198137888823716));
#8879=CARTESIAN_POINT('',(0.0360977222864644,-0.00389252058939141,0.198137888823716));
#8880=CARTESIAN_POINT('',(0.0310977222864645,-0.00383970507094788,0.198142282077688));
#8881=CARTESIAN_POINT('',(0.0360977222864644,-0.00383970507094788,0.198142282077688));
#8882=CARTESIAN_POINT('',(0.0310977222864645,-0.00378741162237065,0.198144628142767));
#8883=CARTESIAN_POINT('',(0.0360977222864644,-0.00378741162237065,0.198144628142767));
#8884=CARTESIAN_POINT('',(0.0310977222864645,-0.00373570102870782,0.198144820069798));
#8885=CARTESIAN_POINT('',(0.0360977222864644,-0.00373570102870782,0.198144820069798));
#8886=CARTESIAN_POINT('',(0.0310977222864645,-0.00368473022640223,0.198142404244771));
#8887=CARTESIAN_POINT('',(0.0360977222864644,-0.00368473022640223,0.198142404244771));
#8888=CARTESIAN_POINT('',(0.0310977222864645,-0.00363445781459271,0.198137720436139));
#8889=CARTESIAN_POINT('',(0.0360977222864644,-0.00363445781459271,0.198137720436139));
#8890=CARTESIAN_POINT('',(0.0310977222864645,-0.0036020048403958,0.198130573358187));
#8891=CARTESIAN_POINT('',(0.0360977222864644,-0.0036020048403958,0.198130573358187));
#8892=CARTESIAN_POINT('',(0.0310977222864645,-0.00358583319849048,0.198127011897699));
#8893=CARTESIAN_POINT('',(0.0360977222864644,-0.00358583319849048,0.198127011897699));
#8894=CARTESIAN_POINT('',(0.0360977222864644,-0.00438310996595556,0.198018993143422));
#8895=CARTESIAN_POINT('',(0.0360977222864644,-0.00436464400606268,0.198025667609869));
#8896=CARTESIAN_POINT('',(0.0360977222864644,-0.0043278143307848,0.198038979586789));
#8897=CARTESIAN_POINT('',(0.0360977222864644,-0.00427251740620249,0.198057050634074));
#8898=CARTESIAN_POINT('',(0.0360977222864644,-0.00421741464768443,0.198073634141434));
#8899=CARTESIAN_POINT('',(0.0360977222864644,-0.00416252184348817,0.198088577467587));
#8900=CARTESIAN_POINT('',(0.0360977222864644,-0.00410787717231984,0.198101886509291));
#8901=CARTESIAN_POINT('',(0.0360977222864644,-0.0040535149949914,0.198113518073924));
#8902=CARTESIAN_POINT('',(0.0360977222864644,-0.00399947350389248,0.198123432811629));
#8903=CARTESIAN_POINT('',(0.0360977222864644,-0.00394579350881502,0.198131578594118));
#8904=CARTESIAN_POINT('',(0.0360977222864644,-0.00389252058939141,0.198137888823716));
#8905=CARTESIAN_POINT('',(0.0360977222864644,-0.00383970507094788,0.198142282077688));
#8906=CARTESIAN_POINT('',(0.0360977222864644,-0.00378741162237065,0.198144628142767));
#8907=CARTESIAN_POINT('',(0.0360977222864644,-0.00373570102870782,0.198144820069798));
#8908=CARTESIAN_POINT('',(0.0360977222864644,-0.00368473022640223,0.198142404244771));
#8909=CARTESIAN_POINT('',(0.0360977222864644,-0.00363445781459271,0.198137720436139));
#8910=CARTESIAN_POINT('',(0.0360977222864644,-0.0036020048403958,0.198130573358187));
#8911=CARTESIAN_POINT('',(0.0360977222864644,-0.00358583319849048,0.198127011897699));
#8912=CARTESIAN_POINT('',(0.0360977222864644,-0.00358583319849048,0.198127011897699));
#8913=CARTESIAN_POINT('',(0.0310977222864645,-0.00358583319849048,0.198127011897699));
#8914=CARTESIAN_POINT('',(0.0310977222864645,-0.00340277640568702,0.198069477937801));
#8915=CARTESIAN_POINT('',(0.0360977222864644,-0.00340277640568702,0.198069477937801));
#8916=CARTESIAN_POINT('',(0.0360977222864644,-0.00321971961288355,0.198011943977902));
#8917=CARTESIAN_POINT('',(0.0310977222864645,-0.00321971961288355,0.198011943977902));
#8918=CARTESIAN_POINT('',(0.0310977222864645,-5.33861149731862E-16,0.197));
#8919=CARTESIAN_POINT('',(0.0360977222864644,-5.33861149731862E-16,0.197));
#8920=CARTESIAN_POINT('',(0.0360977222864644,-0.00299223802074502,0.198561133122834));
#8921=CARTESIAN_POINT('',(0.0310977222864645,-0.00299223802074502,0.198561133122834));
#8922=CARTESIAN_POINT('',(0.0310977222864645,-0.00316236137347124,0.198649891169175));
#8923=CARTESIAN_POINT('',(0.0360977222864644,-0.00316236137347124,0.198649891169175));
#8924=CARTESIAN_POINT('',(0.0360977222864644,-0.00333248472619749,0.198738649215516));
#8925=CARTESIAN_POINT('',(0.0310977222864645,-0.00333248472619749,0.198738649215516));
#8926=CARTESIAN_POINT('',(0.0310977222864645,-0.00333248472619749,0.198738649215516));
#8927=CARTESIAN_POINT('',(0.0360977222864644,-0.00333248472619749,0.198738649215516));
#8928=CARTESIAN_POINT('',(0.0310977222864645,-0.00334643813671337,0.198747565960308));
#8929=CARTESIAN_POINT('',(0.0360977222864644,-0.00334643813671337,0.198747565960308));
#8930=CARTESIAN_POINT('',(0.0310977222864645,-0.00337443960212311,0.198765459931147));
#8931=CARTESIAN_POINT('',(0.0360977222864644,-0.00337443960212311,0.198765459931147));
#8932=CARTESIAN_POINT('',(0.0310977222864645,-0.003413299518266,0.198797695941598));
#8933=CARTESIAN_POINT('',(0.0360977222864644,-0.003413299518266,0.198797695941598));
#8934=CARTESIAN_POINT('',(0.0310977222864645,-0.00345104956447747,0.198832029495292));
#8935=CARTESIAN_POINT('',(0.0360977222864644,-0.00345104956447747,0.198832029495292));
#8936=CARTESIAN_POINT('',(0.0310977222864645,-0.00348747876301051,0.198868730119635));
#8937=CARTESIAN_POINT('',(0.0360977222864644,-0.00348747876301051,0.198868730119635));
#8938=CARTESIAN_POINT('',(0.0310977222864645,-0.00352279689658494,0.198907366090262));
#8939=CARTESIAN_POINT('',(0.0360977222864644,-0.00352279689658494,0.198907366090262));
#8940=CARTESIAN_POINT('',(0.0310977222864645,-0.00355703660815304,0.198947818801181));
#8941=CARTESIAN_POINT('',(0.0360977222864644,-0.00355703660815304,0.198947818801181));
#8942=CARTESIAN_POINT('',(0.0310977222864645,-0.00359024424459128,0.198989950449899));
#8943=CARTESIAN_POINT('',(0.0360977222864644,-0.00359024424459128,0.198989950449899));
#8944=CARTESIAN_POINT('',(0.0310977222864645,-0.00362244179508872,0.199033667876468));
#8945=CARTESIAN_POINT('',(0.0360977222864644,-0.00362244179508872,0.199033667876468));
#8946=CARTESIAN_POINT('',(0.0310977222864645,-0.00365364412164512,0.199078891759555));
#8947=CARTESIAN_POINT('',(0.0360977222864644,-0.00365364412164512,0.199078891759555));
#8948=CARTESIAN_POINT('',(0.0310977222864645,-0.00368385922764588,0.199125556382012));
#8949=CARTESIAN_POINT('',(0.0360977222864644,-0.00368385922764588,0.199125556382012));
#8950=CARTESIAN_POINT('',(0.0310977222864645,-0.00371308793154565,0.199173606913189));
#8951=CARTESIAN_POINT('',(0.0360977222864644,-0.00371308793154565,0.199173606913189));
#8952=CARTESIAN_POINT('',(0.0310977222864645,-0.00374133647837413,0.199222988514532));
#8953=CARTESIAN_POINT('',(0.0360977222864644,-0.00374133647837413,0.199222988514532));
#8954=CARTESIAN_POINT('',(0.0310977222864645,-0.00376857370207498,0.199273678359251));
#8955=CARTESIAN_POINT('',(0.0360977222864644,-0.00376857370207498,0.199273678359251));
#8956=CARTESIAN_POINT('',(0.0310977222864645,-0.00379489637234706,0.199325557349682));
#8957=CARTESIAN_POINT('',(0.0360977222864644,-0.00379489637234706,0.199325557349682));
#8958=CARTESIAN_POINT('',(0.0310977222864645,-0.00381152589633399,0.19936101285197));
#8959=CARTESIAN_POINT('',(0.0360977222864644,-0.00381152589633399,0.19936101285197));
#8960=CARTESIAN_POINT('',(0.0310977222864645,-0.00381986374130991,0.199378789817917));
#8961=CARTESIAN_POINT('',(0.0360977222864644,-0.00381986374130991,0.199378789817917));
#8962=CARTESIAN_POINT('',(0.0360977222864644,-0.00333248472619749,0.198738649215516));
#8963=CARTESIAN_POINT('',(0.0360977222864644,-0.00334643813671337,0.198747565960308));
#8964=CARTESIAN_POINT('',(0.0360977222864644,-0.00337443960212311,0.198765459931147));
#8965=CARTESIAN_POINT('',(0.0360977222864644,-0.003413299518266,0.198797695941598));
#8966=CARTESIAN_POINT('',(0.0360977222864644,-0.00345104956447747,0.198832029495292));
#8967=CARTESIAN_POINT('',(0.0360977222864644,-0.00348747876301051,0.198868730119635));
#8968=CARTESIAN_POINT('',(0.0360977222864644,-0.00352279689658494,0.198907366090262));
#8969=CARTESIAN_POINT('',(0.0360977222864644,-0.00355703660815304,0.198947818801181));
#8970=CARTESIAN_POINT('',(0.0360977222864644,-0.00359024424459128,0.198989950449899));
#8971=CARTESIAN_POINT('',(0.0360977222864644,-0.00362244179508872,0.199033667876468));
#8972=CARTESIAN_POINT('',(0.0360977222864644,-0.00365364412164512,0.199078891759555));
#8973=CARTESIAN_POINT('',(0.0360977222864644,-0.00368385922764588,0.199125556382012));
#8974=CARTESIAN_POINT('',(0.0360977222864644,-0.00371308793154565,0.199173606913189));
#8975=CARTESIAN_POINT('',(0.0360977222864644,-0.00374133647837413,0.199222988514532));
#8976=CARTESIAN_POINT('',(0.0360977222864644,-0.00376857370207498,0.199273678359251));
#8977=CARTESIAN_POINT('',(0.0360977222864644,-0.00379489637234706,0.199325557349682));
#8978=CARTESIAN_POINT('',(0.0360977222864644,-0.00381152589633399,0.19936101285197));
#8979=CARTESIAN_POINT('',(0.0360977222864644,-0.00381986374130991,0.199378789817917));
#8980=CARTESIAN_POINT('',(0.0360977222864644,-0.0038198637413099,0.199378789817917));
#8981=CARTESIAN_POINT('',(0.0310977222864645,-0.0038198637413099,0.199378789817917));
#8982=CARTESIAN_POINT('',(0.0310977222864645,-0.00373968876696059,0.19949878014655));
#8983=CARTESIAN_POINT('',(0.0360977222864644,-0.00373968876696059,0.19949878014655));
#8984=CARTESIAN_POINT('',(0.0360977222864644,-0.00365951379261128,0.199618770475183));
#8985=CARTESIAN_POINT('',(0.0310977222864645,-0.00365951379261128,0.199618770475183));
#8986=CARTESIAN_POINT('',(0.0310977222864645,-0.00365951379261128,0.199618770475183));
#8987=CARTESIAN_POINT('',(0.0360977222864644,-0.00365951379261128,0.199618770475183));
#8988=CARTESIAN_POINT('',(0.0310977222864645,-0.00363989926248895,0.19961787026121));
#8989=CARTESIAN_POINT('',(0.0360977222864644,-0.00363989926248895,0.19961787026121));
#8990=CARTESIAN_POINT('',(0.0310977222864645,-0.00360077880629151,0.199616074817675));
#8991=CARTESIAN_POINT('',(0.0360977222864644,-0.00360077880629151,0.199616074817675));
#8992=CARTESIAN_POINT('',(0.0310977222864645,-0.00354277561905736,0.199611609071495));
#8993=CARTESIAN_POINT('',(0.0360977222864644,-0.00354277561905736,0.199611609071495));
#8994=CARTESIAN_POINT('',(0.0310977222864645,-0.00348552107476088,0.199605843321759));
#8995=CARTESIAN_POINT('',(0.0360977222864644,-0.00348552107476088,0.199605843321759));
#8996=CARTESIAN_POINT('',(0.0310977222864645,-0.00342908817313817,0.199598642588218));
#8997=CARTESIAN_POINT('',(0.0360977222864644,-0.00342908817313817,0.199598642588218));
#8998=CARTESIAN_POINT('',(0.0310977222864645,-0.00337350993012464,0.199590026929121));
#8999=CARTESIAN_POINT('',(0.0360977222864644,-0.00337350993012464,0.199590026929121));
#9000=CARTESIAN_POINT('',(0.0310977222864645,-0.0033188346200704,0.199579969589007));
#9001=CARTESIAN_POINT('',(0.0360977222864644,-0.0033188346200704,0.199579969589007));
#9002=CARTESIAN_POINT('',(0.0310977222864645,-0.00326511258668169,0.199568448828938));
#9003=CARTESIAN_POINT('',(0.0360977222864644,-0.00326511258668169,0.199568448828938));
#9004=CARTESIAN_POINT('',(0.0310977222864645,-0.0032124014819222,0.199555432105891));
#9005=CARTESIAN_POINT('',(0.0360977222864644,-0.0032124014819222,0.199555432105891));
#9006=CARTESIAN_POINT('',(0.0310977222864645,-0.00316076890170791,0.199540875334205));
#9007=CARTESIAN_POINT('',(0.0360977222864644,-0.00316076890170791,0.199540875334205));
#9008=CARTESIAN_POINT('',(0.0310977222864645,-0.00311029249970965,0.199524722547751));
#9009=CARTESIAN_POINT('',(0.0360977222864644,-0.00311029249970965,0.199524722547751));
#9010=CARTESIAN_POINT('',(0.0310977222864645,-0.00306108185264786,0.199506878192867));
#9011=CARTESIAN_POINT('',(0.0360977222864644,-0.00306108185264786,0.199506878192867));
#9012=CARTESIAN_POINT('',(0.0310977222864645,-0.00301323404625378,0.19948726672285));
#9013=CARTESIAN_POINT('',(0.0360977222864644,-0.00301323404625378,0.19948726672285));
#9014=CARTESIAN_POINT('',(0.0310977222864645,-0.00296706766146126,0.199465529109977));
#9015=CARTESIAN_POINT('',(0.0360977222864644,-0.00296706766146126,0.199465529109977));
#9016=CARTESIAN_POINT('',(0.0310977222864645,-0.00292241442510446,0.199441963415943));
#9017=CARTESIAN_POINT('',(0.0360977222864644,-0.00292241442510446,0.199441963415943));
#9018=CARTESIAN_POINT('',(0.0310977222864645,-0.00289516685479682,0.19942294116135));
#9019=CARTESIAN_POINT('',(0.0360977222864644,-0.00289516685479682,0.19942294116135));
#9020=CARTESIAN_POINT('',(0.0310977222864645,-0.00288158911775702,0.199413462181468));
#9021=CARTESIAN_POINT('',(0.0360977222864644,-0.00288158911775702,0.199413462181468));
#9022=CARTESIAN_POINT('',(0.0360977222864644,-0.00365951379261128,0.199618770475183));
#9023=CARTESIAN_POINT('',(0.0360977222864644,-0.00363989926248895,0.19961787026121));
#9024=CARTESIAN_POINT('',(0.0360977222864644,-0.00360077880629151,0.199616074817675));
#9025=CARTESIAN_POINT('',(0.0360977222864644,-0.00354277561905736,0.199611609071495));
#9026=CARTESIAN_POINT('',(0.0360977222864644,-0.00348552107476088,0.199605843321759));
#9027=CARTESIAN_POINT('',(0.0360977222864644,-0.00342908817313817,0.199598642588218));
#9028=CARTESIAN_POINT('',(0.0360977222864644,-0.00337350993012464,0.199590026929121));
#9029=CARTESIAN_POINT('',(0.0360977222864644,-0.0033188346200704,0.199579969589007));
#9030=CARTESIAN_POINT('',(0.0360977222864644,-0.00326511258668169,0.199568448828938));
#9031=CARTESIAN_POINT('',(0.0360977222864644,-0.0032124014819222,0.199555432105891));
#9032=CARTESIAN_POINT('',(0.0360977222864644,-0.00316076890170791,0.199540875334205));
#9033=CARTESIAN_POINT('',(0.0360977222864644,-0.00311029249970965,0.199524722547751));
#9034=CARTESIAN_POINT('',(0.0360977222864644,-0.00306108185264786,0.199506878192867));
#9035=CARTESIAN_POINT('',(0.0360977222864644,-0.00301323404625378,0.19948726672285));
#9036=CARTESIAN_POINT('',(0.0360977222864644,-0.00296706766146126,0.199465529109977));
#9037=CARTESIAN_POINT('',(0.0360977222864644,-0.00292241442510446,0.199441963415943));
#9038=CARTESIAN_POINT('',(0.0360977222864644,-0.00289516685479682,0.19942294116135));
#9039=CARTESIAN_POINT('',(0.0360977222864644,-0.00288158911775702,0.199413462181468));
#9040=CARTESIAN_POINT('',(0.0360977222864644,-0.00288158911775702,0.199413462181468));
#9041=CARTESIAN_POINT('',(0.0310977222864645,-0.00288158911775702,0.199413462181468));
#9042=CARTESIAN_POINT('',(0.0310977222864645,-0.0027344839868502,0.199290254931706));
#9043=CARTESIAN_POINT('',(0.0360977222864644,-0.0027344839868502,0.199290254931706));
#9044=CARTESIAN_POINT('',(0.0360977222864644,-0.00258737885594339,0.199167047681944));
#9045=CARTESIAN_POINT('',(0.0310977222864645,-0.00258737885594339,0.199167047681944));
#9046=CARTESIAN_POINT('',(0.0310977222864645,1.67834496300756E-16,0.197));
#9047=CARTESIAN_POINT('',(0.0360977222864644,1.67834496300756E-16,0.197));
#9048=CARTESIAN_POINT('',(0.0360977222864644,-0.00216704768194362,0.199587378855943));
#9049=CARTESIAN_POINT('',(0.0310977222864645,-0.00216704768194362,0.199587378855943));
#9050=CARTESIAN_POINT('',(0.0310977222864645,-0.00229025493170581,0.19973448398685));
#9051=CARTESIAN_POINT('',(0.0360977222864644,-0.00229025493170581,0.19973448398685));
#9052=CARTESIAN_POINT('',(0.0360977222864644,-0.00241346218146801,0.199881589117757));
#9053=CARTESIAN_POINT('',(0.0310977222864645,-0.00241346218146801,0.199881589117757));
#9054=CARTESIAN_POINT('',(0.0310977222864645,-0.00241346218146801,0.199881589117757));
#9055=CARTESIAN_POINT('',(0.0360977222864645,-0.00241346218146801,0.199881589117757));
#9056=CARTESIAN_POINT('',(0.0310977222864645,-0.00242294116134967,0.199895166854797));
#9057=CARTESIAN_POINT('',(0.0360977222864645,-0.00242294116134967,0.199895166854797));
#9058=CARTESIAN_POINT('',(0.0310977222864645,-0.00244196341594277,0.199922414425104));
#9059=CARTESIAN_POINT('',(0.0360977222864645,-0.00244196341594277,0.199922414425104));
#9060=CARTESIAN_POINT('',(0.0310977222864645,-0.002465529109977,0.199967067661461));
#9061=CARTESIAN_POINT('',(0.0360977222864645,-0.002465529109977,0.199967067661461));
#9062=CARTESIAN_POINT('',(0.0310977222864645,-0.00248726672285021,0.200013234046254));
#9063=CARTESIAN_POINT('',(0.0360977222864645,-0.00248726672285021,0.200013234046254));
#9064=CARTESIAN_POINT('',(0.0310977222864645,-0.00250687819286702,0.200061081852648));
#9065=CARTESIAN_POINT('',(0.0360977222864645,-0.00250687819286702,0.200061081852648));
#9066=CARTESIAN_POINT('',(0.0310977222864645,-0.00252472254775072,0.200110292499709));
#9067=CARTESIAN_POINT('',(0.0360977222864645,-0.00252472254775072,0.200110292499709));
#9068=CARTESIAN_POINT('',(0.0310977222864645,-0.00254087533420483,0.200160768901708));
#9069=CARTESIAN_POINT('',(0.0360977222864645,-0.00254087533420483,0.200160768901708));
#9070=CARTESIAN_POINT('',(0.0310977222864645,-0.00255543210589066,0.200212401481922));
#9071=CARTESIAN_POINT('',(0.0360977222864645,-0.00255543210589066,0.200212401481922));
#9072=CARTESIAN_POINT('',(0.0310977222864645,-0.00256844882893856,0.200265112586682));
#9073=CARTESIAN_POINT('',(0.0360977222864645,-0.00256844882893856,0.200265112586682));
#9074=CARTESIAN_POINT('',(0.0310977222864645,-0.0025799695890063,0.20031883462007));
#9075=CARTESIAN_POINT('',(0.0360977222864645,-0.0025799695890063,0.20031883462007));
#9076=CARTESIAN_POINT('',(0.0310977222864645,-0.00259002692912111,0.200373509930124));
#9077=CARTESIAN_POINT('',(0.0360977222864645,-0.00259002692912111,0.200373509930124));
#9078=CARTESIAN_POINT('',(0.0310977222864645,-0.00259864258821782,0.200429088173138));
#9079=CARTESIAN_POINT('',(0.0360977222864645,-0.00259864258821782,0.200429088173138));
#9080=CARTESIAN_POINT('',(0.0310977222864645,-0.00260584332175834,0.200485521074761));
#9081=CARTESIAN_POINT('',(0.0360977222864645,-0.00260584332175834,0.200485521074761));
#9082=CARTESIAN_POINT('',(0.0310977222864645,-0.00261160907149472,0.200542775619058));
#9083=CARTESIAN_POINT('',(0.0360977222864645,-0.00261160907149472,0.200542775619058));
#9084=CARTESIAN_POINT('',(0.0310977222864645,-0.00261607481767482,0.200600778806291));
#9085=CARTESIAN_POINT('',(0.0360977222864645,-0.00261607481767482,0.200600778806291));
#9086=CARTESIAN_POINT('',(0.0310977222864645,-0.0026178702612096,0.200639899262489));
#9087=CARTESIAN_POINT('',(0.0360977222864645,-0.0026178702612096,0.200639899262489));
#9088=CARTESIAN_POINT('',(0.0310977222864645,-0.00261877047518258,0.200659513792611));
#9089=CARTESIAN_POINT('',(0.0360977222864645,-0.00261877047518258,0.200659513792611));
#9090=CARTESIAN_POINT('',(0.0360977222864644,-0.00241346218146801,0.199881589117757));
#9091=CARTESIAN_POINT('',(0.0360977222864644,-0.00242294116134967,0.199895166854797));
#9092=CARTESIAN_POINT('',(0.0360977222864644,-0.00244196341594277,0.199922414425104));
#9093=CARTESIAN_POINT('',(0.0360977222864644,-0.002465529109977,0.199967067661461));
#9094=CARTESIAN_POINT('',(0.0360977222864644,-0.00248726672285021,0.200013234046254));
#9095=CARTESIAN_POINT('',(0.0360977222864644,-0.00250687819286702,0.200061081852648));
#9096=CARTESIAN_POINT('',(0.0360977222864644,-0.00252472254775072,0.200110292499709));
#9097=CARTESIAN_POINT('',(0.0360977222864644,-0.00254087533420483,0.200160768901708));
#9098=CARTESIAN_POINT('',(0.0360977222864644,-0.00255543210589066,0.200212401481922));
#9099=CARTESIAN_POINT('',(0.0360977222864644,-0.00256844882893856,0.200265112586682));
#9100=CARTESIAN_POINT('',(0.0360977222864644,-0.0025799695890063,0.20031883462007));
#9101=CARTESIAN_POINT('',(0.0360977222864644,-0.00259002692912111,0.200373509930124));
#9102=CARTESIAN_POINT('',(0.0360977222864644,-0.00259864258821782,0.200429088173138));
#9103=CARTESIAN_POINT('',(0.0360977222864644,-0.00260584332175834,0.200485521074761));
#9104=CARTESIAN_POINT('',(0.0360977222864644,-0.00261160907149472,0.200542775619058));
#9105=CARTESIAN_POINT('',(0.0360977222864644,-0.00261607481767482,0.200600778806291));
#9106=CARTESIAN_POINT('',(0.0360977222864644,-0.0026178702612096,0.200639899262489));
#9107=CARTESIAN_POINT('',(0.0360977222864644,-0.00261877047518258,0.200659513792611));
#9108=CARTESIAN_POINT('',(0.0360977222864644,-0.00261877047518258,0.200659513792611));
#9109=CARTESIAN_POINT('',(0.0310977222864645,-0.00261877047518258,0.200659513792611));
#9110=CARTESIAN_POINT('',(0.0310977222864645,-0.00249878014654983,0.20073968876696));
#9111=CARTESIAN_POINT('',(0.0360977222864644,-0.00249878014654983,0.20073968876696));
#9112=CARTESIAN_POINT('',(0.0360977222864644,-0.00237878981791709,0.20081986374131));
#9113=CARTESIAN_POINT('',(0.0310977222864645,-0.00237878981791709,0.20081986374131));
#9114=CARTESIAN_POINT('',(0.0310977222864645,-0.00237878981791709,0.20081986374131));
#9115=CARTESIAN_POINT('',(0.0360977222864644,-0.00237878981791709,0.20081986374131));
#9116=CARTESIAN_POINT('',(0.0310977222864645,-0.00236101285197027,0.200811525896334));
#9117=CARTESIAN_POINT('',(0.0360977222864644,-0.00236101285197027,0.200811525896334));
#9118=CARTESIAN_POINT('',(0.0310977222864645,-0.00232555734968146,0.200794896372347));
#9119=CARTESIAN_POINT('',(0.0360977222864644,-0.00232555734968146,0.200794896372347));
#9120=CARTESIAN_POINT('',(0.0310977222864645,-0.00227367835925168,0.200768573702075));
#9121=CARTESIAN_POINT('',(0.0360977222864644,-0.00227367835925168,0.200768573702075));
#9122=CARTESIAN_POINT('',(0.0310977222864645,-0.00222298851453218,0.200741336478374));
#9123=CARTESIAN_POINT('',(0.0360977222864644,-0.00222298851453218,0.200741336478374));
#9124=CARTESIAN_POINT('',(0.0310977222864645,-0.00217360691318955,0.200713087931545));
#9125=CARTESIAN_POINT('',(0.0360977222864644,-0.00217360691318955,0.200713087931545));
#9126=CARTESIAN_POINT('',(0.0310977222864645,-0.00212555638201165,0.200683859227646));
#9127=CARTESIAN_POINT('',(0.0360977222864644,-0.00212555638201165,0.200683859227646));
#9128=CARTESIAN_POINT('',(0.0310977222864645,-0.00207889175955444,0.200653644121645));
#9129=CARTESIAN_POINT('',(0.0360977222864644,-0.00207889175955444,0.200653644121645));
#9130=CARTESIAN_POINT('',(0.0310977222864645,-0.00203366787646788,0.200622441795089));
#9131=CARTESIAN_POINT('',(0.0360977222864644,-0.00203366787646788,0.200622441795089));
#9132=CARTESIAN_POINT('',(0.0310977222864645,-0.00198995044989863,0.200590244244591));
#9133=CARTESIAN_POINT('',(0.0360977222864644,-0.00198995044989863,0.200590244244591));
#9134=CARTESIAN_POINT('',(0.0310977222864645,-0.00194781880118081,0.200557036608153));
#9135=CARTESIAN_POINT('',(0.0360977222864644,-0.00194781880118081,0.200557036608153));
#9136=CARTESIAN_POINT('',(0.0310977222864645,-0.00190736609026232,0.200522796896585));
#9137=CARTESIAN_POINT('',(0.0360977222864644,-0.00190736609026232,0.200522796896585));
#9138=CARTESIAN_POINT('',(0.0310977222864645,-0.00186873011963554,0.200487478763011));
#9139=CARTESIAN_POINT('',(0.0360977222864644,-0.00186873011963554,0.200487478763011));
#9140=CARTESIAN_POINT('',(0.0310977222864645,-0.00183202949529223,0.200451049564478));
#9141=CARTESIAN_POINT('',(0.0360977222864644,-0.00183202949529223,0.200451049564478));
#9142=CARTESIAN_POINT('',(0.0310977222864645,-0.00179769594159815,0.200413299518266));
#9143=CARTESIAN_POINT('',(0.0360977222864644,-0.00179769594159815,0.200413299518266));
#9144=CARTESIAN_POINT('',(0.0310977222864645,-0.00176545993114679,0.200374439602123));
#9145=CARTESIAN_POINT('',(0.0360977222864644,-0.00176545993114679,0.200374439602123));
#9146=CARTESIAN_POINT('',(0.0310977222864645,-0.0017475659603079,0.200346438136713));
#9147=CARTESIAN_POINT('',(0.0360977222864644,-0.0017475659603079,0.200346438136713));
#9148=CARTESIAN_POINT('',(0.0310977222864645,-0.00173864921551542,0.200332484726197));
#9149=CARTESIAN_POINT('',(0.0360977222864644,-0.00173864921551542,0.200332484726197));
#9150=CARTESIAN_POINT('',(0.0360977222864644,-0.00237878981791709,0.20081986374131));
#9151=CARTESIAN_POINT('',(0.0360977222864644,-0.00236101285197027,0.200811525896334));
#9152=CARTESIAN_POINT('',(0.0360977222864644,-0.00232555734968146,0.200794896372347));
#9153=CARTESIAN_POINT('',(0.0360977222864644,-0.00227367835925168,0.200768573702075));
#9154=CARTESIAN_POINT('',(0.0360977222864644,-0.00222298851453218,0.200741336478374));
#9155=CARTESIAN_POINT('',(0.0360977222864644,-0.00217360691318955,0.200713087931545));
#9156=CARTESIAN_POINT('',(0.0360977222864644,-0.00212555638201165,0.200683859227646));
#9157=CARTESIAN_POINT('',(0.0360977222864644,-0.00207889175955444,0.200653644121645));
#9158=CARTESIAN_POINT('',(0.0360977222864644,-0.00203366787646788,0.200622441795089));
#9159=CARTESIAN_POINT('',(0.0360977222864644,-0.00198995044989863,0.200590244244591));
#9160=CARTESIAN_POINT('',(0.0360977222864644,-0.00194781880118081,0.200557036608153));
#9161=CARTESIAN_POINT('',(0.0360977222864644,-0.00190736609026232,0.200522796896585));
#9162=CARTESIAN_POINT('',(0.0360977222864644,-0.00186873011963554,0.200487478763011));
#9163=CARTESIAN_POINT('',(0.0360977222864644,-0.00183202949529223,0.200451049564478));
#9164=CARTESIAN_POINT('',(0.0360977222864644,-0.00179769594159815,0.200413299518266));
#9165=CARTESIAN_POINT('',(0.0360977222864644,-0.00176545993114679,0.200374439602123));
#9166=CARTESIAN_POINT('',(0.0360977222864644,-0.0017475659603079,0.200346438136713));
#9167=CARTESIAN_POINT('',(0.0360977222864644,-0.00173864921551542,0.200332484726197));
#9168=CARTESIAN_POINT('',(0.0360977222864644,-0.00173864921551544,0.200332484726197));
#9169=CARTESIAN_POINT('',(0.0310977222864645,-0.00173864921551544,0.200332484726197));
#9170=CARTESIAN_POINT('',(0.0310977222864645,-0.00164989116917449,0.200162361373472));
#9171=CARTESIAN_POINT('',(0.0360977222864644,-0.00164989116917449,0.200162361373472));
#9172=CARTESIAN_POINT('',(0.0360977222864644,-0.00156113312283354,0.199992238020745));
#9173=CARTESIAN_POINT('',(0.0310977222864645,-0.00156113312283354,0.199992238020745));
#9174=CARTESIAN_POINT('',(0.0310977222864645,1.17310675062932E-16,0.197));
#9175=CARTESIAN_POINT('',(0.0360977222864644,1.17310675062932E-16,0.197));
#9176=CARTESIAN_POINT('',(0.0360977222864644,-0.00101194397790248,0.200219719612884));
#9177=CARTESIAN_POINT('',(0.0310977222864645,-0.00101194397790248,0.200219719612884));
#9178=CARTESIAN_POINT('',(0.0310977222864645,-0.00106947793780085,0.200402776405687));
#9179=CARTESIAN_POINT('',(0.0360977222864644,-0.00106947793780085,0.200402776405687));
#9180=CARTESIAN_POINT('',(0.0360977222864644,-0.00112701189769923,0.20058583319849));
#9181=CARTESIAN_POINT('',(0.0310977222864645,-0.00112701189769923,0.20058583319849));
#9182=CARTESIAN_POINT('',(0.0310977222864645,-0.00112701189769923,0.20058583319849));
#9183=CARTESIAN_POINT('',(0.0360977222864645,-0.00112701189769923,0.20058583319849));
#9184=CARTESIAN_POINT('',(0.0310977222864645,-0.00113057335818681,0.200602004840396));
#9185=CARTESIAN_POINT('',(0.0360977222864645,-0.00113057335818681,0.200602004840396));
#9186=CARTESIAN_POINT('',(0.0310977222864645,-0.00113772043613866,0.200634457814592));
#9187=CARTESIAN_POINT('',(0.0360977222864645,-0.00113772043613866,0.200634457814592));
#9188=CARTESIAN_POINT('',(0.0310977222864645,-0.00114240424477111,0.200684730226402));
#9189=CARTESIAN_POINT('',(0.0360977222864645,-0.00114240424477111,0.200684730226402));
#9190=CARTESIAN_POINT('',(0.0310977222864645,-0.00114482006979799,0.200735701028708));
#9191=CARTESIAN_POINT('',(0.0360977222864645,-0.00114482006979799,0.200735701028708));
#9192=CARTESIAN_POINT('',(0.0310977222864645,-0.00114462814276697,0.20078741162237));
#9193=CARTESIAN_POINT('',(0.0360977222864645,-0.00114462814276697,0.20078741162237));
#9194=CARTESIAN_POINT('',(0.0310977222864645,-0.00114228207768841,0.200839705070948));
#9195=CARTESIAN_POINT('',(0.0360977222864645,-0.00114228207768841,0.200839705070948));
#9196=CARTESIAN_POINT('',(0.0310977222864645,-0.00113788882371621,0.200892520589391));
#9197=CARTESIAN_POINT('',(0.0360977222864645,-0.00113788882371621,0.200892520589391));
#9198=CARTESIAN_POINT('',(0.0310977222864645,-0.00113157859411794,0.200945793508815));
#9199=CARTESIAN_POINT('',(0.0360977222864645,-0.00113157859411794,0.200945793508815));
#9200=CARTESIAN_POINT('',(0.0310977222864645,-0.00112343281162913,0.200999473503892));
#9201=CARTESIAN_POINT('',(0.0360977222864645,-0.00112343281162913,0.200999473503892));
#9202=CARTESIAN_POINT('',(0.0310977222864645,-0.00111351807392387,0.201053514994991));
#9203=CARTESIAN_POINT('',(0.0360977222864645,-0.00111351807392387,0.201053514994991));
#9204=CARTESIAN_POINT('',(0.0310977222864645,-0.00110188650929027,0.20110787717232));
#9205=CARTESIAN_POINT('',(0.0360977222864645,-0.00110188650929027,0.20110787717232));
#9206=CARTESIAN_POINT('',(0.0310977222864645,-0.00108857746758756,0.201162521843488));
#9207=CARTESIAN_POINT('',(0.0360977222864645,-0.00108857746758756,0.201162521843488));
#9208=CARTESIAN_POINT('',(0.0310977222864645,-0.00107363414143344,0.201217414647685));
#9209=CARTESIAN_POINT('',(0.0360977222864645,-0.00107363414143344,0.201217414647685));
#9210=CARTESIAN_POINT('',(0.0310977222864645,-0.00105705063407455,0.201272517406203));
#9211=CARTESIAN_POINT('',(0.0360977222864645,-0.00105705063407455,0.201272517406203));
#9212=CARTESIAN_POINT('',(0.0310977222864645,-0.00103897958678889,0.201327814330785));
#9213=CARTESIAN_POINT('',(0.0360977222864645,-0.00103897958678889,0.201327814330785));
#9214=CARTESIAN_POINT('',(0.0310977222864645,-0.00102566760986913,0.201364644006063));
#9215=CARTESIAN_POINT('',(0.0360977222864645,-0.00102566760986913,0.201364644006063));
#9216=CARTESIAN_POINT('',(0.0310977222864645,-0.00101899314342219,0.201383109965955));
#9217=CARTESIAN_POINT('',(0.0360977222864645,-0.00101899314342219,0.201383109965955));
#9218=CARTESIAN_POINT('',(0.0360977222864644,-0.00112701189769923,0.20058583319849));
#9219=CARTESIAN_POINT('',(0.0360977222864644,-0.00113057335818681,0.200602004840396));
#9220=CARTESIAN_POINT('',(0.0360977222864644,-0.00113772043613866,0.200634457814592));
#9221=CARTESIAN_POINT('',(0.0360977222864644,-0.00114240424477111,0.200684730226402));
#9222=CARTESIAN_POINT('',(0.0360977222864644,-0.00114482006979799,0.200735701028708));
#9223=CARTESIAN_POINT('',(0.0360977222864644,-0.00114462814276697,0.20078741162237));
#9224=CARTESIAN_POINT('',(0.0360977222864644,-0.00114228207768841,0.200839705070948));
#9225=CARTESIAN_POINT('',(0.0360977222864644,-0.00113788882371621,0.200892520589391));
#9226=CARTESIAN_POINT('',(0.0360977222864644,-0.00113157859411794,0.200945793508815));
#9227=CARTESIAN_POINT('',(0.0360977222864644,-0.00112343281162913,0.200999473503892));
#9228=CARTESIAN_POINT('',(0.0360977222864644,-0.00111351807392387,0.201053514994991));
#9229=CARTESIAN_POINT('',(0.0360977222864644,-0.00110188650929027,0.20110787717232));
#9230=CARTESIAN_POINT('',(0.0360977222864644,-0.00108857746758756,0.201162521843488));
#9231=CARTESIAN_POINT('',(0.0360977222864644,-0.00107363414143344,0.201217414647685));
#9232=CARTESIAN_POINT('',(0.0360977222864644,-0.00105705063407455,0.201272517406203));
#9233=CARTESIAN_POINT('',(0.0360977222864644,-0.00103897958678889,0.201327814330785));
#9234=CARTESIAN_POINT('',(0.0360977222864644,-0.00102566760986913,0.201364644006063));
#9235=CARTESIAN_POINT('',(0.0360977222864644,-0.00101899314342219,0.201383109965955));
#9236=CARTESIAN_POINT('',(0.0360977222864644,-0.00101899314342219,0.201383109965955));
#9237=CARTESIAN_POINT('',(0.0310977222864645,-0.00101899314342219,0.201383109965955));
#9238=CARTESIAN_POINT('',(0.0310977222864645,-0.000877454900325318,0.201411263672964));
#9239=CARTESIAN_POINT('',(0.0360977222864644,-0.000877454900325318,0.201411263672964));
#9240=CARTESIAN_POINT('',(0.0360977222864644,-0.000735916657228442,0.201439417379974));
#9241=CARTESIAN_POINT('',(0.0310977222864645,-0.000735916657228442,0.201439417379974));
#9242=CARTESIAN_POINT('',(0.0310977222864645,-0.000735916657228442,0.201439417379974));
#9243=CARTESIAN_POINT('',(0.0360977222864644,-0.000735916657228442,0.201439417379974));
#9244=CARTESIAN_POINT('',(0.0310977222864645,-0.000722683637373933,0.20142491126531));
#9245=CARTESIAN_POINT('',(0.0360977222864644,-0.000722683637373933,0.20142491126531));
#9246=CARTESIAN_POINT('',(0.0310977222864645,-0.00069629086781231,0.201395979355151));
#9247=CARTESIAN_POINT('',(0.0360977222864644,-0.00069629086781231,0.201395979355151));
#9248=CARTESIAN_POINT('',(0.0310977222864645,-0.000658434180195622,0.20135180714872));
#9249=CARTESIAN_POINT('',(0.0360977222864644,-0.000658434180195622,0.20135180714872));
#9250=CARTESIAN_POINT('',(0.0310977222864645,-0.000622026104407036,0.201307245071457));
#9251=CARTESIAN_POINT('',(0.0360977222864644,-0.000622026104407036,0.201307245071457));
#9252=CARTESIAN_POINT('',(0.0310977222864645,-0.000587213704503625,0.201262249296522));
#9253=CARTESIAN_POINT('',(0.0360977222864644,-0.000587213704503625,0.201262249296522));
#9254=CARTESIAN_POINT('',(0.0310977222864645,-0.000554006142954006,0.201216857353028));
#9255=CARTESIAN_POINT('',(0.0360977222864644,-0.000554006142954006,0.201216857353028));
#9256=CARTESIAN_POINT('',(0.0310977222864645,-0.000522456473847049,0.20117108445713));
#9257=CARTESIAN_POINT('',(0.0360977222864644,-0.000522456473847049,0.20117108445713));
#9258=CARTESIAN_POINT('',(0.0310977222864645,-0.0004926156673071,0.201124950835454));
#9259=CARTESIAN_POINT('',(0.0360977222864644,-0.0004926156673071,0.201124950835454));
#9260=CARTESIAN_POINT('',(0.0310977222864645,-0.000464547500823809,0.201078474242698));
#9261=CARTESIAN_POINT('',(0.0360977222864644,-0.000464547500823809,0.201078474242698));
#9262=CARTESIAN_POINT('',(0.0310977222864645,-0.000438330945195381,0.201031671303127));
#9263=CARTESIAN_POINT('',(0.0360977222864644,-0.000438330945195381,0.201031671303127));
#9264=CARTESIAN_POINT('',(0.0310977222864645,-0.000414060483889228,0.200984557352148));
#9265=CARTESIAN_POINT('',(0.0360977222864644,-0.000414060483889228,0.200984557352148));
#9266=CARTESIAN_POINT('',(0.0310977222864645,-0.000391881165989455,0.20093714230556));
#9267=CARTESIAN_POINT('',(0.0360977222864644,-0.000391881165989455,0.20093714230556));
#9268=CARTESIAN_POINT('',(0.0310977222864645,-0.00037191506106124,0.200889441393755));
#9269=CARTESIAN_POINT('',(0.0360977222864644,-0.00037191506106124,0.200889441393755));
#9270=CARTESIAN_POINT('',(0.0310977222864645,-0.000354641310781029,0.200841426016536));
#9271=CARTESIAN_POINT('',(0.0360977222864644,-0.000354641310781029,0.200841426016536));
#9272=CARTESIAN_POINT('',(0.0310977222864645,-0.000339730166606183,0.200793187948251));
#9273=CARTESIAN_POINT('',(0.0360977222864644,-0.000339730166606183,0.200793187948251));
#9274=CARTESIAN_POINT('',(0.0310977222864645,-0.000333913990087003,0.2007604702413));
#9275=CARTESIAN_POINT('',(0.0360977222864644,-0.000333913990087003,0.2007604702413));
#9276=CARTESIAN_POINT('',(0.0310977222864645,-0.000331015731106054,0.200744166680413));
#9277=CARTESIAN_POINT('',(0.0360977222864644,-0.000331015731106054,0.200744166680413));
#9278=CARTESIAN_POINT('',(0.0360977222864644,-0.000735916657228442,0.201439417379974));
#9279=CARTESIAN_POINT('',(0.0360977222864644,-0.000722683637373933,0.20142491126531));
#9280=CARTESIAN_POINT('',(0.0360977222864644,-0.00069629086781231,0.201395979355151));
#9281=CARTESIAN_POINT('',(0.0360977222864644,-0.000658434180195622,0.20135180714872));
#9282=CARTESIAN_POINT('',(0.0360977222864644,-0.000622026104407036,0.201307245071457));
#9283=CARTESIAN_POINT('',(0.0360977222864644,-0.000587213704503625,0.201262249296522));
#9284=CARTESIAN_POINT('',(0.0360977222864644,-0.000554006142954006,0.201216857353028));
#9285=CARTESIAN_POINT('',(0.0360977222864644,-0.000522456473847049,0.20117108445713));
#9286=CARTESIAN_POINT('',(0.0360977222864644,-0.0004926156673071,0.201124950835454));
#9287=CARTESIAN_POINT('',(0.0360977222864644,-0.000464547500823809,0.201078474242698));
#9288=CARTESIAN_POINT('',(0.0360977222864644,-0.000438330945195381,0.201031671303127));
#9289=CARTESIAN_POINT('',(0.0360977222864644,-0.000414060483889228,0.200984557352148));
#9290=CARTESIAN_POINT('',(0.0360977222864644,-0.000391881165989455,0.20093714230556));
#9291=CARTESIAN_POINT('',(0.0360977222864644,-0.00037191506106124,0.200889441393755));
#9292=CARTESIAN_POINT('',(0.0360977222864644,-0.000354641310781029,0.200841426016536));
#9293=CARTESIAN_POINT('',(0.0360977222864644,-0.000339730166606183,0.200793187948251));
#9294=CARTESIAN_POINT('',(0.0360977222864644,-0.000333913990087003,0.2007604702413));
#9295=CARTESIAN_POINT('',(0.0360977222864644,-0.000331015731106054,0.200744166680413));
#9296=CARTESIAN_POINT('',(0.0360977222864644,-0.000331015731106054,0.200744166680413));
#9297=CARTESIAN_POINT('',(0.0310977222864645,-0.000331015731106054,0.200744166680413));
#9298=CARTESIAN_POINT('',(0.0310977222864645,-0.000314117377292701,0.200553026963003));
#9299=CARTESIAN_POINT('',(0.0360977222864644,-0.000314117377292701,0.200553026963003));
#9300=CARTESIAN_POINT('',(0.0360977222864644,-0.000297219023479347,0.200361887245593));
#9301=CARTESIAN_POINT('',(0.0310977222864645,-0.000297219023479347,0.200361887245593));
#9302=CARTESIAN_POINT('',(0.0310977222864645,-3.07100265356519E-17,0.197));
#9303=CARTESIAN_POINT('',(0.0360977222864644,-3.07100265356519E-17,0.197));
#9304=CARTESIAN_POINT('',(0.0360977222864644,0.000297219023479304,0.200361887245593));
#9305=CARTESIAN_POINT('',(0.0310977222864645,0.000297219023479304,0.200361887245593));
#9306=CARTESIAN_POINT('',(0.0310977222864645,0.000314117377292657,0.200553026963003));
#9307=CARTESIAN_POINT('',(0.0360977222864644,0.000314117377292657,0.200553026963003));
#9308=CARTESIAN_POINT('',(0.0360977222864644,0.000331015731105999,0.200744166680413));
#9309=CARTESIAN_POINT('',(0.0310977222864645,0.000331015731105999,0.200744166680413));
#9310=CARTESIAN_POINT('',(0.0310977222864645,0.000331015731105999,0.200744166680413));
#9311=CARTESIAN_POINT('',(0.0360977222864645,0.000331015731105999,0.200744166680413));
#9312=CARTESIAN_POINT('',(0.0310977222864645,0.00033391399008699,0.2007604702413));
#9313=CARTESIAN_POINT('',(0.0360977222864645,0.00033391399008699,0.2007604702413));
#9314=CARTESIAN_POINT('',(0.0310977222864645,0.000339730166606128,0.200793187948251));
#9315=CARTESIAN_POINT('',(0.0360977222864645,0.000339730166606128,0.200793187948251));
#9316=CARTESIAN_POINT('',(0.0310977222864645,0.000354641310780973,0.200841426016536));
#9317=CARTESIAN_POINT('',(0.0360977222864645,0.000354641310780973,0.200841426016536));
#9318=CARTESIAN_POINT('',(0.0310977222864645,0.000371915061061184,0.200889441393756));
#9319=CARTESIAN_POINT('',(0.0360977222864645,0.000371915061061184,0.200889441393756));
#9320=CARTESIAN_POINT('',(0.0310977222864645,0.000391881165989399,0.20093714230556));
#9321=CARTESIAN_POINT('',(0.0360977222864645,0.000391881165989399,0.20093714230556));
#9322=CARTESIAN_POINT('',(0.0310977222864645,0.000414060483889201,0.200984557352148));
#9323=CARTESIAN_POINT('',(0.0360977222864645,0.000414060483889201,0.200984557352148));
#9324=CARTESIAN_POINT('',(0.0310977222864645,0.000438330945195311,0.201031671303127));
#9325=CARTESIAN_POINT('',(0.0360977222864645,0.000438330945195311,0.201031671303127));
#9326=CARTESIAN_POINT('',(0.0310977222864645,0.000464547500823767,0.201078474242698));
#9327=CARTESIAN_POINT('',(0.0360977222864645,0.000464547500823767,0.201078474242698));
#9328=CARTESIAN_POINT('',(0.0310977222864645,0.000492615667307031,0.201124950835454));
#9329=CARTESIAN_POINT('',(0.0360977222864645,0.000492615667307031,0.201124950835454));
#9330=CARTESIAN_POINT('',(0.0310977222864645,0.000522456473847022,0.20117108445713));
#9331=CARTESIAN_POINT('',(0.0360977222864645,0.000522456473847022,0.20117108445713));
#9332=CARTESIAN_POINT('',(0.0310977222864645,0.00055400614295395,0.201216857353028));
#9333=CARTESIAN_POINT('',(0.0360977222864645,0.00055400614295395,0.201216857353028));
#9334=CARTESIAN_POINT('',(0.0310977222864645,0.000587213704503584,0.201262249296522));
#9335=CARTESIAN_POINT('',(0.0360977222864645,0.000587213704503584,0.201262249296522));
#9336=CARTESIAN_POINT('',(0.0310977222864645,0.000622026104407009,0.201307245071457));
#9337=CARTESIAN_POINT('',(0.0360977222864645,0.000622026104407009,0.201307245071457));
#9338=CARTESIAN_POINT('',(0.0310977222864645,0.00065843418019558,0.20135180714872));
#9339=CARTESIAN_POINT('',(0.0360977222864645,0.00065843418019558,0.20135180714872));
#9340=CARTESIAN_POINT('',(0.0310977222864645,0.000696290867812269,0.201395979355151));
#9341=CARTESIAN_POINT('',(0.0360977222864645,0.000696290867812269,0.201395979355151));
#9342=CARTESIAN_POINT('',(0.0310977222864645,0.000722683637373892,0.20142491126531));
#9343=CARTESIAN_POINT('',(0.0360977222864645,0.000722683637373892,0.20142491126531));
#9344=CARTESIAN_POINT('',(0.0310977222864645,0.000735916657228414,0.201439417379974));
#9345=CARTESIAN_POINT('',(0.0360977222864645,0.000735916657228414,0.201439417379974));
#9346=CARTESIAN_POINT('',(0.0360977222864644,0.000331015731105999,0.200744166680413));
#9347=CARTESIAN_POINT('',(0.0360977222864644,0.00033391399008699,0.2007604702413));
#9348=CARTESIAN_POINT('',(0.0360977222864644,0.000339730166606128,0.200793187948251));
#9349=CARTESIAN_POINT('',(0.0360977222864644,0.000354641310780973,0.200841426016536));
#9350=CARTESIAN_POINT('',(0.0360977222864644,0.000371915061061184,0.200889441393756));
#9351=CARTESIAN_POINT('',(0.0360977222864644,0.000391881165989399,0.20093714230556));
#9352=CARTESIAN_POINT('',(0.0360977222864644,0.000414060483889201,0.200984557352148));
#9353=CARTESIAN_POINT('',(0.0360977222864644,0.000438330945195311,0.201031671303127));
#9354=CARTESIAN_POINT('',(0.0360977222864644,0.000464547500823767,0.201078474242698));
#9355=CARTESIAN_POINT('',(0.0360977222864644,0.000492615667307031,0.201124950835454));
#9356=CARTESIAN_POINT('',(0.0360977222864644,0.000522456473847022,0.20117108445713));
#9357=CARTESIAN_POINT('',(0.0360977222864644,0.00055400614295395,0.201216857353028));
#9358=CARTESIAN_POINT('',(0.0360977222864644,0.000587213704503584,0.201262249296522));
#9359=CARTESIAN_POINT('',(0.0360977222864644,0.000622026104407009,0.201307245071457));
#9360=CARTESIAN_POINT('',(0.0360977222864644,0.00065843418019558,0.20135180714872));
#9361=CARTESIAN_POINT('',(0.0360977222864644,0.000696290867812269,0.201395979355151));
#9362=CARTESIAN_POINT('',(0.0360977222864644,0.000722683637373892,0.20142491126531));
#9363=CARTESIAN_POINT('',(0.0360977222864644,0.000735916657228414,0.201439417379974));
#9364=CARTESIAN_POINT('',(0.0360977222864644,0.000735916657228417,0.201439417379974));
#9365=CARTESIAN_POINT('',(0.0310977222864645,0.000735916657228417,0.201439417379974));
#9366=CARTESIAN_POINT('',(0.0310977222864645,0.000877454900325271,0.201411263672964));
#9367=CARTESIAN_POINT('',(0.0360977222864644,0.000877454900325271,0.201411263672964));
#9368=CARTESIAN_POINT('',(0.0360977222864644,0.00101899314342213,0.201383109965955));
#9369=CARTESIAN_POINT('',(0.0310977222864645,0.00101899314342213,0.201383109965955));
#9370=CARTESIAN_POINT('',(0.0310977222864645,0.00101899314342213,0.201383109965955));
#9371=CARTESIAN_POINT('',(0.0360977222864644,0.00101899314342213,0.201383109965955));
#9372=CARTESIAN_POINT('',(0.0310977222864645,0.00102566760986909,0.201364644006063));
#9373=CARTESIAN_POINT('',(0.0360977222864644,0.00102566760986909,0.201364644006063));
#9374=CARTESIAN_POINT('',(0.0310977222864645,0.00103897958678882,0.201327814330785));
#9375=CARTESIAN_POINT('',(0.0360977222864644,0.00103897958678882,0.201327814330785));
#9376=CARTESIAN_POINT('',(0.0310977222864645,0.00105705063407452,0.201272517406203));
#9377=CARTESIAN_POINT('',(0.0360977222864644,0.00105705063407452,0.201272517406203));
#9378=CARTESIAN_POINT('',(0.0310977222864645,0.00107363414143338,0.201217414647685));
#9379=CARTESIAN_POINT('',(0.0360977222864644,0.00107363414143338,0.201217414647685));
#9380=CARTESIAN_POINT('',(0.0310977222864645,0.00108857746758752,0.201162521843488));
#9381=CARTESIAN_POINT('',(0.0360977222864644,0.00108857746758752,0.201162521843488));
#9382=CARTESIAN_POINT('',(0.0310977222864645,0.00110188650929022,0.20110787717232));
#9383=CARTESIAN_POINT('',(0.0360977222864644,0.00110188650929022,0.20110787717232));
#9384=CARTESIAN_POINT('',(0.0310977222864645,0.00111351807392383,0.201053514994991));
#9385=CARTESIAN_POINT('',(0.0360977222864644,0.00111351807392383,0.201053514994991));
#9386=CARTESIAN_POINT('',(0.0310977222864645,0.0011234328116291,0.200999473503892));
#9387=CARTESIAN_POINT('',(0.0360977222864644,0.0011234328116291,0.200999473503892));
#9388=CARTESIAN_POINT('',(0.0310977222864645,0.00113157859411789,0.200945793508815));
#9389=CARTESIAN_POINT('',(0.0360977222864644,0.00113157859411789,0.200945793508815));
#9390=CARTESIAN_POINT('',(0.0310977222864645,0.00113788882371617,0.200892520589391));
#9391=CARTESIAN_POINT('',(0.0360977222864644,0.00113788882371617,0.200892520589391));
#9392=CARTESIAN_POINT('',(0.0310977222864645,0.00114228207768834,0.200839705070948));
#9393=CARTESIAN_POINT('',(0.0360977222864644,0.00114228207768834,0.200839705070948));
#9394=CARTESIAN_POINT('',(0.0310977222864645,0.00114462814276692,0.20078741162237));
#9395=CARTESIAN_POINT('',(0.0360977222864644,0.00114462814276692,0.20078741162237));
#9396=CARTESIAN_POINT('',(0.0310977222864645,0.00114482006979795,0.200735701028708));
#9397=CARTESIAN_POINT('',(0.0360977222864644,0.00114482006979795,0.200735701028708));
#9398=CARTESIAN_POINT('',(0.0310977222864645,0.00114240424477105,0.200684730226402));
#9399=CARTESIAN_POINT('',(0.0360977222864644,0.00114240424477105,0.200684730226402));
#9400=CARTESIAN_POINT('',(0.0310977222864645,0.00113772043613861,0.200634457814592));
#9401=CARTESIAN_POINT('',(0.0360977222864644,0.00113772043613861,0.200634457814592));
#9402=CARTESIAN_POINT('',(0.0310977222864645,0.00113057335818677,0.200602004840396));
#9403=CARTESIAN_POINT('',(0.0360977222864644,0.00113057335818677,0.200602004840396));
#9404=CARTESIAN_POINT('',(0.0310977222864645,0.00112701189769918,0.20058583319849));
#9405=CARTESIAN_POINT('',(0.0360977222864644,0.00112701189769918,0.20058583319849));
#9406=CARTESIAN_POINT('',(0.0360977222864644,0.00101899314342213,0.201383109965955));
#9407=CARTESIAN_POINT('',(0.0360977222864644,0.00102566760986909,0.201364644006063));
#9408=CARTESIAN_POINT('',(0.0360977222864644,0.00103897958678882,0.201327814330785));
#9409=CARTESIAN_POINT('',(0.0360977222864644,0.00105705063407452,0.201272517406203));
#9410=CARTESIAN_POINT('',(0.0360977222864644,0.00107363414143338,0.201217414647685));
#9411=CARTESIAN_POINT('',(0.0360977222864644,0.00108857746758752,0.201162521843488));
#9412=CARTESIAN_POINT('',(0.0360977222864644,0.00110188650929022,0.20110787717232));
#9413=CARTESIAN_POINT('',(0.0360977222864644,0.00111351807392383,0.201053514994991));
#9414=CARTESIAN_POINT('',(0.0360977222864644,0.0011234328116291,0.200999473503892));
#9415=CARTESIAN_POINT('',(0.0360977222864644,0.00113157859411789,0.200945793508815));
#9416=CARTESIAN_POINT('',(0.0360977222864644,0.00113788882371617,0.200892520589391));
#9417=CARTESIAN_POINT('',(0.0360977222864644,0.00114228207768834,0.200839705070948));
#9418=CARTESIAN_POINT('',(0.0360977222864644,0.00114462814276692,0.20078741162237));
#9419=CARTESIAN_POINT('',(0.0360977222864644,0.00114482006979795,0.200735701028708));
#9420=CARTESIAN_POINT('',(0.0360977222864644,0.00114240424477105,0.200684730226402));
#9421=CARTESIAN_POINT('',(0.0360977222864644,0.00113772043613861,0.200634457814592));
#9422=CARTESIAN_POINT('',(0.0360977222864644,0.00113057335818677,0.200602004840396));
#9423=CARTESIAN_POINT('',(0.0360977222864644,0.00112701189769918,0.20058583319849));
#9424=CARTESIAN_POINT('',(0.0360977222864644,0.00112701189769919,0.20058583319849));
#9425=CARTESIAN_POINT('',(0.0310977222864645,0.00112701189769919,0.20058583319849));
#9426=CARTESIAN_POINT('',(0.0310977222864645,0.00106947793780083,0.200402776405687));
#9427=CARTESIAN_POINT('',(0.0360977222864644,0.00106947793780083,0.200402776405687));
#9428=CARTESIAN_POINT('',(0.0360977222864644,0.00101194397790246,0.200219719612884));
#9429=CARTESIAN_POINT('',(0.0310977222864645,0.00101194397790246,0.200219719612884));
#9430=CARTESIAN_POINT('',(0.0310977222864645,5.04587691074754E-16,0.197));
#9431=CARTESIAN_POINT('',(0.0360977222864644,5.04587691074754E-16,0.197));
#9432=CARTESIAN_POINT('',(0.0360977222864644,0.00156113312283352,0.199992238020745));
#9433=CARTESIAN_POINT('',(0.0310977222864645,0.00156113312283352,0.199992238020745));
#9434=CARTESIAN_POINT('',(0.0310977222864645,0.00164989116917446,0.200162361373471));
#9435=CARTESIAN_POINT('',(0.0360977222864644,0.00164989116917446,0.200162361373471));
#9436=CARTESIAN_POINT('',(0.0360977222864644,0.0017386492155154,0.200332484726197));
#9437=CARTESIAN_POINT('',(0.0310977222864645,0.0017386492155154,0.200332484726197));
#9438=CARTESIAN_POINT('',(0.0310977222864645,0.0017386492155154,0.200332484726197));
#9439=CARTESIAN_POINT('',(0.0360977222864644,0.0017386492155154,0.200332484726197));
#9440=CARTESIAN_POINT('',(0.0310977222864645,0.00174756596030789,0.200346438136713));
#9441=CARTESIAN_POINT('',(0.0360977222864644,0.00174756596030789,0.200346438136713));
#9442=CARTESIAN_POINT('',(0.0310977222864645,0.00176545993114676,0.200374439602123));
#9443=CARTESIAN_POINT('',(0.0360977222864644,0.00176545993114676,0.200374439602123));
#9444=CARTESIAN_POINT('',(0.0310977222864645,0.00179769594159811,0.200413299518266));
#9445=CARTESIAN_POINT('',(0.0360977222864644,0.00179769594159811,0.200413299518266));
#9446=CARTESIAN_POINT('',(0.0310977222864645,0.00183202949529222,0.200451049564478));
#9447=CARTESIAN_POINT('',(0.0360977222864644,0.00183202949529222,0.200451049564478));
#9448=CARTESIAN_POINT('',(0.0310977222864645,0.00186873011963552,0.200487478763011));
#9449=CARTESIAN_POINT('',(0.0360977222864644,0.00186873011963552,0.200487478763011));
#9450=CARTESIAN_POINT('',(0.0310977222864645,0.0019073660902623,0.200522796896585));
#9451=CARTESIAN_POINT('',(0.0360977222864644,0.0019073660902623,0.200522796896585));
#9452=CARTESIAN_POINT('',(0.0310977222864645,0.00194781880118079,0.200557036608153));
#9453=CARTESIAN_POINT('',(0.0360977222864644,0.00194781880118079,0.200557036608153));
#9454=CARTESIAN_POINT('',(0.0310977222864645,0.00198995044989862,0.200590244244591));
#9455=CARTESIAN_POINT('',(0.0360977222864644,0.00198995044989862,0.200590244244591));
#9456=CARTESIAN_POINT('',(0.0310977222864645,0.00203366787646784,0.200622441795088));
#9457=CARTESIAN_POINT('',(0.0360977222864644,0.00203366787646784,0.200622441795088));
#9458=CARTESIAN_POINT('',(0.0310977222864645,0.00207889175955441,0.200653644121645));
#9459=CARTESIAN_POINT('',(0.0360977222864644,0.00207889175955441,0.200653644121645));
#9460=CARTESIAN_POINT('',(0.0310977222864645,0.00212555638201162,0.200683859227646));
#9461=CARTESIAN_POINT('',(0.0360977222864644,0.00212555638201162,0.200683859227646));
#9462=CARTESIAN_POINT('',(0.0310977222864645,0.00217360691318954,0.200713087931545));
#9463=CARTESIAN_POINT('',(0.0360977222864644,0.00217360691318954,0.200713087931545));
#9464=CARTESIAN_POINT('',(0.0310977222864645,0.00222298851453216,0.200741336478374));
#9465=CARTESIAN_POINT('',(0.0360977222864644,0.00222298851453216,0.200741336478374));
#9466=CARTESIAN_POINT('',(0.0310977222864645,0.00227367835925165,0.200768573702075));
#9467=CARTESIAN_POINT('',(0.0360977222864644,0.00227367835925165,0.200768573702075));
#9468=CARTESIAN_POINT('',(0.0310977222864645,0.00232555734968143,0.200794896372347));
#9469=CARTESIAN_POINT('',(0.0360977222864644,0.00232555734968143,0.200794896372347));
#9470=CARTESIAN_POINT('',(0.0310977222864645,0.00236101285197024,0.200811525896334));
#9471=CARTESIAN_POINT('',(0.0360977222864644,0.00236101285197024,0.200811525896334));
#9472=CARTESIAN_POINT('',(0.0310977222864645,0.00237878981791707,0.20081986374131));
#9473=CARTESIAN_POINT('',(0.0360977222864644,0.00237878981791707,0.20081986374131));
#9474=CARTESIAN_POINT('',(0.0360977222864644,0.0017386492155154,0.200332484726197));
#9475=CARTESIAN_POINT('',(0.0360977222864644,0.00174756596030789,0.200346438136713));
#9476=CARTESIAN_POINT('',(0.0360977222864644,0.00176545993114676,0.200374439602123));
#9477=CARTESIAN_POINT('',(0.0360977222864644,0.00179769594159811,0.200413299518266));
#9478=CARTESIAN_POINT('',(0.0360977222864644,0.00183202949529222,0.200451049564478));
#9479=CARTESIAN_POINT('',(0.0360977222864644,0.00186873011963552,0.200487478763011));
#9480=CARTESIAN_POINT('',(0.0360977222864644,0.0019073660902623,0.200522796896585));
#9481=CARTESIAN_POINT('',(0.0360977222864644,0.00194781880118079,0.200557036608153));
#9482=CARTESIAN_POINT('',(0.0360977222864644,0.00198995044989862,0.200590244244591));
#9483=CARTESIAN_POINT('',(0.0360977222864644,0.00203366787646784,0.200622441795088));
#9484=CARTESIAN_POINT('',(0.0360977222864644,0.00207889175955441,0.200653644121645));
#9485=CARTESIAN_POINT('',(0.0360977222864644,0.00212555638201162,0.200683859227646));
#9486=CARTESIAN_POINT('',(0.0360977222864644,0.00217360691318954,0.200713087931545));
#9487=CARTESIAN_POINT('',(0.0360977222864644,0.00222298851453216,0.200741336478374));
#9488=CARTESIAN_POINT('',(0.0360977222864644,0.00227367835925165,0.200768573702075));
#9489=CARTESIAN_POINT('',(0.0360977222864644,0.00232555734968143,0.200794896372347));
#9490=CARTESIAN_POINT('',(0.0360977222864644,0.00236101285197024,0.200811525896334));
#9491=CARTESIAN_POINT('',(0.0360977222864644,0.00237878981791707,0.20081986374131));
#9492=CARTESIAN_POINT('',(0.0360977222864644,0.00237878981791707,0.20081986374131));
#9493=CARTESIAN_POINT('',(0.0310977222864645,0.00237878981791707,0.20081986374131));
#9494=CARTESIAN_POINT('',(0.0310977222864645,0.0024987801465498,0.20073968876696));
#9495=CARTESIAN_POINT('',(0.0360977222864644,0.0024987801465498,0.20073968876696));
#9496=CARTESIAN_POINT('',(0.0360977222864644,0.00261877047518254,0.200659513792611));
#9497=CARTESIAN_POINT('',(0.0310977222864645,0.00261877047518254,0.200659513792611));
#9498=CARTESIAN_POINT('',(0.0310977222864645,0.00261877047518254,0.200659513792611));
#9499=CARTESIAN_POINT('',(0.0360977222864644,0.00261877047518254,0.200659513792611));
#9500=CARTESIAN_POINT('',(0.0310977222864645,0.00261787026120959,0.200639899262489));
#9501=CARTESIAN_POINT('',(0.0360977222864644,0.00261787026120959,0.200639899262489));
#9502=CARTESIAN_POINT('',(0.0310977222864645,0.00261607481767478,0.200600778806291));
#9503=CARTESIAN_POINT('',(0.0360977222864644,0.00261607481767478,0.200600778806291));
#9504=CARTESIAN_POINT('',(0.0310977222864645,0.00261160907149468,0.200542775619058));
#9505=CARTESIAN_POINT('',(0.0360977222864644,0.00261160907149468,0.200542775619058));
#9506=CARTESIAN_POINT('',(0.0310977222864645,0.00260584332175831,0.200485521074761));
#9507=CARTESIAN_POINT('',(0.0360977222864644,0.00260584332175831,0.200485521074761));
#9508=CARTESIAN_POINT('',(0.0310977222864645,0.00259864258821778,0.200429088173138));
#9509=CARTESIAN_POINT('',(0.0360977222864644,0.00259864258821778,0.200429088173138));
#9510=CARTESIAN_POINT('',(0.0310977222864645,0.00259002692912108,0.200373509930124));
#9511=CARTESIAN_POINT('',(0.0360977222864644,0.00259002692912108,0.200373509930124));
#9512=CARTESIAN_POINT('',(0.0310977222864645,0.00257996958900627,0.20031883462007));
#9513=CARTESIAN_POINT('',(0.0360977222864644,0.00257996958900627,0.20031883462007));
#9514=CARTESIAN_POINT('',(0.0310977222864645,0.00256844882893853,0.200265112586682));
#9515=CARTESIAN_POINT('',(0.0360977222864644,0.00256844882893853,0.200265112586682));
#9516=CARTESIAN_POINT('',(0.0310977222864645,0.00255543210589063,0.200212401481922));
#9517=CARTESIAN_POINT('',(0.0360977222864644,0.00255543210589063,0.200212401481922));
#9518=CARTESIAN_POINT('',(0.0310977222864645,0.0025408753342048,0.200160768901708));
#9519=CARTESIAN_POINT('',(0.0360977222864644,0.0025408753342048,0.200160768901708));
#9520=CARTESIAN_POINT('',(0.0310977222864645,0.0025247225477507,0.200110292499709));
#9521=CARTESIAN_POINT('',(0.0360977222864644,0.0025247225477507,0.200110292499709));
#9522=CARTESIAN_POINT('',(0.0310977222864645,0.00250687819286698,0.200061081852648));
#9523=CARTESIAN_POINT('',(0.0360977222864644,0.00250687819286698,0.200061081852648));
#9524=CARTESIAN_POINT('',(0.0310977222864645,0.00248726672285016,0.200013234046254));
#9525=CARTESIAN_POINT('',(0.0360977222864644,0.00248726672285016,0.200013234046254));
#9526=CARTESIAN_POINT('',(0.0310977222864645,0.00246552910997697,0.199967067661461));
#9527=CARTESIAN_POINT('',(0.0360977222864644,0.00246552910997697,0.199967067661461));
#9528=CARTESIAN_POINT('',(0.0310977222864645,0.00244196341594273,0.199922414425104));
#9529=CARTESIAN_POINT('',(0.0360977222864644,0.00244196341594273,0.199922414425104));
#9530=CARTESIAN_POINT('',(0.0310977222864645,0.00242294116134963,0.199895166854797));
#9531=CARTESIAN_POINT('',(0.0360977222864644,0.00242294116134963,0.199895166854797));
#9532=CARTESIAN_POINT('',(0.0310977222864645,0.002413462181468,0.199881589117757));
#9533=CARTESIAN_POINT('',(0.0360977222864644,0.002413462181468,0.199881589117757));
#9534=CARTESIAN_POINT('',(0.0360977222864644,0.00261877047518254,0.200659513792611));
#9535=CARTESIAN_POINT('',(0.0360977222864644,0.00261787026120959,0.200639899262489));
#9536=CARTESIAN_POINT('',(0.0360977222864644,0.00261607481767478,0.200600778806291));
#9537=CARTESIAN_POINT('',(0.0360977222864644,0.00261160907149468,0.200542775619058));
#9538=CARTESIAN_POINT('',(0.0360977222864644,0.00260584332175831,0.200485521074761));
#9539=CARTESIAN_POINT('',(0.0360977222864644,0.00259864258821778,0.200429088173138));
#9540=CARTESIAN_POINT('',(0.0360977222864644,0.00259002692912108,0.200373509930124));
#9541=CARTESIAN_POINT('',(0.0360977222864644,0.00257996958900627,0.20031883462007));
#9542=CARTESIAN_POINT('',(0.0360977222864644,0.00256844882893853,0.200265112586682));
#9543=CARTESIAN_POINT('',(0.0360977222864644,0.00255543210589063,0.200212401481922));
#9544=CARTESIAN_POINT('',(0.0360977222864644,0.0025408753342048,0.200160768901708));
#9545=CARTESIAN_POINT('',(0.0360977222864644,0.0025247225477507,0.200110292499709));
#9546=CARTESIAN_POINT('',(0.0360977222864644,0.00250687819286698,0.200061081852648));
#9547=CARTESIAN_POINT('',(0.0360977222864644,0.00248726672285016,0.200013234046254));
#9548=CARTESIAN_POINT('',(0.0360977222864644,0.00246552910997697,0.199967067661461));
#9549=CARTESIAN_POINT('',(0.0360977222864644,0.00244196341594273,0.199922414425104));
#9550=CARTESIAN_POINT('',(0.0360977222864644,0.00242294116134963,0.199895166854797));
#9551=CARTESIAN_POINT('',(0.0360977222864644,0.002413462181468,0.199881589117757));
#9552=CARTESIAN_POINT('',(0.0360977222864644,0.002413462181468,0.199881589117757));
#9553=CARTESIAN_POINT('',(0.0310977222864645,0.002413462181468,0.199881589117757));
#9554=CARTESIAN_POINT('',(0.0310977222864645,0.0022902549317058,0.19973448398685));
#9555=CARTESIAN_POINT('',(0.0360977222864644,0.0022902549317058,0.19973448398685));
#9556=CARTESIAN_POINT('',(0.0360977222864644,0.00216704768194361,0.199587378855943));
#9557=CARTESIAN_POINT('',(0.0310977222864645,0.00216704768194361,0.199587378855943));
#9558=CARTESIAN_POINT('',(0.0310977222864645,-2.26164573180476E-16,0.197));
#9559=CARTESIAN_POINT('',(0.0360977222864644,-2.26164573180476E-16,0.197));
#9560=CARTESIAN_POINT('',(0.0360977222864644,0.00258737885594335,0.199167047681944));
#9561=CARTESIAN_POINT('',(0.0310977222864645,0.00258737885594335,0.199167047681944));
#9562=CARTESIAN_POINT('',(0.0310977222864645,0.00273448398685017,0.199290254931706));
#9563=CARTESIAN_POINT('',(0.0360977222864644,0.00273448398685017,0.199290254931706));
#9564=CARTESIAN_POINT('',(0.0360977222864644,0.00288158911775696,0.199413462181468));
#9565=CARTESIAN_POINT('',(0.0310977222864645,0.00288158911775696,0.199413462181468));
#9566=CARTESIAN_POINT('',(0.0310977222864645,0.00288158911775696,0.199413462181468));
#9567=CARTESIAN_POINT('',(0.0360977222864644,0.00288158911775696,0.199413462181468));
#9568=CARTESIAN_POINT('',(0.0310977222864645,0.00289516685479679,0.19942294116135));
#9569=CARTESIAN_POINT('',(0.0360977222864644,0.00289516685479679,0.19942294116135));
#9570=CARTESIAN_POINT('',(0.0310977222864645,0.00292241442510444,0.199441963415943));
#9571=CARTESIAN_POINT('',(0.0360977222864644,0.00292241442510444,0.199441963415943));
#9572=CARTESIAN_POINT('',(0.0310977222864645,0.00296706766146124,0.199465529109977));
#9573=CARTESIAN_POINT('',(0.0360977222864644,0.00296706766146124,0.199465529109977));
#9574=CARTESIAN_POINT('',(0.0310977222864645,0.00301323404625375,0.19948726672285));
#9575=CARTESIAN_POINT('',(0.0360977222864644,0.00301323404625375,0.19948726672285));
#9576=CARTESIAN_POINT('',(0.0310977222864645,0.00306108185264783,0.199506878192867));
#9577=CARTESIAN_POINT('',(0.0360977222864644,0.00306108185264783,0.199506878192867));
#9578=CARTESIAN_POINT('',(0.0310977222864645,0.00311029249970962,0.19952472254775));
#9579=CARTESIAN_POINT('',(0.0360977222864644,0.00311029249970962,0.19952472254775));
#9580=CARTESIAN_POINT('',(0.0310977222864645,0.00316076890170787,0.199540875334205));
#9581=CARTESIAN_POINT('',(0.0360977222864644,0.00316076890170787,0.199540875334205));
#9582=CARTESIAN_POINT('',(0.0310977222864645,0.00321240148192216,0.199555432105891));
#9583=CARTESIAN_POINT('',(0.0360977222864644,0.00321240148192216,0.199555432105891));
#9584=CARTESIAN_POINT('',(0.0310977222864645,0.00326511258668165,0.199568448828938));
#9585=CARTESIAN_POINT('',(0.0360977222864644,0.00326511258668165,0.199568448828938));
#9586=CARTESIAN_POINT('',(0.0310977222864645,0.00331883462007037,0.199579969589007));
#9587=CARTESIAN_POINT('',(0.0360977222864644,0.00331883462007037,0.199579969589007));
#9588=CARTESIAN_POINT('',(0.0310977222864645,0.00337350993012462,0.199590026929121));
#9589=CARTESIAN_POINT('',(0.0360977222864644,0.00337350993012462,0.199590026929121));
#9590=CARTESIAN_POINT('',(0.0310977222864645,0.00342908817313813,0.199598642588218));
#9591=CARTESIAN_POINT('',(0.0360977222864644,0.00342908817313813,0.199598642588218));
#9592=CARTESIAN_POINT('',(0.0310977222864645,0.00348552107476085,0.199605843321759));
#9593=CARTESIAN_POINT('',(0.0360977222864644,0.00348552107476085,0.199605843321759));
#9594=CARTESIAN_POINT('',(0.0310977222864645,0.00354277561905729,0.199611609071495));
#9595=CARTESIAN_POINT('',(0.0360977222864644,0.00354277561905729,0.199611609071495));
#9596=CARTESIAN_POINT('',(0.0310977222864645,0.00360077880629147,0.199616074817675));
#9597=CARTESIAN_POINT('',(0.0360977222864644,0.00360077880629147,0.199616074817675));
#9598=CARTESIAN_POINT('',(0.0310977222864645,0.00363989926248891,0.19961787026121));
#9599=CARTESIAN_POINT('',(0.0360977222864644,0.00363989926248891,0.19961787026121));
#9600=CARTESIAN_POINT('',(0.0310977222864645,0.00365951379261126,0.199618770475183));
#9601=CARTESIAN_POINT('',(0.0360977222864644,0.00365951379261126,0.199618770475183));
#9602=CARTESIAN_POINT('',(0.0360977222864644,0.00288158911775696,0.199413462181468));
#9603=CARTESIAN_POINT('',(0.0360977222864644,0.00289516685479679,0.19942294116135));
#9604=CARTESIAN_POINT('',(0.0360977222864644,0.00292241442510444,0.199441963415943));
#9605=CARTESIAN_POINT('',(0.0360977222864644,0.00296706766146124,0.199465529109977));
#9606=CARTESIAN_POINT('',(0.0360977222864644,0.00301323404625375,0.19948726672285));
#9607=CARTESIAN_POINT('',(0.0360977222864644,0.00306108185264783,0.199506878192867));
#9608=CARTESIAN_POINT('',(0.0360977222864644,0.00311029249970962,0.19952472254775));
#9609=CARTESIAN_POINT('',(0.0360977222864644,0.00316076890170787,0.199540875334205));
#9610=CARTESIAN_POINT('',(0.0360977222864644,0.00321240148192216,0.199555432105891));
#9611=CARTESIAN_POINT('',(0.0360977222864644,0.00326511258668165,0.199568448828938));
#9612=CARTESIAN_POINT('',(0.0360977222864644,0.00331883462007037,0.199579969589007));
#9613=CARTESIAN_POINT('',(0.0360977222864644,0.00337350993012462,0.199590026929121));
#9614=CARTESIAN_POINT('',(0.0360977222864644,0.00342908817313813,0.199598642588218));
#9615=CARTESIAN_POINT('',(0.0360977222864644,0.00348552107476085,0.199605843321759));
#9616=CARTESIAN_POINT('',(0.0360977222864644,0.00354277561905729,0.199611609071495));
#9617=CARTESIAN_POINT('',(0.0360977222864644,0.00360077880629147,0.199616074817675));
#9618=CARTESIAN_POINT('',(0.0360977222864644,0.00363989926248891,0.19961787026121));
#9619=CARTESIAN_POINT('',(0.0360977222864644,0.00365951379261126,0.199618770475183));
#9620=CARTESIAN_POINT('',(0.0360977222864644,0.00365951379261124,0.199618770475183));
#9621=CARTESIAN_POINT('',(0.0310977222864645,0.00365951379261124,0.199618770475183));
#9622=CARTESIAN_POINT('',(0.0310977222864645,0.00373968876696056,0.19949878014655));
#9623=CARTESIAN_POINT('',(0.0360977222864644,0.00373968876696056,0.19949878014655));
#9624=CARTESIAN_POINT('',(0.0360977222864644,0.00381986374130987,0.199378789817917));
#9625=CARTESIAN_POINT('',(0.0310977222864645,0.00381986374130987,0.199378789817917));
#9626=CARTESIAN_POINT('',(0.0310977222864645,0.00381986374130987,0.199378789817917));
#9627=CARTESIAN_POINT('',(0.0360977222864644,0.00381986374130987,0.199378789817917));
#9628=CARTESIAN_POINT('',(0.0310977222864645,0.00381152589633395,0.19936101285197));
#9629=CARTESIAN_POINT('',(0.0360977222864644,0.00381152589633395,0.19936101285197));
#9630=CARTESIAN_POINT('',(0.0310977222864645,0.00379489637234702,0.199325557349682));
#9631=CARTESIAN_POINT('',(0.0360977222864644,0.00379489637234702,0.199325557349682));
#9632=CARTESIAN_POINT('',(0.0310977222864645,0.00376857370207495,0.199273678359251));
#9633=CARTESIAN_POINT('',(0.0360977222864644,0.00376857370207495,0.199273678359251));
#9634=CARTESIAN_POINT('',(0.0310977222864645,0.00374133647837407,0.199222988514532));
#9635=CARTESIAN_POINT('',(0.0360977222864644,0.00374133647837407,0.199222988514532));
#9636=CARTESIAN_POINT('',(0.0310977222864645,0.00371308793154561,0.199173606913189));
#9637=CARTESIAN_POINT('',(0.0360977222864644,0.00371308793154561,0.199173606913189));
#9638=CARTESIAN_POINT('',(0.0310977222864645,0.00368385922764583,0.199125556382012));
#9639=CARTESIAN_POINT('',(0.0360977222864644,0.00368385922764583,0.199125556382012));
#9640=CARTESIAN_POINT('',(0.0310977222864645,0.00365364412164508,0.199078891759555));
#9641=CARTESIAN_POINT('',(0.0360977222864644,0.00365364412164508,0.199078891759555));
#9642=CARTESIAN_POINT('',(0.0310977222864645,0.0036224417950887,0.199033667876468));
#9643=CARTESIAN_POINT('',(0.0360977222864644,0.0036224417950887,0.199033667876468));
#9644=CARTESIAN_POINT('',(0.0310977222864645,0.00359024424459126,0.198989950449899));
#9645=CARTESIAN_POINT('',(0.0360977222864644,0.00359024424459126,0.198989950449899));
#9646=CARTESIAN_POINT('',(0.0310977222864645,0.003557036608153,0.198947818801181));
#9647=CARTESIAN_POINT('',(0.0360977222864644,0.003557036608153,0.198947818801181));
#9648=CARTESIAN_POINT('',(0.0310977222864645,0.0035227968965849,0.198907366090262));
#9649=CARTESIAN_POINT('',(0.0360977222864644,0.0035227968965849,0.198907366090262));
#9650=CARTESIAN_POINT('',(0.0310977222864645,0.00348747876301045,0.198868730119635));
#9651=CARTESIAN_POINT('',(0.0360977222864644,0.00348747876301045,0.198868730119635));
#9652=CARTESIAN_POINT('',(0.0310977222864645,0.00345104956447743,0.198832029495292));
#9653=CARTESIAN_POINT('',(0.0360977222864644,0.00345104956447743,0.198832029495292));
#9654=CARTESIAN_POINT('',(0.0310977222864645,0.00341329951826596,0.198797695941598));
#9655=CARTESIAN_POINT('',(0.0360977222864644,0.00341329951826596,0.198797695941598));
#9656=CARTESIAN_POINT('',(0.0310977222864645,0.00337443960212306,0.198765459931147));
#9657=CARTESIAN_POINT('',(0.0360977222864644,0.00337443960212306,0.198765459931147));
#9658=CARTESIAN_POINT('',(0.0310977222864645,0.00334643813671333,0.198747565960308));
#9659=CARTESIAN_POINT('',(0.0360977222864644,0.00334643813671333,0.198747565960308));
#9660=CARTESIAN_POINT('',(0.0310977222864645,0.00333248472619746,0.198738649215516));
#9661=CARTESIAN_POINT('',(0.0360977222864644,0.00333248472619746,0.198738649215516));
#9662=CARTESIAN_POINT('',(0.0360977222864644,0.00381986374130987,0.199378789817917));
#9663=CARTESIAN_POINT('',(0.0360977222864644,0.00381152589633395,0.19936101285197));
#9664=CARTESIAN_POINT('',(0.0360977222864644,0.00379489637234702,0.199325557349682));
#9665=CARTESIAN_POINT('',(0.0360977222864644,0.00376857370207495,0.199273678359251));
#9666=CARTESIAN_POINT('',(0.0360977222864644,0.00374133647837407,0.199222988514532));
#9667=CARTESIAN_POINT('',(0.0360977222864644,0.00371308793154561,0.199173606913189));
#9668=CARTESIAN_POINT('',(0.0360977222864644,0.00368385922764583,0.199125556382012));
#9669=CARTESIAN_POINT('',(0.0360977222864644,0.00365364412164508,0.199078891759555));
#9670=CARTESIAN_POINT('',(0.0360977222864644,0.0036224417950887,0.199033667876468));
#9671=CARTESIAN_POINT('',(0.0360977222864644,0.00359024424459126,0.198989950449899));
#9672=CARTESIAN_POINT('',(0.0360977222864644,0.003557036608153,0.198947818801181));
#9673=CARTESIAN_POINT('',(0.0360977222864644,0.0035227968965849,0.198907366090262));
#9674=CARTESIAN_POINT('',(0.0360977222864644,0.00348747876301045,0.198868730119635));
#9675=CARTESIAN_POINT('',(0.0360977222864644,0.00345104956447743,0.198832029495292));
#9676=CARTESIAN_POINT('',(0.0360977222864644,0.00341329951826596,0.198797695941598));
#9677=CARTESIAN_POINT('',(0.0360977222864644,0.00337443960212306,0.198765459931147));
#9678=CARTESIAN_POINT('',(0.0360977222864644,0.00334643813671333,0.198747565960308));
#9679=CARTESIAN_POINT('',(0.0360977222864644,0.00333248472619746,0.198738649215516));
#9680=CARTESIAN_POINT('',(0.0360977222864644,0.00333248472619744,0.198738649215516));
#9681=CARTESIAN_POINT('',(0.0310977222864645,0.00333248472619744,0.198738649215516));
#9682=CARTESIAN_POINT('',(0.0310977222864645,0.00316236137347121,0.198649891169175));
#9683=CARTESIAN_POINT('',(0.0360977222864644,0.00316236137347121,0.198649891169175));
#9684=CARTESIAN_POINT('',(0.0360977222864644,0.002992238020745,0.198561133122834));
#9685=CARTESIAN_POINT('',(0.0310977222864645,0.002992238020745,0.198561133122834));
#9686=CARTESIAN_POINT('',(0.0310977222864645,-2.09901540593193E-16,0.197));
#9687=CARTESIAN_POINT('',(0.0360977222864644,-2.09901540593193E-16,0.197));
#9688=CARTESIAN_POINT('',(0.0360977222864644,0.00321971961288352,0.198011943977902));
#9689=CARTESIAN_POINT('',(0.0310977222864645,0.00321971961288352,0.198011943977902));
#9690=CARTESIAN_POINT('',(0.0310977222864645,0.00340277640568698,0.198069477937801));
#9691=CARTESIAN_POINT('',(0.0360977222864644,0.00340277640568698,0.198069477937801));
#9692=CARTESIAN_POINT('',(0.0360977222864644,0.00358583319849043,0.198127011897699));
#9693=CARTESIAN_POINT('',(0.0310977222864645,0.00358583319849043,0.198127011897699));
#9694=CARTESIAN_POINT('',(0.0310977222864645,0.00358583319849043,0.198127011897699));
#9695=CARTESIAN_POINT('',(0.0360977222864644,0.00358583319849043,0.198127011897699));
#9696=CARTESIAN_POINT('',(0.0310977222864645,0.00360200484039574,0.198130573358187));
#9697=CARTESIAN_POINT('',(0.0360977222864644,0.00360200484039574,0.198130573358187));
#9698=CARTESIAN_POINT('',(0.0310977222864645,0.00363445781459265,0.198137720436139));
#9699=CARTESIAN_POINT('',(0.0360977222864644,0.00363445781459265,0.198137720436139));
#9700=CARTESIAN_POINT('',(0.0310977222864645,0.0036847302264022,0.198142404244771));
#9701=CARTESIAN_POINT('',(0.0360977222864644,0.0036847302264022,0.198142404244771));
#9702=CARTESIAN_POINT('',(0.0310977222864645,0.00373570102870777,0.198144820069798));
#9703=CARTESIAN_POINT('',(0.0360977222864644,0.00373570102870777,0.198144820069798));
#9704=CARTESIAN_POINT('',(0.0310977222864645,0.00378741162237059,0.198144628142767));
#9705=CARTESIAN_POINT('',(0.0360977222864644,0.00378741162237059,0.198144628142767));
#9706=CARTESIAN_POINT('',(0.0310977222864645,0.00383970507094783,0.198142282077688));
#9707=CARTESIAN_POINT('',(0.0360977222864644,0.00383970507094783,0.198142282077688));
#9708=CARTESIAN_POINT('',(0.0310977222864645,0.00389252058939138,0.198137888823716));
#9709=CARTESIAN_POINT('',(0.0360977222864644,0.00389252058939138,0.198137888823716));
#9710=CARTESIAN_POINT('',(0.0310977222864645,0.00394579350881497,0.198131578594118));
#9711=CARTESIAN_POINT('',(0.0360977222864644,0.00394579350881497,0.198131578594118));
#9712=CARTESIAN_POINT('',(0.0310977222864645,0.00399947350389243,0.198123432811629));
#9713=CARTESIAN_POINT('',(0.0360977222864644,0.00399947350389243,0.198123432811629));
#9714=CARTESIAN_POINT('',(0.0310977222864645,0.00405351499499135,0.198113518073924));
#9715=CARTESIAN_POINT('',(0.0360977222864644,0.00405351499499135,0.198113518073924));
#9716=CARTESIAN_POINT('',(0.0310977222864645,0.00410787717231978,0.19810188650929));
#9717=CARTESIAN_POINT('',(0.0360977222864644,0.00410787717231978,0.19810188650929));
#9718=CARTESIAN_POINT('',(0.0310977222864645,0.00416252184348812,0.198088577467587));
#9719=CARTESIAN_POINT('',(0.0360977222864644,0.00416252184348812,0.198088577467587));
#9720=CARTESIAN_POINT('',(0.0310977222864645,0.00421741464768441,0.198073634141434));
#9721=CARTESIAN_POINT('',(0.0360977222864644,0.00421741464768441,0.198073634141434));
#9722=CARTESIAN_POINT('',(0.0310977222864645,0.00427251740620244,0.198057050634074));
#9723=CARTESIAN_POINT('',(0.0360977222864644,0.00427251740620244,0.198057050634074));
#9724=CARTESIAN_POINT('',(0.0310977222864645,0.00432781433078474,0.198038979586789));
#9725=CARTESIAN_POINT('',(0.0360977222864644,0.00432781433078474,0.198038979586789));
#9726=CARTESIAN_POINT('',(0.0310977222864645,0.00436464400606263,0.198025667609869));
#9727=CARTESIAN_POINT('',(0.0360977222864644,0.00436464400606263,0.198025667609869));
#9728=CARTESIAN_POINT('',(0.0310977222864645,0.00438310996595548,0.198018993143422));
#9729=CARTESIAN_POINT('',(0.0360977222864644,0.00438310996595548,0.198018993143422));
#9730=CARTESIAN_POINT('',(0.0360977222864644,0.00358583319849043,0.198127011897699));
#9731=CARTESIAN_POINT('',(0.0360977222864644,0.00360200484039574,0.198130573358187));
#9732=CARTESIAN_POINT('',(0.0360977222864644,0.00363445781459265,0.198137720436139));
#9733=CARTESIAN_POINT('',(0.0360977222864644,0.0036847302264022,0.198142404244771));
#9734=CARTESIAN_POINT('',(0.0360977222864644,0.00373570102870777,0.198144820069798));
#9735=CARTESIAN_POINT('',(0.0360977222864644,0.00378741162237059,0.198144628142767));
#9736=CARTESIAN_POINT('',(0.0360977222864644,0.00383970507094783,0.198142282077688));
#9737=CARTESIAN_POINT('',(0.0360977222864644,0.00389252058939138,0.198137888823716));
#9738=CARTESIAN_POINT('',(0.0360977222864644,0.00394579350881497,0.198131578594118));
#9739=CARTESIAN_POINT('',(0.0360977222864644,0.00399947350389243,0.198123432811629));
#9740=CARTESIAN_POINT('',(0.0360977222864644,0.00405351499499135,0.198113518073924));
#9741=CARTESIAN_POINT('',(0.0360977222864644,0.00410787717231978,0.19810188650929));
#9742=CARTESIAN_POINT('',(0.0360977222864644,0.00416252184348812,0.198088577467587));
#9743=CARTESIAN_POINT('',(0.0360977222864644,0.00421741464768441,0.198073634141434));
#9744=CARTESIAN_POINT('',(0.0360977222864644,0.00427251740620244,0.198057050634074));
#9745=CARTESIAN_POINT('',(0.0360977222864644,0.00432781433078474,0.198038979586789));
#9746=CARTESIAN_POINT('',(0.0360977222864644,0.00436464400606263,0.198025667609869));
#9747=CARTESIAN_POINT('',(0.0360977222864644,0.00438310996595548,0.198018993143422));
#9748=CARTESIAN_POINT('',(0.0360977222864644,0.0043831099659555,0.198018993143422));
#9749=CARTESIAN_POINT('',(0.0310977222864645,0.0043831099659555,0.198018993143422));
#9750=CARTESIAN_POINT('',(0.0310977222864645,0.00441126367296466,0.197877454900325));
#9751=CARTESIAN_POINT('',(0.0360977222864644,0.00441126367296466,0.197877454900325));
#9752=CARTESIAN_POINT('',(0.0360977222864644,0.0044394173799738,0.197735916657229));
#9753=CARTESIAN_POINT('',(0.0310977222864645,0.0044394173799738,0.197735916657229));
#9754=CARTESIAN_POINT('',(0.0310977222864645,0.0044394173799738,0.197735916657229));
#9755=CARTESIAN_POINT('',(0.0360977222864644,0.0044394173799738,0.197735916657229));
#9756=CARTESIAN_POINT('',(0.0310977222864645,0.00442491126530972,0.197722683637374));
#9757=CARTESIAN_POINT('',(0.0360977222864644,0.00442491126530972,0.197722683637374));
#9758=CARTESIAN_POINT('',(0.0310977222864645,0.00439597935515071,0.197696290867813));
#9759=CARTESIAN_POINT('',(0.0360977222864644,0.00439597935515071,0.197696290867813));
#9760=CARTESIAN_POINT('',(0.0310977222864645,0.00435180714872,0.197658434180195));
#9761=CARTESIAN_POINT('',(0.0360977222864644,0.00435180714872,0.197658434180195));
#9762=CARTESIAN_POINT('',(0.0310977222864645,0.004307245071457,0.197622026104407));
#9763=CARTESIAN_POINT('',(0.0360977222864644,0.004307245071457,0.197622026104407));
#9764=CARTESIAN_POINT('',(0.0310977222864645,0.00426224929652152,0.197587213704503));
#9765=CARTESIAN_POINT('',(0.0360977222864644,0.00426224929652152,0.197587213704503));
#9766=CARTESIAN_POINT('',(0.0310977222864645,0.00421685735302854,0.197554006142954));
#9767=CARTESIAN_POINT('',(0.0360977222864644,0.00421685735302854,0.197554006142954));
#9768=CARTESIAN_POINT('',(0.0310977222864645,0.00417108445712983,0.197522456473847));
#9769=CARTESIAN_POINT('',(0.0360977222864644,0.00417108445712983,0.197522456473847));
#9770=CARTESIAN_POINT('',(0.0310977222864645,0.00412495083545322,0.197492615667307));
#9771=CARTESIAN_POINT('',(0.0360977222864644,0.00412495083545322,0.197492615667307));
#9772=CARTESIAN_POINT('',(0.0310977222864645,0.00407847424269795,0.197464547500824));
#9773=CARTESIAN_POINT('',(0.0360977222864644,0.00407847424269795,0.197464547500824));
#9774=CARTESIAN_POINT('',(0.0310977222864645,0.00403167130312704,0.197438330945195));
#9775=CARTESIAN_POINT('',(0.0360977222864644,0.00403167130312704,0.197438330945195));
#9776=CARTESIAN_POINT('',(0.0310977222864645,0.00398455735214742,0.197414060483889));
#9777=CARTESIAN_POINT('',(0.0360977222864644,0.00398455735214742,0.197414060483889));
#9778=CARTESIAN_POINT('',(0.0310977222864645,0.00393714230555928,0.197391881165989));
#9779=CARTESIAN_POINT('',(0.0360977222864644,0.00393714230555928,0.197391881165989));
#9780=CARTESIAN_POINT('',(0.0310977222864645,0.00388944139375519,0.197371915061061));
#9781=CARTESIAN_POINT('',(0.0360977222864644,0.00388944139375519,0.197371915061061));
#9782=CARTESIAN_POINT('',(0.0310977222864645,0.00384142601653609,0.197354641310781));
#9783=CARTESIAN_POINT('',(0.0360977222864644,0.00384142601653609,0.197354641310781));
#9784=CARTESIAN_POINT('',(0.0310977222864645,0.00379318794825129,0.197339730166606));
#9785=CARTESIAN_POINT('',(0.0360977222864644,0.00379318794825129,0.197339730166606));
#9786=CARTESIAN_POINT('',(0.0310977222864645,0.00376047024129966,0.197333913990087));
#9787=CARTESIAN_POINT('',(0.0360977222864644,0.00376047024129966,0.197333913990087));
#9788=CARTESIAN_POINT('',(0.0310977222864645,0.00374416668041261,0.197331015731106));
#9789=CARTESIAN_POINT('',(0.0360977222864644,0.00374416668041261,0.197331015731106));
#9790=CARTESIAN_POINT('',(0.0360977222864644,0.0044394173799738,0.197735916657229));
#9791=CARTESIAN_POINT('',(0.0360977222864644,0.00442491126530972,0.197722683637374));
#9792=CARTESIAN_POINT('',(0.0360977222864644,0.00439597935515071,0.197696290867813));
#9793=CARTESIAN_POINT('',(0.0360977222864644,0.00435180714872,0.197658434180195));
#9794=CARTESIAN_POINT('',(0.0360977222864644,0.004307245071457,0.197622026104407));
#9795=CARTESIAN_POINT('',(0.0360977222864644,0.00426224929652152,0.197587213704503));
#9796=CARTESIAN_POINT('',(0.0360977222864644,0.00421685735302854,0.197554006142954));
#9797=CARTESIAN_POINT('',(0.0360977222864644,0.00417108445712983,0.197522456473847));
#9798=CARTESIAN_POINT('',(0.0360977222864644,0.00412495083545322,0.197492615667307));
#9799=CARTESIAN_POINT('',(0.0360977222864644,0.00407847424269795,0.197464547500824));
#9800=CARTESIAN_POINT('',(0.0360977222864644,0.00403167130312704,0.197438330945195));
#9801=CARTESIAN_POINT('',(0.0360977222864644,0.00398455735214742,0.197414060483889));
#9802=CARTESIAN_POINT('',(0.0360977222864644,0.00393714230555928,0.197391881165989));
#9803=CARTESIAN_POINT('',(0.0360977222864644,0.00388944139375519,0.197371915061061));
#9804=CARTESIAN_POINT('',(0.0360977222864644,0.00384142601653609,0.197354641310781));
#9805=CARTESIAN_POINT('',(0.0360977222864644,0.00379318794825129,0.197339730166606));
#9806=CARTESIAN_POINT('',(0.0360977222864644,0.00376047024129966,0.197333913990087));
#9807=CARTESIAN_POINT('',(0.0360977222864644,0.00374416668041261,0.197331015731106));
#9808=CARTESIAN_POINT('',(0.0360977222864644,0.00374416668041261,0.197331015731106));
#9809=CARTESIAN_POINT('',(0.0310977222864645,0.00374416668041261,0.197331015731106));
#9810=CARTESIAN_POINT('',(0.0310977222864645,0.00355302696300287,0.197314117377293));
#9811=CARTESIAN_POINT('',(0.0360977222864644,0.00355302696300287,0.197314117377293));
#9812=CARTESIAN_POINT('',(0.0360977222864644,0.00336188724559314,0.197297219023479));
#9813=CARTESIAN_POINT('',(0.0310977222864645,0.00336188724559314,0.197297219023479));
#9814=CARTESIAN_POINT('',(0.0310977222864645,-1.66099772824779E-16,0.197));
#9815=CARTESIAN_POINT('',(0.0360977222864644,-1.66099772824779E-16,0.197));
#9816=CARTESIAN_POINT('',(0.0360977222864644,0.00336188724559314,0.196702780976521));
#9817=CARTESIAN_POINT('',(0.0310977222864645,0.00336188724559314,0.196702780976521));
#9818=CARTESIAN_POINT('',(0.0310977222864645,0.00355302696300287,0.196685882622708));
#9819=CARTESIAN_POINT('',(0.0360977222864644,0.00355302696300287,0.196685882622708));
#9820=CARTESIAN_POINT('',(0.0360977222864644,0.00374416668041261,0.196668984268894));
#9821=CARTESIAN_POINT('',(0.0310977222864645,0.00374416668041261,0.196668984268894));
#9822=CARTESIAN_POINT('',(0.0310977222864645,0.00374416668041261,0.196668984268894));
#9823=CARTESIAN_POINT('',(0.0360977222864644,0.00374416668041261,0.196668984268894));
#9824=CARTESIAN_POINT('',(0.0310977222864645,0.00376047024129966,0.196666086009913));
#9825=CARTESIAN_POINT('',(0.0360977222864644,0.00376047024129966,0.196666086009913));
#9826=CARTESIAN_POINT('',(0.0310977222864645,0.00379318794825129,0.196660269833394));
#9827=CARTESIAN_POINT('',(0.0360977222864644,0.00379318794825129,0.196660269833394));
#9828=CARTESIAN_POINT('',(0.0310977222864645,0.00384142601653612,0.196645358689219));
#9829=CARTESIAN_POINT('',(0.0360977222864644,0.00384142601653612,0.196645358689219));
#9830=CARTESIAN_POINT('',(0.0310977222864645,0.00388944139375519,0.196628084938939));
#9831=CARTESIAN_POINT('',(0.0360977222864644,0.00388944139375519,0.196628084938939));
#9832=CARTESIAN_POINT('',(0.0310977222864645,0.00393714230555928,0.19660811883401));
#9833=CARTESIAN_POINT('',(0.0360977222864644,0.00393714230555928,0.19660811883401));
#9834=CARTESIAN_POINT('',(0.0310977222864645,0.00398455735214742,0.196585939516111));
#9835=CARTESIAN_POINT('',(0.0360977222864644,0.00398455735214742,0.196585939516111));
#9836=CARTESIAN_POINT('',(0.0310977222864645,0.00403167130312704,0.196561669054804));
#9837=CARTESIAN_POINT('',(0.0360977222864644,0.00403167130312704,0.196561669054804));
#9838=CARTESIAN_POINT('',(0.0310977222864645,0.00407847424269797,0.196535452499176));
#9839=CARTESIAN_POINT('',(0.0360977222864644,0.00407847424269797,0.196535452499176));
#9840=CARTESIAN_POINT('',(0.0310977222864645,0.00412495083545319,0.196507384332693));
#9841=CARTESIAN_POINT('',(0.0360977222864644,0.00412495083545319,0.196507384332693));
#9842=CARTESIAN_POINT('',(0.0310977222864645,0.00417108445712986,0.196477543526153));
#9843=CARTESIAN_POINT('',(0.0360977222864644,0.00417108445712986,0.196477543526153));
#9844=CARTESIAN_POINT('',(0.0310977222864645,0.00421685735302857,0.196445993857046));
#9845=CARTESIAN_POINT('',(0.0360977222864644,0.00421685735302857,0.196445993857046));
#9846=CARTESIAN_POINT('',(0.0310977222864645,0.0042622492965215,0.196412786295496));
#9847=CARTESIAN_POINT('',(0.0360977222864644,0.0042622492965215,0.196412786295496));
#9848=CARTESIAN_POINT('',(0.0310977222864645,0.00430724507145702,0.196377973895593));
#9849=CARTESIAN_POINT('',(0.0360977222864644,0.00430724507145702,0.196377973895593));
#9850=CARTESIAN_POINT('',(0.0310977222864645,0.00435180714871997,0.196341565819804));
#9851=CARTESIAN_POINT('',(0.0360977222864644,0.00435180714871997,0.196341565819804));
#9852=CARTESIAN_POINT('',(0.0310977222864645,0.00439597935515071,0.196303709132188));
#9853=CARTESIAN_POINT('',(0.0360977222864644,0.00439597935515071,0.196303709132188));
#9854=CARTESIAN_POINT('',(0.0310977222864645,0.00442491126530975,0.196277316362626));
#9855=CARTESIAN_POINT('',(0.0360977222864644,0.00442491126530975,0.196277316362626));
#9856=CARTESIAN_POINT('',(0.0310977222864645,0.0044394173799738,0.196264083342772));
#9857=CARTESIAN_POINT('',(0.0360977222864644,0.0044394173799738,0.196264083342772));
#9858=CARTESIAN_POINT('',(0.0360977222864644,0.00374416668041261,0.196668984268894));
#9859=CARTESIAN_POINT('',(0.0360977222864644,0.00376047024129966,0.196666086009913));
#9860=CARTESIAN_POINT('',(0.0360977222864644,0.00379318794825129,0.196660269833394));
#9861=CARTESIAN_POINT('',(0.0360977222864644,0.00384142601653612,0.196645358689219));
#9862=CARTESIAN_POINT('',(0.0360977222864644,0.00388944139375519,0.196628084938939));
#9863=CARTESIAN_POINT('',(0.0360977222864644,0.00393714230555928,0.19660811883401));
#9864=CARTESIAN_POINT('',(0.0360977222864644,0.00398455735214742,0.196585939516111));
#9865=CARTESIAN_POINT('',(0.0360977222864644,0.00403167130312704,0.196561669054804));
#9866=CARTESIAN_POINT('',(0.0360977222864644,0.00407847424269797,0.196535452499176));
#9867=CARTESIAN_POINT('',(0.0360977222864644,0.00412495083545319,0.196507384332693));
#9868=CARTESIAN_POINT('',(0.0360977222864644,0.00417108445712986,0.196477543526153));
#9869=CARTESIAN_POINT('',(0.0360977222864644,0.00421685735302857,0.196445993857046));
#9870=CARTESIAN_POINT('',(0.0360977222864644,0.0042622492965215,0.196412786295496));
#9871=CARTESIAN_POINT('',(0.0360977222864644,0.00430724507145702,0.196377973895593));
#9872=CARTESIAN_POINT('',(0.0360977222864644,0.00435180714871997,0.196341565819804));
#9873=CARTESIAN_POINT('',(0.0360977222864644,0.00439597935515071,0.196303709132188));
#9874=CARTESIAN_POINT('',(0.0360977222864644,0.00442491126530975,0.196277316362626));
#9875=CARTESIAN_POINT('',(0.0360977222864644,0.0044394173799738,0.196264083342772));
#9876=CARTESIAN_POINT('',(0.0360977222864644,0.0044394173799738,0.196264083342772));
#9877=CARTESIAN_POINT('',(0.0310977222864645,0.0044394173799738,0.196264083342772));
#9878=CARTESIAN_POINT('',(0.0310977222864645,0.00441126367296465,0.196122545099675));
#9879=CARTESIAN_POINT('',(0.0360977222864644,0.00441126367296465,0.196122545099675));
#9880=CARTESIAN_POINT('',(0.0360977222864644,0.00438310996595551,0.195981006856578));
#9881=CARTESIAN_POINT('',(0.0310977222864645,0.00438310996595551,0.195981006856578));
#9882=CARTESIAN_POINT('',(0.0310977222864645,0.00438310996595551,0.195981006856578));
#9883=CARTESIAN_POINT('',(0.0360977222864644,0.00438310996595551,0.195981006856578));
#9884=CARTESIAN_POINT('',(0.0310977222864645,0.00436464400606263,0.195974332390131));
#9885=CARTESIAN_POINT('',(0.0360977222864644,0.00436464400606263,0.195974332390131));
#9886=CARTESIAN_POINT('',(0.0310977222864645,0.00432781433078477,0.195961020413211));
#9887=CARTESIAN_POINT('',(0.0360977222864644,0.00432781433078477,0.195961020413211));
#9888=CARTESIAN_POINT('',(0.0310977222864645,0.00427251740620244,0.195942949365925));
#9889=CARTESIAN_POINT('',(0.0360977222864644,0.00427251740620244,0.195942949365925));
#9890=CARTESIAN_POINT('',(0.0310977222864645,0.00421741464768441,0.195926365858567));
#9891=CARTESIAN_POINT('',(0.0360977222864644,0.00421741464768441,0.195926365858567));
#9892=CARTESIAN_POINT('',(0.0310977222864645,0.00416252184348814,0.195911422532412));
#9893=CARTESIAN_POINT('',(0.0360977222864644,0.00416252184348814,0.195911422532412));
#9894=CARTESIAN_POINT('',(0.0310977222864645,0.00410787717231978,0.19589811349071));
#9895=CARTESIAN_POINT('',(0.0360977222864644,0.00410787717231978,0.19589811349071));
#9896=CARTESIAN_POINT('',(0.0310977222864645,0.00405351499499135,0.195886481926076));
#9897=CARTESIAN_POINT('',(0.0360977222864644,0.00405351499499135,0.195886481926076));
#9898=CARTESIAN_POINT('',(0.0310977222864645,0.00399947350389243,0.195876567188371));
#9899=CARTESIAN_POINT('',(0.0360977222864644,0.00399947350389243,0.195876567188371));
#9900=CARTESIAN_POINT('',(0.0310977222864645,0.00394579350881499,0.195868421405882));
#9901=CARTESIAN_POINT('',(0.0360977222864644,0.00394579350881499,0.195868421405882));
#9902=CARTESIAN_POINT('',(0.0310977222864645,0.00389252058939135,0.195862111176284));
#9903=CARTESIAN_POINT('',(0.0360977222864644,0.00389252058939135,0.195862111176284));
#9904=CARTESIAN_POINT('',(0.0310977222864645,0.00383970507094783,0.195857717922312));
#9905=CARTESIAN_POINT('',(0.0360977222864644,0.00383970507094783,0.195857717922312));
#9906=CARTESIAN_POINT('',(0.0310977222864645,0.00378741162237059,0.195855371857233));
#9907=CARTESIAN_POINT('',(0.0360977222864644,0.00378741162237059,0.195855371857233));
#9908=CARTESIAN_POINT('',(0.0310977222864645,0.00373570102870777,0.195855179930202));
#9909=CARTESIAN_POINT('',(0.0360977222864644,0.00373570102870777,0.195855179930202));
#9910=CARTESIAN_POINT('',(0.0310977222864645,0.00368473022640217,0.195857595755229));
#9911=CARTESIAN_POINT('',(0.0360977222864644,0.00368473022640217,0.195857595755229));
#9912=CARTESIAN_POINT('',(0.0310977222864645,0.00363445781459265,0.195862279563862));
#9913=CARTESIAN_POINT('',(0.0360977222864644,0.00363445781459265,0.195862279563862));
#9914=CARTESIAN_POINT('',(0.0310977222864645,0.00360200484039574,0.195869426641813));
#9915=CARTESIAN_POINT('',(0.0360977222864644,0.00360200484039574,0.195869426641813));
#9916=CARTESIAN_POINT('',(0.0310977222864645,0.00358583319849043,0.195872988102301));
#9917=CARTESIAN_POINT('',(0.0360977222864644,0.00358583319849043,0.195872988102301));
#9918=CARTESIAN_POINT('',(0.0360977222864644,0.00438310996595551,0.195981006856578));
#9919=CARTESIAN_POINT('',(0.0360977222864644,0.00436464400606263,0.195974332390131));
#9920=CARTESIAN_POINT('',(0.0360977222864644,0.00432781433078477,0.195961020413211));
#9921=CARTESIAN_POINT('',(0.0360977222864644,0.00427251740620244,0.195942949365925));
#9922=CARTESIAN_POINT('',(0.0360977222864644,0.00421741464768441,0.195926365858567));
#9923=CARTESIAN_POINT('',(0.0360977222864644,0.00416252184348814,0.195911422532412));
#9924=CARTESIAN_POINT('',(0.0360977222864644,0.00410787717231978,0.19589811349071));
#9925=CARTESIAN_POINT('',(0.0360977222864644,0.00405351499499135,0.195886481926076));
#9926=CARTESIAN_POINT('',(0.0360977222864644,0.00399947350389243,0.195876567188371));
#9927=CARTESIAN_POINT('',(0.0360977222864644,0.00394579350881499,0.195868421405882));
#9928=CARTESIAN_POINT('',(0.0360977222864644,0.00389252058939135,0.195862111176284));
#9929=CARTESIAN_POINT('',(0.0360977222864644,0.00383970507094783,0.195857717922312));
#9930=CARTESIAN_POINT('',(0.0360977222864644,0.00378741162237059,0.195855371857233));
#9931=CARTESIAN_POINT('',(0.0360977222864644,0.00373570102870777,0.195855179930202));
#9932=CARTESIAN_POINT('',(0.0360977222864644,0.00368473022640217,0.195857595755229));
#9933=CARTESIAN_POINT('',(0.0360977222864644,0.00363445781459265,0.195862279563862));
#9934=CARTESIAN_POINT('',(0.0360977222864644,0.00360200484039574,0.195869426641813));
#9935=CARTESIAN_POINT('',(0.0360977222864644,0.00358583319849043,0.195872988102301));
#9936=CARTESIAN_POINT('',(0.0360977222864644,0.00358583319849043,0.195872988102301));
#9937=CARTESIAN_POINT('',(0.0310977222864645,0.00358583319849043,0.195872988102301));
#9938=CARTESIAN_POINT('',(0.0310977222864645,0.00340277640568696,0.195930522062199));
#9939=CARTESIAN_POINT('',(0.0360977222864644,0.00340277640568696,0.195930522062199));
#9940=CARTESIAN_POINT('',(0.0360977222864644,0.00321971961288351,0.195988056022097));
#9941=CARTESIAN_POINT('',(0.0310977222864645,0.00321971961288351,0.195988056022097));
#9942=CARTESIAN_POINT('',(0.0310977222864645,2.38481109859912E-15,0.197));
#9943=CARTESIAN_POINT('',(0.0360977222864644,2.38481109859912E-15,0.197));
#9944=CARTESIAN_POINT('',(0.0360977222864644,0.00299223802074498,0.195438866877166));
#9945=CARTESIAN_POINT('',(0.0310977222864645,0.00299223802074498,0.195438866877166));
#9946=CARTESIAN_POINT('',(0.0310977222864645,0.0031623613734712,0.195350108830826));
#9947=CARTESIAN_POINT('',(0.0360977222864644,0.0031623613734712,0.195350108830826));
#9948=CARTESIAN_POINT('',(0.0360977222864644,0.00333248472619743,0.195261350784485));
#9949=CARTESIAN_POINT('',(0.0310977222864645,0.00333248472619743,0.195261350784485));
#9950=CARTESIAN_POINT('',(0.0310977222864645,0.00333248472619743,0.195261350784485));
#9951=CARTESIAN_POINT('',(0.0360977222864644,0.00333248472619743,0.195261350784485));
#9952=CARTESIAN_POINT('',(0.0310977222864645,0.00334643813671331,0.195252434039692));
#9953=CARTESIAN_POINT('',(0.0360977222864644,0.00334643813671331,0.195252434039692));
#9954=CARTESIAN_POINT('',(0.0310977222864645,0.00337443960212306,0.195234540068853));
#9955=CARTESIAN_POINT('',(0.0360977222864644,0.00337443960212306,0.195234540068853));
#9956=CARTESIAN_POINT('',(0.0310977222864645,0.00341329951826594,0.195202304058402));
#9957=CARTESIAN_POINT('',(0.0360977222864644,0.00341329951826594,0.195202304058402));
#9958=CARTESIAN_POINT('',(0.0310977222864645,0.00345104956447742,0.195167970504708));
#9959=CARTESIAN_POINT('',(0.0360977222864644,0.00345104956447742,0.195167970504708));
#9960=CARTESIAN_POINT('',(0.0310977222864645,0.00348747876301045,0.195131269880364));
#9961=CARTESIAN_POINT('',(0.0360977222864644,0.00348747876301045,0.195131269880364));
#9962=CARTESIAN_POINT('',(0.0310977222864645,0.00352279689658488,0.195092633909737));
#9963=CARTESIAN_POINT('',(0.0360977222864644,0.00352279689658488,0.195092633909737));
#9964=CARTESIAN_POINT('',(0.0310977222864645,0.00355703660815298,0.195052181198819));
#9965=CARTESIAN_POINT('',(0.0360977222864644,0.00355703660815298,0.195052181198819));
#9966=CARTESIAN_POINT('',(0.0310977222864645,0.00359024424459123,0.195010049550102));
#9967=CARTESIAN_POINT('',(0.0360977222864644,0.00359024424459123,0.195010049550102));
#9968=CARTESIAN_POINT('',(0.0310977222864645,0.00362244179508867,0.194966332123532));
#9969=CARTESIAN_POINT('',(0.0360977222864644,0.00362244179508867,0.194966332123532));
#9970=CARTESIAN_POINT('',(0.0310977222864645,0.00365364412164507,0.194921108240446));
#9971=CARTESIAN_POINT('',(0.0360977222864644,0.00365364412164507,0.194921108240446));
#9972=CARTESIAN_POINT('',(0.0310977222864645,0.00368385922764583,0.194874443617989));
#9973=CARTESIAN_POINT('',(0.0360977222864644,0.00368385922764583,0.194874443617989));
#9974=CARTESIAN_POINT('',(0.0310977222864645,0.00371308793154559,0.19482639308681));
#9975=CARTESIAN_POINT('',(0.0360977222864644,0.00371308793154559,0.19482639308681));
#9976=CARTESIAN_POINT('',(0.0310977222864645,0.00374133647837407,0.194777011485468));
#9977=CARTESIAN_POINT('',(0.0360977222864644,0.00374133647837407,0.194777011485468));
#9978=CARTESIAN_POINT('',(0.0310977222864645,0.00376857370207492,0.194726321640748));
#9979=CARTESIAN_POINT('',(0.0360977222864644,0.00376857370207492,0.194726321640748));
#9980=CARTESIAN_POINT('',(0.0310977222864645,0.00379489637234701,0.194674442650318));
#9981=CARTESIAN_POINT('',(0.0360977222864644,0.00379489637234701,0.194674442650318));
#9982=CARTESIAN_POINT('',(0.0310977222864645,0.00381152589633394,0.19463898714803));
#9983=CARTESIAN_POINT('',(0.0360977222864644,0.00381152589633394,0.19463898714803));
#9984=CARTESIAN_POINT('',(0.0310977222864645,0.00381986374130985,0.194621210182083));
#9985=CARTESIAN_POINT('',(0.0360977222864644,0.00381986374130985,0.194621210182083));
#9986=CARTESIAN_POINT('',(0.0360977222864644,0.00333248472619743,0.195261350784485));
#9987=CARTESIAN_POINT('',(0.0360977222864644,0.00334643813671331,0.195252434039692));
#9988=CARTESIAN_POINT('',(0.0360977222864644,0.00337443960212306,0.195234540068853));
#9989=CARTESIAN_POINT('',(0.0360977222864644,0.00341329951826594,0.195202304058402));
#9990=CARTESIAN_POINT('',(0.0360977222864644,0.00345104956447742,0.195167970504708));
#9991=CARTESIAN_POINT('',(0.0360977222864644,0.00348747876301045,0.195131269880364));
#9992=CARTESIAN_POINT('',(0.0360977222864644,0.00352279689658488,0.195092633909737));
#9993=CARTESIAN_POINT('',(0.0360977222864644,0.00355703660815298,0.195052181198819));
#9994=CARTESIAN_POINT('',(0.0360977222864644,0.00359024424459123,0.195010049550102));
#9995=CARTESIAN_POINT('',(0.0360977222864644,0.00362244179508867,0.194966332123532));
#9996=CARTESIAN_POINT('',(0.0360977222864644,0.00365364412164507,0.194921108240446));
#9997=CARTESIAN_POINT('',(0.0360977222864644,0.00368385922764583,0.194874443617989));
#9998=CARTESIAN_POINT('',(0.0360977222864644,0.00371308793154559,0.19482639308681));
#9999=CARTESIAN_POINT('',(0.0360977222864644,0.00374133647837407,0.194777011485468));
#10000=CARTESIAN_POINT('',(0.0360977222864644,0.00376857370207492,0.194726321640748));
#10001=CARTESIAN_POINT('',(0.0360977222864644,0.00379489637234701,0.194674442650318));
#10002=CARTESIAN_POINT('',(0.0360977222864644,0.00381152589633394,0.19463898714803));
#10003=CARTESIAN_POINT('',(0.0360977222864644,0.00381986374130985,0.194621210182083));
#10004=CARTESIAN_POINT('',(0.0360977222864644,0.00381986374130986,0.194621210182083));
#10005=CARTESIAN_POINT('',(0.0310977222864645,0.00381986374130986,0.194621210182083));
#10006=CARTESIAN_POINT('',(0.0310977222864645,0.00373968876696055,0.19450121985345));
#10007=CARTESIAN_POINT('',(0.0360977222864644,0.00373968876696055,0.19450121985345));
#10008=CARTESIAN_POINT('',(0.0360977222864644,0.00365951379261123,0.194381229524818));
#10009=CARTESIAN_POINT('',(0.0310977222864645,0.00365951379261123,0.194381229524818));
#10010=CARTESIAN_POINT('',(0.0310977222864645,0.00365951379261123,0.194381229524818));
#10011=CARTESIAN_POINT('',(0.0360977222864644,0.00365951379261123,0.194381229524818));
#10012=CARTESIAN_POINT('',(0.0310977222864645,0.0036398992624889,0.19438212973879));
#10013=CARTESIAN_POINT('',(0.0360977222864644,0.0036398992624889,0.19438212973879));
#10014=CARTESIAN_POINT('',(0.0310977222864645,0.00360077880629145,0.194383925182325));
#10015=CARTESIAN_POINT('',(0.0360977222864644,0.00360077880629145,0.194383925182325));
#10016=CARTESIAN_POINT('',(0.0310977222864645,0.0035427756190573,0.194388390928506));
#10017=CARTESIAN_POINT('',(0.0360977222864644,0.0035427756190573,0.194388390928506));
#10018=CARTESIAN_POINT('',(0.0310977222864645,0.00348552107476083,0.194394156678242));
#10019=CARTESIAN_POINT('',(0.0360977222864644,0.00348552107476083,0.194394156678242));
#10020=CARTESIAN_POINT('',(0.0310977222864645,0.00342908817313811,0.194401357411782));
#10021=CARTESIAN_POINT('',(0.0360977222864644,0.00342908817313811,0.194401357411782));
#10022=CARTESIAN_POINT('',(0.0310977222864645,0.00337350993012458,0.194409973070879));
#10023=CARTESIAN_POINT('',(0.0360977222864644,0.00337350993012458,0.194409973070879));
#10024=CARTESIAN_POINT('',(0.0310977222864645,0.00331883462007035,0.194420030410994));
#10025=CARTESIAN_POINT('',(0.0360977222864644,0.00331883462007035,0.194420030410994));
#10026=CARTESIAN_POINT('',(0.0310977222864645,0.00326511258668163,0.194431551171061));
#10027=CARTESIAN_POINT('',(0.0360977222864644,0.00326511258668163,0.194431551171061));
#10028=CARTESIAN_POINT('',(0.0310977222864645,0.00321240148192215,0.194444567894109));
#10029=CARTESIAN_POINT('',(0.0360977222864644,0.00321240148192215,0.194444567894109));
#10030=CARTESIAN_POINT('',(0.0310977222864645,0.00316076890170786,0.194459124665795));
#10031=CARTESIAN_POINT('',(0.0360977222864644,0.00316076890170786,0.194459124665795));
#10032=CARTESIAN_POINT('',(0.0310977222864645,0.0031102924997096,0.19447527745225));
#10033=CARTESIAN_POINT('',(0.0360977222864644,0.0031102924997096,0.19447527745225));
#10034=CARTESIAN_POINT('',(0.0310977222864645,0.00306108185264781,0.194493121807133));
#10035=CARTESIAN_POINT('',(0.0360977222864644,0.00306108185264781,0.194493121807133));
#10036=CARTESIAN_POINT('',(0.0310977222864645,0.00301323404625372,0.19451273327715));
#10037=CARTESIAN_POINT('',(0.0360977222864644,0.00301323404625372,0.19451273327715));
#10038=CARTESIAN_POINT('',(0.0310977222864645,0.00296706766146121,0.194534470890023));
#10039=CARTESIAN_POINT('',(0.0360977222864644,0.00296706766146121,0.194534470890023));
#10040=CARTESIAN_POINT('',(0.0310977222864645,0.00292241442510441,0.194558036584058));
#10041=CARTESIAN_POINT('',(0.0360977222864644,0.00292241442510441,0.194558036584058));
#10042=CARTESIAN_POINT('',(0.0310977222864645,0.00289516685479676,0.194577058838651));
#10043=CARTESIAN_POINT('',(0.0360977222864644,0.00289516685479676,0.194577058838651));
#10044=CARTESIAN_POINT('',(0.0310977222864645,0.00288158911775696,0.194586537818532));
#10045=CARTESIAN_POINT('',(0.0360977222864644,0.00288158911775696,0.194586537818532));
#10046=CARTESIAN_POINT('',(0.0360977222864644,0.00365951379261123,0.194381229524818));
#10047=CARTESIAN_POINT('',(0.0360977222864644,0.0036398992624889,0.19438212973879));
#10048=CARTESIAN_POINT('',(0.0360977222864644,0.00360077880629145,0.194383925182325));
#10049=CARTESIAN_POINT('',(0.0360977222864644,0.0035427756190573,0.194388390928506));
#10050=CARTESIAN_POINT('',(0.0360977222864644,0.00348552107476083,0.194394156678242));
#10051=CARTESIAN_POINT('',(0.0360977222864644,0.00342908817313811,0.194401357411782));
#10052=CARTESIAN_POINT('',(0.0360977222864644,0.00337350993012458,0.194409973070879));
#10053=CARTESIAN_POINT('',(0.0360977222864644,0.00331883462007035,0.194420030410994));
#10054=CARTESIAN_POINT('',(0.0360977222864644,0.00326511258668163,0.194431551171061));
#10055=CARTESIAN_POINT('',(0.0360977222864644,0.00321240148192215,0.194444567894109));
#10056=CARTESIAN_POINT('',(0.0360977222864644,0.00316076890170786,0.194459124665795));
#10057=CARTESIAN_POINT('',(0.0360977222864644,0.0031102924997096,0.19447527745225));
#10058=CARTESIAN_POINT('',(0.0360977222864644,0.00306108185264781,0.194493121807133));
#10059=CARTESIAN_POINT('',(0.0360977222864644,0.00301323404625372,0.19451273327715));
#10060=CARTESIAN_POINT('',(0.0360977222864644,0.00296706766146121,0.194534470890023));
#10061=CARTESIAN_POINT('',(0.0360977222864644,0.00292241442510441,0.194558036584058));
#10062=CARTESIAN_POINT('',(0.0360977222864644,0.00289516685479676,0.194577058838651));
#10063=CARTESIAN_POINT('',(0.0360977222864644,0.00288158911775696,0.194586537818532));
#10064=CARTESIAN_POINT('',(0.0360977222864644,0.00288158911775696,0.194586537818532));
#10065=CARTESIAN_POINT('',(0.0310977222864645,0.00288158911775696,0.194586537818532));
#10066=CARTESIAN_POINT('',(0.0310977222864645,0.00273448398685014,0.194709745068294));
#10067=CARTESIAN_POINT('',(0.0360977222864644,0.00273448398685014,0.194709745068294));
#10068=CARTESIAN_POINT('',(0.0360977222864644,0.00258737885594334,0.194832952318057));
#10069=CARTESIAN_POINT('',(0.0310977222864645,0.00258737885594334,0.194832952318057));
#10070=CARTESIAN_POINT('',(0.0310977222864645,8.19223161530047E-16,0.197));
#10071=CARTESIAN_POINT('',(0.0360977222864644,8.19223161530047E-16,0.197));
#10072=CARTESIAN_POINT('',(0.0360977222864644,0.00216704768194359,0.194412621144056));
#10073=CARTESIAN_POINT('',(0.0310977222864645,0.00216704768194359,0.194412621144056));
#10074=CARTESIAN_POINT('',(0.0310977222864645,0.00229025493170577,0.19426551601315));
#10075=CARTESIAN_POINT('',(0.0360977222864644,0.00229025493170577,0.19426551601315));
#10076=CARTESIAN_POINT('',(0.0360977222864644,0.00241346218146796,0.194118410882243));
#10077=CARTESIAN_POINT('',(0.0310977222864645,0.00241346218146796,0.194118410882243));
#10078=CARTESIAN_POINT('',(0.0310977222864645,0.00241346218146796,0.194118410882243));
#10079=CARTESIAN_POINT('',(0.0360977222864644,0.00241346218146796,0.194118410882243));
#10080=CARTESIAN_POINT('',(0.0310977222864645,0.00242294116134958,0.194104833145203));
#10081=CARTESIAN_POINT('',(0.0360977222864644,0.00242294116134958,0.194104833145203));
#10082=CARTESIAN_POINT('',(0.0310977222864645,0.00244196341594272,0.194077585574896));
#10083=CARTESIAN_POINT('',(0.0360977222864644,0.00244196341594272,0.194077585574896));
#10084=CARTESIAN_POINT('',(0.0310977222864645,0.00246552910997694,0.194032932338539));
#10085=CARTESIAN_POINT('',(0.0360977222864644,0.00246552910997694,0.194032932338539));
#10086=CARTESIAN_POINT('',(0.0310977222864645,0.00248726672285015,0.193986765953747));
#10087=CARTESIAN_POINT('',(0.0360977222864644,0.00248726672285015,0.193986765953747));
#10088=CARTESIAN_POINT('',(0.0310977222864645,0.00250687819286696,0.193938918147352));
#10089=CARTESIAN_POINT('',(0.0360977222864644,0.00250687819286696,0.193938918147352));
#10090=CARTESIAN_POINT('',(0.0310977222864645,0.00252472254775066,0.19388970750029));
#10091=CARTESIAN_POINT('',(0.0360977222864644,0.00252472254775066,0.19388970750029));
#10092=CARTESIAN_POINT('',(0.0310977222864645,0.00254087533420478,0.193839231098292));
#10093=CARTESIAN_POINT('',(0.0360977222864644,0.00254087533420478,0.193839231098292));
#10094=CARTESIAN_POINT('',(0.0310977222864645,0.00255543210589057,0.193787598518078));
#10095=CARTESIAN_POINT('',(0.0360977222864644,0.00255543210589057,0.193787598518078));
#10096=CARTESIAN_POINT('',(0.0310977222864645,0.0025684488289385,0.193734887413319));
#10097=CARTESIAN_POINT('',(0.0360977222864644,0.0025684488289385,0.193734887413319));
#10098=CARTESIAN_POINT('',(0.0310977222864645,0.00257996958900625,0.19368116537993));
#10099=CARTESIAN_POINT('',(0.0360977222864644,0.00257996958900625,0.19368116537993));
#10100=CARTESIAN_POINT('',(0.0310977222864645,0.00259002692912105,0.193626490069876));
#10101=CARTESIAN_POINT('',(0.0360977222864644,0.00259002692912105,0.193626490069876));
#10102=CARTESIAN_POINT('',(0.0310977222864645,0.00259864258821776,0.193570911826862));
#10103=CARTESIAN_POINT('',(0.0360977222864644,0.00259864258821776,0.193570911826862));
#10104=CARTESIAN_POINT('',(0.0310977222864645,0.00260584332175828,0.193514478925239));
#10105=CARTESIAN_POINT('',(0.0360977222864644,0.00260584332175828,0.193514478925239));
#10106=CARTESIAN_POINT('',(0.0310977222864645,0.00261160907149463,0.193457224380943));
#10107=CARTESIAN_POINT('',(0.0360977222864644,0.00261160907149463,0.193457224380943));
#10108=CARTESIAN_POINT('',(0.0310977222864645,0.00261607481767473,0.193399221193709));
#10109=CARTESIAN_POINT('',(0.0360977222864644,0.00261607481767473,0.193399221193709));
#10110=CARTESIAN_POINT('',(0.0310977222864645,0.00261787026120955,0.193360100737511));
#10111=CARTESIAN_POINT('',(0.0360977222864644,0.00261787026120955,0.193360100737511));
#10112=CARTESIAN_POINT('',(0.0310977222864645,0.0026187704751825,0.193340486207389));
#10113=CARTESIAN_POINT('',(0.0360977222864644,0.0026187704751825,0.193340486207389));
#10114=CARTESIAN_POINT('',(0.0360977222864644,0.00241346218146796,0.194118410882243));
#10115=CARTESIAN_POINT('',(0.0360977222864644,0.00242294116134958,0.194104833145203));
#10116=CARTESIAN_POINT('',(0.0360977222864644,0.00244196341594272,0.194077585574896));
#10117=CARTESIAN_POINT('',(0.0360977222864644,0.00246552910997694,0.194032932338539));
#10118=CARTESIAN_POINT('',(0.0360977222864644,0.00248726672285015,0.193986765953747));
#10119=CARTESIAN_POINT('',(0.0360977222864644,0.00250687819286696,0.193938918147352));
#10120=CARTESIAN_POINT('',(0.0360977222864644,0.00252472254775066,0.19388970750029));
#10121=CARTESIAN_POINT('',(0.0360977222864644,0.00254087533420478,0.193839231098292));
#10122=CARTESIAN_POINT('',(0.0360977222864644,0.00255543210589057,0.193787598518078));
#10123=CARTESIAN_POINT('',(0.0360977222864644,0.0025684488289385,0.193734887413319));
#10124=CARTESIAN_POINT('',(0.0360977222864644,0.00257996958900625,0.19368116537993));
#10125=CARTESIAN_POINT('',(0.0360977222864644,0.00259002692912105,0.193626490069876));
#10126=CARTESIAN_POINT('',(0.0360977222864644,0.00259864258821776,0.193570911826862));
#10127=CARTESIAN_POINT('',(0.0360977222864644,0.00260584332175828,0.193514478925239));
#10128=CARTESIAN_POINT('',(0.0360977222864644,0.00261160907149463,0.193457224380943));
#10129=CARTESIAN_POINT('',(0.0360977222864644,0.00261607481767473,0.193399221193709));
#10130=CARTESIAN_POINT('',(0.0360977222864644,0.00261787026120955,0.193360100737511));
#10131=CARTESIAN_POINT('',(0.0360977222864644,0.0026187704751825,0.193340486207389));
#10132=CARTESIAN_POINT('',(0.0360977222864644,0.00261877047518249,0.193340486207389));
#10133=CARTESIAN_POINT('',(0.0310977222864645,0.00261877047518249,0.193340486207389));
#10134=CARTESIAN_POINT('',(0.0310977222864645,0.00249878014654975,0.193260311233039));
#10135=CARTESIAN_POINT('',(0.0360977222864644,0.00249878014654975,0.193260311233039));
#10136=CARTESIAN_POINT('',(0.0360977222864644,0.00237878981791701,0.19318013625869));
#10137=CARTESIAN_POINT('',(0.0310977222864645,0.00237878981791701,0.19318013625869));
#10138=CARTESIAN_POINT('',(0.0310977222864645,0.00237878981791701,0.19318013625869));
#10139=CARTESIAN_POINT('',(0.0360977222864644,0.00237878981791701,0.19318013625869));
#10140=CARTESIAN_POINT('',(0.0310977222864645,0.00236101285197018,0.193188474103666));
#10141=CARTESIAN_POINT('',(0.0360977222864644,0.00236101285197018,0.193188474103666));
#10142=CARTESIAN_POINT('',(0.0310977222864645,0.0023255573496814,0.193205103627653));
#10143=CARTESIAN_POINT('',(0.0360977222864644,0.0023255573496814,0.193205103627653));
#10144=CARTESIAN_POINT('',(0.0310977222864645,0.00227367835925163,0.193231426297925));
#10145=CARTESIAN_POINT('',(0.0360977222864644,0.00227367835925163,0.193231426297925));
#10146=CARTESIAN_POINT('',(0.0310977222864645,0.00222298851453212,0.193258663521626));
#10147=CARTESIAN_POINT('',(0.0360977222864644,0.00222298851453212,0.193258663521626));
#10148=CARTESIAN_POINT('',(0.0310977222864645,0.00217360691318949,0.193286912068454));
#10149=CARTESIAN_POINT('',(0.0360977222864644,0.00217360691318949,0.193286912068454));
#10150=CARTESIAN_POINT('',(0.0310977222864645,0.00212555638201156,0.193316140772354));
#10151=CARTESIAN_POINT('',(0.0360977222864644,0.00212555638201156,0.193316140772354));
#10152=CARTESIAN_POINT('',(0.0310977222864645,0.00207889175955436,0.193346355878355));
#10153=CARTESIAN_POINT('',(0.0360977222864644,0.00207889175955436,0.193346355878355));
#10154=CARTESIAN_POINT('',(0.0310977222864645,0.00203366787646783,0.193377558204911));
#10155=CARTESIAN_POINT('',(0.0360977222864644,0.00203366787646783,0.193377558204911));
#10156=CARTESIAN_POINT('',(0.0310977222864645,0.00198995044989858,0.193409755755409));
#10157=CARTESIAN_POINT('',(0.0360977222864644,0.00198995044989858,0.193409755755409));
#10158=CARTESIAN_POINT('',(0.0310977222864645,0.00194781880118075,0.193442963391847));
#10159=CARTESIAN_POINT('',(0.0360977222864644,0.00194781880118075,0.193442963391847));
#10160=CARTESIAN_POINT('',(0.0310977222864645,0.00190736609026227,0.193477203103415));
#10161=CARTESIAN_POINT('',(0.0360977222864644,0.00190736609026227,0.193477203103415));
#10162=CARTESIAN_POINT('',(0.0310977222864645,0.00186873011963548,0.19351252123699));
#10163=CARTESIAN_POINT('',(0.0360977222864644,0.00186873011963548,0.19351252123699));
#10164=CARTESIAN_POINT('',(0.0310977222864645,0.00183202949529218,0.193548950435523));
#10165=CARTESIAN_POINT('',(0.0360977222864644,0.00183202949529218,0.193548950435523));
#10166=CARTESIAN_POINT('',(0.0310977222864645,0.00179769594159809,0.193586700481734));
#10167=CARTESIAN_POINT('',(0.0360977222864644,0.00179769594159809,0.193586700481734));
#10168=CARTESIAN_POINT('',(0.0310977222864645,0.00176545993114674,0.193625560397877));
#10169=CARTESIAN_POINT('',(0.0360977222864644,0.00176545993114674,0.193625560397877));
#10170=CARTESIAN_POINT('',(0.0310977222864645,0.00174756596030784,0.193653561863286));
#10171=CARTESIAN_POINT('',(0.0360977222864644,0.00174756596030784,0.193653561863286));
#10172=CARTESIAN_POINT('',(0.0310977222864645,0.00173864921551537,0.193667515273802));
#10173=CARTESIAN_POINT('',(0.0360977222864644,0.00173864921551537,0.193667515273802));
#10174=CARTESIAN_POINT('',(0.0360977222864644,0.00237878981791701,0.19318013625869));
#10175=CARTESIAN_POINT('',(0.0360977222864644,0.00236101285197018,0.193188474103666));
#10176=CARTESIAN_POINT('',(0.0360977222864644,0.0023255573496814,0.193205103627653));
#10177=CARTESIAN_POINT('',(0.0360977222864644,0.00227367835925163,0.193231426297925));
#10178=CARTESIAN_POINT('',(0.0360977222864644,0.00222298851453212,0.193258663521626));
#10179=CARTESIAN_POINT('',(0.0360977222864644,0.00217360691318949,0.193286912068454));
#10180=CARTESIAN_POINT('',(0.0360977222864644,0.00212555638201156,0.193316140772354));
#10181=CARTESIAN_POINT('',(0.0360977222864644,0.00207889175955436,0.193346355878355));
#10182=CARTESIAN_POINT('',(0.0360977222864644,0.00203366787646783,0.193377558204911));
#10183=CARTESIAN_POINT('',(0.0360977222864644,0.00198995044989858,0.193409755755409));
#10184=CARTESIAN_POINT('',(0.0360977222864644,0.00194781880118075,0.193442963391847));
#10185=CARTESIAN_POINT('',(0.0360977222864644,0.00190736609026227,0.193477203103415));
#10186=CARTESIAN_POINT('',(0.0360977222864644,0.00186873011963548,0.19351252123699));
#10187=CARTESIAN_POINT('',(0.0360977222864644,0.00183202949529218,0.193548950435523));
#10188=CARTESIAN_POINT('',(0.0360977222864644,0.00179769594159809,0.193586700481734));
#10189=CARTESIAN_POINT('',(0.0360977222864644,0.00176545993114674,0.193625560397877));
#10190=CARTESIAN_POINT('',(0.0360977222864644,0.00174756596030784,0.193653561863286));
#10191=CARTESIAN_POINT('',(0.0360977222864644,0.00173864921551537,0.193667515273802));
#10192=CARTESIAN_POINT('',(0.0360977222864644,0.00173864921551537,0.193667515273802));
#10193=CARTESIAN_POINT('',(0.0310977222864645,0.00173864921551537,0.193667515273802));
#10194=CARTESIAN_POINT('',(0.0310977222864645,0.00164989116917443,0.193837638626529));
#10195=CARTESIAN_POINT('',(0.0360977222864644,0.00164989116917443,0.193837638626529));
#10196=CARTESIAN_POINT('',(0.0360977222864644,0.00156113312283349,0.194007761979255));
#10197=CARTESIAN_POINT('',(0.0310977222864645,0.00156113312283349,0.194007761979255));
#10198=CARTESIAN_POINT('',(0.0310977222864645,-2.07050088879557E-15,0.197000000000005));
#10199=CARTESIAN_POINT('',(0.0360977222864644,-2.07050088879557E-15,0.197000000000005));
#10200=CARTESIAN_POINT('',(0.0360977222864644,0.00101194397790246,0.193780280387117));
#10201=CARTESIAN_POINT('',(0.0310977222864645,0.00101194397790246,0.193780280387117));
#10202=CARTESIAN_POINT('',(0.0310977222864645,0.00106947793780081,0.193597223594313));
#10203=CARTESIAN_POINT('',(0.0360977222864644,0.00106947793780081,0.193597223594313));
#10204=CARTESIAN_POINT('',(0.0360977222864644,0.00112701189769918,0.193414166801509));
#10205=CARTESIAN_POINT('',(0.0310977222864645,0.00112701189769918,0.193414166801509));
#10206=CARTESIAN_POINT('',(0.0310977222864645,0.00112701189769918,0.193414166801509));
#10207=CARTESIAN_POINT('',(0.0360977222864644,0.00112701189769918,0.193414166801509));
#10208=CARTESIAN_POINT('',(0.0310977222864645,0.00113057335818675,0.193397995159604));
#10209=CARTESIAN_POINT('',(0.0360977222864644,0.00113057335818675,0.193397995159604));
#10210=CARTESIAN_POINT('',(0.0310977222864645,0.00113772043613863,0.193365542185407));
#10211=CARTESIAN_POINT('',(0.0360977222864644,0.00113772043613863,0.193365542185407));
#10212=CARTESIAN_POINT('',(0.0310977222864645,0.00114240424477105,0.193315269773598));
#10213=CARTESIAN_POINT('',(0.0360977222864644,0.00114240424477105,0.193315269773598));
#10214=CARTESIAN_POINT('',(0.0310977222864645,0.00114482006979796,0.193264298971292));
#10215=CARTESIAN_POINT('',(0.0360977222864644,0.00114482006979796,0.193264298971292));
#10216=CARTESIAN_POINT('',(0.0310977222864645,0.00114462814276692,0.193212588377629));
#10217=CARTESIAN_POINT('',(0.0360977222864644,0.00114462814276692,0.193212588377629));
#10218=CARTESIAN_POINT('',(0.0310977222864645,0.00114228207768835,0.193160294929052));
#10219=CARTESIAN_POINT('',(0.0360977222864644,0.00114228207768835,0.193160294929052));
#10220=CARTESIAN_POINT('',(0.0310977222864645,0.00113788882371615,0.193107479410608));
#10221=CARTESIAN_POINT('',(0.0360977222864644,0.00113788882371615,0.193107479410608));
#10222=CARTESIAN_POINT('',(0.0310977222864645,0.00113157859411789,0.193054206491185));
#10223=CARTESIAN_POINT('',(0.0360977222864644,0.00113157859411789,0.193054206491185));
#10224=CARTESIAN_POINT('',(0.0310977222864645,0.0011234328116291,0.193000526496108));
#10225=CARTESIAN_POINT('',(0.0360977222864644,0.0011234328116291,0.193000526496108));
#10226=CARTESIAN_POINT('',(0.0310977222864645,0.00111351807392382,0.192946485005008));
#10227=CARTESIAN_POINT('',(0.0360977222864644,0.00111351807392382,0.192946485005008));
#10228=CARTESIAN_POINT('',(0.0310977222864645,0.00110188650929022,0.19289212282768));
#10229=CARTESIAN_POINT('',(0.0360977222864644,0.00110188650929022,0.19289212282768));
#10230=CARTESIAN_POINT('',(0.0310977222864645,0.00108857746758753,0.192837478156512));
#10231=CARTESIAN_POINT('',(0.0360977222864644,0.00108857746758753,0.192837478156512));
#10232=CARTESIAN_POINT('',(0.0310977222864645,0.00107363414143338,0.192782585352316));
#10233=CARTESIAN_POINT('',(0.0360977222864644,0.00107363414143338,0.192782585352316));
#10234=CARTESIAN_POINT('',(0.0310977222864645,0.00105705063407449,0.192727482593797));
#10235=CARTESIAN_POINT('',(0.0360977222864644,0.00105705063407449,0.192727482593797));
#10236=CARTESIAN_POINT('',(0.0310977222864645,0.00103897958678883,0.192672185669215));
#10237=CARTESIAN_POINT('',(0.0360977222864644,0.00103897958678883,0.192672185669215));
#10238=CARTESIAN_POINT('',(0.0310977222864645,0.00102566760986908,0.192635355993937));
#10239=CARTESIAN_POINT('',(0.0360977222864644,0.00102566760986908,0.192635355993937));
#10240=CARTESIAN_POINT('',(0.0310977222864645,0.00101899314342213,0.192616890034045));
#10241=CARTESIAN_POINT('',(0.0360977222864644,0.00101899314342213,0.192616890034045));
#10242=CARTESIAN_POINT('',(0.0360977222864644,0.00112701189769918,0.193414166801509));
#10243=CARTESIAN_POINT('',(0.0360977222864644,0.00113057335818675,0.193397995159604));
#10244=CARTESIAN_POINT('',(0.0360977222864644,0.00113772043613863,0.193365542185407));
#10245=CARTESIAN_POINT('',(0.0360977222864644,0.00114240424477105,0.193315269773598));
#10246=CARTESIAN_POINT('',(0.0360977222864644,0.00114482006979796,0.193264298971292));
#10247=CARTESIAN_POINT('',(0.0360977222864644,0.00114462814276692,0.193212588377629));
#10248=CARTESIAN_POINT('',(0.0360977222864644,0.00114228207768835,0.193160294929052));
#10249=CARTESIAN_POINT('',(0.0360977222864644,0.00113788882371615,0.193107479410608));
#10250=CARTESIAN_POINT('',(0.0360977222864644,0.00113157859411789,0.193054206491185));
#10251=CARTESIAN_POINT('',(0.0360977222864644,0.0011234328116291,0.193000526496108));
#10252=CARTESIAN_POINT('',(0.0360977222864644,0.00111351807392382,0.192946485005008));
#10253=CARTESIAN_POINT('',(0.0360977222864644,0.00110188650929022,0.19289212282768));
#10254=CARTESIAN_POINT('',(0.0360977222864644,0.00108857746758753,0.192837478156512));
#10255=CARTESIAN_POINT('',(0.0360977222864644,0.00107363414143338,0.192782585352316));
#10256=CARTESIAN_POINT('',(0.0360977222864644,0.00105705063407449,0.192727482593797));
#10257=CARTESIAN_POINT('',(0.0360977222864644,0.00103897958678883,0.192672185669215));
#10258=CARTESIAN_POINT('',(0.0360977222864644,0.00102566760986908,0.192635355993937));
#10259=CARTESIAN_POINT('',(0.0360977222864644,0.00101899314342213,0.192616890034045));
#10260=CARTESIAN_POINT('',(0.0360977222864644,0.00101899314342213,0.192616890034045));
#10261=CARTESIAN_POINT('',(0.0310977222864645,0.00101899314342213,0.192616890034045));
#10262=CARTESIAN_POINT('',(0.0310977222864645,0.000877454900325257,0.192588736327036));
#10263=CARTESIAN_POINT('',(0.0360977222864644,0.000877454900325257,0.192588736327036));
#10264=CARTESIAN_POINT('',(0.0360977222864644,0.000735916657228386,0.192560582620026));
#10265=CARTESIAN_POINT('',(0.0310977222864645,0.000735916657228386,0.192560582620026));
#10266=CARTESIAN_POINT('',(0.0310977222864645,0.000735916657228386,0.192560582620026));
#10267=CARTESIAN_POINT('',(0.0360977222864644,0.000735916657228386,0.192560582620026));
#10268=CARTESIAN_POINT('',(0.0310977222864645,0.000722683637373878,0.192575088734691));
#10269=CARTESIAN_POINT('',(0.0360977222864644,0.000722683637373878,0.192575088734691));
#10270=CARTESIAN_POINT('',(0.0310977222864645,0.000696290867812255,0.19260402064485));
#10271=CARTESIAN_POINT('',(0.0360977222864644,0.000696290867812255,0.19260402064485));
#10272=CARTESIAN_POINT('',(0.0310977222864645,0.000658434180195566,0.19264819285128));
#10273=CARTESIAN_POINT('',(0.0360977222864644,0.000658434180195566,0.19264819285128));
#10274=CARTESIAN_POINT('',(0.0310977222864645,0.000622026104407009,0.192692754928543));
#10275=CARTESIAN_POINT('',(0.0360977222864644,0.000622026104407009,0.192692754928543));
#10276=CARTESIAN_POINT('',(0.0310977222864645,0.00058721370450357,0.192737750703478));
#10277=CARTESIAN_POINT('',(0.0360977222864644,0.00058721370450357,0.192737750703478));
#10278=CARTESIAN_POINT('',(0.0310977222864645,0.00055400614295395,0.192783142646972));
#10279=CARTESIAN_POINT('',(0.0360977222864644,0.00055400614295395,0.192783142646972));
#10280=CARTESIAN_POINT('',(0.0310977222864645,0.000522456473847022,0.19282891554287));
#10281=CARTESIAN_POINT('',(0.0360977222864644,0.000522456473847022,0.19282891554287));
#10282=CARTESIAN_POINT('',(0.0310977222864645,0.000492615667307045,0.192875049164547));
#10283=CARTESIAN_POINT('',(0.0360977222864644,0.000492615667307045,0.192875049164547));
#10284=CARTESIAN_POINT('',(0.0310977222864645,0.000464547500823781,0.192921525757302));
#10285=CARTESIAN_POINT('',(0.0360977222864644,0.000464547500823781,0.192921525757302));
#10286=CARTESIAN_POINT('',(0.0310977222864645,0.000438330945195326,0.192968328696873));
#10287=CARTESIAN_POINT('',(0.0360977222864644,0.000438330945195326,0.192968328696873));
#10288=CARTESIAN_POINT('',(0.0310977222864645,0.000414060483889201,0.193015442647853));
#10289=CARTESIAN_POINT('',(0.0360977222864644,0.000414060483889201,0.193015442647853));
#10290=CARTESIAN_POINT('',(0.0310977222864645,0.000391881165989399,0.193062857694441));
#10291=CARTESIAN_POINT('',(0.0360977222864644,0.000391881165989399,0.193062857694441));
#10292=CARTESIAN_POINT('',(0.0310977222864645,0.000371915061061184,0.193110558606245));
#10293=CARTESIAN_POINT('',(0.0360977222864644,0.000371915061061184,0.193110558606245));
#10294=CARTESIAN_POINT('',(0.0310977222864645,0.000354641310780973,0.193158573983464));
#10295=CARTESIAN_POINT('',(0.0360977222864644,0.000354641310780973,0.193158573983464));
#10296=CARTESIAN_POINT('',(0.0310977222864645,0.000339730166606128,0.193206812051748));
#10297=CARTESIAN_POINT('',(0.0360977222864644,0.000339730166606128,0.193206812051748));
#10298=CARTESIAN_POINT('',(0.0310977222864645,0.000333913990086976,0.1932395297587));
#10299=CARTESIAN_POINT('',(0.0360977222864644,0.000333913990086976,0.1932395297587));
#10300=CARTESIAN_POINT('',(0.0310977222864645,0.000331015731105999,0.193255833319588));
#10301=CARTESIAN_POINT('',(0.0360977222864644,0.000331015731105999,0.193255833319588));
#10302=CARTESIAN_POINT('',(0.0360977222864644,0.000735916657228386,0.192560582620026));
#10303=CARTESIAN_POINT('',(0.0360977222864644,0.000722683637373878,0.192575088734691));
#10304=CARTESIAN_POINT('',(0.0360977222864644,0.000696290867812255,0.19260402064485));
#10305=CARTESIAN_POINT('',(0.0360977222864644,0.000658434180195566,0.19264819285128));
#10306=CARTESIAN_POINT('',(0.0360977222864644,0.000622026104407009,0.192692754928543));
#10307=CARTESIAN_POINT('',(0.0360977222864644,0.00058721370450357,0.192737750703478));
#10308=CARTESIAN_POINT('',(0.0360977222864644,0.00055400614295395,0.192783142646972));
#10309=CARTESIAN_POINT('',(0.0360977222864644,0.000522456473847022,0.19282891554287));
#10310=CARTESIAN_POINT('',(0.0360977222864644,0.000492615667307045,0.192875049164547));
#10311=CARTESIAN_POINT('',(0.0360977222864644,0.000464547500823781,0.192921525757302));
#10312=CARTESIAN_POINT('',(0.0360977222864644,0.000438330945195326,0.192968328696873));
#10313=CARTESIAN_POINT('',(0.0360977222864644,0.000414060483889201,0.193015442647853));
#10314=CARTESIAN_POINT('',(0.0360977222864644,0.000391881165989399,0.193062857694441));
#10315=CARTESIAN_POINT('',(0.0360977222864644,0.000371915061061184,0.193110558606245));
#10316=CARTESIAN_POINT('',(0.0360977222864644,0.000354641310780973,0.193158573983464));
#10317=CARTESIAN_POINT('',(0.0360977222864644,0.000339730166606128,0.193206812051748));
#10318=CARTESIAN_POINT('',(0.0360977222864644,0.000333913990086976,0.1932395297587));
#10319=CARTESIAN_POINT('',(0.0360977222864644,0.000331015731105999,0.193255833319588));
#10320=CARTESIAN_POINT('',(0.0360977222864644,0.000331015731105999,0.193255833319588));
#10321=CARTESIAN_POINT('',(0.0310977222864645,0.000331015731105999,0.193255833319588));
#10322=CARTESIAN_POINT('',(0.0310977222864645,0.000314117377292644,0.193446973036997));
#10323=CARTESIAN_POINT('',(0.0360977222864644,0.000314117377292644,0.193446973036997));
#10324=CARTESIAN_POINT('',(0.0360977222864644,0.000297219023479292,0.193638112754407));
#10325=CARTESIAN_POINT('',(0.0310977222864645,0.000297219023479292,0.193638112754407));
#10326=CARTESIAN_POINT('',(0.0310977222864645,-3.16044933279524E-17,0.197));
#10327=CARTESIAN_POINT('',(0.0360977222864644,-3.16044933279524E-17,0.197));
#10328=CARTESIAN_POINT('',(0.0360977222864644,-0.000297219023479362,0.193638112754407));
#10329=CARTESIAN_POINT('',(0.0310977222864645,-0.000297219023479362,0.193638112754407));
#10330=CARTESIAN_POINT('',(0.0310977222864645,-0.000314117377292715,0.193446973036997));
#10331=CARTESIAN_POINT('',(0.0360977222864644,-0.000314117377292715,0.193446973036997));
#10332=CARTESIAN_POINT('',(0.0360977222864644,-0.000331015731106054,0.193255833319588));
#10333=CARTESIAN_POINT('',(0.0310977222864645,-0.000331015731106054,0.193255833319588));
#10334=CARTESIAN_POINT('',(0.0310977222864645,-0.000331015731106054,0.193255833319588));
#10335=CARTESIAN_POINT('',(0.0360977222864644,-0.000331015731106054,0.193255833319588));
#10336=CARTESIAN_POINT('',(0.0310977222864645,-0.000333913990087045,0.1932395297587));
#10337=CARTESIAN_POINT('',(0.0360977222864644,-0.000333913990087045,0.1932395297587));
#10338=CARTESIAN_POINT('',(0.0310977222864645,-0.000339730166606183,0.193206812051748));
#10339=CARTESIAN_POINT('',(0.0360977222864644,-0.000339730166606183,0.193206812051748));
#10340=CARTESIAN_POINT('',(0.0310977222864645,-0.000354641310781029,0.193158573983464));
#10341=CARTESIAN_POINT('',(0.0360977222864644,-0.000354641310781029,0.193158573983464));
#10342=CARTESIAN_POINT('',(0.0310977222864645,-0.000371915061061253,0.193110558606245));
#10343=CARTESIAN_POINT('',(0.0360977222864644,-0.000371915061061253,0.193110558606245));
#10344=CARTESIAN_POINT('',(0.0310977222864645,-0.000391881165989469,0.193062857694441));
#10345=CARTESIAN_POINT('',(0.0360977222864644,-0.000391881165989469,0.193062857694441));
#10346=CARTESIAN_POINT('',(0.0310977222864645,-0.00041406048388927,0.193015442647853));
#10347=CARTESIAN_POINT('',(0.0360977222864644,-0.00041406048388927,0.193015442647853));
#10348=CARTESIAN_POINT('',(0.0310977222864645,-0.000438330945195381,0.192968328696873));
#10349=CARTESIAN_POINT('',(0.0360977222864644,-0.000438330945195381,0.192968328696873));
#10350=CARTESIAN_POINT('',(0.0310977222864645,-0.000464547500823823,0.192921525757302));
#10351=CARTESIAN_POINT('',(0.0360977222864644,-0.000464547500823823,0.192921525757302));
#10352=CARTESIAN_POINT('',(0.0310977222864645,-0.0004926156673071,0.192875049164547));
#10353=CARTESIAN_POINT('',(0.0360977222864644,-0.0004926156673071,0.192875049164547));
#10354=CARTESIAN_POINT('',(0.0310977222864645,-0.000522456473847077,0.19282891554287));
#10355=CARTESIAN_POINT('',(0.0360977222864644,-0.000522456473847077,0.19282891554287));
#10356=CARTESIAN_POINT('',(0.0310977222864645,-0.000554006142954006,0.192783142646972));
#10357=CARTESIAN_POINT('',(0.0360977222864644,-0.000554006142954006,0.192783142646972));
#10358=CARTESIAN_POINT('',(0.0310977222864645,-0.000587213704503639,0.192737750703478));
#10359=CARTESIAN_POINT('',(0.0360977222864644,-0.000587213704503639,0.192737750703478));
#10360=CARTESIAN_POINT('',(0.0310977222864645,-0.000622026104407064,0.192692754928543));
#10361=CARTESIAN_POINT('',(0.0360977222864644,-0.000622026104407064,0.192692754928543));
#10362=CARTESIAN_POINT('',(0.0310977222864645,-0.000658434180195636,0.19264819285128));
#10363=CARTESIAN_POINT('',(0.0360977222864644,-0.000658434180195636,0.19264819285128));
#10364=CARTESIAN_POINT('',(0.0310977222864645,-0.000696290867812338,0.19260402064485));
#10365=CARTESIAN_POINT('',(0.0360977222864644,-0.000696290867812338,0.19260402064485));
#10366=CARTESIAN_POINT('',(0.0310977222864645,-0.000722683637373947,0.19257508873469));
#10367=CARTESIAN_POINT('',(0.0360977222864644,-0.000722683637373947,0.19257508873469));
#10368=CARTESIAN_POINT('',(0.0310977222864645,-0.000735916657228469,0.192560582620026));
#10369=CARTESIAN_POINT('',(0.0360977222864644,-0.000735916657228469,0.192560582620026));
#10370=CARTESIAN_POINT('',(0.0360977222864644,-0.000331015731106054,0.193255833319588));
#10371=CARTESIAN_POINT('',(0.0360977222864644,-0.000333913990087045,0.1932395297587));
#10372=CARTESIAN_POINT('',(0.0360977222864644,-0.000339730166606183,0.193206812051748));
#10373=CARTESIAN_POINT('',(0.0360977222864644,-0.000354641310781029,0.193158573983464));
#10374=CARTESIAN_POINT('',(0.0360977222864644,-0.000371915061061253,0.193110558606245));
#10375=CARTESIAN_POINT('',(0.0360977222864644,-0.000391881165989469,0.193062857694441));
#10376=CARTESIAN_POINT('',(0.0360977222864644,-0.00041406048388927,0.193015442647853));
#10377=CARTESIAN_POINT('',(0.0360977222864644,-0.000438330945195381,0.192968328696873));
#10378=CARTESIAN_POINT('',(0.0360977222864644,-0.000464547500823823,0.192921525757302));
#10379=CARTESIAN_POINT('',(0.0360977222864644,-0.0004926156673071,0.192875049164547));
#10380=CARTESIAN_POINT('',(0.0360977222864644,-0.000522456473847077,0.19282891554287));
#10381=CARTESIAN_POINT('',(0.0360977222864644,-0.000554006142954006,0.192783142646972));
#10382=CARTESIAN_POINT('',(0.0360977222864644,-0.000587213704503639,0.192737750703478));
#10383=CARTESIAN_POINT('',(0.0360977222864644,-0.000622026104407064,0.192692754928543));
#10384=CARTESIAN_POINT('',(0.0360977222864644,-0.000658434180195636,0.19264819285128));
#10385=CARTESIAN_POINT('',(0.0360977222864644,-0.000696290867812338,0.19260402064485));
#10386=CARTESIAN_POINT('',(0.0360977222864644,-0.000722683637373947,0.19257508873469));
#10387=CARTESIAN_POINT('',(0.0360977222864644,-0.000735916657228469,0.192560582620026));
#10388=CARTESIAN_POINT('',(0.0360977222864644,-0.000735916657228473,0.192560582620026));
#10389=CARTESIAN_POINT('',(0.0310977222864645,-0.000735916657228473,0.192560582620026));
#10390=CARTESIAN_POINT('',(0.0310977222864645,-0.000877454900325333,0.192588736327036));
#10391=CARTESIAN_POINT('',(0.0360977222864644,-0.000877454900325333,0.192588736327036));
#10392=CARTESIAN_POINT('',(0.0360977222864644,-0.0010189931434222,0.192616890034045));
#10393=CARTESIAN_POINT('',(0.0310977222864645,-0.0010189931434222,0.192616890034045));
#10394=CARTESIAN_POINT('',(0.0310977222864645,-0.0010189931434222,0.192616890034045));
#10395=CARTESIAN_POINT('',(0.0360977222864644,-0.0010189931434222,0.192616890034045));
#10396=CARTESIAN_POINT('',(0.0310977222864645,-0.00102566760986916,0.192635355993937));
#10397=CARTESIAN_POINT('',(0.0360977222864644,-0.00102566760986916,0.192635355993937));
#10398=CARTESIAN_POINT('',(0.0310977222864645,-0.00103897958678889,0.192672185669215));
#10399=CARTESIAN_POINT('',(0.0360977222864644,-0.00103897958678889,0.192672185669215));
#10400=CARTESIAN_POINT('',(0.0310977222864645,-0.00105705063407457,0.192727482593797));
#10401=CARTESIAN_POINT('',(0.0360977222864644,-0.00105705063407457,0.192727482593797));
#10402=CARTESIAN_POINT('',(0.0310977222864645,-0.00107363414143344,0.192782585352316));
#10403=CARTESIAN_POINT('',(0.0360977222864644,-0.00107363414143344,0.192782585352316));
#10404=CARTESIAN_POINT('',(0.0310977222864645,-0.00108857746758759,0.192837478156512));
#10405=CARTESIAN_POINT('',(0.0360977222864644,-0.00108857746758759,0.192837478156512));
#10406=CARTESIAN_POINT('',(0.0310977222864645,-0.00110188650929027,0.19289212282768));
#10407=CARTESIAN_POINT('',(0.0360977222864644,-0.00110188650929027,0.19289212282768));
#10408=CARTESIAN_POINT('',(0.0310977222864645,-0.00111351807392389,0.192946485005008));
#10409=CARTESIAN_POINT('',(0.0360977222864644,-0.00111351807392389,0.192946485005008));
#10410=CARTESIAN_POINT('',(0.0310977222864645,-0.00112343281162916,0.193000526496108));
#10411=CARTESIAN_POINT('',(0.0360977222864644,-0.00112343281162916,0.193000526496108));
#10412=CARTESIAN_POINT('',(0.0310977222864645,-0.00113157859411796,0.193054206491185));
#10413=CARTESIAN_POINT('',(0.0360977222864644,-0.00113157859411796,0.193054206491185));
#10414=CARTESIAN_POINT('',(0.0310977222864645,-0.00113788882371624,0.193107479410608));
#10415=CARTESIAN_POINT('',(0.0360977222864644,-0.00113788882371624,0.193107479410608));
#10416=CARTESIAN_POINT('',(0.0310977222864645,-0.00114228207768841,0.193160294929052));
#10417=CARTESIAN_POINT('',(0.0360977222864644,-0.00114228207768841,0.193160294929052));
#10418=CARTESIAN_POINT('',(0.0310977222864645,-0.00114462814276697,0.193212588377629));
#10419=CARTESIAN_POINT('',(0.0360977222864644,-0.00114462814276697,0.193212588377629));
#10420=CARTESIAN_POINT('',(0.0310977222864645,-0.00114482006979802,0.193264298971292));
#10421=CARTESIAN_POINT('',(0.0360977222864644,-0.00114482006979802,0.193264298971292));
#10422=CARTESIAN_POINT('',(0.0310977222864645,-0.00114240424477111,0.193315269773598));
#10423=CARTESIAN_POINT('',(0.0360977222864644,-0.00114240424477111,0.193315269773598));
#10424=CARTESIAN_POINT('',(0.0310977222864645,-0.00113772043613868,0.193365542185407));
#10425=CARTESIAN_POINT('',(0.0360977222864644,-0.00113772043613868,0.193365542185407));
#10426=CARTESIAN_POINT('',(0.0310977222864645,-0.00113057335818682,0.193397995159604));
#10427=CARTESIAN_POINT('',(0.0360977222864644,-0.00113057335818682,0.193397995159604));
#10428=CARTESIAN_POINT('',(0.0310977222864645,-0.00112701189769925,0.193414166801509));
#10429=CARTESIAN_POINT('',(0.0360977222864644,-0.00112701189769925,0.193414166801509));
#10430=CARTESIAN_POINT('',(0.0360977222864644,-0.0010189931434222,0.192616890034045));
#10431=CARTESIAN_POINT('',(0.0360977222864644,-0.00102566760986916,0.192635355993937));
#10432=CARTESIAN_POINT('',(0.0360977222864644,-0.00103897958678889,0.192672185669215));
#10433=CARTESIAN_POINT('',(0.0360977222864644,-0.00105705063407457,0.192727482593797));
#10434=CARTESIAN_POINT('',(0.0360977222864644,-0.00107363414143344,0.192782585352316));
#10435=CARTESIAN_POINT('',(0.0360977222864644,-0.00108857746758759,0.192837478156512));
#10436=CARTESIAN_POINT('',(0.0360977222864644,-0.00110188650929027,0.19289212282768));
#10437=CARTESIAN_POINT('',(0.0360977222864644,-0.00111351807392389,0.192946485005008));
#10438=CARTESIAN_POINT('',(0.0360977222864644,-0.00112343281162916,0.193000526496108));
#10439=CARTESIAN_POINT('',(0.0360977222864644,-0.00113157859411796,0.193054206491185));
#10440=CARTESIAN_POINT('',(0.0360977222864644,-0.00113788882371624,0.193107479410608));
#10441=CARTESIAN_POINT('',(0.0360977222864644,-0.00114228207768841,0.193160294929052));
#10442=CARTESIAN_POINT('',(0.0360977222864644,-0.00114462814276697,0.193212588377629));
#10443=CARTESIAN_POINT('',(0.0360977222864644,-0.00114482006979802,0.193264298971292));
#10444=CARTESIAN_POINT('',(0.0360977222864644,-0.00114240424477111,0.193315269773598));
#10445=CARTESIAN_POINT('',(0.0360977222864644,-0.00113772043613868,0.193365542185407));
#10446=CARTESIAN_POINT('',(0.0360977222864644,-0.00113057335818682,0.193397995159604));
#10447=CARTESIAN_POINT('',(0.0360977222864644,-0.00112701189769925,0.193414166801509));
#10448=CARTESIAN_POINT('',(0.0360977222864644,-0.00112701189769924,0.193414166801509));
#10449=CARTESIAN_POINT('',(0.0310977222864645,-0.00112701189769924,0.193414166801509));
#10450=CARTESIAN_POINT('',(0.0310977222864645,-0.00106947793780088,0.193597223594313));
#10451=CARTESIAN_POINT('',(0.0360977222864644,-0.00106947793780088,0.193597223594313));
#10452=CARTESIAN_POINT('',(0.0360977222864644,-0.00101194397790252,0.193780280387117));
#10453=CARTESIAN_POINT('',(0.0310977222864645,-0.00101194397790252,0.193780280387117));
#10454=CARTESIAN_POINT('',(0.0310977222864645,2.03146961058609E-15,0.197000000000005));
#10455=CARTESIAN_POINT('',(0.0360977222864644,2.03146961058609E-15,0.197000000000005));
#10456=CARTESIAN_POINT('',(0.0360977222864644,-0.00156113312283356,0.194007761979255));
#10457=CARTESIAN_POINT('',(0.0310977222864645,-0.00156113312283356,0.194007761979255));
#10458=CARTESIAN_POINT('',(0.0310977222864645,-0.00164989116917451,0.193837638626529));
#10459=CARTESIAN_POINT('',(0.0360977222864644,-0.00164989116917451,0.193837638626529));
#10460=CARTESIAN_POINT('',(0.0360977222864644,-0.00173864921551544,0.193667515273802));
#10461=CARTESIAN_POINT('',(0.0310977222864645,-0.00173864921551544,0.193667515273802));
#10462=CARTESIAN_POINT('',(0.0310977222864645,-0.00173864921551544,0.193667515273802));
#10463=CARTESIAN_POINT('',(0.0360977222864644,-0.00173864921551544,0.193667515273802));
#10464=CARTESIAN_POINT('',(0.0310977222864645,-0.00174756596030793,0.193653561863286));
#10465=CARTESIAN_POINT('',(0.0360977222864644,-0.00174756596030793,0.193653561863286));
#10466=CARTESIAN_POINT('',(0.0310977222864645,-0.00176545993114681,0.193625560397877));
#10467=CARTESIAN_POINT('',(0.0360977222864644,-0.00176545993114681,0.193625560397877));
#10468=CARTESIAN_POINT('',(0.0310977222864645,-0.00179769594159816,0.193586700481734));
#10469=CARTESIAN_POINT('',(0.0360977222864644,-0.00179769594159816,0.193586700481734));
#10470=CARTESIAN_POINT('',(0.0310977222864645,-0.00183202949529226,0.193548950435523));
#10471=CARTESIAN_POINT('',(0.0360977222864644,-0.00183202949529226,0.193548950435523));
#10472=CARTESIAN_POINT('',(0.0310977222864645,-0.00186873011963556,0.19351252123699));
#10473=CARTESIAN_POINT('',(0.0360977222864644,-0.00186873011963556,0.19351252123699));
#10474=CARTESIAN_POINT('',(0.0310977222864645,-0.00190736609026234,0.193477203103415));
#10475=CARTESIAN_POINT('',(0.0360977222864644,-0.00190736609026234,0.193477203103415));
#10476=CARTESIAN_POINT('',(0.0310977222864645,-0.00194781880118083,0.193442963391847));
#10477=CARTESIAN_POINT('',(0.0360977222864644,-0.00194781880118083,0.193442963391847));
#10478=CARTESIAN_POINT('',(0.0310977222864645,-0.00198995044989867,0.193409755755409));
#10479=CARTESIAN_POINT('',(0.0360977222864644,-0.00198995044989867,0.193409755755409));
#10480=CARTESIAN_POINT('',(0.0310977222864645,-0.00203366787646789,0.193377558204911));
#10481=CARTESIAN_POINT('',(0.0360977222864644,-0.00203366787646789,0.193377558204911));
#10482=CARTESIAN_POINT('',(0.0310977222864645,-0.00207889175955445,0.193346355878355));
#10483=CARTESIAN_POINT('',(0.0360977222864644,-0.00207889175955445,0.193346355878355));
#10484=CARTESIAN_POINT('',(0.0310977222864645,-0.00212555638201167,0.193316140772354));
#10485=CARTESIAN_POINT('',(0.0360977222864644,-0.00212555638201167,0.193316140772354));
#10486=CARTESIAN_POINT('',(0.0310977222864645,-0.00217360691318958,0.193286912068454));
#10487=CARTESIAN_POINT('',(0.0360977222864644,-0.00217360691318958,0.193286912068454));
#10488=CARTESIAN_POINT('',(0.0310977222864645,-0.0022229885145322,0.193258663521626));
#10489=CARTESIAN_POINT('',(0.0360977222864644,-0.0022229885145322,0.193258663521626));
#10490=CARTESIAN_POINT('',(0.0310977222864645,-0.00227367835925169,0.193231426297925));
#10491=CARTESIAN_POINT('',(0.0360977222864644,-0.00227367835925169,0.193231426297925));
#10492=CARTESIAN_POINT('',(0.0310977222864645,-0.00232555734968147,0.193205103627653));
#10493=CARTESIAN_POINT('',(0.0360977222864644,-0.00232555734968147,0.193205103627653));
#10494=CARTESIAN_POINT('',(0.0310977222864645,-0.00236101285197028,0.193188474103666));
#10495=CARTESIAN_POINT('',(0.0360977222864644,-0.00236101285197028,0.193188474103666));
#10496=CARTESIAN_POINT('',(0.0310977222864645,-0.00237878981791712,0.19318013625869));
#10497=CARTESIAN_POINT('',(0.0360977222864644,-0.00237878981791712,0.19318013625869));
#10498=CARTESIAN_POINT('',(0.0360977222864644,-0.00173864921551544,0.193667515273802));
#10499=CARTESIAN_POINT('',(0.0360977222864644,-0.00174756596030793,0.193653561863286));
#10500=CARTESIAN_POINT('',(0.0360977222864644,-0.00176545993114681,0.193625560397877));
#10501=CARTESIAN_POINT('',(0.0360977222864644,-0.00179769594159816,0.193586700481734));
#10502=CARTESIAN_POINT('',(0.0360977222864644,-0.00183202949529226,0.193548950435523));
#10503=CARTESIAN_POINT('',(0.0360977222864644,-0.00186873011963556,0.19351252123699));
#10504=CARTESIAN_POINT('',(0.0360977222864644,-0.00190736609026234,0.193477203103415));
#10505=CARTESIAN_POINT('',(0.0360977222864644,-0.00194781880118083,0.193442963391847));
#10506=CARTESIAN_POINT('',(0.0360977222864644,-0.00198995044989867,0.193409755755409));
#10507=CARTESIAN_POINT('',(0.0360977222864644,-0.00203366787646789,0.193377558204911));
#10508=CARTESIAN_POINT('',(0.0360977222864644,-0.00207889175955445,0.193346355878355));
#10509=CARTESIAN_POINT('',(0.0360977222864644,-0.00212555638201167,0.193316140772354));
#10510=CARTESIAN_POINT('',(0.0360977222864644,-0.00217360691318958,0.193286912068454));
#10511=CARTESIAN_POINT('',(0.0360977222864644,-0.0022229885145322,0.193258663521626));
#10512=CARTESIAN_POINT('',(0.0360977222864644,-0.00227367835925169,0.193231426297925));
#10513=CARTESIAN_POINT('',(0.0360977222864644,-0.00232555734968147,0.193205103627653));
#10514=CARTESIAN_POINT('',(0.0360977222864644,-0.00236101285197028,0.193188474103666));
#10515=CARTESIAN_POINT('',(0.0360977222864644,-0.00237878981791712,0.19318013625869));
#10516=CARTESIAN_POINT('',(0.0360977222864644,-0.00237878981791711,0.19318013625869));
#10517=CARTESIAN_POINT('',(0.0310977222864645,-0.00237878981791711,0.19318013625869));
#10518=CARTESIAN_POINT('',(0.0310977222864645,-0.00249878014654985,0.193260311233039));
#10519=CARTESIAN_POINT('',(0.0360977222864644,-0.00249878014654985,0.193260311233039));
#10520=CARTESIAN_POINT('',(0.0360977222864644,-0.00261877047518258,0.193340486207389));
#10521=CARTESIAN_POINT('',(0.0310977222864645,-0.00261877047518258,0.193340486207389));
#10522=CARTESIAN_POINT('',(0.0310977222864645,-0.00261877047518258,0.193340486207389));
#10523=CARTESIAN_POINT('',(0.0360977222864644,-0.00261877047518258,0.193340486207389));
#10524=CARTESIAN_POINT('',(0.0310977222864645,-0.00261787026120964,0.193360100737511));
#10525=CARTESIAN_POINT('',(0.0360977222864644,-0.00261787026120964,0.193360100737511));
#10526=CARTESIAN_POINT('',(0.0310977222864645,-0.00261607481767483,0.193399221193709));
#10527=CARTESIAN_POINT('',(0.0360977222864644,-0.00261607481767483,0.193399221193709));
#10528=CARTESIAN_POINT('',(0.0310977222864645,-0.00261160907149472,0.193457224380943));
#10529=CARTESIAN_POINT('',(0.0360977222864644,-0.00261160907149472,0.193457224380943));
#10530=CARTESIAN_POINT('',(0.0310977222864645,-0.00260584332175836,0.193514478925239));
#10531=CARTESIAN_POINT('',(0.0360977222864644,-0.00260584332175836,0.193514478925239));
#10532=CARTESIAN_POINT('',(0.0310977222864645,-0.00259864258821783,0.193570911826862));
#10533=CARTESIAN_POINT('',(0.0360977222864644,-0.00259864258821783,0.193570911826862));
#10534=CARTESIAN_POINT('',(0.0310977222864645,-0.00259002692912113,0.193626490069876));
#10535=CARTESIAN_POINT('',(0.0360977222864644,-0.00259002692912113,0.193626490069876));
#10536=CARTESIAN_POINT('',(0.0310977222864645,-0.00257996958900632,0.19368116537993));
#10537=CARTESIAN_POINT('',(0.0360977222864644,-0.00257996958900632,0.19368116537993));
#10538=CARTESIAN_POINT('',(0.0310977222864645,-0.00256844882893857,0.193734887413319));
#10539=CARTESIAN_POINT('',(0.0360977222864644,-0.00256844882893857,0.193734887413319));
#10540=CARTESIAN_POINT('',(0.0310977222864645,-0.00255543210589067,0.193787598518078));
#10541=CARTESIAN_POINT('',(0.0360977222864644,-0.00255543210589067,0.193787598518078));
#10542=CARTESIAN_POINT('',(0.0310977222864645,-0.00254087533420484,0.193839231098292));
#10543=CARTESIAN_POINT('',(0.0360977222864644,-0.00254087533420484,0.193839231098292));
#10544=CARTESIAN_POINT('',(0.0310977222864645,-0.00252472254775075,0.19388970750029));
#10545=CARTESIAN_POINT('',(0.0360977222864644,-0.00252472254775075,0.19388970750029));
#10546=CARTESIAN_POINT('',(0.0310977222864645,-0.00250687819286703,0.193938918147352));
#10547=CARTESIAN_POINT('',(0.0360977222864644,-0.00250687819286703,0.193938918147352));
#10548=CARTESIAN_POINT('',(0.0310977222864645,-0.00248726672285021,0.193986765953747));
#10549=CARTESIAN_POINT('',(0.0360977222864644,-0.00248726672285021,0.193986765953747));
#10550=CARTESIAN_POINT('',(0.0310977222864645,-0.00246552910997702,0.194032932338539));
#10551=CARTESIAN_POINT('',(0.0360977222864644,-0.00246552910997702,0.194032932338539));
#10552=CARTESIAN_POINT('',(0.0310977222864645,-0.00244196341594278,0.194077585574896));
#10553=CARTESIAN_POINT('',(0.0360977222864644,-0.00244196341594278,0.194077585574896));
#10554=CARTESIAN_POINT('',(0.0310977222864645,-0.00242294116134968,0.194104833145203));
#10555=CARTESIAN_POINT('',(0.0360977222864644,-0.00242294116134968,0.194104833145203));
#10556=CARTESIAN_POINT('',(0.0310977222864645,-0.00241346218146803,0.194118410882243));
#10557=CARTESIAN_POINT('',(0.0360977222864644,-0.00241346218146803,0.194118410882243));
#10558=CARTESIAN_POINT('',(0.0360977222864644,-0.00261877047518258,0.193340486207389));
#10559=CARTESIAN_POINT('',(0.0360977222864644,-0.00261787026120964,0.193360100737511));
#10560=CARTESIAN_POINT('',(0.0360977222864644,-0.00261607481767483,0.193399221193709));
#10561=CARTESIAN_POINT('',(0.0360977222864644,-0.00261160907149472,0.193457224380943));
#10562=CARTESIAN_POINT('',(0.0360977222864644,-0.00260584332175836,0.193514478925239));
#10563=CARTESIAN_POINT('',(0.0360977222864644,-0.00259864258821783,0.193570911826862));
#10564=CARTESIAN_POINT('',(0.0360977222864644,-0.00259002692912113,0.193626490069876));
#10565=CARTESIAN_POINT('',(0.0360977222864644,-0.00257996958900632,0.19368116537993));
#10566=CARTESIAN_POINT('',(0.0360977222864644,-0.00256844882893857,0.193734887413319));
#10567=CARTESIAN_POINT('',(0.0360977222864644,-0.00255543210589067,0.193787598518078));
#10568=CARTESIAN_POINT('',(0.0360977222864644,-0.00254087533420484,0.193839231098292));
#10569=CARTESIAN_POINT('',(0.0360977222864644,-0.00252472254775075,0.19388970750029));
#10570=CARTESIAN_POINT('',(0.0360977222864644,-0.00250687819286703,0.193938918147352));
#10571=CARTESIAN_POINT('',(0.0360977222864644,-0.00248726672285021,0.193986765953747));
#10572=CARTESIAN_POINT('',(0.0360977222864644,-0.00246552910997702,0.194032932338539));
#10573=CARTESIAN_POINT('',(0.0360977222864644,-0.00244196341594278,0.194077585574896));
#10574=CARTESIAN_POINT('',(0.0360977222864644,-0.00242294116134968,0.194104833145203));
#10575=CARTESIAN_POINT('',(0.0360977222864644,-0.00241346218146803,0.194118410882243));
#10576=CARTESIAN_POINT('',(0.0360977222864644,-2.08166817117217E-17,0.212029790986749));
#10577=CARTESIAN_POINT('',(0.0341977222864644,0.00217653852004647,0.195979450174793));
#10578=CARTESIAN_POINT('',(0.0341977222864644,0.00220138170673744,0.195914731460811));
#10579=CARTESIAN_POINT('',(0.0341977222864644,0.00220138170673744,0.195914731460811));
#10580=CARTESIAN_POINT('',(0.0341977222864644,0.00217653852004647,0.195979450174793));
#10581=CARTESIAN_POINT('',(0.0341977222864644,0.00215169533334972,0.196044168888777));
#10582=CARTESIAN_POINT('',(0.0341977222864644,0.00215169533334972,0.196044168888777));
#10583=CARTESIAN_POINT('',(0.0341977222864644,4.86350790210007E-6,0.196999999999995));
#10584=CARTESIAN_POINT('',(0.0341977222864644,0.00217394520322672,0.195860884290801));
#10585=CARTESIAN_POINT('',(0.0341977222864644,0.00217394520322672,0.195860884290801));
#10586=CARTESIAN_POINT('',(0.0341977222864644,4.86350790210007E-6,0.196999999999995));
#10587=CARTESIAN_POINT('',(0.0341977222864644,0.00210698420500516,0.195842942145403));
#10588=CARTESIAN_POINT('',(0.0341977222864644,0.00204002320678313,0.195825));
#10589=CARTESIAN_POINT('',(0.0341977222864644,0.00204002320678313,0.195825));
#10590=CARTESIAN_POINT('',(0.0341977222864644,0.00210698420500516,0.195842942145403));
#10591=CARTESIAN_POINT('',(0.0341977222864644,0.00205796535218099,0.195758039001778));
#10592=CARTESIAN_POINT('',(0.0341977222864644,0.00207590749758072,0.195691078003557));
#10593=CARTESIAN_POINT('',(0.0341977222864644,0.00207590749758072,0.195691078003557));
#10594=CARTESIAN_POINT('',(0.0341977222864644,0.00205796535218099,0.195758039001778));
#10595=CARTESIAN_POINT('',(0.0341977222864644,4.86350798508404E-6,0.196999999999941));
#10596=CARTESIAN_POINT('',(0.0341977222864644,0.00204299273217832,0.195640393709528));
#10597=CARTESIAN_POINT('',(0.0341977222864644,0.00204299273217832,0.195640393709528));
#10598=CARTESIAN_POINT('',(0.0341977222864644,4.86350798508404E-6,0.196999999999941));
#10599=CARTESIAN_POINT('',(0.0341977222864644,0.00197452308842512,0.195629549183323));
#10600=CARTESIAN_POINT('',(0.0341977222864644,0.00190605344467402,0.195618704657113));
#10601=CARTESIAN_POINT('',(0.0341977222864644,0.00190605344467402,0.195618704657113));
#10602=CARTESIAN_POINT('',(0.0341977222864644,0.00197452308842512,0.195629549183323));
#10603=CARTESIAN_POINT('',(0.0341977222864644,0.00191689797087907,0.195550235013359));
#10604=CARTESIAN_POINT('',(0.0341977222864644,0.00192774249708289,0.195481765369606));
#10605=CARTESIAN_POINT('',(0.0341977222864644,0.00192774249708289,0.195481765369606));
#10606=CARTESIAN_POINT('',(0.0341977222864644,0.00191689797087907,0.195550235013359));
#10607=CARTESIAN_POINT('',(0.0341977222864644,4.86350789201482E-6,0.197));
#10608=CARTESIAN_POINT('',(0.0341977222864644,0.00188971009084291,0.195434799259284));
#10609=CARTESIAN_POINT('',(0.0341977222864644,0.00188971009084291,0.195434799259284));
#10610=CARTESIAN_POINT('',(0.0341977222864644,4.86350789201482E-6,0.197));
#10611=CARTESIAN_POINT('',(0.0341977222864644,0.0018204819693032,0.19543117116717));
#10612=CARTESIAN_POINT('',(0.0341977222864644,0.00175125384776235,0.195427543075056));
#10613=CARTESIAN_POINT('',(0.0341977222864644,0.00175125384776235,0.195427543075056));
#10614=CARTESIAN_POINT('',(0.0341977222864644,0.0018204819693032,0.19543117116717));
#10615=CARTESIAN_POINT('',(0.0341977222864644,0.00175488193987618,0.195358314953517));
#10616=CARTESIAN_POINT('',(0.0341977222864644,0.00175851003199115,0.195289086831978));
#10617=CARTESIAN_POINT('',(0.0341977222864644,0.00175851003199115,0.195289086831978));
#10618=CARTESIAN_POINT('',(0.0341977222864644,0.00175488193987618,0.195358314953517));
#10619=CARTESIAN_POINT('',(0.0341977222864644,4.8635079535923E-6,0.196999999999938));
#10620=CARTESIAN_POINT('',(0.0341977222864644,0.00171577667591497,0.195246353475912));
#10621=CARTESIAN_POINT('',(0.0341977222864644,0.00171577667591497,0.195246353475912));
#10622=CARTESIAN_POINT('',(0.0341977222864644,4.8635079535923E-6,0.196999999999938));
#10623=CARTESIAN_POINT('',(0.0341977222864644,0.00164654855437527,0.195249981568027));
#10624=CARTESIAN_POINT('',(0.0341977222864644,0.00157732043283454,0.195253609660128));
#10625=CARTESIAN_POINT('',(0.0341977222864644,0.00157732043283454,0.195253609660128));
#10626=CARTESIAN_POINT('',(0.0341977222864644,0.00164654855437527,0.195249981568027));
#10627=CARTESIAN_POINT('',(0.0341977222864644,0.00157369234072071,0.195184381538588));
#10628=CARTESIAN_POINT('',(0.0341977222864644,0.00157006424860727,0.195115153417049));
#10629=CARTESIAN_POINT('',(0.0341977222864644,0.00157006424860727,0.195115153417049));
#10630=CARTESIAN_POINT('',(0.0341977222864644,0.00157369234072071,0.195184381538588));
#10631=CARTESIAN_POINT('',(0.0341977222864644,4.86350789395153E-6,0.196999999999995));
#10632=CARTESIAN_POINT('',(0.0341977222864644,0.00152309813828567,0.195077121010811));
#10633=CARTESIAN_POINT('',(0.0341977222864644,0.00152309813828567,0.195077121010811));
#10634=CARTESIAN_POINT('',(0.0341977222864644,4.86350789395153E-6,0.196999999999995));
#10635=CARTESIAN_POINT('',(0.0341977222864644,0.00145462849453248,0.195087965537016));
#10636=CARTESIAN_POINT('',(0.0341977222864644,0.00138615885077668,0.19509881006322));
#10637=CARTESIAN_POINT('',(0.0341977222864644,0.00138615885077668,0.19509881006322));
#10638=CARTESIAN_POINT('',(0.0341977222864644,0.00145462849453248,0.195087965537016));
#10639=CARTESIAN_POINT('',(0.0341977222864644,0.00137531432457162,0.195030340419466));
#10640=CARTESIAN_POINT('',(0.0341977222864644,0.00136446979836879,0.194961870775713));
#10641=CARTESIAN_POINT('',(0.0341977222864644,0.00136446979836879,0.194961870775713));
#10642=CARTESIAN_POINT('',(0.0341977222864644,0.00137531432457162,0.195030340419466));
#10643=CARTESIAN_POINT('',(0.0341977222864644,4.8635079301821E-6,0.196999999999941));
#10644=CARTESIAN_POINT('',(0.0341977222864644,0.0013137855043348,0.194928956010311));
#10645=CARTESIAN_POINT('',(0.0341977222864644,0.0013137855043348,0.194928956010311));
#10646=CARTESIAN_POINT('',(0.0341977222864644,4.8635079301821E-6,0.196999999999941));
#10647=CARTESIAN_POINT('',(0.0341977222864644,0.00124682450611325,0.194946898155709));
#10648=CARTESIAN_POINT('',(0.0341977222864644,0.00117986350788762,0.194964840301108));
#10649=CARTESIAN_POINT('',(0.0341977222864644,0.00117986350788762,0.194964840301108));
#10650=CARTESIAN_POINT('',(0.0341977222864644,0.00124682450611325,0.194946898155709));
#10651=CARTESIAN_POINT('',(0.0341977222864644,0.0011619213624898,0.194897879302886));
#10652=CARTESIAN_POINT('',(0.0341977222864644,0.00114397921709591,0.194830918304663));
#10653=CARTESIAN_POINT('',(0.0341977222864644,0.00114397921709591,0.194830918304663));
#10654=CARTESIAN_POINT('',(0.0341977222864644,0.0011619213624898,0.194897879302886));
#10655=CARTESIAN_POINT('',(0.0341977222864644,4.86350796641646E-6,0.196999999999849));
#10656=CARTESIAN_POINT('',(0.0341977222864644,0.0010901320470807,0.194803481801156));
#10657=CARTESIAN_POINT('',(0.0341977222864644,0.0010901320470807,0.194803481801156));
#10658=CARTESIAN_POINT('',(0.0341977222864644,4.86350796641646E-6,0.196999999999849));
#10659=CARTESIAN_POINT('',(0.0341977222864644,0.00102541333309981,0.194828324987847));
#10660=CARTESIAN_POINT('',(0.0341977222864644,0.00096069461912826,0.194853168174536));
#10661=CARTESIAN_POINT('',(0.0341977222864644,0.00096069461912826,0.194853168174536));
#10662=CARTESIAN_POINT('',(0.0341977222864644,0.00102541333309981,0.194828324987847));
#10663=CARTESIAN_POINT('',(0.0341977222864644,0.000935851432437203,0.194788449460556));
#10664=CARTESIAN_POINT('',(0.0341977222864644,0.000911008245737702,0.194723730746578));
#10665=CARTESIAN_POINT('',(0.0341977222864644,0.000911008245737702,0.194723730746578));
#10666=CARTESIAN_POINT('',(0.0341977222864644,0.000935851432437203,0.194788449460556));
#10667=CARTESIAN_POINT('',(0.0341977222864644,4.86350800909342E-6,0.196999999999695));
#10668=CARTESIAN_POINT('',(0.0341977222864644,0.000854588160606698,0.194702073105044));
#10669=CARTESIAN_POINT('',(0.0341977222864644,0.000854588160606698,0.194702073105044));
#10670=CARTESIAN_POINT('',(0.0341977222864644,4.86350800909342E-6,0.196999999999695));
#10671=CARTESIAN_POINT('',(0.0341977222864644,0.000792820802640114,0.194733545145876));
#10672=CARTESIAN_POINT('',(0.0341977222864644,0.000731053444660325,0.194765017186712));
#10673=CARTESIAN_POINT('',(0.0341977222864644,0.000731053444660325,0.194765017186712));
#10674=CARTESIAN_POINT('',(0.0341977222864644,0.000792820802640114,0.194733545145876));
#10675=CARTESIAN_POINT('',(0.0341977222864644,0.000699581403828402,0.194703249828746));
#10676=CARTESIAN_POINT('',(0.0341977222864644,0.000668109363008711,0.194641482470774));
#10677=CARTESIAN_POINT('',(0.0341977222864644,0.000668109363008711,0.194641482470774));
#10678=CARTESIAN_POINT('',(0.0341977222864644,0.000699581403828402,0.194703249828746));
#10679=CARTESIAN_POINT('',(0.0341977222864644,4.86350787164624E-6,0.197000000000085));
#10680=CARTESIAN_POINT('',(0.0341977222864644,0.000609734513019732,0.194625840976862));
#10681=CARTESIAN_POINT('',(0.0341977222864644,0.000609734513019732,0.194625840976862));
#10682=CARTESIAN_POINT('',(0.0341977222864644,4.86350787164624E-6,0.197000000000085));
#10683=CARTESIAN_POINT('',(0.0341977222864644,0.000551595247166984,0.194663597057569));
#10684=CARTESIAN_POINT('',(0.0341977222864644,0.000493455981314786,0.194701353138274));
#10685=CARTESIAN_POINT('',(0.0341977222864644,0.000493455981314786,0.194701353138274));
#10686=CARTESIAN_POINT('',(0.0341977222864644,0.000551595247166984,0.194663597057569));
#10687=CARTESIAN_POINT('',(0.0341977222864644,0.000455699900607073,0.194643213872422));
#10688=CARTESIAN_POINT('',(0.0341977222864644,0.000417943819897935,0.19458507460657));
#10689=CARTESIAN_POINT('',(0.0341977222864644,0.000417943819897935,0.19458507460657));
#10690=CARTESIAN_POINT('',(0.0341977222864644,0.000455699900607073,0.194643213872422));
#10691=CARTESIAN_POINT('',(0.0341977222864644,4.86350788289253E-6,0.19700000000005));
#10692=CARTESIAN_POINT('',(0.0341977222864644,0.000358253772114401,0.19457562063175));
#10693=CARTESIAN_POINT('',(0.0341977222864644,0.000358253772114401,0.19457562063175));
#10694=CARTESIAN_POINT('',(0.0341977222864644,4.86350788289253E-6,0.19700000000005));
#10695=CARTESIAN_POINT('',(0.0341977222864644,0.000304379584338552,0.194619247088813));
#10696=CARTESIAN_POINT('',(0.0341977222864644,0.000250505396576648,0.194662873545879));
#10697=CARTESIAN_POINT('',(0.0341977222864644,0.000250505396576648,0.194662873545879));
#10698=CARTESIAN_POINT('',(0.0341977222864644,0.000304379584338552,0.194619247088813));
#10699=CARTESIAN_POINT('',(0.0341977222864644,0.000206878939514409,0.194608999358104));
#10700=CARTESIAN_POINT('',(0.0341977222864644,0.000163252482446167,0.194555125170333));
#10701=CARTESIAN_POINT('',(0.0341977222864644,0.000163252482446167,0.194555125170333));
#10702=CARTESIAN_POINT('',(0.0341977222864644,0.000206878939514409,0.194608999358104));
#10703=CARTESIAN_POINT('',(0.0341977222864644,4.86350790369898E-6,0.196999999999776));
#10704=CARTESIAN_POINT('',(0.0341977222864644,0.000102901213542763,0.194551962294357));
#10705=CARTESIAN_POINT('',(0.0341977222864644,0.000102901213542763,0.194551962294357));
#10706=CARTESIAN_POINT('',(0.0341977222864644,4.86350790369898E-6,0.196999999999776));
#10707=CARTESIAN_POINT('',(0.0341977222864644,5.38823607190893E-5,0.19460098114718));
#10708=CARTESIAN_POINT('',(0.0341977222864644,4.86350788983297E-6,0.19465));
#10709=CARTESIAN_POINT('',(0.0341977222864644,4.86350788983297E-6,0.19465));
#10710=CARTESIAN_POINT('',(0.0341977222864644,5.38823607190893E-5,0.19460098114718));
#10711=CARTESIAN_POINT('',(0.0341977222864644,-4.4155344933844E-5,0.194600981147178));
#10712=CARTESIAN_POINT('',(0.0341977222864644,-9.31741977558161E-5,0.194551962294353));
#10713=CARTESIAN_POINT('',(0.0341977222864644,-9.31741977558161E-5,0.194551962294353));
#10714=CARTESIAN_POINT('',(0.0341977222864644,-4.4155344933844E-5,0.194600981147178));
#10715=CARTESIAN_POINT('',(0.0341977222864644,4.86350787944255E-6,0.196999999999775));
#10716=CARTESIAN_POINT('',(0.0341977222864644,-0.00015352546666245,0.194555125170333));
#10717=CARTESIAN_POINT('',(0.0341977222864644,-0.00015352546666245,0.194555125170333));
#10718=CARTESIAN_POINT('',(0.0341977222864644,4.86350787944255E-6,0.196999999999775));
#10719=CARTESIAN_POINT('',(0.0341977222864644,-0.000197151923724649,0.194608999358109));
#10720=CARTESIAN_POINT('',(0.0341977222864644,-0.000240778380786439,0.194662873545883));
#10721=CARTESIAN_POINT('',(0.0341977222864644,-0.000240778380786439,0.194662873545883));
#10722=CARTESIAN_POINT('',(0.0341977222864644,-0.000197151923724649,0.194608999358109));
#10723=CARTESIAN_POINT('',(0.0341977222864644,-0.000294652568562264,0.194619247088821));
#10724=CARTESIAN_POINT('',(0.0341977222864644,-0.000348526756339018,0.19457562063176));
#10725=CARTESIAN_POINT('',(0.0341977222864644,-0.000348526756339018,0.19457562063176));
#10726=CARTESIAN_POINT('',(0.0341977222864644,-0.000294652568562264,0.194619247088821));
#10727=CARTESIAN_POINT('',(0.0341977222864644,4.86350790017526E-6,0.197000000000049));
#10728=CARTESIAN_POINT('',(0.0341977222864644,-0.000408216804110669,0.194585074606572));
#10729=CARTESIAN_POINT('',(0.0341977222864644,-0.000408216804110669,0.194585074606572));
#10730=CARTESIAN_POINT('',(0.0341977222864644,4.86350790017526E-6,0.197000000000049));
#10731=CARTESIAN_POINT('',(0.0341977222864644,-0.000445972884818346,0.194643213872426));
#10732=CARTESIAN_POINT('',(0.0341977222864644,-0.000483728965529589,0.194701353138274));
#10733=CARTESIAN_POINT('',(0.0341977222864644,-0.000483728965529589,0.194701353138274));
#10734=CARTESIAN_POINT('',(0.0341977222864644,-0.000445972884818346,0.194643213872426));
#10735=CARTESIAN_POINT('',(0.0341977222864644,-0.00054186823138235,0.194663597057567));
#10736=CARTESIAN_POINT('',(0.0341977222864644,-0.000600007497235661,0.19462584097686));
#10737=CARTESIAN_POINT('',(0.0341977222864644,-0.000600007497235661,0.19462584097686));
#10738=CARTESIAN_POINT('',(0.0341977222864644,-0.00054186823138235,0.194663597057567));
#10739=CARTESIAN_POINT('',(0.0341977222864644,4.86350781009933E-6,0.196999999999698));
#10740=CARTESIAN_POINT('',(0.0341977222864644,-0.000658382347224964,0.194641482470774));
#10741=CARTESIAN_POINT('',(0.0341977222864644,-0.000658382347224964,0.194641482470774));
#10742=CARTESIAN_POINT('',(0.0341977222864644,4.86350781009933E-6,0.196999999999698));
#10743=CARTESIAN_POINT('',(0.0341977222864644,-0.000689854388056961,0.19470324982874));
#10744=CARTESIAN_POINT('',(0.0341977222864644,-0.000721326428898364,0.194765017186723));
#10745=CARTESIAN_POINT('',(0.0341977222864644,-0.000721326428898364,0.194765017186723));
#10746=CARTESIAN_POINT('',(0.0341977222864644,-0.000689854388056961,0.19470324982874));
#10747=CARTESIAN_POINT('',(0.0341977222864644,-0.000783093786864868,0.194733545145892));
#10748=CARTESIAN_POINT('',(0.0341977222864644,-0.000844861144822704,0.194702073105043));
#10749=CARTESIAN_POINT('',(0.0341977222864644,-0.000844861144822704,0.194702073105043));
#10750=CARTESIAN_POINT('',(0.0341977222864644,-0.000783093786864868,0.194733545145892));
#10751=CARTESIAN_POINT('',(0.0341977222864644,4.86350777413862E-6,0.196999999999694));
#10752=CARTESIAN_POINT('',(0.0341977222864644,-0.000901281229949102,0.19472373074658));
#10753=CARTESIAN_POINT('',(0.0341977222864644,-0.000901281229949102,0.19472373074658));
#10754=CARTESIAN_POINT('',(0.0341977222864644,4.86350777413862E-6,0.196999999999694));
#10755=CARTESIAN_POINT('',(0.0341977222864644,-0.000926124416640068,0.194788449460561));
#10756=CARTESIAN_POINT('',(0.0341977222864644,-0.000950967603337708,0.194853168174543));
#10757=CARTESIAN_POINT('',(0.0341977222864644,-0.000950967603337708,0.194853168174543));
#10758=CARTESIAN_POINT('',(0.0341977222864644,-0.000926124416640068,0.194788449460561));
#10759=CARTESIAN_POINT('',(0.0341977222864644,-0.00101568631731858,0.194828324987852));
#10760=CARTESIAN_POINT('',(0.0341977222864644,-0.00108040503129829,0.194803481801158));
#10761=CARTESIAN_POINT('',(0.0341977222864644,-0.00108040503129829,0.194803481801158));
#10762=CARTESIAN_POINT('',(0.0341977222864644,-0.00101568631731858,0.194828324987852));
#10763=CARTESIAN_POINT('',(0.0341977222864644,4.86350787079341E-6,0.196999999999961));
#10764=CARTESIAN_POINT('',(0.0341977222864644,-0.00113425220130893,0.194830918304664));
#10765=CARTESIAN_POINT('',(0.0341977222864644,-0.00113425220130893,0.194830918304664));
#10766=CARTESIAN_POINT('',(0.0341977222864644,4.86350787079341E-6,0.196999999999961));
#10767=CARTESIAN_POINT('',(0.0341977222864644,-0.00115219434670675,0.194897879302886));
#10768=CARTESIAN_POINT('',(0.0341977222864644,-0.00117013649210734,0.194964840301103));
#10769=CARTESIAN_POINT('',(0.0341977222864644,-0.00117013649210734,0.194964840301103));
#10770=CARTESIAN_POINT('',(0.0341977222864644,-0.00115219434670675,0.194897879302886));
#10771=CARTESIAN_POINT('',(0.0341977222864644,-0.00123709749032888,0.194946898155704));
#10772=CARTESIAN_POINT('',(0.0341977222864644,-0.00130405848855151,0.194928956010311));
#10773=CARTESIAN_POINT('',(0.0341977222864644,-0.00130405848855151,0.194928956010311));
#10774=CARTESIAN_POINT('',(0.0341977222864644,-0.00123709749032888,0.194946898155704));
#10775=CARTESIAN_POINT('',(0.0341977222864644,4.86350785351881E-6,0.19699999999994));
#10776=CARTESIAN_POINT('',(0.0341977222864644,-0.00135474278258436,0.194961870775713));
#10777=CARTESIAN_POINT('',(0.0341977222864644,-0.00135474278258436,0.194961870775713));
#10778=CARTESIAN_POINT('',(0.0341977222864644,4.86350785351881E-6,0.19699999999994));
#10779=CARTESIAN_POINT('',(0.0341977222864644,-0.00136558730878943,0.195030340419466));
#10780=CARTESIAN_POINT('',(0.0341977222864644,-0.00137643183499626,0.195098810063222));
#10781=CARTESIAN_POINT('',(0.0341977222864644,-0.00137643183499626,0.195098810063222));
#10782=CARTESIAN_POINT('',(0.0341977222864644,-0.00136558730878943,0.195030340419466));
#10783=CARTESIAN_POINT('',(0.0341977222864644,-0.00144490147874946,0.195087965537017));
#10784=CARTESIAN_POINT('',(0.0341977222864644,-0.00151337112250214,0.195077121010809));
#10785=CARTESIAN_POINT('',(0.0341977222864644,-0.00151337112250214,0.195077121010809));
#10786=CARTESIAN_POINT('',(0.0341977222864644,-0.00144490147874946,0.195087965537017));
#10787=CARTESIAN_POINT('',(0.0341977222864644,4.86350788921508E-6,0.196999999999995));
#10788=CARTESIAN_POINT('',(0.0341977222864644,-0.00156033723282096,0.195115153417049));
#10789=CARTESIAN_POINT('',(0.0341977222864644,-0.00156033723282096,0.195115153417049));
#10790=CARTESIAN_POINT('',(0.0341977222864644,4.86350788921508E-6,0.196999999999995));
#10791=CARTESIAN_POINT('',(0.0341977222864644,-0.00156396532493478,0.195184381538588));
#10792=CARTESIAN_POINT('',(0.0341977222864644,-0.00156759341705271,0.195253609660146));
#10793=CARTESIAN_POINT('',(0.0341977222864644,-0.00156759341705271,0.195253609660146));
#10794=CARTESIAN_POINT('',(0.0341977222864644,-0.00156396532493478,0.195184381538588));
#10795=CARTESIAN_POINT('',(0.0341977222864644,-0.00163682153859243,0.195249981568032));
#10796=CARTESIAN_POINT('',(0.0341977222864644,-0.00170604966013116,0.1952463534759));
#10797=CARTESIAN_POINT('',(0.0341977222864644,-0.00170604966013116,0.1952463534759));
#10798=CARTESIAN_POINT('',(0.0341977222864644,-0.00163682153859243,0.195249981568032));
#10799=CARTESIAN_POINT('',(0.0341977222864644,4.86350776098801E-6,0.19699999999987));
#10800=CARTESIAN_POINT('',(0.0341977222864644,-0.0017487830162075,0.195289086831978));
#10801=CARTESIAN_POINT('',(0.0341977222864644,-0.0017487830162075,0.195289086831978));
#10802=CARTESIAN_POINT('',(0.0341977222864644,4.86350776098801E-6,0.19699999999987));
#10803=CARTESIAN_POINT('',(0.0341977222864644,-0.00174515492409366,0.195358314953517));
#10804=CARTESIAN_POINT('',(0.0341977222864644,-0.00174152683197967,0.195427543075069));
#10805=CARTESIAN_POINT('',(0.0341977222864644,-0.00174152683197967,0.195427543075069));
#10806=CARTESIAN_POINT('',(0.0341977222864644,-0.00174515492409366,0.195358314953517));
#10807=CARTESIAN_POINT('',(0.0341977222864644,-0.00181075495351939,0.195431171167183));
#10808=CARTESIAN_POINT('',(0.0341977222864644,-0.00187998307505971,0.195434799259285));
#10809=CARTESIAN_POINT('',(0.0341977222864644,-0.00187998307505971,0.195434799259285));
#10810=CARTESIAN_POINT('',(0.0341977222864644,-0.00181075495351939,0.195431171167183));
#10811=CARTESIAN_POINT('',(0.0341977222864644,4.86350782267814E-6,0.196999999999945));
#10812=CARTESIAN_POINT('',(0.0341977222864644,-0.00191801548130003,0.195481765369606));
#10813=CARTESIAN_POINT('',(0.0341977222864644,-0.00191801548130003,0.195481765369606));
#10814=CARTESIAN_POINT('',(0.0341977222864644,4.86350782267814E-6,0.196999999999945));
#10815=CARTESIAN_POINT('',(0.0341977222864644,-0.00190717095509497,0.195550235013359));
#10816=CARTESIAN_POINT('',(0.0341977222864644,-0.00189632642888753,0.195618704657125));
#10817=CARTESIAN_POINT('',(0.0341977222864644,-0.00189632642888753,0.195618704657125));
#10818=CARTESIAN_POINT('',(0.0341977222864644,-0.00190717095509497,0.195550235013359));
#10819=CARTESIAN_POINT('',(0.0341977222864644,-0.00196479607264075,0.195629549183331));
#10820=CARTESIAN_POINT('',(0.0341977222864644,-0.00203326571639595,0.195640393709523));
#10821=CARTESIAN_POINT('',(0.0341977222864644,-0.00203326571639595,0.195640393709523));
#10822=CARTESIAN_POINT('',(0.0341977222864644,-0.00196479607264075,0.195629549183331));
#10823=CARTESIAN_POINT('',(0.0341977222864644,4.86350779808453E-6,0.196999999999941));
#10824=CARTESIAN_POINT('',(0.0341977222864644,-0.00206618048179425,0.195691078003556));
#10825=CARTESIAN_POINT('',(0.0341977222864644,-0.00206618048179425,0.195691078003556));
#10826=CARTESIAN_POINT('',(0.0341977222864644,4.86350779808453E-6,0.196999999999941));
#10827=CARTESIAN_POINT('',(0.0341977222864644,-0.00204823833639638,0.195758039001777));
#10828=CARTESIAN_POINT('',(0.0341977222864644,-0.00203029619100334,0.195824999999995));
#10829=CARTESIAN_POINT('',(0.0341977222864644,-0.00203029619100334,0.195824999999995));
#10830=CARTESIAN_POINT('',(0.0341977222864644,-0.00204823833639638,0.195758039001777));
#10831=CARTESIAN_POINT('',(0.0341977222864644,-0.00209725718922488,0.195842942145392));
#10832=CARTESIAN_POINT('',(0.0341977222864644,-0.00216421818744493,0.195860884290796));
#10833=CARTESIAN_POINT('',(0.0341977222864644,-0.00216421818744493,0.195860884290796));
#10834=CARTESIAN_POINT('',(0.0341977222864644,-0.00209725718922488,0.195842942145392));
#10835=CARTESIAN_POINT('',(0.0341977222864644,4.86350788336267E-6,0.196999999999996));
#10836=CARTESIAN_POINT('',(0.0341977222864644,-0.00219165469094772,0.195914731460809));
#10837=CARTESIAN_POINT('',(0.0341977222864644,-0.00219165469094772,0.195914731460809));
#10838=CARTESIAN_POINT('',(0.0341977222864644,4.86350788336267E-6,0.196999999999996));
#10839=CARTESIAN_POINT('',(0.0341977222864644,-0.00216681150425669,0.19597945017479));
#10840=CARTESIAN_POINT('',(0.0341977222864644,-0.00214196831756741,0.196044168888775));
#10841=CARTESIAN_POINT('',(0.0341977222864644,-0.00214196831756741,0.196044168888775));
#10842=CARTESIAN_POINT('',(0.0341977222864644,-0.00216681150425669,0.19597945017479));
#10843=CARTESIAN_POINT('',(0.0341977222864644,-0.00220668703154828,0.196069012075466));
#10844=CARTESIAN_POINT('',(0.0341977222864644,-0.00227140574553027,0.196093855262154));
#10845=CARTESIAN_POINT('',(0.0341977222864644,-0.00227140574553027,0.196093855262154));
#10846=CARTESIAN_POINT('',(0.0341977222864644,-0.00220668703154828,0.196069012075466));
#10847=CARTESIAN_POINT('',(0.0341977222864644,4.86350786235864E-6,0.196999999999989));
#10848=CARTESIAN_POINT('',(0.0341977222864644,-0.00229306338706794,0.196150275347287));
#10849=CARTESIAN_POINT('',(0.0341977222864644,-0.00229306338706794,0.196150275347287));
#10850=CARTESIAN_POINT('',(0.0341977222864644,4.86350786235864E-6,0.196999999999989));
#10851=CARTESIAN_POINT('',(0.0341977222864644,-0.00226159134623595,0.196212042705253));
#10852=CARTESIAN_POINT('',(0.0341977222864644,-0.00223011930540546,0.196273810063212));
#10853=CARTESIAN_POINT('',(0.0341977222864644,-0.00223011930540546,0.196273810063212));
#10854=CARTESIAN_POINT('',(0.0341977222864644,-0.00226159134623595,0.196212042705253));
#10855=CARTESIAN_POINT('',(0.0341977222864644,-0.00229188666337202,0.196305282104044));
#10856=CARTESIAN_POINT('',(0.0341977222864644,-0.00235365402133518,0.196336754144883));
#10857=CARTESIAN_POINT('',(0.0341977222864644,-0.00235365402133518,0.196336754144883));
#10858=CARTESIAN_POINT('',(0.0341977222864644,-0.00229188666337202,0.196305282104044));
#10859=CARTESIAN_POINT('',(0.0341977222864644,4.86350788218479E-6,0.196999999999997));
#10860=CARTESIAN_POINT('',(0.0341977222864644,-0.00236929551525102,0.196395128994874));
#10861=CARTESIAN_POINT('',(0.0341977222864644,-0.00236929551525102,0.196395128994874));
#10862=CARTESIAN_POINT('',(0.0341977222864644,4.86350788218479E-6,0.196999999999997));
#10863=CARTESIAN_POINT('',(0.0341977222864644,-0.00233153943454334,0.196453268260728));
#10864=CARTESIAN_POINT('',(0.0341977222864644,-0.00229378335383508,0.196511407526575));
#10865=CARTESIAN_POINT('',(0.0341977222864644,-0.00229378335383508,0.196511407526575));
#10866=CARTESIAN_POINT('',(0.0341977222864644,-0.00233153943454334,0.196453268260728));
#10867=CARTESIAN_POINT('',(0.0341977222864644,-0.00235192261968782,0.196549163607283));
#10868=CARTESIAN_POINT('',(0.0341977222864644,-0.00241006188553834,0.196586919687994));
#10869=CARTESIAN_POINT('',(0.0341977222864644,-0.00241006188553834,0.196586919687994));
#10870=CARTESIAN_POINT('',(0.0341977222864644,-0.00235192261968782,0.196549163607283));
#10871=CARTESIAN_POINT('',(0.0341977222864644,4.86350788433607E-6,0.197));
#10872=CARTESIAN_POINT('',(0.0341977222864644,-0.00241951586034867,0.19664660973577));
#10873=CARTESIAN_POINT('',(0.0341977222864644,-0.00241951586034867,0.19664660973577));
#10874=CARTESIAN_POINT('',(0.0341977222864644,4.86350788433607E-6,0.197));
#10875=CARTESIAN_POINT('',(0.0341977222864644,-0.00237588940328646,0.196700483923545));
#10876=CARTESIAN_POINT('',(0.0341977222864644,-0.00233226294622415,0.196754358111321));
#10877=CARTESIAN_POINT('',(0.0341977222864644,-0.00233226294622415,0.196754358111321));
#10878=CARTESIAN_POINT('',(0.0341977222864644,-0.00237588940328646,0.196700483923545));
#10879=CARTESIAN_POINT('',(0.0341977222864644,-0.00238613713399995,0.196797984568383));
#10880=CARTESIAN_POINT('',(0.0341977222864644,-0.00244001132177545,0.196841611025446));
#10881=CARTESIAN_POINT('',(0.0341977222864644,-0.00244001132177545,0.196841611025446));
#10882=CARTESIAN_POINT('',(0.0341977222864644,-0.00238613713399995,0.196797984568383));
#10883=CARTESIAN_POINT('',(0.0341977222864644,4.86350788075104E-6,0.197));
#10884=CARTESIAN_POINT('',(0.0341977222864644,-0.00244317419775597,0.196901962294353));
#10885=CARTESIAN_POINT('',(0.0341977222864644,-0.00244317419775597,0.196901962294353));
#10886=CARTESIAN_POINT('',(0.0341977222864644,4.86350788075104E-6,0.197));
#10887=CARTESIAN_POINT('',(0.0341977222864644,-0.00239415534493227,0.196950981147177));
#10888=CARTESIAN_POINT('',(0.0341977222864644,-0.00234513649210904,0.197));
#10889=CARTESIAN_POINT('',(0.0341977222864644,-0.00234513649210904,0.197));
#10890=CARTESIAN_POINT('',(0.0341977222864644,-0.00239415534493227,0.196950981147177));
#10891=CARTESIAN_POINT('',(0.0341977222864644,-0.00239415534493274,0.197049018852823));
#10892=CARTESIAN_POINT('',(0.0341977222864644,-0.00244317419775579,0.197098037705648));
#10893=CARTESIAN_POINT('',(0.0341977222864644,-0.00244317419775579,0.197098037705648));
#10894=CARTESIAN_POINT('',(0.0341977222864644,-0.00239415534493274,0.197049018852823));
#10895=CARTESIAN_POINT('',(0.0341977222864644,4.8635079028911E-6,0.197));
#10896=CARTESIAN_POINT('',(0.0341977222864644,-0.00244001132177026,0.197158388974549));
#10897=CARTESIAN_POINT('',(0.0341977222864644,-0.00244001132177026,0.197158388974549));
#10898=CARTESIAN_POINT('',(0.0341977222864644,4.8635079028911E-6,0.197));
#10899=CARTESIAN_POINT('',(0.0341977222864644,-0.00238613713399443,0.197202015431611));
#10900=CARTESIAN_POINT('',(0.0341977222864644,-0.00233226294622895,0.197245641888675));
#10901=CARTESIAN_POINT('',(0.0341977222864644,-0.00233226294622895,0.197245641888675));
#10902=CARTESIAN_POINT('',(0.0341977222864644,-0.00238613713399443,0.197202015431611));
#10903=CARTESIAN_POINT('',(0.0341977222864644,-0.00237588940329112,0.197299516076451));
#10904=CARTESIAN_POINT('',(0.0341977222864644,-0.00241951586034824,0.197353390264231));
#10905=CARTESIAN_POINT('',(0.0341977222864644,-0.00241951586034824,0.197353390264231));
#10906=CARTESIAN_POINT('',(0.0341977222864644,-0.00237588940329112,0.197299516076451));
#10907=CARTESIAN_POINT('',(0.0341977222864644,4.86350793001654E-6,0.196999999999994));
#10908=CARTESIAN_POINT('',(0.0341977222864644,-0.00241006188552983,0.197413080311993));
#10909=CARTESIAN_POINT('',(0.0341977222864644,-0.00241006188552983,0.197413080311993));
#10910=CARTESIAN_POINT('',(0.0341977222864644,4.86350793001654E-6,0.196999999999994));
#10911=CARTESIAN_POINT('',(0.0341977222864644,-0.00235192261967704,0.197450836392701));
#10912=CARTESIAN_POINT('',(0.0341977222864644,-0.00229378335383694,0.197488592473419));
#10913=CARTESIAN_POINT('',(0.0341977222864644,-0.00229378335383694,0.197488592473419));
#10914=CARTESIAN_POINT('',(0.0341977222864644,-0.00235192261967704,0.197450836392701));
#10915=CARTESIAN_POINT('',(0.0341977222864644,-0.00233153943454461,0.197546731739272));
#10916=CARTESIAN_POINT('',(0.0341977222864644,-0.00236929551524825,0.197604871005127));
#10917=CARTESIAN_POINT('',(0.0341977222864644,-0.00236929551524825,0.197604871005127));
#10918=CARTESIAN_POINT('',(0.0341977222864644,-0.00233153943454461,0.197546731739272));
#10919=CARTESIAN_POINT('',(0.0341977222864644,4.86350787337045E-6,0.197000000000005));
#10920=CARTESIAN_POINT('',(0.0341977222864644,-0.00235365402133945,0.197663245855125));
#10921=CARTESIAN_POINT('',(0.0341977222864644,-0.00235365402133945,0.197663245855125));
#10922=CARTESIAN_POINT('',(0.0341977222864644,4.86350787337045E-6,0.197000000000005));
#10923=CARTESIAN_POINT('',(0.0341977222864644,-0.00229188666337288,0.197694717895957));
#10924=CARTESIAN_POINT('',(0.0341977222864644,-0.00223011930539919,0.197726189936782));
#10925=CARTESIAN_POINT('',(0.0341977222864644,-0.00223011930539919,0.197726189936782));
#10926=CARTESIAN_POINT('',(0.0341977222864644,-0.00229188666337288,0.197694717895957));
#10927=CARTESIAN_POINT('',(0.0341977222864644,-0.00226159134623121,0.197787957294749));
#10928=CARTESIAN_POINT('',(0.0341977222864644,-0.002293063387066,0.197849724652714));
#10929=CARTESIAN_POINT('',(0.0341977222864644,-0.002293063387066,0.197849724652714));
#10930=CARTESIAN_POINT('',(0.0341977222864644,-0.00226159134623121,0.197787957294749));
#10931=CARTESIAN_POINT('',(0.0341977222864644,4.86350790722076E-6,0.196999999999994));
#10932=CARTESIAN_POINT('',(0.0341977222864644,-0.00227140574552961,0.197906144737845));
#10933=CARTESIAN_POINT('',(0.0341977222864644,-0.00227140574552961,0.197906144737845));
#10934=CARTESIAN_POINT('',(0.0341977222864644,4.86350790722076E-6,0.196999999999994));
#10935=CARTESIAN_POINT('',(0.0341977222864644,-0.00220668703154872,0.197930987924536));
#10936=CARTESIAN_POINT('',(0.0341977222864644,-0.00214196831756376,0.19795583111123));
#10937=CARTESIAN_POINT('',(0.0341977222864644,-0.00214196831756376,0.19795583111123));
#10938=CARTESIAN_POINT('',(0.0341977222864644,-0.00220668703154872,0.197930987924536));
#10939=CARTESIAN_POINT('',(0.0341977222864644,-0.00216681150425479,0.198020549825211));
#10940=CARTESIAN_POINT('',(0.0341977222864644,-0.00219165469095051,0.19808526853919));
#10941=CARTESIAN_POINT('',(0.0341977222864644,-0.00219165469095051,0.19808526853919));
#10942=CARTESIAN_POINT('',(0.0341977222864644,-0.00216681150425479,0.198020549825211));
#10943=CARTESIAN_POINT('',(0.0341977222864644,4.86350788169733E-6,0.197000000000006));
#10944=CARTESIAN_POINT('',(0.0341977222864644,-0.00216421818744242,0.198139115709195));
#10945=CARTESIAN_POINT('',(0.0341977222864644,-0.00216421818744242,0.198139115709195));
#10946=CARTESIAN_POINT('',(0.0341977222864644,4.86350788169733E-6,0.197000000000006));
#10947=CARTESIAN_POINT('',(0.0341977222864644,-0.00209725718922085,0.198157057854593));
#10948=CARTESIAN_POINT('',(0.0341977222864644,-0.00203029619099316,0.198175000000002));
#10949=CARTESIAN_POINT('',(0.0341977222864644,-0.00203029619099316,0.198175000000002));
#10950=CARTESIAN_POINT('',(0.0341977222864644,-0.00209725718922085,0.198157057854593));
#10951=CARTESIAN_POINT('',(0.0341977222864644,-0.00204823833639106,0.198241960998224));
#10952=CARTESIAN_POINT('',(0.0341977222864644,-0.00206618048179751,0.198308921996443));
#10953=CARTESIAN_POINT('',(0.0341977222864644,-0.00206618048179751,0.198308921996443));
#10954=CARTESIAN_POINT('',(0.0341977222864644,-0.00204823833639106,0.198241960998224));
#10955=CARTESIAN_POINT('',(0.0341977222864644,4.8635078626659E-6,0.197000000000019));
#10956=CARTESIAN_POINT('',(0.0341977222864644,-0.00203326571639647,0.198359606290481));
#10957=CARTESIAN_POINT('',(0.0341977222864644,-0.00203326571639647,0.198359606290481));
#10958=CARTESIAN_POINT('',(0.0341977222864644,4.8635078626659E-6,0.197000000000019));
#10959=CARTESIAN_POINT('',(0.0341977222864644,-0.00196479607264328,0.198370450816685));
#10960=CARTESIAN_POINT('',(0.0341977222864644,-0.00189632642888968,0.198381295342888));
#10961=CARTESIAN_POINT('',(0.0341977222864644,-0.00189632642888968,0.198381295342888));
#10962=CARTESIAN_POINT('',(0.0341977222864644,-0.00196479607264328,0.198370450816685));
#10963=CARTESIAN_POINT('',(0.0341977222864644,-0.00190717095509474,0.19844976498664));
#10964=CARTESIAN_POINT('',(0.0341977222864644,-0.00191801548129966,0.198518234630394));
#10965=CARTESIAN_POINT('',(0.0341977222864644,-0.00191801548129966,0.198518234630394));
#10966=CARTESIAN_POINT('',(0.0341977222864644,-0.00190717095509474,0.19844976498664));
#10967=CARTESIAN_POINT('',(0.0341977222864644,4.86350795399074E-6,0.196999999999947));
#10968=CARTESIAN_POINT('',(0.0341977222864644,-0.00187998307505944,0.19856520074071));
#10969=CARTESIAN_POINT('',(0.0341977222864644,-0.00187998307505944,0.19856520074071));
#10970=CARTESIAN_POINT('',(0.0341977222864644,4.86350795399074E-6,0.196999999999947));
#10971=CARTESIAN_POINT('',(0.0341977222864644,-0.00181075495351975,0.198568828832825));
#10972=CARTESIAN_POINT('',(0.0341977222864644,-0.00174152683198147,0.198572456924943));
#10973=CARTESIAN_POINT('',(0.0341977222864644,-0.00174152683198147,0.198572456924943));
#10974=CARTESIAN_POINT('',(0.0341977222864644,-0.00181075495351975,0.198568828832825));
#10975=CARTESIAN_POINT('',(0.0341977222864644,-0.0017451549240953,0.198641685046483));
#10976=CARTESIAN_POINT('',(0.0341977222864644,-0.00174878301620795,0.198710913168023));
#10977=CARTESIAN_POINT('',(0.0341977222864644,-0.00174878301620795,0.198710913168023));
#10978=CARTESIAN_POINT('',(0.0341977222864644,-0.0017451549240953,0.198641685046483));
#10979=CARTESIAN_POINT('',(0.0341977222864644,4.86350782959004E-6,0.197000000000062));
#10980=CARTESIAN_POINT('',(0.0341977222864644,-0.00170604966013134,0.198753646524096));
#10981=CARTESIAN_POINT('',(0.0341977222864644,-0.00170604966013134,0.198753646524096));
#10982=CARTESIAN_POINT('',(0.0341977222864644,4.86350782959004E-6,0.197000000000062));
#10983=CARTESIAN_POINT('',(0.0341977222864644,-0.00163682153859162,0.198750018431982));
#10984=CARTESIAN_POINT('',(0.0341977222864644,-0.00156759341705325,0.198746390339872));
#10985=CARTESIAN_POINT('',(0.0341977222864644,-0.00156759341705325,0.198746390339872));
#10986=CARTESIAN_POINT('',(0.0341977222864644,-0.00163682153859162,0.198750018431982));
#10987=CARTESIAN_POINT('',(0.0341977222864644,-0.00156396532493942,0.198815618461411));
#10988=CARTESIAN_POINT('',(0.0341977222864644,-0.00156033723282407,0.198884846582951));
#10989=CARTESIAN_POINT('',(0.0341977222864644,-0.00156033723282407,0.198884846582951));
#10990=CARTESIAN_POINT('',(0.0341977222864644,-0.00156396532493942,0.198815618461411));
#10991=CARTESIAN_POINT('',(0.0341977222864644,4.86350801927424E-6,0.19699999999984));
#10992=CARTESIAN_POINT('',(0.0341977222864644,-0.00151337112250341,0.198922878989183));
#10993=CARTESIAN_POINT('',(0.0341977222864644,-0.00151337112250341,0.198922878989183));
#10994=CARTESIAN_POINT('',(0.0341977222864644,4.86350801927424E-6,0.19699999999984));
#10995=CARTESIAN_POINT('',(0.0341977222864644,-0.00144490147875022,0.198912034462978));
#10996=CARTESIAN_POINT('',(0.0341977222864644,-0.00137643183498888,0.19890118993678));
#10997=CARTESIAN_POINT('',(0.0341977222864644,-0.00137643183498888,0.19890118993678));
#10998=CARTESIAN_POINT('',(0.0341977222864644,-0.00144490147875022,0.198912034462978));
#10999=CARTESIAN_POINT('',(0.0341977222864644,-0.00136558730878385,0.198969659580534));
#11000=CARTESIAN_POINT('',(0.0341977222864644,-0.00135474278258556,0.199038129224287));
#11001=CARTESIAN_POINT('',(0.0341977222864644,-0.00135474278258556,0.199038129224287));
#11002=CARTESIAN_POINT('',(0.0341977222864644,-0.00136558730878385,0.198969659580534));
#11003=CARTESIAN_POINT('',(0.0341977222864644,4.86350797484017E-6,0.196999999999869));
#11004=CARTESIAN_POINT('',(0.0341977222864644,-0.00130405848855259,0.199071043989685));
#11005=CARTESIAN_POINT('',(0.0341977222864644,-0.00130405848855259,0.199071043989685));
#11006=CARTESIAN_POINT('',(0.0341977222864644,4.86350797484017E-6,0.196999999999869));
#11007=CARTESIAN_POINT('',(0.0341977222864644,-0.00123709749033107,0.199053101844287));
#11008=CARTESIAN_POINT('',(0.0341977222864644,-0.00117013649210852,0.199035159698894));
#11009=CARTESIAN_POINT('',(0.0341977222864644,-0.00117013649210852,0.199035159698894));
#11010=CARTESIAN_POINT('',(0.0341977222864644,-0.00123709749033107,0.199053101844287));
#11011=CARTESIAN_POINT('',(0.0341977222864644,-0.00115219434671067,0.199102120697115));
#11012=CARTESIAN_POINT('',(0.0341977222864644,-0.00113425220131273,0.199169081695336));
#11013=CARTESIAN_POINT('',(0.0341977222864644,-0.00113425220131273,0.199169081695336));
#11014=CARTESIAN_POINT('',(0.0341977222864644,-0.00115219434671067,0.199102120697115));
#11015=CARTESIAN_POINT('',(0.0341977222864644,4.86350787080099E-6,0.19700000000004));
#11016=CARTESIAN_POINT('',(0.0341977222864644,-0.00108040503129979,0.199196518198838));
#11017=CARTESIAN_POINT('',(0.0341977222864644,-0.00108040503129979,0.199196518198838));
#11018=CARTESIAN_POINT('',(0.0341977222864644,4.86350787080099E-6,0.19700000000004));
#11019=CARTESIAN_POINT('',(0.0341977222864644,-0.00101568631731892,0.199171675012147));
#11020=CARTESIAN_POINT('',(0.0341977222864644,-0.000950967603330824,0.199146831825458));
#11021=CARTESIAN_POINT('',(0.0341977222864644,-0.000950967603330824,0.199146831825458));
#11022=CARTESIAN_POINT('',(0.0341977222864644,-0.00101568631731892,0.199171675012147));
#11023=CARTESIAN_POINT('',(0.0341977222864644,-0.000926124416639858,0.199211550539439));
#11024=CARTESIAN_POINT('',(0.0341977222864644,-0.000901281229954528,0.199276269253422));
#11025=CARTESIAN_POINT('',(0.0341977222864644,-0.000901281229954528,0.199276269253422));
#11026=CARTESIAN_POINT('',(0.0341977222864644,-0.000926124416639858,0.199211550539439));
#11027=CARTESIAN_POINT('',(0.0341977222864644,4.86350795727246E-6,0.196999999999829));
#11028=CARTESIAN_POINT('',(0.0341977222864644,-0.000844861144822155,0.199297926894959));
#11029=CARTESIAN_POINT('',(0.0341977222864644,-0.000844861144822155,0.199297926894959));
#11030=CARTESIAN_POINT('',(0.0341977222864644,4.86350795727246E-6,0.196999999999829));
#11031=CARTESIAN_POINT('',(0.0341977222864644,-0.000783093786855576,0.199266454854127));
#11032=CARTESIAN_POINT('',(0.0341977222864644,-0.000721326428888444,0.199234982813293));
#11033=CARTESIAN_POINT('',(0.0341977222864644,-0.000721326428888444,0.199234982813293));
#11034=CARTESIAN_POINT('',(0.0341977222864644,-0.000783093786855576,0.199266454854127));
#11035=CARTESIAN_POINT('',(0.0341977222864644,-0.000689854388056449,0.19929675017126));
#11036=CARTESIAN_POINT('',(0.0341977222864644,-0.0006583823472255,0.199358517529227));
#11037=CARTESIAN_POINT('',(0.0341977222864644,-0.0006583823472255,0.199358517529227));
#11038=CARTESIAN_POINT('',(0.0341977222864644,-0.000689854388056449,0.19929675017126));
#11039=CARTESIAN_POINT('',(0.0341977222864644,4.86350794699184E-6,0.196999999999791));
#11040=CARTESIAN_POINT('',(0.0341977222864644,-0.000600007497234113,0.199374159023142));
#11041=CARTESIAN_POINT('',(0.0341977222864644,-0.000600007497234113,0.199374159023142));
#11042=CARTESIAN_POINT('',(0.0341977222864644,4.86350794699184E-6,0.196999999999791));
#11043=CARTESIAN_POINT('',(0.0341977222864644,-0.000541868231381372,0.199336402942434));
#11044=CARTESIAN_POINT('',(0.0341977222864644,-0.000483728965529114,0.199298646861724));
#11045=CARTESIAN_POINT('',(0.0341977222864644,-0.000483728965529114,0.199298646861724));
#11046=CARTESIAN_POINT('',(0.0341977222864644,-0.000541868231381372,0.199336402942434));
#11047=CARTESIAN_POINT('',(0.0341977222864644,-0.000445972884821425,0.199356786127576));
#11048=CARTESIAN_POINT('',(0.0341977222864644,-0.000408216804114708,0.19941492539343));
#11049=CARTESIAN_POINT('',(0.0341977222864644,-0.000408216804114708,0.19941492539343));
#11050=CARTESIAN_POINT('',(0.0341977222864644,-0.000445972884821425,0.199356786127576));
#11051=CARTESIAN_POINT('',(0.0341977222864644,4.8635079422426E-6,0.196999999999688));
#11052=CARTESIAN_POINT('',(0.0341977222864644,-0.000348526756339523,0.19942437936824));
#11053=CARTESIAN_POINT('',(0.0341977222864644,-0.000348526756339523,0.19942437936824));
#11054=CARTESIAN_POINT('',(0.0341977222864644,4.8635079422426E-6,0.196999999999688));
#11055=CARTESIAN_POINT('',(0.0341977222864644,-0.000294652568563708,0.199380752911177));
#11056=CARTESIAN_POINT('',(0.0341977222864644,-0.000240778380786637,0.199337126454115));
#11057=CARTESIAN_POINT('',(0.0341977222864644,-0.000240778380786637,0.199337126454115));
#11058=CARTESIAN_POINT('',(0.0341977222864644,-0.000294652568563708,0.199380752911177));
#11059=CARTESIAN_POINT('',(0.0341977222864644,-0.00019715192372445,0.19939100064189));
#11060=CARTESIAN_POINT('',(0.0341977222864644,-0.00015352546666297,0.199444874829667));
#11061=CARTESIAN_POINT('',(0.0341977222864644,-0.00015352546666297,0.199444874829667));
#11062=CARTESIAN_POINT('',(0.0341977222864644,-0.00019715192372445,0.19939100064189));
#11063=CARTESIAN_POINT('',(0.0341977222864644,4.86350789378159E-6,0.196999999999951));
#11064=CARTESIAN_POINT('',(0.0341977222864644,-9.31741977574507E-5,0.199448037705646));
#11065=CARTESIAN_POINT('',(0.0341977222864644,-9.31741977574507E-5,0.199448037705646));
#11066=CARTESIAN_POINT('',(0.0341977222864644,4.86350789378159E-6,0.196999999999951));
#11067=CARTESIAN_POINT('',(0.0341977222864644,-4.41553449337619E-5,0.199399018852822));
#11068=CARTESIAN_POINT('',(0.0341977222864644,4.8635078891998E-6,0.199350000000002));
#11069=CARTESIAN_POINT('',(0.0341977222864644,4.8635078891998E-6,0.199350000000002));
#11070=CARTESIAN_POINT('',(0.0341977222864644,-4.41553449337619E-5,0.199399018852822));
#11071=CARTESIAN_POINT('',(0.0341977222864644,5.38823607129162E-5,0.199399018852826));
#11072=CARTESIAN_POINT('',(0.0341977222864644,0.000102901213539014,0.199448037705648));
#11073=CARTESIAN_POINT('',(0.0341977222864644,0.000102901213539014,0.199448037705648));
#11074=CARTESIAN_POINT('',(0.0341977222864644,5.38823607129162E-5,0.199399018852826));
#11075=CARTESIAN_POINT('',(0.0341977222864644,4.86350788944534E-6,0.196999999999951));
#11076=CARTESIAN_POINT('',(0.0341977222864644,0.00016325248244544,0.199444874829666));
#11077=CARTESIAN_POINT('',(0.0341977222864644,0.00016325248244544,0.199444874829666));
#11078=CARTESIAN_POINT('',(0.0341977222864644,4.86350788944534E-6,0.196999999999951));
#11079=CARTESIAN_POINT('',(0.0341977222864644,0.000206878939507639,0.19939100064189));
#11080=CARTESIAN_POINT('',(0.0341977222864644,0.000250505396568974,0.199337126454117));
#11081=CARTESIAN_POINT('',(0.0341977222864644,0.000250505396568974,0.199337126454117));
#11082=CARTESIAN_POINT('',(0.0341977222864644,0.000206878939507639,0.19939100064189));
#11083=CARTESIAN_POINT('',(0.0341977222864644,0.000304379584344807,0.19938075291118));
#11084=CARTESIAN_POINT('',(0.0341977222864644,0.000358253772122242,0.19942437936824));
#11085=CARTESIAN_POINT('',(0.0341977222864644,0.000358253772122242,0.19942437936824));
#11086=CARTESIAN_POINT('',(0.0341977222864644,0.000304379584344807,0.19938075291118));
#11087=CARTESIAN_POINT('',(0.0341977222864644,4.86350784085747E-6,0.196999999999686));
#11088=CARTESIAN_POINT('',(0.0341977222864644,0.000417943819891914,0.199414925393426));
#11089=CARTESIAN_POINT('',(0.0341977222864644,0.000417943819891914,0.199414925393426));
#11090=CARTESIAN_POINT('',(0.0341977222864644,4.86350784085747E-6,0.196999999999686));
#11091=CARTESIAN_POINT('',(0.0341977222864644,0.000455699900599574,0.199356786127573));
#11092=CARTESIAN_POINT('',(0.0341977222864644,0.00049345598131789,0.199298646861717));
#11093=CARTESIAN_POINT('',(0.0341977222864644,0.00049345598131789,0.199298646861717));
#11094=CARTESIAN_POINT('',(0.0341977222864644,0.000455699900599574,0.199356786127573));
#11095=CARTESIAN_POINT('',(0.0341977222864644,0.000551595247170604,0.199336402942425));
#11096=CARTESIAN_POINT('',(0.0341977222864644,0.000609734513018872,0.19937415902314));
#11097=CARTESIAN_POINT('',(0.0341977222864644,0.000609734513018872,0.19937415902314));
#11098=CARTESIAN_POINT('',(0.0341977222864644,0.000551595247170604,0.199336402942425));
#11099=CARTESIAN_POINT('',(0.0341977222864644,4.86350783616464E-6,0.196999999999791));
#11100=CARTESIAN_POINT('',(0.0341977222864644,0.000668109363007244,0.199358517529226));
#11101=CARTESIAN_POINT('',(0.0341977222864644,0.000668109363007244,0.199358517529226));
#11102=CARTESIAN_POINT('',(0.0341977222864644,4.86350783616464E-6,0.196999999999791));
#11103=CARTESIAN_POINT('',(0.0341977222864644,0.000699581403839241,0.19929675017126));
#11104=CARTESIAN_POINT('',(0.0341977222864644,0.000731053444674847,0.199234982813289));
#11105=CARTESIAN_POINT('',(0.0341977222864644,0.000731053444674847,0.199234982813289));
#11106=CARTESIAN_POINT('',(0.0341977222864644,0.000699581403839241,0.19929675017126));
#11107=CARTESIAN_POINT('',(0.0341977222864644,0.000792820802641421,0.199266454854122));
#11108=CARTESIAN_POINT('',(0.0341977222864644,0.000854588160605921,0.199297926894957));
#11109=CARTESIAN_POINT('',(0.0341977222864644,0.000854588160605921,0.199297926894957));
#11110=CARTESIAN_POINT('',(0.0341977222864644,0.000792820802641421,0.199266454854122));
#11111=CARTESIAN_POINT('',(0.0341977222864644,4.86350782601613E-6,0.196999999999829));
#11112=CARTESIAN_POINT('',(0.0341977222864644,0.000911008245733156,0.19927626925342));
#11113=CARTESIAN_POINT('',(0.0341977222864644,0.000911008245733156,0.19927626925342));
#11114=CARTESIAN_POINT('',(0.0341977222864644,4.86350782601613E-6,0.196999999999829));
#11115=CARTESIAN_POINT('',(0.0341977222864644,0.000935851432424129,0.19921155053944));
#11116=CARTESIAN_POINT('',(0.0341977222864644,0.000960694619120118,0.199146831825459));
#11117=CARTESIAN_POINT('',(0.0341977222864644,0.000960694619120118,0.199146831825459));
#11118=CARTESIAN_POINT('',(0.0341977222864644,0.000935851432424129,0.19921155053944));
#11119=CARTESIAN_POINT('',(0.0341977222864644,0.00102541333310099,0.19917167501215));
#11120=CARTESIAN_POINT('',(0.0341977222864644,0.00109013204708152,0.199196518198842));
#11121=CARTESIAN_POINT('',(0.0341977222864644,0.00109013204708152,0.199196518198842));
#11122=CARTESIAN_POINT('',(0.0341977222864644,0.00102541333310099,0.19917167501215));
#11123=CARTESIAN_POINT('',(0.0341977222864644,4.8635079124504E-6,0.19700000000004));
#11124=CARTESIAN_POINT('',(0.0341977222864644,0.00114397921709062,0.199169081695335));
#11125=CARTESIAN_POINT('',(0.0341977222864644,0.00114397921709062,0.199169081695335));
#11126=CARTESIAN_POINT('',(0.0341977222864644,4.8635079124504E-6,0.19700000000004));
#11127=CARTESIAN_POINT('',(0.0341977222864644,0.00116192136248843,0.199102120697113));
#11128=CARTESIAN_POINT('',(0.0341977222864644,0.00117986350789205,0.199035159698892));
#11129=CARTESIAN_POINT('',(0.0341977222864644,0.00117986350789205,0.199035159698892));
#11130=CARTESIAN_POINT('',(0.0341977222864644,0.00116192136248843,0.199102120697113));
#11131=CARTESIAN_POINT('',(0.0341977222864644,0.00124682450611362,0.199053101844289));
#11132=CARTESIAN_POINT('',(0.0341977222864644,0.00131378550433473,0.199071043989689));
#11133=CARTESIAN_POINT('',(0.0341977222864644,0.00131378550433473,0.199071043989689));
#11134=CARTESIAN_POINT('',(0.0341977222864644,0.00124682450611362,0.199053101844289));
#11135=CARTESIAN_POINT('',(0.0341977222864644,4.86350780838597E-6,0.196999999999869));
#11136=CARTESIAN_POINT('',(0.0341977222864644,0.00136446979836877,0.199038129224287));
#11137=CARTESIAN_POINT('',(0.0341977222864644,0.00136446979836877,0.199038129224287));
#11138=CARTESIAN_POINT('',(0.0341977222864644,4.86350780838597E-6,0.196999999999869));
#11139=CARTESIAN_POINT('',(0.0341977222864644,0.00137531432457385,0.198969659580535));
#11140=CARTESIAN_POINT('',(0.0341977222864644,0.00138615885077902,0.19890118993678));
#11141=CARTESIAN_POINT('',(0.0341977222864644,0.00138615885077902,0.19890118993678));
#11142=CARTESIAN_POINT('',(0.0341977222864644,0.00137531432457385,0.198969659580535));
#11143=CARTESIAN_POINT('',(0.0341977222864644,0.00145462849453222,0.198912034462985));
#11144=CARTESIAN_POINT('',(0.0341977222864644,0.00152309813828537,0.198922878989191));
#11145=CARTESIAN_POINT('',(0.0341977222864644,0.00152309813828537,0.198922878989191));
#11146=CARTESIAN_POINT('',(0.0341977222864644,0.00145462849453222,0.198912034462985));
#11147=CARTESIAN_POINT('',(0.0341977222864644,4.86350782986347E-6,0.196999999999926));
#11148=CARTESIAN_POINT('',(0.0341977222864644,0.00157006424860936,0.198884846582951));
#11149=CARTESIAN_POINT('',(0.0341977222864644,0.00157006424860936,0.198884846582951));
#11150=CARTESIAN_POINT('',(0.0341977222864644,4.86350782986347E-6,0.196999999999926));
#11151=CARTESIAN_POINT('',(0.0341977222864644,0.0015736923407232,0.198815618461411));
#11152=CARTESIAN_POINT('',(0.0341977222864644,0.00157732043283532,0.198746390339864));
#11153=CARTESIAN_POINT('',(0.0341977222864644,0.00157732043283532,0.198746390339864));
#11154=CARTESIAN_POINT('',(0.0341977222864644,0.0015736923407232,0.198815618461411));
#11155=CARTESIAN_POINT('',(0.0341977222864644,0.00164654855437503,0.198750018431979));
#11156=CARTESIAN_POINT('',(0.0341977222864644,0.00171577667591435,0.198753646524099));
#11157=CARTESIAN_POINT('',(0.0341977222864644,0.00171577667591435,0.198753646524099));
#11158=CARTESIAN_POINT('',(0.0341977222864644,0.00164654855437503,0.198750018431979));
#11159=CARTESIAN_POINT('',(0.0341977222864644,4.86350795311536E-6,0.197000000000062));
#11160=CARTESIAN_POINT('',(0.0341977222864644,0.00175851003199124,0.198710913168023));
#11161=CARTESIAN_POINT('',(0.0341977222864644,0.00175851003199124,0.198710913168023));
#11162=CARTESIAN_POINT('',(0.0341977222864644,4.86350795311536E-6,0.197000000000062));
#11163=CARTESIAN_POINT('',(0.0341977222864644,0.00175488193987741,0.198641685046483));
#11164=CARTESIAN_POINT('',(0.0341977222864644,0.0017512538477635,0.198572456924943));
#11165=CARTESIAN_POINT('',(0.0341977222864644,0.0017512538477635,0.198572456924943));
#11166=CARTESIAN_POINT('',(0.0341977222864644,0.00175488193987741,0.198641685046483));
#11167=CARTESIAN_POINT('',(0.0341977222864644,0.00182048196930321,0.198568828832829));
#11168=CARTESIAN_POINT('',(0.0341977222864644,0.00188971009084291,0.198565200740715));
#11169=CARTESIAN_POINT('',(0.0341977222864644,0.00188971009084291,0.198565200740715));
#11170=CARTESIAN_POINT('',(0.0341977222864644,0.00182048196930321,0.198568828832829));
#11171=CARTESIAN_POINT('',(0.0341977222864644,4.86350789204865E-6,0.197));
#11172=CARTESIAN_POINT('',(0.0341977222864644,0.00192774249708271,0.198518234630394));
#11173=CARTESIAN_POINT('',(0.0341977222864644,0.00192774249708271,0.198518234630394));
#11174=CARTESIAN_POINT('',(0.0341977222864644,4.86350789204865E-6,0.197));
#11175=CARTESIAN_POINT('',(0.0341977222864644,0.00191689797087764,0.19844976498664));
#11176=CARTESIAN_POINT('',(0.0341977222864644,0.00190605344467261,0.198381295342887));
#11177=CARTESIAN_POINT('',(0.0341977222864644,0.00190605344467261,0.198381295342887));
#11178=CARTESIAN_POINT('',(0.0341977222864644,0.00191689797087764,0.19844976498664));
#11179=CARTESIAN_POINT('',(0.0341977222864644,0.00197452308842583,0.198370450816681));
#11180=CARTESIAN_POINT('',(0.0341977222864644,0.00204299273217917,0.198359606290477));
#11181=CARTESIAN_POINT('',(0.0341977222864644,0.00204299273217917,0.198359606290477));
#11182=CARTESIAN_POINT('',(0.0341977222864644,0.00197452308842583,0.198370450816681));
#11183=CARTESIAN_POINT('',(0.0341977222864644,4.86350779444291E-6,0.196999999999937));
#11184=CARTESIAN_POINT('',(0.0341977222864644,0.00207590749757625,0.198308921996444));
#11185=CARTESIAN_POINT('',(0.0341977222864644,0.00207590749757625,0.198308921996444));
#11186=CARTESIAN_POINT('',(0.0341977222864644,4.86350779444291E-6,0.196999999999937));
#11187=CARTESIAN_POINT('',(0.0341977222864644,0.00205796535217838,0.198241960998223));
#11188=CARTESIAN_POINT('',(0.0341977222864644,0.00204002320678241,0.19817499999999));
#11189=CARTESIAN_POINT('',(0.0341977222864644,0.00204002320678241,0.19817499999999));
#11190=CARTESIAN_POINT('',(0.0341977222864644,0.00205796535217838,0.198241960998223));
#11191=CARTESIAN_POINT('',(0.0341977222864644,0.00210698420500398,0.198157057854593));
#11192=CARTESIAN_POINT('',(0.0341977222864644,0.00217394520322816,0.198139115709205));
#11193=CARTESIAN_POINT('',(0.0341977222864644,0.00217394520322816,0.198139115709205));
#11194=CARTESIAN_POINT('',(0.0341977222864644,0.00210698420500398,0.198157057854593));
#11195=CARTESIAN_POINT('',(0.0341977222864644,4.86350789647761E-6,0.197000000000003));
#11196=CARTESIAN_POINT('',(0.0341977222864644,0.00220138170672867,0.198085268539192));
#11197=CARTESIAN_POINT('',(0.0341977222864644,0.00220138170672867,0.198085268539192));
#11198=CARTESIAN_POINT('',(0.0341977222864644,4.86350789647761E-6,0.197000000000003));
#11199=CARTESIAN_POINT('',(0.0341977222864644,0.00217653852003764,0.198020549825211));
#11200=CARTESIAN_POINT('',(0.0341977222864644,0.00215169533334972,0.197955831111223));
#11201=CARTESIAN_POINT('',(0.0341977222864644,0.00215169533334972,0.197955831111223));
#11202=CARTESIAN_POINT('',(0.0341977222864644,0.00217653852003764,0.198020549825211));
#11203=CARTESIAN_POINT('',(0.0341977222864644,0.0022164140473306,0.197930987924532));
#11204=CARTESIAN_POINT('',(0.0341977222864644,0.0022811327613135,0.197906144737846));
#11205=CARTESIAN_POINT('',(0.0341977222864644,0.0022811327613135,0.197906144737846));
#11206=CARTESIAN_POINT('',(0.0341977222864644,0.0022164140473306,0.197930987924532));
#11207=CARTESIAN_POINT('',(0.0341977222864644,4.86350787229947E-6,0.196999999999992));
#11208=CARTESIAN_POINT('',(0.0341977222864644,0.00230279040284544,0.197849724652716));
#11209=CARTESIAN_POINT('',(0.0341977222864644,0.00230279040284544,0.197849724652716));
#11210=CARTESIAN_POINT('',(0.0341977222864644,4.86350787229947E-6,0.196999999999992));
#11211=CARTESIAN_POINT('',(0.0341977222864644,0.00227131836201341,0.19778795729475));
#11212=CARTESIAN_POINT('',(0.0341977222864644,0.00223984632118842,0.197726189936787));
#11213=CARTESIAN_POINT('',(0.0341977222864644,0.00223984632118842,0.197726189936787));
#11214=CARTESIAN_POINT('',(0.0341977222864644,0.00227131836201341,0.19778795729475));
#11215=CARTESIAN_POINT('',(0.0341977222864644,0.00230161367915497,0.197694717895955));
#11216=CARTESIAN_POINT('',(0.0341977222864644,0.0023633810371184,0.197663245855117));
#11217=CARTESIAN_POINT('',(0.0341977222864644,0.0023633810371184,0.197663245855117));
#11218=CARTESIAN_POINT('',(0.0341977222864644,0.00230161367915497,0.197694717895955));
#11219=CARTESIAN_POINT('',(0.0341977222864644,4.86350787249007E-6,0.196999999999995));
#11220=CARTESIAN_POINT('',(0.0341977222864644,0.00237902253103392,0.197604871005125));
#11221=CARTESIAN_POINT('',(0.0341977222864644,0.00237902253103392,0.197604871005125));
#11222=CARTESIAN_POINT('',(0.0341977222864644,4.86350787249007E-6,0.196999999999995));
#11223=CARTESIAN_POINT('',(0.0341977222864644,0.00234126645032624,0.197546731739273));
#11224=CARTESIAN_POINT('',(0.0341977222864644,0.00230351036961447,0.197488592473419));
#11225=CARTESIAN_POINT('',(0.0341977222864644,0.00230351036961447,0.197488592473419));
#11226=CARTESIAN_POINT('',(0.0341977222864644,0.00234126645032624,0.197546731739273));
#11227=CARTESIAN_POINT('',(0.0341977222864644,0.00236164963546721,0.197450836392711));
#11228=CARTESIAN_POINT('',(0.0341977222864644,0.00241978890132156,0.197413080312006));
#11229=CARTESIAN_POINT('',(0.0341977222864644,0.00241978890132156,0.197413080312006));
#11230=CARTESIAN_POINT('',(0.0341977222864644,0.00236164963546721,0.197450836392711));
#11231=CARTESIAN_POINT('',(0.0341977222864644,4.86350788134605E-6,0.197));
#11232=CARTESIAN_POINT('',(0.0341977222864644,0.00242924287613452,0.197353390264228));
#11233=CARTESIAN_POINT('',(0.0341977222864644,0.00242924287613452,0.197353390264228));
#11234=CARTESIAN_POINT('',(0.0341977222864644,4.86350788134605E-6,0.197));
#11235=CARTESIAN_POINT('',(0.0341977222864644,0.00238561641907234,0.197299516076453));
#11236=CARTESIAN_POINT('',(0.0341977222864644,0.00234198996199995,0.19724564188867));
#11237=CARTESIAN_POINT('',(0.0341977222864644,0.00234198996199995,0.19724564188867));
#11238=CARTESIAN_POINT('',(0.0341977222864644,0.00238561641907234,0.197299516076453));
#11239=CARTESIAN_POINT('',(0.0341977222864644,0.0023958641497758,0.197202015431608));
#11240=CARTESIAN_POINT('',(0.0341977222864644,0.00244973833755867,0.197158388974555));
#11241=CARTESIAN_POINT('',(0.0341977222864644,0.00244973833755867,0.197158388974555));
#11242=CARTESIAN_POINT('',(0.0341977222864644,0.0023958641497758,0.197202015431608));
#11243=CARTESIAN_POINT('',(0.0341977222864644,4.86350787607249E-6,0.197));
#11244=CARTESIAN_POINT('',(0.0341977222864644,0.00245290121354155,0.197098037705645));
#11245=CARTESIAN_POINT('',(0.0341977222864644,0.00245290121354155,0.197098037705645));
#11246=CARTESIAN_POINT('',(0.0341977222864644,4.86350787607249E-6,0.197));
#11247=CARTESIAN_POINT('',(0.0341977222864644,0.00240388236071787,0.197049018852821));
#11248=CARTESIAN_POINT('',(0.0341977222864644,0.00235486350789152,0.197));
#11249=CARTESIAN_POINT('',(0.0341977222864644,0.00235486350789152,0.197));
#11250=CARTESIAN_POINT('',(0.0341977222864644,0.00240388236071787,0.197049018852821));
#11251=CARTESIAN_POINT('',(0.0341977222864644,0.00240388236071522,0.196950981147176));
#11252=CARTESIAN_POINT('',(0.0341977222864644,0.00245290121353901,0.196901962294353));
#11253=CARTESIAN_POINT('',(0.0341977222864644,0.00245290121353901,0.196901962294353));
#11254=CARTESIAN_POINT('',(0.0341977222864644,0.00240388236071522,0.196950981147176));
#11255=CARTESIAN_POINT('',(0.0341977222864644,4.86350789037659E-6,0.197));
#11256=CARTESIAN_POINT('',(0.0341977222864644,0.00244973833755316,0.196841611025452));
#11257=CARTESIAN_POINT('',(0.0341977222864644,0.00244973833755316,0.196841611025452));
#11258=CARTESIAN_POINT('',(0.0341977222864644,4.86350789037659E-6,0.197));
#11259=CARTESIAN_POINT('',(0.0341977222864644,0.00239586414977732,0.19679798456839));
#11260=CARTESIAN_POINT('',(0.0341977222864644,0.00234198996200859,0.196754358111322));
#11261=CARTESIAN_POINT('',(0.0341977222864644,0.00234198996200859,0.196754358111322));
#11262=CARTESIAN_POINT('',(0.0341977222864644,0.00239586414977732,0.19679798456839));
#11263=CARTESIAN_POINT('',(0.0341977222864644,0.00238561641907077,0.196700483923546));
#11264=CARTESIAN_POINT('',(0.0341977222864644,0.00242924287613146,0.19664660973577));
#11265=CARTESIAN_POINT('',(0.0341977222864644,0.00242924287613146,0.19664660973577));
#11266=CARTESIAN_POINT('',(0.0341977222864644,0.00238561641907077,0.196700483923546));
#11267=CARTESIAN_POINT('',(0.0341977222864644,4.86350790304354E-6,0.197));
#11268=CARTESIAN_POINT('',(0.0341977222864644,0.00241978890132191,0.196586919687993));
#11269=CARTESIAN_POINT('',(0.0341977222864644,0.00241978890132191,0.196586919687993));
#11270=CARTESIAN_POINT('',(0.0341977222864644,4.86350790304354E-6,0.197));
#11271=CARTESIAN_POINT('',(0.0341977222864644,0.00236164963546917,0.196549163607285));
#11272=CARTESIAN_POINT('',(0.0341977222864644,0.00230351036961474,0.196511407526578));
#11273=CARTESIAN_POINT('',(0.0341977222864644,0.00230351036961474,0.196511407526578));
#11274=CARTESIAN_POINT('',(0.0341977222864644,0.00236164963546917,0.196549163607285));
#11275=CARTESIAN_POINT('',(0.0341977222864644,0.00234126645032245,0.196453268260725));
#11276=CARTESIAN_POINT('',(0.0341977222864644,0.00237902253103146,0.196395128994873));
#11277=CARTESIAN_POINT('',(0.0341977222864644,0.00237902253103146,0.196395128994873));
#11278=CARTESIAN_POINT('',(0.0341977222864644,0.00234126645032245,0.196453268260725));
#11279=CARTESIAN_POINT('',(0.0341977222864644,4.8635079049886E-6,0.196999999999996));
#11280=CARTESIAN_POINT('',(0.0341977222864644,0.00236338103711826,0.196336754144883));
#11281=CARTESIAN_POINT('',(0.0341977222864644,0.00236338103711826,0.196336754144883));
#11282=CARTESIAN_POINT('',(0.0341977222864644,4.8635079049886E-6,0.196999999999996));
#11283=CARTESIAN_POINT('',(0.0341977222864644,0.00230161367915169,0.196305282104051));
#11284=CARTESIAN_POINT('',(0.0341977222864644,0.00223984632118512,0.196273810063219));
#11285=CARTESIAN_POINT('',(0.0341977222864644,0.00223984632118512,0.196273810063219));
#11286=CARTESIAN_POINT('',(0.0341977222864644,0.00230161367915169,0.196305282104051));
#11287=CARTESIAN_POINT('',(0.0341977222864644,0.00227131836201102,0.196212042705249));
#11288=CARTESIAN_POINT('',(0.0341977222864644,0.00230279040284307,0.196150275347283));
#11289=CARTESIAN_POINT('',(0.0341977222864644,0.00230279040284307,0.196150275347283));
#11290=CARTESIAN_POINT('',(0.0341977222864644,0.00227131836201102,0.196212042705249));
#11291=CARTESIAN_POINT('',(0.0341977222864644,4.86350791710347E-6,0.19699999999999));
#11292=CARTESIAN_POINT('',(0.0341977222864644,0.00228113276131348,0.196093855262154));
#11293=CARTESIAN_POINT('',(0.0341977222864644,0.00228113276131348,0.196093855262154));
#11294=CARTESIAN_POINT('',(0.0341977222864644,4.86350791710347E-6,0.19699999999999));
#11295=CARTESIAN_POINT('',(0.0341977222864644,0.00221641404733061,0.196069012075468));
#11296=CARTESIAN_POINT('',(0.0341977222864644,0.00221641404733061,0.196069012075468));
#11297=CARTESIAN_POINT('',(0.0341977222864644,-2.08166817117217E-17,0.208799499676736));
#11298=MECHANICAL_DESIGN_GEOMETRIC_PRESENTATION_REPRESENTATION('',(#5607),
#11299);
#11299=(
GEOMETRIC_REPRESENTATION_CONTEXT(3)
GLOBAL_UNCERTAINTY_ASSIGNED_CONTEXT((#11300))
GLOBAL_UNIT_ASSIGNED_CONTEXT((#11303,#11302,#11301))
REPRESENTATION_CONTEXT('TurretyGear','TOP_LEVEL_ASSEMBLY_PART')
);
#11300=UNCERTAINTY_MEASURE_WITH_UNIT(LENGTH_MEASURE(2.E-5),#11303,
'DISTANCE_ACCURACY_VALUE','Maximum Tolerance applied to model');
#11301=(
NAMED_UNIT(*)
SI_UNIT($,.STERADIAN.)
SOLID_ANGLE_UNIT()
);
#11302=(
NAMED_UNIT(*)
PLANE_ANGLE_UNIT()
SI_UNIT($,.RADIAN.)
);
#11303=(
LENGTH_UNIT()
NAMED_UNIT(*)
SI_UNIT($,.METRE.)
);
#11304=PRODUCT_DEFINITION_SHAPE('','',#11305);
#11305=PRODUCT_DEFINITION('','',#11307,#11306);
#11306=PRODUCT_DEFINITION_CONTEXT('',#11313,'design');
#11307=PRODUCT_DEFINITION_FORMATION_WITH_SPECIFIED_SOURCE('','',#11309,
 .NOT_KNOWN.);
#11308=PRODUCT_RELATED_PRODUCT_CATEGORY('','',(#11309));
#11309=PRODUCT('TurretyGear','TurretyGear','TurretyGear',(#11311));
#11310=PRODUCT_CATEGORY('','');
#11311=PRODUCT_CONTEXT('',#11313,'mechanical');
#11312=APPLICATION_PROTOCOL_DEFINITION('international standard',
'ap242_managed_model_based_3d_engineering',2011,#11313);
#11313=APPLICATION_CONTEXT('managed model based 3d engineering');
ENDSEC;
END-ISO-10303-21;
