ISO-10303-21;
HEADER;
/* Generated by software containing ST-Developer
 * from STEP Tools, Inc. (www.steptools.com) 
 */
/* OPTION: using custom renumber hook */

FILE_DESCRIPTION(
/* description */ ('STEP AP242',
'CAx-IF Rec.Pracs.---Representation and Presentation of Product Manufa
cturing Information (PMI)---4.0---2014-10-13',
'CAx-IF Rec.Pracs.---3D Tessellated Geometry---0.4---2014-09-14','2;1',
'CAx-IF Rec.Pracs.---User Defined Attributes---1.5---2016-08-15'),
/* implementation_level */ '2;1');

FILE_NAME(
/* name */ 'Assembly 1 - Base',
/* time_stamp */ '2025-11-19T05:29:11Z',
/* author */ (''),
/* organization */ (''),
/* preprocessor_version */ 'ST-DEVELOPER v20',
/* originating_system */ 'ONSHAPE BY PTC INC, 1.206',
/* authorisation */ '  ');

FILE_SCHEMA (('AP242_MANAGED_MODEL_BASED_3D_ENGINEERING_MIM_LF { 1 0 10303 442 1 1 4 }'));
ENDSEC;

DATA;
#10=SHAPE_REPRESENTATION_RELATIONSHIP('','',#4658,#11);
#11=ADVANCED_BREP_SHAPE_REPRESENTATION('',(#4656),#7486);
#12=CIRCLE('',#4666,0.02);
#13=CIRCLE('',#4667,0.02);
#14=CIRCLE('',#4671,0.02);
#15=CIRCLE('',#4672,0.02);
#16=CIRCLE('',#4673,0.02);
#17=CIRCLE('',#4702,0.02);
#18=CIRCLE('',#4703,0.02);
#19=CIRCLE('',#4704,0.02);
#20=CYLINDRICAL_SURFACE('',#4665,0.02);
#21=CYLINDRICAL_SURFACE('',#4736,0.02);
#22=CYLINDRICAL_SURFACE('',#4792,0.02);
#23=CYLINDRICAL_SURFACE('',#4848,0.02);
#24=LINE('',#6056,#652);
#25=LINE('',#6059,#653);
#26=LINE('',#6061,#654);
#27=LINE('',#6063,#655);
#28=LINE('',#6065,#656);
#29=LINE('',#6068,#657);
#30=LINE('',#6070,#658);
#31=LINE('',#6072,#659);
#32=LINE('',#6074,#660);
#33=LINE('',#6076,#661);
#34=LINE('',#6078,#662);
#35=LINE('',#6081,#663);
#36=LINE('',#6083,#664);
#37=LINE('',#6085,#665);
#38=LINE('',#6087,#666);
#39=LINE('',#6090,#667);
#40=LINE('',#6092,#668);
#41=LINE('',#6094,#669);
#42=LINE('',#6096,#670);
#43=LINE('',#6098,#671);
#44=LINE('',#6101,#672);
#45=LINE('',#6103,#673);
#46=LINE('',#6105,#674);
#47=LINE('',#6107,#675);
#48=LINE('',#6110,#676);
#49=LINE('',#6114,#677);
#50=LINE('',#6117,#678);
#51=LINE('',#6120,#679);
#52=LINE('',#6121,#680);
#53=LINE('',#6123,#681);
#54=LINE('',#6126,#682);
#55=LINE('',#6127,#683);
#56=LINE('',#6129,#684);
#57=LINE('',#6131,#685);
#58=LINE('',#6133,#686);
#59=LINE('',#6135,#687);
#60=LINE('',#6137,#688);
#61=LINE('',#6139,#689);
#62=LINE('',#6141,#690);
#63=LINE('',#6143,#691);
#64=LINE('',#6147,#692);
#65=LINE('',#6149,#693);
#66=LINE('',#6151,#694);
#67=LINE('',#6153,#695);
#68=LINE('',#6155,#696);
#69=LINE('',#6157,#697);
#70=LINE('',#6159,#698);
#71=LINE('',#6163,#699);
#72=LINE('',#6165,#700);
#73=LINE('',#6167,#701);
#74=LINE('',#6169,#702);
#75=LINE('',#6171,#703);
#76=LINE('',#6173,#704);
#77=LINE('',#6175,#705);
#78=LINE('',#6179,#706);
#79=LINE('',#6181,#707);
#80=LINE('',#6183,#708);
#81=LINE('',#6185,#709);
#82=LINE('',#6187,#710);
#83=LINE('',#6189,#711);
#84=LINE('',#6191,#712);
#85=LINE('',#6193,#713);
#86=LINE('',#6194,#714);
#87=LINE('',#6196,#715);
#88=LINE('',#6199,#716);
#89=LINE('',#6205,#717);
#90=LINE('',#6212,#718);
#91=LINE('',#6214,#719);
#92=LINE('',#6216,#720);
#93=LINE('',#6219,#721);
#94=LINE('',#6221,#722);
#95=LINE('',#6223,#723);
#96=LINE('',#6225,#724);
#97=LINE('',#6227,#725);
#98=LINE('',#6229,#726);
#99=LINE('',#6231,#727);
#100=LINE('',#6233,#728);
#101=LINE('',#6235,#729);
#102=LINE('',#6237,#730);
#103=LINE('',#6239,#731);
#104=LINE('',#6241,#732);
#105=LINE('',#6243,#733);
#106=LINE('',#6245,#734);
#107=LINE('',#6247,#735);
#108=LINE('',#6249,#736);
#109=LINE('',#6252,#737);
#110=LINE('',#6254,#738);
#111=LINE('',#6256,#739);
#112=LINE('',#6258,#740);
#113=LINE('',#6260,#741);
#114=LINE('',#6262,#742);
#115=LINE('',#6264,#743);
#116=LINE('',#6267,#744);
#117=LINE('',#6269,#745);
#118=LINE('',#6271,#746);
#119=LINE('',#6273,#747);
#120=LINE('',#6276,#748);
#121=LINE('',#6278,#749);
#122=LINE('',#6280,#750);
#123=LINE('',#6282,#751);
#124=LINE('',#6284,#752);
#125=LINE('',#6286,#753);
#126=LINE('',#6288,#754);
#127=LINE('',#6290,#755);
#128=LINE('',#6292,#756);
#129=LINE('',#6294,#757);
#130=LINE('',#6296,#758);
#131=LINE('',#6298,#759);
#132=LINE('',#6300,#760);
#133=LINE('',#6301,#761);
#134=LINE('',#6303,#762);
#135=LINE('',#6305,#763);
#136=LINE('',#6307,#764);
#137=LINE('',#6309,#765);
#138=LINE('',#6312,#766);
#139=LINE('',#6314,#767);
#140=LINE('',#6316,#768);
#141=LINE('',#6318,#769);
#142=LINE('',#6320,#770);
#143=LINE('',#6322,#771);
#144=LINE('',#6324,#772);
#145=LINE('',#6326,#773);
#146=LINE('',#6329,#774);
#147=LINE('',#6331,#775);
#148=LINE('',#6333,#776);
#149=LINE('',#6335,#777);
#150=LINE('',#6338,#778);
#151=LINE('',#6340,#779);
#152=LINE('',#6342,#780);
#153=LINE('',#6344,#781);
#154=LINE('',#6346,#782);
#155=LINE('',#6348,#783);
#156=LINE('',#6350,#784);
#157=LINE('',#6352,#785);
#158=LINE('',#6354,#786);
#159=LINE('',#6356,#787);
#160=LINE('',#6359,#788);
#161=LINE('',#6361,#789);
#162=LINE('',#6363,#790);
#163=LINE('',#6365,#791);
#164=LINE('',#6367,#792);
#165=LINE('',#6369,#793);
#166=LINE('',#6371,#794);
#167=LINE('',#6373,#795);
#168=LINE('',#6375,#796);
#169=LINE('',#6377,#797);
#170=LINE('',#6379,#798);
#171=LINE('',#6381,#799);
#172=LINE('',#6383,#800);
#173=LINE('',#6386,#801);
#174=LINE('',#6388,#802);
#175=LINE('',#6390,#803);
#176=LINE('',#6392,#804);
#177=LINE('',#6394,#805);
#178=LINE('',#6396,#806);
#179=LINE('',#6398,#807);
#180=LINE('',#6400,#808);
#181=LINE('',#6402,#809);
#182=LINE('',#6404,#810);
#183=LINE('',#6406,#811);
#184=LINE('',#6408,#812);
#185=LINE('',#6410,#813);
#186=LINE('',#6412,#814);
#187=LINE('',#6414,#815);
#188=LINE('',#6416,#816);
#189=LINE('',#6418,#817);
#190=LINE('',#6420,#818);
#191=LINE('',#6422,#819);
#192=LINE('',#6424,#820);
#193=LINE('',#6428,#821);
#194=LINE('',#6430,#822);
#195=LINE('',#6432,#823);
#196=LINE('',#6434,#824);
#197=LINE('',#6436,#825);
#198=LINE('',#6438,#826);
#199=LINE('',#6440,#827);
#200=LINE('',#6442,#828);
#201=LINE('',#6444,#829);
#202=LINE('',#6446,#830);
#203=LINE('',#6448,#831);
#204=LINE('',#6450,#832);
#205=LINE('',#6452,#833);
#206=LINE('',#6454,#834);
#207=LINE('',#6456,#835);
#208=LINE('',#6458,#836);
#209=LINE('',#6460,#837);
#210=LINE('',#6462,#838);
#211=LINE('',#6464,#839);
#212=LINE('',#6465,#840);
#213=LINE('',#6466,#841);
#214=LINE('',#6467,#842);
#215=LINE('',#6468,#843);
#216=LINE('',#6469,#844);
#217=LINE('',#6470,#845);
#218=LINE('',#6471,#846);
#219=LINE('',#6472,#847);
#220=LINE('',#6473,#848);
#221=LINE('',#6474,#849);
#222=LINE('',#6475,#850);
#223=LINE('',#6476,#851);
#224=LINE('',#6477,#852);
#225=LINE('',#6479,#853);
#226=LINE('',#6481,#854);
#227=LINE('',#6483,#855);
#228=LINE('',#6485,#856);
#229=LINE('',#6487,#857);
#230=LINE('',#6489,#858);
#231=LINE('',#6491,#859);
#232=LINE('',#6493,#860);
#233=LINE('',#6495,#861);
#234=LINE('',#6497,#862);
#235=LINE('',#6499,#863);
#236=LINE('',#6501,#864);
#237=LINE('',#6503,#865);
#238=LINE('',#6505,#866);
#239=LINE('',#6507,#867);
#240=LINE('',#6509,#868);
#241=LINE('',#6511,#869);
#242=LINE('',#6513,#870);
#243=LINE('',#6517,#871);
#244=LINE('',#6519,#872);
#245=LINE('',#6521,#873);
#246=LINE('',#6523,#874);
#247=LINE('',#6525,#875);
#248=LINE('',#6527,#876);
#249=LINE('',#6529,#877);
#250=LINE('',#6531,#878);
#251=LINE('',#6533,#879);
#252=LINE('',#6535,#880);
#253=LINE('',#6537,#881);
#254=LINE('',#6539,#882);
#255=LINE('',#6541,#883);
#256=LINE('',#6543,#884);
#257=LINE('',#6545,#885);
#258=LINE('',#6547,#886);
#259=LINE('',#6549,#887);
#260=LINE('',#6551,#888);
#261=LINE('',#6553,#889);
#262=LINE('',#6555,#890);
#263=LINE('',#6557,#891);
#264=LINE('',#6559,#892);
#265=LINE('',#6561,#893);
#266=LINE('',#6563,#894);
#267=LINE('',#6565,#895);
#268=LINE('',#6567,#896);
#269=LINE('',#6569,#897);
#270=LINE('',#6571,#898);
#271=LINE('',#6573,#899);
#272=LINE('',#6575,#900);
#273=LINE('',#6577,#901);
#274=LINE('',#6579,#902);
#275=LINE('',#6581,#903);
#276=LINE('',#6583,#904);
#277=LINE('',#6585,#905);
#278=LINE('',#6587,#906);
#279=LINE('',#6589,#907);
#280=LINE('',#6591,#908);
#281=LINE('',#6593,#909);
#282=LINE('',#6597,#910);
#283=LINE('',#6599,#911);
#284=LINE('',#6601,#912);
#285=LINE('',#6603,#913);
#286=LINE('',#6605,#914);
#287=LINE('',#6607,#915);
#288=LINE('',#6609,#916);
#289=LINE('',#6611,#917);
#290=LINE('',#6613,#918);
#291=LINE('',#6615,#919);
#292=LINE('',#6617,#920);
#293=LINE('',#6619,#921);
#294=LINE('',#6621,#922);
#295=LINE('',#6623,#923);
#296=LINE('',#6625,#924);
#297=LINE('',#6627,#925);
#298=LINE('',#6629,#926);
#299=LINE('',#6631,#927);
#300=LINE('',#6632,#928);
#301=LINE('',#6634,#929);
#302=LINE('',#6636,#930);
#303=LINE('',#6638,#931);
#304=LINE('',#6639,#932);
#305=LINE('',#6641,#933);
#306=LINE('',#6643,#934);
#307=LINE('',#6645,#935);
#308=LINE('',#6647,#936);
#309=LINE('',#6649,#937);
#310=LINE('',#6651,#938);
#311=LINE('',#6653,#939);
#312=LINE('',#6655,#940);
#313=LINE('',#6657,#941);
#314=LINE('',#6659,#942);
#315=LINE('',#6661,#943);
#316=LINE('',#6663,#944);
#317=LINE('',#6665,#945);
#318=LINE('',#6667,#946);
#319=LINE('',#6669,#947);
#320=LINE('',#6671,#948);
#321=LINE('',#6673,#949);
#322=LINE('',#6674,#950);
#323=LINE('',#6675,#951);
#324=LINE('',#6676,#952);
#325=LINE('',#6677,#953);
#326=LINE('',#6679,#954);
#327=LINE('',#6681,#955);
#328=LINE('',#6683,#956);
#329=LINE('',#6685,#957);
#330=LINE('',#6687,#958);
#331=LINE('',#6689,#959);
#332=LINE('',#6691,#960);
#333=LINE('',#6693,#961);
#334=LINE('',#6695,#962);
#335=LINE('',#6697,#963);
#336=LINE('',#6699,#964);
#337=LINE('',#6701,#965);
#338=LINE('',#6703,#966);
#339=LINE('',#6705,#967);
#340=LINE('',#6707,#968);
#341=LINE('',#6709,#969);
#342=LINE('',#6711,#970);
#343=LINE('',#6713,#971);
#344=LINE('',#6715,#972);
#345=LINE('',#6717,#973);
#346=LINE('',#6719,#974);
#347=LINE('',#6721,#975);
#348=LINE('',#6723,#976);
#349=LINE('',#6725,#977);
#350=LINE('',#6726,#978);
#351=LINE('',#6727,#979);
#352=LINE('',#6728,#980);
#353=LINE('',#6729,#981);
#354=LINE('',#6730,#982);
#355=LINE('',#6732,#983);
#356=LINE('',#6734,#984);
#357=LINE('',#6736,#985);
#358=LINE('',#6738,#986);
#359=LINE('',#6751,#987);
#360=LINE('',#6753,#988);
#361=LINE('',#6755,#989);
#362=LINE('',#6757,#990);
#363=LINE('',#6759,#991);
#364=LINE('',#6760,#992);
#365=LINE('',#6764,#993);
#366=LINE('',#6766,#994);
#367=LINE('',#6818,#995);
#368=LINE('',#6819,#996);
#369=LINE('',#6821,#997);
#370=LINE('',#6824,#998);
#371=LINE('',#6825,#999);
#372=LINE('',#6826,#1000);
#373=LINE('',#6828,#1001);
#374=LINE('',#6831,#1002);
#375=LINE('',#6832,#1003);
#376=LINE('',#6834,#1004);
#377=LINE('',#6837,#1005);
#378=LINE('',#6839,#1006);
#379=LINE('',#6841,#1007);
#380=LINE('',#6843,#1008);
#381=LINE('',#6845,#1009);
#382=LINE('',#6848,#1010);
#383=LINE('',#6849,#1011);
#384=LINE('',#6851,#1012);
#385=LINE('',#6853,#1013);
#386=LINE('',#6854,#1014);
#387=LINE('',#6856,#1015);
#388=LINE('',#6858,#1016);
#389=LINE('',#6860,#1017);
#390=LINE('',#6862,#1018);
#391=LINE('',#6864,#1019);
#392=LINE('',#6865,#1020);
#393=LINE('',#6867,#1021);
#394=LINE('',#6869,#1022);
#395=LINE('',#6870,#1023);
#396=LINE('',#6877,#1024);
#397=LINE('',#6879,#1025);
#398=LINE('',#6881,#1026);
#399=LINE('',#6883,#1027);
#400=LINE('',#6885,#1028);
#401=LINE('',#6887,#1029);
#402=LINE('',#6888,#1030);
#403=LINE('',#6890,#1031);
#404=LINE('',#6892,#1032);
#405=LINE('',#6893,#1033);
#406=LINE('',#6895,#1034);
#407=LINE('',#6896,#1035);
#408=LINE('',#6898,#1036);
#409=LINE('',#6900,#1037);
#410=LINE('',#6902,#1038);
#411=LINE('',#6904,#1039);
#412=LINE('',#6905,#1040);
#413=LINE('',#6907,#1041);
#414=LINE('',#6909,#1042);
#415=LINE('',#6911,#1043);
#416=LINE('',#6913,#1044);
#417=LINE('',#6915,#1045);
#418=LINE('',#6917,#1046);
#419=LINE('',#6919,#1047);
#420=LINE('',#6921,#1048);
#421=LINE('',#6923,#1049);
#422=LINE('',#6925,#1050);
#423=LINE('',#6927,#1051);
#424=LINE('',#6929,#1052);
#425=LINE('',#6931,#1053);
#426=LINE('',#6933,#1054);
#427=LINE('',#6935,#1055);
#428=LINE('',#6937,#1056);
#429=LINE('',#6939,#1057);
#430=LINE('',#6941,#1058);
#431=LINE('',#6943,#1059);
#432=LINE('',#6945,#1060);
#433=LINE('',#6947,#1061);
#434=LINE('',#6949,#1062);
#435=LINE('',#6951,#1063);
#436=LINE('',#6953,#1064);
#437=LINE('',#6955,#1065);
#438=LINE('',#6957,#1066);
#439=LINE('',#6959,#1067);
#440=LINE('',#6961,#1068);
#441=LINE('',#6963,#1069);
#442=LINE('',#6964,#1070);
#443=LINE('',#6966,#1071);
#444=LINE('',#6968,#1072);
#445=LINE('',#6969,#1073);
#446=LINE('',#6970,#1074);
#447=LINE('',#6971,#1075);
#448=LINE('',#6972,#1076);
#449=LINE('',#6974,#1077);
#450=LINE('',#6976,#1078);
#451=LINE('',#6978,#1079);
#452=LINE('',#6980,#1080);
#453=LINE('',#6982,#1081);
#454=LINE('',#6984,#1082);
#455=LINE('',#6986,#1083);
#456=LINE('',#6988,#1084);
#457=LINE('',#6990,#1085);
#458=LINE('',#6992,#1086);
#459=LINE('',#6994,#1087);
#460=LINE('',#6996,#1088);
#461=LINE('',#6998,#1089);
#462=LINE('',#7000,#1090);
#463=LINE('',#7002,#1091);
#464=LINE('',#7004,#1092);
#465=LINE('',#7007,#1093);
#466=LINE('',#7008,#1094);
#467=LINE('',#7010,#1095);
#468=LINE('',#7012,#1096);
#469=LINE('',#7025,#1097);
#470=LINE('',#7027,#1098);
#471=LINE('',#7029,#1099);
#472=LINE('',#7031,#1100);
#473=LINE('',#7035,#1101);
#474=LINE('',#7087,#1102);
#475=LINE('',#7089,#1103);
#476=LINE('',#7091,#1104);
#477=LINE('',#7093,#1105);
#478=LINE('',#7096,#1106);
#479=LINE('',#7098,#1107);
#480=LINE('',#7100,#1108);
#481=LINE('',#7101,#1109);
#482=LINE('',#7103,#1110);
#483=LINE('',#7104,#1111);
#484=LINE('',#7106,#1112);
#485=LINE('',#7109,#1113);
#486=LINE('',#7111,#1114);
#487=LINE('',#7113,#1115);
#488=LINE('',#7115,#1116);
#489=LINE('',#7117,#1117);
#490=LINE('',#7120,#1118);
#491=LINE('',#7121,#1119);
#492=LINE('',#7123,#1120);
#493=LINE('',#7125,#1121);
#494=LINE('',#7126,#1122);
#495=LINE('',#7128,#1123);
#496=LINE('',#7130,#1124);
#497=LINE('',#7132,#1125);
#498=LINE('',#7134,#1126);
#499=LINE('',#7136,#1127);
#500=LINE('',#7137,#1128);
#501=LINE('',#7139,#1129);
#502=LINE('',#7141,#1130);
#503=LINE('',#7142,#1131);
#504=LINE('',#7149,#1132);
#505=LINE('',#7151,#1133);
#506=LINE('',#7153,#1134);
#507=LINE('',#7155,#1135);
#508=LINE('',#7157,#1136);
#509=LINE('',#7159,#1137);
#510=LINE('',#7161,#1138);
#511=LINE('',#7163,#1139);
#512=LINE('',#7165,#1140);
#513=LINE('',#7167,#1141);
#514=LINE('',#7169,#1142);
#515=LINE('',#7171,#1143);
#516=LINE('',#7173,#1144);
#517=LINE('',#7175,#1145);
#518=LINE('',#7177,#1146);
#519=LINE('',#7179,#1147);
#520=LINE('',#7181,#1148);
#521=LINE('',#7184,#1149);
#522=LINE('',#7185,#1150);
#523=LINE('',#7187,#1151);
#524=LINE('',#7189,#1152);
#525=LINE('',#7191,#1153);
#526=LINE('',#7193,#1154);
#527=LINE('',#7195,#1155);
#528=LINE('',#7197,#1156);
#529=LINE('',#7199,#1157);
#530=LINE('',#7201,#1158);
#531=LINE('',#7203,#1159);
#532=LINE('',#7204,#1160);
#533=LINE('',#7206,#1161);
#534=LINE('',#7208,#1162);
#535=LINE('',#7210,#1163);
#536=LINE('',#7211,#1164);
#537=LINE('',#7213,#1165);
#538=LINE('',#7215,#1166);
#539=LINE('',#7217,#1167);
#540=LINE('',#7218,#1168);
#541=LINE('',#7220,#1169);
#542=LINE('',#7221,#1170);
#543=LINE('',#7223,#1171);
#544=LINE('',#7225,#1172);
#545=LINE('',#7227,#1173);
#546=LINE('',#7228,#1174);
#547=LINE('',#7230,#1175);
#548=LINE('',#7233,#1176);
#549=LINE('',#7235,#1177);
#550=LINE('',#7236,#1178);
#551=LINE('',#7238,#1179);
#552=LINE('',#7240,#1180);
#553=LINE('',#7242,#1181);
#554=LINE('',#7243,#1182);
#555=LINE('',#7244,#1183);
#556=LINE('',#7245,#1184);
#557=LINE('',#7246,#1185);
#558=LINE('',#7247,#1186);
#559=LINE('',#7249,#1187);
#560=LINE('',#7251,#1188);
#561=LINE('',#7253,#1189);
#562=LINE('',#7255,#1190);
#563=LINE('',#7257,#1191);
#564=LINE('',#7259,#1192);
#565=LINE('',#7261,#1193);
#566=LINE('',#7263,#1194);
#567=LINE('',#7265,#1195);
#568=LINE('',#7267,#1196);
#569=LINE('',#7269,#1197);
#570=LINE('',#7271,#1198);
#571=LINE('',#7273,#1199);
#572=LINE('',#7275,#1200);
#573=LINE('',#7277,#1201);
#574=LINE('',#7279,#1202);
#575=LINE('',#7281,#1203);
#576=LINE('',#7283,#1204);
#577=LINE('',#7285,#1205);
#578=LINE('',#7287,#1206);
#579=LINE('',#7289,#1207);
#580=LINE('',#7291,#1208);
#581=LINE('',#7304,#1209);
#582=LINE('',#7306,#1210);
#583=LINE('',#7309,#1211);
#584=LINE('',#7310,#1212);
#585=LINE('',#7314,#1213);
#586=LINE('',#7352,#1214);
#587=LINE('',#7353,#1215);
#588=LINE('',#7355,#1216);
#589=LINE('',#7358,#1217);
#590=LINE('',#7359,#1218);
#591=LINE('',#7360,#1219);
#592=LINE('',#7362,#1220);
#593=LINE('',#7363,#1221);
#594=LINE('',#7365,#1222);
#595=LINE('',#7368,#1223);
#596=LINE('',#7370,#1224);
#597=LINE('',#7372,#1225);
#598=LINE('',#7374,#1226);
#599=LINE('',#7376,#1227);
#600=LINE('',#7379,#1228);
#601=LINE('',#7380,#1229);
#602=LINE('',#7382,#1230);
#603=LINE('',#7384,#1231);
#604=LINE('',#7385,#1232);
#605=LINE('',#7387,#1233);
#606=LINE('',#7389,#1234);
#607=LINE('',#7391,#1235);
#608=LINE('',#7392,#1236);
#609=LINE('',#7394,#1237);
#610=LINE('',#7396,#1238);
#611=LINE('',#7398,#1239);
#612=LINE('',#7400,#1240);
#613=LINE('',#7401,#1241);
#614=LINE('',#7403,#1242);
#615=LINE('',#7405,#1243);
#616=LINE('',#7407,#1244);
#617=LINE('',#7409,#1245);
#618=LINE('',#7411,#1246);
#619=LINE('',#7412,#1247);
#620=LINE('',#7414,#1248);
#621=LINE('',#7416,#1249);
#622=LINE('',#7417,#1250);
#623=LINE('',#7419,#1251);
#624=LINE('',#7420,#1252);
#625=LINE('',#7422,#1253);
#626=LINE('',#7424,#1254);
#627=LINE('',#7426,#1255);
#628=LINE('',#7428,#1256);
#629=LINE('',#7429,#1257);
#630=LINE('',#7431,#1258);
#631=LINE('',#7433,#1259);
#632=LINE('',#7435,#1260);
#633=LINE('',#7437,#1261);
#634=LINE('',#7438,#1262);
#635=LINE('',#7440,#1263);
#636=LINE('',#7442,#1264);
#637=LINE('',#7443,#1265);
#638=LINE('',#7445,#1266);
#639=LINE('',#7446,#1267);
#640=LINE('',#7448,#1268);
#641=LINE('',#7450,#1269);
#642=LINE('',#7452,#1270);
#643=LINE('',#7453,#1271);
#644=LINE('',#7455,#1272);
#645=LINE('',#7458,#1273);
#646=LINE('',#7460,#1274);
#647=LINE('',#7461,#1275);
#648=LINE('',#7463,#1276);
#649=LINE('',#7465,#1277);
#650=LINE('',#7478,#1278);
#651=LINE('',#7480,#1279);
#652=VECTOR('',#4898,1.);
#653=VECTOR('',#4899,1.);
#654=VECTOR('',#4900,1.);
#655=VECTOR('',#4901,1.);
#656=VECTOR('',#4904,1.);
#657=VECTOR('',#4905,1.);
#658=VECTOR('',#4906,1.);
#659=VECTOR('',#4907,1.);
#660=VECTOR('',#4908,1.);
#661=VECTOR('',#4909,1.);
#662=VECTOR('',#4912,1.);
#663=VECTOR('',#4913,1.);
#664=VECTOR('',#4914,1.);
#665=VECTOR('',#4915,1.);
#666=VECTOR('',#4918,1.);
#667=VECTOR('',#4919,1.);
#668=VECTOR('',#4920,1.);
#669=VECTOR('',#4921,1.);
#670=VECTOR('',#4922,1.);
#671=VECTOR('',#4925,1.);
#672=VECTOR('',#4926,1.);
#673=VECTOR('',#4927,1.);
#674=VECTOR('',#4928,1.);
#675=VECTOR('',#4931,1.);
#676=VECTOR('',#4932,1.);
#677=VECTOR('',#4935,1.);
#678=VECTOR('',#4940,1.);
#679=VECTOR('',#4941,1.);
#680=VECTOR('',#4942,1.);
#681=VECTOR('',#4945,1.);
#682=VECTOR('',#4946,1.);
#683=VECTOR('',#4947,1.);
#684=VECTOR('',#4948,1.);
#685=VECTOR('',#4949,1.);
#686=VECTOR('',#4952,1.);
#687=VECTOR('',#4953,1.);
#688=VECTOR('',#4954,1.);
#689=VECTOR('',#4955,1.);
#690=VECTOR('',#4956,1.);
#691=VECTOR('',#4957,1.);
#692=VECTOR('',#4960,1.);
#693=VECTOR('',#4961,1.);
#694=VECTOR('',#4962,1.);
#695=VECTOR('',#4963,1.);
#696=VECTOR('',#4964,1.);
#697=VECTOR('',#4965,1.);
#698=VECTOR('',#4966,1.);
#699=VECTOR('',#4969,1.);
#700=VECTOR('',#4970,1.);
#701=VECTOR('',#4971,1.);
#702=VECTOR('',#4972,1.);
#703=VECTOR('',#4973,1.);
#704=VECTOR('',#4974,1.);
#705=VECTOR('',#4975,1.);
#706=VECTOR('',#4978,1.);
#707=VECTOR('',#4979,1.);
#708=VECTOR('',#4980,1.);
#709=VECTOR('',#4981,1.);
#710=VECTOR('',#4982,1.);
#711=VECTOR('',#4983,1.);
#712=VECTOR('',#4986,1.);
#713=VECTOR('',#4987,1.);
#714=VECTOR('',#4988,1.);
#715=VECTOR('',#4991,1.);
#716=VECTOR('',#4992,1.);
#717=VECTOR('',#4993,1.);
#718=VECTOR('',#4996,1.);
#719=VECTOR('',#4997,1.);
#720=VECTOR('',#5000,1.);
#721=VECTOR('',#5001,1.);
#722=VECTOR('',#5002,1.);
#723=VECTOR('',#5003,1.);
#724=VECTOR('',#5006,1.);
#725=VECTOR('',#5007,1.);
#726=VECTOR('',#5008,1.);
#727=VECTOR('',#5011,1.);
#728=VECTOR('',#5012,1.);
#729=VECTOR('',#5013,1.);
#730=VECTOR('',#5016,1.);
#731=VECTOR('',#5017,1.);
#732=VECTOR('',#5018,1.);
#733=VECTOR('',#5021,1.);
#734=VECTOR('',#5022,1.);
#735=VECTOR('',#5023,1.);
#736=VECTOR('',#5026,1.);
#737=VECTOR('',#5027,1.);
#738=VECTOR('',#5028,1.);
#739=VECTOR('',#5029,1.);
#740=VECTOR('',#5032,1.);
#741=VECTOR('',#5033,1.);
#742=VECTOR('',#5034,1.);
#743=VECTOR('',#5037,1.);
#744=VECTOR('',#5038,1.);
#745=VECTOR('',#5039,1.);
#746=VECTOR('',#5040,1.);
#747=VECTOR('',#5043,1.);
#748=VECTOR('',#5044,1.);
#749=VECTOR('',#5045,1.);
#750=VECTOR('',#5046,1.);
#751=VECTOR('',#5049,1.);
#752=VECTOR('',#5050,1.);
#753=VECTOR('',#5051,1.);
#754=VECTOR('',#5054,1.);
#755=VECTOR('',#5055,1.);
#756=VECTOR('',#5056,1.);
#757=VECTOR('',#5059,1.);
#758=VECTOR('',#5060,1.);
#759=VECTOR('',#5063,1.);
#760=VECTOR('',#5064,1.);
#761=VECTOR('',#5065,1.);
#762=VECTOR('',#5068,1.);
#763=VECTOR('',#5069,1.);
#764=VECTOR('',#5070,1.);
#765=VECTOR('',#5073,1.);
#766=VECTOR('',#5074,1.);
#767=VECTOR('',#5075,1.);
#768=VECTOR('',#5076,1.);
#769=VECTOR('',#5077,1.);
#770=VECTOR('',#5080,1.);
#771=VECTOR('',#5081,1.);
#772=VECTOR('',#5082,1.);
#773=VECTOR('',#5085,1.);
#774=VECTOR('',#5086,1.);
#775=VECTOR('',#5087,1.);
#776=VECTOR('',#5088,1.);
#777=VECTOR('',#5091,1.);
#778=VECTOR('',#5092,1.);
#779=VECTOR('',#5093,1.);
#780=VECTOR('',#5094,1.);
#781=VECTOR('',#5097,1.);
#782=VECTOR('',#5098,1.);
#783=VECTOR('',#5099,1.);
#784=VECTOR('',#5102,1.);
#785=VECTOR('',#5103,1.);
#786=VECTOR('',#5104,1.);
#787=VECTOR('',#5107,1.);
#788=VECTOR('',#5108,1.);
#789=VECTOR('',#5109,1.);
#790=VECTOR('',#5110,1.);
#791=VECTOR('',#5113,1.);
#792=VECTOR('',#5114,1.);
#793=VECTOR('',#5115,1.);
#794=VECTOR('',#5118,1.);
#795=VECTOR('',#5119,1.);
#796=VECTOR('',#5120,1.);
#797=VECTOR('',#5123,1.);
#798=VECTOR('',#5124,1.);
#799=VECTOR('',#5125,1.);
#800=VECTOR('',#5128,1.);
#801=VECTOR('',#5129,1.);
#802=VECTOR('',#5130,1.);
#803=VECTOR('',#5131,1.);
#804=VECTOR('',#5132,1.);
#805=VECTOR('',#5133,1.);
#806=VECTOR('',#5134,1.);
#807=VECTOR('',#5135,1.);
#808=VECTOR('',#5136,1.);
#809=VECTOR('',#5137,1.);
#810=VECTOR('',#5138,1.);
#811=VECTOR('',#5139,1.);
#812=VECTOR('',#5140,1.);
#813=VECTOR('',#5141,1.);
#814=VECTOR('',#5142,1.);
#815=VECTOR('',#5143,1.);
#816=VECTOR('',#5144,1.);
#817=VECTOR('',#5145,1.);
#818=VECTOR('',#5146,1.);
#819=VECTOR('',#5147,1.);
#820=VECTOR('',#5148,1.);
#821=VECTOR('',#5151,1.);
#822=VECTOR('',#5152,1.);
#823=VECTOR('',#5153,1.);
#824=VECTOR('',#5154,1.);
#825=VECTOR('',#5155,1.);
#826=VECTOR('',#5156,1.);
#827=VECTOR('',#5157,1.);
#828=VECTOR('',#5158,1.);
#829=VECTOR('',#5159,1.);
#830=VECTOR('',#5160,1.);
#831=VECTOR('',#5161,1.);
#832=VECTOR('',#5162,1.);
#833=VECTOR('',#5163,1.);
#834=VECTOR('',#5164,1.);
#835=VECTOR('',#5165,1.);
#836=VECTOR('',#5166,1.);
#837=VECTOR('',#5167,1.);
#838=VECTOR('',#5168,1.);
#839=VECTOR('',#5169,1.);
#840=VECTOR('',#5170,1.);
#841=VECTOR('',#5171,1.);
#842=VECTOR('',#5172,1.);
#843=VECTOR('',#5173,1.);
#844=VECTOR('',#5174,1.);
#845=VECTOR('',#5175,1.);
#846=VECTOR('',#5176,1.);
#847=VECTOR('',#5177,1.);
#848=VECTOR('',#5178,1.);
#849=VECTOR('',#5179,1.);
#850=VECTOR('',#5180,1.);
#851=VECTOR('',#5181,1.);
#852=VECTOR('',#5182,1.);
#853=VECTOR('',#5183,1.);
#854=VECTOR('',#5184,1.);
#855=VECTOR('',#5185,1.);
#856=VECTOR('',#5186,1.);
#857=VECTOR('',#5187,1.);
#858=VECTOR('',#5188,1.);
#859=VECTOR('',#5189,1.);
#860=VECTOR('',#5190,1.);
#861=VECTOR('',#5191,1.);
#862=VECTOR('',#5192,1.);
#863=VECTOR('',#5193,1.);
#864=VECTOR('',#5194,1.);
#865=VECTOR('',#5195,1.);
#866=VECTOR('',#5196,1.);
#867=VECTOR('',#5197,1.);
#868=VECTOR('',#5198,1.);
#869=VECTOR('',#5199,1.);
#870=VECTOR('',#5200,1.);
#871=VECTOR('',#5203,1.);
#872=VECTOR('',#5204,1.);
#873=VECTOR('',#5205,1.);
#874=VECTOR('',#5206,1.);
#875=VECTOR('',#5207,1.);
#876=VECTOR('',#5208,1.);
#877=VECTOR('',#5209,1.);
#878=VECTOR('',#5210,1.);
#879=VECTOR('',#5211,1.);
#880=VECTOR('',#5212,1.);
#881=VECTOR('',#5213,1.);
#882=VECTOR('',#5214,1.);
#883=VECTOR('',#5215,1.);
#884=VECTOR('',#5216,1.);
#885=VECTOR('',#5217,1.);
#886=VECTOR('',#5218,1.);
#887=VECTOR('',#5219,1.);
#888=VECTOR('',#5220,1.);
#889=VECTOR('',#5221,1.);
#890=VECTOR('',#5222,1.);
#891=VECTOR('',#5223,1.);
#892=VECTOR('',#5224,1.);
#893=VECTOR('',#5225,1.);
#894=VECTOR('',#5226,1.);
#895=VECTOR('',#5227,1.);
#896=VECTOR('',#5228,1.);
#897=VECTOR('',#5229,1.);
#898=VECTOR('',#5230,1.);
#899=VECTOR('',#5231,1.);
#900=VECTOR('',#5232,1.);
#901=VECTOR('',#5233,1.);
#902=VECTOR('',#5234,1.);
#903=VECTOR('',#5235,1.);
#904=VECTOR('',#5236,1.);
#905=VECTOR('',#5237,1.);
#906=VECTOR('',#5238,1.);
#907=VECTOR('',#5239,1.);
#908=VECTOR('',#5240,1.);
#909=VECTOR('',#5241,1.);
#910=VECTOR('',#5244,1.);
#911=VECTOR('',#5245,1.);
#912=VECTOR('',#5246,1.);
#913=VECTOR('',#5247,1.);
#914=VECTOR('',#5248,1.);
#915=VECTOR('',#5249,1.);
#916=VECTOR('',#5250,1.);
#917=VECTOR('',#5251,1.);
#918=VECTOR('',#5252,1.);
#919=VECTOR('',#5253,1.);
#920=VECTOR('',#5254,1.);
#921=VECTOR('',#5255,1.);
#922=VECTOR('',#5256,1.);
#923=VECTOR('',#5257,1.);
#924=VECTOR('',#5258,1.);
#925=VECTOR('',#5259,1.);
#926=VECTOR('',#5260,1.);
#927=VECTOR('',#5261,1.);
#928=VECTOR('',#5262,1.);
#929=VECTOR('',#5263,1.);
#930=VECTOR('',#5266,1.);
#931=VECTOR('',#5267,1.);
#932=VECTOR('',#5268,1.);
#933=VECTOR('',#5271,1.);
#934=VECTOR('',#5272,1.);
#935=VECTOR('',#5273,1.);
#936=VECTOR('',#5274,1.);
#937=VECTOR('',#5275,1.);
#938=VECTOR('',#5276,1.);
#939=VECTOR('',#5277,1.);
#940=VECTOR('',#5278,1.);
#941=VECTOR('',#5279,1.);
#942=VECTOR('',#5280,1.);
#943=VECTOR('',#5281,1.);
#944=VECTOR('',#5282,1.);
#945=VECTOR('',#5283,1.);
#946=VECTOR('',#5284,1.);
#947=VECTOR('',#5285,1.);
#948=VECTOR('',#5286,1.);
#949=VECTOR('',#5287,1.);
#950=VECTOR('',#5288,1.);
#951=VECTOR('',#5289,1.);
#952=VECTOR('',#5290,1.);
#953=VECTOR('',#5291,1.);
#954=VECTOR('',#5294,1.);
#955=VECTOR('',#5295,1.);
#956=VECTOR('',#5296,1.);
#957=VECTOR('',#5299,1.);
#958=VECTOR('',#5300,1.);
#959=VECTOR('',#5303,1.);
#960=VECTOR('',#5304,1.);
#961=VECTOR('',#5305,1.);
#962=VECTOR('',#5306,1.);
#963=VECTOR('',#5307,1.);
#964=VECTOR('',#5308,1.);
#965=VECTOR('',#5309,1.);
#966=VECTOR('',#5310,1.);
#967=VECTOR('',#5311,1.);
#968=VECTOR('',#5312,1.);
#969=VECTOR('',#5313,1.);
#970=VECTOR('',#5314,1.);
#971=VECTOR('',#5315,1.);
#972=VECTOR('',#5316,1.);
#973=VECTOR('',#5317,1.);
#974=VECTOR('',#5318,1.);
#975=VECTOR('',#5319,1.);
#976=VECTOR('',#5320,1.);
#977=VECTOR('',#5321,1.);
#978=VECTOR('',#5322,1.);
#979=VECTOR('',#5323,1.);
#980=VECTOR('',#5324,1.);
#981=VECTOR('',#5325,1.);
#982=VECTOR('',#5326,1.);
#983=VECTOR('',#5329,1.);
#984=VECTOR('',#5330,1.);
#985=VECTOR('',#5331,1.);
#986=VECTOR('',#5334,1.);
#987=VECTOR('',#5359,1.);
#988=VECTOR('',#5362,1.);
#989=VECTOR('',#5365,1.);
#990=VECTOR('',#5368,1.);
#991=VECTOR('',#5371,1.);
#992=VECTOR('',#5372,1.);
#993=VECTOR('',#5379,1.);
#994=VECTOR('',#5380,1.);
#995=VECTOR('',#5383,1.);
#996=VECTOR('',#5384,1.);
#997=VECTOR('',#5387,1.);
#998=VECTOR('',#5388,1.);
#999=VECTOR('',#5389,1.);
#1000=VECTOR('',#5390,1.);
#1001=VECTOR('',#5393,1.);
#1002=VECTOR('',#5394,1.);
#1003=VECTOR('',#5395,1.);
#1004=VECTOR('',#5398,1.);
#1005=VECTOR('',#5399,1.);
#1006=VECTOR('',#5400,1.);
#1007=VECTOR('',#5401,1.);
#1008=VECTOR('',#5402,1.);
#1009=VECTOR('',#5405,1.);
#1010=VECTOR('',#5406,1.);
#1011=VECTOR('',#5407,1.);
#1012=VECTOR('',#5410,1.);
#1013=VECTOR('',#5411,1.);
#1014=VECTOR('',#5412,1.);
#1015=VECTOR('',#5415,1.);
#1016=VECTOR('',#5416,1.);
#1017=VECTOR('',#5419,1.);
#1018=VECTOR('',#5420,1.);
#1019=VECTOR('',#5421,1.);
#1020=VECTOR('',#5422,1.);
#1021=VECTOR('',#5425,1.);
#1022=VECTOR('',#5426,1.);
#1023=VECTOR('',#5427,1.);
#1024=VECTOR('',#5430,1.);
#1025=VECTOR('',#5433,1.);
#1026=VECTOR('',#5436,1.);
#1027=VECTOR('',#5439,1.);
#1028=VECTOR('',#5442,1.);
#1029=VECTOR('',#5445,1.);
#1030=VECTOR('',#5446,1.);
#1031=VECTOR('',#5449,1.);
#1032=VECTOR('',#5452,1.);
#1033=VECTOR('',#5453,1.);
#1034=VECTOR('',#5456,1.);
#1035=VECTOR('',#5457,1.);
#1036=VECTOR('',#5460,1.);
#1037=VECTOR('',#5463,1.);
#1038=VECTOR('',#5466,1.);
#1039=VECTOR('',#5469,1.);
#1040=VECTOR('',#5470,1.);
#1041=VECTOR('',#5473,1.);
#1042=VECTOR('',#5474,1.);
#1043=VECTOR('',#5477,1.);
#1044=VECTOR('',#5478,1.);
#1045=VECTOR('',#5479,1.);
#1046=VECTOR('',#5480,1.);
#1047=VECTOR('',#5483,1.);
#1048=VECTOR('',#5484,1.);
#1049=VECTOR('',#5487,1.);
#1050=VECTOR('',#5488,1.);
#1051=VECTOR('',#5489,1.);
#1052=VECTOR('',#5492,1.);
#1053=VECTOR('',#5493,1.);
#1054=VECTOR('',#5494,1.);
#1055=VECTOR('',#5497,1.);
#1056=VECTOR('',#5498,1.);
#1057=VECTOR('',#5501,1.);
#1058=VECTOR('',#5502,1.);
#1059=VECTOR('',#5505,1.);
#1060=VECTOR('',#5506,1.);
#1061=VECTOR('',#5507,1.);
#1062=VECTOR('',#5510,1.);
#1063=VECTOR('',#5511,1.);
#1064=VECTOR('',#5514,1.);
#1065=VECTOR('',#5515,1.);
#1066=VECTOR('',#5518,1.);
#1067=VECTOR('',#5519,1.);
#1068=VECTOR('',#5522,1.);
#1069=VECTOR('',#5523,1.);
#1070=VECTOR('',#5524,1.);
#1071=VECTOR('',#5527,1.);
#1072=VECTOR('',#5528,1.);
#1073=VECTOR('',#5529,1.);
#1074=VECTOR('',#5530,1.);
#1075=VECTOR('',#5531,1.);
#1076=VECTOR('',#5532,1.);
#1077=VECTOR('',#5533,1.);
#1078=VECTOR('',#5534,1.);
#1079=VECTOR('',#5535,1.);
#1080=VECTOR('',#5536,1.);
#1081=VECTOR('',#5537,1.);
#1082=VECTOR('',#5538,1.);
#1083=VECTOR('',#5539,1.);
#1084=VECTOR('',#5540,1.);
#1085=VECTOR('',#5541,1.);
#1086=VECTOR('',#5542,1.);
#1087=VECTOR('',#5543,1.);
#1088=VECTOR('',#5544,1.);
#1089=VECTOR('',#5545,1.);
#1090=VECTOR('',#5546,1.);
#1091=VECTOR('',#5547,1.);
#1092=VECTOR('',#5550,1.);
#1093=VECTOR('',#5551,1.);
#1094=VECTOR('',#5552,1.);
#1095=VECTOR('',#5555,1.);
#1096=VECTOR('',#5558,1.);
#1097=VECTOR('',#5583,1.);
#1098=VECTOR('',#5586,1.);
#1099=VECTOR('',#5589,1.);
#1100=VECTOR('',#5592,1.);
#1101=VECTOR('',#5599,1.);
#1102=VECTOR('',#5602,1.);
#1103=VECTOR('',#5603,1.);
#1104=VECTOR('',#5604,1.);
#1105=VECTOR('',#5607,1.);
#1106=VECTOR('',#5608,1.);
#1107=VECTOR('',#5609,1.);
#1108=VECTOR('',#5610,1.);
#1109=VECTOR('',#5611,1.);
#1110=VECTOR('',#5614,1.);
#1111=VECTOR('',#5615,1.);
#1112=VECTOR('',#5618,1.);
#1113=VECTOR('',#5619,1.);
#1114=VECTOR('',#5620,1.);
#1115=VECTOR('',#5621,1.);
#1116=VECTOR('',#5622,1.);
#1117=VECTOR('',#5625,1.);
#1118=VECTOR('',#5626,1.);
#1119=VECTOR('',#5627,1.);
#1120=VECTOR('',#5630,1.);
#1121=VECTOR('',#5631,1.);
#1122=VECTOR('',#5632,1.);
#1123=VECTOR('',#5635,1.);
#1124=VECTOR('',#5636,1.);
#1125=VECTOR('',#5639,1.);
#1126=VECTOR('',#5640,1.);
#1127=VECTOR('',#5641,1.);
#1128=VECTOR('',#5642,1.);
#1129=VECTOR('',#5645,1.);
#1130=VECTOR('',#5646,1.);
#1131=VECTOR('',#5647,1.);
#1132=VECTOR('',#5652,1.);
#1133=VECTOR('',#5653,1.);
#1134=VECTOR('',#5654,1.);
#1135=VECTOR('',#5657,1.);
#1136=VECTOR('',#5658,1.);
#1137=VECTOR('',#5661,1.);
#1138=VECTOR('',#5662,1.);
#1139=VECTOR('',#5665,1.);
#1140=VECTOR('',#5666,1.);
#1141=VECTOR('',#5669,1.);
#1142=VECTOR('',#5670,1.);
#1143=VECTOR('',#5673,1.);
#1144=VECTOR('',#5674,1.);
#1145=VECTOR('',#5675,1.);
#1146=VECTOR('',#5678,1.);
#1147=VECTOR('',#5679,1.);
#1148=VECTOR('',#5682,1.);
#1149=VECTOR('',#5683,1.);
#1150=VECTOR('',#5684,1.);
#1151=VECTOR('',#5687,1.);
#1152=VECTOR('',#5688,1.);
#1153=VECTOR('',#5689,1.);
#1154=VECTOR('',#5692,1.);
#1155=VECTOR('',#5693,1.);
#1156=VECTOR('',#5696,1.);
#1157=VECTOR('',#5697,1.);
#1158=VECTOR('',#5700,1.);
#1159=VECTOR('',#5703,1.);
#1160=VECTOR('',#5704,1.);
#1161=VECTOR('',#5707,1.);
#1162=VECTOR('',#5708,1.);
#1163=VECTOR('',#5711,1.);
#1164=VECTOR('',#5712,1.);
#1165=VECTOR('',#5713,1.);
#1166=VECTOR('',#5716,1.);
#1167=VECTOR('',#5719,1.);
#1168=VECTOR('',#5720,1.);
#1169=VECTOR('',#5723,1.);
#1170=VECTOR('',#5724,1.);
#1171=VECTOR('',#5727,1.);
#1172=VECTOR('',#5730,1.);
#1173=VECTOR('',#5733,1.);
#1174=VECTOR('',#5734,1.);
#1175=VECTOR('',#5737,1.);
#1176=VECTOR('',#5742,1.);
#1177=VECTOR('',#5743,1.);
#1178=VECTOR('',#5744,1.);
#1179=VECTOR('',#5747,1.);
#1180=VECTOR('',#5748,1.);
#1181=VECTOR('',#5751,1.);
#1182=VECTOR('',#5752,1.);
#1183=VECTOR('',#5753,1.);
#1184=VECTOR('',#5754,1.);
#1185=VECTOR('',#5755,1.);
#1186=VECTOR('',#5756,1.);
#1187=VECTOR('',#5757,1.);
#1188=VECTOR('',#5758,1.);
#1189=VECTOR('',#5759,1.);
#1190=VECTOR('',#5760,1.);
#1191=VECTOR('',#5761,1.);
#1192=VECTOR('',#5762,1.);
#1193=VECTOR('',#5763,1.);
#1194=VECTOR('',#5764,1.);
#1195=VECTOR('',#5765,1.);
#1196=VECTOR('',#5766,1.);
#1197=VECTOR('',#5767,1.);
#1198=VECTOR('',#5768,1.);
#1199=VECTOR('',#5769,1.);
#1200=VECTOR('',#5770,1.);
#1201=VECTOR('',#5771,1.);
#1202=VECTOR('',#5772,1.);
#1203=VECTOR('',#5773,1.);
#1204=VECTOR('',#5774,1.);
#1205=VECTOR('',#5777,1.);
#1206=VECTOR('',#5778,1.);
#1207=VECTOR('',#5779,1.);
#1208=VECTOR('',#5782,1.);
#1209=VECTOR('',#5807,1.);
#1210=VECTOR('',#5810,1.);
#1211=VECTOR('',#5815,1.);
#1212=VECTOR('',#5816,1.);
#1213=VECTOR('',#5823,1.);
#1214=VECTOR('',#5826,1.);
#1215=VECTOR('',#5827,1.);
#1216=VECTOR('',#5830,1.);
#1217=VECTOR('',#5831,1.);
#1218=VECTOR('',#5832,1.);
#1219=VECTOR('',#5833,1.);
#1220=VECTOR('',#5836,1.);
#1221=VECTOR('',#5837,1.);
#1222=VECTOR('',#5840,1.);
#1223=VECTOR('',#5841,1.);
#1224=VECTOR('',#5842,1.);
#1225=VECTOR('',#5843,1.);
#1226=VECTOR('',#5844,1.);
#1227=VECTOR('',#5847,1.);
#1228=VECTOR('',#5848,1.);
#1229=VECTOR('',#5849,1.);
#1230=VECTOR('',#5852,1.);
#1231=VECTOR('',#5853,1.);
#1232=VECTOR('',#5854,1.);
#1233=VECTOR('',#5857,1.);
#1234=VECTOR('',#5858,1.);
#1235=VECTOR('',#5861,1.);
#1236=VECTOR('',#5862,1.);
#1237=VECTOR('',#5863,1.);
#1238=VECTOR('',#5864,1.);
#1239=VECTOR('',#5867,1.);
#1240=VECTOR('',#5868,1.);
#1241=VECTOR('',#5869,1.);
#1242=VECTOR('',#5872,1.);
#1243=VECTOR('',#5875,1.);
#1244=VECTOR('',#5878,1.);
#1245=VECTOR('',#5881,1.);
#1246=VECTOR('',#5884,1.);
#1247=VECTOR('',#5885,1.);
#1248=VECTOR('',#5888,1.);
#1249=VECTOR('',#5891,1.);
#1250=VECTOR('',#5892,1.);
#1251=VECTOR('',#5895,1.);
#1252=VECTOR('',#5896,1.);
#1253=VECTOR('',#5899,1.);
#1254=VECTOR('',#5902,1.);
#1255=VECTOR('',#5905,1.);
#1256=VECTOR('',#5908,1.);
#1257=VECTOR('',#5909,1.);
#1258=VECTOR('',#5912,1.);
#1259=VECTOR('',#5913,1.);
#1260=VECTOR('',#5916,1.);
#1261=VECTOR('',#5917,1.);
#1262=VECTOR('',#5918,1.);
#1263=VECTOR('',#5921,1.);
#1264=VECTOR('',#5924,1.);
#1265=VECTOR('',#5925,1.);
#1266=VECTOR('',#5928,1.);
#1267=VECTOR('',#5929,1.);
#1268=VECTOR('',#5932,1.);
#1269=VECTOR('',#5935,1.);
#1270=VECTOR('',#5938,1.);
#1271=VECTOR('',#5939,1.);
#1272=VECTOR('',#5942,1.);
#1273=VECTOR('',#5947,1.);
#1274=VECTOR('',#5948,1.);
#1275=VECTOR('',#5949,1.);
#1276=VECTOR('',#5952,1.);
#1277=VECTOR('',#5955,1.);
#1278=VECTOR('',#5980,1.);
#1279=VECTOR('',#5983,1.);
#1280=PLANE('',#4660);
#1281=PLANE('',#4661);
#1282=PLANE('',#4662);
#1283=PLANE('',#4663);
#1284=PLANE('',#4664);
#1285=PLANE('',#4668);
#1286=PLANE('',#4669);
#1287=PLANE('',#4670);
#1288=PLANE('',#4674);
#1289=PLANE('',#4675);
#1290=PLANE('',#4676);
#1291=PLANE('',#4677);
#1292=PLANE('',#4678);
#1293=PLANE('',#4679);
#1294=PLANE('',#4680);
#1295=PLANE('',#4681);
#1296=PLANE('',#4682);
#1297=PLANE('',#4683);
#1298=PLANE('',#4684);
#1299=PLANE('',#4685);
#1300=PLANE('',#4686);
#1301=PLANE('',#4687);
#1302=PLANE('',#4688);
#1303=PLANE('',#4689);
#1304=PLANE('',#4690);
#1305=PLANE('',#4691);
#1306=PLANE('',#4692);
#1307=PLANE('',#4693);
#1308=PLANE('',#4694);
#1309=PLANE('',#4695);
#1310=PLANE('',#4696);
#1311=PLANE('',#4697);
#1312=PLANE('',#4698);
#1313=PLANE('',#4699);
#1314=PLANE('',#4700);
#1315=PLANE('',#4701);
#1316=PLANE('',#4705);
#1317=PLANE('',#4706);
#1318=PLANE('',#4707);
#1319=PLANE('',#4708);
#1320=PLANE('',#4709);
#1321=PLANE('',#4710);
#1322=PLANE('',#4711);
#1323=PLANE('',#4712);
#1324=PLANE('',#4713);
#1325=PLANE('',#4714);
#1326=PLANE('',#4715);
#1327=PLANE('',#4716);
#1328=PLANE('',#4717);
#1329=PLANE('',#4718);
#1330=PLANE('',#4719);
#1331=PLANE('',#4720);
#1332=PLANE('',#4721);
#1333=PLANE('',#4722);
#1334=PLANE('',#4723);
#1335=PLANE('',#4724);
#1336=PLANE('',#4725);
#1337=PLANE('',#4726);
#1338=PLANE('',#4727);
#1339=PLANE('',#4728);
#1340=PLANE('',#4729);
#1341=PLANE('',#4730);
#1342=PLANE('',#4731);
#1343=PLANE('',#4732);
#1344=PLANE('',#4733);
#1345=PLANE('',#4734);
#1346=PLANE('',#4735);
#1347=PLANE('',#4737);
#1348=PLANE('',#4738);
#1349=PLANE('',#4739);
#1350=PLANE('',#4740);
#1351=PLANE('',#4741);
#1352=PLANE('',#4742);
#1353=PLANE('',#4743);
#1354=PLANE('',#4744);
#1355=PLANE('',#4745);
#1356=PLANE('',#4746);
#1357=PLANE('',#4747);
#1358=PLANE('',#4748);
#1359=PLANE('',#4749);
#1360=PLANE('',#4750);
#1361=PLANE('',#4751);
#1362=PLANE('',#4752);
#1363=PLANE('',#4753);
#1364=PLANE('',#4754);
#1365=PLANE('',#4755);
#1366=PLANE('',#4756);
#1367=PLANE('',#4757);
#1368=PLANE('',#4758);
#1369=PLANE('',#4759);
#1370=PLANE('',#4760);
#1371=PLANE('',#4761);
#1372=PLANE('',#4762);
#1373=PLANE('',#4763);
#1374=PLANE('',#4764);
#1375=PLANE('',#4765);
#1376=PLANE('',#4766);
#1377=PLANE('',#4767);
#1378=PLANE('',#4768);
#1379=PLANE('',#4769);
#1380=PLANE('',#4770);
#1381=PLANE('',#4771);
#1382=PLANE('',#4772);
#1383=PLANE('',#4773);
#1384=PLANE('',#4774);
#1385=PLANE('',#4775);
#1386=PLANE('',#4776);
#1387=PLANE('',#4777);
#1388=PLANE('',#4778);
#1389=PLANE('',#4779);
#1390=PLANE('',#4780);
#1391=PLANE('',#4781);
#1392=PLANE('',#4782);
#1393=PLANE('',#4783);
#1394=PLANE('',#4784);
#1395=PLANE('',#4785);
#1396=PLANE('',#4786);
#1397=PLANE('',#4787);
#1398=PLANE('',#4788);
#1399=PLANE('',#4789);
#1400=PLANE('',#4790);
#1401=PLANE('',#4791);
#1402=PLANE('',#4793);
#1403=PLANE('',#4794);
#1404=PLANE('',#4795);
#1405=PLANE('',#4796);
#1406=PLANE('',#4797);
#1407=PLANE('',#4798);
#1408=PLANE('',#4799);
#1409=PLANE('',#4800);
#1410=PLANE('',#4801);
#1411=PLANE('',#4802);
#1412=PLANE('',#4803);
#1413=PLANE('',#4804);
#1414=PLANE('',#4805);
#1415=PLANE('',#4806);
#1416=PLANE('',#4807);
#1417=PLANE('',#4808);
#1418=PLANE('',#4809);
#1419=PLANE('',#4810);
#1420=PLANE('',#4811);
#1421=PLANE('',#4812);
#1422=PLANE('',#4813);
#1423=PLANE('',#4814);
#1424=PLANE('',#4815);
#1425=PLANE('',#4816);
#1426=PLANE('',#4817);
#1427=PLANE('',#4818);
#1428=PLANE('',#4819);
#1429=PLANE('',#4820);
#1430=PLANE('',#4821);
#1431=PLANE('',#4822);
#1432=PLANE('',#4823);
#1433=PLANE('',#4824);
#1434=PLANE('',#4825);
#1435=PLANE('',#4826);
#1436=PLANE('',#4827);
#1437=PLANE('',#4828);
#1438=PLANE('',#4829);
#1439=PLANE('',#4830);
#1440=PLANE('',#4831);
#1441=PLANE('',#4832);
#1442=PLANE('',#4833);
#1443=PLANE('',#4834);
#1444=PLANE('',#4835);
#1445=PLANE('',#4836);
#1446=PLANE('',#4837);
#1447=PLANE('',#4838);
#1448=PLANE('',#4839);
#1449=PLANE('',#4840);
#1450=PLANE('',#4841);
#1451=PLANE('',#4842);
#1452=PLANE('',#4843);
#1453=PLANE('',#4844);
#1454=PLANE('',#4845);
#1455=PLANE('',#4846);
#1456=PLANE('',#4847);
#1457=PLANE('',#4849);
#1458=PLANE('',#4850);
#1459=PLANE('',#4851);
#1460=PLANE('',#4852);
#1461=PLANE('',#4853);
#1462=PLANE('',#4854);
#1463=PLANE('',#4855);
#1464=PLANE('',#4856);
#1465=PLANE('',#4857);
#1466=PLANE('',#4858);
#1467=PLANE('',#4859);
#1468=PLANE('',#4860);
#1469=PLANE('',#4861);
#1470=PLANE('',#4862);
#1471=PLANE('',#4863);
#1472=PLANE('',#4864);
#1473=PLANE('',#4865);
#1474=PLANE('',#4866);
#1475=PLANE('',#4867);
#1476=PLANE('',#4868);
#1477=PLANE('',#4869);
#1478=PLANE('',#4870);
#1479=PLANE('',#4871);
#1480=PLANE('',#4872);
#1481=PLANE('',#4873);
#1482=PLANE('',#4874);
#1483=PLANE('',#4875);
#1484=PLANE('',#4876);
#1485=PLANE('',#4877);
#1486=PLANE('',#4878);
#1487=PLANE('',#4879);
#1488=PLANE('',#4880);
#1489=PLANE('',#4881);
#1490=PLANE('',#4882);
#1491=PLANE('',#4883);
#1492=PLANE('',#4884);
#1493=PLANE('',#4885);
#1494=PLANE('',#4886);
#1495=PLANE('',#4887);
#1496=PLANE('',#4888);
#1497=PLANE('',#4889);
#1498=PLANE('',#4890);
#1499=PLANE('',#4891);
#1500=PLANE('',#4892);
#1501=PLANE('',#4893);
#1502=ORIENTED_EDGE('',*,*,#2822,.F.);
#1503=ORIENTED_EDGE('',*,*,#2823,.F.);
#1504=ORIENTED_EDGE('',*,*,#2824,.T.);
#1505=ORIENTED_EDGE('',*,*,#2825,.F.);
#1506=ORIENTED_EDGE('',*,*,#2826,.F.);
#1507=ORIENTED_EDGE('',*,*,#2822,.T.);
#1508=ORIENTED_EDGE('',*,*,#2827,.F.);
#1509=ORIENTED_EDGE('',*,*,#2828,.T.);
#1510=ORIENTED_EDGE('',*,*,#2829,.T.);
#1511=ORIENTED_EDGE('',*,*,#2830,.T.);
#1512=ORIENTED_EDGE('',*,*,#2831,.T.);
#1513=ORIENTED_EDGE('',*,*,#2832,.F.);
#1514=ORIENTED_EDGE('',*,*,#2833,.F.);
#1515=ORIENTED_EDGE('',*,*,#2834,.T.);
#1516=ORIENTED_EDGE('',*,*,#2835,.T.);
#1517=ORIENTED_EDGE('',*,*,#2836,.T.);
#1518=ORIENTED_EDGE('',*,*,#2837,.T.);
#1519=ORIENTED_EDGE('',*,*,#2838,.T.);
#1520=ORIENTED_EDGE('',*,*,#2839,.T.);
#1521=ORIENTED_EDGE('',*,*,#2840,.T.);
#1522=ORIENTED_EDGE('',*,*,#2841,.T.);
#1523=ORIENTED_EDGE('',*,*,#2842,.T.);
#1524=ORIENTED_EDGE('',*,*,#2843,.T.);
#1525=ORIENTED_EDGE('',*,*,#2844,.T.);
#1526=ORIENTED_EDGE('',*,*,#2845,.T.);
#1527=ORIENTED_EDGE('',*,*,#2846,.F.);
#1528=ORIENTED_EDGE('',*,*,#2847,.T.);
#1529=ORIENTED_EDGE('',*,*,#2848,.F.);
#1530=ORIENTED_EDGE('',*,*,#2849,.F.);
#1531=ORIENTED_EDGE('',*,*,#2850,.T.);
#1532=ORIENTED_EDGE('',*,*,#2851,.T.);
#1533=ORIENTED_EDGE('',*,*,#2852,.T.);
#1534=ORIENTED_EDGE('',*,*,#2853,.F.);
#1535=ORIENTED_EDGE('',*,*,#2854,.F.);
#1536=ORIENTED_EDGE('',*,*,#2855,.T.);
#1537=ORIENTED_EDGE('',*,*,#2851,.F.);
#1538=ORIENTED_EDGE('',*,*,#2856,.T.);
#1539=ORIENTED_EDGE('',*,*,#2857,.T.);
#1540=ORIENTED_EDGE('',*,*,#2858,.T.);
#1541=ORIENTED_EDGE('',*,*,#2852,.F.);
#1542=ORIENTED_EDGE('',*,*,#2859,.T.);
#1543=ORIENTED_EDGE('',*,*,#2860,.F.);
#1544=ORIENTED_EDGE('',*,*,#2861,.T.);
#1545=ORIENTED_EDGE('',*,*,#2846,.T.);
#1546=ORIENTED_EDGE('',*,*,#2862,.F.);
#1547=ORIENTED_EDGE('',*,*,#2863,.T.);
#1548=ORIENTED_EDGE('',*,*,#2864,.F.);
#1549=ORIENTED_EDGE('',*,*,#2865,.F.);
#1550=ORIENTED_EDGE('',*,*,#2866,.T.);
#1551=ORIENTED_EDGE('',*,*,#2867,.T.);
#1552=ORIENTED_EDGE('',*,*,#2868,.F.);
#1553=ORIENTED_EDGE('',*,*,#2869,.T.);
#1554=ORIENTED_EDGE('',*,*,#2870,.T.);
#1555=ORIENTED_EDGE('',*,*,#2871,.T.);
#1556=ORIENTED_EDGE('',*,*,#2872,.T.);
#1557=ORIENTED_EDGE('',*,*,#2873,.F.);
#1558=ORIENTED_EDGE('',*,*,#2874,.F.);
#1559=ORIENTED_EDGE('',*,*,#2875,.F.);
#1560=ORIENTED_EDGE('',*,*,#2876,.T.);
#1561=ORIENTED_EDGE('',*,*,#2877,.T.);
#1562=ORIENTED_EDGE('',*,*,#2878,.F.);
#1563=ORIENTED_EDGE('',*,*,#2879,.F.);
#1564=ORIENTED_EDGE('',*,*,#2880,.F.);
#1565=ORIENTED_EDGE('',*,*,#2881,.F.);
#1566=ORIENTED_EDGE('',*,*,#2882,.T.);
#1567=ORIENTED_EDGE('',*,*,#2883,.F.);
#1568=ORIENTED_EDGE('',*,*,#2884,.F.);
#1569=ORIENTED_EDGE('',*,*,#2885,.T.);
#1570=ORIENTED_EDGE('',*,*,#2886,.T.);
#1571=ORIENTED_EDGE('',*,*,#2887,.T.);
#1572=ORIENTED_EDGE('',*,*,#2888,.T.);
#1573=ORIENTED_EDGE('',*,*,#2889,.F.);
#1574=ORIENTED_EDGE('',*,*,#2890,.F.);
#1575=ORIENTED_EDGE('',*,*,#2891,.T.);
#1576=ORIENTED_EDGE('',*,*,#2892,.T.);
#1577=ORIENTED_EDGE('',*,*,#2893,.T.);
#1578=ORIENTED_EDGE('',*,*,#2859,.F.);
#1579=ORIENTED_EDGE('',*,*,#2856,.F.);
#1580=ORIENTED_EDGE('',*,*,#2850,.F.);
#1581=ORIENTED_EDGE('',*,*,#2894,.F.);
#1582=ORIENTED_EDGE('',*,*,#2895,.T.);
#1583=ORIENTED_EDGE('',*,*,#2833,.T.);
#1584=ORIENTED_EDGE('',*,*,#2896,.F.);
#1585=ORIENTED_EDGE('',*,*,#2848,.T.);
#1586=ORIENTED_EDGE('',*,*,#2897,.F.);
#1587=ORIENTED_EDGE('',*,*,#2898,.T.);
#1588=ORIENTED_EDGE('',*,*,#2899,.F.);
#1589=ORIENTED_EDGE('',*,*,#2827,.T.);
#1590=ORIENTED_EDGE('',*,*,#2900,.F.);
#1591=ORIENTED_EDGE('',*,*,#2900,.T.);
#1592=ORIENTED_EDGE('',*,*,#2825,.T.);
#1593=ORIENTED_EDGE('',*,*,#2901,.F.);
#1594=ORIENTED_EDGE('',*,*,#2902,.F.);
#1595=ORIENTED_EDGE('',*,*,#2903,.T.);
#1596=ORIENTED_EDGE('',*,*,#2904,.F.);
#1597=ORIENTED_EDGE('',*,*,#2905,.T.);
#1598=ORIENTED_EDGE('',*,*,#2906,.T.);
#1599=ORIENTED_EDGE('',*,*,#2907,.F.);
#1600=ORIENTED_EDGE('',*,*,#2907,.T.);
#1601=ORIENTED_EDGE('',*,*,#2908,.T.);
#1602=ORIENTED_EDGE('',*,*,#2909,.F.);
#1603=ORIENTED_EDGE('',*,*,#2910,.F.);
#1604=ORIENTED_EDGE('',*,*,#2909,.T.);
#1605=ORIENTED_EDGE('',*,*,#2911,.T.);
#1606=ORIENTED_EDGE('',*,*,#2912,.F.);
#1607=ORIENTED_EDGE('',*,*,#2913,.F.);
#1608=ORIENTED_EDGE('',*,*,#2914,.F.);
#1609=ORIENTED_EDGE('',*,*,#2915,.T.);
#1610=ORIENTED_EDGE('',*,*,#2916,.T.);
#1611=ORIENTED_EDGE('',*,*,#2912,.T.);
#1612=ORIENTED_EDGE('',*,*,#2917,.F.);
#1613=ORIENTED_EDGE('',*,*,#2918,.T.);
#1614=ORIENTED_EDGE('',*,*,#2919,.T.);
#1615=ORIENTED_EDGE('',*,*,#2832,.T.);
#1616=ORIENTED_EDGE('',*,*,#2920,.F.);
#1617=ORIENTED_EDGE('',*,*,#2921,.T.);
#1618=ORIENTED_EDGE('',*,*,#2922,.T.);
#1619=ORIENTED_EDGE('',*,*,#2923,.F.);
#1620=ORIENTED_EDGE('',*,*,#2924,.T.);
#1621=ORIENTED_EDGE('',*,*,#2925,.T.);
#1622=ORIENTED_EDGE('',*,*,#2926,.F.);
#1623=ORIENTED_EDGE('',*,*,#2923,.T.);
#1624=ORIENTED_EDGE('',*,*,#2927,.T.);
#1625=ORIENTED_EDGE('',*,*,#2928,.T.);
#1626=ORIENTED_EDGE('',*,*,#2929,.F.);
#1627=ORIENTED_EDGE('',*,*,#2930,.T.);
#1628=ORIENTED_EDGE('',*,*,#2931,.T.);
#1629=ORIENTED_EDGE('',*,*,#2932,.T.);
#1630=ORIENTED_EDGE('',*,*,#2933,.F.);
#1631=ORIENTED_EDGE('',*,*,#2934,.F.);
#1632=ORIENTED_EDGE('',*,*,#2935,.F.);
#1633=ORIENTED_EDGE('',*,*,#2936,.T.);
#1634=ORIENTED_EDGE('',*,*,#2937,.T.);
#1635=ORIENTED_EDGE('',*,*,#2934,.T.);
#1636=ORIENTED_EDGE('',*,*,#2938,.T.);
#1637=ORIENTED_EDGE('',*,*,#2939,.T.);
#1638=ORIENTED_EDGE('',*,*,#2940,.F.);
#1639=ORIENTED_EDGE('',*,*,#2836,.F.);
#1640=ORIENTED_EDGE('',*,*,#2941,.F.);
#1641=ORIENTED_EDGE('',*,*,#2942,.T.);
#1642=ORIENTED_EDGE('',*,*,#2894,.T.);
#1643=ORIENTED_EDGE('',*,*,#2855,.F.);
#1644=ORIENTED_EDGE('',*,*,#2843,.F.);
#1645=ORIENTED_EDGE('',*,*,#2943,.T.);
#1646=ORIENTED_EDGE('',*,*,#2944,.T.);
#1647=ORIENTED_EDGE('',*,*,#2853,.T.);
#1648=ORIENTED_EDGE('',*,*,#2945,.T.);
#1649=ORIENTED_EDGE('',*,*,#2864,.T.);
#1650=ORIENTED_EDGE('',*,*,#2946,.T.);
#1651=ORIENTED_EDGE('',*,*,#2947,.T.);
#1652=ORIENTED_EDGE('',*,*,#2948,.T.);
#1653=ORIENTED_EDGE('',*,*,#2949,.T.);
#1654=ORIENTED_EDGE('',*,*,#2950,.T.);
#1655=ORIENTED_EDGE('',*,*,#2951,.T.);
#1656=ORIENTED_EDGE('',*,*,#2952,.F.);
#1657=ORIENTED_EDGE('',*,*,#2953,.F.);
#1658=ORIENTED_EDGE('',*,*,#2954,.F.);
#1659=ORIENTED_EDGE('',*,*,#2955,.T.);
#1660=ORIENTED_EDGE('',*,*,#2956,.T.);
#1661=ORIENTED_EDGE('',*,*,#2953,.T.);
#1662=ORIENTED_EDGE('',*,*,#2957,.F.);
#1663=ORIENTED_EDGE('',*,*,#2958,.T.);
#1664=ORIENTED_EDGE('',*,*,#2959,.T.);
#1665=ORIENTED_EDGE('',*,*,#2960,.T.);
#1666=ORIENTED_EDGE('',*,*,#2961,.T.);
#1667=ORIENTED_EDGE('',*,*,#2962,.T.);
#1668=ORIENTED_EDGE('',*,*,#2963,.F.);
#1669=ORIENTED_EDGE('',*,*,#2964,.F.);
#1670=ORIENTED_EDGE('',*,*,#2965,.F.);
#1671=ORIENTED_EDGE('',*,*,#2966,.T.);
#1672=ORIENTED_EDGE('',*,*,#2967,.T.);
#1673=ORIENTED_EDGE('',*,*,#2964,.T.);
#1674=ORIENTED_EDGE('',*,*,#2968,.T.);
#1675=ORIENTED_EDGE('',*,*,#2969,.T.);
#1676=ORIENTED_EDGE('',*,*,#2970,.F.);
#1677=ORIENTED_EDGE('',*,*,#2842,.F.);
#1678=ORIENTED_EDGE('',*,*,#2971,.F.);
#1679=ORIENTED_EDGE('',*,*,#2972,.T.);
#1680=ORIENTED_EDGE('',*,*,#2973,.T.);
#1681=ORIENTED_EDGE('',*,*,#2974,.F.);
#1682=ORIENTED_EDGE('',*,*,#2975,.F.);
#1683=ORIENTED_EDGE('',*,*,#2976,.F.);
#1684=ORIENTED_EDGE('',*,*,#2977,.T.);
#1685=ORIENTED_EDGE('',*,*,#2974,.T.);
#1686=ORIENTED_EDGE('',*,*,#2978,.F.);
#1687=ORIENTED_EDGE('',*,*,#2979,.F.);
#1688=ORIENTED_EDGE('',*,*,#2980,.T.);
#1689=ORIENTED_EDGE('',*,*,#2976,.T.);
#1690=ORIENTED_EDGE('',*,*,#2981,.F.);
#1691=ORIENTED_EDGE('',*,*,#2982,.F.);
#1692=ORIENTED_EDGE('',*,*,#2983,.T.);
#1693=ORIENTED_EDGE('',*,*,#2979,.T.);
#1694=ORIENTED_EDGE('',*,*,#2984,.F.);
#1695=ORIENTED_EDGE('',*,*,#2985,.T.);
#1696=ORIENTED_EDGE('',*,*,#2986,.T.);
#1697=ORIENTED_EDGE('',*,*,#2987,.T.);
#1698=ORIENTED_EDGE('',*,*,#2988,.F.);
#1699=ORIENTED_EDGE('',*,*,#2989,.F.);
#1700=ORIENTED_EDGE('',*,*,#2990,.T.);
#1701=ORIENTED_EDGE('',*,*,#2991,.T.);
#1702=ORIENTED_EDGE('',*,*,#2992,.F.);
#1703=ORIENTED_EDGE('',*,*,#2993,.T.);
#1704=ORIENTED_EDGE('',*,*,#2994,.T.);
#1705=ORIENTED_EDGE('',*,*,#2995,.F.);
#1706=ORIENTED_EDGE('',*,*,#2996,.F.);
#1707=ORIENTED_EDGE('',*,*,#2997,.F.);
#1708=ORIENTED_EDGE('',*,*,#2998,.T.);
#1709=ORIENTED_EDGE('',*,*,#2999,.T.);
#1710=ORIENTED_EDGE('',*,*,#3000,.F.);
#1711=ORIENTED_EDGE('',*,*,#3001,.T.);
#1712=ORIENTED_EDGE('',*,*,#3002,.F.);
#1713=ORIENTED_EDGE('',*,*,#3003,.F.);
#1714=ORIENTED_EDGE('',*,*,#3004,.T.);
#1715=ORIENTED_EDGE('',*,*,#3005,.F.);
#1716=ORIENTED_EDGE('',*,*,#3006,.F.);
#1717=ORIENTED_EDGE('',*,*,#3007,.F.);
#1718=ORIENTED_EDGE('',*,*,#3008,.T.);
#1719=ORIENTED_EDGE('',*,*,#3009,.T.);
#1720=ORIENTED_EDGE('',*,*,#3010,.F.);
#1721=ORIENTED_EDGE('',*,*,#3011,.T.);
#1722=ORIENTED_EDGE('',*,*,#3012,.T.);
#1723=ORIENTED_EDGE('',*,*,#3013,.F.);
#1724=ORIENTED_EDGE('',*,*,#3014,.F.);
#1725=ORIENTED_EDGE('',*,*,#3015,.F.);
#1726=ORIENTED_EDGE('',*,*,#3016,.F.);
#1727=ORIENTED_EDGE('',*,*,#3017,.F.);
#1728=ORIENTED_EDGE('',*,*,#3018,.F.);
#1729=ORIENTED_EDGE('',*,*,#3019,.T.);
#1730=ORIENTED_EDGE('',*,*,#3020,.T.);
#1731=ORIENTED_EDGE('',*,*,#3021,.F.);
#1732=ORIENTED_EDGE('',*,*,#3022,.T.);
#1733=ORIENTED_EDGE('',*,*,#3023,.F.);
#1734=ORIENTED_EDGE('',*,*,#3024,.F.);
#1735=ORIENTED_EDGE('',*,*,#2904,.T.);
#1736=ORIENTED_EDGE('',*,*,#2910,.T.);
#1737=ORIENTED_EDGE('',*,*,#2913,.T.);
#1738=ORIENTED_EDGE('',*,*,#2916,.F.);
#1739=ORIENTED_EDGE('',*,*,#3025,.T.);
#1740=ORIENTED_EDGE('',*,*,#2829,.F.);
#1741=ORIENTED_EDGE('',*,*,#2919,.F.);
#1742=ORIENTED_EDGE('',*,*,#3026,.T.);
#1743=ORIENTED_EDGE('',*,*,#2920,.T.);
#1744=ORIENTED_EDGE('',*,*,#2926,.T.);
#1745=ORIENTED_EDGE('',*,*,#3027,.T.);
#1746=ORIENTED_EDGE('',*,*,#2929,.T.);
#1747=ORIENTED_EDGE('',*,*,#3028,.T.);
#1748=ORIENTED_EDGE('',*,*,#2931,.F.);
#1749=ORIENTED_EDGE('',*,*,#2937,.F.);
#1750=ORIENTED_EDGE('',*,*,#3029,.T.);
#1751=ORIENTED_EDGE('',*,*,#2938,.F.);
#1752=ORIENTED_EDGE('',*,*,#2835,.F.);
#1753=ORIENTED_EDGE('',*,*,#3030,.T.);
#1754=ORIENTED_EDGE('',*,*,#2941,.T.);
#1755=ORIENTED_EDGE('',*,*,#2854,.T.);
#1756=ORIENTED_EDGE('',*,*,#2944,.F.);
#1757=ORIENTED_EDGE('',*,*,#3031,.T.);
#1758=ORIENTED_EDGE('',*,*,#2860,.T.);
#1759=ORIENTED_EDGE('',*,*,#2948,.F.);
#1760=ORIENTED_EDGE('',*,*,#3032,.T.);
#1761=ORIENTED_EDGE('',*,*,#2949,.F.);
#1762=ORIENTED_EDGE('',*,*,#2956,.F.);
#1763=ORIENTED_EDGE('',*,*,#3033,.T.);
#1764=ORIENTED_EDGE('',*,*,#2957,.T.);
#1765=ORIENTED_EDGE('',*,*,#3034,.T.);
#1766=ORIENTED_EDGE('',*,*,#2961,.F.);
#1767=ORIENTED_EDGE('',*,*,#2967,.F.);
#1768=ORIENTED_EDGE('',*,*,#3035,.T.);
#1769=ORIENTED_EDGE('',*,*,#2968,.F.);
#1770=ORIENTED_EDGE('',*,*,#2841,.F.);
#1771=ORIENTED_EDGE('',*,*,#3036,.T.);
#1772=ORIENTED_EDGE('',*,*,#2971,.T.);
#1773=ORIENTED_EDGE('',*,*,#2977,.F.);
#1774=ORIENTED_EDGE('',*,*,#2980,.F.);
#1775=ORIENTED_EDGE('',*,*,#2983,.F.);
#1776=ORIENTED_EDGE('',*,*,#3037,.T.);
#1777=ORIENTED_EDGE('',*,*,#3038,.T.);
#1778=ORIENTED_EDGE('',*,*,#3039,.F.);
#1779=ORIENTED_EDGE('',*,*,#3040,.F.);
#1780=ORIENTED_EDGE('',*,*,#3041,.T.);
#1781=ORIENTED_EDGE('',*,*,#3042,.T.);
#1782=ORIENTED_EDGE('',*,*,#3043,.F.);
#1783=ORIENTED_EDGE('',*,*,#3044,.T.);
#1784=ORIENTED_EDGE('',*,*,#3045,.T.);
#1785=ORIENTED_EDGE('',*,*,#3046,.F.);
#1786=ORIENTED_EDGE('',*,*,#3047,.F.);
#1787=ORIENTED_EDGE('',*,*,#3048,.F.);
#1788=ORIENTED_EDGE('',*,*,#3049,.T.);
#1789=ORIENTED_EDGE('',*,*,#3050,.T.);
#1790=ORIENTED_EDGE('',*,*,#3051,.F.);
#1791=ORIENTED_EDGE('',*,*,#3052,.T.);
#1792=ORIENTED_EDGE('',*,*,#3053,.F.);
#1793=ORIENTED_EDGE('',*,*,#3054,.F.);
#1794=ORIENTED_EDGE('',*,*,#3055,.T.);
#1795=ORIENTED_EDGE('',*,*,#3056,.F.);
#1796=ORIENTED_EDGE('',*,*,#3057,.F.);
#1797=ORIENTED_EDGE('',*,*,#3058,.F.);
#1798=ORIENTED_EDGE('',*,*,#3059,.T.);
#1799=ORIENTED_EDGE('',*,*,#3060,.T.);
#1800=ORIENTED_EDGE('',*,*,#3061,.F.);
#1801=ORIENTED_EDGE('',*,*,#3062,.T.);
#1802=ORIENTED_EDGE('',*,*,#3063,.T.);
#1803=ORIENTED_EDGE('',*,*,#3064,.F.);
#1804=ORIENTED_EDGE('',*,*,#3065,.F.);
#1805=ORIENTED_EDGE('',*,*,#3066,.F.);
#1806=ORIENTED_EDGE('',*,*,#3067,.F.);
#1807=ORIENTED_EDGE('',*,*,#3068,.F.);
#1808=ORIENTED_EDGE('',*,*,#3069,.F.);
#1809=ORIENTED_EDGE('',*,*,#3070,.T.);
#1810=ORIENTED_EDGE('',*,*,#3071,.T.);
#1811=ORIENTED_EDGE('',*,*,#3072,.F.);
#1812=ORIENTED_EDGE('',*,*,#3073,.T.);
#1813=ORIENTED_EDGE('',*,*,#3074,.F.);
#1814=ORIENTED_EDGE('',*,*,#3075,.F.);
#1815=ORIENTED_EDGE('',*,*,#3076,.F.);
#1816=ORIENTED_EDGE('',*,*,#3077,.T.);
#1817=ORIENTED_EDGE('',*,*,#3078,.T.);
#1818=ORIENTED_EDGE('',*,*,#3079,.F.);
#1819=ORIENTED_EDGE('',*,*,#3080,.T.);
#1820=ORIENTED_EDGE('',*,*,#3081,.F.);
#1821=ORIENTED_EDGE('',*,*,#3082,.F.);
#1822=ORIENTED_EDGE('',*,*,#3083,.T.);
#1823=ORIENTED_EDGE('',*,*,#3084,.T.);
#1824=ORIENTED_EDGE('',*,*,#3085,.T.);
#1825=ORIENTED_EDGE('',*,*,#3086,.T.);
#1826=ORIENTED_EDGE('',*,*,#3087,.T.);
#1827=ORIENTED_EDGE('',*,*,#3088,.T.);
#1828=ORIENTED_EDGE('',*,*,#3089,.F.);
#1829=ORIENTED_EDGE('',*,*,#3090,.F.);
#1830=ORIENTED_EDGE('',*,*,#3091,.T.);
#1831=ORIENTED_EDGE('',*,*,#3092,.F.);
#1832=ORIENTED_EDGE('',*,*,#3093,.F.);
#1833=ORIENTED_EDGE('',*,*,#3094,.T.);
#1834=ORIENTED_EDGE('',*,*,#3095,.T.);
#1835=ORIENTED_EDGE('',*,*,#3096,.T.);
#1836=ORIENTED_EDGE('',*,*,#3097,.F.);
#1837=ORIENTED_EDGE('',*,*,#3098,.T.);
#1838=ORIENTED_EDGE('',*,*,#3099,.T.);
#1839=ORIENTED_EDGE('',*,*,#3100,.F.);
#1840=ORIENTED_EDGE('',*,*,#3101,.T.);
#1841=ORIENTED_EDGE('',*,*,#3102,.F.);
#1842=ORIENTED_EDGE('',*,*,#3103,.F.);
#1843=ORIENTED_EDGE('',*,*,#3104,.T.);
#1844=ORIENTED_EDGE('',*,*,#3105,.T.);
#1845=ORIENTED_EDGE('',*,*,#3106,.T.);
#1846=ORIENTED_EDGE('',*,*,#3107,.F.);
#1847=ORIENTED_EDGE('',*,*,#3108,.F.);
#1848=ORIENTED_EDGE('',*,*,#3109,.T.);
#1849=ORIENTED_EDGE('',*,*,#3110,.F.);
#1850=ORIENTED_EDGE('',*,*,#3111,.F.);
#1851=ORIENTED_EDGE('',*,*,#3112,.T.);
#1852=ORIENTED_EDGE('',*,*,#3113,.T.);
#1853=ORIENTED_EDGE('',*,*,#3114,.F.);
#1854=ORIENTED_EDGE('',*,*,#3115,.F.);
#1855=ORIENTED_EDGE('',*,*,#3116,.T.);
#1856=ORIENTED_EDGE('',*,*,#2897,.T.);
#1857=ORIENTED_EDGE('',*,*,#2903,.F.);
#1858=ORIENTED_EDGE('',*,*,#3117,.T.);
#1859=ORIENTED_EDGE('',*,*,#3118,.T.);
#1860=ORIENTED_EDGE('',*,*,#2862,.T.);
#1861=ORIENTED_EDGE('',*,*,#2845,.F.);
#1862=ORIENTED_EDGE('',*,*,#3119,.T.);
#1863=ORIENTED_EDGE('',*,*,#2857,.F.);
#1864=ORIENTED_EDGE('',*,*,#2893,.F.);
#1865=ORIENTED_EDGE('',*,*,#3120,.T.);
#1866=ORIENTED_EDGE('',*,*,#3121,.T.);
#1867=ORIENTED_EDGE('',*,*,#3122,.F.);
#1868=ORIENTED_EDGE('',*,*,#3123,.F.);
#1869=ORIENTED_EDGE('',*,*,#3124,.F.);
#1870=ORIENTED_EDGE('',*,*,#3125,.F.);
#1871=ORIENTED_EDGE('',*,*,#3126,.T.);
#1872=ORIENTED_EDGE('',*,*,#3127,.F.);
#1873=ORIENTED_EDGE('',*,*,#3128,.F.);
#1874=ORIENTED_EDGE('',*,*,#3129,.F.);
#1875=ORIENTED_EDGE('',*,*,#3130,.F.);
#1876=ORIENTED_EDGE('',*,*,#3131,.F.);
#1877=ORIENTED_EDGE('',*,*,#3132,.T.);
#1878=ORIENTED_EDGE('',*,*,#3133,.F.);
#1879=ORIENTED_EDGE('',*,*,#3134,.T.);
#1880=ORIENTED_EDGE('',*,*,#3135,.F.);
#1881=ORIENTED_EDGE('',*,*,#3136,.F.);
#1882=ORIENTED_EDGE('',*,*,#2981,.T.);
#1883=ORIENTED_EDGE('',*,*,#2978,.T.);
#1884=ORIENTED_EDGE('',*,*,#2975,.T.);
#1885=ORIENTED_EDGE('',*,*,#2973,.F.);
#1886=ORIENTED_EDGE('',*,*,#3137,.T.);
#1887=ORIENTED_EDGE('',*,*,#2839,.F.);
#1888=ORIENTED_EDGE('',*,*,#2970,.T.);
#1889=ORIENTED_EDGE('',*,*,#3138,.T.);
#1890=ORIENTED_EDGE('',*,*,#2965,.T.);
#1891=ORIENTED_EDGE('',*,*,#2963,.T.);
#1892=ORIENTED_EDGE('',*,*,#3139,.T.);
#1893=ORIENTED_EDGE('',*,*,#2959,.F.);
#1894=ORIENTED_EDGE('',*,*,#3140,.T.);
#1895=ORIENTED_EDGE('',*,*,#2954,.T.);
#1896=ORIENTED_EDGE('',*,*,#2952,.T.);
#1897=ORIENTED_EDGE('',*,*,#2891,.F.);
#1898=ORIENTED_EDGE('',*,*,#3141,.F.);
#1899=ORIENTED_EDGE('',*,*,#3142,.T.);
#1900=ORIENTED_EDGE('',*,*,#3143,.T.);
#1901=ORIENTED_EDGE('',*,*,#3144,.F.);
#1902=ORIENTED_EDGE('',*,*,#3145,.T.);
#1903=ORIENTED_EDGE('',*,*,#2865,.T.);
#1904=ORIENTED_EDGE('',*,*,#2849,.T.);
#1905=ORIENTED_EDGE('',*,*,#2896,.T.);
#1906=ORIENTED_EDGE('',*,*,#2838,.F.);
#1907=ORIENTED_EDGE('',*,*,#2906,.F.);
#1908=ORIENTED_EDGE('',*,*,#3146,.T.);
#1909=ORIENTED_EDGE('',*,*,#3147,.T.);
#1910=ORIENTED_EDGE('',*,*,#3148,.F.);
#1911=ORIENTED_EDGE('',*,*,#3149,.F.);
#1912=ORIENTED_EDGE('',*,*,#3150,.T.);
#1913=ORIENTED_EDGE('',*,*,#3151,.F.);
#1914=ORIENTED_EDGE('',*,*,#3152,.F.);
#1915=ORIENTED_EDGE('',*,*,#3153,.T.);
#1916=ORIENTED_EDGE('',*,*,#3154,.T.);
#1917=ORIENTED_EDGE('',*,*,#3155,.F.);
#1918=ORIENTED_EDGE('',*,*,#3156,.T.);
#1919=ORIENTED_EDGE('',*,*,#3157,.F.);
#1920=ORIENTED_EDGE('',*,*,#3158,.F.);
#1921=ORIENTED_EDGE('',*,*,#3159,.F.);
#1922=ORIENTED_EDGE('',*,*,#3160,.F.);
#1923=ORIENTED_EDGE('',*,*,#3161,.F.);
#1924=ORIENTED_EDGE('',*,*,#3162,.T.);
#1925=ORIENTED_EDGE('',*,*,#3163,.F.);
#1926=ORIENTED_EDGE('',*,*,#3164,.T.);
#1927=ORIENTED_EDGE('',*,*,#3144,.T.);
#1928=ORIENTED_EDGE('',*,*,#2837,.F.);
#1929=ORIENTED_EDGE('',*,*,#2940,.T.);
#1930=ORIENTED_EDGE('',*,*,#3165,.T.);
#1931=ORIENTED_EDGE('',*,*,#2935,.T.);
#1932=ORIENTED_EDGE('',*,*,#2933,.T.);
#1933=ORIENTED_EDGE('',*,*,#3166,.T.);
#1934=ORIENTED_EDGE('',*,*,#2927,.F.);
#1935=ORIENTED_EDGE('',*,*,#3167,.T.);
#1936=ORIENTED_EDGE('',*,*,#2924,.F.);
#1937=ORIENTED_EDGE('',*,*,#2922,.F.);
#1938=ORIENTED_EDGE('',*,*,#3168,.T.);
#1939=ORIENTED_EDGE('',*,*,#2917,.T.);
#1940=ORIENTED_EDGE('',*,*,#2831,.F.);
#1941=ORIENTED_EDGE('',*,*,#3169,.T.);
#1942=ORIENTED_EDGE('',*,*,#2914,.T.);
#1943=ORIENTED_EDGE('',*,*,#2911,.F.);
#1944=ORIENTED_EDGE('',*,*,#2908,.F.);
#1945=ORIENTED_EDGE('',*,*,#2867,.F.);
#1946=ORIENTED_EDGE('',*,*,#3170,.T.);
#1947=ORIENTED_EDGE('',*,*,#3171,.T.);
#1948=ORIENTED_EDGE('',*,*,#3172,.F.);
#1949=ORIENTED_EDGE('',*,*,#3032,.F.);
#1950=ORIENTED_EDGE('',*,*,#2947,.F.);
#1951=ORIENTED_EDGE('',*,*,#3173,.T.);
#1952=ORIENTED_EDGE('',*,*,#2950,.F.);
#1953=ORIENTED_EDGE('',*,*,#3033,.F.);
#1954=ORIENTED_EDGE('',*,*,#2955,.F.);
#1955=ORIENTED_EDGE('',*,*,#3140,.F.);
#1956=ORIENTED_EDGE('',*,*,#2958,.F.);
#1957=ORIENTED_EDGE('',*,*,#3034,.F.);
#1958=ORIENTED_EDGE('',*,*,#2960,.F.);
#1959=ORIENTED_EDGE('',*,*,#3139,.F.);
#1960=ORIENTED_EDGE('',*,*,#2962,.F.);
#1961=ORIENTED_EDGE('',*,*,#3035,.F.);
#1962=ORIENTED_EDGE('',*,*,#2966,.F.);
#1963=ORIENTED_EDGE('',*,*,#3138,.F.);
#1964=ORIENTED_EDGE('',*,*,#2969,.F.);
#1965=ORIENTED_EDGE('',*,*,#3029,.F.);
#1966=ORIENTED_EDGE('',*,*,#2936,.F.);
#1967=ORIENTED_EDGE('',*,*,#3165,.F.);
#1968=ORIENTED_EDGE('',*,*,#2939,.F.);
#1969=ORIENTED_EDGE('',*,*,#3028,.F.);
#1970=ORIENTED_EDGE('',*,*,#2928,.F.);
#1971=ORIENTED_EDGE('',*,*,#3166,.F.);
#1972=ORIENTED_EDGE('',*,*,#2932,.F.);
#1973=ORIENTED_EDGE('',*,*,#3027,.F.);
#1974=ORIENTED_EDGE('',*,*,#2925,.F.);
#1975=ORIENTED_EDGE('',*,*,#3167,.F.);
#1976=ORIENTED_EDGE('',*,*,#2930,.F.);
#1977=ORIENTED_EDGE('',*,*,#3026,.F.);
#1978=ORIENTED_EDGE('',*,*,#2918,.F.);
#1979=ORIENTED_EDGE('',*,*,#3168,.F.);
#1980=ORIENTED_EDGE('',*,*,#2921,.F.);
#1981=ORIENTED_EDGE('',*,*,#3036,.F.);
#1982=ORIENTED_EDGE('',*,*,#2840,.F.);
#1983=ORIENTED_EDGE('',*,*,#3137,.F.);
#1984=ORIENTED_EDGE('',*,*,#2972,.F.);
#1985=ORIENTED_EDGE('',*,*,#3025,.F.);
#1986=ORIENTED_EDGE('',*,*,#2915,.F.);
#1987=ORIENTED_EDGE('',*,*,#3169,.F.);
#1988=ORIENTED_EDGE('',*,*,#2830,.F.);
#1989=ORIENTED_EDGE('',*,*,#3030,.F.);
#1990=ORIENTED_EDGE('',*,*,#2834,.F.);
#1991=ORIENTED_EDGE('',*,*,#2895,.F.);
#1992=ORIENTED_EDGE('',*,*,#2942,.F.);
#1993=ORIENTED_EDGE('',*,*,#3031,.F.);
#1994=ORIENTED_EDGE('',*,*,#2943,.F.);
#1995=ORIENTED_EDGE('',*,*,#2847,.F.);
#1996=ORIENTED_EDGE('',*,*,#2861,.F.);
#1997=ORIENTED_EDGE('',*,*,#2892,.F.);
#1998=ORIENTED_EDGE('',*,*,#3143,.F.);
#1999=ORIENTED_EDGE('',*,*,#3174,.F.);
#2000=ORIENTED_EDGE('',*,*,#3117,.F.);
#2001=ORIENTED_EDGE('',*,*,#2863,.F.);
#2002=ORIENTED_EDGE('',*,*,#3118,.F.);
#2003=ORIENTED_EDGE('',*,*,#3175,.F.);
#2004=ORIENTED_EDGE('',*,*,#3120,.F.);
#2005=ORIENTED_EDGE('',*,*,#2951,.F.);
#2006=ORIENTED_EDGE('',*,*,#3173,.F.);
#2007=ORIENTED_EDGE('',*,*,#2946,.F.);
#2008=ORIENTED_EDGE('',*,*,#3175,.T.);
#2009=ORIENTED_EDGE('',*,*,#3174,.T.);
#2010=ORIENTED_EDGE('',*,*,#3176,.F.);
#2011=ORIENTED_EDGE('',*,*,#3142,.F.);
#2012=ORIENTED_EDGE('',*,*,#3177,.F.);
#2013=ORIENTED_EDGE('',*,*,#3121,.F.);
#2014=ORIENTED_EDGE('',*,*,#3176,.T.);
#2015=ORIENTED_EDGE('',*,*,#3164,.F.);
#2016=ORIENTED_EDGE('',*,*,#3178,.T.);
#2017=ORIENTED_EDGE('',*,*,#3171,.F.);
#2018=ORIENTED_EDGE('',*,*,#3179,.F.);
#2019=ORIENTED_EDGE('',*,*,#3179,.T.);
#2020=ORIENTED_EDGE('',*,*,#3170,.F.);
#2021=ORIENTED_EDGE('',*,*,#2866,.F.);
#2022=ORIENTED_EDGE('',*,*,#3145,.F.);
#2023=ORIENTED_EDGE('',*,*,#2945,.F.);
#2024=ORIENTED_EDGE('',*,*,#2858,.F.);
#2025=ORIENTED_EDGE('',*,*,#3119,.F.);
#2026=ORIENTED_EDGE('',*,*,#2844,.F.);
#2027=ORIENTED_EDGE('',*,*,#3180,.F.);
#2028=ORIENTED_EDGE('',*,*,#2823,.T.);
#2029=ORIENTED_EDGE('',*,*,#2826,.T.);
#2030=ORIENTED_EDGE('',*,*,#3181,.F.);
#2031=ORIENTED_EDGE('',*,*,#3182,.T.);
#2032=ORIENTED_EDGE('',*,*,#2901,.T.);
#2033=ORIENTED_EDGE('',*,*,#2824,.F.);
#2034=ORIENTED_EDGE('',*,*,#3183,.T.);
#2035=ORIENTED_EDGE('',*,*,#3184,.T.);
#2036=ORIENTED_EDGE('',*,*,#3185,.F.);
#2037=ORIENTED_EDGE('',*,*,#3186,.T.);
#2038=ORIENTED_EDGE('',*,*,#3182,.F.);
#2039=ORIENTED_EDGE('',*,*,#3020,.F.);
#2040=ORIENTED_EDGE('',*,*,#3187,.T.);
#2041=ORIENTED_EDGE('',*,*,#3150,.F.);
#2042=ORIENTED_EDGE('',*,*,#3188,.F.);
#2043=ORIENTED_EDGE('',*,*,#3189,.T.);
#2044=ORIENTED_EDGE('',*,*,#3190,.F.);
#2045=ORIENTED_EDGE('',*,*,#3162,.F.);
#2046=ORIENTED_EDGE('',*,*,#3191,.F.);
#2047=ORIENTED_EDGE('',*,*,#3008,.F.);
#2048=ORIENTED_EDGE('',*,*,#3192,.F.);
#2049=ORIENTED_EDGE('',*,*,#3193,.F.);
#2050=ORIENTED_EDGE('',*,*,#3194,.F.);
#2051=ORIENTED_EDGE('',*,*,#2990,.F.);
#2052=ORIENTED_EDGE('',*,*,#3195,.F.);
#2053=ORIENTED_EDGE('',*,*,#3196,.F.);
#2054=ORIENTED_EDGE('',*,*,#3197,.F.);
#2055=ORIENTED_EDGE('',*,*,#3198,.T.);
#2056=ORIENTED_EDGE('',*,*,#3199,.F.);
#2057=ORIENTED_EDGE('',*,*,#3200,.F.);
#2058=ORIENTED_EDGE('',*,*,#3201,.T.);
#2059=ORIENTED_EDGE('',*,*,#3202,.F.);
#2060=ORIENTED_EDGE('',*,*,#2870,.F.);
#2061=ORIENTED_EDGE('',*,*,#3203,.T.);
#2062=ORIENTED_EDGE('',*,*,#3204,.F.);
#2063=ORIENTED_EDGE('',*,*,#2871,.F.);
#2064=ORIENTED_EDGE('',*,*,#3202,.T.);
#2065=ORIENTED_EDGE('',*,*,#3205,.F.);
#2066=ORIENTED_EDGE('',*,*,#3005,.T.);
#2067=ORIENTED_EDGE('',*,*,#3206,.T.);
#2068=ORIENTED_EDGE('',*,*,#3207,.F.);
#2069=ORIENTED_EDGE('',*,*,#2872,.F.);
#2070=ORIENTED_EDGE('',*,*,#3204,.T.);
#2071=ORIENTED_EDGE('',*,*,#3208,.F.);
#2072=ORIENTED_EDGE('',*,*,#3002,.T.);
#2073=ORIENTED_EDGE('',*,*,#3209,.T.);
#2074=ORIENTED_EDGE('',*,*,#3210,.F.);
#2075=ORIENTED_EDGE('',*,*,#3211,.T.);
#2076=ORIENTED_EDGE('',*,*,#3198,.F.);
#2077=ORIENTED_EDGE('',*,*,#3212,.F.);
#2078=ORIENTED_EDGE('',*,*,#3213,.T.);
#2079=ORIENTED_EDGE('',*,*,#3201,.F.);
#2080=ORIENTED_EDGE('',*,*,#3214,.T.);
#2081=ORIENTED_EDGE('',*,*,#3189,.F.);
#2082=ORIENTED_EDGE('',*,*,#3215,.F.);
#2083=ORIENTED_EDGE('',*,*,#3186,.F.);
#2084=ORIENTED_EDGE('',*,*,#3216,.T.);
#2085=ORIENTED_EDGE('',*,*,#3217,.F.);
#2086=ORIENTED_EDGE('',*,*,#3115,.T.);
#2087=ORIENTED_EDGE('',*,*,#2902,.T.);
#2088=ORIENTED_EDGE('',*,*,#2905,.F.);
#2089=ORIENTED_EDGE('',*,*,#3024,.T.);
#2090=ORIENTED_EDGE('',*,*,#3218,.T.);
#2091=ORIENTED_EDGE('',*,*,#3146,.F.);
#2092=ORIENTED_EDGE('',*,*,#3218,.F.);
#2093=ORIENTED_EDGE('',*,*,#3023,.T.);
#2094=ORIENTED_EDGE('',*,*,#3219,.T.);
#2095=ORIENTED_EDGE('',*,*,#3147,.F.);
#2096=ORIENTED_EDGE('',*,*,#3148,.T.);
#2097=ORIENTED_EDGE('',*,*,#3219,.F.);
#2098=ORIENTED_EDGE('',*,*,#3022,.F.);
#2099=ORIENTED_EDGE('',*,*,#3220,.F.);
#2100=ORIENTED_EDGE('',*,*,#3151,.T.);
#2101=ORIENTED_EDGE('',*,*,#3187,.F.);
#2102=ORIENTED_EDGE('',*,*,#3019,.F.);
#2103=ORIENTED_EDGE('',*,*,#3221,.F.);
#2104=ORIENTED_EDGE('',*,*,#3017,.T.);
#2105=ORIENTED_EDGE('',*,*,#3222,.T.);
#2106=ORIENTED_EDGE('',*,*,#3153,.F.);
#2107=ORIENTED_EDGE('',*,*,#3223,.F.);
#2108=ORIENTED_EDGE('',*,*,#3154,.F.);
#2109=ORIENTED_EDGE('',*,*,#3222,.F.);
#2110=ORIENTED_EDGE('',*,*,#3016,.T.);
#2111=ORIENTED_EDGE('',*,*,#3224,.F.);
#2112=ORIENTED_EDGE('',*,*,#3156,.F.);
#2113=ORIENTED_EDGE('',*,*,#3225,.F.);
#2114=ORIENTED_EDGE('',*,*,#3014,.T.);
#2115=ORIENTED_EDGE('',*,*,#3226,.F.);
#2116=ORIENTED_EDGE('',*,*,#3012,.F.);
#2117=ORIENTED_EDGE('',*,*,#3227,.T.);
#2118=ORIENTED_EDGE('',*,*,#3158,.T.);
#2119=ORIENTED_EDGE('',*,*,#3228,.F.);
#2120=ORIENTED_EDGE('',*,*,#3159,.T.);
#2121=ORIENTED_EDGE('',*,*,#3227,.F.);
#2122=ORIENTED_EDGE('',*,*,#3011,.F.);
#2123=ORIENTED_EDGE('',*,*,#3229,.F.);
#2124=ORIENTED_EDGE('',*,*,#3009,.F.);
#2125=ORIENTED_EDGE('',*,*,#3191,.T.);
#2126=ORIENTED_EDGE('',*,*,#3161,.T.);
#2127=ORIENTED_EDGE('',*,*,#3230,.F.);
#2128=ORIENTED_EDGE('',*,*,#3006,.T.);
#2129=ORIENTED_EDGE('',*,*,#3205,.T.);
#2130=ORIENTED_EDGE('',*,*,#3213,.F.);
#2131=ORIENTED_EDGE('',*,*,#3231,.F.);
#2132=ORIENTED_EDGE('',*,*,#3196,.T.);
#2133=ORIENTED_EDGE('',*,*,#3232,.F.);
#2134=ORIENTED_EDGE('',*,*,#3206,.F.);
#2135=ORIENTED_EDGE('',*,*,#3004,.F.);
#2136=ORIENTED_EDGE('',*,*,#3233,.F.);
#2137=ORIENTED_EDGE('',*,*,#3209,.F.);
#2138=ORIENTED_EDGE('',*,*,#3001,.F.);
#2139=ORIENTED_EDGE('',*,*,#3234,.F.);
#2140=ORIENTED_EDGE('',*,*,#3235,.F.);
#2141=ORIENTED_EDGE('',*,*,#2999,.F.);
#2142=ORIENTED_EDGE('',*,*,#3236,.T.);
#2143=ORIENTED_EDGE('',*,*,#3237,.T.);
#2144=ORIENTED_EDGE('',*,*,#3238,.F.);
#2145=ORIENTED_EDGE('',*,*,#3239,.F.);
#2146=ORIENTED_EDGE('',*,*,#3240,.T.);
#2147=ORIENTED_EDGE('',*,*,#3236,.F.);
#2148=ORIENTED_EDGE('',*,*,#2998,.F.);
#2149=ORIENTED_EDGE('',*,*,#3241,.F.);
#2150=ORIENTED_EDGE('',*,*,#2996,.T.);
#2151=ORIENTED_EDGE('',*,*,#3242,.F.);
#2152=ORIENTED_EDGE('',*,*,#3243,.F.);
#2153=ORIENTED_EDGE('',*,*,#3244,.F.);
#2154=ORIENTED_EDGE('',*,*,#2994,.F.);
#2155=ORIENTED_EDGE('',*,*,#3245,.T.);
#2156=ORIENTED_EDGE('',*,*,#3246,.T.);
#2157=ORIENTED_EDGE('',*,*,#3247,.F.);
#2158=ORIENTED_EDGE('',*,*,#3248,.T.);
#2159=ORIENTED_EDGE('',*,*,#3245,.F.);
#2160=ORIENTED_EDGE('',*,*,#2993,.F.);
#2161=ORIENTED_EDGE('',*,*,#3249,.F.);
#2162=ORIENTED_EDGE('',*,*,#2991,.F.);
#2163=ORIENTED_EDGE('',*,*,#3194,.T.);
#2164=ORIENTED_EDGE('',*,*,#3250,.T.);
#2165=ORIENTED_EDGE('',*,*,#3251,.F.);
#2166=ORIENTED_EDGE('',*,*,#2988,.T.);
#2167=ORIENTED_EDGE('',*,*,#3252,.T.);
#2168=ORIENTED_EDGE('',*,*,#3253,.F.);
#2169=ORIENTED_EDGE('',*,*,#3254,.F.);
#2170=ORIENTED_EDGE('',*,*,#3255,.T.);
#2171=ORIENTED_EDGE('',*,*,#3252,.F.);
#2172=ORIENTED_EDGE('',*,*,#2987,.F.);
#2173=ORIENTED_EDGE('',*,*,#3256,.T.);
#2174=ORIENTED_EDGE('',*,*,#3257,.T.);
#2175=ORIENTED_EDGE('',*,*,#3256,.F.);
#2176=ORIENTED_EDGE('',*,*,#2986,.F.);
#2177=ORIENTED_EDGE('',*,*,#3258,.T.);
#2178=ORIENTED_EDGE('',*,*,#3259,.T.);
#2179=ORIENTED_EDGE('',*,*,#3258,.F.);
#2180=ORIENTED_EDGE('',*,*,#2985,.F.);
#2181=ORIENTED_EDGE('',*,*,#3260,.T.);
#2182=ORIENTED_EDGE('',*,*,#3261,.F.);
#2183=ORIENTED_EDGE('',*,*,#2873,.T.);
#2184=ORIENTED_EDGE('',*,*,#3207,.T.);
#2185=ORIENTED_EDGE('',*,*,#3262,.F.);
#2186=ORIENTED_EDGE('',*,*,#3199,.T.);
#2187=ORIENTED_EDGE('',*,*,#3211,.F.);
#2188=ORIENTED_EDGE('',*,*,#3263,.F.);
#2189=ORIENTED_EDGE('',*,*,#3264,.F.);
#2190=ORIENTED_EDGE('',*,*,#3237,.F.);
#2191=ORIENTED_EDGE('',*,*,#3240,.F.);
#2192=ORIENTED_EDGE('',*,*,#3265,.F.);
#2193=ORIENTED_EDGE('',*,*,#3243,.T.);
#2194=ORIENTED_EDGE('',*,*,#3266,.F.);
#2195=ORIENTED_EDGE('',*,*,#3246,.F.);
#2196=ORIENTED_EDGE('',*,*,#3248,.F.);
#2197=ORIENTED_EDGE('',*,*,#3267,.F.);
#2198=ORIENTED_EDGE('',*,*,#3250,.F.);
#2199=ORIENTED_EDGE('',*,*,#3193,.T.);
#2200=ORIENTED_EDGE('',*,*,#3268,.F.);
#2201=ORIENTED_EDGE('',*,*,#3253,.T.);
#2202=ORIENTED_EDGE('',*,*,#3255,.F.);
#2203=ORIENTED_EDGE('',*,*,#3257,.F.);
#2204=ORIENTED_EDGE('',*,*,#3259,.F.);
#2205=ORIENTED_EDGE('',*,*,#3269,.T.);
#2206=ORIENTED_EDGE('',*,*,#3270,.T.);
#2207=ORIENTED_EDGE('',*,*,#3271,.F.);
#2208=ORIENTED_EDGE('',*,*,#3272,.T.);
#2209=ORIENTED_EDGE('',*,*,#3273,.F.);
#2210=ORIENTED_EDGE('',*,*,#3274,.T.);
#2211=ORIENTED_EDGE('',*,*,#3275,.T.);
#2212=ORIENTED_EDGE('',*,*,#3276,.T.);
#2213=ORIENTED_EDGE('',*,*,#3277,.T.);
#2214=ORIENTED_EDGE('',*,*,#3278,.T.);
#2215=ORIENTED_EDGE('',*,*,#3279,.F.);
#2216=ORIENTED_EDGE('',*,*,#3280,.T.);
#2217=ORIENTED_EDGE('',*,*,#3281,.T.);
#2218=ORIENTED_EDGE('',*,*,#3282,.T.);
#2219=ORIENTED_EDGE('',*,*,#3283,.T.);
#2220=ORIENTED_EDGE('',*,*,#3284,.F.);
#2221=ORIENTED_EDGE('',*,*,#3285,.F.);
#2222=ORIENTED_EDGE('',*,*,#3286,.T.);
#2223=ORIENTED_EDGE('',*,*,#2875,.T.);
#2224=ORIENTED_EDGE('',*,*,#3287,.F.);
#2225=ORIENTED_EDGE('',*,*,#3163,.T.);
#2226=ORIENTED_EDGE('',*,*,#3190,.T.);
#2227=ORIENTED_EDGE('',*,*,#3214,.F.);
#2228=ORIENTED_EDGE('',*,*,#3203,.F.);
#2229=ORIENTED_EDGE('',*,*,#2869,.F.);
#2230=ORIENTED_EDGE('',*,*,#3288,.F.);
#2231=ORIENTED_EDGE('',*,*,#3000,.T.);
#2232=ORIENTED_EDGE('',*,*,#3239,.T.);
#2233=ORIENTED_EDGE('',*,*,#3289,.F.);
#2234=ORIENTED_EDGE('',*,*,#3234,.T.);
#2235=ORIENTED_EDGE('',*,*,#2997,.T.);
#2236=ORIENTED_EDGE('',*,*,#3244,.T.);
#2237=ORIENTED_EDGE('',*,*,#3265,.T.);
#2238=ORIENTED_EDGE('',*,*,#3241,.T.);
#2239=ORIENTED_EDGE('',*,*,#2995,.T.);
#2240=ORIENTED_EDGE('',*,*,#3247,.T.);
#2241=ORIENTED_EDGE('',*,*,#3266,.T.);
#2242=ORIENTED_EDGE('',*,*,#3242,.T.);
#2243=ORIENTED_EDGE('',*,*,#2992,.T.);
#2244=ORIENTED_EDGE('',*,*,#3251,.T.);
#2245=ORIENTED_EDGE('',*,*,#3267,.T.);
#2246=ORIENTED_EDGE('',*,*,#3249,.T.);
#2247=ORIENTED_EDGE('',*,*,#3010,.T.);
#2248=ORIENTED_EDGE('',*,*,#3230,.T.);
#2249=ORIENTED_EDGE('',*,*,#3160,.T.);
#2250=ORIENTED_EDGE('',*,*,#3229,.T.);
#2251=ORIENTED_EDGE('',*,*,#3013,.T.);
#2252=ORIENTED_EDGE('',*,*,#3228,.T.);
#2253=ORIENTED_EDGE('',*,*,#3157,.T.);
#2254=ORIENTED_EDGE('',*,*,#3226,.T.);
#2255=ORIENTED_EDGE('',*,*,#3015,.T.);
#2256=ORIENTED_EDGE('',*,*,#3225,.T.);
#2257=ORIENTED_EDGE('',*,*,#3155,.T.);
#2258=ORIENTED_EDGE('',*,*,#3224,.T.);
#2259=ORIENTED_EDGE('',*,*,#3018,.T.);
#2260=ORIENTED_EDGE('',*,*,#3223,.T.);
#2261=ORIENTED_EDGE('',*,*,#3152,.T.);
#2262=ORIENTED_EDGE('',*,*,#3221,.T.);
#2263=ORIENTED_EDGE('',*,*,#2989,.T.);
#2264=ORIENTED_EDGE('',*,*,#3254,.T.);
#2265=ORIENTED_EDGE('',*,*,#3268,.T.);
#2266=ORIENTED_EDGE('',*,*,#3195,.T.);
#2267=ORIENTED_EDGE('',*,*,#3021,.T.);
#2268=ORIENTED_EDGE('',*,*,#3188,.T.);
#2269=ORIENTED_EDGE('',*,*,#3149,.T.);
#2270=ORIENTED_EDGE('',*,*,#3220,.T.);
#2271=ORIENTED_EDGE('',*,*,#3007,.T.);
#2272=ORIENTED_EDGE('',*,*,#3231,.T.);
#2273=ORIENTED_EDGE('',*,*,#3215,.T.);
#2274=ORIENTED_EDGE('',*,*,#3192,.T.);
#2275=ORIENTED_EDGE('',*,*,#3003,.T.);
#2276=ORIENTED_EDGE('',*,*,#3212,.T.);
#2277=ORIENTED_EDGE('',*,*,#3197,.T.);
#2278=ORIENTED_EDGE('',*,*,#3233,.T.);
#2279=ORIENTED_EDGE('',*,*,#2874,.T.);
#2280=ORIENTED_EDGE('',*,*,#3261,.T.);
#2281=ORIENTED_EDGE('',*,*,#3290,.T.);
#2282=ORIENTED_EDGE('',*,*,#3287,.T.);
#2283=ORIENTED_EDGE('',*,*,#3210,.T.);
#2284=ORIENTED_EDGE('',*,*,#3235,.T.);
#2285=ORIENTED_EDGE('',*,*,#3289,.T.);
#2286=ORIENTED_EDGE('',*,*,#3238,.T.);
#2287=ORIENTED_EDGE('',*,*,#3264,.T.);
#2288=ORIENTED_EDGE('',*,*,#3291,.T.);
#2289=ORIENTED_EDGE('',*,*,#3263,.T.);
#2290=ORIENTED_EDGE('',*,*,#3291,.F.);
#2291=ORIENTED_EDGE('',*,*,#3292,.T.);
#2292=ORIENTED_EDGE('',*,*,#3290,.F.);
#2293=ORIENTED_EDGE('',*,*,#3284,.T.);
#2294=ORIENTED_EDGE('',*,*,#3293,.T.);
#2295=ORIENTED_EDGE('',*,*,#3285,.T.);
#2296=ORIENTED_EDGE('',*,*,#3292,.F.);
#2297=ORIENTED_EDGE('',*,*,#3178,.F.);
#2298=ORIENTED_EDGE('',*,*,#3288,.T.);
#2299=ORIENTED_EDGE('',*,*,#2868,.T.);
#2300=ORIENTED_EDGE('',*,*,#3172,.T.);
#2301=ORIENTED_EDGE('',*,*,#3232,.T.);
#2302=ORIENTED_EDGE('',*,*,#3200,.T.);
#2303=ORIENTED_EDGE('',*,*,#3262,.T.);
#2304=ORIENTED_EDGE('',*,*,#3208,.T.);
#2305=ORIENTED_EDGE('',*,*,#3180,.T.);
#2306=ORIENTED_EDGE('',*,*,#3294,.T.);
#2307=ORIENTED_EDGE('',*,*,#3184,.F.);
#2308=ORIENTED_EDGE('',*,*,#3183,.F.);
#2309=ORIENTED_EDGE('',*,*,#3295,.T.);
#2310=ORIENTED_EDGE('',*,*,#3296,.T.);
#2311=ORIENTED_EDGE('',*,*,#3297,.F.);
#2312=ORIENTED_EDGE('',*,*,#3298,.T.);
#2313=ORIENTED_EDGE('',*,*,#3299,.T.);
#2314=ORIENTED_EDGE('',*,*,#2828,.F.);
#2315=ORIENTED_EDGE('',*,*,#2899,.T.);
#2316=ORIENTED_EDGE('',*,*,#3295,.F.);
#2317=ORIENTED_EDGE('',*,*,#3071,.F.);
#2318=ORIENTED_EDGE('',*,*,#3300,.T.);
#2319=ORIENTED_EDGE('',*,*,#3301,.F.);
#2320=ORIENTED_EDGE('',*,*,#3302,.F.);
#2321=ORIENTED_EDGE('',*,*,#3303,.T.);
#2322=ORIENTED_EDGE('',*,*,#3304,.F.);
#2323=ORIENTED_EDGE('',*,*,#3305,.F.);
#2324=ORIENTED_EDGE('',*,*,#3306,.F.);
#2325=ORIENTED_EDGE('',*,*,#3059,.F.);
#2326=ORIENTED_EDGE('',*,*,#3307,.F.);
#2327=ORIENTED_EDGE('',*,*,#3132,.F.);
#2328=ORIENTED_EDGE('',*,*,#3308,.F.);
#2329=ORIENTED_EDGE('',*,*,#3041,.F.);
#2330=ORIENTED_EDGE('',*,*,#3309,.F.);
#2331=ORIENTED_EDGE('',*,*,#3310,.F.);
#2332=ORIENTED_EDGE('',*,*,#3311,.F.);
#2333=ORIENTED_EDGE('',*,*,#3312,.T.);
#2334=ORIENTED_EDGE('',*,*,#3313,.F.);
#2335=ORIENTED_EDGE('',*,*,#3314,.F.);
#2336=ORIENTED_EDGE('',*,*,#3315,.T.);
#2337=ORIENTED_EDGE('',*,*,#3316,.F.);
#2338=ORIENTED_EDGE('',*,*,#2886,.F.);
#2339=ORIENTED_EDGE('',*,*,#3317,.T.);
#2340=ORIENTED_EDGE('',*,*,#3318,.F.);
#2341=ORIENTED_EDGE('',*,*,#2887,.F.);
#2342=ORIENTED_EDGE('',*,*,#3316,.T.);
#2343=ORIENTED_EDGE('',*,*,#3319,.F.);
#2344=ORIENTED_EDGE('',*,*,#3056,.T.);
#2345=ORIENTED_EDGE('',*,*,#3320,.T.);
#2346=ORIENTED_EDGE('',*,*,#3321,.F.);
#2347=ORIENTED_EDGE('',*,*,#2888,.F.);
#2348=ORIENTED_EDGE('',*,*,#3318,.T.);
#2349=ORIENTED_EDGE('',*,*,#3322,.F.);
#2350=ORIENTED_EDGE('',*,*,#3053,.T.);
#2351=ORIENTED_EDGE('',*,*,#3323,.T.);
#2352=ORIENTED_EDGE('',*,*,#3324,.F.);
#2353=ORIENTED_EDGE('',*,*,#3325,.T.);
#2354=ORIENTED_EDGE('',*,*,#3312,.F.);
#2355=ORIENTED_EDGE('',*,*,#3326,.F.);
#2356=ORIENTED_EDGE('',*,*,#3327,.T.);
#2357=ORIENTED_EDGE('',*,*,#3315,.F.);
#2358=ORIENTED_EDGE('',*,*,#3328,.T.);
#2359=ORIENTED_EDGE('',*,*,#3303,.F.);
#2360=ORIENTED_EDGE('',*,*,#3329,.F.);
#2361=ORIENTED_EDGE('',*,*,#2898,.F.);
#2362=ORIENTED_EDGE('',*,*,#3116,.F.);
#2363=ORIENTED_EDGE('',*,*,#3217,.T.);
#2364=ORIENTED_EDGE('',*,*,#3330,.T.);
#2365=ORIENTED_EDGE('',*,*,#3296,.F.);
#2366=ORIENTED_EDGE('',*,*,#3076,.T.);
#2367=ORIENTED_EDGE('',*,*,#3331,.T.);
#2368=ORIENTED_EDGE('',*,*,#3332,.F.);
#2369=ORIENTED_EDGE('',*,*,#3333,.F.);
#2370=ORIENTED_EDGE('',*,*,#3331,.F.);
#2371=ORIENTED_EDGE('',*,*,#3075,.T.);
#2372=ORIENTED_EDGE('',*,*,#3334,.T.);
#2373=ORIENTED_EDGE('',*,*,#3335,.F.);
#2374=ORIENTED_EDGE('',*,*,#3334,.F.);
#2375=ORIENTED_EDGE('',*,*,#3074,.T.);
#2376=ORIENTED_EDGE('',*,*,#3336,.T.);
#2377=ORIENTED_EDGE('',*,*,#3337,.F.);
#2378=ORIENTED_EDGE('',*,*,#3338,.T.);
#2379=ORIENTED_EDGE('',*,*,#3336,.F.);
#2380=ORIENTED_EDGE('',*,*,#3073,.F.);
#2381=ORIENTED_EDGE('',*,*,#3339,.F.);
#2382=ORIENTED_EDGE('',*,*,#3340,.T.);
#2383=ORIENTED_EDGE('',*,*,#3300,.F.);
#2384=ORIENTED_EDGE('',*,*,#3070,.F.);
#2385=ORIENTED_EDGE('',*,*,#3341,.F.);
#2386=ORIENTED_EDGE('',*,*,#3068,.T.);
#2387=ORIENTED_EDGE('',*,*,#3342,.T.);
#2388=ORIENTED_EDGE('',*,*,#3343,.F.);
#2389=ORIENTED_EDGE('',*,*,#3344,.F.);
#2390=ORIENTED_EDGE('',*,*,#3345,.F.);
#2391=ORIENTED_EDGE('',*,*,#3342,.F.);
#2392=ORIENTED_EDGE('',*,*,#3067,.T.);
#2393=ORIENTED_EDGE('',*,*,#3346,.F.);
#2394=ORIENTED_EDGE('',*,*,#3347,.F.);
#2395=ORIENTED_EDGE('',*,*,#3348,.F.);
#2396=ORIENTED_EDGE('',*,*,#3065,.T.);
#2397=ORIENTED_EDGE('',*,*,#3349,.F.);
#2398=ORIENTED_EDGE('',*,*,#3063,.F.);
#2399=ORIENTED_EDGE('',*,*,#3350,.T.);
#2400=ORIENTED_EDGE('',*,*,#3351,.T.);
#2401=ORIENTED_EDGE('',*,*,#3352,.F.);
#2402=ORIENTED_EDGE('',*,*,#3353,.T.);
#2403=ORIENTED_EDGE('',*,*,#3350,.F.);
#2404=ORIENTED_EDGE('',*,*,#3062,.F.);
#2405=ORIENTED_EDGE('',*,*,#3354,.F.);
#2406=ORIENTED_EDGE('',*,*,#3060,.F.);
#2407=ORIENTED_EDGE('',*,*,#3306,.T.);
#2408=ORIENTED_EDGE('',*,*,#3355,.T.);
#2409=ORIENTED_EDGE('',*,*,#3356,.F.);
#2410=ORIENTED_EDGE('',*,*,#3057,.T.);
#2411=ORIENTED_EDGE('',*,*,#3319,.T.);
#2412=ORIENTED_EDGE('',*,*,#3327,.F.);
#2413=ORIENTED_EDGE('',*,*,#3357,.F.);
#2414=ORIENTED_EDGE('',*,*,#3310,.T.);
#2415=ORIENTED_EDGE('',*,*,#3358,.F.);
#2416=ORIENTED_EDGE('',*,*,#3320,.F.);
#2417=ORIENTED_EDGE('',*,*,#3055,.F.);
#2418=ORIENTED_EDGE('',*,*,#3359,.F.);
#2419=ORIENTED_EDGE('',*,*,#3323,.F.);
#2420=ORIENTED_EDGE('',*,*,#3052,.F.);
#2421=ORIENTED_EDGE('',*,*,#3360,.F.);
#2422=ORIENTED_EDGE('',*,*,#3361,.F.);
#2423=ORIENTED_EDGE('',*,*,#3050,.F.);
#2424=ORIENTED_EDGE('',*,*,#3362,.T.);
#2425=ORIENTED_EDGE('',*,*,#3123,.T.);
#2426=ORIENTED_EDGE('',*,*,#3363,.F.);
#2427=ORIENTED_EDGE('',*,*,#3364,.F.);
#2428=ORIENTED_EDGE('',*,*,#3124,.T.);
#2429=ORIENTED_EDGE('',*,*,#3362,.F.);
#2430=ORIENTED_EDGE('',*,*,#3049,.F.);
#2431=ORIENTED_EDGE('',*,*,#3365,.F.);
#2432=ORIENTED_EDGE('',*,*,#3047,.T.);
#2433=ORIENTED_EDGE('',*,*,#3366,.F.);
#2434=ORIENTED_EDGE('',*,*,#3126,.F.);
#2435=ORIENTED_EDGE('',*,*,#3367,.F.);
#2436=ORIENTED_EDGE('',*,*,#3045,.F.);
#2437=ORIENTED_EDGE('',*,*,#3368,.T.);
#2438=ORIENTED_EDGE('',*,*,#3128,.T.);
#2439=ORIENTED_EDGE('',*,*,#3369,.F.);
#2440=ORIENTED_EDGE('',*,*,#3129,.T.);
#2441=ORIENTED_EDGE('',*,*,#3368,.F.);
#2442=ORIENTED_EDGE('',*,*,#3044,.F.);
#2443=ORIENTED_EDGE('',*,*,#3370,.F.);
#2444=ORIENTED_EDGE('',*,*,#3042,.F.);
#2445=ORIENTED_EDGE('',*,*,#3308,.T.);
#2446=ORIENTED_EDGE('',*,*,#3131,.T.);
#2447=ORIENTED_EDGE('',*,*,#3371,.F.);
#2448=ORIENTED_EDGE('',*,*,#3039,.T.);
#2449=ORIENTED_EDGE('',*,*,#3372,.T.);
#2450=ORIENTED_EDGE('',*,*,#3134,.F.);
#2451=ORIENTED_EDGE('',*,*,#3373,.F.);
#2452=ORIENTED_EDGE('',*,*,#3135,.T.);
#2453=ORIENTED_EDGE('',*,*,#3372,.F.);
#2454=ORIENTED_EDGE('',*,*,#3038,.F.);
#2455=ORIENTED_EDGE('',*,*,#3374,.T.);
#2456=ORIENTED_EDGE('',*,*,#3136,.T.);
#2457=ORIENTED_EDGE('',*,*,#3374,.F.);
#2458=ORIENTED_EDGE('',*,*,#3037,.F.);
#2459=ORIENTED_EDGE('',*,*,#2982,.T.);
#2460=ORIENTED_EDGE('',*,*,#3375,.F.);
#2461=ORIENTED_EDGE('',*,*,#2889,.T.);
#2462=ORIENTED_EDGE('',*,*,#3321,.T.);
#2463=ORIENTED_EDGE('',*,*,#3376,.F.);
#2464=ORIENTED_EDGE('',*,*,#3313,.T.);
#2465=ORIENTED_EDGE('',*,*,#3325,.F.);
#2466=ORIENTED_EDGE('',*,*,#3377,.F.);
#2467=ORIENTED_EDGE('',*,*,#3378,.T.);
#2468=ORIENTED_EDGE('',*,*,#3304,.T.);
#2469=ORIENTED_EDGE('',*,*,#3328,.F.);
#2470=ORIENTED_EDGE('',*,*,#3317,.F.);
#2471=ORIENTED_EDGE('',*,*,#2885,.F.);
#2472=ORIENTED_EDGE('',*,*,#3379,.F.);
#2473=ORIENTED_EDGE('',*,*,#3332,.T.);
#2474=ORIENTED_EDGE('',*,*,#3335,.T.);
#2475=ORIENTED_EDGE('',*,*,#3337,.T.);
#2476=ORIENTED_EDGE('',*,*,#3338,.F.);
#2477=ORIENTED_EDGE('',*,*,#3380,.F.);
#2478=ORIENTED_EDGE('',*,*,#3301,.T.);
#2479=ORIENTED_EDGE('',*,*,#3340,.F.);
#2480=ORIENTED_EDGE('',*,*,#3381,.F.);
#2481=ORIENTED_EDGE('',*,*,#3343,.T.);
#2482=ORIENTED_EDGE('',*,*,#3345,.T.);
#2483=ORIENTED_EDGE('',*,*,#3382,.F.);
#2484=ORIENTED_EDGE('',*,*,#3347,.T.);
#2485=ORIENTED_EDGE('',*,*,#3383,.F.);
#2486=ORIENTED_EDGE('',*,*,#3351,.F.);
#2487=ORIENTED_EDGE('',*,*,#3353,.F.);
#2488=ORIENTED_EDGE('',*,*,#3384,.F.);
#2489=ORIENTED_EDGE('',*,*,#3355,.F.);
#2490=ORIENTED_EDGE('',*,*,#3305,.T.);
#2491=ORIENTED_EDGE('',*,*,#3378,.F.);
#2492=ORIENTED_EDGE('',*,*,#3385,.F.);
#2493=ORIENTED_EDGE('',*,*,#3386,.T.);
#2494=ORIENTED_EDGE('',*,*,#3387,.F.);
#2495=ORIENTED_EDGE('',*,*,#3388,.T.);
#2496=ORIENTED_EDGE('',*,*,#3389,.T.);
#2497=ORIENTED_EDGE('',*,*,#3390,.T.);
#2498=ORIENTED_EDGE('',*,*,#3391,.T.);
#2499=ORIENTED_EDGE('',*,*,#3392,.T.);
#2500=ORIENTED_EDGE('',*,*,#3393,.F.);
#2501=ORIENTED_EDGE('',*,*,#3394,.T.);
#2502=ORIENTED_EDGE('',*,*,#3395,.F.);
#2503=ORIENTED_EDGE('',*,*,#3396,.F.);
#2504=ORIENTED_EDGE('',*,*,#3397,.T.);
#2505=ORIENTED_EDGE('',*,*,#3398,.T.);
#2506=ORIENTED_EDGE('',*,*,#3399,.F.);
#2507=ORIENTED_EDGE('',*,*,#3400,.T.);
#2508=ORIENTED_EDGE('',*,*,#3401,.T.);
#2509=ORIENTED_EDGE('',*,*,#3402,.F.);
#2510=ORIENTED_EDGE('',*,*,#3403,.F.);
#2511=ORIENTED_EDGE('',*,*,#2883,.T.);
#2512=ORIENTED_EDGE('',*,*,#3404,.T.);
#2513=ORIENTED_EDGE('',*,*,#3405,.F.);
#2514=ORIENTED_EDGE('',*,*,#3406,.F.);
#2515=ORIENTED_EDGE('',*,*,#3051,.T.);
#2516=ORIENTED_EDGE('',*,*,#3364,.T.);
#2517=ORIENTED_EDGE('',*,*,#3407,.F.);
#2518=ORIENTED_EDGE('',*,*,#3360,.T.);
#2519=ORIENTED_EDGE('',*,*,#3048,.T.);
#2520=ORIENTED_EDGE('',*,*,#3367,.T.);
#2521=ORIENTED_EDGE('',*,*,#3125,.T.);
#2522=ORIENTED_EDGE('',*,*,#3365,.T.);
#2523=ORIENTED_EDGE('',*,*,#3046,.T.);
#2524=ORIENTED_EDGE('',*,*,#3369,.T.);
#2525=ORIENTED_EDGE('',*,*,#3127,.T.);
#2526=ORIENTED_EDGE('',*,*,#3366,.T.);
#2527=ORIENTED_EDGE('',*,*,#3043,.T.);
#2528=ORIENTED_EDGE('',*,*,#3371,.T.);
#2529=ORIENTED_EDGE('',*,*,#3130,.T.);
#2530=ORIENTED_EDGE('',*,*,#3370,.T.);
#2531=ORIENTED_EDGE('',*,*,#3061,.T.);
#2532=ORIENTED_EDGE('',*,*,#3356,.T.);
#2533=ORIENTED_EDGE('',*,*,#3384,.T.);
#2534=ORIENTED_EDGE('',*,*,#3354,.T.);
#2535=ORIENTED_EDGE('',*,*,#3064,.T.);
#2536=ORIENTED_EDGE('',*,*,#3352,.T.);
#2537=ORIENTED_EDGE('',*,*,#3383,.T.);
#2538=ORIENTED_EDGE('',*,*,#3349,.T.);
#2539=ORIENTED_EDGE('',*,*,#3066,.T.);
#2540=ORIENTED_EDGE('',*,*,#3348,.T.);
#2541=ORIENTED_EDGE('',*,*,#3382,.T.);
#2542=ORIENTED_EDGE('',*,*,#3346,.T.);
#2543=ORIENTED_EDGE('',*,*,#3069,.T.);
#2544=ORIENTED_EDGE('',*,*,#3344,.T.);
#2545=ORIENTED_EDGE('',*,*,#3381,.T.);
#2546=ORIENTED_EDGE('',*,*,#3341,.T.);
#2547=ORIENTED_EDGE('',*,*,#3040,.T.);
#2548=ORIENTED_EDGE('',*,*,#3373,.T.);
#2549=ORIENTED_EDGE('',*,*,#3133,.T.);
#2550=ORIENTED_EDGE('',*,*,#3309,.T.);
#2551=ORIENTED_EDGE('',*,*,#3072,.T.);
#2552=ORIENTED_EDGE('',*,*,#3302,.T.);
#2553=ORIENTED_EDGE('',*,*,#3380,.T.);
#2554=ORIENTED_EDGE('',*,*,#3339,.T.);
#2555=ORIENTED_EDGE('',*,*,#3058,.T.);
#2556=ORIENTED_EDGE('',*,*,#3357,.T.);
#2557=ORIENTED_EDGE('',*,*,#3329,.T.);
#2558=ORIENTED_EDGE('',*,*,#3307,.T.);
#2559=ORIENTED_EDGE('',*,*,#3054,.T.);
#2560=ORIENTED_EDGE('',*,*,#3326,.T.);
#2561=ORIENTED_EDGE('',*,*,#3311,.T.);
#2562=ORIENTED_EDGE('',*,*,#3359,.T.);
#2563=ORIENTED_EDGE('',*,*,#2890,.T.);
#2564=ORIENTED_EDGE('',*,*,#3375,.T.);
#2565=ORIENTED_EDGE('',*,*,#3408,.T.);
#2566=ORIENTED_EDGE('',*,*,#3141,.T.);
#2567=ORIENTED_EDGE('',*,*,#3324,.T.);
#2568=ORIENTED_EDGE('',*,*,#3361,.T.);
#2569=ORIENTED_EDGE('',*,*,#3407,.T.);
#2570=ORIENTED_EDGE('',*,*,#3363,.T.);
#2571=ORIENTED_EDGE('',*,*,#3122,.T.);
#2572=ORIENTED_EDGE('',*,*,#3409,.T.);
#2573=ORIENTED_EDGE('',*,*,#3377,.T.);
#2574=ORIENTED_EDGE('',*,*,#3409,.F.);
#2575=ORIENTED_EDGE('',*,*,#3177,.T.);
#2576=ORIENTED_EDGE('',*,*,#3408,.F.);
#2577=ORIENTED_EDGE('',*,*,#3385,.T.);
#2578=ORIENTED_EDGE('',*,*,#3410,.T.);
#2579=ORIENTED_EDGE('',*,*,#3405,.T.);
#2580=ORIENTED_EDGE('',*,*,#3411,.F.);
#2581=ORIENTED_EDGE('',*,*,#3410,.F.);
#2582=ORIENTED_EDGE('',*,*,#3379,.T.);
#2583=ORIENTED_EDGE('',*,*,#2884,.T.);
#2584=ORIENTED_EDGE('',*,*,#3406,.T.);
#2585=ORIENTED_EDGE('',*,*,#3358,.T.);
#2586=ORIENTED_EDGE('',*,*,#3314,.T.);
#2587=ORIENTED_EDGE('',*,*,#3376,.T.);
#2588=ORIENTED_EDGE('',*,*,#3322,.T.);
#2589=ORIENTED_EDGE('',*,*,#3412,.T.);
#2590=ORIENTED_EDGE('',*,*,#3181,.T.);
#2591=ORIENTED_EDGE('',*,*,#3299,.F.);
#2592=ORIENTED_EDGE('',*,*,#3298,.F.);
#2593=ORIENTED_EDGE('',*,*,#3413,.F.);
#2594=ORIENTED_EDGE('',*,*,#3414,.F.);
#2595=ORIENTED_EDGE('',*,*,#3297,.T.);
#2596=ORIENTED_EDGE('',*,*,#3330,.F.);
#2597=ORIENTED_EDGE('',*,*,#3415,.F.);
#2598=ORIENTED_EDGE('',*,*,#3413,.T.);
#2599=ORIENTED_EDGE('',*,*,#3216,.F.);
#2600=ORIENTED_EDGE('',*,*,#3185,.T.);
#2601=ORIENTED_EDGE('',*,*,#3081,.T.);
#2602=ORIENTED_EDGE('',*,*,#3416,.T.);
#2603=ORIENTED_EDGE('',*,*,#3399,.T.);
#2604=ORIENTED_EDGE('',*,*,#3417,.F.);
#2605=ORIENTED_EDGE('',*,*,#3418,.F.);
#2606=ORIENTED_EDGE('',*,*,#3419,.T.);
#2607=ORIENTED_EDGE('',*,*,#3093,.T.);
#2608=ORIENTED_EDGE('',*,*,#3420,.T.);
#2609=ORIENTED_EDGE('',*,*,#3387,.T.);
#2610=ORIENTED_EDGE('',*,*,#3421,.T.);
#2611=ORIENTED_EDGE('',*,*,#3273,.T.);
#2612=ORIENTED_EDGE('',*,*,#3422,.T.);
#2613=ORIENTED_EDGE('',*,*,#3111,.T.);
#2614=ORIENTED_EDGE('',*,*,#3423,.T.);
#2615=ORIENTED_EDGE('',*,*,#3424,.T.);
#2616=ORIENTED_EDGE('',*,*,#3425,.T.);
#2617=ORIENTED_EDGE('',*,*,#3426,.T.);
#2618=ORIENTED_EDGE('',*,*,#3427,.F.);
#2619=ORIENTED_EDGE('',*,*,#3428,.T.);
#2620=ORIENTED_EDGE('',*,*,#3429,.F.);
#2621=ORIENTED_EDGE('',*,*,#3430,.F.);
#2622=ORIENTED_EDGE('',*,*,#2880,.T.);
#2623=ORIENTED_EDGE('',*,*,#3431,.T.);
#2624=ORIENTED_EDGE('',*,*,#3432,.T.);
#2625=ORIENTED_EDGE('',*,*,#3433,.F.);
#2626=ORIENTED_EDGE('',*,*,#3096,.F.);
#2627=ORIENTED_EDGE('',*,*,#3434,.T.);
#2628=ORIENTED_EDGE('',*,*,#3431,.F.);
#2629=ORIENTED_EDGE('',*,*,#2879,.T.);
#2630=ORIENTED_EDGE('',*,*,#3435,.T.);
#2631=ORIENTED_EDGE('',*,*,#3436,.T.);
#2632=ORIENTED_EDGE('',*,*,#3432,.F.);
#2633=ORIENTED_EDGE('',*,*,#2878,.T.);
#2634=ORIENTED_EDGE('',*,*,#3099,.F.);
#2635=ORIENTED_EDGE('',*,*,#3437,.T.);
#2636=ORIENTED_EDGE('',*,*,#3427,.T.);
#2637=ORIENTED_EDGE('',*,*,#3438,.F.);
#2638=ORIENTED_EDGE('',*,*,#3439,.T.);
#2639=ORIENTED_EDGE('',*,*,#3440,.F.);
#2640=ORIENTED_EDGE('',*,*,#3441,.F.);
#2641=ORIENTED_EDGE('',*,*,#3442,.T.);
#2642=ORIENTED_EDGE('',*,*,#3418,.T.);
#2643=ORIENTED_EDGE('',*,*,#3443,.F.);
#2644=ORIENTED_EDGE('',*,*,#3429,.T.);
#2645=ORIENTED_EDGE('',*,*,#3333,.T.);
#2646=ORIENTED_EDGE('',*,*,#3403,.T.);
#2647=ORIENTED_EDGE('',*,*,#3444,.F.);
#2648=ORIENTED_EDGE('',*,*,#3077,.F.);
#2649=ORIENTED_EDGE('',*,*,#3444,.T.);
#2650=ORIENTED_EDGE('',*,*,#3402,.T.);
#2651=ORIENTED_EDGE('',*,*,#3445,.F.);
#2652=ORIENTED_EDGE('',*,*,#3078,.F.);
#2653=ORIENTED_EDGE('',*,*,#3401,.F.);
#2654=ORIENTED_EDGE('',*,*,#3446,.T.);
#2655=ORIENTED_EDGE('',*,*,#3079,.T.);
#2656=ORIENTED_EDGE('',*,*,#3445,.T.);
#2657=ORIENTED_EDGE('',*,*,#3398,.F.);
#2658=ORIENTED_EDGE('',*,*,#3447,.T.);
#2659=ORIENTED_EDGE('',*,*,#3082,.T.);
#2660=ORIENTED_EDGE('',*,*,#3417,.T.);
#2661=ORIENTED_EDGE('',*,*,#3084,.F.);
#2662=ORIENTED_EDGE('',*,*,#3448,.T.);
#2663=ORIENTED_EDGE('',*,*,#3396,.T.);
#2664=ORIENTED_EDGE('',*,*,#3449,.F.);
#2665=ORIENTED_EDGE('',*,*,#3395,.T.);
#2666=ORIENTED_EDGE('',*,*,#3450,.T.);
#2667=ORIENTED_EDGE('',*,*,#3085,.F.);
#2668=ORIENTED_EDGE('',*,*,#3449,.T.);
#2669=ORIENTED_EDGE('',*,*,#3393,.T.);
#2670=ORIENTED_EDGE('',*,*,#3451,.T.);
#2671=ORIENTED_EDGE('',*,*,#3087,.F.);
#2672=ORIENTED_EDGE('',*,*,#3452,.T.);
#2673=ORIENTED_EDGE('',*,*,#3089,.T.);
#2674=ORIENTED_EDGE('',*,*,#3453,.T.);
#2675=ORIENTED_EDGE('',*,*,#3391,.F.);
#2676=ORIENTED_EDGE('',*,*,#3454,.F.);
#2677=ORIENTED_EDGE('',*,*,#3390,.F.);
#2678=ORIENTED_EDGE('',*,*,#3455,.T.);
#2679=ORIENTED_EDGE('',*,*,#3090,.T.);
#2680=ORIENTED_EDGE('',*,*,#3454,.T.);
#2681=ORIENTED_EDGE('',*,*,#3092,.T.);
#2682=ORIENTED_EDGE('',*,*,#3456,.T.);
#2683=ORIENTED_EDGE('',*,*,#3388,.F.);
#2684=ORIENTED_EDGE('',*,*,#3420,.F.);
#2685=ORIENTED_EDGE('',*,*,#3095,.F.);
#2686=ORIENTED_EDGE('',*,*,#3457,.T.);
#2687=ORIENTED_EDGE('',*,*,#3441,.T.);
#2688=ORIENTED_EDGE('',*,*,#3434,.F.);
#2689=ORIENTED_EDGE('',*,*,#3424,.F.);
#2690=ORIENTED_EDGE('',*,*,#3458,.T.);
#2691=ORIENTED_EDGE('',*,*,#3097,.T.);
#2692=ORIENTED_EDGE('',*,*,#3433,.T.);
#2693=ORIENTED_EDGE('',*,*,#3459,.T.);
#2694=ORIENTED_EDGE('',*,*,#3440,.T.);
#2695=ORIENTED_EDGE('',*,*,#3460,.T.);
#2696=ORIENTED_EDGE('',*,*,#3461,.T.);
#2697=ORIENTED_EDGE('',*,*,#3100,.T.);
#2698=ORIENTED_EDGE('',*,*,#3102,.T.);
#2699=ORIENTED_EDGE('',*,*,#3462,.T.);
#2700=ORIENTED_EDGE('',*,*,#3463,.T.);
#2701=ORIENTED_EDGE('',*,*,#3282,.F.);
#2702=ORIENTED_EDGE('',*,*,#3464,.F.);
#2703=ORIENTED_EDGE('',*,*,#3281,.F.);
#2704=ORIENTED_EDGE('',*,*,#3465,.T.);
#2705=ORIENTED_EDGE('',*,*,#3103,.T.);
#2706=ORIENTED_EDGE('',*,*,#3464,.T.);
#2707=ORIENTED_EDGE('',*,*,#3105,.F.);
#2708=ORIENTED_EDGE('',*,*,#3466,.T.);
#2709=ORIENTED_EDGE('',*,*,#3279,.T.);
#2710=ORIENTED_EDGE('',*,*,#3467,.T.);
#2711=ORIENTED_EDGE('',*,*,#3107,.T.);
#2712=ORIENTED_EDGE('',*,*,#3468,.T.);
#2713=ORIENTED_EDGE('',*,*,#3277,.F.);
#2714=ORIENTED_EDGE('',*,*,#3469,.F.);
#2715=ORIENTED_EDGE('',*,*,#3276,.F.);
#2716=ORIENTED_EDGE('',*,*,#3470,.T.);
#2717=ORIENTED_EDGE('',*,*,#3108,.T.);
#2718=ORIENTED_EDGE('',*,*,#3469,.T.);
#2719=ORIENTED_EDGE('',*,*,#3110,.T.);
#2720=ORIENTED_EDGE('',*,*,#3471,.T.);
#2721=ORIENTED_EDGE('',*,*,#3274,.F.);
#2722=ORIENTED_EDGE('',*,*,#3423,.F.);
#2723=ORIENTED_EDGE('',*,*,#3113,.F.);
#2724=ORIENTED_EDGE('',*,*,#3472,.T.);
#2725=ORIENTED_EDGE('',*,*,#3271,.T.);
#2726=ORIENTED_EDGE('',*,*,#3473,.F.);
#2727=ORIENTED_EDGE('',*,*,#3270,.F.);
#2728=ORIENTED_EDGE('',*,*,#3474,.F.);
#2729=ORIENTED_EDGE('',*,*,#3114,.T.);
#2730=ORIENTED_EDGE('',*,*,#3473,.T.);
#2731=ORIENTED_EDGE('',*,*,#3269,.F.);
#2732=ORIENTED_EDGE('',*,*,#3260,.F.);
#2733=ORIENTED_EDGE('',*,*,#2984,.T.);
#2734=ORIENTED_EDGE('',*,*,#3474,.T.);
#2735=ORIENTED_EDGE('',*,*,#3475,.T.);
#2736=ORIENTED_EDGE('',*,*,#3476,.T.);
#2737=ORIENTED_EDGE('',*,*,#3438,.T.);
#2738=ORIENTED_EDGE('',*,*,#3426,.F.);
#2739=ORIENTED_EDGE('',*,*,#3477,.T.);
#2740=ORIENTED_EDGE('',*,*,#3435,.F.);
#2741=ORIENTED_EDGE('',*,*,#2877,.F.);
#2742=ORIENTED_EDGE('',*,*,#3386,.F.);
#2743=ORIENTED_EDGE('',*,*,#3478,.T.);
#2744=ORIENTED_EDGE('',*,*,#2881,.T.);
#2745=ORIENTED_EDGE('',*,*,#3430,.T.);
#2746=ORIENTED_EDGE('',*,*,#3443,.T.);
#2747=ORIENTED_EDGE('',*,*,#3421,.F.);
#2748=ORIENTED_EDGE('',*,*,#3101,.F.);
#2749=ORIENTED_EDGE('',*,*,#3461,.F.);
#2750=ORIENTED_EDGE('',*,*,#3479,.T.);
#2751=ORIENTED_EDGE('',*,*,#3462,.F.);
#2752=ORIENTED_EDGE('',*,*,#3104,.F.);
#2753=ORIENTED_EDGE('',*,*,#3465,.F.);
#2754=ORIENTED_EDGE('',*,*,#3280,.F.);
#2755=ORIENTED_EDGE('',*,*,#3466,.F.);
#2756=ORIENTED_EDGE('',*,*,#3106,.F.);
#2757=ORIENTED_EDGE('',*,*,#3467,.F.);
#2758=ORIENTED_EDGE('',*,*,#3278,.F.);
#2759=ORIENTED_EDGE('',*,*,#3468,.F.);
#2760=ORIENTED_EDGE('',*,*,#3109,.F.);
#2761=ORIENTED_EDGE('',*,*,#3470,.F.);
#2762=ORIENTED_EDGE('',*,*,#3275,.F.);
#2763=ORIENTED_EDGE('',*,*,#3471,.F.);
#2764=ORIENTED_EDGE('',*,*,#3091,.F.);
#2765=ORIENTED_EDGE('',*,*,#3455,.F.);
#2766=ORIENTED_EDGE('',*,*,#3389,.F.);
#2767=ORIENTED_EDGE('',*,*,#3456,.F.);
#2768=ORIENTED_EDGE('',*,*,#3088,.F.);
#2769=ORIENTED_EDGE('',*,*,#3451,.F.);
#2770=ORIENTED_EDGE('',*,*,#3392,.F.);
#2771=ORIENTED_EDGE('',*,*,#3453,.F.);
#2772=ORIENTED_EDGE('',*,*,#3086,.F.);
#2773=ORIENTED_EDGE('',*,*,#3450,.F.);
#2774=ORIENTED_EDGE('',*,*,#3394,.F.);
#2775=ORIENTED_EDGE('',*,*,#3452,.F.);
#2776=ORIENTED_EDGE('',*,*,#3083,.F.);
#2777=ORIENTED_EDGE('',*,*,#3447,.F.);
#2778=ORIENTED_EDGE('',*,*,#3397,.F.);
#2779=ORIENTED_EDGE('',*,*,#3448,.F.);
#2780=ORIENTED_EDGE('',*,*,#3112,.F.);
#2781=ORIENTED_EDGE('',*,*,#3422,.F.);
#2782=ORIENTED_EDGE('',*,*,#3272,.F.);
#2783=ORIENTED_EDGE('',*,*,#3472,.F.);
#2784=ORIENTED_EDGE('',*,*,#3080,.F.);
#2785=ORIENTED_EDGE('',*,*,#3446,.F.);
#2786=ORIENTED_EDGE('',*,*,#3400,.F.);
#2787=ORIENTED_EDGE('',*,*,#3416,.F.);
#2788=ORIENTED_EDGE('',*,*,#3094,.F.);
#2789=ORIENTED_EDGE('',*,*,#3419,.F.);
#2790=ORIENTED_EDGE('',*,*,#3442,.F.);
#2791=ORIENTED_EDGE('',*,*,#3457,.F.);
#2792=ORIENTED_EDGE('',*,*,#3098,.F.);
#2793=ORIENTED_EDGE('',*,*,#3458,.F.);
#2794=ORIENTED_EDGE('',*,*,#3428,.F.);
#2795=ORIENTED_EDGE('',*,*,#3437,.F.);
#2796=ORIENTED_EDGE('',*,*,#2876,.F.);
#2797=ORIENTED_EDGE('',*,*,#3286,.F.);
#2798=ORIENTED_EDGE('',*,*,#3480,.F.);
#2799=ORIENTED_EDGE('',*,*,#3475,.F.);
#2800=ORIENTED_EDGE('',*,*,#3439,.F.);
#2801=ORIENTED_EDGE('',*,*,#3476,.F.);
#2802=ORIENTED_EDGE('',*,*,#3481,.F.);
#2803=ORIENTED_EDGE('',*,*,#3283,.F.);
#2804=ORIENTED_EDGE('',*,*,#3463,.F.);
#2805=ORIENTED_EDGE('',*,*,#3479,.F.);
#2806=ORIENTED_EDGE('',*,*,#3460,.F.);
#2807=ORIENTED_EDGE('',*,*,#3481,.T.);
#2808=ORIENTED_EDGE('',*,*,#3480,.T.);
#2809=ORIENTED_EDGE('',*,*,#3293,.F.);
#2810=ORIENTED_EDGE('',*,*,#3411,.T.);
#2811=ORIENTED_EDGE('',*,*,#3404,.F.);
#2812=ORIENTED_EDGE('',*,*,#2882,.F.);
#2813=ORIENTED_EDGE('',*,*,#3478,.F.);
#2814=ORIENTED_EDGE('',*,*,#3459,.F.);
#2815=ORIENTED_EDGE('',*,*,#3436,.F.);
#2816=ORIENTED_EDGE('',*,*,#3477,.F.);
#2817=ORIENTED_EDGE('',*,*,#3425,.F.);
#2818=ORIENTED_EDGE('',*,*,#3412,.F.);
#2819=ORIENTED_EDGE('',*,*,#3414,.T.);
#2820=ORIENTED_EDGE('',*,*,#3415,.T.);
#2821=ORIENTED_EDGE('',*,*,#3294,.F.);
#2822=EDGE_CURVE('',#3482,#3483,#3911,.F.);
#2823=EDGE_CURVE('',#3484,#3482,#3912,.T.);
#2824=EDGE_CURVE('',#3484,#3485,#3913,.F.);
#2825=EDGE_CURVE('',#3483,#3485,#3914,.T.);
#2826=EDGE_CURVE('',#3482,#3486,#3915,.T.);
#2827=EDGE_CURVE('',#3487,#3483,#3916,.T.);
#2828=EDGE_CURVE('',#3487,#3486,#3917,.F.);
#2829=EDGE_CURVE('',#3488,#3489,#24,.T.);
#2830=EDGE_CURVE('',#3489,#3490,#25,.T.);
#2831=EDGE_CURVE('',#3490,#3491,#26,.T.);
#2832=EDGE_CURVE('',#3488,#3491,#27,.T.);
#2833=EDGE_CURVE('',#3492,#3493,#28,.T.);
#2834=EDGE_CURVE('',#3492,#3494,#29,.T.);
#2835=EDGE_CURVE('',#3494,#3495,#30,.T.);
#2836=EDGE_CURVE('',#3495,#3496,#31,.T.);
#2837=EDGE_CURVE('',#3496,#3497,#32,.T.);
#2838=EDGE_CURVE('',#3497,#3493,#33,.T.);
#2839=EDGE_CURVE('',#3498,#3499,#34,.T.);
#2840=EDGE_CURVE('',#3499,#3500,#35,.T.);
#2841=EDGE_CURVE('',#3500,#3501,#36,.T.);
#2842=EDGE_CURVE('',#3501,#3498,#37,.T.);
#2843=EDGE_CURVE('',#3502,#3503,#38,.T.);
#2844=EDGE_CURVE('',#3503,#3504,#39,.T.);
#2845=EDGE_CURVE('',#3504,#3505,#40,.T.);
#2846=EDGE_CURVE('',#3506,#3505,#41,.T.);
#2847=EDGE_CURVE('',#3506,#3502,#42,.F.);
#2848=EDGE_CURVE('',#3507,#3508,#43,.T.);
#2849=EDGE_CURVE('',#3509,#3507,#44,.T.);
#2850=EDGE_CURVE('',#3509,#3510,#45,.T.);
#2851=EDGE_CURVE('',#3510,#3508,#46,.T.);
#2852=EDGE_CURVE('',#3511,#3512,#47,.T.);
#2853=EDGE_CURVE('',#3513,#3512,#48,.T.);
#2854=EDGE_CURVE('',#3514,#3513,#12,.T.);
#2855=EDGE_CURVE('',#3514,#3508,#49,.T.);
#2856=EDGE_CURVE('',#3510,#3511,#13,.T.);
#2857=EDGE_CURVE('',#3515,#3516,#50,.T.);
#2858=EDGE_CURVE('',#3516,#3512,#51,.T.);
#2859=EDGE_CURVE('',#3511,#3515,#52,.T.);
#2860=EDGE_CURVE('',#3517,#3518,#53,.T.);
#2861=EDGE_CURVE('',#3517,#3506,#54,.T.);
#2862=EDGE_CURVE('',#3519,#3505,#55,.T.);
#2863=EDGE_CURVE('',#3519,#3520,#56,.F.);
#2864=EDGE_CURVE('',#3518,#3520,#57,.T.);
#2865=EDGE_CURVE('',#3521,#3509,#58,.T.);
#2866=EDGE_CURVE('',#3521,#3522,#59,.T.);
#2867=EDGE_CURVE('',#3522,#3523,#60,.T.);
#2868=EDGE_CURVE('',#3524,#3523,#61,.T.);
#2869=EDGE_CURVE('',#3524,#3525,#62,.T.);
#2870=EDGE_CURVE('',#3525,#3526,#63,.T.);
#2871=EDGE_CURVE('',#3526,#3527,#14,.T.);
#2872=EDGE_CURVE('',#3527,#3528,#64,.T.);
#2873=EDGE_CURVE('',#3529,#3528,#65,.T.);
#2874=EDGE_CURVE('',#3530,#3529,#66,.F.);
#2875=EDGE_CURVE('',#3531,#3530,#67,.T.);
#2876=EDGE_CURVE('',#3531,#3532,#68,.F.);
#2877=EDGE_CURVE('',#3532,#3533,#69,.T.);
#2878=EDGE_CURVE('',#3534,#3533,#70,.T.);
#2879=EDGE_CURVE('',#3535,#3534,#15,.T.);
#2880=EDGE_CURVE('',#3536,#3535,#71,.T.);
#2881=EDGE_CURVE('',#3537,#3536,#72,.T.);
#2882=EDGE_CURVE('',#3537,#3538,#73,.T.);
#2883=EDGE_CURVE('',#3539,#3538,#74,.T.);
#2884=EDGE_CURVE('',#3540,#3539,#75,.T.);
#2885=EDGE_CURVE('',#3540,#3541,#76,.T.);
#2886=EDGE_CURVE('',#3541,#3542,#77,.T.);
#2887=EDGE_CURVE('',#3542,#3543,#16,.T.);
#2888=EDGE_CURVE('',#3543,#3544,#78,.T.);
#2889=EDGE_CURVE('',#3545,#3544,#79,.T.);
#2890=EDGE_CURVE('',#3546,#3545,#80,.F.);
#2891=EDGE_CURVE('',#3546,#3547,#81,.T.);
#2892=EDGE_CURVE('',#3547,#3548,#82,.F.);
#2893=EDGE_CURVE('',#3548,#3515,#83,.T.);
#2894=EDGE_CURVE('',#3549,#3508,#84,.T.);
#2895=EDGE_CURVE('',#3549,#3492,#85,.T.);
#2896=EDGE_CURVE('',#3507,#3493,#86,.T.);
#2897=EDGE_CURVE('',#3550,#3551,#87,.T.);
#2898=EDGE_CURVE('',#3550,#3552,#88,.T.);
#2899=EDGE_CURVE('',#3487,#3552,#3918,.T.);
#2900=EDGE_CURVE('',#3551,#3483,#89,.T.);
#2901=EDGE_CURVE('',#3553,#3485,#3919,.T.);
#2902=EDGE_CURVE('',#3554,#3553,#90,.T.);
#2903=EDGE_CURVE('',#3554,#3551,#91,.T.);
#2904=EDGE_CURVE('',#3555,#3556,#92,.T.);
#2905=EDGE_CURVE('',#3555,#3557,#93,.T.);
#2906=EDGE_CURVE('',#3557,#3558,#94,.T.);
#2907=EDGE_CURVE('',#3556,#3558,#95,.T.);
#2908=EDGE_CURVE('',#3558,#3559,#96,.T.);
#2909=EDGE_CURVE('',#3560,#3559,#97,.T.);
#2910=EDGE_CURVE('',#3556,#3560,#98,.T.);
#2911=EDGE_CURVE('',#3559,#3561,#99,.T.);
#2912=EDGE_CURVE('',#3562,#3561,#100,.T.);
#2913=EDGE_CURVE('',#3560,#3562,#101,.T.);
#2914=EDGE_CURVE('',#3563,#3561,#102,.T.);
#2915=EDGE_CURVE('',#3563,#3564,#103,.T.);
#2916=EDGE_CURVE('',#3564,#3562,#104,.T.);
#2917=EDGE_CURVE('',#3565,#3491,#105,.T.);
#2918=EDGE_CURVE('',#3565,#3566,#106,.T.);
#2919=EDGE_CURVE('',#3566,#3488,#107,.T.);
#2920=EDGE_CURVE('',#3567,#3568,#108,.T.);
#2921=EDGE_CURVE('',#3567,#3569,#109,.T.);
#2922=EDGE_CURVE('',#3569,#3570,#110,.T.);
#2923=EDGE_CURVE('',#3568,#3570,#111,.T.);
#2924=EDGE_CURVE('',#3570,#3571,#112,.T.);
#2925=EDGE_CURVE('',#3571,#3572,#113,.T.);
#2926=EDGE_CURVE('',#3568,#3572,#114,.T.);
#2927=EDGE_CURVE('',#3573,#3574,#115,.T.);
#2928=EDGE_CURVE('',#3574,#3575,#116,.T.);
#2929=EDGE_CURVE('',#3576,#3575,#117,.T.);
#2930=EDGE_CURVE('',#3576,#3573,#118,.T.);
#2931=EDGE_CURVE('',#3577,#3578,#119,.T.);
#2932=EDGE_CURVE('',#3578,#3579,#120,.T.);
#2933=EDGE_CURVE('',#3580,#3579,#121,.T.);
#2934=EDGE_CURVE('',#3577,#3580,#122,.T.);
#2935=EDGE_CURVE('',#3581,#3580,#123,.T.);
#2936=EDGE_CURVE('',#3581,#3582,#124,.T.);
#2937=EDGE_CURVE('',#3582,#3577,#125,.T.);
#2938=EDGE_CURVE('',#3495,#3583,#126,.T.);
#2939=EDGE_CURVE('',#3583,#3584,#127,.T.);
#2940=EDGE_CURVE('',#3496,#3584,#128,.T.);
#2941=EDGE_CURVE('',#3585,#3514,#129,.T.);
#2942=EDGE_CURVE('',#3585,#3549,#130,.T.);
#2943=EDGE_CURVE('',#3502,#3586,#131,.T.);
#2944=EDGE_CURVE('',#3586,#3513,#132,.T.);
#2945=EDGE_CURVE('',#3512,#3503,#133,.F.);
#2946=EDGE_CURVE('',#3520,#3587,#134,.F.);
#2947=EDGE_CURVE('',#3587,#3588,#135,.T.);
#2948=EDGE_CURVE('',#3588,#3518,#136,.T.);
#2949=EDGE_CURVE('',#3589,#3590,#137,.T.);
#2950=EDGE_CURVE('',#3590,#3591,#138,.T.);
#2951=EDGE_CURVE('',#3591,#3592,#139,.F.);
#2952=EDGE_CURVE('',#3593,#3592,#140,.T.);
#2953=EDGE_CURVE('',#3589,#3593,#141,.T.);
#2954=EDGE_CURVE('',#3594,#3593,#142,.T.);
#2955=EDGE_CURVE('',#3594,#3595,#143,.T.);
#2956=EDGE_CURVE('',#3595,#3589,#144,.T.);
#2957=EDGE_CURVE('',#3596,#3597,#145,.T.);
#2958=EDGE_CURVE('',#3596,#3598,#146,.T.);
#2959=EDGE_CURVE('',#3598,#3599,#147,.T.);
#2960=EDGE_CURVE('',#3599,#3597,#148,.T.);
#2961=EDGE_CURVE('',#3600,#3601,#149,.T.);
#2962=EDGE_CURVE('',#3601,#3602,#150,.T.);
#2963=EDGE_CURVE('',#3603,#3602,#151,.T.);
#2964=EDGE_CURVE('',#3600,#3603,#152,.T.);
#2965=EDGE_CURVE('',#3604,#3603,#153,.T.);
#2966=EDGE_CURVE('',#3604,#3605,#154,.T.);
#2967=EDGE_CURVE('',#3605,#3600,#155,.T.);
#2968=EDGE_CURVE('',#3501,#3606,#156,.T.);
#2969=EDGE_CURVE('',#3606,#3607,#157,.T.);
#2970=EDGE_CURVE('',#3498,#3607,#158,.T.);
#2971=EDGE_CURVE('',#3608,#3609,#159,.T.);
#2972=EDGE_CURVE('',#3608,#3610,#160,.T.);
#2973=EDGE_CURVE('',#3610,#3611,#161,.T.);
#2974=EDGE_CURVE('',#3609,#3611,#162,.T.);
#2975=EDGE_CURVE('',#3612,#3611,#163,.T.);
#2976=EDGE_CURVE('',#3613,#3612,#164,.T.);
#2977=EDGE_CURVE('',#3613,#3609,#165,.T.);
#2978=EDGE_CURVE('',#3614,#3612,#166,.T.);
#2979=EDGE_CURVE('',#3615,#3614,#167,.T.);
#2980=EDGE_CURVE('',#3615,#3613,#168,.T.);
#2981=EDGE_CURVE('',#3616,#3614,#169,.T.);
#2982=EDGE_CURVE('',#3617,#3616,#170,.T.);
#2983=EDGE_CURVE('',#3617,#3615,#171,.T.);
#2984=EDGE_CURVE('',#3618,#3619,#172,.T.);
#2985=EDGE_CURVE('',#3618,#3620,#173,.T.);
#2986=EDGE_CURVE('',#3620,#3621,#174,.T.);
#2987=EDGE_CURVE('',#3621,#3622,#175,.T.);
#2988=EDGE_CURVE('',#3623,#3622,#176,.T.);
#2989=EDGE_CURVE('',#3624,#3623,#177,.T.);
#2990=EDGE_CURVE('',#3624,#3625,#178,.T.);
#2991=EDGE_CURVE('',#3625,#3626,#179,.T.);
#2992=EDGE_CURVE('',#3627,#3626,#180,.F.);
#2993=EDGE_CURVE('',#3627,#3628,#181,.T.);
#2994=EDGE_CURVE('',#3628,#3629,#182,.T.);
#2995=EDGE_CURVE('',#3630,#3629,#183,.T.);
#2996=EDGE_CURVE('',#3631,#3630,#184,.T.);
#2997=EDGE_CURVE('',#3632,#3631,#185,.T.);
#2998=EDGE_CURVE('',#3632,#3633,#186,.T.);
#2999=EDGE_CURVE('',#3633,#3634,#187,.T.);
#3000=EDGE_CURVE('',#3635,#3634,#188,.F.);
#3001=EDGE_CURVE('',#3635,#3636,#189,.T.);
#3002=EDGE_CURVE('',#3637,#3636,#190,.T.);
#3003=EDGE_CURVE('',#3638,#3637,#191,.F.);
#3004=EDGE_CURVE('',#3638,#3639,#192,.T.);
#3005=EDGE_CURVE('',#3640,#3639,#17,.T.);
#3006=EDGE_CURVE('',#3641,#3640,#193,.T.);
#3007=EDGE_CURVE('',#3642,#3641,#194,.T.);
#3008=EDGE_CURVE('',#3642,#3643,#195,.T.);
#3009=EDGE_CURVE('',#3643,#3644,#196,.T.);
#3010=EDGE_CURVE('',#3645,#3644,#197,.F.);
#3011=EDGE_CURVE('',#3645,#3646,#198,.T.);
#3012=EDGE_CURVE('',#3646,#3647,#199,.T.);
#3013=EDGE_CURVE('',#3648,#3647,#200,.T.);
#3014=EDGE_CURVE('',#3649,#3648,#201,.T.);
#3015=EDGE_CURVE('',#3650,#3649,#202,.F.);
#3016=EDGE_CURVE('',#3651,#3650,#203,.T.);
#3017=EDGE_CURVE('',#3652,#3651,#204,.T.);
#3018=EDGE_CURVE('',#3653,#3652,#205,.T.);
#3019=EDGE_CURVE('',#3653,#3654,#206,.T.);
#3020=EDGE_CURVE('',#3654,#3655,#207,.T.);
#3021=EDGE_CURVE('',#3656,#3655,#208,.F.);
#3022=EDGE_CURVE('',#3656,#3657,#209,.T.);
#3023=EDGE_CURVE('',#3658,#3657,#210,.T.);
#3024=EDGE_CURVE('',#3555,#3658,#211,.T.);
#3025=EDGE_CURVE('',#3564,#3489,#212,.F.);
#3026=EDGE_CURVE('',#3566,#3567,#213,.T.);
#3027=EDGE_CURVE('',#3572,#3576,#214,.F.);
#3028=EDGE_CURVE('',#3575,#3578,#215,.T.);
#3029=EDGE_CURVE('',#3582,#3583,#216,.F.);
#3030=EDGE_CURVE('',#3494,#3585,#217,.T.);
#3031=EDGE_CURVE('',#3586,#3517,#218,.F.);
#3032=EDGE_CURVE('',#3588,#3590,#219,.F.);
#3033=EDGE_CURVE('',#3595,#3596,#220,.T.);
#3034=EDGE_CURVE('',#3597,#3601,#221,.T.);
#3035=EDGE_CURVE('',#3605,#3606,#222,.F.);
#3036=EDGE_CURVE('',#3500,#3608,#223,.T.);
#3037=EDGE_CURVE('',#3617,#3659,#224,.T.);
#3038=EDGE_CURVE('',#3659,#3660,#225,.T.);
#3039=EDGE_CURVE('',#3661,#3660,#226,.T.);
#3040=EDGE_CURVE('',#3662,#3661,#227,.T.);
#3041=EDGE_CURVE('',#3662,#3663,#228,.T.);
#3042=EDGE_CURVE('',#3663,#3664,#229,.T.);
#3043=EDGE_CURVE('',#3665,#3664,#230,.F.);
#3044=EDGE_CURVE('',#3665,#3666,#231,.T.);
#3045=EDGE_CURVE('',#3666,#3667,#232,.T.);
#3046=EDGE_CURVE('',#3668,#3667,#233,.T.);
#3047=EDGE_CURVE('',#3669,#3668,#234,.T.);
#3048=EDGE_CURVE('',#3670,#3669,#235,.T.);
#3049=EDGE_CURVE('',#3670,#3671,#236,.T.);
#3050=EDGE_CURVE('',#3671,#3672,#237,.T.);
#3051=EDGE_CURVE('',#3673,#3672,#238,.F.);
#3052=EDGE_CURVE('',#3673,#3674,#239,.T.);
#3053=EDGE_CURVE('',#3675,#3674,#240,.T.);
#3054=EDGE_CURVE('',#3676,#3675,#241,.F.);
#3055=EDGE_CURVE('',#3676,#3677,#242,.T.);
#3056=EDGE_CURVE('',#3678,#3677,#18,.T.);
#3057=EDGE_CURVE('',#3679,#3678,#243,.T.);
#3058=EDGE_CURVE('',#3680,#3679,#244,.T.);
#3059=EDGE_CURVE('',#3680,#3681,#245,.T.);
#3060=EDGE_CURVE('',#3681,#3682,#246,.T.);
#3061=EDGE_CURVE('',#3683,#3682,#247,.F.);
#3062=EDGE_CURVE('',#3683,#3684,#248,.T.);
#3063=EDGE_CURVE('',#3684,#3685,#249,.T.);
#3064=EDGE_CURVE('',#3686,#3685,#250,.T.);
#3065=EDGE_CURVE('',#3687,#3686,#251,.T.);
#3066=EDGE_CURVE('',#3688,#3687,#252,.F.);
#3067=EDGE_CURVE('',#3689,#3688,#253,.T.);
#3068=EDGE_CURVE('',#3690,#3689,#254,.T.);
#3069=EDGE_CURVE('',#3691,#3690,#255,.T.);
#3070=EDGE_CURVE('',#3691,#3692,#256,.T.);
#3071=EDGE_CURVE('',#3692,#3693,#257,.T.);
#3072=EDGE_CURVE('',#3694,#3693,#258,.F.);
#3073=EDGE_CURVE('',#3694,#3695,#259,.T.);
#3074=EDGE_CURVE('',#3696,#3695,#260,.T.);
#3075=EDGE_CURVE('',#3697,#3696,#261,.T.);
#3076=EDGE_CURVE('',#3698,#3697,#262,.T.);
#3077=EDGE_CURVE('',#3698,#3699,#263,.T.);
#3078=EDGE_CURVE('',#3699,#3700,#264,.T.);
#3079=EDGE_CURVE('',#3701,#3700,#265,.T.);
#3080=EDGE_CURVE('',#3701,#3702,#266,.F.);
#3081=EDGE_CURVE('',#3703,#3702,#267,.T.);
#3082=EDGE_CURVE('',#3704,#3703,#268,.T.);
#3083=EDGE_CURVE('',#3704,#3705,#269,.T.);
#3084=EDGE_CURVE('',#3705,#3706,#270,.T.);
#3085=EDGE_CURVE('',#3706,#3707,#271,.T.);
#3086=EDGE_CURVE('',#3707,#3708,#272,.F.);
#3087=EDGE_CURVE('',#3708,#3709,#273,.T.);
#3088=EDGE_CURVE('',#3709,#3710,#274,.T.);
#3089=EDGE_CURVE('',#3711,#3710,#275,.T.);
#3090=EDGE_CURVE('',#3712,#3711,#276,.T.);
#3091=EDGE_CURVE('',#3712,#3713,#277,.F.);
#3092=EDGE_CURVE('',#3714,#3713,#278,.T.);
#3093=EDGE_CURVE('',#3715,#3714,#279,.T.);
#3094=EDGE_CURVE('',#3715,#3716,#280,.T.);
#3095=EDGE_CURVE('',#3716,#3717,#281,.T.);
#3096=EDGE_CURVE('',#3717,#3718,#19,.T.);
#3097=EDGE_CURVE('',#3719,#3718,#282,.T.);
#3098=EDGE_CURVE('',#3719,#3720,#283,.F.);
#3099=EDGE_CURVE('',#3720,#3721,#284,.T.);
#3100=EDGE_CURVE('',#3722,#3721,#285,.T.);
#3101=EDGE_CURVE('',#3722,#3723,#286,.F.);
#3102=EDGE_CURVE('',#3724,#3723,#287,.T.);
#3103=EDGE_CURVE('',#3725,#3724,#288,.T.);
#3104=EDGE_CURVE('',#3725,#3726,#289,.T.);
#3105=EDGE_CURVE('',#3726,#3727,#290,.T.);
#3106=EDGE_CURVE('',#3727,#3728,#291,.T.);
#3107=EDGE_CURVE('',#3729,#3728,#292,.T.);
#3108=EDGE_CURVE('',#3730,#3729,#293,.T.);
#3109=EDGE_CURVE('',#3730,#3731,#294,.F.);
#3110=EDGE_CURVE('',#3732,#3731,#295,.T.);
#3111=EDGE_CURVE('',#3733,#3732,#296,.T.);
#3112=EDGE_CURVE('',#3733,#3734,#297,.T.);
#3113=EDGE_CURVE('',#3734,#3735,#298,.T.);
#3114=EDGE_CURVE('',#3619,#3735,#299,.T.);
#3115=EDGE_CURVE('',#3736,#3554,#300,.T.);
#3116=EDGE_CURVE('',#3736,#3550,#301,.T.);
#3117=EDGE_CURVE('',#3548,#3737,#302,.T.);
#3118=EDGE_CURVE('',#3737,#3519,#303,.T.);
#3119=EDGE_CURVE('',#3504,#3516,#304,.F.);
#3120=EDGE_CURVE('',#3592,#3738,#305,.T.);
#3121=EDGE_CURVE('',#3738,#3739,#306,.T.);
#3122=EDGE_CURVE('',#3740,#3739,#307,.T.);
#3123=EDGE_CURVE('',#3741,#3740,#308,.T.);
#3124=EDGE_CURVE('',#3742,#3741,#309,.T.);
#3125=EDGE_CURVE('',#3743,#3742,#310,.T.);
#3126=EDGE_CURVE('',#3743,#3744,#311,.T.);
#3127=EDGE_CURVE('',#3745,#3744,#312,.T.);
#3128=EDGE_CURVE('',#3746,#3745,#313,.T.);
#3129=EDGE_CURVE('',#3747,#3746,#314,.T.);
#3130=EDGE_CURVE('',#3748,#3747,#315,.F.);
#3131=EDGE_CURVE('',#3749,#3748,#316,.T.);
#3132=EDGE_CURVE('',#3749,#3750,#317,.T.);
#3133=EDGE_CURVE('',#3751,#3750,#318,.T.);
#3134=EDGE_CURVE('',#3751,#3752,#319,.T.);
#3135=EDGE_CURVE('',#3753,#3752,#320,.T.);
#3136=EDGE_CURVE('',#3616,#3753,#321,.T.);
#3137=EDGE_CURVE('',#3610,#3499,#322,.T.);
#3138=EDGE_CURVE('',#3607,#3604,#323,.F.);
#3139=EDGE_CURVE('',#3602,#3599,#324,.T.);
#3140=EDGE_CURVE('',#3598,#3594,#325,.T.);
#3141=EDGE_CURVE('',#3754,#3546,#326,.T.);
#3142=EDGE_CURVE('',#3754,#3755,#327,.T.);
#3143=EDGE_CURVE('',#3755,#3547,#328,.T.);
#3144=EDGE_CURVE('',#3756,#3497,#329,.T.);
#3145=EDGE_CURVE('',#3756,#3521,#330,.T.);
#3146=EDGE_CURVE('',#3557,#3757,#331,.T.);
#3147=EDGE_CURVE('',#3757,#3758,#332,.T.);
#3148=EDGE_CURVE('',#3759,#3758,#333,.T.);
#3149=EDGE_CURVE('',#3760,#3759,#334,.F.);
#3150=EDGE_CURVE('',#3760,#3761,#335,.T.);
#3151=EDGE_CURVE('',#3762,#3761,#336,.T.);
#3152=EDGE_CURVE('',#3763,#3762,#337,.T.);
#3153=EDGE_CURVE('',#3763,#3764,#338,.T.);
#3154=EDGE_CURVE('',#3764,#3765,#339,.T.);
#3155=EDGE_CURVE('',#3766,#3765,#340,.F.);
#3156=EDGE_CURVE('',#3766,#3767,#341,.T.);
#3157=EDGE_CURVE('',#3768,#3767,#342,.T.);
#3158=EDGE_CURVE('',#3769,#3768,#343,.T.);
#3159=EDGE_CURVE('',#3770,#3769,#344,.T.);
#3160=EDGE_CURVE('',#3771,#3770,#345,.F.);
#3161=EDGE_CURVE('',#3772,#3771,#346,.T.);
#3162=EDGE_CURVE('',#3772,#3773,#347,.T.);
#3163=EDGE_CURVE('',#3774,#3773,#348,.T.);
#3164=EDGE_CURVE('',#3774,#3756,#349,.T.);
#3165=EDGE_CURVE('',#3584,#3581,#350,.F.);
#3166=EDGE_CURVE('',#3579,#3574,#351,.T.);
#3167=EDGE_CURVE('',#3573,#3571,#352,.F.);
#3168=EDGE_CURVE('',#3569,#3565,#353,.T.);
#3169=EDGE_CURVE('',#3490,#3563,#354,.F.);
#3170=EDGE_CURVE('',#3522,#3775,#355,.T.);
#3171=EDGE_CURVE('',#3775,#3776,#356,.T.);
#3172=EDGE_CURVE('',#3523,#3776,#357,.T.);
#3173=EDGE_CURVE('',#3587,#3591,#358,.T.);
#3174=EDGE_CURVE('',#3737,#3755,#359,.F.);
#3175=EDGE_CURVE('',#3738,#3737,#360,.F.);
#3176=EDGE_CURVE('',#3738,#3755,#361,.T.);
#3177=EDGE_CURVE('',#3739,#3754,#362,.T.);
#3178=EDGE_CURVE('',#3774,#3776,#363,.T.);
#3179=EDGE_CURVE('',#3756,#3775,#364,.T.);
#3180=EDGE_CURVE('',#3484,#3777,#365,.T.);
#3181=EDGE_CURVE('',#3777,#3486,#366,.T.);
#3182=EDGE_CURVE('',#3778,#3553,#3920,.F.);
#3183=EDGE_CURVE('',#3484,#3778,#3921,.T.);
#3184=EDGE_CURVE('',#3778,#3779,#3922,.T.);
#3185=EDGE_CURVE('',#3780,#3779,#3923,.F.);
#3186=EDGE_CURVE('',#3780,#3553,#3924,.T.);
#3187=EDGE_CURVE('',#3654,#3761,#367,.T.);
#3188=EDGE_CURVE('',#3655,#3760,#368,.T.);
#3189=EDGE_CURVE('',#3781,#3782,#369,.T.);
#3190=EDGE_CURVE('',#3773,#3782,#370,.T.);
#3191=EDGE_CURVE('',#3643,#3772,#371,.T.);
#3192=EDGE_CURVE('',#3781,#3642,#372,.T.);
#3193=EDGE_CURVE('',#3783,#3784,#373,.T.);
#3194=EDGE_CURVE('',#3625,#3783,#374,.T.);
#3195=EDGE_CURVE('',#3784,#3624,#375,.T.);
#3196=EDGE_CURVE('',#3785,#3786,#376,.T.);
#3197=EDGE_CURVE('',#3787,#3785,#377,.F.);
#3198=EDGE_CURVE('',#3787,#3788,#378,.T.);
#3199=EDGE_CURVE('',#3789,#3788,#379,.T.);
#3200=EDGE_CURVE('',#3786,#3789,#380,.T.);
#3201=EDGE_CURVE('',#3790,#3791,#381,.T.);
#3202=EDGE_CURVE('',#3526,#3791,#382,.T.);
#3203=EDGE_CURVE('',#3525,#3790,#383,.T.);
#3204=EDGE_CURVE('',#3527,#3792,#384,.T.);
#3205=EDGE_CURVE('',#3640,#3791,#385,.T.);
#3206=EDGE_CURVE('',#3639,#3792,#386,.T.);
#3207=EDGE_CURVE('',#3528,#3793,#387,.T.);
#3208=EDGE_CURVE('',#3793,#3792,#388,.T.);
#3209=EDGE_CURVE('',#3636,#3794,#389,.T.);
#3210=EDGE_CURVE('',#3795,#3794,#390,.F.);
#3211=EDGE_CURVE('',#3795,#3788,#391,.T.);
#3212=EDGE_CURVE('',#3637,#3787,#392,.T.);
#3213=EDGE_CURVE('',#3796,#3791,#393,.T.);
#3214=EDGE_CURVE('',#3790,#3782,#394,.T.);
#3215=EDGE_CURVE('',#3796,#3781,#395,.T.);
#3216=EDGE_CURVE('',#3780,#3797,#3925,.T.);
#3217=EDGE_CURVE('',#3736,#3797,#396,.T.);
#3218=EDGE_CURVE('',#3658,#3757,#397,.T.);
#3219=EDGE_CURVE('',#3657,#3758,#398,.T.);
#3220=EDGE_CURVE('',#3759,#3656,#399,.T.);
#3221=EDGE_CURVE('',#3762,#3653,#400,.T.);
#3222=EDGE_CURVE('',#3651,#3764,#401,.T.);
#3223=EDGE_CURVE('',#3652,#3763,#402,.T.);
#3224=EDGE_CURVE('',#3765,#3650,#403,.T.);
#3225=EDGE_CURVE('',#3649,#3766,#404,.T.);
#3226=EDGE_CURVE('',#3767,#3648,#405,.T.);
#3227=EDGE_CURVE('',#3646,#3769,#406,.T.);
#3228=EDGE_CURVE('',#3647,#3768,#407,.T.);
#3229=EDGE_CURVE('',#3770,#3645,#408,.T.);
#3230=EDGE_CURVE('',#3644,#3771,#409,.T.);
#3231=EDGE_CURVE('',#3641,#3796,#410,.T.);
#3232=EDGE_CURVE('',#3792,#3786,#411,.F.);
#3233=EDGE_CURVE('',#3785,#3638,#412,.T.);
#3234=EDGE_CURVE('',#3798,#3635,#413,.T.);
#3235=EDGE_CURVE('',#3794,#3798,#414,.F.);
#3236=EDGE_CURVE('',#3633,#3799,#415,.T.);
#3237=EDGE_CURVE('',#3799,#3800,#416,.T.);
#3238=EDGE_CURVE('',#3801,#3800,#417,.F.);
#3239=EDGE_CURVE('',#3634,#3801,#418,.T.);
#3240=EDGE_CURVE('',#3802,#3799,#419,.T.);
#3241=EDGE_CURVE('',#3802,#3632,#420,.T.);
#3242=EDGE_CURVE('',#3803,#3630,#421,.T.);
#3243=EDGE_CURVE('',#3804,#3803,#422,.T.);
#3244=EDGE_CURVE('',#3631,#3804,#423,.T.);
#3245=EDGE_CURVE('',#3628,#3805,#424,.T.);
#3246=EDGE_CURVE('',#3805,#3806,#425,.T.);
#3247=EDGE_CURVE('',#3629,#3806,#426,.T.);
#3248=EDGE_CURVE('',#3807,#3805,#427,.T.);
#3249=EDGE_CURVE('',#3807,#3627,#428,.T.);
#3250=EDGE_CURVE('',#3783,#3808,#429,.T.);
#3251=EDGE_CURVE('',#3626,#3808,#430,.T.);
#3252=EDGE_CURVE('',#3622,#3809,#431,.T.);
#3253=EDGE_CURVE('',#3810,#3809,#432,.T.);
#3254=EDGE_CURVE('',#3623,#3810,#433,.T.);
#3255=EDGE_CURVE('',#3811,#3809,#434,.T.);
#3256=EDGE_CURVE('',#3621,#3811,#435,.T.);
#3257=EDGE_CURVE('',#3812,#3811,#436,.T.);
#3258=EDGE_CURVE('',#3620,#3812,#437,.T.);
#3259=EDGE_CURVE('',#3813,#3812,#438,.T.);
#3260=EDGE_CURVE('',#3618,#3813,#439,.T.);
#3261=EDGE_CURVE('',#3529,#3814,#440,.T.);
#3262=EDGE_CURVE('',#3789,#3793,#441,.F.);
#3263=EDGE_CURVE('',#3814,#3795,#442,.T.);
#3264=EDGE_CURVE('',#3800,#3815,#443,.T.);
#3265=EDGE_CURVE('',#3804,#3802,#444,.T.);
#3266=EDGE_CURVE('',#3806,#3803,#445,.T.);
#3267=EDGE_CURVE('',#3808,#3807,#446,.F.);
#3268=EDGE_CURVE('',#3810,#3784,#447,.T.);
#3269=EDGE_CURVE('',#3813,#3816,#448,.T.);
#3270=EDGE_CURVE('',#3816,#3817,#449,.T.);
#3271=EDGE_CURVE('',#3818,#3817,#450,.T.);
#3272=EDGE_CURVE('',#3818,#3819,#451,.T.);
#3273=EDGE_CURVE('',#3820,#3819,#452,.T.);
#3274=EDGE_CURVE('',#3820,#3821,#453,.T.);
#3275=EDGE_CURVE('',#3821,#3822,#454,.F.);
#3276=EDGE_CURVE('',#3822,#3823,#455,.T.);
#3277=EDGE_CURVE('',#3823,#3824,#456,.T.);
#3278=EDGE_CURVE('',#3824,#3825,#457,.T.);
#3279=EDGE_CURVE('',#3826,#3825,#458,.T.);
#3280=EDGE_CURVE('',#3826,#3827,#459,.T.);
#3281=EDGE_CURVE('',#3827,#3828,#460,.T.);
#3282=EDGE_CURVE('',#3828,#3829,#461,.T.);
#3283=EDGE_CURVE('',#3829,#3830,#462,.T.);
#3284=EDGE_CURVE('',#3815,#3830,#463,.T.);
#3285=EDGE_CURVE('',#3831,#3832,#464,.T.);
#3286=EDGE_CURVE('',#3831,#3531,#465,.T.);
#3287=EDGE_CURVE('',#3832,#3530,#466,.T.);
#3288=EDGE_CURVE('',#3774,#3524,#467,.T.);
#3289=EDGE_CURVE('',#3798,#3801,#468,.T.);
#3290=EDGE_CURVE('',#3814,#3832,#469,.F.);
#3291=EDGE_CURVE('',#3815,#3814,#470,.F.);
#3292=EDGE_CURVE('',#3815,#3832,#471,.T.);
#3293=EDGE_CURVE('',#3830,#3831,#472,.T.);
#3294=EDGE_CURVE('',#3777,#3779,#473,.T.);
#3295=EDGE_CURVE('',#3833,#3552,#3926,.F.);
#3296=EDGE_CURVE('',#3552,#3834,#3927,.T.);
#3297=EDGE_CURVE('',#3835,#3834,#3928,.T.);
#3298=EDGE_CURVE('',#3835,#3833,#3929,.T.);
#3299=EDGE_CURVE('',#3833,#3486,#3930,.T.);
#3300=EDGE_CURVE('',#3692,#3836,#474,.T.);
#3301=EDGE_CURVE('',#3837,#3836,#475,.T.);
#3302=EDGE_CURVE('',#3693,#3837,#476,.T.);
#3303=EDGE_CURVE('',#3838,#3839,#477,.T.);
#3304=EDGE_CURVE('',#3840,#3839,#478,.T.);
#3305=EDGE_CURVE('',#3841,#3840,#479,.T.);
#3306=EDGE_CURVE('',#3681,#3841,#480,.T.);
#3307=EDGE_CURVE('',#3838,#3680,#481,.T.);
#3308=EDGE_CURVE('',#3663,#3749,#482,.T.);
#3309=EDGE_CURVE('',#3750,#3662,#483,.T.);
#3310=EDGE_CURVE('',#3842,#3843,#484,.T.);
#3311=EDGE_CURVE('',#3844,#3842,#485,.F.);
#3312=EDGE_CURVE('',#3844,#3845,#486,.T.);
#3313=EDGE_CURVE('',#3846,#3845,#487,.T.);
#3314=EDGE_CURVE('',#3843,#3846,#488,.T.);
#3315=EDGE_CURVE('',#3847,#3848,#489,.T.);
#3316=EDGE_CURVE('',#3542,#3848,#490,.T.);
#3317=EDGE_CURVE('',#3541,#3847,#491,.T.);
#3318=EDGE_CURVE('',#3543,#3849,#492,.T.);
#3319=EDGE_CURVE('',#3678,#3848,#493,.T.);
#3320=EDGE_CURVE('',#3677,#3849,#494,.T.);
#3321=EDGE_CURVE('',#3544,#3850,#495,.T.);
#3322=EDGE_CURVE('',#3850,#3849,#496,.T.);
#3323=EDGE_CURVE('',#3674,#3851,#497,.T.);
#3324=EDGE_CURVE('',#3852,#3851,#498,.F.);
#3325=EDGE_CURVE('',#3852,#3845,#499,.T.);
#3326=EDGE_CURVE('',#3675,#3844,#500,.T.);
#3327=EDGE_CURVE('',#3853,#3848,#501,.T.);
#3328=EDGE_CURVE('',#3847,#3839,#502,.T.);
#3329=EDGE_CURVE('',#3853,#3838,#503,.T.);
#3330=EDGE_CURVE('',#3797,#3834,#3931,.T.);
#3331=EDGE_CURVE('',#3697,#3854,#504,.T.);
#3332=EDGE_CURVE('',#3855,#3854,#505,.T.);
#3333=EDGE_CURVE('',#3698,#3855,#506,.T.);
#3334=EDGE_CURVE('',#3696,#3856,#507,.T.);
#3335=EDGE_CURVE('',#3854,#3856,#508,.T.);
#3336=EDGE_CURVE('',#3695,#3857,#509,.T.);
#3337=EDGE_CURVE('',#3856,#3857,#510,.T.);
#3338=EDGE_CURVE('',#3858,#3857,#511,.T.);
#3339=EDGE_CURVE('',#3858,#3694,#512,.T.);
#3340=EDGE_CURVE('',#3859,#3836,#513,.T.);
#3341=EDGE_CURVE('',#3859,#3691,#514,.T.);
#3342=EDGE_CURVE('',#3689,#3860,#515,.T.);
#3343=EDGE_CURVE('',#3861,#3860,#516,.T.);
#3344=EDGE_CURVE('',#3690,#3861,#517,.T.);
#3345=EDGE_CURVE('',#3860,#3862,#518,.T.);
#3346=EDGE_CURVE('',#3862,#3688,#519,.T.);
#3347=EDGE_CURVE('',#3863,#3864,#520,.T.);
#3348=EDGE_CURVE('',#3687,#3863,#521,.T.);
#3349=EDGE_CURVE('',#3864,#3686,#522,.T.);
#3350=EDGE_CURVE('',#3684,#3865,#523,.T.);
#3351=EDGE_CURVE('',#3865,#3866,#524,.T.);
#3352=EDGE_CURVE('',#3685,#3866,#525,.T.);
#3353=EDGE_CURVE('',#3867,#3865,#526,.T.);
#3354=EDGE_CURVE('',#3867,#3683,#527,.T.);
#3355=EDGE_CURVE('',#3841,#3868,#528,.T.);
#3356=EDGE_CURVE('',#3682,#3868,#529,.T.);
#3357=EDGE_CURVE('',#3679,#3853,#530,.T.);
#3358=EDGE_CURVE('',#3849,#3843,#531,.F.);
#3359=EDGE_CURVE('',#3842,#3676,#532,.T.);
#3360=EDGE_CURVE('',#3869,#3673,#533,.T.);
#3361=EDGE_CURVE('',#3851,#3869,#534,.F.);
#3362=EDGE_CURVE('',#3671,#3741,#535,.T.);
#3363=EDGE_CURVE('',#3870,#3740,#536,.F.);
#3364=EDGE_CURVE('',#3672,#3870,#537,.T.);
#3365=EDGE_CURVE('',#3742,#3670,#538,.T.);
#3366=EDGE_CURVE('',#3744,#3668,#539,.T.);
#3367=EDGE_CURVE('',#3669,#3743,#540,.T.);
#3368=EDGE_CURVE('',#3666,#3746,#541,.T.);
#3369=EDGE_CURVE('',#3667,#3745,#542,.T.);
#3370=EDGE_CURVE('',#3747,#3665,#543,.T.);
#3371=EDGE_CURVE('',#3664,#3748,#544,.T.);
#3372=EDGE_CURVE('',#3660,#3752,#545,.T.);
#3373=EDGE_CURVE('',#3661,#3751,#546,.T.);
#3374=EDGE_CURVE('',#3659,#3753,#547,.T.);
#3375=EDGE_CURVE('',#3545,#3871,#548,.T.);
#3376=EDGE_CURVE('',#3846,#3850,#549,.F.);
#3377=EDGE_CURVE('',#3871,#3852,#550,.T.);
#3378=EDGE_CURVE('',#3872,#3840,#551,.T.);
#3379=EDGE_CURVE('',#3872,#3540,#552,.T.);
#3380=EDGE_CURVE('',#3837,#3858,#553,.F.);
#3381=EDGE_CURVE('',#3861,#3859,#554,.T.);
#3382=EDGE_CURVE('',#3863,#3862,#555,.F.);
#3383=EDGE_CURVE('',#3866,#3864,#556,.T.);
#3384=EDGE_CURVE('',#3868,#3867,#557,.F.);
#3385=EDGE_CURVE('',#3873,#3872,#558,.T.);
#3386=EDGE_CURVE('',#3873,#3874,#559,.T.);
#3387=EDGE_CURVE('',#3875,#3874,#560,.T.);
#3388=EDGE_CURVE('',#3875,#3876,#561,.T.);
#3389=EDGE_CURVE('',#3876,#3877,#562,.F.);
#3390=EDGE_CURVE('',#3877,#3878,#563,.T.);
#3391=EDGE_CURVE('',#3878,#3879,#564,.T.);
#3392=EDGE_CURVE('',#3879,#3880,#565,.T.);
#3393=EDGE_CURVE('',#3881,#3880,#566,.T.);
#3394=EDGE_CURVE('',#3881,#3882,#567,.F.);
#3395=EDGE_CURVE('',#3883,#3882,#568,.T.);
#3396=EDGE_CURVE('',#3884,#3883,#569,.T.);
#3397=EDGE_CURVE('',#3884,#3885,#570,.T.);
#3398=EDGE_CURVE('',#3885,#3886,#571,.T.);
#3399=EDGE_CURVE('',#3887,#3886,#572,.T.);
#3400=EDGE_CURVE('',#3887,#3888,#573,.F.);
#3401=EDGE_CURVE('',#3888,#3889,#574,.T.);
#3402=EDGE_CURVE('',#3890,#3889,#575,.T.);
#3403=EDGE_CURVE('',#3855,#3890,#576,.T.);
#3404=EDGE_CURVE('',#3538,#3891,#577,.T.);
#3405=EDGE_CURVE('',#3892,#3891,#578,.T.);
#3406=EDGE_CURVE('',#3539,#3892,#579,.T.);
#3407=EDGE_CURVE('',#3869,#3870,#580,.T.);
#3408=EDGE_CURVE('',#3871,#3754,#581,.F.);
#3409=EDGE_CURVE('',#3739,#3871,#582,.F.);
#3410=EDGE_CURVE('',#3872,#3892,#583,.T.);
#3411=EDGE_CURVE('',#3873,#3891,#584,.T.);
#3412=EDGE_CURVE('',#3835,#3777,#585,.T.);
#3413=EDGE_CURVE('',#3893,#3797,#3932,.T.);
#3414=EDGE_CURVE('',#3835,#3893,#3933,.T.);
#3415=EDGE_CURVE('',#3893,#3779,#3934,.T.);
#3416=EDGE_CURVE('',#3702,#3887,#586,.T.);
#3417=EDGE_CURVE('',#3703,#3886,#587,.T.);
#3418=EDGE_CURVE('',#3894,#3895,#588,.T.);
#3419=EDGE_CURVE('',#3894,#3715,#589,.T.);
#3420=EDGE_CURVE('',#3714,#3875,#590,.T.);
#3421=EDGE_CURVE('',#3874,#3895,#591,.T.);
#3422=EDGE_CURVE('',#3819,#3733,#592,.T.);
#3423=EDGE_CURVE('',#3732,#3820,#593,.T.);
#3424=EDGE_CURVE('',#3896,#3897,#594,.T.);
#3425=EDGE_CURVE('',#3897,#3898,#595,.T.);
#3426=EDGE_CURVE('',#3898,#3899,#596,.T.);
#3427=EDGE_CURVE('',#3900,#3899,#597,.T.);
#3428=EDGE_CURVE('',#3900,#3896,#598,.F.);
#3429=EDGE_CURVE('',#3901,#3902,#599,.T.);
#3430=EDGE_CURVE('',#3536,#3901,#600,.T.);
#3431=EDGE_CURVE('',#3535,#3902,#601,.T.);
#3432=EDGE_CURVE('',#3534,#3903,#602,.T.);
#3433=EDGE_CURVE('',#3718,#3903,#603,.T.);
#3434=EDGE_CURVE('',#3717,#3902,#604,.T.);
#3435=EDGE_CURVE('',#3533,#3904,#605,.T.);
#3436=EDGE_CURVE('',#3904,#3903,#606,.T.);
#3437=EDGE_CURVE('',#3720,#3900,#607,.T.);
#3438=EDGE_CURVE('',#3905,#3899,#608,.T.);
#3439=EDGE_CURVE('',#3905,#3906,#609,.F.);
#3440=EDGE_CURVE('',#3721,#3906,#610,.T.);
#3441=EDGE_CURVE('',#3907,#3902,#611,.T.);
#3442=EDGE_CURVE('',#3907,#3894,#612,.T.);
#3443=EDGE_CURVE('',#3901,#3895,#613,.T.);
#3444=EDGE_CURVE('',#3699,#3890,#614,.T.);
#3445=EDGE_CURVE('',#3700,#3889,#615,.T.);
#3446=EDGE_CURVE('',#3888,#3701,#616,.T.);
#3447=EDGE_CURVE('',#3885,#3704,#617,.T.);
#3448=EDGE_CURVE('',#3705,#3884,#618,.T.);
#3449=EDGE_CURVE('',#3706,#3883,#619,.T.);
#3450=EDGE_CURVE('',#3882,#3707,#620,.T.);
#3451=EDGE_CURVE('',#3880,#3709,#621,.T.);
#3452=EDGE_CURVE('',#3708,#3881,#622,.T.);
#3453=EDGE_CURVE('',#3710,#3879,#623,.T.);
#3454=EDGE_CURVE('',#3711,#3878,#624,.T.);
#3455=EDGE_CURVE('',#3877,#3712,#625,.T.);
#3456=EDGE_CURVE('',#3713,#3876,#626,.T.);
#3457=EDGE_CURVE('',#3716,#3907,#627,.T.);
#3458=EDGE_CURVE('',#3896,#3719,#628,.T.);
#3459=EDGE_CURVE('',#3903,#3897,#629,.F.);
#3460=EDGE_CURVE('',#3906,#3908,#630,.F.);
#3461=EDGE_CURVE('',#3908,#3722,#631,.T.);
#3462=EDGE_CURVE('',#3723,#3909,#632,.T.);
#3463=EDGE_CURVE('',#3909,#3829,#633,.F.);
#3464=EDGE_CURVE('',#3724,#3828,#634,.T.);
#3465=EDGE_CURVE('',#3827,#3725,#635,.T.);
#3466=EDGE_CURVE('',#3726,#3826,#636,.T.);
#3467=EDGE_CURVE('',#3825,#3727,#637,.T.);
#3468=EDGE_CURVE('',#3728,#3824,#638,.T.);
#3469=EDGE_CURVE('',#3729,#3823,#639,.T.);
#3470=EDGE_CURVE('',#3822,#3730,#640,.T.);
#3471=EDGE_CURVE('',#3731,#3821,#641,.T.);
#3472=EDGE_CURVE('',#3734,#3818,#642,.T.);
#3473=EDGE_CURVE('',#3735,#3817,#643,.T.);
#3474=EDGE_CURVE('',#3619,#3816,#644,.T.);
#3475=EDGE_CURVE('',#3532,#3910,#645,.T.);
#3476=EDGE_CURVE('',#3910,#3905,#646,.T.);
#3477=EDGE_CURVE('',#3898,#3904,#647,.F.);
#3478=EDGE_CURVE('',#3873,#3537,#648,.T.);
#3479=EDGE_CURVE('',#3908,#3909,#649,.T.);
#3480=EDGE_CURVE('',#3910,#3831,#650,.F.);
#3481=EDGE_CURVE('',#3830,#3910,#651,.F.);
#3482=VERTEX_POINT('',#6011);
#3483=VERTEX_POINT('',#6012);
#3484=VERTEX_POINT('',#6017);
#3485=VERTEX_POINT('',#6025);
#3486=VERTEX_POINT('',#6042);
#3487=VERTEX_POINT('',#6047);
#3488=VERTEX_POINT('',#6057);
#3489=VERTEX_POINT('',#6058);
#3490=VERTEX_POINT('',#6060);
#3491=VERTEX_POINT('',#6062);
#3492=VERTEX_POINT('',#6066);
#3493=VERTEX_POINT('',#6067);
#3494=VERTEX_POINT('',#6069);
#3495=VERTEX_POINT('',#6071);
#3496=VERTEX_POINT('',#6073);
#3497=VERTEX_POINT('',#6075);
#3498=VERTEX_POINT('',#6079);
#3499=VERTEX_POINT('',#6080);
#3500=VERTEX_POINT('',#6082);
#3501=VERTEX_POINT('',#6084);
#3502=VERTEX_POINT('',#6088);
#3503=VERTEX_POINT('',#6089);
#3504=VERTEX_POINT('',#6091);
#3505=VERTEX_POINT('',#6093);
#3506=VERTEX_POINT('',#6095);
#3507=VERTEX_POINT('',#6099);
#3508=VERTEX_POINT('',#6100);
#3509=VERTEX_POINT('',#6102);
#3510=VERTEX_POINT('',#6104);
#3511=VERTEX_POINT('',#6108);
#3512=VERTEX_POINT('',#6109);
#3513=VERTEX_POINT('',#6111);
#3514=VERTEX_POINT('',#6113);
#3515=VERTEX_POINT('',#6118);
#3516=VERTEX_POINT('',#6119);
#3517=VERTEX_POINT('',#6124);
#3518=VERTEX_POINT('',#6125);
#3519=VERTEX_POINT('',#6128);
#3520=VERTEX_POINT('',#6130);
#3521=VERTEX_POINT('',#6134);
#3522=VERTEX_POINT('',#6136);
#3523=VERTEX_POINT('',#6138);
#3524=VERTEX_POINT('',#6140);
#3525=VERTEX_POINT('',#6142);
#3526=VERTEX_POINT('',#6144);
#3527=VERTEX_POINT('',#6146);
#3528=VERTEX_POINT('',#6148);
#3529=VERTEX_POINT('',#6150);
#3530=VERTEX_POINT('',#6152);
#3531=VERTEX_POINT('',#6154);
#3532=VERTEX_POINT('',#6156);
#3533=VERTEX_POINT('',#6158);
#3534=VERTEX_POINT('',#6160);
#3535=VERTEX_POINT('',#6162);
#3536=VERTEX_POINT('',#6164);
#3537=VERTEX_POINT('',#6166);
#3538=VERTEX_POINT('',#6168);
#3539=VERTEX_POINT('',#6170);
#3540=VERTEX_POINT('',#6172);
#3541=VERTEX_POINT('',#6174);
#3542=VERTEX_POINT('',#6176);
#3543=VERTEX_POINT('',#6178);
#3544=VERTEX_POINT('',#6180);
#3545=VERTEX_POINT('',#6182);
#3546=VERTEX_POINT('',#6184);
#3547=VERTEX_POINT('',#6186);
#3548=VERTEX_POINT('',#6188);
#3549=VERTEX_POINT('',#6192);
#3550=VERTEX_POINT('',#6197);
#3551=VERTEX_POINT('',#6198);
#3552=VERTEX_POINT('',#6200);
#3553=VERTEX_POINT('',#6211);
#3554=VERTEX_POINT('',#6213);
#3555=VERTEX_POINT('',#6217);
#3556=VERTEX_POINT('',#6218);
#3557=VERTEX_POINT('',#6220);
#3558=VERTEX_POINT('',#6222);
#3559=VERTEX_POINT('',#6226);
#3560=VERTEX_POINT('',#6228);
#3561=VERTEX_POINT('',#6232);
#3562=VERTEX_POINT('',#6234);
#3563=VERTEX_POINT('',#6238);
#3564=VERTEX_POINT('',#6240);
#3565=VERTEX_POINT('',#6244);
#3566=VERTEX_POINT('',#6246);
#3567=VERTEX_POINT('',#6250);
#3568=VERTEX_POINT('',#6251);
#3569=VERTEX_POINT('',#6253);
#3570=VERTEX_POINT('',#6255);
#3571=VERTEX_POINT('',#6259);
#3572=VERTEX_POINT('',#6261);
#3573=VERTEX_POINT('',#6265);
#3574=VERTEX_POINT('',#6266);
#3575=VERTEX_POINT('',#6268);
#3576=VERTEX_POINT('',#6270);
#3577=VERTEX_POINT('',#6274);
#3578=VERTEX_POINT('',#6275);
#3579=VERTEX_POINT('',#6277);
#3580=VERTEX_POINT('',#6279);
#3581=VERTEX_POINT('',#6283);
#3582=VERTEX_POINT('',#6285);
#3583=VERTEX_POINT('',#6289);
#3584=VERTEX_POINT('',#6291);
#3585=VERTEX_POINT('',#6295);
#3586=VERTEX_POINT('',#6299);
#3587=VERTEX_POINT('',#6304);
#3588=VERTEX_POINT('',#6306);
#3589=VERTEX_POINT('',#6310);
#3590=VERTEX_POINT('',#6311);
#3591=VERTEX_POINT('',#6313);
#3592=VERTEX_POINT('',#6315);
#3593=VERTEX_POINT('',#6317);
#3594=VERTEX_POINT('',#6321);
#3595=VERTEX_POINT('',#6323);
#3596=VERTEX_POINT('',#6327);
#3597=VERTEX_POINT('',#6328);
#3598=VERTEX_POINT('',#6330);
#3599=VERTEX_POINT('',#6332);
#3600=VERTEX_POINT('',#6336);
#3601=VERTEX_POINT('',#6337);
#3602=VERTEX_POINT('',#6339);
#3603=VERTEX_POINT('',#6341);
#3604=VERTEX_POINT('',#6345);
#3605=VERTEX_POINT('',#6347);
#3606=VERTEX_POINT('',#6351);
#3607=VERTEX_POINT('',#6353);
#3608=VERTEX_POINT('',#6357);
#3609=VERTEX_POINT('',#6358);
#3610=VERTEX_POINT('',#6360);
#3611=VERTEX_POINT('',#6362);
#3612=VERTEX_POINT('',#6366);
#3613=VERTEX_POINT('',#6368);
#3614=VERTEX_POINT('',#6372);
#3615=VERTEX_POINT('',#6374);
#3616=VERTEX_POINT('',#6378);
#3617=VERTEX_POINT('',#6380);
#3618=VERTEX_POINT('',#6384);
#3619=VERTEX_POINT('',#6385);
#3620=VERTEX_POINT('',#6387);
#3621=VERTEX_POINT('',#6389);
#3622=VERTEX_POINT('',#6391);
#3623=VERTEX_POINT('',#6393);
#3624=VERTEX_POINT('',#6395);
#3625=VERTEX_POINT('',#6397);
#3626=VERTEX_POINT('',#6399);
#3627=VERTEX_POINT('',#6401);
#3628=VERTEX_POINT('',#6403);
#3629=VERTEX_POINT('',#6405);
#3630=VERTEX_POINT('',#6407);
#3631=VERTEX_POINT('',#6409);
#3632=VERTEX_POINT('',#6411);
#3633=VERTEX_POINT('',#6413);
#3634=VERTEX_POINT('',#6415);
#3635=VERTEX_POINT('',#6417);
#3636=VERTEX_POINT('',#6419);
#3637=VERTEX_POINT('',#6421);
#3638=VERTEX_POINT('',#6423);
#3639=VERTEX_POINT('',#6425);
#3640=VERTEX_POINT('',#6427);
#3641=VERTEX_POINT('',#6429);
#3642=VERTEX_POINT('',#6431);
#3643=VERTEX_POINT('',#6433);
#3644=VERTEX_POINT('',#6435);
#3645=VERTEX_POINT('',#6437);
#3646=VERTEX_POINT('',#6439);
#3647=VERTEX_POINT('',#6441);
#3648=VERTEX_POINT('',#6443);
#3649=VERTEX_POINT('',#6445);
#3650=VERTEX_POINT('',#6447);
#3651=VERTEX_POINT('',#6449);
#3652=VERTEX_POINT('',#6451);
#3653=VERTEX_POINT('',#6453);
#3654=VERTEX_POINT('',#6455);
#3655=VERTEX_POINT('',#6457);
#3656=VERTEX_POINT('',#6459);
#3657=VERTEX_POINT('',#6461);
#3658=VERTEX_POINT('',#6463);
#3659=VERTEX_POINT('',#6478);
#3660=VERTEX_POINT('',#6480);
#3661=VERTEX_POINT('',#6482);
#3662=VERTEX_POINT('',#6484);
#3663=VERTEX_POINT('',#6486);
#3664=VERTEX_POINT('',#6488);
#3665=VERTEX_POINT('',#6490);
#3666=VERTEX_POINT('',#6492);
#3667=VERTEX_POINT('',#6494);
#3668=VERTEX_POINT('',#6496);
#3669=VERTEX_POINT('',#6498);
#3670=VERTEX_POINT('',#6500);
#3671=VERTEX_POINT('',#6502);
#3672=VERTEX_POINT('',#6504);
#3673=VERTEX_POINT('',#6506);
#3674=VERTEX_POINT('',#6508);
#3675=VERTEX_POINT('',#6510);
#3676=VERTEX_POINT('',#6512);
#3677=VERTEX_POINT('',#6514);
#3678=VERTEX_POINT('',#6516);
#3679=VERTEX_POINT('',#6518);
#3680=VERTEX_POINT('',#6520);
#3681=VERTEX_POINT('',#6522);
#3682=VERTEX_POINT('',#6524);
#3683=VERTEX_POINT('',#6526);
#3684=VERTEX_POINT('',#6528);
#3685=VERTEX_POINT('',#6530);
#3686=VERTEX_POINT('',#6532);
#3687=VERTEX_POINT('',#6534);
#3688=VERTEX_POINT('',#6536);
#3689=VERTEX_POINT('',#6538);
#3690=VERTEX_POINT('',#6540);
#3691=VERTEX_POINT('',#6542);
#3692=VERTEX_POINT('',#6544);
#3693=VERTEX_POINT('',#6546);
#3694=VERTEX_POINT('',#6548);
#3695=VERTEX_POINT('',#6550);
#3696=VERTEX_POINT('',#6552);
#3697=VERTEX_POINT('',#6554);
#3698=VERTEX_POINT('',#6556);
#3699=VERTEX_POINT('',#6558);
#3700=VERTEX_POINT('',#6560);
#3701=VERTEX_POINT('',#6562);
#3702=VERTEX_POINT('',#6564);
#3703=VERTEX_POINT('',#6566);
#3704=VERTEX_POINT('',#6568);
#3705=VERTEX_POINT('',#6570);
#3706=VERTEX_POINT('',#6572);
#3707=VERTEX_POINT('',#6574);
#3708=VERTEX_POINT('',#6576);
#3709=VERTEX_POINT('',#6578);
#3710=VERTEX_POINT('',#6580);
#3711=VERTEX_POINT('',#6582);
#3712=VERTEX_POINT('',#6584);
#3713=VERTEX_POINT('',#6586);
#3714=VERTEX_POINT('',#6588);
#3715=VERTEX_POINT('',#6590);
#3716=VERTEX_POINT('',#6592);
#3717=VERTEX_POINT('',#6594);
#3718=VERTEX_POINT('',#6596);
#3719=VERTEX_POINT('',#6598);
#3720=VERTEX_POINT('',#6600);
#3721=VERTEX_POINT('',#6602);
#3722=VERTEX_POINT('',#6604);
#3723=VERTEX_POINT('',#6606);
#3724=VERTEX_POINT('',#6608);
#3725=VERTEX_POINT('',#6610);
#3726=VERTEX_POINT('',#6612);
#3727=VERTEX_POINT('',#6614);
#3728=VERTEX_POINT('',#6616);
#3729=VERTEX_POINT('',#6618);
#3730=VERTEX_POINT('',#6620);
#3731=VERTEX_POINT('',#6622);
#3732=VERTEX_POINT('',#6624);
#3733=VERTEX_POINT('',#6626);
#3734=VERTEX_POINT('',#6628);
#3735=VERTEX_POINT('',#6630);
#3736=VERTEX_POINT('',#6633);
#3737=VERTEX_POINT('',#6637);
#3738=VERTEX_POINT('',#6642);
#3739=VERTEX_POINT('',#6644);
#3740=VERTEX_POINT('',#6646);
#3741=VERTEX_POINT('',#6648);
#3742=VERTEX_POINT('',#6650);
#3743=VERTEX_POINT('',#6652);
#3744=VERTEX_POINT('',#6654);
#3745=VERTEX_POINT('',#6656);
#3746=VERTEX_POINT('',#6658);
#3747=VERTEX_POINT('',#6660);
#3748=VERTEX_POINT('',#6662);
#3749=VERTEX_POINT('',#6664);
#3750=VERTEX_POINT('',#6666);
#3751=VERTEX_POINT('',#6668);
#3752=VERTEX_POINT('',#6670);
#3753=VERTEX_POINT('',#6672);
#3754=VERTEX_POINT('',#6680);
#3755=VERTEX_POINT('',#6682);
#3756=VERTEX_POINT('',#6686);
#3757=VERTEX_POINT('',#6690);
#3758=VERTEX_POINT('',#6692);
#3759=VERTEX_POINT('',#6694);
#3760=VERTEX_POINT('',#6696);
#3761=VERTEX_POINT('',#6698);
#3762=VERTEX_POINT('',#6700);
#3763=VERTEX_POINT('',#6702);
#3764=VERTEX_POINT('',#6704);
#3765=VERTEX_POINT('',#6706);
#3766=VERTEX_POINT('',#6708);
#3767=VERTEX_POINT('',#6710);
#3768=VERTEX_POINT('',#6712);
#3769=VERTEX_POINT('',#6714);
#3770=VERTEX_POINT('',#6716);
#3771=VERTEX_POINT('',#6718);
#3772=VERTEX_POINT('',#6720);
#3773=VERTEX_POINT('',#6722);
#3774=VERTEX_POINT('',#6724);
#3775=VERTEX_POINT('',#6733);
#3776=VERTEX_POINT('',#6735);
#3777=VERTEX_POINT('',#6765);
#3778=VERTEX_POINT('',#6785);
#3779=VERTEX_POINT('',#6804);
#3780=VERTEX_POINT('',#6812);
#3781=VERTEX_POINT('',#6822);
#3782=VERTEX_POINT('',#6823);
#3783=VERTEX_POINT('',#6829);
#3784=VERTEX_POINT('',#6830);
#3785=VERTEX_POINT('',#6835);
#3786=VERTEX_POINT('',#6836);
#3787=VERTEX_POINT('',#6838);
#3788=VERTEX_POINT('',#6840);
#3789=VERTEX_POINT('',#6842);
#3790=VERTEX_POINT('',#6846);
#3791=VERTEX_POINT('',#6847);
#3792=VERTEX_POINT('',#6852);
#3793=VERTEX_POINT('',#6857);
#3794=VERTEX_POINT('',#6861);
#3795=VERTEX_POINT('',#6863);
#3796=VERTEX_POINT('',#6868);
#3797=VERTEX_POINT('',#6876);
#3798=VERTEX_POINT('',#6908);
#3799=VERTEX_POINT('',#6912);
#3800=VERTEX_POINT('',#6914);
#3801=VERTEX_POINT('',#6916);
#3802=VERTEX_POINT('',#6920);
#3803=VERTEX_POINT('',#6924);
#3804=VERTEX_POINT('',#6926);
#3805=VERTEX_POINT('',#6930);
#3806=VERTEX_POINT('',#6932);
#3807=VERTEX_POINT('',#6936);
#3808=VERTEX_POINT('',#6940);
#3809=VERTEX_POINT('',#6944);
#3810=VERTEX_POINT('',#6946);
#3811=VERTEX_POINT('',#6950);
#3812=VERTEX_POINT('',#6954);
#3813=VERTEX_POINT('',#6958);
#3814=VERTEX_POINT('',#6962);
#3815=VERTEX_POINT('',#6967);
#3816=VERTEX_POINT('',#6973);
#3817=VERTEX_POINT('',#6975);
#3818=VERTEX_POINT('',#6977);
#3819=VERTEX_POINT('',#6979);
#3820=VERTEX_POINT('',#6981);
#3821=VERTEX_POINT('',#6983);
#3822=VERTEX_POINT('',#6985);
#3823=VERTEX_POINT('',#6987);
#3824=VERTEX_POINT('',#6989);
#3825=VERTEX_POINT('',#6991);
#3826=VERTEX_POINT('',#6993);
#3827=VERTEX_POINT('',#6995);
#3828=VERTEX_POINT('',#6997);
#3829=VERTEX_POINT('',#6999);
#3830=VERTEX_POINT('',#7001);
#3831=VERTEX_POINT('',#7005);
#3832=VERTEX_POINT('',#7006);
#3833=VERTEX_POINT('',#7054);
#3834=VERTEX_POINT('',#7059);
#3835=VERTEX_POINT('',#7067);
#3836=VERTEX_POINT('',#7088);
#3837=VERTEX_POINT('',#7090);
#3838=VERTEX_POINT('',#7094);
#3839=VERTEX_POINT('',#7095);
#3840=VERTEX_POINT('',#7097);
#3841=VERTEX_POINT('',#7099);
#3842=VERTEX_POINT('',#7107);
#3843=VERTEX_POINT('',#7108);
#3844=VERTEX_POINT('',#7110);
#3845=VERTEX_POINT('',#7112);
#3846=VERTEX_POINT('',#7114);
#3847=VERTEX_POINT('',#7118);
#3848=VERTEX_POINT('',#7119);
#3849=VERTEX_POINT('',#7124);
#3850=VERTEX_POINT('',#7129);
#3851=VERTEX_POINT('',#7133);
#3852=VERTEX_POINT('',#7135);
#3853=VERTEX_POINT('',#7140);
#3854=VERTEX_POINT('',#7150);
#3855=VERTEX_POINT('',#7152);
#3856=VERTEX_POINT('',#7156);
#3857=VERTEX_POINT('',#7160);
#3858=VERTEX_POINT('',#7164);
#3859=VERTEX_POINT('',#7168);
#3860=VERTEX_POINT('',#7172);
#3861=VERTEX_POINT('',#7174);
#3862=VERTEX_POINT('',#7178);
#3863=VERTEX_POINT('',#7182);
#3864=VERTEX_POINT('',#7183);
#3865=VERTEX_POINT('',#7188);
#3866=VERTEX_POINT('',#7190);
#3867=VERTEX_POINT('',#7194);
#3868=VERTEX_POINT('',#7198);
#3869=VERTEX_POINT('',#7207);
#3870=VERTEX_POINT('',#7212);
#3871=VERTEX_POINT('',#7234);
#3872=VERTEX_POINT('',#7239);
#3873=VERTEX_POINT('',#7248);
#3874=VERTEX_POINT('',#7250);
#3875=VERTEX_POINT('',#7252);
#3876=VERTEX_POINT('',#7254);
#3877=VERTEX_POINT('',#7256);
#3878=VERTEX_POINT('',#7258);
#3879=VERTEX_POINT('',#7260);
#3880=VERTEX_POINT('',#7262);
#3881=VERTEX_POINT('',#7264);
#3882=VERTEX_POINT('',#7266);
#3883=VERTEX_POINT('',#7268);
#3884=VERTEX_POINT('',#7270);
#3885=VERTEX_POINT('',#7272);
#3886=VERTEX_POINT('',#7274);
#3887=VERTEX_POINT('',#7276);
#3888=VERTEX_POINT('',#7278);
#3889=VERTEX_POINT('',#7280);
#3890=VERTEX_POINT('',#7282);
#3891=VERTEX_POINT('',#7286);
#3892=VERTEX_POINT('',#7288);
#3893=VERTEX_POINT('',#7332);
#3894=VERTEX_POINT('',#7356);
#3895=VERTEX_POINT('',#7357);
#3896=VERTEX_POINT('',#7366);
#3897=VERTEX_POINT('',#7367);
#3898=VERTEX_POINT('',#7369);
#3899=VERTEX_POINT('',#7371);
#3900=VERTEX_POINT('',#7373);
#3901=VERTEX_POINT('',#7377);
#3902=VERTEX_POINT('',#7378);
#3903=VERTEX_POINT('',#7383);
#3904=VERTEX_POINT('',#7388);
#3905=VERTEX_POINT('',#7393);
#3906=VERTEX_POINT('',#7395);
#3907=VERTEX_POINT('',#7399);
#3908=VERTEX_POINT('',#7432);
#3909=VERTEX_POINT('',#7436);
#3910=VERTEX_POINT('',#7459);
#3911=B_SPLINE_CURVE_WITH_KNOTS('',3,(#6001,#6002,#6003,#6004,#6005,#6006,
#6007,#6008,#6009,#6010),.UNSPECIFIED.,.F.,.F.,(4,1,1,1,1,1,1,4),(0.,0.0017150239949422,
0.00343004798988441,0.00514507198482661,0.00686009597976882,0.00857511997471102,
0.0102901439696532,0.0137201919595376),.UNSPECIFIED.);
#3912=B_SPLINE_CURVE_WITH_KNOTS('',3,(#6013,#6014,#6015,#6016),
 .UNSPECIFIED.,.F.,.F.,(4,4),(0.,1.),.UNSPECIFIED.);
#3913=B_SPLINE_CURVE_WITH_KNOTS('',3,(#6018,#6019,#6020,#6021,#6022,#6023,
#6024),.UNSPECIFIED.,.F.,.F.,(4,1,1,1,4),(0.,0.00278740427309317,0.00557480854618633,
0.0083622128192795,0.0111496170923727),.UNSPECIFIED.);
#3914=B_SPLINE_CURVE_WITH_KNOTS('',3,(#6026,#6027,#6028,#6029),
 .UNSPECIFIED.,.F.,.F.,(4,4),(1.02699101677187E-6,1.),.UNSPECIFIED.);
#3915=B_SPLINE_CURVE_WITH_KNOTS('',3,(#6038,#6039,#6040,#6041),
 .UNSPECIFIED.,.F.,.F.,(4,4),(0.,1.),.UNSPECIFIED.);
#3916=B_SPLINE_CURVE_WITH_KNOTS('',3,(#6043,#6044,#6045,#6046),
 .UNSPECIFIED.,.F.,.F.,(4,4),(0.,1.),.UNSPECIFIED.);
#3917=B_SPLINE_CURVE_WITH_KNOTS('',3,(#6048,#6049,#6050,#6051,#6052,#6053,
#6054),.UNSPECIFIED.,.F.,.F.,(4,1,1,1,4),(0.,0.00280448316175134,0.00560896632350268,
0.00841344948525402,0.0112179326470054),.UNSPECIFIED.);
#3918=B_SPLINE_CURVE_WITH_KNOTS('',3,(#6201,#6202,#6203,#6204),
 .UNSPECIFIED.,.F.,.F.,(4,4),(0.,1.),.UNSPECIFIED.);
#3919=B_SPLINE_CURVE_WITH_KNOTS('',3,(#6207,#6208,#6209,#6210),
 .UNSPECIFIED.,.F.,.F.,(4,4),(1.61314447063389E-6,1.),.UNSPECIFIED.);
#3920=B_SPLINE_CURVE_WITH_KNOTS('',3,(#6775,#6776,#6777,#6778,#6779,#6780,
#6781,#6782,#6783,#6784),.UNSPECIFIED.,.F.,.F.,(4,1,1,1,1,1,1,4),(5.24924016827258E-9,
0.00171502858802737,0.00343005192681457,0.00514507526560178,0.00686009860438898,
0.00857512194317618,0.0102901452819634,0.0137201919595378),
 .UNSPECIFIED.);
#3921=B_SPLINE_CURVE_WITH_KNOTS('',3,(#6786,#6787,#6788,#6789),
 .UNSPECIFIED.,.F.,.F.,(4,4),(0.,0.999999998016158),.UNSPECIFIED.);
#3922=B_SPLINE_CURVE_WITH_KNOTS('',3,(#6800,#6801,#6802,#6803),
 .UNSPECIFIED.,.F.,.F.,(4,4),(1.98391692320176E-9,0.999999998805147),
 .UNSPECIFIED.);
#3923=B_SPLINE_CURVE_WITH_KNOTS('',3,(#6805,#6806,#6807,#6808,#6809,#6810,
#6811),.UNSPECIFIED.,.F.,.F.,(4,1,1,1,4),(0.,0.00280448316175134,0.00560896632350268,
0.00841344948525402,0.0112179326470054),.UNSPECIFIED.);
#3924=B_SPLINE_CURVE_WITH_KNOTS('',3,(#6813,#6814,#6815,#6816),
 .UNSPECIFIED.,.F.,.F.,(4,4),(0.,1.),.UNSPECIFIED.);
#3925=B_SPLINE_CURVE_WITH_KNOTS('',3,(#6872,#6873,#6874,#6875),
 .UNSPECIFIED.,.F.,.F.,(4,4),(0.,1.),.UNSPECIFIED.);
#3926=B_SPLINE_CURVE_WITH_KNOTS('',3,(#7044,#7045,#7046,#7047,#7048,#7049,
#7050,#7051,#7052,#7053),.UNSPECIFIED.,.F.,.F.,(4,1,1,1,1,1,1,4),(5.2492401652096E-9,
0.00171502858802735,0.00343005192681453,0.00514507526560172,0.0068600986043889,
0.00857512194317609,0.0102901452819633,0.0137201919595376),
 .UNSPECIFIED.);
#3927=B_SPLINE_CURVE_WITH_KNOTS('',3,(#7055,#7056,#7057,#7058),
 .UNSPECIFIED.,.F.,.F.,(4,4),(1.61314447063389E-6,1.),.UNSPECIFIED.);
#3928=B_SPLINE_CURVE_WITH_KNOTS('',3,(#7060,#7061,#7062,#7063,#7064,#7065,
#7066),.UNSPECIFIED.,.F.,.F.,(4,1,1,1,4),(0.,0.00283010269055542,0.00566020538111083,
0.00849030807166624,0.0113204107622217),.UNSPECIFIED.);
#3929=B_SPLINE_CURVE_WITH_KNOTS('',3,(#7068,#7069,#7070,#7071),
 .UNSPECIFIED.,.F.,.F.,(4,4),(0.,0.999999998016159),.UNSPECIFIED.);
#3930=B_SPLINE_CURVE_WITH_KNOTS('',3,(#7082,#7083,#7084,#7085),
 .UNSPECIFIED.,.F.,.F.,(4,4),(1.98391575600971E-9,1.),.UNSPECIFIED.);
#3931=B_SPLINE_CURVE_WITH_KNOTS('',3,(#7144,#7145,#7146,#7147),
 .UNSPECIFIED.,.F.,.F.,(4,4),(1.8335907528574E-6,1.),.UNSPECIFIED.);
#3932=B_SPLINE_CURVE_WITH_KNOTS('',3,(#7323,#7324,#7325,#7326,#7327,#7328,
#7329,#7330,#7331),.UNSPECIFIED.,.F.,.F.,(4,1,1,1,1,1,4),(-2.32872109370477E-5,
0.00344495747003331,0.00691320215100366,0.00864732449148884,0.010381446831974,
0.0121155691724592,0.0138496915129444),.UNSPECIFIED.);
#3933=B_SPLINE_CURVE_WITH_KNOTS('',3,(#7333,#7334,#7335,#7336),
 .UNSPECIFIED.,.F.,.F.,(4,4),(0.,0.999999998016222),.UNSPECIFIED.);
#3934=B_SPLINE_CURVE_WITH_KNOTS('',3,(#7347,#7348,#7349,#7350),
 .UNSPECIFIED.,.F.,.F.,(4,4),(1.9839800711787E-9,1.),.UNSPECIFIED.);
#3935=EDGE_LOOP('',(#1502,#1503,#1504,#1505));
#3936=EDGE_LOOP('',(#1506,#1507,#1508,#1509));
#3937=EDGE_LOOP('',(#1510,#1511,#1512,#1513));
#3938=EDGE_LOOP('',(#1514,#1515,#1516,#1517,#1518,#1519));
#3939=EDGE_LOOP('',(#1520,#1521,#1522,#1523));
#3940=EDGE_LOOP('',(#1524,#1525,#1526,#1527,#1528));
#3941=EDGE_LOOP('',(#1529,#1530,#1531,#1532));
#3942=EDGE_LOOP('',(#1533,#1534,#1535,#1536,#1537,#1538));
#3943=EDGE_LOOP('',(#1539,#1540,#1541,#1542));
#3944=EDGE_LOOP('',(#1543,#1544,#1545,#1546,#1547,#1548));
#3945=EDGE_LOOP('',(#1549,#1550,#1551,#1552,#1553,#1554,#1555,#1556,#1557,
#1558,#1559,#1560,#1561,#1562,#1563,#1564,#1565,#1566,#1567,#1568,#1569,
#1570,#1571,#1572,#1573,#1574,#1575,#1576,#1577,#1578,#1579,#1580));
#3946=EDGE_LOOP('',(#1581,#1582,#1583,#1584,#1585));
#3947=EDGE_LOOP('',(#1586,#1587,#1588,#1589,#1590));
#3948=EDGE_LOOP('',(#1591,#1592,#1593,#1594,#1595));
#3949=EDGE_LOOP('',(#1596,#1597,#1598,#1599));
#3950=EDGE_LOOP('',(#1600,#1601,#1602,#1603));
#3951=EDGE_LOOP('',(#1604,#1605,#1606,#1607));
#3952=EDGE_LOOP('',(#1608,#1609,#1610,#1611));
#3953=EDGE_LOOP('',(#1612,#1613,#1614,#1615));
#3954=EDGE_LOOP('',(#1616,#1617,#1618,#1619));
#3955=EDGE_LOOP('',(#1620,#1621,#1622,#1623));
#3956=EDGE_LOOP('',(#1624,#1625,#1626,#1627));
#3957=EDGE_LOOP('',(#1628,#1629,#1630,#1631));
#3958=EDGE_LOOP('',(#1632,#1633,#1634,#1635));
#3959=EDGE_LOOP('',(#1636,#1637,#1638,#1639));
#3960=EDGE_LOOP('',(#1640,#1641,#1642,#1643));
#3961=EDGE_LOOP('',(#1644,#1645,#1646,#1647,#1648));
#3962=EDGE_LOOP('',(#1649,#1650,#1651,#1652));
#3963=EDGE_LOOP('',(#1653,#1654,#1655,#1656,#1657));
#3964=EDGE_LOOP('',(#1658,#1659,#1660,#1661));
#3965=EDGE_LOOP('',(#1662,#1663,#1664,#1665));
#3966=EDGE_LOOP('',(#1666,#1667,#1668,#1669));
#3967=EDGE_LOOP('',(#1670,#1671,#1672,#1673));
#3968=EDGE_LOOP('',(#1674,#1675,#1676,#1677));
#3969=EDGE_LOOP('',(#1678,#1679,#1680,#1681));
#3970=EDGE_LOOP('',(#1682,#1683,#1684,#1685));
#3971=EDGE_LOOP('',(#1686,#1687,#1688,#1689));
#3972=EDGE_LOOP('',(#1690,#1691,#1692,#1693));
#3973=EDGE_LOOP('',(#1694,#1695,#1696,#1697,#1698,#1699,#1700,#1701,#1702,
#1703,#1704,#1705,#1706,#1707,#1708,#1709,#1710,#1711,#1712,#1713,#1714,
#1715,#1716,#1717,#1718,#1719,#1720,#1721,#1722,#1723,#1724,#1725,#1726,
#1727,#1728,#1729,#1730,#1731,#1732,#1733,#1734,#1735,#1736,#1737,#1738,
#1739,#1740,#1741,#1742,#1743,#1744,#1745,#1746,#1747,#1748,#1749,#1750,
#1751,#1752,#1753,#1754,#1755,#1756,#1757,#1758,#1759,#1760,#1761,#1762,
#1763,#1764,#1765,#1766,#1767,#1768,#1769,#1770,#1771,#1772,#1773,#1774,
#1775,#1776,#1777,#1778,#1779,#1780,#1781,#1782,#1783,#1784,#1785,#1786,
#1787,#1788,#1789,#1790,#1791,#1792,#1793,#1794,#1795,#1796,#1797,#1798,
#1799,#1800,#1801,#1802,#1803,#1804,#1805,#1806,#1807,#1808,#1809,#1810,
#1811,#1812,#1813,#1814,#1815,#1816,#1817,#1818,#1819,#1820,#1821,#1822,
#1823,#1824,#1825,#1826,#1827,#1828,#1829,#1830,#1831,#1832,#1833,#1834,
#1835,#1836,#1837,#1838,#1839,#1840,#1841,#1842,#1843,#1844,#1845,#1846,
#1847,#1848,#1849,#1850,#1851,#1852,#1853));
#3974=EDGE_LOOP('',(#1854,#1855,#1856,#1857));
#3975=EDGE_LOOP('',(#1858,#1859,#1860,#1861,#1862,#1863,#1864));
#3976=EDGE_LOOP('',(#1865,#1866,#1867,#1868,#1869,#1870,#1871,#1872,#1873,
#1874,#1875,#1876,#1877,#1878,#1879,#1880,#1881,#1882,#1883,#1884,#1885,
#1886,#1887,#1888,#1889,#1890,#1891,#1892,#1893,#1894,#1895,#1896));
#3977=EDGE_LOOP('',(#1897,#1898,#1899,#1900));
#3978=EDGE_LOOP('',(#1901,#1902,#1903,#1904,#1905,#1906));
#3979=EDGE_LOOP('',(#1907,#1908,#1909,#1910,#1911,#1912,#1913,#1914,#1915,
#1916,#1917,#1918,#1919,#1920,#1921,#1922,#1923,#1924,#1925,#1926,#1927,
#1928,#1929,#1930,#1931,#1932,#1933,#1934,#1935,#1936,#1937,#1938,#1939,
#1940,#1941,#1942,#1943,#1944));
#3980=EDGE_LOOP('',(#1945,#1946,#1947,#1948));
#3981=EDGE_LOOP('',(#1949,#1950,#1951,#1952));
#3982=EDGE_LOOP('',(#1953,#1954,#1955,#1956));
#3983=EDGE_LOOP('',(#1957,#1958,#1959,#1960));
#3984=EDGE_LOOP('',(#1961,#1962,#1963,#1964));
#3985=EDGE_LOOP('',(#1965,#1966,#1967,#1968));
#3986=EDGE_LOOP('',(#1969,#1970,#1971,#1972));
#3987=EDGE_LOOP('',(#1973,#1974,#1975,#1976));
#3988=EDGE_LOOP('',(#1977,#1978,#1979,#1980));
#3989=EDGE_LOOP('',(#1981,#1982,#1983,#1984));
#3990=EDGE_LOOP('',(#1985,#1986,#1987,#1988));
#3991=EDGE_LOOP('',(#1989,#1990,#1991,#1992));
#3992=EDGE_LOOP('',(#1993,#1994,#1995,#1996));
#3993=EDGE_LOOP('',(#1997,#1998,#1999,#2000));
#3994=EDGE_LOOP('',(#2001,#2002,#2003,#2004,#2005,#2006,#2007));
#3995=EDGE_LOOP('',(#2008,#2009,#2010));
#3996=EDGE_LOOP('',(#2011,#2012,#2013,#2014));
#3997=EDGE_LOOP('',(#2015,#2016,#2017,#2018));
#3998=EDGE_LOOP('',(#2019,#2020,#2021,#2022));
#3999=EDGE_LOOP('',(#2023,#2024,#2025,#2026));
#4000=EDGE_LOOP('',(#2027,#2028,#2029,#2030));
#4001=EDGE_LOOP('',(#2031,#2032,#2033,#2034));
#4002=EDGE_LOOP('',(#2035,#2036,#2037,#2038));
#4003=EDGE_LOOP('',(#2039,#2040,#2041,#2042));
#4004=EDGE_LOOP('',(#2043,#2044,#2045,#2046,#2047,#2048));
#4005=EDGE_LOOP('',(#2049,#2050,#2051,#2052));
#4006=EDGE_LOOP('',(#2053,#2054,#2055,#2056,#2057));
#4007=EDGE_LOOP('',(#2058,#2059,#2060,#2061));
#4008=EDGE_LOOP('',(#2062,#2063,#2064,#2065,#2066,#2067));
#4009=EDGE_LOOP('',(#2068,#2069,#2070,#2071));
#4010=EDGE_LOOP('',(#2072,#2073,#2074,#2075,#2076,#2077));
#4011=EDGE_LOOP('',(#2078,#2079,#2080,#2081,#2082));
#4012=EDGE_LOOP('',(#2083,#2084,#2085,#2086,#2087));
#4013=EDGE_LOOP('',(#2088,#2089,#2090,#2091));
#4014=EDGE_LOOP('',(#2092,#2093,#2094,#2095));
#4015=EDGE_LOOP('',(#2096,#2097,#2098,#2099));
#4016=EDGE_LOOP('',(#2100,#2101,#2102,#2103));
#4017=EDGE_LOOP('',(#2104,#2105,#2106,#2107));
#4018=EDGE_LOOP('',(#2108,#2109,#2110,#2111));
#4019=EDGE_LOOP('',(#2112,#2113,#2114,#2115));
#4020=EDGE_LOOP('',(#2116,#2117,#2118,#2119));
#4021=EDGE_LOOP('',(#2120,#2121,#2122,#2123));
#4022=EDGE_LOOP('',(#2124,#2125,#2126,#2127));
#4023=EDGE_LOOP('',(#2128,#2129,#2130,#2131));
#4024=EDGE_LOOP('',(#2132,#2133,#2134,#2135,#2136));
#4025=EDGE_LOOP('',(#2137,#2138,#2139,#2140));
#4026=EDGE_LOOP('',(#2141,#2142,#2143,#2144,#2145));
#4027=EDGE_LOOP('',(#2146,#2147,#2148,#2149));
#4028=EDGE_LOOP('',(#2150,#2151,#2152,#2153));
#4029=EDGE_LOOP('',(#2154,#2155,#2156,#2157));
#4030=EDGE_LOOP('',(#2158,#2159,#2160,#2161));
#4031=EDGE_LOOP('',(#2162,#2163,#2164,#2165));
#4032=EDGE_LOOP('',(#2166,#2167,#2168,#2169));
#4033=EDGE_LOOP('',(#2170,#2171,#2172,#2173));
#4034=EDGE_LOOP('',(#2174,#2175,#2176,#2177));
#4035=EDGE_LOOP('',(#2178,#2179,#2180,#2181));
#4036=EDGE_LOOP('',(#2182,#2183,#2184,#2185,#2186,#2187,#2188));
#4037=EDGE_LOOP('',(#2189,#2190,#2191,#2192,#2193,#2194,#2195,#2196,#2197,
#2198,#2199,#2200,#2201,#2202,#2203,#2204,#2205,#2206,#2207,#2208,#2209,
#2210,#2211,#2212,#2213,#2214,#2215,#2216,#2217,#2218,#2219,#2220));
#4038=EDGE_LOOP('',(#2221,#2222,#2223,#2224));
#4039=EDGE_LOOP('',(#2225,#2226,#2227,#2228,#2229,#2230));
#4040=EDGE_LOOP('',(#2231,#2232,#2233,#2234));
#4041=EDGE_LOOP('',(#2235,#2236,#2237,#2238));
#4042=EDGE_LOOP('',(#2239,#2240,#2241,#2242));
#4043=EDGE_LOOP('',(#2243,#2244,#2245,#2246));
#4044=EDGE_LOOP('',(#2247,#2248,#2249,#2250));
#4045=EDGE_LOOP('',(#2251,#2252,#2253,#2254));
#4046=EDGE_LOOP('',(#2255,#2256,#2257,#2258));
#4047=EDGE_LOOP('',(#2259,#2260,#2261,#2262));
#4048=EDGE_LOOP('',(#2263,#2264,#2265,#2266));
#4049=EDGE_LOOP('',(#2267,#2268,#2269,#2270));
#4050=EDGE_LOOP('',(#2271,#2272,#2273,#2274));
#4051=EDGE_LOOP('',(#2275,#2276,#2277,#2278));
#4052=EDGE_LOOP('',(#2279,#2280,#2281,#2282));
#4053=EDGE_LOOP('',(#2283,#2284,#2285,#2286,#2287,#2288,#2289));
#4054=EDGE_LOOP('',(#2290,#2291,#2292));
#4055=EDGE_LOOP('',(#2293,#2294,#2295,#2296));
#4056=EDGE_LOOP('',(#2297,#2298,#2299,#2300));
#4057=EDGE_LOOP('',(#2301,#2302,#2303,#2304));
#4058=EDGE_LOOP('',(#2305,#2306,#2307,#2308));
#4059=EDGE_LOOP('',(#2309,#2310,#2311,#2312));
#4060=EDGE_LOOP('',(#2313,#2314,#2315,#2316));
#4061=EDGE_LOOP('',(#2317,#2318,#2319,#2320));
#4062=EDGE_LOOP('',(#2321,#2322,#2323,#2324,#2325,#2326));
#4063=EDGE_LOOP('',(#2327,#2328,#2329,#2330));
#4064=EDGE_LOOP('',(#2331,#2332,#2333,#2334,#2335));
#4065=EDGE_LOOP('',(#2336,#2337,#2338,#2339));
#4066=EDGE_LOOP('',(#2340,#2341,#2342,#2343,#2344,#2345));
#4067=EDGE_LOOP('',(#2346,#2347,#2348,#2349));
#4068=EDGE_LOOP('',(#2350,#2351,#2352,#2353,#2354,#2355));
#4069=EDGE_LOOP('',(#2356,#2357,#2358,#2359,#2360));
#4070=EDGE_LOOP('',(#2361,#2362,#2363,#2364,#2365));
#4071=EDGE_LOOP('',(#2366,#2367,#2368,#2369));
#4072=EDGE_LOOP('',(#2370,#2371,#2372,#2373));
#4073=EDGE_LOOP('',(#2374,#2375,#2376,#2377));
#4074=EDGE_LOOP('',(#2378,#2379,#2380,#2381));
#4075=EDGE_LOOP('',(#2382,#2383,#2384,#2385));
#4076=EDGE_LOOP('',(#2386,#2387,#2388,#2389));
#4077=EDGE_LOOP('',(#2390,#2391,#2392,#2393));
#4078=EDGE_LOOP('',(#2394,#2395,#2396,#2397));
#4079=EDGE_LOOP('',(#2398,#2399,#2400,#2401));
#4080=EDGE_LOOP('',(#2402,#2403,#2404,#2405));
#4081=EDGE_LOOP('',(#2406,#2407,#2408,#2409));
#4082=EDGE_LOOP('',(#2410,#2411,#2412,#2413));
#4083=EDGE_LOOP('',(#2414,#2415,#2416,#2417,#2418));
#4084=EDGE_LOOP('',(#2419,#2420,#2421,#2422));
#4085=EDGE_LOOP('',(#2423,#2424,#2425,#2426,#2427));
#4086=EDGE_LOOP('',(#2428,#2429,#2430,#2431));
#4087=EDGE_LOOP('',(#2432,#2433,#2434,#2435));
#4088=EDGE_LOOP('',(#2436,#2437,#2438,#2439));
#4089=EDGE_LOOP('',(#2440,#2441,#2442,#2443));
#4090=EDGE_LOOP('',(#2444,#2445,#2446,#2447));
#4091=EDGE_LOOP('',(#2448,#2449,#2450,#2451));
#4092=EDGE_LOOP('',(#2452,#2453,#2454,#2455));
#4093=EDGE_LOOP('',(#2456,#2457,#2458,#2459));
#4094=EDGE_LOOP('',(#2460,#2461,#2462,#2463,#2464,#2465,#2466));
#4095=EDGE_LOOP('',(#2467,#2468,#2469,#2470,#2471,#2472));
#4096=EDGE_LOOP('',(#2473,#2474,#2475,#2476,#2477,#2478,#2479,#2480,#2481,
#2482,#2483,#2484,#2485,#2486,#2487,#2488,#2489,#2490,#2491,#2492,#2493,
#2494,#2495,#2496,#2497,#2498,#2499,#2500,#2501,#2502,#2503,#2504,#2505,
#2506,#2507,#2508,#2509,#2510));
#4097=EDGE_LOOP('',(#2511,#2512,#2513,#2514));
#4098=EDGE_LOOP('',(#2515,#2516,#2517,#2518));
#4099=EDGE_LOOP('',(#2519,#2520,#2521,#2522));
#4100=EDGE_LOOP('',(#2523,#2524,#2525,#2526));
#4101=EDGE_LOOP('',(#2527,#2528,#2529,#2530));
#4102=EDGE_LOOP('',(#2531,#2532,#2533,#2534));
#4103=EDGE_LOOP('',(#2535,#2536,#2537,#2538));
#4104=EDGE_LOOP('',(#2539,#2540,#2541,#2542));
#4105=EDGE_LOOP('',(#2543,#2544,#2545,#2546));
#4106=EDGE_LOOP('',(#2547,#2548,#2549,#2550));
#4107=EDGE_LOOP('',(#2551,#2552,#2553,#2554));
#4108=EDGE_LOOP('',(#2555,#2556,#2557,#2558));
#4109=EDGE_LOOP('',(#2559,#2560,#2561,#2562));
#4110=EDGE_LOOP('',(#2563,#2564,#2565,#2566));
#4111=EDGE_LOOP('',(#2567,#2568,#2569,#2570,#2571,#2572,#2573));
#4112=EDGE_LOOP('',(#2574,#2575,#2576));
#4113=EDGE_LOOP('',(#2577,#2578,#2579,#2580));
#4114=EDGE_LOOP('',(#2581,#2582,#2583,#2584));
#4115=EDGE_LOOP('',(#2585,#2586,#2587,#2588));
#4116=EDGE_LOOP('',(#2589,#2590,#2591,#2592));
#4117=EDGE_LOOP('',(#2593,#2594,#2595,#2596));
#4118=EDGE_LOOP('',(#2597,#2598,#2599,#2600));
#4119=EDGE_LOOP('',(#2601,#2602,#2603,#2604));
#4120=EDGE_LOOP('',(#2605,#2606,#2607,#2608,#2609,#2610));
#4121=EDGE_LOOP('',(#2611,#2612,#2613,#2614));
#4122=EDGE_LOOP('',(#2615,#2616,#2617,#2618,#2619));
#4123=EDGE_LOOP('',(#2620,#2621,#2622,#2623));
#4124=EDGE_LOOP('',(#2624,#2625,#2626,#2627,#2628,#2629));
#4125=EDGE_LOOP('',(#2630,#2631,#2632,#2633));
#4126=EDGE_LOOP('',(#2634,#2635,#2636,#2637,#2638,#2639));
#4127=EDGE_LOOP('',(#2640,#2641,#2642,#2643,#2644));
#4128=EDGE_LOOP('',(#2645,#2646,#2647,#2648));
#4129=EDGE_LOOP('',(#2649,#2650,#2651,#2652));
#4130=EDGE_LOOP('',(#2653,#2654,#2655,#2656));
#4131=EDGE_LOOP('',(#2657,#2658,#2659,#2660));
#4132=EDGE_LOOP('',(#2661,#2662,#2663,#2664));
#4133=EDGE_LOOP('',(#2665,#2666,#2667,#2668));
#4134=EDGE_LOOP('',(#2669,#2670,#2671,#2672));
#4135=EDGE_LOOP('',(#2673,#2674,#2675,#2676));
#4136=EDGE_LOOP('',(#2677,#2678,#2679,#2680));
#4137=EDGE_LOOP('',(#2681,#2682,#2683,#2684));
#4138=EDGE_LOOP('',(#2685,#2686,#2687,#2688));
#4139=EDGE_LOOP('',(#2689,#2690,#2691,#2692,#2693));
#4140=EDGE_LOOP('',(#2694,#2695,#2696,#2697));
#4141=EDGE_LOOP('',(#2698,#2699,#2700,#2701,#2702));
#4142=EDGE_LOOP('',(#2703,#2704,#2705,#2706));
#4143=EDGE_LOOP('',(#2707,#2708,#2709,#2710));
#4144=EDGE_LOOP('',(#2711,#2712,#2713,#2714));
#4145=EDGE_LOOP('',(#2715,#2716,#2717,#2718));
#4146=EDGE_LOOP('',(#2719,#2720,#2721,#2722));
#4147=EDGE_LOOP('',(#2723,#2724,#2725,#2726));
#4148=EDGE_LOOP('',(#2727,#2728,#2729,#2730));
#4149=EDGE_LOOP('',(#2731,#2732,#2733,#2734));
#4150=EDGE_LOOP('',(#2735,#2736,#2737,#2738,#2739,#2740,#2741));
#4151=EDGE_LOOP('',(#2742,#2743,#2744,#2745,#2746,#2747));
#4152=EDGE_LOOP('',(#2748,#2749,#2750,#2751));
#4153=EDGE_LOOP('',(#2752,#2753,#2754,#2755));
#4154=EDGE_LOOP('',(#2756,#2757,#2758,#2759));
#4155=EDGE_LOOP('',(#2760,#2761,#2762,#2763));
#4156=EDGE_LOOP('',(#2764,#2765,#2766,#2767));
#4157=EDGE_LOOP('',(#2768,#2769,#2770,#2771));
#4158=EDGE_LOOP('',(#2772,#2773,#2774,#2775));
#4159=EDGE_LOOP('',(#2776,#2777,#2778,#2779));
#4160=EDGE_LOOP('',(#2780,#2781,#2782,#2783));
#4161=EDGE_LOOP('',(#2784,#2785,#2786,#2787));
#4162=EDGE_LOOP('',(#2788,#2789,#2790,#2791));
#4163=EDGE_LOOP('',(#2792,#2793,#2794,#2795));
#4164=EDGE_LOOP('',(#2796,#2797,#2798,#2799));
#4165=EDGE_LOOP('',(#2800,#2801,#2802,#2803,#2804,#2805,#2806));
#4166=EDGE_LOOP('',(#2807,#2808,#2809));
#4167=EDGE_LOOP('',(#2810,#2811,#2812,#2813));
#4168=EDGE_LOOP('',(#2814,#2815,#2816,#2817));
#4169=EDGE_LOOP('',(#2818,#2819,#2820,#2821));
#4170=FACE_BOUND('',#3935,.T.);
#4171=FACE_BOUND('',#3936,.T.);
#4172=FACE_BOUND('',#3937,.T.);
#4173=FACE_BOUND('',#3938,.T.);
#4174=FACE_BOUND('',#3939,.T.);
#4175=FACE_BOUND('',#3940,.T.);
#4176=FACE_BOUND('',#3941,.T.);
#4177=FACE_BOUND('',#3942,.T.);
#4178=FACE_BOUND('',#3943,.T.);
#4179=FACE_BOUND('',#3944,.T.);
#4180=FACE_BOUND('',#3945,.T.);
#4181=FACE_BOUND('',#3946,.T.);
#4182=FACE_BOUND('',#3947,.T.);
#4183=FACE_BOUND('',#3948,.T.);
#4184=FACE_BOUND('',#3949,.T.);
#4185=FACE_BOUND('',#3950,.T.);
#4186=FACE_BOUND('',#3951,.T.);
#4187=FACE_BOUND('',#3952,.T.);
#4188=FACE_BOUND('',#3953,.T.);
#4189=FACE_BOUND('',#3954,.T.);
#4190=FACE_BOUND('',#3955,.T.);
#4191=FACE_BOUND('',#3956,.T.);
#4192=FACE_BOUND('',#3957,.T.);
#4193=FACE_BOUND('',#3958,.T.);
#4194=FACE_BOUND('',#3959,.T.);
#4195=FACE_BOUND('',#3960,.T.);
#4196=FACE_BOUND('',#3961,.T.);
#4197=FACE_BOUND('',#3962,.T.);
#4198=FACE_BOUND('',#3963,.T.);
#4199=FACE_BOUND('',#3964,.T.);
#4200=FACE_BOUND('',#3965,.T.);
#4201=FACE_BOUND('',#3966,.T.);
#4202=FACE_BOUND('',#3967,.T.);
#4203=FACE_BOUND('',#3968,.T.);
#4204=FACE_BOUND('',#3969,.T.);
#4205=FACE_BOUND('',#3970,.T.);
#4206=FACE_BOUND('',#3971,.T.);
#4207=FACE_BOUND('',#3972,.T.);
#4208=FACE_BOUND('',#3973,.T.);
#4209=FACE_BOUND('',#3974,.T.);
#4210=FACE_BOUND('',#3975,.T.);
#4211=FACE_BOUND('',#3976,.T.);
#4212=FACE_BOUND('',#3977,.T.);
#4213=FACE_BOUND('',#3978,.T.);
#4214=FACE_BOUND('',#3979,.T.);
#4215=FACE_BOUND('',#3980,.T.);
#4216=FACE_BOUND('',#3981,.T.);
#4217=FACE_BOUND('',#3982,.T.);
#4218=FACE_BOUND('',#3983,.T.);
#4219=FACE_BOUND('',#3984,.T.);
#4220=FACE_BOUND('',#3985,.T.);
#4221=FACE_BOUND('',#3986,.T.);
#4222=FACE_BOUND('',#3987,.T.);
#4223=FACE_BOUND('',#3988,.T.);
#4224=FACE_BOUND('',#3989,.T.);
#4225=FACE_BOUND('',#3990,.T.);
#4226=FACE_BOUND('',#3991,.T.);
#4227=FACE_BOUND('',#3992,.T.);
#4228=FACE_BOUND('',#3993,.T.);
#4229=FACE_BOUND('',#3994,.T.);
#4230=FACE_BOUND('',#3995,.T.);
#4231=FACE_BOUND('',#3996,.T.);
#4232=FACE_BOUND('',#3997,.T.);
#4233=FACE_BOUND('',#3998,.T.);
#4234=FACE_BOUND('',#3999,.T.);
#4235=FACE_BOUND('',#4000,.T.);
#4236=FACE_BOUND('',#4001,.T.);
#4237=FACE_BOUND('',#4002,.T.);
#4238=FACE_BOUND('',#4003,.T.);
#4239=FACE_BOUND('',#4004,.T.);
#4240=FACE_BOUND('',#4005,.T.);
#4241=FACE_BOUND('',#4006,.T.);
#4242=FACE_BOUND('',#4007,.T.);
#4243=FACE_BOUND('',#4008,.T.);
#4244=FACE_BOUND('',#4009,.T.);
#4245=FACE_BOUND('',#4010,.T.);
#4246=FACE_BOUND('',#4011,.T.);
#4247=FACE_BOUND('',#4012,.T.);
#4248=FACE_BOUND('',#4013,.T.);
#4249=FACE_BOUND('',#4014,.T.);
#4250=FACE_BOUND('',#4015,.T.);
#4251=FACE_BOUND('',#4016,.T.);
#4252=FACE_BOUND('',#4017,.T.);
#4253=FACE_BOUND('',#4018,.T.);
#4254=FACE_BOUND('',#4019,.T.);
#4255=FACE_BOUND('',#4020,.T.);
#4256=FACE_BOUND('',#4021,.T.);
#4257=FACE_BOUND('',#4022,.T.);
#4258=FACE_BOUND('',#4023,.T.);
#4259=FACE_BOUND('',#4024,.T.);
#4260=FACE_BOUND('',#4025,.T.);
#4261=FACE_BOUND('',#4026,.T.);
#4262=FACE_BOUND('',#4027,.T.);
#4263=FACE_BOUND('',#4028,.T.);
#4264=FACE_BOUND('',#4029,.T.);
#4265=FACE_BOUND('',#4030,.T.);
#4266=FACE_BOUND('',#4031,.T.);
#4267=FACE_BOUND('',#4032,.T.);
#4268=FACE_BOUND('',#4033,.T.);
#4269=FACE_BOUND('',#4034,.T.);
#4270=FACE_BOUND('',#4035,.T.);
#4271=FACE_BOUND('',#4036,.T.);
#4272=FACE_BOUND('',#4037,.T.);
#4273=FACE_BOUND('',#4038,.T.);
#4274=FACE_BOUND('',#4039,.T.);
#4275=FACE_BOUND('',#4040,.T.);
#4276=FACE_BOUND('',#4041,.T.);
#4277=FACE_BOUND('',#4042,.T.);
#4278=FACE_BOUND('',#4043,.T.);
#4279=FACE_BOUND('',#4044,.T.);
#4280=FACE_BOUND('',#4045,.T.);
#4281=FACE_BOUND('',#4046,.T.);
#4282=FACE_BOUND('',#4047,.T.);
#4283=FACE_BOUND('',#4048,.T.);
#4284=FACE_BOUND('',#4049,.T.);
#4285=FACE_BOUND('',#4050,.T.);
#4286=FACE_BOUND('',#4051,.T.);
#4287=FACE_BOUND('',#4052,.T.);
#4288=FACE_BOUND('',#4053,.T.);
#4289=FACE_BOUND('',#4054,.T.);
#4290=FACE_BOUND('',#4055,.T.);
#4291=FACE_BOUND('',#4056,.T.);
#4292=FACE_BOUND('',#4057,.T.);
#4293=FACE_BOUND('',#4058,.T.);
#4294=FACE_BOUND('',#4059,.T.);
#4295=FACE_BOUND('',#4060,.T.);
#4296=FACE_BOUND('',#4061,.T.);
#4297=FACE_BOUND('',#4062,.T.);
#4298=FACE_BOUND('',#4063,.T.);
#4299=FACE_BOUND('',#4064,.T.);
#4300=FACE_BOUND('',#4065,.T.);
#4301=FACE_BOUND('',#4066,.T.);
#4302=FACE_BOUND('',#4067,.T.);
#4303=FACE_BOUND('',#4068,.T.);
#4304=FACE_BOUND('',#4069,.T.);
#4305=FACE_BOUND('',#4070,.T.);
#4306=FACE_BOUND('',#4071,.T.);
#4307=FACE_BOUND('',#4072,.T.);
#4308=FACE_BOUND('',#4073,.T.);
#4309=FACE_BOUND('',#4074,.T.);
#4310=FACE_BOUND('',#4075,.T.);
#4311=FACE_BOUND('',#4076,.T.);
#4312=FACE_BOUND('',#4077,.T.);
#4313=FACE_BOUND('',#4078,.T.);
#4314=FACE_BOUND('',#4079,.T.);
#4315=FACE_BOUND('',#4080,.T.);
#4316=FACE_BOUND('',#4081,.T.);
#4317=FACE_BOUND('',#4082,.T.);
#4318=FACE_BOUND('',#4083,.T.);
#4319=FACE_BOUND('',#4084,.T.);
#4320=FACE_BOUND('',#4085,.T.);
#4321=FACE_BOUND('',#4086,.T.);
#4322=FACE_BOUND('',#4087,.T.);
#4323=FACE_BOUND('',#4088,.T.);
#4324=FACE_BOUND('',#4089,.T.);
#4325=FACE_BOUND('',#4090,.T.);
#4326=FACE_BOUND('',#4091,.T.);
#4327=FACE_BOUND('',#4092,.T.);
#4328=FACE_BOUND('',#4093,.T.);
#4329=FACE_BOUND('',#4094,.T.);
#4330=FACE_BOUND('',#4095,.T.);
#4331=FACE_BOUND('',#4096,.T.);
#4332=FACE_BOUND('',#4097,.T.);
#4333=FACE_BOUND('',#4098,.T.);
#4334=FACE_BOUND('',#4099,.T.);
#4335=FACE_BOUND('',#4100,.T.);
#4336=FACE_BOUND('',#4101,.T.);
#4337=FACE_BOUND('',#4102,.T.);
#4338=FACE_BOUND('',#4103,.T.);
#4339=FACE_BOUND('',#4104,.T.);
#4340=FACE_BOUND('',#4105,.T.);
#4341=FACE_BOUND('',#4106,.T.);
#4342=FACE_BOUND('',#4107,.T.);
#4343=FACE_BOUND('',#4108,.T.);
#4344=FACE_BOUND('',#4109,.T.);
#4345=FACE_BOUND('',#4110,.T.);
#4346=FACE_BOUND('',#4111,.T.);
#4347=FACE_BOUND('',#4112,.T.);
#4348=FACE_BOUND('',#4113,.T.);
#4349=FACE_BOUND('',#4114,.T.);
#4350=FACE_BOUND('',#4115,.T.);
#4351=FACE_BOUND('',#4116,.T.);
#4352=FACE_BOUND('',#4117,.T.);
#4353=FACE_BOUND('',#4118,.T.);
#4354=FACE_BOUND('',#4119,.T.);
#4355=FACE_BOUND('',#4120,.T.);
#4356=FACE_BOUND('',#4121,.T.);
#4357=FACE_BOUND('',#4122,.T.);
#4358=FACE_BOUND('',#4123,.T.);
#4359=FACE_BOUND('',#4124,.T.);
#4360=FACE_BOUND('',#4125,.T.);
#4361=FACE_BOUND('',#4126,.T.);
#4362=FACE_BOUND('',#4127,.T.);
#4363=FACE_BOUND('',#4128,.T.);
#4364=FACE_BOUND('',#4129,.T.);
#4365=FACE_BOUND('',#4130,.T.);
#4366=FACE_BOUND('',#4131,.T.);
#4367=FACE_BOUND('',#4132,.T.);
#4368=FACE_BOUND('',#4133,.T.);
#4369=FACE_BOUND('',#4134,.T.);
#4370=FACE_BOUND('',#4135,.T.);
#4371=FACE_BOUND('',#4136,.T.);
#4372=FACE_BOUND('',#4137,.T.);
#4373=FACE_BOUND('',#4138,.T.);
#4374=FACE_BOUND('',#4139,.T.);
#4375=FACE_BOUND('',#4140,.T.);
#4376=FACE_BOUND('',#4141,.T.);
#4377=FACE_BOUND('',#4142,.T.);
#4378=FACE_BOUND('',#4143,.T.);
#4379=FACE_BOUND('',#4144,.T.);
#4380=FACE_BOUND('',#4145,.T.);
#4381=FACE_BOUND('',#4146,.T.);
#4382=FACE_BOUND('',#4147,.T.);
#4383=FACE_BOUND('',#4148,.T.);
#4384=FACE_BOUND('',#4149,.T.);
#4385=FACE_BOUND('',#4150,.T.);
#4386=FACE_BOUND('',#4151,.T.);
#4387=FACE_BOUND('',#4152,.T.);
#4388=FACE_BOUND('',#4153,.T.);
#4389=FACE_BOUND('',#4154,.T.);
#4390=FACE_BOUND('',#4155,.T.);
#4391=FACE_BOUND('',#4156,.T.);
#4392=FACE_BOUND('',#4157,.T.);
#4393=FACE_BOUND('',#4158,.T.);
#4394=FACE_BOUND('',#4159,.T.);
#4395=FACE_BOUND('',#4160,.T.);
#4396=FACE_BOUND('',#4161,.T.);
#4397=FACE_BOUND('',#4162,.T.);
#4398=FACE_BOUND('',#4163,.T.);
#4399=FACE_BOUND('',#4164,.T.);
#4400=FACE_BOUND('',#4165,.T.);
#4401=FACE_BOUND('',#4166,.T.);
#4402=FACE_BOUND('',#4167,.T.);
#4403=FACE_BOUND('',#4168,.T.);
#4404=FACE_BOUND('',#4169,.T.);
#4405=B_SPLINE_SURFACE_WITH_KNOTS('',3,1,((#5993,#5994),(#5995,#5996),(#5997,
#5998),(#5999,#6000)),.SURF_OF_LINEAR_EXTRUSION.,.F.,.F.,.F.,(4,4),(2,2),
(4.68765757708268E-12,1.00000000000048),(0.,1.),
 .PIECEWISE_BEZIER_KNOTS.);
#4406=B_SPLINE_SURFACE_WITH_KNOTS('',3,1,((#6030,#6031),(#6032,#6033),(#6034,
#6035),(#6036,#6037)),.SURF_OF_LINEAR_EXTRUSION.,.F.,.F.,.F.,(4,4),(2,2),
(-0.00606894798206011,0.999999999995221),(0.,1.),
 .PIECEWISE_BEZIER_KNOTS.);
#4407=B_SPLINE_SURFACE_WITH_KNOTS('',3,1,((#6767,#6768),(#6769,#6770),(#6771,
#6772),(#6773,#6774)),.SURF_OF_LINEAR_EXTRUSION.,.F.,.F.,.F.,(4,4),(2,2),
(-0.00600001225711544,1.00000000000048),(0.,1.),
 .PIECEWISE_BEZIER_KNOTS.);
#4408=B_SPLINE_SURFACE_WITH_KNOTS('',3,1,((#6790,#6791),(#6792,#6793),(#6794,
#6795),(#6796,#6797),(#6798,#6799)),.SURF_OF_LINEAR_EXTRUSION.,.F.,.F.,
 .F.,(4,1,4),(2,2),(-0.00606855486749955,0.499965933133372,1.00600042113424),
(0.,1.),.UNSPECIFIED.);
#4409=B_SPLINE_SURFACE_WITH_KNOTS('',3,1,((#7036,#7037),(#7038,#7039),(#7040,
#7041),(#7042,#7043)),.SURF_OF_LINEAR_EXTRUSION.,.F.,.F.,.F.,(4,4),(2,2),
(-0.00600001225711469,1.00000000000048),(0.,1.),
 .PIECEWISE_BEZIER_KNOTS.);
#4410=B_SPLINE_SURFACE_WITH_KNOTS('',3,1,((#7072,#7073),(#7074,#7075),(#7076,
#7077),(#7078,#7079),(#7080,#7081)),.SURF_OF_LINEAR_EXTRUSION.,.F.,.F.,
 .F.,(4,1,4),(2,2),(-0.00606855486748568,0.499965933133375,1.00600042113424),
(0.,1.),.UNSPECIFIED.);
#4411=B_SPLINE_SURFACE_WITH_KNOTS('',3,1,((#7315,#7316),(#7317,#7318),(#7319,
#7320),(#7321,#7322)),.SURF_OF_LINEAR_EXTRUSION.,.F.,.F.,.F.,(4,4),(2,2),
(-0.00600001225711402,1.00000000000049),(0.,1.),
 .PIECEWISE_BEZIER_KNOTS.);
#4412=B_SPLINE_SURFACE_WITH_KNOTS('',3,1,((#7337,#7338),(#7339,#7340),(#7341,
#7342),(#7343,#7344),(#7345,#7346)),.SURF_OF_LINEAR_EXTRUSION.,.F.,.F.,
 .F.,(4,1,4),(2,2),(-0.00606840688141419,0.499966006685101,1.00600042025162),
(0.,1.),.UNSPECIFIED.);
#4413=ADVANCED_FACE('',(#4170),#4405,.F.);
#4414=ADVANCED_FACE('',(#4171),#4406,.F.);
#4415=ADVANCED_FACE('',(#4172),#1280,.T.);
#4416=ADVANCED_FACE('',(#4173),#1281,.T.);
#4417=ADVANCED_FACE('',(#4174),#1282,.T.);
#4418=ADVANCED_FACE('',(#4175),#1283,.T.);
#4419=ADVANCED_FACE('',(#4176),#1284,.T.);
#4420=ADVANCED_FACE('',(#4177),#20,.T.);
#4421=ADVANCED_FACE('',(#4178),#1285,.T.);
#4422=ADVANCED_FACE('',(#4179),#1286,.T.);
#4423=ADVANCED_FACE('',(#4180),#1287,.F.);
#4424=ADVANCED_FACE('',(#4181),#1288,.T.);
#4425=ADVANCED_FACE('',(#4182),#1289,.F.);
#4426=ADVANCED_FACE('',(#4183),#1290,.T.);
#4427=ADVANCED_FACE('',(#4184),#1291,.F.);
#4428=ADVANCED_FACE('',(#4185),#1292,.F.);
#4429=ADVANCED_FACE('',(#4186),#1293,.F.);
#4430=ADVANCED_FACE('',(#4187),#1294,.T.);
#4431=ADVANCED_FACE('',(#4188),#1295,.T.);
#4432=ADVANCED_FACE('',(#4189),#1296,.F.);
#4433=ADVANCED_FACE('',(#4190),#1297,.F.);
#4434=ADVANCED_FACE('',(#4191),#1298,.F.);
#4435=ADVANCED_FACE('',(#4192),#1299,.T.);
#4436=ADVANCED_FACE('',(#4193),#1300,.T.);
#4437=ADVANCED_FACE('',(#4194),#1301,.T.);
#4438=ADVANCED_FACE('',(#4195),#1302,.F.);
#4439=ADVANCED_FACE('',(#4196),#1303,.T.);
#4440=ADVANCED_FACE('',(#4197),#1304,.T.);
#4441=ADVANCED_FACE('',(#4198),#1305,.T.);
#4442=ADVANCED_FACE('',(#4199),#1306,.T.);
#4443=ADVANCED_FACE('',(#4200),#1307,.F.);
#4444=ADVANCED_FACE('',(#4201),#1308,.T.);
#4445=ADVANCED_FACE('',(#4202),#1309,.T.);
#4446=ADVANCED_FACE('',(#4203),#1310,.T.);
#4447=ADVANCED_FACE('',(#4204),#1311,.F.);
#4448=ADVANCED_FACE('',(#4205),#1312,.T.);
#4449=ADVANCED_FACE('',(#4206),#1313,.T.);
#4450=ADVANCED_FACE('',(#4207),#1314,.T.);
#4451=ADVANCED_FACE('',(#4208,#4209),#1315,.T.);
#4452=ADVANCED_FACE('',(#4210),#1316,.T.);
#4453=ADVANCED_FACE('',(#4211),#1317,.T.);
#4454=ADVANCED_FACE('',(#4212),#1318,.T.);
#4455=ADVANCED_FACE('',(#4213),#1319,.F.);
#4456=ADVANCED_FACE('',(#4214),#1320,.T.);
#4457=ADVANCED_FACE('',(#4215),#1321,.T.);
#4458=ADVANCED_FACE('',(#4216),#1322,.F.);
#4459=ADVANCED_FACE('',(#4217),#1323,.T.);
#4460=ADVANCED_FACE('',(#4218),#1324,.T.);
#4461=ADVANCED_FACE('',(#4219),#1325,.F.);
#4462=ADVANCED_FACE('',(#4220),#1326,.F.);
#4463=ADVANCED_FACE('',(#4221),#1327,.T.);
#4464=ADVANCED_FACE('',(#4222),#1328,.F.);
#4465=ADVANCED_FACE('',(#4223),#1329,.T.);
#4466=ADVANCED_FACE('',(#4224),#1330,.F.);
#4467=ADVANCED_FACE('',(#4225),#1331,.T.);
#4468=ADVANCED_FACE('',(#4226),#1332,.F.);
#4469=ADVANCED_FACE('',(#4227),#1333,.T.);
#4470=ADVANCED_FACE('',(#4228),#1334,.F.);
#4471=ADVANCED_FACE('',(#4229),#1335,.F.);
#4472=ADVANCED_FACE('',(#4230),#1336,.T.);
#4473=ADVANCED_FACE('',(#4231),#1337,.F.);
#4474=ADVANCED_FACE('',(#4232),#1338,.F.);
#4475=ADVANCED_FACE('',(#4233),#1339,.T.);
#4476=ADVANCED_FACE('',(#4234),#1340,.F.);
#4477=ADVANCED_FACE('',(#4235),#1341,.F.);
#4478=ADVANCED_FACE('',(#4236),#4407,.F.);
#4479=ADVANCED_FACE('',(#4237),#4408,.F.);
#4480=ADVANCED_FACE('',(#4238),#1342,.T.);
#4481=ADVANCED_FACE('',(#4239),#1343,.T.);
#4482=ADVANCED_FACE('',(#4240),#1344,.T.);
#4483=ADVANCED_FACE('',(#4241),#1345,.T.);
#4484=ADVANCED_FACE('',(#4242),#1346,.T.);
#4485=ADVANCED_FACE('',(#4243),#21,.T.);
#4486=ADVANCED_FACE('',(#4244),#1347,.T.);
#4487=ADVANCED_FACE('',(#4245),#1348,.T.);
#4488=ADVANCED_FACE('',(#4246),#1349,.T.);
#4489=ADVANCED_FACE('',(#4247),#1350,.F.);
#4490=ADVANCED_FACE('',(#4248),#1351,.F.);
#4491=ADVANCED_FACE('',(#4249),#1352,.F.);
#4492=ADVANCED_FACE('',(#4250),#1353,.T.);
#4493=ADVANCED_FACE('',(#4251),#1354,.T.);
#4494=ADVANCED_FACE('',(#4252),#1355,.F.);
#4495=ADVANCED_FACE('',(#4253),#1356,.F.);
#4496=ADVANCED_FACE('',(#4254),#1357,.F.);
#4497=ADVANCED_FACE('',(#4255),#1358,.T.);
#4498=ADVANCED_FACE('',(#4256),#1359,.T.);
#4499=ADVANCED_FACE('',(#4257),#1360,.T.);
#4500=ADVANCED_FACE('',(#4258),#1361,.F.);
#4501=ADVANCED_FACE('',(#4259),#1362,.T.);
#4502=ADVANCED_FACE('',(#4260),#1363,.T.);
#4503=ADVANCED_FACE('',(#4261),#1364,.T.);
#4504=ADVANCED_FACE('',(#4262),#1365,.T.);
#4505=ADVANCED_FACE('',(#4263),#1366,.F.);
#4506=ADVANCED_FACE('',(#4264),#1367,.T.);
#4507=ADVANCED_FACE('',(#4265),#1368,.T.);
#4508=ADVANCED_FACE('',(#4266),#1369,.T.);
#4509=ADVANCED_FACE('',(#4267),#1370,.F.);
#4510=ADVANCED_FACE('',(#4268),#1371,.T.);
#4511=ADVANCED_FACE('',(#4269),#1372,.T.);
#4512=ADVANCED_FACE('',(#4270),#1373,.T.);
#4513=ADVANCED_FACE('',(#4271),#1374,.T.);
#4514=ADVANCED_FACE('',(#4272),#1375,.T.);
#4515=ADVANCED_FACE('',(#4273),#1376,.T.);
#4516=ADVANCED_FACE('',(#4274),#1377,.F.);
#4517=ADVANCED_FACE('',(#4275),#1378,.F.);
#4518=ADVANCED_FACE('',(#4276),#1379,.T.);
#4519=ADVANCED_FACE('',(#4277),#1380,.T.);
#4520=ADVANCED_FACE('',(#4278),#1381,.F.);
#4521=ADVANCED_FACE('',(#4279),#1382,.F.);
#4522=ADVANCED_FACE('',(#4280),#1383,.T.);
#4523=ADVANCED_FACE('',(#4281),#1384,.F.);
#4524=ADVANCED_FACE('',(#4282),#1385,.T.);
#4525=ADVANCED_FACE('',(#4283),#1386,.F.);
#4526=ADVANCED_FACE('',(#4284),#1387,.T.);
#4527=ADVANCED_FACE('',(#4285),#1388,.F.);
#4528=ADVANCED_FACE('',(#4286),#1389,.T.);
#4529=ADVANCED_FACE('',(#4287),#1390,.F.);
#4530=ADVANCED_FACE('',(#4288),#1391,.F.);
#4531=ADVANCED_FACE('',(#4289),#1392,.T.);
#4532=ADVANCED_FACE('',(#4290),#1393,.F.);
#4533=ADVANCED_FACE('',(#4291),#1394,.T.);
#4534=ADVANCED_FACE('',(#4292),#1395,.F.);
#4535=ADVANCED_FACE('',(#4293),#1396,.F.);
#4536=ADVANCED_FACE('',(#4294),#4409,.F.);
#4537=ADVANCED_FACE('',(#4295),#4410,.F.);
#4538=ADVANCED_FACE('',(#4296),#1397,.T.);
#4539=ADVANCED_FACE('',(#4297),#1398,.T.);
#4540=ADVANCED_FACE('',(#4298),#1399,.T.);
#4541=ADVANCED_FACE('',(#4299),#1400,.T.);
#4542=ADVANCED_FACE('',(#4300),#1401,.T.);
#4543=ADVANCED_FACE('',(#4301),#22,.T.);
#4544=ADVANCED_FACE('',(#4302),#1402,.T.);
#4545=ADVANCED_FACE('',(#4303),#1403,.T.);
#4546=ADVANCED_FACE('',(#4304),#1404,.T.);
#4547=ADVANCED_FACE('',(#4305),#1405,.T.);
#4548=ADVANCED_FACE('',(#4306),#1406,.F.);
#4549=ADVANCED_FACE('',(#4307),#1407,.F.);
#4550=ADVANCED_FACE('',(#4308),#1408,.F.);
#4551=ADVANCED_FACE('',(#4309),#1409,.T.);
#4552=ADVANCED_FACE('',(#4310),#1410,.T.);
#4553=ADVANCED_FACE('',(#4311),#1411,.F.);
#4554=ADVANCED_FACE('',(#4312),#1412,.F.);
#4555=ADVANCED_FACE('',(#4313),#1413,.F.);
#4556=ADVANCED_FACE('',(#4314),#1414,.T.);
#4557=ADVANCED_FACE('',(#4315),#1415,.T.);
#4558=ADVANCED_FACE('',(#4316),#1416,.T.);
#4559=ADVANCED_FACE('',(#4317),#1417,.F.);
#4560=ADVANCED_FACE('',(#4318),#1418,.T.);
#4561=ADVANCED_FACE('',(#4319),#1419,.T.);
#4562=ADVANCED_FACE('',(#4320),#1420,.T.);
#4563=ADVANCED_FACE('',(#4321),#1421,.T.);
#4564=ADVANCED_FACE('',(#4322),#1422,.F.);
#4565=ADVANCED_FACE('',(#4323),#1423,.T.);
#4566=ADVANCED_FACE('',(#4324),#1424,.T.);
#4567=ADVANCED_FACE('',(#4325),#1425,.T.);
#4568=ADVANCED_FACE('',(#4326),#1426,.F.);
#4569=ADVANCED_FACE('',(#4327),#1427,.T.);
#4570=ADVANCED_FACE('',(#4328),#1428,.T.);
#4571=ADVANCED_FACE('',(#4329),#1429,.T.);
#4572=ADVANCED_FACE('',(#4330),#1430,.F.);
#4573=ADVANCED_FACE('',(#4331),#1431,.T.);
#4574=ADVANCED_FACE('',(#4332),#1432,.T.);
#4575=ADVANCED_FACE('',(#4333),#1433,.F.);
#4576=ADVANCED_FACE('',(#4334),#1434,.T.);
#4577=ADVANCED_FACE('',(#4335),#1435,.T.);
#4578=ADVANCED_FACE('',(#4336),#1436,.F.);
#4579=ADVANCED_FACE('',(#4337),#1437,.F.);
#4580=ADVANCED_FACE('',(#4338),#1438,.T.);
#4581=ADVANCED_FACE('',(#4339),#1439,.F.);
#4582=ADVANCED_FACE('',(#4340),#1440,.T.);
#4583=ADVANCED_FACE('',(#4341),#1441,.F.);
#4584=ADVANCED_FACE('',(#4342),#1442,.T.);
#4585=ADVANCED_FACE('',(#4343),#1443,.F.);
#4586=ADVANCED_FACE('',(#4344),#1444,.T.);
#4587=ADVANCED_FACE('',(#4345),#1445,.F.);
#4588=ADVANCED_FACE('',(#4346),#1446,.F.);
#4589=ADVANCED_FACE('',(#4347),#1447,.T.);
#4590=ADVANCED_FACE('',(#4348),#1448,.F.);
#4591=ADVANCED_FACE('',(#4349),#1449,.T.);
#4592=ADVANCED_FACE('',(#4350),#1450,.F.);
#4593=ADVANCED_FACE('',(#4351),#1451,.F.);
#4594=ADVANCED_FACE('',(#4352),#4411,.F.);
#4595=ADVANCED_FACE('',(#4353),#4412,.F.);
#4596=ADVANCED_FACE('',(#4354),#1452,.T.);
#4597=ADVANCED_FACE('',(#4355),#1453,.T.);
#4598=ADVANCED_FACE('',(#4356),#1454,.T.);
#4599=ADVANCED_FACE('',(#4357),#1455,.T.);
#4600=ADVANCED_FACE('',(#4358),#1456,.T.);
#4601=ADVANCED_FACE('',(#4359),#23,.T.);
#4602=ADVANCED_FACE('',(#4360),#1457,.T.);
#4603=ADVANCED_FACE('',(#4361),#1458,.T.);
#4604=ADVANCED_FACE('',(#4362),#1459,.T.);
#4605=ADVANCED_FACE('',(#4363),#1460,.F.);
#4606=ADVANCED_FACE('',(#4364),#1461,.F.);
#4607=ADVANCED_FACE('',(#4365),#1462,.T.);
#4608=ADVANCED_FACE('',(#4366),#1463,.T.);
#4609=ADVANCED_FACE('',(#4367),#1464,.F.);
#4610=ADVANCED_FACE('',(#4368),#1465,.F.);
#4611=ADVANCED_FACE('',(#4369),#1466,.F.);
#4612=ADVANCED_FACE('',(#4370),#1467,.T.);
#4613=ADVANCED_FACE('',(#4371),#1468,.T.);
#4614=ADVANCED_FACE('',(#4372),#1469,.T.);
#4615=ADVANCED_FACE('',(#4373),#1470,.F.);
#4616=ADVANCED_FACE('',(#4374),#1471,.T.);
#4617=ADVANCED_FACE('',(#4375),#1472,.T.);
#4618=ADVANCED_FACE('',(#4376),#1473,.T.);
#4619=ADVANCED_FACE('',(#4377),#1474,.T.);
#4620=ADVANCED_FACE('',(#4378),#1475,.F.);
#4621=ADVANCED_FACE('',(#4379),#1476,.T.);
#4622=ADVANCED_FACE('',(#4380),#1477,.T.);
#4623=ADVANCED_FACE('',(#4381),#1478,.T.);
#4624=ADVANCED_FACE('',(#4382),#1479,.F.);
#4625=ADVANCED_FACE('',(#4383),#1480,.T.);
#4626=ADVANCED_FACE('',(#4384),#1481,.T.);
#4627=ADVANCED_FACE('',(#4385),#1482,.T.);
#4628=ADVANCED_FACE('',(#4386),#1483,.F.);
#4629=ADVANCED_FACE('',(#4387),#1484,.F.);
#4630=ADVANCED_FACE('',(#4388),#1485,.T.);
#4631=ADVANCED_FACE('',(#4389),#1486,.T.);
#4632=ADVANCED_FACE('',(#4390),#1487,.F.);
#4633=ADVANCED_FACE('',(#4391),#1488,.F.);
#4634=ADVANCED_FACE('',(#4392),#1489,.T.);
#4635=ADVANCED_FACE('',(#4393),#1490,.F.);
#4636=ADVANCED_FACE('',(#4394),#1491,.T.);
#4637=ADVANCED_FACE('',(#4395),#1492,.F.);
#4638=ADVANCED_FACE('',(#4396),#1493,.T.);
#4639=ADVANCED_FACE('',(#4397),#1494,.F.);
#4640=ADVANCED_FACE('',(#4398),#1495,.T.);
#4641=ADVANCED_FACE('',(#4399),#1496,.F.);
#4642=ADVANCED_FACE('',(#4400),#1497,.F.);
#4643=ADVANCED_FACE('',(#4401),#1498,.T.);
#4644=ADVANCED_FACE('',(#4402),#1499,.T.);
#4645=ADVANCED_FACE('',(#4403),#1500,.F.);
#4646=ADVANCED_FACE('',(#4404),#1501,.F.);
#4647=CLOSED_SHELL('',(#4413,#4414,#4415,#4416,#4417,#4418,#4419,#4420,
#4421,#4422,#4423,#4424,#4425,#4426,#4427,#4428,#4429,#4430,#4431,#4432,
#4433,#4434,#4435,#4436,#4437,#4438,#4439,#4440,#4441,#4442,#4443,#4444,
#4445,#4446,#4447,#4448,#4449,#4450,#4451,#4452,#4453,#4454,#4455,#4456,
#4457,#4458,#4459,#4460,#4461,#4462,#4463,#4464,#4465,#4466,#4467,#4468,
#4469,#4470,#4471,#4472,#4473,#4474,#4475,#4476,#4477,#4478,#4479,#4480,
#4481,#4482,#4483,#4484,#4485,#4486,#4487,#4488,#4489,#4490,#4491,#4492,
#4493,#4494,#4495,#4496,#4497,#4498,#4499,#4500,#4501,#4502,#4503,#4504,
#4505,#4506,#4507,#4508,#4509,#4510,#4511,#4512,#4513,#4514,#4515,#4516,
#4517,#4518,#4519,#4520,#4521,#4522,#4523,#4524,#4525,#4526,#4527,#4528,
#4529,#4530,#4531,#4532,#4533,#4534,#4535,#4536,#4537,#4538,#4539,#4540,
#4541,#4542,#4543,#4544,#4545,#4546,#4547,#4548,#4549,#4550,#4551,#4552,
#4553,#4554,#4555,#4556,#4557,#4558,#4559,#4560,#4561,#4562,#4563,#4564,
#4565,#4566,#4567,#4568,#4569,#4570,#4571,#4572,#4573,#4574,#4575,#4576,
#4577,#4578,#4579,#4580,#4581,#4582,#4583,#4584,#4585,#4586,#4587,#4588,
#4589,#4590,#4591,#4592,#4593,#4594,#4595,#4596,#4597,#4598,#4599,#4600,
#4601,#4602,#4603,#4604,#4605,#4606,#4607,#4608,#4609,#4610,#4611,#4612,
#4613,#4614,#4615,#4616,#4617,#4618,#4619,#4620,#4621,#4622,#4623,#4624,
#4625,#4626,#4627,#4628,#4629,#4630,#4631,#4632,#4633,#4634,#4635,#4636,
#4637,#4638,#4639,#4640,#4641,#4642,#4643,#4644,#4645,#4646));
#4648=STYLED_ITEM('',(#4649),#4656);
#4649=PRESENTATION_STYLE_ASSIGNMENT((#4650));
#4650=SURFACE_STYLE_USAGE(.BOTH.,#4651);
#4651=SURFACE_SIDE_STYLE('',(#4652));
#4652=SURFACE_STYLE_FILL_AREA(#4653);
#4653=FILL_AREA_STYLE('',(#4654));
#4654=FILL_AREA_STYLE_COLOUR('',#4655);
#4655=COLOUR_RGB('',0.972549019607843,0.972549019607843,0.972549019607843);
#4656=MANIFOLD_SOLID_BREP('Base',#4647);
#4657=SHAPE_DEFINITION_REPRESENTATION(#7491,#4658);
#4658=SHAPE_REPRESENTATION('Base',(#4659),#7486);
#4659=AXIS2_PLACEMENT_3D('',#5992,#4894,#4895);
#4660=AXIS2_PLACEMENT_3D('',#6055,#4896,#4897);
#4661=AXIS2_PLACEMENT_3D('',#6064,#4902,#4903);
#4662=AXIS2_PLACEMENT_3D('',#6077,#4910,#4911);
#4663=AXIS2_PLACEMENT_3D('',#6086,#4916,#4917);
#4664=AXIS2_PLACEMENT_3D('',#6097,#4923,#4924);
#4665=AXIS2_PLACEMENT_3D('',#6106,#4929,#4930);
#4666=AXIS2_PLACEMENT_3D('',#6112,#4933,#4934);
#4667=AXIS2_PLACEMENT_3D('',#6115,#4936,#4937);
#4668=AXIS2_PLACEMENT_3D('',#6116,#4938,#4939);
#4669=AXIS2_PLACEMENT_3D('',#6122,#4943,#4944);
#4670=AXIS2_PLACEMENT_3D('',#6132,#4950,#4951);
#4671=AXIS2_PLACEMENT_3D('',#6145,#4958,#4959);
#4672=AXIS2_PLACEMENT_3D('',#6161,#4967,#4968);
#4673=AXIS2_PLACEMENT_3D('',#6177,#4976,#4977);
#4674=AXIS2_PLACEMENT_3D('',#6190,#4984,#4985);
#4675=AXIS2_PLACEMENT_3D('',#6195,#4989,#4990);
#4676=AXIS2_PLACEMENT_3D('',#6206,#4994,#4995);
#4677=AXIS2_PLACEMENT_3D('',#6215,#4998,#4999);
#4678=AXIS2_PLACEMENT_3D('',#6224,#5004,#5005);
#4679=AXIS2_PLACEMENT_3D('',#6230,#5009,#5010);
#4680=AXIS2_PLACEMENT_3D('',#6236,#5014,#5015);
#4681=AXIS2_PLACEMENT_3D('',#6242,#5019,#5020);
#4682=AXIS2_PLACEMENT_3D('',#6248,#5024,#5025);
#4683=AXIS2_PLACEMENT_3D('',#6257,#5030,#5031);
#4684=AXIS2_PLACEMENT_3D('',#6263,#5035,#5036);
#4685=AXIS2_PLACEMENT_3D('',#6272,#5041,#5042);
#4686=AXIS2_PLACEMENT_3D('',#6281,#5047,#5048);
#4687=AXIS2_PLACEMENT_3D('',#6287,#5052,#5053);
#4688=AXIS2_PLACEMENT_3D('',#6293,#5057,#5058);
#4689=AXIS2_PLACEMENT_3D('',#6297,#5061,#5062);
#4690=AXIS2_PLACEMENT_3D('',#6302,#5066,#5067);
#4691=AXIS2_PLACEMENT_3D('',#6308,#5071,#5072);
#4692=AXIS2_PLACEMENT_3D('',#6319,#5078,#5079);
#4693=AXIS2_PLACEMENT_3D('',#6325,#5083,#5084);
#4694=AXIS2_PLACEMENT_3D('',#6334,#5089,#5090);
#4695=AXIS2_PLACEMENT_3D('',#6343,#5095,#5096);
#4696=AXIS2_PLACEMENT_3D('',#6349,#5100,#5101);
#4697=AXIS2_PLACEMENT_3D('',#6355,#5105,#5106);
#4698=AXIS2_PLACEMENT_3D('',#6364,#5111,#5112);
#4699=AXIS2_PLACEMENT_3D('',#6370,#5116,#5117);
#4700=AXIS2_PLACEMENT_3D('',#6376,#5121,#5122);
#4701=AXIS2_PLACEMENT_3D('',#6382,#5126,#5127);
#4702=AXIS2_PLACEMENT_3D('',#6426,#5149,#5150);
#4703=AXIS2_PLACEMENT_3D('',#6515,#5201,#5202);
#4704=AXIS2_PLACEMENT_3D('',#6595,#5242,#5243);
#4705=AXIS2_PLACEMENT_3D('',#6635,#5264,#5265);
#4706=AXIS2_PLACEMENT_3D('',#6640,#5269,#5270);
#4707=AXIS2_PLACEMENT_3D('',#6678,#5292,#5293);
#4708=AXIS2_PLACEMENT_3D('',#6684,#5297,#5298);
#4709=AXIS2_PLACEMENT_3D('',#6688,#5301,#5302);
#4710=AXIS2_PLACEMENT_3D('',#6731,#5327,#5328);
#4711=AXIS2_PLACEMENT_3D('',#6737,#5332,#5333);
#4712=AXIS2_PLACEMENT_3D('',#6739,#5335,#5336);
#4713=AXIS2_PLACEMENT_3D('',#6740,#5337,#5338);
#4714=AXIS2_PLACEMENT_3D('',#6741,#5339,#5340);
#4715=AXIS2_PLACEMENT_3D('',#6742,#5341,#5342);
#4716=AXIS2_PLACEMENT_3D('',#6743,#5343,#5344);
#4717=AXIS2_PLACEMENT_3D('',#6744,#5345,#5346);
#4718=AXIS2_PLACEMENT_3D('',#6745,#5347,#5348);
#4719=AXIS2_PLACEMENT_3D('',#6746,#5349,#5350);
#4720=AXIS2_PLACEMENT_3D('',#6747,#5351,#5352);
#4721=AXIS2_PLACEMENT_3D('',#6748,#5353,#5354);
#4722=AXIS2_PLACEMENT_3D('',#6749,#5355,#5356);
#4723=AXIS2_PLACEMENT_3D('',#6750,#5357,#5358);
#4724=AXIS2_PLACEMENT_3D('',#6752,#5360,#5361);
#4725=AXIS2_PLACEMENT_3D('',#6754,#5363,#5364);
#4726=AXIS2_PLACEMENT_3D('',#6756,#5366,#5367);
#4727=AXIS2_PLACEMENT_3D('',#6758,#5369,#5370);
#4728=AXIS2_PLACEMENT_3D('',#6761,#5373,#5374);
#4729=AXIS2_PLACEMENT_3D('',#6762,#5375,#5376);
#4730=AXIS2_PLACEMENT_3D('',#6763,#5377,#5378);
#4731=AXIS2_PLACEMENT_3D('',#6817,#5381,#5382);
#4732=AXIS2_PLACEMENT_3D('',#6820,#5385,#5386);
#4733=AXIS2_PLACEMENT_3D('',#6827,#5391,#5392);
#4734=AXIS2_PLACEMENT_3D('',#6833,#5396,#5397);
#4735=AXIS2_PLACEMENT_3D('',#6844,#5403,#5404);
#4736=AXIS2_PLACEMENT_3D('',#6850,#5408,#5409);
#4737=AXIS2_PLACEMENT_3D('',#6855,#5413,#5414);
#4738=AXIS2_PLACEMENT_3D('',#6859,#5417,#5418);
#4739=AXIS2_PLACEMENT_3D('',#6866,#5423,#5424);
#4740=AXIS2_PLACEMENT_3D('',#6871,#5428,#5429);
#4741=AXIS2_PLACEMENT_3D('',#6878,#5431,#5432);
#4742=AXIS2_PLACEMENT_3D('',#6880,#5434,#5435);
#4743=AXIS2_PLACEMENT_3D('',#6882,#5437,#5438);
#4744=AXIS2_PLACEMENT_3D('',#6884,#5440,#5441);
#4745=AXIS2_PLACEMENT_3D('',#6886,#5443,#5444);
#4746=AXIS2_PLACEMENT_3D('',#6889,#5447,#5448);
#4747=AXIS2_PLACEMENT_3D('',#6891,#5450,#5451);
#4748=AXIS2_PLACEMENT_3D('',#6894,#5454,#5455);
#4749=AXIS2_PLACEMENT_3D('',#6897,#5458,#5459);
#4750=AXIS2_PLACEMENT_3D('',#6899,#5461,#5462);
#4751=AXIS2_PLACEMENT_3D('',#6901,#5464,#5465);
#4752=AXIS2_PLACEMENT_3D('',#6903,#5467,#5468);
#4753=AXIS2_PLACEMENT_3D('',#6906,#5471,#5472);
#4754=AXIS2_PLACEMENT_3D('',#6910,#5475,#5476);
#4755=AXIS2_PLACEMENT_3D('',#6918,#5481,#5482);
#4756=AXIS2_PLACEMENT_3D('',#6922,#5485,#5486);
#4757=AXIS2_PLACEMENT_3D('',#6928,#5490,#5491);
#4758=AXIS2_PLACEMENT_3D('',#6934,#5495,#5496);
#4759=AXIS2_PLACEMENT_3D('',#6938,#5499,#5500);
#4760=AXIS2_PLACEMENT_3D('',#6942,#5503,#5504);
#4761=AXIS2_PLACEMENT_3D('',#6948,#5508,#5509);
#4762=AXIS2_PLACEMENT_3D('',#6952,#5512,#5513);
#4763=AXIS2_PLACEMENT_3D('',#6956,#5516,#5517);
#4764=AXIS2_PLACEMENT_3D('',#6960,#5520,#5521);
#4765=AXIS2_PLACEMENT_3D('',#6965,#5525,#5526);
#4766=AXIS2_PLACEMENT_3D('',#7003,#5548,#5549);
#4767=AXIS2_PLACEMENT_3D('',#7009,#5553,#5554);
#4768=AXIS2_PLACEMENT_3D('',#7011,#5556,#5557);
#4769=AXIS2_PLACEMENT_3D('',#7013,#5559,#5560);
#4770=AXIS2_PLACEMENT_3D('',#7014,#5561,#5562);
#4771=AXIS2_PLACEMENT_3D('',#7015,#5563,#5564);
#4772=AXIS2_PLACEMENT_3D('',#7016,#5565,#5566);
#4773=AXIS2_PLACEMENT_3D('',#7017,#5567,#5568);
#4774=AXIS2_PLACEMENT_3D('',#7018,#5569,#5570);
#4775=AXIS2_PLACEMENT_3D('',#7019,#5571,#5572);
#4776=AXIS2_PLACEMENT_3D('',#7020,#5573,#5574);
#4777=AXIS2_PLACEMENT_3D('',#7021,#5575,#5576);
#4778=AXIS2_PLACEMENT_3D('',#7022,#5577,#5578);
#4779=AXIS2_PLACEMENT_3D('',#7023,#5579,#5580);
#4780=AXIS2_PLACEMENT_3D('',#7024,#5581,#5582);
#4781=AXIS2_PLACEMENT_3D('',#7026,#5584,#5585);
#4782=AXIS2_PLACEMENT_3D('',#7028,#5587,#5588);
#4783=AXIS2_PLACEMENT_3D('',#7030,#5590,#5591);
#4784=AXIS2_PLACEMENT_3D('',#7032,#5593,#5594);
#4785=AXIS2_PLACEMENT_3D('',#7033,#5595,#5596);
#4786=AXIS2_PLACEMENT_3D('',#7034,#5597,#5598);
#4787=AXIS2_PLACEMENT_3D('',#7086,#5600,#5601);
#4788=AXIS2_PLACEMENT_3D('',#7092,#5605,#5606);
#4789=AXIS2_PLACEMENT_3D('',#7102,#5612,#5613);
#4790=AXIS2_PLACEMENT_3D('',#7105,#5616,#5617);
#4791=AXIS2_PLACEMENT_3D('',#7116,#5623,#5624);
#4792=AXIS2_PLACEMENT_3D('',#7122,#5628,#5629);
#4793=AXIS2_PLACEMENT_3D('',#7127,#5633,#5634);
#4794=AXIS2_PLACEMENT_3D('',#7131,#5637,#5638);
#4795=AXIS2_PLACEMENT_3D('',#7138,#5643,#5644);
#4796=AXIS2_PLACEMENT_3D('',#7143,#5648,#5649);
#4797=AXIS2_PLACEMENT_3D('',#7148,#5650,#5651);
#4798=AXIS2_PLACEMENT_3D('',#7154,#5655,#5656);
#4799=AXIS2_PLACEMENT_3D('',#7158,#5659,#5660);
#4800=AXIS2_PLACEMENT_3D('',#7162,#5663,#5664);
#4801=AXIS2_PLACEMENT_3D('',#7166,#5667,#5668);
#4802=AXIS2_PLACEMENT_3D('',#7170,#5671,#5672);
#4803=AXIS2_PLACEMENT_3D('',#7176,#5676,#5677);
#4804=AXIS2_PLACEMENT_3D('',#7180,#5680,#5681);
#4805=AXIS2_PLACEMENT_3D('',#7186,#5685,#5686);
#4806=AXIS2_PLACEMENT_3D('',#7192,#5690,#5691);
#4807=AXIS2_PLACEMENT_3D('',#7196,#5694,#5695);
#4808=AXIS2_PLACEMENT_3D('',#7200,#5698,#5699);
#4809=AXIS2_PLACEMENT_3D('',#7202,#5701,#5702);
#4810=AXIS2_PLACEMENT_3D('',#7205,#5705,#5706);
#4811=AXIS2_PLACEMENT_3D('',#7209,#5709,#5710);
#4812=AXIS2_PLACEMENT_3D('',#7214,#5714,#5715);
#4813=AXIS2_PLACEMENT_3D('',#7216,#5717,#5718);
#4814=AXIS2_PLACEMENT_3D('',#7219,#5721,#5722);
#4815=AXIS2_PLACEMENT_3D('',#7222,#5725,#5726);
#4816=AXIS2_PLACEMENT_3D('',#7224,#5728,#5729);
#4817=AXIS2_PLACEMENT_3D('',#7226,#5731,#5732);
#4818=AXIS2_PLACEMENT_3D('',#7229,#5735,#5736);
#4819=AXIS2_PLACEMENT_3D('',#7231,#5738,#5739);
#4820=AXIS2_PLACEMENT_3D('',#7232,#5740,#5741);
#4821=AXIS2_PLACEMENT_3D('',#7237,#5745,#5746);
#4822=AXIS2_PLACEMENT_3D('',#7241,#5749,#5750);
#4823=AXIS2_PLACEMENT_3D('',#7284,#5775,#5776);
#4824=AXIS2_PLACEMENT_3D('',#7290,#5780,#5781);
#4825=AXIS2_PLACEMENT_3D('',#7292,#5783,#5784);
#4826=AXIS2_PLACEMENT_3D('',#7293,#5785,#5786);
#4827=AXIS2_PLACEMENT_3D('',#7294,#5787,#5788);
#4828=AXIS2_PLACEMENT_3D('',#7295,#5789,#5790);
#4829=AXIS2_PLACEMENT_3D('',#7296,#5791,#5792);
#4830=AXIS2_PLACEMENT_3D('',#7297,#5793,#5794);
#4831=AXIS2_PLACEMENT_3D('',#7298,#5795,#5796);
#4832=AXIS2_PLACEMENT_3D('',#7299,#5797,#5798);
#4833=AXIS2_PLACEMENT_3D('',#7300,#5799,#5800);
#4834=AXIS2_PLACEMENT_3D('',#7301,#5801,#5802);
#4835=AXIS2_PLACEMENT_3D('',#7302,#5803,#5804);
#4836=AXIS2_PLACEMENT_3D('',#7303,#5805,#5806);
#4837=AXIS2_PLACEMENT_3D('',#7305,#5808,#5809);
#4838=AXIS2_PLACEMENT_3D('',#7307,#5811,#5812);
#4839=AXIS2_PLACEMENT_3D('',#7308,#5813,#5814);
#4840=AXIS2_PLACEMENT_3D('',#7311,#5817,#5818);
#4841=AXIS2_PLACEMENT_3D('',#7312,#5819,#5820);
#4842=AXIS2_PLACEMENT_3D('',#7313,#5821,#5822);
#4843=AXIS2_PLACEMENT_3D('',#7351,#5824,#5825);
#4844=AXIS2_PLACEMENT_3D('',#7354,#5828,#5829);
#4845=AXIS2_PLACEMENT_3D('',#7361,#5834,#5835);
#4846=AXIS2_PLACEMENT_3D('',#7364,#5838,#5839);
#4847=AXIS2_PLACEMENT_3D('',#7375,#5845,#5846);
#4848=AXIS2_PLACEMENT_3D('',#7381,#5850,#5851);
#4849=AXIS2_PLACEMENT_3D('',#7386,#5855,#5856);
#4850=AXIS2_PLACEMENT_3D('',#7390,#5859,#5860);
#4851=AXIS2_PLACEMENT_3D('',#7397,#5865,#5866);
#4852=AXIS2_PLACEMENT_3D('',#7402,#5870,#5871);
#4853=AXIS2_PLACEMENT_3D('',#7404,#5873,#5874);
#4854=AXIS2_PLACEMENT_3D('',#7406,#5876,#5877);
#4855=AXIS2_PLACEMENT_3D('',#7408,#5879,#5880);
#4856=AXIS2_PLACEMENT_3D('',#7410,#5882,#5883);
#4857=AXIS2_PLACEMENT_3D('',#7413,#5886,#5887);
#4858=AXIS2_PLACEMENT_3D('',#7415,#5889,#5890);
#4859=AXIS2_PLACEMENT_3D('',#7418,#5893,#5894);
#4860=AXIS2_PLACEMENT_3D('',#7421,#5897,#5898);
#4861=AXIS2_PLACEMENT_3D('',#7423,#5900,#5901);
#4862=AXIS2_PLACEMENT_3D('',#7425,#5903,#5904);
#4863=AXIS2_PLACEMENT_3D('',#7427,#5906,#5907);
#4864=AXIS2_PLACEMENT_3D('',#7430,#5910,#5911);
#4865=AXIS2_PLACEMENT_3D('',#7434,#5914,#5915);
#4866=AXIS2_PLACEMENT_3D('',#7439,#5919,#5920);
#4867=AXIS2_PLACEMENT_3D('',#7441,#5922,#5923);
#4868=AXIS2_PLACEMENT_3D('',#7444,#5926,#5927);
#4869=AXIS2_PLACEMENT_3D('',#7447,#5930,#5931);
#4870=AXIS2_PLACEMENT_3D('',#7449,#5933,#5934);
#4871=AXIS2_PLACEMENT_3D('',#7451,#5936,#5937);
#4872=AXIS2_PLACEMENT_3D('',#7454,#5940,#5941);
#4873=AXIS2_PLACEMENT_3D('',#7456,#5943,#5944);
#4874=AXIS2_PLACEMENT_3D('',#7457,#5945,#5946);
#4875=AXIS2_PLACEMENT_3D('',#7462,#5950,#5951);
#4876=AXIS2_PLACEMENT_3D('',#7464,#5953,#5954);
#4877=AXIS2_PLACEMENT_3D('',#7466,#5956,#5957);
#4878=AXIS2_PLACEMENT_3D('',#7467,#5958,#5959);
#4879=AXIS2_PLACEMENT_3D('',#7468,#5960,#5961);
#4880=AXIS2_PLACEMENT_3D('',#7469,#5962,#5963);
#4881=AXIS2_PLACEMENT_3D('',#7470,#5964,#5965);
#4882=AXIS2_PLACEMENT_3D('',#7471,#5966,#5967);
#4883=AXIS2_PLACEMENT_3D('',#7472,#5968,#5969);
#4884=AXIS2_PLACEMENT_3D('',#7473,#5970,#5971);
#4885=AXIS2_PLACEMENT_3D('',#7474,#5972,#5973);
#4886=AXIS2_PLACEMENT_3D('',#7475,#5974,#5975);
#4887=AXIS2_PLACEMENT_3D('',#7476,#5976,#5977);
#4888=AXIS2_PLACEMENT_3D('',#7477,#5978,#5979);
#4889=AXIS2_PLACEMENT_3D('',#7479,#5981,#5982);
#4890=AXIS2_PLACEMENT_3D('',#7481,#5984,#5985);
#4891=AXIS2_PLACEMENT_3D('',#7482,#5986,#5987);
#4892=AXIS2_PLACEMENT_3D('',#7483,#5988,#5989);
#4893=AXIS2_PLACEMENT_3D('',#7484,#5990,#5991);
#4894=DIRECTION('',(0.,0.,1.));
#4895=DIRECTION('',(1.,0.,0.));
#4896=DIRECTION('',(0.,1.,0.));
#4897=DIRECTION('',(0.,0.,1.));
#4898=DIRECTION('',(1.,0.,0.));
#4899=DIRECTION('',(0.,0.,-1.));
#4900=DIRECTION('',(-1.,0.,0.));
#4901=DIRECTION('',(0.,0.,-1.));
#4902=DIRECTION('',(0.,1.,0.));
#4903=DIRECTION('',(0.,0.,1.));
#4904=DIRECTION('',(1.,0.,0.));
#4905=DIRECTION('',(0.,0.,1.));
#4906=DIRECTION('',(1.,0.,0.));
#4907=DIRECTION('',(0.,0.,-1.));
#4908=DIRECTION('',(-1.,0.,0.));
#4909=DIRECTION('',(0.,0.,-1.));
#4910=DIRECTION('',(-1.,0.,0.));
#4911=DIRECTION('',(0.,0.,1.));
#4912=DIRECTION('',(0.,-1.,0.));
#4913=DIRECTION('',(0.,0.,1.));
#4914=DIRECTION('',(0.,1.,0.));
#4915=DIRECTION('',(0.,0.,-1.));
#4916=DIRECTION('',(0.,0.,1.));
#4917=DIRECTION('',(1.,0.,0.));
#4918=DIRECTION('',(-1.,-1.38777878078145E-15,0.));
#4919=DIRECTION('',(-4.56472379081187E-16,-1.,0.));
#4920=DIRECTION('',(1.,0.,0.));
#4921=DIRECTION('',(0.,-1.,0.));
#4922=DIRECTION('',(0.707106781186548,-0.707106781186548,0.));
#4923=DIRECTION('',(-4.56472379081187E-16,1.,0.));
#4924=DIRECTION('',(-1.,-4.56472379081187E-16,0.));
#4925=DIRECTION('',(-1.,-4.56472379081187E-16,0.));
#4926=DIRECTION('',(0.,0.,1.));
#4927=DIRECTION('',(-1.,-4.56472379081187E-16,0.));
#4928=DIRECTION('',(0.,0.,1.));
#4929=DIRECTION('',(0.,0.,1.));
#4930=DIRECTION('',(1.,0.,0.));
#4931=DIRECTION('',(0.,0.,1.));
#4932=DIRECTION('',(0.,0.,-1.));
#4933=DIRECTION('',(0.,0.,1.));
#4934=DIRECTION('',(1.,0.,0.));
#4935=DIRECTION('',(0.,0.,-1.));
#4936=DIRECTION('',(0.,0.,1.));
#4937=DIRECTION('',(1.,0.,0.));
#4938=DIRECTION('',(-1.,4.56472379081187E-16,0.));
#4939=DIRECTION('',(-4.56472379081187E-16,-1.,0.));
#4940=DIRECTION('',(0.,0.,1.));
#4941=DIRECTION('',(4.56472379081187E-16,1.,0.));
#4942=DIRECTION('',(-4.56472379081187E-16,-1.,0.));
#4943=DIRECTION('',(-1.,0.,0.));
#4944=DIRECTION('',(0.,0.,1.));
#4945=DIRECTION('',(0.,-1.,0.));
#4946=DIRECTION('',(0.,0.,-1.));
#4947=DIRECTION('',(0.,0.,-1.));
#4948=DIRECTION('',(0.,0.707106781186548,-0.707106781186547));
#4949=DIRECTION('',(0.,0.,-1.));
#4950=DIRECTION('',(0.,0.,1.));
#4951=DIRECTION('',(1.,0.,0.));
#4952=DIRECTION('',(0.,-1.,0.));
#4953=DIRECTION('',(0.707106781186547,0.707106781186548,0.));
#4954=DIRECTION('',(1.,0.,0.));
#4955=DIRECTION('',(-0.707106781186548,0.707106781186547,0.));
#4956=DIRECTION('',(1.38777878078145E-15,-1.,0.));
#4957=DIRECTION('',(1.,9.31306401700259E-16,0.));
#4958=DIRECTION('',(0.,0.,-1.));
#4959=DIRECTION('',(-1.,-1.38777878078145E-15,0.));
#4960=DIRECTION('',(1.84425115986263E-15,-1.,0.));
#4961=DIRECTION('',(-1.,-1.38777878078145E-15,0.));
#4962=DIRECTION('',(0.707106781186549,-0.707106781186546,0.));
#4963=DIRECTION('',(-1.15648231731787E-15,1.,0.));
#4964=DIRECTION('',(0.707106781186549,0.707106781186546,0.));
#4965=DIRECTION('',(-1.,1.38777878078145E-15,0.));
#4966=DIRECTION('',(1.84425115986263E-15,1.,0.));
#4967=DIRECTION('',(0.,0.,1.));
#4968=DIRECTION('',(-1.,1.38777878078145E-15,0.));
#4969=DIRECTION('',(1.,-9.31306401700259E-16,0.));
#4970=DIRECTION('',(1.38777878078145E-15,1.,0.));
#4971=DIRECTION('',(-0.707106781186548,-0.707106781186547,0.));
#4972=DIRECTION('',(1.,0.,0.));
#4973=DIRECTION('',(0.707106781186547,-0.707106781186548,0.));
#4974=DIRECTION('',(0.,1.,0.));
#4975=DIRECTION('',(-1.,4.56472379081187E-16,0.));
#4976=DIRECTION('',(0.,0.,-1.));
#4977=DIRECTION('',(1.,0.,0.));
#4978=DIRECTION('',(-4.56472379081187E-16,1.,0.));
#4979=DIRECTION('',(1.,0.,0.));
#4980=DIRECTION('',(-0.707106781186548,0.707106781186547,0.));
#4981=DIRECTION('',(-2.31296463463574E-16,1.,0.));
#4982=DIRECTION('',(-0.707106781186548,-0.707106781186547,0.));
#4983=DIRECTION('',(1.,0.,0.));
#4984=DIRECTION('',(0.,0.,1.));
#4985=DIRECTION('',(1.,0.,0.));
#4986=DIRECTION('',(0.,1.,0.));
#4987=DIRECTION('',(0.707106781186548,-0.707106781186548,0.));
#4988=DIRECTION('',(0.,-1.,0.));
#4989=DIRECTION('',(-1.,1.54197642309049E-16,0.));
#4990=DIRECTION('',(-1.54197642309049E-16,-1.,0.));
#4991=DIRECTION('',(1.54197642309049E-16,1.,0.));
#4992=DIRECTION('',(0.,0.,-1.));
#4993=DIRECTION('',(0.,0.,-1.));
#4994=DIRECTION('',(-3.08395284618099E-16,-1.,0.));
#4995=DIRECTION('',(1.,-3.08395284618099E-16,0.));
#4996=DIRECTION('',(0.,0.,-1.));
#4997=DIRECTION('',(-1.,3.08395284618099E-16,0.));
#4998=DIRECTION('',(0.,-1.,0.));
#4999=DIRECTION('',(0.,0.,-1.));
#5000=DIRECTION('',(-1.,0.,0.));
#5001=DIRECTION('',(0.,0.,-1.));
#5002=DIRECTION('',(-1.,0.,0.));
#5003=DIRECTION('',(0.,0.,-1.));
#5004=DIRECTION('',(-0.766044443118986,-0.64278760968653,0.));
#5005=DIRECTION('',(0.64278760968653,-0.766044443118986,0.));
#5006=DIRECTION('',(-0.64278760968653,0.766044443118986,0.));
#5007=DIRECTION('',(0.,0.,-1.));
#5008=DIRECTION('',(-0.64278760968653,0.766044443118986,0.));
#5009=DIRECTION('',(0.,-1.,0.));
#5010=DIRECTION('',(0.,0.,-1.));
#5011=DIRECTION('',(-1.,0.,0.));
#5012=DIRECTION('',(0.,0.,-1.));
#5013=DIRECTION('',(-1.,0.,0.));
#5014=DIRECTION('',(-1.,0.,0.));
#5015=DIRECTION('',(0.,0.,1.));
#5016=DIRECTION('',(0.,1.,0.));
#5017=DIRECTION('',(0.,0.,1.));
#5018=DIRECTION('',(0.,1.,0.));
#5019=DIRECTION('',(1.,0.,0.));
#5020=DIRECTION('',(0.,0.,-1.));
#5021=DIRECTION('',(0.,-1.,0.));
#5022=DIRECTION('',(0.,0.,1.));
#5023=DIRECTION('',(0.,-1.,0.));
#5024=DIRECTION('',(0.,-1.,0.));
#5025=DIRECTION('',(0.,0.,-1.));
#5026=DIRECTION('',(-1.,0.,0.));
#5027=DIRECTION('',(0.,0.,-1.));
#5028=DIRECTION('',(-1.,0.,0.));
#5029=DIRECTION('',(0.,0.,-1.));
#5030=DIRECTION('',(-1.,0.,0.));
#5031=DIRECTION('',(0.,0.,1.));
#5032=DIRECTION('',(0.,1.,0.));
#5033=DIRECTION('',(0.,0.,1.));
#5034=DIRECTION('',(0.,1.,0.));
#5035=DIRECTION('',(0.,-1.,0.));
#5036=DIRECTION('',(0.,0.,-1.));
#5037=DIRECTION('',(-1.,0.,0.));
#5038=DIRECTION('',(0.,0.,1.));
#5039=DIRECTION('',(-1.,0.,0.));
#5040=DIRECTION('',(0.,0.,-1.));
#5041=DIRECTION('',(-1.,0.,0.));
#5042=DIRECTION('',(0.,0.,1.));
#5043=DIRECTION('',(0.,1.,0.));
#5044=DIRECTION('',(0.,0.,-1.));
#5045=DIRECTION('',(0.,1.,0.));
#5046=DIRECTION('',(0.,0.,-1.));
#5047=DIRECTION('',(0.,1.,0.));
#5048=DIRECTION('',(0.,0.,1.));
#5049=DIRECTION('',(1.,0.,0.));
#5050=DIRECTION('',(0.,0.,1.));
#5051=DIRECTION('',(1.,0.,0.));
#5052=DIRECTION('',(-1.,0.,0.));
#5053=DIRECTION('',(0.,0.,1.));
#5054=DIRECTION('',(0.,1.,0.));
#5055=DIRECTION('',(0.,0.,-1.));
#5056=DIRECTION('',(0.,1.,0.));
#5057=DIRECTION('',(-1.,0.,0.));
#5058=DIRECTION('',(0.,0.,1.));
#5059=DIRECTION('',(0.,1.,0.));
#5060=DIRECTION('',(0.,0.,-1.));
#5061=DIRECTION('',(1.38777878078145E-15,-1.,0.));
#5062=DIRECTION('',(1.,1.38777878078145E-15,0.));
#5063=DIRECTION('',(0.,0.,1.));
#5064=DIRECTION('',(-1.,-1.38777878078145E-15,0.));
#5065=DIRECTION('',(-0.707106781186548,-9.81307786677363E-16,-0.707106781186547));
#5066=DIRECTION('',(0.,1.,0.));
#5067=DIRECTION('',(0.,0.,1.));
#5068=DIRECTION('',(1.,0.,0.));
#5069=DIRECTION('',(0.,0.,1.));
#5070=DIRECTION('',(1.,0.,0.));
#5071=DIRECTION('',(-1.,0.,0.));
#5072=DIRECTION('',(0.,0.,1.));
#5073=DIRECTION('',(0.,1.,0.));
#5074=DIRECTION('',(0.,0.,-1.));
#5075=DIRECTION('',(0.,0.707106781186548,-0.707106781186547));
#5076=DIRECTION('',(0.,1.,0.));
#5077=DIRECTION('',(0.,0.,-1.));
#5078=DIRECTION('',(0.,1.,0.));
#5079=DIRECTION('',(0.,0.,1.));
#5080=DIRECTION('',(1.,0.,0.));
#5081=DIRECTION('',(0.,0.,1.));
#5082=DIRECTION('',(1.,0.,0.));
#5083=DIRECTION('',(1.,0.,0.));
#5084=DIRECTION('',(0.,0.,-1.));
#5085=DIRECTION('',(0.,-1.,0.));
#5086=DIRECTION('',(0.,0.,-1.));
#5087=DIRECTION('',(0.,-1.,0.));
#5088=DIRECTION('',(0.,0.,1.));
#5089=DIRECTION('',(0.,-1.,0.));
#5090=DIRECTION('',(0.,0.,-1.));
#5091=DIRECTION('',(-1.,0.,0.));
#5092=DIRECTION('',(0.,0.,-1.));
#5093=DIRECTION('',(-1.,0.,0.));
#5094=DIRECTION('',(0.,0.,-1.));
#5095=DIRECTION('',(-1.,0.,0.));
#5096=DIRECTION('',(0.,0.,1.));
#5097=DIRECTION('',(0.,1.,0.));
#5098=DIRECTION('',(0.,0.,1.));
#5099=DIRECTION('',(0.,1.,0.));
#5100=DIRECTION('',(0.,-1.,0.));
#5101=DIRECTION('',(0.,0.,-1.));
#5102=DIRECTION('',(-1.,0.,0.));
#5103=DIRECTION('',(0.,0.,-1.));
#5104=DIRECTION('',(-1.,0.,0.));
#5105=DIRECTION('',(1.73472347597681E-16,-1.,0.));
#5106=DIRECTION('',(1.,1.73472347597681E-16,0.));
#5107=DIRECTION('',(-1.,-1.73472347597681E-16,0.));
#5108=DIRECTION('',(0.,0.,-1.));
#5109=DIRECTION('',(-1.,-1.73472347597681E-16,0.));
#5110=DIRECTION('',(0.,0.,-1.));
#5111=DIRECTION('',(-1.,0.,0.));
#5112=DIRECTION('',(0.,0.,1.));
#5113=DIRECTION('',(0.,1.,0.));
#5114=DIRECTION('',(0.,0.,-1.));
#5115=DIRECTION('',(0.,1.,0.));
#5116=DIRECTION('',(-0.642787609686539,-0.766044443118978,0.));
#5117=DIRECTION('',(0.766044443118978,-0.642787609686539,0.));
#5118=DIRECTION('',(-0.766044443118978,0.642787609686539,0.));
#5119=DIRECTION('',(0.,0.,-1.));
#5120=DIRECTION('',(-0.766044443118978,0.642787609686539,0.));
#5121=DIRECTION('',(-1.,0.,0.));
#5122=DIRECTION('',(0.,0.,1.));
#5123=DIRECTION('',(0.,1.,0.));
#5124=DIRECTION('',(0.,0.,-1.));
#5125=DIRECTION('',(0.,1.,0.));
#5126=DIRECTION('',(0.,0.,1.));
#5127=DIRECTION('',(1.,0.,0.));
#5128=DIRECTION('',(0.766044443118977,-0.64278760968654,0.));
#5129=DIRECTION('',(-1.38777878078145E-15,1.,0.));
#5130=DIRECTION('',(0.766044443118977,0.64278760968654,0.));
#5131=DIRECTION('',(-1.38777878078145E-15,1.,0.));
#5132=DIRECTION('',(1.,1.21430643318376E-15,0.));
#5133=DIRECTION('',(0.707106781186549,-0.707106781186546,0.));
#5134=DIRECTION('',(-1.38777878078145E-15,1.,0.));
#5135=DIRECTION('',(1.,1.38777878078145E-15,0.));
#5136=DIRECTION('',(0.707106781186547,0.707106781186549,0.));
#5137=DIRECTION('',(-1.38777878078145E-15,1.,0.));
#5138=DIRECTION('',(1.,1.38777878078145E-15,0.));
#5139=DIRECTION('',(-0.707106781186547,-0.707106781186549,0.));
#5140=DIRECTION('',(1.38777878078145E-15,-1.,0.));
#5141=DIRECTION('',(0.707106781186549,-0.707106781186547,0.));
#5142=DIRECTION('',(-1.,-1.38777878078145E-15,0.));
#5143=DIRECTION('',(-1.38777878078145E-15,1.,0.));
#5144=DIRECTION('',(-0.707106781186549,0.707106781186547,0.));
#5145=DIRECTION('',(-1.,-1.38777878078145E-15,0.));
#5146=DIRECTION('',(1.38777878078145E-15,-1.,0.));
#5147=DIRECTION('',(0.707106781186547,0.707106781186549,0.));
#5148=DIRECTION('',(1.,-2.56379794196829E-30,0.));
#5149=DIRECTION('',(0.,0.,-1.));
#5150=DIRECTION('',(-1.,-1.38777878078145E-15,0.));
#5151=DIRECTION('',(-1.38777878078145E-15,1.,0.));
#5152=DIRECTION('',(0.707106781186547,0.707106781186549,0.));
#5153=DIRECTION('',(-1.,-1.38777878078145E-15,0.));
#5154=DIRECTION('',(-1.38777878078145E-15,1.,0.));
#5155=DIRECTION('',(-0.707106781186549,0.707106781186547,0.));
#5156=DIRECTION('',(-1.,-1.38777878078145E-15,0.));
#5157=DIRECTION('',(-1.38777878078145E-15,1.,0.));
#5158=DIRECTION('',(0.707106781186549,-0.707106781186547,0.));
#5159=DIRECTION('',(1.,1.38777878078145E-15,0.));
#5160=DIRECTION('',(-0.707106781186547,-0.707106781186549,0.));
#5161=DIRECTION('',(-1.38777878078145E-15,1.,0.));
#5162=DIRECTION('',(1.,1.38777878078145E-15,0.));
#5163=DIRECTION('',(0.707106781186547,0.707106781186549,0.));
#5164=DIRECTION('',(1.38777878078145E-15,-1.,0.));
#5165=DIRECTION('',(-1.,-1.38777878078145E-15,0.));
#5166=DIRECTION('',(-0.707106781186549,0.707106781186547,0.));
#5167=DIRECTION('',(-1.38777878078145E-15,1.,0.));
#5168=DIRECTION('',(1.,1.38777878078145E-15,0.));
#5169=DIRECTION('',(0.642787609686529,0.766044443118987,0.));
#5170=DIRECTION('',(0.707106781186548,0.707106781186548,0.));
#5171=DIRECTION('',(-0.707106781186548,0.707106781186548,0.));
#5172=DIRECTION('',(0.707106781186548,-0.707106781186548,0.));
#5173=DIRECTION('',(-0.707106781186548,-0.707106781186548,0.));
#5174=DIRECTION('',(0.707106781186548,0.707106781186548,0.));
#5175=DIRECTION('',(-0.707106781186548,0.707106781186548,0.));
#5176=DIRECTION('',(-0.707106781186548,0.707106781186548,0.));
#5177=DIRECTION('',(0.707106781186548,0.707106781186548,0.));
#5178=DIRECTION('',(-0.707106781186548,-0.707106781186548,0.));
#5179=DIRECTION('',(0.707106781186548,-0.707106781186548,0.));
#5180=DIRECTION('',(-0.707106781186548,0.707106781186548,0.));
#5181=DIRECTION('',(-0.707106781186548,-0.707106781186547,0.));
#5182=DIRECTION('',(-0.766044443118978,-0.642787609686539,0.));
#5183=DIRECTION('',(0.,-1.,0.));
#5184=DIRECTION('',(-1.,1.73472347597681E-16,0.));
#5185=DIRECTION('',(-0.707106781186548,0.707106781186547,0.));
#5186=DIRECTION('',(0.,-1.,0.));
#5187=DIRECTION('',(-1.,0.,0.));
#5188=DIRECTION('',(-0.707106781186548,-0.707106781186548,0.));
#5189=DIRECTION('',(0.,-1.,0.));
#5190=DIRECTION('',(-1.,0.,0.));
#5191=DIRECTION('',(0.707106781186548,0.707106781186548,0.));
#5192=DIRECTION('',(0.,1.,0.));
#5193=DIRECTION('',(-0.707106781186548,0.707106781186548,0.));
#5194=DIRECTION('',(1.,0.,0.));
#5195=DIRECTION('',(0.,-1.,0.));
#5196=DIRECTION('',(0.707106781186548,-0.707106781186548,0.));
#5197=DIRECTION('',(1.,0.,0.));
#5198=DIRECTION('',(0.,1.,0.));
#5199=DIRECTION('',(-0.707106781186548,-0.707106781186548,0.));
#5200=DIRECTION('',(-1.,1.38777878078145E-15,0.));
#5201=DIRECTION('',(0.,0.,-1.));
#5202=DIRECTION('',(1.,0.,0.));
#5203=DIRECTION('',(0.,-1.,0.));
#5204=DIRECTION('',(-0.707106781186548,-0.707106781186548,0.));
#5205=DIRECTION('',(1.,0.,0.));
#5206=DIRECTION('',(0.,-1.,0.));
#5207=DIRECTION('',(0.707106781186548,-0.707106781186548,0.));
#5208=DIRECTION('',(1.,0.,0.));
#5209=DIRECTION('',(0.,-1.,0.));
#5210=DIRECTION('',(-0.707106781186548,0.707106781186548,0.));
#5211=DIRECTION('',(-1.,0.,0.));
#5212=DIRECTION('',(0.707106781186548,0.707106781186548,0.));
#5213=DIRECTION('',(0.,-1.,0.));
#5214=DIRECTION('',(-1.,0.,0.));
#5215=DIRECTION('',(-0.707106781186548,-0.707106781186548,0.));
#5216=DIRECTION('',(0.,1.,0.));
#5217=DIRECTION('',(1.,0.,0.));
#5218=DIRECTION('',(0.707106781186548,-0.707106781186548,0.));
#5219=DIRECTION('',(0.,-1.,0.));
#5220=DIRECTION('',(-1.,0.,0.));
#5221=DIRECTION('',(-0.64278760968653,-0.766044443118986,0.));
#5222=DIRECTION('',(-1.,0.,0.));
#5223=DIRECTION('',(0.642787609686529,-0.766044443118987,0.));
#5224=DIRECTION('',(1.,-1.38777878078145E-15,0.));
#5225=DIRECTION('',(-1.38777878078145E-15,-1.,0.));
#5226=DIRECTION('',(-0.707106781186549,-0.707106781186547,0.));
#5227=DIRECTION('',(-1.,1.38777878078145E-15,0.));
#5228=DIRECTION('',(1.38777878078145E-15,1.,0.));
#5229=DIRECTION('',(0.707106781186547,-0.707106781186549,0.));
#5230=DIRECTION('',(1.,-1.38777878078145E-15,0.));
#5231=DIRECTION('',(-1.38777878078145E-15,-1.,0.));
#5232=DIRECTION('',(-0.707106781186547,0.707106781186549,0.));
#5233=DIRECTION('',(1.,-1.38777878078145E-15,0.));
#5234=DIRECTION('',(0.707106781186549,0.707106781186547,0.));
#5235=DIRECTION('',(-1.38777878078145E-15,-1.,0.));
#5236=DIRECTION('',(-1.,1.38777878078145E-15,0.));
#5237=DIRECTION('',(-0.707106781186549,-0.707106781186547,0.));
#5238=DIRECTION('',(-1.38777878078145E-15,-1.,0.));
#5239=DIRECTION('',(-1.,1.38777878078145E-15,0.));
#5240=DIRECTION('',(0.707106781186547,-0.707106781186549,0.));
#5241=DIRECTION('',(-1.38777878078145E-15,-1.,0.));
#5242=DIRECTION('',(0.,0.,1.));
#5243=DIRECTION('',(-1.,1.38777878078145E-15,0.));
#5244=DIRECTION('',(1.,2.56379794196829E-30,0.));
#5245=DIRECTION('',(0.707106781186547,-0.707106781186549,0.));
#5246=DIRECTION('',(1.38777878078145E-15,1.,0.));
#5247=DIRECTION('',(-1.,1.38777878078145E-15,0.));
#5248=DIRECTION('',(-0.707106781186549,-0.707106781186547,0.));
#5249=DIRECTION('',(-1.38777878078145E-15,-1.,0.));
#5250=DIRECTION('',(-1.,1.38777878078145E-15,0.));
#5251=DIRECTION('',(0.707106781186549,0.707106781186547,0.));
#5252=DIRECTION('',(1.38777878078145E-15,1.,0.));
#5253=DIRECTION('',(-0.707106781186547,0.707106781186549,0.));
#5254=DIRECTION('',(1.,-1.38777878078145E-15,0.));
#5255=DIRECTION('',(-1.38777878078145E-15,-1.,0.));
#5256=DIRECTION('',(0.707106781186547,-0.707106781186549,0.));
#5257=DIRECTION('',(1.,-1.38777878078145E-15,0.));
#5258=DIRECTION('',(-1.38777878078145E-15,-1.,0.));
#5259=DIRECTION('',(0.707106781186549,0.707106781186546,0.));
#5260=DIRECTION('',(1.,-1.21430643318376E-15,0.));
#5261=DIRECTION('',(-1.38777878078145E-15,-1.,0.));
#5262=DIRECTION('',(-1.5419764230905E-15,1.,0.));
#5263=DIRECTION('',(-1.,-3.08395284618099E-16,0.));
#5264=DIRECTION('',(0.,1.,0.));
#5265=DIRECTION('',(0.,0.,1.));
#5266=DIRECTION('',(0.,0.,1.));
#5267=DIRECTION('',(1.,0.,0.));
#5268=DIRECTION('',(0.707106781186548,0.,0.707106781186547));
#5269=DIRECTION('',(0.,0.,1.));
#5270=DIRECTION('',(1.,0.,0.));
#5271=DIRECTION('',(-1.,0.,0.));
#5272=DIRECTION('',(2.31296463463574E-16,-1.,0.));
#5273=DIRECTION('',(-1.,0.,0.));
#5274=DIRECTION('',(0.,-1.,0.));
#5275=DIRECTION('',(1.,0.,0.));
#5276=DIRECTION('',(0.707106781186548,-0.707106781186548,0.));
#5277=DIRECTION('',(0.,1.,0.));
#5278=DIRECTION('',(-0.707106781186548,-0.707106781186548,0.));
#5279=DIRECTION('',(-1.,0.,0.));
#5280=DIRECTION('',(0.,-1.,0.));
#5281=DIRECTION('',(0.707106781186548,0.707106781186548,0.));
#5282=DIRECTION('',(-1.,0.,0.));
#5283=DIRECTION('',(0.,1.,0.));
#5284=DIRECTION('',(0.707106781186548,-0.707106781186547,0.));
#5285=DIRECTION('',(-1.,1.73472347597681E-16,0.));
#5286=DIRECTION('',(0.,-1.,0.));
#5287=DIRECTION('',(-0.766044443118978,-0.642787609686539,0.));
#5288=DIRECTION('',(0.707106781186548,0.707106781186547,0.));
#5289=DIRECTION('',(0.707106781186548,-0.707106781186548,0.));
#5290=DIRECTION('',(-0.707106781186548,0.707106781186548,0.));
#5291=DIRECTION('',(0.707106781186548,0.707106781186548,0.));
#5292=DIRECTION('',(-1.,-2.31296463463574E-16,0.));
#5293=DIRECTION('',(2.31296463463574E-16,-1.,0.));
#5294=DIRECTION('',(0.,0.,-1.));
#5295=DIRECTION('',(-2.31296463463574E-16,1.,0.));
#5296=DIRECTION('',(0.,0.,-1.));
#5297=DIRECTION('',(1.,0.,0.));
#5298=DIRECTION('',(0.,0.,-1.));
#5299=DIRECTION('',(0.,-1.,0.));
#5300=DIRECTION('',(0.,0.,-1.));
#5301=DIRECTION('',(0.,0.,1.));
#5302=DIRECTION('',(1.,0.,0.));
#5303=DIRECTION('',(0.642787609686529,0.766044443118987,0.));
#5304=DIRECTION('',(1.,1.38777878078145E-15,0.));
#5305=DIRECTION('',(-1.38777878078145E-15,1.,0.));
#5306=DIRECTION('',(0.707106781186549,-0.707106781186547,0.));
#5307=DIRECTION('',(1.,1.38777878078145E-15,0.));
#5308=DIRECTION('',(1.38777878078145E-15,-1.,0.));
#5309=DIRECTION('',(-0.707106781186547,-0.707106781186549,0.));
#5310=DIRECTION('',(1.,1.38777878078145E-15,0.));
#5311=DIRECTION('',(-1.38777878078145E-15,1.,0.));
#5312=DIRECTION('',(0.707106781186547,0.707106781186549,0.));
#5313=DIRECTION('',(1.,1.38777878078145E-15,0.));
#5314=DIRECTION('',(-0.707106781186549,0.707106781186547,0.));
#5315=DIRECTION('',(-1.38777878078145E-15,1.,0.));
#5316=DIRECTION('',(-1.,-1.38777878078145E-15,0.));
#5317=DIRECTION('',(0.707106781186549,-0.707106781186547,0.));
#5318=DIRECTION('',(-1.38777878078145E-15,1.,0.));
#5319=DIRECTION('',(1.,1.38777878078145E-15,0.));
#5320=DIRECTION('',(1.38777878078145E-15,-1.,0.));
#5321=DIRECTION('',(-1.,0.,0.));
#5322=DIRECTION('',(-0.707106781186548,-0.707106781186548,0.));
#5323=DIRECTION('',(0.707106781186548,0.707106781186548,0.));
#5324=DIRECTION('',(-0.707106781186548,0.707106781186548,0.));
#5325=DIRECTION('',(0.707106781186548,-0.707106781186548,0.));
#5326=DIRECTION('',(-0.707106781186548,-0.707106781186548,0.));
#5327=DIRECTION('',(0.,1.,0.));
#5328=DIRECTION('',(0.,0.,1.));
#5329=DIRECTION('',(0.,0.,1.));
#5330=DIRECTION('',(1.,0.,0.));
#5331=DIRECTION('',(0.,0.,1.));
#5332=DIRECTION('',(0.707106781186548,-0.707106781186548,0.));
#5333=DIRECTION('',(0.,0.,-1.));
#5334=DIRECTION('',(-0.577350269189626,-0.577350269189626,0.577350269189626));
#5335=DIRECTION('',(-0.707106781186548,0.707106781186548,0.));
#5336=DIRECTION('',(0.,0.,1.));
#5337=DIRECTION('',(-0.707106781186548,-0.707106781186548,0.));
#5338=DIRECTION('',(0.,0.,1.));
#5339=DIRECTION('',(0.707106781186548,0.707106781186548,0.));
#5340=DIRECTION('',(0.,0.,-1.));
#5341=DIRECTION('',(0.707106781186548,-0.707106781186548,0.));
#5342=DIRECTION('',(0.,0.,-1.));
#5343=DIRECTION('',(-0.707106781186548,0.707106781186548,0.));
#5344=DIRECTION('',(0.,0.,1.));
#5345=DIRECTION('',(-0.707106781186548,-0.707106781186548,0.));
#5346=DIRECTION('',(0.,0.,-1.));
#5347=DIRECTION('',(0.707106781186548,0.707106781186548,0.));
#5348=DIRECTION('',(0.,0.,1.));
#5349=DIRECTION('',(0.707106781186547,-0.707106781186548,0.));
#5350=DIRECTION('',(0.,0.,-1.));
#5351=DIRECTION('',(-0.707106781186548,0.707106781186548,0.));
#5352=DIRECTION('',(0.,0.,1.));
#5353=DIRECTION('',(-0.707106781186548,-0.707106781186548,0.));
#5354=DIRECTION('',(0.,0.,-1.));
#5355=DIRECTION('',(-0.707106781186548,-0.707106781186548,0.));
#5356=DIRECTION('',(0.,0.,1.));
#5357=DIRECTION('',(0.707106781186547,-0.707106781186548,0.));
#5358=DIRECTION('',(0.,0.,-1.));
#5359=DIRECTION('',(0.707106781186548,0.707106781186547,9.74054469515401E-16));
#5360=DIRECTION('',(0.,-0.707106781186547,-0.707106781186548));
#5361=DIRECTION('',(1.,0.,0.));
#5362=DIRECTION('',(-1.92296268638356E-16,-0.707106781186548,0.707106781186547));
#5363=DIRECTION('',(-0.577350269189626,0.577350269189626,0.577350269189626));
#5364=DIRECTION('',(0.707106781186548,0.,0.707106781186547));
#5365=DIRECTION('',(-0.707106781186548,-1.12602203621451E-15,-0.707106781186547));
#5366=DIRECTION('',(0.707106781186547,1.63551297779559E-16,-0.707106781186548));
#5367=DIRECTION('',(-2.31296463463574E-16,1.,0.));
#5368=DIRECTION('',(-0.707106781186548,1.12602203621451E-15,-0.707106781186547));
#5369=DIRECTION('',(0.,-0.707106781186547,-0.707106781186548));
#5370=DIRECTION('',(1.,0.,0.));
#5371=DIRECTION('',(-0.577350269189626,0.577350269189626,-0.577350269189626));
#5372=DIRECTION('',(0.577350269189625,0.577350269189626,-0.577350269189626));
#5373=DIRECTION('',(-0.707106781186548,0.707106781186547,0.));
#5374=DIRECTION('',(0.,0.,1.));
#5375=DIRECTION('',(0.707106781186547,-3.22774714672663E-16,-0.707106781186548));
#5376=DIRECTION('',(-4.56472379081187E-16,-1.,0.));
#5377=DIRECTION('',(-0.0995037190209989,0.099009900990099,-0.99009900990099));
#5378=DIRECTION('',(1.53432388740202E-16,0.995037190209989,0.0995037190209989));
#5379=DIRECTION('',(0.,-0.995037190209989,-0.0995037190209989));
#5380=DIRECTION('',(-0.994987934600712,0.,0.0999950498725311));
#5381=DIRECTION('',(-1.38777878078145E-15,1.,0.));
#5382=DIRECTION('',(0.,0.,1.));
#5383=DIRECTION('',(0.,0.,-1.));
#5384=DIRECTION('',(0.,0.,-1.));
#5385=DIRECTION('',(-1.38777878078145E-15,1.,0.));
#5386=DIRECTION('',(0.,0.,1.));
#5387=DIRECTION('',(-1.,-1.38777878078145E-15,0.));
#5388=DIRECTION('',(0.,0.,-1.));
#5389=DIRECTION('',(0.,0.,-1.));
#5390=DIRECTION('',(0.,0.,1.));
#5391=DIRECTION('',(1.,1.38777878078145E-15,0.));
#5392=DIRECTION('',(0.,0.,1.));
#5393=DIRECTION('',(1.38777878078145E-15,-1.,0.));
#5394=DIRECTION('',(0.,0.,-1.));
#5395=DIRECTION('',(0.,0.,1.));
#5396=DIRECTION('',(0.,0.,1.));
#5397=DIRECTION('',(-1.,-1.38777878078145E-15,0.));
#5398=DIRECTION('',(1.,-2.56379794196829E-30,0.));
#5399=DIRECTION('',(-0.707106781186547,-0.707106781186549,0.));
#5400=DIRECTION('',(1.38777878078145E-15,-1.,0.));
#5401=DIRECTION('',(-1.,-1.38777878078145E-15,0.));
#5402=DIRECTION('',(1.84425115986263E-15,-1.,0.));
#5403=DIRECTION('',(-9.31306401700259E-16,1.,0.));
#5404=DIRECTION('',(1.,9.31306401700259E-16,0.));
#5405=DIRECTION('',(1.,9.31306401700259E-16,0.));
#5406=DIRECTION('',(0.,0.,1.));
#5407=DIRECTION('',(0.,0.,1.));
#5408=DIRECTION('',(0.,0.,1.));
#5409=DIRECTION('',(-1.,-1.38777878078145E-15,0.));
#5410=DIRECTION('',(0.,0.,1.));
#5411=DIRECTION('',(0.,0.,-1.));
#5412=DIRECTION('',(0.,0.,-1.));
#5413=DIRECTION('',(1.,1.84425115986263E-15,0.));
#5414=DIRECTION('',(1.84425115986263E-15,-1.,0.));
#5415=DIRECTION('',(0.,0.,1.));
#5416=DIRECTION('',(-1.84425115986263E-15,1.,0.));
#5417=DIRECTION('',(1.,1.38777878078145E-15,0.));
#5418=DIRECTION('',(0.,0.,1.));
#5419=DIRECTION('',(0.,0.,-1.));
#5420=DIRECTION('',(-9.8130778667736E-16,0.707106781186548,-0.707106781186547));
#5421=DIRECTION('',(0.,0.,-1.));
#5422=DIRECTION('',(0.,0.,-1.));
#5423=DIRECTION('',(0.,0.,1.));
#5424=DIRECTION('',(-1.,-1.38777878078145E-15,0.));
#5425=DIRECTION('',(-1.38777878078145E-15,1.,0.));
#5426=DIRECTION('',(1.38777878078145E-15,-1.,0.));
#5427=DIRECTION('',(-0.707106781186547,-0.707106781186549,0.));
#5428=DIRECTION('',(1.,1.5419764230905E-15,0.));
#5429=DIRECTION('',(1.5419764230905E-15,-1.,0.));
#5430=DIRECTION('',(0.,0.,-1.));
#5431=DIRECTION('',(0.766044443118987,-0.642787609686529,0.));
#5432=DIRECTION('',(-0.642787609686529,-0.766044443118987,0.));
#5433=DIRECTION('',(0.,0.,-1.));
#5434=DIRECTION('',(1.38777878078145E-15,-1.,0.));
#5435=DIRECTION('',(0.,0.,-1.));
#5436=DIRECTION('',(0.,0.,-1.));
#5437=DIRECTION('',(1.,1.38777878078145E-15,0.));
#5438=DIRECTION('',(0.,0.,1.));
#5439=DIRECTION('',(0.,0.,1.));
#5440=DIRECTION('',(-1.,-1.38777878078145E-15,0.));
#5441=DIRECTION('',(0.,0.,-1.));
#5442=DIRECTION('',(0.,0.,1.));
#5443=DIRECTION('',(1.38777878078145E-15,-1.,0.));
#5444=DIRECTION('',(0.,0.,-1.));
#5445=DIRECTION('',(0.,0.,-1.));
#5446=DIRECTION('',(0.,0.,-1.));
#5447=DIRECTION('',(1.,1.38777878078145E-15,0.));
#5448=DIRECTION('',(0.,0.,1.));
#5449=DIRECTION('',(0.,0.,1.));
#5450=DIRECTION('',(1.38777878078145E-15,-1.,0.));
#5451=DIRECTION('',(0.,0.,-1.));
#5452=DIRECTION('',(0.,0.,-1.));
#5453=DIRECTION('',(0.,0.,1.));
#5454=DIRECTION('',(1.,1.38777878078145E-15,0.));
#5455=DIRECTION('',(0.,0.,1.));
#5456=DIRECTION('',(0.,0.,-1.));
#5457=DIRECTION('',(0.,0.,-1.));
#5458=DIRECTION('',(-1.38777878078145E-15,1.,0.));
#5459=DIRECTION('',(0.,0.,1.));
#5460=DIRECTION('',(0.,0.,1.));
#5461=DIRECTION('',(1.,1.38777878078145E-15,0.));
#5462=DIRECTION('',(0.,0.,1.));
#5463=DIRECTION('',(0.,0.,-1.));
#5464=DIRECTION('',(1.,1.38777878078145E-15,0.));
#5465=DIRECTION('',(0.,0.,1.));
#5466=DIRECTION('',(0.,0.,-1.));
#5467=DIRECTION('',(-2.76101316827354E-30,-1.,0.));
#5468=DIRECTION('',(-1.,2.76101316827354E-30,0.));
#5469=DIRECTION('',(0.707106781186548,-1.97215226305253E-30,-0.707106781186547));
#5470=DIRECTION('',(0.,0.,1.));
#5471=DIRECTION('',(-1.38777878078145E-15,1.,0.));
#5472=DIRECTION('',(0.,0.,1.));
#5473=DIRECTION('',(0.,0.,1.));
#5474=DIRECTION('',(-1.,-1.38777878078145E-15,0.));
#5475=DIRECTION('',(1.,1.38777878078145E-15,0.));
#5476=DIRECTION('',(0.,0.,1.));
#5477=DIRECTION('',(0.,0.,-1.));
#5478=DIRECTION('',(-1.38777878078145E-15,1.,0.));
#5479=DIRECTION('',(-9.8130778667736E-16,0.707106781186548,-0.707106781186547));
#5480=DIRECTION('',(0.,0.,-1.));
#5481=DIRECTION('',(-1.38777878078145E-15,1.,0.));
#5482=DIRECTION('',(0.,0.,1.));
#5483=DIRECTION('',(-1.,-1.38777878078145E-15,0.));
#5484=DIRECTION('',(0.,0.,1.));
#5485=DIRECTION('',(-1.,-1.38777878078145E-15,0.));
#5486=DIRECTION('',(0.,0.,-1.));
#5487=DIRECTION('',(0.,0.,1.));
#5488=DIRECTION('',(1.38777878078145E-15,-1.,0.));
#5489=DIRECTION('',(0.,0.,-1.));
#5490=DIRECTION('',(1.38777878078145E-15,-1.,0.));
#5491=DIRECTION('',(0.,0.,-1.));
#5492=DIRECTION('',(0.,0.,-1.));
#5493=DIRECTION('',(1.,1.38777878078145E-15,0.));
#5494=DIRECTION('',(0.,0.,-1.));
#5495=DIRECTION('',(1.,1.38777878078145E-15,0.));
#5496=DIRECTION('',(0.,0.,1.));
#5497=DIRECTION('',(-1.38777878078145E-15,1.,0.));
#5498=DIRECTION('',(0.,0.,1.));
#5499=DIRECTION('',(1.38777878078145E-15,-1.,0.));
#5500=DIRECTION('',(0.,0.,-1.));
#5501=DIRECTION('',(1.,1.38777878078145E-15,0.));
#5502=DIRECTION('',(0.,0.,-1.));
#5503=DIRECTION('',(1.21430643318376E-15,-1.,0.));
#5504=DIRECTION('',(-1.,-1.21430643318376E-15,0.));
#5505=DIRECTION('',(0.,0.,-1.));
#5506=DIRECTION('',(1.,1.21430643318376E-15,0.));
#5507=DIRECTION('',(0.,0.,-1.));
#5508=DIRECTION('',(1.,1.38777878078145E-15,0.));
#5509=DIRECTION('',(0.,0.,1.));
#5510=DIRECTION('',(-1.38777878078145E-15,1.,0.));
#5511=DIRECTION('',(0.,0.,-1.));
#5512=DIRECTION('',(0.64278760968654,-0.766044443118978,0.));
#5513=DIRECTION('',(-0.766044443118978,-0.64278760968654,0.));
#5514=DIRECTION('',(0.766044443118978,0.64278760968654,0.));
#5515=DIRECTION('',(0.,0.,-1.));
#5516=DIRECTION('',(1.,1.38777878078145E-15,0.));
#5517=DIRECTION('',(0.,0.,1.));
#5518=DIRECTION('',(-1.38777878078145E-15,1.,0.));
#5519=DIRECTION('',(0.,0.,-1.));
#5520=DIRECTION('',(-1.38777878078145E-15,1.,0.));
#5521=DIRECTION('',(0.,0.,1.));
#5522=DIRECTION('',(0.,0.,1.));
#5523=DIRECTION('',(-0.707106781186548,-9.81307786677361E-16,0.707106781186547));
#5524=DIRECTION('',(-1.,-1.38777878078145E-15,0.));
#5525=DIRECTION('',(0.,0.,1.));
#5526=DIRECTION('',(-1.,-1.38777878078145E-15,0.));
#5527=DIRECTION('',(1.,1.38777878078145E-15,0.));
#5528=DIRECTION('',(-0.707106781186549,0.707106781186547,0.));
#5529=DIRECTION('',(0.707106781186547,0.707106781186549,0.));
#5530=DIRECTION('',(-0.707106781186547,-0.707106781186549,0.));
#5531=DIRECTION('',(-0.707106781186549,0.707106781186546,0.));
#5532=DIRECTION('',(0.766044443118978,-0.64278760968654,0.));
#5533=DIRECTION('',(-1.38777878078145E-15,-1.,0.));
#5534=DIRECTION('',(1.,-1.21430643318376E-15,0.));
#5535=DIRECTION('',(-0.707106781186549,-0.707106781186546,0.));
#5536=DIRECTION('',(1.38777878078145E-15,1.,0.));
#5537=DIRECTION('',(1.,-1.38777878078145E-15,0.));
#5538=DIRECTION('',(-0.707106781186547,0.707106781186549,0.));
#5539=DIRECTION('',(-1.38777878078145E-15,-1.,0.));
#5540=DIRECTION('',(1.,-1.38777878078145E-15,0.));
#5541=DIRECTION('',(0.707106781186547,-0.707106781186549,0.));
#5542=DIRECTION('',(1.38777878078145E-15,1.,0.));
#5543=DIRECTION('',(-0.707106781186549,-0.707106781186547,0.));
#5544=DIRECTION('',(-1.,1.38777878078145E-15,0.));
#5545=DIRECTION('',(-1.38777878078145E-15,-1.,0.));
#5546=DIRECTION('',(1.,-1.38777878078145E-15,0.));
#5547=DIRECTION('',(1.15648231731787E-15,-1.,0.));
#5548=DIRECTION('',(1.,1.15648231731787E-15,0.));
#5549=DIRECTION('',(1.15648231731787E-15,-1.,0.));
#5550=DIRECTION('',(-1.15648231731787E-15,1.,0.));
#5551=DIRECTION('',(0.,0.,-1.));
#5552=DIRECTION('',(0.,0.,-1.));
#5553=DIRECTION('',(-1.,-1.38777878078145E-15,0.));
#5554=DIRECTION('',(0.,0.,-1.));
#5555=DIRECTION('',(0.,0.,-1.));
#5556=DIRECTION('',(-0.707106781186547,-0.707106781186549,0.));
#5557=DIRECTION('',(0.,0.,-1.));
#5558=DIRECTION('',(0.577350269189627,-0.577350269189625,0.577350269189626));
#5559=DIRECTION('',(0.707106781186547,0.707106781186549,0.));
#5560=DIRECTION('',(0.,0.,1.));
#5561=DIRECTION('',(0.707106781186549,-0.707106781186547,0.));
#5562=DIRECTION('',(0.,0.,1.));
#5563=DIRECTION('',(-0.707106781186549,0.707106781186547,0.));
#5564=DIRECTION('',(0.,0.,-1.));
#5565=DIRECTION('',(-0.707106781186547,-0.707106781186549,0.));
#5566=DIRECTION('',(0.,0.,-1.));
#5567=DIRECTION('',(0.707106781186547,0.707106781186549,0.));
#5568=DIRECTION('',(0.,0.,1.));
#5569=DIRECTION('',(0.707106781186549,-0.707106781186547,0.));
#5570=DIRECTION('',(0.,0.,-1.));
#5571=DIRECTION('',(-0.707106781186549,0.707106781186547,0.));
#5572=DIRECTION('',(0.,0.,1.));
#5573=DIRECTION('',(-0.707106781186546,-0.707106781186549,0.));
#5574=DIRECTION('',(0.,0.,-1.));
#5575=DIRECTION('',(0.707106781186547,0.707106781186549,0.));
#5576=DIRECTION('',(0.,0.,1.));
#5577=DIRECTION('',(0.707106781186549,-0.707106781186547,0.));
#5578=DIRECTION('',(0.,0.,-1.));
#5579=DIRECTION('',(0.707106781186549,-0.707106781186547,0.));
#5580=DIRECTION('',(0.,0.,1.));
#5581=DIRECTION('',(-0.707106781186546,-0.707106781186549,0.));
#5582=DIRECTION('',(0.,0.,-1.));
#5583=DIRECTION('',(-0.707106781186549,0.707106781186546,9.74054469515401E-16));
#5584=DIRECTION('',(9.81307786677359E-16,-0.707106781186547,-0.707106781186548));
#5585=DIRECTION('',(-1.,-1.38777878078145E-15,0.));
#5586=DIRECTION('',(1.17360405531572E-15,-0.707106781186548,0.707106781186547));
#5587=DIRECTION('',(0.577350269189625,0.577350269189626,0.577350269189626));
#5588=DIRECTION('',(-0.707106781186548,-9.8130778667736E-16,0.707106781186547));
#5589=DIRECTION('',(0.707106781186548,-1.44714249537149E-16,-0.707106781186547));
#5590=DIRECTION('',(-0.707106781186547,-8.17756488897799E-16,-0.707106781186548));
#5591=DIRECTION('',(-1.15648231731787E-15,1.,0.));
#5592=DIRECTION('',(0.707106781186548,1.44714249537149E-16,-0.707106781186547));
#5593=DIRECTION('',(0.707106781186547,0.707106781186548,0.));
#5594=DIRECTION('',(0.,0.,1.));
#5595=DIRECTION('',(-0.707106781186547,-1.30408250135002E-15,-0.707106781186548));
#5596=DIRECTION('',(1.84425115986263E-15,-1.,0.));
#5597=DIRECTION('',(0.0995037190209987,0.0990099009900991,-0.99009900990099));
#5598=DIRECTION('',(-1.53432388740201E-15,0.995037190209989,0.0995037190209989));
#5599=DIRECTION('',(0.994987934600712,1.38082314277242E-15,0.0999950498725311));
#5600=DIRECTION('',(0.,-1.,0.));
#5601=DIRECTION('',(0.,0.,1.));
#5602=DIRECTION('',(0.,0.,-1.));
#5603=DIRECTION('',(-1.,0.,0.));
#5604=DIRECTION('',(0.,0.,-1.));
#5605=DIRECTION('',(0.,-1.,0.));
#5606=DIRECTION('',(0.,0.,1.));
#5607=DIRECTION('',(1.,0.,0.));
#5608=DIRECTION('',(0.,0.,-1.));
#5609=DIRECTION('',(-1.,0.,0.));
#5610=DIRECTION('',(0.,0.,-1.));
#5611=DIRECTION('',(0.,0.,1.));
#5612=DIRECTION('',(-1.,0.,0.));
#5613=DIRECTION('',(0.,0.,1.));
#5614=DIRECTION('',(0.,0.,-1.));
#5615=DIRECTION('',(0.,0.,1.));
#5616=DIRECTION('',(0.,0.,1.));
#5617=DIRECTION('',(1.,0.,0.));
#5618=DIRECTION('',(-1.,1.38777878078145E-15,0.));
#5619=DIRECTION('',(0.707106781186548,0.707106781186548,0.));
#5620=DIRECTION('',(0.,1.,0.));
#5621=DIRECTION('',(1.,0.,0.));
#5622=DIRECTION('',(-4.56472379081187E-16,1.,0.));
#5623=DIRECTION('',(-4.56472379081187E-16,-1.,0.));
#5624=DIRECTION('',(-1.,4.56472379081187E-16,0.));
#5625=DIRECTION('',(-1.,4.56472379081187E-16,0.));
#5626=DIRECTION('',(0.,0.,1.));
#5627=DIRECTION('',(0.,0.,1.));
#5628=DIRECTION('',(0.,0.,1.));
#5629=DIRECTION('',(1.,0.,0.));
#5630=DIRECTION('',(0.,0.,1.));
#5631=DIRECTION('',(0.,0.,-1.));
#5632=DIRECTION('',(0.,0.,-1.));
#5633=DIRECTION('',(-1.,-4.56472379081187E-16,0.));
#5634=DIRECTION('',(-4.56472379081187E-16,1.,0.));
#5635=DIRECTION('',(0.,0.,1.));
#5636=DIRECTION('',(4.56472379081187E-16,-1.,0.));
#5637=DIRECTION('',(-1.,0.,0.));
#5638=DIRECTION('',(0.,0.,1.));
#5639=DIRECTION('',(0.,0.,-1.));
#5640=DIRECTION('',(0.,-0.707106781186548,-0.707106781186547));
#5641=DIRECTION('',(0.,0.,-1.));
#5642=DIRECTION('',(0.,0.,-1.));
#5643=DIRECTION('',(0.,0.,1.));
#5644=DIRECTION('',(1.,0.,0.));
#5645=DIRECTION('',(0.,-1.,0.));
#5646=DIRECTION('',(0.,1.,0.));
#5647=DIRECTION('',(0.707106781186548,0.707106781186548,0.));
#5648=DIRECTION('',(-3.08395284618099E-16,1.,0.));
#5649=DIRECTION('',(1.,3.08395284618099E-16,0.));
#5650=DIRECTION('',(0.,1.,0.));
#5651=DIRECTION('',(0.,0.,-1.));
#5652=DIRECTION('',(0.,0.,-1.));
#5653=DIRECTION('',(-1.,0.,0.));
#5654=DIRECTION('',(0.,0.,-1.));
#5655=DIRECTION('',(-0.766044443118986,0.64278760968653,0.));
#5656=DIRECTION('',(0.64278760968653,0.766044443118986,0.));
#5657=DIRECTION('',(0.,0.,-1.));
#5658=DIRECTION('',(-0.64278760968653,-0.766044443118986,0.));
#5659=DIRECTION('',(0.,1.,0.));
#5660=DIRECTION('',(0.,0.,-1.));
#5661=DIRECTION('',(0.,0.,-1.));
#5662=DIRECTION('',(-1.,0.,0.));
#5663=DIRECTION('',(-1.,0.,0.));
#5664=DIRECTION('',(0.,0.,1.));
#5665=DIRECTION('',(0.,-1.,0.));
#5666=DIRECTION('',(0.,0.,1.));
#5667=DIRECTION('',(1.,0.,0.));
#5668=DIRECTION('',(0.,0.,-1.));
#5669=DIRECTION('',(0.,1.,0.));
#5670=DIRECTION('',(0.,0.,1.));
#5671=DIRECTION('',(0.,1.,0.));
#5672=DIRECTION('',(0.,0.,-1.));
#5673=DIRECTION('',(0.,0.,-1.));
#5674=DIRECTION('',(-1.,0.,0.));
#5675=DIRECTION('',(0.,0.,-1.));
#5676=DIRECTION('',(-1.,0.,0.));
#5677=DIRECTION('',(0.,0.,1.));
#5678=DIRECTION('',(0.,-1.,0.));
#5679=DIRECTION('',(0.,0.,1.));
#5680=DIRECTION('',(0.,1.,0.));
#5681=DIRECTION('',(0.,0.,-1.));
#5682=DIRECTION('',(-1.,0.,0.));
#5683=DIRECTION('',(0.,0.,-1.));
#5684=DIRECTION('',(0.,0.,1.));
#5685=DIRECTION('',(-1.,0.,0.));
#5686=DIRECTION('',(0.,0.,1.));
#5687=DIRECTION('',(0.,0.,-1.));
#5688=DIRECTION('',(0.,-1.,0.));
#5689=DIRECTION('',(0.,0.,-1.));
#5690=DIRECTION('',(0.,-1.,0.));
#5691=DIRECTION('',(0.,0.,1.));
#5692=DIRECTION('',(1.,0.,0.));
#5693=DIRECTION('',(0.,0.,1.));
#5694=DIRECTION('',(-1.,0.,0.));
#5695=DIRECTION('',(0.,0.,1.));
#5696=DIRECTION('',(0.,-1.,0.));
#5697=DIRECTION('',(0.,0.,-1.));
#5698=DIRECTION('',(-1.,0.,0.));
#5699=DIRECTION('',(0.,0.,1.));
#5700=DIRECTION('',(0.,0.,-1.));
#5701=DIRECTION('',(1.38777878078145E-15,1.,0.));
#5702=DIRECTION('',(1.,-1.38777878078145E-15,0.));
#5703=DIRECTION('',(-0.707106781186548,9.81307786677363E-16,-0.707106781186547));
#5704=DIRECTION('',(0.,0.,1.));
#5705=DIRECTION('',(0.,-1.,0.));
#5706=DIRECTION('',(0.,0.,1.));
#5707=DIRECTION('',(0.,0.,1.));
#5708=DIRECTION('',(1.,0.,0.));
#5709=DIRECTION('',(-1.,0.,0.));
#5710=DIRECTION('',(0.,0.,1.));
#5711=DIRECTION('',(0.,0.,-1.));
#5712=DIRECTION('',(0.,-0.707106781186548,-0.707106781186547));
#5713=DIRECTION('',(0.,0.,-1.));
#5714=DIRECTION('',(0.,-1.,0.));
#5715=DIRECTION('',(0.,0.,1.));
#5716=DIRECTION('',(0.,0.,1.));
#5717=DIRECTION('',(1.,0.,0.));
#5718=DIRECTION('',(0.,0.,-1.));
#5719=DIRECTION('',(0.,0.,1.));
#5720=DIRECTION('',(0.,0.,-1.));
#5721=DIRECTION('',(0.,1.,0.));
#5722=DIRECTION('',(0.,0.,-1.));
#5723=DIRECTION('',(0.,0.,-1.));
#5724=DIRECTION('',(0.,0.,-1.));
#5725=DIRECTION('',(-1.,0.,0.));
#5726=DIRECTION('',(0.,0.,1.));
#5727=DIRECTION('',(0.,0.,1.));
#5728=DIRECTION('',(0.,1.,0.));
#5729=DIRECTION('',(0.,0.,-1.));
#5730=DIRECTION('',(0.,0.,-1.));
#5731=DIRECTION('',(1.73472347597681E-16,1.,0.));
#5732=DIRECTION('',(1.,-1.73472347597681E-16,0.));
#5733=DIRECTION('',(0.,0.,-1.));
#5734=DIRECTION('',(0.,0.,-1.));
#5735=DIRECTION('',(-1.,0.,0.));
#5736=DIRECTION('',(0.,0.,1.));
#5737=DIRECTION('',(0.,0.,-1.));
#5738=DIRECTION('',(-0.642787609686539,0.766044443118978,0.));
#5739=DIRECTION('',(0.766044443118978,0.642787609686539,0.));
#5740=DIRECTION('',(0.,-1.,0.));
#5741=DIRECTION('',(0.,0.,1.));
#5742=DIRECTION('',(0.,0.,1.));
#5743=DIRECTION('',(0.707106781186548,0.,0.707106781186547));
#5744=DIRECTION('',(1.,0.,0.));
#5745=DIRECTION('',(1.,0.,0.));
#5746=DIRECTION('',(0.,0.,-1.));
#5747=DIRECTION('',(0.,1.,0.));
#5748=DIRECTION('',(0.,0.,-1.));
#5749=DIRECTION('',(0.,0.,1.));
#5750=DIRECTION('',(1.,0.,0.));
#5751=DIRECTION('',(-0.707106781186548,0.707106781186548,0.));
#5752=DIRECTION('',(0.707106781186548,0.707106781186548,0.));
#5753=DIRECTION('',(-0.707106781186548,-0.707106781186548,0.));
#5754=DIRECTION('',(0.707106781186548,-0.707106781186548,0.));
#5755=DIRECTION('',(-0.707106781186548,0.707106781186548,0.));
#5756=DIRECTION('',(-1.,0.,0.));
#5757=DIRECTION('',(1.38777878078145E-15,1.,0.));
#5758=DIRECTION('',(1.,-1.38777878078145E-15,0.));
#5759=DIRECTION('',(-1.38777878078145E-15,-1.,0.));
#5760=DIRECTION('',(0.707106781186549,0.707106781186547,0.));
#5761=DIRECTION('',(-1.,1.38777878078145E-15,0.));
#5762=DIRECTION('',(-1.38777878078145E-15,-1.,0.));
#5763=DIRECTION('',(-0.707106781186549,-0.707106781186547,0.));
#5764=DIRECTION('',(1.,-1.38777878078145E-15,0.));
#5765=DIRECTION('',(0.707106781186547,-0.707106781186549,0.));
#5766=DIRECTION('',(-1.38777878078145E-15,-1.,0.));
#5767=DIRECTION('',(1.,-1.38777878078145E-15,0.));
#5768=DIRECTION('',(-0.707106781186547,0.707106781186549,0.));
#5769=DIRECTION('',(1.38777878078145E-15,1.,0.));
#5770=DIRECTION('',(1.,-1.38777878078145E-15,0.));
#5771=DIRECTION('',(0.707106781186549,0.707106781186547,0.));
#5772=DIRECTION('',(-1.38777878078145E-15,-1.,0.));
#5773=DIRECTION('',(1.,-1.38777878078145E-15,0.));
#5774=DIRECTION('',(0.642787609686529,-0.766044443118987,0.));
#5775=DIRECTION('',(0.,-1.,0.));
#5776=DIRECTION('',(0.,0.,1.));
#5777=DIRECTION('',(0.,0.,1.));
#5778=DIRECTION('',(1.,0.,0.));
#5779=DIRECTION('',(0.,0.,1.));
#5780=DIRECTION('',(0.707106781186548,0.707106781186548,0.));
#5781=DIRECTION('',(0.,0.,-1.));
#5782=DIRECTION('',(-0.577350269189626,0.577350269189626,0.577350269189626));
#5783=DIRECTION('',(-0.707106781186548,-0.707106781186548,0.));
#5784=DIRECTION('',(0.,0.,1.));
#5785=DIRECTION('',(-0.707106781186548,0.707106781186548,0.));
#5786=DIRECTION('',(0.,0.,1.));
#5787=DIRECTION('',(0.707106781186548,-0.707106781186548,0.));
#5788=DIRECTION('',(0.,0.,-1.));
#5789=DIRECTION('',(0.707106781186548,0.707106781186548,0.));
#5790=DIRECTION('',(0.,0.,-1.));
#5791=DIRECTION('',(-0.707106781186548,-0.707106781186548,0.));
#5792=DIRECTION('',(0.,0.,1.));
#5793=DIRECTION('',(-0.707106781186548,0.707106781186548,0.));
#5794=DIRECTION('',(0.,0.,-1.));
#5795=DIRECTION('',(0.707106781186548,-0.707106781186548,0.));
#5796=DIRECTION('',(0.,0.,1.));
#5797=DIRECTION('',(0.707106781186547,0.707106781186548,0.));
#5798=DIRECTION('',(0.,0.,-1.));
#5799=DIRECTION('',(-0.707106781186548,-0.707106781186548,0.));
#5800=DIRECTION('',(0.,0.,1.));
#5801=DIRECTION('',(-0.707106781186548,0.707106781186548,0.));
#5802=DIRECTION('',(0.,0.,-1.));
#5803=DIRECTION('',(-0.707106781186548,0.707106781186548,0.));
#5804=DIRECTION('',(0.,0.,1.));
#5805=DIRECTION('',(0.707106781186547,0.707106781186548,0.));
#5806=DIRECTION('',(0.,0.,-1.));
#5807=DIRECTION('',(0.707106781186548,-0.707106781186547,9.74054469515401E-16));
#5808=DIRECTION('',(0.,0.707106781186547,-0.707106781186548));
#5809=DIRECTION('',(1.,0.,0.));
#5810=DIRECTION('',(-1.92296268638356E-16,0.707106781186548,0.707106781186547));
#5811=DIRECTION('',(-0.577350269189626,-0.577350269189626,0.577350269189626));
#5812=DIRECTION('',(0.707106781186548,0.,0.707106781186547));
#5813=DIRECTION('',(0.,0.707106781186547,-0.707106781186548));
#5814=DIRECTION('',(1.,0.,0.));
#5815=DIRECTION('',(0.577350269189625,-0.577350269189626,-0.577350269189626));
#5816=DIRECTION('',(-0.577350269189626,-0.577350269189626,-0.577350269189626));
#5817=DIRECTION('',(-0.707106781186548,-0.707106781186547,0.));
#5818=DIRECTION('',(0.,0.,1.));
#5819=DIRECTION('',(0.707106781186547,3.22774714672663E-16,-0.707106781186548));
#5820=DIRECTION('',(-4.56472379081187E-16,1.,0.));
#5821=DIRECTION('',(-0.0995037190209989,-0.099009900990099,-0.99009900990099));
#5822=DIRECTION('',(1.53432388740202E-16,-0.995037190209989,0.0995037190209989));
#5823=DIRECTION('',(0.,0.995037190209989,-0.0995037190209989));
#5824=DIRECTION('',(-1.38777878078145E-15,-1.,0.));
#5825=DIRECTION('',(0.,0.,1.));
#5826=DIRECTION('',(0.,0.,-1.));
#5827=DIRECTION('',(0.,0.,-1.));
#5828=DIRECTION('',(-1.38777878078145E-15,-1.,0.));
#5829=DIRECTION('',(0.,0.,1.));
#5830=DIRECTION('',(-1.,1.38777878078145E-15,0.));
#5831=DIRECTION('',(0.,0.,1.));
#5832=DIRECTION('',(0.,0.,-1.));
#5833=DIRECTION('',(0.,0.,-1.));
#5834=DIRECTION('',(1.,-1.38777878078145E-15,0.));
#5835=DIRECTION('',(0.,0.,1.));
#5836=DIRECTION('',(0.,0.,1.));
#5837=DIRECTION('',(0.,0.,-1.));
#5838=DIRECTION('',(0.,0.,1.));
#5839=DIRECTION('',(-1.,1.38777878078145E-15,0.));
#5840=DIRECTION('',(1.,2.56379794196829E-30,0.));
#5841=DIRECTION('',(1.84425115986263E-15,1.,0.));
#5842=DIRECTION('',(-1.,1.38777878078145E-15,0.));
#5843=DIRECTION('',(1.38777878078145E-15,1.,0.));
#5844=DIRECTION('',(-0.707106781186547,0.707106781186549,0.));
#5845=DIRECTION('',(-9.31306401700259E-16,-1.,0.));
#5846=DIRECTION('',(1.,-9.31306401700259E-16,0.));
#5847=DIRECTION('',(1.,-9.31306401700259E-16,0.));
#5848=DIRECTION('',(0.,0.,1.));
#5849=DIRECTION('',(0.,0.,1.));
#5850=DIRECTION('',(0.,0.,1.));
#5851=DIRECTION('',(-1.,1.38777878078145E-15,0.));
#5852=DIRECTION('',(0.,0.,1.));
#5853=DIRECTION('',(0.,0.,-1.));
#5854=DIRECTION('',(0.,0.,-1.));
#5855=DIRECTION('',(1.,-1.84425115986263E-15,0.));
#5856=DIRECTION('',(1.84425115986263E-15,1.,0.));
#5857=DIRECTION('',(0.,0.,1.));
#5858=DIRECTION('',(-1.84425115986263E-15,-1.,0.));
#5859=DIRECTION('',(1.,-1.38777878078145E-15,0.));
#5860=DIRECTION('',(0.,0.,1.));
#5861=DIRECTION('',(0.,0.,-1.));
#5862=DIRECTION('',(0.,0.,-1.));
#5863=DIRECTION('',(-9.8130778667736E-16,-0.707106781186548,-0.707106781186547));
#5864=DIRECTION('',(0.,0.,-1.));
#5865=DIRECTION('',(0.,0.,1.));
#5866=DIRECTION('',(-1.,1.38777878078145E-15,0.));
#5867=DIRECTION('',(-1.38777878078145E-15,-1.,0.));
#5868=DIRECTION('',(-0.707106781186547,0.707106781186549,0.));
#5869=DIRECTION('',(1.38777878078145E-15,1.,0.));
#5870=DIRECTION('',(0.766044443118987,0.642787609686529,0.));
#5871=DIRECTION('',(-0.642787609686529,0.766044443118987,0.));
#5872=DIRECTION('',(0.,0.,-1.));
#5873=DIRECTION('',(1.38777878078145E-15,1.,0.));
#5874=DIRECTION('',(0.,0.,-1.));
#5875=DIRECTION('',(0.,0.,-1.));
#5876=DIRECTION('',(1.,-1.38777878078145E-15,0.));
#5877=DIRECTION('',(0.,0.,1.));
#5878=DIRECTION('',(0.,0.,1.));
#5879=DIRECTION('',(-1.,1.38777878078145E-15,0.));
#5880=DIRECTION('',(0.,0.,-1.));
#5881=DIRECTION('',(0.,0.,1.));
#5882=DIRECTION('',(1.38777878078145E-15,1.,0.));
#5883=DIRECTION('',(0.,0.,-1.));
#5884=DIRECTION('',(0.,0.,-1.));
#5885=DIRECTION('',(0.,0.,-1.));
#5886=DIRECTION('',(1.,-1.38777878078145E-15,0.));
#5887=DIRECTION('',(0.,0.,1.));
#5888=DIRECTION('',(0.,0.,1.));
#5889=DIRECTION('',(1.38777878078145E-15,1.,0.));
#5890=DIRECTION('',(0.,0.,-1.));
#5891=DIRECTION('',(0.,0.,1.));
#5892=DIRECTION('',(0.,0.,-1.));
#5893=DIRECTION('',(1.,-1.38777878078145E-15,0.));
#5894=DIRECTION('',(0.,0.,1.));
#5895=DIRECTION('',(0.,0.,-1.));
#5896=DIRECTION('',(0.,0.,-1.));
#5897=DIRECTION('',(-1.38777878078145E-15,-1.,0.));
#5898=DIRECTION('',(0.,0.,1.));
#5899=DIRECTION('',(0.,0.,1.));
#5900=DIRECTION('',(1.,-1.38777878078145E-15,0.));
#5901=DIRECTION('',(0.,0.,1.));
#5902=DIRECTION('',(0.,0.,-1.));
#5903=DIRECTION('',(1.,-1.38777878078145E-15,0.));
#5904=DIRECTION('',(0.,0.,1.));
#5905=DIRECTION('',(0.,0.,-1.));
#5906=DIRECTION('',(-2.76101316827354E-30,1.,0.));
#5907=DIRECTION('',(-1.,-2.76101316827354E-30,0.));
#5908=DIRECTION('',(0.,0.,1.));
#5909=DIRECTION('',(0.707106781186548,1.97215226305253E-30,-0.707106781186547));
#5910=DIRECTION('',(-1.38777878078145E-15,-1.,0.));
#5911=DIRECTION('',(0.,0.,1.));
#5912=DIRECTION('',(-1.,1.38777878078145E-15,0.));
#5913=DIRECTION('',(0.,0.,1.));
#5914=DIRECTION('',(1.,-1.38777878078145E-15,0.));
#5915=DIRECTION('',(0.,0.,1.));
#5916=DIRECTION('',(0.,0.,-1.));
#5917=DIRECTION('',(-9.8130778667736E-16,-0.707106781186548,-0.707106781186547));
#5918=DIRECTION('',(0.,0.,-1.));
#5919=DIRECTION('',(-1.38777878078145E-15,-1.,0.));
#5920=DIRECTION('',(0.,0.,1.));
#5921=DIRECTION('',(0.,0.,1.));
#5922=DIRECTION('',(-1.,1.38777878078145E-15,0.));
#5923=DIRECTION('',(0.,0.,-1.));
#5924=DIRECTION('',(0.,0.,-1.));
#5925=DIRECTION('',(0.,0.,1.));
#5926=DIRECTION('',(1.38777878078145E-15,1.,0.));
#5927=DIRECTION('',(0.,0.,-1.));
#5928=DIRECTION('',(0.,0.,-1.));
#5929=DIRECTION('',(0.,0.,-1.));
#5930=DIRECTION('',(1.,-1.38777878078145E-15,0.));
#5931=DIRECTION('',(0.,0.,1.));
#5932=DIRECTION('',(0.,0.,1.));
#5933=DIRECTION('',(1.38777878078145E-15,1.,0.));
#5934=DIRECTION('',(0.,0.,-1.));
#5935=DIRECTION('',(0.,0.,-1.));
#5936=DIRECTION('',(1.21430643318376E-15,1.,0.));
#5937=DIRECTION('',(-1.,1.21430643318376E-15,0.));
#5938=DIRECTION('',(0.,0.,-1.));
#5939=DIRECTION('',(0.,0.,-1.));
#5940=DIRECTION('',(1.,-1.38777878078145E-15,0.));
#5941=DIRECTION('',(0.,0.,1.));
#5942=DIRECTION('',(0.,0.,-1.));
#5943=DIRECTION('',(0.64278760968654,0.766044443118978,0.));
#5944=DIRECTION('',(-0.766044443118978,0.64278760968654,0.));
#5945=DIRECTION('',(-1.38777878078145E-15,-1.,0.));
#5946=DIRECTION('',(0.,0.,1.));
#5947=DIRECTION('',(0.,0.,1.));
#5948=DIRECTION('',(-1.,1.38777878078145E-15,0.));
#5949=DIRECTION('',(-0.707106781186548,9.81307786677361E-16,0.707106781186547));
#5950=DIRECTION('',(-1.,1.38777878078145E-15,0.));
#5951=DIRECTION('',(0.,0.,-1.));
#5952=DIRECTION('',(0.,0.,-1.));
#5953=DIRECTION('',(-0.707106781186547,0.707106781186549,0.));
#5954=DIRECTION('',(0.,0.,-1.));
#5955=DIRECTION('',(0.577350269189627,0.577350269189625,0.577350269189626));
#5956=DIRECTION('',(0.707106781186547,-0.707106781186549,0.));
#5957=DIRECTION('',(0.,0.,1.));
#5958=DIRECTION('',(0.707106781186549,0.707106781186547,0.));
#5959=DIRECTION('',(0.,0.,1.));
#5960=DIRECTION('',(-0.707106781186549,-0.707106781186547,0.));
#5961=DIRECTION('',(0.,0.,-1.));
#5962=DIRECTION('',(-0.707106781186547,0.707106781186549,0.));
#5963=DIRECTION('',(0.,0.,-1.));
#5964=DIRECTION('',(0.707106781186547,-0.707106781186549,0.));
#5965=DIRECTION('',(0.,0.,1.));
#5966=DIRECTION('',(0.707106781186549,0.707106781186547,0.));
#5967=DIRECTION('',(0.,0.,-1.));
#5968=DIRECTION('',(-0.707106781186549,-0.707106781186547,0.));
#5969=DIRECTION('',(0.,0.,1.));
#5970=DIRECTION('',(-0.707106781186546,0.707106781186549,0.));
#5971=DIRECTION('',(0.,0.,-1.));
#5972=DIRECTION('',(0.707106781186547,-0.707106781186549,0.));
#5973=DIRECTION('',(0.,0.,1.));
#5974=DIRECTION('',(0.707106781186549,0.707106781186547,0.));
#5975=DIRECTION('',(0.,0.,-1.));
#5976=DIRECTION('',(0.707106781186549,0.707106781186547,0.));
#5977=DIRECTION('',(0.,0.,1.));
#5978=DIRECTION('',(-0.707106781186546,0.707106781186549,0.));
#5979=DIRECTION('',(0.,0.,-1.));
#5980=DIRECTION('',(-0.707106781186549,-0.707106781186546,9.74054469515401E-16));
#5981=DIRECTION('',(9.81307786677359E-16,0.707106781186547,-0.707106781186548));
#5982=DIRECTION('',(-1.,1.38777878078145E-15,0.));
#5983=DIRECTION('',(1.17360405531572E-15,0.707106781186548,0.707106781186547));
#5984=DIRECTION('',(0.577350269189625,-0.577350269189626,0.577350269189626));
#5985=DIRECTION('',(-0.707106781186548,9.8130778667736E-16,0.707106781186547));
#5986=DIRECTION('',(0.707106781186547,-0.707106781186548,0.));
#5987=DIRECTION('',(0.,0.,1.));
#5988=DIRECTION('',(-0.707106781186547,1.30408250135002E-15,-0.707106781186548));
#5989=DIRECTION('',(1.84425115986263E-15,1.,0.));
#5990=DIRECTION('',(0.0995037190209987,-0.0990099009900991,-0.99009900990099));
#5991=DIRECTION('',(-1.53432388740201E-15,-0.995037190209989,0.0995037190209989));
#5992=CARTESIAN_POINT('',(0.,0.,0.));
#5993=CARTESIAN_POINT('',(-0.0912856038287972,0.0832881072006106,0.0195078879269565));
#5994=CARTESIAN_POINT('',(0.000544446941324814,0.0832881072006106,0.0102790820417469));
#5995=CARTESIAN_POINT('',(-0.0912410843503192,0.0877627024002493,0.0199508732946984));
#5996=CARTESIAN_POINT('',(0.000588966419802828,0.0877627024002493,0.0107220674094888));
#5997=CARTESIAN_POINT('',(-0.0909940012447646,0.090000000000046,0.0224094420856835));
#5998=CARTESIAN_POINT('',(0.000836049525357402,0.090000000000046,0.0131806362004739));
#5999=CARTESIAN_POINT('',(-0.0905443545121333,0.09,0.0268835942999117));
#6000=CARTESIAN_POINT('',(0.00128569625798867,0.09,0.0176547884147021));
#6001=CARTESIAN_POINT('',(-0.09,0.089999999968486,0.0268279583546574));
#6002=CARTESIAN_POINT('',(-0.09,0.0899999606119904,0.0262478874025835));
#6003=CARTESIAN_POINT('',(-0.0899286464895335,0.0899283871156265,0.0251089794098301));
#6004=CARTESIAN_POINT('',(-0.0895343918528255,0.0895338868191972,0.0234473787096384));
#6005=CARTESIAN_POINT('',(-0.0888351130553546,0.0888343298987876,0.0220097418893257));
#6006=CARTESIAN_POINT('',(-0.0879003943868948,0.0878993559191188,0.0208728234568621));
#6007=CARTESIAN_POINT('',(-0.0868251820051953,0.0868239101988327,0.0200271402630427));
#6008=CARTESIAN_POINT('',(-0.0853108174414332,0.0853092696067509,0.0192176033385083));
#6009=CARTESIAN_POINT('',(-0.0840903575597442,0.0840886274983477,0.018864826656057));
#6010=CARTESIAN_POINT('',(-0.0832899467923905,0.0832881072006109,0.0187043343397062));
#6011=CARTESIAN_POINT('',(-0.0832899467923905,0.0832881072006107,0.0187043343397061));
#6012=CARTESIAN_POINT('',(-0.09,0.09,0.0268279583546553));
#6013=CARTESIAN_POINT('',(-2.77555756156289E-17,0.0832881072006107,0.0103337982821731));
#6014=CARTESIAN_POINT('',(-0.0277633155974635,0.0832881072006107,0.0131239769680175));
#6015=CARTESIAN_POINT('',(-0.055526631194927,0.0832881072006107,0.0159141556538618));
#6016=CARTESIAN_POINT('',(-0.0832899467923905,0.0832881072006107,0.0187043343397061));
#6017=CARTESIAN_POINT('',(0.,0.0832881072006107,0.0103337982821731));
#6018=CARTESIAN_POINT('',(7.42598931901182E-19,0.09,0.0177839992894954));
#6019=CARTESIAN_POINT('',(7.42598931901182E-19,0.09,0.016842804968984));
#6020=CARTESIAN_POINT('',(1.47169506958825E-16,0.0898266398941885,0.0149893365327155));
#6021=CARTESIAN_POINT('',(-4.77098614955959E-17,0.0885239284674939,0.0123722794639611));
#6022=CARTESIAN_POINT('',(8.65433586817827E-17,0.0860877703507539,0.010800050004792));
#6023=CARTESIAN_POINT('',(3.49309835760475E-19,0.0842282577936266,0.0104278133414747));
#6024=CARTESIAN_POINT('',(3.49309835760475E-19,0.0832881072006107,0.0103337982821731));
#6025=CARTESIAN_POINT('',(9.94987382164069E-11,0.09,0.017783999298139));
#6026=CARTESIAN_POINT('',(-0.0899999075708085,0.09,0.0268288780594854));
#6027=CARTESIAN_POINT('',(-0.059999938380539,0.09,0.0238139184694887));
#6028=CARTESIAN_POINT('',(-0.0299999691902695,0.09,0.020798958879492));
#6029=CARTESIAN_POINT('',(0.,0.09,0.0177839992894953));
#6030=CARTESIAN_POINT('',(-0.0899997573756767,0.0905363527275355,0.02696314568771));
#6031=CARTESIAN_POINT('',(-0.0899997573756767,-0.00129036647561728,0.0177804737673941));
#6032=CARTESIAN_POINT('',(-0.0900263212839134,0.0909887965423602,0.0224387075394605));
#6033=CARTESIAN_POINT('',(-0.0900263212839134,-0.000837922660792592,0.0132560356191446));
#6034=CARTESIAN_POINT('',(-0.0877904642400022,0.0912375101918418,0.0199515710446476));
#6035=CARTESIAN_POINT('',(-0.0877904642400022,-0.000589209011311015,0.0107688991243317));
#6036=CARTESIAN_POINT('',(-0.0832899467923904,0.0912822920142013,0.0195037528210655));
#6037=CARTESIAN_POINT('',(-0.0832899467923904,-0.000544427188951549,0.0103210809007496));
#6038=CARTESIAN_POINT('',(-0.0832899467923905,0.0832881072006107,0.0187043343397061));
#6039=CARTESIAN_POINT('',(-0.0832899467923905,0.0555254048004071,0.0159280640996858));
#6040=CARTESIAN_POINT('',(-0.0832899467923905,0.0277627024002035,0.0131517938596654));
#6041=CARTESIAN_POINT('',(-0.0832899467923905,-7.01207755055E-17,0.0103755236196451));
#6042=CARTESIAN_POINT('',(-0.0832899467923906,0.,0.0103755236196451));
#6043=CARTESIAN_POINT('',(-0.09,0.,0.0178270293608064));
#6044=CARTESIAN_POINT('',(-0.09,0.03,0.0208270293608064));
#6045=CARTESIAN_POINT('',(-0.09,0.06,0.0238270293608064));
#6046=CARTESIAN_POINT('',(-0.09,0.09,0.0268270293608064));
#6047=CARTESIAN_POINT('',(-0.09,4.16333634234433E-17,0.0178270293608064));
#6048=CARTESIAN_POINT('',(-0.0832899467923906,-1.02777169308183E-18,0.0103755236196451));
#6049=CARTESIAN_POINT('',(-0.0842275795301661,-1.02777169308183E-18,0.0104697545435744));
#6050=CARTESIAN_POINT('',(-0.0860775211584576,2.92413197716679E-17,0.0108377700926335));
#6051=CARTESIAN_POINT('',(-0.0885193440121328,-9.46433380687817E-17,0.0124155129156547));
#6052=CARTESIAN_POINT('',(-0.0898168461259301,3.25078289124604E-17,0.0149945947919181));
#6053=CARTESIAN_POINT('',(-0.09,6.20302219820192E-19,0.0168838802287623));
#6054=CARTESIAN_POINT('',(-0.09,6.20302219820192E-19,0.0178270293608064));
#6055=CARTESIAN_POINT('',(-0.03,0.1,-0.02));
#6056=CARTESIAN_POINT('',(-0.0172988745389716,0.1,0.1));
#6057=CARTESIAN_POINT('',(-0.0408452812710279,0.1,0.1));
#6058=CARTESIAN_POINT('',(-0.0120977490779432,0.1,0.1));
#6059=CARTESIAN_POINT('',(-0.0120977490779432,0.1,0.02));
#6060=CARTESIAN_POINT('',(-0.0120977490779432,0.1,0.02));
#6061=CARTESIAN_POINT('',(-0.03,0.1,0.02));
#6062=CARTESIAN_POINT('',(-0.0408452812710279,0.1,0.02));
#6063=CARTESIAN_POINT('',(-0.0408452812710279,0.1,0.1));
#6064=CARTESIAN_POINT('',(-0.03,0.1,-0.02));
#6065=CARTESIAN_POINT('',(-0.067077359364486,0.1,0.));
#6066=CARTESIAN_POINT('',(-0.0879022509220567,0.1,0.));
#6067=CARTESIAN_POINT('',(-0.06,0.1,0.));
#6068=CARTESIAN_POINT('',(-0.0879022509220567,0.1,-0.02));
#6069=CARTESIAN_POINT('',(-0.0879022509220567,0.1,0.1));
#6070=CARTESIAN_POINT('',(-0.067077359364486,0.1,0.1));
#6071=CARTESIAN_POINT('',(-0.0591547187289721,0.1,0.1));
#6072=CARTESIAN_POINT('',(-0.0591547187289721,0.1,0.1));
#6073=CARTESIAN_POINT('',(-0.0591547187289721,0.1,0.02));
#6074=CARTESIAN_POINT('',(-0.03,0.1,0.02));
#6075=CARTESIAN_POINT('',(-0.06,0.1,0.02));
#6076=CARTESIAN_POINT('',(-0.06,0.1,0.02));
#6077=CARTESIAN_POINT('',(-0.1,0.03,-0.02));
#6078=CARTESIAN_POINT('',(-0.1,0.03,0.02));
#6079=CARTESIAN_POINT('',(-0.1,0.0408452812710279,0.02));
#6080=CARTESIAN_POINT('',(-0.1,0.0120977490779432,0.02));
#6081=CARTESIAN_POINT('',(-0.1,0.0120977490779432,-0.02));
#6082=CARTESIAN_POINT('',(-0.1,0.0120977490779432,0.1));
#6083=CARTESIAN_POINT('',(-0.1,0.0329226406355139,0.1));
#6084=CARTESIAN_POINT('',(-0.1,0.0408452812710279,0.1));
#6085=CARTESIAN_POINT('',(-0.1,0.0408452812710279,0.1));
#6086=CARTESIAN_POINT('',(-0.06,0.06,0.));
#6087=CARTESIAN_POINT('',(-0.105,0.0904022509220568,0.));
#6088=CARTESIAN_POINT('',(-0.1025,0.0904022509220568,0.));
#6089=CARTESIAN_POINT('',(-0.105,0.0904022509220568,0.));
#6090=CARTESIAN_POINT('',(-0.105,0.06,0.));
#6091=CARTESIAN_POINT('',(-0.105,0.06,0.));
#6092=CARTESIAN_POINT('',(-0.105,0.06,0.));
#6093=CARTESIAN_POINT('',(-0.1,0.06,0.));
#6094=CARTESIAN_POINT('',(-0.1,0.0827011254610284,0.));
#6095=CARTESIAN_POINT('',(-0.1,0.0879022509220568,0.));
#6096=CARTESIAN_POINT('',(-0.0660488745389716,0.0539511254610284,0.));
#6097=CARTESIAN_POINT('',(-0.0752011254610284,0.11,-0.02));
#6098=CARTESIAN_POINT('',(-0.0752011254610284,0.11,0.));
#6099=CARTESIAN_POINT('',(-0.06,0.11,0.));
#6100=CARTESIAN_POINT('',(-0.0904022509220567,0.11,0.));
#6101=CARTESIAN_POINT('',(-0.06,0.11,-0.02));
#6102=CARTESIAN_POINT('',(-0.06,0.11,-0.02));
#6103=CARTESIAN_POINT('',(-0.0752011254610284,0.11,-0.02));
#6104=CARTESIAN_POINT('',(-0.0904022509220567,0.11,-0.02));
#6105=CARTESIAN_POINT('',(-0.0904022509220567,0.11,-0.02));
#6106=CARTESIAN_POINT('',(-0.0900039661620131,0.0900039661620131,-0.02));
#6107=CARTESIAN_POINT('',(-0.11,0.0904022509220568,-0.02));
#6108=CARTESIAN_POINT('',(-0.11,0.0904022509220568,-0.02));
#6109=CARTESIAN_POINT('',(-0.11,0.0904022509220568,-0.005));
#6110=CARTESIAN_POINT('',(-0.11,0.0904022509220568,0.1));
#6111=CARTESIAN_POINT('',(-0.11,0.0904022509220568,0.1));
#6112=CARTESIAN_POINT('',(-0.090003966162013,0.0900039661620131,0.1));
#6113=CARTESIAN_POINT('',(-0.0904022509220567,0.11,0.1));
#6114=CARTESIAN_POINT('',(-0.0904022509220567,0.11,0.1));
#6115=CARTESIAN_POINT('',(-0.0900039661620131,0.0900039661620131,-0.02));
#6116=CARTESIAN_POINT('',(-0.11,0.0752011254610284,-0.02));
#6117=CARTESIAN_POINT('',(-0.11,0.06,-0.02));
#6118=CARTESIAN_POINT('',(-0.11,0.06,-0.02));
#6119=CARTESIAN_POINT('',(-0.11,0.06,-0.005));
#6120=CARTESIAN_POINT('',(-0.11,0.0752011254610284,-0.005));
#6121=CARTESIAN_POINT('',(-0.11,0.0752011254610284,-0.02));
#6122=CARTESIAN_POINT('',(-0.1,0.03,-0.02));
#6123=CARTESIAN_POINT('',(-0.1,0.0827011254610284,0.1));
#6124=CARTESIAN_POINT('',(-0.1,0.0879022509220568,0.1));
#6125=CARTESIAN_POINT('',(-0.1,0.0591547187289721,0.1));
#6126=CARTESIAN_POINT('',(-0.1,0.0879022509220568,0.));
#6127=CARTESIAN_POINT('',(-0.1,0.06,0.02));
#6128=CARTESIAN_POINT('',(-0.1,0.06,0.015));
#6129=CARTESIAN_POINT('',(-0.1,0.06,0.015));
#6130=CARTESIAN_POINT('',(-0.1,0.0591547187289721,0.0158452812710279));
#6131=CARTESIAN_POINT('',(-0.1,0.0591547187289721,0.1));
#6132=CARTESIAN_POINT('',(-0.06,0.06,-0.02));
#6133=CARTESIAN_POINT('',(-0.06,0.105,-0.02));
#6134=CARTESIAN_POINT('',(-0.06,0.115,-0.02));
#6135=CARTESIAN_POINT('',(-0.06,0.115,-0.02));
#6136=CARTESIAN_POINT('',(-0.055,0.12,-0.02));
#6137=CARTESIAN_POINT('',(-0.03,0.12,-0.02));
#6138=CARTESIAN_POINT('',(0.055,0.12,-0.02));
#6139=CARTESIAN_POINT('',(0.06,0.115,-0.02));
#6140=CARTESIAN_POINT('',(0.06,0.115,-0.02));
#6141=CARTESIAN_POINT('',(0.06,0.105,-0.02));
#6142=CARTESIAN_POINT('',(0.06,0.11,-0.02));
#6143=CARTESIAN_POINT('',(0.0752011254610282,0.11,-0.02));
#6144=CARTESIAN_POINT('',(0.0904022509220566,0.11,-0.02));
#6145=CARTESIAN_POINT('',(0.090003966162013,0.0900039661620132,-0.02));
#6146=CARTESIAN_POINT('',(0.11,0.0904022509220569,-0.02));
#6147=CARTESIAN_POINT('',(0.11,0.0752011254610286,-0.02));
#6148=CARTESIAN_POINT('',(0.11,0.06,-0.02));
#6149=CARTESIAN_POINT('',(0.105,0.06,-0.02));
#6150=CARTESIAN_POINT('',(0.115,0.06,-0.02));
#6151=CARTESIAN_POINT('',(0.12,0.055,-0.02));
#6152=CARTESIAN_POINT('',(0.12,0.055,-0.02));
#6153=CARTESIAN_POINT('',(0.12,0.03,-0.02));
#6154=CARTESIAN_POINT('',(0.12,-0.055,-0.02));
#6155=CARTESIAN_POINT('',(0.12,-0.055,-0.02));
#6156=CARTESIAN_POINT('',(0.115,-0.06,-0.02));
#6157=CARTESIAN_POINT('',(0.105,-0.06,-0.02));
#6158=CARTESIAN_POINT('',(0.11,-0.06,-0.02));
#6159=CARTESIAN_POINT('',(0.11,-0.0752011254610286,-0.02));
#6160=CARTESIAN_POINT('',(0.11,-0.0904022509220569,-0.02));
#6161=CARTESIAN_POINT('',(0.090003966162013,-0.0900039661620132,-0.02));
#6162=CARTESIAN_POINT('',(0.0904022509220566,-0.11,-0.02));
#6163=CARTESIAN_POINT('',(0.0752011254610282,-0.11,-0.02));
#6164=CARTESIAN_POINT('',(0.06,-0.11,-0.02));
#6165=CARTESIAN_POINT('',(0.06,-0.105,-0.02));
#6166=CARTESIAN_POINT('',(0.06,-0.115,-0.02));
#6167=CARTESIAN_POINT('',(0.06,-0.115,-0.02));
#6168=CARTESIAN_POINT('',(0.055,-0.12,-0.02));
#6169=CARTESIAN_POINT('',(-0.03,-0.12,-0.02));
#6170=CARTESIAN_POINT('',(-0.055,-0.12,-0.02));
#6171=CARTESIAN_POINT('',(-0.06,-0.115,-0.02));
#6172=CARTESIAN_POINT('',(-0.06,-0.115,-0.02));
#6173=CARTESIAN_POINT('',(-0.06,-0.105,-0.02));
#6174=CARTESIAN_POINT('',(-0.06,-0.11,-0.02));
#6175=CARTESIAN_POINT('',(-0.0752011254610284,-0.11,-0.02));
#6176=CARTESIAN_POINT('',(-0.0904022509220567,-0.11,-0.02));
#6177=CARTESIAN_POINT('',(-0.0900039661620131,-0.0900039661620131,-0.02));
#6178=CARTESIAN_POINT('',(-0.11,-0.0904022509220568,-0.02));
#6179=CARTESIAN_POINT('',(-0.11,-0.0752011254610284,-0.02));
#6180=CARTESIAN_POINT('',(-0.11,-0.06,-0.02));
#6181=CARTESIAN_POINT('',(-0.105,-0.06,-0.02));
#6182=CARTESIAN_POINT('',(-0.115,-0.06,-0.02));
#6183=CARTESIAN_POINT('',(-0.12,-0.055,-0.02));
#6184=CARTESIAN_POINT('',(-0.12,-0.055,-0.02));
#6185=CARTESIAN_POINT('',(-0.12,0.03,-0.02));
#6186=CARTESIAN_POINT('',(-0.12,0.055,-0.02));
#6187=CARTESIAN_POINT('',(-0.12,0.055,-0.02));
#6188=CARTESIAN_POINT('',(-0.115,0.06,-0.02));
#6189=CARTESIAN_POINT('',(-0.105,0.06,-0.02));
#6190=CARTESIAN_POINT('',(-0.06,0.06,0.));
#6191=CARTESIAN_POINT('',(-0.0904022509220567,0.105,0.));
#6192=CARTESIAN_POINT('',(-0.0904022509220567,0.1025,0.));
#6193=CARTESIAN_POINT('',(-0.0539511254610284,0.0660488745389716,0.));
#6194=CARTESIAN_POINT('',(-0.06,0.105,0.));
#6195=CARTESIAN_POINT('',(-0.09,0.045,0.1));
#6196=CARTESIAN_POINT('',(-0.09,0.045,0.1));
#6197=CARTESIAN_POINT('',(-0.09,-0.09,0.1));
#6198=CARTESIAN_POINT('',(-0.09,0.09,0.1));
#6199=CARTESIAN_POINT('',(-0.09,-0.09,0.1));
#6200=CARTESIAN_POINT('',(-0.0899999472486641,-0.0899999997512405,0.0268279530283357));
#6201=CARTESIAN_POINT('',(-0.09,0.,0.0178270293608064));
#6202=CARTESIAN_POINT('',(-0.09,-0.03,0.0208270293608064));
#6203=CARTESIAN_POINT('',(-0.09,-0.06,0.0238270293608064));
#6204=CARTESIAN_POINT('',(-0.09,-0.09,0.0268270293608064));
#6205=CARTESIAN_POINT('',(-0.09,0.09,0.1));
#6206=CARTESIAN_POINT('',(-0.045,0.09,0.1));
#6207=CARTESIAN_POINT('',(0.0899998548169974,0.09,0.026828872757793));
#6208=CARTESIAN_POINT('',(0.0599999032113316,0.09,0.0238139149350271));
#6209=CARTESIAN_POINT('',(0.0299999516056658,0.09,0.0207989571122612));
#6210=CARTESIAN_POINT('',(0.,0.09,0.0177839992894953));
#6211=CARTESIAN_POINT('',(0.089999947248664,0.0899999997512407,0.0268279530283357));
#6212=CARTESIAN_POINT('',(0.09,0.09,0.1));
#6213=CARTESIAN_POINT('',(0.09,0.09,0.1));
#6214=CARTESIAN_POINT('',(-0.045,0.09,0.1));
#6215=CARTESIAN_POINT('',(-0.0025,0.1075,0.1));
#6216=CARTESIAN_POINT('',(-0.0025,0.1075,0.1));
#6217=CARTESIAN_POINT('',(0.00499999999999985,0.1075,0.1));
#6218=CARTESIAN_POINT('',(-0.005,0.1075,0.1));
#6219=CARTESIAN_POINT('',(0.00499999999999985,0.1075,0.1));
#6220=CARTESIAN_POINT('',(0.00499999999999985,0.1075,0.02));
#6221=CARTESIAN_POINT('',(-0.0025,0.1075,0.02));
#6222=CARTESIAN_POINT('',(-0.005,0.1075,0.02));
#6223=CARTESIAN_POINT('',(-0.005,0.1075,0.1));
#6224=CARTESIAN_POINT('',(-0.00604887453897159,0.10875,0.1));
#6225=CARTESIAN_POINT('',(-0.00604887453897159,0.10875,0.02));
#6226=CARTESIAN_POINT('',(-0.00709774907794318,0.11,0.02));
#6227=CARTESIAN_POINT('',(-0.00709774907794318,0.11,0.1));
#6228=CARTESIAN_POINT('',(-0.00709774907794318,0.11,0.1));
#6229=CARTESIAN_POINT('',(-0.00604887453897159,0.10875,0.1));
#6230=CARTESIAN_POINT('',(-0.00834774907794318,0.11,0.1));
#6231=CARTESIAN_POINT('',(-0.00834774907794318,0.11,0.02));
#6232=CARTESIAN_POINT('',(-0.00959774907794318,0.11,0.02));
#6233=CARTESIAN_POINT('',(-0.00959774907794318,0.11,0.1));
#6234=CARTESIAN_POINT('',(-0.00959774907794318,0.11,0.1));
#6235=CARTESIAN_POINT('',(-0.00834774907794318,0.11,0.1));
#6236=CARTESIAN_POINT('',(-0.00959774907794318,0.105,0.1));
#6237=CARTESIAN_POINT('',(-0.00959774907794318,0.105,0.02));
#6238=CARTESIAN_POINT('',(-0.00959774907794318,0.1025,0.02));
#6239=CARTESIAN_POINT('',(-0.00959774907794318,0.1025,0.1));
#6240=CARTESIAN_POINT('',(-0.00959774907794318,0.1025,0.1));
#6241=CARTESIAN_POINT('',(-0.00959774907794318,0.105,0.1));
#6242=CARTESIAN_POINT('',(-0.0408452812710279,0.101460545808077,0.1));
#6243=CARTESIAN_POINT('',(-0.0408452812710279,0.101460545808077,0.02));
#6244=CARTESIAN_POINT('',(-0.0408452812710279,0.100421091616154,0.02));
#6245=CARTESIAN_POINT('',(-0.0408452812710279,0.100421091616154,0.1));
#6246=CARTESIAN_POINT('',(-0.0408452812710279,0.100421091616154,0.1));
#6247=CARTESIAN_POINT('',(-0.0408452812710279,0.101460545808077,0.1));
#6248=CARTESIAN_POINT('',(-0.0433505086495843,0.102921091616154,0.1));
#6249=CARTESIAN_POINT('',(-0.0433505086495843,0.102921091616154,0.1));
#6250=CARTESIAN_POINT('',(-0.0433452812710279,0.102921091616154,0.1));
#6251=CARTESIAN_POINT('',(-0.0458557360281407,0.102921091616154,0.1));
#6252=CARTESIAN_POINT('',(-0.0433452812710279,0.102921091616154,0.02));
#6253=CARTESIAN_POINT('',(-0.0433452812710279,0.102921091616154,0.02));
#6254=CARTESIAN_POINT('',(-0.0433505086495843,0.102921091616154,0.02));
#6255=CARTESIAN_POINT('',(-0.0458557360281407,0.102921091616154,0.02));
#6256=CARTESIAN_POINT('',(-0.0458557360281407,0.102921091616154,0.1));
#6257=CARTESIAN_POINT('',(-0.0458557360281407,0.106460545808077,0.1));
#6258=CARTESIAN_POINT('',(-0.0458557360281407,0.106460545808077,0.02));
#6259=CARTESIAN_POINT('',(-0.0458557360281407,0.1075,0.02));
#6260=CARTESIAN_POINT('',(-0.0458557360281407,0.1075,0.1));
#6261=CARTESIAN_POINT('',(-0.0458557360281407,0.1075,0.1));
#6262=CARTESIAN_POINT('',(-0.0458557360281407,0.106460545808077,0.1));
#6263=CARTESIAN_POINT('',(-0.0479278680140703,0.11,0.1));
#6264=CARTESIAN_POINT('',(-0.0479278680140703,0.11,0.02));
#6265=CARTESIAN_POINT('',(-0.0483557360281407,0.11,0.02));
#6266=CARTESIAN_POINT('',(-0.0516442639718593,0.11,0.02));
#6267=CARTESIAN_POINT('',(-0.0516442639718593,0.11,0.1));
#6268=CARTESIAN_POINT('',(-0.0516442639718593,0.11,0.1));
#6269=CARTESIAN_POINT('',(-0.0479278680140703,0.11,0.1));
#6270=CARTESIAN_POINT('',(-0.0483557360281407,0.11,0.1));
#6271=CARTESIAN_POINT('',(-0.0483557360281407,0.11,0.1));
#6272=CARTESIAN_POINT('',(-0.0541442639718593,0.106460545808077,0.1));
#6273=CARTESIAN_POINT('',(-0.0541442639718593,0.106460545808077,0.1));
#6274=CARTESIAN_POINT('',(-0.0541442639718593,0.102921091616154,0.1));
#6275=CARTESIAN_POINT('',(-0.0541442639718593,0.1075,0.1));
#6276=CARTESIAN_POINT('',(-0.0541442639718593,0.1075,0.02));
#6277=CARTESIAN_POINT('',(-0.0541442639718593,0.1075,0.02));
#6278=CARTESIAN_POINT('',(-0.0541442639718593,0.106460545808077,0.02));
#6279=CARTESIAN_POINT('',(-0.0541442639718593,0.102921091616154,0.02));
#6280=CARTESIAN_POINT('',(-0.0541442639718593,0.102921091616154,0.1));
#6281=CARTESIAN_POINT('',(-0.0566494913504157,0.102921091616154,0.1));
#6282=CARTESIAN_POINT('',(-0.0566494913504157,0.102921091616154,0.02));
#6283=CARTESIAN_POINT('',(-0.0566547187289721,0.102921091616154,0.02));
#6284=CARTESIAN_POINT('',(-0.0566547187289721,0.102921091616154,0.1));
#6285=CARTESIAN_POINT('',(-0.0566547187289721,0.102921091616154,0.1));
#6286=CARTESIAN_POINT('',(-0.0566494913504157,0.102921091616154,0.1));
#6287=CARTESIAN_POINT('',(-0.0591547187289721,0.101460545808077,0.1));
#6288=CARTESIAN_POINT('',(-0.0591547187289721,0.101460545808077,0.1));
#6289=CARTESIAN_POINT('',(-0.0591547187289721,0.100421091616154,0.1));
#6290=CARTESIAN_POINT('',(-0.0591547187289721,0.100421091616154,0.1));
#6291=CARTESIAN_POINT('',(-0.0591547187289721,0.100421091616154,0.02));
#6292=CARTESIAN_POINT('',(-0.0591547187289721,0.101460545808077,0.02));
#6293=CARTESIAN_POINT('',(-0.0904022509220567,0.105,0.1));
#6294=CARTESIAN_POINT('',(-0.0904022509220567,0.105,0.1));
#6295=CARTESIAN_POINT('',(-0.0904022509220567,0.1025,0.1));
#6296=CARTESIAN_POINT('',(-0.0904022509220567,0.1025,0.1));
#6297=CARTESIAN_POINT('',(-0.105,0.0904022509220568,0.1));
#6298=CARTESIAN_POINT('',(-0.1025,0.0904022509220568,0.1));
#6299=CARTESIAN_POINT('',(-0.1025,0.0904022509220568,0.1));
#6300=CARTESIAN_POINT('',(-0.105,0.0904022509220568,0.1));
#6301=CARTESIAN_POINT('',(-0.105,0.0904022509220568,-2.80346932627191E-17));
#6302=CARTESIAN_POINT('',(-0.101460545808077,0.0591547187289721,0.1));
#6303=CARTESIAN_POINT('',(-0.105,0.0591547187289721,0.0158452812710279));
#6304=CARTESIAN_POINT('',(-0.100421091616154,0.0591547187289721,0.0158452812710279));
#6305=CARTESIAN_POINT('',(-0.100421091616154,0.0591547187289721,0.1));
#6306=CARTESIAN_POINT('',(-0.100421091616154,0.0591547187289721,0.1));
#6307=CARTESIAN_POINT('',(-0.101460545808077,0.0591547187289721,0.1));
#6308=CARTESIAN_POINT('',(-0.102921091616154,0.0566494913504156,0.1));
#6309=CARTESIAN_POINT('',(-0.102921091616154,0.0566494913504156,0.1));
#6310=CARTESIAN_POINT('',(-0.102921091616154,0.0541442639718592,0.1));
#6311=CARTESIAN_POINT('',(-0.102921091616154,0.0566547187289721,0.1));
#6312=CARTESIAN_POINT('',(-0.102921091616154,0.0566547187289721,0.1));
#6313=CARTESIAN_POINT('',(-0.102921091616154,0.0566547187289721,0.0183452812710279));
#6314=CARTESIAN_POINT('',(-0.102921091616154,0.06,0.015));
#6315=CARTESIAN_POINT('',(-0.102921091616154,0.055,0.02));
#6316=CARTESIAN_POINT('',(-0.102921091616154,0.0566494913504156,0.02));
#6317=CARTESIAN_POINT('',(-0.102921091616154,0.0541442639718592,0.02));
#6318=CARTESIAN_POINT('',(-0.102921091616154,0.0541442639718592,0.1));
#6319=CARTESIAN_POINT('',(-0.106460545808077,0.0541442639718592,0.1));
#6320=CARTESIAN_POINT('',(-0.106460545808077,0.0541442639718592,0.02));
#6321=CARTESIAN_POINT('',(-0.1075,0.0541442639718592,0.02));
#6322=CARTESIAN_POINT('',(-0.1075,0.0541442639718592,0.1));
#6323=CARTESIAN_POINT('',(-0.1075,0.0541442639718592,0.1));
#6324=CARTESIAN_POINT('',(-0.106460545808077,0.0541442639718592,0.1));
#6325=CARTESIAN_POINT('',(-0.11,0.0520721319859296,0.1));
#6326=CARTESIAN_POINT('',(-0.11,0.0520721319859296,0.1));
#6327=CARTESIAN_POINT('',(-0.11,0.0516442639718592,0.1));
#6328=CARTESIAN_POINT('',(-0.11,0.0483557360281407,0.1));
#6329=CARTESIAN_POINT('',(-0.11,0.0516442639718592,0.02));
#6330=CARTESIAN_POINT('',(-0.11,0.0516442639718592,0.02));
#6331=CARTESIAN_POINT('',(-0.11,0.0520721319859296,0.02));
#6332=CARTESIAN_POINT('',(-0.11,0.0483557360281407,0.02));
#6333=CARTESIAN_POINT('',(-0.11,0.0483557360281407,0.1));
#6334=CARTESIAN_POINT('',(-0.106460545808077,0.0458557360281407,0.1));
#6335=CARTESIAN_POINT('',(-0.106460545808077,0.0458557360281407,0.1));
#6336=CARTESIAN_POINT('',(-0.102921091616154,0.0458557360281407,0.1));
#6337=CARTESIAN_POINT('',(-0.1075,0.0458557360281407,0.1));
#6338=CARTESIAN_POINT('',(-0.1075,0.0458557360281407,0.02));
#6339=CARTESIAN_POINT('',(-0.1075,0.0458557360281407,0.02));
#6340=CARTESIAN_POINT('',(-0.106460545808077,0.0458557360281407,0.02));
#6341=CARTESIAN_POINT('',(-0.102921091616154,0.0458557360281407,0.02));
#6342=CARTESIAN_POINT('',(-0.102921091616154,0.0458557360281407,0.1));
#6343=CARTESIAN_POINT('',(-0.102921091616154,0.0433505086495843,0.1));
#6344=CARTESIAN_POINT('',(-0.102921091616154,0.0433505086495843,0.02));
#6345=CARTESIAN_POINT('',(-0.102921091616154,0.0433452812710279,0.02));
#6346=CARTESIAN_POINT('',(-0.102921091616154,0.0433452812710279,0.1));
#6347=CARTESIAN_POINT('',(-0.102921091616154,0.0433452812710279,0.1));
#6348=CARTESIAN_POINT('',(-0.102921091616154,0.0433505086495843,0.1));
#6349=CARTESIAN_POINT('',(-0.101460545808077,0.0408452812710279,0.1));
#6350=CARTESIAN_POINT('',(-0.101460545808077,0.0408452812710279,0.1));
#6351=CARTESIAN_POINT('',(-0.100421091616154,0.0408452812710279,0.1));
#6352=CARTESIAN_POINT('',(-0.100421091616154,0.0408452812710279,0.1));
#6353=CARTESIAN_POINT('',(-0.100421091616154,0.0408452812710279,0.02));
#6354=CARTESIAN_POINT('',(-0.101460545808077,0.0408452812710279,0.02));
#6355=CARTESIAN_POINT('',(-0.105,0.00959774907794323,0.1));
#6356=CARTESIAN_POINT('',(-0.105,0.00959774907794323,0.1));
#6357=CARTESIAN_POINT('',(-0.1025,0.00959774907794323,0.1));
#6358=CARTESIAN_POINT('',(-0.11,0.00959774907794323,0.1));
#6359=CARTESIAN_POINT('',(-0.1025,0.00959774907794323,0.1));
#6360=CARTESIAN_POINT('',(-0.1025,0.00959774907794323,0.02));
#6361=CARTESIAN_POINT('',(-0.105,0.00959774907794323,0.02));
#6362=CARTESIAN_POINT('',(-0.11,0.00959774907794323,0.02));
#6363=CARTESIAN_POINT('',(-0.11,0.00959774907794323,0.1));
#6364=CARTESIAN_POINT('',(-0.11,0.00834774907794323,0.1));
#6365=CARTESIAN_POINT('',(-0.11,0.00834774907794323,0.02));
#6366=CARTESIAN_POINT('',(-0.11,0.00709774907794323,0.02));
#6367=CARTESIAN_POINT('',(-0.11,0.00709774907794323,0.1));
#6368=CARTESIAN_POINT('',(-0.11,0.00709774907794323,0.1));
#6369=CARTESIAN_POINT('',(-0.11,0.00834774907794323,0.1));
#6370=CARTESIAN_POINT('',(-0.10875,0.00604887453897163,0.1));
#6371=CARTESIAN_POINT('',(-0.10875,0.00604887453897163,0.02));
#6372=CARTESIAN_POINT('',(-0.1075,0.005,0.02));
#6373=CARTESIAN_POINT('',(-0.1075,0.005,0.1));
#6374=CARTESIAN_POINT('',(-0.1075,0.005,0.1));
#6375=CARTESIAN_POINT('',(-0.10875,0.00604887453897163,0.1));
#6376=CARTESIAN_POINT('',(-0.1075,0.0025,0.1));
#6377=CARTESIAN_POINT('',(-0.1075,0.0025,0.02));
#6378=CARTESIAN_POINT('',(-0.1075,-0.005,0.02));
#6379=CARTESIAN_POINT('',(-0.1075,-0.005,0.1));
#6380=CARTESIAN_POINT('',(-0.1075,-0.005,0.1));
#6381=CARTESIAN_POINT('',(-0.1075,0.0025,0.1));
#6382=CARTESIAN_POINT('',(-0.055,0.055,0.1));
#6383=CARTESIAN_POINT('',(0.10875,-0.00604887453897178,0.1));
#6384=CARTESIAN_POINT('',(0.1075,-0.00500000000000018,0.1));
#6385=CARTESIAN_POINT('',(0.11,-0.00709774907794338,0.1));
#6386=CARTESIAN_POINT('',(0.1075,0.00250000000000018,0.1));
#6387=CARTESIAN_POINT('',(0.1075,0.00500000000000018,0.1));
#6388=CARTESIAN_POINT('',(0.10875,0.00604887453897178,0.1));
#6389=CARTESIAN_POINT('',(0.11,0.00709774907794338,0.1));
#6390=CARTESIAN_POINT('',(0.11,0.00834774907794338,0.1));
#6391=CARTESIAN_POINT('',(0.11,0.00959774907794339,0.1));
#6392=CARTESIAN_POINT('',(0.105,0.00959774907794338,0.1));
#6393=CARTESIAN_POINT('',(0.1025,0.00959774907794338,0.1));
#6394=CARTESIAN_POINT('',(0.1025,0.00959774907794338,0.1));
#6395=CARTESIAN_POINT('',(0.1,0.0120977490779434,0.1));
#6396=CARTESIAN_POINT('',(0.1,0.032922640635514,0.1));
#6397=CARTESIAN_POINT('',(0.1,0.0408452812710281,0.1));
#6398=CARTESIAN_POINT('',(0.101460545808077,0.0408452812710281,0.1));
#6399=CARTESIAN_POINT('',(0.100421091616154,0.0408452812710281,0.1));
#6400=CARTESIAN_POINT('',(0.0847879051725629,0.0252120948274372,0.1));
#6401=CARTESIAN_POINT('',(0.102921091616154,0.0433452812710281,0.1));
#6402=CARTESIAN_POINT('',(0.102921091616154,0.0433505086495844,0.1));
#6403=CARTESIAN_POINT('',(0.102921091616154,0.0458557360281409,0.1));
#6404=CARTESIAN_POINT('',(0.106460545808077,0.0458557360281409,0.1));
#6405=CARTESIAN_POINT('',(0.1075,0.0458557360281409,0.1));
#6406=CARTESIAN_POINT('',(0.0858221319859296,0.0241778680140705,0.1));
#6407=CARTESIAN_POINT('',(0.11,0.0483557360281409,0.1));
#6408=CARTESIAN_POINT('',(0.11,0.0520721319859298,0.1));
#6409=CARTESIAN_POINT('',(0.11,0.0516442639718594,0.1));
#6410=CARTESIAN_POINT('',(0.0808221319859295,0.0808221319859298,0.1));
#6411=CARTESIAN_POINT('',(0.1075,0.0541442639718594,0.1));
#6412=CARTESIAN_POINT('',(0.106460545808077,0.0541442639718594,0.1));
#6413=CARTESIAN_POINT('',(0.102921091616154,0.0541442639718594,0.1));
#6414=CARTESIAN_POINT('',(0.102921091616154,0.0566494913504158,0.1));
#6415=CARTESIAN_POINT('',(0.102921091616154,0.0566547187289722,0.1));
#6416=CARTESIAN_POINT('',(0.0797879051725628,0.079787905172563,0.1));
#6417=CARTESIAN_POINT('',(0.100421091616154,0.0591547187289722,0.1));
#6418=CARTESIAN_POINT('',(0.101460545808077,0.0591547187289722,0.1));
#6419=CARTESIAN_POINT('',(0.1,0.0591547187289722,0.1));
#6420=CARTESIAN_POINT('',(0.1,0.0827011254610285,0.1));
#6421=CARTESIAN_POINT('',(0.1,0.087902250922057,0.1));
#6422=CARTESIAN_POINT('',(0.1,0.087902250922057,0.1));
#6423=CARTESIAN_POINT('',(0.1025,0.0904022509220569,0.1));
#6424=CARTESIAN_POINT('',(0.105,0.0904022509220569,0.1));
#6425=CARTESIAN_POINT('',(0.11,0.0904022509220569,0.1));
#6426=CARTESIAN_POINT('',(0.0900039661620129,0.0900039661620132,0.1));
#6427=CARTESIAN_POINT('',(0.0904022509220566,0.11,0.1));
#6428=CARTESIAN_POINT('',(0.0904022509220566,0.105,0.1));
#6429=CARTESIAN_POINT('',(0.0904022509220566,0.1025,0.1));
#6430=CARTESIAN_POINT('',(0.0904022509220566,0.1025,0.1));
#6431=CARTESIAN_POINT('',(0.0879022509220566,0.1,0.1));
#6432=CARTESIAN_POINT('',(0.0670773593644859,0.1,0.1));
#6433=CARTESIAN_POINT('',(0.059154718728972,0.1,0.1));
#6434=CARTESIAN_POINT('',(0.059154718728972,0.101460545808077,0.1));
#6435=CARTESIAN_POINT('',(0.059154718728972,0.100421091616154,0.1));
#6436=CARTESIAN_POINT('',(0.0797879051725628,0.0797879051725631,0.1));
#6437=CARTESIAN_POINT('',(0.056654718728972,0.102921091616154,0.1));
#6438=CARTESIAN_POINT('',(0.0566494913504156,0.102921091616154,0.1));
#6439=CARTESIAN_POINT('',(0.0541442639718592,0.102921091616154,0.1));
#6440=CARTESIAN_POINT('',(0.0541442639718592,0.106460545808077,0.1));
#6441=CARTESIAN_POINT('',(0.0541442639718592,0.1075,0.1));
#6442=CARTESIAN_POINT('',(0.0808221319859295,0.0808221319859298,0.1));
#6443=CARTESIAN_POINT('',(0.0516442639718591,0.11,0.1));
#6444=CARTESIAN_POINT('',(0.0479278680140702,0.11,0.1));
#6445=CARTESIAN_POINT('',(0.0483557360281406,0.11,0.1));
#6446=CARTESIAN_POINT('',(0.0241778680140703,0.0858221319859297,0.1));
#6447=CARTESIAN_POINT('',(0.0458557360281406,0.1075,0.1));
#6448=CARTESIAN_POINT('',(0.0458557360281406,0.106460545808077,0.1));
#6449=CARTESIAN_POINT('',(0.0458557360281406,0.102921091616154,0.1));
#6450=CARTESIAN_POINT('',(0.0433505086495841,0.102921091616154,0.1));
#6451=CARTESIAN_POINT('',(0.0433452812710278,0.102921091616154,0.1));
#6452=CARTESIAN_POINT('',(0.0252120948274369,0.084787905172563,0.1));
#6453=CARTESIAN_POINT('',(0.0408452812710278,0.100421091616154,0.1));
#6454=CARTESIAN_POINT('',(0.0408452812710278,0.101460545808077,0.1));
#6455=CARTESIAN_POINT('',(0.0408452812710278,0.1,0.1));
#6456=CARTESIAN_POINT('',(0.0172988745389714,0.1,0.1));
#6457=CARTESIAN_POINT('',(0.012097749077943,0.1,0.1));
#6458=CARTESIAN_POINT('',(0.012097749077943,0.1,0.1));
#6459=CARTESIAN_POINT('',(0.00959774907794304,0.1025,0.1));
#6460=CARTESIAN_POINT('',(0.00959774907794304,0.105,0.1));
#6461=CARTESIAN_POINT('',(0.00959774907794303,0.11,0.1));
#6462=CARTESIAN_POINT('',(0.00834774907794303,0.11,0.1));
#6463=CARTESIAN_POINT('',(0.00709774907794302,0.11,0.1));
#6464=CARTESIAN_POINT('',(0.00604887453897144,0.10875,0.1));
#6465=CARTESIAN_POINT('',(-0.0120977490779432,0.1,0.1));
#6466=CARTESIAN_POINT('',(-0.0252120948274371,0.0847879051725629,0.1));
#6467=CARTESIAN_POINT('',(-0.0241778680140704,0.0858221319859296,0.1));
#6468=CARTESIAN_POINT('',(-0.0808221319859296,0.0808221319859297,0.1));
#6469=CARTESIAN_POINT('',(-0.0797879051725629,0.0797879051725629,0.1));
#6470=CARTESIAN_POINT('',(-0.0904022509220567,0.1025,0.1));
#6471=CARTESIAN_POINT('',(-0.1,0.0879022509220568,0.1));
#6472=CARTESIAN_POINT('',(-0.0797879051725629,0.0797879051725629,0.1));
#6473=CARTESIAN_POINT('',(-0.0808221319859296,0.0808221319859296,0.1));
#6474=CARTESIAN_POINT('',(-0.0858221319859296,0.0241778680140704,0.1));
#6475=CARTESIAN_POINT('',(-0.0847879051725629,0.0252120948274371,0.1));
#6476=CARTESIAN_POINT('',(-0.1025,0.00959774907794323,0.1));
#6477=CARTESIAN_POINT('',(-0.10875,-0.00604887453897163,0.1));
#6478=CARTESIAN_POINT('',(-0.11,-0.00709774907794323,0.1));
#6479=CARTESIAN_POINT('',(-0.11,-0.00834774907794323,0.1));
#6480=CARTESIAN_POINT('',(-0.11,-0.00959774907794323,0.1));
#6481=CARTESIAN_POINT('',(-0.105,-0.00959774907794323,0.1));
#6482=CARTESIAN_POINT('',(-0.1025,-0.00959774907794323,0.1));
#6483=CARTESIAN_POINT('',(-0.1025,-0.00959774907794323,0.1));
#6484=CARTESIAN_POINT('',(-0.1,-0.0120977490779432,0.1));
#6485=CARTESIAN_POINT('',(-0.1,-0.0329226406355139,0.1));
#6486=CARTESIAN_POINT('',(-0.1,-0.0408452812710279,0.1));
#6487=CARTESIAN_POINT('',(-0.101460545808077,-0.0408452812710279,0.1));
#6488=CARTESIAN_POINT('',(-0.100421091616154,-0.0408452812710279,0.1));
#6489=CARTESIAN_POINT('',(-0.0847879051725629,-0.0252120948274371,0.1));
#6490=CARTESIAN_POINT('',(-0.102921091616154,-0.0433452812710279,0.1));
#6491=CARTESIAN_POINT('',(-0.102921091616154,-0.0433505086495843,0.1));
#6492=CARTESIAN_POINT('',(-0.102921091616154,-0.0458557360281407,0.1));
#6493=CARTESIAN_POINT('',(-0.106460545808077,-0.0458557360281407,0.1));
#6494=CARTESIAN_POINT('',(-0.1075,-0.0458557360281407,0.1));
#6495=CARTESIAN_POINT('',(-0.0858221319859296,-0.0241778680140704,0.1));
#6496=CARTESIAN_POINT('',(-0.11,-0.0483557360281407,0.1));
#6497=CARTESIAN_POINT('',(-0.11,-0.0520721319859296,0.1));
#6498=CARTESIAN_POINT('',(-0.11,-0.0516442639718592,0.1));
#6499=CARTESIAN_POINT('',(-0.0808221319859296,-0.0808221319859296,0.1));
#6500=CARTESIAN_POINT('',(-0.1075,-0.0541442639718592,0.1));
#6501=CARTESIAN_POINT('',(-0.106460545808077,-0.0541442639718592,0.1));
#6502=CARTESIAN_POINT('',(-0.102921091616154,-0.0541442639718592,0.1));
#6503=CARTESIAN_POINT('',(-0.102921091616154,-0.0566494913504156,0.1));
#6504=CARTESIAN_POINT('',(-0.102921091616154,-0.0566547187289721,0.1));
#6505=CARTESIAN_POINT('',(-0.0797879051725629,-0.0797879051725629,0.1));
#6506=CARTESIAN_POINT('',(-0.100421091616154,-0.0591547187289721,0.1));
#6507=CARTESIAN_POINT('',(-0.101460545808077,-0.0591547187289721,0.1));
#6508=CARTESIAN_POINT('',(-0.1,-0.0591547187289721,0.1));
#6509=CARTESIAN_POINT('',(-0.1,-0.0827011254610284,0.1));
#6510=CARTESIAN_POINT('',(-0.1,-0.0879022509220568,0.1));
#6511=CARTESIAN_POINT('',(-0.1,-0.0879022509220568,0.1));
#6512=CARTESIAN_POINT('',(-0.1025,-0.0904022509220568,0.1));
#6513=CARTESIAN_POINT('',(-0.105,-0.0904022509220568,0.1));
#6514=CARTESIAN_POINT('',(-0.11,-0.0904022509220568,0.1));
#6515=CARTESIAN_POINT('',(-0.090003966162013,-0.0900039661620131,0.1));
#6516=CARTESIAN_POINT('',(-0.0904022509220567,-0.11,0.1));
#6517=CARTESIAN_POINT('',(-0.0904022509220567,-0.105,0.1));
#6518=CARTESIAN_POINT('',(-0.0904022509220567,-0.1025,0.1));
#6519=CARTESIAN_POINT('',(-0.0904022509220567,-0.1025,0.1));
#6520=CARTESIAN_POINT('',(-0.0879022509220567,-0.1,0.1));
#6521=CARTESIAN_POINT('',(-0.067077359364486,-0.1,0.1));
#6522=CARTESIAN_POINT('',(-0.0591547187289721,-0.1,0.1));
#6523=CARTESIAN_POINT('',(-0.0591547187289721,-0.101460545808077,0.1));
#6524=CARTESIAN_POINT('',(-0.0591547187289721,-0.100421091616154,0.1));
#6525=CARTESIAN_POINT('',(-0.0797879051725629,-0.0797879051725629,0.1));
#6526=CARTESIAN_POINT('',(-0.0566547187289721,-0.102921091616154,0.1));
#6527=CARTESIAN_POINT('',(-0.0566494913504157,-0.102921091616154,0.1));
#6528=CARTESIAN_POINT('',(-0.0541442639718593,-0.102921091616154,0.1));
#6529=CARTESIAN_POINT('',(-0.0541442639718593,-0.106460545808077,0.1));
#6530=CARTESIAN_POINT('',(-0.0541442639718593,-0.1075,0.1));
#6531=CARTESIAN_POINT('',(-0.0808221319859296,-0.0808221319859297,0.1));
#6532=CARTESIAN_POINT('',(-0.0516442639718593,-0.11,0.1));
#6533=CARTESIAN_POINT('',(-0.0479278680140703,-0.11,0.1));
#6534=CARTESIAN_POINT('',(-0.0483557360281407,-0.11,0.1));
#6535=CARTESIAN_POINT('',(-0.0241778680140704,-0.0858221319859296,0.1));
#6536=CARTESIAN_POINT('',(-0.0458557360281407,-0.1075,0.1));
#6537=CARTESIAN_POINT('',(-0.0458557360281407,-0.106460545808077,0.1));
#6538=CARTESIAN_POINT('',(-0.0458557360281407,-0.102921091616154,0.1));
#6539=CARTESIAN_POINT('',(-0.0433505086495843,-0.102921091616154,0.1));
#6540=CARTESIAN_POINT('',(-0.0433452812710279,-0.102921091616154,0.1));
#6541=CARTESIAN_POINT('',(-0.0252120948274371,-0.0847879051725629,0.1));
#6542=CARTESIAN_POINT('',(-0.0408452812710279,-0.100421091616154,0.1));
#6543=CARTESIAN_POINT('',(-0.0408452812710279,-0.101460545808077,0.1));
#6544=CARTESIAN_POINT('',(-0.0408452812710279,-0.1,0.1));
#6545=CARTESIAN_POINT('',(-0.0172988745389716,-0.1,0.1));
#6546=CARTESIAN_POINT('',(-0.0120977490779432,-0.1,0.1));
#6547=CARTESIAN_POINT('',(-0.0120977490779432,-0.1,0.1));
#6548=CARTESIAN_POINT('',(-0.00959774907794318,-0.1025,0.1));
#6549=CARTESIAN_POINT('',(-0.00959774907794318,-0.105,0.1));
#6550=CARTESIAN_POINT('',(-0.00959774907794318,-0.11,0.1));
#6551=CARTESIAN_POINT('',(-0.00834774907794318,-0.11,0.1));
#6552=CARTESIAN_POINT('',(-0.00709774907794318,-0.11,0.1));
#6553=CARTESIAN_POINT('',(-0.00604887453897159,-0.10875,0.1));
#6554=CARTESIAN_POINT('',(-0.005,-0.1075,0.1));
#6555=CARTESIAN_POINT('',(-0.0025,-0.1075,0.1));
#6556=CARTESIAN_POINT('',(0.00499999999999985,-0.1075,0.1));
#6557=CARTESIAN_POINT('',(0.00604887453897144,-0.10875,0.1));
#6558=CARTESIAN_POINT('',(0.00709774907794302,-0.11,0.1));
#6559=CARTESIAN_POINT('',(0.00834774907794303,-0.11,0.1));
#6560=CARTESIAN_POINT('',(0.00959774907794303,-0.11,0.1));
#6561=CARTESIAN_POINT('',(0.00959774907794304,-0.105,0.1));
#6562=CARTESIAN_POINT('',(0.00959774907794304,-0.1025,0.1));
#6563=CARTESIAN_POINT('',(0.012097749077943,-0.1,0.1));
#6564=CARTESIAN_POINT('',(0.012097749077943,-0.1,0.1));
#6565=CARTESIAN_POINT('',(0.0172988745389714,-0.1,0.1));
#6566=CARTESIAN_POINT('',(0.0408452812710278,-0.1,0.1));
#6567=CARTESIAN_POINT('',(0.0408452812710278,-0.101460545808077,0.1));
#6568=CARTESIAN_POINT('',(0.0408452812710278,-0.100421091616154,0.1));
#6569=CARTESIAN_POINT('',(0.0252120948274369,-0.084787905172563,0.1));
#6570=CARTESIAN_POINT('',(0.0433452812710278,-0.102921091616154,0.1));
#6571=CARTESIAN_POINT('',(0.0433505086495841,-0.102921091616154,0.1));
#6572=CARTESIAN_POINT('',(0.0458557360281406,-0.102921091616154,0.1));
#6573=CARTESIAN_POINT('',(0.0458557360281406,-0.106460545808077,0.1));
#6574=CARTESIAN_POINT('',(0.0458557360281406,-0.1075,0.1));
#6575=CARTESIAN_POINT('',(0.0241778680140703,-0.0858221319859297,0.1));
#6576=CARTESIAN_POINT('',(0.0483557360281406,-0.11,0.1));
#6577=CARTESIAN_POINT('',(0.0479278680140702,-0.11,0.1));
#6578=CARTESIAN_POINT('',(0.0516442639718591,-0.11,0.1));
#6579=CARTESIAN_POINT('',(0.0808221319859295,-0.0808221319859298,0.1));
#6580=CARTESIAN_POINT('',(0.0541442639718592,-0.1075,0.1));
#6581=CARTESIAN_POINT('',(0.0541442639718592,-0.106460545808077,0.1));
#6582=CARTESIAN_POINT('',(0.0541442639718592,-0.102921091616154,0.1));
#6583=CARTESIAN_POINT('',(0.0566494913504156,-0.102921091616154,0.1));
#6584=CARTESIAN_POINT('',(0.056654718728972,-0.102921091616154,0.1));
#6585=CARTESIAN_POINT('',(0.0797879051725628,-0.0797879051725631,0.1));
#6586=CARTESIAN_POINT('',(0.059154718728972,-0.100421091616154,0.1));
#6587=CARTESIAN_POINT('',(0.059154718728972,-0.101460545808077,0.1));
#6588=CARTESIAN_POINT('',(0.059154718728972,-0.1,0.1));
#6589=CARTESIAN_POINT('',(0.0670773593644859,-0.1,0.1));
#6590=CARTESIAN_POINT('',(0.0879022509220566,-0.1,0.1));
#6591=CARTESIAN_POINT('',(0.0904022509220566,-0.1025,0.1));
#6592=CARTESIAN_POINT('',(0.0904022509220566,-0.1025,0.1));
#6593=CARTESIAN_POINT('',(0.0904022509220566,-0.105,0.1));
#6594=CARTESIAN_POINT('',(0.0904022509220566,-0.11,0.1));
#6595=CARTESIAN_POINT('',(0.0900039661620129,-0.0900039661620132,0.1));
#6596=CARTESIAN_POINT('',(0.11,-0.0904022509220569,0.1));
#6597=CARTESIAN_POINT('',(0.105,-0.0904022509220569,0.1));
#6598=CARTESIAN_POINT('',(0.1025,-0.0904022509220569,0.1));
#6599=CARTESIAN_POINT('',(0.1,-0.087902250922057,0.1));
#6600=CARTESIAN_POINT('',(0.1,-0.087902250922057,0.1));
#6601=CARTESIAN_POINT('',(0.1,-0.0827011254610285,0.1));
#6602=CARTESIAN_POINT('',(0.1,-0.0591547187289722,0.1));
#6603=CARTESIAN_POINT('',(0.101460545808077,-0.0591547187289722,0.1));
#6604=CARTESIAN_POINT('',(0.100421091616154,-0.0591547187289722,0.1));
#6605=CARTESIAN_POINT('',(0.0797879051725628,-0.079787905172563,0.1));
#6606=CARTESIAN_POINT('',(0.102921091616154,-0.0566547187289722,0.1));
#6607=CARTESIAN_POINT('',(0.102921091616154,-0.0566494913504158,0.1));
#6608=CARTESIAN_POINT('',(0.102921091616154,-0.0541442639718594,0.1));
#6609=CARTESIAN_POINT('',(0.106460545808077,-0.0541442639718594,0.1));
#6610=CARTESIAN_POINT('',(0.1075,-0.0541442639718594,0.1));
#6611=CARTESIAN_POINT('',(0.0808221319859295,-0.0808221319859298,0.1));
#6612=CARTESIAN_POINT('',(0.11,-0.0516442639718594,0.1));
#6613=CARTESIAN_POINT('',(0.11,-0.0520721319859298,0.1));
#6614=CARTESIAN_POINT('',(0.11,-0.0483557360281409,0.1));
#6615=CARTESIAN_POINT('',(0.0858221319859296,-0.0241778680140705,0.1));
#6616=CARTESIAN_POINT('',(0.1075,-0.0458557360281409,0.1));
#6617=CARTESIAN_POINT('',(0.106460545808077,-0.0458557360281409,0.1));
#6618=CARTESIAN_POINT('',(0.102921091616154,-0.0458557360281409,0.1));
#6619=CARTESIAN_POINT('',(0.102921091616154,-0.0433505086495844,0.1));
#6620=CARTESIAN_POINT('',(0.102921091616154,-0.0433452812710281,0.1));
#6621=CARTESIAN_POINT('',(0.0847879051725629,-0.0252120948274372,0.1));
#6622=CARTESIAN_POINT('',(0.100421091616154,-0.0408452812710281,0.1));
#6623=CARTESIAN_POINT('',(0.101460545808077,-0.0408452812710281,0.1));
#6624=CARTESIAN_POINT('',(0.1,-0.0408452812710281,0.1));
#6625=CARTESIAN_POINT('',(0.1,-0.032922640635514,0.1));
#6626=CARTESIAN_POINT('',(0.1,-0.0120977490779434,0.1));
#6627=CARTESIAN_POINT('',(0.1025,-0.00959774907794338,0.1));
#6628=CARTESIAN_POINT('',(0.1025,-0.00959774907794338,0.1));
#6629=CARTESIAN_POINT('',(0.105,-0.00959774907794338,0.1));
#6630=CARTESIAN_POINT('',(0.11,-0.00959774907794339,0.1));
#6631=CARTESIAN_POINT('',(0.11,-0.00834774907794338,0.1));
#6632=CARTESIAN_POINT('',(0.09,0.045,0.1));
#6633=CARTESIAN_POINT('',(0.09,-0.09,0.1));
#6634=CARTESIAN_POINT('',(-0.045,-0.09,0.1));
#6635=CARTESIAN_POINT('',(-0.105,0.06,0.02));
#6636=CARTESIAN_POINT('',(-0.115,0.06,0.02));
#6637=CARTESIAN_POINT('',(-0.115,0.06,0.015));
#6638=CARTESIAN_POINT('',(-0.105,0.06,0.015));
#6639=CARTESIAN_POINT('',(-0.105,0.06,-7.91853352127119E-33));
#6640=CARTESIAN_POINT('',(-0.06,0.06,0.02));
#6641=CARTESIAN_POINT('',(-0.06,0.055,0.02));
#6642=CARTESIAN_POINT('',(-0.115,0.055,0.02));
#6643=CARTESIAN_POINT('',(-0.115,0.06,0.02));
#6644=CARTESIAN_POINT('',(-0.115,-0.055,0.02));
#6645=CARTESIAN_POINT('',(-0.06,-0.055,0.02));
#6646=CARTESIAN_POINT('',(-0.102921091616154,-0.055,0.02));
#6647=CARTESIAN_POINT('',(-0.102921091616154,-0.0566494913504156,0.02));
#6648=CARTESIAN_POINT('',(-0.102921091616154,-0.0541442639718592,0.02));
#6649=CARTESIAN_POINT('',(-0.106460545808077,-0.0541442639718592,0.02));
#6650=CARTESIAN_POINT('',(-0.1075,-0.0541442639718592,0.02));
#6651=CARTESIAN_POINT('',(-0.11,-0.0516442639718592,0.02));
#6652=CARTESIAN_POINT('',(-0.11,-0.0516442639718592,0.02));
#6653=CARTESIAN_POINT('',(-0.11,-0.0520721319859296,0.02));
#6654=CARTESIAN_POINT('',(-0.11,-0.0483557360281407,0.02));
#6655=CARTESIAN_POINT('',(-0.1075,-0.0458557360281407,0.02));
#6656=CARTESIAN_POINT('',(-0.1075,-0.0458557360281407,0.02));
#6657=CARTESIAN_POINT('',(-0.106460545808077,-0.0458557360281407,0.02));
#6658=CARTESIAN_POINT('',(-0.102921091616154,-0.0458557360281407,0.02));
#6659=CARTESIAN_POINT('',(-0.102921091616154,-0.0433505086495843,0.02));
#6660=CARTESIAN_POINT('',(-0.102921091616154,-0.0433452812710279,0.02));
#6661=CARTESIAN_POINT('',(-0.100421091616154,-0.0408452812710279,0.02));
#6662=CARTESIAN_POINT('',(-0.100421091616154,-0.0408452812710279,0.02));
#6663=CARTESIAN_POINT('',(-0.101460545808077,-0.0408452812710279,0.02));
#6664=CARTESIAN_POINT('',(-0.1,-0.0408452812710279,0.02));
#6665=CARTESIAN_POINT('',(-0.1,-0.03,0.02));
#6666=CARTESIAN_POINT('',(-0.1,-0.0120977490779432,0.02));
#6667=CARTESIAN_POINT('',(-0.0560488745389716,-0.0560488745389716,0.02));
#6668=CARTESIAN_POINT('',(-0.1025,-0.00959774907794323,0.02));
#6669=CARTESIAN_POINT('',(-0.105,-0.00959774907794323,0.02));
#6670=CARTESIAN_POINT('',(-0.11,-0.00959774907794323,0.02));
#6671=CARTESIAN_POINT('',(-0.11,-0.00834774907794323,0.02));
#6672=CARTESIAN_POINT('',(-0.11,-0.00709774907794323,0.02));
#6673=CARTESIAN_POINT('',(-0.10875,-0.00604887453897163,0.02));
#6674=CARTESIAN_POINT('',(-0.0560488745389716,0.0560488745389716,0.02));
#6675=CARTESIAN_POINT('',(-0.100421091616154,0.0408452812710279,0.02));
#6676=CARTESIAN_POINT('',(-0.1075,0.0458557360281407,0.02));
#6677=CARTESIAN_POINT('',(-0.11,0.0516442639718592,0.02));
#6678=CARTESIAN_POINT('',(-0.12,0.03,0.02));
#6679=CARTESIAN_POINT('',(-0.12,-0.055,0.02));
#6680=CARTESIAN_POINT('',(-0.12,-0.055,0.015));
#6681=CARTESIAN_POINT('',(-0.12,0.03,0.015));
#6682=CARTESIAN_POINT('',(-0.12,0.055,0.015));
#6683=CARTESIAN_POINT('',(-0.12,0.055,0.02));
#6684=CARTESIAN_POINT('',(-0.06,0.105,0.02));
#6685=CARTESIAN_POINT('',(-0.06,0.105,0.02));
#6686=CARTESIAN_POINT('',(-0.06,0.115,0.02));
#6687=CARTESIAN_POINT('',(-0.06,0.115,-0.02));
#6688=CARTESIAN_POINT('',(-0.06,0.06,0.02));
#6689=CARTESIAN_POINT('',(0.00604887453897144,0.10875,0.02));
#6690=CARTESIAN_POINT('',(0.00709774907794302,0.11,0.02));
#6691=CARTESIAN_POINT('',(0.00834774907794303,0.11,0.02));
#6692=CARTESIAN_POINT('',(0.00959774907794303,0.11,0.02));
#6693=CARTESIAN_POINT('',(0.00959774907794304,0.105,0.02));
#6694=CARTESIAN_POINT('',(0.00959774907794304,0.1025,0.02));
#6695=CARTESIAN_POINT('',(0.0560488745389715,0.0560488745389716,0.02));
#6696=CARTESIAN_POINT('',(0.012097749077943,0.1,0.02));
#6697=CARTESIAN_POINT('',(0.03,0.1,0.02));
#6698=CARTESIAN_POINT('',(0.0408452812710278,0.1,0.02));
#6699=CARTESIAN_POINT('',(0.0408452812710278,0.101460545808077,0.02));
#6700=CARTESIAN_POINT('',(0.0408452812710278,0.100421091616154,0.02));
#6701=CARTESIAN_POINT('',(0.0433452812710278,0.102921091616154,0.02));
#6702=CARTESIAN_POINT('',(0.0433452812710278,0.102921091616154,0.02));
#6703=CARTESIAN_POINT('',(0.0433505086495841,0.102921091616154,0.02));
#6704=CARTESIAN_POINT('',(0.0458557360281406,0.102921091616154,0.02));
#6705=CARTESIAN_POINT('',(0.0458557360281406,0.106460545808077,0.02));
#6706=CARTESIAN_POINT('',(0.0458557360281406,0.1075,0.02));
#6707=CARTESIAN_POINT('',(0.0483557360281406,0.11,0.02));
#6708=CARTESIAN_POINT('',(0.0483557360281406,0.11,0.02));
#6709=CARTESIAN_POINT('',(0.0479278680140702,0.11,0.02));
#6710=CARTESIAN_POINT('',(0.0516442639718591,0.11,0.02));
#6711=CARTESIAN_POINT('',(0.0541442639718592,0.1075,0.02));
#6712=CARTESIAN_POINT('',(0.0541442639718592,0.1075,0.02));
#6713=CARTESIAN_POINT('',(0.0541442639718592,0.106460545808077,0.02));
#6714=CARTESIAN_POINT('',(0.0541442639718592,0.102921091616154,0.02));
#6715=CARTESIAN_POINT('',(0.0566494913504156,0.102921091616154,0.02));
#6716=CARTESIAN_POINT('',(0.056654718728972,0.102921091616154,0.02));
#6717=CARTESIAN_POINT('',(0.059154718728972,0.100421091616154,0.02));
#6718=CARTESIAN_POINT('',(0.059154718728972,0.100421091616154,0.02));
#6719=CARTESIAN_POINT('',(0.059154718728972,0.101460545808077,0.02));
#6720=CARTESIAN_POINT('',(0.059154718728972,0.1,0.02));
#6721=CARTESIAN_POINT('',(0.03,0.1,0.02));
#6722=CARTESIAN_POINT('',(0.06,0.1,0.02));
#6723=CARTESIAN_POINT('',(0.06,0.105,0.02));
#6724=CARTESIAN_POINT('',(0.06,0.115,0.02));
#6725=CARTESIAN_POINT('',(-0.06,0.115,0.02));
#6726=CARTESIAN_POINT('',(-0.0591547187289721,0.100421091616154,0.02));
#6727=CARTESIAN_POINT('',(-0.0541442639718593,0.1075,0.02));
#6728=CARTESIAN_POINT('',(-0.0483557360281407,0.11,0.02));
#6729=CARTESIAN_POINT('',(-0.0433452812710279,0.102921091616154,0.02));
#6730=CARTESIAN_POINT('',(-0.0560488745389716,0.0560488745389716,0.02));
#6731=CARTESIAN_POINT('',(-0.03,0.12,0.02));
#6732=CARTESIAN_POINT('',(-0.055,0.12,0.02));
#6733=CARTESIAN_POINT('',(-0.055,0.12,0.015));
#6734=CARTESIAN_POINT('',(-0.03,0.12,0.015));
#6735=CARTESIAN_POINT('',(0.055,0.12,0.015));
#6736=CARTESIAN_POINT('',(0.055,0.12,0.02));
#6737=CARTESIAN_POINT('',(-0.102921091616154,0.0566547187289721,0.1));
#6738=CARTESIAN_POINT('',(-0.101383873563417,0.0581919367817086,0.0168080632182914));
#6739=CARTESIAN_POINT('',(-0.11,0.0516442639718592,0.1));
#6740=CARTESIAN_POINT('',(-0.1075,0.0458557360281407,0.1));
#6741=CARTESIAN_POINT('',(-0.100421091616154,0.0408452812710279,0.1));
#6742=CARTESIAN_POINT('',(-0.0591547187289721,0.100421091616154,0.1));
#6743=CARTESIAN_POINT('',(-0.0541442639718593,0.1075,0.1));
#6744=CARTESIAN_POINT('',(-0.0483557360281407,0.11,0.1));
#6745=CARTESIAN_POINT('',(-0.0433452812710279,0.102921091616154,0.1));
#6746=CARTESIAN_POINT('',(-0.1025,0.00959774907794323,0.1));
#6747=CARTESIAN_POINT('',(-0.0120977490779432,0.1,-0.02));
#6748=CARTESIAN_POINT('',(-0.0904022509220567,0.1025,0.1));
#6749=CARTESIAN_POINT('',(-0.1,0.0879022509220568,-0.02));
#6750=CARTESIAN_POINT('',(-0.12,0.055,0.02));
#6751=CARTESIAN_POINT('',(-0.12,0.055,0.015));
#6752=CARTESIAN_POINT('',(-0.105,0.06,0.015));
#6753=CARTESIAN_POINT('',(-0.115,0.0575,0.0175));
#6754=CARTESIAN_POINT('',(-0.12,0.055,0.015));
#6755=CARTESIAN_POINT('',(-0.12,0.055,0.015));
#6756=CARTESIAN_POINT('',(-0.12,0.03,0.015));
#6757=CARTESIAN_POINT('',(-0.12,-0.055,0.015));
#6758=CARTESIAN_POINT('',(-0.03,0.12,0.015));
#6759=CARTESIAN_POINT('',(0.0466666666666665,0.128333333333333,0.00666666666666668));
#6760=CARTESIAN_POINT('',(-0.0466666666666667,0.128333333333333,0.00666666666666668));
#6761=CARTESIAN_POINT('',(-0.06,0.115,0.02));
#6762=CARTESIAN_POINT('',(-0.105,0.06,0.));
#6763=CARTESIAN_POINT('',(-0.09,0.0533613984533544,0.0163860154664563));
#6764=CARTESIAN_POINT('',(0.,0.0542569319245434,0.00743068075456642));
#6765=CARTESIAN_POINT('',(0.,0.,0.00200498756211208));
#6766=CARTESIAN_POINT('',(-0.0473106881690571,0.,0.00675965287859868));
#6767=CARTESIAN_POINT('',(-0.00054366706717641,0.0832073270634964,0.0102713220359277));
#6768=CARTESIAN_POINT('',(0.0912863831660202,0.0832073270634964,0.0195001278671765));
#6769=CARTESIAN_POINT('',(-0.000586074651490651,0.0877350458646842,0.0106932932713223));
#6770=CARTESIAN_POINT('',(0.0912439755817059,0.0877350458646842,0.0199220991025712));
#6771=CARTESIAN_POINT('',(-0.000833351636264822,0.0900000000000461,0.0131537912326473));
#6772=CARTESIAN_POINT('',(0.0909966985969317,0.0900000000000461,0.0223825970638962));
#6773=CARTESIAN_POINT('',(-0.00128569625480545,0.09,0.0176547884150222));
#6774=CARTESIAN_POINT('',(0.0905443539783911,0.09,0.0268835942462711));
#6775=CARTESIAN_POINT('',(0.09,0.0899999999681235,0.0268279530283209));
#6776=CARTESIAN_POINT('',(0.09,0.0899999603859756,0.0262478823256514));
#6777=CARTESIAN_POINT('',(0.0899286457137943,0.0899283864437635,0.0251089748955716));
#6778=CARTESIAN_POINT('',(0.0895343905794741,0.0895338855172003,0.0234473751324865));
#6779=CARTESIAN_POINT('',(0.0888351114088373,0.0888343282592638,0.0220097394343098));
#6780=CARTESIAN_POINT('',(0.0879003928046649,0.0878993543345067,0.0208728219857376));
#6781=CARTESIAN_POINT('',(0.0868251807274106,0.0868239089213297,0.0200271394778363));
#6782=CARTESIAN_POINT('',(0.0853108166656454,0.0853092688305285,0.0192176031014093));
#6783=CARTESIAN_POINT('',(0.0840903572535127,0.0840886271920753,0.0188648265946539));
#6784=CARTESIAN_POINT('',(0.0832899467923904,0.083288107200611,0.0187043343397062));
#6785=CARTESIAN_POINT('',(0.0832899466287842,0.0832881070370021,0.0187043343069031));
#6786=CARTESIAN_POINT('',(-1.38777878078145E-17,0.0832881072006107,0.0103337982821731));
#6787=CARTESIAN_POINT('',(0.0277633155423855,0.0832881072006108,0.0131239769624822));
#6788=CARTESIAN_POINT('',(0.0555266310847709,0.0832881072006108,0.0159141556427913));
#6789=CARTESIAN_POINT('',(0.0832899466271564,0.0832881072006108,0.0187043343231003));
#6790=CARTESIAN_POINT('',(0.0900000000000008,-0.00129034409644637,0.0177802500097912));
#6791=CARTESIAN_POINT('',(0.0900000000000008,0.0905363745410588,0.026962921873542));
#6792=CARTESIAN_POINT('',(0.0899999999999788,-0.00106397620715554,0.0155165711168771));
#6793=CARTESIAN_POINT('',(0.0899999999999788,0.0907627424303497,0.0246992429806279));
#6794=CARTESIAN_POINT('',(0.0889023922229786,-0.000710079600685173,0.0119776050521796));
#6795=CARTESIAN_POINT('',(0.0889023922229786,0.09111663903682,0.0211602769159304));
#6796=CARTESIAN_POINT('',(0.0854860766770601,-0.000564981766475492,0.0105266267100894));
#6797=CARTESIAN_POINT('',(0.0854860766770601,0.0912617368710297,0.0197092985738402));
#6798=CARTESIAN_POINT('',(0.0832091832761374,-0.00054364728115495,0.0103132818568903));
#6799=CARTESIAN_POINT('',(0.0832091832761374,0.0912830713563502,0.0194959537206411));
#6800=CARTESIAN_POINT('',(0.0832899467923905,0.0832881070353742,0.0187043343231825));
#6801=CARTESIAN_POINT('',(0.0832899467923905,0.0555254047234218,0.0159280640919872));
#6802=CARTESIAN_POINT('',(0.0832899467923906,0.0277627024114695,0.013151793860792));
#6803=CARTESIAN_POINT('',(0.0832899467923906,9.95171830142291E-11,0.0103755236295968));
#6804=CARTESIAN_POINT('',(0.0832899467937326,9.9503833847667E-11,0.0103755236297303));
#6805=CARTESIAN_POINT('',(0.0832899467923906,1.14560249117813E-16,0.0103755236196451));
#6806=CARTESIAN_POINT('',(0.0842275795301661,1.15861475935464E-16,0.0104697545435744));
#6807=CARTESIAN_POINT('',(0.0860775211584576,1.48702071739601E-16,0.0108377700926335));
#6808=CARTESIAN_POINT('',(0.0885193440121328,2.76501487587743E-17,0.0124155129156547));
#6809=CARTESIAN_POINT('',(0.0898168461259301,1.59862723846115E-16,0.0149945947919181));
#6810=CARTESIAN_POINT('',(0.09,1.2552039249015E-16,0.0168838802287623));
#6811=CARTESIAN_POINT('',(0.09,1.2552039249015E-16,0.0178270293608064));
#6812=CARTESIAN_POINT('',(0.09,9.95038956696495E-11,0.0178270293694014));
#6813=CARTESIAN_POINT('',(0.0900000000000001,0.,0.0178270293608064));
#6814=CARTESIAN_POINT('',(0.09,0.03,0.0208270293608064));
#6815=CARTESIAN_POINT('',(0.09,0.06,0.0238270293608064));
#6816=CARTESIAN_POINT('',(0.0899999999999999,0.09,0.0268270293608064));
#6817=CARTESIAN_POINT('',(0.03,0.1,-0.02));
#6818=CARTESIAN_POINT('',(0.0408452812710278,0.1,0.1));
#6819=CARTESIAN_POINT('',(0.012097749077943,0.1,0.02));
#6820=CARTESIAN_POINT('',(0.03,0.1,-0.02));
#6821=CARTESIAN_POINT('',(0.0670773593644859,0.1,0.));
#6822=CARTESIAN_POINT('',(0.0879022509220566,0.1,0.));
#6823=CARTESIAN_POINT('',(0.06,0.1,0.));
#6824=CARTESIAN_POINT('',(0.06,0.1,0.02));
#6825=CARTESIAN_POINT('',(0.059154718728972,0.1,0.1));
#6826=CARTESIAN_POINT('',(0.0879022509220566,0.1,-0.02));
#6827=CARTESIAN_POINT('',(0.1,0.03,-0.02));
#6828=CARTESIAN_POINT('',(0.1,0.03,0.02));
#6829=CARTESIAN_POINT('',(0.1,0.0408452812710281,0.02));
#6830=CARTESIAN_POINT('',(0.1,0.0120977490779434,0.02));
#6831=CARTESIAN_POINT('',(0.1,0.0408452812710281,0.1));
#6832=CARTESIAN_POINT('',(0.1,0.0120977490779434,-0.02));
#6833=CARTESIAN_POINT('',(0.06,0.06,0.));
#6834=CARTESIAN_POINT('',(0.105,0.0904022509220569,0.));
#6835=CARTESIAN_POINT('',(0.1025,0.0904022509220569,0.));
#6836=CARTESIAN_POINT('',(0.105,0.0904022509220569,0.));
#6837=CARTESIAN_POINT('',(0.0660488745389715,0.0539511254610285,0.));
#6838=CARTESIAN_POINT('',(0.1,0.087902250922057,0.));
#6839=CARTESIAN_POINT('',(0.1,0.0827011254610285,0.));
#6840=CARTESIAN_POINT('',(0.1,0.06,0.));
#6841=CARTESIAN_POINT('',(0.105,0.06,0.));
#6842=CARTESIAN_POINT('',(0.105,0.06,0.));
#6843=CARTESIAN_POINT('',(0.105,0.06,0.));
#6844=CARTESIAN_POINT('',(0.0752011254610282,0.11,-0.02));
#6845=CARTESIAN_POINT('',(0.0752011254610282,0.11,0.));
#6846=CARTESIAN_POINT('',(0.06,0.11,0.));
#6847=CARTESIAN_POINT('',(0.0904022509220566,0.11,0.));
#6848=CARTESIAN_POINT('',(0.0904022509220566,0.11,-0.02));
#6849=CARTESIAN_POINT('',(0.06,0.11,-0.02));
#6850=CARTESIAN_POINT('',(0.090003966162013,0.0900039661620132,-0.02));
#6851=CARTESIAN_POINT('',(0.11,0.0904022509220569,-0.02));
#6852=CARTESIAN_POINT('',(0.11,0.0904022509220569,-0.005));
#6853=CARTESIAN_POINT('',(0.0904022509220566,0.11,0.1));
#6854=CARTESIAN_POINT('',(0.11,0.0904022509220569,0.1));
#6855=CARTESIAN_POINT('',(0.11,0.0752011254610286,-0.02));
#6856=CARTESIAN_POINT('',(0.11,0.06,-0.02));
#6857=CARTESIAN_POINT('',(0.11,0.06,-0.005));
#6858=CARTESIAN_POINT('',(0.11,0.0752011254610286,-0.005));
#6859=CARTESIAN_POINT('',(0.1,0.03,-0.02));
#6860=CARTESIAN_POINT('',(0.1,0.0591547187289722,0.1));
#6861=CARTESIAN_POINT('',(0.1,0.0591547187289722,0.0158452812710279));
#6862=CARTESIAN_POINT('',(0.1,0.06,0.015));
#6863=CARTESIAN_POINT('',(0.1,0.06,0.015));
#6864=CARTESIAN_POINT('',(0.1,0.06,0.02));
#6865=CARTESIAN_POINT('',(0.1,0.087902250922057,0.));
#6866=CARTESIAN_POINT('',(0.06,0.06,0.));
#6867=CARTESIAN_POINT('',(0.0904022509220566,0.105,0.));
#6868=CARTESIAN_POINT('',(0.0904022509220566,0.1025,0.));
#6869=CARTESIAN_POINT('',(0.06,0.105,0.));
#6870=CARTESIAN_POINT('',(0.0539511254610283,0.0660488745389717,0.));
#6871=CARTESIAN_POINT('',(0.09,0.045,0.1));
#6872=CARTESIAN_POINT('',(0.0900000000000001,0.,0.0178270293608064));
#6873=CARTESIAN_POINT('',(0.0900000000000001,-0.03,0.0208270293608064));
#6874=CARTESIAN_POINT('',(0.0900000000000001,-0.06,0.0238270293608064));
#6875=CARTESIAN_POINT('',(0.0900000000000002,-0.09,0.0268270293608064));
#6876=CARTESIAN_POINT('',(0.0899999274084987,-0.0899999997512338,0.0268279510344231));
#6877=CARTESIAN_POINT('',(0.09,-0.09,0.1));
#6878=CARTESIAN_POINT('',(0.00604887453897144,0.10875,0.1));
#6879=CARTESIAN_POINT('',(0.00709774907794302,0.11,0.1));
#6880=CARTESIAN_POINT('',(0.00834774907794303,0.11,0.1));
#6881=CARTESIAN_POINT('',(0.00959774907794303,0.11,0.1));
#6882=CARTESIAN_POINT('',(0.00959774907794304,0.105,0.1));
#6883=CARTESIAN_POINT('',(0.00959774907794304,0.1025,0.1));
#6884=CARTESIAN_POINT('',(0.0408452812710278,0.101460545808077,0.1));
#6885=CARTESIAN_POINT('',(0.0408452812710278,0.100421091616154,0.1));
#6886=CARTESIAN_POINT('',(0.0433505086495841,0.102921091616154,0.1));
#6887=CARTESIAN_POINT('',(0.0458557360281406,0.102921091616154,0.1));
#6888=CARTESIAN_POINT('',(0.0433452812710278,0.102921091616154,0.02));
#6889=CARTESIAN_POINT('',(0.0458557360281406,0.106460545808077,0.1));
#6890=CARTESIAN_POINT('',(0.0458557360281406,0.1075,0.1));
#6891=CARTESIAN_POINT('',(0.0479278680140702,0.11,0.1));
#6892=CARTESIAN_POINT('',(0.0483557360281406,0.11,0.1));
#6893=CARTESIAN_POINT('',(0.0516442639718591,0.11,0.1));
#6894=CARTESIAN_POINT('',(0.0541442639718592,0.106460545808077,0.1));
#6895=CARTESIAN_POINT('',(0.0541442639718592,0.102921091616154,0.1));
#6896=CARTESIAN_POINT('',(0.0541442639718592,0.1075,0.02));
#6897=CARTESIAN_POINT('',(0.0566494913504156,0.102921091616154,0.1));
#6898=CARTESIAN_POINT('',(0.056654718728972,0.102921091616154,0.1));
#6899=CARTESIAN_POINT('',(0.059154718728972,0.101460545808077,0.1));
#6900=CARTESIAN_POINT('',(0.059154718728972,0.100421091616154,0.1));
#6901=CARTESIAN_POINT('',(0.0904022509220566,0.105,0.1));
#6902=CARTESIAN_POINT('',(0.0904022509220566,0.1025,0.1));
#6903=CARTESIAN_POINT('',(0.105,0.0904022509220569,0.1));
#6904=CARTESIAN_POINT('',(0.105,0.0904022509220569,-2.80346932627191E-17));
#6905=CARTESIAN_POINT('',(0.1025,0.0904022509220569,0.1));
#6906=CARTESIAN_POINT('',(0.101460545808077,0.0591547187289722,0.1));
#6907=CARTESIAN_POINT('',(0.100421091616154,0.0591547187289722,0.1));
#6908=CARTESIAN_POINT('',(0.100421091616154,0.0591547187289722,0.0158452812710279));
#6909=CARTESIAN_POINT('',(0.105,0.0591547187289722,0.0158452812710279));
#6910=CARTESIAN_POINT('',(0.102921091616154,0.0566494913504158,0.1));
#6911=CARTESIAN_POINT('',(0.102921091616154,0.0541442639718594,0.1));
#6912=CARTESIAN_POINT('',(0.102921091616154,0.0541442639718594,0.02));
#6913=CARTESIAN_POINT('',(0.102921091616154,0.0566494913504158,0.02));
#6914=CARTESIAN_POINT('',(0.102921091616154,0.055,0.02));
#6915=CARTESIAN_POINT('',(0.102921091616154,0.06,0.015));
#6916=CARTESIAN_POINT('',(0.102921091616154,0.0566547187289722,0.0183452812710279));
#6917=CARTESIAN_POINT('',(0.102921091616154,0.0566547187289722,0.1));
#6918=CARTESIAN_POINT('',(0.106460545808077,0.0541442639718594,0.1));
#6919=CARTESIAN_POINT('',(0.106460545808077,0.0541442639718594,0.02));
#6920=CARTESIAN_POINT('',(0.1075,0.0541442639718594,0.02));
#6921=CARTESIAN_POINT('',(0.1075,0.0541442639718594,0.1));
#6922=CARTESIAN_POINT('',(0.11,0.0520721319859298,0.1));
#6923=CARTESIAN_POINT('',(0.11,0.0483557360281409,0.1));
#6924=CARTESIAN_POINT('',(0.11,0.0483557360281409,0.02));
#6925=CARTESIAN_POINT('',(0.11,0.0520721319859298,0.02));
#6926=CARTESIAN_POINT('',(0.11,0.0516442639718594,0.02));
#6927=CARTESIAN_POINT('',(0.11,0.0516442639718594,0.02));
#6928=CARTESIAN_POINT('',(0.106460545808077,0.0458557360281409,0.1));
#6929=CARTESIAN_POINT('',(0.102921091616154,0.0458557360281409,0.1));
#6930=CARTESIAN_POINT('',(0.102921091616154,0.0458557360281409,0.02));
#6931=CARTESIAN_POINT('',(0.106460545808077,0.0458557360281409,0.02));
#6932=CARTESIAN_POINT('',(0.1075,0.0458557360281409,0.02));
#6933=CARTESIAN_POINT('',(0.1075,0.0458557360281409,0.02));
#6934=CARTESIAN_POINT('',(0.102921091616154,0.0433505086495844,0.1));
#6935=CARTESIAN_POINT('',(0.102921091616154,0.0433505086495844,0.02));
#6936=CARTESIAN_POINT('',(0.102921091616154,0.0433452812710281,0.02));
#6937=CARTESIAN_POINT('',(0.102921091616154,0.0433452812710281,0.1));
#6938=CARTESIAN_POINT('',(0.101460545808077,0.0408452812710281,0.1));
#6939=CARTESIAN_POINT('',(0.101460545808077,0.0408452812710281,0.02));
#6940=CARTESIAN_POINT('',(0.100421091616154,0.0408452812710281,0.02));
#6941=CARTESIAN_POINT('',(0.100421091616154,0.0408452812710281,0.1));
#6942=CARTESIAN_POINT('',(0.105,0.00959774907794338,0.1));
#6943=CARTESIAN_POINT('',(0.11,0.00959774907794339,0.1));
#6944=CARTESIAN_POINT('',(0.11,0.00959774907794339,0.02));
#6945=CARTESIAN_POINT('',(0.105,0.00959774907794338,0.02));
#6946=CARTESIAN_POINT('',(0.1025,0.00959774907794338,0.02));
#6947=CARTESIAN_POINT('',(0.1025,0.00959774907794338,0.1));
#6948=CARTESIAN_POINT('',(0.11,0.00834774907794338,0.1));
#6949=CARTESIAN_POINT('',(0.11,0.00834774907794338,0.02));
#6950=CARTESIAN_POINT('',(0.11,0.00709774907794338,0.02));
#6951=CARTESIAN_POINT('',(0.11,0.00709774907794338,0.1));
#6952=CARTESIAN_POINT('',(0.10875,0.00604887453897178,0.1));
#6953=CARTESIAN_POINT('',(0.10875,0.00604887453897178,0.02));
#6954=CARTESIAN_POINT('',(0.1075,0.00500000000000018,0.02));
#6955=CARTESIAN_POINT('',(0.1075,0.00500000000000018,0.1));
#6956=CARTESIAN_POINT('',(0.1075,0.00250000000000018,0.1));
#6957=CARTESIAN_POINT('',(0.1075,0.00250000000000018,0.02));
#6958=CARTESIAN_POINT('',(0.1075,-0.00500000000000018,0.02));
#6959=CARTESIAN_POINT('',(0.1075,-0.00500000000000018,0.1));
#6960=CARTESIAN_POINT('',(0.105,0.06,0.02));
#6961=CARTESIAN_POINT('',(0.115,0.06,0.02));
#6962=CARTESIAN_POINT('',(0.115,0.06,0.015));
#6963=CARTESIAN_POINT('',(0.105,0.06,-7.91853352127119E-33));
#6964=CARTESIAN_POINT('',(0.105,0.06,0.015));
#6965=CARTESIAN_POINT('',(0.06,0.06,0.02));
#6966=CARTESIAN_POINT('',(0.06,0.055,0.02));
#6967=CARTESIAN_POINT('',(0.115,0.055,0.02));
#6968=CARTESIAN_POINT('',(0.11,0.0516442639718594,0.02));
#6969=CARTESIAN_POINT('',(0.1075,0.0458557360281409,0.02));
#6970=CARTESIAN_POINT('',(0.100421091616154,0.0408452812710281,0.02));
#6971=CARTESIAN_POINT('',(0.0560488745389715,0.0560488745389716,0.02));
#6972=CARTESIAN_POINT('',(0.10875,-0.00604887453897178,0.02));
#6973=CARTESIAN_POINT('',(0.11,-0.00709774907794338,0.02));
#6974=CARTESIAN_POINT('',(0.11,-0.00834774907794338,0.02));
#6975=CARTESIAN_POINT('',(0.11,-0.00959774907794339,0.02));
#6976=CARTESIAN_POINT('',(0.105,-0.00959774907794338,0.02));
#6977=CARTESIAN_POINT('',(0.1025,-0.00959774907794338,0.02));
#6978=CARTESIAN_POINT('',(0.0560488745389715,-0.0560488745389716,0.02));
#6979=CARTESIAN_POINT('',(0.1,-0.0120977490779434,0.02));
#6980=CARTESIAN_POINT('',(0.1,-0.03,0.02));
#6981=CARTESIAN_POINT('',(0.1,-0.0408452812710281,0.02));
#6982=CARTESIAN_POINT('',(0.101460545808077,-0.0408452812710281,0.02));
#6983=CARTESIAN_POINT('',(0.100421091616154,-0.0408452812710281,0.02));
#6984=CARTESIAN_POINT('',(0.100421091616154,-0.0408452812710281,0.02));
#6985=CARTESIAN_POINT('',(0.102921091616154,-0.0433452812710281,0.02));
#6986=CARTESIAN_POINT('',(0.102921091616154,-0.0433505086495844,0.02));
#6987=CARTESIAN_POINT('',(0.102921091616154,-0.0458557360281409,0.02));
#6988=CARTESIAN_POINT('',(0.106460545808077,-0.0458557360281409,0.02));
#6989=CARTESIAN_POINT('',(0.1075,-0.0458557360281409,0.02));
#6990=CARTESIAN_POINT('',(0.1075,-0.0458557360281409,0.02));
#6991=CARTESIAN_POINT('',(0.11,-0.0483557360281409,0.02));
#6992=CARTESIAN_POINT('',(0.11,-0.0520721319859298,0.02));
#6993=CARTESIAN_POINT('',(0.11,-0.0516442639718594,0.02));
#6994=CARTESIAN_POINT('',(0.11,-0.0516442639718594,0.02));
#6995=CARTESIAN_POINT('',(0.1075,-0.0541442639718594,0.02));
#6996=CARTESIAN_POINT('',(0.106460545808077,-0.0541442639718594,0.02));
#6997=CARTESIAN_POINT('',(0.102921091616154,-0.0541442639718594,0.02));
#6998=CARTESIAN_POINT('',(0.102921091616154,-0.0566494913504158,0.02));
#6999=CARTESIAN_POINT('',(0.102921091616154,-0.055,0.02));
#7000=CARTESIAN_POINT('',(0.06,-0.055,0.02));
#7001=CARTESIAN_POINT('',(0.115,-0.055,0.02));
#7002=CARTESIAN_POINT('',(0.115,0.06,0.02));
#7003=CARTESIAN_POINT('',(0.12,0.03,0.02));
#7004=CARTESIAN_POINT('',(0.12,0.03,0.015));
#7005=CARTESIAN_POINT('',(0.12,-0.055,0.015));
#7006=CARTESIAN_POINT('',(0.12,0.055,0.015));
#7007=CARTESIAN_POINT('',(0.12,-0.055,0.02));
#7008=CARTESIAN_POINT('',(0.12,0.055,0.02));
#7009=CARTESIAN_POINT('',(0.06,0.105,0.02));
#7010=CARTESIAN_POINT('',(0.06,0.115,-0.02));
#7011=CARTESIAN_POINT('',(0.102921091616154,0.0566547187289722,0.1));
#7012=CARTESIAN_POINT('',(0.101383873563417,0.0581919367817088,0.0168080632182914));
#7013=CARTESIAN_POINT('',(0.11,0.0516442639718594,0.1));
#7014=CARTESIAN_POINT('',(0.1075,0.0458557360281409,0.1));
#7015=CARTESIAN_POINT('',(0.100421091616154,0.0408452812710281,0.1));
#7016=CARTESIAN_POINT('',(0.059154718728972,0.100421091616154,0.1));
#7017=CARTESIAN_POINT('',(0.0541442639718592,0.1075,0.1));
#7018=CARTESIAN_POINT('',(0.0483557360281406,0.11,0.1));
#7019=CARTESIAN_POINT('',(0.0433452812710278,0.102921091616154,0.1));
#7020=CARTESIAN_POINT('',(0.1025,0.00959774907794338,0.1));
#7021=CARTESIAN_POINT('',(0.012097749077943,0.1,-0.02));
#7022=CARTESIAN_POINT('',(0.0904022509220566,0.1025,0.1));
#7023=CARTESIAN_POINT('',(0.1,0.087902250922057,-0.02));
#7024=CARTESIAN_POINT('',(0.12,0.055,0.02));
#7025=CARTESIAN_POINT('',(0.12,0.055,0.015));
#7026=CARTESIAN_POINT('',(0.105,0.06,0.015));
#7027=CARTESIAN_POINT('',(0.115,0.0575,0.0175));
#7028=CARTESIAN_POINT('',(0.12,0.055,0.015));
#7029=CARTESIAN_POINT('',(0.12,0.055,0.015));
#7030=CARTESIAN_POINT('',(0.12,0.03,0.015));
#7031=CARTESIAN_POINT('',(0.12,-0.055,0.015));
#7032=CARTESIAN_POINT('',(0.06,0.115,0.02));
#7033=CARTESIAN_POINT('',(0.105,0.06,0.));
#7034=CARTESIAN_POINT('',(0.09,0.0533613984533546,0.0163860154664563));
#7035=CARTESIAN_POINT('',(0.0473106881690571,6.56567691451853E-17,0.00675965287859868));
#7036=CARTESIAN_POINT('',(0.000543667067176251,-0.0832073270634963,0.0102713220359275));
#7037=CARTESIAN_POINT('',(-0.0912863831660201,-0.0832073270634963,0.0195001278671767));
#7038=CARTESIAN_POINT('',(0.000586074651490467,-0.0877350458646839,0.0106932932713221));
#7039=CARTESIAN_POINT('',(-0.0912439755817059,-0.0877350458646839,0.0199220991025713));
#7040=CARTESIAN_POINT('',(0.000833351636264743,-0.0900000000000463,0.0131537912326472));
#7041=CARTESIAN_POINT('',(-0.0909966985969316,-0.0900000000000463,0.0223825970638964));
#7042=CARTESIAN_POINT('',(0.00128569625480531,-0.09,0.017654788415022));
#7043=CARTESIAN_POINT('',(-0.0905443539783911,-0.09,0.0268835942462713));
#7044=CARTESIAN_POINT('',(-0.09,-0.0899999999681235,0.0268279530283209));
#7045=CARTESIAN_POINT('',(-0.09,-0.0899999603859756,0.0262478823256514));
#7046=CARTESIAN_POINT('',(-0.0899286457137944,-0.0899283864437635,0.0251089748955717));
#7047=CARTESIAN_POINT('',(-0.0895343905794741,-0.0895338855172002,0.0234473751324865));
#7048=CARTESIAN_POINT('',(-0.0888351114088374,-0.0888343282592637,0.0220097394343099));
#7049=CARTESIAN_POINT('',(-0.087900392804665,-0.0878993543345066,0.0208728219857376));
#7050=CARTESIAN_POINT('',(-0.0868251807274106,-0.0868239089213296,0.0200271394778363));
#7051=CARTESIAN_POINT('',(-0.0853108166656455,-0.0853092688305285,0.0192176031014093));
#7052=CARTESIAN_POINT('',(-0.0840903572535131,-0.0840886271920748,0.0188648265946539));
#7053=CARTESIAN_POINT('',(-0.0832899467923905,-0.0832881072006109,0.0187043343397062));
#7054=CARTESIAN_POINT('',(-0.0832899466287843,-0.083288107037002,0.0187043343069031));
#7055=CARTESIAN_POINT('',(-0.0899998548169977,-0.09,0.026828872757793));
#7056=CARTESIAN_POINT('',(-0.0599999032113318,-0.09,0.0238139149350271));
#7057=CARTESIAN_POINT('',(-0.0299999516056659,-0.09,0.0207989571122612));
#7058=CARTESIAN_POINT('',(0.,-0.09,0.0177839992894953));
#7059=CARTESIAN_POINT('',(-1.23440669045819E-16,-0.09,0.0177839993876546));
#7060=CARTESIAN_POINT('',(3.49309835760475E-19,-0.0832881072006107,0.0103337982821731));
#7061=CARTESIAN_POINT('',(3.49309835760475E-19,-0.0842282577936266,0.0104278133414747));
#7062=CARTESIAN_POINT('',(9.02068971833643E-17,-0.086087770350754,0.0108000500047921));
#7063=CARTESIAN_POINT('',(-5.0957385815369E-17,-0.0885239284674938,0.0123722794639611));
#7064=CARTESIAN_POINT('',(1.49177701072058E-16,-0.0898266398941885,0.0149893365327155));
#7065=CARTESIAN_POINT('',(7.42598931901182E-19,-0.09,0.016842804968984));
#7066=CARTESIAN_POINT('',(7.42598931901182E-19,-0.09,0.0177839992894953));
#7067=CARTESIAN_POINT('',(1.42159625224166E-11,-0.0832881072025283,0.0103337982980786));
#7068=CARTESIAN_POINT('',(-2.77555756156289E-17,-0.0832881072006107,0.0103337982821731));
#7069=CARTESIAN_POINT('',(-0.0277633155423855,-0.0832881072006107,0.0131239769624822));
#7070=CARTESIAN_POINT('',(-0.055526631084771,-0.0832881072006107,0.0159141556427913));
#7071=CARTESIAN_POINT('',(-0.0832899466271565,-0.0832881072006107,0.0187043343231003));
#7072=CARTESIAN_POINT('',(-0.0900000000000008,0.00129034409646976,0.0177802500097885));
#7073=CARTESIAN_POINT('',(-0.0900000000000008,-0.090536374541059,0.026962921873542));
#7074=CARTESIAN_POINT('',(-0.0899999999999777,0.00106397620717737,0.0155165711168745));
#7075=CARTESIAN_POINT('',(-0.0899999999999777,-0.0907627424303514,0.024699242980628));
#7076=CARTESIAN_POINT('',(-0.0889023922229793,0.000710079600709329,0.0119776050521771));
#7077=CARTESIAN_POINT('',(-0.0889023922229793,-0.0911166390368194,0.0211602769159306));
#7078=CARTESIAN_POINT('',(-0.0854860766770602,0.000564981766498883,0.0105266267100869));
#7079=CARTESIAN_POINT('',(-0.0854860766770602,-0.0912617368710299,0.0197092985738405));
#7080=CARTESIAN_POINT('',(-0.0832091832761375,0.000543647281178347,0.0103132818568878));
#7081=CARTESIAN_POINT('',(-0.0832091832761375,-0.0912830713563504,0.0194959537206413));
#7082=CARTESIAN_POINT('',(-0.0832899467923905,-0.0832881070353741,0.0187043343231825));
#7083=CARTESIAN_POINT('',(-0.0832899467923905,-0.0555254046902493,0.01592806408867));
#7084=CARTESIAN_POINT('',(-0.0832899467923905,-0.0277627023451246,0.0131517938541575));
#7085=CARTESIAN_POINT('',(-0.0832899467923905,7.01207755055E-17,0.0103755236196451));
#7086=CARTESIAN_POINT('',(-0.03,-0.1,-0.02));
#7087=CARTESIAN_POINT('',(-0.0408452812710279,-0.1,0.1));
#7088=CARTESIAN_POINT('',(-0.0408452812710279,-0.1,0.02));
#7089=CARTESIAN_POINT('',(-0.03,-0.1,0.02));
#7090=CARTESIAN_POINT('',(-0.0120977490779432,-0.1,0.02));
#7091=CARTESIAN_POINT('',(-0.0120977490779432,-0.1,0.02));
#7092=CARTESIAN_POINT('',(-0.03,-0.1,-0.02));
#7093=CARTESIAN_POINT('',(-0.067077359364486,-0.1,0.));
#7094=CARTESIAN_POINT('',(-0.0879022509220567,-0.1,0.));
#7095=CARTESIAN_POINT('',(-0.06,-0.1,0.));
#7096=CARTESIAN_POINT('',(-0.06,-0.1,0.02));
#7097=CARTESIAN_POINT('',(-0.06,-0.1,0.02));
#7098=CARTESIAN_POINT('',(-0.03,-0.1,0.02));
#7099=CARTESIAN_POINT('',(-0.0591547187289721,-0.1,0.02));
#7100=CARTESIAN_POINT('',(-0.0591547187289721,-0.1,0.1));
#7101=CARTESIAN_POINT('',(-0.0879022509220567,-0.1,-0.02));
#7102=CARTESIAN_POINT('',(-0.1,-0.03,-0.02));
#7103=CARTESIAN_POINT('',(-0.1,-0.0408452812710279,0.1));
#7104=CARTESIAN_POINT('',(-0.1,-0.0120977490779432,-0.02));
#7105=CARTESIAN_POINT('',(-0.06,-0.06,0.));
#7106=CARTESIAN_POINT('',(-0.105,-0.0904022509220568,0.));
#7107=CARTESIAN_POINT('',(-0.1025,-0.0904022509220568,0.));
#7108=CARTESIAN_POINT('',(-0.105,-0.0904022509220568,0.));
#7109=CARTESIAN_POINT('',(-0.0660488745389716,-0.0539511254610284,0.));
#7110=CARTESIAN_POINT('',(-0.1,-0.0879022509220568,0.));
#7111=CARTESIAN_POINT('',(-0.1,-0.0827011254610284,0.));
#7112=CARTESIAN_POINT('',(-0.1,-0.06,0.));
#7113=CARTESIAN_POINT('',(-0.105,-0.06,0.));
#7114=CARTESIAN_POINT('',(-0.105,-0.06,0.));
#7115=CARTESIAN_POINT('',(-0.105,-0.06,0.));
#7116=CARTESIAN_POINT('',(-0.0752011254610284,-0.11,-0.02));
#7117=CARTESIAN_POINT('',(-0.0752011254610284,-0.11,0.));
#7118=CARTESIAN_POINT('',(-0.06,-0.11,0.));
#7119=CARTESIAN_POINT('',(-0.0904022509220567,-0.11,0.));
#7120=CARTESIAN_POINT('',(-0.0904022509220567,-0.11,-0.02));
#7121=CARTESIAN_POINT('',(-0.06,-0.11,-0.02));
#7122=CARTESIAN_POINT('',(-0.0900039661620131,-0.0900039661620131,-0.02));
#7123=CARTESIAN_POINT('',(-0.11,-0.0904022509220568,-0.02));
#7124=CARTESIAN_POINT('',(-0.11,-0.0904022509220568,-0.005));
#7125=CARTESIAN_POINT('',(-0.0904022509220567,-0.11,0.1));
#7126=CARTESIAN_POINT('',(-0.11,-0.0904022509220568,0.1));
#7127=CARTESIAN_POINT('',(-0.11,-0.0752011254610284,-0.02));
#7128=CARTESIAN_POINT('',(-0.11,-0.06,-0.02));
#7129=CARTESIAN_POINT('',(-0.11,-0.06,-0.005));
#7130=CARTESIAN_POINT('',(-0.11,-0.0752011254610284,-0.005));
#7131=CARTESIAN_POINT('',(-0.1,-0.03,-0.02));
#7132=CARTESIAN_POINT('',(-0.1,-0.0591547187289721,0.1));
#7133=CARTESIAN_POINT('',(-0.1,-0.0591547187289721,0.0158452812710279));
#7134=CARTESIAN_POINT('',(-0.1,-0.06,0.015));
#7135=CARTESIAN_POINT('',(-0.1,-0.06,0.015));
#7136=CARTESIAN_POINT('',(-0.1,-0.06,0.02));
#7137=CARTESIAN_POINT('',(-0.1,-0.0879022509220568,0.));
#7138=CARTESIAN_POINT('',(-0.06,-0.06,0.));
#7139=CARTESIAN_POINT('',(-0.0904022509220567,-0.105,0.));
#7140=CARTESIAN_POINT('',(-0.0904022509220567,-0.1025,0.));
#7141=CARTESIAN_POINT('',(-0.06,-0.105,0.));
#7142=CARTESIAN_POINT('',(-0.0539511254610284,-0.0660488745389716,0.));
#7143=CARTESIAN_POINT('',(-0.045,-0.09,0.1));
#7144=CARTESIAN_POINT('',(0.089999834976832,-0.09,0.0268288707638811));
#7145=CARTESIAN_POINT('',(0.0599998899845547,-0.0899999999999999,0.0238139136057525));
#7146=CARTESIAN_POINT('',(0.0299999449922773,-0.09,0.0207989564476239));
#7147=CARTESIAN_POINT('',(0.,-0.09,0.0177839992894953));
#7148=CARTESIAN_POINT('',(-0.0025,-0.1075,0.1));
#7149=CARTESIAN_POINT('',(-0.005,-0.1075,0.1));
#7150=CARTESIAN_POINT('',(-0.005,-0.1075,0.02));
#7151=CARTESIAN_POINT('',(-0.0025,-0.1075,0.02));
#7152=CARTESIAN_POINT('',(0.00499999999999985,-0.1075,0.02));
#7153=CARTESIAN_POINT('',(0.00499999999999985,-0.1075,0.1));
#7154=CARTESIAN_POINT('',(-0.00604887453897159,-0.10875,0.1));
#7155=CARTESIAN_POINT('',(-0.00709774907794318,-0.11,0.1));
#7156=CARTESIAN_POINT('',(-0.00709774907794318,-0.11,0.02));
#7157=CARTESIAN_POINT('',(-0.00604887453897159,-0.10875,0.02));
#7158=CARTESIAN_POINT('',(-0.00834774907794318,-0.11,0.1));
#7159=CARTESIAN_POINT('',(-0.00959774907794318,-0.11,0.1));
#7160=CARTESIAN_POINT('',(-0.00959774907794318,-0.11,0.02));
#7161=CARTESIAN_POINT('',(-0.00834774907794318,-0.11,0.02));
#7162=CARTESIAN_POINT('',(-0.00959774907794318,-0.105,0.1));
#7163=CARTESIAN_POINT('',(-0.00959774907794318,-0.105,0.02));
#7164=CARTESIAN_POINT('',(-0.00959774907794318,-0.1025,0.02));
#7165=CARTESIAN_POINT('',(-0.00959774907794318,-0.1025,0.1));
#7166=CARTESIAN_POINT('',(-0.0408452812710279,-0.101460545808077,0.1));
#7167=CARTESIAN_POINT('',(-0.0408452812710279,-0.101460545808077,0.02));
#7168=CARTESIAN_POINT('',(-0.0408452812710279,-0.100421091616154,0.02));
#7169=CARTESIAN_POINT('',(-0.0408452812710279,-0.100421091616154,0.1));
#7170=CARTESIAN_POINT('',(-0.0433505086495843,-0.102921091616154,0.1));
#7171=CARTESIAN_POINT('',(-0.0458557360281407,-0.102921091616154,0.1));
#7172=CARTESIAN_POINT('',(-0.0458557360281407,-0.102921091616154,0.02));
#7173=CARTESIAN_POINT('',(-0.0433505086495843,-0.102921091616154,0.02));
#7174=CARTESIAN_POINT('',(-0.0433452812710279,-0.102921091616154,0.02));
#7175=CARTESIAN_POINT('',(-0.0433452812710279,-0.102921091616154,0.02));
#7176=CARTESIAN_POINT('',(-0.0458557360281407,-0.106460545808077,0.1));
#7177=CARTESIAN_POINT('',(-0.0458557360281407,-0.106460545808077,0.02));
#7178=CARTESIAN_POINT('',(-0.0458557360281407,-0.1075,0.02));
#7179=CARTESIAN_POINT('',(-0.0458557360281407,-0.1075,0.1));
#7180=CARTESIAN_POINT('',(-0.0479278680140703,-0.11,0.1));
#7181=CARTESIAN_POINT('',(-0.0479278680140703,-0.11,0.02));
#7182=CARTESIAN_POINT('',(-0.0483557360281407,-0.11,0.02));
#7183=CARTESIAN_POINT('',(-0.0516442639718593,-0.11,0.02));
#7184=CARTESIAN_POINT('',(-0.0483557360281407,-0.11,0.1));
#7185=CARTESIAN_POINT('',(-0.0516442639718593,-0.11,0.1));
#7186=CARTESIAN_POINT('',(-0.0541442639718593,-0.106460545808077,0.1));
#7187=CARTESIAN_POINT('',(-0.0541442639718593,-0.102921091616154,0.1));
#7188=CARTESIAN_POINT('',(-0.0541442639718593,-0.102921091616154,0.02));
#7189=CARTESIAN_POINT('',(-0.0541442639718593,-0.106460545808077,0.02));
#7190=CARTESIAN_POINT('',(-0.0541442639718593,-0.1075,0.02));
#7191=CARTESIAN_POINT('',(-0.0541442639718593,-0.1075,0.02));
#7192=CARTESIAN_POINT('',(-0.0566494913504157,-0.102921091616154,0.1));
#7193=CARTESIAN_POINT('',(-0.0566494913504157,-0.102921091616154,0.02));
#7194=CARTESIAN_POINT('',(-0.0566547187289721,-0.102921091616154,0.02));
#7195=CARTESIAN_POINT('',(-0.0566547187289721,-0.102921091616154,0.1));
#7196=CARTESIAN_POINT('',(-0.0591547187289721,-0.101460545808077,0.1));
#7197=CARTESIAN_POINT('',(-0.0591547187289721,-0.101460545808077,0.02));
#7198=CARTESIAN_POINT('',(-0.0591547187289721,-0.100421091616154,0.02));
#7199=CARTESIAN_POINT('',(-0.0591547187289721,-0.100421091616154,0.1));
#7200=CARTESIAN_POINT('',(-0.0904022509220567,-0.105,0.1));
#7201=CARTESIAN_POINT('',(-0.0904022509220567,-0.1025,0.1));
#7202=CARTESIAN_POINT('',(-0.105,-0.0904022509220568,0.1));
#7203=CARTESIAN_POINT('',(-0.105,-0.0904022509220568,-2.80346932627191E-17));
#7204=CARTESIAN_POINT('',(-0.1025,-0.0904022509220568,0.1));
#7205=CARTESIAN_POINT('',(-0.101460545808077,-0.0591547187289721,0.1));
#7206=CARTESIAN_POINT('',(-0.100421091616154,-0.0591547187289721,0.1));
#7207=CARTESIAN_POINT('',(-0.100421091616154,-0.0591547187289721,0.0158452812710279));
#7208=CARTESIAN_POINT('',(-0.105,-0.0591547187289721,0.0158452812710279));
#7209=CARTESIAN_POINT('',(-0.102921091616154,-0.0566494913504156,0.1));
#7210=CARTESIAN_POINT('',(-0.102921091616154,-0.0541442639718592,0.1));
#7211=CARTESIAN_POINT('',(-0.102921091616154,-0.06,0.015));
#7212=CARTESIAN_POINT('',(-0.102921091616154,-0.0566547187289721,0.0183452812710279));
#7213=CARTESIAN_POINT('',(-0.102921091616154,-0.0566547187289721,0.1));
#7214=CARTESIAN_POINT('',(-0.106460545808077,-0.0541442639718592,0.1));
#7215=CARTESIAN_POINT('',(-0.1075,-0.0541442639718592,0.1));
#7216=CARTESIAN_POINT('',(-0.11,-0.0520721319859296,0.1));
#7217=CARTESIAN_POINT('',(-0.11,-0.0483557360281407,0.1));
#7218=CARTESIAN_POINT('',(-0.11,-0.0516442639718592,0.02));
#7219=CARTESIAN_POINT('',(-0.106460545808077,-0.0458557360281407,0.1));
#7220=CARTESIAN_POINT('',(-0.102921091616154,-0.0458557360281407,0.1));
#7221=CARTESIAN_POINT('',(-0.1075,-0.0458557360281407,0.02));
#7222=CARTESIAN_POINT('',(-0.102921091616154,-0.0433505086495843,0.1));
#7223=CARTESIAN_POINT('',(-0.102921091616154,-0.0433452812710279,0.1));
#7224=CARTESIAN_POINT('',(-0.101460545808077,-0.0408452812710279,0.1));
#7225=CARTESIAN_POINT('',(-0.100421091616154,-0.0408452812710279,0.1));
#7226=CARTESIAN_POINT('',(-0.105,-0.00959774907794323,0.1));
#7227=CARTESIAN_POINT('',(-0.11,-0.00959774907794323,0.1));
#7228=CARTESIAN_POINT('',(-0.1025,-0.00959774907794323,0.1));
#7229=CARTESIAN_POINT('',(-0.11,-0.00834774907794323,0.1));
#7230=CARTESIAN_POINT('',(-0.11,-0.00709774907794323,0.1));
#7231=CARTESIAN_POINT('',(-0.10875,-0.00604887453897163,0.1));
#7232=CARTESIAN_POINT('',(-0.105,-0.06,0.02));
#7233=CARTESIAN_POINT('',(-0.115,-0.06,0.02));
#7234=CARTESIAN_POINT('',(-0.115,-0.06,0.015));
#7235=CARTESIAN_POINT('',(-0.105,-0.06,-7.91853352127119E-33));
#7236=CARTESIAN_POINT('',(-0.105,-0.06,0.015));
#7237=CARTESIAN_POINT('',(-0.06,-0.105,0.02));
#7238=CARTESIAN_POINT('',(-0.06,-0.105,0.02));
#7239=CARTESIAN_POINT('',(-0.06,-0.115,0.02));
#7240=CARTESIAN_POINT('',(-0.06,-0.115,-0.02));
#7241=CARTESIAN_POINT('',(-0.06,-0.06,0.02));
#7242=CARTESIAN_POINT('',(-0.0560488745389716,-0.0560488745389716,0.02));
#7243=CARTESIAN_POINT('',(-0.0433452812710279,-0.102921091616154,0.02));
#7244=CARTESIAN_POINT('',(-0.0483557360281407,-0.11,0.02));
#7245=CARTESIAN_POINT('',(-0.0541442639718593,-0.1075,0.02));
#7246=CARTESIAN_POINT('',(-0.0591547187289721,-0.100421091616154,0.02));
#7247=CARTESIAN_POINT('',(-0.06,-0.115,0.02));
#7248=CARTESIAN_POINT('',(0.06,-0.115,0.02));
#7249=CARTESIAN_POINT('',(0.06,-0.105,0.02));
#7250=CARTESIAN_POINT('',(0.06,-0.1,0.02));
#7251=CARTESIAN_POINT('',(0.03,-0.1,0.02));
#7252=CARTESIAN_POINT('',(0.059154718728972,-0.1,0.02));
#7253=CARTESIAN_POINT('',(0.059154718728972,-0.101460545808077,0.02));
#7254=CARTESIAN_POINT('',(0.059154718728972,-0.100421091616154,0.02));
#7255=CARTESIAN_POINT('',(0.059154718728972,-0.100421091616154,0.02));
#7256=CARTESIAN_POINT('',(0.056654718728972,-0.102921091616154,0.02));
#7257=CARTESIAN_POINT('',(0.0566494913504156,-0.102921091616154,0.02));
#7258=CARTESIAN_POINT('',(0.0541442639718592,-0.102921091616154,0.02));
#7259=CARTESIAN_POINT('',(0.0541442639718592,-0.106460545808077,0.02));
#7260=CARTESIAN_POINT('',(0.0541442639718592,-0.1075,0.02));
#7261=CARTESIAN_POINT('',(0.0541442639718592,-0.1075,0.02));
#7262=CARTESIAN_POINT('',(0.0516442639718591,-0.11,0.02));
#7263=CARTESIAN_POINT('',(0.0479278680140702,-0.11,0.02));
#7264=CARTESIAN_POINT('',(0.0483557360281406,-0.11,0.02));
#7265=CARTESIAN_POINT('',(0.0483557360281406,-0.11,0.02));
#7266=CARTESIAN_POINT('',(0.0458557360281406,-0.1075,0.02));
#7267=CARTESIAN_POINT('',(0.0458557360281406,-0.106460545808077,0.02));
#7268=CARTESIAN_POINT('',(0.0458557360281406,-0.102921091616154,0.02));
#7269=CARTESIAN_POINT('',(0.0433505086495841,-0.102921091616154,0.02));
#7270=CARTESIAN_POINT('',(0.0433452812710278,-0.102921091616154,0.02));
#7271=CARTESIAN_POINT('',(0.0433452812710278,-0.102921091616154,0.02));
#7272=CARTESIAN_POINT('',(0.0408452812710278,-0.100421091616154,0.02));
#7273=CARTESIAN_POINT('',(0.0408452812710278,-0.101460545808077,0.02));
#7274=CARTESIAN_POINT('',(0.0408452812710278,-0.1,0.02));
#7275=CARTESIAN_POINT('',(0.03,-0.1,0.02));
#7276=CARTESIAN_POINT('',(0.012097749077943,-0.1,0.02));
#7277=CARTESIAN_POINT('',(0.0560488745389715,-0.0560488745389716,0.02));
#7278=CARTESIAN_POINT('',(0.00959774907794304,-0.1025,0.02));
#7279=CARTESIAN_POINT('',(0.00959774907794304,-0.105,0.02));
#7280=CARTESIAN_POINT('',(0.00959774907794303,-0.11,0.02));
#7281=CARTESIAN_POINT('',(0.00834774907794303,-0.11,0.02));
#7282=CARTESIAN_POINT('',(0.00709774907794302,-0.11,0.02));
#7283=CARTESIAN_POINT('',(0.00604887453897144,-0.10875,0.02));
#7284=CARTESIAN_POINT('',(-0.03,-0.12,0.02));
#7285=CARTESIAN_POINT('',(0.055,-0.12,0.02));
#7286=CARTESIAN_POINT('',(0.055,-0.12,0.015));
#7287=CARTESIAN_POINT('',(-0.03,-0.12,0.015));
#7288=CARTESIAN_POINT('',(-0.055,-0.12,0.015));
#7289=CARTESIAN_POINT('',(-0.055,-0.12,0.02));
#7290=CARTESIAN_POINT('',(-0.102921091616154,-0.0566547187289721,0.1));
#7291=CARTESIAN_POINT('',(-0.101383873563417,-0.0581919367817086,0.0168080632182914));
#7292=CARTESIAN_POINT('',(-0.11,-0.0516442639718592,0.1));
#7293=CARTESIAN_POINT('',(-0.1075,-0.0458557360281407,0.1));
#7294=CARTESIAN_POINT('',(-0.100421091616154,-0.0408452812710279,0.1));
#7295=CARTESIAN_POINT('',(-0.0591547187289721,-0.100421091616154,0.1));
#7296=CARTESIAN_POINT('',(-0.0541442639718593,-0.1075,0.1));
#7297=CARTESIAN_POINT('',(-0.0483557360281407,-0.11,0.1));
#7298=CARTESIAN_POINT('',(-0.0433452812710279,-0.102921091616154,0.1));
#7299=CARTESIAN_POINT('',(-0.1025,-0.00959774907794323,0.1));
#7300=CARTESIAN_POINT('',(-0.0120977490779432,-0.1,-0.02));
#7301=CARTESIAN_POINT('',(-0.0904022509220567,-0.1025,0.1));
#7302=CARTESIAN_POINT('',(-0.1,-0.0879022509220568,-0.02));
#7303=CARTESIAN_POINT('',(-0.12,-0.055,0.02));
#7304=CARTESIAN_POINT('',(-0.12,-0.055,0.015));
#7305=CARTESIAN_POINT('',(-0.105,-0.06,0.015));
#7306=CARTESIAN_POINT('',(-0.115,-0.0575,0.0175));
#7307=CARTESIAN_POINT('',(-0.12,-0.055,0.015));
#7308=CARTESIAN_POINT('',(-0.03,-0.12,0.015));
#7309=CARTESIAN_POINT('',(-0.0466666666666667,-0.128333333333333,0.00666666666666668));
#7310=CARTESIAN_POINT('',(0.0466666666666665,-0.128333333333333,0.00666666666666668));
#7311=CARTESIAN_POINT('',(-0.06,-0.115,0.02));
#7312=CARTESIAN_POINT('',(-0.105,-0.06,0.));
#7313=CARTESIAN_POINT('',(-0.09,-0.0533613984533544,0.0163860154664563));
#7314=CARTESIAN_POINT('',(0.,-0.0542569319245434,0.00743068075456642));
#7315=CARTESIAN_POINT('',(0.0912863829664477,-0.0832073270634964,0.0195001278471198));
#7316=CARTESIAN_POINT('',(-0.000543667065986117,-0.0832073270634964,0.0102713220360473));
#7317=CARTESIAN_POINT('',(0.0912439753821335,-0.0877350458646843,0.0199220990825144));
#7318=CARTESIAN_POINT('',(-0.000586074650300292,-0.0877350458646843,0.0106932932714419));
#7319=CARTESIAN_POINT('',(0.0909966983973593,-0.0900000000000461,0.0223825970438394));
#7320=CARTESIAN_POINT('',(-0.000833351635074545,-0.0900000000000461,0.0131537912327669));
#7321=CARTESIAN_POINT('',(0.0905443537788186,-0.09,0.0268835942262144));
#7322=CARTESIAN_POINT('',(-0.00128569625361516,-0.09,0.0176547884151419));
#7323=CARTESIAN_POINT('',(0.0832899467923904,-0.083288107200611,0.0187043343397062));
#7324=CARTESIAN_POINT('',(0.0840992708585992,-0.0840975420169237,0.0188666138833632));
#7325=CARTESIAN_POINT('',(0.0857057692140364,-0.0857042801168449,0.0193327467232214));
#7326=CARTESIAN_POINT('',(0.0875856889225649,-0.08758456473935,0.0204932281270402));
#7327=CARTESIAN_POINT('',(0.088835762479154,-0.0888349794649923,0.0220099450423243));
#7328=CARTESIAN_POINT('',(0.0895342455142448,-0.0895337404196847,0.0234473983846403));
#7329=CARTESIAN_POINT('',(0.0899286947018825,-0.0899284354847734,0.0251090154462017));
#7330=CARTESIAN_POINT('',(0.09,-0.0899999603021093,0.0262478912869712));
#7331=CARTESIAN_POINT('',(0.09,-0.0899999999679873,0.0268279510344083));
#7332=CARTESIAN_POINT('',(0.0832899466287896,-0.0832881070369968,0.0187043343069031));
#7333=CARTESIAN_POINT('',(-1.38777878078145E-17,-0.0832881072006107,0.0103337982821731));
#7334=CARTESIAN_POINT('',(0.0277633155423872,-0.0832881072006108,0.0131239769624824));
#7335=CARTESIAN_POINT('',(0.0555266310847745,-0.0832881072006108,0.0159141556427916));
#7336=CARTESIAN_POINT('',(0.0832899466271618,-0.0832881072006108,0.0187043343231009));
#7337=CARTESIAN_POINT('',(0.0900000000000008,-0.0905363745415071,0.0269629198677379));
#7338=CARTESIAN_POINT('',(0.0900000000000008,0.00129034399479068,0.0177802480141078));
#7339=CARTESIAN_POINT('',(0.0899999999999788,-0.0907627423975015,0.024699241307796));
#7340=CARTESIAN_POINT('',(0.0899999999999788,0.00106397613879626,0.0155165694541659));
#7341=CARTESIAN_POINT('',(0.0889023913984196,-0.0911166388631249,0.0211602766515557));
#7342=CARTESIAN_POINT('',(0.0889023913984196,0.000710079673172798,0.0119776047979257));
#7343=CARTESIAN_POINT('',(0.0854860763521685,-0.0912617366757354,0.0197092985254614));
#7344=CARTESIAN_POINT('',(0.0854860763521685,0.000564981860562322,0.0105266266718313));
#7345=CARTESIAN_POINT('',(0.0832091832880515,-0.091283071158088,0.0194959537019424));
#7346=CARTESIAN_POINT('',(0.0832091832880515,0.000543647378209791,0.0103132818483123));
#7347=CARTESIAN_POINT('',(0.0832899467923905,-0.0832881070353689,0.0187043343231819));
#7348=CARTESIAN_POINT('',(0.0832899467923905,-0.055525404690246,0.0159280640886697));
#7349=CARTESIAN_POINT('',(0.0832899467923906,-0.027762702345123,0.0131517938541574));
#7350=CARTESIAN_POINT('',(0.0832899467923906,-1.21755903970122E-16,0.0103755236196451));
#7351=CARTESIAN_POINT('',(0.03,-0.1,-0.02));
#7352=CARTESIAN_POINT('',(0.012097749077943,-0.1,0.02));
#7353=CARTESIAN_POINT('',(0.0408452812710278,-0.1,0.1));
#7354=CARTESIAN_POINT('',(0.03,-0.1,-0.02));
#7355=CARTESIAN_POINT('',(0.0670773593644859,-0.1,0.));
#7356=CARTESIAN_POINT('',(0.0879022509220566,-0.1,0.));
#7357=CARTESIAN_POINT('',(0.06,-0.1,0.));
#7358=CARTESIAN_POINT('',(0.0879022509220566,-0.1,-0.02));
#7359=CARTESIAN_POINT('',(0.059154718728972,-0.1,0.1));
#7360=CARTESIAN_POINT('',(0.06,-0.1,0.02));
#7361=CARTESIAN_POINT('',(0.1,-0.03,-0.02));
#7362=CARTESIAN_POINT('',(0.1,-0.0120977490779434,-0.02));
#7363=CARTESIAN_POINT('',(0.1,-0.0408452812710281,0.1));
#7364=CARTESIAN_POINT('',(0.06,-0.06,0.));
#7365=CARTESIAN_POINT('',(0.105,-0.0904022509220569,0.));
#7366=CARTESIAN_POINT('',(0.1025,-0.0904022509220569,0.));
#7367=CARTESIAN_POINT('',(0.105,-0.0904022509220569,0.));
#7368=CARTESIAN_POINT('',(0.105,-0.06,0.));
#7369=CARTESIAN_POINT('',(0.105,-0.06,0.));
#7370=CARTESIAN_POINT('',(0.105,-0.06,0.));
#7371=CARTESIAN_POINT('',(0.1,-0.06,0.));
#7372=CARTESIAN_POINT('',(0.1,-0.0827011254610285,0.));
#7373=CARTESIAN_POINT('',(0.1,-0.087902250922057,0.));
#7374=CARTESIAN_POINT('',(0.0660488745389715,-0.0539511254610285,0.));
#7375=CARTESIAN_POINT('',(0.0752011254610282,-0.11,-0.02));
#7376=CARTESIAN_POINT('',(0.0752011254610282,-0.11,0.));
#7377=CARTESIAN_POINT('',(0.06,-0.11,0.));
#7378=CARTESIAN_POINT('',(0.0904022509220566,-0.11,0.));
#7379=CARTESIAN_POINT('',(0.06,-0.11,-0.02));
#7380=CARTESIAN_POINT('',(0.0904022509220566,-0.11,-0.02));
#7381=CARTESIAN_POINT('',(0.090003966162013,-0.0900039661620132,-0.02));
#7382=CARTESIAN_POINT('',(0.11,-0.0904022509220569,-0.02));
#7383=CARTESIAN_POINT('',(0.11,-0.0904022509220569,-0.005));
#7384=CARTESIAN_POINT('',(0.11,-0.0904022509220569,0.1));
#7385=CARTESIAN_POINT('',(0.0904022509220566,-0.11,0.1));
#7386=CARTESIAN_POINT('',(0.11,-0.0752011254610286,-0.02));
#7387=CARTESIAN_POINT('',(0.11,-0.06,-0.02));
#7388=CARTESIAN_POINT('',(0.11,-0.06,-0.005));
#7389=CARTESIAN_POINT('',(0.11,-0.0752011254610286,-0.005));
#7390=CARTESIAN_POINT('',(0.1,-0.03,-0.02));
#7391=CARTESIAN_POINT('',(0.1,-0.087902250922057,0.));
#7392=CARTESIAN_POINT('',(0.1,-0.06,0.02));
#7393=CARTESIAN_POINT('',(0.1,-0.06,0.015));
#7394=CARTESIAN_POINT('',(0.1,-0.06,0.015));
#7395=CARTESIAN_POINT('',(0.1,-0.0591547187289722,0.0158452812710279));
#7396=CARTESIAN_POINT('',(0.1,-0.0591547187289722,0.1));
#7397=CARTESIAN_POINT('',(0.06,-0.06,0.));
#7398=CARTESIAN_POINT('',(0.0904022509220566,-0.105,0.));
#7399=CARTESIAN_POINT('',(0.0904022509220566,-0.1025,0.));
#7400=CARTESIAN_POINT('',(0.0539511254610283,-0.0660488745389717,0.));
#7401=CARTESIAN_POINT('',(0.06,-0.105,0.));
#7402=CARTESIAN_POINT('',(0.00604887453897144,-0.10875,0.1));
#7403=CARTESIAN_POINT('',(0.00709774907794302,-0.11,0.1));
#7404=CARTESIAN_POINT('',(0.00834774907794303,-0.11,0.1));
#7405=CARTESIAN_POINT('',(0.00959774907794303,-0.11,0.1));
#7406=CARTESIAN_POINT('',(0.00959774907794304,-0.105,0.1));
#7407=CARTESIAN_POINT('',(0.00959774907794304,-0.1025,0.1));
#7408=CARTESIAN_POINT('',(0.0408452812710278,-0.101460545808077,0.1));
#7409=CARTESIAN_POINT('',(0.0408452812710278,-0.100421091616154,0.1));
#7410=CARTESIAN_POINT('',(0.0433505086495841,-0.102921091616154,0.1));
#7411=CARTESIAN_POINT('',(0.0433452812710278,-0.102921091616154,0.02));
#7412=CARTESIAN_POINT('',(0.0458557360281406,-0.102921091616154,0.1));
#7413=CARTESIAN_POINT('',(0.0458557360281406,-0.106460545808077,0.1));
#7414=CARTESIAN_POINT('',(0.0458557360281406,-0.1075,0.1));
#7415=CARTESIAN_POINT('',(0.0479278680140702,-0.11,0.1));
#7416=CARTESIAN_POINT('',(0.0516442639718591,-0.11,0.1));
#7417=CARTESIAN_POINT('',(0.0483557360281406,-0.11,0.1));
#7418=CARTESIAN_POINT('',(0.0541442639718592,-0.106460545808077,0.1));
#7419=CARTESIAN_POINT('',(0.0541442639718592,-0.1075,0.02));
#7420=CARTESIAN_POINT('',(0.0541442639718592,-0.102921091616154,0.1));
#7421=CARTESIAN_POINT('',(0.0566494913504156,-0.102921091616154,0.1));
#7422=CARTESIAN_POINT('',(0.056654718728972,-0.102921091616154,0.1));
#7423=CARTESIAN_POINT('',(0.059154718728972,-0.101460545808077,0.1));
#7424=CARTESIAN_POINT('',(0.059154718728972,-0.100421091616154,0.1));
#7425=CARTESIAN_POINT('',(0.0904022509220566,-0.105,0.1));
#7426=CARTESIAN_POINT('',(0.0904022509220566,-0.1025,0.1));
#7427=CARTESIAN_POINT('',(0.105,-0.0904022509220569,0.1));
#7428=CARTESIAN_POINT('',(0.1025,-0.0904022509220569,0.1));
#7429=CARTESIAN_POINT('',(0.105,-0.0904022509220569,-2.80346932627191E-17));
#7430=CARTESIAN_POINT('',(0.101460545808077,-0.0591547187289722,0.1));
#7431=CARTESIAN_POINT('',(0.105,-0.0591547187289722,0.0158452812710279));
#7432=CARTESIAN_POINT('',(0.100421091616154,-0.0591547187289722,0.0158452812710279));
#7433=CARTESIAN_POINT('',(0.100421091616154,-0.0591547187289722,0.1));
#7434=CARTESIAN_POINT('',(0.102921091616154,-0.0566494913504158,0.1));
#7435=CARTESIAN_POINT('',(0.102921091616154,-0.0566547187289722,0.1));
#7436=CARTESIAN_POINT('',(0.102921091616154,-0.0566547187289722,0.0183452812710279));
#7437=CARTESIAN_POINT('',(0.102921091616154,-0.06,0.015));
#7438=CARTESIAN_POINT('',(0.102921091616154,-0.0541442639718594,0.1));
#7439=CARTESIAN_POINT('',(0.106460545808077,-0.0541442639718594,0.1));
#7440=CARTESIAN_POINT('',(0.1075,-0.0541442639718594,0.1));
#7441=CARTESIAN_POINT('',(0.11,-0.0520721319859298,0.1));
#7442=CARTESIAN_POINT('',(0.11,-0.0516442639718594,0.02));
#7443=CARTESIAN_POINT('',(0.11,-0.0483557360281409,0.1));
#7444=CARTESIAN_POINT('',(0.106460545808077,-0.0458557360281409,0.1));
#7445=CARTESIAN_POINT('',(0.1075,-0.0458557360281409,0.02));
#7446=CARTESIAN_POINT('',(0.102921091616154,-0.0458557360281409,0.1));
#7447=CARTESIAN_POINT('',(0.102921091616154,-0.0433505086495844,0.1));
#7448=CARTESIAN_POINT('',(0.102921091616154,-0.0433452812710281,0.1));
#7449=CARTESIAN_POINT('',(0.101460545808077,-0.0408452812710281,0.1));
#7450=CARTESIAN_POINT('',(0.100421091616154,-0.0408452812710281,0.1));
#7451=CARTESIAN_POINT('',(0.105,-0.00959774907794338,0.1));
#7452=CARTESIAN_POINT('',(0.1025,-0.00959774907794338,0.1));
#7453=CARTESIAN_POINT('',(0.11,-0.00959774907794339,0.1));
#7454=CARTESIAN_POINT('',(0.11,-0.00834774907794338,0.1));
#7455=CARTESIAN_POINT('',(0.11,-0.00709774907794338,0.1));
#7456=CARTESIAN_POINT('',(0.10875,-0.00604887453897178,0.1));
#7457=CARTESIAN_POINT('',(0.105,-0.06,0.02));
#7458=CARTESIAN_POINT('',(0.115,-0.06,0.02));
#7459=CARTESIAN_POINT('',(0.115,-0.06,0.015));
#7460=CARTESIAN_POINT('',(0.105,-0.06,0.015));
#7461=CARTESIAN_POINT('',(0.105,-0.06,-7.91853352127119E-33));
#7462=CARTESIAN_POINT('',(0.06,-0.105,0.02));
#7463=CARTESIAN_POINT('',(0.06,-0.115,-0.02));
#7464=CARTESIAN_POINT('',(0.102921091616154,-0.0566547187289722,0.1));
#7465=CARTESIAN_POINT('',(0.101383873563417,-0.0581919367817088,0.0168080632182914));
#7466=CARTESIAN_POINT('',(0.11,-0.0516442639718594,0.1));
#7467=CARTESIAN_POINT('',(0.1075,-0.0458557360281409,0.1));
#7468=CARTESIAN_POINT('',(0.100421091616154,-0.0408452812710281,0.1));
#7469=CARTESIAN_POINT('',(0.059154718728972,-0.100421091616154,0.1));
#7470=CARTESIAN_POINT('',(0.0541442639718592,-0.1075,0.1));
#7471=CARTESIAN_POINT('',(0.0483557360281406,-0.11,0.1));
#7472=CARTESIAN_POINT('',(0.0433452812710278,-0.102921091616154,0.1));
#7473=CARTESIAN_POINT('',(0.1025,-0.00959774907794338,0.1));
#7474=CARTESIAN_POINT('',(0.012097749077943,-0.1,-0.02));
#7475=CARTESIAN_POINT('',(0.0904022509220566,-0.1025,0.1));
#7476=CARTESIAN_POINT('',(0.1,-0.087902250922057,-0.02));
#7477=CARTESIAN_POINT('',(0.12,-0.055,0.02));
#7478=CARTESIAN_POINT('',(0.12,-0.055,0.015));
#7479=CARTESIAN_POINT('',(0.105,-0.06,0.015));
#7480=CARTESIAN_POINT('',(0.115,-0.0575,0.0175));
#7481=CARTESIAN_POINT('',(0.12,-0.055,0.015));
#7482=CARTESIAN_POINT('',(0.06,-0.115,0.02));
#7483=CARTESIAN_POINT('',(0.105,-0.06,0.));
#7484=CARTESIAN_POINT('',(0.09,-0.0533613984533546,0.0163860154664563));
#7485=MECHANICAL_DESIGN_GEOMETRIC_PRESENTATION_REPRESENTATION('',(#4648),
#7486);
#7486=(
GEOMETRIC_REPRESENTATION_CONTEXT(3)
GLOBAL_UNCERTAINTY_ASSIGNED_CONTEXT((#7487))
GLOBAL_UNIT_ASSIGNED_CONTEXT((#7490,#7489,#7488))
REPRESENTATION_CONTEXT('Base','TOP_LEVEL_ASSEMBLY_PART')
);
#7487=UNCERTAINTY_MEASURE_WITH_UNIT(LENGTH_MEASURE(2.E-5),#7490,
'DISTANCE_ACCURACY_VALUE','Maximum Tolerance applied to model');
#7488=(
NAMED_UNIT(*)
SI_UNIT($,.STERADIAN.)
SOLID_ANGLE_UNIT()
);
#7489=(
NAMED_UNIT(*)
PLANE_ANGLE_UNIT()
SI_UNIT($,.RADIAN.)
);
#7490=(
LENGTH_UNIT()
NAMED_UNIT(*)
SI_UNIT($,.METRE.)
);
#7491=PRODUCT_DEFINITION_SHAPE('','',#7492);
#7492=PRODUCT_DEFINITION('','',#7494,#7493);
#7493=PRODUCT_DEFINITION_CONTEXT('',#7500,'design');
#7494=PRODUCT_DEFINITION_FORMATION_WITH_SPECIFIED_SOURCE('','',#7496,
 .NOT_KNOWN.);
#7495=PRODUCT_RELATED_PRODUCT_CATEGORY('','',(#7496));
#7496=PRODUCT('Base','Base','Base',(#7498));
#7497=PRODUCT_CATEGORY('','');
#7498=PRODUCT_CONTEXT('',#7500,'mechanical');
#7499=APPLICATION_PROTOCOL_DEFINITION('international standard',
'ap242_managed_model_based_3d_engineering',2011,#7500);
#7500=APPLICATION_CONTEXT('managed model based 3d engineering');
ENDSEC;
END-ISO-10303-21;
