ISO-10303-21;
HEADER;
/* Generated by software containing ST-Developer
 * from STEP Tools, Inc. (www.steptools.com) 
 */
/* OPTION: using custom renumber hook */

FILE_DESCRIPTION(
/* description */ ('STEP AP242',
'CAx-IF Rec.Pracs.---Representation and Presentation of Product Manufa
cturing Information (PMI)---4.0---2014-10-13',
'CAx-IF Rec.Pracs.---3D Tessellated Geometry---0.4---2014-09-14','2;1',
'CAx-IF Rec.Pracs.---User Defined Attributes---1.5---2016-08-15'),
/* implementation_level */ '2;1');

FILE_NAME(
/* name */ 'Assembly 1 - Turntable',
/* time_stamp */ '2025-11-19T05:29:22Z',
/* author */ (''),
/* organization */ (''),
/* preprocessor_version */ 'ST-DEVELOPER v20',
/* originating_system */ 'ONSHAPE BY PTC INC, 1.206',
/* authorisation */ '  ');

FILE_SCHEMA (('AP242_MANAGED_MODEL_BASED_3D_ENGINEERING_MIM_LF { 1 0 10303 442 1 1 4 }'));
ENDSEC;

DATA;
#10=SHAPE_REPRESENTATION_RELATIONSHIP('','',#946,#11);
#11=ADVANCED_BREP_SHAPE_REPRESENTATION('',(#944),#3476);
#12=B_SPLINE_SURFACE_WITH_KNOTS('',2,3,((#3373,#3374,#3375,#3376,#3377,
#3378,#3379,#3380,#3381,#3382,#3383,#3384,#3385,#3386,#3387,#3388,#3389,
#3390,#3391,#3392,#3393,#3394,#3395,#3396,#3397,#3398,#3399,#3400,#3401,
#3402,#3403,#3404,#3405,#3406),(#3407,#3408,#3409,#3410,#3411,#3412,#3413,
#3414,#3415,#3416,#3417,#3418,#3419,#3420,#3421,#3422,#3423,#3424,#3425,
#3426,#3427,#3428,#3429,#3430,#3431,#3432,#3433,#3434,#3435,#3436,#3437,
#3438,#3439,#3440),(#3441,#3442,#3443,#3444,#3445,#3446,#3447,#3448,#3449,
#3450,#3451,#3452,#3453,#3454,#3455,#3456,#3457,#3458,#3459,#3460,#3461,
#3462,#3463,#3464,#3465,#3466,#3467,#3468,#3469,#3470,#3471,#3472,#3473,
#3474)),.UNSPECIFIED.,.F.,.T.,.F.,(3,3),(4,2,2,2,2,2,2,2,2,2,2,2,2,2,2,
2,4),(0.,1.),(0.,0.392699081698724,0.785398163397448,1.17809724509617,1.5707963267949,
1.96349540849362,2.35619449019234,2.74889357189107,3.1415926535898,3.53429173528852,
3.92699081698724,4.31968989868597,4.71238898038469,5.10508806208341,5.49778714378214,
5.89048622548086,6.28318530717959),.UNSPECIFIED.);
#13=CONICAL_SURFACE('',#1034,0.0575,0.785398163397448);
#14=CONICAL_SURFACE('',#1035,0.0575,0.785398163397448);
#15=(
BOUNDED_CURVE()
B_SPLINE_CURVE(2,(#1636,#1637,#1638,#1639,#1640,#1641,#1642,#1643,#1644,
#1645,#1646,#1647,#1648,#1649,#1650,#1651,#1652,#1653,#1654,#1655,#1656,
#1657,#1658,#1659,#1660,#1661,#1662,#1663,#1664,#1665,#1666,#1667,#1668,
#1669,#1670,#1671,#1672,#1673,#1674,#1675,#1676,#1677,#1678,#1679,#1680,
#1681,#1682,#1683,#1684,#1685,#1686,#1687,#1688,#1689,#1690,#1691,#1692,
#1693,#1694,#1695,#1696,#1697,#1698,#1699,#1700,#1701,#1702,#1703,#1704,
#1705,#1706,#1707,#1708,#1709,#1710,#1711,#1712,#1713,#1714,#1715,#1716,
#1717,#1718,#1719,#1720,#1721,#1722,#1723,#1724,#1725,#1726,#1727,#1728,
#1729,#1730,#1731,#1732),.UNSPECIFIED.,.F.,.F.)
B_SPLINE_CURVE_WITH_KNOTS((3,2,2,2,2,2,2,2,2,2,2,2,2,2,2,2,2,2,2,2,2,2,
2,2,2,2,2,2,2,2,2,2,2,2,2,2,2,2,2,2,2,2,2,2,2,2,2,2,3),(0.,0.0208333333333333,
0.0416666666666667,0.0625,0.0833333333333333,0.104166666666667,0.125,0.145833333333333,
0.166666666666667,0.1875,0.208333333333334,0.229166666666666,0.25,0.270833333333334,
0.291666666666667,0.3125,0.333333333333334,0.354166666666667,0.375,0.395833333333334,
0.416666666666667,0.4375,0.458333333333333,0.479166666666667,0.5,0.520833333333333,
0.541666666666667,0.5625,0.583333333333333,0.604166666666667,0.625,0.645833333333333,
0.666666666666667,0.6875,0.708333333333333,0.729166666666667,0.75,0.770833333333333,
0.791666666666667,0.8125,0.833333333333333,0.854166666666667,0.875,0.895833333333333,
0.916666666666667,0.9375,0.958333333333333,0.979166666666667,1.),
 .UNSPECIFIED.)
CURVE()
GEOMETRIC_REPRESENTATION_ITEM()
RATIONAL_B_SPLINE_CURVE((1.,0.866025403784439,1.,0.866025403784439,1.,0.866025403784439,
1.,0.866025403784439,1.,0.866025403784439,1.,0.866025403784439,1.,0.866025403784439,
1.,0.866025403784439,1.,0.866025403784439,1.,0.866025403784439,1.,0.866025403784439,
1.,0.866025403784439,1.,0.866025403784439,1.,0.866025403784439,1.,0.866025403784439,
1.,0.866025403784439,1.,0.866025403784439,1.,0.866025403784439,1.,0.866025403784439,
1.,0.866025403784439,1.,0.866025403784439,1.,0.866025403784439,1.,0.866025403784439,
1.,0.866025403784439,1.,0.866025403784439,1.,0.866025403784439,1.,0.866025403784439,
1.,0.866025403784439,1.,0.866025403784439,1.,0.866025403784439,1.,0.866025403784439,
1.,0.866025403784439,1.,0.866025403784439,1.,0.866025403784439,1.,0.866025403784439,
1.,0.866025403784439,1.,0.866025403784439,1.,0.866025403784439,1.,0.866025403784439,
1.,0.866025403784439,1.,0.866025403784439,1.,0.866025403784439,1.,0.866025403784439,
1.,0.866025403784439,1.,0.866025403784439,1.,0.866025403784439,1.,0.866025403784439,
1.,0.866025403784439,1.))
REPRESENTATION_ITEM('')
);
#16=(
BOUNDED_CURVE()
B_SPLINE_CURVE(2,(#1733,#1734,#1735,#1736,#1737,#1738,#1739,#1740,#1741,
#1742,#1743,#1744,#1745,#1746,#1747,#1748,#1749,#1750,#1751,#1752,#1753,
#1754,#1755,#1756,#1757,#1758,#1759,#1760,#1761,#1762,#1763,#1764,#1765,
#1766,#1767,#1768,#1769,#1770,#1771,#1772,#1773,#1774,#1775,#1776,#1777,
#1778,#1779,#1780,#1781,#1782,#1783,#1784,#1785,#1786,#1787,#1788,#1789,
#1790,#1791,#1792,#1793,#1794,#1795,#1796,#1797,#1798,#1799,#1800,#1801,
#1802,#1803,#1804,#1805,#1806,#1807,#1808,#1809,#1810,#1811,#1812,#1813,
#1814,#1815,#1816,#1817,#1818,#1819,#1820,#1821,#1822,#1823,#1824,#1825,
#1826,#1827,#1828,#1829),.UNSPECIFIED.,.F.,.F.)
B_SPLINE_CURVE_WITH_KNOTS((3,2,2,2,2,2,2,2,2,2,2,2,2,2,2,2,2,2,2,2,2,2,
2,2,2,2,2,2,2,2,2,2,2,2,2,2,2,2,2,2,2,2,2,2,2,2,2,2,3),(0.,0.0208333333333333,
0.0416666666666667,0.0625,0.0833333333333333,0.104166666666667,0.125,0.145833333333333,
0.166666666666667,0.1875,0.208333333333334,0.229166666666666,0.25,0.270833333333334,
0.291666666666667,0.3125,0.333333333333334,0.354166666666667,0.375,0.395833333333334,
0.416666666666667,0.4375,0.458333333333333,0.479166666666667,0.5,0.520833333333333,
0.541666666666667,0.5625,0.583333333333333,0.604166666666667,0.625,0.645833333333333,
0.666666666666667,0.6875,0.708333333333333,0.729166666666667,0.75,0.770833333333333,
0.791666666666667,0.8125,0.833333333333333,0.854166666666667,0.875,0.895833333333333,
0.916666666666667,0.9375,0.958333333333333,0.979166666666667,1.),
 .UNSPECIFIED.)
CURVE()
GEOMETRIC_REPRESENTATION_ITEM()
RATIONAL_B_SPLINE_CURVE((1.,0.866025403784439,1.,0.866025403784439,1.,0.866025403784439,
1.,0.866025403784439,1.,0.866025403784439,1.,0.866025403784439,1.,0.866025403784439,
1.,0.866025403784439,1.,0.866025403784439,1.,0.866025403784439,1.,0.866025403784439,
1.,0.866025403784439,1.,0.866025403784439,1.,0.866025403784439,1.,0.866025403784439,
1.,0.866025403784439,1.,0.866025403784439,1.,0.866025403784439,1.,0.866025403784439,
1.,0.866025403784439,1.,0.866025403784439,1.,0.866025403784439,1.,0.866025403784439,
1.,0.866025403784439,1.,0.866025403784439,1.,0.866025403784439,1.,0.866025403784439,
1.,0.866025403784439,1.,0.866025403784439,1.,0.866025403784439,1.,0.866025403784439,
1.,0.866025403784439,1.,0.866025403784439,1.,0.866025403784439,1.,0.866025403784439,
1.,0.866025403784439,1.,0.866025403784439,1.,0.866025403784439,1.,0.866025403784439,
1.,0.866025403784439,1.,0.866025403784439,1.,0.866025403784439,1.,0.866025403784439,
1.,0.866025403784439,1.,0.866025403784439,1.,0.866025403784439,1.,0.866025403784439,
1.,0.866025403784439,1.))
REPRESENTATION_ITEM('')
);
#17=(
BOUNDED_CURVE()
B_SPLINE_CURVE(2,(#1948,#1949,#1950,#1951,#1952,#1953,#1954,#1955,#1956,
#1957,#1958,#1959,#1960,#1961,#1962,#1963,#1964,#1965,#1966,#1967,#1968,
#1969,#1970,#1971,#1972,#1973,#1974,#1975,#1976,#1977,#1978,#1979,#1980,
#1981,#1982,#1983,#1984,#1985,#1986,#1987,#1988,#1989,#1990,#1991,#1992,
#1993,#1994,#1995,#1996,#1997,#1998,#1999,#2000,#2001,#2002,#2003,#2004,
#2005,#2006,#2007,#2008,#2009,#2010,#2011,#2012,#2013,#2014,#2015,#2016,
#2017,#2018,#2019,#2020,#2021,#2022,#2023,#2024,#2025,#2026,#2027,#2028,
#2029,#2030,#2031,#2032,#2033,#2034,#2035,#2036,#2037,#2038,#2039,#2040,
#2041,#2042,#2043,#2044),.UNSPECIFIED.,.F.,.F.)
B_SPLINE_CURVE_WITH_KNOTS((3,2,2,2,2,2,2,2,2,2,2,2,2,2,2,2,2,2,2,2,2,2,
2,2,2,2,2,2,2,2,2,2,2,2,2,2,2,2,2,2,2,2,2,2,2,2,2,2,3),(0.,0.0208333333333333,
0.0416666666666667,0.0625,0.0833333333333333,0.104166666666667,0.125,0.145833333333333,
0.166666666666667,0.1875,0.208333333333334,0.229166666666666,0.25,0.270833333333334,
0.291666666666667,0.3125,0.333333333333334,0.354166666666667,0.375,0.395833333333334,
0.416666666666667,0.4375,0.458333333333333,0.479166666666667,0.5,0.520833333333333,
0.541666666666667,0.5625,0.583333333333333,0.604166666666667,0.625,0.645833333333333,
0.666666666666667,0.6875,0.708333333333333,0.729166666666667,0.75,0.770833333333333,
0.791666666666667,0.8125,0.833333333333333,0.854166666666667,0.875,0.895833333333333,
0.916666666666667,0.9375,0.958333333333333,0.979166666666667,1.),
 .UNSPECIFIED.)
CURVE()
GEOMETRIC_REPRESENTATION_ITEM()
RATIONAL_B_SPLINE_CURVE((1.,0.866025403784439,1.,0.866025403784439,1.,0.866025403784439,
1.,0.866025403784439,1.,0.866025403784439,1.,0.866025403784439,1.,0.866025403784439,
1.,0.866025403784439,1.,0.866025403784439,1.,0.866025403784439,1.,0.866025403784439,
1.,0.866025403784439,1.,0.866025403784439,1.,0.866025403784439,1.,0.866025403784439,
1.,0.866025403784439,1.,0.866025403784439,1.,0.866025403784439,1.,0.866025403784439,
1.,0.866025403784439,1.,0.866025403784439,1.,0.866025403784439,1.,0.866025403784439,
1.,0.866025403784439,1.,0.866025403784439,1.,0.866025403784439,1.,0.866025403784439,
1.,0.866025403784439,1.,0.866025403784439,1.,0.866025403784439,1.,0.866025403784439,
1.,0.866025403784439,1.,0.866025403784439,1.,0.866025403784439,1.,0.866025403784439,
1.,0.866025403784439,1.,0.866025403784439,1.,0.866025403784439,1.,0.866025403784439,
1.,0.866025403784439,1.,0.866025403784439,1.,0.866025403784439,1.,0.866025403784439,
1.,0.866025403784439,1.,0.866025403784439,1.,0.866025403784439,1.,0.866025403784439,
1.,0.866025403784439,1.))
REPRESENTATION_ITEM('')
);
#18=(
BOUNDED_CURVE()
B_SPLINE_CURVE(2,(#2045,#2046,#2047,#2048,#2049,#2050,#2051,#2052,#2053,
#2054,#2055,#2056,#2057,#2058,#2059,#2060,#2061,#2062,#2063,#2064,#2065,
#2066,#2067,#2068,#2069,#2070,#2071,#2072,#2073,#2074,#2075,#2076,#2077,
#2078,#2079,#2080,#2081,#2082,#2083,#2084,#2085,#2086,#2087,#2088,#2089,
#2090,#2091,#2092,#2093,#2094,#2095,#2096,#2097,#2098,#2099,#2100,#2101,
#2102,#2103,#2104,#2105,#2106,#2107,#2108,#2109,#2110,#2111,#2112,#2113,
#2114,#2115,#2116,#2117,#2118,#2119,#2120,#2121,#2122,#2123,#2124,#2125,
#2126,#2127,#2128,#2129,#2130,#2131,#2132,#2133,#2134,#2135,#2136,#2137,
#2138,#2139,#2140,#2141),.UNSPECIFIED.,.F.,.F.)
B_SPLINE_CURVE_WITH_KNOTS((3,2,2,2,2,2,2,2,2,2,2,2,2,2,2,2,2,2,2,2,2,2,
2,2,2,2,2,2,2,2,2,2,2,2,2,2,2,2,2,2,2,2,2,2,2,2,2,2,3),(0.,0.0208333333333333,
0.0416666666666667,0.0625,0.0833333333333333,0.104166666666667,0.125,0.145833333333333,
0.166666666666667,0.1875,0.208333333333334,0.229166666666666,0.25,0.270833333333334,
0.291666666666667,0.3125,0.333333333333334,0.354166666666667,0.375,0.395833333333334,
0.416666666666667,0.4375,0.458333333333333,0.479166666666667,0.5,0.520833333333333,
0.541666666666667,0.5625,0.583333333333333,0.604166666666667,0.625,0.645833333333333,
0.666666666666667,0.6875,0.708333333333333,0.729166666666667,0.75,0.770833333333333,
0.791666666666667,0.8125,0.833333333333333,0.854166666666667,0.875,0.895833333333333,
0.916666666666667,0.9375,0.958333333333333,0.979166666666667,1.),
 .UNSPECIFIED.)
CURVE()
GEOMETRIC_REPRESENTATION_ITEM()
RATIONAL_B_SPLINE_CURVE((1.,0.866025403784439,1.,0.866025403784439,1.,0.866025403784439,
1.,0.866025403784439,1.,0.866025403784439,1.,0.866025403784439,1.,0.866025403784439,
1.,0.866025403784439,1.,0.866025403784439,1.,0.866025403784439,1.,0.866025403784439,
1.,0.866025403784439,1.,0.866025403784439,1.,0.866025403784439,1.,0.866025403784439,
1.,0.866025403784439,1.,0.866025403784439,1.,0.866025403784439,1.,0.866025403784439,
1.,0.866025403784439,1.,0.866025403784439,1.,0.866025403784439,1.,0.866025403784439,
1.,0.866025403784439,1.,0.866025403784439,1.,0.866025403784439,1.,0.866025403784439,
1.,0.866025403784439,1.,0.866025403784439,1.,0.866025403784439,1.,0.866025403784439,
1.,0.866025403784439,1.,0.866025403784439,1.,0.866025403784439,1.,0.866025403784439,
1.,0.866025403784439,1.,0.866025403784439,1.,0.866025403784439,1.,0.866025403784439,
1.,0.866025403784439,1.,0.866025403784439,1.,0.866025403784439,1.,0.866025403784439,
1.,0.866025403784439,1.,0.866025403784439,1.,0.866025403784439,1.,0.866025403784439,
1.,0.866025403784439,1.))
REPRESENTATION_ITEM('')
);
#19=(
BOUNDED_CURVE()
B_SPLINE_CURVE(2,(#2489,#2490,#2491,#2492,#2493,#2494,#2495,#2496,#2497,
#2498,#2499,#2500,#2501,#2502,#2503,#2504,#2505,#2506,#2507,#2508,#2509,
#2510,#2511,#2512,#2513,#2514,#2515,#2516,#2517,#2518,#2519,#2520,#2521,
#2522,#2523,#2524,#2525,#2526,#2527,#2528,#2529,#2530,#2531,#2532,#2533,
#2534,#2535,#2536,#2537,#2538,#2539,#2540,#2541,#2542,#2543,#2544,#2545,
#2546,#2547,#2548,#2549,#2550,#2551,#2552,#2553,#2554,#2555,#2556,#2557,
#2558,#2559,#2560,#2561,#2562,#2563,#2564,#2565,#2566,#2567,#2568,#2569,
#2570,#2571,#2572,#2573,#2574,#2575,#2576,#2577,#2578,#2579,#2580,#2581,
#2582,#2583,#2584,#2585),.UNSPECIFIED.,.F.,.F.)
B_SPLINE_CURVE_WITH_KNOTS((3,2,2,2,2,2,2,2,2,2,2,2,2,2,2,2,2,2,2,2,2,2,
2,2,2,2,2,2,2,2,2,2,2,2,2,2,2,2,2,2,2,2,2,2,2,2,2,2,3),(0.,0.0208333333333333,
0.0416666666666667,0.0625,0.0833333333333333,0.104166666666667,0.125,0.145833333333333,
0.166666666666667,0.1875,0.208333333333334,0.229166666666666,0.25,0.270833333333334,
0.291666666666667,0.3125,0.333333333333334,0.354166666666667,0.375,0.395833333333334,
0.416666666666667,0.4375,0.458333333333333,0.479166666666667,0.5,0.520833333333333,
0.541666666666667,0.5625,0.583333333333333,0.604166666666667,0.625,0.645833333333333,
0.666666666666667,0.6875,0.708333333333333,0.729166666666667,0.75,0.770833333333333,
0.791666666666667,0.8125,0.833333333333333,0.854166666666667,0.875,0.895833333333333,
0.916666666666667,0.9375,0.958333333333333,0.979166666666667,1.),
 .UNSPECIFIED.)
CURVE()
GEOMETRIC_REPRESENTATION_ITEM()
RATIONAL_B_SPLINE_CURVE((1.,0.866025403784439,1.,0.866025403784439,1.,0.866025403784439,
1.,0.866025403784439,1.,0.866025403784439,1.,0.866025403784439,1.,0.866025403784439,
1.,0.866025403784439,1.,0.866025403784439,1.,0.866025403784439,1.,0.866025403784439,
1.,0.866025403784439,1.,0.866025403784439,1.,0.866025403784439,1.,0.866025403784439,
1.,0.866025403784439,1.,0.866025403784439,1.,0.866025403784439,1.,0.866025403784439,
1.,0.866025403784439,1.,0.866025403784439,1.,0.866025403784439,1.,0.866025403784439,
1.,0.866025403784439,1.,0.866025403784439,1.,0.866025403784439,1.,0.866025403784439,
1.,0.866025403784439,1.,0.866025403784439,1.,0.866025403784439,1.,0.866025403784439,
1.,0.866025403784439,1.,0.866025403784439,1.,0.866025403784439,1.,0.866025403784439,
1.,0.866025403784439,1.,0.866025403784439,1.,0.866025403784439,1.,0.866025403784439,
1.,0.866025403784439,1.,0.866025403784439,1.,0.866025403784439,1.,0.866025403784439,
1.,0.866025403784439,1.,0.866025403784439,1.,0.866025403784439,1.,0.866025403784439,
1.,0.866025403784439,1.))
REPRESENTATION_ITEM('')
);
#20=(
BOUNDED_CURVE()
B_SPLINE_CURVE(2,(#2586,#2587,#2588,#2589,#2590,#2591,#2592,#2593,#2594,
#2595,#2596,#2597,#2598,#2599,#2600,#2601,#2602,#2603,#2604,#2605,#2606,
#2607,#2608,#2609,#2610,#2611,#2612,#2613,#2614,#2615,#2616,#2617,#2618,
#2619,#2620,#2621,#2622,#2623,#2624,#2625,#2626,#2627,#2628,#2629,#2630,
#2631,#2632,#2633,#2634,#2635,#2636,#2637,#2638,#2639,#2640,#2641,#2642,
#2643,#2644,#2645,#2646,#2647,#2648,#2649,#2650,#2651,#2652,#2653,#2654,
#2655,#2656,#2657,#2658,#2659,#2660,#2661,#2662,#2663,#2664,#2665,#2666,
#2667,#2668,#2669,#2670,#2671,#2672,#2673,#2674,#2675,#2676,#2677,#2678,
#2679,#2680,#2681,#2682),.UNSPECIFIED.,.F.,.F.)
B_SPLINE_CURVE_WITH_KNOTS((3,2,2,2,2,2,2,2,2,2,2,2,2,2,2,2,2,2,2,2,2,2,
2,2,2,2,2,2,2,2,2,2,2,2,2,2,2,2,2,2,2,2,2,2,2,2,2,2,3),(0.,0.0208333333333333,
0.0416666666666667,0.0625,0.0833333333333333,0.104166666666667,0.125,0.145833333333333,
0.166666666666667,0.1875,0.208333333333334,0.229166666666666,0.25,0.270833333333334,
0.291666666666667,0.3125,0.333333333333334,0.354166666666667,0.375,0.395833333333334,
0.416666666666667,0.4375,0.458333333333333,0.479166666666667,0.5,0.520833333333333,
0.541666666666667,0.5625,0.583333333333333,0.604166666666667,0.625,0.645833333333333,
0.666666666666667,0.6875,0.708333333333333,0.729166666666667,0.75,0.770833333333333,
0.791666666666667,0.8125,0.833333333333333,0.854166666666667,0.875,0.895833333333333,
0.916666666666667,0.9375,0.958333333333333,0.979166666666667,1.),
 .UNSPECIFIED.)
CURVE()
GEOMETRIC_REPRESENTATION_ITEM()
RATIONAL_B_SPLINE_CURVE((1.,0.866025403784439,1.,0.866025403784439,1.,0.866025403784439,
1.,0.866025403784439,1.,0.866025403784439,1.,0.866025403784439,1.,0.866025403784439,
1.,0.866025403784439,1.,0.866025403784439,1.,0.866025403784439,1.,0.866025403784439,
1.,0.866025403784439,1.,0.866025403784439,1.,0.866025403784439,1.,0.866025403784439,
1.,0.866025403784439,1.,0.866025403784439,1.,0.866025403784439,1.,0.866025403784439,
1.,0.866025403784439,1.,0.866025403784439,1.,0.866025403784439,1.,0.866025403784439,
1.,0.866025403784439,1.,0.866025403784439,1.,0.866025403784439,1.,0.866025403784439,
1.,0.866025403784439,1.,0.866025403784439,1.,0.866025403784439,1.,0.866025403784439,
1.,0.866025403784439,1.,0.866025403784439,1.,0.866025403784439,1.,0.866025403784439,
1.,0.866025403784439,1.,0.866025403784439,1.,0.866025403784439,1.,0.866025403784439,
1.,0.866025403784439,1.,0.866025403784439,1.,0.866025403784439,1.,0.866025403784439,
1.,0.866025403784439,1.,0.866025403784439,1.,0.866025403784439,1.,0.866025403784439,
1.,0.866025403784439,1.))
REPRESENTATION_ITEM('')
);
#21=(
BOUNDED_CURVE()
B_SPLINE_CURVE(2,(#2801,#2802,#2803,#2804,#2805,#2806,#2807,#2808,#2809,
#2810,#2811,#2812,#2813,#2814,#2815,#2816,#2817,#2818,#2819,#2820,#2821,
#2822,#2823,#2824,#2825,#2826,#2827,#2828,#2829,#2830,#2831,#2832,#2833,
#2834,#2835,#2836,#2837,#2838,#2839,#2840,#2841,#2842,#2843,#2844,#2845,
#2846,#2847,#2848,#2849,#2850,#2851,#2852,#2853,#2854,#2855,#2856,#2857,
#2858,#2859,#2860,#2861,#2862,#2863,#2864,#2865,#2866,#2867,#2868,#2869,
#2870,#2871,#2872,#2873,#2874,#2875,#2876,#2877,#2878,#2879,#2880,#2881,
#2882,#2883,#2884,#2885,#2886,#2887,#2888,#2889,#2890,#2891,#2892,#2893,
#2894,#2895,#2896,#2897),.UNSPECIFIED.,.F.,.F.)
B_SPLINE_CURVE_WITH_KNOTS((3,2,2,2,2,2,2,2,2,2,2,2,2,2,2,2,2,2,2,2,2,2,
2,2,2,2,2,2,2,2,2,2,2,2,2,2,2,2,2,2,2,2,2,2,2,2,2,2,3),(0.,0.0208333333333333,
0.0416666666666667,0.0625,0.0833333333333333,0.104166666666667,0.125,0.145833333333333,
0.166666666666667,0.1875,0.208333333333334,0.229166666666666,0.25,0.270833333333334,
0.291666666666667,0.3125,0.333333333333334,0.354166666666667,0.375,0.395833333333334,
0.416666666666667,0.4375,0.458333333333333,0.479166666666667,0.5,0.520833333333333,
0.541666666666667,0.5625,0.583333333333333,0.604166666666667,0.625,0.645833333333333,
0.666666666666667,0.6875,0.708333333333333,0.729166666666667,0.75,0.770833333333333,
0.791666666666667,0.8125,0.833333333333333,0.854166666666667,0.875,0.895833333333333,
0.916666666666667,0.9375,0.958333333333333,0.979166666666667,1.),
 .UNSPECIFIED.)
CURVE()
GEOMETRIC_REPRESENTATION_ITEM()
RATIONAL_B_SPLINE_CURVE((1.,0.866025403784439,1.,0.866025403784439,1.,0.866025403784439,
1.,0.866025403784439,1.,0.866025403784439,1.,0.866025403784439,1.,0.866025403784439,
1.,0.866025403784439,1.,0.866025403784439,1.,0.866025403784439,1.,0.866025403784439,
1.,0.866025403784439,1.,0.866025403784439,1.,0.866025403784439,1.,0.866025403784439,
1.,0.866025403784439,1.,0.866025403784439,1.,0.866025403784439,1.,0.866025403784439,
1.,0.866025403784439,1.,0.866025403784439,1.,0.866025403784439,1.,0.866025403784439,
1.,0.866025403784439,1.,0.866025403784439,1.,0.866025403784439,1.,0.866025403784439,
1.,0.866025403784439,1.,0.866025403784439,1.,0.866025403784439,1.,0.866025403784439,
1.,0.866025403784439,1.,0.866025403784439,1.,0.866025403784439,1.,0.866025403784439,
1.,0.866025403784439,1.,0.866025403784439,1.,0.866025403784439,1.,0.866025403784439,
1.,0.866025403784439,1.,0.866025403784439,1.,0.866025403784439,1.,0.866025403784439,
1.,0.866025403784439,1.,0.866025403784439,1.,0.866025403784439,1.,0.866025403784439,
1.,0.866025403784439,1.))
REPRESENTATION_ITEM('')
);
#22=(
BOUNDED_CURVE()
B_SPLINE_CURVE(2,(#2898,#2899,#2900,#2901,#2902,#2903,#2904,#2905,#2906,
#2907,#2908,#2909,#2910,#2911,#2912,#2913,#2914,#2915,#2916,#2917,#2918,
#2919,#2920,#2921,#2922,#2923,#2924,#2925,#2926,#2927,#2928,#2929,#2930,
#2931,#2932,#2933,#2934,#2935,#2936,#2937,#2938,#2939,#2940,#2941,#2942,
#2943,#2944,#2945,#2946,#2947,#2948,#2949,#2950,#2951,#2952,#2953,#2954,
#2955,#2956,#2957,#2958,#2959,#2960,#2961,#2962,#2963,#2964,#2965,#2966,
#2967,#2968,#2969,#2970,#2971,#2972,#2973,#2974,#2975,#2976,#2977,#2978,
#2979,#2980,#2981,#2982,#2983,#2984,#2985,#2986,#2987,#2988,#2989,#2990,
#2991,#2992,#2993,#2994),.UNSPECIFIED.,.F.,.F.)
B_SPLINE_CURVE_WITH_KNOTS((3,2,2,2,2,2,2,2,2,2,2,2,2,2,2,2,2,2,2,2,2,2,
2,2,2,2,2,2,2,2,2,2,2,2,2,2,2,2,2,2,2,2,2,2,2,2,2,2,3),(0.,0.0208333333333333,
0.0416666666666667,0.0625,0.0833333333333333,0.104166666666667,0.125,0.145833333333333,
0.166666666666667,0.1875,0.208333333333334,0.229166666666666,0.25,0.270833333333334,
0.291666666666667,0.3125,0.333333333333334,0.354166666666667,0.375,0.395833333333334,
0.416666666666667,0.4375,0.458333333333333,0.479166666666667,0.5,0.520833333333333,
0.541666666666667,0.5625,0.583333333333333,0.604166666666667,0.625,0.645833333333333,
0.666666666666667,0.6875,0.708333333333333,0.729166666666667,0.75,0.770833333333333,
0.791666666666667,0.8125,0.833333333333333,0.854166666666667,0.875,0.895833333333333,
0.916666666666667,0.9375,0.958333333333333,0.979166666666667,1.),
 .UNSPECIFIED.)
CURVE()
GEOMETRIC_REPRESENTATION_ITEM()
RATIONAL_B_SPLINE_CURVE((1.,0.866025403784439,1.,0.866025403784439,1.,0.866025403784439,
1.,0.866025403784439,1.,0.866025403784439,1.,0.866025403784439,1.,0.866025403784439,
1.,0.866025403784439,1.,0.866025403784439,1.,0.866025403784439,1.,0.866025403784439,
1.,0.866025403784439,1.,0.866025403784439,1.,0.866025403784439,1.,0.866025403784439,
1.,0.866025403784439,1.,0.866025403784439,1.,0.866025403784439,1.,0.866025403784439,
1.,0.866025403784439,1.,0.866025403784439,1.,0.866025403784439,1.,0.866025403784439,
1.,0.866025403784439,1.,0.866025403784439,1.,0.866025403784439,1.,0.866025403784439,
1.,0.866025403784439,1.,0.866025403784439,1.,0.866025403784439,1.,0.866025403784439,
1.,0.866025403784439,1.,0.866025403784439,1.,0.866025403784439,1.,0.866025403784439,
1.,0.866025403784439,1.,0.866025403784439,1.,0.866025403784439,1.,0.866025403784439,
1.,0.866025403784439,1.,0.866025403784439,1.,0.866025403784439,1.,0.866025403784439,
1.,0.866025403784439,1.,0.866025403784439,1.,0.866025403784439,1.,0.866025403784439,
1.,0.866025403784439,1.))
REPRESENTATION_ITEM('')
);
#23=(
BOUNDED_SURFACE()
B_SPLINE_SURFACE(1,2,((#1518,#1519,#1520,#1521,#1522,#1523,#1524,#1525,
#1526,#1527,#1528,#1529,#1530,#1531,#1532,#1533,#1534,#1535,#1536,#1537,
#1538,#1539,#1540,#1541,#1542,#1543,#1544,#1545,#1546,#1547,#1548,#1549,
#1550,#1551,#1552,#1553,#1554,#1555,#1556,#1557,#1558,#1559,#1560,#1561,
#1562,#1563,#1564,#1565,#1566,#1567,#1568,#1569,#1570,#1571,#1572,#1573,
#1574,#1575,#1576),(#1577,#1578,#1579,#1580,#1581,#1582,#1583,#1584,#1585,
#1586,#1587,#1588,#1589,#1590,#1591,#1592,#1593,#1594,#1595,#1596,#1597,
#1598,#1599,#1600,#1601,#1602,#1603,#1604,#1605,#1606,#1607,#1608,#1609,
#1610,#1611,#1612,#1613,#1614,#1615,#1616,#1617,#1618,#1619,#1620,#1621,
#1622,#1623,#1624,#1625,#1626,#1627,#1628,#1629,#1630,#1631,#1632,#1633,
#1634,#1635)),.UNSPECIFIED.,.F.,.F.,.F.)
B_SPLINE_SURFACE_WITH_KNOTS((2,2),(3,2,2,2,2,2,2,2,2,2,2,2,2,2,2,2,2,2,
2,2,2,2,2,2,2,2,2,2,2,3),(0.,1.),(0.207728598459654,0.208333333333334,0.229166666666666,
0.25,0.270833333333334,0.291666666666667,0.3125,0.333333333333334,0.354166666666667,
0.375,0.395833333333334,0.416666666666667,0.4375,0.458333333333333,0.479166666666667,
0.5,0.520833333333333,0.541666666666667,0.5625,0.583333333333333,0.604166666666667,
0.625,0.645833333333333,0.666666666666667,0.6875,0.708333333333333,0.729166666666667,
0.75,0.770833333333333,0.790674997018649),.PIECEWISE_BEZIER_KNOTS.)
GEOMETRIC_REPRESENTATION_ITEM()
RATIONAL_B_SPLINE_SURFACE(((0.992447934726058,0.996111082695103,1.,0.866025403784439,
1.,0.866025403784439,1.,0.866025403784439,1.,0.866025403784439,1.,0.866025403784439,
1.,0.866025403784439,1.,0.866025403784439,1.,0.866025403784439,1.,0.866025403784439,
1.,0.866025403784439,1.,0.866025403784439,1.,0.866025403784439,1.,0.866025403784439,
1.,0.866025403784439,1.,0.866025403784439,1.,0.866025403784439,1.,0.866025403784439,
1.,0.866025403784439,1.,0.866025403784439,1.,0.866025403784439,1.,0.866025403784439,
1.,0.866025403784439,1.,0.866025403784439,1.,0.866025403784439,1.,0.866025403784439,
1.,0.866025403784439,1.,0.866025403784439,1.,0.872402613736719,0.987852692308116),
(0.992447934726058,0.996111082695103,1.,0.866025403784439,1.,0.866025403784439,
1.,0.866025403784439,1.,0.866025403784439,1.,0.866025403784439,1.,0.866025403784439,
1.,0.866025403784439,1.,0.866025403784439,1.,0.866025403784439,1.,0.866025403784439,
1.,0.866025403784439,1.,0.866025403784439,1.,0.866025403784439,1.,0.866025403784439,
1.,0.866025403784439,1.,0.866025403784439,1.,0.866025403784439,1.,0.866025403784439,
1.,0.866025403784439,1.,0.866025403784439,1.,0.866025403784439,1.,0.866025403784439,
1.,0.866025403784439,1.,0.866025403784439,1.,0.866025403784439,1.,0.866025403784439,
1.,0.866025403784439,1.,0.872402613736719,0.987852692308116)))
REPRESENTATION_ITEM('')
SURFACE()
);
#24=(
BOUNDED_SURFACE()
B_SPLINE_SURFACE(1,2,((#1830,#1831,#1832,#1833,#1834,#1835,#1836,#1837,
#1838,#1839,#1840,#1841,#1842,#1843,#1844,#1845,#1846,#1847,#1848,#1849,
#1850,#1851,#1852,#1853,#1854,#1855,#1856,#1857,#1858,#1859,#1860,#1861,
#1862,#1863,#1864,#1865,#1866,#1867,#1868,#1869,#1870,#1871,#1872,#1873,
#1874,#1875,#1876,#1877,#1878,#1879,#1880,#1881,#1882,#1883,#1884,#1885,
#1886,#1887,#1888),(#1889,#1890,#1891,#1892,#1893,#1894,#1895,#1896,#1897,
#1898,#1899,#1900,#1901,#1902,#1903,#1904,#1905,#1906,#1907,#1908,#1909,
#1910,#1911,#1912,#1913,#1914,#1915,#1916,#1917,#1918,#1919,#1920,#1921,
#1922,#1923,#1924,#1925,#1926,#1927,#1928,#1929,#1930,#1931,#1932,#1933,
#1934,#1935,#1936,#1937,#1938,#1939,#1940,#1941,#1942,#1943,#1944,#1945,
#1946,#1947)),.UNSPECIFIED.,.F.,.F.,.F.)
B_SPLINE_SURFACE_WITH_KNOTS((2,2),(3,2,2,2,2,2,2,2,2,2,2,2,2,2,2,2,2,2,
2,2,2,2,2,2,2,2,2,2,2,3),(0.,1.),(0.152788961163565,0.166666666666667,0.1875,
0.208333333333334,0.229166666666666,0.25,0.270833333333334,0.291666666666667,
0.3125,0.333333333333334,0.354166666666667,0.375,0.395833333333334,0.416666666666667,
0.4375,0.458333333333333,0.479166666666667,0.5,0.520833333333333,0.541666666666667,
0.5625,0.583333333333333,0.604166666666667,0.625,0.645833333333333,0.666666666666667,
0.6875,0.708333333333333,0.729166666666667,0.736550844908774),
 .PIECEWISE_BEZIER_KNOTS.)
GEOMETRIC_REPRESENTATION_ITEM()
RATIONAL_B_SPLINE_SURFACE(((0.940407866959681,0.910755520423528,1.,0.866025403784439,
1.,0.866025403784439,1.,0.866025403784439,1.,0.866025403784439,1.,0.866025403784439,
1.,0.866025403784439,1.,0.866025403784439,1.,0.866025403784439,1.,0.866025403784439,
1.,0.866025403784439,1.,0.866025403784439,1.,0.866025403784439,1.,0.866025403784439,
1.,0.866025403784439,1.,0.866025403784439,1.,0.866025403784439,1.,0.866025403784439,
1.,0.866025403784439,1.,0.866025403784439,1.,0.866025403784439,1.,0.866025403784439,
1.,0.866025403784439,1.,0.866025403784439,1.,0.866025403784439,1.,0.866025403784439,
1.,0.866025403784439,1.,0.866025403784439,1.,0.952513969678236,0.938689889299451),
(0.940407866959681,0.910755520423528,1.,0.866025403784439,1.,0.866025403784439,
1.,0.866025403784439,1.,0.866025403784439,1.,0.866025403784439,1.,0.866025403784439,
1.,0.866025403784439,1.,0.866025403784439,1.,0.866025403784439,1.,0.866025403784439,
1.,0.866025403784439,1.,0.866025403784439,1.,0.866025403784439,1.,0.866025403784439,
1.,0.866025403784439,1.,0.866025403784439,1.,0.866025403784439,1.,0.866025403784439,
1.,0.866025403784439,1.,0.866025403784439,1.,0.866025403784439,1.,0.866025403784439,
1.,0.866025403784439,1.,0.866025403784439,1.,0.866025403784439,1.,0.866025403784439,
1.,0.866025403784439,1.,0.952513969678236,0.938689889299451)))
REPRESENTATION_ITEM('')
SURFACE()
);
#25=(
BOUNDED_SURFACE()
B_SPLINE_SURFACE(3,2,((#2142,#2143,#2144,#2145,#2146,#2147,#2148,#2149,
#2150,#2151,#2152,#2153,#2154,#2155,#2156,#2157,#2158,#2159,#2160,#2161,
#2162,#2163,#2164,#2165,#2166,#2167,#2168,#2169,#2170,#2171,#2172,#2173,
#2174,#2175,#2176,#2177,#2178,#2179,#2180,#2181,#2182,#2183,#2184,#2185,
#2186,#2187,#2188,#2189,#2190,#2191,#2192,#2193,#2194,#2195,#2196,#2197,
#2198),(#2199,#2200,#2201,#2202,#2203,#2204,#2205,#2206,#2207,#2208,#2209,
#2210,#2211,#2212,#2213,#2214,#2215,#2216,#2217,#2218,#2219,#2220,#2221,
#2222,#2223,#2224,#2225,#2226,#2227,#2228,#2229,#2230,#2231,#2232,#2233,
#2234,#2235,#2236,#2237,#2238,#2239,#2240,#2241,#2242,#2243,#2244,#2245,
#2246,#2247,#2248,#2249,#2250,#2251,#2252,#2253,#2254,#2255),(#2256,#2257,
#2258,#2259,#2260,#2261,#2262,#2263,#2264,#2265,#2266,#2267,#2268,#2269,
#2270,#2271,#2272,#2273,#2274,#2275,#2276,#2277,#2278,#2279,#2280,#2281,
#2282,#2283,#2284,#2285,#2286,#2287,#2288,#2289,#2290,#2291,#2292,#2293,
#2294,#2295,#2296,#2297,#2298,#2299,#2300,#2301,#2302,#2303,#2304,#2305,
#2306,#2307,#2308,#2309,#2310,#2311,#2312),(#2313,#2314,#2315,#2316,#2317,
#2318,#2319,#2320,#2321,#2322,#2323,#2324,#2325,#2326,#2327,#2328,#2329,
#2330,#2331,#2332,#2333,#2334,#2335,#2336,#2337,#2338,#2339,#2340,#2341,
#2342,#2343,#2344,#2345,#2346,#2347,#2348,#2349,#2350,#2351,#2352,#2353,
#2354,#2355,#2356,#2357,#2358,#2359,#2360,#2361,#2362,#2363,#2364,#2365,
#2366,#2367,#2368,#2369)),.UNSPECIFIED.,.F.,.F.,.F.)
B_SPLINE_SURFACE_WITH_KNOTS((4,4),(3,2,2,2,2,2,2,2,2,2,2,2,2,2,2,2,2,2,
2,2,2,2,2,2,2,2,2,2,3),(0.,1.),(0.192160711563283,0.208333333333334,0.229166666666666,
0.25,0.270833333333334,0.291666666666667,0.3125,0.333333333333334,0.354166666666667,
0.375,0.395833333333334,0.416666666666667,0.4375,0.458333333333333,0.479166666666667,
0.5,0.520833333333333,0.541666666666667,0.5625,0.583333333333333,0.604166666666667,
0.625,0.645833333333333,0.666666666666667,0.6875,0.708333333333333,0.729166666666667,
0.75,0.75157214003152),.PIECEWISE_BEZIER_KNOTS.)
GEOMETRIC_REPRESENTATION_ITEM()
RATIONAL_B_SPLINE_SURFACE(((0.953466300211884,0.895997417373305,1.,0.866025403784439,
1.,0.866025403784439,1.,0.866025403784439,1.,0.866025403784439,1.,0.866025403784439,
1.,0.866025403784439,1.,0.866025403784439,1.,0.866025403784439,1.,0.866025403784439,
1.,0.866025403784439,1.,0.866025403784439,1.,0.866025403784439,1.,0.866025403784439,
1.,0.866025403784439,1.,0.866025403784439,1.,0.866025403784439,1.,0.866025403784439,
1.,0.866025403784439,1.,0.866025403784439,1.,0.866025403784439,1.,0.866025403784439,
1.,0.866025403784439,1.,0.866025403784439,1.,0.866025403784439,1.,0.866025403784439,
1.,0.866025403784439,1.,0.989889912355973,0.981305694168651),(0.699208620155291,
0.657064772740339,0.733333333333239,0.635085296108506,0.733333333333239,
0.635085296108506,0.733333333333239,0.635085296108506,0.733333333333239,
0.635085296108506,0.733333333333239,0.635085296108506,0.733333333333239,
0.635085296108506,0.733333333333239,0.635085296108506,0.733333333333239,
0.635085296108506,0.733333333333239,0.635085296108506,0.733333333333239,
0.635085296108506,0.733333333333239,0.635085296108506,0.733333333333239,
0.635085296108506,0.733333333333239,0.635085296108506,0.733333333333239,
0.635085296108506,0.733333333333239,0.635085296108506,0.733333333333239,
0.635085296108506,0.733333333333239,0.635085296108506,0.733333333333239,
0.635085296108506,0.733333333333239,0.635085296108506,0.733333333333239,
0.635085296108506,0.733333333333239,0.635085296108506,0.733333333333239,
0.635085296108506,0.733333333333239,0.635085296108506,0.733333333333239,
0.635085296108506,0.733333333333239,0.635085296108506,0.733333333333239,
0.635085296108506,0.733333333333239,0.725919269060953,0.719624175723585),
(0.699208620155291,0.657064772740339,0.733333333333239,0.635085296108506,
0.733333333333239,0.635085296108506,0.733333333333239,0.635085296108506,
0.733333333333239,0.635085296108506,0.733333333333239,0.635085296108506,
0.733333333333239,0.635085296108506,0.733333333333239,0.635085296108506,
0.733333333333239,0.635085296108506,0.733333333333239,0.635085296108506,
0.733333333333239,0.635085296108506,0.733333333333239,0.635085296108506,
0.733333333333239,0.635085296108506,0.733333333333239,0.635085296108506,
0.733333333333239,0.635085296108506,0.733333333333239,0.635085296108506,
0.733333333333239,0.635085296108506,0.733333333333239,0.635085296108506,
0.733333333333239,0.635085296108506,0.733333333333239,0.635085296108506,
0.733333333333239,0.635085296108506,0.733333333333239,0.635085296108506,
0.733333333333239,0.635085296108506,0.733333333333239,0.635085296108506,
0.733333333333239,0.635085296108506,0.733333333333239,0.635085296108506,
0.733333333333239,0.635085296108506,0.733333333333239,0.725919269060953,
0.719624175723585),(0.953466300211884,0.895997417373305,1.,0.866025403784439,
1.,0.866025403784439,1.,0.866025403784439,1.,0.866025403784439,1.,0.866025403784439,
1.,0.866025403784439,1.,0.866025403784439,1.,0.866025403784439,1.,0.866025403784439,
1.,0.866025403784439,1.,0.866025403784439,1.,0.866025403784439,1.,0.866025403784439,
1.,0.866025403784439,1.,0.866025403784439,1.,0.866025403784439,1.,0.866025403784439,
1.,0.866025403784439,1.,0.866025403784439,1.,0.866025403784439,1.,0.866025403784439,
1.,0.866025403784439,1.,0.866025403784439,1.,0.866025403784439,1.,0.866025403784439,
1.,0.866025403784439,1.,0.989889912355973,0.981305694168651)))
REPRESENTATION_ITEM('')
SURFACE()
);
#26=(
BOUNDED_SURFACE()
B_SPLINE_SURFACE(1,2,((#2371,#2372,#2373,#2374,#2375,#2376,#2377,#2378,
#2379,#2380,#2381,#2382,#2383,#2384,#2385,#2386,#2387,#2388,#2389,#2390,
#2391,#2392,#2393,#2394,#2395,#2396,#2397,#2398,#2399,#2400,#2401,#2402,
#2403,#2404,#2405,#2406,#2407,#2408,#2409,#2410,#2411,#2412,#2413,#2414,
#2415,#2416,#2417,#2418,#2419,#2420,#2421,#2422,#2423,#2424,#2425,#2426,
#2427,#2428,#2429),(#2430,#2431,#2432,#2433,#2434,#2435,#2436,#2437,#2438,
#2439,#2440,#2441,#2442,#2443,#2444,#2445,#2446,#2447,#2448,#2449,#2450,
#2451,#2452,#2453,#2454,#2455,#2456,#2457,#2458,#2459,#2460,#2461,#2462,
#2463,#2464,#2465,#2466,#2467,#2468,#2469,#2470,#2471,#2472,#2473,#2474,
#2475,#2476,#2477,#2478,#2479,#2480,#2481,#2482,#2483,#2484,#2485,#2486,
#2487,#2488)),.UNSPECIFIED.,.F.,.F.,.F.)
B_SPLINE_SURFACE_WITH_KNOTS((2,2),(3,2,2,2,2,2,2,2,2,2,2,2,2,2,2,2,2,2,
2,2,2,2,2,2,2,2,2,2,2,3),(0.,1.),(0.207728598459654,0.208333333333334,0.229166666666666,
0.25,0.270833333333334,0.291666666666667,0.3125,0.333333333333334,0.354166666666667,
0.375,0.395833333333334,0.416666666666667,0.4375,0.458333333333333,0.479166666666667,
0.5,0.520833333333333,0.541666666666667,0.5625,0.583333333333333,0.604166666666667,
0.625,0.645833333333333,0.666666666666667,0.6875,0.708333333333333,0.729166666666667,
0.75,0.770833333333333,0.790674997018644),.PIECEWISE_BEZIER_KNOTS.)
GEOMETRIC_REPRESENTATION_ITEM()
RATIONAL_B_SPLINE_SURFACE(((0.992447934726055,0.996111082695101,1.,0.866025403784439,
1.,0.866025403784439,1.,0.866025403784439,1.,0.866025403784439,1.,0.866025403784439,
1.,0.866025403784439,1.,0.866025403784439,1.,0.866025403784439,1.,0.866025403784439,
1.,0.866025403784439,1.,0.866025403784439,1.,0.866025403784439,1.,0.866025403784439,
1.,0.866025403784439,1.,0.866025403784439,1.,0.866025403784439,1.,0.866025403784439,
1.,0.866025403784439,1.,0.866025403784439,1.,0.866025403784439,1.,0.866025403784439,
1.,0.866025403784439,1.,0.866025403784439,1.,0.866025403784439,1.,0.866025403784439,
1.,0.866025403784439,1.,0.866025403784439,1.,0.87240261373675,0.98785269230806),
(0.992447934726055,0.996111082695101,1.,0.866025403784439,1.,0.866025403784439,
1.,0.866025403784439,1.,0.866025403784439,1.,0.866025403784439,1.,0.866025403784439,
1.,0.866025403784439,1.,0.866025403784439,1.,0.866025403784439,1.,0.866025403784439,
1.,0.866025403784439,1.,0.866025403784439,1.,0.866025403784439,1.,0.866025403784439,
1.,0.866025403784439,1.,0.866025403784439,1.,0.866025403784439,1.,0.866025403784439,
1.,0.866025403784439,1.,0.866025403784439,1.,0.866025403784439,1.,0.866025403784439,
1.,0.866025403784439,1.,0.866025403784439,1.,0.866025403784439,1.,0.866025403784439,
1.,0.866025403784439,1.,0.87240261373675,0.98785269230806)))
REPRESENTATION_ITEM('')
SURFACE()
);
#27=(
BOUNDED_SURFACE()
B_SPLINE_SURFACE(1,2,((#2683,#2684,#2685,#2686,#2687,#2688,#2689,#2690,
#2691,#2692,#2693,#2694,#2695,#2696,#2697,#2698,#2699,#2700,#2701,#2702,
#2703,#2704,#2705,#2706,#2707,#2708,#2709,#2710,#2711,#2712,#2713,#2714,
#2715,#2716,#2717,#2718,#2719,#2720,#2721,#2722,#2723,#2724,#2725,#2726,
#2727,#2728,#2729,#2730,#2731,#2732,#2733,#2734,#2735,#2736,#2737,#2738,
#2739,#2740,#2741),(#2742,#2743,#2744,#2745,#2746,#2747,#2748,#2749,#2750,
#2751,#2752,#2753,#2754,#2755,#2756,#2757,#2758,#2759,#2760,#2761,#2762,
#2763,#2764,#2765,#2766,#2767,#2768,#2769,#2770,#2771,#2772,#2773,#2774,
#2775,#2776,#2777,#2778,#2779,#2780,#2781,#2782,#2783,#2784,#2785,#2786,
#2787,#2788,#2789,#2790,#2791,#2792,#2793,#2794,#2795,#2796,#2797,#2798,
#2799,#2800)),.UNSPECIFIED.,.F.,.F.,.F.)
B_SPLINE_SURFACE_WITH_KNOTS((2,2),(3,2,2,2,2,2,2,2,2,2,2,2,2,2,2,2,2,2,
2,2,2,2,2,2,2,2,2,2,2,3),(0.,1.),(0.152788961163565,0.166666666666667,0.1875,
0.208333333333334,0.229166666666666,0.25,0.270833333333334,0.291666666666667,
0.3125,0.333333333333334,0.354166666666667,0.375,0.395833333333334,0.416666666666667,
0.4375,0.458333333333333,0.479166666666667,0.5,0.520833333333333,0.541666666666667,
0.5625,0.583333333333333,0.604166666666667,0.625,0.645833333333333,0.666666666666667,
0.6875,0.708333333333333,0.729166666666667,0.736550844908774),
 .PIECEWISE_BEZIER_KNOTS.)
GEOMETRIC_REPRESENTATION_ITEM()
RATIONAL_B_SPLINE_SURFACE(((0.940407866959681,0.910755520423528,1.,0.866025403784439,
1.,0.866025403784439,1.,0.866025403784439,1.,0.866025403784439,1.,0.866025403784439,
1.,0.866025403784439,1.,0.866025403784439,1.,0.866025403784439,1.,0.866025403784439,
1.,0.866025403784439,1.,0.866025403784439,1.,0.866025403784439,1.,0.866025403784439,
1.,0.866025403784439,1.,0.866025403784439,1.,0.866025403784439,1.,0.866025403784439,
1.,0.866025403784439,1.,0.866025403784439,1.,0.866025403784439,1.,0.866025403784439,
1.,0.866025403784439,1.,0.866025403784439,1.,0.866025403784439,1.,0.866025403784439,
1.,0.866025403784439,1.,0.866025403784439,1.,0.952513969678236,0.938689889299451),
(0.940407866959681,0.910755520423528,1.,0.866025403784439,1.,0.866025403784439,
1.,0.866025403784439,1.,0.866025403784439,1.,0.866025403784439,1.,0.866025403784439,
1.,0.866025403784439,1.,0.866025403784439,1.,0.866025403784439,1.,0.866025403784439,
1.,0.866025403784439,1.,0.866025403784439,1.,0.866025403784439,1.,0.866025403784439,
1.,0.866025403784439,1.,0.866025403784439,1.,0.866025403784439,1.,0.866025403784439,
1.,0.866025403784439,1.,0.866025403784439,1.,0.866025403784439,1.,0.866025403784439,
1.,0.866025403784439,1.,0.866025403784439,1.,0.866025403784439,1.,0.866025403784439,
1.,0.866025403784439,1.,0.952513969678236,0.938689889299451)))
REPRESENTATION_ITEM('')
SURFACE()
);
#28=(
BOUNDED_SURFACE()
B_SPLINE_SURFACE(3,2,((#2995,#2996,#2997,#2998,#2999,#3000,#3001,#3002,
#3003,#3004,#3005,#3006,#3007,#3008,#3009,#3010,#3011,#3012,#3013,#3014,
#3015,#3016,#3017,#3018,#3019,#3020,#3021,#3022,#3023,#3024,#3025,#3026,
#3027,#3028,#3029,#3030,#3031,#3032,#3033,#3034,#3035,#3036,#3037,#3038,
#3039,#3040,#3041,#3042,#3043,#3044,#3045,#3046,#3047,#3048,#3049,#3050,
#3051),(#3052,#3053,#3054,#3055,#3056,#3057,#3058,#3059,#3060,#3061,#3062,
#3063,#3064,#3065,#3066,#3067,#3068,#3069,#3070,#3071,#3072,#3073,#3074,
#3075,#3076,#3077,#3078,#3079,#3080,#3081,#3082,#3083,#3084,#3085,#3086,
#3087,#3088,#3089,#3090,#3091,#3092,#3093,#3094,#3095,#3096,#3097,#3098,
#3099,#3100,#3101,#3102,#3103,#3104,#3105,#3106,#3107,#3108),(#3109,#3110,
#3111,#3112,#3113,#3114,#3115,#3116,#3117,#3118,#3119,#3120,#3121,#3122,
#3123,#3124,#3125,#3126,#3127,#3128,#3129,#3130,#3131,#3132,#3133,#3134,
#3135,#3136,#3137,#3138,#3139,#3140,#3141,#3142,#3143,#3144,#3145,#3146,
#3147,#3148,#3149,#3150,#3151,#3152,#3153,#3154,#3155,#3156,#3157,#3158,
#3159,#3160,#3161,#3162,#3163,#3164,#3165),(#3166,#3167,#3168,#3169,#3170,
#3171,#3172,#3173,#3174,#3175,#3176,#3177,#3178,#3179,#3180,#3181,#3182,
#3183,#3184,#3185,#3186,#3187,#3188,#3189,#3190,#3191,#3192,#3193,#3194,
#3195,#3196,#3197,#3198,#3199,#3200,#3201,#3202,#3203,#3204,#3205,#3206,
#3207,#3208,#3209,#3210,#3211,#3212,#3213,#3214,#3215,#3216,#3217,#3218,
#3219,#3220,#3221,#3222)),.UNSPECIFIED.,.F.,.F.,.F.)
B_SPLINE_SURFACE_WITH_KNOTS((4,4),(3,2,2,2,2,2,2,2,2,2,2,2,2,2,2,2,2,2,
2,2,2,2,2,2,2,2,2,2,3),(0.,1.),(0.192160711563282,0.208333333333334,0.229166666666666,
0.25,0.270833333333334,0.291666666666667,0.3125,0.333333333333334,0.354166666666667,
0.375,0.395833333333334,0.416666666666667,0.4375,0.458333333333333,0.479166666666667,
0.5,0.520833333333333,0.541666666666667,0.5625,0.583333333333333,0.604166666666667,
0.625,0.645833333333333,0.666666666666667,0.6875,0.708333333333333,0.729166666666667,
0.75,0.751572140031521),.PIECEWISE_BEZIER_KNOTS.)
GEOMETRIC_REPRESENTATION_ITEM()
RATIONAL_B_SPLINE_SURFACE(((0.953466300211892,0.895997417373298,1.,0.866025403784439,
1.,0.866025403784439,1.,0.866025403784439,1.,0.866025403784439,1.,0.866025403784439,
1.,0.866025403784439,1.,0.866025403784439,1.,0.866025403784439,1.,0.866025403784439,
1.,0.866025403784439,1.,0.866025403784439,1.,0.866025403784439,1.,0.866025403784439,
1.,0.866025403784439,1.,0.866025403784439,1.,0.866025403784439,1.,0.866025403784439,
1.,0.866025403784439,1.,0.866025403784439,1.,0.866025403784439,1.,0.866025403784439,
1.,0.866025403784439,1.,0.866025403784439,1.,0.866025403784439,1.,0.866025403784439,
1.,0.866025403784439,1.,0.989889912355965,0.981305694168639),(0.699208620155302,
0.657064772740338,0.733333333333243,0.635085296108511,0.733333333333243,
0.635085296108511,0.733333333333243,0.635085296108511,0.733333333333243,
0.635085296108511,0.733333333333243,0.635085296108511,0.733333333333243,
0.635085296108511,0.733333333333243,0.635085296108511,0.733333333333243,
0.635085296108511,0.733333333333243,0.635085296108511,0.733333333333243,
0.635085296108511,0.733333333333243,0.635085296108511,0.733333333333243,
0.635085296108511,0.733333333333243,0.635085296108511,0.733333333333243,
0.635085296108511,0.733333333333243,0.635085296108511,0.733333333333243,
0.635085296108511,0.733333333333243,0.635085296108511,0.733333333333243,
0.635085296108511,0.733333333333243,0.635085296108511,0.733333333333243,
0.635085296108511,0.733333333333243,0.635085296108511,0.733333333333243,
0.635085296108511,0.733333333333243,0.635085296108511,0.733333333333243,
0.635085296108511,0.733333333333243,0.635085296108511,0.733333333333243,
0.635085296108511,0.733333333333243,0.725919269060952,0.71962417572358),
(0.699208620155302,0.657064772740338,0.733333333333243,0.635085296108511,
0.733333333333243,0.635085296108511,0.733333333333243,0.635085296108511,
0.733333333333243,0.635085296108511,0.733333333333243,0.635085296108511,
0.733333333333243,0.635085296108511,0.733333333333243,0.635085296108511,
0.733333333333243,0.635085296108511,0.733333333333243,0.635085296108511,
0.733333333333243,0.635085296108511,0.733333333333243,0.635085296108511,
0.733333333333243,0.635085296108511,0.733333333333243,0.635085296108511,
0.733333333333243,0.635085296108511,0.733333333333243,0.635085296108511,
0.733333333333243,0.635085296108511,0.733333333333243,0.635085296108511,
0.733333333333243,0.635085296108511,0.733333333333243,0.635085296108511,
0.733333333333243,0.635085296108511,0.733333333333243,0.635085296108511,
0.733333333333243,0.635085296108511,0.733333333333243,0.635085296108511,
0.733333333333243,0.635085296108511,0.733333333333243,0.635085296108511,
0.733333333333243,0.635085296108511,0.733333333333243,0.725919269060952,
0.71962417572358),(0.953466300211892,0.895997417373298,1.,0.866025403784439,
1.,0.866025403784439,1.,0.866025403784439,1.,0.866025403784439,1.,0.866025403784439,
1.,0.866025403784439,1.,0.866025403784439,1.,0.866025403784439,1.,0.866025403784439,
1.,0.866025403784439,1.,0.866025403784439,1.,0.866025403784439,1.,0.866025403784439,
1.,0.866025403784439,1.,0.866025403784439,1.,0.866025403784439,1.,0.866025403784439,
1.,0.866025403784439,1.,0.866025403784439,1.,0.866025403784439,1.,0.866025403784439,
1.,0.866025403784439,1.,0.866025403784439,1.,0.866025403784439,1.,0.866025403784439,
1.,0.866025403784439,1.,0.989889912355965,0.981305694168639)))
REPRESENTATION_ITEM('')
SURFACE()
);
#29=B_SPLINE_CURVE_WITH_KNOTS('',3,(#1332,#1333,#1334,#1335,#1336),
 .UNSPECIFIED.,.F.,.F.,(4,1,4),(0.000790687871579558,0.00168659717477993,
0.00258250647798029),.UNSPECIFIED.);
#30=B_SPLINE_CURVE_WITH_KNOTS('',3,(#1341,#1342,#1343,#1344,#1345,#1346),
 .UNSPECIFIED.,.F.,.F.,(4,1,1,4),(0.00159558501465311,0.00248374512941106,
0.00292782518679003,0.00337190524416901),.UNSPECIFIED.);
#31=B_SPLINE_CURVE_WITH_KNOTS('',3,(#1348,#1349,#1350,#1351),
 .UNSPECIFIED.,.F.,.F.,(4,4),(0.00183411866558917,0.00274069864898337),
 .UNSPECIFIED.);
#32=B_SPLINE_CURVE_WITH_KNOTS('',3,(#1371,#1372,#1373,#1374),
 .UNSPECIFIED.,.F.,.F.,(4,4),(0.00183439242426967,0.00276255280628436),
 .UNSPECIFIED.);
#33=B_SPLINE_CURVE_WITH_KNOTS('',3,(#1377,#1378,#1379,#1380,#1381,#1382),
 .UNSPECIFIED.,.F.,.F.,(4,1,1,4),(0.0209043052325897,0.0217853895960718,
0.0222259317778129,0.0226664739595539),.UNSPECIFIED.);
#34=B_SPLINE_CURVE_WITH_KNOTS('',3,(#1386,#1387,#1388,#1389,#1390),
 .UNSPECIFIED.,.F.,.F.,(4,1,4),(0.00846439035866415,0.00936007836370947,
0.0102557663687548),.UNSPECIFIED.);
#35=B_SPLINE_CURVE_WITH_KNOTS('',3,(#1391,#1392,#1393,#1394),
 .UNSPECIFIED.,.F.,.F.,(4,4),(0.00183439242427474,0.00276255280629056),
 .UNSPECIFIED.);
#36=B_SPLINE_CURVE_WITH_KNOTS('',3,(#1397,#1398,#1399,#1400,#1401,#1402),
 .UNSPECIFIED.,.F.,.F.,(4,1,1,4),(0.0209043052326175,0.0217853895960996,
0.0222259317778407,0.0226664739595818),.UNSPECIFIED.);
#37=B_SPLINE_CURVE_WITH_KNOTS('',3,(#1406,#1407,#1408,#1409,#1410),
 .UNSPECIFIED.,.F.,.F.,(4,1,4),(0.00846439035866408,0.00936007836370935,
0.0102557663687546),.UNSPECIFIED.);
#38=B_SPLINE_CURVE_WITH_KNOTS('',3,(#1430,#1431,#1432,#1433,#1434),
 .UNSPECIFIED.,.F.,.F.,(4,1,4),(0.000790687871579625,0.00168659717478001,
0.00258250647798038),.UNSPECIFIED.);
#39=B_SPLINE_CURVE_WITH_KNOTS('',3,(#1439,#1440,#1441,#1442,#1443,#1444),
 .UNSPECIFIED.,.F.,.F.,(4,1,1,4),(0.00159558501465303,0.00248374512941106,
0.00292782518679007,0.00337190524416908),.UNSPECIFIED.);
#40=B_SPLINE_CURVE_WITH_KNOTS('',3,(#1446,#1447,#1448,#1449),
 .UNSPECIFIED.,.F.,.F.,(4,4),(0.00183411866558675,0.00274069864898076),
 .UNSPECIFIED.);
#41=B_SPLINE_CURVE_WITH_KNOTS('',3,(#1451,#1452,#1453,#1454,#1455,#1456,
#1457,#1458,#1459,#1460,#1461,#1462,#1463,#1464,#1465,#1466,#1467,#1468,
#1469),.UNSPECIFIED.,.T.,.F.,(1,1,1,1,1,1,1,1,1,1,1,1,1,1,1,1,1,1,1,1,1,
1,1),(-0.1875,-0.125,-0.0625,0.,0.0625,0.125,0.1875,0.25,0.3125,0.375,0.4375,
0.5,0.5625,0.625,0.6875,0.75,0.8125,0.875,0.9375,1.,1.0625,1.125,1.1875),
 .UNSPECIFIED.);
#42=B_SPLINE_CURVE_WITH_KNOTS('',3,(#3251,#3252,#3253,#3254),
 .UNSPECIFIED.,.F.,.F.,(4,4),(0.,0.000775952081323852),.UNSPECIFIED.);
#43=B_SPLINE_CURVE_WITH_KNOTS('',3,(#3262,#3263,#3264,#3265),
 .UNSPECIFIED.,.F.,.F.,(4,4),(0.,0.000775952081323852),.UNSPECIFIED.);
#44=B_SPLINE_CURVE_WITH_KNOTS('',3,(#3287,#3288,#3289,#3290),
 .UNSPECIFIED.,.F.,.F.,(4,4),(0.,0.000775952081323852),.UNSPECIFIED.);
#45=B_SPLINE_CURVE_WITH_KNOTS('',3,(#3298,#3299,#3300,#3301),
 .UNSPECIFIED.,.F.,.F.,(4,4),(0.,0.000775952081323852),.UNSPECIFIED.);
#46=B_SPLINE_CURVE_WITH_KNOTS('',3,(#3309,#3310,#3311,#3312,#3313,#3314,
#3315,#3316,#3317,#3318,#3319,#3320,#3321,#3322,#3323,#3324,#3325,#3326,
#3327,#3328,#3329,#3330,#3331,#3332,#3333,#3334,#3335,#3336,#3337,#3338,
#3339,#3340,#3341,#3342,#3343,#3344,#3345,#3346,#3347,#3348,#3349,#3350,
#3351,#3352,#3353,#3354,#3355,#3356,#3357,#3358,#3359),.UNSPECIFIED.,.T.,
 .F.,(1,1,1,1,1,1,1,1,1,1,1,1,1,1,1,1,1,1,1,1,1,1,1,1,1,1,1,1,1,1,1,1,1,
1,1,1,1,1,1,1,1,1,1,1,1,1,1,1,1,1,1,1,1,1,1),(-0.0641447368421053,-0.0328947368421053,
-0.0164473684210527,0.,0.0296875,0.0452734375,0.060859375,0.09210546875,
0.10773037109375,0.1233552734375,0.154605263671875,0.170230263427734,0.185855263183594,
0.21710526315918,0.232730263158569,0.248355263157959,0.279605263157898,
0.295230263157896,0.310855263157895,0.342105263157895,0.357730263157895,
0.373355263157895,0.404605263157895,0.420230263157895,0.435855263157895,
0.467105263157895,0.482730263157895,0.498355263157895,0.529605263157895,
0.545230263157895,0.560855263157895,0.592105263157895,0.607730263157895,
0.623355263157895,0.654605263157895,0.670230263157895,0.685855263157895,
0.717105263157895,0.732730263157895,0.748355263157895,0.779605263157895,
0.795230263157895,0.810855263157895,0.842105263157895,0.857730263157895,
0.873355263157895,0.904605263157895,0.920230263157895,0.935855263157895,
0.967105263157895,0.983552631578947,1.,1.0296875,1.0452734375,1.060859375),
 .UNSPECIFIED.);
#47=PLANE('',#954);
#48=PLANE('',#962);
#49=PLANE('',#965);
#50=PLANE('',#967);
#51=PLANE('',#977);
#52=PLANE('',#981);
#53=PLANE('',#991);
#54=PLANE('',#994);
#55=PLANE('',#996);
#56=PLANE('',#998);
#57=PLANE('',#1000);
#58=PLANE('',#1001);
#59=PLANE('',#1007);
#60=PLANE('',#1009);
#61=PLANE('',#1013);
#62=PLANE('',#1014);
#63=PLANE('',#1015);
#64=PLANE('',#1016);
#65=PLANE('',#1019);
#66=PLANE('',#1020);
#67=PLANE('',#1021);
#68=PLANE('',#1022);
#69=PLANE('',#1023);
#70=PLANE('',#1029);
#71=PLANE('',#1033);
#72=CIRCLE('',#949,0.055);
#73=CIRCLE('',#950,0.055);
#74=CIRCLE('',#952,0.055);
#75=CIRCLE('',#953,0.055);
#76=CIRCLE('',#955,0.0061);
#77=CIRCLE('',#956,0.00010000000000002);
#78=CIRCLE('',#957,0.0028);
#79=CIRCLE('',#958,0.000100000000000006);
#80=CIRCLE('',#959,0.0061);
#81=CIRCLE('',#960,0.00085);
#82=CIRCLE('',#961,0.000849999999999991);
#83=CIRCLE('',#963,0.0061);
#84=CIRCLE('',#964,0.00085);
#85=CIRCLE('',#966,0.0006);
#86=CIRCLE('',#968,0.055);
#87=CIRCLE('',#969,0.055);
#88=CIRCLE('',#970,0.0006);
#89=CIRCLE('',#971,0.0006);
#90=CIRCLE('',#972,0.00085);
#91=CIRCLE('',#973,0.00085);
#92=CIRCLE('',#974,0.000849999999999991);
#93=CIRCLE('',#975,0.00085);
#94=CIRCLE('',#976,0.003);
#95=CIRCLE('',#978,0.0006);
#96=CIRCLE('',#980,0.06);
#97=CIRCLE('',#982,0.00010000000000002);
#98=CIRCLE('',#983,0.0061);
#99=CIRCLE('',#984,0.000100000000000006);
#100=CIRCLE('',#985,0.0028);
#101=CIRCLE('',#986,0.0045);
#102=CIRCLE('',#988,0.0045);
#103=CIRCLE('',#990,0.003);
#104=CIRCLE('',#993,0.00085);
#105=CIRCLE('',#1002,0.0061);
#106=CIRCLE('',#1012,0.055);
#107=CIRCLE('',#1018,0.055);
#108=CIRCLE('',#1024,0.058);
#109=CIRCLE('',#1025,0.058);
#110=CIRCLE('',#1027,0.0575);
#111=CIRCLE('',#1028,0.0575);
#112=CIRCLE('',#1031,0.0575);
#113=CIRCLE('',#1032,0.0575);
#114=ORIENTED_EDGE('',*,*,#380,.F.);
#115=ORIENTED_EDGE('',*,*,#381,.T.);
#116=ORIENTED_EDGE('',*,*,#382,.T.);
#117=ORIENTED_EDGE('',*,*,#383,.F.);
#118=ORIENTED_EDGE('',*,*,#384,.F.);
#119=ORIENTED_EDGE('',*,*,#385,.T.);
#120=ORIENTED_EDGE('',*,*,#386,.T.);
#121=ORIENTED_EDGE('',*,*,#387,.F.);
#122=ORIENTED_EDGE('',*,*,#388,.F.);
#123=ORIENTED_EDGE('',*,*,#389,.T.);
#124=ORIENTED_EDGE('',*,*,#390,.F.);
#125=ORIENTED_EDGE('',*,*,#391,.F.);
#126=ORIENTED_EDGE('',*,*,#392,.F.);
#127=ORIENTED_EDGE('',*,*,#393,.T.);
#128=ORIENTED_EDGE('',*,*,#394,.F.);
#129=ORIENTED_EDGE('',*,*,#395,.F.);
#130=ORIENTED_EDGE('',*,*,#396,.T.);
#131=ORIENTED_EDGE('',*,*,#397,.T.);
#132=ORIENTED_EDGE('',*,*,#398,.T.);
#133=ORIENTED_EDGE('',*,*,#399,.T.);
#134=ORIENTED_EDGE('',*,*,#400,.F.);
#135=ORIENTED_EDGE('',*,*,#401,.T.);
#136=ORIENTED_EDGE('',*,*,#402,.T.);
#137=ORIENTED_EDGE('',*,*,#403,.T.);
#138=ORIENTED_EDGE('',*,*,#404,.F.);
#139=ORIENTED_EDGE('',*,*,#405,.T.);
#140=ORIENTED_EDGE('',*,*,#406,.F.);
#141=ORIENTED_EDGE('',*,*,#407,.F.);
#142=ORIENTED_EDGE('',*,*,#408,.T.);
#143=ORIENTED_EDGE('',*,*,#409,.T.);
#144=ORIENTED_EDGE('',*,*,#410,.F.);
#145=ORIENTED_EDGE('',*,*,#387,.T.);
#146=ORIENTED_EDGE('',*,*,#411,.T.);
#147=ORIENTED_EDGE('',*,*,#412,.F.);
#148=ORIENTED_EDGE('',*,*,#413,.T.);
#149=ORIENTED_EDGE('',*,*,#414,.T.);
#150=ORIENTED_EDGE('',*,*,#415,.T.);
#151=ORIENTED_EDGE('',*,*,#383,.T.);
#152=ORIENTED_EDGE('',*,*,#416,.F.);
#153=ORIENTED_EDGE('',*,*,#417,.F.);
#154=ORIENTED_EDGE('',*,*,#418,.T.);
#155=ORIENTED_EDGE('',*,*,#419,.T.);
#156=ORIENTED_EDGE('',*,*,#420,.F.);
#157=ORIENTED_EDGE('',*,*,#421,.T.);
#158=ORIENTED_EDGE('',*,*,#422,.T.);
#159=ORIENTED_EDGE('',*,*,#423,.T.);
#160=ORIENTED_EDGE('',*,*,#424,.F.);
#161=ORIENTED_EDGE('',*,*,#425,.T.);
#162=ORIENTED_EDGE('',*,*,#426,.F.);
#163=ORIENTED_EDGE('',*,*,#427,.F.);
#164=ORIENTED_EDGE('',*,*,#428,.F.);
#165=ORIENTED_EDGE('',*,*,#429,.F.);
#166=ORIENTED_EDGE('',*,*,#430,.F.);
#167=ORIENTED_EDGE('',*,*,#431,.F.);
#168=ORIENTED_EDGE('',*,*,#432,.F.);
#169=ORIENTED_EDGE('',*,*,#433,.T.);
#170=ORIENTED_EDGE('',*,*,#434,.F.);
#171=ORIENTED_EDGE('',*,*,#435,.F.);
#172=ORIENTED_EDGE('',*,*,#436,.T.);
#173=ORIENTED_EDGE('',*,*,#437,.F.);
#174=ORIENTED_EDGE('',*,*,#438,.F.);
#175=ORIENTED_EDGE('',*,*,#439,.T.);
#176=ORIENTED_EDGE('',*,*,#440,.T.);
#177=ORIENTED_EDGE('',*,*,#441,.F.);
#178=ORIENTED_EDGE('',*,*,#442,.T.);
#179=ORIENTED_EDGE('',*,*,#443,.F.);
#180=ORIENTED_EDGE('',*,*,#444,.T.);
#181=ORIENTED_EDGE('',*,*,#445,.T.);
#182=ORIENTED_EDGE('',*,*,#446,.T.);
#183=ORIENTED_EDGE('',*,*,#440,.F.);
#184=ORIENTED_EDGE('',*,*,#447,.T.);
#185=ORIENTED_EDGE('',*,*,#448,.T.);
#186=ORIENTED_EDGE('',*,*,#447,.F.);
#187=ORIENTED_EDGE('',*,*,#449,.F.);
#188=ORIENTED_EDGE('',*,*,#434,.T.);
#189=ORIENTED_EDGE('',*,*,#449,.T.);
#190=ORIENTED_EDGE('',*,*,#448,.F.);
#191=ORIENTED_EDGE('',*,*,#426,.T.);
#192=ORIENTED_EDGE('',*,*,#450,.F.);
#193=ORIENTED_EDGE('',*,*,#451,.F.);
#194=ORIENTED_EDGE('',*,*,#452,.T.);
#195=ORIENTED_EDGE('',*,*,#433,.F.);
#196=ORIENTED_EDGE('',*,*,#453,.F.);
#197=ORIENTED_EDGE('',*,*,#395,.T.);
#198=ORIENTED_EDGE('',*,*,#454,.T.);
#199=ORIENTED_EDGE('',*,*,#450,.T.);
#200=ORIENTED_EDGE('',*,*,#432,.T.);
#201=ORIENTED_EDGE('',*,*,#455,.F.);
#202=ORIENTED_EDGE('',*,*,#396,.F.);
#203=ORIENTED_EDGE('',*,*,#453,.T.);
#204=ORIENTED_EDGE('',*,*,#431,.T.);
#205=ORIENTED_EDGE('',*,*,#456,.F.);
#206=ORIENTED_EDGE('',*,*,#397,.F.);
#207=ORIENTED_EDGE('',*,*,#455,.T.);
#208=ORIENTED_EDGE('',*,*,#430,.T.);
#209=ORIENTED_EDGE('',*,*,#457,.F.);
#210=ORIENTED_EDGE('',*,*,#398,.F.);
#211=ORIENTED_EDGE('',*,*,#456,.T.);
#212=ORIENTED_EDGE('',*,*,#429,.T.);
#213=ORIENTED_EDGE('',*,*,#458,.F.);
#214=ORIENTED_EDGE('',*,*,#401,.F.);
#215=ORIENTED_EDGE('',*,*,#399,.F.);
#216=ORIENTED_EDGE('',*,*,#457,.T.);
#217=ORIENTED_EDGE('',*,*,#428,.T.);
#218=ORIENTED_EDGE('',*,*,#459,.F.);
#219=ORIENTED_EDGE('',*,*,#402,.F.);
#220=ORIENTED_EDGE('',*,*,#458,.T.);
#221=ORIENTED_EDGE('',*,*,#427,.T.);
#222=ORIENTED_EDGE('',*,*,#452,.F.);
#223=ORIENTED_EDGE('',*,*,#460,.F.);
#224=ORIENTED_EDGE('',*,*,#403,.F.);
#225=ORIENTED_EDGE('',*,*,#459,.T.);
#226=ORIENTED_EDGE('',*,*,#461,.F.);
#227=ORIENTED_EDGE('',*,*,#460,.T.);
#228=ORIENTED_EDGE('',*,*,#451,.T.);
#229=ORIENTED_EDGE('',*,*,#454,.F.);
#230=ORIENTED_EDGE('',*,*,#437,.T.);
#231=ORIENTED_EDGE('',*,*,#462,.F.);
#232=ORIENTED_EDGE('',*,*,#423,.F.);
#233=ORIENTED_EDGE('',*,*,#463,.T.);
#234=ORIENTED_EDGE('',*,*,#425,.F.);
#235=ORIENTED_EDGE('',*,*,#464,.T.);
#236=ORIENTED_EDGE('',*,*,#435,.T.);
#237=ORIENTED_EDGE('',*,*,#465,.F.);
#238=ORIENTED_EDGE('',*,*,#438,.T.);
#239=ORIENTED_EDGE('',*,*,#463,.F.);
#240=ORIENTED_EDGE('',*,*,#422,.F.);
#241=ORIENTED_EDGE('',*,*,#465,.T.);
#242=ORIENTED_EDGE('',*,*,#424,.T.);
#243=ORIENTED_EDGE('',*,*,#462,.T.);
#244=ORIENTED_EDGE('',*,*,#436,.F.);
#245=ORIENTED_EDGE('',*,*,#464,.F.);
#246=ORIENTED_EDGE('',*,*,#406,.T.);
#247=ORIENTED_EDGE('',*,*,#466,.F.);
#248=ORIENTED_EDGE('',*,*,#419,.F.);
#249=ORIENTED_EDGE('',*,*,#467,.T.);
#250=ORIENTED_EDGE('',*,*,#421,.F.);
#251=ORIENTED_EDGE('',*,*,#468,.T.);
#252=ORIENTED_EDGE('',*,*,#404,.T.);
#253=ORIENTED_EDGE('',*,*,#469,.F.);
#254=ORIENTED_EDGE('',*,*,#407,.T.);
#255=ORIENTED_EDGE('',*,*,#467,.F.);
#256=ORIENTED_EDGE('',*,*,#418,.F.);
#257=ORIENTED_EDGE('',*,*,#469,.T.);
#258=ORIENTED_EDGE('',*,*,#420,.T.);
#259=ORIENTED_EDGE('',*,*,#466,.T.);
#260=ORIENTED_EDGE('',*,*,#405,.F.);
#261=ORIENTED_EDGE('',*,*,#468,.F.);
#262=ORIENTED_EDGE('',*,*,#470,.T.);
#263=ORIENTED_EDGE('',*,*,#388,.T.);
#264=ORIENTED_EDGE('',*,*,#400,.T.);
#265=ORIENTED_EDGE('',*,*,#461,.T.);
#266=ORIENTED_EDGE('',*,*,#394,.T.);
#267=ORIENTED_EDGE('',*,*,#471,.F.);
#268=ORIENTED_EDGE('',*,*,#442,.F.);
#269=ORIENTED_EDGE('',*,*,#443,.T.);
#270=ORIENTED_EDGE('',*,*,#471,.T.);
#271=ORIENTED_EDGE('',*,*,#393,.F.);
#272=ORIENTED_EDGE('',*,*,#472,.F.);
#273=ORIENTED_EDGE('',*,*,#472,.T.);
#274=ORIENTED_EDGE('',*,*,#392,.T.);
#275=ORIENTED_EDGE('',*,*,#473,.F.);
#276=ORIENTED_EDGE('',*,*,#444,.F.);
#277=ORIENTED_EDGE('',*,*,#473,.T.);
#278=ORIENTED_EDGE('',*,*,#391,.T.);
#279=ORIENTED_EDGE('',*,*,#474,.F.);
#280=ORIENTED_EDGE('',*,*,#445,.F.);
#281=ORIENTED_EDGE('',*,*,#474,.T.);
#282=ORIENTED_EDGE('',*,*,#390,.T.);
#283=ORIENTED_EDGE('',*,*,#475,.F.);
#284=ORIENTED_EDGE('',*,*,#446,.F.);
#285=ORIENTED_EDGE('',*,*,#441,.T.);
#286=ORIENTED_EDGE('',*,*,#475,.T.);
#287=ORIENTED_EDGE('',*,*,#389,.F.);
#288=ORIENTED_EDGE('',*,*,#470,.F.);
#289=ORIENTED_EDGE('',*,*,#408,.F.);
#290=ORIENTED_EDGE('',*,*,#476,.F.);
#291=ORIENTED_EDGE('',*,*,#477,.T.);
#292=ORIENTED_EDGE('',*,*,#478,.T.);
#293=ORIENTED_EDGE('',*,*,#417,.T.);
#294=ORIENTED_EDGE('',*,*,#479,.F.);
#295=ORIENTED_EDGE('',*,*,#480,.F.);
#296=ORIENTED_EDGE('',*,*,#476,.T.);
#297=ORIENTED_EDGE('',*,*,#416,.T.);
#298=ORIENTED_EDGE('',*,*,#382,.F.);
#299=ORIENTED_EDGE('',*,*,#481,.T.);
#300=ORIENTED_EDGE('',*,*,#482,.T.);
#301=ORIENTED_EDGE('',*,*,#483,.T.);
#302=ORIENTED_EDGE('',*,*,#484,.F.);
#303=ORIENTED_EDGE('',*,*,#479,.T.);
#304=ORIENTED_EDGE('',*,*,#415,.F.);
#305=ORIENTED_EDGE('',*,*,#485,.F.);
#306=ORIENTED_EDGE('',*,*,#486,.T.);
#307=ORIENTED_EDGE('',*,*,#487,.T.);
#308=ORIENTED_EDGE('',*,*,#488,.F.);
#309=ORIENTED_EDGE('',*,*,#489,.F.);
#310=ORIENTED_EDGE('',*,*,#380,.T.);
#311=ORIENTED_EDGE('',*,*,#414,.F.);
#312=ORIENTED_EDGE('',*,*,#490,.F.);
#313=ORIENTED_EDGE('',*,*,#491,.T.);
#314=ORIENTED_EDGE('',*,*,#485,.T.);
#315=ORIENTED_EDGE('',*,*,#413,.F.);
#316=ORIENTED_EDGE('',*,*,#492,.F.);
#317=ORIENTED_EDGE('',*,*,#493,.T.);
#318=ORIENTED_EDGE('',*,*,#490,.T.);
#319=ORIENTED_EDGE('',*,*,#412,.T.);
#320=ORIENTED_EDGE('',*,*,#494,.F.);
#321=ORIENTED_EDGE('',*,*,#495,.F.);
#322=ORIENTED_EDGE('',*,*,#492,.T.);
#323=ORIENTED_EDGE('',*,*,#411,.F.);
#324=ORIENTED_EDGE('',*,*,#386,.F.);
#325=ORIENTED_EDGE('',*,*,#496,.F.);
#326=ORIENTED_EDGE('',*,*,#497,.T.);
#327=ORIENTED_EDGE('',*,*,#498,.T.);
#328=ORIENTED_EDGE('',*,*,#499,.T.);
#329=ORIENTED_EDGE('',*,*,#494,.T.);
#330=ORIENTED_EDGE('',*,*,#410,.T.);
#331=ORIENTED_EDGE('',*,*,#500,.F.);
#332=ORIENTED_EDGE('',*,*,#501,.F.);
#333=ORIENTED_EDGE('',*,*,#502,.T.);
#334=ORIENTED_EDGE('',*,*,#503,.F.);
#335=ORIENTED_EDGE('',*,*,#504,.T.);
#336=ORIENTED_EDGE('',*,*,#384,.T.);
#337=ORIENTED_EDGE('',*,*,#409,.F.);
#338=ORIENTED_EDGE('',*,*,#478,.F.);
#339=ORIENTED_EDGE('',*,*,#505,.T.);
#340=ORIENTED_EDGE('',*,*,#500,.T.);
#341=ORIENTED_EDGE('',*,*,#506,.T.);
#342=ORIENTED_EDGE('',*,*,#484,.T.);
#343=ORIENTED_EDGE('',*,*,#507,.T.);
#344=ORIENTED_EDGE('',*,*,#486,.F.);
#345=ORIENTED_EDGE('',*,*,#491,.F.);
#346=ORIENTED_EDGE('',*,*,#493,.F.);
#347=ORIENTED_EDGE('',*,*,#495,.T.);
#348=ORIENTED_EDGE('',*,*,#499,.F.);
#349=ORIENTED_EDGE('',*,*,#508,.T.);
#350=ORIENTED_EDGE('',*,*,#501,.T.);
#351=ORIENTED_EDGE('',*,*,#505,.F.);
#352=ORIENTED_EDGE('',*,*,#477,.F.);
#353=ORIENTED_EDGE('',*,*,#480,.T.);
#354=ORIENTED_EDGE('',*,*,#488,.T.);
#355=ORIENTED_EDGE('',*,*,#509,.T.);
#356=ORIENTED_EDGE('',*,*,#482,.F.);
#357=ORIENTED_EDGE('',*,*,#510,.F.);
#358=ORIENTED_EDGE('',*,*,#381,.F.);
#359=ORIENTED_EDGE('',*,*,#489,.T.);
#360=ORIENTED_EDGE('',*,*,#510,.T.);
#361=ORIENTED_EDGE('',*,*,#481,.F.);
#362=ORIENTED_EDGE('',*,*,#503,.T.);
#363=ORIENTED_EDGE('',*,*,#511,.T.);
#364=ORIENTED_EDGE('',*,*,#497,.F.);
#365=ORIENTED_EDGE('',*,*,#512,.F.);
#366=ORIENTED_EDGE('',*,*,#512,.T.);
#367=ORIENTED_EDGE('',*,*,#496,.T.);
#368=ORIENTED_EDGE('',*,*,#385,.F.);
#369=ORIENTED_EDGE('',*,*,#504,.F.);
#370=ORIENTED_EDGE('',*,*,#487,.F.);
#371=ORIENTED_EDGE('',*,*,#507,.F.);
#372=ORIENTED_EDGE('',*,*,#483,.F.);
#373=ORIENTED_EDGE('',*,*,#509,.F.);
#374=ORIENTED_EDGE('',*,*,#502,.F.);
#375=ORIENTED_EDGE('',*,*,#508,.F.);
#376=ORIENTED_EDGE('',*,*,#498,.F.);
#377=ORIENTED_EDGE('',*,*,#511,.F.);
#378=ORIENTED_EDGE('',*,*,#439,.F.);
#379=ORIENTED_EDGE('',*,*,#506,.F.);
#380=EDGE_CURVE('',#513,#514,#603,.T.);
#381=EDGE_CURVE('',#513,#515,#72,.T.);
#382=EDGE_CURVE('',#515,#516,#604,.T.);
#383=EDGE_CURVE('',#514,#516,#73,.T.);
#384=EDGE_CURVE('',#517,#518,#605,.T.);
#385=EDGE_CURVE('',#517,#519,#74,.T.);
#386=EDGE_CURVE('',#519,#520,#606,.T.);
#387=EDGE_CURVE('',#518,#520,#75,.T.);
#388=EDGE_CURVE('',#521,#522,#76,.T.);
#389=EDGE_CURVE('',#521,#523,#77,.T.);
#390=EDGE_CURVE('',#524,#523,#607,.T.);
#391=EDGE_CURVE('',#525,#524,#78,.T.);
#392=EDGE_CURVE('',#526,#525,#608,.T.);
#393=EDGE_CURVE('',#526,#527,#79,.T.);
#394=EDGE_CURVE('',#528,#527,#80,.T.);
#395=EDGE_CURVE('',#529,#528,#609,.T.);
#396=EDGE_CURVE('',#529,#530,#81,.T.);
#397=EDGE_CURVE('',#530,#531,#610,.T.);
#398=EDGE_CURVE('',#531,#532,#82,.T.);
#399=EDGE_CURVE('',#532,#522,#611,.T.);
#400=EDGE_CURVE('',#522,#533,#83,.T.);
#401=EDGE_CURVE('',#522,#534,#612,.T.);
#402=EDGE_CURVE('',#534,#535,#84,.T.);
#403=EDGE_CURVE('',#535,#533,#613,.T.);
#404=EDGE_CURVE('',#536,#537,#29,.F.);
#405=EDGE_CURVE('',#536,#538,#85,.T.);
#406=EDGE_CURVE('',#539,#538,#30,.T.);
#407=EDGE_CURVE('',#537,#539,#31,.T.);
#408=EDGE_CURVE('',#540,#541,#86,.T.);
#409=EDGE_CURVE('',#541,#542,#614,.T.);
#410=EDGE_CURVE('',#518,#542,#615,.T.);
#411=EDGE_CURVE('',#520,#543,#616,.T.);
#412=EDGE_CURVE('',#544,#543,#617,.T.);
#413=EDGE_CURVE('',#544,#545,#87,.T.);
#414=EDGE_CURVE('',#545,#546,#618,.T.);
#415=EDGE_CURVE('',#546,#514,#619,.T.);
#416=EDGE_CURVE('',#547,#516,#620,.T.);
#417=EDGE_CURVE('',#540,#547,#621,.T.);
#418=EDGE_CURVE('',#548,#549,#32,.T.);
#419=EDGE_CURVE('',#549,#550,#33,.T.);
#420=EDGE_CURVE('',#551,#550,#88,.T.);
#421=EDGE_CURVE('',#551,#548,#34,.T.);
#422=EDGE_CURVE('',#552,#553,#35,.T.);
#423=EDGE_CURVE('',#553,#554,#36,.T.);
#424=EDGE_CURVE('',#555,#554,#89,.T.);
#425=EDGE_CURVE('',#555,#552,#37,.T.);
#426=EDGE_CURVE('',#556,#557,#90,.T.);
#427=EDGE_CURVE('',#558,#556,#622,.T.);
#428=EDGE_CURVE('',#559,#558,#91,.T.);
#429=EDGE_CURVE('',#560,#559,#623,.T.);
#430=EDGE_CURVE('',#561,#560,#92,.T.);
#431=EDGE_CURVE('',#562,#561,#624,.T.);
#432=EDGE_CURVE('',#563,#562,#93,.T.);
#433=EDGE_CURVE('',#563,#557,#625,.T.);
#434=EDGE_CURVE('',#564,#564,#94,.T.);
#435=EDGE_CURVE('',#565,#566,#38,.F.);
#436=EDGE_CURVE('',#565,#567,#95,.T.);
#437=EDGE_CURVE('',#568,#567,#39,.T.);
#438=EDGE_CURVE('',#566,#568,#40,.T.);
#439=EDGE_CURVE('',#569,#569,#41,.T.);
#440=EDGE_CURVE('',#570,#570,#96,.T.);
#441=EDGE_CURVE('',#571,#572,#97,.T.);
#442=EDGE_CURVE('',#571,#573,#98,.T.);
#443=EDGE_CURVE('',#574,#573,#99,.T.);
#444=EDGE_CURVE('',#574,#575,#626,.T.);
#445=EDGE_CURVE('',#575,#576,#100,.T.);
#446=EDGE_CURVE('',#576,#572,#627,.T.);
#447=EDGE_CURVE('',#577,#577,#101,.T.);
#448=EDGE_CURVE('',#578,#578,#102,.T.);
#449=EDGE_CURVE('',#579,#579,#103,.T.);
#450=EDGE_CURVE('',#580,#557,#628,.T.);
#451=EDGE_CURVE('',#581,#580,#104,.T.);
#452=EDGE_CURVE('',#581,#556,#629,.T.);
#453=EDGE_CURVE('',#529,#563,#630,.T.);
#454=EDGE_CURVE('',#528,#580,#631,.T.);
#455=EDGE_CURVE('',#530,#562,#632,.T.);
#456=EDGE_CURVE('',#531,#561,#633,.T.);
#457=EDGE_CURVE('',#532,#560,#634,.T.);
#458=EDGE_CURVE('',#534,#559,#635,.T.);
#459=EDGE_CURVE('',#535,#558,#636,.T.);
#460=EDGE_CURVE('',#533,#581,#637,.T.);
#461=EDGE_CURVE('',#533,#528,#105,.T.);
#462=EDGE_CURVE('',#554,#567,#15,.T.);
#463=EDGE_CURVE('',#553,#568,#16,.T.);
#464=EDGE_CURVE('',#555,#565,#17,.T.);
#465=EDGE_CURVE('',#552,#566,#18,.T.);
#466=EDGE_CURVE('',#550,#538,#19,.T.);
#467=EDGE_CURVE('',#549,#539,#20,.T.);
#468=EDGE_CURVE('',#551,#536,#21,.T.);
#469=EDGE_CURVE('',#548,#537,#22,.T.);
#470=EDGE_CURVE('',#571,#521,#638,.T.);
#471=EDGE_CURVE('',#573,#527,#639,.T.);
#472=EDGE_CURVE('',#574,#526,#640,.T.);
#473=EDGE_CURVE('',#575,#525,#641,.T.);
#474=EDGE_CURVE('',#576,#524,#642,.T.);
#475=EDGE_CURVE('',#572,#523,#643,.T.);
#476=EDGE_CURVE('',#582,#540,#644,.T.);
#477=EDGE_CURVE('',#582,#583,#106,.T.);
#478=EDGE_CURVE('',#583,#541,#645,.T.);
#479=EDGE_CURVE('',#584,#547,#646,.T.);
#480=EDGE_CURVE('',#582,#584,#647,.T.);
#481=EDGE_CURVE('',#515,#585,#648,.T.);
#482=EDGE_CURVE('',#585,#586,#649,.T.);
#483=EDGE_CURVE('',#586,#587,#42,.T.);
#484=EDGE_CURVE('',#584,#587,#650,.T.);
#485=EDGE_CURVE('',#588,#546,#651,.T.);
#486=EDGE_CURVE('',#588,#589,#652,.T.);
#487=EDGE_CURVE('',#589,#590,#43,.T.);
#488=EDGE_CURVE('',#591,#590,#653,.T.);
#489=EDGE_CURVE('',#513,#591,#654,.T.);
#490=EDGE_CURVE('',#592,#545,#655,.T.);
#491=EDGE_CURVE('',#592,#588,#656,.T.);
#492=EDGE_CURVE('',#593,#544,#657,.T.);
#493=EDGE_CURVE('',#593,#592,#107,.T.);
#494=EDGE_CURVE('',#594,#543,#658,.T.);
#495=EDGE_CURVE('',#593,#594,#659,.T.);
#496=EDGE_CURVE('',#595,#519,#660,.T.);
#497=EDGE_CURVE('',#595,#596,#661,.T.);
#498=EDGE_CURVE('',#596,#597,#44,.T.);
#499=EDGE_CURVE('',#597,#594,#662,.T.);
#500=EDGE_CURVE('',#598,#542,#663,.T.);
#501=EDGE_CURVE('',#599,#598,#664,.T.);
#502=EDGE_CURVE('',#599,#600,#45,.T.);
#503=EDGE_CURVE('',#601,#600,#665,.T.);
#504=EDGE_CURVE('',#601,#517,#666,.T.);
#505=EDGE_CURVE('',#583,#598,#667,.T.);
#506=EDGE_CURVE('',#602,#602,#46,.T.);
#507=EDGE_CURVE('',#587,#589,#108,.F.);
#508=EDGE_CURVE('',#597,#599,#109,.F.);
#509=EDGE_CURVE('',#590,#586,#110,.T.);
#510=EDGE_CURVE('',#591,#585,#111,.T.);
#511=EDGE_CURVE('',#600,#596,#112,.T.);
#512=EDGE_CURVE('',#601,#595,#113,.T.);
#513=VERTEX_POINT('',#1282);
#514=VERTEX_POINT('',#1283);
#515=VERTEX_POINT('',#1285);
#516=VERTEX_POINT('',#1287);
#517=VERTEX_POINT('',#1291);
#518=VERTEX_POINT('',#1292);
#519=VERTEX_POINT('',#1294);
#520=VERTEX_POINT('',#1296);
#521=VERTEX_POINT('',#1300);
#522=VERTEX_POINT('',#1301);
#523=VERTEX_POINT('',#1303);
#524=VERTEX_POINT('',#1305);
#525=VERTEX_POINT('',#1307);
#526=VERTEX_POINT('',#1309);
#527=VERTEX_POINT('',#1311);
#528=VERTEX_POINT('',#1313);
#529=VERTEX_POINT('',#1315);
#530=VERTEX_POINT('',#1317);
#531=VERTEX_POINT('',#1319);
#532=VERTEX_POINT('',#1321);
#533=VERTEX_POINT('',#1325);
#534=VERTEX_POINT('',#1327);
#535=VERTEX_POINT('',#1329);
#536=VERTEX_POINT('',#1337);
#537=VERTEX_POINT('',#1338);
#538=VERTEX_POINT('',#1340);
#539=VERTEX_POINT('',#1347);
#540=VERTEX_POINT('',#1354);
#541=VERTEX_POINT('',#1355);
#542=VERTEX_POINT('',#1357);
#543=VERTEX_POINT('',#1360);
#544=VERTEX_POINT('',#1362);
#545=VERTEX_POINT('',#1364);
#546=VERTEX_POINT('',#1366);
#547=VERTEX_POINT('',#1369);
#548=VERTEX_POINT('',#1375);
#549=VERTEX_POINT('',#1376);
#550=VERTEX_POINT('',#1383);
#551=VERTEX_POINT('',#1385);
#552=VERTEX_POINT('',#1395);
#553=VERTEX_POINT('',#1396);
#554=VERTEX_POINT('',#1403);
#555=VERTEX_POINT('',#1405);
#556=VERTEX_POINT('',#1412);
#557=VERTEX_POINT('',#1413);
#558=VERTEX_POINT('',#1415);
#559=VERTEX_POINT('',#1417);
#560=VERTEX_POINT('',#1419);
#561=VERTEX_POINT('',#1421);
#562=VERTEX_POINT('',#1423);
#563=VERTEX_POINT('',#1425);
#564=VERTEX_POINT('',#1428);
#565=VERTEX_POINT('',#1435);
#566=VERTEX_POINT('',#1436);
#567=VERTEX_POINT('',#1438);
#568=VERTEX_POINT('',#1445);
#569=VERTEX_POINT('',#1470);
#570=VERTEX_POINT('',#1472);
#571=VERTEX_POINT('',#1475);
#572=VERTEX_POINT('',#1476);
#573=VERTEX_POINT('',#1478);
#574=VERTEX_POINT('',#1480);
#575=VERTEX_POINT('',#1482);
#576=VERTEX_POINT('',#1484);
#577=VERTEX_POINT('',#1487);
#578=VERTEX_POINT('',#1490);
#579=VERTEX_POINT('',#1493);
#580=VERTEX_POINT('',#1497);
#581=VERTEX_POINT('',#1499);
#582=VERTEX_POINT('',#3238);
#583=VERTEX_POINT('',#3240);
#584=VERTEX_POINT('',#3244);
#585=VERTEX_POINT('',#3248);
#586=VERTEX_POINT('',#3250);
#587=VERTEX_POINT('',#3255);
#588=VERTEX_POINT('',#3259);
#589=VERTEX_POINT('',#3261);
#590=VERTEX_POINT('',#3266);
#591=VERTEX_POINT('',#3268);
#592=VERTEX_POINT('',#3272);
#593=VERTEX_POINT('',#3276);
#594=VERTEX_POINT('',#3280);
#595=VERTEX_POINT('',#3284);
#596=VERTEX_POINT('',#3286);
#597=VERTEX_POINT('',#3291);
#598=VERTEX_POINT('',#3295);
#599=VERTEX_POINT('',#3297);
#600=VERTEX_POINT('',#3302);
#601=VERTEX_POINT('',#3304);
#602=VERTEX_POINT('',#3360);
#603=LINE('',#1281,#668);
#604=LINE('',#1286,#669);
#605=LINE('',#1290,#670);
#606=LINE('',#1295,#671);
#607=LINE('',#1304,#672);
#608=LINE('',#1308,#673);
#609=LINE('',#1314,#674);
#610=LINE('',#1318,#675);
#611=LINE('',#1322,#676);
#612=LINE('',#1326,#677);
#613=LINE('',#1330,#678);
#614=LINE('',#1356,#679);
#615=LINE('',#1358,#680);
#616=LINE('',#1359,#681);
#617=LINE('',#1361,#682);
#618=LINE('',#1365,#683);
#619=LINE('',#1367,#684);
#620=LINE('',#1368,#685);
#621=LINE('',#1370,#686);
#622=LINE('',#1414,#687);
#623=LINE('',#1418,#688);
#624=LINE('',#1422,#689);
#625=LINE('',#1426,#690);
#626=LINE('',#1481,#691);
#627=LINE('',#1485,#692);
#628=LINE('',#1496,#693);
#629=LINE('',#1500,#694);
#630=LINE('',#1502,#695);
#631=LINE('',#1503,#696);
#632=LINE('',#1505,#697);
#633=LINE('',#1507,#698);
#634=LINE('',#1509,#699);
#635=LINE('',#1511,#700);
#636=LINE('',#1513,#701);
#637=LINE('',#1515,#702);
#638=LINE('',#3225,#703);
#639=LINE('',#3226,#704);
#640=LINE('',#3228,#705);
#641=LINE('',#3230,#706);
#642=LINE('',#3232,#707);
#643=LINE('',#3234,#708);
#644=LINE('',#3237,#709);
#645=LINE('',#3241,#710);
#646=LINE('',#3243,#711);
#647=LINE('',#3245,#712);
#648=LINE('',#3247,#713);
#649=LINE('',#3249,#714);
#650=LINE('',#3256,#715);
#651=LINE('',#3258,#716);
#652=LINE('',#3260,#717);
#653=LINE('',#3267,#718);
#654=LINE('',#3269,#719);
#655=LINE('',#3271,#720);
#656=LINE('',#3273,#721);
#657=LINE('',#3275,#722);
#658=LINE('',#3279,#723);
#659=LINE('',#3281,#724);
#660=LINE('',#3283,#725);
#661=LINE('',#3285,#726);
#662=LINE('',#3292,#727);
#663=LINE('',#3294,#728);
#664=LINE('',#3296,#729);
#665=LINE('',#3303,#730);
#666=LINE('',#3305,#731);
#667=LINE('',#3307,#732);
#668=VECTOR('',#1040,1.);
#669=VECTOR('',#1043,1.);
#670=VECTOR('',#1048,1.);
#671=VECTOR('',#1051,1.);
#672=VECTOR('',#1060,1.);
#673=VECTOR('',#1063,1.);
#674=VECTOR('',#1068,1.);
#675=VECTOR('',#1071,1.);
#676=VECTOR('',#1074,1.);
#677=VECTOR('',#1079,1.);
#678=VECTOR('',#1082,1.);
#679=VECTOR('',#1091,1.);
#680=VECTOR('',#1092,1.);
#681=VECTOR('',#1093,1.);
#682=VECTOR('',#1094,1.);
#683=VECTOR('',#1097,1.);
#684=VECTOR('',#1098,1.);
#685=VECTOR('',#1099,1.);
#686=VECTOR('',#1100,1.);
#687=VECTOR('',#1107,1.);
#688=VECTOR('',#1110,1.);
#689=VECTOR('',#1113,1.);
#690=VECTOR('',#1116,1.);
#691=VECTOR('',#1135,1.);
#692=VECTOR('',#1138,1.);
#693=VECTOR('',#1153,1.);
#694=VECTOR('',#1156,1.);
#695=VECTOR('',#1159,1.);
#696=VECTOR('',#1160,1.);
#697=VECTOR('',#1163,1.);
#698=VECTOR('',#1166,1.);
#699=VECTOR('',#1169,1.);
#700=VECTOR('',#1172,1.);
#701=VECTOR('',#1175,1.);
#702=VECTOR('',#1178,1.);
#703=VECTOR('',#1189,1.);
#704=VECTOR('',#1190,1.);
#705=VECTOR('',#1193,1.);
#706=VECTOR('',#1196,1.);
#707=VECTOR('',#1199,1.);
#708=VECTOR('',#1202,1.);
#709=VECTOR('',#1207,1.);
#710=VECTOR('',#1210,1.);
#711=VECTOR('',#1213,1.);
#712=VECTOR('',#1214,1.);
#713=VECTOR('',#1217,1.);
#714=VECTOR('',#1218,1.);
#715=VECTOR('',#1219,1.);
#716=VECTOR('',#1222,1.);
#717=VECTOR('',#1223,1.);
#718=VECTOR('',#1224,1.);
#719=VECTOR('',#1225,1.);
#720=VECTOR('',#1228,1.);
#721=VECTOR('',#1229,1.);
#722=VECTOR('',#1232,1.);
#723=VECTOR('',#1237,1.);
#724=VECTOR('',#1238,1.);
#725=VECTOR('',#1241,1.);
#726=VECTOR('',#1242,1.);
#727=VECTOR('',#1243,1.);
#728=VECTOR('',#1246,1.);
#729=VECTOR('',#1247,1.);
#730=VECTOR('',#1248,1.);
#731=VECTOR('',#1249,1.);
#732=VECTOR('',#1252,1.);
#733=EDGE_LOOP('',(#114,#115,#116,#117));
#734=EDGE_LOOP('',(#118,#119,#120,#121));
#735=EDGE_LOOP('',(#122,#123,#124,#125,#126,#127,#128,#129,#130,#131,#132,
#133));
#736=EDGE_LOOP('',(#134,#135,#136,#137));
#737=EDGE_LOOP('',(#138,#139,#140,#141));
#738=EDGE_LOOP('',(#142,#143,#144,#145,#146,#147,#148,#149,#150,#151,#152,
#153));
#739=EDGE_LOOP('',(#154,#155,#156,#157));
#740=EDGE_LOOP('',(#158,#159,#160,#161));
#741=EDGE_LOOP('',(#162,#163,#164,#165,#166,#167,#168,#169));
#742=EDGE_LOOP('',(#170));
#743=EDGE_LOOP('',(#171,#172,#173,#174));
#744=EDGE_LOOP('',(#175));
#745=EDGE_LOOP('',(#176));
#746=EDGE_LOOP('',(#177,#178,#179,#180,#181,#182));
#747=EDGE_LOOP('',(#183));
#748=EDGE_LOOP('',(#184));
#749=EDGE_LOOP('',(#185));
#750=EDGE_LOOP('',(#186));
#751=EDGE_LOOP('',(#187));
#752=EDGE_LOOP('',(#188));
#753=EDGE_LOOP('',(#189));
#754=EDGE_LOOP('',(#190));
#755=EDGE_LOOP('',(#191,#192,#193,#194));
#756=EDGE_LOOP('',(#195,#196,#197,#198,#199));
#757=EDGE_LOOP('',(#200,#201,#202,#203));
#758=EDGE_LOOP('',(#204,#205,#206,#207));
#759=EDGE_LOOP('',(#208,#209,#210,#211));
#760=EDGE_LOOP('',(#212,#213,#214,#215,#216));
#761=EDGE_LOOP('',(#217,#218,#219,#220));
#762=EDGE_LOOP('',(#221,#222,#223,#224,#225));
#763=EDGE_LOOP('',(#226,#227,#228,#229));
#764=EDGE_LOOP('',(#230,#231,#232,#233));
#765=EDGE_LOOP('',(#234,#235,#236,#237));
#766=EDGE_LOOP('',(#238,#239,#240,#241));
#767=EDGE_LOOP('',(#242,#243,#244,#245));
#768=EDGE_LOOP('',(#246,#247,#248,#249));
#769=EDGE_LOOP('',(#250,#251,#252,#253));
#770=EDGE_LOOP('',(#254,#255,#256,#257));
#771=EDGE_LOOP('',(#258,#259,#260,#261));
#772=EDGE_LOOP('',(#262,#263,#264,#265,#266,#267,#268));
#773=EDGE_LOOP('',(#269,#270,#271,#272));
#774=EDGE_LOOP('',(#273,#274,#275,#276));
#775=EDGE_LOOP('',(#277,#278,#279,#280));
#776=EDGE_LOOP('',(#281,#282,#283,#284));
#777=EDGE_LOOP('',(#285,#286,#287,#288));
#778=EDGE_LOOP('',(#289,#290,#291,#292));
#779=EDGE_LOOP('',(#293,#294,#295,#296));
#780=EDGE_LOOP('',(#297,#298,#299,#300,#301,#302,#303));
#781=EDGE_LOOP('',(#304,#305,#306,#307,#308,#309,#310));
#782=EDGE_LOOP('',(#311,#312,#313,#314));
#783=EDGE_LOOP('',(#315,#316,#317,#318));
#784=EDGE_LOOP('',(#319,#320,#321,#322));
#785=EDGE_LOOP('',(#323,#324,#325,#326,#327,#328,#329));
#786=EDGE_LOOP('',(#330,#331,#332,#333,#334,#335,#336));
#787=EDGE_LOOP('',(#337,#338,#339,#340));
#788=EDGE_LOOP('',(#341));
#789=EDGE_LOOP('',(#342,#343,#344,#345,#346,#347,#348,#349,#350,#351,#352,
#353));
#790=EDGE_LOOP('',(#354,#355,#356,#357));
#791=EDGE_LOOP('',(#358,#359,#360,#361));
#792=EDGE_LOOP('',(#362,#363,#364,#365));
#793=EDGE_LOOP('',(#366,#367,#368,#369));
#794=EDGE_LOOP('',(#370,#371,#372,#373));
#795=EDGE_LOOP('',(#374,#375,#376,#377));
#796=EDGE_LOOP('',(#378));
#797=EDGE_LOOP('',(#379));
#798=FACE_BOUND('',#733,.T.);
#799=FACE_BOUND('',#734,.T.);
#800=FACE_BOUND('',#735,.T.);
#801=FACE_BOUND('',#736,.T.);
#802=FACE_BOUND('',#737,.T.);
#803=FACE_BOUND('',#738,.T.);
#804=FACE_BOUND('',#739,.T.);
#805=FACE_BOUND('',#740,.T.);
#806=FACE_BOUND('',#741,.T.);
#807=FACE_BOUND('',#742,.T.);
#808=FACE_BOUND('',#743,.T.);
#809=FACE_BOUND('',#744,.T.);
#810=FACE_BOUND('',#745,.T.);
#811=FACE_BOUND('',#746,.T.);
#812=FACE_BOUND('',#747,.T.);
#813=FACE_BOUND('',#748,.T.);
#814=FACE_BOUND('',#749,.T.);
#815=FACE_BOUND('',#750,.T.);
#816=FACE_BOUND('',#751,.T.);
#817=FACE_BOUND('',#752,.T.);
#818=FACE_BOUND('',#753,.T.);
#819=FACE_BOUND('',#754,.T.);
#820=FACE_BOUND('',#755,.T.);
#821=FACE_BOUND('',#756,.T.);
#822=FACE_BOUND('',#757,.T.);
#823=FACE_BOUND('',#758,.T.);
#824=FACE_BOUND('',#759,.T.);
#825=FACE_BOUND('',#760,.T.);
#826=FACE_BOUND('',#761,.T.);
#827=FACE_BOUND('',#762,.T.);
#828=FACE_BOUND('',#763,.T.);
#829=FACE_BOUND('',#764,.T.);
#830=FACE_BOUND('',#765,.T.);
#831=FACE_BOUND('',#766,.T.);
#832=FACE_BOUND('',#767,.T.);
#833=FACE_BOUND('',#768,.T.);
#834=FACE_BOUND('',#769,.T.);
#835=FACE_BOUND('',#770,.T.);
#836=FACE_BOUND('',#771,.T.);
#837=FACE_BOUND('',#772,.T.);
#838=FACE_BOUND('',#773,.T.);
#839=FACE_BOUND('',#774,.T.);
#840=FACE_BOUND('',#775,.T.);
#841=FACE_BOUND('',#776,.T.);
#842=FACE_BOUND('',#777,.T.);
#843=FACE_BOUND('',#778,.T.);
#844=FACE_BOUND('',#779,.T.);
#845=FACE_BOUND('',#780,.T.);
#846=FACE_BOUND('',#781,.T.);
#847=FACE_BOUND('',#782,.T.);
#848=FACE_BOUND('',#783,.T.);
#849=FACE_BOUND('',#784,.T.);
#850=FACE_BOUND('',#785,.T.);
#851=FACE_BOUND('',#786,.T.);
#852=FACE_BOUND('',#787,.T.);
#853=FACE_BOUND('',#788,.T.);
#854=FACE_BOUND('',#789,.T.);
#855=FACE_BOUND('',#790,.T.);
#856=FACE_BOUND('',#791,.T.);
#857=FACE_BOUND('',#792,.T.);
#858=FACE_BOUND('',#793,.T.);
#859=FACE_BOUND('',#794,.T.);
#860=FACE_BOUND('',#795,.T.);
#861=FACE_BOUND('',#796,.T.);
#862=FACE_BOUND('',#797,.T.);
#863=CYLINDRICAL_SURFACE('',#948,0.055);
#864=CYLINDRICAL_SURFACE('',#951,0.055);
#865=CYLINDRICAL_SURFACE('',#979,0.06);
#866=CYLINDRICAL_SURFACE('',#987,0.0045);
#867=CYLINDRICAL_SURFACE('',#989,0.003);
#868=CYLINDRICAL_SURFACE('',#992,0.00085);
#869=CYLINDRICAL_SURFACE('',#995,0.00085);
#870=CYLINDRICAL_SURFACE('',#997,0.000849999999999991);
#871=CYLINDRICAL_SURFACE('',#999,0.00085);
#872=CYLINDRICAL_SURFACE('',#1003,0.0006);
#873=CYLINDRICAL_SURFACE('',#1004,0.0006);
#874=CYLINDRICAL_SURFACE('',#1005,0.0061);
#875=CYLINDRICAL_SURFACE('',#1006,0.000100000000000006);
#876=CYLINDRICAL_SURFACE('',#1008,0.0028);
#877=CYLINDRICAL_SURFACE('',#1010,0.00010000000000002);
#878=CYLINDRICAL_SURFACE('',#1011,0.055);
#879=CYLINDRICAL_SURFACE('',#1017,0.055);
#880=CYLINDRICAL_SURFACE('',#1026,0.0575);
#881=CYLINDRICAL_SURFACE('',#1030,0.0575);
#882=ADVANCED_FACE('',(#798),#863,.F.);
#883=ADVANCED_FACE('',(#799),#864,.F.);
#884=ADVANCED_FACE('',(#800),#47,.T.);
#885=ADVANCED_FACE('',(#801),#48,.T.);
#886=ADVANCED_FACE('',(#802),#49,.T.);
#887=ADVANCED_FACE('',(#803,#804,#805,#806,#807),#50,.T.);
#888=ADVANCED_FACE('',(#808),#51,.T.);
#889=ADVANCED_FACE('',(#809,#810),#865,.T.);
#890=ADVANCED_FACE('',(#811,#812,#813),#52,.F.);
#891=ADVANCED_FACE('',(#814,#815),#866,.T.);
#892=ADVANCED_FACE('',(#816,#817),#867,.F.);
#893=ADVANCED_FACE('',(#818,#819),#53,.F.);
#894=ADVANCED_FACE('',(#820),#868,.F.);
#895=ADVANCED_FACE('',(#821),#54,.T.);
#896=ADVANCED_FACE('',(#822),#869,.F.);
#897=ADVANCED_FACE('',(#823),#55,.F.);
#898=ADVANCED_FACE('',(#824),#870,.F.);
#899=ADVANCED_FACE('',(#825),#56,.F.);
#900=ADVANCED_FACE('',(#826),#871,.F.);
#901=ADVANCED_FACE('',(#827),#57,.F.);
#902=ADVANCED_FACE('',(#828),#58,.T.);
#903=ADVANCED_FACE('',(#829),#23,.F.);
#904=ADVANCED_FACE('',(#830),#24,.F.);
#905=ADVANCED_FACE('',(#831),#25,.F.);
#906=ADVANCED_FACE('',(#832),#872,.F.);
#907=ADVANCED_FACE('',(#833),#26,.F.);
#908=ADVANCED_FACE('',(#834),#27,.F.);
#909=ADVANCED_FACE('',(#835),#28,.F.);
#910=ADVANCED_FACE('',(#836),#873,.F.);
#911=ADVANCED_FACE('',(#837),#874,.F.);
#912=ADVANCED_FACE('',(#838),#875,.T.);
#913=ADVANCED_FACE('',(#839),#59,.F.);
#914=ADVANCED_FACE('',(#840),#876,.F.);
#915=ADVANCED_FACE('',(#841),#60,.F.);
#916=ADVANCED_FACE('',(#842),#877,.T.);
#917=ADVANCED_FACE('',(#843),#878,.F.);
#918=ADVANCED_FACE('',(#844),#61,.F.);
#919=ADVANCED_FACE('',(#845),#62,.F.);
#920=ADVANCED_FACE('',(#846),#63,.T.);
#921=ADVANCED_FACE('',(#847),#64,.T.);
#922=ADVANCED_FACE('',(#848),#879,.F.);
#923=ADVANCED_FACE('',(#849),#65,.F.);
#924=ADVANCED_FACE('',(#850),#66,.T.);
#925=ADVANCED_FACE('',(#851),#67,.F.);
#926=ADVANCED_FACE('',(#852),#68,.T.);
#927=ADVANCED_FACE('',(#853,#854),#69,.T.);
#928=ADVANCED_FACE('',(#855),#880,.F.);
#929=ADVANCED_FACE('',(#856),#70,.T.);
#930=ADVANCED_FACE('',(#857),#881,.F.);
#931=ADVANCED_FACE('',(#858),#71,.T.);
#932=ADVANCED_FACE('',(#859),#13,.F.);
#933=ADVANCED_FACE('',(#860),#14,.F.);
#934=ADVANCED_FACE('',(#861,#862),#12,.T.);
#935=CLOSED_SHELL('',(#882,#883,#884,#885,#886,#887,#888,#889,#890,#891,
#892,#893,#894,#895,#896,#897,#898,#899,#900,#901,#902,#903,#904,#905,#906,
#907,#908,#909,#910,#911,#912,#913,#914,#915,#916,#917,#918,#919,#920,#921,
#922,#923,#924,#925,#926,#927,#928,#929,#930,#931,#932,#933,#934));
#936=STYLED_ITEM('',(#937),#944);
#937=PRESENTATION_STYLE_ASSIGNMENT((#938));
#938=SURFACE_STYLE_USAGE(.BOTH.,#939);
#939=SURFACE_SIDE_STYLE('',(#940));
#940=SURFACE_STYLE_FILL_AREA(#941);
#941=FILL_AREA_STYLE('',(#942));
#942=FILL_AREA_STYLE_COLOUR('',#943);
#943=COLOUR_RGB('',0.972549019607843,0.972549019607843,0.972549019607843);
#944=MANIFOLD_SOLID_BREP('Turntable',#935);
#945=SHAPE_DEFINITION_REPRESENTATION(#3481,#946);
#946=SHAPE_REPRESENTATION('Turntable',(#947),#3476);
#947=AXIS2_PLACEMENT_3D('',#1279,#1036,#1037);
#948=AXIS2_PLACEMENT_3D('',#1280,#1038,#1039);
#949=AXIS2_PLACEMENT_3D('',#1284,#1041,#1042);
#950=AXIS2_PLACEMENT_3D('',#1288,#1044,#1045);
#951=AXIS2_PLACEMENT_3D('',#1289,#1046,#1047);
#952=AXIS2_PLACEMENT_3D('',#1293,#1049,#1050);
#953=AXIS2_PLACEMENT_3D('',#1297,#1052,#1053);
#954=AXIS2_PLACEMENT_3D('',#1298,#1054,#1055);
#955=AXIS2_PLACEMENT_3D('',#1299,#1056,#1057);
#956=AXIS2_PLACEMENT_3D('',#1302,#1058,#1059);
#957=AXIS2_PLACEMENT_3D('',#1306,#1061,#1062);
#958=AXIS2_PLACEMENT_3D('',#1310,#1064,#1065);
#959=AXIS2_PLACEMENT_3D('',#1312,#1066,#1067);
#960=AXIS2_PLACEMENT_3D('',#1316,#1069,#1070);
#961=AXIS2_PLACEMENT_3D('',#1320,#1072,#1073);
#962=AXIS2_PLACEMENT_3D('',#1323,#1075,#1076);
#963=AXIS2_PLACEMENT_3D('',#1324,#1077,#1078);
#964=AXIS2_PLACEMENT_3D('',#1328,#1080,#1081);
#965=AXIS2_PLACEMENT_3D('',#1331,#1083,#1084);
#966=AXIS2_PLACEMENT_3D('',#1339,#1085,#1086);
#967=AXIS2_PLACEMENT_3D('',#1352,#1087,#1088);
#968=AXIS2_PLACEMENT_3D('',#1353,#1089,#1090);
#969=AXIS2_PLACEMENT_3D('',#1363,#1095,#1096);
#970=AXIS2_PLACEMENT_3D('',#1384,#1101,#1102);
#971=AXIS2_PLACEMENT_3D('',#1404,#1103,#1104);
#972=AXIS2_PLACEMENT_3D('',#1411,#1105,#1106);
#973=AXIS2_PLACEMENT_3D('',#1416,#1108,#1109);
#974=AXIS2_PLACEMENT_3D('',#1420,#1111,#1112);
#975=AXIS2_PLACEMENT_3D('',#1424,#1114,#1115);
#976=AXIS2_PLACEMENT_3D('',#1427,#1117,#1118);
#977=AXIS2_PLACEMENT_3D('',#1429,#1119,#1120);
#978=AXIS2_PLACEMENT_3D('',#1437,#1121,#1122);
#979=AXIS2_PLACEMENT_3D('',#1450,#1123,#1124);
#980=AXIS2_PLACEMENT_3D('',#1471,#1125,#1126);
#981=AXIS2_PLACEMENT_3D('',#1473,#1127,#1128);
#982=AXIS2_PLACEMENT_3D('',#1474,#1129,#1130);
#983=AXIS2_PLACEMENT_3D('',#1477,#1131,#1132);
#984=AXIS2_PLACEMENT_3D('',#1479,#1133,#1134);
#985=AXIS2_PLACEMENT_3D('',#1483,#1136,#1137);
#986=AXIS2_PLACEMENT_3D('',#1486,#1139,#1140);
#987=AXIS2_PLACEMENT_3D('',#1488,#1141,#1142);
#988=AXIS2_PLACEMENT_3D('',#1489,#1143,#1144);
#989=AXIS2_PLACEMENT_3D('',#1491,#1145,#1146);
#990=AXIS2_PLACEMENT_3D('',#1492,#1147,#1148);
#991=AXIS2_PLACEMENT_3D('',#1494,#1149,#1150);
#992=AXIS2_PLACEMENT_3D('',#1495,#1151,#1152);
#993=AXIS2_PLACEMENT_3D('',#1498,#1154,#1155);
#994=AXIS2_PLACEMENT_3D('',#1501,#1157,#1158);
#995=AXIS2_PLACEMENT_3D('',#1504,#1161,#1162);
#996=AXIS2_PLACEMENT_3D('',#1506,#1164,#1165);
#997=AXIS2_PLACEMENT_3D('',#1508,#1167,#1168);
#998=AXIS2_PLACEMENT_3D('',#1510,#1170,#1171);
#999=AXIS2_PLACEMENT_3D('',#1512,#1173,#1174);
#1000=AXIS2_PLACEMENT_3D('',#1514,#1176,#1177);
#1001=AXIS2_PLACEMENT_3D('',#1516,#1179,#1180);
#1002=AXIS2_PLACEMENT_3D('',#1517,#1181,#1182);
#1003=AXIS2_PLACEMENT_3D('',#2370,#1183,#1184);
#1004=AXIS2_PLACEMENT_3D('',#3223,#1185,#1186);
#1005=AXIS2_PLACEMENT_3D('',#3224,#1187,#1188);
#1006=AXIS2_PLACEMENT_3D('',#3227,#1191,#1192);
#1007=AXIS2_PLACEMENT_3D('',#3229,#1194,#1195);
#1008=AXIS2_PLACEMENT_3D('',#3231,#1197,#1198);
#1009=AXIS2_PLACEMENT_3D('',#3233,#1200,#1201);
#1010=AXIS2_PLACEMENT_3D('',#3235,#1203,#1204);
#1011=AXIS2_PLACEMENT_3D('',#3236,#1205,#1206);
#1012=AXIS2_PLACEMENT_3D('',#3239,#1208,#1209);
#1013=AXIS2_PLACEMENT_3D('',#3242,#1211,#1212);
#1014=AXIS2_PLACEMENT_3D('',#3246,#1215,#1216);
#1015=AXIS2_PLACEMENT_3D('',#3257,#1220,#1221);
#1016=AXIS2_PLACEMENT_3D('',#3270,#1226,#1227);
#1017=AXIS2_PLACEMENT_3D('',#3274,#1230,#1231);
#1018=AXIS2_PLACEMENT_3D('',#3277,#1233,#1234);
#1019=AXIS2_PLACEMENT_3D('',#3278,#1235,#1236);
#1020=AXIS2_PLACEMENT_3D('',#3282,#1239,#1240);
#1021=AXIS2_PLACEMENT_3D('',#3293,#1244,#1245);
#1022=AXIS2_PLACEMENT_3D('',#3306,#1250,#1251);
#1023=AXIS2_PLACEMENT_3D('',#3308,#1253,#1254);
#1024=AXIS2_PLACEMENT_3D('',#3361,#1255,#1256);
#1025=AXIS2_PLACEMENT_3D('',#3362,#1257,#1258);
#1026=AXIS2_PLACEMENT_3D('',#3363,#1259,#1260);
#1027=AXIS2_PLACEMENT_3D('',#3364,#1261,#1262);
#1028=AXIS2_PLACEMENT_3D('',#3365,#1263,#1264);
#1029=AXIS2_PLACEMENT_3D('',#3366,#1265,#1266);
#1030=AXIS2_PLACEMENT_3D('',#3367,#1267,#1268);
#1031=AXIS2_PLACEMENT_3D('',#3368,#1269,#1270);
#1032=AXIS2_PLACEMENT_3D('',#3369,#1271,#1272);
#1033=AXIS2_PLACEMENT_3D('',#3370,#1273,#1274);
#1034=AXIS2_PLACEMENT_3D('',#3371,#1275,#1276);
#1035=AXIS2_PLACEMENT_3D('',#3372,#1277,#1278);
#1036=DIRECTION('',(0.,0.,1.));
#1037=DIRECTION('',(1.,0.,0.));
#1038=DIRECTION('',(0.,0.,-1.));
#1039=DIRECTION('',(-1.,0.,0.));
#1040=DIRECTION('',(0.,0.,-1.));
#1041=DIRECTION('',(0.,0.,1.));
#1042=DIRECTION('',(1.,0.,0.));
#1043=DIRECTION('',(0.,0.,-1.));
#1044=DIRECTION('',(0.,0.,1.));
#1045=DIRECTION('',(1.,0.,0.));
#1046=DIRECTION('',(0.,0.,-1.));
#1047=DIRECTION('',(-1.,0.,0.));
#1048=DIRECTION('',(0.,0.,-1.));
#1049=DIRECTION('',(0.,0.,1.));
#1050=DIRECTION('',(1.,0.,0.));
#1051=DIRECTION('',(0.,0.,-1.));
#1052=DIRECTION('',(0.,0.,1.));
#1053=DIRECTION('',(1.,0.,0.));
#1054=DIRECTION('',(0.,0.,1.));
#1055=DIRECTION('',(1.,0.,0.));
#1056=DIRECTION('',(0.,0.,1.));
#1057=DIRECTION('',(1.,0.,0.));
#1058=DIRECTION('',(0.,0.,1.));
#1059=DIRECTION('',(1.,0.,0.));
#1060=DIRECTION('',(1.,0.,0.));
#1061=DIRECTION('',(0.,0.,1.));
#1062=DIRECTION('',(1.,0.,0.));
#1063=DIRECTION('',(-1.,0.,0.));
#1064=DIRECTION('',(0.,0.,1.));
#1065=DIRECTION('',(1.,0.,0.));
#1066=DIRECTION('',(0.,0.,1.));
#1067=DIRECTION('',(1.,0.,0.));
#1068=DIRECTION('',(1.,0.,0.));
#1069=DIRECTION('',(0.,0.,1.));
#1070=DIRECTION('',(1.,0.,0.));
#1071=DIRECTION('',(6.60847038467351E-15,-1.,0.));
#1072=DIRECTION('',(0.,0.,1.));
#1073=DIRECTION('',(1.,0.,0.));
#1074=DIRECTION('',(1.,0.,0.));
#1075=DIRECTION('',(0.,0.,1.));
#1076=DIRECTION('',(1.,0.,0.));
#1077=DIRECTION('',(0.,0.,1.));
#1078=DIRECTION('',(1.,0.,0.));
#1079=DIRECTION('',(1.,0.,0.));
#1080=DIRECTION('',(0.,0.,1.));
#1081=DIRECTION('',(1.,0.,0.));
#1082=DIRECTION('',(-6.58526504882849E-15,1.,0.));
#1083=DIRECTION('',(0.,0.,1.));
#1084=DIRECTION('',(1.,0.,0.));
#1085=DIRECTION('',(0.,0.,1.));
#1086=DIRECTION('',(1.,0.,0.));
#1087=DIRECTION('',(0.,0.,1.));
#1088=DIRECTION('',(1.,0.,0.));
#1089=DIRECTION('',(0.,0.,1.));
#1090=DIRECTION('',(1.,0.,0.));
#1091=DIRECTION('',(-1.,0.,0.));
#1092=DIRECTION('',(2.25810300499817E-16,-1.,0.));
#1093=DIRECTION('',(2.25810300499817E-16,-1.,0.));
#1094=DIRECTION('',(1.,4.62592926927149E-16,0.));
#1095=DIRECTION('',(0.,0.,1.));
#1096=DIRECTION('',(1.,0.,0.));
#1097=DIRECTION('',(0.999977778518491,0.00666651852346467,0.));
#1098=DIRECTION('',(4.48700218226376E-16,-1.,0.));
#1099=DIRECTION('',(2.25810300499817E-16,-1.,0.));
#1100=DIRECTION('',(-1.,0.,0.));
#1101=DIRECTION('',(0.,0.,1.));
#1102=DIRECTION('',(1.,0.,0.));
#1103=DIRECTION('',(0.,0.,1.));
#1104=DIRECTION('',(1.,0.,0.));
#1105=DIRECTION('',(0.,0.,1.));
#1106=DIRECTION('',(1.,0.,0.));
#1107=DIRECTION('',(-6.58526504882849E-15,1.,0.));
#1108=DIRECTION('',(0.,0.,1.));
#1109=DIRECTION('',(1.,0.,0.));
#1110=DIRECTION('',(1.,0.,0.));
#1111=DIRECTION('',(0.,0.,1.));
#1112=DIRECTION('',(1.,0.,0.));
#1113=DIRECTION('',(6.60847038467351E-15,-1.,0.));
#1114=DIRECTION('',(0.,0.,1.));
#1115=DIRECTION('',(1.,0.,0.));
#1116=DIRECTION('',(1.,0.,0.));
#1117=DIRECTION('',(0.,0.,1.));
#1118=DIRECTION('',(1.,0.,0.));
#1119=DIRECTION('',(0.,0.,1.));
#1120=DIRECTION('',(1.,0.,0.));
#1121=DIRECTION('',(0.,0.,1.));
#1122=DIRECTION('',(1.,0.,0.));
#1123=DIRECTION('',(0.,0.,-1.));
#1124=DIRECTION('',(-1.,0.,0.));
#1125=DIRECTION('',(0.,0.,1.));
#1126=DIRECTION('',(1.,0.,0.));
#1127=DIRECTION('',(0.,0.,1.));
#1128=DIRECTION('',(1.,0.,0.));
#1129=DIRECTION('',(0.,0.,1.));
#1130=DIRECTION('',(1.,0.,0.));
#1131=DIRECTION('',(0.,0.,1.));
#1132=DIRECTION('',(1.,0.,0.));
#1133=DIRECTION('',(0.,0.,1.));
#1134=DIRECTION('',(1.,0.,0.));
#1135=DIRECTION('',(-1.,0.,0.));
#1136=DIRECTION('',(0.,0.,1.));
#1137=DIRECTION('',(1.,0.,0.));
#1138=DIRECTION('',(1.,0.,0.));
#1139=DIRECTION('',(0.,0.,1.));
#1140=DIRECTION('',(1.,0.,0.));
#1141=DIRECTION('',(0.,0.,1.));
#1142=DIRECTION('',(1.,0.,0.));
#1143=DIRECTION('',(0.,0.,1.));
#1144=DIRECTION('',(1.,0.,0.));
#1145=DIRECTION('',(0.,0.,1.));
#1146=DIRECTION('',(1.,0.,0.));
#1147=DIRECTION('',(0.,0.,1.));
#1148=DIRECTION('',(1.,0.,0.));
#1149=DIRECTION('',(0.,0.,1.));
#1150=DIRECTION('',(1.,0.,0.));
#1151=DIRECTION('',(0.,0.,1.));
#1152=DIRECTION('',(1.,0.,0.));
#1153=DIRECTION('',(0.,0.,1.));
#1154=DIRECTION('',(0.,0.,1.));
#1155=DIRECTION('',(1.,0.,0.));
#1156=DIRECTION('',(0.,0.,1.));
#1157=DIRECTION('',(0.,-1.,0.));
#1158=DIRECTION('',(0.,0.,-1.));
#1159=DIRECTION('',(0.,0.,1.));
#1160=DIRECTION('',(1.,0.,0.));
#1161=DIRECTION('',(0.,0.,1.));
#1162=DIRECTION('',(1.,0.,0.));
#1163=DIRECTION('',(0.,0.,1.));
#1164=DIRECTION('',(-1.,-6.60847038467351E-15,0.));
#1165=DIRECTION('',(6.60847038467351E-15,-1.,0.));
#1166=DIRECTION('',(0.,0.,1.));
#1167=DIRECTION('',(0.,0.,1.));
#1168=DIRECTION('',(1.,0.,0.));
#1169=DIRECTION('',(0.,0.,1.));
#1170=DIRECTION('',(0.,-1.,0.));
#1171=DIRECTION('',(0.,0.,-1.));
#1172=DIRECTION('',(0.,0.,1.));
#1173=DIRECTION('',(0.,0.,1.));
#1174=DIRECTION('',(1.,0.,0.));
#1175=DIRECTION('',(0.,0.,1.));
#1176=DIRECTION('',(1.,6.58526504882849E-15,0.));
#1177=DIRECTION('',(-6.58526504882849E-15,1.,0.));
#1178=DIRECTION('',(-6.58526504882849E-15,1.,0.));
#1179=DIRECTION('',(0.,0.,1.));
#1180=DIRECTION('',(1.,0.,0.));
#1181=DIRECTION('',(0.,0.,1.));
#1182=DIRECTION('',(1.,0.,0.));
#1183=DIRECTION('',(0.,0.,-1.));
#1184=DIRECTION('',(-1.,0.,0.));
#1185=DIRECTION('',(0.,0.,-1.));
#1186=DIRECTION('',(-1.,0.,0.));
#1187=DIRECTION('',(0.,0.,1.));
#1188=DIRECTION('',(1.,0.,0.));
#1189=DIRECTION('',(0.,0.,1.));
#1190=DIRECTION('',(0.,0.,1.));
#1191=DIRECTION('',(0.,0.,1.));
#1192=DIRECTION('',(1.,0.,0.));
#1193=DIRECTION('',(0.,0.,1.));
#1194=DIRECTION('',(0.,1.,0.));
#1195=DIRECTION('',(0.,0.,1.));
#1196=DIRECTION('',(0.,0.,1.));
#1197=DIRECTION('',(0.,0.,1.));
#1198=DIRECTION('',(1.,0.,0.));
#1199=DIRECTION('',(0.,0.,1.));
#1200=DIRECTION('',(0.,-1.,0.));
#1201=DIRECTION('',(0.,0.,-1.));
#1202=DIRECTION('',(0.,0.,1.));
#1203=DIRECTION('',(0.,0.,1.));
#1204=DIRECTION('',(1.,0.,0.));
#1205=DIRECTION('',(0.,0.,-1.));
#1206=DIRECTION('',(-1.,0.,0.));
#1207=DIRECTION('',(0.,0.,-1.));
#1208=DIRECTION('',(0.,0.,1.));
#1209=DIRECTION('',(1.,0.,0.));
#1210=DIRECTION('',(0.,0.,-1.));
#1211=DIRECTION('',(0.,-1.,0.));
#1212=DIRECTION('',(0.,0.,-1.));
#1213=DIRECTION('',(0.,0.,-1.));
#1214=DIRECTION('',(-1.,0.,0.));
#1215=DIRECTION('',(1.,2.25810300499817E-16,0.));
#1216=DIRECTION('',(-2.25810300499817E-16,1.,0.));
#1217=DIRECTION('',(0.,-1.,0.));
#1218=DIRECTION('',(0.,0.,1.));
#1219=DIRECTION('',(2.25810300499817E-16,-1.,0.));
#1220=DIRECTION('',(1.,4.48700218226376E-16,0.));
#1221=DIRECTION('',(-4.48700218226376E-16,1.,0.));
#1222=DIRECTION('',(0.,0.,-1.));
#1223=DIRECTION('',(4.48700218226376E-16,-1.,0.));
#1224=DIRECTION('',(0.,0.,1.));
#1225=DIRECTION('',(0.,-1.,0.));
#1226=DIRECTION('',(-0.00666651852346467,0.999977778518491,0.));
#1227=DIRECTION('',(-0.999977778518491,-0.00666651852346467,0.));
#1228=DIRECTION('',(0.,0.,-1.));
#1229=DIRECTION('',(0.999977778518491,0.00666651852346467,0.));
#1230=DIRECTION('',(0.,0.,-1.));
#1231=DIRECTION('',(-1.,0.,0.));
#1232=DIRECTION('',(0.,0.,-1.));
#1233=DIRECTION('',(0.,0.,1.));
#1234=DIRECTION('',(1.,0.,0.));
#1235=DIRECTION('',(-4.62592926927149E-16,1.,0.));
#1236=DIRECTION('',(-1.,-4.62592926927149E-16,0.));
#1237=DIRECTION('',(0.,0.,-1.));
#1238=DIRECTION('',(1.,4.62592926927149E-16,0.));
#1239=DIRECTION('',(1.,2.25810300499817E-16,0.));
#1240=DIRECTION('',(-2.25810300499817E-16,1.,0.));
#1241=DIRECTION('',(0.,-1.,0.));
#1242=DIRECTION('',(0.,0.,1.));
#1243=DIRECTION('',(2.25810300499817E-16,-1.,0.));
#1244=DIRECTION('',(1.,2.25810300499817E-16,0.));
#1245=DIRECTION('',(-2.25810300499817E-16,1.,0.));
#1246=DIRECTION('',(0.,0.,-1.));
#1247=DIRECTION('',(2.25810300499817E-16,-1.,0.));
#1248=DIRECTION('',(0.,0.,1.));
#1249=DIRECTION('',(0.,-1.,0.));
#1250=DIRECTION('',(0.,-1.,0.));
#1251=DIRECTION('',(0.,0.,-1.));
#1252=DIRECTION('',(-1.,0.,0.));
#1253=DIRECTION('',(0.,0.,1.));
#1254=DIRECTION('',(1.,0.,0.));
#1255=DIRECTION('',(0.,0.,1.));
#1256=DIRECTION('',(1.,0.,0.));
#1257=DIRECTION('',(0.,0.,1.));
#1258=DIRECTION('',(1.,0.,0.));
#1259=DIRECTION('',(0.,0.,1.));
#1260=DIRECTION('',(1.,0.,0.));
#1261=DIRECTION('',(0.,0.,1.));
#1262=DIRECTION('',(1.,0.,0.));
#1263=DIRECTION('',(0.,0.,1.));
#1264=DIRECTION('',(1.,0.,0.));
#1265=DIRECTION('',(0.,0.,1.));
#1266=DIRECTION('',(1.,0.,0.));
#1267=DIRECTION('',(0.,0.,1.));
#1268=DIRECTION('',(1.,0.,0.));
#1269=DIRECTION('',(0.,0.,1.));
#1270=DIRECTION('',(1.,0.,0.));
#1271=DIRECTION('',(0.,0.,1.));
#1272=DIRECTION('',(1.,0.,0.));
#1273=DIRECTION('',(0.,0.,1.));
#1274=DIRECTION('',(1.,0.,0.));
#1275=DIRECTION('',(0.,0.,1.));
#1276=DIRECTION('',(1.,0.,0.));
#1277=DIRECTION('',(0.,0.,1.));
#1278=DIRECTION('',(1.,0.,0.));
#1279=CARTESIAN_POINT('',(0.,0.,0.));
#1280=CARTESIAN_POINT('',(3.46944695195361E-18,-3.46944695195361E-18,0.156));
#1281=CARTESIAN_POINT('',(-0.0310977222864645,-0.0453644317565417,0.156));
#1282=CARTESIAN_POINT('',(-0.0310977222864645,-0.0453644317565417,0.154));
#1283=CARTESIAN_POINT('',(-0.0310977222864645,-0.0453644317565417,0.136));
#1284=CARTESIAN_POINT('',(3.46944695195361E-18,-3.46944695195361E-18,0.154));
#1285=CARTESIAN_POINT('',(0.0310977222864645,-0.0453644317565417,0.154));
#1286=CARTESIAN_POINT('',(0.0310977222864645,-0.0453644317565417,0.156));
#1287=CARTESIAN_POINT('',(0.0310977222864645,-0.0453644317565417,0.136));
#1288=CARTESIAN_POINT('',(3.46944695195361E-18,-3.46944695195361E-18,0.136));
#1289=CARTESIAN_POINT('',(3.46944695195361E-18,-2.42861286636753E-17,0.156));
#1290=CARTESIAN_POINT('',(0.0310977222864645,0.0453644317565418,0.156));
#1291=CARTESIAN_POINT('',(0.0310977222864645,0.0453644317565418,0.154));
#1292=CARTESIAN_POINT('',(0.0310977222864645,0.0453644317565418,0.136));
#1293=CARTESIAN_POINT('',(3.46944695195361E-18,-2.42861286636753E-17,0.154));
#1294=CARTESIAN_POINT('',(-0.0310977222864645,0.0453644317565417,0.154));
#1295=CARTESIAN_POINT('',(-0.0310977222864645,0.0453644317565417,0.156));
#1296=CARTESIAN_POINT('',(-0.0310977222864645,0.0453644317565417,0.136));
#1297=CARTESIAN_POINT('',(3.46944695195361E-18,-2.42861286636753E-17,0.136));
#1298=CARTESIAN_POINT('',(0.,0.,0.1317));
#1299=CARTESIAN_POINT('',(-4.26240081630613E-18,-0.036,0.1317));
#1300=CARTESIAN_POINT('',(-0.00539157699540664,-0.0388532258064516,0.1317));
#1301=CARTESIAN_POINT('',(-4.26240081630613E-18,-0.0421,0.1317));
#1302=CARTESIAN_POINT('',(-0.00547996350352809,-0.0389,0.1317));
#1303=CARTESIAN_POINT('',(-0.00547996350352813,-0.0388,0.1317));
#1304=CARTESIAN_POINT('',(-0.00553998175176408,-0.0388,0.1317));
#1305=CARTESIAN_POINT('',(-0.0056,-0.0388,0.1317));
#1306=CARTESIAN_POINT('',(-0.0056,-0.036,0.1317));
#1307=CARTESIAN_POINT('',(-0.0056,-0.0332,0.1317));
#1308=CARTESIAN_POINT('',(-0.00553998175176408,-0.0332,0.1317));
#1309=CARTESIAN_POINT('',(-0.00547996350352813,-0.0332,0.1317));
#1310=CARTESIAN_POINT('',(-0.00547996350352811,-0.0331,0.1317));
#1311=CARTESIAN_POINT('',(-0.00539157699540673,-0.0331467741935483,0.1317));
#1312=CARTESIAN_POINT('',(-4.26240081630613E-18,-0.036,0.1317));
#1313=CARTESIAN_POINT('',(-4.26240081630613E-18,-0.0299,0.1317));
#1314=CARTESIAN_POINT('',(-0.00078102496759068,-0.0299,0.1317));
#1315=CARTESIAN_POINT('',(-0.01555,-0.0299,0.1317));
#1316=CARTESIAN_POINT('',(-0.01555,-0.03075,0.1317));
#1317=CARTESIAN_POINT('',(-0.0164,-0.03075,0.1317));
#1318=CARTESIAN_POINT('',(-0.0164,-0.036,0.1317));
#1319=CARTESIAN_POINT('',(-0.0164,-0.04125,0.1317));
#1320=CARTESIAN_POINT('',(-0.01555,-0.04125,0.1317));
#1321=CARTESIAN_POINT('',(-0.01555,-0.0421,0.1317));
#1322=CARTESIAN_POINT('',(-0.00855602496759071,-0.0421,0.1317));
#1323=CARTESIAN_POINT('',(0.,0.,0.1317));
#1324=CARTESIAN_POINT('',(-4.26240081630613E-18,-0.036,0.1317));
#1325=CARTESIAN_POINT('',(0.0061,-0.036,0.1317));
#1326=CARTESIAN_POINT('',(-0.00855602496759071,-0.0421,0.1317));
#1327=CARTESIAN_POINT('',(0.00525,-0.0421,0.1317));
#1328=CARTESIAN_POINT('',(0.00525,-0.04125,0.1317));
#1329=CARTESIAN_POINT('',(0.0061,-0.04125,0.1317));
#1330=CARTESIAN_POINT('',(0.0061,-0.0394060249675907,0.1317));
#1331=CARTESIAN_POINT('',(0.,0.,0.1317));
#1332=CARTESIAN_POINT('',(0.00949925515588714,-0.0351391257299605,0.1317));
#1333=CARTESIAN_POINT('',(0.00923273453929831,-0.0349999022251954,0.1317));
#1334=CARTESIAN_POINT('',(0.00857881779937902,-0.0349420712777736,0.1317));
#1335=CARTESIAN_POINT('',(0.00814495179502114,-0.0355075940548599,0.1317));
#1336=CARTESIAN_POINT('',(0.00818088311754557,-0.0358099842793201,0.1317));
#1337=CARTESIAN_POINT('',(0.00818088311754574,-0.03580998427932,0.1317));
#1338=CARTESIAN_POINT('',(0.00949925515588715,-0.0351391257299606,0.1317));
#1339=CARTESIAN_POINT('',(0.00875,-0.036,0.1317));
#1340=CARTESIAN_POINT('',(0.00857000000000016,-0.0365723635208503,0.1317));
#1341=CARTESIAN_POINT('',(0.00988718064077466,-0.0359035220870596,0.1317));
#1342=CARTESIAN_POINT('',(0.00984498368266134,-0.0362019944259333,0.1317));
#1343=CARTESIAN_POINT('',(0.00958148282439245,-0.0366105353077244,0.1317));
#1344=CARTESIAN_POINT('',(0.00897768761986348,-0.0367883748474779,0.1317));
#1345=CARTESIAN_POINT('',(0.00868214551739184,-0.0366737340018509,0.1317));
#1346=CARTESIAN_POINT('',(0.00857000000000019,-0.0365723635208503,0.1317));
#1347=CARTESIAN_POINT('',(0.00988718064077515,-0.0359035220870573,0.1317));
#1348=CARTESIAN_POINT('',(0.00949925515588719,-0.0351391257299605,0.1317));
#1349=CARTESIAN_POINT('',(0.00975994631191855,-0.0352933015379092,0.1317));
#1350=CARTESIAN_POINT('',(0.00991384000535046,-0.0356075332745099,0.1317));
#1351=CARTESIAN_POINT('',(0.00988718064077515,-0.0359035220870573,0.1317));
#1352=CARTESIAN_POINT('',(0.,0.,0.136));
#1353=CARTESIAN_POINT('',(4.85722573273506E-17,-1.7347234759768E-18,0.136));
#1354=CARTESIAN_POINT('',(0.0460977222864644,-0.03,0.136));
#1355=CARTESIAN_POINT('',(0.0460977222864644,0.03,0.136));
#1356=CARTESIAN_POINT('',(0.0385977222864644,0.03,0.136));
#1357=CARTESIAN_POINT('',(0.0310977222864645,0.03,0.136));
#1358=CARTESIAN_POINT('',(0.0310977222864645,0.0376822158782708,0.136));
#1359=CARTESIAN_POINT('',(-0.0310977222864645,0.0376822158782708,0.136));
#1360=CARTESIAN_POINT('',(-0.0310977222864645,0.03,0.136));
#1361=CARTESIAN_POINT('',(-0.0385977222864644,0.03,0.136));
#1362=CARTESIAN_POINT('',(-0.0460977222864644,0.03,0.136));
#1363=CARTESIAN_POINT('',(2.42861286636753E-17,0.,0.136));
#1364=CARTESIAN_POINT('',(-0.0460977222864644,-0.03,0.136));
#1365=CARTESIAN_POINT('',(-0.0385977222864644,-0.02995,0.136));
#1366=CARTESIAN_POINT('',(-0.0310977222864645,-0.0299,0.136));
#1367=CARTESIAN_POINT('',(-0.0310977222864645,-0.0376322158782708,0.136));
#1368=CARTESIAN_POINT('',(0.0310977222864645,-0.0376822158782708,0.136));
#1369=CARTESIAN_POINT('',(0.0310977222864645,-0.03,0.136));
#1370=CARTESIAN_POINT('',(0.0385977222864644,-0.03,0.136));
#1371=CARTESIAN_POINT('',(0.00769805764651434,-0.0355573883390793,0.136));
#1372=CARTESIAN_POINT('',(0.00776197328135849,-0.0352536946404108,0.136));
#1373=CARTESIAN_POINT('',(0.00802468532114807,-0.0350040938088678,0.135999999999999));
#1374=CARTESIAN_POINT('',(0.00832202529687515,-0.0349420182180557,0.135999999999999));
#1375=CARTESIAN_POINT('',(0.00769805764651427,-0.0355573883390801,0.136));
#1376=CARTESIAN_POINT('',(0.00832202529687499,-0.0349420182180564,0.136));
#1377=CARTESIAN_POINT('',(0.00832202529686667,-0.0349420182180598,0.136000000000001));
#1378=CARTESIAN_POINT('',(0.00861853401588646,-0.0348959691187662,0.136000000000001));
#1379=CARTESIAN_POINT('',(0.0090865264303892,-0.0350278334507677,0.136));
#1380=CARTESIAN_POINT('',(0.00942919904735749,-0.0355478487928818,0.136));
#1381=CARTESIAN_POINT('',(0.0094077504506046,-0.0358613989179433,0.136));
#1382=CARTESIAN_POINT('',(0.00935,-0.036,0.136));
#1383=CARTESIAN_POINT('',(0.00935,-0.036,0.136));
#1384=CARTESIAN_POINT('',(0.00875,-0.036,0.136));
#1385=CARTESIAN_POINT('',(0.00875,-0.0366,0.136));
#1386=CARTESIAN_POINT('',(0.00874999999999997,-0.0366000000000003,0.136));
#1387=CARTESIAN_POINT('',(0.00847630535232156,-0.0367316813981854,0.136));
#1388=CARTESIAN_POINT('',(0.00779717505119147,-0.0364992577677137,0.136));
#1389=CARTESIAN_POINT('',(0.00765258744629487,-0.0358534557567522,0.136));
#1390=CARTESIAN_POINT('',(0.00769805764651424,-0.0355573883390801,0.136));
#1391=CARTESIAN_POINT('',(-0.0201019423534856,-0.0355573883390792,0.136));
#1392=CARTESIAN_POINT('',(-0.0200380267186415,-0.0352536946404108,0.136));
#1393=CARTESIAN_POINT('',(-0.0197753146788519,-0.035004093808868,0.135999999999999));
#1394=CARTESIAN_POINT('',(-0.0194779747031248,-0.0349420182180557,0.135999999999999));
#1395=CARTESIAN_POINT('',(-0.0201019423534857,-0.0355573883390799,0.136));
#1396=CARTESIAN_POINT('',(-0.019477974703125,-0.0349420182180563,0.136));
#1397=CARTESIAN_POINT('',(-0.0194779747031333,-0.0349420182180597,0.136000000000001));
#1398=CARTESIAN_POINT('',(-0.0191814659841135,-0.0348959691187662,0.136000000000001));
#1399=CARTESIAN_POINT('',(-0.0187134735696107,-0.0350278334507676,0.136));
#1400=CARTESIAN_POINT('',(-0.0183708009526425,-0.0355478487928818,0.136));
#1401=CARTESIAN_POINT('',(-0.0183922495493954,-0.0358613989179432,0.136));
#1402=CARTESIAN_POINT('',(-0.01845,-0.036,0.136));
#1403=CARTESIAN_POINT('',(-0.01845,-0.036,0.136));
#1404=CARTESIAN_POINT('',(-0.01905,-0.036,0.136));
#1405=CARTESIAN_POINT('',(-0.01905,-0.0366,0.136));
#1406=CARTESIAN_POINT('',(-0.0190500000000001,-0.0366000000000002,0.136));
#1407=CARTESIAN_POINT('',(-0.0193236946476784,-0.0367316813981854,0.136));
#1408=CARTESIAN_POINT('',(-0.0200028249488086,-0.0364992577677137,0.136));
#1409=CARTESIAN_POINT('',(-0.0201474125537051,-0.0358534557567521,0.136));
#1410=CARTESIAN_POINT('',(-0.0201019423534857,-0.03555738833908,0.136));
#1411=CARTESIAN_POINT('',(0.00525,-0.03075,0.136));
#1412=CARTESIAN_POINT('',(0.0061,-0.03075,0.136));
#1413=CARTESIAN_POINT('',(0.00525,-0.0299,0.136));
#1414=CARTESIAN_POINT('',(0.0061,-0.0394060249675907,0.136));
#1415=CARTESIAN_POINT('',(0.0061,-0.04125,0.136));
#1416=CARTESIAN_POINT('',(0.00525,-0.04125,0.136));
#1417=CARTESIAN_POINT('',(0.00525,-0.0421,0.136));
#1418=CARTESIAN_POINT('',(-0.00855602496759071,-0.0421,0.136));
#1419=CARTESIAN_POINT('',(-0.01555,-0.0421,0.136));
#1420=CARTESIAN_POINT('',(-0.01555,-0.04125,0.136));
#1421=CARTESIAN_POINT('',(-0.0164,-0.04125,0.136));
#1422=CARTESIAN_POINT('',(-0.0164,-0.036,0.136));
#1423=CARTESIAN_POINT('',(-0.0164,-0.03075,0.136));
#1424=CARTESIAN_POINT('',(-0.01555,-0.03075,0.136));
#1425=CARTESIAN_POINT('',(-0.01555,-0.0299,0.136));
#1426=CARTESIAN_POINT('',(-0.00078102496759068,-0.0299,0.136));
#1427=CARTESIAN_POINT('',(0.,1.83697019872103E-19,0.136));
#1428=CARTESIAN_POINT('',(0.003,1.83697019872103E-19,0.136));
#1429=CARTESIAN_POINT('',(0.,0.,0.1317));
#1430=CARTESIAN_POINT('',(-0.0183007448441129,-0.0351391257299604,0.1317));
#1431=CARTESIAN_POINT('',(-0.0185672654607017,-0.0349999022251952,0.1317));
#1432=CARTESIAN_POINT('',(-0.019221182200621,-0.0349420712777734,0.1317));
#1433=CARTESIAN_POINT('',(-0.0196550482049788,-0.0355075940548598,0.1317));
#1434=CARTESIAN_POINT('',(-0.0196191168824544,-0.03580998427932,0.1317));
#1435=CARTESIAN_POINT('',(-0.0196191168824542,-0.03580998427932,0.1317));
#1436=CARTESIAN_POINT('',(-0.0183007448441128,-0.0351391257299605,0.1317));
#1437=CARTESIAN_POINT('',(-0.01905,-0.036,0.1317));
#1438=CARTESIAN_POINT('',(-0.01923,-0.0365723635208502,0.1317));
#1439=CARTESIAN_POINT('',(-0.0179128193592253,-0.0359035220870595,0.1317));
#1440=CARTESIAN_POINT('',(-0.0179550163173386,-0.0362019944259332,0.1317));
#1441=CARTESIAN_POINT('',(-0.0182185171756075,-0.0366105353077244,0.1317));
#1442=CARTESIAN_POINT('',(-0.0188223123801366,-0.0367883748474778,0.1317));
#1443=CARTESIAN_POINT('',(-0.0191178544826083,-0.0366737340018508,0.1317));
#1444=CARTESIAN_POINT('',(-0.0192299999999999,-0.0365723635208501,0.1317));
#1445=CARTESIAN_POINT('',(-0.0179128193592249,-0.0359035220870572,0.1317));
#1446=CARTESIAN_POINT('',(-0.0183007448441128,-0.0351391257299604,0.1317));
#1447=CARTESIAN_POINT('',(-0.0180400536880815,-0.0352933015379091,0.1317));
#1448=CARTESIAN_POINT('',(-0.0178861599946496,-0.0356075332745097,0.1317));
#1449=CARTESIAN_POINT('',(-0.0179128193592249,-0.0359035220870572,0.1317));
#1450=CARTESIAN_POINT('',(0.,3.67394039744206E-18,0.136));
#1451=CARTESIAN_POINT('',(0.0568759122949227,0.0235587742448998,0.155));
#1452=CARTESIAN_POINT('',(0.0615620438525387,-1.88217497143484E-16,0.155));
#1453=CARTESIAN_POINT('',(0.0568759122949227,-0.0235587742448998,0.155));
#1454=CARTESIAN_POINT('',(0.0435309386718336,-0.0435309386718337,0.155));
#1455=CARTESIAN_POINT('',(0.0235587742448995,-0.0568759122949228,0.155));
#1456=CARTESIAN_POINT('',(-9.37021727570597E-17,-0.0615620438525386,0.155));
#1457=CARTESIAN_POINT('',(-0.0235587742448997,-0.0568759122949227,0.155));
#1458=CARTESIAN_POINT('',(-0.0435309386718337,-0.0435309386718337,0.155));
#1459=CARTESIAN_POINT('',(-0.0568759122949228,-0.0235587742448996,0.155));
#1460=CARTESIAN_POINT('',(-0.0615620438525386,4.24086632679771E-17,0.155));
#1461=CARTESIAN_POINT('',(-0.0568759122949227,0.0235587742448997,0.155));
#1462=CARTESIAN_POINT('',(-0.0435309386718337,0.0435309386718337,0.155));
#1463=CARTESIAN_POINT('',(-0.0235587742448996,0.0568759122949228,0.155));
#1464=CARTESIAN_POINT('',(3.59955121265187E-17,0.0615620438525386,0.155));
#1465=CARTESIAN_POINT('',(0.0235587742448997,0.0568759122949228,0.155));
#1466=CARTESIAN_POINT('',(0.0435309386718337,0.0435309386718336,0.155));
#1467=CARTESIAN_POINT('',(0.0568759122949227,0.0235587742448998,0.155));
#1468=CARTESIAN_POINT('',(0.0615620438525387,-1.88217497143484E-16,0.155));
#1469=CARTESIAN_POINT('',(0.0568759122949227,-0.0235587742448998,0.155));
#1470=CARTESIAN_POINT('',(0.06,1.10218211923262E-17,0.155));
#1471=CARTESIAN_POINT('',(0.,3.67394039744206E-18,0.131));
#1472=CARTESIAN_POINT('',(0.06,3.67394039744206E-18,0.131));
#1473=CARTESIAN_POINT('',(0.,0.,0.131));
#1474=CARTESIAN_POINT('',(-0.00547996350352809,-0.0389,0.131));
#1475=CARTESIAN_POINT('',(-0.00539157699540663,-0.0388532258064516,0.131));
#1476=CARTESIAN_POINT('',(-0.00547996350352813,-0.0388,0.131));
#1477=CARTESIAN_POINT('',(-4.26240081630613E-18,-0.036,0.131));
#1478=CARTESIAN_POINT('',(-0.00539157699540673,-0.0331467741935483,0.131));
#1479=CARTESIAN_POINT('',(-0.00547996350352811,-0.0331,0.131));
#1480=CARTESIAN_POINT('',(-0.00547996350352813,-0.0332,0.131));
#1481=CARTESIAN_POINT('',(0.,-0.0332,0.131));
#1482=CARTESIAN_POINT('',(-0.0056,-0.0332,0.131));
#1483=CARTESIAN_POINT('',(-0.0056,-0.036,0.131));
#1484=CARTESIAN_POINT('',(-0.0056,-0.0388,0.131));
#1485=CARTESIAN_POINT('',(0.,-0.0388,0.131));
#1486=CARTESIAN_POINT('',(0.,2.75545529808154E-19,0.131));
#1487=CARTESIAN_POINT('',(0.0045,2.75545529808154E-19,0.131));
#1488=CARTESIAN_POINT('',(0.,2.75545529808154E-19,0.1245));
#1489=CARTESIAN_POINT('',(0.,2.75545529808154E-19,0.1245));
#1490=CARTESIAN_POINT('',(0.0045,2.75545529808154E-19,0.1245));
#1491=CARTESIAN_POINT('',(0.,1.83697019872103E-19,0.1245));
#1492=CARTESIAN_POINT('',(0.,1.83697019872103E-19,0.1245));
#1493=CARTESIAN_POINT('',(0.003,1.83697019872103E-19,0.1245));
#1494=CARTESIAN_POINT('',(0.,0.,0.1245));
#1495=CARTESIAN_POINT('',(0.00525,-0.03075,0.1317));
#1496=CARTESIAN_POINT('',(0.00525,-0.0299,0.1317));
#1497=CARTESIAN_POINT('',(0.00525,-0.0299,0.1317));
#1498=CARTESIAN_POINT('',(0.00525,-0.03075,0.1317));
#1499=CARTESIAN_POINT('',(0.0061,-0.03075,0.1317));
#1500=CARTESIAN_POINT('',(0.0061,-0.03075,0.1317));
#1501=CARTESIAN_POINT('',(-0.00078102496759068,-0.0299,0.1317));
#1502=CARTESIAN_POINT('',(-0.01555,-0.0299,0.1317));
#1503=CARTESIAN_POINT('',(-0.00078102496759068,-0.0299,0.1317));
#1504=CARTESIAN_POINT('',(-0.01555,-0.03075,0.1317));
#1505=CARTESIAN_POINT('',(-0.0164,-0.03075,0.1317));
#1506=CARTESIAN_POINT('',(-0.0164,-0.036,0.1317));
#1507=CARTESIAN_POINT('',(-0.0164,-0.04125,0.1317));
#1508=CARTESIAN_POINT('',(-0.01555,-0.04125,0.1317));
#1509=CARTESIAN_POINT('',(-0.01555,-0.0421,0.1317));
#1510=CARTESIAN_POINT('',(-0.00855602496759071,-0.0421,0.1317));
#1511=CARTESIAN_POINT('',(0.00525,-0.0421,0.1317));
#1512=CARTESIAN_POINT('',(0.00525,-0.04125,0.1317));
#1513=CARTESIAN_POINT('',(0.0061,-0.04125,0.1317));
#1514=CARTESIAN_POINT('',(0.0061,-0.0394060249675907,0.1317));
#1515=CARTESIAN_POINT('',(0.0061,-0.0394060249675907,0.1317));
#1516=CARTESIAN_POINT('',(0.,0.,0.1317));
#1517=CARTESIAN_POINT('',(-4.26240081630613E-18,-0.036,0.1317));
#1518=CARTESIAN_POINT('',(-0.0196491861478022,-0.0350286793743971,0.136025073898575));
#1519=CARTESIAN_POINT('',(-0.0196350337152224,-0.0350199490526722,0.136022936374941));
#1520=CARTESIAN_POINT('',(-0.0196206329375,-0.0350116347597777,0.136020833333333));
#1521=CARTESIAN_POINT('',(-0.01905,-0.0346821796797036,0.1359375));
#1522=CARTESIAN_POINT('',(-0.0184793670625,-0.0350116347597777,0.135854166666667));
#1523=CARTESIAN_POINT('',(-0.017908734125,-0.0353410898398517,0.135770833333333));
#1524=CARTESIAN_POINT('',(-0.017908734125,-0.036,0.1356875));
#1525=CARTESIAN_POINT('',(-0.017908734125,-0.0366589101601481,0.135604166666667));
#1526=CARTESIAN_POINT('',(-0.0184793670625,-0.0369883652402222,0.135520833333333));
#1527=CARTESIAN_POINT('',(-0.01905,-0.0373178203202962,0.1354375));
#1528=CARTESIAN_POINT('',(-0.0196206329375,-0.0369883652402222,0.135354166666667));
#1529=CARTESIAN_POINT('',(-0.020191265875,-0.0366589101601481,0.135270833333333));
#1530=CARTESIAN_POINT('',(-0.020191265875,-0.036,0.1351875));
#1531=CARTESIAN_POINT('',(-0.020191265875,-0.0353410898398517,0.135104166666666));
#1532=CARTESIAN_POINT('',(-0.0196206329375,-0.0350116347597777,0.135020833333333));
#1533=CARTESIAN_POINT('',(-0.01905,-0.0346821796797036,0.1349375));
#1534=CARTESIAN_POINT('',(-0.0184793670625,-0.0350116347597777,0.134854166666667));
#1535=CARTESIAN_POINT('',(-0.017908734125,-0.0353410898398517,0.134770833333333));
#1536=CARTESIAN_POINT('',(-0.017908734125,-0.036,0.1346875));
#1537=CARTESIAN_POINT('',(-0.017908734125,-0.0366589101601481,0.134604166666667));
#1538=CARTESIAN_POINT('',(-0.0184793670625,-0.0369883652402222,0.134520833333333));
#1539=CARTESIAN_POINT('',(-0.01905,-0.0373178203202962,0.1344375));
#1540=CARTESIAN_POINT('',(-0.0196206329375,-0.0369883652402222,0.134354166666667));
#1541=CARTESIAN_POINT('',(-0.020191265875,-0.0366589101601481,0.134270833333333));
#1542=CARTESIAN_POINT('',(-0.020191265875,-0.036,0.1341875));
#1543=CARTESIAN_POINT('',(-0.020191265875,-0.0353410898398517,0.134104166666667));
#1544=CARTESIAN_POINT('',(-0.0196206329375,-0.0350116347597777,0.134020833333333));
#1545=CARTESIAN_POINT('',(-0.01905,-0.0346821796797036,0.1339375));
#1546=CARTESIAN_POINT('',(-0.0184793670625,-0.0350116347597777,0.133854166666667));
#1547=CARTESIAN_POINT('',(-0.017908734125,-0.0353410898398517,0.133770833333333));
#1548=CARTESIAN_POINT('',(-0.017908734125,-0.036,0.1336875));
#1549=CARTESIAN_POINT('',(-0.017908734125,-0.0366589101601481,0.133604166666667));
#1550=CARTESIAN_POINT('',(-0.0184793670625,-0.0369883652402222,0.133520833333333));
#1551=CARTESIAN_POINT('',(-0.01905,-0.0373178203202962,0.1334375));
#1552=CARTESIAN_POINT('',(-0.0196206329375,-0.0369883652402222,0.133354166666667));
#1553=CARTESIAN_POINT('',(-0.020191265875,-0.0366589101601481,0.133270833333333));
#1554=CARTESIAN_POINT('',(-0.020191265875,-0.036,0.1331875));
#1555=CARTESIAN_POINT('',(-0.020191265875,-0.0353410898398517,0.133104166666667));
#1556=CARTESIAN_POINT('',(-0.0196206329375,-0.0350116347597777,0.133020833333333));
#1557=CARTESIAN_POINT('',(-0.01905,-0.0346821796797036,0.1329375));
#1558=CARTESIAN_POINT('',(-0.0184793670625,-0.0350116347597777,0.132854166666667));
#1559=CARTESIAN_POINT('',(-0.017908734125,-0.0353410898398517,0.132770833333333));
#1560=CARTESIAN_POINT('',(-0.017908734125,-0.036,0.1326875));
#1561=CARTESIAN_POINT('',(-0.017908734125,-0.0366589101601481,0.132604166666667));
#1562=CARTESIAN_POINT('',(-0.0184793670625,-0.0369883652402222,0.132520833333333));
#1563=CARTESIAN_POINT('',(-0.01905,-0.0373178203202962,0.1324375));
#1564=CARTESIAN_POINT('',(-0.0196206329375,-0.0369883652402222,0.132354166666667));
#1565=CARTESIAN_POINT('',(-0.020191265875,-0.0366589101601481,0.132270833333333));
#1566=CARTESIAN_POINT('',(-0.020191265875,-0.036,0.1321875));
#1567=CARTESIAN_POINT('',(-0.020191265875,-0.0353410898398517,0.132104166666667));
#1568=CARTESIAN_POINT('',(-0.0196206329375,-0.0350116347597777,0.132020833333333));
#1569=CARTESIAN_POINT('',(-0.01905,-0.0346821796797036,0.1319375));
#1570=CARTESIAN_POINT('',(-0.0184793670625,-0.0350116347597777,0.131854166666667));
#1571=CARTESIAN_POINT('',(-0.017908734125,-0.0353410898398517,0.131770833333333));
#1572=CARTESIAN_POINT('',(-0.017908734125,-0.036,0.1316875));
#1573=CARTESIAN_POINT('',(-0.017908734125,-0.0366589101601481,0.131604166666667));
#1574=CARTESIAN_POINT('',(-0.0184793670625,-0.0369883652402222,0.131520833333333));
#1575=CARTESIAN_POINT('',(-0.0190188650526057,-0.0372998445500369,0.131442046844003));
#1576=CARTESIAN_POINT('',(-0.0195726573987696,-0.0370145526309417,0.131361172854529));
#1577=CARTESIAN_POINT('',(-0.0193650113365839,-0.0354893456571968,0.136337573898575));
#1578=CARTESIAN_POINT('',(-0.0193575709497872,-0.0354847558476269,0.136335436374941));
#1579=CARTESIAN_POINT('',(-0.01935,-0.0354803847577293,0.136333333333333));
#1580=CARTESIAN_POINT('',(-0.01905,-0.0353071796769723,0.13625));
#1581=CARTESIAN_POINT('',(-0.01875,-0.0354803847577293,0.136166666666667));
#1582=CARTESIAN_POINT('',(-0.01845,-0.0356535898384861,0.136083333333333));
#1583=CARTESIAN_POINT('',(-0.01845,-0.036,0.136));
#1584=CARTESIAN_POINT('',(-0.01845,-0.0363464101615137,0.135916666666667));
#1585=CARTESIAN_POINT('',(-0.01875,-0.0365196152422706,0.135833333333333));
#1586=CARTESIAN_POINT('',(-0.01905,-0.0366928203230275,0.13575));
#1587=CARTESIAN_POINT('',(-0.01935,-0.0365196152422706,0.135666666666667));
#1588=CARTESIAN_POINT('',(-0.01965,-0.0363464101615137,0.135583333333333));
#1589=CARTESIAN_POINT('',(-0.01965,-0.036,0.1355));
#1590=CARTESIAN_POINT('',(-0.01965,-0.0356535898384861,0.135416666666667));
#1591=CARTESIAN_POINT('',(-0.01935,-0.0354803847577293,0.135333333333333));
#1592=CARTESIAN_POINT('',(-0.01905,-0.0353071796769723,0.13525));
#1593=CARTESIAN_POINT('',(-0.01875,-0.0354803847577293,0.135166666666667));
#1594=CARTESIAN_POINT('',(-0.01845,-0.0356535898384861,0.135083333333333));
#1595=CARTESIAN_POINT('',(-0.01845,-0.036,0.135));
#1596=CARTESIAN_POINT('',(-0.01845,-0.0363464101615137,0.134916666666667));
#1597=CARTESIAN_POINT('',(-0.01875,-0.0365196152422706,0.134833333333333));
#1598=CARTESIAN_POINT('',(-0.01905,-0.0366928203230275,0.13475));
#1599=CARTESIAN_POINT('',(-0.01935,-0.0365196152422706,0.134666666666667));
#1600=CARTESIAN_POINT('',(-0.01965,-0.0363464101615137,0.134583333333333));
#1601=CARTESIAN_POINT('',(-0.01965,-0.036,0.1345));
#1602=CARTESIAN_POINT('',(-0.01965,-0.0356535898384861,0.134416666666667));
#1603=CARTESIAN_POINT('',(-0.01935,-0.0354803847577293,0.134333333333333));
#1604=CARTESIAN_POINT('',(-0.01905,-0.0353071796769723,0.13425));
#1605=CARTESIAN_POINT('',(-0.01875,-0.0354803847577293,0.134166666666667));
#1606=CARTESIAN_POINT('',(-0.01845,-0.0356535898384861,0.134083333333333));
#1607=CARTESIAN_POINT('',(-0.01845,-0.036,0.134));
#1608=CARTESIAN_POINT('',(-0.01845,-0.0363464101615137,0.133916666666667));
#1609=CARTESIAN_POINT('',(-0.01875,-0.0365196152422706,0.133833333333333));
#1610=CARTESIAN_POINT('',(-0.01905,-0.0366928203230275,0.13375));
#1611=CARTESIAN_POINT('',(-0.01935,-0.0365196152422706,0.133666666666667));
#1612=CARTESIAN_POINT('',(-0.01965,-0.0363464101615137,0.133583333333333));
#1613=CARTESIAN_POINT('',(-0.01965,-0.036,0.1335));
#1614=CARTESIAN_POINT('',(-0.01965,-0.0356535898384861,0.133416666666667));
#1615=CARTESIAN_POINT('',(-0.01935,-0.0354803847577293,0.133333333333333));
#1616=CARTESIAN_POINT('',(-0.01905,-0.0353071796769723,0.13325));
#1617=CARTESIAN_POINT('',(-0.01875,-0.0354803847577293,0.133166666666667));
#1618=CARTESIAN_POINT('',(-0.01845,-0.0356535898384861,0.133083333333333));
#1619=CARTESIAN_POINT('',(-0.01845,-0.036,0.133));
#1620=CARTESIAN_POINT('',(-0.01845,-0.0363464101615137,0.132916666666667));
#1621=CARTESIAN_POINT('',(-0.01875,-0.0365196152422706,0.132833333333333));
#1622=CARTESIAN_POINT('',(-0.01905,-0.0366928203230275,0.13275));
#1623=CARTESIAN_POINT('',(-0.01935,-0.0365196152422706,0.132666666666667));
#1624=CARTESIAN_POINT('',(-0.01965,-0.0363464101615137,0.132583333333333));
#1625=CARTESIAN_POINT('',(-0.01965,-0.036,0.1325));
#1626=CARTESIAN_POINT('',(-0.01965,-0.0356535898384861,0.132416666666667));
#1627=CARTESIAN_POINT('',(-0.01935,-0.0354803847577293,0.132333333333333));
#1628=CARTESIAN_POINT('',(-0.01905,-0.0353071796769723,0.13225));
#1629=CARTESIAN_POINT('',(-0.01875,-0.0354803847577293,0.132166666666667));
#1630=CARTESIAN_POINT('',(-0.01845,-0.0356535898384861,0.132083333333333));
#1631=CARTESIAN_POINT('',(-0.01845,-0.036,0.132));
#1632=CARTESIAN_POINT('',(-0.01845,-0.0363464101615137,0.131916666666667));
#1633=CARTESIAN_POINT('',(-0.01875,-0.0365196152422706,0.131833333333333));
#1634=CARTESIAN_POINT('',(-0.0190336313615908,-0.0366833698852357,0.131754546844003));
#1635=CARTESIAN_POINT('',(-0.0193247777236936,-0.036533382791775,0.131673672854529));
#1636=CARTESIAN_POINT('',(-0.01845,-0.036,0.138));
#1637=CARTESIAN_POINT('',(-0.01845,-0.0363464101615137,0.137916666666667));
#1638=CARTESIAN_POINT('',(-0.01875,-0.0365196152422706,0.137833333333333));
#1639=CARTESIAN_POINT('',(-0.01905,-0.0366928203230275,0.13775));
#1640=CARTESIAN_POINT('',(-0.01935,-0.0365196152422706,0.137666666666667));
#1641=CARTESIAN_POINT('',(-0.01965,-0.0363464101615137,0.137583333333333));
#1642=CARTESIAN_POINT('',(-0.01965,-0.036,0.1375));
#1643=CARTESIAN_POINT('',(-0.01965,-0.0356535898384861,0.137416666666667));
#1644=CARTESIAN_POINT('',(-0.01935,-0.0354803847577293,0.137333333333333));
#1645=CARTESIAN_POINT('',(-0.01905,-0.0353071796769723,0.13725));
#1646=CARTESIAN_POINT('',(-0.01875,-0.0354803847577293,0.137166666666667));
#1647=CARTESIAN_POINT('',(-0.01845,-0.0356535898384861,0.137083333333333));
#1648=CARTESIAN_POINT('',(-0.01845,-0.036,0.137));
#1649=CARTESIAN_POINT('',(-0.01845,-0.0363464101615137,0.136916666666667));
#1650=CARTESIAN_POINT('',(-0.01875,-0.0365196152422706,0.136833333333333));
#1651=CARTESIAN_POINT('',(-0.01905,-0.0366928203230275,0.13675));
#1652=CARTESIAN_POINT('',(-0.01935,-0.0365196152422706,0.136666666666667));
#1653=CARTESIAN_POINT('',(-0.01965,-0.0363464101615137,0.136583333333333));
#1654=CARTESIAN_POINT('',(-0.01965,-0.036,0.1365));
#1655=CARTESIAN_POINT('',(-0.01965,-0.0356535898384861,0.136416666666667));
#1656=CARTESIAN_POINT('',(-0.01935,-0.0354803847577293,0.136333333333333));
#1657=CARTESIAN_POINT('',(-0.01905,-0.0353071796769723,0.13625));
#1658=CARTESIAN_POINT('',(-0.01875,-0.0354803847577293,0.136166666666667));
#1659=CARTESIAN_POINT('',(-0.01845,-0.0356535898384861,0.136083333333333));
#1660=CARTESIAN_POINT('',(-0.01845,-0.036,0.136));
#1661=CARTESIAN_POINT('',(-0.01845,-0.0363464101615137,0.135916666666667));
#1662=CARTESIAN_POINT('',(-0.01875,-0.0365196152422706,0.135833333333333));
#1663=CARTESIAN_POINT('',(-0.01905,-0.0366928203230275,0.13575));
#1664=CARTESIAN_POINT('',(-0.01935,-0.0365196152422706,0.135666666666667));
#1665=CARTESIAN_POINT('',(-0.01965,-0.0363464101615137,0.135583333333333));
#1666=CARTESIAN_POINT('',(-0.01965,-0.036,0.1355));
#1667=CARTESIAN_POINT('',(-0.01965,-0.0356535898384861,0.135416666666667));
#1668=CARTESIAN_POINT('',(-0.01935,-0.0354803847577293,0.135333333333333));
#1669=CARTESIAN_POINT('',(-0.01905,-0.0353071796769723,0.13525));
#1670=CARTESIAN_POINT('',(-0.01875,-0.0354803847577293,0.135166666666667));
#1671=CARTESIAN_POINT('',(-0.01845,-0.0356535898384861,0.135083333333333));
#1672=CARTESIAN_POINT('',(-0.01845,-0.036,0.135));
#1673=CARTESIAN_POINT('',(-0.01845,-0.0363464101615137,0.134916666666667));
#1674=CARTESIAN_POINT('',(-0.01875,-0.0365196152422706,0.134833333333333));
#1675=CARTESIAN_POINT('',(-0.01905,-0.0366928203230275,0.13475));
#1676=CARTESIAN_POINT('',(-0.01935,-0.0365196152422706,0.134666666666667));
#1677=CARTESIAN_POINT('',(-0.01965,-0.0363464101615137,0.134583333333333));
#1678=CARTESIAN_POINT('',(-0.01965,-0.036,0.1345));
#1679=CARTESIAN_POINT('',(-0.01965,-0.0356535898384861,0.134416666666667));
#1680=CARTESIAN_POINT('',(-0.01935,-0.0354803847577293,0.134333333333333));
#1681=CARTESIAN_POINT('',(-0.01905,-0.0353071796769723,0.13425));
#1682=CARTESIAN_POINT('',(-0.01875,-0.0354803847577293,0.134166666666667));
#1683=CARTESIAN_POINT('',(-0.01845,-0.0356535898384861,0.134083333333333));
#1684=CARTESIAN_POINT('',(-0.01845,-0.036,0.134));
#1685=CARTESIAN_POINT('',(-0.01845,-0.0363464101615137,0.133916666666667));
#1686=CARTESIAN_POINT('',(-0.01875,-0.0365196152422706,0.133833333333333));
#1687=CARTESIAN_POINT('',(-0.01905,-0.0366928203230275,0.13375));
#1688=CARTESIAN_POINT('',(-0.01935,-0.0365196152422706,0.133666666666667));
#1689=CARTESIAN_POINT('',(-0.01965,-0.0363464101615137,0.133583333333333));
#1690=CARTESIAN_POINT('',(-0.01965,-0.036,0.1335));
#1691=CARTESIAN_POINT('',(-0.01965,-0.0356535898384861,0.133416666666667));
#1692=CARTESIAN_POINT('',(-0.01935,-0.0354803847577293,0.133333333333333));
#1693=CARTESIAN_POINT('',(-0.01905,-0.0353071796769723,0.13325));
#1694=CARTESIAN_POINT('',(-0.01875,-0.0354803847577293,0.133166666666667));
#1695=CARTESIAN_POINT('',(-0.01845,-0.0356535898384861,0.133083333333333));
#1696=CARTESIAN_POINT('',(-0.01845,-0.036,0.133));
#1697=CARTESIAN_POINT('',(-0.01845,-0.0363464101615137,0.132916666666667));
#1698=CARTESIAN_POINT('',(-0.01875,-0.0365196152422706,0.132833333333333));
#1699=CARTESIAN_POINT('',(-0.01905,-0.0366928203230275,0.13275));
#1700=CARTESIAN_POINT('',(-0.01935,-0.0365196152422706,0.132666666666667));
#1701=CARTESIAN_POINT('',(-0.01965,-0.0363464101615137,0.132583333333333));
#1702=CARTESIAN_POINT('',(-0.01965,-0.036,0.1325));
#1703=CARTESIAN_POINT('',(-0.01965,-0.0356535898384861,0.132416666666667));
#1704=CARTESIAN_POINT('',(-0.01935,-0.0354803847577293,0.132333333333333));
#1705=CARTESIAN_POINT('',(-0.01905,-0.0353071796769723,0.13225));
#1706=CARTESIAN_POINT('',(-0.01875,-0.0354803847577293,0.132166666666667));
#1707=CARTESIAN_POINT('',(-0.01845,-0.0356535898384861,0.132083333333333));
#1708=CARTESIAN_POINT('',(-0.01845,-0.036,0.132));
#1709=CARTESIAN_POINT('',(-0.0184499999999999,-0.0363464101615137,0.131916666666667));
#1710=CARTESIAN_POINT('',(-0.01875,-0.0365196152422706,0.131833333333333));
#1711=CARTESIAN_POINT('',(-0.01905,-0.0366928203230275,0.13175));
#1712=CARTESIAN_POINT('',(-0.01935,-0.0365196152422706,0.131666666666667));
#1713=CARTESIAN_POINT('',(-0.01965,-0.0363464101615137,0.131583333333333));
#1714=CARTESIAN_POINT('',(-0.01965,-0.036,0.1315));
#1715=CARTESIAN_POINT('',(-0.01965,-0.0356535898384861,0.131416666666667));
#1716=CARTESIAN_POINT('',(-0.01935,-0.0354803847577293,0.131333333333333));
#1717=CARTESIAN_POINT('',(-0.01905,-0.0353071796769723,0.13125));
#1718=CARTESIAN_POINT('',(-0.01875,-0.0354803847577293,0.131166666666667));
#1719=CARTESIAN_POINT('',(-0.01845,-0.0356535898384861,0.131083333333333));
#1720=CARTESIAN_POINT('',(-0.01845,-0.036,0.131));
#1721=CARTESIAN_POINT('',(-0.0184499999999999,-0.0363464101615137,0.130916666666667));
#1722=CARTESIAN_POINT('',(-0.01875,-0.0365196152422706,0.130833333333333));
#1723=CARTESIAN_POINT('',(-0.01905,-0.0366928203230275,0.13075));
#1724=CARTESIAN_POINT('',(-0.01935,-0.0365196152422706,0.130666666666667));
#1725=CARTESIAN_POINT('',(-0.01965,-0.0363464101615137,0.130583333333333));
#1726=CARTESIAN_POINT('',(-0.01965,-0.036,0.1305));
#1727=CARTESIAN_POINT('',(-0.01965,-0.0356535898384861,0.130416666666667));
#1728=CARTESIAN_POINT('',(-0.01935,-0.0354803847577293,0.130333333333333));
#1729=CARTESIAN_POINT('',(-0.01905,-0.0353071796769723,0.13025));
#1730=CARTESIAN_POINT('',(-0.01875,-0.0354803847577293,0.130166666666667));
#1731=CARTESIAN_POINT('',(-0.01845,-0.0356535898384861,0.130083333333333));
#1732=CARTESIAN_POINT('',(-0.01845,-0.036,0.13));
#1733=CARTESIAN_POINT('',(-0.017908734125,-0.036,0.1376875));
#1734=CARTESIAN_POINT('',(-0.017908734125,-0.0366589101601481,0.137604166666667));
#1735=CARTESIAN_POINT('',(-0.0184793670625,-0.0369883652402222,0.137520833333333));
#1736=CARTESIAN_POINT('',(-0.01905,-0.0373178203202962,0.1374375));
#1737=CARTESIAN_POINT('',(-0.0196206329375,-0.0369883652402222,0.137354166666667));
#1738=CARTESIAN_POINT('',(-0.020191265875,-0.0366589101601481,0.137270833333333));
#1739=CARTESIAN_POINT('',(-0.020191265875,-0.036,0.1371875));
#1740=CARTESIAN_POINT('',(-0.020191265875,-0.0353410898398517,0.137104166666667));
#1741=CARTESIAN_POINT('',(-0.0196206329375,-0.0350116347597777,0.137020833333333));
#1742=CARTESIAN_POINT('',(-0.01905,-0.0346821796797036,0.1369375));
#1743=CARTESIAN_POINT('',(-0.0184793670625,-0.0350116347597777,0.136854166666667));
#1744=CARTESIAN_POINT('',(-0.017908734125,-0.0353410898398517,0.136770833333333));
#1745=CARTESIAN_POINT('',(-0.017908734125,-0.036,0.1366875));
#1746=CARTESIAN_POINT('',(-0.017908734125,-0.0366589101601481,0.136604166666667));
#1747=CARTESIAN_POINT('',(-0.0184793670625,-0.0369883652402222,0.136520833333333));
#1748=CARTESIAN_POINT('',(-0.01905,-0.0373178203202962,0.1364375));
#1749=CARTESIAN_POINT('',(-0.0196206329375,-0.0369883652402222,0.136354166666667));
#1750=CARTESIAN_POINT('',(-0.020191265875,-0.0366589101601481,0.136270833333333));
#1751=CARTESIAN_POINT('',(-0.020191265875,-0.036,0.1361875));
#1752=CARTESIAN_POINT('',(-0.020191265875,-0.0353410898398517,0.136104166666667));
#1753=CARTESIAN_POINT('',(-0.0196206329375,-0.0350116347597777,0.136020833333333));
#1754=CARTESIAN_POINT('',(-0.01905,-0.0346821796797036,0.1359375));
#1755=CARTESIAN_POINT('',(-0.0184793670625,-0.0350116347597777,0.135854166666667));
#1756=CARTESIAN_POINT('',(-0.017908734125,-0.0353410898398517,0.135770833333333));
#1757=CARTESIAN_POINT('',(-0.017908734125,-0.036,0.1356875));
#1758=CARTESIAN_POINT('',(-0.017908734125,-0.0366589101601481,0.135604166666667));
#1759=CARTESIAN_POINT('',(-0.0184793670625,-0.0369883652402222,0.135520833333333));
#1760=CARTESIAN_POINT('',(-0.01905,-0.0373178203202962,0.1354375));
#1761=CARTESIAN_POINT('',(-0.0196206329375,-0.0369883652402222,0.135354166666667));
#1762=CARTESIAN_POINT('',(-0.020191265875,-0.0366589101601481,0.135270833333333));
#1763=CARTESIAN_POINT('',(-0.020191265875,-0.036,0.1351875));
#1764=CARTESIAN_POINT('',(-0.020191265875,-0.0353410898398518,0.135104166666666));
#1765=CARTESIAN_POINT('',(-0.0196206329375,-0.0350116347597777,0.135020833333333));
#1766=CARTESIAN_POINT('',(-0.01905,-0.0346821796797036,0.1349375));
#1767=CARTESIAN_POINT('',(-0.0184793670625,-0.0350116347597777,0.134854166666667));
#1768=CARTESIAN_POINT('',(-0.017908734125,-0.0353410898398517,0.134770833333333));
#1769=CARTESIAN_POINT('',(-0.017908734125,-0.036,0.1346875));
#1770=CARTESIAN_POINT('',(-0.017908734125,-0.0366589101601481,0.134604166666667));
#1771=CARTESIAN_POINT('',(-0.0184793670625,-0.0369883652402222,0.134520833333333));
#1772=CARTESIAN_POINT('',(-0.01905,-0.0373178203202962,0.1344375));
#1773=CARTESIAN_POINT('',(-0.0196206329374999,-0.0369883652402222,0.134354166666667));
#1774=CARTESIAN_POINT('',(-0.020191265875,-0.0366589101601481,0.134270833333333));
#1775=CARTESIAN_POINT('',(-0.020191265875,-0.036,0.1341875));
#1776=CARTESIAN_POINT('',(-0.020191265875,-0.0353410898398518,0.134104166666667));
#1777=CARTESIAN_POINT('',(-0.0196206329375,-0.0350116347597777,0.134020833333333));
#1778=CARTESIAN_POINT('',(-0.01905,-0.0346821796797036,0.1339375));
#1779=CARTESIAN_POINT('',(-0.0184793670625,-0.0350116347597777,0.133854166666667));
#1780=CARTESIAN_POINT('',(-0.017908734125,-0.0353410898398517,0.133770833333333));
#1781=CARTESIAN_POINT('',(-0.017908734125,-0.036,0.1336875));
#1782=CARTESIAN_POINT('',(-0.017908734125,-0.0366589101601481,0.133604166666667));
#1783=CARTESIAN_POINT('',(-0.0184793670625,-0.0369883652402222,0.133520833333333));
#1784=CARTESIAN_POINT('',(-0.01905,-0.0373178203202962,0.1334375));
#1785=CARTESIAN_POINT('',(-0.0196206329374999,-0.0369883652402222,0.133354166666667));
#1786=CARTESIAN_POINT('',(-0.020191265875,-0.0366589101601481,0.133270833333333));
#1787=CARTESIAN_POINT('',(-0.020191265875,-0.036,0.1331875));
#1788=CARTESIAN_POINT('',(-0.020191265875,-0.0353410898398518,0.133104166666667));
#1789=CARTESIAN_POINT('',(-0.0196206329375,-0.0350116347597777,0.133020833333333));
#1790=CARTESIAN_POINT('',(-0.01905,-0.0346821796797036,0.1329375));
#1791=CARTESIAN_POINT('',(-0.0184793670625,-0.0350116347597777,0.132854166666667));
#1792=CARTESIAN_POINT('',(-0.017908734125,-0.0353410898398517,0.132770833333333));
#1793=CARTESIAN_POINT('',(-0.017908734125,-0.036,0.1326875));
#1794=CARTESIAN_POINT('',(-0.017908734125,-0.0366589101601481,0.132604166666667));
#1795=CARTESIAN_POINT('',(-0.0184793670625,-0.0369883652402222,0.132520833333333));
#1796=CARTESIAN_POINT('',(-0.01905,-0.0373178203202962,0.1324375));
#1797=CARTESIAN_POINT('',(-0.0196206329374999,-0.0369883652402222,0.132354166666667));
#1798=CARTESIAN_POINT('',(-0.020191265875,-0.0366589101601481,0.132270833333333));
#1799=CARTESIAN_POINT('',(-0.020191265875,-0.036,0.1321875));
#1800=CARTESIAN_POINT('',(-0.020191265875,-0.0353410898398518,0.132104166666667));
#1801=CARTESIAN_POINT('',(-0.0196206329375,-0.0350116347597777,0.132020833333333));
#1802=CARTESIAN_POINT('',(-0.01905,-0.0346821796797036,0.1319375));
#1803=CARTESIAN_POINT('',(-0.0184793670625,-0.0350116347597777,0.131854166666667));
#1804=CARTESIAN_POINT('',(-0.017908734125,-0.0353410898398517,0.131770833333333));
#1805=CARTESIAN_POINT('',(-0.017908734125,-0.036,0.1316875));
#1806=CARTESIAN_POINT('',(-0.017908734125,-0.0366589101601481,0.131604166666667));
#1807=CARTESIAN_POINT('',(-0.0184793670625,-0.0369883652402222,0.131520833333333));
#1808=CARTESIAN_POINT('',(-0.01905,-0.0373178203202962,0.1314375));
#1809=CARTESIAN_POINT('',(-0.0196206329374999,-0.0369883652402222,0.131354166666667));
#1810=CARTESIAN_POINT('',(-0.020191265875,-0.0366589101601481,0.131270833333333));
#1811=CARTESIAN_POINT('',(-0.020191265875,-0.036,0.1311875));
#1812=CARTESIAN_POINT('',(-0.020191265875,-0.0353410898398518,0.131104166666667));
#1813=CARTESIAN_POINT('',(-0.0196206329375,-0.0350116347597777,0.131020833333333));
#1814=CARTESIAN_POINT('',(-0.01905,-0.0346821796797036,0.1309375));
#1815=CARTESIAN_POINT('',(-0.0184793670625,-0.0350116347597777,0.130854166666667));
#1816=CARTESIAN_POINT('',(-0.017908734125,-0.0353410898398517,0.130770833333333));
#1817=CARTESIAN_POINT('',(-0.017908734125,-0.036,0.1306875));
#1818=CARTESIAN_POINT('',(-0.017908734125,-0.0366589101601481,0.130604166666667));
#1819=CARTESIAN_POINT('',(-0.0184793670625,-0.0369883652402222,0.130520833333333));
#1820=CARTESIAN_POINT('',(-0.01905,-0.0373178203202962,0.1304375));
#1821=CARTESIAN_POINT('',(-0.0196206329374999,-0.0369883652402222,0.130354166666667));
#1822=CARTESIAN_POINT('',(-0.020191265875,-0.0366589101601481,0.130270833333333));
#1823=CARTESIAN_POINT('',(-0.020191265875,-0.036,0.1301875));
#1824=CARTESIAN_POINT('',(-0.020191265875,-0.0353410898398518,0.130104166666667));
#1825=CARTESIAN_POINT('',(-0.0196206329375,-0.0350116347597777,0.130020833333333));
#1826=CARTESIAN_POINT('',(-0.01905,-0.0346821796797036,0.1299375));
#1827=CARTESIAN_POINT('',(-0.0184793670625,-0.0350116347597777,0.129854166666667));
#1828=CARTESIAN_POINT('',(-0.017908734125,-0.0353410898398517,0.129770833333333));
#1829=CARTESIAN_POINT('',(-0.017908734125,-0.036,0.1296875));
#1830=CARTESIAN_POINT('',(-0.0189440056522373,-0.0365905634582687,0.136029442874378));
#1831=CARTESIAN_POINT('',(-0.0191599757712243,-0.0366293257819068,0.13596945117466));
#1832=CARTESIAN_POINT('',(-0.01935,-0.0365196152422706,0.135916666666667));
#1833=CARTESIAN_POINT('',(-0.01965,-0.0363464101615137,0.135833333333333));
#1834=CARTESIAN_POINT('',(-0.01965,-0.036,0.13575));
#1835=CARTESIAN_POINT('',(-0.01965,-0.0356535898384861,0.135666666666667));
#1836=CARTESIAN_POINT('',(-0.01935,-0.0354803847577293,0.135583333333333));
#1837=CARTESIAN_POINT('',(-0.01905,-0.0353071796769723,0.1355));
#1838=CARTESIAN_POINT('',(-0.01875,-0.0354803847577293,0.135416666666667));
#1839=CARTESIAN_POINT('',(-0.01845,-0.0356535898384861,0.135333333333333));
#1840=CARTESIAN_POINT('',(-0.01845,-0.036,0.13525));
#1841=CARTESIAN_POINT('',(-0.01845,-0.0363464101615137,0.135166666666667));
#1842=CARTESIAN_POINT('',(-0.01875,-0.0365196152422706,0.135083333333333));
#1843=CARTESIAN_POINT('',(-0.01905,-0.0366928203230275,0.135));
#1844=CARTESIAN_POINT('',(-0.01935,-0.0365196152422706,0.134916666666667));
#1845=CARTESIAN_POINT('',(-0.01965,-0.0363464101615137,0.134833333333333));
#1846=CARTESIAN_POINT('',(-0.01965,-0.036,0.13475));
#1847=CARTESIAN_POINT('',(-0.01965,-0.0356535898384861,0.134666666666667));
#1848=CARTESIAN_POINT('',(-0.01935,-0.0354803847577293,0.134583333333333));
#1849=CARTESIAN_POINT('',(-0.01905,-0.0353071796769723,0.1345));
#1850=CARTESIAN_POINT('',(-0.01875,-0.0354803847577293,0.134416666666667));
#1851=CARTESIAN_POINT('',(-0.01845,-0.0356535898384861,0.134333333333333));
#1852=CARTESIAN_POINT('',(-0.01845,-0.036,0.13425));
#1853=CARTESIAN_POINT('',(-0.01845,-0.0363464101615137,0.134166666666667));
#1854=CARTESIAN_POINT('',(-0.01875,-0.0365196152422706,0.134083333333333));
#1855=CARTESIAN_POINT('',(-0.01905,-0.0366928203230275,0.134));
#1856=CARTESIAN_POINT('',(-0.01935,-0.0365196152422706,0.133916666666667));
#1857=CARTESIAN_POINT('',(-0.01965,-0.0363464101615137,0.133833333333333));
#1858=CARTESIAN_POINT('',(-0.01965,-0.036,0.13375));
#1859=CARTESIAN_POINT('',(-0.01965,-0.0356535898384861,0.133666666666667));
#1860=CARTESIAN_POINT('',(-0.01935,-0.0354803847577293,0.133583333333333));
#1861=CARTESIAN_POINT('',(-0.01905,-0.0353071796769723,0.1335));
#1862=CARTESIAN_POINT('',(-0.01875,-0.0354803847577293,0.133416666666667));
#1863=CARTESIAN_POINT('',(-0.01845,-0.0356535898384861,0.133333333333333));
#1864=CARTESIAN_POINT('',(-0.01845,-0.036,0.13325));
#1865=CARTESIAN_POINT('',(-0.01845,-0.0363464101615137,0.133166666666667));
#1866=CARTESIAN_POINT('',(-0.01875,-0.0365196152422706,0.133083333333333));
#1867=CARTESIAN_POINT('',(-0.01905,-0.0366928203230275,0.133));
#1868=CARTESIAN_POINT('',(-0.01935,-0.0365196152422706,0.132916666666667));
#1869=CARTESIAN_POINT('',(-0.01965,-0.0363464101615137,0.132833333333333));
#1870=CARTESIAN_POINT('',(-0.01965,-0.036,0.13275));
#1871=CARTESIAN_POINT('',(-0.01965,-0.0356535898384861,0.132666666666667));
#1872=CARTESIAN_POINT('',(-0.01935,-0.0354803847577293,0.132583333333333));
#1873=CARTESIAN_POINT('',(-0.01905,-0.0353071796769723,0.1325));
#1874=CARTESIAN_POINT('',(-0.01875,-0.0354803847577293,0.132416666666667));
#1875=CARTESIAN_POINT('',(-0.01845,-0.0356535898384861,0.132333333333333));
#1876=CARTESIAN_POINT('',(-0.01845,-0.036,0.13225));
#1877=CARTESIAN_POINT('',(-0.01845,-0.0363464101615137,0.132166666666666));
#1878=CARTESIAN_POINT('',(-0.01875,-0.0365196152422706,0.132083333333333));
#1879=CARTESIAN_POINT('',(-0.01905,-0.0366928203230275,0.132));
#1880=CARTESIAN_POINT('',(-0.01935,-0.0365196152422706,0.131916666666667));
#1881=CARTESIAN_POINT('',(-0.01965,-0.0363464101615137,0.131833333333333));
#1882=CARTESIAN_POINT('',(-0.01965,-0.036,0.13175));
#1883=CARTESIAN_POINT('',(-0.01965,-0.0356535898384861,0.131666666666667));
#1884=CARTESIAN_POINT('',(-0.01935,-0.0354803847577293,0.131583333333333));
#1885=CARTESIAN_POINT('',(-0.01905,-0.0353071796769723,0.1315));
#1886=CARTESIAN_POINT('',(-0.01875,-0.0354803847577293,0.131416666666667));
#1887=CARTESIAN_POINT('',(-0.0186533228272537,-0.0355362013494388,0.131389811896459));
#1888=CARTESIAN_POINT('',(-0.0185831899920232,-0.0356230538281761,0.131359177765742));
#1889=CARTESIAN_POINT('',(-0.0188483871132592,-0.0371233165365734,0.136341942874378));
#1890=CARTESIAN_POINT('',(-0.0192591859912917,-0.0371970467319132,0.13628195117466));
#1891=CARTESIAN_POINT('',(-0.0196206329374999,-0.0369883652402221,0.136229166666667));
#1892=CARTESIAN_POINT('',(-0.020191265875,-0.0366589101601481,0.136145833333333));
#1893=CARTESIAN_POINT('',(-0.0201912658749999,-0.036,0.1360625));
#1894=CARTESIAN_POINT('',(-0.020191265875,-0.0353410898398518,0.135979166666667));
#1895=CARTESIAN_POINT('',(-0.0196206329374999,-0.0350116347597777,0.135895833333333));
#1896=CARTESIAN_POINT('',(-0.01905,-0.0346821796797036,0.1358125));
#1897=CARTESIAN_POINT('',(-0.0184793670625,-0.0350116347597777,0.135729166666667));
#1898=CARTESIAN_POINT('',(-0.017908734125,-0.0353410898398518,0.135645833333333));
#1899=CARTESIAN_POINT('',(-0.017908734125,-0.036,0.1355625));
#1900=CARTESIAN_POINT('',(-0.017908734125,-0.0366589101601481,0.135479166666667));
#1901=CARTESIAN_POINT('',(-0.0184793670625,-0.0369883652402221,0.135395833333333));
#1902=CARTESIAN_POINT('',(-0.01905,-0.0373178203202962,0.1353125));
#1903=CARTESIAN_POINT('',(-0.0196206329374999,-0.0369883652402221,0.135229166666667));
#1904=CARTESIAN_POINT('',(-0.020191265875,-0.0366589101601481,0.135145833333333));
#1905=CARTESIAN_POINT('',(-0.0201912658749999,-0.036,0.1350625));
#1906=CARTESIAN_POINT('',(-0.020191265875,-0.0353410898398518,0.134979166666667));
#1907=CARTESIAN_POINT('',(-0.0196206329374999,-0.0350116347597777,0.134895833333333));
#1908=CARTESIAN_POINT('',(-0.01905,-0.0346821796797036,0.1348125));
#1909=CARTESIAN_POINT('',(-0.0184793670625,-0.0350116347597777,0.134729166666667));
#1910=CARTESIAN_POINT('',(-0.017908734125,-0.0353410898398518,0.134645833333333));
#1911=CARTESIAN_POINT('',(-0.017908734125,-0.036,0.1345625));
#1912=CARTESIAN_POINT('',(-0.017908734125,-0.0366589101601481,0.134479166666667));
#1913=CARTESIAN_POINT('',(-0.0184793670625,-0.0369883652402221,0.134395833333333));
#1914=CARTESIAN_POINT('',(-0.01905,-0.0373178203202962,0.1343125));
#1915=CARTESIAN_POINT('',(-0.0196206329374999,-0.0369883652402221,0.134229166666667));
#1916=CARTESIAN_POINT('',(-0.020191265875,-0.0366589101601481,0.134145833333333));
#1917=CARTESIAN_POINT('',(-0.0201912658749999,-0.036,0.1340625));
#1918=CARTESIAN_POINT('',(-0.020191265875,-0.0353410898398518,0.133979166666667));
#1919=CARTESIAN_POINT('',(-0.0196206329374999,-0.0350116347597777,0.133895833333333));
#1920=CARTESIAN_POINT('',(-0.01905,-0.0346821796797036,0.1338125));
#1921=CARTESIAN_POINT('',(-0.0184793670625,-0.0350116347597777,0.133729166666667));
#1922=CARTESIAN_POINT('',(-0.017908734125,-0.0353410898398518,0.133645833333333));
#1923=CARTESIAN_POINT('',(-0.017908734125,-0.036,0.1335625));
#1924=CARTESIAN_POINT('',(-0.017908734125,-0.0366589101601481,0.133479166666667));
#1925=CARTESIAN_POINT('',(-0.0184793670625,-0.0369883652402221,0.133395833333333));
#1926=CARTESIAN_POINT('',(-0.01905,-0.0373178203202962,0.1333125));
#1927=CARTESIAN_POINT('',(-0.0196206329374999,-0.0369883652402221,0.133229166666667));
#1928=CARTESIAN_POINT('',(-0.020191265875,-0.0366589101601481,0.133145833333333));
#1929=CARTESIAN_POINT('',(-0.0201912658749999,-0.036,0.1330625));
#1930=CARTESIAN_POINT('',(-0.020191265875,-0.0353410898398518,0.132979166666667));
#1931=CARTESIAN_POINT('',(-0.0196206329374999,-0.0350116347597777,0.132895833333333));
#1932=CARTESIAN_POINT('',(-0.01905,-0.0346821796797036,0.1328125));
#1933=CARTESIAN_POINT('',(-0.0184793670625,-0.0350116347597777,0.132729166666667));
#1934=CARTESIAN_POINT('',(-0.017908734125,-0.0353410898398518,0.132645833333333));
#1935=CARTESIAN_POINT('',(-0.017908734125,-0.036,0.1325625));
#1936=CARTESIAN_POINT('',(-0.017908734125,-0.0366589101601481,0.132479166666667));
#1937=CARTESIAN_POINT('',(-0.0184793670625,-0.0369883652402221,0.132395833333333));
#1938=CARTESIAN_POINT('',(-0.01905,-0.0373178203202962,0.1323125));
#1939=CARTESIAN_POINT('',(-0.0196206329374999,-0.0369883652402221,0.132229166666667));
#1940=CARTESIAN_POINT('',(-0.020191265875,-0.0366589101601481,0.132145833333333));
#1941=CARTESIAN_POINT('',(-0.0201912658749999,-0.036,0.1320625));
#1942=CARTESIAN_POINT('',(-0.020191265875,-0.0353410898398518,0.131979166666667));
#1943=CARTESIAN_POINT('',(-0.0196206329374999,-0.0350116347597777,0.131895833333333));
#1944=CARTESIAN_POINT('',(-0.01905,-0.0346821796797036,0.1318125));
#1945=CARTESIAN_POINT('',(-0.0184793670625,-0.0350116347597777,0.131729166666667));
#1946=CARTESIAN_POINT('',(-0.0182954764655887,-0.0351178040454059,0.131702311896459));
#1947=CARTESIAN_POINT('',(-0.0181620761129793,-0.0352830069956425,0.131671677765742));
#1948=CARTESIAN_POINT('',(-0.01845,-0.036,0.13725));
#1949=CARTESIAN_POINT('',(-0.01845,-0.0363464101615137,0.137166666666666));
#1950=CARTESIAN_POINT('',(-0.01875,-0.0365196152422706,0.137083333333333));
#1951=CARTESIAN_POINT('',(-0.01905,-0.0366928203230275,0.137));
#1952=CARTESIAN_POINT('',(-0.01935,-0.0365196152422706,0.136916666666667));
#1953=CARTESIAN_POINT('',(-0.01965,-0.0363464101615137,0.136833333333333));
#1954=CARTESIAN_POINT('',(-0.01965,-0.036,0.13675));
#1955=CARTESIAN_POINT('',(-0.01965,-0.0356535898384861,0.136666666666667));
#1956=CARTESIAN_POINT('',(-0.01935,-0.0354803847577293,0.136583333333333));
#1957=CARTESIAN_POINT('',(-0.01905,-0.0353071796769723,0.1365));
#1958=CARTESIAN_POINT('',(-0.01875,-0.0354803847577293,0.136416666666667));
#1959=CARTESIAN_POINT('',(-0.01845,-0.0356535898384861,0.136333333333333));
#1960=CARTESIAN_POINT('',(-0.01845,-0.036,0.13625));
#1961=CARTESIAN_POINT('',(-0.01845,-0.0363464101615137,0.136166666666667));
#1962=CARTESIAN_POINT('',(-0.01875,-0.0365196152422706,0.136083333333333));
#1963=CARTESIAN_POINT('',(-0.01905,-0.0366928203230275,0.136));
#1964=CARTESIAN_POINT('',(-0.01935,-0.0365196152422706,0.135916666666667));
#1965=CARTESIAN_POINT('',(-0.01965,-0.0363464101615137,0.135833333333333));
#1966=CARTESIAN_POINT('',(-0.01965,-0.036,0.13575));
#1967=CARTESIAN_POINT('',(-0.01965,-0.0356535898384861,0.135666666666667));
#1968=CARTESIAN_POINT('',(-0.01935,-0.0354803847577293,0.135583333333333));
#1969=CARTESIAN_POINT('',(-0.01905,-0.0353071796769723,0.1355));
#1970=CARTESIAN_POINT('',(-0.01875,-0.0354803847577293,0.135416666666667));
#1971=CARTESIAN_POINT('',(-0.01845,-0.0356535898384861,0.135333333333333));
#1972=CARTESIAN_POINT('',(-0.01845,-0.036,0.13525));
#1973=CARTESIAN_POINT('',(-0.01845,-0.0363464101615137,0.135166666666667));
#1974=CARTESIAN_POINT('',(-0.01875,-0.0365196152422706,0.135083333333333));
#1975=CARTESIAN_POINT('',(-0.01905,-0.0366928203230275,0.135));
#1976=CARTESIAN_POINT('',(-0.01935,-0.0365196152422706,0.134916666666667));
#1977=CARTESIAN_POINT('',(-0.01965,-0.0363464101615137,0.134833333333333));
#1978=CARTESIAN_POINT('',(-0.01965,-0.036,0.13475));
#1979=CARTESIAN_POINT('',(-0.01965,-0.0356535898384861,0.134666666666667));
#1980=CARTESIAN_POINT('',(-0.01935,-0.0354803847577293,0.134583333333333));
#1981=CARTESIAN_POINT('',(-0.01905,-0.0353071796769723,0.1345));
#1982=CARTESIAN_POINT('',(-0.01875,-0.0354803847577293,0.134416666666667));
#1983=CARTESIAN_POINT('',(-0.01845,-0.0356535898384861,0.134333333333333));
#1984=CARTESIAN_POINT('',(-0.01845,-0.036,0.13425));
#1985=CARTESIAN_POINT('',(-0.01845,-0.0363464101615137,0.134166666666667));
#1986=CARTESIAN_POINT('',(-0.01875,-0.0365196152422706,0.134083333333333));
#1987=CARTESIAN_POINT('',(-0.01905,-0.0366928203230275,0.134));
#1988=CARTESIAN_POINT('',(-0.01935,-0.0365196152422706,0.133916666666667));
#1989=CARTESIAN_POINT('',(-0.01965,-0.0363464101615137,0.133833333333333));
#1990=CARTESIAN_POINT('',(-0.01965,-0.036,0.13375));
#1991=CARTESIAN_POINT('',(-0.01965,-0.0356535898384861,0.133666666666667));
#1992=CARTESIAN_POINT('',(-0.01935,-0.0354803847577293,0.133583333333333));
#1993=CARTESIAN_POINT('',(-0.01905,-0.0353071796769723,0.1335));
#1994=CARTESIAN_POINT('',(-0.01875,-0.0354803847577293,0.133416666666667));
#1995=CARTESIAN_POINT('',(-0.01845,-0.0356535898384861,0.133333333333333));
#1996=CARTESIAN_POINT('',(-0.01845,-0.036,0.13325));
#1997=CARTESIAN_POINT('',(-0.01845,-0.0363464101615137,0.133166666666667));
#1998=CARTESIAN_POINT('',(-0.01875,-0.0365196152422706,0.133083333333333));
#1999=CARTESIAN_POINT('',(-0.01905,-0.0366928203230275,0.133));
#2000=CARTESIAN_POINT('',(-0.01935,-0.0365196152422706,0.132916666666667));
#2001=CARTESIAN_POINT('',(-0.01965,-0.0363464101615137,0.132833333333333));
#2002=CARTESIAN_POINT('',(-0.01965,-0.036,0.13275));
#2003=CARTESIAN_POINT('',(-0.01965,-0.0356535898384861,0.132666666666667));
#2004=CARTESIAN_POINT('',(-0.01935,-0.0354803847577293,0.132583333333333));
#2005=CARTESIAN_POINT('',(-0.01905,-0.0353071796769723,0.1325));
#2006=CARTESIAN_POINT('',(-0.01875,-0.0354803847577293,0.132416666666667));
#2007=CARTESIAN_POINT('',(-0.01845,-0.0356535898384861,0.132333333333333));
#2008=CARTESIAN_POINT('',(-0.01845,-0.036,0.13225));
#2009=CARTESIAN_POINT('',(-0.01845,-0.0363464101615137,0.132166666666666));
#2010=CARTESIAN_POINT('',(-0.01875,-0.0365196152422706,0.132083333333333));
#2011=CARTESIAN_POINT('',(-0.01905,-0.0366928203230275,0.132));
#2012=CARTESIAN_POINT('',(-0.01935,-0.0365196152422706,0.131916666666667));
#2013=CARTESIAN_POINT('',(-0.01965,-0.0363464101615137,0.131833333333333));
#2014=CARTESIAN_POINT('',(-0.01965,-0.036,0.13175));
#2015=CARTESIAN_POINT('',(-0.01965,-0.0356535898384861,0.131666666666667));
#2016=CARTESIAN_POINT('',(-0.01935,-0.0354803847577293,0.131583333333333));
#2017=CARTESIAN_POINT('',(-0.01905,-0.0353071796769723,0.1315));
#2018=CARTESIAN_POINT('',(-0.01875,-0.0354803847577293,0.131416666666667));
#2019=CARTESIAN_POINT('',(-0.01845,-0.0356535898384861,0.131333333333333));
#2020=CARTESIAN_POINT('',(-0.01845,-0.036,0.13125));
#2021=CARTESIAN_POINT('',(-0.0184499999999999,-0.0363464101615137,0.131166666666667));
#2022=CARTESIAN_POINT('',(-0.01875,-0.0365196152422706,0.131083333333333));
#2023=CARTESIAN_POINT('',(-0.01905,-0.0366928203230275,0.131));
#2024=CARTESIAN_POINT('',(-0.01935,-0.0365196152422706,0.130916666666667));
#2025=CARTESIAN_POINT('',(-0.01965,-0.0363464101615137,0.130833333333333));
#2026=CARTESIAN_POINT('',(-0.01965,-0.036,0.13075));
#2027=CARTESIAN_POINT('',(-0.01965,-0.0356535898384861,0.130666666666667));
#2028=CARTESIAN_POINT('',(-0.01935,-0.0354803847577293,0.130583333333333));
#2029=CARTESIAN_POINT('',(-0.01905,-0.0353071796769723,0.1305));
#2030=CARTESIAN_POINT('',(-0.01875,-0.0354803847577293,0.130416666666667));
#2031=CARTESIAN_POINT('',(-0.01845,-0.0356535898384861,0.130333333333333));
#2032=CARTESIAN_POINT('',(-0.01845,-0.036,0.13025));
#2033=CARTESIAN_POINT('',(-0.0184499999999999,-0.0363464101615137,0.130166666666667));
#2034=CARTESIAN_POINT('',(-0.01875,-0.0365196152422706,0.130083333333333));
#2035=CARTESIAN_POINT('',(-0.01905,-0.0366928203230275,0.13));
#2036=CARTESIAN_POINT('',(-0.01935,-0.0365196152422706,0.129916666666667));
#2037=CARTESIAN_POINT('',(-0.01965,-0.0363464101615137,0.129833333333333));
#2038=CARTESIAN_POINT('',(-0.01965,-0.036,0.12975));
#2039=CARTESIAN_POINT('',(-0.01965,-0.0356535898384861,0.129666666666667));
#2040=CARTESIAN_POINT('',(-0.01935,-0.0354803847577293,0.129583333333333));
#2041=CARTESIAN_POINT('',(-0.01905,-0.0353071796769723,0.1295));
#2042=CARTESIAN_POINT('',(-0.01875,-0.0354803847577293,0.129416666666667));
#2043=CARTESIAN_POINT('',(-0.01845,-0.0356535898384861,0.129333333333333));
#2044=CARTESIAN_POINT('',(-0.01845,-0.036,0.12925));
#2045=CARTESIAN_POINT('',(-0.017908734125,-0.036,0.1375625));
#2046=CARTESIAN_POINT('',(-0.017908734125,-0.0366589101601481,0.137479166666667));
#2047=CARTESIAN_POINT('',(-0.0184793670625,-0.0369883652402221,0.137395833333333));
#2048=CARTESIAN_POINT('',(-0.01905,-0.0373178203202962,0.1373125));
#2049=CARTESIAN_POINT('',(-0.0196206329374999,-0.0369883652402221,0.137229166666667));
#2050=CARTESIAN_POINT('',(-0.020191265875,-0.0366589101601481,0.137145833333333));
#2051=CARTESIAN_POINT('',(-0.0201912658749999,-0.036,0.1370625));
#2052=CARTESIAN_POINT('',(-0.020191265875,-0.0353410898398518,0.136979166666667));
#2053=CARTESIAN_POINT('',(-0.0196206329374999,-0.0350116347597777,0.136895833333333));
#2054=CARTESIAN_POINT('',(-0.01905,-0.0346821796797036,0.1368125));
#2055=CARTESIAN_POINT('',(-0.0184793670625,-0.0350116347597777,0.136729166666667));
#2056=CARTESIAN_POINT('',(-0.017908734125,-0.0353410898398518,0.136645833333333));
#2057=CARTESIAN_POINT('',(-0.017908734125,-0.036,0.1365625));
#2058=CARTESIAN_POINT('',(-0.017908734125,-0.0366589101601481,0.136479166666667));
#2059=CARTESIAN_POINT('',(-0.0184793670625,-0.0369883652402221,0.136395833333333));
#2060=CARTESIAN_POINT('',(-0.01905,-0.0373178203202962,0.1363125));
#2061=CARTESIAN_POINT('',(-0.0196206329374999,-0.0369883652402221,0.136229166666667));
#2062=CARTESIAN_POINT('',(-0.020191265875,-0.0366589101601481,0.136145833333333));
#2063=CARTESIAN_POINT('',(-0.0201912658749999,-0.036,0.1360625));
#2064=CARTESIAN_POINT('',(-0.020191265875,-0.0353410898398518,0.135979166666667));
#2065=CARTESIAN_POINT('',(-0.0196206329374999,-0.0350116347597777,0.135895833333333));
#2066=CARTESIAN_POINT('',(-0.01905,-0.0346821796797036,0.1358125));
#2067=CARTESIAN_POINT('',(-0.0184793670625,-0.0350116347597777,0.135729166666667));
#2068=CARTESIAN_POINT('',(-0.017908734125,-0.0353410898398518,0.135645833333333));
#2069=CARTESIAN_POINT('',(-0.017908734125,-0.036,0.1355625));
#2070=CARTESIAN_POINT('',(-0.017908734125,-0.0366589101601481,0.135479166666667));
#2071=CARTESIAN_POINT('',(-0.0184793670625,-0.0369883652402221,0.135395833333333));
#2072=CARTESIAN_POINT('',(-0.01905,-0.0373178203202962,0.1353125));
#2073=CARTESIAN_POINT('',(-0.0196206329374999,-0.0369883652402221,0.135229166666667));
#2074=CARTESIAN_POINT('',(-0.020191265875,-0.0366589101601481,0.135145833333333));
#2075=CARTESIAN_POINT('',(-0.0201912658749999,-0.036,0.1350625));
#2076=CARTESIAN_POINT('',(-0.020191265875,-0.0353410898398518,0.134979166666667));
#2077=CARTESIAN_POINT('',(-0.0196206329374999,-0.0350116347597777,0.134895833333333));
#2078=CARTESIAN_POINT('',(-0.01905,-0.0346821796797036,0.1348125));
#2079=CARTESIAN_POINT('',(-0.0184793670625,-0.0350116347597777,0.134729166666667));
#2080=CARTESIAN_POINT('',(-0.017908734125,-0.0353410898398518,0.134645833333333));
#2081=CARTESIAN_POINT('',(-0.017908734125,-0.036,0.1345625));
#2082=CARTESIAN_POINT('',(-0.017908734125,-0.0366589101601481,0.134479166666667));
#2083=CARTESIAN_POINT('',(-0.0184793670625,-0.0369883652402221,0.134395833333333));
#2084=CARTESIAN_POINT('',(-0.01905,-0.0373178203202962,0.1343125));
#2085=CARTESIAN_POINT('',(-0.0196206329374999,-0.0369883652402221,0.134229166666667));
#2086=CARTESIAN_POINT('',(-0.020191265875,-0.0366589101601481,0.134145833333333));
#2087=CARTESIAN_POINT('',(-0.0201912658749999,-0.036,0.1340625));
#2088=CARTESIAN_POINT('',(-0.020191265875,-0.0353410898398518,0.133979166666667));
#2089=CARTESIAN_POINT('',(-0.0196206329374999,-0.0350116347597777,0.133895833333333));
#2090=CARTESIAN_POINT('',(-0.01905,-0.0346821796797036,0.1338125));
#2091=CARTESIAN_POINT('',(-0.0184793670625,-0.0350116347597777,0.133729166666667));
#2092=CARTESIAN_POINT('',(-0.017908734125,-0.0353410898398518,0.133645833333333));
#2093=CARTESIAN_POINT('',(-0.017908734125,-0.036,0.1335625));
#2094=CARTESIAN_POINT('',(-0.017908734125,-0.0366589101601481,0.133479166666667));
#2095=CARTESIAN_POINT('',(-0.0184793670625,-0.0369883652402221,0.133395833333333));
#2096=CARTESIAN_POINT('',(-0.01905,-0.0373178203202962,0.1333125));
#2097=CARTESIAN_POINT('',(-0.0196206329374999,-0.0369883652402221,0.133229166666667));
#2098=CARTESIAN_POINT('',(-0.020191265875,-0.0366589101601481,0.133145833333333));
#2099=CARTESIAN_POINT('',(-0.0201912658749999,-0.036,0.1330625));
#2100=CARTESIAN_POINT('',(-0.020191265875,-0.0353410898398518,0.132979166666667));
#2101=CARTESIAN_POINT('',(-0.0196206329374999,-0.0350116347597777,0.132895833333333));
#2102=CARTESIAN_POINT('',(-0.01905,-0.0346821796797036,0.1328125));
#2103=CARTESIAN_POINT('',(-0.0184793670625,-0.0350116347597777,0.132729166666667));
#2104=CARTESIAN_POINT('',(-0.017908734125,-0.0353410898398518,0.132645833333333));
#2105=CARTESIAN_POINT('',(-0.017908734125,-0.036,0.1325625));
#2106=CARTESIAN_POINT('',(-0.017908734125,-0.0366589101601481,0.132479166666667));
#2107=CARTESIAN_POINT('',(-0.0184793670625,-0.0369883652402221,0.132395833333333));
#2108=CARTESIAN_POINT('',(-0.01905,-0.0373178203202962,0.1323125));
#2109=CARTESIAN_POINT('',(-0.0196206329374999,-0.0369883652402221,0.132229166666667));
#2110=CARTESIAN_POINT('',(-0.020191265875,-0.0366589101601481,0.132145833333333));
#2111=CARTESIAN_POINT('',(-0.0201912658749999,-0.036,0.1320625));
#2112=CARTESIAN_POINT('',(-0.020191265875,-0.0353410898398518,0.131979166666667));
#2113=CARTESIAN_POINT('',(-0.0196206329374999,-0.0350116347597777,0.131895833333333));
#2114=CARTESIAN_POINT('',(-0.01905,-0.0346821796797036,0.1318125));
#2115=CARTESIAN_POINT('',(-0.0184793670625,-0.0350116347597777,0.131729166666667));
#2116=CARTESIAN_POINT('',(-0.017908734125,-0.0353410898398518,0.131645833333333));
#2117=CARTESIAN_POINT('',(-0.017908734125,-0.036,0.1315625));
#2118=CARTESIAN_POINT('',(-0.017908734125,-0.0366589101601481,0.131479166666666));
#2119=CARTESIAN_POINT('',(-0.0184793670625,-0.0369883652402221,0.131395833333333));
#2120=CARTESIAN_POINT('',(-0.01905,-0.0373178203202962,0.1313125));
#2121=CARTESIAN_POINT('',(-0.0196206329374999,-0.0369883652402221,0.131229166666667));
#2122=CARTESIAN_POINT('',(-0.020191265875,-0.0366589101601481,0.131145833333333));
#2123=CARTESIAN_POINT('',(-0.0201912658749999,-0.036,0.1310625));
#2124=CARTESIAN_POINT('',(-0.020191265875,-0.0353410898398518,0.130979166666667));
#2125=CARTESIAN_POINT('',(-0.0196206329374999,-0.0350116347597777,0.130895833333333));
#2126=CARTESIAN_POINT('',(-0.01905,-0.0346821796797036,0.1308125));
#2127=CARTESIAN_POINT('',(-0.0184793670625,-0.0350116347597777,0.130729166666667));
#2128=CARTESIAN_POINT('',(-0.017908734125,-0.0353410898398518,0.130645833333333));
#2129=CARTESIAN_POINT('',(-0.017908734125,-0.036,0.1305625));
#2130=CARTESIAN_POINT('',(-0.017908734125,-0.0366589101601481,0.130479166666667));
#2131=CARTESIAN_POINT('',(-0.0184793670625,-0.0369883652402221,0.130395833333333));
#2132=CARTESIAN_POINT('',(-0.01905,-0.0373178203202962,0.1303125));
#2133=CARTESIAN_POINT('',(-0.0196206329374999,-0.0369883652402221,0.130229166666667));
#2134=CARTESIAN_POINT('',(-0.020191265875,-0.0366589101601481,0.130145833333333));
#2135=CARTESIAN_POINT('',(-0.0201912658749999,-0.036,0.1300625));
#2136=CARTESIAN_POINT('',(-0.020191265875,-0.0353410898398518,0.129979166666667));
#2137=CARTESIAN_POINT('',(-0.0196206329374999,-0.0350116347597777,0.129895833333333));
#2138=CARTESIAN_POINT('',(-0.01905,-0.0346821796797036,0.1298125));
#2139=CARTESIAN_POINT('',(-0.0184793670625,-0.0350116347597777,0.129729166666667));
#2140=CARTESIAN_POINT('',(-0.017908734125,-0.0353410898398518,0.129645833333333));
#2141=CARTESIAN_POINT('',(-0.017908734125,-0.036,0.1295625));
#2142=CARTESIAN_POINT('',(-0.0201613130067466,-0.0357402478133389,0.136027461651835));
#2143=CARTESIAN_POINT('',(-0.0200487892752083,-0.0352588309366088,0.135958359858643));
#2144=CARTESIAN_POINT('',(-0.0196206329374999,-0.0350116347597777,0.135895833333333));
#2145=CARTESIAN_POINT('',(-0.01905,-0.0346821796797036,0.1358125));
#2146=CARTESIAN_POINT('',(-0.0184793670625,-0.0350116347597777,0.135729166666667));
#2147=CARTESIAN_POINT('',(-0.017908734125,-0.0353410898398518,0.135645833333333));
#2148=CARTESIAN_POINT('',(-0.017908734125,-0.036,0.1355625));
#2149=CARTESIAN_POINT('',(-0.017908734125,-0.0366589101601481,0.135479166666667));
#2150=CARTESIAN_POINT('',(-0.0184793670625,-0.0369883652402221,0.135395833333333));
#2151=CARTESIAN_POINT('',(-0.01905,-0.0373178203202962,0.1353125));
#2152=CARTESIAN_POINT('',(-0.0196206329374999,-0.0369883652402221,0.135229166666667));
#2153=CARTESIAN_POINT('',(-0.020191265875,-0.0366589101601481,0.135145833333333));
#2154=CARTESIAN_POINT('',(-0.0201912658749999,-0.036,0.1350625));
#2155=CARTESIAN_POINT('',(-0.020191265875,-0.0353410898398518,0.134979166666667));
#2156=CARTESIAN_POINT('',(-0.0196206329374999,-0.0350116347597777,0.134895833333333));
#2157=CARTESIAN_POINT('',(-0.01905,-0.0346821796797036,0.1348125));
#2158=CARTESIAN_POINT('',(-0.0184793670625,-0.0350116347597777,0.134729166666667));
#2159=CARTESIAN_POINT('',(-0.017908734125,-0.0353410898398518,0.134645833333333));
#2160=CARTESIAN_POINT('',(-0.017908734125,-0.036,0.1345625));
#2161=CARTESIAN_POINT('',(-0.017908734125,-0.0366589101601481,0.134479166666667));
#2162=CARTESIAN_POINT('',(-0.0184793670625,-0.0369883652402221,0.134395833333333));
#2163=CARTESIAN_POINT('',(-0.01905,-0.0373178203202962,0.1343125));
#2164=CARTESIAN_POINT('',(-0.0196206329374999,-0.0369883652402221,0.134229166666667));
#2165=CARTESIAN_POINT('',(-0.020191265875,-0.0366589101601481,0.134145833333333));
#2166=CARTESIAN_POINT('',(-0.0201912658749999,-0.036,0.1340625));
#2167=CARTESIAN_POINT('',(-0.020191265875,-0.0353410898398518,0.133979166666667));
#2168=CARTESIAN_POINT('',(-0.0196206329374999,-0.0350116347597777,0.133895833333333));
#2169=CARTESIAN_POINT('',(-0.01905,-0.0346821796797036,0.1338125));
#2170=CARTESIAN_POINT('',(-0.0184793670625,-0.0350116347597777,0.133729166666667));
#2171=CARTESIAN_POINT('',(-0.017908734125,-0.0353410898398518,0.133645833333333));
#2172=CARTESIAN_POINT('',(-0.017908734125,-0.036,0.1335625));
#2173=CARTESIAN_POINT('',(-0.017908734125,-0.0366589101601481,0.133479166666667));
#2174=CARTESIAN_POINT('',(-0.0184793670625,-0.0369883652402221,0.133395833333333));
#2175=CARTESIAN_POINT('',(-0.01905,-0.0373178203202962,0.1333125));
#2176=CARTESIAN_POINT('',(-0.0196206329374999,-0.0369883652402221,0.133229166666667));
#2177=CARTESIAN_POINT('',(-0.020191265875,-0.0366589101601481,0.133145833333333));
#2178=CARTESIAN_POINT('',(-0.0201912658749999,-0.036,0.1330625));
#2179=CARTESIAN_POINT('',(-0.020191265875,-0.0353410898398518,0.132979166666667));
#2180=CARTESIAN_POINT('',(-0.0196206329374999,-0.0350116347597777,0.132895833333333));
#2181=CARTESIAN_POINT('',(-0.01905,-0.0346821796797036,0.1328125));
#2182=CARTESIAN_POINT('',(-0.0184793670625,-0.0350116347597777,0.132729166666667));
#2183=CARTESIAN_POINT('',(-0.017908734125,-0.0353410898398518,0.132645833333333));
#2184=CARTESIAN_POINT('',(-0.017908734125,-0.036,0.1325625));
#2185=CARTESIAN_POINT('',(-0.017908734125,-0.0366589101601481,0.132479166666667));
#2186=CARTESIAN_POINT('',(-0.0184793670625,-0.0369883652402221,0.132395833333333));
#2187=CARTESIAN_POINT('',(-0.01905,-0.0373178203202962,0.1323125));
#2188=CARTESIAN_POINT('',(-0.0196206329374999,-0.0369883652402221,0.132229166666667));
#2189=CARTESIAN_POINT('',(-0.020191265875,-0.0366589101601481,0.132145833333333));
#2190=CARTESIAN_POINT('',(-0.0201912658749999,-0.036,0.1320625));
#2191=CARTESIAN_POINT('',(-0.020191265875,-0.0353410898398518,0.131979166666667));
#2192=CARTESIAN_POINT('',(-0.0196206329374999,-0.0350116347597777,0.131895833333333));
#2193=CARTESIAN_POINT('',(-0.01905,-0.0346821796797036,0.1318125));
#2194=CARTESIAN_POINT('',(-0.0184793670625,-0.0350116347597777,0.131729166666667));
#2195=CARTESIAN_POINT('',(-0.017908734125,-0.0353410898398518,0.131645833333333));
#2196=CARTESIAN_POINT('',(-0.017908734125,-0.036,0.1315625));
#2197=CARTESIAN_POINT('',(-0.017908734125,-0.0360435013165719,0.131556998324759));
#2198=CARTESIAN_POINT('',(-0.0179120455692238,-0.0360868764117376,0.131551270816782));
#2199=CARTESIAN_POINT('',(-0.0202055745839005,-0.0357299023558656,0.136061552560926));
#2200=CARTESIAN_POINT('',(-0.0200885692366564,-0.0352293115199511,0.135992450767734));
#2201=CARTESIAN_POINT('',(-0.0196433602102272,-0.0349722699686965,0.135929924242424));
#2202=CARTESIAN_POINT('',(-0.01905,-0.0346296932915954,0.135846590909091));
#2203=CARTESIAN_POINT('',(-0.0184566397897727,-0.0349722699686965,0.135763257575758));
#2204=CARTESIAN_POINT('',(-0.0178632795795454,-0.0353148466457977,0.135679924242424));
#2205=CARTESIAN_POINT('',(-0.0178632795795454,-0.0359999999999999,0.135596590909091));
#2206=CARTESIAN_POINT('',(-0.0178632795795454,-0.0366851533542022,0.135513257575758));
#2207=CARTESIAN_POINT('',(-0.0184566397897727,-0.0370277300313033,0.135429924242424));
#2208=CARTESIAN_POINT('',(-0.01905,-0.0373703067084045,0.135346590909091));
#2209=CARTESIAN_POINT('',(-0.0196433602102272,-0.0370277300313033,0.135263257575757));
#2210=CARTESIAN_POINT('',(-0.0202367204204545,-0.0366851533542022,0.135179924242424));
#2211=CARTESIAN_POINT('',(-0.0202367204204545,-0.0359999999999999,0.135096590909091));
#2212=CARTESIAN_POINT('',(-0.0202367204204545,-0.0353148466457977,0.135013257575758));
#2213=CARTESIAN_POINT('',(-0.0196433602102272,-0.0349722699686965,0.134929924242424));
#2214=CARTESIAN_POINT('',(-0.01905,-0.0346296932915954,0.134846590909091));
#2215=CARTESIAN_POINT('',(-0.0184566397897727,-0.0349722699686965,0.134763257575757));
#2216=CARTESIAN_POINT('',(-0.0178632795795454,-0.0353148466457977,0.134679924242424));
#2217=CARTESIAN_POINT('',(-0.0178632795795454,-0.0359999999999999,0.134596590909091));
#2218=CARTESIAN_POINT('',(-0.0178632795795454,-0.0366851533542022,0.134513257575758));
#2219=CARTESIAN_POINT('',(-0.0184566397897727,-0.0370277300313033,0.134429924242424));
#2220=CARTESIAN_POINT('',(-0.01905,-0.0373703067084045,0.134346590909091));
#2221=CARTESIAN_POINT('',(-0.0196433602102272,-0.0370277300313033,0.134263257575757));
#2222=CARTESIAN_POINT('',(-0.0202367204204545,-0.0366851533542022,0.134179924242424));
#2223=CARTESIAN_POINT('',(-0.0202367204204545,-0.0359999999999999,0.134096590909091));
#2224=CARTESIAN_POINT('',(-0.0202367204204545,-0.0353148466457977,0.134013257575758));
#2225=CARTESIAN_POINT('',(-0.0196433602102272,-0.0349722699686965,0.133929924242424));
#2226=CARTESIAN_POINT('',(-0.01905,-0.0346296932915954,0.133846590909091));
#2227=CARTESIAN_POINT('',(-0.0184566397897727,-0.0349722699686965,0.133763257575758));
#2228=CARTESIAN_POINT('',(-0.0178632795795454,-0.0353148466457977,0.133679924242424));
#2229=CARTESIAN_POINT('',(-0.0178632795795454,-0.0359999999999999,0.133596590909091));
#2230=CARTESIAN_POINT('',(-0.0178632795795454,-0.0366851533542022,0.133513257575758));
#2231=CARTESIAN_POINT('',(-0.0184566397897727,-0.0370277300313033,0.133429924242424));
#2232=CARTESIAN_POINT('',(-0.01905,-0.0373703067084045,0.133346590909091));
#2233=CARTESIAN_POINT('',(-0.0196433602102272,-0.0370277300313033,0.133263257575758));
#2234=CARTESIAN_POINT('',(-0.0202367204204545,-0.0366851533542022,0.133179924242424));
#2235=CARTESIAN_POINT('',(-0.0202367204204545,-0.0359999999999999,0.133096590909091));
#2236=CARTESIAN_POINT('',(-0.0202367204204545,-0.0353148466457977,0.133013257575758));
#2237=CARTESIAN_POINT('',(-0.0196433602102272,-0.0349722699686965,0.132929924242424));
#2238=CARTESIAN_POINT('',(-0.01905,-0.0346296932915954,0.132846590909091));
#2239=CARTESIAN_POINT('',(-0.0184566397897727,-0.0349722699686965,0.132763257575757));
#2240=CARTESIAN_POINT('',(-0.0178632795795454,-0.0353148466457977,0.132679924242424));
#2241=CARTESIAN_POINT('',(-0.0178632795795454,-0.0359999999999999,0.132596590909091));
#2242=CARTESIAN_POINT('',(-0.0178632795795454,-0.0366851533542022,0.132513257575758));
#2243=CARTESIAN_POINT('',(-0.0184566397897727,-0.0370277300313033,0.132429924242424));
#2244=CARTESIAN_POINT('',(-0.01905,-0.0373703067084045,0.132346590909091));
#2245=CARTESIAN_POINT('',(-0.0196433602102272,-0.0370277300313033,0.132263257575757));
#2246=CARTESIAN_POINT('',(-0.0202367204204545,-0.0366851533542022,0.132179924242424));
#2247=CARTESIAN_POINT('',(-0.0202367204204545,-0.0359999999999999,0.132096590909091));
#2248=CARTESIAN_POINT('',(-0.0202367204204545,-0.0353148466457977,0.132013257575758));
#2249=CARTESIAN_POINT('',(-0.0196433602102272,-0.0349722699686965,0.131929924242424));
#2250=CARTESIAN_POINT('',(-0.01905,-0.0346296932915954,0.131846590909091));
#2251=CARTESIAN_POINT('',(-0.0184566397897727,-0.0349722699686965,0.131763257575757));
#2252=CARTESIAN_POINT('',(-0.0178632795795454,-0.0353148466457977,0.131679924242424));
#2253=CARTESIAN_POINT('',(-0.0178632795795454,-0.0359999999999999,0.131596590909091));
#2254=CARTESIAN_POINT('',(-0.0178632795795454,-0.0360452338949435,0.13159108923385));
#2255=CARTESIAN_POINT('',(-0.0178667229125739,-0.0360903365413119,0.131585361725873));
#2256=CARTESIAN_POINT('',(-0.0202055745839005,-0.0357299023558656,0.136118370742744));
#2257=CARTESIAN_POINT('',(-0.0200885692366564,-0.0352293115199511,0.136049268949552));
#2258=CARTESIAN_POINT('',(-0.0196433602102272,-0.0349722699686965,0.135986742424242));
#2259=CARTESIAN_POINT('',(-0.01905,-0.0346296932915954,0.135903409090909));
#2260=CARTESIAN_POINT('',(-0.0184566397897727,-0.0349722699686965,0.135820075757576));
#2261=CARTESIAN_POINT('',(-0.0178632795795454,-0.0353148466457977,0.135736742424242));
#2262=CARTESIAN_POINT('',(-0.0178632795795454,-0.0359999999999999,0.135653409090909));
#2263=CARTESIAN_POINT('',(-0.0178632795795454,-0.0366851533542022,0.135570075757576));
#2264=CARTESIAN_POINT('',(-0.0184566397897727,-0.0370277300313033,0.135486742424242));
#2265=CARTESIAN_POINT('',(-0.01905,-0.0373703067084045,0.135403409090909));
#2266=CARTESIAN_POINT('',(-0.0196433602102272,-0.0370277300313033,0.135320075757576));
#2267=CARTESIAN_POINT('',(-0.0202367204204545,-0.0366851533542022,0.135236742424242));
#2268=CARTESIAN_POINT('',(-0.0202367204204545,-0.0359999999999999,0.135153409090909));
#2269=CARTESIAN_POINT('',(-0.0202367204204545,-0.0353148466457977,0.135070075757576));
#2270=CARTESIAN_POINT('',(-0.0196433602102272,-0.0349722699686965,0.134986742424242));
#2271=CARTESIAN_POINT('',(-0.01905,-0.0346296932915954,0.134903409090909));
#2272=CARTESIAN_POINT('',(-0.0184566397897727,-0.0349722699686965,0.134820075757576));
#2273=CARTESIAN_POINT('',(-0.0178632795795454,-0.0353148466457977,0.134736742424242));
#2274=CARTESIAN_POINT('',(-0.0178632795795454,-0.0359999999999999,0.134653409090909));
#2275=CARTESIAN_POINT('',(-0.0178632795795454,-0.0366851533542022,0.134570075757576));
#2276=CARTESIAN_POINT('',(-0.0184566397897727,-0.0370277300313033,0.134486742424242));
#2277=CARTESIAN_POINT('',(-0.01905,-0.0373703067084045,0.134403409090909));
#2278=CARTESIAN_POINT('',(-0.0196433602102272,-0.0370277300313033,0.134320075757576));
#2279=CARTESIAN_POINT('',(-0.0202367204204545,-0.0366851533542022,0.134236742424242));
#2280=CARTESIAN_POINT('',(-0.0202367204204545,-0.0359999999999999,0.134153409090909));
#2281=CARTESIAN_POINT('',(-0.0202367204204545,-0.0353148466457977,0.134070075757576));
#2282=CARTESIAN_POINT('',(-0.0196433602102272,-0.0349722699686965,0.133986742424242));
#2283=CARTESIAN_POINT('',(-0.01905,-0.0346296932915954,0.133903409090909));
#2284=CARTESIAN_POINT('',(-0.0184566397897727,-0.0349722699686965,0.133820075757576));
#2285=CARTESIAN_POINT('',(-0.0178632795795454,-0.0353148466457977,0.133736742424242));
#2286=CARTESIAN_POINT('',(-0.0178632795795454,-0.0359999999999999,0.133653409090909));
#2287=CARTESIAN_POINT('',(-0.0178632795795454,-0.0366851533542022,0.133570075757576));
#2288=CARTESIAN_POINT('',(-0.0184566397897727,-0.0370277300313033,0.133486742424242));
#2289=CARTESIAN_POINT('',(-0.01905,-0.0373703067084045,0.133403409090909));
#2290=CARTESIAN_POINT('',(-0.0196433602102272,-0.0370277300313033,0.133320075757576));
#2291=CARTESIAN_POINT('',(-0.0202367204204545,-0.0366851533542022,0.133236742424243));
#2292=CARTESIAN_POINT('',(-0.0202367204204545,-0.0359999999999999,0.133153409090909));
#2293=CARTESIAN_POINT('',(-0.0202367204204545,-0.0353148466457977,0.133070075757576));
#2294=CARTESIAN_POINT('',(-0.0196433602102272,-0.0349722699686965,0.132986742424242));
#2295=CARTESIAN_POINT('',(-0.01905,-0.0346296932915954,0.132903409090909));
#2296=CARTESIAN_POINT('',(-0.0184566397897727,-0.0349722699686965,0.132820075757576));
#2297=CARTESIAN_POINT('',(-0.0178632795795454,-0.0353148466457977,0.132736742424243));
#2298=CARTESIAN_POINT('',(-0.0178632795795454,-0.0359999999999999,0.132653409090909));
#2299=CARTESIAN_POINT('',(-0.0178632795795454,-0.0366851533542022,0.132570075757576));
#2300=CARTESIAN_POINT('',(-0.0184566397897727,-0.0370277300313033,0.132486742424242));
#2301=CARTESIAN_POINT('',(-0.01905,-0.0373703067084045,0.132403409090909));
#2302=CARTESIAN_POINT('',(-0.0196433602102272,-0.0370277300313033,0.132320075757576));
#2303=CARTESIAN_POINT('',(-0.0202367204204545,-0.0366851533542022,0.132236742424243));
#2304=CARTESIAN_POINT('',(-0.0202367204204545,-0.0359999999999999,0.132153409090909));
#2305=CARTESIAN_POINT('',(-0.0202367204204545,-0.0353148466457977,0.132070075757576));
#2306=CARTESIAN_POINT('',(-0.0196433602102272,-0.0349722699686965,0.131986742424242));
#2307=CARTESIAN_POINT('',(-0.01905,-0.0346296932915954,0.131903409090909));
#2308=CARTESIAN_POINT('',(-0.0184566397897727,-0.0349722699686965,0.131820075757576));
#2309=CARTESIAN_POINT('',(-0.0178632795795454,-0.0353148466457977,0.131736742424242));
#2310=CARTESIAN_POINT('',(-0.0178632795795454,-0.0359999999999999,0.131653409090909));
#2311=CARTESIAN_POINT('',(-0.0178632795795454,-0.0360452338949435,0.131647907415668));
#2312=CARTESIAN_POINT('',(-0.0178667229125739,-0.0360903365413119,0.131642179907691));
#2313=CARTESIAN_POINT('',(-0.0201613130067466,-0.0357402478133389,0.136152461651835));
#2314=CARTESIAN_POINT('',(-0.0200487892752083,-0.0352588309366088,0.136083359858643));
#2315=CARTESIAN_POINT('',(-0.0196206329375,-0.0350116347597777,0.136020833333333));
#2316=CARTESIAN_POINT('',(-0.01905,-0.0346821796797035,0.1359375));
#2317=CARTESIAN_POINT('',(-0.0184793670625,-0.0350116347597777,0.135854166666667));
#2318=CARTESIAN_POINT('',(-0.017908734125,-0.0353410898398517,0.135770833333333));
#2319=CARTESIAN_POINT('',(-0.017908734125,-0.036,0.1356875));
#2320=CARTESIAN_POINT('',(-0.017908734125,-0.0366589101601481,0.135604166666667));
#2321=CARTESIAN_POINT('',(-0.0184793670625,-0.0369883652402222,0.135520833333333));
#2322=CARTESIAN_POINT('',(-0.01905,-0.0373178203202962,0.1354375));
#2323=CARTESIAN_POINT('',(-0.0196206329375,-0.0369883652402222,0.135354166666667));
#2324=CARTESIAN_POINT('',(-0.020191265875,-0.0366589101601481,0.135270833333333));
#2325=CARTESIAN_POINT('',(-0.020191265875,-0.036,0.1351875));
#2326=CARTESIAN_POINT('',(-0.020191265875,-0.0353410898398517,0.135104166666666));
#2327=CARTESIAN_POINT('',(-0.0196206329375,-0.0350116347597777,0.135020833333333));
#2328=CARTESIAN_POINT('',(-0.01905,-0.0346821796797035,0.1349375));
#2329=CARTESIAN_POINT('',(-0.0184793670625,-0.0350116347597777,0.134854166666667));
#2330=CARTESIAN_POINT('',(-0.017908734125,-0.0353410898398517,0.134770833333333));
#2331=CARTESIAN_POINT('',(-0.017908734125,-0.036,0.1346875));
#2332=CARTESIAN_POINT('',(-0.017908734125,-0.0366589101601481,0.134604166666667));
#2333=CARTESIAN_POINT('',(-0.0184793670625,-0.0369883652402222,0.134520833333333));
#2334=CARTESIAN_POINT('',(-0.01905,-0.0373178203202962,0.1344375));
#2335=CARTESIAN_POINT('',(-0.0196206329375,-0.0369883652402222,0.134354166666667));
#2336=CARTESIAN_POINT('',(-0.020191265875,-0.0366589101601481,0.134270833333333));
#2337=CARTESIAN_POINT('',(-0.020191265875,-0.036,0.1341875));
#2338=CARTESIAN_POINT('',(-0.020191265875,-0.0353410898398517,0.134104166666667));
#2339=CARTESIAN_POINT('',(-0.0196206329375,-0.0350116347597777,0.134020833333333));
#2340=CARTESIAN_POINT('',(-0.01905,-0.0346821796797035,0.1339375));
#2341=CARTESIAN_POINT('',(-0.0184793670625,-0.0350116347597777,0.133854166666667));
#2342=CARTESIAN_POINT('',(-0.017908734125,-0.0353410898398517,0.133770833333333));
#2343=CARTESIAN_POINT('',(-0.017908734125,-0.036,0.1336875));
#2344=CARTESIAN_POINT('',(-0.017908734125,-0.0366589101601481,0.133604166666667));
#2345=CARTESIAN_POINT('',(-0.0184793670625,-0.0369883652402222,0.133520833333333));
#2346=CARTESIAN_POINT('',(-0.01905,-0.0373178203202962,0.1334375));
#2347=CARTESIAN_POINT('',(-0.0196206329375,-0.0369883652402222,0.133354166666667));
#2348=CARTESIAN_POINT('',(-0.020191265875,-0.0366589101601481,0.133270833333333));
#2349=CARTESIAN_POINT('',(-0.020191265875,-0.036,0.1331875));
#2350=CARTESIAN_POINT('',(-0.020191265875,-0.0353410898398517,0.133104166666667));
#2351=CARTESIAN_POINT('',(-0.0196206329375,-0.0350116347597777,0.133020833333333));
#2352=CARTESIAN_POINT('',(-0.01905,-0.0346821796797035,0.1329375));
#2353=CARTESIAN_POINT('',(-0.0184793670625,-0.0350116347597777,0.132854166666667));
#2354=CARTESIAN_POINT('',(-0.017908734125,-0.0353410898398517,0.132770833333333));
#2355=CARTESIAN_POINT('',(-0.017908734125,-0.036,0.1326875));
#2356=CARTESIAN_POINT('',(-0.017908734125,-0.0366589101601481,0.132604166666667));
#2357=CARTESIAN_POINT('',(-0.0184793670625,-0.0369883652402222,0.132520833333333));
#2358=CARTESIAN_POINT('',(-0.01905,-0.0373178203202962,0.1324375));
#2359=CARTESIAN_POINT('',(-0.0196206329375,-0.0369883652402222,0.132354166666667));
#2360=CARTESIAN_POINT('',(-0.020191265875,-0.0366589101601481,0.132270833333333));
#2361=CARTESIAN_POINT('',(-0.020191265875,-0.036,0.1321875));
#2362=CARTESIAN_POINT('',(-0.020191265875,-0.0353410898398517,0.132104166666667));
#2363=CARTESIAN_POINT('',(-0.0196206329375,-0.0350116347597777,0.132020833333333));
#2364=CARTESIAN_POINT('',(-0.01905,-0.0346821796797035,0.1319375));
#2365=CARTESIAN_POINT('',(-0.0184793670625,-0.0350116347597777,0.131854166666667));
#2366=CARTESIAN_POINT('',(-0.017908734125,-0.0353410898398517,0.131770833333333));
#2367=CARTESIAN_POINT('',(-0.017908734125,-0.036,0.1316875));
#2368=CARTESIAN_POINT('',(-0.017908734125,-0.0360435013165719,0.131681998324759));
#2369=CARTESIAN_POINT('',(-0.0179120455692238,-0.0360868764117376,0.131676270816782));
#2370=CARTESIAN_POINT('',(-0.01905,-0.036,0.136));
#2371=CARTESIAN_POINT('',(0.00815081385219784,-0.0350286793743972,0.136025073898575));
#2372=CARTESIAN_POINT('',(0.00816496628477764,-0.0350199490526723,0.136022936374941));
#2373=CARTESIAN_POINT('',(0.00817936706250002,-0.0350116347597778,0.136020833333333));
#2374=CARTESIAN_POINT('',(0.00875000000000002,-0.0346821796797036,0.1359375));
#2375=CARTESIAN_POINT('',(0.00932063293750002,-0.0350116347597778,0.135854166666667));
#2376=CARTESIAN_POINT('',(0.00989126587500001,-0.0353410898398518,0.135770833333333));
#2377=CARTESIAN_POINT('',(0.00989126587500002,-0.036,0.1356875));
#2378=CARTESIAN_POINT('',(0.00989126587500001,-0.0366589101601482,0.135604166666667));
#2379=CARTESIAN_POINT('',(0.00932063293750002,-0.0369883652402223,0.135520833333333));
#2380=CARTESIAN_POINT('',(0.00875000000000002,-0.0373178203202964,0.1354375));
#2381=CARTESIAN_POINT('',(0.00817936706250002,-0.0369883652402223,0.135354166666667));
#2382=CARTESIAN_POINT('',(0.00760873412500002,-0.0366589101601482,0.135270833333333));
#2383=CARTESIAN_POINT('',(0.00760873412500002,-0.036,0.1351875));
#2384=CARTESIAN_POINT('',(0.00760873412500002,-0.0353410898398518,0.135104166666666));
#2385=CARTESIAN_POINT('',(0.00817936706250002,-0.0350116347597778,0.135020833333333));
#2386=CARTESIAN_POINT('',(0.00875000000000002,-0.0346821796797036,0.1349375));
#2387=CARTESIAN_POINT('',(0.00932063293750002,-0.0350116347597778,0.134854166666667));
#2388=CARTESIAN_POINT('',(0.00989126587500001,-0.0353410898398518,0.134770833333333));
#2389=CARTESIAN_POINT('',(0.00989126587500002,-0.036,0.1346875));
#2390=CARTESIAN_POINT('',(0.00989126587500001,-0.0366589101601482,0.134604166666667));
#2391=CARTESIAN_POINT('',(0.00932063293750002,-0.0369883652402223,0.134520833333333));
#2392=CARTESIAN_POINT('',(0.00875000000000002,-0.0373178203202964,0.1344375));
#2393=CARTESIAN_POINT('',(0.00817936706250002,-0.0369883652402223,0.134354166666667));
#2394=CARTESIAN_POINT('',(0.00760873412500002,-0.0366589101601482,0.134270833333333));
#2395=CARTESIAN_POINT('',(0.00760873412500002,-0.036,0.1341875));
#2396=CARTESIAN_POINT('',(0.00760873412500002,-0.0353410898398518,0.134104166666667));
#2397=CARTESIAN_POINT('',(0.00817936706250002,-0.0350116347597778,0.134020833333333));
#2398=CARTESIAN_POINT('',(0.00875000000000002,-0.0346821796797036,0.1339375));
#2399=CARTESIAN_POINT('',(0.00932063293750002,-0.0350116347597778,0.133854166666667));
#2400=CARTESIAN_POINT('',(0.00989126587500001,-0.0353410898398518,0.133770833333333));
#2401=CARTESIAN_POINT('',(0.00989126587500002,-0.036,0.1336875));
#2402=CARTESIAN_POINT('',(0.00989126587500001,-0.0366589101601482,0.133604166666667));
#2403=CARTESIAN_POINT('',(0.00932063293750002,-0.0369883652402223,0.133520833333333));
#2404=CARTESIAN_POINT('',(0.00875000000000002,-0.0373178203202964,0.1334375));
#2405=CARTESIAN_POINT('',(0.00817936706250002,-0.0369883652402223,0.133354166666667));
#2406=CARTESIAN_POINT('',(0.00760873412500002,-0.0366589101601482,0.133270833333333));
#2407=CARTESIAN_POINT('',(0.00760873412500002,-0.036,0.1331875));
#2408=CARTESIAN_POINT('',(0.00760873412500002,-0.0353410898398518,0.133104166666667));
#2409=CARTESIAN_POINT('',(0.00817936706250002,-0.0350116347597778,0.133020833333333));
#2410=CARTESIAN_POINT('',(0.00875000000000002,-0.0346821796797036,0.1329375));
#2411=CARTESIAN_POINT('',(0.00932063293750002,-0.0350116347597778,0.132854166666667));
#2412=CARTESIAN_POINT('',(0.00989126587500001,-0.0353410898398518,0.132770833333333));
#2413=CARTESIAN_POINT('',(0.00989126587500002,-0.036,0.1326875));
#2414=CARTESIAN_POINT('',(0.00989126587500001,-0.0366589101601482,0.132604166666667));
#2415=CARTESIAN_POINT('',(0.00932063293750002,-0.0369883652402223,0.132520833333333));
#2416=CARTESIAN_POINT('',(0.00875000000000002,-0.0373178203202964,0.1324375));
#2417=CARTESIAN_POINT('',(0.00817936706250002,-0.0369883652402223,0.132354166666667));
#2418=CARTESIAN_POINT('',(0.00760873412500002,-0.0366589101601482,0.132270833333333));
#2419=CARTESIAN_POINT('',(0.00760873412500002,-0.036,0.1321875));
#2420=CARTESIAN_POINT('',(0.00760873412500002,-0.0353410898398518,0.132104166666667));
#2421=CARTESIAN_POINT('',(0.00817936706250002,-0.0350116347597778,0.132020833333333));
#2422=CARTESIAN_POINT('',(0.00875000000000002,-0.0346821796797036,0.1319375));
#2423=CARTESIAN_POINT('',(0.00932063293750002,-0.0350116347597778,0.131854166666667));
#2424=CARTESIAN_POINT('',(0.00989126587500001,-0.0353410898398518,0.131770833333333));
#2425=CARTESIAN_POINT('',(0.00989126587500002,-0.036,0.1316875));
#2426=CARTESIAN_POINT('',(0.00989126587500001,-0.0366589101601482,0.131604166666667));
#2427=CARTESIAN_POINT('',(0.00932063293750002,-0.0369883652402223,0.131520833333333));
#2428=CARTESIAN_POINT('',(0.00878113494739449,-0.037299844550037,0.131442046844003));
#2429=CARTESIAN_POINT('',(0.00822734260123069,-0.037014552630942,0.13136117285453));
#2430=CARTESIAN_POINT('',(0.00843498866341613,-0.0354893456571969,0.136337573898575));
#2431=CARTESIAN_POINT('',(0.00844242905021284,-0.035484755847627,0.136335436374941));
#2432=CARTESIAN_POINT('',(0.00845,-0.0354803847577293,0.136333333333333));
#2433=CARTESIAN_POINT('',(0.00875000000000002,-0.0353071796769724,0.13625));
#2434=CARTESIAN_POINT('',(0.00905,-0.0354803847577293,0.136166666666667));
#2435=CARTESIAN_POINT('',(0.00935000000000002,-0.0356535898384862,0.136083333333333));
#2436=CARTESIAN_POINT('',(0.00935,-0.036,0.136));
#2437=CARTESIAN_POINT('',(0.00935000000000002,-0.0363464101615138,0.135916666666667));
#2438=CARTESIAN_POINT('',(0.00905,-0.0365196152422707,0.135833333333333));
#2439=CARTESIAN_POINT('',(0.00875000000000002,-0.0366928203230276,0.13575));
#2440=CARTESIAN_POINT('',(0.00845,-0.0365196152422707,0.135666666666667));
#2441=CARTESIAN_POINT('',(0.00815000000000001,-0.0363464101615138,0.135583333333333));
#2442=CARTESIAN_POINT('',(0.00815,-0.036,0.1355));
#2443=CARTESIAN_POINT('',(0.00815000000000001,-0.0356535898384862,0.135416666666667));
#2444=CARTESIAN_POINT('',(0.00845,-0.0354803847577293,0.135333333333333));
#2445=CARTESIAN_POINT('',(0.00875000000000002,-0.0353071796769724,0.13525));
#2446=CARTESIAN_POINT('',(0.00905,-0.0354803847577293,0.135166666666667));
#2447=CARTESIAN_POINT('',(0.00935000000000002,-0.0356535898384862,0.135083333333333));
#2448=CARTESIAN_POINT('',(0.00935,-0.036,0.135));
#2449=CARTESIAN_POINT('',(0.00935000000000002,-0.0363464101615138,0.134916666666667));
#2450=CARTESIAN_POINT('',(0.00905,-0.0365196152422707,0.134833333333333));
#2451=CARTESIAN_POINT('',(0.00875000000000002,-0.0366928203230276,0.13475));
#2452=CARTESIAN_POINT('',(0.00845,-0.0365196152422707,0.134666666666667));
#2453=CARTESIAN_POINT('',(0.00815000000000001,-0.0363464101615138,0.134583333333333));
#2454=CARTESIAN_POINT('',(0.00815,-0.036,0.1345));
#2455=CARTESIAN_POINT('',(0.00815000000000001,-0.0356535898384862,0.134416666666667));
#2456=CARTESIAN_POINT('',(0.00845,-0.0354803847577293,0.134333333333333));
#2457=CARTESIAN_POINT('',(0.00875000000000002,-0.0353071796769724,0.13425));
#2458=CARTESIAN_POINT('',(0.00905,-0.0354803847577293,0.134166666666667));
#2459=CARTESIAN_POINT('',(0.00935000000000002,-0.0356535898384862,0.134083333333333));
#2460=CARTESIAN_POINT('',(0.00935,-0.036,0.134));
#2461=CARTESIAN_POINT('',(0.00935000000000002,-0.0363464101615138,0.133916666666667));
#2462=CARTESIAN_POINT('',(0.00905,-0.0365196152422707,0.133833333333333));
#2463=CARTESIAN_POINT('',(0.00875000000000002,-0.0366928203230276,0.13375));
#2464=CARTESIAN_POINT('',(0.00845,-0.0365196152422707,0.133666666666667));
#2465=CARTESIAN_POINT('',(0.00815000000000001,-0.0363464101615138,0.133583333333333));
#2466=CARTESIAN_POINT('',(0.00815,-0.036,0.1335));
#2467=CARTESIAN_POINT('',(0.00815000000000001,-0.0356535898384862,0.133416666666667));
#2468=CARTESIAN_POINT('',(0.00845,-0.0354803847577293,0.133333333333333));
#2469=CARTESIAN_POINT('',(0.00875000000000002,-0.0353071796769724,0.13325));
#2470=CARTESIAN_POINT('',(0.00905,-0.0354803847577293,0.133166666666667));
#2471=CARTESIAN_POINT('',(0.00935000000000002,-0.0356535898384862,0.133083333333333));
#2472=CARTESIAN_POINT('',(0.00935,-0.036,0.133));
#2473=CARTESIAN_POINT('',(0.00935000000000002,-0.0363464101615138,0.132916666666667));
#2474=CARTESIAN_POINT('',(0.00905,-0.0365196152422707,0.132833333333333));
#2475=CARTESIAN_POINT('',(0.00875000000000002,-0.0366928203230276,0.13275));
#2476=CARTESIAN_POINT('',(0.00845,-0.0365196152422707,0.132666666666667));
#2477=CARTESIAN_POINT('',(0.00815000000000001,-0.0363464101615138,0.132583333333333));
#2478=CARTESIAN_POINT('',(0.00815,-0.036,0.1325));
#2479=CARTESIAN_POINT('',(0.00815000000000001,-0.0356535898384862,0.132416666666667));
#2480=CARTESIAN_POINT('',(0.00845,-0.0354803847577293,0.132333333333333));
#2481=CARTESIAN_POINT('',(0.00875000000000002,-0.0353071796769724,0.13225));
#2482=CARTESIAN_POINT('',(0.00905,-0.0354803847577293,0.132166666666667));
#2483=CARTESIAN_POINT('',(0.00935000000000002,-0.0356535898384862,0.132083333333333));
#2484=CARTESIAN_POINT('',(0.00935,-0.036,0.132));
#2485=CARTESIAN_POINT('',(0.00935000000000002,-0.0363464101615138,0.131916666666667));
#2486=CARTESIAN_POINT('',(0.00905,-0.0365196152422707,0.131833333333333));
#2487=CARTESIAN_POINT('',(0.00876636863840926,-0.0366833698852357,0.131754546844003));
#2488=CARTESIAN_POINT('',(0.00847522227630648,-0.0365333827917751,0.13167367285453));
#2489=CARTESIAN_POINT('',(0.00935,-0.036,0.138));
#2490=CARTESIAN_POINT('',(0.00935000000000002,-0.0363464101615138,0.137916666666667));
#2491=CARTESIAN_POINT('',(0.00905,-0.0365196152422707,0.137833333333333));
#2492=CARTESIAN_POINT('',(0.00875000000000002,-0.0366928203230276,0.13775));
#2493=CARTESIAN_POINT('',(0.00845,-0.0365196152422707,0.137666666666667));
#2494=CARTESIAN_POINT('',(0.00815000000000001,-0.0363464101615138,0.137583333333333));
#2495=CARTESIAN_POINT('',(0.00815,-0.036,0.1375));
#2496=CARTESIAN_POINT('',(0.00815000000000001,-0.0356535898384862,0.137416666666667));
#2497=CARTESIAN_POINT('',(0.00845,-0.0354803847577293,0.137333333333333));
#2498=CARTESIAN_POINT('',(0.00875000000000002,-0.0353071796769724,0.13725));
#2499=CARTESIAN_POINT('',(0.00905,-0.0354803847577293,0.137166666666667));
#2500=CARTESIAN_POINT('',(0.00935000000000002,-0.0356535898384862,0.137083333333333));
#2501=CARTESIAN_POINT('',(0.00935,-0.036,0.137));
#2502=CARTESIAN_POINT('',(0.00935000000000002,-0.0363464101615138,0.136916666666667));
#2503=CARTESIAN_POINT('',(0.00905,-0.0365196152422707,0.136833333333333));
#2504=CARTESIAN_POINT('',(0.00875000000000002,-0.0366928203230276,0.13675));
#2505=CARTESIAN_POINT('',(0.00845,-0.0365196152422707,0.136666666666667));
#2506=CARTESIAN_POINT('',(0.00815000000000001,-0.0363464101615138,0.136583333333333));
#2507=CARTESIAN_POINT('',(0.00815,-0.036,0.1365));
#2508=CARTESIAN_POINT('',(0.00815000000000001,-0.0356535898384862,0.136416666666667));
#2509=CARTESIAN_POINT('',(0.00845,-0.0354803847577293,0.136333333333333));
#2510=CARTESIAN_POINT('',(0.00875000000000002,-0.0353071796769724,0.13625));
#2511=CARTESIAN_POINT('',(0.00905,-0.0354803847577293,0.136166666666667));
#2512=CARTESIAN_POINT('',(0.00935000000000002,-0.0356535898384862,0.136083333333333));
#2513=CARTESIAN_POINT('',(0.00935,-0.036,0.136));
#2514=CARTESIAN_POINT('',(0.00935000000000002,-0.0363464101615138,0.135916666666667));
#2515=CARTESIAN_POINT('',(0.00905,-0.0365196152422707,0.135833333333333));
#2516=CARTESIAN_POINT('',(0.00875000000000002,-0.0366928203230276,0.13575));
#2517=CARTESIAN_POINT('',(0.00845,-0.0365196152422707,0.135666666666667));
#2518=CARTESIAN_POINT('',(0.00815000000000001,-0.0363464101615138,0.135583333333333));
#2519=CARTESIAN_POINT('',(0.00815,-0.036,0.1355));
#2520=CARTESIAN_POINT('',(0.00815000000000001,-0.0356535898384862,0.135416666666667));
#2521=CARTESIAN_POINT('',(0.00845,-0.0354803847577293,0.135333333333333));
#2522=CARTESIAN_POINT('',(0.00875000000000001,-0.0353071796769724,0.13525));
#2523=CARTESIAN_POINT('',(0.00905,-0.0354803847577293,0.135166666666667));
#2524=CARTESIAN_POINT('',(0.00935000000000002,-0.0356535898384862,0.135083333333333));
#2525=CARTESIAN_POINT('',(0.00935,-0.036,0.135));
#2526=CARTESIAN_POINT('',(0.00935000000000002,-0.0363464101615138,0.134916666666667));
#2527=CARTESIAN_POINT('',(0.00905,-0.0365196152422707,0.134833333333333));
#2528=CARTESIAN_POINT('',(0.00875000000000002,-0.0366928203230276,0.13475));
#2529=CARTESIAN_POINT('',(0.00845,-0.0365196152422707,0.134666666666667));
#2530=CARTESIAN_POINT('',(0.00815000000000001,-0.0363464101615138,0.134583333333333));
#2531=CARTESIAN_POINT('',(0.00815,-0.036,0.1345));
#2532=CARTESIAN_POINT('',(0.00815000000000001,-0.0356535898384862,0.134416666666667));
#2533=CARTESIAN_POINT('',(0.00845,-0.0354803847577293,0.134333333333333));
#2534=CARTESIAN_POINT('',(0.00875000000000001,-0.0353071796769724,0.13425));
#2535=CARTESIAN_POINT('',(0.00905,-0.0354803847577293,0.134166666666667));
#2536=CARTESIAN_POINT('',(0.00935000000000002,-0.0356535898384862,0.134083333333333));
#2537=CARTESIAN_POINT('',(0.00935,-0.036,0.134));
#2538=CARTESIAN_POINT('',(0.00935000000000002,-0.0363464101615138,0.133916666666667));
#2539=CARTESIAN_POINT('',(0.00905,-0.0365196152422707,0.133833333333333));
#2540=CARTESIAN_POINT('',(0.00875000000000002,-0.0366928203230276,0.13375));
#2541=CARTESIAN_POINT('',(0.00845,-0.0365196152422707,0.133666666666667));
#2542=CARTESIAN_POINT('',(0.00815000000000001,-0.0363464101615138,0.133583333333333));
#2543=CARTESIAN_POINT('',(0.00815,-0.036,0.1335));
#2544=CARTESIAN_POINT('',(0.00815000000000001,-0.0356535898384862,0.133416666666667));
#2545=CARTESIAN_POINT('',(0.00845,-0.0354803847577293,0.133333333333333));
#2546=CARTESIAN_POINT('',(0.00875000000000001,-0.0353071796769724,0.13325));
#2547=CARTESIAN_POINT('',(0.00905,-0.0354803847577293,0.133166666666667));
#2548=CARTESIAN_POINT('',(0.00935000000000002,-0.0356535898384862,0.133083333333333));
#2549=CARTESIAN_POINT('',(0.00935,-0.036,0.133));
#2550=CARTESIAN_POINT('',(0.00935000000000002,-0.0363464101615138,0.132916666666667));
#2551=CARTESIAN_POINT('',(0.00905,-0.0365196152422707,0.132833333333333));
#2552=CARTESIAN_POINT('',(0.00875000000000002,-0.0366928203230276,0.13275));
#2553=CARTESIAN_POINT('',(0.00845,-0.0365196152422707,0.132666666666667));
#2554=CARTESIAN_POINT('',(0.00815000000000001,-0.0363464101615138,0.132583333333333));
#2555=CARTESIAN_POINT('',(0.00815,-0.036,0.1325));
#2556=CARTESIAN_POINT('',(0.00815000000000001,-0.0356535898384862,0.132416666666667));
#2557=CARTESIAN_POINT('',(0.00845,-0.0354803847577293,0.132333333333333));
#2558=CARTESIAN_POINT('',(0.00875000000000001,-0.0353071796769724,0.13225));
#2559=CARTESIAN_POINT('',(0.00905,-0.0354803847577293,0.132166666666667));
#2560=CARTESIAN_POINT('',(0.00935000000000002,-0.0356535898384862,0.132083333333333));
#2561=CARTESIAN_POINT('',(0.00935,-0.036,0.132));
#2562=CARTESIAN_POINT('',(0.00935000000000002,-0.0363464101615138,0.131916666666667));
#2563=CARTESIAN_POINT('',(0.00905,-0.0365196152422707,0.131833333333333));
#2564=CARTESIAN_POINT('',(0.00875000000000002,-0.0366928203230276,0.13175));
#2565=CARTESIAN_POINT('',(0.00845,-0.0365196152422707,0.131666666666667));
#2566=CARTESIAN_POINT('',(0.00815000000000001,-0.0363464101615138,0.131583333333333));
#2567=CARTESIAN_POINT('',(0.00815,-0.036,0.1315));
#2568=CARTESIAN_POINT('',(0.00815000000000001,-0.0356535898384862,0.131416666666667));
#2569=CARTESIAN_POINT('',(0.00845,-0.0354803847577293,0.131333333333333));
#2570=CARTESIAN_POINT('',(0.00875000000000001,-0.0353071796769724,0.13125));
#2571=CARTESIAN_POINT('',(0.00905,-0.0354803847577293,0.131166666666667));
#2572=CARTESIAN_POINT('',(0.00935000000000002,-0.0356535898384862,0.131083333333333));
#2573=CARTESIAN_POINT('',(0.00935,-0.036,0.131));
#2574=CARTESIAN_POINT('',(0.00935000000000002,-0.0363464101615138,0.130916666666667));
#2575=CARTESIAN_POINT('',(0.00905,-0.0365196152422707,0.130833333333333));
#2576=CARTESIAN_POINT('',(0.00875000000000002,-0.0366928203230276,0.13075));
#2577=CARTESIAN_POINT('',(0.00845,-0.0365196152422707,0.130666666666667));
#2578=CARTESIAN_POINT('',(0.00815000000000001,-0.0363464101615138,0.130583333333333));
#2579=CARTESIAN_POINT('',(0.00815,-0.036,0.1305));
#2580=CARTESIAN_POINT('',(0.00815000000000001,-0.0356535898384862,0.130416666666667));
#2581=CARTESIAN_POINT('',(0.00845,-0.0354803847577293,0.130333333333333));
#2582=CARTESIAN_POINT('',(0.00875000000000001,-0.0353071796769724,0.13025));
#2583=CARTESIAN_POINT('',(0.00905,-0.0354803847577293,0.130166666666667));
#2584=CARTESIAN_POINT('',(0.00935000000000002,-0.0356535898384862,0.130083333333333));
#2585=CARTESIAN_POINT('',(0.00935,-0.036,0.13));
#2586=CARTESIAN_POINT('',(0.00989126587500002,-0.036,0.1376875));
#2587=CARTESIAN_POINT('',(0.00989126587500001,-0.0366589101601482,0.137604166666667));
#2588=CARTESIAN_POINT('',(0.00932063293750002,-0.0369883652402223,0.137520833333333));
#2589=CARTESIAN_POINT('',(0.00875000000000002,-0.0373178203202964,0.1374375));
#2590=CARTESIAN_POINT('',(0.00817936706250002,-0.0369883652402223,0.137354166666667));
#2591=CARTESIAN_POINT('',(0.00760873412500002,-0.0366589101601482,0.137270833333333));
#2592=CARTESIAN_POINT('',(0.00760873412500002,-0.036,0.1371875));
#2593=CARTESIAN_POINT('',(0.00760873412500002,-0.0353410898398518,0.137104166666667));
#2594=CARTESIAN_POINT('',(0.00817936706250002,-0.0350116347597778,0.137020833333333));
#2595=CARTESIAN_POINT('',(0.00875000000000002,-0.0346821796797036,0.1369375));
#2596=CARTESIAN_POINT('',(0.00932063293750002,-0.0350116347597778,0.136854166666667));
#2597=CARTESIAN_POINT('',(0.00989126587500001,-0.0353410898398518,0.136770833333333));
#2598=CARTESIAN_POINT('',(0.00989126587500002,-0.036,0.1366875));
#2599=CARTESIAN_POINT('',(0.00989126587500001,-0.0366589101601482,0.136604166666667));
#2600=CARTESIAN_POINT('',(0.00932063293750002,-0.0369883652402223,0.136520833333333));
#2601=CARTESIAN_POINT('',(0.00875000000000002,-0.0373178203202964,0.1364375));
#2602=CARTESIAN_POINT('',(0.00817936706250002,-0.0369883652402223,0.136354166666667));
#2603=CARTESIAN_POINT('',(0.00760873412500002,-0.0366589101601482,0.136270833333333));
#2604=CARTESIAN_POINT('',(0.00760873412500002,-0.036,0.1361875));
#2605=CARTESIAN_POINT('',(0.00760873412500002,-0.0353410898398518,0.136104166666667));
#2606=CARTESIAN_POINT('',(0.00817936706250002,-0.0350116347597778,0.136020833333333));
#2607=CARTESIAN_POINT('',(0.00875000000000002,-0.0346821796797036,0.1359375));
#2608=CARTESIAN_POINT('',(0.00932063293750002,-0.0350116347597778,0.135854166666667));
#2609=CARTESIAN_POINT('',(0.00989126587500001,-0.0353410898398518,0.135770833333333));
#2610=CARTESIAN_POINT('',(0.00989126587500002,-0.036,0.1356875));
#2611=CARTESIAN_POINT('',(0.00989126587500001,-0.0366589101601482,0.135604166666667));
#2612=CARTESIAN_POINT('',(0.00932063293750002,-0.0369883652402223,0.135520833333333));
#2613=CARTESIAN_POINT('',(0.00875000000000002,-0.0373178203202964,0.1354375));
#2614=CARTESIAN_POINT('',(0.00817936706250002,-0.0369883652402223,0.135354166666667));
#2615=CARTESIAN_POINT('',(0.00760873412500002,-0.0366589101601482,0.135270833333333));
#2616=CARTESIAN_POINT('',(0.00760873412500002,-0.036,0.1351875));
#2617=CARTESIAN_POINT('',(0.00760873412500002,-0.0353410898398518,0.135104166666666));
#2618=CARTESIAN_POINT('',(0.00817936706250002,-0.0350116347597778,0.135020833333333));
#2619=CARTESIAN_POINT('',(0.00875000000000001,-0.0346821796797036,0.1349375));
#2620=CARTESIAN_POINT('',(0.00932063293750001,-0.0350116347597778,0.134854166666667));
#2621=CARTESIAN_POINT('',(0.00989126587500001,-0.0353410898398518,0.134770833333333));
#2622=CARTESIAN_POINT('',(0.00989126587500002,-0.036,0.1346875));
#2623=CARTESIAN_POINT('',(0.00989126587500001,-0.0366589101601482,0.134604166666667));
#2624=CARTESIAN_POINT('',(0.00932063293750002,-0.0369883652402223,0.134520833333333));
#2625=CARTESIAN_POINT('',(0.00875000000000002,-0.0373178203202964,0.1344375));
#2626=CARTESIAN_POINT('',(0.00817936706250002,-0.0369883652402223,0.134354166666667));
#2627=CARTESIAN_POINT('',(0.00760873412500002,-0.0366589101601482,0.134270833333333));
#2628=CARTESIAN_POINT('',(0.00760873412500002,-0.036,0.1341875));
#2629=CARTESIAN_POINT('',(0.00760873412500002,-0.0353410898398518,0.134104166666667));
#2630=CARTESIAN_POINT('',(0.00817936706250002,-0.0350116347597778,0.134020833333333));
#2631=CARTESIAN_POINT('',(0.00875000000000001,-0.0346821796797036,0.1339375));
#2632=CARTESIAN_POINT('',(0.00932063293750001,-0.0350116347597778,0.133854166666667));
#2633=CARTESIAN_POINT('',(0.00989126587500001,-0.0353410898398518,0.133770833333333));
#2634=CARTESIAN_POINT('',(0.00989126587500002,-0.036,0.1336875));
#2635=CARTESIAN_POINT('',(0.00989126587500001,-0.0366589101601482,0.133604166666667));
#2636=CARTESIAN_POINT('',(0.00932063293750002,-0.0369883652402223,0.133520833333333));
#2637=CARTESIAN_POINT('',(0.00875000000000002,-0.0373178203202964,0.1334375));
#2638=CARTESIAN_POINT('',(0.00817936706250002,-0.0369883652402223,0.133354166666667));
#2639=CARTESIAN_POINT('',(0.00760873412500002,-0.0366589101601482,0.133270833333333));
#2640=CARTESIAN_POINT('',(0.00760873412500002,-0.036,0.1331875));
#2641=CARTESIAN_POINT('',(0.00760873412500002,-0.0353410898398518,0.133104166666667));
#2642=CARTESIAN_POINT('',(0.00817936706250002,-0.0350116347597778,0.133020833333333));
#2643=CARTESIAN_POINT('',(0.00875000000000001,-0.0346821796797036,0.1329375));
#2644=CARTESIAN_POINT('',(0.00932063293750001,-0.0350116347597778,0.132854166666667));
#2645=CARTESIAN_POINT('',(0.00989126587500001,-0.0353410898398518,0.132770833333333));
#2646=CARTESIAN_POINT('',(0.00989126587500002,-0.036,0.1326875));
#2647=CARTESIAN_POINT('',(0.00989126587500001,-0.0366589101601482,0.132604166666667));
#2648=CARTESIAN_POINT('',(0.00932063293750002,-0.0369883652402223,0.132520833333333));
#2649=CARTESIAN_POINT('',(0.00875000000000002,-0.0373178203202964,0.1324375));
#2650=CARTESIAN_POINT('',(0.00817936706250002,-0.0369883652402223,0.132354166666667));
#2651=CARTESIAN_POINT('',(0.00760873412500002,-0.0366589101601482,0.132270833333333));
#2652=CARTESIAN_POINT('',(0.00760873412500002,-0.036,0.1321875));
#2653=CARTESIAN_POINT('',(0.00760873412500002,-0.0353410898398518,0.132104166666667));
#2654=CARTESIAN_POINT('',(0.00817936706250001,-0.0350116347597778,0.132020833333333));
#2655=CARTESIAN_POINT('',(0.00875000000000001,-0.0346821796797036,0.1319375));
#2656=CARTESIAN_POINT('',(0.00932063293750001,-0.0350116347597778,0.131854166666667));
#2657=CARTESIAN_POINT('',(0.00989126587500001,-0.0353410898398518,0.131770833333333));
#2658=CARTESIAN_POINT('',(0.00989126587500002,-0.036,0.1316875));
#2659=CARTESIAN_POINT('',(0.00989126587500001,-0.0366589101601482,0.131604166666667));
#2660=CARTESIAN_POINT('',(0.00932063293750002,-0.0369883652402223,0.131520833333333));
#2661=CARTESIAN_POINT('',(0.00875000000000002,-0.0373178203202964,0.1314375));
#2662=CARTESIAN_POINT('',(0.00817936706250002,-0.0369883652402223,0.131354166666667));
#2663=CARTESIAN_POINT('',(0.00760873412500002,-0.0366589101601482,0.131270833333333));
#2664=CARTESIAN_POINT('',(0.00760873412500002,-0.036,0.1311875));
#2665=CARTESIAN_POINT('',(0.00760873412500002,-0.0353410898398518,0.131104166666667));
#2666=CARTESIAN_POINT('',(0.00817936706250001,-0.0350116347597778,0.131020833333333));
#2667=CARTESIAN_POINT('',(0.00875000000000001,-0.0346821796797036,0.1309375));
#2668=CARTESIAN_POINT('',(0.00932063293750001,-0.0350116347597778,0.130854166666667));
#2669=CARTESIAN_POINT('',(0.00989126587500001,-0.0353410898398518,0.130770833333333));
#2670=CARTESIAN_POINT('',(0.00989126587500002,-0.036,0.1306875));
#2671=CARTESIAN_POINT('',(0.00989126587500001,-0.0366589101601482,0.130604166666667));
#2672=CARTESIAN_POINT('',(0.00932063293750002,-0.0369883652402223,0.130520833333333));
#2673=CARTESIAN_POINT('',(0.00875000000000002,-0.0373178203202964,0.1304375));
#2674=CARTESIAN_POINT('',(0.00817936706250002,-0.0369883652402223,0.130354166666667));
#2675=CARTESIAN_POINT('',(0.00760873412500003,-0.0366589101601482,0.130270833333333));
#2676=CARTESIAN_POINT('',(0.00760873412500002,-0.036,0.1301875));
#2677=CARTESIAN_POINT('',(0.00760873412500002,-0.0353410898398518,0.130104166666667));
#2678=CARTESIAN_POINT('',(0.00817936706250001,-0.0350116347597778,0.130020833333333));
#2679=CARTESIAN_POINT('',(0.00875000000000001,-0.0346821796797036,0.1299375));
#2680=CARTESIAN_POINT('',(0.00932063293750001,-0.0350116347597778,0.129854166666667));
#2681=CARTESIAN_POINT('',(0.00989126587500001,-0.0353410898398518,0.129770833333333));
#2682=CARTESIAN_POINT('',(0.00989126587500002,-0.036,0.1296875));
#2683=CARTESIAN_POINT('',(0.00885599434776273,-0.0365905634582688,0.136029442874378));
#2684=CARTESIAN_POINT('',(0.00864002422877574,-0.0366293257819069,0.13596945117466));
#2685=CARTESIAN_POINT('',(0.00845,-0.0365196152422707,0.135916666666667));
#2686=CARTESIAN_POINT('',(0.00815000000000001,-0.0363464101615138,0.135833333333333));
#2687=CARTESIAN_POINT('',(0.00815,-0.036,0.13575));
#2688=CARTESIAN_POINT('',(0.00815000000000001,-0.0356535898384862,0.135666666666667));
#2689=CARTESIAN_POINT('',(0.00845,-0.0354803847577293,0.135583333333333));
#2690=CARTESIAN_POINT('',(0.00875000000000002,-0.0353071796769724,0.1355));
#2691=CARTESIAN_POINT('',(0.00905,-0.0354803847577293,0.135416666666667));
#2692=CARTESIAN_POINT('',(0.00935000000000002,-0.0356535898384862,0.135333333333333));
#2693=CARTESIAN_POINT('',(0.00935,-0.036,0.13525));
#2694=CARTESIAN_POINT('',(0.00935000000000002,-0.0363464101615138,0.135166666666667));
#2695=CARTESIAN_POINT('',(0.00905,-0.0365196152422707,0.135083333333333));
#2696=CARTESIAN_POINT('',(0.00875000000000002,-0.0366928203230276,0.135));
#2697=CARTESIAN_POINT('',(0.00845,-0.0365196152422707,0.134916666666667));
#2698=CARTESIAN_POINT('',(0.00815000000000001,-0.0363464101615138,0.134833333333333));
#2699=CARTESIAN_POINT('',(0.00815,-0.036,0.13475));
#2700=CARTESIAN_POINT('',(0.00815000000000001,-0.0356535898384862,0.134666666666667));
#2701=CARTESIAN_POINT('',(0.00845,-0.0354803847577293,0.134583333333333));
#2702=CARTESIAN_POINT('',(0.00875000000000002,-0.0353071796769724,0.1345));
#2703=CARTESIAN_POINT('',(0.00905,-0.0354803847577293,0.134416666666667));
#2704=CARTESIAN_POINT('',(0.00935000000000002,-0.0356535898384862,0.134333333333333));
#2705=CARTESIAN_POINT('',(0.00935,-0.036,0.13425));
#2706=CARTESIAN_POINT('',(0.00935000000000002,-0.0363464101615138,0.134166666666667));
#2707=CARTESIAN_POINT('',(0.00905,-0.0365196152422707,0.134083333333333));
#2708=CARTESIAN_POINT('',(0.00875000000000002,-0.0366928203230276,0.134));
#2709=CARTESIAN_POINT('',(0.00845,-0.0365196152422707,0.133916666666667));
#2710=CARTESIAN_POINT('',(0.00815000000000001,-0.0363464101615138,0.133833333333333));
#2711=CARTESIAN_POINT('',(0.00815,-0.036,0.13375));
#2712=CARTESIAN_POINT('',(0.00815000000000001,-0.0356535898384862,0.133666666666667));
#2713=CARTESIAN_POINT('',(0.00845,-0.0354803847577293,0.133583333333333));
#2714=CARTESIAN_POINT('',(0.00875000000000002,-0.0353071796769724,0.1335));
#2715=CARTESIAN_POINT('',(0.00905,-0.0354803847577293,0.133416666666667));
#2716=CARTESIAN_POINT('',(0.00935000000000002,-0.0356535898384862,0.133333333333333));
#2717=CARTESIAN_POINT('',(0.00935,-0.036,0.13325));
#2718=CARTESIAN_POINT('',(0.00935000000000002,-0.0363464101615138,0.133166666666667));
#2719=CARTESIAN_POINT('',(0.00905,-0.0365196152422707,0.133083333333333));
#2720=CARTESIAN_POINT('',(0.00875000000000002,-0.0366928203230276,0.133));
#2721=CARTESIAN_POINT('',(0.00845,-0.0365196152422707,0.132916666666667));
#2722=CARTESIAN_POINT('',(0.00815000000000001,-0.0363464101615138,0.132833333333333));
#2723=CARTESIAN_POINT('',(0.00815,-0.036,0.13275));
#2724=CARTESIAN_POINT('',(0.00815000000000001,-0.0356535898384862,0.132666666666667));
#2725=CARTESIAN_POINT('',(0.00845,-0.0354803847577293,0.132583333333333));
#2726=CARTESIAN_POINT('',(0.00875000000000002,-0.0353071796769724,0.1325));
#2727=CARTESIAN_POINT('',(0.00905,-0.0354803847577293,0.132416666666667));
#2728=CARTESIAN_POINT('',(0.00935000000000002,-0.0356535898384862,0.132333333333333));
#2729=CARTESIAN_POINT('',(0.00935,-0.036,0.13225));
#2730=CARTESIAN_POINT('',(0.00935000000000002,-0.0363464101615138,0.132166666666666));
#2731=CARTESIAN_POINT('',(0.00905,-0.0365196152422707,0.132083333333333));
#2732=CARTESIAN_POINT('',(0.00875000000000002,-0.0366928203230276,0.132));
#2733=CARTESIAN_POINT('',(0.00845,-0.0365196152422707,0.131916666666667));
#2734=CARTESIAN_POINT('',(0.00815000000000001,-0.0363464101615138,0.131833333333333));
#2735=CARTESIAN_POINT('',(0.00815,-0.036,0.13175));
#2736=CARTESIAN_POINT('',(0.00815000000000001,-0.0356535898384862,0.131666666666667));
#2737=CARTESIAN_POINT('',(0.00845,-0.0354803847577293,0.131583333333333));
#2738=CARTESIAN_POINT('',(0.00875000000000002,-0.0353071796769724,0.1315));
#2739=CARTESIAN_POINT('',(0.00905,-0.0354803847577293,0.131416666666667));
#2740=CARTESIAN_POINT('',(0.00914667717274627,-0.0355362013494389,0.131389811896459));
#2741=CARTESIAN_POINT('',(0.00921681000797685,-0.0356230538281761,0.131359177765742));
#2742=CARTESIAN_POINT('',(0.00895161288674082,-0.0371233165365735,0.136341942874378));
#2743=CARTESIAN_POINT('',(0.00854081400870825,-0.0371970467319134,0.13628195117466));
#2744=CARTESIAN_POINT('',(0.00817936706250003,-0.0369883652402223,0.136229166666667));
#2745=CARTESIAN_POINT('',(0.00760873412500003,-0.0366589101601482,0.136145833333333));
#2746=CARTESIAN_POINT('',(0.00760873412500004,-0.036,0.1360625));
#2747=CARTESIAN_POINT('',(0.00760873412500003,-0.0353410898398518,0.135979166666667));
#2748=CARTESIAN_POINT('',(0.00817936706250003,-0.0350116347597778,0.135895833333333));
#2749=CARTESIAN_POINT('',(0.00875000000000002,-0.0346821796797037,0.1358125));
#2750=CARTESIAN_POINT('',(0.00932063293750001,-0.0350116347597778,0.135729166666667));
#2751=CARTESIAN_POINT('',(0.009891265875,-0.0353410898398518,0.135645833333333));
#2752=CARTESIAN_POINT('',(0.009891265875,-0.036,0.1355625));
#2753=CARTESIAN_POINT('',(0.009891265875,-0.0366589101601482,0.135479166666667));
#2754=CARTESIAN_POINT('',(0.00932063293750001,-0.0369883652402223,0.135395833333333));
#2755=CARTESIAN_POINT('',(0.00875000000000002,-0.0373178203202964,0.1353125));
#2756=CARTESIAN_POINT('',(0.00817936706250003,-0.0369883652402223,0.135229166666667));
#2757=CARTESIAN_POINT('',(0.00760873412500003,-0.0366589101601482,0.135145833333333));
#2758=CARTESIAN_POINT('',(0.00760873412500004,-0.036,0.1350625));
#2759=CARTESIAN_POINT('',(0.00760873412500003,-0.0353410898398518,0.134979166666667));
#2760=CARTESIAN_POINT('',(0.00817936706250003,-0.0350116347597778,0.134895833333333));
#2761=CARTESIAN_POINT('',(0.00875000000000002,-0.0346821796797037,0.1348125));
#2762=CARTESIAN_POINT('',(0.00932063293750001,-0.0350116347597778,0.134729166666667));
#2763=CARTESIAN_POINT('',(0.009891265875,-0.0353410898398518,0.134645833333333));
#2764=CARTESIAN_POINT('',(0.009891265875,-0.036,0.1345625));
#2765=CARTESIAN_POINT('',(0.009891265875,-0.0366589101601482,0.134479166666667));
#2766=CARTESIAN_POINT('',(0.00932063293750001,-0.0369883652402223,0.134395833333333));
#2767=CARTESIAN_POINT('',(0.00875000000000002,-0.0373178203202964,0.1343125));
#2768=CARTESIAN_POINT('',(0.00817936706250003,-0.0369883652402223,0.134229166666667));
#2769=CARTESIAN_POINT('',(0.00760873412500003,-0.0366589101601482,0.134145833333333));
#2770=CARTESIAN_POINT('',(0.00760873412500004,-0.036,0.1340625));
#2771=CARTESIAN_POINT('',(0.00760873412500003,-0.0353410898398518,0.133979166666667));
#2772=CARTESIAN_POINT('',(0.00817936706250003,-0.0350116347597778,0.133895833333333));
#2773=CARTESIAN_POINT('',(0.00875000000000002,-0.0346821796797037,0.1338125));
#2774=CARTESIAN_POINT('',(0.00932063293750001,-0.0350116347597778,0.133729166666667));
#2775=CARTESIAN_POINT('',(0.009891265875,-0.0353410898398518,0.133645833333333));
#2776=CARTESIAN_POINT('',(0.009891265875,-0.036,0.1335625));
#2777=CARTESIAN_POINT('',(0.009891265875,-0.0366589101601482,0.133479166666667));
#2778=CARTESIAN_POINT('',(0.00932063293750001,-0.0369883652402223,0.133395833333333));
#2779=CARTESIAN_POINT('',(0.00875000000000002,-0.0373178203202964,0.1333125));
#2780=CARTESIAN_POINT('',(0.00817936706250003,-0.0369883652402223,0.133229166666667));
#2781=CARTESIAN_POINT('',(0.00760873412500003,-0.0366589101601482,0.133145833333333));
#2782=CARTESIAN_POINT('',(0.00760873412500004,-0.036,0.1330625));
#2783=CARTESIAN_POINT('',(0.00760873412500003,-0.0353410898398518,0.132979166666667));
#2784=CARTESIAN_POINT('',(0.00817936706250003,-0.0350116347597778,0.132895833333333));
#2785=CARTESIAN_POINT('',(0.00875000000000002,-0.0346821796797037,0.1328125));
#2786=CARTESIAN_POINT('',(0.00932063293750001,-0.0350116347597778,0.132729166666667));
#2787=CARTESIAN_POINT('',(0.009891265875,-0.0353410898398518,0.132645833333333));
#2788=CARTESIAN_POINT('',(0.009891265875,-0.036,0.1325625));
#2789=CARTESIAN_POINT('',(0.009891265875,-0.0366589101601482,0.132479166666667));
#2790=CARTESIAN_POINT('',(0.00932063293750001,-0.0369883652402223,0.132395833333333));
#2791=CARTESIAN_POINT('',(0.00875000000000002,-0.0373178203202964,0.1323125));
#2792=CARTESIAN_POINT('',(0.00817936706250003,-0.0369883652402223,0.132229166666667));
#2793=CARTESIAN_POINT('',(0.00760873412500003,-0.0366589101601482,0.132145833333333));
#2794=CARTESIAN_POINT('',(0.00760873412500004,-0.036,0.1320625));
#2795=CARTESIAN_POINT('',(0.00760873412500003,-0.0353410898398518,0.131979166666667));
#2796=CARTESIAN_POINT('',(0.00817936706250003,-0.0350116347597778,0.131895833333333));
#2797=CARTESIAN_POINT('',(0.00875000000000002,-0.0346821796797037,0.1318125));
#2798=CARTESIAN_POINT('',(0.00932063293750001,-0.0350116347597778,0.131729166666667));
#2799=CARTESIAN_POINT('',(0.00950452353441134,-0.0351178040454059,0.131702311896459));
#2800=CARTESIAN_POINT('',(0.00963792388702075,-0.0352830069956426,0.131671677765742));
#2801=CARTESIAN_POINT('',(0.00935,-0.036,0.13725));
#2802=CARTESIAN_POINT('',(0.00935000000000002,-0.0363464101615138,0.137166666666666));
#2803=CARTESIAN_POINT('',(0.00905,-0.0365196152422707,0.137083333333333));
#2804=CARTESIAN_POINT('',(0.00875000000000002,-0.0366928203230276,0.137));
#2805=CARTESIAN_POINT('',(0.00845,-0.0365196152422707,0.136916666666667));
#2806=CARTESIAN_POINT('',(0.00815000000000001,-0.0363464101615138,0.136833333333333));
#2807=CARTESIAN_POINT('',(0.00815,-0.036,0.13675));
#2808=CARTESIAN_POINT('',(0.00815000000000001,-0.0356535898384862,0.136666666666667));
#2809=CARTESIAN_POINT('',(0.00845,-0.0354803847577293,0.136583333333333));
#2810=CARTESIAN_POINT('',(0.00875000000000002,-0.0353071796769724,0.1365));
#2811=CARTESIAN_POINT('',(0.00905,-0.0354803847577293,0.136416666666667));
#2812=CARTESIAN_POINT('',(0.00935000000000002,-0.0356535898384862,0.136333333333333));
#2813=CARTESIAN_POINT('',(0.00935,-0.036,0.13625));
#2814=CARTESIAN_POINT('',(0.00935000000000002,-0.0363464101615138,0.136166666666667));
#2815=CARTESIAN_POINT('',(0.00905,-0.0365196152422707,0.136083333333333));
#2816=CARTESIAN_POINT('',(0.00875000000000002,-0.0366928203230276,0.136));
#2817=CARTESIAN_POINT('',(0.00845,-0.0365196152422707,0.135916666666667));
#2818=CARTESIAN_POINT('',(0.00815000000000001,-0.0363464101615138,0.135833333333333));
#2819=CARTESIAN_POINT('',(0.00815,-0.036,0.13575));
#2820=CARTESIAN_POINT('',(0.00815000000000001,-0.0356535898384862,0.135666666666667));
#2821=CARTESIAN_POINT('',(0.00845,-0.0354803847577293,0.135583333333333));
#2822=CARTESIAN_POINT('',(0.00875000000000002,-0.0353071796769724,0.1355));
#2823=CARTESIAN_POINT('',(0.00905,-0.0354803847577293,0.135416666666667));
#2824=CARTESIAN_POINT('',(0.00935000000000002,-0.0356535898384862,0.135333333333333));
#2825=CARTESIAN_POINT('',(0.00935,-0.036,0.13525));
#2826=CARTESIAN_POINT('',(0.00935000000000002,-0.0363464101615138,0.135166666666667));
#2827=CARTESIAN_POINT('',(0.00905,-0.0365196152422707,0.135083333333333));
#2828=CARTESIAN_POINT('',(0.00875000000000002,-0.0366928203230276,0.135));
#2829=CARTESIAN_POINT('',(0.00845,-0.0365196152422707,0.134916666666667));
#2830=CARTESIAN_POINT('',(0.00815000000000001,-0.0363464101615138,0.134833333333333));
#2831=CARTESIAN_POINT('',(0.00815,-0.036,0.13475));
#2832=CARTESIAN_POINT('',(0.00815000000000001,-0.0356535898384862,0.134666666666667));
#2833=CARTESIAN_POINT('',(0.00845,-0.0354803847577293,0.134583333333333));
#2834=CARTESIAN_POINT('',(0.00875000000000001,-0.0353071796769724,0.1345));
#2835=CARTESIAN_POINT('',(0.00905,-0.0354803847577293,0.134416666666667));
#2836=CARTESIAN_POINT('',(0.00935000000000002,-0.0356535898384862,0.134333333333333));
#2837=CARTESIAN_POINT('',(0.00935,-0.036,0.13425));
#2838=CARTESIAN_POINT('',(0.00935000000000002,-0.0363464101615138,0.134166666666667));
#2839=CARTESIAN_POINT('',(0.00905,-0.0365196152422707,0.134083333333333));
#2840=CARTESIAN_POINT('',(0.00875000000000002,-0.0366928203230276,0.134));
#2841=CARTESIAN_POINT('',(0.00845,-0.0365196152422707,0.133916666666667));
#2842=CARTESIAN_POINT('',(0.00815000000000001,-0.0363464101615138,0.133833333333333));
#2843=CARTESIAN_POINT('',(0.00815,-0.036,0.13375));
#2844=CARTESIAN_POINT('',(0.00815000000000001,-0.0356535898384862,0.133666666666667));
#2845=CARTESIAN_POINT('',(0.00845,-0.0354803847577293,0.133583333333333));
#2846=CARTESIAN_POINT('',(0.00875000000000001,-0.0353071796769724,0.1335));
#2847=CARTESIAN_POINT('',(0.00905,-0.0354803847577293,0.133416666666667));
#2848=CARTESIAN_POINT('',(0.00935000000000002,-0.0356535898384862,0.133333333333333));
#2849=CARTESIAN_POINT('',(0.00935,-0.036,0.13325));
#2850=CARTESIAN_POINT('',(0.00935000000000002,-0.0363464101615138,0.133166666666667));
#2851=CARTESIAN_POINT('',(0.00905,-0.0365196152422707,0.133083333333333));
#2852=CARTESIAN_POINT('',(0.00875000000000002,-0.0366928203230276,0.133));
#2853=CARTESIAN_POINT('',(0.00845,-0.0365196152422707,0.132916666666667));
#2854=CARTESIAN_POINT('',(0.00815000000000001,-0.0363464101615138,0.132833333333333));
#2855=CARTESIAN_POINT('',(0.00815,-0.036,0.13275));
#2856=CARTESIAN_POINT('',(0.00815000000000001,-0.0356535898384862,0.132666666666667));
#2857=CARTESIAN_POINT('',(0.00845,-0.0354803847577293,0.132583333333333));
#2858=CARTESIAN_POINT('',(0.00875000000000001,-0.0353071796769724,0.1325));
#2859=CARTESIAN_POINT('',(0.00905,-0.0354803847577293,0.132416666666667));
#2860=CARTESIAN_POINT('',(0.00935000000000002,-0.0356535898384862,0.132333333333333));
#2861=CARTESIAN_POINT('',(0.00935,-0.036,0.13225));
#2862=CARTESIAN_POINT('',(0.00935000000000002,-0.0363464101615138,0.132166666666666));
#2863=CARTESIAN_POINT('',(0.00905,-0.0365196152422707,0.132083333333333));
#2864=CARTESIAN_POINT('',(0.00875000000000002,-0.0366928203230276,0.132));
#2865=CARTESIAN_POINT('',(0.00845,-0.0365196152422707,0.131916666666667));
#2866=CARTESIAN_POINT('',(0.00815000000000001,-0.0363464101615138,0.131833333333333));
#2867=CARTESIAN_POINT('',(0.00815,-0.036,0.13175));
#2868=CARTESIAN_POINT('',(0.00815000000000001,-0.0356535898384862,0.131666666666667));
#2869=CARTESIAN_POINT('',(0.00845,-0.0354803847577293,0.131583333333333));
#2870=CARTESIAN_POINT('',(0.00875000000000001,-0.0353071796769724,0.1315));
#2871=CARTESIAN_POINT('',(0.00905,-0.0354803847577293,0.131416666666667));
#2872=CARTESIAN_POINT('',(0.00935000000000002,-0.0356535898384862,0.131333333333333));
#2873=CARTESIAN_POINT('',(0.00935,-0.036,0.13125));
#2874=CARTESIAN_POINT('',(0.00935000000000002,-0.0363464101615138,0.131166666666667));
#2875=CARTESIAN_POINT('',(0.00905,-0.0365196152422707,0.131083333333333));
#2876=CARTESIAN_POINT('',(0.00875000000000002,-0.0366928203230276,0.131));
#2877=CARTESIAN_POINT('',(0.00845,-0.0365196152422707,0.130916666666667));
#2878=CARTESIAN_POINT('',(0.00815000000000001,-0.0363464101615138,0.130833333333333));
#2879=CARTESIAN_POINT('',(0.00815,-0.036,0.13075));
#2880=CARTESIAN_POINT('',(0.00815000000000001,-0.0356535898384862,0.130666666666667));
#2881=CARTESIAN_POINT('',(0.00845,-0.0354803847577293,0.130583333333333));
#2882=CARTESIAN_POINT('',(0.00875000000000001,-0.0353071796769724,0.1305));
#2883=CARTESIAN_POINT('',(0.00905,-0.0354803847577293,0.130416666666667));
#2884=CARTESIAN_POINT('',(0.00935000000000002,-0.0356535898384862,0.130333333333333));
#2885=CARTESIAN_POINT('',(0.00935,-0.036,0.13025));
#2886=CARTESIAN_POINT('',(0.00935000000000002,-0.0363464101615138,0.130166666666667));
#2887=CARTESIAN_POINT('',(0.00905,-0.0365196152422707,0.130083333333333));
#2888=CARTESIAN_POINT('',(0.00875000000000002,-0.0366928203230276,0.13));
#2889=CARTESIAN_POINT('',(0.00845,-0.0365196152422707,0.129916666666667));
#2890=CARTESIAN_POINT('',(0.00815000000000001,-0.0363464101615138,0.129833333333333));
#2891=CARTESIAN_POINT('',(0.00815,-0.036,0.12975));
#2892=CARTESIAN_POINT('',(0.00815000000000001,-0.0356535898384862,0.129666666666667));
#2893=CARTESIAN_POINT('',(0.00845,-0.0354803847577293,0.129583333333333));
#2894=CARTESIAN_POINT('',(0.00875000000000001,-0.0353071796769724,0.1295));
#2895=CARTESIAN_POINT('',(0.00905,-0.0354803847577293,0.129416666666667));
#2896=CARTESIAN_POINT('',(0.00935000000000002,-0.0356535898384862,0.129333333333333));
#2897=CARTESIAN_POINT('',(0.00935,-0.036,0.12925));
#2898=CARTESIAN_POINT('',(0.009891265875,-0.036,0.1375625));
#2899=CARTESIAN_POINT('',(0.00989126587499999,-0.0366589101601482,0.137479166666667));
#2900=CARTESIAN_POINT('',(0.00932063293750001,-0.0369883652402223,0.137395833333333));
#2901=CARTESIAN_POINT('',(0.00875000000000002,-0.0373178203202964,0.1373125));
#2902=CARTESIAN_POINT('',(0.00817936706250003,-0.0369883652402223,0.137229166666667));
#2903=CARTESIAN_POINT('',(0.00760873412500004,-0.0366589101601482,0.137145833333333));
#2904=CARTESIAN_POINT('',(0.00760873412500004,-0.036,0.1370625));
#2905=CARTESIAN_POINT('',(0.00760873412500004,-0.0353410898398518,0.136979166666667));
#2906=CARTESIAN_POINT('',(0.00817936706250003,-0.0350116347597778,0.136895833333333));
#2907=CARTESIAN_POINT('',(0.00875000000000002,-0.0346821796797037,0.1368125));
#2908=CARTESIAN_POINT('',(0.00932063293750001,-0.0350116347597778,0.136729166666667));
#2909=CARTESIAN_POINT('',(0.00989126587499999,-0.0353410898398518,0.136645833333333));
#2910=CARTESIAN_POINT('',(0.009891265875,-0.036,0.1365625));
#2911=CARTESIAN_POINT('',(0.00989126587499999,-0.0366589101601482,0.136479166666667));
#2912=CARTESIAN_POINT('',(0.00932063293750001,-0.0369883652402223,0.136395833333333));
#2913=CARTESIAN_POINT('',(0.00875000000000002,-0.0373178203202964,0.1363125));
#2914=CARTESIAN_POINT('',(0.00817936706250003,-0.0369883652402223,0.136229166666667));
#2915=CARTESIAN_POINT('',(0.00760873412500004,-0.0366589101601482,0.136145833333333));
#2916=CARTESIAN_POINT('',(0.00760873412500004,-0.036,0.1360625));
#2917=CARTESIAN_POINT('',(0.00760873412500004,-0.0353410898398518,0.135979166666667));
#2918=CARTESIAN_POINT('',(0.00817936706250003,-0.0350116347597778,0.135895833333333));
#2919=CARTESIAN_POINT('',(0.00875000000000002,-0.0346821796797037,0.1358125));
#2920=CARTESIAN_POINT('',(0.00932063293750001,-0.0350116347597778,0.135729166666667));
#2921=CARTESIAN_POINT('',(0.00989126587499999,-0.0353410898398518,0.135645833333333));
#2922=CARTESIAN_POINT('',(0.009891265875,-0.036,0.1355625));
#2923=CARTESIAN_POINT('',(0.00989126587499999,-0.0366589101601482,0.135479166666667));
#2924=CARTESIAN_POINT('',(0.00932063293750001,-0.0369883652402223,0.135395833333333));
#2925=CARTESIAN_POINT('',(0.00875000000000002,-0.0373178203202964,0.1353125));
#2926=CARTESIAN_POINT('',(0.00817936706250003,-0.0369883652402223,0.135229166666667));
#2927=CARTESIAN_POINT('',(0.00760873412500004,-0.0366589101601482,0.135145833333333));
#2928=CARTESIAN_POINT('',(0.00760873412500004,-0.036,0.1350625));
#2929=CARTESIAN_POINT('',(0.00760873412500004,-0.0353410898398518,0.134979166666667));
#2930=CARTESIAN_POINT('',(0.00817936706250003,-0.0350116347597778,0.134895833333333));
#2931=CARTESIAN_POINT('',(0.00875000000000001,-0.0346821796797037,0.1348125));
#2932=CARTESIAN_POINT('',(0.00932063293750001,-0.0350116347597778,0.134729166666667));
#2933=CARTESIAN_POINT('',(0.00989126587499999,-0.0353410898398518,0.134645833333333));
#2934=CARTESIAN_POINT('',(0.009891265875,-0.036,0.1345625));
#2935=CARTESIAN_POINT('',(0.00989126587499999,-0.0366589101601482,0.134479166666667));
#2936=CARTESIAN_POINT('',(0.00932063293750001,-0.0369883652402223,0.134395833333333));
#2937=CARTESIAN_POINT('',(0.00875000000000002,-0.0373178203202964,0.1343125));
#2938=CARTESIAN_POINT('',(0.00817936706250003,-0.0369883652402223,0.134229166666667));
#2939=CARTESIAN_POINT('',(0.00760873412500004,-0.0366589101601482,0.134145833333333));
#2940=CARTESIAN_POINT('',(0.00760873412500004,-0.036,0.1340625));
#2941=CARTESIAN_POINT('',(0.00760873412500004,-0.0353410898398518,0.133979166666667));
#2942=CARTESIAN_POINT('',(0.00817936706250003,-0.0350116347597778,0.133895833333333));
#2943=CARTESIAN_POINT('',(0.00875000000000001,-0.0346821796797037,0.1338125));
#2944=CARTESIAN_POINT('',(0.00932063293750001,-0.0350116347597778,0.133729166666667));
#2945=CARTESIAN_POINT('',(0.00989126587499999,-0.0353410898398518,0.133645833333333));
#2946=CARTESIAN_POINT('',(0.009891265875,-0.036,0.1335625));
#2947=CARTESIAN_POINT('',(0.00989126587499999,-0.0366589101601482,0.133479166666667));
#2948=CARTESIAN_POINT('',(0.00932063293750001,-0.0369883652402223,0.133395833333333));
#2949=CARTESIAN_POINT('',(0.00875000000000002,-0.0373178203202964,0.1333125));
#2950=CARTESIAN_POINT('',(0.00817936706250003,-0.0369883652402223,0.133229166666667));
#2951=CARTESIAN_POINT('',(0.00760873412500004,-0.0366589101601482,0.133145833333333));
#2952=CARTESIAN_POINT('',(0.00760873412500004,-0.036,0.1330625));
#2953=CARTESIAN_POINT('',(0.00760873412500004,-0.0353410898398518,0.132979166666667));
#2954=CARTESIAN_POINT('',(0.00817936706250003,-0.0350116347597778,0.132895833333333));
#2955=CARTESIAN_POINT('',(0.00875000000000001,-0.0346821796797037,0.1328125));
#2956=CARTESIAN_POINT('',(0.0093206329375,-0.0350116347597778,0.132729166666667));
#2957=CARTESIAN_POINT('',(0.00989126587499999,-0.0353410898398518,0.132645833333333));
#2958=CARTESIAN_POINT('',(0.009891265875,-0.036,0.1325625));
#2959=CARTESIAN_POINT('',(0.00989126587499999,-0.0366589101601482,0.132479166666667));
#2960=CARTESIAN_POINT('',(0.00932063293750001,-0.0369883652402223,0.132395833333333));
#2961=CARTESIAN_POINT('',(0.00875000000000002,-0.0373178203202964,0.1323125));
#2962=CARTESIAN_POINT('',(0.00817936706250003,-0.0369883652402223,0.132229166666667));
#2963=CARTESIAN_POINT('',(0.00760873412500004,-0.0366589101601482,0.132145833333333));
#2964=CARTESIAN_POINT('',(0.00760873412500004,-0.036,0.1320625));
#2965=CARTESIAN_POINT('',(0.00760873412500004,-0.0353410898398518,0.131979166666667));
#2966=CARTESIAN_POINT('',(0.00817936706250002,-0.0350116347597778,0.131895833333333));
#2967=CARTESIAN_POINT('',(0.00875000000000001,-0.0346821796797037,0.1318125));
#2968=CARTESIAN_POINT('',(0.0093206329375,-0.0350116347597778,0.131729166666667));
#2969=CARTESIAN_POINT('',(0.00989126587499999,-0.0353410898398518,0.131645833333333));
#2970=CARTESIAN_POINT('',(0.009891265875,-0.036,0.1315625));
#2971=CARTESIAN_POINT('',(0.009891265875,-0.0366589101601482,0.131479166666666));
#2972=CARTESIAN_POINT('',(0.00932063293750001,-0.0369883652402223,0.131395833333333));
#2973=CARTESIAN_POINT('',(0.00875000000000002,-0.0373178203202964,0.1313125));
#2974=CARTESIAN_POINT('',(0.00817936706250003,-0.0369883652402223,0.131229166666667));
#2975=CARTESIAN_POINT('',(0.00760873412500004,-0.0366589101601482,0.131145833333333));
#2976=CARTESIAN_POINT('',(0.00760873412500004,-0.036,0.1310625));
#2977=CARTESIAN_POINT('',(0.00760873412500004,-0.0353410898398518,0.130979166666667));
#2978=CARTESIAN_POINT('',(0.00817936706250002,-0.0350116347597778,0.130895833333333));
#2979=CARTESIAN_POINT('',(0.00875000000000001,-0.0346821796797037,0.1308125));
#2980=CARTESIAN_POINT('',(0.0093206329375,-0.0350116347597778,0.130729166666667));
#2981=CARTESIAN_POINT('',(0.00989126587499999,-0.0353410898398518,0.130645833333333));
#2982=CARTESIAN_POINT('',(0.009891265875,-0.036,0.1305625));
#2983=CARTESIAN_POINT('',(0.009891265875,-0.0366589101601482,0.130479166666667));
#2984=CARTESIAN_POINT('',(0.00932063293750001,-0.0369883652402223,0.130395833333333));
#2985=CARTESIAN_POINT('',(0.00875000000000002,-0.0373178203202964,0.1303125));
#2986=CARTESIAN_POINT('',(0.00817936706250003,-0.0369883652402223,0.130229166666667));
#2987=CARTESIAN_POINT('',(0.00760873412500004,-0.0366589101601482,0.130145833333333));
#2988=CARTESIAN_POINT('',(0.00760873412500004,-0.036,0.1300625));
#2989=CARTESIAN_POINT('',(0.00760873412500004,-0.0353410898398518,0.129979166666667));
#2990=CARTESIAN_POINT('',(0.00817936706250002,-0.0350116347597778,0.129895833333333));
#2991=CARTESIAN_POINT('',(0.00875000000000001,-0.0346821796797037,0.1298125));
#2992=CARTESIAN_POINT('',(0.0093206329375,-0.0350116347597778,0.129729166666667));
#2993=CARTESIAN_POINT('',(0.00989126587499999,-0.0353410898398518,0.129645833333333));
#2994=CARTESIAN_POINT('',(0.009891265875,-0.036,0.1295625));
#2995=CARTESIAN_POINT('',(0.00763868699325336,-0.035740247813339,0.136027461651835));
#2996=CARTESIAN_POINT('',(0.00775121072479163,-0.0352588309366089,0.135958359858643));
#2997=CARTESIAN_POINT('',(0.00817936706250003,-0.0350116347597778,0.135895833333333));
#2998=CARTESIAN_POINT('',(0.00875000000000002,-0.0346821796797037,0.1358125));
#2999=CARTESIAN_POINT('',(0.00932063293750001,-0.0350116347597778,0.135729166666667));
#3000=CARTESIAN_POINT('',(0.00989126587499999,-0.0353410898398518,0.135645833333333));
#3001=CARTESIAN_POINT('',(0.009891265875,-0.036,0.1355625));
#3002=CARTESIAN_POINT('',(0.00989126587499999,-0.0366589101601482,0.135479166666667));
#3003=CARTESIAN_POINT('',(0.00932063293750001,-0.0369883652402223,0.135395833333333));
#3004=CARTESIAN_POINT('',(0.00875000000000002,-0.0373178203202964,0.1353125));
#3005=CARTESIAN_POINT('',(0.00817936706250003,-0.0369883652402223,0.135229166666667));
#3006=CARTESIAN_POINT('',(0.00760873412500004,-0.0366589101601482,0.135145833333333));
#3007=CARTESIAN_POINT('',(0.00760873412500004,-0.036,0.1350625));
#3008=CARTESIAN_POINT('',(0.00760873412500004,-0.0353410898398518,0.134979166666667));
#3009=CARTESIAN_POINT('',(0.00817936706250003,-0.0350116347597778,0.134895833333333));
#3010=CARTESIAN_POINT('',(0.00875000000000002,-0.0346821796797037,0.1348125));
#3011=CARTESIAN_POINT('',(0.00932063293750001,-0.0350116347597778,0.134729166666667));
#3012=CARTESIAN_POINT('',(0.00989126587499999,-0.0353410898398518,0.134645833333333));
#3013=CARTESIAN_POINT('',(0.009891265875,-0.036,0.1345625));
#3014=CARTESIAN_POINT('',(0.00989126587499999,-0.0366589101601482,0.134479166666667));
#3015=CARTESIAN_POINT('',(0.00932063293750001,-0.0369883652402223,0.134395833333333));
#3016=CARTESIAN_POINT('',(0.00875000000000002,-0.0373178203202964,0.1343125));
#3017=CARTESIAN_POINT('',(0.00817936706250003,-0.0369883652402223,0.134229166666667));
#3018=CARTESIAN_POINT('',(0.00760873412500004,-0.0366589101601482,0.134145833333333));
#3019=CARTESIAN_POINT('',(0.00760873412500004,-0.036,0.1340625));
#3020=CARTESIAN_POINT('',(0.00760873412500004,-0.0353410898398518,0.133979166666667));
#3021=CARTESIAN_POINT('',(0.00817936706250003,-0.0350116347597778,0.133895833333333));
#3022=CARTESIAN_POINT('',(0.00875000000000002,-0.0346821796797037,0.1338125));
#3023=CARTESIAN_POINT('',(0.00932063293750001,-0.0350116347597778,0.133729166666667));
#3024=CARTESIAN_POINT('',(0.00989126587499999,-0.0353410898398518,0.133645833333333));
#3025=CARTESIAN_POINT('',(0.009891265875,-0.036,0.1335625));
#3026=CARTESIAN_POINT('',(0.00989126587499999,-0.0366589101601482,0.133479166666667));
#3027=CARTESIAN_POINT('',(0.00932063293750001,-0.0369883652402223,0.133395833333333));
#3028=CARTESIAN_POINT('',(0.00875000000000002,-0.0373178203202964,0.1333125));
#3029=CARTESIAN_POINT('',(0.00817936706250003,-0.0369883652402223,0.133229166666667));
#3030=CARTESIAN_POINT('',(0.00760873412500004,-0.0366589101601482,0.133145833333333));
#3031=CARTESIAN_POINT('',(0.00760873412500004,-0.036,0.1330625));
#3032=CARTESIAN_POINT('',(0.00760873412500004,-0.0353410898398518,0.132979166666667));
#3033=CARTESIAN_POINT('',(0.00817936706250003,-0.0350116347597778,0.132895833333333));
#3034=CARTESIAN_POINT('',(0.00875000000000002,-0.0346821796797037,0.1328125));
#3035=CARTESIAN_POINT('',(0.00932063293750001,-0.0350116347597778,0.132729166666667));
#3036=CARTESIAN_POINT('',(0.00989126587499999,-0.0353410898398518,0.132645833333333));
#3037=CARTESIAN_POINT('',(0.009891265875,-0.036,0.1325625));
#3038=CARTESIAN_POINT('',(0.00989126587499999,-0.0366589101601482,0.132479166666667));
#3039=CARTESIAN_POINT('',(0.00932063293750001,-0.0369883652402223,0.132395833333333));
#3040=CARTESIAN_POINT('',(0.00875000000000002,-0.0373178203202964,0.1323125));
#3041=CARTESIAN_POINT('',(0.00817936706250003,-0.0369883652402223,0.132229166666667));
#3042=CARTESIAN_POINT('',(0.00760873412500004,-0.0366589101601482,0.132145833333333));
#3043=CARTESIAN_POINT('',(0.00760873412500004,-0.036,0.1320625));
#3044=CARTESIAN_POINT('',(0.00760873412500004,-0.0353410898398518,0.131979166666667));
#3045=CARTESIAN_POINT('',(0.00817936706250003,-0.0350116347597778,0.131895833333333));
#3046=CARTESIAN_POINT('',(0.00875000000000002,-0.0346821796797037,0.1318125));
#3047=CARTESIAN_POINT('',(0.00932063293750001,-0.0350116347597778,0.131729166666667));
#3048=CARTESIAN_POINT('',(0.00989126587499999,-0.0353410898398518,0.131645833333333));
#3049=CARTESIAN_POINT('',(0.009891265875,-0.036,0.1315625));
#3050=CARTESIAN_POINT('',(0.009891265875,-0.0360435013165719,0.131556998324759));
#3051=CARTESIAN_POINT('',(0.00988795443077616,-0.0360868764117377,0.131551270816782));
#3052=CARTESIAN_POINT('',(0.00759442541609947,-0.0357299023558658,0.136061552560926));
#3053=CARTESIAN_POINT('',(0.00771143076334356,-0.0352293115199512,0.135992450767734));
#3054=CARTESIAN_POINT('',(0.00815663978977274,-0.0349722699686967,0.135929924242424));
#3055=CARTESIAN_POINT('',(0.00875000000000001,-0.0346296932915955,0.135846590909091));
#3056=CARTESIAN_POINT('',(0.00934336021022729,-0.0349722699686967,0.135763257575758));
#3057=CARTESIAN_POINT('',(0.00993672042045456,-0.0353148466457977,0.135679924242424));
#3058=CARTESIAN_POINT('',(0.00993672042045456,-0.0360000000000001,0.135596590909091));
#3059=CARTESIAN_POINT('',(0.00993672042045456,-0.0366851533542022,0.135513257575758));
#3060=CARTESIAN_POINT('',(0.00934336021022729,-0.0370277300313034,0.135429924242424));
#3061=CARTESIAN_POINT('',(0.00875000000000001,-0.0373703067084045,0.135346590909091));
#3062=CARTESIAN_POINT('',(0.00815663978977274,-0.0370277300313034,0.135263257575758));
#3063=CARTESIAN_POINT('',(0.00756327957954547,-0.0366851533542022,0.135179924242424));
#3064=CARTESIAN_POINT('',(0.00756327957954547,-0.0360000000000001,0.135096590909091));
#3065=CARTESIAN_POINT('',(0.00756327957954547,-0.0353148466457977,0.135013257575757));
#3066=CARTESIAN_POINT('',(0.00815663978977274,-0.0349722699686967,0.134929924242424));
#3067=CARTESIAN_POINT('',(0.00875000000000001,-0.0346296932915955,0.134846590909091));
#3068=CARTESIAN_POINT('',(0.00934336021022729,-0.0349722699686967,0.134763257575758));
#3069=CARTESIAN_POINT('',(0.00993672042045456,-0.0353148466457977,0.134679924242424));
#3070=CARTESIAN_POINT('',(0.00993672042045456,-0.0360000000000001,0.134596590909091));
#3071=CARTESIAN_POINT('',(0.00993672042045456,-0.0366851533542022,0.134513257575757));
#3072=CARTESIAN_POINT('',(0.00934336021022729,-0.0370277300313034,0.134429924242424));
#3073=CARTESIAN_POINT('',(0.00875000000000001,-0.0373703067084045,0.134346590909091));
#3074=CARTESIAN_POINT('',(0.00815663978977274,-0.0370277300313034,0.134263257575758));
#3075=CARTESIAN_POINT('',(0.00756327957954547,-0.0366851533542022,0.134179924242424));
#3076=CARTESIAN_POINT('',(0.00756327957954547,-0.0360000000000001,0.134096590909091));
#3077=CARTESIAN_POINT('',(0.00756327957954547,-0.0353148466457977,0.134013257575757));
#3078=CARTESIAN_POINT('',(0.00815663978977274,-0.0349722699686967,0.133929924242424));
#3079=CARTESIAN_POINT('',(0.00875000000000001,-0.0346296932915955,0.133846590909091));
#3080=CARTESIAN_POINT('',(0.00934336021022729,-0.0349722699686967,0.133763257575758));
#3081=CARTESIAN_POINT('',(0.00993672042045456,-0.0353148466457977,0.133679924242424));
#3082=CARTESIAN_POINT('',(0.00993672042045456,-0.0360000000000001,0.133596590909091));
#3083=CARTESIAN_POINT('',(0.00993672042045456,-0.0366851533542022,0.133513257575757));
#3084=CARTESIAN_POINT('',(0.00934336021022729,-0.0370277300313034,0.133429924242424));
#3085=CARTESIAN_POINT('',(0.00875000000000001,-0.0373703067084045,0.133346590909091));
#3086=CARTESIAN_POINT('',(0.00815663978977274,-0.0370277300313034,0.133263257575758));
#3087=CARTESIAN_POINT('',(0.00756327957954547,-0.0366851533542022,0.133179924242424));
#3088=CARTESIAN_POINT('',(0.00756327957954547,-0.0360000000000001,0.133096590909091));
#3089=CARTESIAN_POINT('',(0.00756327957954547,-0.0353148466457977,0.133013257575758));
#3090=CARTESIAN_POINT('',(0.00815663978977274,-0.0349722699686967,0.132929924242424));
#3091=CARTESIAN_POINT('',(0.00875000000000001,-0.0346296932915955,0.132846590909091));
#3092=CARTESIAN_POINT('',(0.00934336021022729,-0.0349722699686967,0.132763257575758));
#3093=CARTESIAN_POINT('',(0.00993672042045456,-0.0353148466457977,0.132679924242424));
#3094=CARTESIAN_POINT('',(0.00993672042045456,-0.0360000000000001,0.132596590909091));
#3095=CARTESIAN_POINT('',(0.00993672042045456,-0.0366851533542022,0.132513257575757));
#3096=CARTESIAN_POINT('',(0.00934336021022729,-0.0370277300313034,0.132429924242424));
#3097=CARTESIAN_POINT('',(0.00875000000000001,-0.0373703067084045,0.132346590909091));
#3098=CARTESIAN_POINT('',(0.00815663978977274,-0.0370277300313034,0.132263257575758));
#3099=CARTESIAN_POINT('',(0.00756327957954547,-0.0366851533542022,0.132179924242424));
#3100=CARTESIAN_POINT('',(0.00756327957954547,-0.0360000000000001,0.132096590909091));
#3101=CARTESIAN_POINT('',(0.00756327957954547,-0.0353148466457977,0.132013257575758));
#3102=CARTESIAN_POINT('',(0.00815663978977274,-0.0349722699686967,0.131929924242424));
#3103=CARTESIAN_POINT('',(0.00875000000000001,-0.0346296932915955,0.131846590909091));
#3104=CARTESIAN_POINT('',(0.00934336021022729,-0.0349722699686967,0.131763257575758));
#3105=CARTESIAN_POINT('',(0.00993672042045456,-0.0353148466457977,0.131679924242424));
#3106=CARTESIAN_POINT('',(0.00993672042045456,-0.0360000000000001,0.131596590909091));
#3107=CARTESIAN_POINT('',(0.00993672042045456,-0.0360452338949437,0.13159108923385));
#3108=CARTESIAN_POINT('',(0.00993327708742612,-0.0360903365413121,0.131585361725873));
#3109=CARTESIAN_POINT('',(0.00759442541609946,-0.0357299023558658,0.136118370742744));
#3110=CARTESIAN_POINT('',(0.00771143076334355,-0.0352293115199512,0.136049268949552));
#3111=CARTESIAN_POINT('',(0.00815663978977274,-0.0349722699686967,0.135986742424243));
#3112=CARTESIAN_POINT('',(0.00875000000000001,-0.0346296932915954,0.135903409090909));
#3113=CARTESIAN_POINT('',(0.00934336021022731,-0.0349722699686967,0.135820075757576));
#3114=CARTESIAN_POINT('',(0.00993672042045457,-0.0353148466457977,0.135736742424242));
#3115=CARTESIAN_POINT('',(0.00993672042045458,-0.0360000000000001,0.135653409090909));
#3116=CARTESIAN_POINT('',(0.00993672042045457,-0.0366851533542023,0.135570075757576));
#3117=CARTESIAN_POINT('',(0.00934336021022731,-0.0370277300313034,0.135486742424242));
#3118=CARTESIAN_POINT('',(0.00875000000000001,-0.0373703067084045,0.135403409090909));
#3119=CARTESIAN_POINT('',(0.00815663978977274,-0.0370277300313034,0.135320075757576));
#3120=CARTESIAN_POINT('',(0.00756327957954546,-0.0366851533542023,0.135236742424242));
#3121=CARTESIAN_POINT('',(0.00756327957954547,-0.0360000000000001,0.135153409090909));
#3122=CARTESIAN_POINT('',(0.00756327957954546,-0.0353148466457977,0.135070075757576));
#3123=CARTESIAN_POINT('',(0.00815663978977274,-0.0349722699686967,0.134986742424242));
#3124=CARTESIAN_POINT('',(0.00875000000000001,-0.0346296932915954,0.134903409090909));
#3125=CARTESIAN_POINT('',(0.00934336021022731,-0.0349722699686967,0.134820075757576));
#3126=CARTESIAN_POINT('',(0.00993672042045457,-0.0353148466457977,0.134736742424242));
#3127=CARTESIAN_POINT('',(0.00993672042045458,-0.0360000000000001,0.134653409090909));
#3128=CARTESIAN_POINT('',(0.00993672042045457,-0.0366851533542023,0.134570075757576));
#3129=CARTESIAN_POINT('',(0.00934336021022731,-0.0370277300313034,0.134486742424242));
#3130=CARTESIAN_POINT('',(0.00875000000000001,-0.0373703067084045,0.134403409090909));
#3131=CARTESIAN_POINT('',(0.00815663978977274,-0.0370277300313034,0.134320075757576));
#3132=CARTESIAN_POINT('',(0.00756327957954546,-0.0366851533542023,0.134236742424242));
#3133=CARTESIAN_POINT('',(0.00756327957954547,-0.0360000000000001,0.134153409090909));
#3134=CARTESIAN_POINT('',(0.00756327957954546,-0.0353148466457977,0.134070075757576));
#3135=CARTESIAN_POINT('',(0.00815663978977274,-0.0349722699686967,0.133986742424243));
#3136=CARTESIAN_POINT('',(0.00875000000000001,-0.0346296932915954,0.133903409090909));
#3137=CARTESIAN_POINT('',(0.00934336021022731,-0.0349722699686967,0.133820075757576));
#3138=CARTESIAN_POINT('',(0.00993672042045457,-0.0353148466457977,0.133736742424242));
#3139=CARTESIAN_POINT('',(0.00993672042045458,-0.0360000000000001,0.133653409090909));
#3140=CARTESIAN_POINT('',(0.00993672042045457,-0.0366851533542023,0.133570075757576));
#3141=CARTESIAN_POINT('',(0.00934336021022731,-0.0370277300313034,0.133486742424243));
#3142=CARTESIAN_POINT('',(0.00875000000000001,-0.0373703067084045,0.133403409090909));
#3143=CARTESIAN_POINT('',(0.00815663978977274,-0.0370277300313034,0.133320075757576));
#3144=CARTESIAN_POINT('',(0.00756327957954546,-0.0366851533542023,0.133236742424242));
#3145=CARTESIAN_POINT('',(0.00756327957954547,-0.0360000000000001,0.133153409090909));
#3146=CARTESIAN_POINT('',(0.00756327957954546,-0.0353148466457977,0.133070075757576));
#3147=CARTESIAN_POINT('',(0.00815663978977274,-0.0349722699686967,0.132986742424242));
#3148=CARTESIAN_POINT('',(0.00875000000000001,-0.0346296932915954,0.132903409090909));
#3149=CARTESIAN_POINT('',(0.00934336021022731,-0.0349722699686967,0.132820075757576));
#3150=CARTESIAN_POINT('',(0.00993672042045457,-0.0353148466457977,0.132736742424242));
#3151=CARTESIAN_POINT('',(0.00993672042045458,-0.0360000000000001,0.132653409090909));
#3152=CARTESIAN_POINT('',(0.00993672042045457,-0.0366851533542023,0.132570075757576));
#3153=CARTESIAN_POINT('',(0.00934336021022731,-0.0370277300313034,0.132486742424242));
#3154=CARTESIAN_POINT('',(0.00875000000000001,-0.0373703067084045,0.132403409090909));
#3155=CARTESIAN_POINT('',(0.00815663978977274,-0.0370277300313034,0.132320075757576));
#3156=CARTESIAN_POINT('',(0.00756327957954546,-0.0366851533542023,0.132236742424242));
#3157=CARTESIAN_POINT('',(0.00756327957954547,-0.0360000000000001,0.132153409090909));
#3158=CARTESIAN_POINT('',(0.00756327957954546,-0.0353148466457977,0.132070075757576));
#3159=CARTESIAN_POINT('',(0.00815663978977274,-0.0349722699686967,0.131986742424242));
#3160=CARTESIAN_POINT('',(0.00875000000000001,-0.0346296932915954,0.131903409090909));
#3161=CARTESIAN_POINT('',(0.00934336021022731,-0.0349722699686967,0.131820075757576));
#3162=CARTESIAN_POINT('',(0.00993672042045457,-0.0353148466457977,0.131736742424242));
#3163=CARTESIAN_POINT('',(0.00993672042045458,-0.0360000000000001,0.131653409090909));
#3164=CARTESIAN_POINT('',(0.00993672042045458,-0.0360452338949437,0.131647907415668));
#3165=CARTESIAN_POINT('',(0.00993327708742613,-0.0360903365413121,0.131642179907691));
#3166=CARTESIAN_POINT('',(0.00763868699325334,-0.035740247813339,0.136152461651835));
#3167=CARTESIAN_POINT('',(0.00775121072479161,-0.0352588309366089,0.136083359858643));
#3168=CARTESIAN_POINT('',(0.00817936706250002,-0.0350116347597778,0.136020833333333));
#3169=CARTESIAN_POINT('',(0.00875000000000002,-0.0346821796797036,0.1359375));
#3170=CARTESIAN_POINT('',(0.00932063293750002,-0.0350116347597778,0.135854166666667));
#3171=CARTESIAN_POINT('',(0.00989126587500001,-0.0353410898398518,0.135770833333333));
#3172=CARTESIAN_POINT('',(0.00989126587500002,-0.036,0.1356875));
#3173=CARTESIAN_POINT('',(0.00989126587500001,-0.0366589101601482,0.135604166666667));
#3174=CARTESIAN_POINT('',(0.00932063293750002,-0.0369883652402223,0.135520833333333));
#3175=CARTESIAN_POINT('',(0.00875000000000002,-0.0373178203202964,0.1354375));
#3176=CARTESIAN_POINT('',(0.00817936706250002,-0.0369883652402223,0.135354166666667));
#3177=CARTESIAN_POINT('',(0.00760873412500002,-0.0366589101601482,0.135270833333333));
#3178=CARTESIAN_POINT('',(0.00760873412500002,-0.036,0.1351875));
#3179=CARTESIAN_POINT('',(0.00760873412500002,-0.0353410898398518,0.135104166666666));
#3180=CARTESIAN_POINT('',(0.00817936706250002,-0.0350116347597778,0.135020833333333));
#3181=CARTESIAN_POINT('',(0.00875000000000002,-0.0346821796797036,0.1349375));
#3182=CARTESIAN_POINT('',(0.00932063293750002,-0.0350116347597778,0.134854166666667));
#3183=CARTESIAN_POINT('',(0.00989126587500001,-0.0353410898398518,0.134770833333333));
#3184=CARTESIAN_POINT('',(0.00989126587500002,-0.036,0.1346875));
#3185=CARTESIAN_POINT('',(0.00989126587500001,-0.0366589101601482,0.134604166666667));
#3186=CARTESIAN_POINT('',(0.00932063293750002,-0.0369883652402223,0.134520833333333));
#3187=CARTESIAN_POINT('',(0.00875000000000002,-0.0373178203202964,0.1344375));
#3188=CARTESIAN_POINT('',(0.00817936706250002,-0.0369883652402223,0.134354166666667));
#3189=CARTESIAN_POINT('',(0.00760873412500002,-0.0366589101601482,0.134270833333333));
#3190=CARTESIAN_POINT('',(0.00760873412500002,-0.036,0.1341875));
#3191=CARTESIAN_POINT('',(0.00760873412500002,-0.0353410898398518,0.134104166666667));
#3192=CARTESIAN_POINT('',(0.00817936706250002,-0.0350116347597778,0.134020833333333));
#3193=CARTESIAN_POINT('',(0.00875000000000002,-0.0346821796797036,0.1339375));
#3194=CARTESIAN_POINT('',(0.00932063293750002,-0.0350116347597778,0.133854166666667));
#3195=CARTESIAN_POINT('',(0.00989126587500001,-0.0353410898398518,0.133770833333333));
#3196=CARTESIAN_POINT('',(0.00989126587500002,-0.036,0.1336875));
#3197=CARTESIAN_POINT('',(0.00989126587500001,-0.0366589101601482,0.133604166666667));
#3198=CARTESIAN_POINT('',(0.00932063293750002,-0.0369883652402223,0.133520833333333));
#3199=CARTESIAN_POINT('',(0.00875000000000002,-0.0373178203202964,0.1334375));
#3200=CARTESIAN_POINT('',(0.00817936706250002,-0.0369883652402223,0.133354166666667));
#3201=CARTESIAN_POINT('',(0.00760873412500002,-0.0366589101601482,0.133270833333333));
#3202=CARTESIAN_POINT('',(0.00760873412500002,-0.036,0.1331875));
#3203=CARTESIAN_POINT('',(0.00760873412500002,-0.0353410898398518,0.133104166666667));
#3204=CARTESIAN_POINT('',(0.00817936706250002,-0.0350116347597778,0.133020833333333));
#3205=CARTESIAN_POINT('',(0.00875000000000002,-0.0346821796797036,0.1329375));
#3206=CARTESIAN_POINT('',(0.00932063293750002,-0.0350116347597778,0.132854166666667));
#3207=CARTESIAN_POINT('',(0.00989126587500001,-0.0353410898398518,0.132770833333333));
#3208=CARTESIAN_POINT('',(0.00989126587500002,-0.036,0.1326875));
#3209=CARTESIAN_POINT('',(0.00989126587500001,-0.0366589101601482,0.132604166666667));
#3210=CARTESIAN_POINT('',(0.00932063293750002,-0.0369883652402223,0.132520833333333));
#3211=CARTESIAN_POINT('',(0.00875000000000002,-0.0373178203202964,0.1324375));
#3212=CARTESIAN_POINT('',(0.00817936706250002,-0.0369883652402223,0.132354166666667));
#3213=CARTESIAN_POINT('',(0.00760873412500002,-0.0366589101601482,0.132270833333333));
#3214=CARTESIAN_POINT('',(0.00760873412500002,-0.036,0.1321875));
#3215=CARTESIAN_POINT('',(0.00760873412500002,-0.0353410898398518,0.132104166666667));
#3216=CARTESIAN_POINT('',(0.00817936706250002,-0.0350116347597778,0.132020833333333));
#3217=CARTESIAN_POINT('',(0.00875000000000002,-0.0346821796797036,0.1319375));
#3218=CARTESIAN_POINT('',(0.00932063293750002,-0.0350116347597778,0.131854166666667));
#3219=CARTESIAN_POINT('',(0.00989126587500001,-0.0353410898398518,0.131770833333333));
#3220=CARTESIAN_POINT('',(0.00989126587500002,-0.036,0.1316875));
#3221=CARTESIAN_POINT('',(0.00989126587500002,-0.0360435013165719,0.131681998324759));
#3222=CARTESIAN_POINT('',(0.00988795443077618,-0.0360868764117377,0.131676270816782));
#3223=CARTESIAN_POINT('',(0.00875,-0.036,0.136));
#3224=CARTESIAN_POINT('',(-4.26240081630613E-18,-0.036,0.12745));
#3225=CARTESIAN_POINT('',(-0.00539157699540664,-0.0388532258064516,0.12745));
#3226=CARTESIAN_POINT('',(-0.00539157699540673,-0.0331467741935483,0.12745));
#3227=CARTESIAN_POINT('',(-0.00547996350352811,-0.0331,0.12745));
#3228=CARTESIAN_POINT('',(-0.00547996350352813,-0.0332,0.12745));
#3229=CARTESIAN_POINT('',(-0.00553998175176408,-0.0332,0.12745));
#3230=CARTESIAN_POINT('',(-0.0056,-0.0332,0.12745));
#3231=CARTESIAN_POINT('',(-0.0056,-0.036,0.12745));
#3232=CARTESIAN_POINT('',(-0.0056,-0.0388,0.12745));
#3233=CARTESIAN_POINT('',(-0.00553998175176408,-0.0388,0.12745));
#3234=CARTESIAN_POINT('',(-0.00547996350352813,-0.0388,0.12745));
#3235=CARTESIAN_POINT('',(-0.00547996350352809,-0.0389,0.12745));
#3236=CARTESIAN_POINT('',(4.85722573273506E-17,-1.7347234759768E-18,0.156));
#3237=CARTESIAN_POINT('',(0.0460977222864644,-0.03,0.156));
#3238=CARTESIAN_POINT('',(0.0460977222864644,-0.03,0.156));
#3239=CARTESIAN_POINT('',(4.85722573273506E-17,-1.7347234759768E-18,0.156));
#3240=CARTESIAN_POINT('',(0.0460977222864644,0.03,0.156));
#3241=CARTESIAN_POINT('',(0.0460977222864644,0.03,0.156));
#3242=CARTESIAN_POINT('',(0.0385977222864644,-0.03,0.156));
#3243=CARTESIAN_POINT('',(0.0310977222864645,-0.03,0.156));
#3244=CARTESIAN_POINT('',(0.0310977222864645,-0.03,0.156));
#3245=CARTESIAN_POINT('',(0.0385977222864644,-0.03,0.156));
#3246=CARTESIAN_POINT('',(0.0310977222864645,-0.0376822158782708,0.156));
#3247=CARTESIAN_POINT('',(0.0310977222864645,-0.0468647595233981,0.154));
#3248=CARTESIAN_POINT('',(0.0310977222864645,-0.0483650872902544,0.154));
#3249=CARTESIAN_POINT('',(0.0310977222864645,-0.0483650872902544,0.154));
#3250=CARTESIAN_POINT('',(0.0310977222864645,-0.0483650872902544,0.1555));
#3251=CARTESIAN_POINT('',(0.0310977222864645,-0.0483650872902544,0.1555));
#3252=CARTESIAN_POINT('',(0.0310977222864645,-0.0485630270693549,0.155666493472946));
#3253=CARTESIAN_POINT('',(0.0310977222864645,-0.0487608194401928,0.155833161884571));
#3254=CARTESIAN_POINT('',(0.0310977222864645,-0.0489584688138215,0.156));
#3255=CARTESIAN_POINT('',(0.0310977222864645,-0.0489584688138215,0.156));
#3256=CARTESIAN_POINT('',(0.0310977222864645,-0.0376822158782708,0.156));
#3257=CARTESIAN_POINT('',(-0.0310977222864645,-0.0376322158782708,0.156));
#3258=CARTESIAN_POINT('',(-0.0310977222864645,-0.0299,0.156));
#3259=CARTESIAN_POINT('',(-0.0310977222864645,-0.0299,0.156));
#3260=CARTESIAN_POINT('',(-0.0310977222864645,-0.0376322158782708,0.156));
#3261=CARTESIAN_POINT('',(-0.0310977222864645,-0.0489584688138215,0.156));
#3262=CARTESIAN_POINT('',(-0.0310977222864645,-0.0489584688138215,0.156));
#3263=CARTESIAN_POINT('',(-0.0310977222864645,-0.0487608194401928,0.155833161884571));
#3264=CARTESIAN_POINT('',(-0.0310977222864645,-0.0485630270693549,0.155666493472946));
#3265=CARTESIAN_POINT('',(-0.0310977222864645,-0.0483650872902544,0.1555));
#3266=CARTESIAN_POINT('',(-0.0310977222864645,-0.0483650872902544,0.1555));
#3267=CARTESIAN_POINT('',(-0.0310977222864645,-0.0483650872902544,0.154));
#3268=CARTESIAN_POINT('',(-0.0310977222864645,-0.0483650872902544,0.154));
#3269=CARTESIAN_POINT('',(-0.0310977222864645,-0.0468647595233981,0.154));
#3270=CARTESIAN_POINT('',(-0.0385977222864644,-0.02995,0.156));
#3271=CARTESIAN_POINT('',(-0.0460977222864644,-0.03,0.156));
#3272=CARTESIAN_POINT('',(-0.0460977222864644,-0.03,0.156));
#3273=CARTESIAN_POINT('',(-0.0385977222864644,-0.02995,0.156));
#3274=CARTESIAN_POINT('',(2.42861286636753E-17,0.,0.156));
#3275=CARTESIAN_POINT('',(-0.0460977222864644,0.03,0.156));
#3276=CARTESIAN_POINT('',(-0.0460977222864644,0.03,0.156));
#3277=CARTESIAN_POINT('',(2.42861286636753E-17,0.,0.156));
#3278=CARTESIAN_POINT('',(-0.0385977222864644,0.03,0.156));
#3279=CARTESIAN_POINT('',(-0.0310977222864645,0.03,0.156));
#3280=CARTESIAN_POINT('',(-0.0310977222864645,0.03,0.156));
#3281=CARTESIAN_POINT('',(-0.0385977222864644,0.03,0.156));
#3282=CARTESIAN_POINT('',(-0.0310977222864645,0.0376822158782708,0.156));
#3283=CARTESIAN_POINT('',(-0.0310977222864645,0.0468647595233981,0.154));
#3284=CARTESIAN_POINT('',(-0.0310977222864645,0.0483650872902544,0.154));
#3285=CARTESIAN_POINT('',(-0.0310977222864645,0.0483650872902544,0.154));
#3286=CARTESIAN_POINT('',(-0.0310977222864645,0.0483650872902544,0.1555));
#3287=CARTESIAN_POINT('',(-0.0310977222864645,0.0483650872902544,0.1555));
#3288=CARTESIAN_POINT('',(-0.0310977222864645,0.0485630270693549,0.155666493472946));
#3289=CARTESIAN_POINT('',(-0.0310977222864645,0.0487608194401928,0.155833161884571));
#3290=CARTESIAN_POINT('',(-0.0310977222864645,0.0489584688138215,0.156));
#3291=CARTESIAN_POINT('',(-0.0310977222864645,0.0489584688138215,0.156));
#3292=CARTESIAN_POINT('',(-0.0310977222864645,0.0376822158782708,0.156));
#3293=CARTESIAN_POINT('',(0.0310977222864645,0.0376822158782708,0.156));
#3294=CARTESIAN_POINT('',(0.0310977222864645,0.03,0.156));
#3295=CARTESIAN_POINT('',(0.0310977222864645,0.03,0.156));
#3296=CARTESIAN_POINT('',(0.0310977222864645,0.0376822158782708,0.156));
#3297=CARTESIAN_POINT('',(0.0310977222864645,0.0489584688138215,0.156));
#3298=CARTESIAN_POINT('',(0.0310977222864645,0.0489584688138215,0.156));
#3299=CARTESIAN_POINT('',(0.0310977222864645,0.0487608194401928,0.155833161884571));
#3300=CARTESIAN_POINT('',(0.0310977222864645,0.0485630270693549,0.155666493472946));
#3301=CARTESIAN_POINT('',(0.0310977222864645,0.0483650872902544,0.1555));
#3302=CARTESIAN_POINT('',(0.0310977222864645,0.0483650872902544,0.1555));
#3303=CARTESIAN_POINT('',(0.0310977222864645,0.0483650872902544,0.154));
#3304=CARTESIAN_POINT('',(0.0310977222864645,0.0483650872902544,0.154));
#3305=CARTESIAN_POINT('',(0.0310977222864645,0.0468647595233981,0.154));
#3306=CARTESIAN_POINT('',(0.0385977222864644,0.03,0.156));
#3307=CARTESIAN_POINT('',(0.0385977222864644,0.03,0.156));
#3308=CARTESIAN_POINT('',(0.,0.,0.156));
#3309=CARTESIAN_POINT('',(0.0587906344611031,-0.00608073645484611,0.156));
#3310=CARTESIAN_POINT('',(0.0591897656130497,0.0016300024531124,0.156));
#3311=CARTESIAN_POINT('',(0.0584747511354534,0.00924839651163125,0.156));
#3312=CARTESIAN_POINT('',(0.0567138215659897,0.0165999838831557,0.156));
#3313=CARTESIAN_POINT('',(0.0541949844259825,0.0238745688521204,0.156));
#3314=CARTESIAN_POINT('',(0.050611896391365,0.030743238576531,0.156));
#3315=CARTESIAN_POINT('',(0.0460545315821011,0.0370276831437927,0.156));
#3316=CARTESIAN_POINT('',(0.0409377356910552,0.0427929559100795,0.156));
#3317=CARTESIAN_POINT('',(0.0349948303282656,0.0477710915672625,0.156));
#3318=CARTESIAN_POINT('',(0.0283789940566525,0.0518334068519372,0.156));
#3319=CARTESIAN_POINT('',(0.0214453946828006,0.055201724737481,0.156));
#3320=CARTESIAN_POINT('',(0.0140498035766453,0.0575266753183897,0.156));
#3321=CARTESIAN_POINT('',(0.00638298581075694,0.058747994532792,0.156));
#3322=CARTESIAN_POINT('',(-0.00131182424110462,0.059206540894623,0.156));
#3323=CARTESIAN_POINT('',(-0.00903417960031552,0.0585243449573596,0.156));
#3324=CARTESIAN_POINT('',(-0.0165847742451372,0.0567187326438547,0.156));
#3325=CARTESIAN_POINT('',(-0.0238693298546396,0.0541976979200812,0.156));
#3326=CARTESIAN_POINT('',(-0.0307427908307712,0.0506122136018389,0.156));
#3327=CARTESIAN_POINT('',(-0.037027652764266,0.0460545578662717,0.156));
#3328=CARTESIAN_POINT('',(-0.0427929463736849,0.0409377467406599,0.156));
#3329=CARTESIAN_POINT('',(-0.0477710908416327,0.0349948315261479,0.156));
#3330=CARTESIAN_POINT('',(-0.0518334068061526,0.0283789941392774,0.156));
#3331=CARTESIAN_POINT('',(-0.0552017247265195,0.0214453947215319,0.156));
#3332=CARTESIAN_POINT('',(-0.0575266753177514,0.0140498035794968,0.156));
#3333=CARTESIAN_POINT('',(-0.0587479945328229,0.00638298581101761,0.156));
#3334=CARTESIAN_POINT('',(-0.0592065408946133,-0.00131182424103959,0.156));
#3335=CARTESIAN_POINT('',(-0.0585243449573457,-0.00903417960031195,0.156));
#3336=CARTESIAN_POINT('',(-0.0567187326438705,-0.016584774245164,0.156));
#3337=CARTESIAN_POINT('',(-0.0541976979200758,-0.0238693298546276,0.156));
#3338=CARTESIAN_POINT('',(-0.0506122136018381,-0.030742790830791,0.156));
#3339=CARTESIAN_POINT('',(-0.0460545578662438,-0.0370276527643103,0.156));
#3340=CARTESIAN_POINT('',(-0.0409377467406901,-0.0427929463736695,0.156));
#3341=CARTESIAN_POINT('',(-0.0349948315260055,-0.0477710908416376,0.156));
#3342=CARTESIAN_POINT('',(-0.028378994139602,-0.0518334068060139,0.156));
#3343=CARTESIAN_POINT('',(-0.0214453947214359,-0.0552017247265841,0.156));
#3344=CARTESIAN_POINT('',(-0.0140498035793905,-0.0575266753176311,0.156));
#3345=CARTESIAN_POINT('',(-0.00638298581136385,-0.0587479945329707,0.156));
#3346=CARTESIAN_POINT('',(0.00131182424126448,-0.0592065408938494,0.156));
#3347=CARTESIAN_POINT('',(0.00903417959959892,-0.0585243449621016,0.156));
#3348=CARTESIAN_POINT('',(0.0165847742462891,-0.0567187326357687,0.156));
#3349=CARTESIAN_POINT('',(0.0238693298488813,-0.0541976979641614,0.156));
#3350=CARTESIAN_POINT('',(0.0307427908666034,-0.050612213325707,0.156));
#3351=CARTESIAN_POINT('',(0.0370276527029576,-0.0460545583384454,0.156));
#3352=CARTESIAN_POINT('',(0.0427929467039358,-0.0409377441853814,0.156));
#3353=CARTESIAN_POINT('',(0.0477710887745783,-0.0349948475249004,0.156));
#3354=CARTESIAN_POINT('',(0.0518334103408733,-0.0283789667803341,0.156));
#3355=CARTESIAN_POINT('',(0.0552017055848031,-0.0214455428774663,0.156));
#3356=CARTESIAN_POINT('',(0.0575573884547694,-0.0139515513588711,0.156));
#3357=CARTESIAN_POINT('',(0.0587906344611031,-0.00608073645484611,0.156));
#3358=CARTESIAN_POINT('',(0.0591897656130497,0.0016300024531124,0.156));
#3359=CARTESIAN_POINT('',(0.0584747511354534,0.00924839651163125,0.156));
#3360=CARTESIAN_POINT('',(0.059,3.67394039744206E-18,0.156));
#3361=CARTESIAN_POINT('',(5.20417042793042E-18,-2.08166817117217E-17,0.156));
#3362=CARTESIAN_POINT('',(1.7347234759768E-18,2.42861286636753E-17,0.156));
#3363=CARTESIAN_POINT('',(5.20417042793042E-18,-2.08166817117217E-17,0.154));
#3364=CARTESIAN_POINT('',(5.20417042793042E-18,-2.08166817117217E-17,0.1555));
#3365=CARTESIAN_POINT('',(5.20417042793042E-18,-2.08166817117217E-17,0.154));
#3366=CARTESIAN_POINT('',(0.,0.,0.154));
#3367=CARTESIAN_POINT('',(1.7347234759768E-18,2.42861286636753E-17,0.154));
#3368=CARTESIAN_POINT('',(1.7347234759768E-18,2.42861286636753E-17,0.1555));
#3369=CARTESIAN_POINT('',(1.7347234759768E-18,2.42861286636753E-17,0.154));
#3370=CARTESIAN_POINT('',(0.,0.,0.154));
#3371=CARTESIAN_POINT('',(5.20417042793042E-18,-2.08166817117217E-17,0.1555));
#3372=CARTESIAN_POINT('',(1.7347234759768E-18,2.42861286636753E-17,0.1555));
#3373=CARTESIAN_POINT('',(0.059,3.67394039744206E-18,0.156));
#3374=CARTESIAN_POINT('',(0.059,0.00772308193985827,0.156));
#3375=CARTESIAN_POINT('',(0.057464387923283,0.0154431251775279,0.156));
#3376=CARTESIAN_POINT('',(0.0515533969130488,0.0297135198415527,0.156));
#3377=CARTESIAN_POINT('',(0.0471803437012616,0.0362582564787778,0.156));
#3378=CARTESIAN_POINT('',(0.036258256478751,0.0471803437012348,0.156));
#3379=CARTESIAN_POINT('',(0.0297135198415393,0.0515533969130488,0.156));
#3380=CARTESIAN_POINT('',(0.0154431251775413,0.0574643879232831,0.156));
#3381=CARTESIAN_POINT('',(0.00772308193970514,0.059,0.156));
#3382=CARTESIAN_POINT('',(-0.00772308193970513,0.059,0.156));
#3383=CARTESIAN_POINT('',(-0.0154431251775413,0.057464387923283,0.156));
#3384=CARTESIAN_POINT('',(-0.0297135198415393,0.0515533969130488,0.156));
#3385=CARTESIAN_POINT('',(-0.0362582564787778,0.0471803437012348,0.156));
#3386=CARTESIAN_POINT('',(-0.0471803437012349,0.0362582564787777,0.156));
#3387=CARTESIAN_POINT('',(-0.0515533969130488,0.0297135198415528,0.156));
#3388=CARTESIAN_POINT('',(-0.057464387923283,0.015443125177528,0.156));
#3389=CARTESIAN_POINT('',(-0.059,0.00772308193970515,0.156));
#3390=CARTESIAN_POINT('',(-0.059,-0.00772308193970512,0.156));
#3391=CARTESIAN_POINT('',(-0.0574643879232831,-0.0154431251775412,0.156));
#3392=CARTESIAN_POINT('',(-0.0515533969130488,-0.0297135198415392,0.156));
#3393=CARTESIAN_POINT('',(-0.0471803437012348,-0.0362582564788046,0.156));
#3394=CARTESIAN_POINT('',(-0.0362582564787777,-0.0471803437012081,0.156));
#3395=CARTESIAN_POINT('',(-0.0297135198415399,-0.0515533969130458,0.156));
#3396=CARTESIAN_POINT('',(-0.0154431251775407,-0.057464387923286,0.156));
#3397=CARTESIAN_POINT('',(-0.00772308193970505,-0.059,0.156));
#3398=CARTESIAN_POINT('',(0.00772308193970524,-0.059,0.156));
#3399=CARTESIAN_POINT('',(0.0154431251775406,-0.0574643879233128,0.156));
#3400=CARTESIAN_POINT('',(0.0297135198415398,-0.0515533969130191,0.156));
#3401=CARTESIAN_POINT('',(0.03625825647876,-0.0471803437012526,0.156));
#3402=CARTESIAN_POINT('',(0.0471803437012524,-0.0362582564787602,0.156));
#3403=CARTESIAN_POINT('',(0.0515533969130458,-0.0297135198415399,0.156));
#3404=CARTESIAN_POINT('',(0.057464387923286,-0.0154431251775407,0.156));
#3405=CARTESIAN_POINT('',(0.059,-0.00772308193985827,0.156));
#3406=CARTESIAN_POINT('',(0.059,3.67394039744206E-18,0.156));
#3407=CARTESIAN_POINT('',(0.06,3.67394039744206E-18,0.156));
#3408=CARTESIAN_POINT('',(0.06,0.00785398163375417,0.156));
#3409=CARTESIAN_POINT('',(0.0584383605999439,0.0157048730618896,0.156));
#3410=CARTESIAN_POINT('',(0.0524271833014106,0.0302171388219212,0.156));
#3411=CARTESIAN_POINT('',(0.0479800105436295,0.0368728031987561,0.156));
#3412=CARTESIAN_POINT('',(0.0368728031987561,0.0479800105436295,0.156));
#3413=CARTESIAN_POINT('',(0.0302171388219078,0.0524271833014106,0.156));
#3414=CARTESIAN_POINT('',(0.015704873061903,0.0584383605999439,0.156));
#3415=CARTESIAN_POINT('',(0.00785398163359844,0.06,0.156));
#3416=CARTESIAN_POINT('',(-0.00785398163359844,0.06,0.156));
#3417=CARTESIAN_POINT('',(-0.0157048730619164,0.0584383605999439,0.156));
#3418=CARTESIAN_POINT('',(-0.0302171388218944,0.0524271833014106,0.156));
#3419=CARTESIAN_POINT('',(-0.0368728031987562,0.0479800105436563,0.156));
#3420=CARTESIAN_POINT('',(-0.0479800105436296,0.0368728031987293,0.156));
#3421=CARTESIAN_POINT('',(-0.0524271833014105,0.0302171388219213,0.156));
#3422=CARTESIAN_POINT('',(-0.0584383605999438,0.0157048730618897,0.156));
#3423=CARTESIAN_POINT('',(-0.06,0.00785398163359845,0.156));
#3424=CARTESIAN_POINT('',(-0.06,-0.00785398163359843,0.156));
#3425=CARTESIAN_POINT('',(-0.0584383605999439,-0.0157048730619297,0.156));
#3426=CARTESIAN_POINT('',(-0.0524271833014106,-0.0302171388218809,0.156));
#3427=CARTESIAN_POINT('',(-0.0479800105436027,-0.0368728031987829,0.156));
#3428=CARTESIAN_POINT('',(-0.0368728031987829,-0.0479800105436028,0.156));
#3429=CARTESIAN_POINT('',(-0.0302171388219187,-0.0524271833014089,0.156));
#3430=CARTESIAN_POINT('',(-0.0157048730618922,-0.0584383605999455,0.156));
#3431=CARTESIAN_POINT('',(-0.00785398163359835,-0.06,0.156));
#3432=CARTESIAN_POINT('',(0.00785398163359855,-0.06,0.156));
#3433=CARTESIAN_POINT('',(0.0157048730619188,-0.0584383605999723,0.156));
#3434=CARTESIAN_POINT('',(0.0302171388218917,-0.0524271833013822,0.156));
#3435=CARTESIAN_POINT('',(0.0368728031987408,-0.0479800105436717,0.156));
#3436=CARTESIAN_POINT('',(0.0479800105436447,-0.0368728031987142,0.156));
#3437=CARTESIAN_POINT('',(0.0524271833014089,-0.0302171388218919,0.156));
#3438=CARTESIAN_POINT('',(0.0584383605999455,-0.0157048730619191,0.156));
#3439=CARTESIAN_POINT('',(0.06,-0.00785398163375417,0.156));
#3440=CARTESIAN_POINT('',(0.06,3.67394039744206E-18,0.156));
#3441=CARTESIAN_POINT('',(0.06,3.67394039744206E-18,0.155));
#3442=CARTESIAN_POINT('',(0.06,0.00785398163375417,0.155));
#3443=CARTESIAN_POINT('',(0.0584383605999586,0.0157048730618957,0.155));
#3444=CARTESIAN_POINT('',(0.0524271833013958,0.0302171388219151,0.155));
#3445=CARTESIAN_POINT('',(0.0479800105436429,0.0368728031987427,0.155));
#3446=CARTESIAN_POINT('',(0.0368728031987427,0.0479800105436429,0.155));
#3447=CARTESIAN_POINT('',(0.0302171388218922,0.0524271833014053,0.155));
#3448=CARTESIAN_POINT('',(0.0157048730619185,0.0584383605999491,0.155));
#3449=CARTESIAN_POINT('',(0.00785398163359845,0.06,0.155));
#3450=CARTESIAN_POINT('',(-0.00785398163359844,0.06,0.155));
#3451=CARTESIAN_POINT('',(-0.0157048730619072,0.0584383605999538,0.155));
#3452=CARTESIAN_POINT('',(-0.0302171388219037,0.0524271833014006,0.155));
#3453=CARTESIAN_POINT('',(-0.0368728031987562,0.0479800105436295,0.155));
#3454=CARTESIAN_POINT('',(-0.0479800105436296,0.0368728031987561,0.155));
#3455=CARTESIAN_POINT('',(-0.0524271833013958,0.0302171388219152,0.155));
#3456=CARTESIAN_POINT('',(-0.0584383605999585,0.0157048730618958,0.155));
#3457=CARTESIAN_POINT('',(-0.06,0.00785398163359845,0.155));
#3458=CARTESIAN_POINT('',(-0.06,-0.00785398163359843,0.155));
#3459=CARTESIAN_POINT('',(-0.0584383605999539,-0.0157048730619071,0.155));
#3460=CARTESIAN_POINT('',(-0.0524271833014006,-0.0302171388219035,0.155));
#3461=CARTESIAN_POINT('',(-0.0479800105436027,-0.0368728031987829,0.155));
#3462=CARTESIAN_POINT('',(-0.0368728031987829,-0.0479800105436028,0.155));
#3463=CARTESIAN_POINT('',(-0.0302171388219021,-0.0524271833014012,0.155));
#3464=CARTESIAN_POINT('',(-0.0157048730619088,-0.0584383605999531,0.155));
#3465=CARTESIAN_POINT('',(-0.00785398163359835,-0.06,0.155));
#3466=CARTESIAN_POINT('',(0.00785398163359855,-0.06,0.155));
#3467=CARTESIAN_POINT('',(0.0157048730618992,-0.0584383605999571,0.155));
#3468=CARTESIAN_POINT('',(0.0302171388219114,-0.0524271833013974,0.155));
#3469=CARTESIAN_POINT('',(0.0368728031987407,-0.0479800105436449,0.155));
#3470=CARTESIAN_POINT('',(0.0479800105436447,-0.036872803198741,0.155));
#3471=CARTESIAN_POINT('',(0.0524271833014012,-0.0302171388219021,0.155));
#3472=CARTESIAN_POINT('',(0.0584383605999531,-0.0157048730619088,0.155));
#3473=CARTESIAN_POINT('',(0.06,-0.00785398163375417,0.155));
#3474=CARTESIAN_POINT('',(0.06,3.67394039744206E-18,0.155));
#3475=MECHANICAL_DESIGN_GEOMETRIC_PRESENTATION_REPRESENTATION('',(#936),
#3476);
#3476=(
GEOMETRIC_REPRESENTATION_CONTEXT(3)
GLOBAL_UNCERTAINTY_ASSIGNED_CONTEXT((#3477))
GLOBAL_UNIT_ASSIGNED_CONTEXT((#3480,#3479,#3478))
REPRESENTATION_CONTEXT('Turntable','TOP_LEVEL_ASSEMBLY_PART')
);
#3477=UNCERTAINTY_MEASURE_WITH_UNIT(LENGTH_MEASURE(2.E-5),#3480,
'DISTANCE_ACCURACY_VALUE','Maximum Tolerance applied to model');
#3478=(
NAMED_UNIT(*)
SI_UNIT($,.STERADIAN.)
SOLID_ANGLE_UNIT()
);
#3479=(
NAMED_UNIT(*)
PLANE_ANGLE_UNIT()
SI_UNIT($,.RADIAN.)
);
#3480=(
LENGTH_UNIT()
NAMED_UNIT(*)
SI_UNIT($,.METRE.)
);
#3481=PRODUCT_DEFINITION_SHAPE('','',#3482);
#3482=PRODUCT_DEFINITION('','',#3484,#3483);
#3483=PRODUCT_DEFINITION_CONTEXT('',#3490,'design');
#3484=PRODUCT_DEFINITION_FORMATION_WITH_SPECIFIED_SOURCE('','',#3486,
 .NOT_KNOWN.);
#3485=PRODUCT_RELATED_PRODUCT_CATEGORY('','',(#3486));
#3486=PRODUCT('Turntable','Turntable','Turntable',(#3488));
#3487=PRODUCT_CATEGORY('','');
#3488=PRODUCT_CONTEXT('',#3490,'mechanical');
#3489=APPLICATION_PROTOCOL_DEFINITION('international standard',
'ap242_managed_model_based_3d_engineering',2011,#3490);
#3490=APPLICATION_CONTEXT('managed model based 3d engineering');
ENDSEC;
END-ISO-10303-21;
