ISO-10303-21;
HEADER;
/* Generated by software containing ST-Developer
 * from STEP Tools, Inc. (www.steptools.com) 
 */
/* OPTION: using custom renumber hook */

FILE_DESCRIPTION(
/* description */ ('STEP AP242',
'CAx-IF Rec.Pracs.---Representation and Presentation of Product Manufa
cturing Information (PMI)---4.0---2014-10-13',
'CAx-IF Rec.Pracs.---3D Tessellated Geometry---0.4---2014-09-14','2;1',
'CAx-IF Rec.Pracs.---User Defined Attributes---1.5---2016-08-15'),
/* implementation_level */ '2;1');

FILE_NAME(
/* name */ 'Assembly 1 - Board',
/* time_stamp */ '2025-11-19T05:29:11Z',
/* author */ (''),
/* organization */ (''),
/* preprocessor_version */ 'ST-DEVELOPER v20',
/* originating_system */ 'ONSHAPE BY PTC INC, 1.206',
/* authorisation */ '  ');

FILE_SCHEMA (('AP242_MANAGED_MODEL_BASED_3D_ENGINEERING_MIM_LF { 1 0 10303 442 1 1 4 }'));
ENDSEC;

DATA;
#10=SHAPE_REPRESENTATION_RELATIONSHIP('','',#4035,#11);
#11=ADVANCED_BREP_SHAPE_REPRESENTATION('',(#4033),#7719);
#12=B_SPLINE_SURFACE_WITH_KNOTS('',3,1,((#6450,#6451),(#6452,#6453),(#6454,
#6455),(#6456,#6457)),.SURF_OF_LINEAR_EXTRUSION.,.F.,.F.,.F.,(4,4),(2,2),
(1.85189869453201E-9,0.999999996393673),(0.,1.),
 .PIECEWISE_BEZIER_KNOTS.);
#13=B_SPLINE_SURFACE_WITH_KNOTS('',3,1,((#6460,#6461),(#6462,#6463),(#6464,
#6465),(#6466,#6467)),.SURF_OF_LINEAR_EXTRUSION.,.F.,.F.,.F.,(4,4),(2,2),
(-8.14770972950896E-9,0.999999990950728),(0.,1.),
 .PIECEWISE_BEZIER_KNOTS.);
#14=B_SPLINE_SURFACE_WITH_KNOTS('',3,1,((#6469,#6470),(#6471,#6472),(#6473,
#6474),(#6475,#6476)),.SURF_OF_LINEAR_EXTRUSION.,.F.,.F.,.F.,(4,4),(2,2),
(1.52910388259659E-12,0.999999963442087),(0.,1.),
 .PIECEWISE_BEZIER_KNOTS.);
#15=B_SPLINE_SURFACE_WITH_KNOTS('',3,1,((#6478,#6479),(#6480,#6481),(#6482,
#6483),(#6484,#6485)),.SURF_OF_LINEAR_EXTRUSION.,.F.,.F.,.F.,(4,4),(2,2),
(-9.86120102966305E-8,1.00000000075039),(0.,1.),
 .PIECEWISE_BEZIER_KNOTS.);
#16=B_SPLINE_SURFACE_WITH_KNOTS('',3,1,((#6487,#6488),(#6489,#6490),(#6491,
#6492),(#6493,#6494)),.SURF_OF_LINEAR_EXTRUSION.,.F.,.F.,.F.,(4,4),(2,2),
(-1.58075523717801E-7,0.999999999950921),(0.,1.),
 .PIECEWISE_BEZIER_KNOTS.);
#17=B_SPLINE_SURFACE_WITH_KNOTS('',3,1,((#6496,#6497),(#6498,#6499),(#6500,
#6501),(#6502,#6503)),.SURF_OF_LINEAR_EXTRUSION.,.F.,.F.,.F.,(4,4),(2,2),
(7.52729262227851E-11,1.0000000771049),(0.,1.),.PIECEWISE_BEZIER_KNOTS.);
#18=B_SPLINE_SURFACE_WITH_KNOTS('',3,1,((#6505,#6506),(#6507,#6508),(#6509,
#6510),(#6511,#6512)),.SURF_OF_LINEAR_EXTRUSION.,.F.,.F.,.F.,(4,4),(2,2),
(-6.68230265636312E-11,1.00000005938967),(0.,1.),
 .PIECEWISE_BEZIER_KNOTS.);
#19=B_SPLINE_SURFACE_WITH_KNOTS('',3,1,((#6514,#6515),(#6516,#6517),(#6518,
#6519),(#6520,#6521)),.SURF_OF_LINEAR_EXTRUSION.,.F.,.F.,.F.,(4,4),(2,2),
(8.91160413261185E-8,0.999999975066077),(0.,1.),
 .PIECEWISE_BEZIER_KNOTS.);
#20=B_SPLINE_SURFACE_WITH_KNOTS('',3,1,((#6523,#6524),(#6525,#6526),(#6527,
#6528),(#6529,#6530)),.SURF_OF_LINEAR_EXTRUSION.,.F.,.F.,.F.,(4,4),(2,2),
(1.02894972169658E-7,1.00000000000772),(0.,1.),.PIECEWISE_BEZIER_KNOTS.);
#21=B_SPLINE_SURFACE_WITH_KNOTS('',3,1,((#6532,#6533),(#6534,#6535),(#6536,
#6537),(#6538,#6539)),.SURF_OF_LINEAR_EXTRUSION.,.F.,.F.,.F.,(4,4),(2,2),
(6.06617970009651E-11,1.0000000071863),(0.,1.),.PIECEWISE_BEZIER_KNOTS.);
#22=B_SPLINE_SURFACE_WITH_KNOTS('',3,1,((#6541,#6542),(#6543,#6544),(#6545,
#6546),(#6547,#6548)),.SURF_OF_LINEAR_EXTRUSION.,.F.,.F.,.F.,(4,4),(2,2),
(-8.59257401287974E-13,1.000000037461),(0.,1.),.PIECEWISE_BEZIER_KNOTS.);
#23=B_SPLINE_SURFACE_WITH_KNOTS('',3,1,((#6550,#6551),(#6552,#6553),(#6554,
#6555),(#6556,#6557)),.SURF_OF_LINEAR_EXTRUSION.,.F.,.F.,.F.,(4,4),(2,2),
(-5.29208249986426E-9,1.00000000054153),(0.,1.),
 .PIECEWISE_BEZIER_KNOTS.);
#24=B_SPLINE_SURFACE_WITH_KNOTS('',3,1,((#6559,#6560),(#6561,#6562),(#6563,
#6564),(#6565,#6566)),.SURF_OF_LINEAR_EXTRUSION.,.F.,.F.,.F.,(4,4),(2,2),
(-1.12635304339357E-13,1.00000000566958),(0.,1.),
 .PIECEWISE_BEZIER_KNOTS.);
#25=B_SPLINE_SURFACE_WITH_KNOTS('',3,1,((#6570,#6571),(#6572,#6573),(#6574,
#6575),(#6576,#6577)),.SURF_OF_LINEAR_EXTRUSION.,.F.,.F.,.F.,(4,4),(2,2),
(6.90825400834324E-9,0.999999999996359),(0.,1.),
 .PIECEWISE_BEZIER_KNOTS.);
#26=B_SPLINE_SURFACE_WITH_KNOTS('',3,1,((#6579,#6580),(#6581,#6582),(#6583,
#6584),(#6585,#6586)),.SURF_OF_LINEAR_EXTRUSION.,.F.,.F.,.F.,(4,4),(2,2),
(5.47331539377552E-9,0.999999992211985),(0.,1.),
 .PIECEWISE_BEZIER_KNOTS.);
#27=B_SPLINE_SURFACE_WITH_KNOTS('',3,1,((#6588,#6589),(#6590,#6591),(#6592,
#6593),(#6594,#6595)),.SURF_OF_LINEAR_EXTRUSION.,.F.,.F.,.F.,(4,4),(2,2),
(-4.48354482160686E-13,1.00000000354398),(0.,1.),
 .PIECEWISE_BEZIER_KNOTS.);
#28=B_SPLINE_SURFACE_WITH_KNOTS('',3,1,((#6597,#6598),(#6599,#6600),(#6601,
#6602),(#6603,#6604)),.SURF_OF_LINEAR_EXTRUSION.,.F.,.F.,.F.,(4,4),(2,2),
(3.49508090502132E-8,0.999999998961469),(0.,1.),
 .PIECEWISE_BEZIER_KNOTS.);
#29=B_SPLINE_SURFACE_WITH_KNOTS('',3,1,((#6606,#6607),(#6608,#6609),(#6610,
#6611),(#6612,#6613)),.SURF_OF_LINEAR_EXTRUSION.,.F.,.F.,.F.,(4,4),(2,2),
(1.85327996483571E-9,1.00000000245848),(0.,1.),.PIECEWISE_BEZIER_KNOTS.);
#30=B_SPLINE_SURFACE_WITH_KNOTS('',3,1,((#6620,#6621),(#6622,#6623),(#6624,
#6625),(#6626,#6627)),.SURF_OF_LINEAR_EXTRUSION.,.F.,.F.,.F.,(4,4),(2,2),
(-9.5924417333404E-8,0.99999999814671),(0.,1.),.PIECEWISE_BEZIER_KNOTS.);
#31=B_SPLINE_SURFACE_WITH_KNOTS('',3,1,((#6629,#6630),(#6631,#6632),(#6633,
#6634),(#6635,#6636)),.SURF_OF_LINEAR_EXTRUSION.,.F.,.F.,.F.,(4,4),(2,2),
(1.03855816552588E-9,0.999999965049945),(0.,1.),
 .PIECEWISE_BEZIER_KNOTS.);
#32=B_SPLINE_SURFACE_WITH_KNOTS('',3,1,((#6638,#6639),(#6640,#6641),(#6642,
#6643),(#6644,#6645)),.SURF_OF_LINEAR_EXTRUSION.,.F.,.F.,.F.,(4,4),(2,2),
(-3.54395156976172E-9,1.00000000000045),(0.,1.),
 .PIECEWISE_BEZIER_KNOTS.);
#33=B_SPLINE_SURFACE_WITH_KNOTS('',3,1,((#6647,#6648),(#6649,#6650),(#6651,
#6652),(#6653,#6654)),.SURF_OF_LINEAR_EXTRUSION.,.F.,.F.,.F.,(4,4),(2,2),
(7.78818895558031E-9,0.999999994526601),(0.,1.),
 .PIECEWISE_BEZIER_KNOTS.);
#34=B_SPLINE_SURFACE_WITH_KNOTS('',3,1,((#6656,#6657),(#6658,#6659),(#6660,
#6661),(#6662,#6663)),.SURF_OF_LINEAR_EXTRUSION.,.F.,.F.,.F.,(4,4),(2,2),
(3.64210287339844E-12,0.999999993091748),(0.,1.),
 .PIECEWISE_BEZIER_KNOTS.);
#35=B_SPLINE_SURFACE_WITH_KNOTS('',3,1,((#6667,#6668),(#6669,#6670),(#6671,
#6672),(#6673,#6674)),.SURF_OF_LINEAR_EXTRUSION.,.F.,.F.,.F.,(4,4),(2,2),
(-5.66956824091601E-9,1.00000000000012),(0.,1.),
 .PIECEWISE_BEZIER_KNOTS.);
#36=B_SPLINE_SURFACE_WITH_KNOTS('',3,1,((#6676,#6677),(#6678,#6679),(#6680,
#6681),(#6682,#6683)),.SURF_OF_LINEAR_EXTRUSION.,.F.,.F.,.F.,(4,4),(2,2),
(-5.41465249986737E-10,1.00000000529217),(0.,1.),
 .PIECEWISE_BEZIER_KNOTS.);
#37=B_SPLINE_SURFACE_WITH_KNOTS('',3,1,((#6685,#6686),(#6687,#6688),(#6689,
#6690),(#6691,#6692)),.SURF_OF_LINEAR_EXTRUSION.,.F.,.F.,.F.,(4,4),(2,2),
(-3.74613531938451E-8,1.00000000000086),(0.,1.),
 .PIECEWISE_BEZIER_KNOTS.);
#38=B_SPLINE_SURFACE_WITH_KNOTS('',3,1,((#6694,#6695),(#6696,#6697),(#6698,
#6699),(#6700,#6701)),.SURF_OF_LINEAR_EXTRUSION.,.F.,.F.,.F.,(4,4),(2,2),
(-7.18623775867265E-9,0.999999999939325),(0.,1.),
 .PIECEWISE_BEZIER_KNOTS.);
#39=B_SPLINE_SURFACE_WITH_KNOTS('',3,1,((#6703,#6704),(#6705,#6706),(#6707,
#6708),(#6709,#6710)),.SURF_OF_LINEAR_EXTRUSION.,.F.,.F.,.F.,(4,4),(2,2),
(-7.73206389814365E-12,0.999999897103249),(0.,1.),
 .PIECEWISE_BEZIER_KNOTS.);
#40=B_SPLINE_SURFACE_WITH_KNOTS('',3,1,((#6712,#6713),(#6714,#6715),(#6716,
#6717),(#6718,#6719)),.SURF_OF_LINEAR_EXTRUSION.,.F.,.F.,.F.,(4,4),(2,2),
(2.49343872891007E-8,0.999999910883618),(0.,1.),
 .PIECEWISE_BEZIER_KNOTS.);
#41=B_SPLINE_SURFACE_WITH_KNOTS('',3,1,((#6721,#6722),(#6723,#6724),(#6725,
#6726),(#6727,#6728)),.SURF_OF_LINEAR_EXTRUSION.,.F.,.F.,.F.,(4,4),(2,2),
(-5.93897215959979E-8,1.00000000006675),(0.,1.),
 .PIECEWISE_BEZIER_KNOTS.);
#42=B_SPLINE_SURFACE_WITH_KNOTS('',3,1,((#6730,#6731),(#6732,#6733),(#6734,
#6735),(#6736,#6737)),.SURF_OF_LINEAR_EXTRUSION.,.F.,.F.,.F.,(4,4),(2,2),
(-7.71047826515846E-8,0.999999999924715),(0.,1.),
 .PIECEWISE_BEZIER_KNOTS.);
#43=B_SPLINE_SURFACE_WITH_KNOTS('',3,1,((#6739,#6740),(#6741,#6742),(#6743,
#6744),(#6745,#6746)),.SURF_OF_LINEAR_EXTRUSION.,.F.,.F.,.F.,(4,4),(2,2),
(4.90763768921145E-11,1.00000015807457),(0.,1.),
 .PIECEWISE_BEZIER_KNOTS.);
#44=B_SPLINE_SURFACE_WITH_KNOTS('',3,1,((#6748,#6749),(#6750,#6751),(#6752,
#6753),(#6754,#6755)),.SURF_OF_LINEAR_EXTRUSION.,.F.,.F.,.F.,(4,4),(2,2),
(-7.50438345204947E-10,1.00000009861236),(0.,1.),
 .PIECEWISE_BEZIER_KNOTS.);
#45=B_SPLINE_SURFACE_WITH_KNOTS('',3,1,((#6757,#6758),(#6759,#6760),(#6761,
#6762),(#6763,#6764)),.SURF_OF_LINEAR_EXTRUSION.,.F.,.F.,.F.,(4,4),(2,2),
(3.6557918414021E-8,0.999999999998485),(0.,1.),.PIECEWISE_BEZIER_KNOTS.);
#46=B_SPLINE_SURFACE_WITH_KNOTS('',3,1,((#6766,#6767),(#6768,#6769),(#6770,
#6771),(#6772,#6773)),.SURF_OF_LINEAR_EXTRUSION.,.F.,.F.,.F.,(4,4),(2,2),
(-9.03601888509064E-8,1.00000001785292),(0.,1.),
 .PIECEWISE_BEZIER_KNOTS.);
#47=B_SPLINE_SURFACE_WITH_KNOTS('',3,1,((#6775,#6776),(#6777,#6778),(#6779,
#6780),(#6781,#6782)),.SURF_OF_LINEAR_EXTRUSION.,.F.,.F.,.F.,(4,4),(2,2),
(9.40152192385987E-11,0.999999999803064),(0.,1.),
 .PIECEWISE_BEZIER_KNOTS.);
#48=B_SPLINE_SURFACE_WITH_KNOTS('',3,1,((#6784,#6785),(#6786,#6787),(#6788,
#6789),(#6790,#6791)),.SURF_OF_LINEAR_EXTRUSION.,.F.,.F.,.F.,(4,4),(2,2),
(-3.32945117803006E-8,0.999999897700509),(0.,1.),
 .PIECEWISE_BEZIER_KNOTS.);
#49=B_SPLINE_SURFACE_WITH_KNOTS('',3,1,((#6795,#6796),(#6797,#6798),(#6799,
#6800),(#6801,#6802)),.SURF_OF_LINEAR_EXTRUSION.,.F.,.F.,.F.,(4,4),(2,2),
(3.33736324979652E-12,0.999999998009029),(0.,1.),
 .PIECEWISE_BEZIER_KNOTS.);
#50=B_SPLINE_SURFACE_WITH_KNOTS('',3,1,((#6804,#6805),(#6806,#6807),(#6808,
#6809),(#6810,#6811)),.SURF_OF_LINEAR_EXTRUSION.,.F.,.F.,.F.,(4,4),(2,2),
(2.051785999273E-9,0.999999999996634),(0.,1.),.PIECEWISE_BEZIER_KNOTS.);
#51=B_SPLINE_SURFACE_WITH_KNOTS('',3,1,((#6815,#6816),(#6817,#6818),(#6819,
#6820),(#6821,#6822)),.SURF_OF_LINEAR_EXTRUSION.,.F.,.F.,.F.,(4,4),(2,2),
(1.02303251123103E-7,1.00000003329414),(0.,1.),.PIECEWISE_BEZIER_KNOTS.);
#52=B_SPLINE_SURFACE_WITH_KNOTS('',3,1,((#6824,#6825),(#6826,#6827),(#6828,
#6829),(#6830,#6831)),.SURF_OF_LINEAR_EXTRUSION.,.F.,.F.,.F.,(4,4),(2,2),
(1.96950280301588E-10,0.999999999905995),(0.,1.),
 .PIECEWISE_BEZIER_KNOTS.);
#53=B_SPLINE_SURFACE_WITH_KNOTS('',3,1,((#6832,#6833),(#6834,#6835),(#6836,
#6837),(#6838,#6839),(#6840,#6841),(#6842,#6843),(#6844,#6845),(#6846,#6847),
(#6848,#6849),(#6850,#6851),(#6852,#6853),(#6854,#6855),(#6856,#6857),(#6858,
#6859),(#6860,#6861),(#6862,#6863),(#6864,#6865),(#6866,#6867),(#6868,#6869)),
 .SURF_OF_LINEAR_EXTRUSION.,.T.,.F.,.F.,(1,1,1,1,1,1,1,1,1,1,1,1,1,1,1,
1,1,1,1,1,1,1,1),(2,2),(-4.31968989868596,-3.92699081698724,-3.53429173528851,
-3.14159265358979,-2.74889357189107,-2.35619449019234,-1.96349540849362,
-1.5707963267949,-1.17809724509617,-0.785398163397448,-0.392699081698724,
0.,0.392699081698724,0.785398163397448,1.17809724509617,1.5707963267949,
1.96349540849362,2.35619449019234,2.74889357189107,3.14159265358979,3.53429173528851,
3.92699081698724,4.31968989868596),(0.,1.),.UNSPECIFIED.);
#54=B_SPLINE_SURFACE_WITH_KNOTS('',3,1,((#6870,#6871),(#6872,#6873),(#6874,
#6875),(#6876,#6877)),.SURF_OF_LINEAR_EXTRUSION.,.F.,.F.,.F.,(4,4),(2,2),
(-0.999999999996082,3.93095355134732E-11),(0.,1.),
 .PIECEWISE_BEZIER_KNOTS.);
#55=B_SPLINE_SURFACE_WITH_KNOTS('',3,1,((#6880,#6881),(#6882,#6883),(#6884,
#6885),(#6886,#6887)),.SURF_OF_LINEAR_EXTRUSION.,.F.,.F.,.F.,(4,4),(2,2),
(-1.0000000001367,-1.20539471041666E-11),(0.,1.),
 .PIECEWISE_BEZIER_KNOTS.);
#56=B_SPLINE_SURFACE_WITH_KNOTS('',3,1,((#6889,#6890),(#6891,#6892),(#6893,
#6894),(#6895,#6896)),.SURF_OF_LINEAR_EXTRUSION.,.F.,.F.,.F.,(4,4),(2,2),
(-0.999999963164694,8.83426962629448E-8),(0.,1.),
 .PIECEWISE_BEZIER_KNOTS.);
#57=B_SPLINE_SURFACE_WITH_KNOTS('',3,1,((#6898,#6899),(#6900,#6901),(#6902,
#6903),(#6904,#6905)),.SURF_OF_LINEAR_EXTRUSION.,.F.,.F.,.F.,(4,4),(2,2),
(-0.99999999846454,-8.15850567543161E-10),(0.,1.),
 .PIECEWISE_BEZIER_KNOTS.);
#58=B_SPLINE_SURFACE_WITH_KNOTS('',3,1,((#6907,#6908),(#6909,#6910),(#6911,
#6912),(#6913,#6914)),.SURF_OF_LINEAR_EXTRUSION.,.F.,.F.,.F.,(4,4),(2,2),
(-1.0000000113506,-1.64006638665858E-15),(0.,1.),
 .PIECEWISE_BEZIER_KNOTS.);
#59=B_SPLINE_SURFACE_WITH_KNOTS('',3,1,((#6924,#6925),(#6926,#6927),(#6928,
#6929),(#6930,#6931)),.SURF_OF_LINEAR_EXTRUSION.,.F.,.F.,.F.,(4,4),(2,2),
(-0.999316879864111,1.87996107635974E-8),(0.,1.),
 .PIECEWISE_BEZIER_KNOTS.);
#60=B_SPLINE_SURFACE_WITH_KNOTS('',3,1,((#6933,#6934),(#6935,#6936),(#6937,
#6938),(#6939,#6940)),.SURF_OF_LINEAR_EXTRUSION.,.F.,.F.,.F.,(4,4),(2,2),
(-0.999999973130953,-7.31298602062717E-9),(0.,1.),
 .PIECEWISE_BEZIER_KNOTS.);
#61=B_SPLINE_SURFACE_WITH_KNOTS('',3,1,((#6942,#6943),(#6944,#6945),(#6946,
#6947),(#6948,#6949)),.SURF_OF_LINEAR_EXTRUSION.,.F.,.F.,.F.,(4,4),(2,2),
(-1.00000000794063,-1.57660664275446E-7),(0.,1.),
 .PIECEWISE_BEZIER_KNOTS.);
#62=B_SPLINE_SURFACE_WITH_KNOTS('',3,1,((#6951,#6952),(#6953,#6954),(#6955,
#6956),(#6957,#6958)),.SURF_OF_LINEAR_EXTRUSION.,.F.,.F.,.F.,(4,4),(2,2),
(-1.0000000309797,-1.68377778447313E-7),(0.,1.),
 .PIECEWISE_BEZIER_KNOTS.);
#63=B_SPLINE_SURFACE_WITH_KNOTS('',3,1,((#6960,#6961),(#6962,#6963),(#6964,
#6965),(#6966,#6967)),.SURF_OF_LINEAR_EXTRUSION.,.F.,.F.,.F.,(4,4),(2,2),
(-1.00000000066399,1.35280634470435E-15),(0.,1.),
 .PIECEWISE_BEZIER_KNOTS.);
#64=B_SPLINE_SURFACE_WITH_KNOTS('',3,1,((#6977,#6978),(#6979,#6980),(#6981,
#6982),(#6983,#6984)),.SURF_OF_LINEAR_EXTRUSION.,.F.,.F.,.F.,(4,4),(2,2),
(-0.999554825532896,2.48804398053246E-7),(0.,1.),
 .PIECEWISE_BEZIER_KNOTS.);
#65=B_SPLINE_SURFACE_WITH_KNOTS('',3,1,((#6986,#6987),(#6988,#6989),(#6990,
#6991),(#6992,#6993)),.SURF_OF_LINEAR_EXTRUSION.,.F.,.F.,.F.,(4,4),(2,2),
(-0.999999999982869,2.07114529021148E-8),(0.,1.),
 .PIECEWISE_BEZIER_KNOTS.);
#66=B_SPLINE_SURFACE_WITH_KNOTS('',3,1,((#6997,#6998),(#6999,#7000),(#7001,
#7002),(#7003,#7004)),.SURF_OF_LINEAR_EXTRUSION.,.F.,.F.,.F.,(4,4),(2,2),
(-0.999999858797375,9.12440164707763E-11),(0.,1.),
 .PIECEWISE_BEZIER_KNOTS.);
#67=B_SPLINE_SURFACE_WITH_KNOTS('',3,1,((#7006,#7007),(#7008,#7009),(#7010,
#7011),(#7012,#7013)),.SURF_OF_LINEAR_EXTRUSION.,.F.,.F.,.F.,(4,4),(2,2),
(-0.99999999752138,-2.03326790558408E-8),(0.,1.),
 .PIECEWISE_BEZIER_KNOTS.);
#68=B_SPLINE_SURFACE_WITH_KNOTS('',3,1,((#7015,#7016),(#7017,#7018),(#7019,
#7020),(#7021,#7022)),.SURF_OF_LINEAR_EXTRUSION.,.F.,.F.,.F.,(4,4),(2,2),
(-1.00000002506215,4.08009658653302E-8),(0.,1.),
 .PIECEWISE_BEZIER_KNOTS.);
#69=B_SPLINE_SURFACE_WITH_KNOTS('',3,1,((#7024,#7025),(#7026,#7027),(#7028,
#7029),(#7030,#7031)),.SURF_OF_LINEAR_EXTRUSION.,.F.,.F.,.F.,(4,4),(2,2),
(-1.00000003878501,8.13151262167858E-8),(0.,1.),
 .PIECEWISE_BEZIER_KNOTS.);
#70=B_SPLINE_SURFACE_WITH_KNOTS('',3,1,((#7033,#7034),(#7035,#7036),(#7037,
#7038),(#7039,#7040)),.SURF_OF_LINEAR_EXTRUSION.,.F.,.F.,.F.,(4,4),(2,2),
(-0.99999994450409,-3.20828736556536E-10),(0.,1.),
 .PIECEWISE_BEZIER_KNOTS.);
#71=B_SPLINE_SURFACE_WITH_KNOTS('',3,1,((#7042,#7043),(#7044,#7045),(#7046,
#7047),(#7048,#7049)),.SURF_OF_LINEAR_EXTRUSION.,.F.,.F.,.F.,(4,4),(2,2),
(-1.00000000145602,-2.13726922446332E-8),(0.,1.),
 .PIECEWISE_BEZIER_KNOTS.);
#72=B_SPLINE_SURFACE_WITH_KNOTS('',3,1,((#7051,#7052),(#7053,#7054),(#7055,
#7056),(#7057,#7058)),.SURF_OF_LINEAR_EXTRUSION.,.F.,.F.,.F.,(4,4),(2,2),
(-1.00000018870247,-4.61622137400206E-15),(0.,1.),
 .PIECEWISE_BEZIER_KNOTS.);
#73=B_SPLINE_SURFACE_WITH_KNOTS('',3,1,((#7068,#7069),(#7070,#7071),(#7072,
#7073),(#7074,#7075)),.SURF_OF_LINEAR_EXTRUSION.,.F.,.F.,.F.,(4,4),(2,2),
(-1.00259714836451,5.322197183248E-8),(0.,1.),.PIECEWISE_BEZIER_KNOTS.);
#74=B_SPLINE_SURFACE_WITH_KNOTS('',3,1,((#7077,#7078),(#7079,#7080),(#7081,
#7082),(#7083,#7084)),.SURF_OF_LINEAR_EXTRUSION.,.F.,.F.,.F.,(4,4),(2,2),
(-0.999999928822034,-2.49113045046175E-7),(0.,1.),
 .PIECEWISE_BEZIER_KNOTS.);
#75=B_SPLINE_SURFACE_WITH_KNOTS('',3,1,((#7086,#7087),(#7088,#7089),(#7090,
#7091),(#7092,#7093)),.SURF_OF_LINEAR_EXTRUSION.,.F.,.F.,.F.,(4,4),(2,2),
(-0.9999999246158,-8.58806810705096E-8),(0.,1.),
 .PIECEWISE_BEZIER_KNOTS.);
#76=B_SPLINE_SURFACE_WITH_KNOTS('',3,1,((#7095,#7096),(#7097,#7098),(#7099,
#7100),(#7101,#7102)),.SURF_OF_LINEAR_EXTRUSION.,.F.,.F.,.F.,(4,4),(2,2),
(-1.00000000780558,-3.79912427873591E-8),(0.,1.),
 .PIECEWISE_BEZIER_KNOTS.);
#77=B_SPLINE_SURFACE_WITH_KNOTS('',3,1,((#7104,#7105),(#7106,#7107),(#7108,
#7109),(#7110,#7111)),.SURF_OF_LINEAR_EXTRUSION.,.F.,.F.,.F.,(4,4),(2,2),
(-0.999999960859304,-9.49254524188266E-8),(0.,1.),
 .PIECEWISE_BEZIER_KNOTS.);
#78=B_SPLINE_SURFACE_WITH_KNOTS('',3,1,((#7113,#7114),(#7115,#7116),(#7117,
#7118),(#7119,#7120)),.SURF_OF_LINEAR_EXTRUSION.,.F.,.F.,.F.,(4,4),(2,2),
(-1.00000008318141,3.68016774530672E-8),(0.,1.),
 .PIECEWISE_BEZIER_KNOTS.);
#79=B_SPLINE_SURFACE_WITH_KNOTS('',3,1,((#7122,#7123),(#7124,#7125),(#7126,
#7127),(#7128,#7129)),.SURF_OF_LINEAR_EXTRUSION.,.F.,.F.,.F.,(4,4),(2,2),
(-0.999999957416909,-9.06160170703152E-11),(0.,1.),
 .PIECEWISE_BEZIER_KNOTS.);
#80=B_SPLINE_SURFACE_WITH_KNOTS('',3,1,((#7131,#7132),(#7133,#7134),(#7135,
#7136),(#7137,#7138)),.SURF_OF_LINEAR_EXTRUSION.,.F.,.F.,.F.,(4,4),(2,2),
(-1.00000002109833,3.70347788927477E-10),(0.,1.),
 .PIECEWISE_BEZIER_KNOTS.);
#81=B_SPLINE_SURFACE_WITH_KNOTS('',3,1,((#7140,#7141),(#7142,#7143),(#7144,
#7145),(#7146,#7147)),.SURF_OF_LINEAR_EXTRUSION.,.F.,.F.,.F.,(4,4),(2,2),
(-1.00000000809088,5.22381263763153E-9),(0.,1.),
 .PIECEWISE_BEZIER_KNOTS.);
#82=B_SPLINE_SURFACE_WITH_KNOTS('',3,1,((#7148,#7149),(#7150,#7151),(#7152,
#7153),(#7154,#7155)),.SURF_OF_LINEAR_EXTRUSION.,.F.,.F.,.F.,(4,4),(2,2),
(1.20557895219526E-11,1.00000000013668),(0.,1.),
 .PIECEWISE_BEZIER_KNOTS.);
#83=B_SPLINE_SURFACE_WITH_KNOTS('',3,1,((#7158,#7159),(#7160,#7161),(#7162,
#7163),(#7164,#7165)),.SURF_OF_LINEAR_EXTRUSION.,.F.,.F.,.F.,(4,4),(2,2),
(-3.93146087048672E-11,0.999999999996081),(0.,1.),
 .PIECEWISE_BEZIER_KNOTS.);
#84=B_SPLINE_SURFACE_WITH_KNOTS('',3,1,((#7167,#7168),(#7169,#7170),(#7171,
#7172),(#7173,#7174)),.SURF_OF_LINEAR_EXTRUSION.,.F.,.F.,.F.,(4,4),(2,2),
(-5.22379913337381E-9,1.0000000080909),(0.,1.),.PIECEWISE_BEZIER_KNOTS.);
#85=B_SPLINE_SURFACE_WITH_KNOTS('',3,1,((#7176,#7177),(#7178,#7179),(#7180,
#7181),(#7182,#7183)),.SURF_OF_LINEAR_EXTRUSION.,.F.,.F.,.F.,(4,4),(2,2),
(-3.70348881208226E-10,1.00000002109828),(0.,1.),
 .PIECEWISE_BEZIER_KNOTS.);
#86=B_SPLINE_SURFACE_WITH_KNOTS('',3,1,((#7185,#7186),(#7187,#7188),(#7189,
#7190),(#7191,#7192)),.SURF_OF_LINEAR_EXTRUSION.,.F.,.F.,.F.,(4,4),(2,2),
(9.06387712890718E-11,0.999999957417524),(0.,1.),
 .PIECEWISE_BEZIER_KNOTS.);
#87=B_SPLINE_SURFACE_WITH_KNOTS('',3,1,((#7194,#7195),(#7196,#7197),(#7198,
#7199),(#7200,#7201)),.SURF_OF_LINEAR_EXTRUSION.,.F.,.F.,.F.,(4,4),(2,2),
(-8.31807712941764E-8,1.00000003680044),(0.,1.),
 .PIECEWISE_BEZIER_KNOTS.);
#88=B_SPLINE_SURFACE_WITH_KNOTS('',3,1,((#7203,#7204),(#7205,#7206),(#7207,
#7208),(#7209,#7210)),.SURF_OF_LINEAR_EXTRUSION.,.F.,.F.,.F.,(4,4),(2,2),
(9.49244861637542E-8,0.999999960859997),(0.,1.),
 .PIECEWISE_BEZIER_KNOTS.);
#89=B_SPLINE_SURFACE_WITH_KNOTS('',3,1,((#7212,#7213),(#7214,#7215),(#7216,
#7217),(#7218,#7219)),.SURF_OF_LINEAR_EXTRUSION.,.F.,.F.,.F.,(4,4),(2,2),
(3.79911747207343E-8,1.00000000780519),(0.,1.),.PIECEWISE_BEZIER_KNOTS.);
#90=B_SPLINE_SURFACE_WITH_KNOTS('',3,1,((#7221,#7222),(#7223,#7224),(#7225,
#7226),(#7227,#7228)),.SURF_OF_LINEAR_EXTRUSION.,.F.,.F.,.F.,(4,4),(2,2),
(8.58783864773442E-8,0.999999924614695),(0.,1.),
 .PIECEWISE_BEZIER_KNOTS.);
#91=B_SPLINE_SURFACE_WITH_KNOTS('',3,1,((#7230,#7231),(#7232,#7233),(#7234,
#7235),(#7236,#7237)),.SURF_OF_LINEAR_EXTRUSION.,.F.,.F.,.F.,(4,4),(2,2),
(2.49124607948945E-7,0.999999928805057),(0.,1.),
 .PIECEWISE_BEZIER_KNOTS.);
#92=B_SPLINE_SURFACE_WITH_KNOTS('',3,1,((#7239,#7240),(#7241,#7242),(#7243,
#7244),(#7245,#7246)),.SURF_OF_LINEAR_EXTRUSION.,.F.,.F.,.F.,(4,4),(2,2),
(-5.32164799195829E-8,1.),(0.,1.),.PIECEWISE_BEZIER_KNOTS.);
#93=B_SPLINE_SURFACE_WITH_KNOTS('',3,1,((#7256,#7257),(#7258,#7259),(#7260,
#7261),(#7262,#7263)),.SURF_OF_LINEAR_EXTRUSION.,.F.,.F.,.F.,(4,4),(2,2),
(-0.000552742261035268,1.00000018870253),(0.,1.),
 .PIECEWISE_BEZIER_KNOTS.);
#94=B_SPLINE_SURFACE_WITH_KNOTS('',3,1,((#7265,#7266),(#7267,#7268),(#7269,
#7270),(#7271,#7272)),.SURF_OF_LINEAR_EXTRUSION.,.F.,.F.,.F.,(4,4),(2,2),
(2.13723525814212E-8,1.00000000145581),(0.,1.),.PIECEWISE_BEZIER_KNOTS.);
#95=B_SPLINE_SURFACE_WITH_KNOTS('',3,1,((#7274,#7275),(#7276,#7277),(#7278,
#7279),(#7280,#7281)),.SURF_OF_LINEAR_EXTRUSION.,.F.,.F.,.F.,(4,4),(2,2),
(3.20862881145819E-10,0.999999944504451),(0.,1.),
 .PIECEWISE_BEZIER_KNOTS.);
#96=B_SPLINE_SURFACE_WITH_KNOTS('',3,1,((#7283,#7284),(#7285,#7286),(#7287,
#7288),(#7289,#7290)),.SURF_OF_LINEAR_EXTRUSION.,.F.,.F.,.F.,(4,4),(2,2),
(-3.87851591952983E-8,1.00000008131213),(0.,1.),
 .PIECEWISE_BEZIER_KNOTS.);
#97=B_SPLINE_SURFACE_WITH_KNOTS('',3,1,((#7292,#7293),(#7294,#7295),(#7296,
#7297),(#7298,#7299)),.SURF_OF_LINEAR_EXTRUSION.,.F.,.F.,.F.,(4,4),(2,2),
(-4.07999949506957E-8,1.00000002506245),(0.,1.),
 .PIECEWISE_BEZIER_KNOTS.);
#98=B_SPLINE_SURFACE_WITH_KNOTS('',3,1,((#7301,#7302),(#7303,#7304),(#7305,
#7306),(#7307,#7308)),.SURF_OF_LINEAR_EXTRUSION.,.F.,.F.,.F.,(4,4),(2,2),
(2.03323452881618E-8,0.999999997521645),(0.,1.),
 .PIECEWISE_BEZIER_KNOTS.);
#99=B_SPLINE_SURFACE_WITH_KNOTS('',3,1,((#7310,#7311),(#7312,#7313),(#7314,
#7315),(#7316,#7317)),.SURF_OF_LINEAR_EXTRUSION.,.F.,.F.,.F.,(4,4),(2,2),
(-9.11464858226001E-11,0.999999858796311),(0.,1.),
 .PIECEWISE_BEZIER_KNOTS.);
#100=B_SPLINE_SURFACE_WITH_KNOTS('',3,1,((#7321,#7322),(#7323,#7324),(#7325,
#7326),(#7327,#7328)),.SURF_OF_LINEAR_EXTRUSION.,.F.,.F.,.F.,(4,4),(2,2),
(-2.07114148067385E-8,0.999999999982857),(0.,1.),
 .PIECEWISE_BEZIER_KNOTS.);
#101=B_SPLINE_SURFACE_WITH_KNOTS('',3,1,((#7330,#7331),(#7332,#7333),(#7334,
#7335),(#7336,#7337)),.SURF_OF_LINEAR_EXTRUSION.,.F.,.F.,.F.,(4,4),(2,2),
(-2.48803292059754E-7,1.),(0.,1.),.PIECEWISE_BEZIER_KNOTS.);
#102=B_SPLINE_SURFACE_WITH_KNOTS('',3,1,((#7347,#7348),(#7349,#7350),(#7351,
#7352),(#7353,#7354)),.SURF_OF_LINEAR_EXTRUSION.,.F.,.F.,.F.,(4,4),(2,2),
(0.000753560990327036,1.00000000066408),(0.,1.),
 .PIECEWISE_BEZIER_KNOTS.);
#103=B_SPLINE_SURFACE_WITH_KNOTS('',3,1,((#7356,#7357),(#7358,#7359),(#7360,
#7361),(#7362,#7363)),.SURF_OF_LINEAR_EXTRUSION.,.F.,.F.,.F.,(4,4),(2,2),
(1.68379434804339E-7,1.00000003097976),(0.,1.),.PIECEWISE_BEZIER_KNOTS.);
#104=B_SPLINE_SURFACE_WITH_KNOTS('',3,1,((#7365,#7366),(#7367,#7368),(#7369,
#7370),(#7371,#7372)),.SURF_OF_LINEAR_EXTRUSION.,.F.,.F.,.F.,(4,4),(2,2),
(1.57660648415377E-7,1.00000000794067),(0.,1.),.PIECEWISE_BEZIER_KNOTS.);
#105=B_SPLINE_SURFACE_WITH_KNOTS('',3,1,((#7374,#7375),(#7376,#7377),(#7378,
#7379),(#7380,#7381)),.SURF_OF_LINEAR_EXTRUSION.,.F.,.F.,.F.,(4,4),(2,2),
(7.31421405156061E-9,0.999999973130463),(0.,1.),
 .PIECEWISE_BEZIER_KNOTS.);
#106=B_SPLINE_SURFACE_WITH_KNOTS('',3,1,((#7383,#7384),(#7385,#7386),(#7387,
#7388),(#7389,#7390)),.SURF_OF_LINEAR_EXTRUSION.,.F.,.F.,.F.,(4,4),(2,2),
(-1.88005969973057E-8,1.),(0.,1.),.PIECEWISE_BEZIER_KNOTS.);
#107=B_SPLINE_SURFACE_WITH_KNOTS('',3,1,((#7400,#7401),(#7402,#7403),(#7404,
#7405),(#7406,#7407)),.SURF_OF_LINEAR_EXTRUSION.,.F.,.F.,.F.,(4,4),(2,2),
(0.00148852774032553,1.0000000113507),(0.,1.),.PIECEWISE_BEZIER_KNOTS.);
#108=B_SPLINE_SURFACE_WITH_KNOTS('',3,1,((#7409,#7410),(#7411,#7412),(#7413,
#7414),(#7415,#7416)),.SURF_OF_LINEAR_EXTRUSION.,.F.,.F.,.F.,(4,4),(2,2),
(8.15993688355671E-10,0.999999998464562),(0.,1.),
 .PIECEWISE_BEZIER_KNOTS.);
#109=B_SPLINE_SURFACE_WITH_KNOTS('',3,1,((#7418,#7419),(#7420,#7421),(#7422,
#7423),(#7424,#7425)),.SURF_OF_LINEAR_EXTRUSION.,.F.,.F.,.F.,(4,4),(2,2),
(-8.8335855501196E-8,0.99999996316411),(0.,1.),.PIECEWISE_BEZIER_KNOTS.);
#110=B_SPLINE_SURFACE_WITH_KNOTS('',3,1,((#7426,#7427),(#7428,#7429),(#7430,
#7431),(#7432,#7433)),.SURF_OF_LINEAR_EXTRUSION.,.F.,.F.,.F.,(4,4),(2,2),
(-1.0000000035686,-4.60614087847774E-8),(0.,1.),
 .PIECEWISE_BEZIER_KNOTS.);
#111=B_SPLINE_SURFACE_WITH_KNOTS('',3,1,((#7436,#7437),(#7438,#7439),(#7440,
#7441),(#7442,#7443)),.SURF_OF_LINEAR_EXTRUSION.,.F.,.F.,.F.,(4,4),(2,2),
(-0.999999990613639,-2.77667600640311E-8),(0.,1.),
 .PIECEWISE_BEZIER_KNOTS.);
#112=B_SPLINE_SURFACE_WITH_KNOTS('',3,1,((#7445,#7446),(#7447,#7448),(#7449,
#7450),(#7451,#7452)),.SURF_OF_LINEAR_EXTRUSION.,.F.,.F.,.F.,(4,4),(2,2),
(-1.00000000192359,-1.40915981696601E-9),(0.,1.),
 .PIECEWISE_BEZIER_KNOTS.);
#113=B_SPLINE_SURFACE_WITH_KNOTS('',3,1,((#7454,#7455),(#7456,#7457),(#7458,
#7459),(#7460,#7461)),.SURF_OF_LINEAR_EXTRUSION.,.F.,.F.,.F.,(4,4),(2,2),
(-1.00000003630061,2.23684278820246E-8),(0.,1.),
 .PIECEWISE_BEZIER_KNOTS.);
#114=B_SPLINE_SURFACE_WITH_KNOTS('',3,1,((#7462,#7463),(#7464,#7465),(#7466,
#7467),(#7468,#7469)),.SURF_OF_LINEAR_EXTRUSION.,.F.,.F.,.F.,(4,4),(2,2),
(-1.00000004691777,-5.27338703742181E-10),(0.,1.),
 .PIECEWISE_BEZIER_KNOTS.);
#115=B_SPLINE_SURFACE_WITH_KNOTS('',3,1,((#7472,#7473),(#7474,#7475),(#7476,
#7477),(#7478,#7479)),.SURF_OF_LINEAR_EXTRUSION.,.F.,.F.,.F.,(4,4),(2,2),
(-0.999999983134406,4.62876376899937E-8),(0.,1.),
 .PIECEWISE_BEZIER_KNOTS.);
#116=B_SPLINE_SURFACE_WITH_KNOTS('',3,1,((#7481,#7482),(#7483,#7484),(#7485,
#7486),(#7487,#7488)),.SURF_OF_LINEAR_EXTRUSION.,.F.,.F.,.F.,(4,4),(2,2),
(-1.00000003364894,1.38691004817965E-8),(0.,1.),
 .PIECEWISE_BEZIER_KNOTS.);
#117=B_SPLINE_SURFACE_WITH_KNOTS('',3,1,((#7490,#7491),(#7492,#7493),(#7494,
#7495),(#7496,#7497)),.SURF_OF_LINEAR_EXTRUSION.,.F.,.F.,.F.,(4,4),(2,2),
(-1.00000000000515,3.53487548830436E-9),(0.,1.),
 .PIECEWISE_BEZIER_KNOTS.);
#118=B_SPLINE_SURFACE_WITH_KNOTS('',3,1,((#7498,#7499),(#7500,#7501),(#7502,
#7503),(#7504,#7505)),.SURF_OF_LINEAR_EXTRUSION.,.F.,.F.,.F.,(4,4),(2,2),
(7.50235135399125E-11,1.00000002655936),(0.,1.),
 .PIECEWISE_BEZIER_KNOTS.);
#119=B_SPLINE_SURFACE_WITH_KNOTS('',3,1,((#7508,#7509),(#7510,#7511),(#7512,
#7513),(#7514,#7515)),.SURF_OF_LINEAR_EXTRUSION.,.F.,.F.,.F.,(4,4),(2,2),
(-1.73070441727214E-8,0.99999998272197),(0.,1.),
 .PIECEWISE_BEZIER_KNOTS.);
#120=B_SPLINE_SURFACE_WITH_KNOTS('',3,1,((#7517,#7518),(#7519,#7520),(#7521,
#7522),(#7523,#7524)),.SURF_OF_LINEAR_EXTRUSION.,.F.,.F.,.F.,(4,4),(2,2),
(1.2604363697571E-8,0.999999998072996),(0.,1.),.PIECEWISE_BEZIER_KNOTS.);
#121=B_SPLINE_SURFACE_WITH_KNOTS('',3,1,((#7526,#7527),(#7528,#7529),(#7530,
#7531),(#7532,#7533)),.SURF_OF_LINEAR_EXTRUSION.,.F.,.F.,.F.,(4,4),(2,2),
(-1.2126001740201E-8,1.0000000136703),(0.,1.),.PIECEWISE_BEZIER_KNOTS.);
#122=B_SPLINE_SURFACE_WITH_KNOTS('',3,1,((#7534,#7535),(#7536,#7537),(#7538,
#7539),(#7540,#7541),(#7542,#7543),(#7544,#7545),(#7546,#7547),(#7548,#7549),
(#7550,#7551),(#7552,#7553),(#7554,#7555),(#7556,#7557),(#7558,#7559),(#7560,
#7561),(#7562,#7563),(#7564,#7565),(#7566,#7567),(#7568,#7569),(#7570,#7571)),
 .SURF_OF_LINEAR_EXTRUSION.,.T.,.F.,.F.,(1,1,1,1,1,1,1,1,1,1,1,1,1,1,1,
1,1,1,1,1,1,1,1),(2,2),(-4.31968989868596,-3.92699081698724,-3.53429173528851,
-3.14159265358979,-2.74889357189107,-2.35619449019234,-1.96349540849362,
-1.5707963267949,-1.17809724509617,-0.785398163397448,-0.392699081698724,
0.,0.392699081698724,0.785398163397448,1.17809724509617,1.5707963267949,
1.96349540849362,2.35619449019234,2.74889357189107,3.14159265358979,3.53429173528851,
3.92699081698724,4.31968989868596),(0.,1.),.UNSPECIFIED.);
#123=B_SPLINE_SURFACE_WITH_KNOTS('',3,1,((#7572,#7573),(#7574,#7575),(#7576,
#7577),(#7578,#7579),(#7580,#7581),(#7582,#7583),(#7584,#7585),(#7586,#7587),
(#7588,#7589),(#7590,#7591),(#7592,#7593),(#7594,#7595),(#7596,#7597),(#7598,
#7599),(#7600,#7601),(#7602,#7603),(#7604,#7605),(#7606,#7607),(#7608,#7609)),
 .SURF_OF_LINEAR_EXTRUSION.,.T.,.F.,.F.,(1,1,1,1,1,1,1,1,1,1,1,1,1,1,1,
1,1,1,1,1,1,1,1),(2,2),(-4.31968989868596,-3.92699081698724,-3.53429173528851,
-3.14159265358979,-2.74889357189107,-2.35619449019234,-1.96349540849362,
-1.5707963267949,-1.17809724509617,-0.785398163397448,-0.392699081698724,
0.,0.392699081698724,0.785398163397448,1.17809724509617,1.5707963267949,
1.96349540849362,2.35619449019234,2.74889357189107,3.14159265358979,3.53429173528851,
3.92699081698724,4.31968989868596),(0.,1.),.UNSPECIFIED.);
#124=B_SPLINE_SURFACE_WITH_KNOTS('',3,1,((#7610,#7611),(#7612,#7613),(#7614,
#7615),(#7616,#7617)),.SURF_OF_LINEAR_EXTRUSION.,.F.,.F.,.F.,(4,4),(2,2),
(3.45898113070503E-10,0.999999998568322),(0.,1.),
 .PIECEWISE_BEZIER_KNOTS.);
#125=B_SPLINE_SURFACE_WITH_KNOTS('',3,1,((#7620,#7621),(#7622,#7623),(#7624,
#7625),(#7626,#7627)),.SURF_OF_LINEAR_EXTRUSION.,.F.,.F.,.F.,(4,4),(2,2),
(3.20555562892298E-12,0.999999995594108),(0.,1.),
 .PIECEWISE_BEZIER_KNOTS.);
#126=B_SPLINE_SURFACE_WITH_KNOTS('',3,1,((#7628,#7629),(#7630,#7631),(#7632,
#7633),(#7634,#7635)),.SURF_OF_LINEAR_EXTRUSION.,.F.,.F.,.F.,(4,4),(2,2),
(-0.999999995594102,-3.20788859991114E-12),(0.,1.),
 .PIECEWISE_BEZIER_KNOTS.);
#127=B_SPLINE_SURFACE_WITH_KNOTS('',3,1,((#7638,#7639),(#7640,#7641),(#7642,
#7643),(#7644,#7645)),.SURF_OF_LINEAR_EXTRUSION.,.F.,.F.,.F.,(4,4),(2,2),
(-0.999999998568311,-3.45879021037234E-10),(0.,1.),
 .PIECEWISE_BEZIER_KNOTS.);
#128=B_SPLINE_SURFACE_WITH_KNOTS('',3,1,((#7646,#7647),(#7648,#7649),(#7650,
#7651),(#7652,#7653)),.SURF_OF_LINEAR_EXTRUSION.,.F.,.F.,.F.,(4,4),(2,2),
(2.77492993005425E-12,0.999999999998122),(0.,1.),
 .PIECEWISE_BEZIER_KNOTS.);
#129=B_SPLINE_SURFACE_WITH_KNOTS('',3,1,((#7656,#7657),(#7658,#7659),(#7660,
#7661),(#7662,#7663)),.SURF_OF_LINEAR_EXTRUSION.,.F.,.F.,.F.,(4,4),(2,2),
(2.66205621363017E-9,0.999999998778694),(0.,1.),
 .PIECEWISE_BEZIER_KNOTS.);
#130=B_SPLINE_SURFACE_WITH_KNOTS('',3,1,((#7664,#7665),(#7666,#7667),(#7668,
#7669),(#7670,#7671)),.SURF_OF_LINEAR_EXTRUSION.,.F.,.F.,.F.,(4,4),(2,2),
(-0.999999998778691,-2.66206000864567E-9),(0.,1.),
 .PIECEWISE_BEZIER_KNOTS.);
#131=B_SPLINE_SURFACE_WITH_KNOTS('',3,1,((#7674,#7675),(#7676,#7677),(#7678,
#7679),(#7680,#7681)),.SURF_OF_LINEAR_EXTRUSION.,.F.,.F.,.F.,(4,4),(2,2),
(-0.999999999998124,-2.77501129730971E-12),(0.,1.),
 .PIECEWISE_BEZIER_KNOTS.);
#132=B_SPLINE_SURFACE_WITH_KNOTS('',3,1,((#7682,#7683),(#7684,#7685),(#7686,
#7687),(#7688,#7689)),.SURF_OF_LINEAR_EXTRUSION.,.F.,.F.,.F.,(4,4),(2,2),
(-2.77249421906601E-8,0.999999999945551),(0.,1.),
 .PIECEWISE_BEZIER_KNOTS.);
#133=B_SPLINE_SURFACE_WITH_KNOTS('',3,1,((#7692,#7693),(#7694,#7695),(#7696,
#7697),(#7698,#7699)),.SURF_OF_LINEAR_EXTRUSION.,.F.,.F.,.F.,(4,4),(2,2),
(2.65328273046954E-8,0.999999974019286),(0.,1.),
 .PIECEWISE_BEZIER_KNOTS.);
#134=B_SPLINE_SURFACE_WITH_KNOTS('',3,1,((#7701,#7702),(#7703,#7704),(#7705,
#7706),(#7707,#7708)),.SURF_OF_LINEAR_EXTRUSION.,.F.,.F.,.F.,(4,4),(2,2),
(1.04911459781165E-8,1.0000000000044),(0.,1.),.PIECEWISE_BEZIER_KNOTS.);
#135=B_SPLINE_SURFACE_WITH_KNOTS('',3,1,((#7710,#7711),(#7712,#7713),(#7714,
#7715),(#7716,#7717)),.SURF_OF_LINEAR_EXTRUSION.,.F.,.F.,.F.,(4,4),(2,2),
(-1.07089703471688E-8,1.00000004593408),(0.,1.),
 .PIECEWISE_BEZIER_KNOTS.);
#136=ELLIPSE('',#4218,0.0013243104898646,0.00060195931357482);
#137=ELLIPSE('',#4220,0.0013243104898646,0.00060195931357482);
#138=ELLIPSE('',#4233,0.00154007740411897,0.00142399105931335);
#139=ELLIPSE('',#4236,0.0013243104898646,0.00060195931357482);
#140=ELLIPSE('',#4237,0.0013243104898646,0.00060195931357482);
#141=ELLIPSE('',#4244,0.00154007740411897,0.00142399105931335);
#142=OVER_RIDING_STYLED_ITEM('',(#3899),#3693,#3897);
#143=OVER_RIDING_STYLED_ITEM('',(#3900),#3694,#3897);
#144=OVER_RIDING_STYLED_ITEM('',(#3901),#3695,#3897);
#145=OVER_RIDING_STYLED_ITEM('',(#3902),#3696,#3897);
#146=OVER_RIDING_STYLED_ITEM('',(#3903),#3729,#3897);
#147=OVER_RIDING_STYLED_ITEM('',(#3904),#3730,#3897);
#148=OVER_RIDING_STYLED_ITEM('',(#3905),#3731,#3897);
#149=OVER_RIDING_STYLED_ITEM('',(#3906),#3732,#3897);
#150=OVER_RIDING_STYLED_ITEM('',(#3907),#3733,#3897);
#151=OVER_RIDING_STYLED_ITEM('',(#3908),#3734,#3897);
#152=OVER_RIDING_STYLED_ITEM('',(#3909),#3735,#3897);
#153=OVER_RIDING_STYLED_ITEM('',(#3910),#3736,#3897);
#154=OVER_RIDING_STYLED_ITEM('',(#3911),#3737,#3897);
#155=OVER_RIDING_STYLED_ITEM('',(#3912),#3738,#3897);
#156=OVER_RIDING_STYLED_ITEM('',(#3913),#3739,#3897);
#157=OVER_RIDING_STYLED_ITEM('',(#3914),#3740,#3897);
#158=OVER_RIDING_STYLED_ITEM('',(#3915),#3741,#3897);
#159=OVER_RIDING_STYLED_ITEM('',(#3916),#3742,#3897);
#160=OVER_RIDING_STYLED_ITEM('',(#3917),#3743,#3897);
#161=OVER_RIDING_STYLED_ITEM('',(#3918),#3744,#3897);
#162=OVER_RIDING_STYLED_ITEM('',(#3919),#3758,#3897);
#163=CYLINDRICAL_SURFACE('',#4085,0.003);
#164=CYLINDRICAL_SURFACE('',#4088,0.003);
#165=CYLINDRICAL_SURFACE('',#4091,0.003);
#166=CYLINDRICAL_SURFACE('',#4094,0.003);
#167=CYLINDRICAL_SURFACE('',#4097,0.0005);
#168=CYLINDRICAL_SURFACE('',#4099,0.0005);
#169=CYLINDRICAL_SURFACE('',#4101,0.0005);
#170=CYLINDRICAL_SURFACE('',#4103,0.0005);
#171=CYLINDRICAL_SURFACE('',#4105,0.0005);
#172=CYLINDRICAL_SURFACE('',#4107,0.0005);
#173=CYLINDRICAL_SURFACE('',#4109,0.00125);
#174=CYLINDRICAL_SURFACE('',#4112,0.00125);
#175=CYLINDRICAL_SURFACE('',#4115,0.00125);
#176=CYLINDRICAL_SURFACE('',#4118,0.00125);
#177=CYLINDRICAL_SURFACE('',#4121,0.0005);
#178=CYLINDRICAL_SURFACE('',#4123,0.0005);
#179=CYLINDRICAL_SURFACE('',#4125,0.0005);
#180=CYLINDRICAL_SURFACE('',#4127,0.0005);
#181=CYLINDRICAL_SURFACE('',#4129,0.0005);
#182=CYLINDRICAL_SURFACE('',#4131,0.0005);
#183=CYLINDRICAL_SURFACE('',#4133,0.0005);
#184=CYLINDRICAL_SURFACE('',#4135,0.0005);
#185=CYLINDRICAL_SURFACE('',#4137,0.0005);
#186=CYLINDRICAL_SURFACE('',#4139,0.0005);
#187=CYLINDRICAL_SURFACE('',#4141,0.0005);
#188=CYLINDRICAL_SURFACE('',#4143,0.0005);
#189=CYLINDRICAL_SURFACE('',#4145,0.0005);
#190=CYLINDRICAL_SURFACE('',#4147,0.0005);
#191=CYLINDRICAL_SURFACE('',#4149,0.0005);
#192=CYLINDRICAL_SURFACE('',#4151,0.0005);
#193=CYLINDRICAL_SURFACE('',#4153,0.0005);
#194=CYLINDRICAL_SURFACE('',#4155,0.0005);
#195=CYLINDRICAL_SURFACE('',#4157,0.0005);
#196=CYLINDRICAL_SURFACE('',#4159,0.0005);
#197=CYLINDRICAL_SURFACE('',#4161,0.0005);
#198=CYLINDRICAL_SURFACE('',#4163,0.0005);
#199=CYLINDRICAL_SURFACE('',#4165,0.0005);
#200=CYLINDRICAL_SURFACE('',#4167,0.0005);
#201=CYLINDRICAL_SURFACE('',#4169,0.0005);
#202=CYLINDRICAL_SURFACE('',#4171,0.0005);
#203=CYLINDRICAL_SURFACE('',#4173,0.0005);
#204=CYLINDRICAL_SURFACE('',#4175,0.0005);
#205=CYLINDRICAL_SURFACE('',#4177,0.0005);
#206=CYLINDRICAL_SURFACE('',#4179,0.0005);
#207=CYLINDRICAL_SURFACE('',#4181,0.0005);
#208=CYLINDRICAL_SURFACE('',#4183,0.0005);
#209=CYLINDRICAL_SURFACE('',#4187,0.003);
#210=CYLINDRICAL_SURFACE('',#4190,0.003);
#211=CYLINDRICAL_SURFACE('',#4193,0.003);
#212=CYLINDRICAL_SURFACE('',#4196,0.003);
#213=CYLINDRICAL_SURFACE('',#4199,0.003);
#214=CYLINDRICAL_SURFACE('',#4203,0.003);
#215=CYLINDRICAL_SURFACE('',#4207,0.003);
#216=CYLINDRICAL_SURFACE('',#4211,0.003);
#217=CYLINDRICAL_SURFACE('',#4250,0.0014547844764536);
#218=CYLINDRICAL_SURFACE('',#4251,0.00282960994373205);
#219=CYLINDRICAL_SURFACE('',#4253,0.00265511321803008);
#220=CYLINDRICAL_SURFACE('',#4254,0.00265512784315659);
#221=CYLINDRICAL_SURFACE('',#4256,0.00282960553265946);
#222=CYLINDRICAL_SURFACE('',#4257,0.00145478783234571);
#223=LINE('',#4963,#374);
#224=LINE('',#4967,#375);
#225=LINE('',#4971,#376);
#226=LINE('',#4975,#377);
#227=LINE('',#4980,#378);
#228=LINE('',#4981,#379);
#229=LINE('',#4983,#380);
#230=LINE('',#4985,#381);
#231=LINE('',#4989,#382);
#232=LINE('',#4991,#383);
#233=LINE('',#4993,#384);
#234=LINE('',#4997,#385);
#235=LINE('',#4999,#386);
#236=LINE('',#5001,#387);
#237=LINE('',#5005,#388);
#238=LINE('',#5007,#389);
#239=LINE('',#5351,#390);
#240=LINE('',#5528,#391);
#241=LINE('',#5608,#392);
#242=LINE('',#5620,#393);
#243=LINE('',#5692,#394);
#244=LINE('',#5719,#395);
#245=LINE('',#5746,#396);
#246=LINE('',#6030,#397);
#247=LINE('',#6150,#398);
#248=LINE('',#6301,#399);
#249=LINE('',#6328,#400);
#250=LINE('',#6355,#401);
#251=LINE('',#6427,#402);
#252=LINE('',#6439,#403);
#253=LINE('',#6458,#404);
#254=LINE('',#6459,#405);
#255=LINE('',#6468,#406);
#256=LINE('',#6477,#407);
#257=LINE('',#6486,#408);
#258=LINE('',#6495,#409);
#259=LINE('',#6504,#410);
#260=LINE('',#6513,#411);
#261=LINE('',#6522,#412);
#262=LINE('',#6531,#413);
#263=LINE('',#6540,#414);
#264=LINE('',#6549,#415);
#265=LINE('',#6558,#416);
#266=LINE('',#6567,#417);
#267=LINE('',#6569,#418);
#268=LINE('',#6578,#419);
#269=LINE('',#6587,#420);
#270=LINE('',#6596,#421);
#271=LINE('',#6605,#422);
#272=LINE('',#6614,#423);
#273=LINE('',#6628,#424);
#274=LINE('',#6637,#425);
#275=LINE('',#6646,#426);
#276=LINE('',#6655,#427);
#277=LINE('',#6664,#428);
#278=LINE('',#6666,#429);
#279=LINE('',#6675,#430);
#280=LINE('',#6684,#431);
#281=LINE('',#6693,#432);
#282=LINE('',#6702,#433);
#283=LINE('',#6711,#434);
#284=LINE('',#6720,#435);
#285=LINE('',#6729,#436);
#286=LINE('',#6738,#437);
#287=LINE('',#6747,#438);
#288=LINE('',#6756,#439);
#289=LINE('',#6765,#440);
#290=LINE('',#6774,#441);
#291=LINE('',#6783,#442);
#292=LINE('',#6792,#443);
#293=LINE('',#6794,#444);
#294=LINE('',#6803,#445);
#295=LINE('',#6812,#446);
#296=LINE('',#6814,#447);
#297=LINE('',#6823,#448);
#298=LINE('',#6878,#449);
#299=LINE('',#6879,#450);
#300=LINE('',#6888,#451);
#301=LINE('',#6897,#452);
#302=LINE('',#6906,#453);
#303=LINE('',#6932,#454);
#304=LINE('',#6941,#455);
#305=LINE('',#6950,#456);
#306=LINE('',#6959,#457);
#307=LINE('',#6985,#458);
#308=LINE('',#6994,#459);
#309=LINE('',#6996,#460);
#310=LINE('',#7005,#461);
#311=LINE('',#7014,#462);
#312=LINE('',#7023,#463);
#313=LINE('',#7032,#464);
#314=LINE('',#7041,#465);
#315=LINE('',#7050,#466);
#316=LINE('',#7076,#467);
#317=LINE('',#7085,#468);
#318=LINE('',#7094,#469);
#319=LINE('',#7103,#470);
#320=LINE('',#7112,#471);
#321=LINE('',#7121,#472);
#322=LINE('',#7130,#473);
#323=LINE('',#7139,#474);
#324=LINE('',#7156,#475);
#325=LINE('',#7157,#476);
#326=LINE('',#7166,#477);
#327=LINE('',#7175,#478);
#328=LINE('',#7184,#479);
#329=LINE('',#7193,#480);
#330=LINE('',#7202,#481);
#331=LINE('',#7211,#482);
#332=LINE('',#7220,#483);
#333=LINE('',#7229,#484);
#334=LINE('',#7238,#485);
#335=LINE('',#7264,#486);
#336=LINE('',#7273,#487);
#337=LINE('',#7282,#488);
#338=LINE('',#7291,#489);
#339=LINE('',#7300,#490);
#340=LINE('',#7309,#491);
#341=LINE('',#7318,#492);
#342=LINE('',#7320,#493);
#343=LINE('',#7329,#494);
#344=LINE('',#7355,#495);
#345=LINE('',#7364,#496);
#346=LINE('',#7373,#497);
#347=LINE('',#7382,#498);
#348=LINE('',#7408,#499);
#349=LINE('',#7417,#500);
#350=LINE('',#7434,#501);
#351=LINE('',#7435,#502);
#352=LINE('',#7444,#503);
#353=LINE('',#7453,#504);
#354=LINE('',#7470,#505);
#355=LINE('',#7471,#506);
#356=LINE('',#7480,#507);
#357=LINE('',#7489,#508);
#358=LINE('',#7506,#509);
#359=LINE('',#7507,#510);
#360=LINE('',#7516,#511);
#361=LINE('',#7525,#512);
#362=LINE('',#7618,#513);
#363=LINE('',#7619,#514);
#364=LINE('',#7636,#515);
#365=LINE('',#7637,#516);
#366=LINE('',#7654,#517);
#367=LINE('',#7655,#518);
#368=LINE('',#7672,#519);
#369=LINE('',#7673,#520);
#370=LINE('',#7690,#521);
#371=LINE('',#7691,#522);
#372=LINE('',#7700,#523);
#373=LINE('',#7709,#524);
#374=VECTOR('',#4350,1.);
#375=VECTOR('',#4353,1.);
#376=VECTOR('',#4356,1.);
#377=VECTOR('',#4359,1.);
#378=VECTOR('',#4364,1.);
#379=VECTOR('',#4365,1.);
#380=VECTOR('',#4368,1.);
#381=VECTOR('',#4369,1.);
#382=VECTOR('',#4374,1.);
#383=VECTOR('',#4377,1.);
#384=VECTOR('',#4378,1.);
#385=VECTOR('',#4383,1.);
#386=VECTOR('',#4386,1.);
#387=VECTOR('',#4387,1.);
#388=VECTOR('',#4392,1.);
#389=VECTOR('',#4395,1.);
#390=VECTOR('',#4656,1.);
#391=VECTOR('',#4663,1.);
#392=VECTOR('',#4674,1.);
#393=VECTOR('',#4675,1.);
#394=VECTOR('',#4676,1.);
#395=VECTOR('',#4677,1.);
#396=VECTOR('',#4678,1.);
#397=VECTOR('',#4687,1.);
#398=VECTOR('',#4696,1.);
#399=VECTOR('',#4701,1.);
#400=VECTOR('',#4702,1.);
#401=VECTOR('',#4703,1.);
#402=VECTOR('',#4704,1.);
#403=VECTOR('',#4705,1.);
#404=VECTOR('',#4706,1.);
#405=VECTOR('',#4707,1.);
#406=VECTOR('',#4708,1.);
#407=VECTOR('',#4709,1.);
#408=VECTOR('',#4710,1.);
#409=VECTOR('',#4711,1.);
#410=VECTOR('',#4712,1.);
#411=VECTOR('',#4713,1.);
#412=VECTOR('',#4714,1.);
#413=VECTOR('',#4715,1.);
#414=VECTOR('',#4716,1.);
#415=VECTOR('',#4717,1.);
#416=VECTOR('',#4718,1.);
#417=VECTOR('',#4719,1.);
#418=VECTOR('',#4722,1.);
#419=VECTOR('',#4723,1.);
#420=VECTOR('',#4724,1.);
#421=VECTOR('',#4725,1.);
#422=VECTOR('',#4726,1.);
#423=VECTOR('',#4727,1.);
#424=VECTOR('',#4730,1.);
#425=VECTOR('',#4731,1.);
#426=VECTOR('',#4732,1.);
#427=VECTOR('',#4733,1.);
#428=VECTOR('',#4734,1.);
#429=VECTOR('',#4737,1.);
#430=VECTOR('',#4738,1.);
#431=VECTOR('',#4739,1.);
#432=VECTOR('',#4740,1.);
#433=VECTOR('',#4741,1.);
#434=VECTOR('',#4742,1.);
#435=VECTOR('',#4743,1.);
#436=VECTOR('',#4744,1.);
#437=VECTOR('',#4745,1.);
#438=VECTOR('',#4746,1.);
#439=VECTOR('',#4747,1.);
#440=VECTOR('',#4748,1.);
#441=VECTOR('',#4749,1.);
#442=VECTOR('',#4750,1.);
#443=VECTOR('',#4751,1.);
#444=VECTOR('',#4754,1.);
#445=VECTOR('',#4755,1.);
#446=VECTOR('',#4756,1.);
#447=VECTOR('',#4759,1.);
#448=VECTOR('',#4760,1.);
#449=VECTOR('',#4761,1.);
#450=VECTOR('',#4762,1.);
#451=VECTOR('',#4763,1.);
#452=VECTOR('',#4764,1.);
#453=VECTOR('',#4765,1.);
#454=VECTOR('',#4768,1.);
#455=VECTOR('',#4769,1.);
#456=VECTOR('',#4770,1.);
#457=VECTOR('',#4771,1.);
#458=VECTOR('',#4774,1.);
#459=VECTOR('',#4775,1.);
#460=VECTOR('',#4778,1.);
#461=VECTOR('',#4779,1.);
#462=VECTOR('',#4780,1.);
#463=VECTOR('',#4781,1.);
#464=VECTOR('',#4782,1.);
#465=VECTOR('',#4783,1.);
#466=VECTOR('',#4784,1.);
#467=VECTOR('',#4787,1.);
#468=VECTOR('',#4788,1.);
#469=VECTOR('',#4789,1.);
#470=VECTOR('',#4790,1.);
#471=VECTOR('',#4791,1.);
#472=VECTOR('',#4792,1.);
#473=VECTOR('',#4793,1.);
#474=VECTOR('',#4794,1.);
#475=VECTOR('',#4795,1.);
#476=VECTOR('',#4796,1.);
#477=VECTOR('',#4797,1.);
#478=VECTOR('',#4798,1.);
#479=VECTOR('',#4799,1.);
#480=VECTOR('',#4800,1.);
#481=VECTOR('',#4801,1.);
#482=VECTOR('',#4802,1.);
#483=VECTOR('',#4803,1.);
#484=VECTOR('',#4804,1.);
#485=VECTOR('',#4805,1.);
#486=VECTOR('',#4808,1.);
#487=VECTOR('',#4809,1.);
#488=VECTOR('',#4810,1.);
#489=VECTOR('',#4811,1.);
#490=VECTOR('',#4812,1.);
#491=VECTOR('',#4813,1.);
#492=VECTOR('',#4814,1.);
#493=VECTOR('',#4817,1.);
#494=VECTOR('',#4818,1.);
#495=VECTOR('',#4821,1.);
#496=VECTOR('',#4822,1.);
#497=VECTOR('',#4823,1.);
#498=VECTOR('',#4824,1.);
#499=VECTOR('',#4827,1.);
#500=VECTOR('',#4828,1.);
#501=VECTOR('',#4829,1.);
#502=VECTOR('',#4830,1.);
#503=VECTOR('',#4831,1.);
#504=VECTOR('',#4832,1.);
#505=VECTOR('',#4833,1.);
#506=VECTOR('',#4834,1.);
#507=VECTOR('',#4835,1.);
#508=VECTOR('',#4836,1.);
#509=VECTOR('',#4837,1.);
#510=VECTOR('',#4838,1.);
#511=VECTOR('',#4839,1.);
#512=VECTOR('',#4840,1.);
#513=VECTOR('',#4841,1.);
#514=VECTOR('',#4842,1.);
#515=VECTOR('',#4843,1.);
#516=VECTOR('',#4844,1.);
#517=VECTOR('',#4845,1.);
#518=VECTOR('',#4846,1.);
#519=VECTOR('',#4847,1.);
#520=VECTOR('',#4848,1.);
#521=VECTOR('',#4849,1.);
#522=VECTOR('',#4850,1.);
#523=VECTOR('',#4851,1.);
#524=VECTOR('',#4852,1.);
#525=CIRCLE('',#4039,0.0005);
#526=CIRCLE('',#4040,0.0005);
#527=CIRCLE('',#4041,0.0005);
#528=CIRCLE('',#4042,0.0005);
#529=CIRCLE('',#4043,0.0005);
#530=CIRCLE('',#4044,0.0005);
#531=CIRCLE('',#4045,0.0005);
#532=CIRCLE('',#4046,0.0005);
#533=CIRCLE('',#4047,0.0005);
#534=CIRCLE('',#4048,0.0005);
#535=CIRCLE('',#4049,0.0005);
#536=CIRCLE('',#4050,0.0005);
#537=CIRCLE('',#4051,0.0005);
#538=CIRCLE('',#4052,0.0005);
#539=CIRCLE('',#4053,0.0005);
#540=CIRCLE('',#4054,0.0005);
#541=CIRCLE('',#4055,0.0005);
#542=CIRCLE('',#4056,0.0005);
#543=CIRCLE('',#4057,0.0005);
#544=CIRCLE('',#4058,0.0005);
#545=CIRCLE('',#4059,0.0005);
#546=CIRCLE('',#4060,0.0005);
#547=CIRCLE('',#4061,0.0005);
#548=CIRCLE('',#4062,0.0005);
#549=CIRCLE('',#4063,0.0005);
#550=CIRCLE('',#4064,0.0005);
#551=CIRCLE('',#4065,0.0005);
#552=CIRCLE('',#4066,0.0005);
#553=CIRCLE('',#4067,0.0005);
#554=CIRCLE('',#4068,0.0005);
#555=CIRCLE('',#4069,0.0005);
#556=CIRCLE('',#4070,0.0005);
#557=CIRCLE('',#4071,0.0005);
#558=CIRCLE('',#4072,0.0005);
#559=CIRCLE('',#4073,0.0005);
#560=CIRCLE('',#4074,0.0005);
#561=CIRCLE('',#4075,0.0005);
#562=CIRCLE('',#4076,0.0005);
#563=CIRCLE('',#4077,0.003);
#564=CIRCLE('',#4078,0.003);
#565=CIRCLE('',#4079,0.003);
#566=CIRCLE('',#4080,0.003);
#567=CIRCLE('',#4081,0.003);
#568=CIRCLE('',#4082,0.003);
#569=CIRCLE('',#4083,0.003);
#570=CIRCLE('',#4084,0.003);
#571=CIRCLE('',#4086,0.003);
#572=CIRCLE('',#4089,0.003);
#573=CIRCLE('',#4092,0.003);
#574=CIRCLE('',#4095,0.003);
#575=CIRCLE('',#4098,0.0005);
#576=CIRCLE('',#4100,0.0005);
#577=CIRCLE('',#4102,0.0005);
#578=CIRCLE('',#4104,0.0005);
#579=CIRCLE('',#4106,0.0005);
#580=CIRCLE('',#4108,0.0005);
#581=CIRCLE('',#4110,0.00125);
#582=CIRCLE('',#4111,0.00125);
#583=CIRCLE('',#4113,0.00125);
#584=CIRCLE('',#4114,0.00125);
#585=CIRCLE('',#4116,0.00125);
#586=CIRCLE('',#4117,0.00125);
#587=CIRCLE('',#4119,0.00125);
#588=CIRCLE('',#4120,0.00125);
#589=CIRCLE('',#4122,0.0005);
#590=CIRCLE('',#4124,0.0005);
#591=CIRCLE('',#4126,0.0005);
#592=CIRCLE('',#4128,0.0005);
#593=CIRCLE('',#4130,0.0005);
#594=CIRCLE('',#4132,0.0005);
#595=CIRCLE('',#4134,0.0005);
#596=CIRCLE('',#4136,0.0005);
#597=CIRCLE('',#4138,0.0005);
#598=CIRCLE('',#4140,0.0005);
#599=CIRCLE('',#4142,0.0005);
#600=CIRCLE('',#4144,0.0005);
#601=CIRCLE('',#4146,0.0005);
#602=CIRCLE('',#4148,0.0005);
#603=CIRCLE('',#4150,0.0005);
#604=CIRCLE('',#4152,0.0005);
#605=CIRCLE('',#4154,0.0005);
#606=CIRCLE('',#4156,0.0005);
#607=CIRCLE('',#4158,0.0005);
#608=CIRCLE('',#4160,0.0005);
#609=CIRCLE('',#4162,0.0005);
#610=CIRCLE('',#4164,0.0005);
#611=CIRCLE('',#4166,0.0005);
#612=CIRCLE('',#4168,0.0005);
#613=CIRCLE('',#4170,0.0005);
#614=CIRCLE('',#4172,0.0005);
#615=CIRCLE('',#4174,0.0005);
#616=CIRCLE('',#4176,0.0005);
#617=CIRCLE('',#4178,0.0005);
#618=CIRCLE('',#4180,0.0005);
#619=CIRCLE('',#4182,0.0005);
#620=CIRCLE('',#4184,0.0005);
#621=CIRCLE('',#4186,0.003);
#622=CIRCLE('',#4189,0.003);
#623=CIRCLE('',#4192,0.003);
#624=CIRCLE('',#4195,0.003);
#625=CIRCLE('',#4198,0.003);
#626=CIRCLE('',#4200,0.003);
#627=CIRCLE('',#4202,0.003);
#628=CIRCLE('',#4204,0.003);
#629=CIRCLE('',#4206,0.003);
#630=CIRCLE('',#4208,0.003);
#631=CIRCLE('',#4210,0.003);
#632=CIRCLE('',#4212,0.003);
#633=CIRCLE('',#4225,0.00145478783234571);
#634=CIRCLE('',#4226,0.00282960553265946);
#635=CIRCLE('',#4227,0.00265512784315659);
#636=CIRCLE('',#4229,0.00265511321803008);
#637=CIRCLE('',#4230,0.00282960994373205);
#638=CIRCLE('',#4231,0.0014547844764536);
#639=CIRCLE('',#4238,0.00265512784315659);
#640=CIRCLE('',#4239,0.00282960553265946);
#641=CIRCLE('',#4240,0.00145478783234571);
#642=CIRCLE('',#4241,0.0014547844764536);
#643=CIRCLE('',#4242,0.00282960994373205);
#644=CIRCLE('',#4243,0.00265511321803008);
#645=ORIENTED_EDGE('',*,*,#1709,.T.);
#646=ORIENTED_EDGE('',*,*,#1710,.T.);
#647=ORIENTED_EDGE('',*,*,#1711,.T.);
#648=ORIENTED_EDGE('',*,*,#1712,.T.);
#649=ORIENTED_EDGE('',*,*,#1713,.T.);
#650=ORIENTED_EDGE('',*,*,#1714,.T.);
#651=ORIENTED_EDGE('',*,*,#1715,.T.);
#652=ORIENTED_EDGE('',*,*,#1716,.T.);
#653=ORIENTED_EDGE('',*,*,#1717,.T.);
#654=ORIENTED_EDGE('',*,*,#1718,.T.);
#655=ORIENTED_EDGE('',*,*,#1719,.T.);
#656=ORIENTED_EDGE('',*,*,#1720,.T.);
#657=ORIENTED_EDGE('',*,*,#1721,.T.);
#658=ORIENTED_EDGE('',*,*,#1722,.T.);
#659=ORIENTED_EDGE('',*,*,#1723,.T.);
#660=ORIENTED_EDGE('',*,*,#1724,.T.);
#661=ORIENTED_EDGE('',*,*,#1725,.T.);
#662=ORIENTED_EDGE('',*,*,#1726,.T.);
#663=ORIENTED_EDGE('',*,*,#1727,.T.);
#664=ORIENTED_EDGE('',*,*,#1728,.T.);
#665=ORIENTED_EDGE('',*,*,#1729,.T.);
#666=ORIENTED_EDGE('',*,*,#1730,.T.);
#667=ORIENTED_EDGE('',*,*,#1731,.T.);
#668=ORIENTED_EDGE('',*,*,#1732,.T.);
#669=ORIENTED_EDGE('',*,*,#1733,.T.);
#670=ORIENTED_EDGE('',*,*,#1734,.T.);
#671=ORIENTED_EDGE('',*,*,#1735,.T.);
#672=ORIENTED_EDGE('',*,*,#1736,.T.);
#673=ORIENTED_EDGE('',*,*,#1737,.T.);
#674=ORIENTED_EDGE('',*,*,#1738,.T.);
#675=ORIENTED_EDGE('',*,*,#1739,.T.);
#676=ORIENTED_EDGE('',*,*,#1740,.T.);
#677=ORIENTED_EDGE('',*,*,#1741,.T.);
#678=ORIENTED_EDGE('',*,*,#1742,.T.);
#679=ORIENTED_EDGE('',*,*,#1743,.T.);
#680=ORIENTED_EDGE('',*,*,#1744,.T.);
#681=ORIENTED_EDGE('',*,*,#1745,.T.);
#682=ORIENTED_EDGE('',*,*,#1746,.T.);
#683=ORIENTED_EDGE('',*,*,#1747,.T.);
#684=ORIENTED_EDGE('',*,*,#1748,.T.);
#685=ORIENTED_EDGE('',*,*,#1749,.T.);
#686=ORIENTED_EDGE('',*,*,#1750,.T.);
#687=ORIENTED_EDGE('',*,*,#1751,.T.);
#688=ORIENTED_EDGE('',*,*,#1752,.T.);
#689=ORIENTED_EDGE('',*,*,#1753,.T.);
#690=ORIENTED_EDGE('',*,*,#1754,.T.);
#691=ORIENTED_EDGE('',*,*,#1755,.T.);
#692=ORIENTED_EDGE('',*,*,#1756,.T.);
#693=ORIENTED_EDGE('',*,*,#1757,.T.);
#694=ORIENTED_EDGE('',*,*,#1758,.T.);
#695=ORIENTED_EDGE('',*,*,#1759,.T.);
#696=ORIENTED_EDGE('',*,*,#1760,.T.);
#697=ORIENTED_EDGE('',*,*,#1761,.T.);
#698=ORIENTED_EDGE('',*,*,#1762,.T.);
#699=ORIENTED_EDGE('',*,*,#1763,.T.);
#700=ORIENTED_EDGE('',*,*,#1764,.T.);
#701=ORIENTED_EDGE('',*,*,#1755,.F.);
#702=ORIENTED_EDGE('',*,*,#1765,.F.);
#703=ORIENTED_EDGE('',*,*,#1766,.F.);
#704=ORIENTED_EDGE('',*,*,#1767,.T.);
#705=ORIENTED_EDGE('',*,*,#1756,.F.);
#706=ORIENTED_EDGE('',*,*,#1764,.F.);
#707=ORIENTED_EDGE('',*,*,#1768,.T.);
#708=ORIENTED_EDGE('',*,*,#1769,.T.);
#709=ORIENTED_EDGE('',*,*,#1757,.F.);
#710=ORIENTED_EDGE('',*,*,#1767,.F.);
#711=ORIENTED_EDGE('',*,*,#1770,.F.);
#712=ORIENTED_EDGE('',*,*,#1771,.T.);
#713=ORIENTED_EDGE('',*,*,#1758,.F.);
#714=ORIENTED_EDGE('',*,*,#1769,.F.);
#715=ORIENTED_EDGE('',*,*,#1772,.T.);
#716=ORIENTED_EDGE('',*,*,#1773,.T.);
#717=ORIENTED_EDGE('',*,*,#1759,.F.);
#718=ORIENTED_EDGE('',*,*,#1771,.F.);
#719=ORIENTED_EDGE('',*,*,#1774,.F.);
#720=ORIENTED_EDGE('',*,*,#1775,.T.);
#721=ORIENTED_EDGE('',*,*,#1760,.F.);
#722=ORIENTED_EDGE('',*,*,#1773,.F.);
#723=ORIENTED_EDGE('',*,*,#1776,.T.);
#724=ORIENTED_EDGE('',*,*,#1777,.T.);
#725=ORIENTED_EDGE('',*,*,#1761,.F.);
#726=ORIENTED_EDGE('',*,*,#1775,.F.);
#727=ORIENTED_EDGE('',*,*,#1778,.F.);
#728=ORIENTED_EDGE('',*,*,#1765,.T.);
#729=ORIENTED_EDGE('',*,*,#1762,.F.);
#730=ORIENTED_EDGE('',*,*,#1777,.F.);
#731=ORIENTED_EDGE('',*,*,#1750,.F.);
#732=ORIENTED_EDGE('',*,*,#1779,.T.);
#733=ORIENTED_EDGE('',*,*,#1749,.F.);
#734=ORIENTED_EDGE('',*,*,#1780,.T.);
#735=ORIENTED_EDGE('',*,*,#1748,.F.);
#736=ORIENTED_EDGE('',*,*,#1781,.T.);
#737=ORIENTED_EDGE('',*,*,#1747,.F.);
#738=ORIENTED_EDGE('',*,*,#1782,.T.);
#739=ORIENTED_EDGE('',*,*,#1746,.F.);
#740=ORIENTED_EDGE('',*,*,#1783,.T.);
#741=ORIENTED_EDGE('',*,*,#1745,.F.);
#742=ORIENTED_EDGE('',*,*,#1784,.T.);
#743=ORIENTED_EDGE('',*,*,#1785,.F.);
#744=ORIENTED_EDGE('',*,*,#1786,.F.);
#745=ORIENTED_EDGE('',*,*,#1787,.F.);
#746=ORIENTED_EDGE('',*,*,#1788,.F.);
#747=ORIENTED_EDGE('',*,*,#1789,.F.);
#748=ORIENTED_EDGE('',*,*,#1790,.F.);
#749=ORIENTED_EDGE('',*,*,#1791,.F.);
#750=ORIENTED_EDGE('',*,*,#1792,.F.);
#751=ORIENTED_EDGE('',*,*,#1744,.F.);
#752=ORIENTED_EDGE('',*,*,#1793,.T.);
#753=ORIENTED_EDGE('',*,*,#1743,.F.);
#754=ORIENTED_EDGE('',*,*,#1794,.T.);
#755=ORIENTED_EDGE('',*,*,#1742,.F.);
#756=ORIENTED_EDGE('',*,*,#1795,.T.);
#757=ORIENTED_EDGE('',*,*,#1741,.F.);
#758=ORIENTED_EDGE('',*,*,#1796,.T.);
#759=ORIENTED_EDGE('',*,*,#1740,.F.);
#760=ORIENTED_EDGE('',*,*,#1797,.T.);
#761=ORIENTED_EDGE('',*,*,#1739,.F.);
#762=ORIENTED_EDGE('',*,*,#1798,.T.);
#763=ORIENTED_EDGE('',*,*,#1738,.F.);
#764=ORIENTED_EDGE('',*,*,#1799,.T.);
#765=ORIENTED_EDGE('',*,*,#1737,.F.);
#766=ORIENTED_EDGE('',*,*,#1800,.T.);
#767=ORIENTED_EDGE('',*,*,#1736,.F.);
#768=ORIENTED_EDGE('',*,*,#1801,.T.);
#769=ORIENTED_EDGE('',*,*,#1735,.F.);
#770=ORIENTED_EDGE('',*,*,#1802,.T.);
#771=ORIENTED_EDGE('',*,*,#1734,.F.);
#772=ORIENTED_EDGE('',*,*,#1803,.T.);
#773=ORIENTED_EDGE('',*,*,#1733,.F.);
#774=ORIENTED_EDGE('',*,*,#1804,.T.);
#775=ORIENTED_EDGE('',*,*,#1732,.F.);
#776=ORIENTED_EDGE('',*,*,#1805,.T.);
#777=ORIENTED_EDGE('',*,*,#1731,.F.);
#778=ORIENTED_EDGE('',*,*,#1806,.T.);
#779=ORIENTED_EDGE('',*,*,#1730,.F.);
#780=ORIENTED_EDGE('',*,*,#1807,.T.);
#781=ORIENTED_EDGE('',*,*,#1729,.F.);
#782=ORIENTED_EDGE('',*,*,#1808,.T.);
#783=ORIENTED_EDGE('',*,*,#1728,.F.);
#784=ORIENTED_EDGE('',*,*,#1809,.T.);
#785=ORIENTED_EDGE('',*,*,#1727,.F.);
#786=ORIENTED_EDGE('',*,*,#1810,.T.);
#787=ORIENTED_EDGE('',*,*,#1726,.F.);
#788=ORIENTED_EDGE('',*,*,#1811,.T.);
#789=ORIENTED_EDGE('',*,*,#1725,.F.);
#790=ORIENTED_EDGE('',*,*,#1812,.T.);
#791=ORIENTED_EDGE('',*,*,#1724,.F.);
#792=ORIENTED_EDGE('',*,*,#1813,.T.);
#793=ORIENTED_EDGE('',*,*,#1723,.F.);
#794=ORIENTED_EDGE('',*,*,#1814,.T.);
#795=ORIENTED_EDGE('',*,*,#1722,.F.);
#796=ORIENTED_EDGE('',*,*,#1815,.T.);
#797=ORIENTED_EDGE('',*,*,#1721,.F.);
#798=ORIENTED_EDGE('',*,*,#1816,.T.);
#799=ORIENTED_EDGE('',*,*,#1720,.F.);
#800=ORIENTED_EDGE('',*,*,#1817,.T.);
#801=ORIENTED_EDGE('',*,*,#1719,.F.);
#802=ORIENTED_EDGE('',*,*,#1818,.T.);
#803=ORIENTED_EDGE('',*,*,#1718,.F.);
#804=ORIENTED_EDGE('',*,*,#1819,.T.);
#805=ORIENTED_EDGE('',*,*,#1717,.F.);
#806=ORIENTED_EDGE('',*,*,#1820,.T.);
#807=ORIENTED_EDGE('',*,*,#1716,.F.);
#808=ORIENTED_EDGE('',*,*,#1821,.T.);
#809=ORIENTED_EDGE('',*,*,#1715,.F.);
#810=ORIENTED_EDGE('',*,*,#1822,.T.);
#811=ORIENTED_EDGE('',*,*,#1714,.F.);
#812=ORIENTED_EDGE('',*,*,#1823,.T.);
#813=ORIENTED_EDGE('',*,*,#1713,.F.);
#814=ORIENTED_EDGE('',*,*,#1824,.T.);
#815=ORIENTED_EDGE('',*,*,#1791,.T.);
#816=ORIENTED_EDGE('',*,*,#1825,.T.);
#817=ORIENTED_EDGE('',*,*,#1751,.F.);
#818=ORIENTED_EDGE('',*,*,#1825,.F.);
#819=ORIENTED_EDGE('',*,*,#1785,.T.);
#820=ORIENTED_EDGE('',*,*,#1826,.T.);
#821=ORIENTED_EDGE('',*,*,#1752,.F.);
#822=ORIENTED_EDGE('',*,*,#1826,.F.);
#823=ORIENTED_EDGE('',*,*,#1789,.T.);
#824=ORIENTED_EDGE('',*,*,#1827,.T.);
#825=ORIENTED_EDGE('',*,*,#1753,.F.);
#826=ORIENTED_EDGE('',*,*,#1827,.F.);
#827=ORIENTED_EDGE('',*,*,#1787,.T.);
#828=ORIENTED_EDGE('',*,*,#1828,.T.);
#829=ORIENTED_EDGE('',*,*,#1754,.F.);
#830=ORIENTED_EDGE('',*,*,#1828,.F.);
#831=ORIENTED_EDGE('',*,*,#1790,.T.);
#832=ORIENTED_EDGE('',*,*,#1829,.T.);
#833=ORIENTED_EDGE('',*,*,#1830,.F.);
#834=ORIENTED_EDGE('',*,*,#1829,.F.);
#835=ORIENTED_EDGE('',*,*,#1788,.T.);
#836=ORIENTED_EDGE('',*,*,#1831,.T.);
#837=ORIENTED_EDGE('',*,*,#1832,.F.);
#838=ORIENTED_EDGE('',*,*,#1831,.F.);
#839=ORIENTED_EDGE('',*,*,#1792,.T.);
#840=ORIENTED_EDGE('',*,*,#1833,.T.);
#841=ORIENTED_EDGE('',*,*,#1834,.F.);
#842=ORIENTED_EDGE('',*,*,#1833,.F.);
#843=ORIENTED_EDGE('',*,*,#1786,.T.);
#844=ORIENTED_EDGE('',*,*,#1835,.T.);
#845=ORIENTED_EDGE('',*,*,#1836,.F.);
#846=ORIENTED_EDGE('',*,*,#1835,.F.);
#847=ORIENTED_EDGE('',*,*,#1837,.T.);
#848=ORIENTED_EDGE('',*,*,#1838,.T.);
#849=ORIENTED_EDGE('',*,*,#1839,.T.);
#850=ORIENTED_EDGE('',*,*,#1840,.T.);
#851=ORIENTED_EDGE('',*,*,#1841,.T.);
#852=ORIENTED_EDGE('',*,*,#1842,.T.);
#853=ORIENTED_EDGE('',*,*,#1843,.T.);
#854=ORIENTED_EDGE('',*,*,#1844,.T.);
#855=ORIENTED_EDGE('',*,*,#1845,.T.);
#856=ORIENTED_EDGE('',*,*,#1846,.T.);
#857=ORIENTED_EDGE('',*,*,#1847,.T.);
#858=ORIENTED_EDGE('',*,*,#1848,.T.);
#859=ORIENTED_EDGE('',*,*,#1849,.T.);
#860=ORIENTED_EDGE('',*,*,#1850,.T.);
#861=ORIENTED_EDGE('',*,*,#1851,.T.);
#862=ORIENTED_EDGE('',*,*,#1852,.T.);
#863=ORIENTED_EDGE('',*,*,#1853,.T.);
#864=ORIENTED_EDGE('',*,*,#1854,.T.);
#865=ORIENTED_EDGE('',*,*,#1855,.T.);
#866=ORIENTED_EDGE('',*,*,#1856,.T.);
#867=ORIENTED_EDGE('',*,*,#1857,.T.);
#868=ORIENTED_EDGE('',*,*,#1858,.T.);
#869=ORIENTED_EDGE('',*,*,#1859,.T.);
#870=ORIENTED_EDGE('',*,*,#1860,.T.);
#871=ORIENTED_EDGE('',*,*,#1861,.T.);
#872=ORIENTED_EDGE('',*,*,#1862,.T.);
#873=ORIENTED_EDGE('',*,*,#1863,.T.);
#874=ORIENTED_EDGE('',*,*,#1864,.T.);
#875=ORIENTED_EDGE('',*,*,#1865,.T.);
#876=ORIENTED_EDGE('',*,*,#1866,.T.);
#877=ORIENTED_EDGE('',*,*,#1867,.T.);
#878=ORIENTED_EDGE('',*,*,#1868,.T.);
#879=ORIENTED_EDGE('',*,*,#1869,.T.);
#880=ORIENTED_EDGE('',*,*,#1870,.T.);
#881=ORIENTED_EDGE('',*,*,#1871,.T.);
#882=ORIENTED_EDGE('',*,*,#1872,.T.);
#883=ORIENTED_EDGE('',*,*,#1873,.T.);
#884=ORIENTED_EDGE('',*,*,#1874,.T.);
#885=ORIENTED_EDGE('',*,*,#1875,.T.);
#886=ORIENTED_EDGE('',*,*,#1876,.T.);
#887=ORIENTED_EDGE('',*,*,#1877,.T.);
#888=ORIENTED_EDGE('',*,*,#1878,.T.);
#889=ORIENTED_EDGE('',*,*,#1879,.T.);
#890=ORIENTED_EDGE('',*,*,#1880,.T.);
#891=ORIENTED_EDGE('',*,*,#1881,.T.);
#892=ORIENTED_EDGE('',*,*,#1882,.T.);
#893=ORIENTED_EDGE('',*,*,#1883,.T.);
#894=ORIENTED_EDGE('',*,*,#1884,.T.);
#895=ORIENTED_EDGE('',*,*,#1885,.T.);
#896=ORIENTED_EDGE('',*,*,#1886,.T.);
#897=ORIENTED_EDGE('',*,*,#1887,.T.);
#898=ORIENTED_EDGE('',*,*,#1888,.T.);
#899=ORIENTED_EDGE('',*,*,#1889,.T.);
#900=ORIENTED_EDGE('',*,*,#1890,.T.);
#901=ORIENTED_EDGE('',*,*,#1891,.T.);
#902=ORIENTED_EDGE('',*,*,#1892,.T.);
#903=ORIENTED_EDGE('',*,*,#1893,.T.);
#904=ORIENTED_EDGE('',*,*,#1894,.T.);
#905=ORIENTED_EDGE('',*,*,#1895,.T.);
#906=ORIENTED_EDGE('',*,*,#1896,.T.);
#907=ORIENTED_EDGE('',*,*,#1897,.T.);
#908=ORIENTED_EDGE('',*,*,#1898,.T.);
#909=ORIENTED_EDGE('',*,*,#1899,.T.);
#910=ORIENTED_EDGE('',*,*,#1900,.T.);
#911=ORIENTED_EDGE('',*,*,#1901,.T.);
#912=ORIENTED_EDGE('',*,*,#1902,.T.);
#913=ORIENTED_EDGE('',*,*,#1903,.T.);
#914=ORIENTED_EDGE('',*,*,#1904,.T.);
#915=ORIENTED_EDGE('',*,*,#1905,.T.);
#916=ORIENTED_EDGE('',*,*,#1906,.T.);
#917=ORIENTED_EDGE('',*,*,#1907,.T.);
#918=ORIENTED_EDGE('',*,*,#1908,.T.);
#919=ORIENTED_EDGE('',*,*,#1909,.T.);
#920=ORIENTED_EDGE('',*,*,#1910,.T.);
#921=ORIENTED_EDGE('',*,*,#1911,.T.);
#922=ORIENTED_EDGE('',*,*,#1912,.T.);
#923=ORIENTED_EDGE('',*,*,#1913,.T.);
#924=ORIENTED_EDGE('',*,*,#1914,.T.);
#925=ORIENTED_EDGE('',*,*,#1915,.T.);
#926=ORIENTED_EDGE('',*,*,#1916,.T.);
#927=ORIENTED_EDGE('',*,*,#1917,.T.);
#928=ORIENTED_EDGE('',*,*,#1918,.T.);
#929=ORIENTED_EDGE('',*,*,#1919,.T.);
#930=ORIENTED_EDGE('',*,*,#1920,.T.);
#931=ORIENTED_EDGE('',*,*,#1921,.T.);
#932=ORIENTED_EDGE('',*,*,#1922,.T.);
#933=ORIENTED_EDGE('',*,*,#1923,.T.);
#934=ORIENTED_EDGE('',*,*,#1924,.T.);
#935=ORIENTED_EDGE('',*,*,#1925,.T.);
#936=ORIENTED_EDGE('',*,*,#1926,.T.);
#937=ORIENTED_EDGE('',*,*,#1927,.T.);
#938=ORIENTED_EDGE('',*,*,#1928,.T.);
#939=ORIENTED_EDGE('',*,*,#1929,.T.);
#940=ORIENTED_EDGE('',*,*,#1930,.T.);
#941=ORIENTED_EDGE('',*,*,#1931,.T.);
#942=ORIENTED_EDGE('',*,*,#1932,.T.);
#943=ORIENTED_EDGE('',*,*,#1933,.T.);
#944=ORIENTED_EDGE('',*,*,#1934,.T.);
#945=ORIENTED_EDGE('',*,*,#1935,.T.);
#946=ORIENTED_EDGE('',*,*,#1936,.T.);
#947=ORIENTED_EDGE('',*,*,#1937,.T.);
#948=ORIENTED_EDGE('',*,*,#1938,.T.);
#949=ORIENTED_EDGE('',*,*,#1939,.T.);
#950=ORIENTED_EDGE('',*,*,#1940,.T.);
#951=ORIENTED_EDGE('',*,*,#1941,.T.);
#952=ORIENTED_EDGE('',*,*,#1942,.T.);
#953=ORIENTED_EDGE('',*,*,#1943,.T.);
#954=ORIENTED_EDGE('',*,*,#1944,.T.);
#955=ORIENTED_EDGE('',*,*,#1945,.T.);
#956=ORIENTED_EDGE('',*,*,#1946,.T.);
#957=ORIENTED_EDGE('',*,*,#1947,.T.);
#958=ORIENTED_EDGE('',*,*,#1948,.T.);
#959=ORIENTED_EDGE('',*,*,#1949,.T.);
#960=ORIENTED_EDGE('',*,*,#1950,.T.);
#961=ORIENTED_EDGE('',*,*,#1951,.T.);
#962=ORIENTED_EDGE('',*,*,#1952,.T.);
#963=ORIENTED_EDGE('',*,*,#1953,.T.);
#964=ORIENTED_EDGE('',*,*,#1954,.T.);
#965=ORIENTED_EDGE('',*,*,#1955,.T.);
#966=ORIENTED_EDGE('',*,*,#1956,.T.);
#967=ORIENTED_EDGE('',*,*,#1957,.T.);
#968=ORIENTED_EDGE('',*,*,#1958,.T.);
#969=ORIENTED_EDGE('',*,*,#1959,.T.);
#970=ORIENTED_EDGE('',*,*,#1960,.T.);
#971=ORIENTED_EDGE('',*,*,#1961,.T.);
#972=ORIENTED_EDGE('',*,*,#1962,.T.);
#973=ORIENTED_EDGE('',*,*,#1963,.T.);
#974=ORIENTED_EDGE('',*,*,#1964,.T.);
#975=ORIENTED_EDGE('',*,*,#1965,.T.);
#976=ORIENTED_EDGE('',*,*,#1966,.T.);
#977=ORIENTED_EDGE('',*,*,#1967,.T.);
#978=ORIENTED_EDGE('',*,*,#1968,.T.);
#979=ORIENTED_EDGE('',*,*,#1969,.T.);
#980=ORIENTED_EDGE('',*,*,#1836,.T.);
#981=ORIENTED_EDGE('',*,*,#1834,.T.);
#982=ORIENTED_EDGE('',*,*,#1832,.T.);
#983=ORIENTED_EDGE('',*,*,#1830,.T.);
#984=ORIENTED_EDGE('',*,*,#1779,.F.);
#985=ORIENTED_EDGE('',*,*,#1780,.F.);
#986=ORIENTED_EDGE('',*,*,#1781,.F.);
#987=ORIENTED_EDGE('',*,*,#1782,.F.);
#988=ORIENTED_EDGE('',*,*,#1783,.F.);
#989=ORIENTED_EDGE('',*,*,#1784,.F.);
#990=ORIENTED_EDGE('',*,*,#1793,.F.);
#991=ORIENTED_EDGE('',*,*,#1794,.F.);
#992=ORIENTED_EDGE('',*,*,#1795,.F.);
#993=ORIENTED_EDGE('',*,*,#1796,.F.);
#994=ORIENTED_EDGE('',*,*,#1797,.F.);
#995=ORIENTED_EDGE('',*,*,#1798,.F.);
#996=ORIENTED_EDGE('',*,*,#1799,.F.);
#997=ORIENTED_EDGE('',*,*,#1800,.F.);
#998=ORIENTED_EDGE('',*,*,#1801,.F.);
#999=ORIENTED_EDGE('',*,*,#1802,.F.);
#1000=ORIENTED_EDGE('',*,*,#1803,.F.);
#1001=ORIENTED_EDGE('',*,*,#1804,.F.);
#1002=ORIENTED_EDGE('',*,*,#1805,.F.);
#1003=ORIENTED_EDGE('',*,*,#1806,.F.);
#1004=ORIENTED_EDGE('',*,*,#1807,.F.);
#1005=ORIENTED_EDGE('',*,*,#1808,.F.);
#1006=ORIENTED_EDGE('',*,*,#1809,.F.);
#1007=ORIENTED_EDGE('',*,*,#1810,.F.);
#1008=ORIENTED_EDGE('',*,*,#1811,.F.);
#1009=ORIENTED_EDGE('',*,*,#1812,.F.);
#1010=ORIENTED_EDGE('',*,*,#1813,.F.);
#1011=ORIENTED_EDGE('',*,*,#1814,.F.);
#1012=ORIENTED_EDGE('',*,*,#1815,.F.);
#1013=ORIENTED_EDGE('',*,*,#1816,.F.);
#1014=ORIENTED_EDGE('',*,*,#1817,.F.);
#1015=ORIENTED_EDGE('',*,*,#1818,.F.);
#1016=ORIENTED_EDGE('',*,*,#1819,.F.);
#1017=ORIENTED_EDGE('',*,*,#1820,.F.);
#1018=ORIENTED_EDGE('',*,*,#1821,.F.);
#1019=ORIENTED_EDGE('',*,*,#1822,.F.);
#1020=ORIENTED_EDGE('',*,*,#1823,.F.);
#1021=ORIENTED_EDGE('',*,*,#1824,.F.);
#1022=ORIENTED_EDGE('',*,*,#1763,.F.);
#1023=ORIENTED_EDGE('',*,*,#1778,.T.);
#1024=ORIENTED_EDGE('',*,*,#1776,.F.);
#1025=ORIENTED_EDGE('',*,*,#1774,.T.);
#1026=ORIENTED_EDGE('',*,*,#1772,.F.);
#1027=ORIENTED_EDGE('',*,*,#1770,.T.);
#1028=ORIENTED_EDGE('',*,*,#1768,.F.);
#1029=ORIENTED_EDGE('',*,*,#1766,.T.);
#1030=ORIENTED_EDGE('',*,*,#1970,.T.);
#1031=ORIENTED_EDGE('',*,*,#1971,.T.);
#1032=ORIENTED_EDGE('',*,*,#1972,.T.);
#1033=ORIENTED_EDGE('',*,*,#1973,.T.);
#1034=ORIENTED_EDGE('',*,*,#1974,.T.);
#1035=ORIENTED_EDGE('',*,*,#1975,.T.);
#1036=ORIENTED_EDGE('',*,*,#1976,.T.);
#1037=ORIENTED_EDGE('',*,*,#1977,.T.);
#1038=ORIENTED_EDGE('',*,*,#1978,.T.);
#1039=ORIENTED_EDGE('',*,*,#1979,.T.);
#1040=ORIENTED_EDGE('',*,*,#1980,.T.);
#1041=ORIENTED_EDGE('',*,*,#1981,.T.);
#1042=ORIENTED_EDGE('',*,*,#1982,.T.);
#1043=ORIENTED_EDGE('',*,*,#1983,.T.);
#1044=ORIENTED_EDGE('',*,*,#1984,.T.);
#1045=ORIENTED_EDGE('',*,*,#1985,.T.);
#1046=ORIENTED_EDGE('',*,*,#1986,.T.);
#1047=ORIENTED_EDGE('',*,*,#1987,.T.);
#1048=ORIENTED_EDGE('',*,*,#1988,.T.);
#1049=ORIENTED_EDGE('',*,*,#1989,.T.);
#1050=ORIENTED_EDGE('',*,*,#1990,.T.);
#1051=ORIENTED_EDGE('',*,*,#1991,.T.);
#1052=ORIENTED_EDGE('',*,*,#1992,.T.);
#1053=ORIENTED_EDGE('',*,*,#1993,.T.);
#1054=ORIENTED_EDGE('',*,*,#1994,.T.);
#1055=ORIENTED_EDGE('',*,*,#1995,.T.);
#1056=ORIENTED_EDGE('',*,*,#1996,.T.);
#1057=ORIENTED_EDGE('',*,*,#1997,.T.);
#1058=ORIENTED_EDGE('',*,*,#1998,.T.);
#1059=ORIENTED_EDGE('',*,*,#1999,.T.);
#1060=ORIENTED_EDGE('',*,*,#2000,.T.);
#1061=ORIENTED_EDGE('',*,*,#2001,.T.);
#1062=ORIENTED_EDGE('',*,*,#2002,.T.);
#1063=ORIENTED_EDGE('',*,*,#2003,.T.);
#1064=ORIENTED_EDGE('',*,*,#2004,.T.);
#1065=ORIENTED_EDGE('',*,*,#2005,.T.);
#1066=ORIENTED_EDGE('',*,*,#2006,.T.);
#1067=ORIENTED_EDGE('',*,*,#2007,.T.);
#1068=ORIENTED_EDGE('',*,*,#2008,.T.);
#1069=ORIENTED_EDGE('',*,*,#2009,.T.);
#1070=ORIENTED_EDGE('',*,*,#2010,.T.);
#1071=ORIENTED_EDGE('',*,*,#2011,.T.);
#1072=ORIENTED_EDGE('',*,*,#2012,.T.);
#1073=ORIENTED_EDGE('',*,*,#2013,.T.);
#1074=ORIENTED_EDGE('',*,*,#2014,.T.);
#1075=ORIENTED_EDGE('',*,*,#2015,.T.);
#1076=ORIENTED_EDGE('',*,*,#2016,.T.);
#1077=ORIENTED_EDGE('',*,*,#2017,.T.);
#1078=ORIENTED_EDGE('',*,*,#2018,.T.);
#1079=ORIENTED_EDGE('',*,*,#2019,.T.);
#1080=ORIENTED_EDGE('',*,*,#2020,.T.);
#1081=ORIENTED_EDGE('',*,*,#2021,.T.);
#1082=ORIENTED_EDGE('',*,*,#2022,.T.);
#1083=ORIENTED_EDGE('',*,*,#2023,.T.);
#1084=ORIENTED_EDGE('',*,*,#2024,.T.);
#1085=ORIENTED_EDGE('',*,*,#2025,.T.);
#1086=ORIENTED_EDGE('',*,*,#2026,.T.);
#1087=ORIENTED_EDGE('',*,*,#2027,.T.);
#1088=ORIENTED_EDGE('',*,*,#2028,.T.);
#1089=ORIENTED_EDGE('',*,*,#2029,.T.);
#1090=ORIENTED_EDGE('',*,*,#2030,.T.);
#1091=ORIENTED_EDGE('',*,*,#2031,.T.);
#1092=ORIENTED_EDGE('',*,*,#2032,.T.);
#1093=ORIENTED_EDGE('',*,*,#2033,.T.);
#1094=ORIENTED_EDGE('',*,*,#2034,.T.);
#1095=ORIENTED_EDGE('',*,*,#2035,.T.);
#1096=ORIENTED_EDGE('',*,*,#2036,.T.);
#1097=ORIENTED_EDGE('',*,*,#2037,.T.);
#1098=ORIENTED_EDGE('',*,*,#2038,.T.);
#1099=ORIENTED_EDGE('',*,*,#2039,.T.);
#1100=ORIENTED_EDGE('',*,*,#2040,.T.);
#1101=ORIENTED_EDGE('',*,*,#2041,.T.);
#1102=ORIENTED_EDGE('',*,*,#2042,.T.);
#1103=ORIENTED_EDGE('',*,*,#2043,.T.);
#1104=ORIENTED_EDGE('',*,*,#2044,.T.);
#1105=ORIENTED_EDGE('',*,*,#2045,.T.);
#1106=ORIENTED_EDGE('',*,*,#2046,.T.);
#1107=ORIENTED_EDGE('',*,*,#2047,.T.);
#1108=ORIENTED_EDGE('',*,*,#2048,.T.);
#1109=ORIENTED_EDGE('',*,*,#2049,.T.);
#1110=ORIENTED_EDGE('',*,*,#2050,.T.);
#1111=ORIENTED_EDGE('',*,*,#2051,.T.);
#1112=ORIENTED_EDGE('',*,*,#2052,.T.);
#1113=ORIENTED_EDGE('',*,*,#2053,.T.);
#1114=ORIENTED_EDGE('',*,*,#2054,.T.);
#1115=ORIENTED_EDGE('',*,*,#2055,.T.);
#1116=ORIENTED_EDGE('',*,*,#2056,.T.);
#1117=ORIENTED_EDGE('',*,*,#2057,.T.);
#1118=ORIENTED_EDGE('',*,*,#2058,.T.);
#1119=ORIENTED_EDGE('',*,*,#2059,.T.);
#1120=ORIENTED_EDGE('',*,*,#2060,.T.);
#1121=ORIENTED_EDGE('',*,*,#2061,.T.);
#1122=ORIENTED_EDGE('',*,*,#2062,.T.);
#1123=ORIENTED_EDGE('',*,*,#2063,.T.);
#1124=ORIENTED_EDGE('',*,*,#2064,.T.);
#1125=ORIENTED_EDGE('',*,*,#2065,.T.);
#1126=ORIENTED_EDGE('',*,*,#2066,.T.);
#1127=ORIENTED_EDGE('',*,*,#2067,.T.);
#1128=ORIENTED_EDGE('',*,*,#2068,.T.);
#1129=ORIENTED_EDGE('',*,*,#2069,.T.);
#1130=ORIENTED_EDGE('',*,*,#2070,.T.);
#1131=ORIENTED_EDGE('',*,*,#2071,.T.);
#1132=ORIENTED_EDGE('',*,*,#2072,.T.);
#1133=ORIENTED_EDGE('',*,*,#2073,.T.);
#1134=ORIENTED_EDGE('',*,*,#2074,.T.);
#1135=ORIENTED_EDGE('',*,*,#2075,.T.);
#1136=ORIENTED_EDGE('',*,*,#2076,.T.);
#1137=ORIENTED_EDGE('',*,*,#2077,.T.);
#1138=ORIENTED_EDGE('',*,*,#2078,.T.);
#1139=ORIENTED_EDGE('',*,*,#2079,.T.);
#1140=ORIENTED_EDGE('',*,*,#2080,.T.);
#1141=ORIENTED_EDGE('',*,*,#2081,.T.);
#1142=ORIENTED_EDGE('',*,*,#2082,.T.);
#1143=ORIENTED_EDGE('',*,*,#2083,.T.);
#1144=ORIENTED_EDGE('',*,*,#2084,.T.);
#1145=ORIENTED_EDGE('',*,*,#2085,.T.);
#1146=ORIENTED_EDGE('',*,*,#2086,.T.);
#1147=ORIENTED_EDGE('',*,*,#2087,.T.);
#1148=ORIENTED_EDGE('',*,*,#2088,.T.);
#1149=ORIENTED_EDGE('',*,*,#2089,.T.);
#1150=ORIENTED_EDGE('',*,*,#2090,.T.);
#1151=ORIENTED_EDGE('',*,*,#2091,.T.);
#1152=ORIENTED_EDGE('',*,*,#2092,.T.);
#1153=ORIENTED_EDGE('',*,*,#2093,.T.);
#1154=ORIENTED_EDGE('',*,*,#2094,.T.);
#1155=ORIENTED_EDGE('',*,*,#2095,.T.);
#1156=ORIENTED_EDGE('',*,*,#2096,.T.);
#1157=ORIENTED_EDGE('',*,*,#2097,.T.);
#1158=ORIENTED_EDGE('',*,*,#2098,.T.);
#1159=ORIENTED_EDGE('',*,*,#2099,.T.);
#1160=ORIENTED_EDGE('',*,*,#2100,.T.);
#1161=ORIENTED_EDGE('',*,*,#2101,.T.);
#1162=ORIENTED_EDGE('',*,*,#2102,.T.);
#1163=ORIENTED_EDGE('',*,*,#2103,.T.);
#1164=ORIENTED_EDGE('',*,*,#2104,.T.);
#1165=ORIENTED_EDGE('',*,*,#2105,.T.);
#1166=ORIENTED_EDGE('',*,*,#2106,.T.);
#1167=ORIENTED_EDGE('',*,*,#1969,.F.);
#1168=ORIENTED_EDGE('',*,*,#2107,.T.);
#1169=ORIENTED_EDGE('',*,*,#2061,.F.);
#1170=ORIENTED_EDGE('',*,*,#2108,.F.);
#1171=ORIENTED_EDGE('',*,*,#1968,.F.);
#1172=ORIENTED_EDGE('',*,*,#2109,.T.);
#1173=ORIENTED_EDGE('',*,*,#2062,.F.);
#1174=ORIENTED_EDGE('',*,*,#2107,.F.);
#1175=ORIENTED_EDGE('',*,*,#1967,.F.);
#1176=ORIENTED_EDGE('',*,*,#2110,.T.);
#1177=ORIENTED_EDGE('',*,*,#2063,.F.);
#1178=ORIENTED_EDGE('',*,*,#2109,.F.);
#1179=ORIENTED_EDGE('',*,*,#1966,.F.);
#1180=ORIENTED_EDGE('',*,*,#2111,.T.);
#1181=ORIENTED_EDGE('',*,*,#2064,.F.);
#1182=ORIENTED_EDGE('',*,*,#2110,.F.);
#1183=ORIENTED_EDGE('',*,*,#1965,.F.);
#1184=ORIENTED_EDGE('',*,*,#2112,.T.);
#1185=ORIENTED_EDGE('',*,*,#2065,.F.);
#1186=ORIENTED_EDGE('',*,*,#2111,.F.);
#1187=ORIENTED_EDGE('',*,*,#1964,.F.);
#1188=ORIENTED_EDGE('',*,*,#2113,.T.);
#1189=ORIENTED_EDGE('',*,*,#2066,.F.);
#1190=ORIENTED_EDGE('',*,*,#2112,.F.);
#1191=ORIENTED_EDGE('',*,*,#1963,.F.);
#1192=ORIENTED_EDGE('',*,*,#2114,.T.);
#1193=ORIENTED_EDGE('',*,*,#2067,.F.);
#1194=ORIENTED_EDGE('',*,*,#2113,.F.);
#1195=ORIENTED_EDGE('',*,*,#1962,.F.);
#1196=ORIENTED_EDGE('',*,*,#2115,.T.);
#1197=ORIENTED_EDGE('',*,*,#2068,.F.);
#1198=ORIENTED_EDGE('',*,*,#2114,.F.);
#1199=ORIENTED_EDGE('',*,*,#1961,.F.);
#1200=ORIENTED_EDGE('',*,*,#2116,.T.);
#1201=ORIENTED_EDGE('',*,*,#2069,.F.);
#1202=ORIENTED_EDGE('',*,*,#2115,.F.);
#1203=ORIENTED_EDGE('',*,*,#1960,.F.);
#1204=ORIENTED_EDGE('',*,*,#2117,.T.);
#1205=ORIENTED_EDGE('',*,*,#2070,.F.);
#1206=ORIENTED_EDGE('',*,*,#2116,.F.);
#1207=ORIENTED_EDGE('',*,*,#1959,.F.);
#1208=ORIENTED_EDGE('',*,*,#2118,.T.);
#1209=ORIENTED_EDGE('',*,*,#2071,.F.);
#1210=ORIENTED_EDGE('',*,*,#2117,.F.);
#1211=ORIENTED_EDGE('',*,*,#1958,.F.);
#1212=ORIENTED_EDGE('',*,*,#2119,.T.);
#1213=ORIENTED_EDGE('',*,*,#2072,.F.);
#1214=ORIENTED_EDGE('',*,*,#2118,.F.);
#1215=ORIENTED_EDGE('',*,*,#1957,.F.);
#1216=ORIENTED_EDGE('',*,*,#2120,.T.);
#1217=ORIENTED_EDGE('',*,*,#2073,.F.);
#1218=ORIENTED_EDGE('',*,*,#2119,.F.);
#1219=ORIENTED_EDGE('',*,*,#1956,.F.);
#1220=ORIENTED_EDGE('',*,*,#2121,.T.);
#1221=ORIENTED_EDGE('',*,*,#2074,.F.);
#1222=ORIENTED_EDGE('',*,*,#2120,.F.);
#1223=ORIENTED_EDGE('',*,*,#1955,.F.);
#1224=ORIENTED_EDGE('',*,*,#2122,.T.);
#1225=ORIENTED_EDGE('',*,*,#2075,.F.);
#1226=ORIENTED_EDGE('',*,*,#2121,.F.);
#1227=ORIENTED_EDGE('',*,*,#1954,.F.);
#1228=ORIENTED_EDGE('',*,*,#2123,.T.);
#1229=ORIENTED_EDGE('',*,*,#2076,.F.);
#1230=ORIENTED_EDGE('',*,*,#2122,.F.);
#1231=ORIENTED_EDGE('',*,*,#1953,.F.);
#1232=ORIENTED_EDGE('',*,*,#2124,.T.);
#1233=ORIENTED_EDGE('',*,*,#2077,.F.);
#1234=ORIENTED_EDGE('',*,*,#2123,.F.);
#1235=ORIENTED_EDGE('',*,*,#1952,.F.);
#1236=ORIENTED_EDGE('',*,*,#2125,.T.);
#1237=ORIENTED_EDGE('',*,*,#2078,.F.);
#1238=ORIENTED_EDGE('',*,*,#2124,.F.);
#1239=ORIENTED_EDGE('',*,*,#1951,.F.);
#1240=ORIENTED_EDGE('',*,*,#2126,.T.);
#1241=ORIENTED_EDGE('',*,*,#2079,.F.);
#1242=ORIENTED_EDGE('',*,*,#2125,.F.);
#1243=ORIENTED_EDGE('',*,*,#1950,.F.);
#1244=ORIENTED_EDGE('',*,*,#2127,.T.);
#1245=ORIENTED_EDGE('',*,*,#2080,.F.);
#1246=ORIENTED_EDGE('',*,*,#2126,.F.);
#1247=ORIENTED_EDGE('',*,*,#1949,.F.);
#1248=ORIENTED_EDGE('',*,*,#2128,.T.);
#1249=ORIENTED_EDGE('',*,*,#2081,.F.);
#1250=ORIENTED_EDGE('',*,*,#2127,.F.);
#1251=ORIENTED_EDGE('',*,*,#1948,.F.);
#1252=ORIENTED_EDGE('',*,*,#2129,.T.);
#1253=ORIENTED_EDGE('',*,*,#2082,.F.);
#1254=ORIENTED_EDGE('',*,*,#2128,.F.);
#1255=ORIENTED_EDGE('',*,*,#1947,.F.);
#1256=ORIENTED_EDGE('',*,*,#2130,.T.);
#1257=ORIENTED_EDGE('',*,*,#2083,.F.);
#1258=ORIENTED_EDGE('',*,*,#2129,.F.);
#1259=ORIENTED_EDGE('',*,*,#1946,.F.);
#1260=ORIENTED_EDGE('',*,*,#2131,.T.);
#1261=ORIENTED_EDGE('',*,*,#2084,.F.);
#1262=ORIENTED_EDGE('',*,*,#2130,.F.);
#1263=ORIENTED_EDGE('',*,*,#1945,.F.);
#1264=ORIENTED_EDGE('',*,*,#2132,.T.);
#1265=ORIENTED_EDGE('',*,*,#2085,.F.);
#1266=ORIENTED_EDGE('',*,*,#2131,.F.);
#1267=ORIENTED_EDGE('',*,*,#1944,.F.);
#1268=ORIENTED_EDGE('',*,*,#2133,.T.);
#1269=ORIENTED_EDGE('',*,*,#2086,.F.);
#1270=ORIENTED_EDGE('',*,*,#2132,.F.);
#1271=ORIENTED_EDGE('',*,*,#1943,.F.);
#1272=ORIENTED_EDGE('',*,*,#2134,.T.);
#1273=ORIENTED_EDGE('',*,*,#2087,.F.);
#1274=ORIENTED_EDGE('',*,*,#2133,.F.);
#1275=ORIENTED_EDGE('',*,*,#1942,.F.);
#1276=ORIENTED_EDGE('',*,*,#2135,.T.);
#1277=ORIENTED_EDGE('',*,*,#2088,.F.);
#1278=ORIENTED_EDGE('',*,*,#2134,.F.);
#1279=ORIENTED_EDGE('',*,*,#1941,.F.);
#1280=ORIENTED_EDGE('',*,*,#2136,.T.);
#1281=ORIENTED_EDGE('',*,*,#2089,.F.);
#1282=ORIENTED_EDGE('',*,*,#2135,.F.);
#1283=ORIENTED_EDGE('',*,*,#1940,.F.);
#1284=ORIENTED_EDGE('',*,*,#2137,.T.);
#1285=ORIENTED_EDGE('',*,*,#2090,.F.);
#1286=ORIENTED_EDGE('',*,*,#2136,.F.);
#1287=ORIENTED_EDGE('',*,*,#1939,.F.);
#1288=ORIENTED_EDGE('',*,*,#2138,.T.);
#1289=ORIENTED_EDGE('',*,*,#2091,.F.);
#1290=ORIENTED_EDGE('',*,*,#2137,.F.);
#1291=ORIENTED_EDGE('',*,*,#1938,.F.);
#1292=ORIENTED_EDGE('',*,*,#2139,.T.);
#1293=ORIENTED_EDGE('',*,*,#2092,.F.);
#1294=ORIENTED_EDGE('',*,*,#2138,.F.);
#1295=ORIENTED_EDGE('',*,*,#1937,.F.);
#1296=ORIENTED_EDGE('',*,*,#2140,.T.);
#1297=ORIENTED_EDGE('',*,*,#2093,.F.);
#1298=ORIENTED_EDGE('',*,*,#2139,.F.);
#1299=ORIENTED_EDGE('',*,*,#1936,.F.);
#1300=ORIENTED_EDGE('',*,*,#2141,.T.);
#1301=ORIENTED_EDGE('',*,*,#2094,.F.);
#1302=ORIENTED_EDGE('',*,*,#2140,.F.);
#1303=ORIENTED_EDGE('',*,*,#1935,.F.);
#1304=ORIENTED_EDGE('',*,*,#2142,.T.);
#1305=ORIENTED_EDGE('',*,*,#2095,.F.);
#1306=ORIENTED_EDGE('',*,*,#2141,.F.);
#1307=ORIENTED_EDGE('',*,*,#1934,.F.);
#1308=ORIENTED_EDGE('',*,*,#2143,.T.);
#1309=ORIENTED_EDGE('',*,*,#2096,.F.);
#1310=ORIENTED_EDGE('',*,*,#2142,.F.);
#1311=ORIENTED_EDGE('',*,*,#1933,.F.);
#1312=ORIENTED_EDGE('',*,*,#2144,.T.);
#1313=ORIENTED_EDGE('',*,*,#2097,.F.);
#1314=ORIENTED_EDGE('',*,*,#2143,.F.);
#1315=ORIENTED_EDGE('',*,*,#1932,.F.);
#1316=ORIENTED_EDGE('',*,*,#2145,.T.);
#1317=ORIENTED_EDGE('',*,*,#2098,.F.);
#1318=ORIENTED_EDGE('',*,*,#2144,.F.);
#1319=ORIENTED_EDGE('',*,*,#1931,.F.);
#1320=ORIENTED_EDGE('',*,*,#2146,.T.);
#1321=ORIENTED_EDGE('',*,*,#2099,.F.);
#1322=ORIENTED_EDGE('',*,*,#2145,.F.);
#1323=ORIENTED_EDGE('',*,*,#1930,.F.);
#1324=ORIENTED_EDGE('',*,*,#2147,.T.);
#1325=ORIENTED_EDGE('',*,*,#2100,.F.);
#1326=ORIENTED_EDGE('',*,*,#2146,.F.);
#1327=ORIENTED_EDGE('',*,*,#1929,.F.);
#1328=ORIENTED_EDGE('',*,*,#2148,.T.);
#1329=ORIENTED_EDGE('',*,*,#2101,.F.);
#1330=ORIENTED_EDGE('',*,*,#2147,.F.);
#1331=ORIENTED_EDGE('',*,*,#1928,.F.);
#1332=ORIENTED_EDGE('',*,*,#2149,.T.);
#1333=ORIENTED_EDGE('',*,*,#2102,.F.);
#1334=ORIENTED_EDGE('',*,*,#2148,.F.);
#1335=ORIENTED_EDGE('',*,*,#1927,.F.);
#1336=ORIENTED_EDGE('',*,*,#2150,.T.);
#1337=ORIENTED_EDGE('',*,*,#2103,.F.);
#1338=ORIENTED_EDGE('',*,*,#2149,.F.);
#1339=ORIENTED_EDGE('',*,*,#1926,.F.);
#1340=ORIENTED_EDGE('',*,*,#2151,.T.);
#1341=ORIENTED_EDGE('',*,*,#2104,.F.);
#1342=ORIENTED_EDGE('',*,*,#2150,.F.);
#1343=ORIENTED_EDGE('',*,*,#1925,.F.);
#1344=ORIENTED_EDGE('',*,*,#2152,.T.);
#1345=ORIENTED_EDGE('',*,*,#2105,.F.);
#1346=ORIENTED_EDGE('',*,*,#2151,.F.);
#1347=ORIENTED_EDGE('',*,*,#1924,.F.);
#1348=ORIENTED_EDGE('',*,*,#2108,.T.);
#1349=ORIENTED_EDGE('',*,*,#2106,.F.);
#1350=ORIENTED_EDGE('',*,*,#2152,.F.);
#1351=ORIENTED_EDGE('',*,*,#1923,.F.);
#1352=ORIENTED_EDGE('',*,*,#2060,.F.);
#1353=ORIENTED_EDGE('',*,*,#1922,.F.);
#1354=ORIENTED_EDGE('',*,*,#2153,.T.);
#1355=ORIENTED_EDGE('',*,*,#2028,.F.);
#1356=ORIENTED_EDGE('',*,*,#2154,.F.);
#1357=ORIENTED_EDGE('',*,*,#1921,.F.);
#1358=ORIENTED_EDGE('',*,*,#2155,.T.);
#1359=ORIENTED_EDGE('',*,*,#2029,.F.);
#1360=ORIENTED_EDGE('',*,*,#2153,.F.);
#1361=ORIENTED_EDGE('',*,*,#1920,.F.);
#1362=ORIENTED_EDGE('',*,*,#2156,.T.);
#1363=ORIENTED_EDGE('',*,*,#2030,.F.);
#1364=ORIENTED_EDGE('',*,*,#2155,.F.);
#1365=ORIENTED_EDGE('',*,*,#1919,.F.);
#1366=ORIENTED_EDGE('',*,*,#2157,.T.);
#1367=ORIENTED_EDGE('',*,*,#2031,.F.);
#1368=ORIENTED_EDGE('',*,*,#2156,.F.);
#1369=ORIENTED_EDGE('',*,*,#1918,.F.);
#1370=ORIENTED_EDGE('',*,*,#2158,.T.);
#1371=ORIENTED_EDGE('',*,*,#2032,.F.);
#1372=ORIENTED_EDGE('',*,*,#2157,.F.);
#1373=ORIENTED_EDGE('',*,*,#1917,.F.);
#1374=ORIENTED_EDGE('',*,*,#2159,.T.);
#1375=ORIENTED_EDGE('',*,*,#2033,.F.);
#1376=ORIENTED_EDGE('',*,*,#2158,.F.);
#1377=ORIENTED_EDGE('',*,*,#1916,.F.);
#1378=ORIENTED_EDGE('',*,*,#2160,.T.);
#1379=ORIENTED_EDGE('',*,*,#2034,.F.);
#1380=ORIENTED_EDGE('',*,*,#2159,.F.);
#1381=ORIENTED_EDGE('',*,*,#1915,.F.);
#1382=ORIENTED_EDGE('',*,*,#2161,.T.);
#1383=ORIENTED_EDGE('',*,*,#2035,.F.);
#1384=ORIENTED_EDGE('',*,*,#2160,.F.);
#1385=ORIENTED_EDGE('',*,*,#1914,.F.);
#1386=ORIENTED_EDGE('',*,*,#2162,.T.);
#1387=ORIENTED_EDGE('',*,*,#2036,.F.);
#1388=ORIENTED_EDGE('',*,*,#2161,.F.);
#1389=ORIENTED_EDGE('',*,*,#1913,.F.);
#1390=ORIENTED_EDGE('',*,*,#2163,.T.);
#1391=ORIENTED_EDGE('',*,*,#2037,.F.);
#1392=ORIENTED_EDGE('',*,*,#2162,.F.);
#1393=ORIENTED_EDGE('',*,*,#1912,.F.);
#1394=ORIENTED_EDGE('',*,*,#2164,.T.);
#1395=ORIENTED_EDGE('',*,*,#2038,.F.);
#1396=ORIENTED_EDGE('',*,*,#2163,.F.);
#1397=ORIENTED_EDGE('',*,*,#1911,.F.);
#1398=ORIENTED_EDGE('',*,*,#2165,.T.);
#1399=ORIENTED_EDGE('',*,*,#2039,.F.);
#1400=ORIENTED_EDGE('',*,*,#2164,.F.);
#1401=ORIENTED_EDGE('',*,*,#1910,.F.);
#1402=ORIENTED_EDGE('',*,*,#2166,.T.);
#1403=ORIENTED_EDGE('',*,*,#2040,.F.);
#1404=ORIENTED_EDGE('',*,*,#2165,.F.);
#1405=ORIENTED_EDGE('',*,*,#1909,.F.);
#1406=ORIENTED_EDGE('',*,*,#2167,.T.);
#1407=ORIENTED_EDGE('',*,*,#2041,.F.);
#1408=ORIENTED_EDGE('',*,*,#2166,.F.);
#1409=ORIENTED_EDGE('',*,*,#1908,.F.);
#1410=ORIENTED_EDGE('',*,*,#2168,.T.);
#1411=ORIENTED_EDGE('',*,*,#2042,.F.);
#1412=ORIENTED_EDGE('',*,*,#2167,.F.);
#1413=ORIENTED_EDGE('',*,*,#1907,.F.);
#1414=ORIENTED_EDGE('',*,*,#2169,.T.);
#1415=ORIENTED_EDGE('',*,*,#2043,.F.);
#1416=ORIENTED_EDGE('',*,*,#2168,.F.);
#1417=ORIENTED_EDGE('',*,*,#1906,.F.);
#1418=ORIENTED_EDGE('',*,*,#2170,.T.);
#1419=ORIENTED_EDGE('',*,*,#2044,.F.);
#1420=ORIENTED_EDGE('',*,*,#2169,.F.);
#1421=ORIENTED_EDGE('',*,*,#1905,.F.);
#1422=ORIENTED_EDGE('',*,*,#2171,.T.);
#1423=ORIENTED_EDGE('',*,*,#2045,.F.);
#1424=ORIENTED_EDGE('',*,*,#2170,.F.);
#1425=ORIENTED_EDGE('',*,*,#1904,.F.);
#1426=ORIENTED_EDGE('',*,*,#2172,.T.);
#1427=ORIENTED_EDGE('',*,*,#2046,.F.);
#1428=ORIENTED_EDGE('',*,*,#2171,.F.);
#1429=ORIENTED_EDGE('',*,*,#1903,.F.);
#1430=ORIENTED_EDGE('',*,*,#2173,.T.);
#1431=ORIENTED_EDGE('',*,*,#2047,.F.);
#1432=ORIENTED_EDGE('',*,*,#2172,.F.);
#1433=ORIENTED_EDGE('',*,*,#1902,.F.);
#1434=ORIENTED_EDGE('',*,*,#2174,.T.);
#1435=ORIENTED_EDGE('',*,*,#2048,.F.);
#1436=ORIENTED_EDGE('',*,*,#2173,.F.);
#1437=ORIENTED_EDGE('',*,*,#1901,.F.);
#1438=ORIENTED_EDGE('',*,*,#2175,.T.);
#1439=ORIENTED_EDGE('',*,*,#2049,.F.);
#1440=ORIENTED_EDGE('',*,*,#2174,.F.);
#1441=ORIENTED_EDGE('',*,*,#1900,.F.);
#1442=ORIENTED_EDGE('',*,*,#2176,.T.);
#1443=ORIENTED_EDGE('',*,*,#2050,.F.);
#1444=ORIENTED_EDGE('',*,*,#2175,.F.);
#1445=ORIENTED_EDGE('',*,*,#1899,.F.);
#1446=ORIENTED_EDGE('',*,*,#2177,.T.);
#1447=ORIENTED_EDGE('',*,*,#2051,.F.);
#1448=ORIENTED_EDGE('',*,*,#2176,.F.);
#1449=ORIENTED_EDGE('',*,*,#1898,.F.);
#1450=ORIENTED_EDGE('',*,*,#2178,.T.);
#1451=ORIENTED_EDGE('',*,*,#2052,.F.);
#1452=ORIENTED_EDGE('',*,*,#2177,.F.);
#1453=ORIENTED_EDGE('',*,*,#1897,.F.);
#1454=ORIENTED_EDGE('',*,*,#2179,.T.);
#1455=ORIENTED_EDGE('',*,*,#2053,.F.);
#1456=ORIENTED_EDGE('',*,*,#2178,.F.);
#1457=ORIENTED_EDGE('',*,*,#1896,.F.);
#1458=ORIENTED_EDGE('',*,*,#2180,.T.);
#1459=ORIENTED_EDGE('',*,*,#2054,.F.);
#1460=ORIENTED_EDGE('',*,*,#2179,.F.);
#1461=ORIENTED_EDGE('',*,*,#1895,.F.);
#1462=ORIENTED_EDGE('',*,*,#2181,.T.);
#1463=ORIENTED_EDGE('',*,*,#2055,.F.);
#1464=ORIENTED_EDGE('',*,*,#2180,.F.);
#1465=ORIENTED_EDGE('',*,*,#1894,.F.);
#1466=ORIENTED_EDGE('',*,*,#2182,.T.);
#1467=ORIENTED_EDGE('',*,*,#2056,.F.);
#1468=ORIENTED_EDGE('',*,*,#2181,.F.);
#1469=ORIENTED_EDGE('',*,*,#1893,.F.);
#1470=ORIENTED_EDGE('',*,*,#2183,.T.);
#1471=ORIENTED_EDGE('',*,*,#2057,.F.);
#1472=ORIENTED_EDGE('',*,*,#2182,.F.);
#1473=ORIENTED_EDGE('',*,*,#1892,.F.);
#1474=ORIENTED_EDGE('',*,*,#2184,.T.);
#1475=ORIENTED_EDGE('',*,*,#2058,.F.);
#1476=ORIENTED_EDGE('',*,*,#2183,.F.);
#1477=ORIENTED_EDGE('',*,*,#1891,.F.);
#1478=ORIENTED_EDGE('',*,*,#2154,.T.);
#1479=ORIENTED_EDGE('',*,*,#2059,.F.);
#1480=ORIENTED_EDGE('',*,*,#2184,.F.);
#1481=ORIENTED_EDGE('',*,*,#1890,.F.);
#1482=ORIENTED_EDGE('',*,*,#2185,.T.);
#1483=ORIENTED_EDGE('',*,*,#1996,.F.);
#1484=ORIENTED_EDGE('',*,*,#2186,.F.);
#1485=ORIENTED_EDGE('',*,*,#1889,.F.);
#1486=ORIENTED_EDGE('',*,*,#2187,.T.);
#1487=ORIENTED_EDGE('',*,*,#1997,.F.);
#1488=ORIENTED_EDGE('',*,*,#2185,.F.);
#1489=ORIENTED_EDGE('',*,*,#1888,.F.);
#1490=ORIENTED_EDGE('',*,*,#2188,.T.);
#1491=ORIENTED_EDGE('',*,*,#1998,.F.);
#1492=ORIENTED_EDGE('',*,*,#2187,.F.);
#1493=ORIENTED_EDGE('',*,*,#1887,.F.);
#1494=ORIENTED_EDGE('',*,*,#2189,.T.);
#1495=ORIENTED_EDGE('',*,*,#1999,.F.);
#1496=ORIENTED_EDGE('',*,*,#2188,.F.);
#1497=ORIENTED_EDGE('',*,*,#1886,.F.);
#1498=ORIENTED_EDGE('',*,*,#2190,.T.);
#1499=ORIENTED_EDGE('',*,*,#2000,.F.);
#1500=ORIENTED_EDGE('',*,*,#2189,.F.);
#1501=ORIENTED_EDGE('',*,*,#1885,.F.);
#1502=ORIENTED_EDGE('',*,*,#2191,.T.);
#1503=ORIENTED_EDGE('',*,*,#2001,.F.);
#1504=ORIENTED_EDGE('',*,*,#2190,.F.);
#1505=ORIENTED_EDGE('',*,*,#1884,.F.);
#1506=ORIENTED_EDGE('',*,*,#2192,.T.);
#1507=ORIENTED_EDGE('',*,*,#2002,.F.);
#1508=ORIENTED_EDGE('',*,*,#2191,.F.);
#1509=ORIENTED_EDGE('',*,*,#1883,.F.);
#1510=ORIENTED_EDGE('',*,*,#2193,.T.);
#1511=ORIENTED_EDGE('',*,*,#2003,.F.);
#1512=ORIENTED_EDGE('',*,*,#2192,.F.);
#1513=ORIENTED_EDGE('',*,*,#1882,.F.);
#1514=ORIENTED_EDGE('',*,*,#2194,.T.);
#1515=ORIENTED_EDGE('',*,*,#2004,.F.);
#1516=ORIENTED_EDGE('',*,*,#2193,.F.);
#1517=ORIENTED_EDGE('',*,*,#1881,.F.);
#1518=ORIENTED_EDGE('',*,*,#2195,.T.);
#1519=ORIENTED_EDGE('',*,*,#2005,.F.);
#1520=ORIENTED_EDGE('',*,*,#2194,.F.);
#1521=ORIENTED_EDGE('',*,*,#1880,.F.);
#1522=ORIENTED_EDGE('',*,*,#2196,.T.);
#1523=ORIENTED_EDGE('',*,*,#2006,.F.);
#1524=ORIENTED_EDGE('',*,*,#2195,.F.);
#1525=ORIENTED_EDGE('',*,*,#1879,.F.);
#1526=ORIENTED_EDGE('',*,*,#2197,.T.);
#1527=ORIENTED_EDGE('',*,*,#2007,.F.);
#1528=ORIENTED_EDGE('',*,*,#2196,.F.);
#1529=ORIENTED_EDGE('',*,*,#1878,.F.);
#1530=ORIENTED_EDGE('',*,*,#2198,.T.);
#1531=ORIENTED_EDGE('',*,*,#2008,.F.);
#1532=ORIENTED_EDGE('',*,*,#2197,.F.);
#1533=ORIENTED_EDGE('',*,*,#1877,.F.);
#1534=ORIENTED_EDGE('',*,*,#2199,.T.);
#1535=ORIENTED_EDGE('',*,*,#2009,.F.);
#1536=ORIENTED_EDGE('',*,*,#2198,.F.);
#1537=ORIENTED_EDGE('',*,*,#1876,.F.);
#1538=ORIENTED_EDGE('',*,*,#2200,.T.);
#1539=ORIENTED_EDGE('',*,*,#2010,.F.);
#1540=ORIENTED_EDGE('',*,*,#2199,.F.);
#1541=ORIENTED_EDGE('',*,*,#1875,.F.);
#1542=ORIENTED_EDGE('',*,*,#2201,.T.);
#1543=ORIENTED_EDGE('',*,*,#2011,.F.);
#1544=ORIENTED_EDGE('',*,*,#2200,.F.);
#1545=ORIENTED_EDGE('',*,*,#1874,.F.);
#1546=ORIENTED_EDGE('',*,*,#2202,.T.);
#1547=ORIENTED_EDGE('',*,*,#2012,.F.);
#1548=ORIENTED_EDGE('',*,*,#2201,.F.);
#1549=ORIENTED_EDGE('',*,*,#1873,.F.);
#1550=ORIENTED_EDGE('',*,*,#2203,.T.);
#1551=ORIENTED_EDGE('',*,*,#2013,.F.);
#1552=ORIENTED_EDGE('',*,*,#2202,.F.);
#1553=ORIENTED_EDGE('',*,*,#1872,.F.);
#1554=ORIENTED_EDGE('',*,*,#2204,.T.);
#1555=ORIENTED_EDGE('',*,*,#2014,.F.);
#1556=ORIENTED_EDGE('',*,*,#2203,.F.);
#1557=ORIENTED_EDGE('',*,*,#1871,.F.);
#1558=ORIENTED_EDGE('',*,*,#2205,.T.);
#1559=ORIENTED_EDGE('',*,*,#2015,.F.);
#1560=ORIENTED_EDGE('',*,*,#2204,.F.);
#1561=ORIENTED_EDGE('',*,*,#1870,.F.);
#1562=ORIENTED_EDGE('',*,*,#2206,.T.);
#1563=ORIENTED_EDGE('',*,*,#2016,.F.);
#1564=ORIENTED_EDGE('',*,*,#2205,.F.);
#1565=ORIENTED_EDGE('',*,*,#1869,.F.);
#1566=ORIENTED_EDGE('',*,*,#2207,.T.);
#1567=ORIENTED_EDGE('',*,*,#2017,.F.);
#1568=ORIENTED_EDGE('',*,*,#2206,.F.);
#1569=ORIENTED_EDGE('',*,*,#1868,.F.);
#1570=ORIENTED_EDGE('',*,*,#2208,.T.);
#1571=ORIENTED_EDGE('',*,*,#2018,.F.);
#1572=ORIENTED_EDGE('',*,*,#2207,.F.);
#1573=ORIENTED_EDGE('',*,*,#1867,.F.);
#1574=ORIENTED_EDGE('',*,*,#2209,.T.);
#1575=ORIENTED_EDGE('',*,*,#2019,.F.);
#1576=ORIENTED_EDGE('',*,*,#2208,.F.);
#1577=ORIENTED_EDGE('',*,*,#1866,.F.);
#1578=ORIENTED_EDGE('',*,*,#2210,.T.);
#1579=ORIENTED_EDGE('',*,*,#2020,.F.);
#1580=ORIENTED_EDGE('',*,*,#2209,.F.);
#1581=ORIENTED_EDGE('',*,*,#1865,.F.);
#1582=ORIENTED_EDGE('',*,*,#2211,.T.);
#1583=ORIENTED_EDGE('',*,*,#2021,.F.);
#1584=ORIENTED_EDGE('',*,*,#2210,.F.);
#1585=ORIENTED_EDGE('',*,*,#1864,.F.);
#1586=ORIENTED_EDGE('',*,*,#2212,.T.);
#1587=ORIENTED_EDGE('',*,*,#2022,.F.);
#1588=ORIENTED_EDGE('',*,*,#2211,.F.);
#1589=ORIENTED_EDGE('',*,*,#1863,.F.);
#1590=ORIENTED_EDGE('',*,*,#2213,.T.);
#1591=ORIENTED_EDGE('',*,*,#2023,.F.);
#1592=ORIENTED_EDGE('',*,*,#2212,.F.);
#1593=ORIENTED_EDGE('',*,*,#1862,.F.);
#1594=ORIENTED_EDGE('',*,*,#2214,.T.);
#1595=ORIENTED_EDGE('',*,*,#2024,.F.);
#1596=ORIENTED_EDGE('',*,*,#2213,.F.);
#1597=ORIENTED_EDGE('',*,*,#1861,.F.);
#1598=ORIENTED_EDGE('',*,*,#2215,.T.);
#1599=ORIENTED_EDGE('',*,*,#2025,.F.);
#1600=ORIENTED_EDGE('',*,*,#2214,.F.);
#1601=ORIENTED_EDGE('',*,*,#1860,.F.);
#1602=ORIENTED_EDGE('',*,*,#2216,.T.);
#1603=ORIENTED_EDGE('',*,*,#2026,.F.);
#1604=ORIENTED_EDGE('',*,*,#2215,.F.);
#1605=ORIENTED_EDGE('',*,*,#1859,.F.);
#1606=ORIENTED_EDGE('',*,*,#2186,.T.);
#1607=ORIENTED_EDGE('',*,*,#2027,.F.);
#1608=ORIENTED_EDGE('',*,*,#2216,.F.);
#1609=ORIENTED_EDGE('',*,*,#1858,.F.);
#1610=ORIENTED_EDGE('',*,*,#2217,.T.);
#1611=ORIENTED_EDGE('',*,*,#1992,.F.);
#1612=ORIENTED_EDGE('',*,*,#2218,.F.);
#1613=ORIENTED_EDGE('',*,*,#1857,.F.);
#1614=ORIENTED_EDGE('',*,*,#2219,.T.);
#1615=ORIENTED_EDGE('',*,*,#1993,.F.);
#1616=ORIENTED_EDGE('',*,*,#2217,.F.);
#1617=ORIENTED_EDGE('',*,*,#1856,.F.);
#1618=ORIENTED_EDGE('',*,*,#2220,.T.);
#1619=ORIENTED_EDGE('',*,*,#1994,.F.);
#1620=ORIENTED_EDGE('',*,*,#2219,.F.);
#1621=ORIENTED_EDGE('',*,*,#1855,.F.);
#1622=ORIENTED_EDGE('',*,*,#2218,.T.);
#1623=ORIENTED_EDGE('',*,*,#1995,.F.);
#1624=ORIENTED_EDGE('',*,*,#2220,.F.);
#1625=ORIENTED_EDGE('',*,*,#1854,.F.);
#1626=ORIENTED_EDGE('',*,*,#2221,.T.);
#1627=ORIENTED_EDGE('',*,*,#1988,.F.);
#1628=ORIENTED_EDGE('',*,*,#2222,.F.);
#1629=ORIENTED_EDGE('',*,*,#1853,.F.);
#1630=ORIENTED_EDGE('',*,*,#2223,.T.);
#1631=ORIENTED_EDGE('',*,*,#1989,.F.);
#1632=ORIENTED_EDGE('',*,*,#2221,.F.);
#1633=ORIENTED_EDGE('',*,*,#1852,.F.);
#1634=ORIENTED_EDGE('',*,*,#2224,.T.);
#1635=ORIENTED_EDGE('',*,*,#1990,.F.);
#1636=ORIENTED_EDGE('',*,*,#2223,.F.);
#1637=ORIENTED_EDGE('',*,*,#1851,.F.);
#1638=ORIENTED_EDGE('',*,*,#2222,.T.);
#1639=ORIENTED_EDGE('',*,*,#1991,.F.);
#1640=ORIENTED_EDGE('',*,*,#2224,.F.);
#1641=ORIENTED_EDGE('',*,*,#1850,.F.);
#1642=ORIENTED_EDGE('',*,*,#2225,.T.);
#1643=ORIENTED_EDGE('',*,*,#1984,.F.);
#1644=ORIENTED_EDGE('',*,*,#2226,.F.);
#1645=ORIENTED_EDGE('',*,*,#1849,.F.);
#1646=ORIENTED_EDGE('',*,*,#2227,.T.);
#1647=ORIENTED_EDGE('',*,*,#1985,.F.);
#1648=ORIENTED_EDGE('',*,*,#2225,.F.);
#1649=ORIENTED_EDGE('',*,*,#1848,.F.);
#1650=ORIENTED_EDGE('',*,*,#2228,.T.);
#1651=ORIENTED_EDGE('',*,*,#1986,.F.);
#1652=ORIENTED_EDGE('',*,*,#2227,.F.);
#1653=ORIENTED_EDGE('',*,*,#1847,.F.);
#1654=ORIENTED_EDGE('',*,*,#2226,.T.);
#1655=ORIENTED_EDGE('',*,*,#1987,.F.);
#1656=ORIENTED_EDGE('',*,*,#2228,.F.);
#1657=ORIENTED_EDGE('',*,*,#1846,.F.);
#1658=ORIENTED_EDGE('',*,*,#1983,.F.);
#1659=ORIENTED_EDGE('',*,*,#1845,.F.);
#1660=ORIENTED_EDGE('',*,*,#1982,.F.);
#1661=ORIENTED_EDGE('',*,*,#1844,.F.);
#1662=ORIENTED_EDGE('',*,*,#2229,.T.);
#1663=ORIENTED_EDGE('',*,*,#1980,.F.);
#1664=ORIENTED_EDGE('',*,*,#2230,.F.);
#1665=ORIENTED_EDGE('',*,*,#1843,.F.);
#1666=ORIENTED_EDGE('',*,*,#2230,.T.);
#1667=ORIENTED_EDGE('',*,*,#1981,.F.);
#1668=ORIENTED_EDGE('',*,*,#2229,.F.);
#1669=ORIENTED_EDGE('',*,*,#1842,.F.);
#1670=ORIENTED_EDGE('',*,*,#2231,.T.);
#1671=ORIENTED_EDGE('',*,*,#1978,.F.);
#1672=ORIENTED_EDGE('',*,*,#2232,.F.);
#1673=ORIENTED_EDGE('',*,*,#1841,.F.);
#1674=ORIENTED_EDGE('',*,*,#2232,.T.);
#1675=ORIENTED_EDGE('',*,*,#1979,.F.);
#1676=ORIENTED_EDGE('',*,*,#2231,.F.);
#1677=ORIENTED_EDGE('',*,*,#1840,.F.);
#1678=ORIENTED_EDGE('',*,*,#2233,.T.);
#1679=ORIENTED_EDGE('',*,*,#1976,.F.);
#1680=ORIENTED_EDGE('',*,*,#2234,.F.);
#1681=ORIENTED_EDGE('',*,*,#1839,.F.);
#1682=ORIENTED_EDGE('',*,*,#2234,.T.);
#1683=ORIENTED_EDGE('',*,*,#1977,.F.);
#1684=ORIENTED_EDGE('',*,*,#2233,.F.);
#1685=ORIENTED_EDGE('',*,*,#1838,.F.);
#1686=ORIENTED_EDGE('',*,*,#2235,.T.);
#1687=ORIENTED_EDGE('',*,*,#1974,.F.);
#1688=ORIENTED_EDGE('',*,*,#2236,.F.);
#1689=ORIENTED_EDGE('',*,*,#1837,.F.);
#1690=ORIENTED_EDGE('',*,*,#2236,.T.);
#1691=ORIENTED_EDGE('',*,*,#1975,.F.);
#1692=ORIENTED_EDGE('',*,*,#2235,.F.);
#1693=ORIENTED_EDGE('',*,*,#1712,.F.);
#1694=ORIENTED_EDGE('',*,*,#2237,.T.);
#1695=ORIENTED_EDGE('',*,*,#1970,.F.);
#1696=ORIENTED_EDGE('',*,*,#2238,.F.);
#1697=ORIENTED_EDGE('',*,*,#1711,.F.);
#1698=ORIENTED_EDGE('',*,*,#2239,.T.);
#1699=ORIENTED_EDGE('',*,*,#1971,.F.);
#1700=ORIENTED_EDGE('',*,*,#2237,.F.);
#1701=ORIENTED_EDGE('',*,*,#1710,.F.);
#1702=ORIENTED_EDGE('',*,*,#2240,.T.);
#1703=ORIENTED_EDGE('',*,*,#1972,.F.);
#1704=ORIENTED_EDGE('',*,*,#2239,.F.);
#1705=ORIENTED_EDGE('',*,*,#1709,.F.);
#1706=ORIENTED_EDGE('',*,*,#2238,.T.);
#1707=ORIENTED_EDGE('',*,*,#1973,.F.);
#1708=ORIENTED_EDGE('',*,*,#2240,.F.);
#1709=EDGE_CURVE('',#2241,#2242,#2631,.T.);
#1710=EDGE_CURVE('',#2242,#2243,#2632,.T.);
#1711=EDGE_CURVE('',#2243,#2244,#2633,.T.);
#1712=EDGE_CURVE('',#2244,#2241,#2634,.T.);
#1713=EDGE_CURVE('',#2245,#2245,#525,.T.);
#1714=EDGE_CURVE('',#2246,#2246,#526,.T.);
#1715=EDGE_CURVE('',#2247,#2247,#527,.T.);
#1716=EDGE_CURVE('',#2248,#2248,#528,.T.);
#1717=EDGE_CURVE('',#2249,#2249,#529,.T.);
#1718=EDGE_CURVE('',#2250,#2250,#530,.T.);
#1719=EDGE_CURVE('',#2251,#2251,#531,.T.);
#1720=EDGE_CURVE('',#2252,#2252,#532,.T.);
#1721=EDGE_CURVE('',#2253,#2253,#533,.T.);
#1722=EDGE_CURVE('',#2254,#2254,#534,.T.);
#1723=EDGE_CURVE('',#2255,#2255,#535,.T.);
#1724=EDGE_CURVE('',#2256,#2256,#536,.T.);
#1725=EDGE_CURVE('',#2257,#2257,#537,.T.);
#1726=EDGE_CURVE('',#2258,#2258,#538,.T.);
#1727=EDGE_CURVE('',#2259,#2259,#539,.T.);
#1728=EDGE_CURVE('',#2260,#2260,#540,.T.);
#1729=EDGE_CURVE('',#2261,#2261,#541,.T.);
#1730=EDGE_CURVE('',#2262,#2262,#542,.T.);
#1731=EDGE_CURVE('',#2263,#2263,#543,.T.);
#1732=EDGE_CURVE('',#2264,#2264,#544,.T.);
#1733=EDGE_CURVE('',#2265,#2265,#545,.T.);
#1734=EDGE_CURVE('',#2266,#2266,#546,.T.);
#1735=EDGE_CURVE('',#2267,#2267,#547,.T.);
#1736=EDGE_CURVE('',#2268,#2268,#548,.T.);
#1737=EDGE_CURVE('',#2269,#2269,#549,.T.);
#1738=EDGE_CURVE('',#2270,#2270,#550,.T.);
#1739=EDGE_CURVE('',#2271,#2271,#551,.T.);
#1740=EDGE_CURVE('',#2272,#2272,#552,.T.);
#1741=EDGE_CURVE('',#2273,#2273,#553,.T.);
#1742=EDGE_CURVE('',#2274,#2274,#554,.T.);
#1743=EDGE_CURVE('',#2275,#2275,#555,.T.);
#1744=EDGE_CURVE('',#2276,#2276,#556,.T.);
#1745=EDGE_CURVE('',#2277,#2277,#557,.T.);
#1746=EDGE_CURVE('',#2278,#2278,#558,.T.);
#1747=EDGE_CURVE('',#2279,#2279,#559,.T.);
#1748=EDGE_CURVE('',#2280,#2280,#560,.T.);
#1749=EDGE_CURVE('',#2281,#2281,#561,.T.);
#1750=EDGE_CURVE('',#2282,#2282,#562,.T.);
#1751=EDGE_CURVE('',#2283,#2283,#563,.T.);
#1752=EDGE_CURVE('',#2284,#2284,#564,.T.);
#1753=EDGE_CURVE('',#2285,#2285,#565,.T.);
#1754=EDGE_CURVE('',#2286,#2286,#566,.T.);
#1755=EDGE_CURVE('',#2287,#2288,#567,.T.);
#1756=EDGE_CURVE('',#2288,#2289,#223,.T.);
#1757=EDGE_CURVE('',#2289,#2290,#568,.T.);
#1758=EDGE_CURVE('',#2290,#2291,#224,.T.);
#1759=EDGE_CURVE('',#2291,#2292,#569,.T.);
#1760=EDGE_CURVE('',#2292,#2293,#225,.T.);
#1761=EDGE_CURVE('',#2293,#2294,#570,.T.);
#1762=EDGE_CURVE('',#2294,#2287,#226,.T.);
#1763=EDGE_CURVE('',#2295,#2296,#571,.T.);
#1764=EDGE_CURVE('',#2296,#2288,#227,.T.);
#1765=EDGE_CURVE('',#2295,#2287,#228,.T.);
#1766=EDGE_CURVE('',#2297,#2296,#229,.T.);
#1767=EDGE_CURVE('',#2297,#2289,#230,.T.);
#1768=EDGE_CURVE('',#2297,#2298,#572,.T.);
#1769=EDGE_CURVE('',#2298,#2290,#231,.T.);
#1770=EDGE_CURVE('',#2299,#2298,#232,.T.);
#1771=EDGE_CURVE('',#2299,#2291,#233,.T.);
#1772=EDGE_CURVE('',#2299,#2300,#573,.T.);
#1773=EDGE_CURVE('',#2300,#2292,#234,.T.);
#1774=EDGE_CURVE('',#2301,#2300,#235,.T.);
#1775=EDGE_CURVE('',#2301,#2293,#236,.T.);
#1776=EDGE_CURVE('',#2301,#2302,#574,.T.);
#1777=EDGE_CURVE('',#2302,#2294,#237,.T.);
#1778=EDGE_CURVE('',#2295,#2302,#238,.T.);
#1779=EDGE_CURVE('',#2303,#2303,#575,.T.);
#1780=EDGE_CURVE('',#2304,#2304,#576,.T.);
#1781=EDGE_CURVE('',#2305,#2305,#577,.T.);
#1782=EDGE_CURVE('',#2306,#2306,#578,.T.);
#1783=EDGE_CURVE('',#2307,#2307,#579,.T.);
#1784=EDGE_CURVE('',#2308,#2308,#580,.T.);
#1785=EDGE_CURVE('',#2309,#2309,#581,.T.);
#1786=EDGE_CURVE('',#2310,#2310,#582,.T.);
#1787=EDGE_CURVE('',#2311,#2311,#583,.T.);
#1788=EDGE_CURVE('',#2312,#2312,#584,.T.);
#1789=EDGE_CURVE('',#2313,#2313,#585,.T.);
#1790=EDGE_CURVE('',#2314,#2314,#586,.T.);
#1791=EDGE_CURVE('',#2315,#2315,#587,.T.);
#1792=EDGE_CURVE('',#2316,#2316,#588,.T.);
#1793=EDGE_CURVE('',#2317,#2317,#589,.T.);
#1794=EDGE_CURVE('',#2318,#2318,#590,.T.);
#1795=EDGE_CURVE('',#2319,#2319,#591,.T.);
#1796=EDGE_CURVE('',#2320,#2320,#592,.T.);
#1797=EDGE_CURVE('',#2321,#2321,#593,.T.);
#1798=EDGE_CURVE('',#2322,#2322,#594,.T.);
#1799=EDGE_CURVE('',#2323,#2323,#595,.T.);
#1800=EDGE_CURVE('',#2324,#2324,#596,.T.);
#1801=EDGE_CURVE('',#2325,#2325,#597,.T.);
#1802=EDGE_CURVE('',#2326,#2326,#598,.T.);
#1803=EDGE_CURVE('',#2327,#2327,#599,.T.);
#1804=EDGE_CURVE('',#2328,#2328,#600,.T.);
#1805=EDGE_CURVE('',#2329,#2329,#601,.T.);
#1806=EDGE_CURVE('',#2330,#2330,#602,.T.);
#1807=EDGE_CURVE('',#2331,#2331,#603,.T.);
#1808=EDGE_CURVE('',#2332,#2332,#604,.T.);
#1809=EDGE_CURVE('',#2333,#2333,#605,.T.);
#1810=EDGE_CURVE('',#2334,#2334,#606,.T.);
#1811=EDGE_CURVE('',#2335,#2335,#607,.T.);
#1812=EDGE_CURVE('',#2336,#2336,#608,.T.);
#1813=EDGE_CURVE('',#2337,#2337,#609,.T.);
#1814=EDGE_CURVE('',#2338,#2338,#610,.T.);
#1815=EDGE_CURVE('',#2339,#2339,#611,.T.);
#1816=EDGE_CURVE('',#2340,#2340,#612,.T.);
#1817=EDGE_CURVE('',#2341,#2341,#613,.T.);
#1818=EDGE_CURVE('',#2342,#2342,#614,.T.);
#1819=EDGE_CURVE('',#2343,#2343,#615,.T.);
#1820=EDGE_CURVE('',#2344,#2344,#616,.T.);
#1821=EDGE_CURVE('',#2345,#2345,#617,.T.);
#1822=EDGE_CURVE('',#2346,#2346,#618,.T.);
#1823=EDGE_CURVE('',#2347,#2347,#619,.T.);
#1824=EDGE_CURVE('',#2348,#2348,#620,.T.);
#1825=EDGE_CURVE('',#2349,#2349,#621,.T.);
#1826=EDGE_CURVE('',#2350,#2350,#622,.T.);
#1827=EDGE_CURVE('',#2351,#2351,#623,.T.);
#1828=EDGE_CURVE('',#2352,#2352,#624,.T.);
#1829=EDGE_CURVE('',#2353,#2353,#625,.T.);
#1830=EDGE_CURVE('',#2354,#2354,#626,.T.);
#1831=EDGE_CURVE('',#2355,#2355,#627,.T.);
#1832=EDGE_CURVE('',#2356,#2356,#628,.T.);
#1833=EDGE_CURVE('',#2357,#2357,#629,.T.);
#1834=EDGE_CURVE('',#2358,#2358,#630,.T.);
#1835=EDGE_CURVE('',#2359,#2359,#631,.T.);
#1836=EDGE_CURVE('',#2360,#2360,#632,.T.);
#1837=EDGE_CURVE('',#2361,#2362,#2635,.T.);
#1838=EDGE_CURVE('',#2362,#2361,#2636,.T.);
#1839=EDGE_CURVE('',#2363,#2364,#2637,.T.);
#1840=EDGE_CURVE('',#2364,#2363,#2638,.T.);
#1841=EDGE_CURVE('',#2365,#2366,#2639,.T.);
#1842=EDGE_CURVE('',#2366,#2365,#2640,.T.);
#1843=EDGE_CURVE('',#2367,#2368,#2641,.T.);
#1844=EDGE_CURVE('',#2368,#2367,#2642,.T.);
#1845=EDGE_CURVE('',#2369,#2369,#136,.T.);
#1846=EDGE_CURVE('',#2370,#2370,#137,.T.);
#1847=EDGE_CURVE('',#2371,#2372,#2643,.T.);
#1848=EDGE_CURVE('',#2372,#2373,#2644,.T.);
#1849=EDGE_CURVE('',#2373,#2374,#2645,.T.);
#1850=EDGE_CURVE('',#2374,#2371,#2646,.T.);
#1851=EDGE_CURVE('',#2375,#2376,#2647,.T.);
#1852=EDGE_CURVE('',#2376,#2377,#2648,.T.);
#1853=EDGE_CURVE('',#2377,#2378,#2649,.T.);
#1854=EDGE_CURVE('',#2378,#2375,#2650,.T.);
#1855=EDGE_CURVE('',#2379,#2380,#2651,.T.);
#1856=EDGE_CURVE('',#2380,#2381,#2652,.T.);
#1857=EDGE_CURVE('',#2381,#2382,#2653,.T.);
#1858=EDGE_CURVE('',#2382,#2379,#2654,.T.);
#1859=EDGE_CURVE('',#2383,#2384,#2655,.T.);
#1860=EDGE_CURVE('',#2384,#2385,#2656,.T.);
#1861=EDGE_CURVE('',#2385,#2386,#2657,.T.);
#1862=EDGE_CURVE('',#2386,#2387,#633,.F.);
#1863=EDGE_CURVE('',#2387,#2388,#2658,.T.);
#1864=EDGE_CURVE('',#2388,#2389,#2659,.T.);
#1865=EDGE_CURVE('',#2389,#2390,#2660,.T.);
#1866=EDGE_CURVE('',#2390,#2391,#2661,.T.);
#1867=EDGE_CURVE('',#2391,#2392,#2662,.T.);
#1868=EDGE_CURVE('',#2392,#2393,#634,.F.);
#1869=EDGE_CURVE('',#2393,#2394,#2663,.T.);
#1870=EDGE_CURVE('',#2394,#2395,#2664,.T.);
#1871=EDGE_CURVE('',#2395,#2396,#239,.T.);
#1872=EDGE_CURVE('',#2396,#2397,#2665,.T.);
#1873=EDGE_CURVE('',#2397,#2398,#2666,.T.);
#1874=EDGE_CURVE('',#2398,#2399,#2667,.T.);
#1875=EDGE_CURVE('',#2399,#2400,#2668,.T.);
#1876=EDGE_CURVE('',#2400,#2401,#2669,.T.);
#1877=EDGE_CURVE('',#2401,#2402,#2670,.T.);
#1878=EDGE_CURVE('',#2402,#2403,#2671,.T.);
#1879=EDGE_CURVE('',#2403,#2404,#635,.F.);
#1880=EDGE_CURVE('',#2404,#2405,#2672,.T.);
#1881=EDGE_CURVE('',#2405,#2406,#2673,.T.);
#1882=EDGE_CURVE('',#2406,#2407,#2674,.T.);
#1883=EDGE_CURVE('',#2407,#2408,#2675,.T.);
#1884=EDGE_CURVE('',#2408,#2409,#2676,.T.);
#1885=EDGE_CURVE('',#2409,#2410,#2677,.T.);
#1886=EDGE_CURVE('',#2410,#2411,#2678,.T.);
#1887=EDGE_CURVE('',#2411,#2412,#2679,.T.);
#1888=EDGE_CURVE('',#2412,#2413,#2680,.T.);
#1889=EDGE_CURVE('',#2413,#2414,#2681,.T.);
#1890=EDGE_CURVE('',#2414,#2383,#2682,.T.);
#1891=EDGE_CURVE('',#2415,#2416,#2683,.T.);
#1892=EDGE_CURVE('',#2416,#2417,#2684,.T.);
#1893=EDGE_CURVE('',#2417,#2418,#2685,.T.);
#1894=EDGE_CURVE('',#2418,#2419,#2686,.T.);
#1895=EDGE_CURVE('',#2419,#2420,#2687,.T.);
#1896=EDGE_CURVE('',#2420,#2421,#2688,.T.);
#1897=EDGE_CURVE('',#2421,#2422,#2689,.T.);
#1898=EDGE_CURVE('',#2422,#2423,#2690,.T.);
#1899=EDGE_CURVE('',#2423,#2424,#2691,.T.);
#1900=EDGE_CURVE('',#2424,#2425,#636,.F.);
#1901=EDGE_CURVE('',#2425,#2426,#2692,.T.);
#1902=EDGE_CURVE('',#2426,#2427,#2693,.T.);
#1903=EDGE_CURVE('',#2427,#2428,#2694,.T.);
#1904=EDGE_CURVE('',#2428,#2429,#2695,.T.);
#1905=EDGE_CURVE('',#2429,#2430,#2696,.T.);
#1906=EDGE_CURVE('',#2430,#2431,#2697,.T.);
#1907=EDGE_CURVE('',#2431,#2432,#2698,.T.);
#1908=EDGE_CURVE('',#2432,#2433,#240,.T.);
#1909=EDGE_CURVE('',#2433,#2434,#2699,.T.);
#1910=EDGE_CURVE('',#2434,#2435,#2700,.T.);
#1911=EDGE_CURVE('',#2435,#2436,#637,.F.);
#1912=EDGE_CURVE('',#2436,#2437,#2701,.T.);
#1913=EDGE_CURVE('',#2437,#2438,#2702,.T.);
#1914=EDGE_CURVE('',#2438,#2439,#2703,.T.);
#1915=EDGE_CURVE('',#2439,#2440,#2704,.T.);
#1916=EDGE_CURVE('',#2440,#2441,#2705,.T.);
#1917=EDGE_CURVE('',#2441,#2442,#638,.F.);
#1918=EDGE_CURVE('',#2442,#2443,#2706,.T.);
#1919=EDGE_CURVE('',#2443,#2444,#2707,.T.);
#1920=EDGE_CURVE('',#2444,#2445,#2708,.T.);
#1921=EDGE_CURVE('',#2445,#2446,#2709,.T.);
#1922=EDGE_CURVE('',#2446,#2415,#2710,.T.);
#1923=EDGE_CURVE('',#2447,#2447,#138,.T.);
#1924=EDGE_CURVE('',#2448,#2449,#2711,.T.);
#1925=EDGE_CURVE('',#2449,#2450,#2712,.T.);
#1926=EDGE_CURVE('',#2450,#2451,#241,.T.);
#1927=EDGE_CURVE('',#2451,#2452,#2713,.T.);
#1928=EDGE_CURVE('',#2452,#2453,#2714,.T.);
#1929=EDGE_CURVE('',#2453,#2454,#242,.T.);
#1930=EDGE_CURVE('',#2454,#2455,#2715,.T.);
#1931=EDGE_CURVE('',#2455,#2456,#2716,.T.);
#1932=EDGE_CURVE('',#2456,#2457,#2717,.T.);
#1933=EDGE_CURVE('',#2457,#2458,#2718,.T.);
#1934=EDGE_CURVE('',#2458,#2459,#2719,.T.);
#1935=EDGE_CURVE('',#2459,#2460,#2720,.T.);
#1936=EDGE_CURVE('',#2460,#2461,#2721,.T.);
#1937=EDGE_CURVE('',#2461,#2462,#2722,.T.);
#1938=EDGE_CURVE('',#2462,#2463,#2723,.T.);
#1939=EDGE_CURVE('',#2463,#2464,#2724,.T.);
#1940=EDGE_CURVE('',#2464,#2465,#2725,.T.);
#1941=EDGE_CURVE('',#2465,#2466,#2726,.T.);
#1942=EDGE_CURVE('',#2466,#2467,#2727,.T.);
#1943=EDGE_CURVE('',#2467,#2468,#2728,.T.);
#1944=EDGE_CURVE('',#2468,#2469,#243,.T.);
#1945=EDGE_CURVE('',#2469,#2470,#2729,.T.);
#1946=EDGE_CURVE('',#2470,#2471,#2730,.T.);
#1947=EDGE_CURVE('',#2471,#2472,#2731,.T.);
#1948=EDGE_CURVE('',#2472,#2473,#2732,.T.);
#1949=EDGE_CURVE('',#2473,#2474,#2733,.T.);
#1950=EDGE_CURVE('',#2474,#2475,#244,.T.);
#1951=EDGE_CURVE('',#2475,#2476,#2734,.T.);
#1952=EDGE_CURVE('',#2476,#2477,#2735,.T.);
#1953=EDGE_CURVE('',#2477,#2478,#2736,.T.);
#1954=EDGE_CURVE('',#2478,#2479,#2737,.T.);
#1955=EDGE_CURVE('',#2479,#2480,#2738,.T.);
#1956=EDGE_CURVE('',#2480,#2481,#245,.T.);
#1957=EDGE_CURVE('',#2481,#2482,#2739,.T.);
#1958=EDGE_CURVE('',#2482,#2483,#2740,.T.);
#1959=EDGE_CURVE('',#2483,#2484,#2741,.T.);
#1960=EDGE_CURVE('',#2484,#2485,#2742,.T.);
#1961=EDGE_CURVE('',#2485,#2486,#2743,.T.);
#1962=EDGE_CURVE('',#2486,#2487,#2744,.T.);
#1963=EDGE_CURVE('',#2487,#2488,#2745,.T.);
#1964=EDGE_CURVE('',#2488,#2489,#2746,.T.);
#1965=EDGE_CURVE('',#2489,#2490,#2747,.T.);
#1966=EDGE_CURVE('',#2490,#2491,#2748,.T.);
#1967=EDGE_CURVE('',#2491,#2492,#2749,.T.);
#1968=EDGE_CURVE('',#2492,#2493,#2750,.T.);
#1969=EDGE_CURVE('',#2493,#2448,#2751,.T.);
#1970=EDGE_CURVE('',#2494,#2495,#2752,.T.);
#1971=EDGE_CURVE('',#2495,#2496,#2753,.T.);
#1972=EDGE_CURVE('',#2496,#2497,#2754,.T.);
#1973=EDGE_CURVE('',#2497,#2494,#2755,.T.);
#1974=EDGE_CURVE('',#2498,#2499,#2756,.T.);
#1975=EDGE_CURVE('',#2499,#2498,#2757,.T.);
#1976=EDGE_CURVE('',#2500,#2501,#2758,.T.);
#1977=EDGE_CURVE('',#2501,#2500,#2759,.T.);
#1978=EDGE_CURVE('',#2502,#2503,#2760,.T.);
#1979=EDGE_CURVE('',#2503,#2502,#2761,.T.);
#1980=EDGE_CURVE('',#2504,#2505,#2762,.T.);
#1981=EDGE_CURVE('',#2505,#2504,#2763,.T.);
#1982=EDGE_CURVE('',#2506,#2506,#139,.T.);
#1983=EDGE_CURVE('',#2507,#2507,#140,.T.);
#1984=EDGE_CURVE('',#2508,#2509,#2764,.T.);
#1985=EDGE_CURVE('',#2509,#2510,#2765,.T.);
#1986=EDGE_CURVE('',#2510,#2511,#2766,.T.);
#1987=EDGE_CURVE('',#2511,#2508,#2767,.T.);
#1988=EDGE_CURVE('',#2512,#2513,#2768,.T.);
#1989=EDGE_CURVE('',#2513,#2514,#2769,.T.);
#1990=EDGE_CURVE('',#2514,#2515,#2770,.T.);
#1991=EDGE_CURVE('',#2515,#2512,#2771,.T.);
#1992=EDGE_CURVE('',#2516,#2517,#2772,.T.);
#1993=EDGE_CURVE('',#2517,#2518,#2773,.T.);
#1994=EDGE_CURVE('',#2518,#2519,#2774,.T.);
#1995=EDGE_CURVE('',#2519,#2516,#2775,.T.);
#1996=EDGE_CURVE('',#2520,#2521,#2776,.T.);
#1997=EDGE_CURVE('',#2521,#2522,#2777,.T.);
#1998=EDGE_CURVE('',#2522,#2523,#2778,.T.);
#1999=EDGE_CURVE('',#2523,#2524,#2779,.T.);
#2000=EDGE_CURVE('',#2524,#2525,#2780,.T.);
#2001=EDGE_CURVE('',#2525,#2526,#2781,.T.);
#2002=EDGE_CURVE('',#2526,#2527,#2782,.T.);
#2003=EDGE_CURVE('',#2527,#2528,#2783,.T.);
#2004=EDGE_CURVE('',#2528,#2529,#2784,.T.);
#2005=EDGE_CURVE('',#2529,#2530,#2785,.T.);
#2006=EDGE_CURVE('',#2530,#2531,#2786,.T.);
#2007=EDGE_CURVE('',#2531,#2532,#639,.T.);
#2008=EDGE_CURVE('',#2532,#2533,#2787,.T.);
#2009=EDGE_CURVE('',#2533,#2534,#2788,.T.);
#2010=EDGE_CURVE('',#2534,#2535,#2789,.T.);
#2011=EDGE_CURVE('',#2535,#2536,#2790,.T.);
#2012=EDGE_CURVE('',#2536,#2537,#2791,.T.);
#2013=EDGE_CURVE('',#2537,#2538,#2792,.T.);
#2014=EDGE_CURVE('',#2538,#2539,#2793,.T.);
#2015=EDGE_CURVE('',#2539,#2540,#246,.T.);
#2016=EDGE_CURVE('',#2540,#2541,#2794,.T.);
#2017=EDGE_CURVE('',#2541,#2542,#2795,.T.);
#2018=EDGE_CURVE('',#2542,#2543,#640,.T.);
#2019=EDGE_CURVE('',#2543,#2544,#2796,.T.);
#2020=EDGE_CURVE('',#2544,#2545,#2797,.T.);
#2021=EDGE_CURVE('',#2545,#2546,#2798,.T.);
#2022=EDGE_CURVE('',#2546,#2547,#2799,.T.);
#2023=EDGE_CURVE('',#2547,#2548,#2800,.T.);
#2024=EDGE_CURVE('',#2548,#2549,#641,.T.);
#2025=EDGE_CURVE('',#2549,#2550,#2801,.T.);
#2026=EDGE_CURVE('',#2550,#2551,#2802,.T.);
#2027=EDGE_CURVE('',#2551,#2520,#2803,.T.);
#2028=EDGE_CURVE('',#2552,#2553,#2804,.T.);
#2029=EDGE_CURVE('',#2553,#2554,#2805,.T.);
#2030=EDGE_CURVE('',#2554,#2555,#2806,.T.);
#2031=EDGE_CURVE('',#2555,#2556,#2807,.T.);
#2032=EDGE_CURVE('',#2556,#2557,#2808,.T.);
#2033=EDGE_CURVE('',#2557,#2558,#642,.T.);
#2034=EDGE_CURVE('',#2558,#2559,#2809,.T.);
#2035=EDGE_CURVE('',#2559,#2560,#2810,.T.);
#2036=EDGE_CURVE('',#2560,#2561,#2811,.T.);
#2037=EDGE_CURVE('',#2561,#2562,#2812,.T.);
#2038=EDGE_CURVE('',#2562,#2563,#2813,.T.);
#2039=EDGE_CURVE('',#2563,#2564,#643,.T.);
#2040=EDGE_CURVE('',#2564,#2565,#2814,.T.);
#2041=EDGE_CURVE('',#2565,#2566,#2815,.T.);
#2042=EDGE_CURVE('',#2566,#2567,#247,.T.);
#2043=EDGE_CURVE('',#2567,#2568,#2816,.T.);
#2044=EDGE_CURVE('',#2568,#2569,#2817,.T.);
#2045=EDGE_CURVE('',#2569,#2570,#2818,.T.);
#2046=EDGE_CURVE('',#2570,#2571,#2819,.T.);
#2047=EDGE_CURVE('',#2571,#2572,#2820,.T.);
#2048=EDGE_CURVE('',#2572,#2573,#2821,.T.);
#2049=EDGE_CURVE('',#2573,#2574,#2822,.T.);
#2050=EDGE_CURVE('',#2574,#2575,#644,.T.);
#2051=EDGE_CURVE('',#2575,#2576,#2823,.T.);
#2052=EDGE_CURVE('',#2576,#2577,#2824,.T.);
#2053=EDGE_CURVE('',#2577,#2578,#2825,.T.);
#2054=EDGE_CURVE('',#2578,#2579,#2826,.T.);
#2055=EDGE_CURVE('',#2579,#2580,#2827,.T.);
#2056=EDGE_CURVE('',#2580,#2581,#2828,.T.);
#2057=EDGE_CURVE('',#2581,#2582,#2829,.T.);
#2058=EDGE_CURVE('',#2582,#2583,#2830,.T.);
#2059=EDGE_CURVE('',#2583,#2552,#2831,.T.);
#2060=EDGE_CURVE('',#2584,#2584,#141,.T.);
#2061=EDGE_CURVE('',#2585,#2586,#2832,.T.);
#2062=EDGE_CURVE('',#2586,#2587,#2833,.T.);
#2063=EDGE_CURVE('',#2587,#2588,#2834,.T.);
#2064=EDGE_CURVE('',#2588,#2589,#2835,.T.);
#2065=EDGE_CURVE('',#2589,#2590,#2836,.T.);
#2066=EDGE_CURVE('',#2590,#2591,#2837,.T.);
#2067=EDGE_CURVE('',#2591,#2592,#2838,.T.);
#2068=EDGE_CURVE('',#2592,#2593,#2839,.T.);
#2069=EDGE_CURVE('',#2593,#2594,#2840,.T.);
#2070=EDGE_CURVE('',#2594,#2595,#2841,.T.);
#2071=EDGE_CURVE('',#2595,#2596,#2842,.T.);
#2072=EDGE_CURVE('',#2596,#2597,#2843,.T.);
#2073=EDGE_CURVE('',#2597,#2598,#2844,.T.);
#2074=EDGE_CURVE('',#2598,#2599,#248,.T.);
#2075=EDGE_CURVE('',#2599,#2600,#2845,.T.);
#2076=EDGE_CURVE('',#2600,#2601,#2846,.T.);
#2077=EDGE_CURVE('',#2601,#2602,#2847,.T.);
#2078=EDGE_CURVE('',#2602,#2603,#2848,.T.);
#2079=EDGE_CURVE('',#2603,#2604,#2849,.T.);
#2080=EDGE_CURVE('',#2604,#2605,#249,.T.);
#2081=EDGE_CURVE('',#2605,#2606,#2850,.T.);
#2082=EDGE_CURVE('',#2606,#2607,#2851,.T.);
#2083=EDGE_CURVE('',#2607,#2608,#2852,.T.);
#2084=EDGE_CURVE('',#2608,#2609,#2853,.T.);
#2085=EDGE_CURVE('',#2609,#2610,#2854,.T.);
#2086=EDGE_CURVE('',#2610,#2611,#250,.T.);
#2087=EDGE_CURVE('',#2611,#2612,#2855,.T.);
#2088=EDGE_CURVE('',#2612,#2613,#2856,.T.);
#2089=EDGE_CURVE('',#2613,#2614,#2857,.T.);
#2090=EDGE_CURVE('',#2614,#2615,#2858,.T.);
#2091=EDGE_CURVE('',#2615,#2616,#2859,.T.);
#2092=EDGE_CURVE('',#2616,#2617,#2860,.T.);
#2093=EDGE_CURVE('',#2617,#2618,#2861,.T.);
#2094=EDGE_CURVE('',#2618,#2619,#2862,.T.);
#2095=EDGE_CURVE('',#2619,#2620,#2863,.T.);
#2096=EDGE_CURVE('',#2620,#2621,#2864,.T.);
#2097=EDGE_CURVE('',#2621,#2622,#2865,.T.);
#2098=EDGE_CURVE('',#2622,#2623,#2866,.T.);
#2099=EDGE_CURVE('',#2623,#2624,#2867,.T.);
#2100=EDGE_CURVE('',#2624,#2625,#2868,.T.);
#2101=EDGE_CURVE('',#2625,#2626,#251,.T.);
#2102=EDGE_CURVE('',#2626,#2627,#2869,.T.);
#2103=EDGE_CURVE('',#2627,#2628,#2870,.T.);
#2104=EDGE_CURVE('',#2628,#2629,#252,.T.);
#2105=EDGE_CURVE('',#2629,#2630,#2871,.T.);
#2106=EDGE_CURVE('',#2630,#2585,#2872,.T.);
#2107=EDGE_CURVE('',#2493,#2586,#253,.T.);
#2108=EDGE_CURVE('',#2448,#2585,#254,.T.);
#2109=EDGE_CURVE('',#2492,#2587,#255,.T.);
#2110=EDGE_CURVE('',#2491,#2588,#256,.T.);
#2111=EDGE_CURVE('',#2490,#2589,#257,.T.);
#2112=EDGE_CURVE('',#2489,#2590,#258,.T.);
#2113=EDGE_CURVE('',#2488,#2591,#259,.T.);
#2114=EDGE_CURVE('',#2487,#2592,#260,.T.);
#2115=EDGE_CURVE('',#2486,#2593,#261,.T.);
#2116=EDGE_CURVE('',#2485,#2594,#262,.T.);
#2117=EDGE_CURVE('',#2484,#2595,#263,.T.);
#2118=EDGE_CURVE('',#2483,#2596,#264,.T.);
#2119=EDGE_CURVE('',#2482,#2597,#265,.T.);
#2120=EDGE_CURVE('',#2481,#2598,#266,.T.);
#2121=EDGE_CURVE('',#2480,#2599,#267,.T.);
#2122=EDGE_CURVE('',#2479,#2600,#268,.T.);
#2123=EDGE_CURVE('',#2478,#2601,#269,.T.);
#2124=EDGE_CURVE('',#2477,#2602,#270,.T.);
#2125=EDGE_CURVE('',#2476,#2603,#271,.T.);
#2126=EDGE_CURVE('',#2475,#2604,#272,.T.);
#2127=EDGE_CURVE('',#2474,#2605,#2873,.T.);
#2128=EDGE_CURVE('',#2473,#2606,#273,.T.);
#2129=EDGE_CURVE('',#2472,#2607,#274,.T.);
#2130=EDGE_CURVE('',#2471,#2608,#275,.T.);
#2131=EDGE_CURVE('',#2470,#2609,#276,.T.);
#2132=EDGE_CURVE('',#2469,#2610,#277,.T.);
#2133=EDGE_CURVE('',#2468,#2611,#278,.T.);
#2134=EDGE_CURVE('',#2467,#2612,#279,.T.);
#2135=EDGE_CURVE('',#2466,#2613,#280,.T.);
#2136=EDGE_CURVE('',#2465,#2614,#281,.T.);
#2137=EDGE_CURVE('',#2464,#2615,#282,.T.);
#2138=EDGE_CURVE('',#2463,#2616,#283,.T.);
#2139=EDGE_CURVE('',#2462,#2617,#284,.T.);
#2140=EDGE_CURVE('',#2461,#2618,#285,.T.);
#2141=EDGE_CURVE('',#2460,#2619,#286,.T.);
#2142=EDGE_CURVE('',#2459,#2620,#287,.T.);
#2143=EDGE_CURVE('',#2458,#2621,#288,.T.);
#2144=EDGE_CURVE('',#2457,#2622,#289,.T.);
#2145=EDGE_CURVE('',#2456,#2623,#290,.T.);
#2146=EDGE_CURVE('',#2455,#2624,#291,.T.);
#2147=EDGE_CURVE('',#2454,#2625,#292,.T.);
#2148=EDGE_CURVE('',#2453,#2626,#293,.T.);
#2149=EDGE_CURVE('',#2452,#2627,#294,.T.);
#2150=EDGE_CURVE('',#2451,#2628,#295,.T.);
#2151=EDGE_CURVE('',#2450,#2629,#296,.T.);
#2152=EDGE_CURVE('',#2449,#2630,#297,.T.);
#2153=EDGE_CURVE('',#2446,#2553,#298,.T.);
#2154=EDGE_CURVE('',#2415,#2552,#299,.T.);
#2155=EDGE_CURVE('',#2445,#2554,#300,.T.);
#2156=EDGE_CURVE('',#2444,#2555,#301,.T.);
#2157=EDGE_CURVE('',#2443,#2556,#302,.T.);
#2158=EDGE_CURVE('',#2442,#2557,#2874,.F.);
#2159=EDGE_CURVE('',#2441,#2558,#2875,.T.);
#2160=EDGE_CURVE('',#2440,#2559,#303,.T.);
#2161=EDGE_CURVE('',#2439,#2560,#304,.T.);
#2162=EDGE_CURVE('',#2438,#2561,#305,.T.);
#2163=EDGE_CURVE('',#2437,#2562,#306,.T.);
#2164=EDGE_CURVE('',#2436,#2563,#2876,.F.);
#2165=EDGE_CURVE('',#2435,#2564,#2877,.T.);
#2166=EDGE_CURVE('',#2434,#2565,#307,.T.);
#2167=EDGE_CURVE('',#2433,#2566,#308,.T.);
#2168=EDGE_CURVE('',#2432,#2567,#309,.T.);
#2169=EDGE_CURVE('',#2431,#2568,#310,.T.);
#2170=EDGE_CURVE('',#2430,#2569,#311,.T.);
#2171=EDGE_CURVE('',#2429,#2570,#312,.T.);
#2172=EDGE_CURVE('',#2428,#2571,#313,.T.);
#2173=EDGE_CURVE('',#2427,#2572,#314,.T.);
#2174=EDGE_CURVE('',#2426,#2573,#315,.T.);
#2175=EDGE_CURVE('',#2425,#2574,#2878,.F.);
#2176=EDGE_CURVE('',#2424,#2575,#2879,.T.);
#2177=EDGE_CURVE('',#2423,#2576,#316,.T.);
#2178=EDGE_CURVE('',#2422,#2577,#317,.T.);
#2179=EDGE_CURVE('',#2421,#2578,#318,.T.);
#2180=EDGE_CURVE('',#2420,#2579,#319,.T.);
#2181=EDGE_CURVE('',#2419,#2580,#320,.T.);
#2182=EDGE_CURVE('',#2418,#2581,#321,.T.);
#2183=EDGE_CURVE('',#2417,#2582,#322,.T.);
#2184=EDGE_CURVE('',#2416,#2583,#323,.T.);
#2185=EDGE_CURVE('',#2414,#2521,#324,.T.);
#2186=EDGE_CURVE('',#2383,#2520,#325,.T.);
#2187=EDGE_CURVE('',#2413,#2522,#326,.T.);
#2188=EDGE_CURVE('',#2412,#2523,#327,.T.);
#2189=EDGE_CURVE('',#2411,#2524,#328,.T.);
#2190=EDGE_CURVE('',#2410,#2525,#329,.T.);
#2191=EDGE_CURVE('',#2409,#2526,#330,.T.);
#2192=EDGE_CURVE('',#2408,#2527,#331,.T.);
#2193=EDGE_CURVE('',#2407,#2528,#332,.T.);
#2194=EDGE_CURVE('',#2406,#2529,#333,.T.);
#2195=EDGE_CURVE('',#2405,#2530,#334,.T.);
#2196=EDGE_CURVE('',#2404,#2531,#2880,.F.);
#2197=EDGE_CURVE('',#2403,#2532,#2881,.T.);
#2198=EDGE_CURVE('',#2402,#2533,#335,.T.);
#2199=EDGE_CURVE('',#2401,#2534,#336,.T.);
#2200=EDGE_CURVE('',#2400,#2535,#337,.T.);
#2201=EDGE_CURVE('',#2399,#2536,#338,.T.);
#2202=EDGE_CURVE('',#2398,#2537,#339,.T.);
#2203=EDGE_CURVE('',#2397,#2538,#340,.T.);
#2204=EDGE_CURVE('',#2396,#2539,#341,.T.);
#2205=EDGE_CURVE('',#2395,#2540,#342,.T.);
#2206=EDGE_CURVE('',#2394,#2541,#343,.T.);
#2207=EDGE_CURVE('',#2393,#2542,#2882,.F.);
#2208=EDGE_CURVE('',#2392,#2543,#2883,.T.);
#2209=EDGE_CURVE('',#2391,#2544,#344,.T.);
#2210=EDGE_CURVE('',#2390,#2545,#345,.T.);
#2211=EDGE_CURVE('',#2389,#2546,#346,.T.);
#2212=EDGE_CURVE('',#2388,#2547,#347,.T.);
#2213=EDGE_CURVE('',#2387,#2548,#2884,.F.);
#2214=EDGE_CURVE('',#2386,#2549,#2885,.T.);
#2215=EDGE_CURVE('',#2385,#2550,#348,.T.);
#2216=EDGE_CURVE('',#2384,#2551,#349,.T.);
#2217=EDGE_CURVE('',#2382,#2517,#350,.T.);
#2218=EDGE_CURVE('',#2379,#2516,#351,.T.);
#2219=EDGE_CURVE('',#2381,#2518,#352,.T.);
#2220=EDGE_CURVE('',#2380,#2519,#353,.T.);
#2221=EDGE_CURVE('',#2378,#2513,#354,.T.);
#2222=EDGE_CURVE('',#2375,#2512,#355,.T.);
#2223=EDGE_CURVE('',#2377,#2514,#356,.T.);
#2224=EDGE_CURVE('',#2376,#2515,#357,.T.);
#2225=EDGE_CURVE('',#2374,#2509,#358,.T.);
#2226=EDGE_CURVE('',#2371,#2508,#359,.T.);
#2227=EDGE_CURVE('',#2373,#2510,#360,.T.);
#2228=EDGE_CURVE('',#2372,#2511,#361,.T.);
#2229=EDGE_CURVE('',#2368,#2505,#362,.T.);
#2230=EDGE_CURVE('',#2367,#2504,#363,.T.);
#2231=EDGE_CURVE('',#2366,#2503,#364,.T.);
#2232=EDGE_CURVE('',#2365,#2502,#365,.T.);
#2233=EDGE_CURVE('',#2364,#2501,#366,.T.);
#2234=EDGE_CURVE('',#2363,#2500,#367,.T.);
#2235=EDGE_CURVE('',#2362,#2499,#368,.T.);
#2236=EDGE_CURVE('',#2361,#2498,#369,.T.);
#2237=EDGE_CURVE('',#2244,#2495,#370,.T.);
#2238=EDGE_CURVE('',#2241,#2494,#371,.T.);
#2239=EDGE_CURVE('',#2243,#2496,#372,.T.);
#2240=EDGE_CURVE('',#2242,#2497,#373,.T.);
#2241=VERTEX_POINT('',#4859);
#2242=VERTEX_POINT('',#4860);
#2243=VERTEX_POINT('',#4865);
#2244=VERTEX_POINT('',#4870);
#2245=VERTEX_POINT('',#4877);
#2246=VERTEX_POINT('',#4879);
#2247=VERTEX_POINT('',#4881);
#2248=VERTEX_POINT('',#4883);
#2249=VERTEX_POINT('',#4885);
#2250=VERTEX_POINT('',#4887);
#2251=VERTEX_POINT('',#4889);
#2252=VERTEX_POINT('',#4891);
#2253=VERTEX_POINT('',#4893);
#2254=VERTEX_POINT('',#4895);
#2255=VERTEX_POINT('',#4897);
#2256=VERTEX_POINT('',#4899);
#2257=VERTEX_POINT('',#4901);
#2258=VERTEX_POINT('',#4903);
#2259=VERTEX_POINT('',#4905);
#2260=VERTEX_POINT('',#4907);
#2261=VERTEX_POINT('',#4909);
#2262=VERTEX_POINT('',#4911);
#2263=VERTEX_POINT('',#4913);
#2264=VERTEX_POINT('',#4915);
#2265=VERTEX_POINT('',#4917);
#2266=VERTEX_POINT('',#4919);
#2267=VERTEX_POINT('',#4921);
#2268=VERTEX_POINT('',#4923);
#2269=VERTEX_POINT('',#4925);
#2270=VERTEX_POINT('',#4927);
#2271=VERTEX_POINT('',#4929);
#2272=VERTEX_POINT('',#4931);
#2273=VERTEX_POINT('',#4933);
#2274=VERTEX_POINT('',#4935);
#2275=VERTEX_POINT('',#4937);
#2276=VERTEX_POINT('',#4939);
#2277=VERTEX_POINT('',#4941);
#2278=VERTEX_POINT('',#4943);
#2279=VERTEX_POINT('',#4945);
#2280=VERTEX_POINT('',#4947);
#2281=VERTEX_POINT('',#4949);
#2282=VERTEX_POINT('',#4951);
#2283=VERTEX_POINT('',#4953);
#2284=VERTEX_POINT('',#4955);
#2285=VERTEX_POINT('',#4957);
#2286=VERTEX_POINT('',#4959);
#2287=VERTEX_POINT('',#4961);
#2288=VERTEX_POINT('',#4962);
#2289=VERTEX_POINT('',#4964);
#2290=VERTEX_POINT('',#4966);
#2291=VERTEX_POINT('',#4968);
#2292=VERTEX_POINT('',#4970);
#2293=VERTEX_POINT('',#4972);
#2294=VERTEX_POINT('',#4974);
#2295=VERTEX_POINT('',#4978);
#2296=VERTEX_POINT('',#4979);
#2297=VERTEX_POINT('',#4984);
#2298=VERTEX_POINT('',#4988);
#2299=VERTEX_POINT('',#4992);
#2300=VERTEX_POINT('',#4996);
#2301=VERTEX_POINT('',#5000);
#2302=VERTEX_POINT('',#5004);
#2303=VERTEX_POINT('',#5010);
#2304=VERTEX_POINT('',#5013);
#2305=VERTEX_POINT('',#5016);
#2306=VERTEX_POINT('',#5019);
#2307=VERTEX_POINT('',#5022);
#2308=VERTEX_POINT('',#5025);
#2309=VERTEX_POINT('',#5028);
#2310=VERTEX_POINT('',#5030);
#2311=VERTEX_POINT('',#5033);
#2312=VERTEX_POINT('',#5035);
#2313=VERTEX_POINT('',#5038);
#2314=VERTEX_POINT('',#5040);
#2315=VERTEX_POINT('',#5043);
#2316=VERTEX_POINT('',#5045);
#2317=VERTEX_POINT('',#5048);
#2318=VERTEX_POINT('',#5051);
#2319=VERTEX_POINT('',#5054);
#2320=VERTEX_POINT('',#5057);
#2321=VERTEX_POINT('',#5060);
#2322=VERTEX_POINT('',#5063);
#2323=VERTEX_POINT('',#5066);
#2324=VERTEX_POINT('',#5069);
#2325=VERTEX_POINT('',#5072);
#2326=VERTEX_POINT('',#5075);
#2327=VERTEX_POINT('',#5078);
#2328=VERTEX_POINT('',#5081);
#2329=VERTEX_POINT('',#5084);
#2330=VERTEX_POINT('',#5087);
#2331=VERTEX_POINT('',#5090);
#2332=VERTEX_POINT('',#5093);
#2333=VERTEX_POINT('',#5096);
#2334=VERTEX_POINT('',#5099);
#2335=VERTEX_POINT('',#5102);
#2336=VERTEX_POINT('',#5105);
#2337=VERTEX_POINT('',#5108);
#2338=VERTEX_POINT('',#5111);
#2339=VERTEX_POINT('',#5114);
#2340=VERTEX_POINT('',#5117);
#2341=VERTEX_POINT('',#5120);
#2342=VERTEX_POINT('',#5123);
#2343=VERTEX_POINT('',#5126);
#2344=VERTEX_POINT('',#5129);
#2345=VERTEX_POINT('',#5132);
#2346=VERTEX_POINT('',#5135);
#2347=VERTEX_POINT('',#5138);
#2348=VERTEX_POINT('',#5141);
#2349=VERTEX_POINT('',#5144);
#2350=VERTEX_POINT('',#5148);
#2351=VERTEX_POINT('',#5152);
#2352=VERTEX_POINT('',#5156);
#2353=VERTEX_POINT('',#5160);
#2354=VERTEX_POINT('',#5163);
#2355=VERTEX_POINT('',#5166);
#2356=VERTEX_POINT('',#5169);
#2357=VERTEX_POINT('',#5172);
#2358=VERTEX_POINT('',#5175);
#2359=VERTEX_POINT('',#5178);
#2360=VERTEX_POINT('',#5181);
#2361=VERTEX_POINT('',#5187);
#2362=VERTEX_POINT('',#5188);
#2363=VERTEX_POINT('',#5198);
#2364=VERTEX_POINT('',#5199);
#2365=VERTEX_POINT('',#5209);
#2366=VERTEX_POINT('',#5210);
#2367=VERTEX_POINT('',#5220);
#2368=VERTEX_POINT('',#5221);
#2369=VERTEX_POINT('',#5228);
#2370=VERTEX_POINT('',#5231);
#2371=VERTEX_POINT('',#5237);
#2372=VERTEX_POINT('',#5238);
#2373=VERTEX_POINT('',#5243);
#2374=VERTEX_POINT('',#5248);
#2375=VERTEX_POINT('',#5258);
#2376=VERTEX_POINT('',#5259);
#2377=VERTEX_POINT('',#5264);
#2378=VERTEX_POINT('',#5269);
#2379=VERTEX_POINT('',#5279);
#2380=VERTEX_POINT('',#5280);
#2381=VERTEX_POINT('',#5285);
#2382=VERTEX_POINT('',#5290);
#2383=VERTEX_POINT('',#5300);
#2384=VERTEX_POINT('',#5301);
#2385=VERTEX_POINT('',#5306);
#2386=VERTEX_POINT('',#5311);
#2387=VERTEX_POINT('',#5313);
#2388=VERTEX_POINT('',#5318);
#2389=VERTEX_POINT('',#5323);
#2390=VERTEX_POINT('',#5328);
#2391=VERTEX_POINT('',#5333);
#2392=VERTEX_POINT('',#5338);
#2393=VERTEX_POINT('',#5340);
#2394=VERTEX_POINT('',#5345);
#2395=VERTEX_POINT('',#5350);
#2396=VERTEX_POINT('',#5352);
#2397=VERTEX_POINT('',#5357);
#2398=VERTEX_POINT('',#5362);
#2399=VERTEX_POINT('',#5367);
#2400=VERTEX_POINT('',#5372);
#2401=VERTEX_POINT('',#5377);
#2402=VERTEX_POINT('',#5382);
#2403=VERTEX_POINT('',#5387);
#2404=VERTEX_POINT('',#5389);
#2405=VERTEX_POINT('',#5394);
#2406=VERTEX_POINT('',#5399);
#2407=VERTEX_POINT('',#5404);
#2408=VERTEX_POINT('',#5409);
#2409=VERTEX_POINT('',#5414);
#2410=VERTEX_POINT('',#5419);
#2411=VERTEX_POINT('',#5424);
#2412=VERTEX_POINT('',#5429);
#2413=VERTEX_POINT('',#5434);
#2414=VERTEX_POINT('',#5439);
#2415=VERTEX_POINT('',#5449);
#2416=VERTEX_POINT('',#5450);
#2417=VERTEX_POINT('',#5455);
#2418=VERTEX_POINT('',#5460);
#2419=VERTEX_POINT('',#5465);
#2420=VERTEX_POINT('',#5470);
#2421=VERTEX_POINT('',#5475);
#2422=VERTEX_POINT('',#5480);
#2423=VERTEX_POINT('',#5485);
#2424=VERTEX_POINT('',#5490);
#2425=VERTEX_POINT('',#5492);
#2426=VERTEX_POINT('',#5497);
#2427=VERTEX_POINT('',#5502);
#2428=VERTEX_POINT('',#5507);
#2429=VERTEX_POINT('',#5512);
#2430=VERTEX_POINT('',#5517);
#2431=VERTEX_POINT('',#5522);
#2432=VERTEX_POINT('',#5527);
#2433=VERTEX_POINT('',#5529);
#2434=VERTEX_POINT('',#5534);
#2435=VERTEX_POINT('',#5539);
#2436=VERTEX_POINT('',#5541);
#2437=VERTEX_POINT('',#5546);
#2438=VERTEX_POINT('',#5551);
#2439=VERTEX_POINT('',#5556);
#2440=VERTEX_POINT('',#5561);
#2441=VERTEX_POINT('',#5566);
#2442=VERTEX_POINT('',#5568);
#2443=VERTEX_POINT('',#5573);
#2444=VERTEX_POINT('',#5578);
#2445=VERTEX_POINT('',#5583);
#2446=VERTEX_POINT('',#5588);
#2447=VERTEX_POINT('',#5595);
#2448=VERTEX_POINT('',#5601);
#2449=VERTEX_POINT('',#5602);
#2450=VERTEX_POINT('',#5607);
#2451=VERTEX_POINT('',#5609);
#2452=VERTEX_POINT('',#5614);
#2453=VERTEX_POINT('',#5619);
#2454=VERTEX_POINT('',#5621);
#2455=VERTEX_POINT('',#5626);
#2456=VERTEX_POINT('',#5631);
#2457=VERTEX_POINT('',#5636);
#2458=VERTEX_POINT('',#5641);
#2459=VERTEX_POINT('',#5646);
#2460=VERTEX_POINT('',#5651);
#2461=VERTEX_POINT('',#5656);
#2462=VERTEX_POINT('',#5661);
#2463=VERTEX_POINT('',#5666);
#2464=VERTEX_POINT('',#5671);
#2465=VERTEX_POINT('',#5676);
#2466=VERTEX_POINT('',#5681);
#2467=VERTEX_POINT('',#5686);
#2468=VERTEX_POINT('',#5691);
#2469=VERTEX_POINT('',#5693);
#2470=VERTEX_POINT('',#5698);
#2471=VERTEX_POINT('',#5703);
#2472=VERTEX_POINT('',#5708);
#2473=VERTEX_POINT('',#5713);
#2474=VERTEX_POINT('',#5718);
#2475=VERTEX_POINT('',#5720);
#2476=VERTEX_POINT('',#5725);
#2477=VERTEX_POINT('',#5730);
#2478=VERTEX_POINT('',#5735);
#2479=VERTEX_POINT('',#5740);
#2480=VERTEX_POINT('',#5745);
#2481=VERTEX_POINT('',#5747);
#2482=VERTEX_POINT('',#5752);
#2483=VERTEX_POINT('',#5757);
#2484=VERTEX_POINT('',#5762);
#2485=VERTEX_POINT('',#5767);
#2486=VERTEX_POINT('',#5772);
#2487=VERTEX_POINT('',#5777);
#2488=VERTEX_POINT('',#5782);
#2489=VERTEX_POINT('',#5787);
#2490=VERTEX_POINT('',#5792);
#2491=VERTEX_POINT('',#5797);
#2492=VERTEX_POINT('',#5802);
#2493=VERTEX_POINT('',#5807);
#2494=VERTEX_POINT('',#5817);
#2495=VERTEX_POINT('',#5818);
#2496=VERTEX_POINT('',#5823);
#2497=VERTEX_POINT('',#5828);
#2498=VERTEX_POINT('',#5837);
#2499=VERTEX_POINT('',#5838);
#2500=VERTEX_POINT('',#5847);
#2501=VERTEX_POINT('',#5848);
#2502=VERTEX_POINT('',#5857);
#2503=VERTEX_POINT('',#5858);
#2504=VERTEX_POINT('',#5867);
#2505=VERTEX_POINT('',#5868);
#2506=VERTEX_POINT('',#5874);
#2507=VERTEX_POINT('',#5876);
#2508=VERTEX_POINT('',#5881);
#2509=VERTEX_POINT('',#5882);
#2510=VERTEX_POINT('',#5887);
#2511=VERTEX_POINT('',#5892);
#2512=VERTEX_POINT('',#5901);
#2513=VERTEX_POINT('',#5902);
#2514=VERTEX_POINT('',#5907);
#2515=VERTEX_POINT('',#5912);
#2516=VERTEX_POINT('',#5921);
#2517=VERTEX_POINT('',#5922);
#2518=VERTEX_POINT('',#5927);
#2519=VERTEX_POINT('',#5932);
#2520=VERTEX_POINT('',#5941);
#2521=VERTEX_POINT('',#5942);
#2522=VERTEX_POINT('',#5947);
#2523=VERTEX_POINT('',#5952);
#2524=VERTEX_POINT('',#5957);
#2525=VERTEX_POINT('',#5962);
#2526=VERTEX_POINT('',#5967);
#2527=VERTEX_POINT('',#5972);
#2528=VERTEX_POINT('',#5977);
#2529=VERTEX_POINT('',#5982);
#2530=VERTEX_POINT('',#5987);
#2531=VERTEX_POINT('',#5992);
#2532=VERTEX_POINT('',#5994);
#2533=VERTEX_POINT('',#5999);
#2534=VERTEX_POINT('',#6004);
#2535=VERTEX_POINT('',#6009);
#2536=VERTEX_POINT('',#6014);
#2537=VERTEX_POINT('',#6019);
#2538=VERTEX_POINT('',#6024);
#2539=VERTEX_POINT('',#6029);
#2540=VERTEX_POINT('',#6031);
#2541=VERTEX_POINT('',#6036);
#2542=VERTEX_POINT('',#6041);
#2543=VERTEX_POINT('',#6043);
#2544=VERTEX_POINT('',#6048);
#2545=VERTEX_POINT('',#6053);
#2546=VERTEX_POINT('',#6058);
#2547=VERTEX_POINT('',#6063);
#2548=VERTEX_POINT('',#6068);
#2549=VERTEX_POINT('',#6070);
#2550=VERTEX_POINT('',#6075);
#2551=VERTEX_POINT('',#6080);
#2552=VERTEX_POINT('',#6089);
#2553=VERTEX_POINT('',#6090);
#2554=VERTEX_POINT('',#6095);
#2555=VERTEX_POINT('',#6100);
#2556=VERTEX_POINT('',#6105);
#2557=VERTEX_POINT('',#6110);
#2558=VERTEX_POINT('',#6112);
#2559=VERTEX_POINT('',#6117);
#2560=VERTEX_POINT('',#6122);
#2561=VERTEX_POINT('',#6127);
#2562=VERTEX_POINT('',#6132);
#2563=VERTEX_POINT('',#6137);
#2564=VERTEX_POINT('',#6139);
#2565=VERTEX_POINT('',#6144);
#2566=VERTEX_POINT('',#6149);
#2567=VERTEX_POINT('',#6151);
#2568=VERTEX_POINT('',#6156);
#2569=VERTEX_POINT('',#6161);
#2570=VERTEX_POINT('',#6166);
#2571=VERTEX_POINT('',#6171);
#2572=VERTEX_POINT('',#6176);
#2573=VERTEX_POINT('',#6181);
#2574=VERTEX_POINT('',#6186);
#2575=VERTEX_POINT('',#6188);
#2576=VERTEX_POINT('',#6193);
#2577=VERTEX_POINT('',#6198);
#2578=VERTEX_POINT('',#6203);
#2579=VERTEX_POINT('',#6208);
#2580=VERTEX_POINT('',#6213);
#2581=VERTEX_POINT('',#6218);
#2582=VERTEX_POINT('',#6223);
#2583=VERTEX_POINT('',#6228);
#2584=VERTEX_POINT('',#6234);
#2585=VERTEX_POINT('',#6239);
#2586=VERTEX_POINT('',#6240);
#2587=VERTEX_POINT('',#6245);
#2588=VERTEX_POINT('',#6250);
#2589=VERTEX_POINT('',#6255);
#2590=VERTEX_POINT('',#6260);
#2591=VERTEX_POINT('',#6265);
#2592=VERTEX_POINT('',#6270);
#2593=VERTEX_POINT('',#6275);
#2594=VERTEX_POINT('',#6280);
#2595=VERTEX_POINT('',#6285);
#2596=VERTEX_POINT('',#6290);
#2597=VERTEX_POINT('',#6295);
#2598=VERTEX_POINT('',#6300);
#2599=VERTEX_POINT('',#6302);
#2600=VERTEX_POINT('',#6307);
#2601=VERTEX_POINT('',#6312);
#2602=VERTEX_POINT('',#6317);
#2603=VERTEX_POINT('',#6322);
#2604=VERTEX_POINT('',#6327);
#2605=VERTEX_POINT('',#6329);
#2606=VERTEX_POINT('',#6334);
#2607=VERTEX_POINT('',#6339);
#2608=VERTEX_POINT('',#6344);
#2609=VERTEX_POINT('',#6349);
#2610=VERTEX_POINT('',#6354);
#2611=VERTEX_POINT('',#6356);
#2612=VERTEX_POINT('',#6361);
#2613=VERTEX_POINT('',#6366);
#2614=VERTEX_POINT('',#6371);
#2615=VERTEX_POINT('',#6376);
#2616=VERTEX_POINT('',#6381);
#2617=VERTEX_POINT('',#6386);
#2618=VERTEX_POINT('',#6391);
#2619=VERTEX_POINT('',#6396);
#2620=VERTEX_POINT('',#6401);
#2621=VERTEX_POINT('',#6406);
#2622=VERTEX_POINT('',#6411);
#2623=VERTEX_POINT('',#6416);
#2624=VERTEX_POINT('',#6421);
#2625=VERTEX_POINT('',#6426);
#2626=VERTEX_POINT('',#6428);
#2627=VERTEX_POINT('',#6433);
#2628=VERTEX_POINT('',#6438);
#2629=VERTEX_POINT('',#6440);
#2630=VERTEX_POINT('',#6445);
#2631=B_SPLINE_CURVE_WITH_KNOTS('',3,(#4855,#4856,#4857,#4858),
 .UNSPECIFIED.,.F.,.F.,(4,4),(-1.,0.),.UNSPECIFIED.);
#2632=B_SPLINE_CURVE_WITH_KNOTS('',3,(#4861,#4862,#4863,#4864),
 .UNSPECIFIED.,.F.,.F.,(4,4),(-1.,0.),.UNSPECIFIED.);
#2633=B_SPLINE_CURVE_WITH_KNOTS('',3,(#4866,#4867,#4868,#4869),
 .UNSPECIFIED.,.F.,.F.,(4,4),(-1.,0.),.UNSPECIFIED.);
#2634=B_SPLINE_CURVE_WITH_KNOTS('',3,(#4871,#4872,#4873,#4874),
 .UNSPECIFIED.,.F.,.F.,(4,4),(-1.,0.),.UNSPECIFIED.);
#2635=B_SPLINE_CURVE_WITH_KNOTS('',3,(#5183,#5184,#5185,#5186),
 .UNSPECIFIED.,.F.,.F.,(4,4),(0.,1.),.UNSPECIFIED.);
#2636=B_SPLINE_CURVE_WITH_KNOTS('',3,(#5189,#5190,#5191,#5192),
 .UNSPECIFIED.,.F.,.F.,(4,4),(0.,1.),.UNSPECIFIED.);
#2637=B_SPLINE_CURVE_WITH_KNOTS('',3,(#5194,#5195,#5196,#5197),
 .UNSPECIFIED.,.F.,.F.,(4,4),(-1.,0.),.UNSPECIFIED.);
#2638=B_SPLINE_CURVE_WITH_KNOTS('',3,(#5200,#5201,#5202,#5203),
 .UNSPECIFIED.,.F.,.F.,(4,4),(-1.,0.),.UNSPECIFIED.);
#2639=B_SPLINE_CURVE_WITH_KNOTS('',3,(#5205,#5206,#5207,#5208),
 .UNSPECIFIED.,.F.,.F.,(4,4),(0.,1.),.UNSPECIFIED.);
#2640=B_SPLINE_CURVE_WITH_KNOTS('',3,(#5211,#5212,#5213,#5214),
 .UNSPECIFIED.,.F.,.F.,(4,4),(0.,1.),.UNSPECIFIED.);
#2641=B_SPLINE_CURVE_WITH_KNOTS('',3,(#5216,#5217,#5218,#5219),
 .UNSPECIFIED.,.F.,.F.,(4,4),(-1.,0.),.UNSPECIFIED.);
#2642=B_SPLINE_CURVE_WITH_KNOTS('',3,(#5222,#5223,#5224,#5225),
 .UNSPECIFIED.,.F.,.F.,(4,4),(-1.,0.),.UNSPECIFIED.);
#2643=B_SPLINE_CURVE_WITH_KNOTS('',3,(#5233,#5234,#5235,#5236),
 .UNSPECIFIED.,.F.,.F.,(4,4),(-1.,0.),.UNSPECIFIED.);
#2644=B_SPLINE_CURVE_WITH_KNOTS('',3,(#5239,#5240,#5241,#5242),
 .UNSPECIFIED.,.F.,.F.,(4,4),(-1.,0.),.UNSPECIFIED.);
#2645=B_SPLINE_CURVE_WITH_KNOTS('',3,(#5244,#5245,#5246,#5247),
 .UNSPECIFIED.,.F.,.F.,(4,4),(-1.,0.),.UNSPECIFIED.);
#2646=B_SPLINE_CURVE_WITH_KNOTS('',3,(#5249,#5250,#5251,#5252),
 .UNSPECIFIED.,.F.,.F.,(4,4),(-1.,0.),.UNSPECIFIED.);
#2647=B_SPLINE_CURVE_WITH_KNOTS('',3,(#5254,#5255,#5256,#5257),
 .UNSPECIFIED.,.F.,.F.,(4,4),(0.,1.),.UNSPECIFIED.);
#2648=B_SPLINE_CURVE_WITH_KNOTS('',3,(#5260,#5261,#5262,#5263),
 .UNSPECIFIED.,.F.,.F.,(4,4),(0.,1.),.UNSPECIFIED.);
#2649=B_SPLINE_CURVE_WITH_KNOTS('',3,(#5265,#5266,#5267,#5268),
 .UNSPECIFIED.,.F.,.F.,(4,4),(0.,1.),.UNSPECIFIED.);
#2650=B_SPLINE_CURVE_WITH_KNOTS('',3,(#5270,#5271,#5272,#5273),
 .UNSPECIFIED.,.F.,.F.,(4,4),(0.,1.),.UNSPECIFIED.);
#2651=B_SPLINE_CURVE_WITH_KNOTS('',3,(#5275,#5276,#5277,#5278),
 .UNSPECIFIED.,.F.,.F.,(4,4),(0.,1.),.UNSPECIFIED.);
#2652=B_SPLINE_CURVE_WITH_KNOTS('',3,(#5281,#5282,#5283,#5284),
 .UNSPECIFIED.,.F.,.F.,(4,4),(0.,1.),.UNSPECIFIED.);
#2653=B_SPLINE_CURVE_WITH_KNOTS('',3,(#5286,#5287,#5288,#5289),
 .UNSPECIFIED.,.F.,.F.,(4,4),(0.,1.),.UNSPECIFIED.);
#2654=B_SPLINE_CURVE_WITH_KNOTS('',3,(#5291,#5292,#5293,#5294),
 .UNSPECIFIED.,.F.,.F.,(4,4),(0.,1.),.UNSPECIFIED.);
#2655=B_SPLINE_CURVE_WITH_KNOTS('',3,(#5296,#5297,#5298,#5299),
 .UNSPECIFIED.,.F.,.F.,(4,4),(-1.,0.),.UNSPECIFIED.);
#2656=B_SPLINE_CURVE_WITH_KNOTS('',3,(#5302,#5303,#5304,#5305),
 .UNSPECIFIED.,.F.,.F.,(4,4),(-1.,0.),.UNSPECIFIED.);
#2657=B_SPLINE_CURVE_WITH_KNOTS('',3,(#5307,#5308,#5309,#5310),
 .UNSPECIFIED.,.F.,.F.,(4,4),(-1.,0.),.UNSPECIFIED.);
#2658=B_SPLINE_CURVE_WITH_KNOTS('',3,(#5314,#5315,#5316,#5317),
 .UNSPECIFIED.,.F.,.F.,(4,4),(-1.,0.),.UNSPECIFIED.);
#2659=B_SPLINE_CURVE_WITH_KNOTS('',3,(#5319,#5320,#5321,#5322),
 .UNSPECIFIED.,.F.,.F.,(4,4),(-1.,0.),.UNSPECIFIED.);
#2660=B_SPLINE_CURVE_WITH_KNOTS('',3,(#5324,#5325,#5326,#5327),
 .UNSPECIFIED.,.F.,.F.,(4,4),(-1.,0.),.UNSPECIFIED.);
#2661=B_SPLINE_CURVE_WITH_KNOTS('',3,(#5329,#5330,#5331,#5332),
 .UNSPECIFIED.,.F.,.F.,(4,4),(-1.,0.),.UNSPECIFIED.);
#2662=B_SPLINE_CURVE_WITH_KNOTS('',3,(#5334,#5335,#5336,#5337),
 .UNSPECIFIED.,.F.,.F.,(4,4),(-1.,0.),.UNSPECIFIED.);
#2663=B_SPLINE_CURVE_WITH_KNOTS('',3,(#5341,#5342,#5343,#5344),
 .UNSPECIFIED.,.F.,.F.,(4,4),(-1.,0.),.UNSPECIFIED.);
#2664=B_SPLINE_CURVE_WITH_KNOTS('',3,(#5346,#5347,#5348,#5349),
 .UNSPECIFIED.,.F.,.F.,(4,4),(-1.,0.),.UNSPECIFIED.);
#2665=B_SPLINE_CURVE_WITH_KNOTS('',3,(#5353,#5354,#5355,#5356),
 .UNSPECIFIED.,.F.,.F.,(4,4),(-1.,0.),.UNSPECIFIED.);
#2666=B_SPLINE_CURVE_WITH_KNOTS('',3,(#5358,#5359,#5360,#5361),
 .UNSPECIFIED.,.F.,.F.,(4,4),(-1.,0.),.UNSPECIFIED.);
#2667=B_SPLINE_CURVE_WITH_KNOTS('',3,(#5363,#5364,#5365,#5366),
 .UNSPECIFIED.,.F.,.F.,(4,4),(-1.,0.),.UNSPECIFIED.);
#2668=B_SPLINE_CURVE_WITH_KNOTS('',3,(#5368,#5369,#5370,#5371),
 .UNSPECIFIED.,.F.,.F.,(4,4),(-1.,0.),.UNSPECIFIED.);
#2669=B_SPLINE_CURVE_WITH_KNOTS('',3,(#5373,#5374,#5375,#5376),
 .UNSPECIFIED.,.F.,.F.,(4,4),(-1.,0.),.UNSPECIFIED.);
#2670=B_SPLINE_CURVE_WITH_KNOTS('',3,(#5378,#5379,#5380,#5381),
 .UNSPECIFIED.,.F.,.F.,(4,4),(-1.,0.),.UNSPECIFIED.);
#2671=B_SPLINE_CURVE_WITH_KNOTS('',3,(#5383,#5384,#5385,#5386),
 .UNSPECIFIED.,.F.,.F.,(4,4),(-1.,0.),.UNSPECIFIED.);
#2672=B_SPLINE_CURVE_WITH_KNOTS('',3,(#5390,#5391,#5392,#5393),
 .UNSPECIFIED.,.F.,.F.,(4,4),(-1.,0.),.UNSPECIFIED.);
#2673=B_SPLINE_CURVE_WITH_KNOTS('',3,(#5395,#5396,#5397,#5398),
 .UNSPECIFIED.,.F.,.F.,(4,4),(-1.,0.),.UNSPECIFIED.);
#2674=B_SPLINE_CURVE_WITH_KNOTS('',3,(#5400,#5401,#5402,#5403),
 .UNSPECIFIED.,.F.,.F.,(4,4),(-1.,0.),.UNSPECIFIED.);
#2675=B_SPLINE_CURVE_WITH_KNOTS('',3,(#5405,#5406,#5407,#5408),
 .UNSPECIFIED.,.F.,.F.,(4,4),(-1.,0.),.UNSPECIFIED.);
#2676=B_SPLINE_CURVE_WITH_KNOTS('',3,(#5410,#5411,#5412,#5413),
 .UNSPECIFIED.,.F.,.F.,(4,4),(-1.,0.),.UNSPECIFIED.);
#2677=B_SPLINE_CURVE_WITH_KNOTS('',3,(#5415,#5416,#5417,#5418),
 .UNSPECIFIED.,.F.,.F.,(4,4),(-1.,0.),.UNSPECIFIED.);
#2678=B_SPLINE_CURVE_WITH_KNOTS('',3,(#5420,#5421,#5422,#5423),
 .UNSPECIFIED.,.F.,.F.,(4,4),(-1.,0.),.UNSPECIFIED.);
#2679=B_SPLINE_CURVE_WITH_KNOTS('',3,(#5425,#5426,#5427,#5428),
 .UNSPECIFIED.,.F.,.F.,(4,4),(-1.,0.),.UNSPECIFIED.);
#2680=B_SPLINE_CURVE_WITH_KNOTS('',3,(#5430,#5431,#5432,#5433),
 .UNSPECIFIED.,.F.,.F.,(4,4),(-1.,0.),.UNSPECIFIED.);
#2681=B_SPLINE_CURVE_WITH_KNOTS('',3,(#5435,#5436,#5437,#5438),
 .UNSPECIFIED.,.F.,.F.,(4,4),(-1.,0.),.UNSPECIFIED.);
#2682=B_SPLINE_CURVE_WITH_KNOTS('',3,(#5440,#5441,#5442,#5443),
 .UNSPECIFIED.,.F.,.F.,(4,4),(-1.,0.),.UNSPECIFIED.);
#2683=B_SPLINE_CURVE_WITH_KNOTS('',3,(#5445,#5446,#5447,#5448),
 .UNSPECIFIED.,.F.,.F.,(4,4),(0.,1.),.UNSPECIFIED.);
#2684=B_SPLINE_CURVE_WITH_KNOTS('',3,(#5451,#5452,#5453,#5454),
 .UNSPECIFIED.,.F.,.F.,(4,4),(0.,1.),.UNSPECIFIED.);
#2685=B_SPLINE_CURVE_WITH_KNOTS('',3,(#5456,#5457,#5458,#5459),
 .UNSPECIFIED.,.F.,.F.,(4,4),(0.,1.),.UNSPECIFIED.);
#2686=B_SPLINE_CURVE_WITH_KNOTS('',3,(#5461,#5462,#5463,#5464),
 .UNSPECIFIED.,.F.,.F.,(4,4),(0.,1.),.UNSPECIFIED.);
#2687=B_SPLINE_CURVE_WITH_KNOTS('',3,(#5466,#5467,#5468,#5469),
 .UNSPECIFIED.,.F.,.F.,(4,4),(0.,1.),.UNSPECIFIED.);
#2688=B_SPLINE_CURVE_WITH_KNOTS('',3,(#5471,#5472,#5473,#5474),
 .UNSPECIFIED.,.F.,.F.,(4,4),(0.,1.),.UNSPECIFIED.);
#2689=B_SPLINE_CURVE_WITH_KNOTS('',3,(#5476,#5477,#5478,#5479),
 .UNSPECIFIED.,.F.,.F.,(4,4),(0.,1.),.UNSPECIFIED.);
#2690=B_SPLINE_CURVE_WITH_KNOTS('',3,(#5481,#5482,#5483,#5484),
 .UNSPECIFIED.,.F.,.F.,(4,4),(0.,1.),.UNSPECIFIED.);
#2691=B_SPLINE_CURVE_WITH_KNOTS('',3,(#5486,#5487,#5488,#5489),
 .UNSPECIFIED.,.F.,.F.,(4,4),(0.,1.),.UNSPECIFIED.);
#2692=B_SPLINE_CURVE_WITH_KNOTS('',3,(#5493,#5494,#5495,#5496),
 .UNSPECIFIED.,.F.,.F.,(4,4),(0.,1.),.UNSPECIFIED.);
#2693=B_SPLINE_CURVE_WITH_KNOTS('',3,(#5498,#5499,#5500,#5501),
 .UNSPECIFIED.,.F.,.F.,(4,4),(0.,1.),.UNSPECIFIED.);
#2694=B_SPLINE_CURVE_WITH_KNOTS('',3,(#5503,#5504,#5505,#5506),
 .UNSPECIFIED.,.F.,.F.,(4,4),(0.,1.),.UNSPECIFIED.);
#2695=B_SPLINE_CURVE_WITH_KNOTS('',3,(#5508,#5509,#5510,#5511),
 .UNSPECIFIED.,.F.,.F.,(4,4),(0.,1.),.UNSPECIFIED.);
#2696=B_SPLINE_CURVE_WITH_KNOTS('',3,(#5513,#5514,#5515,#5516),
 .UNSPECIFIED.,.F.,.F.,(4,4),(0.,1.),.UNSPECIFIED.);
#2697=B_SPLINE_CURVE_WITH_KNOTS('',3,(#5518,#5519,#5520,#5521),
 .UNSPECIFIED.,.F.,.F.,(4,4),(0.,1.),.UNSPECIFIED.);
#2698=B_SPLINE_CURVE_WITH_KNOTS('',3,(#5523,#5524,#5525,#5526),
 .UNSPECIFIED.,.F.,.F.,(4,4),(0.,1.),.UNSPECIFIED.);
#2699=B_SPLINE_CURVE_WITH_KNOTS('',3,(#5530,#5531,#5532,#5533),
 .UNSPECIFIED.,.F.,.F.,(4,4),(0.,1.),.UNSPECIFIED.);
#2700=B_SPLINE_CURVE_WITH_KNOTS('',3,(#5535,#5536,#5537,#5538),
 .UNSPECIFIED.,.F.,.F.,(4,4),(0.,1.),.UNSPECIFIED.);
#2701=B_SPLINE_CURVE_WITH_KNOTS('',3,(#5542,#5543,#5544,#5545),
 .UNSPECIFIED.,.F.,.F.,(4,4),(0.,1.),.UNSPECIFIED.);
#2702=B_SPLINE_CURVE_WITH_KNOTS('',3,(#5547,#5548,#5549,#5550),
 .UNSPECIFIED.,.F.,.F.,(4,4),(0.,1.),.UNSPECIFIED.);
#2703=B_SPLINE_CURVE_WITH_KNOTS('',3,(#5552,#5553,#5554,#5555),
 .UNSPECIFIED.,.F.,.F.,(4,4),(0.,1.),.UNSPECIFIED.);
#2704=B_SPLINE_CURVE_WITH_KNOTS('',3,(#5557,#5558,#5559,#5560),
 .UNSPECIFIED.,.F.,.F.,(4,4),(0.,1.),.UNSPECIFIED.);
#2705=B_SPLINE_CURVE_WITH_KNOTS('',3,(#5562,#5563,#5564,#5565),
 .UNSPECIFIED.,.F.,.F.,(4,4),(0.,1.),.UNSPECIFIED.);
#2706=B_SPLINE_CURVE_WITH_KNOTS('',3,(#5569,#5570,#5571,#5572),
 .UNSPECIFIED.,.F.,.F.,(4,4),(0.,1.),.UNSPECIFIED.);
#2707=B_SPLINE_CURVE_WITH_KNOTS('',3,(#5574,#5575,#5576,#5577),
 .UNSPECIFIED.,.F.,.F.,(4,4),(0.,1.),.UNSPECIFIED.);
#2708=B_SPLINE_CURVE_WITH_KNOTS('',3,(#5579,#5580,#5581,#5582),
 .UNSPECIFIED.,.F.,.F.,(4,4),(0.,1.),.UNSPECIFIED.);
#2709=B_SPLINE_CURVE_WITH_KNOTS('',3,(#5584,#5585,#5586,#5587),
 .UNSPECIFIED.,.F.,.F.,(4,4),(0.,1.),.UNSPECIFIED.);
#2710=B_SPLINE_CURVE_WITH_KNOTS('',3,(#5589,#5590,#5591,#5592),
 .UNSPECIFIED.,.F.,.F.,(4,4),(0.,1.),.UNSPECIFIED.);
#2711=B_SPLINE_CURVE_WITH_KNOTS('',3,(#5597,#5598,#5599,#5600),
 .UNSPECIFIED.,.F.,.F.,(4,4),(-1.,0.),.UNSPECIFIED.);
#2712=B_SPLINE_CURVE_WITH_KNOTS('',3,(#5603,#5604,#5605,#5606),
 .UNSPECIFIED.,.F.,.F.,(4,4),(-1.,0.),.UNSPECIFIED.);
#2713=B_SPLINE_CURVE_WITH_KNOTS('',3,(#5610,#5611,#5612,#5613),
 .UNSPECIFIED.,.F.,.F.,(4,4),(-1.,0.),.UNSPECIFIED.);
#2714=B_SPLINE_CURVE_WITH_KNOTS('',3,(#5615,#5616,#5617,#5618),
 .UNSPECIFIED.,.F.,.F.,(4,4),(-1.,0.),.UNSPECIFIED.);
#2715=B_SPLINE_CURVE_WITH_KNOTS('',3,(#5622,#5623,#5624,#5625),
 .UNSPECIFIED.,.F.,.F.,(4,4),(-1.,0.),.UNSPECIFIED.);
#2716=B_SPLINE_CURVE_WITH_KNOTS('',3,(#5627,#5628,#5629,#5630),
 .UNSPECIFIED.,.F.,.F.,(4,4),(-1.,0.),.UNSPECIFIED.);
#2717=B_SPLINE_CURVE_WITH_KNOTS('',3,(#5632,#5633,#5634,#5635),
 .UNSPECIFIED.,.F.,.F.,(4,4),(-1.,0.),.UNSPECIFIED.);
#2718=B_SPLINE_CURVE_WITH_KNOTS('',3,(#5637,#5638,#5639,#5640),
 .UNSPECIFIED.,.F.,.F.,(4,4),(-1.,0.),.UNSPECIFIED.);
#2719=B_SPLINE_CURVE_WITH_KNOTS('',3,(#5642,#5643,#5644,#5645),
 .UNSPECIFIED.,.F.,.F.,(4,4),(-1.,0.),.UNSPECIFIED.);
#2720=B_SPLINE_CURVE_WITH_KNOTS('',3,(#5647,#5648,#5649,#5650),
 .UNSPECIFIED.,.F.,.F.,(4,4),(-1.,0.),.UNSPECIFIED.);
#2721=B_SPLINE_CURVE_WITH_KNOTS('',3,(#5652,#5653,#5654,#5655),
 .UNSPECIFIED.,.F.,.F.,(4,4),(-1.,0.),.UNSPECIFIED.);
#2722=B_SPLINE_CURVE_WITH_KNOTS('',3,(#5657,#5658,#5659,#5660),
 .UNSPECIFIED.,.F.,.F.,(4,4),(-1.,0.),.UNSPECIFIED.);
#2723=B_SPLINE_CURVE_WITH_KNOTS('',3,(#5662,#5663,#5664,#5665),
 .UNSPECIFIED.,.F.,.F.,(4,4),(-1.,0.),.UNSPECIFIED.);
#2724=B_SPLINE_CURVE_WITH_KNOTS('',3,(#5667,#5668,#5669,#5670),
 .UNSPECIFIED.,.F.,.F.,(4,4),(-1.,0.),.UNSPECIFIED.);
#2725=B_SPLINE_CURVE_WITH_KNOTS('',3,(#5672,#5673,#5674,#5675),
 .UNSPECIFIED.,.F.,.F.,(4,4),(-1.,0.),.UNSPECIFIED.);
#2726=B_SPLINE_CURVE_WITH_KNOTS('',3,(#5677,#5678,#5679,#5680),
 .UNSPECIFIED.,.F.,.F.,(4,4),(-1.,0.),.UNSPECIFIED.);
#2727=B_SPLINE_CURVE_WITH_KNOTS('',3,(#5682,#5683,#5684,#5685),
 .UNSPECIFIED.,.F.,.F.,(4,4),(-1.,0.),.UNSPECIFIED.);
#2728=B_SPLINE_CURVE_WITH_KNOTS('',3,(#5687,#5688,#5689,#5690),
 .UNSPECIFIED.,.F.,.F.,(4,4),(-1.,0.),.UNSPECIFIED.);
#2729=B_SPLINE_CURVE_WITH_KNOTS('',3,(#5694,#5695,#5696,#5697),
 .UNSPECIFIED.,.F.,.F.,(4,4),(-1.,0.),.UNSPECIFIED.);
#2730=B_SPLINE_CURVE_WITH_KNOTS('',3,(#5699,#5700,#5701,#5702),
 .UNSPECIFIED.,.F.,.F.,(4,4),(-1.,0.),.UNSPECIFIED.);
#2731=B_SPLINE_CURVE_WITH_KNOTS('',3,(#5704,#5705,#5706,#5707),
 .UNSPECIFIED.,.F.,.F.,(4,4),(-1.,0.),.UNSPECIFIED.);
#2732=B_SPLINE_CURVE_WITH_KNOTS('',3,(#5709,#5710,#5711,#5712),
 .UNSPECIFIED.,.F.,.F.,(4,4),(-1.,0.),.UNSPECIFIED.);
#2733=B_SPLINE_CURVE_WITH_KNOTS('',3,(#5714,#5715,#5716,#5717),
 .UNSPECIFIED.,.F.,.F.,(4,4),(-1.,0.),.UNSPECIFIED.);
#2734=B_SPLINE_CURVE_WITH_KNOTS('',3,(#5721,#5722,#5723,#5724),
 .UNSPECIFIED.,.F.,.F.,(4,4),(-1.,0.),.UNSPECIFIED.);
#2735=B_SPLINE_CURVE_WITH_KNOTS('',3,(#5726,#5727,#5728,#5729),
 .UNSPECIFIED.,.F.,.F.,(4,4),(-1.,0.),.UNSPECIFIED.);
#2736=B_SPLINE_CURVE_WITH_KNOTS('',3,(#5731,#5732,#5733,#5734),
 .UNSPECIFIED.,.F.,.F.,(4,4),(-1.,0.),.UNSPECIFIED.);
#2737=B_SPLINE_CURVE_WITH_KNOTS('',3,(#5736,#5737,#5738,#5739),
 .UNSPECIFIED.,.F.,.F.,(4,4),(-1.,0.),.UNSPECIFIED.);
#2738=B_SPLINE_CURVE_WITH_KNOTS('',3,(#5741,#5742,#5743,#5744),
 .UNSPECIFIED.,.F.,.F.,(4,4),(-1.,0.),.UNSPECIFIED.);
#2739=B_SPLINE_CURVE_WITH_KNOTS('',3,(#5748,#5749,#5750,#5751),
 .UNSPECIFIED.,.F.,.F.,(4,4),(-1.,0.),.UNSPECIFIED.);
#2740=B_SPLINE_CURVE_WITH_KNOTS('',3,(#5753,#5754,#5755,#5756),
 .UNSPECIFIED.,.F.,.F.,(4,4),(-1.,0.),.UNSPECIFIED.);
#2741=B_SPLINE_CURVE_WITH_KNOTS('',3,(#5758,#5759,#5760,#5761),
 .UNSPECIFIED.,.F.,.F.,(4,4),(-1.,0.),.UNSPECIFIED.);
#2742=B_SPLINE_CURVE_WITH_KNOTS('',3,(#5763,#5764,#5765,#5766),
 .UNSPECIFIED.,.F.,.F.,(4,4),(-1.,0.),.UNSPECIFIED.);
#2743=B_SPLINE_CURVE_WITH_KNOTS('',3,(#5768,#5769,#5770,#5771),
 .UNSPECIFIED.,.F.,.F.,(4,4),(-1.,0.),.UNSPECIFIED.);
#2744=B_SPLINE_CURVE_WITH_KNOTS('',3,(#5773,#5774,#5775,#5776),
 .UNSPECIFIED.,.F.,.F.,(4,4),(-1.,0.),.UNSPECIFIED.);
#2745=B_SPLINE_CURVE_WITH_KNOTS('',3,(#5778,#5779,#5780,#5781),
 .UNSPECIFIED.,.F.,.F.,(4,4),(-1.,0.),.UNSPECIFIED.);
#2746=B_SPLINE_CURVE_WITH_KNOTS('',3,(#5783,#5784,#5785,#5786),
 .UNSPECIFIED.,.F.,.F.,(4,4),(-1.,0.),.UNSPECIFIED.);
#2747=B_SPLINE_CURVE_WITH_KNOTS('',3,(#5788,#5789,#5790,#5791),
 .UNSPECIFIED.,.F.,.F.,(4,4),(-1.,0.),.UNSPECIFIED.);
#2748=B_SPLINE_CURVE_WITH_KNOTS('',3,(#5793,#5794,#5795,#5796),
 .UNSPECIFIED.,.F.,.F.,(4,4),(-1.,0.),.UNSPECIFIED.);
#2749=B_SPLINE_CURVE_WITH_KNOTS('',3,(#5798,#5799,#5800,#5801),
 .UNSPECIFIED.,.F.,.F.,(4,4),(-1.,0.),.UNSPECIFIED.);
#2750=B_SPLINE_CURVE_WITH_KNOTS('',3,(#5803,#5804,#5805,#5806),
 .UNSPECIFIED.,.F.,.F.,(4,4),(-1.,0.),.UNSPECIFIED.);
#2751=B_SPLINE_CURVE_WITH_KNOTS('',3,(#5808,#5809,#5810,#5811),
 .UNSPECIFIED.,.F.,.F.,(4,4),(-1.,0.),.UNSPECIFIED.);
#2752=B_SPLINE_CURVE_WITH_KNOTS('',3,(#5813,#5814,#5815,#5816),
 .UNSPECIFIED.,.F.,.F.,(4,4),(0.,1.),.UNSPECIFIED.);
#2753=B_SPLINE_CURVE_WITH_KNOTS('',3,(#5819,#5820,#5821,#5822),
 .UNSPECIFIED.,.F.,.F.,(4,4),(0.,1.),.UNSPECIFIED.);
#2754=B_SPLINE_CURVE_WITH_KNOTS('',3,(#5824,#5825,#5826,#5827),
 .UNSPECIFIED.,.F.,.F.,(4,4),(0.,1.),.UNSPECIFIED.);
#2755=B_SPLINE_CURVE_WITH_KNOTS('',3,(#5829,#5830,#5831,#5832),
 .UNSPECIFIED.,.F.,.F.,(4,4),(0.,1.),.UNSPECIFIED.);
#2756=B_SPLINE_CURVE_WITH_KNOTS('',3,(#5833,#5834,#5835,#5836),
 .UNSPECIFIED.,.F.,.F.,(4,4),(-1.,0.),.UNSPECIFIED.);
#2757=B_SPLINE_CURVE_WITH_KNOTS('',3,(#5839,#5840,#5841,#5842),
 .UNSPECIFIED.,.F.,.F.,(4,4),(-1.,0.),.UNSPECIFIED.);
#2758=B_SPLINE_CURVE_WITH_KNOTS('',3,(#5843,#5844,#5845,#5846),
 .UNSPECIFIED.,.F.,.F.,(4,4),(0.,1.),.UNSPECIFIED.);
#2759=B_SPLINE_CURVE_WITH_KNOTS('',3,(#5849,#5850,#5851,#5852),
 .UNSPECIFIED.,.F.,.F.,(4,4),(0.,1.),.UNSPECIFIED.);
#2760=B_SPLINE_CURVE_WITH_KNOTS('',3,(#5853,#5854,#5855,#5856),
 .UNSPECIFIED.,.F.,.F.,(4,4),(-1.,0.),.UNSPECIFIED.);
#2761=B_SPLINE_CURVE_WITH_KNOTS('',3,(#5859,#5860,#5861,#5862),
 .UNSPECIFIED.,.F.,.F.,(4,4),(-1.,0.),.UNSPECIFIED.);
#2762=B_SPLINE_CURVE_WITH_KNOTS('',3,(#5863,#5864,#5865,#5866),
 .UNSPECIFIED.,.F.,.F.,(4,4),(0.,1.),.UNSPECIFIED.);
#2763=B_SPLINE_CURVE_WITH_KNOTS('',3,(#5869,#5870,#5871,#5872),
 .UNSPECIFIED.,.F.,.F.,(4,4),(0.,1.),.UNSPECIFIED.);
#2764=B_SPLINE_CURVE_WITH_KNOTS('',3,(#5877,#5878,#5879,#5880),
 .UNSPECIFIED.,.F.,.F.,(4,4),(0.,1.),.UNSPECIFIED.);
#2765=B_SPLINE_CURVE_WITH_KNOTS('',3,(#5883,#5884,#5885,#5886),
 .UNSPECIFIED.,.F.,.F.,(4,4),(0.,1.),.UNSPECIFIED.);
#2766=B_SPLINE_CURVE_WITH_KNOTS('',3,(#5888,#5889,#5890,#5891),
 .UNSPECIFIED.,.F.,.F.,(4,4),(0.,1.),.UNSPECIFIED.);
#2767=B_SPLINE_CURVE_WITH_KNOTS('',3,(#5893,#5894,#5895,#5896),
 .UNSPECIFIED.,.F.,.F.,(4,4),(0.,1.),.UNSPECIFIED.);
#2768=B_SPLINE_CURVE_WITH_KNOTS('',3,(#5897,#5898,#5899,#5900),
 .UNSPECIFIED.,.F.,.F.,(4,4),(-1.,0.),.UNSPECIFIED.);
#2769=B_SPLINE_CURVE_WITH_KNOTS('',3,(#5903,#5904,#5905,#5906),
 .UNSPECIFIED.,.F.,.F.,(4,4),(-1.,0.),.UNSPECIFIED.);
#2770=B_SPLINE_CURVE_WITH_KNOTS('',3,(#5908,#5909,#5910,#5911),
 .UNSPECIFIED.,.F.,.F.,(4,4),(-1.,0.),.UNSPECIFIED.);
#2771=B_SPLINE_CURVE_WITH_KNOTS('',3,(#5913,#5914,#5915,#5916),
 .UNSPECIFIED.,.F.,.F.,(4,4),(-1.,0.),.UNSPECIFIED.);
#2772=B_SPLINE_CURVE_WITH_KNOTS('',3,(#5917,#5918,#5919,#5920),
 .UNSPECIFIED.,.F.,.F.,(4,4),(-1.,0.),.UNSPECIFIED.);
#2773=B_SPLINE_CURVE_WITH_KNOTS('',3,(#5923,#5924,#5925,#5926),
 .UNSPECIFIED.,.F.,.F.,(4,4),(-1.,0.),.UNSPECIFIED.);
#2774=B_SPLINE_CURVE_WITH_KNOTS('',3,(#5928,#5929,#5930,#5931),
 .UNSPECIFIED.,.F.,.F.,(4,4),(-1.,0.),.UNSPECIFIED.);
#2775=B_SPLINE_CURVE_WITH_KNOTS('',3,(#5933,#5934,#5935,#5936),
 .UNSPECIFIED.,.F.,.F.,(4,4),(-1.,0.),.UNSPECIFIED.);
#2776=B_SPLINE_CURVE_WITH_KNOTS('',3,(#5937,#5938,#5939,#5940),
 .UNSPECIFIED.,.F.,.F.,(4,4),(0.,1.),.UNSPECIFIED.);
#2777=B_SPLINE_CURVE_WITH_KNOTS('',3,(#5943,#5944,#5945,#5946),
 .UNSPECIFIED.,.F.,.F.,(4,4),(0.,1.),.UNSPECIFIED.);
#2778=B_SPLINE_CURVE_WITH_KNOTS('',3,(#5948,#5949,#5950,#5951),
 .UNSPECIFIED.,.F.,.F.,(4,4),(0.,1.),.UNSPECIFIED.);
#2779=B_SPLINE_CURVE_WITH_KNOTS('',3,(#5953,#5954,#5955,#5956),
 .UNSPECIFIED.,.F.,.F.,(4,4),(0.,1.),.UNSPECIFIED.);
#2780=B_SPLINE_CURVE_WITH_KNOTS('',3,(#5958,#5959,#5960,#5961),
 .UNSPECIFIED.,.F.,.F.,(4,4),(0.,1.),.UNSPECIFIED.);
#2781=B_SPLINE_CURVE_WITH_KNOTS('',3,(#5963,#5964,#5965,#5966),
 .UNSPECIFIED.,.F.,.F.,(4,4),(0.,1.),.UNSPECIFIED.);
#2782=B_SPLINE_CURVE_WITH_KNOTS('',3,(#5968,#5969,#5970,#5971),
 .UNSPECIFIED.,.F.,.F.,(4,4),(0.,1.),.UNSPECIFIED.);
#2783=B_SPLINE_CURVE_WITH_KNOTS('',3,(#5973,#5974,#5975,#5976),
 .UNSPECIFIED.,.F.,.F.,(4,4),(0.,1.),.UNSPECIFIED.);
#2784=B_SPLINE_CURVE_WITH_KNOTS('',3,(#5978,#5979,#5980,#5981),
 .UNSPECIFIED.,.F.,.F.,(4,4),(0.,1.),.UNSPECIFIED.);
#2785=B_SPLINE_CURVE_WITH_KNOTS('',3,(#5983,#5984,#5985,#5986),
 .UNSPECIFIED.,.F.,.F.,(4,4),(0.,1.),.UNSPECIFIED.);
#2786=B_SPLINE_CURVE_WITH_KNOTS('',3,(#5988,#5989,#5990,#5991),
 .UNSPECIFIED.,.F.,.F.,(4,4),(0.,1.),.UNSPECIFIED.);
#2787=B_SPLINE_CURVE_WITH_KNOTS('',3,(#5995,#5996,#5997,#5998),
 .UNSPECIFIED.,.F.,.F.,(4,4),(0.,1.),.UNSPECIFIED.);
#2788=B_SPLINE_CURVE_WITH_KNOTS('',3,(#6000,#6001,#6002,#6003),
 .UNSPECIFIED.,.F.,.F.,(4,4),(0.,1.),.UNSPECIFIED.);
#2789=B_SPLINE_CURVE_WITH_KNOTS('',3,(#6005,#6006,#6007,#6008),
 .UNSPECIFIED.,.F.,.F.,(4,4),(0.,1.),.UNSPECIFIED.);
#2790=B_SPLINE_CURVE_WITH_KNOTS('',3,(#6010,#6011,#6012,#6013),
 .UNSPECIFIED.,.F.,.F.,(4,4),(0.,1.),.UNSPECIFIED.);
#2791=B_SPLINE_CURVE_WITH_KNOTS('',3,(#6015,#6016,#6017,#6018),
 .UNSPECIFIED.,.F.,.F.,(4,4),(0.,1.),.UNSPECIFIED.);
#2792=B_SPLINE_CURVE_WITH_KNOTS('',3,(#6020,#6021,#6022,#6023),
 .UNSPECIFIED.,.F.,.F.,(4,4),(0.,1.),.UNSPECIFIED.);
#2793=B_SPLINE_CURVE_WITH_KNOTS('',3,(#6025,#6026,#6027,#6028),
 .UNSPECIFIED.,.F.,.F.,(4,4),(0.,1.),.UNSPECIFIED.);
#2794=B_SPLINE_CURVE_WITH_KNOTS('',3,(#6032,#6033,#6034,#6035),
 .UNSPECIFIED.,.F.,.F.,(4,4),(0.,1.),.UNSPECIFIED.);
#2795=B_SPLINE_CURVE_WITH_KNOTS('',3,(#6037,#6038,#6039,#6040),
 .UNSPECIFIED.,.F.,.F.,(4,4),(0.,1.),.UNSPECIFIED.);
#2796=B_SPLINE_CURVE_WITH_KNOTS('',3,(#6044,#6045,#6046,#6047),
 .UNSPECIFIED.,.F.,.F.,(4,4),(0.,1.),.UNSPECIFIED.);
#2797=B_SPLINE_CURVE_WITH_KNOTS('',3,(#6049,#6050,#6051,#6052),
 .UNSPECIFIED.,.F.,.F.,(4,4),(0.,1.),.UNSPECIFIED.);
#2798=B_SPLINE_CURVE_WITH_KNOTS('',3,(#6054,#6055,#6056,#6057),
 .UNSPECIFIED.,.F.,.F.,(4,4),(0.,1.),.UNSPECIFIED.);
#2799=B_SPLINE_CURVE_WITH_KNOTS('',3,(#6059,#6060,#6061,#6062),
 .UNSPECIFIED.,.F.,.F.,(4,4),(0.,1.),.UNSPECIFIED.);
#2800=B_SPLINE_CURVE_WITH_KNOTS('',3,(#6064,#6065,#6066,#6067),
 .UNSPECIFIED.,.F.,.F.,(4,4),(0.,1.),.UNSPECIFIED.);
#2801=B_SPLINE_CURVE_WITH_KNOTS('',3,(#6071,#6072,#6073,#6074),
 .UNSPECIFIED.,.F.,.F.,(4,4),(0.,1.),.UNSPECIFIED.);
#2802=B_SPLINE_CURVE_WITH_KNOTS('',3,(#6076,#6077,#6078,#6079),
 .UNSPECIFIED.,.F.,.F.,(4,4),(0.,1.),.UNSPECIFIED.);
#2803=B_SPLINE_CURVE_WITH_KNOTS('',3,(#6081,#6082,#6083,#6084),
 .UNSPECIFIED.,.F.,.F.,(4,4),(0.,1.),.UNSPECIFIED.);
#2804=B_SPLINE_CURVE_WITH_KNOTS('',3,(#6085,#6086,#6087,#6088),
 .UNSPECIFIED.,.F.,.F.,(4,4),(-1.,0.),.UNSPECIFIED.);
#2805=B_SPLINE_CURVE_WITH_KNOTS('',3,(#6091,#6092,#6093,#6094),
 .UNSPECIFIED.,.F.,.F.,(4,4),(-1.,0.),.UNSPECIFIED.);
#2806=B_SPLINE_CURVE_WITH_KNOTS('',3,(#6096,#6097,#6098,#6099),
 .UNSPECIFIED.,.F.,.F.,(4,4),(-1.,0.),.UNSPECIFIED.);
#2807=B_SPLINE_CURVE_WITH_KNOTS('',3,(#6101,#6102,#6103,#6104),
 .UNSPECIFIED.,.F.,.F.,(4,4),(-1.,0.),.UNSPECIFIED.);
#2808=B_SPLINE_CURVE_WITH_KNOTS('',3,(#6106,#6107,#6108,#6109),
 .UNSPECIFIED.,.F.,.F.,(4,4),(-1.,0.),.UNSPECIFIED.);
#2809=B_SPLINE_CURVE_WITH_KNOTS('',3,(#6113,#6114,#6115,#6116),
 .UNSPECIFIED.,.F.,.F.,(4,4),(-1.,0.),.UNSPECIFIED.);
#2810=B_SPLINE_CURVE_WITH_KNOTS('',3,(#6118,#6119,#6120,#6121),
 .UNSPECIFIED.,.F.,.F.,(4,4),(-1.,0.),.UNSPECIFIED.);
#2811=B_SPLINE_CURVE_WITH_KNOTS('',3,(#6123,#6124,#6125,#6126),
 .UNSPECIFIED.,.F.,.F.,(4,4),(-1.,0.),.UNSPECIFIED.);
#2812=B_SPLINE_CURVE_WITH_KNOTS('',3,(#6128,#6129,#6130,#6131),
 .UNSPECIFIED.,.F.,.F.,(4,4),(-1.,0.),.UNSPECIFIED.);
#2813=B_SPLINE_CURVE_WITH_KNOTS('',3,(#6133,#6134,#6135,#6136),
 .UNSPECIFIED.,.F.,.F.,(4,4),(-1.,0.),.UNSPECIFIED.);
#2814=B_SPLINE_CURVE_WITH_KNOTS('',3,(#6140,#6141,#6142,#6143),
 .UNSPECIFIED.,.F.,.F.,(4,4),(-1.,0.),.UNSPECIFIED.);
#2815=B_SPLINE_CURVE_WITH_KNOTS('',3,(#6145,#6146,#6147,#6148),
 .UNSPECIFIED.,.F.,.F.,(4,4),(-1.,0.),.UNSPECIFIED.);
#2816=B_SPLINE_CURVE_WITH_KNOTS('',3,(#6152,#6153,#6154,#6155),
 .UNSPECIFIED.,.F.,.F.,(4,4),(-1.,0.),.UNSPECIFIED.);
#2817=B_SPLINE_CURVE_WITH_KNOTS('',3,(#6157,#6158,#6159,#6160),
 .UNSPECIFIED.,.F.,.F.,(4,4),(-1.,0.),.UNSPECIFIED.);
#2818=B_SPLINE_CURVE_WITH_KNOTS('',3,(#6162,#6163,#6164,#6165),
 .UNSPECIFIED.,.F.,.F.,(4,4),(-1.,0.),.UNSPECIFIED.);
#2819=B_SPLINE_CURVE_WITH_KNOTS('',3,(#6167,#6168,#6169,#6170),
 .UNSPECIFIED.,.F.,.F.,(4,4),(-1.,0.),.UNSPECIFIED.);
#2820=B_SPLINE_CURVE_WITH_KNOTS('',3,(#6172,#6173,#6174,#6175),
 .UNSPECIFIED.,.F.,.F.,(4,4),(-1.,0.),.UNSPECIFIED.);
#2821=B_SPLINE_CURVE_WITH_KNOTS('',3,(#6177,#6178,#6179,#6180),
 .UNSPECIFIED.,.F.,.F.,(4,4),(-1.,0.),.UNSPECIFIED.);
#2822=B_SPLINE_CURVE_WITH_KNOTS('',3,(#6182,#6183,#6184,#6185),
 .UNSPECIFIED.,.F.,.F.,(4,4),(-1.,0.),.UNSPECIFIED.);
#2823=B_SPLINE_CURVE_WITH_KNOTS('',3,(#6189,#6190,#6191,#6192),
 .UNSPECIFIED.,.F.,.F.,(4,4),(-1.,0.),.UNSPECIFIED.);
#2824=B_SPLINE_CURVE_WITH_KNOTS('',3,(#6194,#6195,#6196,#6197),
 .UNSPECIFIED.,.F.,.F.,(4,4),(-1.,0.),.UNSPECIFIED.);
#2825=B_SPLINE_CURVE_WITH_KNOTS('',3,(#6199,#6200,#6201,#6202),
 .UNSPECIFIED.,.F.,.F.,(4,4),(-1.,0.),.UNSPECIFIED.);
#2826=B_SPLINE_CURVE_WITH_KNOTS('',3,(#6204,#6205,#6206,#6207),
 .UNSPECIFIED.,.F.,.F.,(4,4),(-1.,0.),.UNSPECIFIED.);
#2827=B_SPLINE_CURVE_WITH_KNOTS('',3,(#6209,#6210,#6211,#6212),
 .UNSPECIFIED.,.F.,.F.,(4,4),(-1.,0.),.UNSPECIFIED.);
#2828=B_SPLINE_CURVE_WITH_KNOTS('',3,(#6214,#6215,#6216,#6217),
 .UNSPECIFIED.,.F.,.F.,(4,4),(-1.,0.),.UNSPECIFIED.);
#2829=B_SPLINE_CURVE_WITH_KNOTS('',3,(#6219,#6220,#6221,#6222),
 .UNSPECIFIED.,.F.,.F.,(4,4),(-1.,0.),.UNSPECIFIED.);
#2830=B_SPLINE_CURVE_WITH_KNOTS('',3,(#6224,#6225,#6226,#6227),
 .UNSPECIFIED.,.F.,.F.,(4,4),(-1.,0.),.UNSPECIFIED.);
#2831=B_SPLINE_CURVE_WITH_KNOTS('',3,(#6229,#6230,#6231,#6232),
 .UNSPECIFIED.,.F.,.F.,(4,4),(-1.,0.),.UNSPECIFIED.);
#2832=B_SPLINE_CURVE_WITH_KNOTS('',3,(#6235,#6236,#6237,#6238),
 .UNSPECIFIED.,.F.,.F.,(4,4),(0.,1.),.UNSPECIFIED.);
#2833=B_SPLINE_CURVE_WITH_KNOTS('',3,(#6241,#6242,#6243,#6244),
 .UNSPECIFIED.,.F.,.F.,(4,4),(0.,1.),.UNSPECIFIED.);
#2834=B_SPLINE_CURVE_WITH_KNOTS('',3,(#6246,#6247,#6248,#6249),
 .UNSPECIFIED.,.F.,.F.,(4,4),(0.,1.),.UNSPECIFIED.);
#2835=B_SPLINE_CURVE_WITH_KNOTS('',3,(#6251,#6252,#6253,#6254),
 .UNSPECIFIED.,.F.,.F.,(4,4),(0.,1.),.UNSPECIFIED.);
#2836=B_SPLINE_CURVE_WITH_KNOTS('',3,(#6256,#6257,#6258,#6259),
 .UNSPECIFIED.,.F.,.F.,(4,4),(0.,1.),.UNSPECIFIED.);
#2837=B_SPLINE_CURVE_WITH_KNOTS('',3,(#6261,#6262,#6263,#6264),
 .UNSPECIFIED.,.F.,.F.,(4,4),(0.,1.),.UNSPECIFIED.);
#2838=B_SPLINE_CURVE_WITH_KNOTS('',3,(#6266,#6267,#6268,#6269),
 .UNSPECIFIED.,.F.,.F.,(4,4),(0.,1.),.UNSPECIFIED.);
#2839=B_SPLINE_CURVE_WITH_KNOTS('',3,(#6271,#6272,#6273,#6274),
 .UNSPECIFIED.,.F.,.F.,(4,4),(0.,1.),.UNSPECIFIED.);
#2840=B_SPLINE_CURVE_WITH_KNOTS('',3,(#6276,#6277,#6278,#6279),
 .UNSPECIFIED.,.F.,.F.,(4,4),(0.,1.),.UNSPECIFIED.);
#2841=B_SPLINE_CURVE_WITH_KNOTS('',3,(#6281,#6282,#6283,#6284),
 .UNSPECIFIED.,.F.,.F.,(4,4),(0.,1.),.UNSPECIFIED.);
#2842=B_SPLINE_CURVE_WITH_KNOTS('',3,(#6286,#6287,#6288,#6289),
 .UNSPECIFIED.,.F.,.F.,(4,4),(0.,1.),.UNSPECIFIED.);
#2843=B_SPLINE_CURVE_WITH_KNOTS('',3,(#6291,#6292,#6293,#6294),
 .UNSPECIFIED.,.F.,.F.,(4,4),(0.,1.),.UNSPECIFIED.);
#2844=B_SPLINE_CURVE_WITH_KNOTS('',3,(#6296,#6297,#6298,#6299),
 .UNSPECIFIED.,.F.,.F.,(4,4),(0.,1.),.UNSPECIFIED.);
#2845=B_SPLINE_CURVE_WITH_KNOTS('',3,(#6303,#6304,#6305,#6306),
 .UNSPECIFIED.,.F.,.F.,(4,4),(0.,1.),.UNSPECIFIED.);
#2846=B_SPLINE_CURVE_WITH_KNOTS('',3,(#6308,#6309,#6310,#6311),
 .UNSPECIFIED.,.F.,.F.,(4,4),(0.,1.),.UNSPECIFIED.);
#2847=B_SPLINE_CURVE_WITH_KNOTS('',3,(#6313,#6314,#6315,#6316),
 .UNSPECIFIED.,.F.,.F.,(4,4),(0.,1.),.UNSPECIFIED.);
#2848=B_SPLINE_CURVE_WITH_KNOTS('',3,(#6318,#6319,#6320,#6321),
 .UNSPECIFIED.,.F.,.F.,(4,4),(0.,1.),.UNSPECIFIED.);
#2849=B_SPLINE_CURVE_WITH_KNOTS('',3,(#6323,#6324,#6325,#6326),
 .UNSPECIFIED.,.F.,.F.,(4,4),(0.,1.),.UNSPECIFIED.);
#2850=B_SPLINE_CURVE_WITH_KNOTS('',3,(#6330,#6331,#6332,#6333),
 .UNSPECIFIED.,.F.,.F.,(4,4),(0.,1.),.UNSPECIFIED.);
#2851=B_SPLINE_CURVE_WITH_KNOTS('',3,(#6335,#6336,#6337,#6338),
 .UNSPECIFIED.,.F.,.F.,(4,4),(0.,1.),.UNSPECIFIED.);
#2852=B_SPLINE_CURVE_WITH_KNOTS('',3,(#6340,#6341,#6342,#6343),
 .UNSPECIFIED.,.F.,.F.,(4,4),(0.,1.),.UNSPECIFIED.);
#2853=B_SPLINE_CURVE_WITH_KNOTS('',3,(#6345,#6346,#6347,#6348),
 .UNSPECIFIED.,.F.,.F.,(4,4),(0.,1.),.UNSPECIFIED.);
#2854=B_SPLINE_CURVE_WITH_KNOTS('',3,(#6350,#6351,#6352,#6353),
 .UNSPECIFIED.,.F.,.F.,(4,4),(0.,1.),.UNSPECIFIED.);
#2855=B_SPLINE_CURVE_WITH_KNOTS('',3,(#6357,#6358,#6359,#6360),
 .UNSPECIFIED.,.F.,.F.,(4,4),(0.,1.),.UNSPECIFIED.);
#2856=B_SPLINE_CURVE_WITH_KNOTS('',3,(#6362,#6363,#6364,#6365),
 .UNSPECIFIED.,.F.,.F.,(4,4),(0.,1.),.UNSPECIFIED.);
#2857=B_SPLINE_CURVE_WITH_KNOTS('',3,(#6367,#6368,#6369,#6370),
 .UNSPECIFIED.,.F.,.F.,(4,4),(0.,1.),.UNSPECIFIED.);
#2858=B_SPLINE_CURVE_WITH_KNOTS('',3,(#6372,#6373,#6374,#6375),
 .UNSPECIFIED.,.F.,.F.,(4,4),(0.,1.),.UNSPECIFIED.);
#2859=B_SPLINE_CURVE_WITH_KNOTS('',3,(#6377,#6378,#6379,#6380),
 .UNSPECIFIED.,.F.,.F.,(4,4),(0.,1.),.UNSPECIFIED.);
#2860=B_SPLINE_CURVE_WITH_KNOTS('',3,(#6382,#6383,#6384,#6385),
 .UNSPECIFIED.,.F.,.F.,(4,4),(0.,1.),.UNSPECIFIED.);
#2861=B_SPLINE_CURVE_WITH_KNOTS('',3,(#6387,#6388,#6389,#6390),
 .UNSPECIFIED.,.F.,.F.,(4,4),(0.,1.),.UNSPECIFIED.);
#2862=B_SPLINE_CURVE_WITH_KNOTS('',3,(#6392,#6393,#6394,#6395),
 .UNSPECIFIED.,.F.,.F.,(4,4),(0.,1.),.UNSPECIFIED.);
#2863=B_SPLINE_CURVE_WITH_KNOTS('',3,(#6397,#6398,#6399,#6400),
 .UNSPECIFIED.,.F.,.F.,(4,4),(0.,1.),.UNSPECIFIED.);
#2864=B_SPLINE_CURVE_WITH_KNOTS('',3,(#6402,#6403,#6404,#6405),
 .UNSPECIFIED.,.F.,.F.,(4,4),(0.,1.),.UNSPECIFIED.);
#2865=B_SPLINE_CURVE_WITH_KNOTS('',3,(#6407,#6408,#6409,#6410),
 .UNSPECIFIED.,.F.,.F.,(4,4),(0.,1.),.UNSPECIFIED.);
#2866=B_SPLINE_CURVE_WITH_KNOTS('',3,(#6412,#6413,#6414,#6415),
 .UNSPECIFIED.,.F.,.F.,(4,4),(0.,1.),.UNSPECIFIED.);
#2867=B_SPLINE_CURVE_WITH_KNOTS('',3,(#6417,#6418,#6419,#6420),
 .UNSPECIFIED.,.F.,.F.,(4,4),(0.,1.),.UNSPECIFIED.);
#2868=B_SPLINE_CURVE_WITH_KNOTS('',3,(#6422,#6423,#6424,#6425),
 .UNSPECIFIED.,.F.,.F.,(4,4),(0.,1.),.UNSPECIFIED.);
#2869=B_SPLINE_CURVE_WITH_KNOTS('',3,(#6429,#6430,#6431,#6432),
 .UNSPECIFIED.,.F.,.F.,(4,4),(0.,1.),.UNSPECIFIED.);
#2870=B_SPLINE_CURVE_WITH_KNOTS('',3,(#6434,#6435,#6436,#6437),
 .UNSPECIFIED.,.F.,.F.,(4,4),(0.,1.),.UNSPECIFIED.);
#2871=B_SPLINE_CURVE_WITH_KNOTS('',3,(#6441,#6442,#6443,#6444),
 .UNSPECIFIED.,.F.,.F.,(4,4),(0.,1.),.UNSPECIFIED.);
#2872=B_SPLINE_CURVE_WITH_KNOTS('',3,(#6446,#6447,#6448,#6449),
 .UNSPECIFIED.,.F.,.F.,(4,4),(0.,1.),.UNSPECIFIED.);
#2873=B_SPLINE_CURVE_WITH_KNOTS('',3,(#6616,#6617,#6618,#6619),
 .UNSPECIFIED.,.F.,.F.,(4,4),(0.,1.),.UNSPECIFIED.);
#2874=B_SPLINE_CURVE_WITH_KNOTS('',3,(#6915,#6916,#6917,#6918),
 .UNSPECIFIED.,.F.,.F.,(4,4),(0.,1.),.UNSPECIFIED.);
#2875=B_SPLINE_CURVE_WITH_KNOTS('',3,(#6920,#6921,#6922,#6923),
 .UNSPECIFIED.,.F.,.F.,(4,4),(0.,1.),.UNSPECIFIED.);
#2876=B_SPLINE_CURVE_WITH_KNOTS('',3,(#6968,#6969,#6970,#6971),
 .UNSPECIFIED.,.F.,.F.,(4,4),(0.,1.),.UNSPECIFIED.);
#2877=B_SPLINE_CURVE_WITH_KNOTS('',3,(#6973,#6974,#6975,#6976),
 .UNSPECIFIED.,.F.,.F.,(4,4),(0.,1.),.UNSPECIFIED.);
#2878=B_SPLINE_CURVE_WITH_KNOTS('',3,(#7059,#7060,#7061,#7062),
 .UNSPECIFIED.,.F.,.F.,(4,4),(0.,1.),.UNSPECIFIED.);
#2879=B_SPLINE_CURVE_WITH_KNOTS('',3,(#7064,#7065,#7066,#7067),
 .UNSPECIFIED.,.F.,.F.,(4,4),(0.,1.),.UNSPECIFIED.);
#2880=B_SPLINE_CURVE_WITH_KNOTS('',3,(#7247,#7248,#7249,#7250),
 .UNSPECIFIED.,.F.,.F.,(4,4),(0.,1.),.UNSPECIFIED.);
#2881=B_SPLINE_CURVE_WITH_KNOTS('',3,(#7252,#7253,#7254,#7255),
 .UNSPECIFIED.,.F.,.F.,(4,4),(0.,1.),.UNSPECIFIED.);
#2882=B_SPLINE_CURVE_WITH_KNOTS('',3,(#7338,#7339,#7340,#7341),
 .UNSPECIFIED.,.F.,.F.,(4,4),(0.,1.),.UNSPECIFIED.);
#2883=B_SPLINE_CURVE_WITH_KNOTS('',3,(#7343,#7344,#7345,#7346),
 .UNSPECIFIED.,.F.,.F.,(4,4),(0.,1.),.UNSPECIFIED.);
#2884=B_SPLINE_CURVE_WITH_KNOTS('',3,(#7391,#7392,#7393,#7394),
 .UNSPECIFIED.,.F.,.F.,(4,4),(0.,1.),.UNSPECIFIED.);
#2885=B_SPLINE_CURVE_WITH_KNOTS('',3,(#7396,#7397,#7398,#7399),
 .UNSPECIFIED.,.F.,.F.,(4,4),(0.,1.),.UNSPECIFIED.);
#2886=EDGE_LOOP('',(#645,#646,#647,#648));
#2887=EDGE_LOOP('',(#649));
#2888=EDGE_LOOP('',(#650));
#2889=EDGE_LOOP('',(#651));
#2890=EDGE_LOOP('',(#652));
#2891=EDGE_LOOP('',(#653));
#2892=EDGE_LOOP('',(#654));
#2893=EDGE_LOOP('',(#655));
#2894=EDGE_LOOP('',(#656));
#2895=EDGE_LOOP('',(#657));
#2896=EDGE_LOOP('',(#658));
#2897=EDGE_LOOP('',(#659));
#2898=EDGE_LOOP('',(#660));
#2899=EDGE_LOOP('',(#661));
#2900=EDGE_LOOP('',(#662));
#2901=EDGE_LOOP('',(#663));
#2902=EDGE_LOOP('',(#664));
#2903=EDGE_LOOP('',(#665));
#2904=EDGE_LOOP('',(#666));
#2905=EDGE_LOOP('',(#667));
#2906=EDGE_LOOP('',(#668));
#2907=EDGE_LOOP('',(#669));
#2908=EDGE_LOOP('',(#670));
#2909=EDGE_LOOP('',(#671));
#2910=EDGE_LOOP('',(#672));
#2911=EDGE_LOOP('',(#673));
#2912=EDGE_LOOP('',(#674));
#2913=EDGE_LOOP('',(#675));
#2914=EDGE_LOOP('',(#676));
#2915=EDGE_LOOP('',(#677));
#2916=EDGE_LOOP('',(#678));
#2917=EDGE_LOOP('',(#679));
#2918=EDGE_LOOP('',(#680));
#2919=EDGE_LOOP('',(#681));
#2920=EDGE_LOOP('',(#682));
#2921=EDGE_LOOP('',(#683));
#2922=EDGE_LOOP('',(#684));
#2923=EDGE_LOOP('',(#685));
#2924=EDGE_LOOP('',(#686));
#2925=EDGE_LOOP('',(#687));
#2926=EDGE_LOOP('',(#688));
#2927=EDGE_LOOP('',(#689));
#2928=EDGE_LOOP('',(#690));
#2929=EDGE_LOOP('',(#691,#692,#693,#694,#695,#696,#697,#698));
#2930=EDGE_LOOP('',(#699,#700,#701,#702));
#2931=EDGE_LOOP('',(#703,#704,#705,#706));
#2932=EDGE_LOOP('',(#707,#708,#709,#710));
#2933=EDGE_LOOP('',(#711,#712,#713,#714));
#2934=EDGE_LOOP('',(#715,#716,#717,#718));
#2935=EDGE_LOOP('',(#719,#720,#721,#722));
#2936=EDGE_LOOP('',(#723,#724,#725,#726));
#2937=EDGE_LOOP('',(#727,#728,#729,#730));
#2938=EDGE_LOOP('',(#731));
#2939=EDGE_LOOP('',(#732));
#2940=EDGE_LOOP('',(#733));
#2941=EDGE_LOOP('',(#734));
#2942=EDGE_LOOP('',(#735));
#2943=EDGE_LOOP('',(#736));
#2944=EDGE_LOOP('',(#737));
#2945=EDGE_LOOP('',(#738));
#2946=EDGE_LOOP('',(#739));
#2947=EDGE_LOOP('',(#740));
#2948=EDGE_LOOP('',(#741));
#2949=EDGE_LOOP('',(#742));
#2950=EDGE_LOOP('',(#743));
#2951=EDGE_LOOP('',(#744));
#2952=EDGE_LOOP('',(#745));
#2953=EDGE_LOOP('',(#746));
#2954=EDGE_LOOP('',(#747));
#2955=EDGE_LOOP('',(#748));
#2956=EDGE_LOOP('',(#749));
#2957=EDGE_LOOP('',(#750));
#2958=EDGE_LOOP('',(#751));
#2959=EDGE_LOOP('',(#752));
#2960=EDGE_LOOP('',(#753));
#2961=EDGE_LOOP('',(#754));
#2962=EDGE_LOOP('',(#755));
#2963=EDGE_LOOP('',(#756));
#2964=EDGE_LOOP('',(#757));
#2965=EDGE_LOOP('',(#758));
#2966=EDGE_LOOP('',(#759));
#2967=EDGE_LOOP('',(#760));
#2968=EDGE_LOOP('',(#761));
#2969=EDGE_LOOP('',(#762));
#2970=EDGE_LOOP('',(#763));
#2971=EDGE_LOOP('',(#764));
#2972=EDGE_LOOP('',(#765));
#2973=EDGE_LOOP('',(#766));
#2974=EDGE_LOOP('',(#767));
#2975=EDGE_LOOP('',(#768));
#2976=EDGE_LOOP('',(#769));
#2977=EDGE_LOOP('',(#770));
#2978=EDGE_LOOP('',(#771));
#2979=EDGE_LOOP('',(#772));
#2980=EDGE_LOOP('',(#773));
#2981=EDGE_LOOP('',(#774));
#2982=EDGE_LOOP('',(#775));
#2983=EDGE_LOOP('',(#776));
#2984=EDGE_LOOP('',(#777));
#2985=EDGE_LOOP('',(#778));
#2986=EDGE_LOOP('',(#779));
#2987=EDGE_LOOP('',(#780));
#2988=EDGE_LOOP('',(#781));
#2989=EDGE_LOOP('',(#782));
#2990=EDGE_LOOP('',(#783));
#2991=EDGE_LOOP('',(#784));
#2992=EDGE_LOOP('',(#785));
#2993=EDGE_LOOP('',(#786));
#2994=EDGE_LOOP('',(#787));
#2995=EDGE_LOOP('',(#788));
#2996=EDGE_LOOP('',(#789));
#2997=EDGE_LOOP('',(#790));
#2998=EDGE_LOOP('',(#791));
#2999=EDGE_LOOP('',(#792));
#3000=EDGE_LOOP('',(#793));
#3001=EDGE_LOOP('',(#794));
#3002=EDGE_LOOP('',(#795));
#3003=EDGE_LOOP('',(#796));
#3004=EDGE_LOOP('',(#797));
#3005=EDGE_LOOP('',(#798));
#3006=EDGE_LOOP('',(#799));
#3007=EDGE_LOOP('',(#800));
#3008=EDGE_LOOP('',(#801));
#3009=EDGE_LOOP('',(#802));
#3010=EDGE_LOOP('',(#803));
#3011=EDGE_LOOP('',(#804));
#3012=EDGE_LOOP('',(#805));
#3013=EDGE_LOOP('',(#806));
#3014=EDGE_LOOP('',(#807));
#3015=EDGE_LOOP('',(#808));
#3016=EDGE_LOOP('',(#809));
#3017=EDGE_LOOP('',(#810));
#3018=EDGE_LOOP('',(#811));
#3019=EDGE_LOOP('',(#812));
#3020=EDGE_LOOP('',(#813));
#3021=EDGE_LOOP('',(#814));
#3022=EDGE_LOOP('',(#815));
#3023=EDGE_LOOP('',(#816));
#3024=EDGE_LOOP('',(#817));
#3025=EDGE_LOOP('',(#818));
#3026=EDGE_LOOP('',(#819));
#3027=EDGE_LOOP('',(#820));
#3028=EDGE_LOOP('',(#821));
#3029=EDGE_LOOP('',(#822));
#3030=EDGE_LOOP('',(#823));
#3031=EDGE_LOOP('',(#824));
#3032=EDGE_LOOP('',(#825));
#3033=EDGE_LOOP('',(#826));
#3034=EDGE_LOOP('',(#827));
#3035=EDGE_LOOP('',(#828));
#3036=EDGE_LOOP('',(#829));
#3037=EDGE_LOOP('',(#830));
#3038=EDGE_LOOP('',(#831));
#3039=EDGE_LOOP('',(#832));
#3040=EDGE_LOOP('',(#833));
#3041=EDGE_LOOP('',(#834));
#3042=EDGE_LOOP('',(#835));
#3043=EDGE_LOOP('',(#836));
#3044=EDGE_LOOP('',(#837));
#3045=EDGE_LOOP('',(#838));
#3046=EDGE_LOOP('',(#839));
#3047=EDGE_LOOP('',(#840));
#3048=EDGE_LOOP('',(#841));
#3049=EDGE_LOOP('',(#842));
#3050=EDGE_LOOP('',(#843));
#3051=EDGE_LOOP('',(#844));
#3052=EDGE_LOOP('',(#845));
#3053=EDGE_LOOP('',(#846));
#3054=EDGE_LOOP('',(#847,#848));
#3055=EDGE_LOOP('',(#849,#850));
#3056=EDGE_LOOP('',(#851,#852));
#3057=EDGE_LOOP('',(#853,#854));
#3058=EDGE_LOOP('',(#855));
#3059=EDGE_LOOP('',(#856));
#3060=EDGE_LOOP('',(#857,#858,#859,#860));
#3061=EDGE_LOOP('',(#861,#862,#863,#864));
#3062=EDGE_LOOP('',(#865,#866,#867,#868));
#3063=EDGE_LOOP('',(#869,#870,#871,#872,#873,#874,#875,#876,#877,#878,#879,
#880,#881,#882,#883,#884,#885,#886,#887,#888,#889,#890,#891,#892,#893,#894,
#895,#896,#897,#898,#899,#900));
#3064=EDGE_LOOP('',(#901,#902,#903,#904,#905,#906,#907,#908,#909,#910,#911,
#912,#913,#914,#915,#916,#917,#918,#919,#920,#921,#922,#923,#924,#925,#926,
#927,#928,#929,#930,#931,#932));
#3065=EDGE_LOOP('',(#933));
#3066=EDGE_LOOP('',(#934,#935,#936,#937,#938,#939,#940,#941,#942,#943,#944,
#945,#946,#947,#948,#949,#950,#951,#952,#953,#954,#955,#956,#957,#958,#959,
#960,#961,#962,#963,#964,#965,#966,#967,#968,#969,#970,#971,#972,#973,#974,
#975,#976,#977,#978,#979));
#3067=EDGE_LOOP('',(#980));
#3068=EDGE_LOOP('',(#981));
#3069=EDGE_LOOP('',(#982));
#3070=EDGE_LOOP('',(#983));
#3071=EDGE_LOOP('',(#984));
#3072=EDGE_LOOP('',(#985));
#3073=EDGE_LOOP('',(#986));
#3074=EDGE_LOOP('',(#987));
#3075=EDGE_LOOP('',(#988));
#3076=EDGE_LOOP('',(#989));
#3077=EDGE_LOOP('',(#990));
#3078=EDGE_LOOP('',(#991));
#3079=EDGE_LOOP('',(#992));
#3080=EDGE_LOOP('',(#993));
#3081=EDGE_LOOP('',(#994));
#3082=EDGE_LOOP('',(#995));
#3083=EDGE_LOOP('',(#996));
#3084=EDGE_LOOP('',(#997));
#3085=EDGE_LOOP('',(#998));
#3086=EDGE_LOOP('',(#999));
#3087=EDGE_LOOP('',(#1000));
#3088=EDGE_LOOP('',(#1001));
#3089=EDGE_LOOP('',(#1002));
#3090=EDGE_LOOP('',(#1003));
#3091=EDGE_LOOP('',(#1004));
#3092=EDGE_LOOP('',(#1005));
#3093=EDGE_LOOP('',(#1006));
#3094=EDGE_LOOP('',(#1007));
#3095=EDGE_LOOP('',(#1008));
#3096=EDGE_LOOP('',(#1009));
#3097=EDGE_LOOP('',(#1010));
#3098=EDGE_LOOP('',(#1011));
#3099=EDGE_LOOP('',(#1012));
#3100=EDGE_LOOP('',(#1013));
#3101=EDGE_LOOP('',(#1014));
#3102=EDGE_LOOP('',(#1015));
#3103=EDGE_LOOP('',(#1016));
#3104=EDGE_LOOP('',(#1017));
#3105=EDGE_LOOP('',(#1018));
#3106=EDGE_LOOP('',(#1019));
#3107=EDGE_LOOP('',(#1020));
#3108=EDGE_LOOP('',(#1021));
#3109=EDGE_LOOP('',(#1022,#1023,#1024,#1025,#1026,#1027,#1028,#1029));
#3110=EDGE_LOOP('',(#1030,#1031,#1032,#1033));
#3111=EDGE_LOOP('',(#1034,#1035));
#3112=EDGE_LOOP('',(#1036,#1037));
#3113=EDGE_LOOP('',(#1038,#1039));
#3114=EDGE_LOOP('',(#1040,#1041));
#3115=EDGE_LOOP('',(#1042));
#3116=EDGE_LOOP('',(#1043));
#3117=EDGE_LOOP('',(#1044,#1045,#1046,#1047));
#3118=EDGE_LOOP('',(#1048,#1049,#1050,#1051));
#3119=EDGE_LOOP('',(#1052,#1053,#1054,#1055));
#3120=EDGE_LOOP('',(#1056,#1057,#1058,#1059,#1060,#1061,#1062,#1063,#1064,
#1065,#1066,#1067,#1068,#1069,#1070,#1071,#1072,#1073,#1074,#1075,#1076,
#1077,#1078,#1079,#1080,#1081,#1082,#1083,#1084,#1085,#1086,#1087));
#3121=EDGE_LOOP('',(#1088,#1089,#1090,#1091,#1092,#1093,#1094,#1095,#1096,
#1097,#1098,#1099,#1100,#1101,#1102,#1103,#1104,#1105,#1106,#1107,#1108,
#1109,#1110,#1111,#1112,#1113,#1114,#1115,#1116,#1117,#1118,#1119));
#3122=EDGE_LOOP('',(#1120));
#3123=EDGE_LOOP('',(#1121,#1122,#1123,#1124,#1125,#1126,#1127,#1128,#1129,
#1130,#1131,#1132,#1133,#1134,#1135,#1136,#1137,#1138,#1139,#1140,#1141,
#1142,#1143,#1144,#1145,#1146,#1147,#1148,#1149,#1150,#1151,#1152,#1153,
#1154,#1155,#1156,#1157,#1158,#1159,#1160,#1161,#1162,#1163,#1164,#1165,
#1166));
#3124=EDGE_LOOP('',(#1167,#1168,#1169,#1170));
#3125=EDGE_LOOP('',(#1171,#1172,#1173,#1174));
#3126=EDGE_LOOP('',(#1175,#1176,#1177,#1178));
#3127=EDGE_LOOP('',(#1179,#1180,#1181,#1182));
#3128=EDGE_LOOP('',(#1183,#1184,#1185,#1186));
#3129=EDGE_LOOP('',(#1187,#1188,#1189,#1190));
#3130=EDGE_LOOP('',(#1191,#1192,#1193,#1194));
#3131=EDGE_LOOP('',(#1195,#1196,#1197,#1198));
#3132=EDGE_LOOP('',(#1199,#1200,#1201,#1202));
#3133=EDGE_LOOP('',(#1203,#1204,#1205,#1206));
#3134=EDGE_LOOP('',(#1207,#1208,#1209,#1210));
#3135=EDGE_LOOP('',(#1211,#1212,#1213,#1214));
#3136=EDGE_LOOP('',(#1215,#1216,#1217,#1218));
#3137=EDGE_LOOP('',(#1219,#1220,#1221,#1222));
#3138=EDGE_LOOP('',(#1223,#1224,#1225,#1226));
#3139=EDGE_LOOP('',(#1227,#1228,#1229,#1230));
#3140=EDGE_LOOP('',(#1231,#1232,#1233,#1234));
#3141=EDGE_LOOP('',(#1235,#1236,#1237,#1238));
#3142=EDGE_LOOP('',(#1239,#1240,#1241,#1242));
#3143=EDGE_LOOP('',(#1243,#1244,#1245,#1246));
#3144=EDGE_LOOP('',(#1247,#1248,#1249,#1250));
#3145=EDGE_LOOP('',(#1251,#1252,#1253,#1254));
#3146=EDGE_LOOP('',(#1255,#1256,#1257,#1258));
#3147=EDGE_LOOP('',(#1259,#1260,#1261,#1262));
#3148=EDGE_LOOP('',(#1263,#1264,#1265,#1266));
#3149=EDGE_LOOP('',(#1267,#1268,#1269,#1270));
#3150=EDGE_LOOP('',(#1271,#1272,#1273,#1274));
#3151=EDGE_LOOP('',(#1275,#1276,#1277,#1278));
#3152=EDGE_LOOP('',(#1279,#1280,#1281,#1282));
#3153=EDGE_LOOP('',(#1283,#1284,#1285,#1286));
#3154=EDGE_LOOP('',(#1287,#1288,#1289,#1290));
#3155=EDGE_LOOP('',(#1291,#1292,#1293,#1294));
#3156=EDGE_LOOP('',(#1295,#1296,#1297,#1298));
#3157=EDGE_LOOP('',(#1299,#1300,#1301,#1302));
#3158=EDGE_LOOP('',(#1303,#1304,#1305,#1306));
#3159=EDGE_LOOP('',(#1307,#1308,#1309,#1310));
#3160=EDGE_LOOP('',(#1311,#1312,#1313,#1314));
#3161=EDGE_LOOP('',(#1315,#1316,#1317,#1318));
#3162=EDGE_LOOP('',(#1319,#1320,#1321,#1322));
#3163=EDGE_LOOP('',(#1323,#1324,#1325,#1326));
#3164=EDGE_LOOP('',(#1327,#1328,#1329,#1330));
#3165=EDGE_LOOP('',(#1331,#1332,#1333,#1334));
#3166=EDGE_LOOP('',(#1335,#1336,#1337,#1338));
#3167=EDGE_LOOP('',(#1339,#1340,#1341,#1342));
#3168=EDGE_LOOP('',(#1343,#1344,#1345,#1346));
#3169=EDGE_LOOP('',(#1347,#1348,#1349,#1350));
#3170=EDGE_LOOP('',(#1351));
#3171=EDGE_LOOP('',(#1352));
#3172=EDGE_LOOP('',(#1353,#1354,#1355,#1356));
#3173=EDGE_LOOP('',(#1357,#1358,#1359,#1360));
#3174=EDGE_LOOP('',(#1361,#1362,#1363,#1364));
#3175=EDGE_LOOP('',(#1365,#1366,#1367,#1368));
#3176=EDGE_LOOP('',(#1369,#1370,#1371,#1372));
#3177=EDGE_LOOP('',(#1373,#1374,#1375,#1376));
#3178=EDGE_LOOP('',(#1377,#1378,#1379,#1380));
#3179=EDGE_LOOP('',(#1381,#1382,#1383,#1384));
#3180=EDGE_LOOP('',(#1385,#1386,#1387,#1388));
#3181=EDGE_LOOP('',(#1389,#1390,#1391,#1392));
#3182=EDGE_LOOP('',(#1393,#1394,#1395,#1396));
#3183=EDGE_LOOP('',(#1397,#1398,#1399,#1400));
#3184=EDGE_LOOP('',(#1401,#1402,#1403,#1404));
#3185=EDGE_LOOP('',(#1405,#1406,#1407,#1408));
#3186=EDGE_LOOP('',(#1409,#1410,#1411,#1412));
#3187=EDGE_LOOP('',(#1413,#1414,#1415,#1416));
#3188=EDGE_LOOP('',(#1417,#1418,#1419,#1420));
#3189=EDGE_LOOP('',(#1421,#1422,#1423,#1424));
#3190=EDGE_LOOP('',(#1425,#1426,#1427,#1428));
#3191=EDGE_LOOP('',(#1429,#1430,#1431,#1432));
#3192=EDGE_LOOP('',(#1433,#1434,#1435,#1436));
#3193=EDGE_LOOP('',(#1437,#1438,#1439,#1440));
#3194=EDGE_LOOP('',(#1441,#1442,#1443,#1444));
#3195=EDGE_LOOP('',(#1445,#1446,#1447,#1448));
#3196=EDGE_LOOP('',(#1449,#1450,#1451,#1452));
#3197=EDGE_LOOP('',(#1453,#1454,#1455,#1456));
#3198=EDGE_LOOP('',(#1457,#1458,#1459,#1460));
#3199=EDGE_LOOP('',(#1461,#1462,#1463,#1464));
#3200=EDGE_LOOP('',(#1465,#1466,#1467,#1468));
#3201=EDGE_LOOP('',(#1469,#1470,#1471,#1472));
#3202=EDGE_LOOP('',(#1473,#1474,#1475,#1476));
#3203=EDGE_LOOP('',(#1477,#1478,#1479,#1480));
#3204=EDGE_LOOP('',(#1481,#1482,#1483,#1484));
#3205=EDGE_LOOP('',(#1485,#1486,#1487,#1488));
#3206=EDGE_LOOP('',(#1489,#1490,#1491,#1492));
#3207=EDGE_LOOP('',(#1493,#1494,#1495,#1496));
#3208=EDGE_LOOP('',(#1497,#1498,#1499,#1500));
#3209=EDGE_LOOP('',(#1501,#1502,#1503,#1504));
#3210=EDGE_LOOP('',(#1505,#1506,#1507,#1508));
#3211=EDGE_LOOP('',(#1509,#1510,#1511,#1512));
#3212=EDGE_LOOP('',(#1513,#1514,#1515,#1516));
#3213=EDGE_LOOP('',(#1517,#1518,#1519,#1520));
#3214=EDGE_LOOP('',(#1521,#1522,#1523,#1524));
#3215=EDGE_LOOP('',(#1525,#1526,#1527,#1528));
#3216=EDGE_LOOP('',(#1529,#1530,#1531,#1532));
#3217=EDGE_LOOP('',(#1533,#1534,#1535,#1536));
#3218=EDGE_LOOP('',(#1537,#1538,#1539,#1540));
#3219=EDGE_LOOP('',(#1541,#1542,#1543,#1544));
#3220=EDGE_LOOP('',(#1545,#1546,#1547,#1548));
#3221=EDGE_LOOP('',(#1549,#1550,#1551,#1552));
#3222=EDGE_LOOP('',(#1553,#1554,#1555,#1556));
#3223=EDGE_LOOP('',(#1557,#1558,#1559,#1560));
#3224=EDGE_LOOP('',(#1561,#1562,#1563,#1564));
#3225=EDGE_LOOP('',(#1565,#1566,#1567,#1568));
#3226=EDGE_LOOP('',(#1569,#1570,#1571,#1572));
#3227=EDGE_LOOP('',(#1573,#1574,#1575,#1576));
#3228=EDGE_LOOP('',(#1577,#1578,#1579,#1580));
#3229=EDGE_LOOP('',(#1581,#1582,#1583,#1584));
#3230=EDGE_LOOP('',(#1585,#1586,#1587,#1588));
#3231=EDGE_LOOP('',(#1589,#1590,#1591,#1592));
#3232=EDGE_LOOP('',(#1593,#1594,#1595,#1596));
#3233=EDGE_LOOP('',(#1597,#1598,#1599,#1600));
#3234=EDGE_LOOP('',(#1601,#1602,#1603,#1604));
#3235=EDGE_LOOP('',(#1605,#1606,#1607,#1608));
#3236=EDGE_LOOP('',(#1609,#1610,#1611,#1612));
#3237=EDGE_LOOP('',(#1613,#1614,#1615,#1616));
#3238=EDGE_LOOP('',(#1617,#1618,#1619,#1620));
#3239=EDGE_LOOP('',(#1621,#1622,#1623,#1624));
#3240=EDGE_LOOP('',(#1625,#1626,#1627,#1628));
#3241=EDGE_LOOP('',(#1629,#1630,#1631,#1632));
#3242=EDGE_LOOP('',(#1633,#1634,#1635,#1636));
#3243=EDGE_LOOP('',(#1637,#1638,#1639,#1640));
#3244=EDGE_LOOP('',(#1641,#1642,#1643,#1644));
#3245=EDGE_LOOP('',(#1645,#1646,#1647,#1648));
#3246=EDGE_LOOP('',(#1649,#1650,#1651,#1652));
#3247=EDGE_LOOP('',(#1653,#1654,#1655,#1656));
#3248=EDGE_LOOP('',(#1657));
#3249=EDGE_LOOP('',(#1658));
#3250=EDGE_LOOP('',(#1659));
#3251=EDGE_LOOP('',(#1660));
#3252=EDGE_LOOP('',(#1661,#1662,#1663,#1664));
#3253=EDGE_LOOP('',(#1665,#1666,#1667,#1668));
#3254=EDGE_LOOP('',(#1669,#1670,#1671,#1672));
#3255=EDGE_LOOP('',(#1673,#1674,#1675,#1676));
#3256=EDGE_LOOP('',(#1677,#1678,#1679,#1680));
#3257=EDGE_LOOP('',(#1681,#1682,#1683,#1684));
#3258=EDGE_LOOP('',(#1685,#1686,#1687,#1688));
#3259=EDGE_LOOP('',(#1689,#1690,#1691,#1692));
#3260=EDGE_LOOP('',(#1693,#1694,#1695,#1696));
#3261=EDGE_LOOP('',(#1697,#1698,#1699,#1700));
#3262=EDGE_LOOP('',(#1701,#1702,#1703,#1704));
#3263=EDGE_LOOP('',(#1705,#1706,#1707,#1708));
#3264=FACE_BOUND('',#2886,.T.);
#3265=FACE_BOUND('',#2887,.T.);
#3266=FACE_BOUND('',#2888,.T.);
#3267=FACE_BOUND('',#2889,.T.);
#3268=FACE_BOUND('',#2890,.T.);
#3269=FACE_BOUND('',#2891,.T.);
#3270=FACE_BOUND('',#2892,.T.);
#3271=FACE_BOUND('',#2893,.T.);
#3272=FACE_BOUND('',#2894,.T.);
#3273=FACE_BOUND('',#2895,.T.);
#3274=FACE_BOUND('',#2896,.T.);
#3275=FACE_BOUND('',#2897,.T.);
#3276=FACE_BOUND('',#2898,.T.);
#3277=FACE_BOUND('',#2899,.T.);
#3278=FACE_BOUND('',#2900,.T.);
#3279=FACE_BOUND('',#2901,.T.);
#3280=FACE_BOUND('',#2902,.T.);
#3281=FACE_BOUND('',#2903,.T.);
#3282=FACE_BOUND('',#2904,.T.);
#3283=FACE_BOUND('',#2905,.T.);
#3284=FACE_BOUND('',#2906,.T.);
#3285=FACE_BOUND('',#2907,.T.);
#3286=FACE_BOUND('',#2908,.T.);
#3287=FACE_BOUND('',#2909,.T.);
#3288=FACE_BOUND('',#2910,.T.);
#3289=FACE_BOUND('',#2911,.T.);
#3290=FACE_BOUND('',#2912,.T.);
#3291=FACE_BOUND('',#2913,.T.);
#3292=FACE_BOUND('',#2914,.T.);
#3293=FACE_BOUND('',#2915,.T.);
#3294=FACE_BOUND('',#2916,.T.);
#3295=FACE_BOUND('',#2917,.T.);
#3296=FACE_BOUND('',#2918,.T.);
#3297=FACE_BOUND('',#2919,.T.);
#3298=FACE_BOUND('',#2920,.T.);
#3299=FACE_BOUND('',#2921,.T.);
#3300=FACE_BOUND('',#2922,.T.);
#3301=FACE_BOUND('',#2923,.T.);
#3302=FACE_BOUND('',#2924,.T.);
#3303=FACE_BOUND('',#2925,.T.);
#3304=FACE_BOUND('',#2926,.T.);
#3305=FACE_BOUND('',#2927,.T.);
#3306=FACE_BOUND('',#2928,.T.);
#3307=FACE_BOUND('',#2929,.T.);
#3308=FACE_BOUND('',#2930,.T.);
#3309=FACE_BOUND('',#2931,.T.);
#3310=FACE_BOUND('',#2932,.T.);
#3311=FACE_BOUND('',#2933,.T.);
#3312=FACE_BOUND('',#2934,.T.);
#3313=FACE_BOUND('',#2935,.T.);
#3314=FACE_BOUND('',#2936,.T.);
#3315=FACE_BOUND('',#2937,.T.);
#3316=FACE_BOUND('',#2938,.T.);
#3317=FACE_BOUND('',#2939,.T.);
#3318=FACE_BOUND('',#2940,.T.);
#3319=FACE_BOUND('',#2941,.T.);
#3320=FACE_BOUND('',#2942,.T.);
#3321=FACE_BOUND('',#2943,.T.);
#3322=FACE_BOUND('',#2944,.T.);
#3323=FACE_BOUND('',#2945,.T.);
#3324=FACE_BOUND('',#2946,.T.);
#3325=FACE_BOUND('',#2947,.T.);
#3326=FACE_BOUND('',#2948,.T.);
#3327=FACE_BOUND('',#2949,.T.);
#3328=FACE_BOUND('',#2950,.T.);
#3329=FACE_BOUND('',#2951,.T.);
#3330=FACE_BOUND('',#2952,.T.);
#3331=FACE_BOUND('',#2953,.T.);
#3332=FACE_BOUND('',#2954,.T.);
#3333=FACE_BOUND('',#2955,.T.);
#3334=FACE_BOUND('',#2956,.T.);
#3335=FACE_BOUND('',#2957,.T.);
#3336=FACE_BOUND('',#2958,.T.);
#3337=FACE_BOUND('',#2959,.T.);
#3338=FACE_BOUND('',#2960,.T.);
#3339=FACE_BOUND('',#2961,.T.);
#3340=FACE_BOUND('',#2962,.T.);
#3341=FACE_BOUND('',#2963,.T.);
#3342=FACE_BOUND('',#2964,.T.);
#3343=FACE_BOUND('',#2965,.T.);
#3344=FACE_BOUND('',#2966,.T.);
#3345=FACE_BOUND('',#2967,.T.);
#3346=FACE_BOUND('',#2968,.T.);
#3347=FACE_BOUND('',#2969,.T.);
#3348=FACE_BOUND('',#2970,.T.);
#3349=FACE_BOUND('',#2971,.T.);
#3350=FACE_BOUND('',#2972,.T.);
#3351=FACE_BOUND('',#2973,.T.);
#3352=FACE_BOUND('',#2974,.T.);
#3353=FACE_BOUND('',#2975,.T.);
#3354=FACE_BOUND('',#2976,.T.);
#3355=FACE_BOUND('',#2977,.T.);
#3356=FACE_BOUND('',#2978,.T.);
#3357=FACE_BOUND('',#2979,.T.);
#3358=FACE_BOUND('',#2980,.T.);
#3359=FACE_BOUND('',#2981,.T.);
#3360=FACE_BOUND('',#2982,.T.);
#3361=FACE_BOUND('',#2983,.T.);
#3362=FACE_BOUND('',#2984,.T.);
#3363=FACE_BOUND('',#2985,.T.);
#3364=FACE_BOUND('',#2986,.T.);
#3365=FACE_BOUND('',#2987,.T.);
#3366=FACE_BOUND('',#2988,.T.);
#3367=FACE_BOUND('',#2989,.T.);
#3368=FACE_BOUND('',#2990,.T.);
#3369=FACE_BOUND('',#2991,.T.);
#3370=FACE_BOUND('',#2992,.T.);
#3371=FACE_BOUND('',#2993,.T.);
#3372=FACE_BOUND('',#2994,.T.);
#3373=FACE_BOUND('',#2995,.T.);
#3374=FACE_BOUND('',#2996,.T.);
#3375=FACE_BOUND('',#2997,.T.);
#3376=FACE_BOUND('',#2998,.T.);
#3377=FACE_BOUND('',#2999,.T.);
#3378=FACE_BOUND('',#3000,.T.);
#3379=FACE_BOUND('',#3001,.T.);
#3380=FACE_BOUND('',#3002,.T.);
#3381=FACE_BOUND('',#3003,.T.);
#3382=FACE_BOUND('',#3004,.T.);
#3383=FACE_BOUND('',#3005,.T.);
#3384=FACE_BOUND('',#3006,.T.);
#3385=FACE_BOUND('',#3007,.T.);
#3386=FACE_BOUND('',#3008,.T.);
#3387=FACE_BOUND('',#3009,.T.);
#3388=FACE_BOUND('',#3010,.T.);
#3389=FACE_BOUND('',#3011,.T.);
#3390=FACE_BOUND('',#3012,.T.);
#3391=FACE_BOUND('',#3013,.T.);
#3392=FACE_BOUND('',#3014,.T.);
#3393=FACE_BOUND('',#3015,.T.);
#3394=FACE_BOUND('',#3016,.T.);
#3395=FACE_BOUND('',#3017,.T.);
#3396=FACE_BOUND('',#3018,.T.);
#3397=FACE_BOUND('',#3019,.T.);
#3398=FACE_BOUND('',#3020,.T.);
#3399=FACE_BOUND('',#3021,.T.);
#3400=FACE_BOUND('',#3022,.T.);
#3401=FACE_BOUND('',#3023,.T.);
#3402=FACE_BOUND('',#3024,.T.);
#3403=FACE_BOUND('',#3025,.T.);
#3404=FACE_BOUND('',#3026,.T.);
#3405=FACE_BOUND('',#3027,.T.);
#3406=FACE_BOUND('',#3028,.T.);
#3407=FACE_BOUND('',#3029,.T.);
#3408=FACE_BOUND('',#3030,.T.);
#3409=FACE_BOUND('',#3031,.T.);
#3410=FACE_BOUND('',#3032,.T.);
#3411=FACE_BOUND('',#3033,.T.);
#3412=FACE_BOUND('',#3034,.T.);
#3413=FACE_BOUND('',#3035,.T.);
#3414=FACE_BOUND('',#3036,.T.);
#3415=FACE_BOUND('',#3037,.T.);
#3416=FACE_BOUND('',#3038,.T.);
#3417=FACE_BOUND('',#3039,.T.);
#3418=FACE_BOUND('',#3040,.T.);
#3419=FACE_BOUND('',#3041,.T.);
#3420=FACE_BOUND('',#3042,.T.);
#3421=FACE_BOUND('',#3043,.T.);
#3422=FACE_BOUND('',#3044,.T.);
#3423=FACE_BOUND('',#3045,.T.);
#3424=FACE_BOUND('',#3046,.T.);
#3425=FACE_BOUND('',#3047,.T.);
#3426=FACE_BOUND('',#3048,.T.);
#3427=FACE_BOUND('',#3049,.T.);
#3428=FACE_BOUND('',#3050,.T.);
#3429=FACE_BOUND('',#3051,.T.);
#3430=FACE_BOUND('',#3052,.T.);
#3431=FACE_BOUND('',#3053,.T.);
#3432=FACE_BOUND('',#3054,.T.);
#3433=FACE_BOUND('',#3055,.T.);
#3434=FACE_BOUND('',#3056,.T.);
#3435=FACE_BOUND('',#3057,.T.);
#3436=FACE_BOUND('',#3058,.T.);
#3437=FACE_BOUND('',#3059,.T.);
#3438=FACE_BOUND('',#3060,.T.);
#3439=FACE_BOUND('',#3061,.T.);
#3440=FACE_BOUND('',#3062,.T.);
#3441=FACE_BOUND('',#3063,.T.);
#3442=FACE_BOUND('',#3064,.T.);
#3443=FACE_BOUND('',#3065,.T.);
#3444=FACE_BOUND('',#3066,.T.);
#3445=FACE_BOUND('',#3067,.T.);
#3446=FACE_BOUND('',#3068,.T.);
#3447=FACE_BOUND('',#3069,.T.);
#3448=FACE_BOUND('',#3070,.T.);
#3449=FACE_BOUND('',#3071,.T.);
#3450=FACE_BOUND('',#3072,.T.);
#3451=FACE_BOUND('',#3073,.T.);
#3452=FACE_BOUND('',#3074,.T.);
#3453=FACE_BOUND('',#3075,.T.);
#3454=FACE_BOUND('',#3076,.T.);
#3455=FACE_BOUND('',#3077,.T.);
#3456=FACE_BOUND('',#3078,.T.);
#3457=FACE_BOUND('',#3079,.T.);
#3458=FACE_BOUND('',#3080,.T.);
#3459=FACE_BOUND('',#3081,.T.);
#3460=FACE_BOUND('',#3082,.T.);
#3461=FACE_BOUND('',#3083,.T.);
#3462=FACE_BOUND('',#3084,.T.);
#3463=FACE_BOUND('',#3085,.T.);
#3464=FACE_BOUND('',#3086,.T.);
#3465=FACE_BOUND('',#3087,.T.);
#3466=FACE_BOUND('',#3088,.T.);
#3467=FACE_BOUND('',#3089,.T.);
#3468=FACE_BOUND('',#3090,.T.);
#3469=FACE_BOUND('',#3091,.T.);
#3470=FACE_BOUND('',#3092,.T.);
#3471=FACE_BOUND('',#3093,.T.);
#3472=FACE_BOUND('',#3094,.T.);
#3473=FACE_BOUND('',#3095,.T.);
#3474=FACE_BOUND('',#3096,.T.);
#3475=FACE_BOUND('',#3097,.T.);
#3476=FACE_BOUND('',#3098,.T.);
#3477=FACE_BOUND('',#3099,.T.);
#3478=FACE_BOUND('',#3100,.T.);
#3479=FACE_BOUND('',#3101,.T.);
#3480=FACE_BOUND('',#3102,.T.);
#3481=FACE_BOUND('',#3103,.T.);
#3482=FACE_BOUND('',#3104,.T.);
#3483=FACE_BOUND('',#3105,.T.);
#3484=FACE_BOUND('',#3106,.T.);
#3485=FACE_BOUND('',#3107,.T.);
#3486=FACE_BOUND('',#3108,.T.);
#3487=FACE_BOUND('',#3109,.T.);
#3488=FACE_BOUND('',#3110,.T.);
#3489=FACE_BOUND('',#3111,.T.);
#3490=FACE_BOUND('',#3112,.T.);
#3491=FACE_BOUND('',#3113,.T.);
#3492=FACE_BOUND('',#3114,.T.);
#3493=FACE_BOUND('',#3115,.T.);
#3494=FACE_BOUND('',#3116,.T.);
#3495=FACE_BOUND('',#3117,.T.);
#3496=FACE_BOUND('',#3118,.T.);
#3497=FACE_BOUND('',#3119,.T.);
#3498=FACE_BOUND('',#3120,.T.);
#3499=FACE_BOUND('',#3121,.T.);
#3500=FACE_BOUND('',#3122,.T.);
#3501=FACE_BOUND('',#3123,.T.);
#3502=FACE_BOUND('',#3124,.T.);
#3503=FACE_BOUND('',#3125,.T.);
#3504=FACE_BOUND('',#3126,.T.);
#3505=FACE_BOUND('',#3127,.T.);
#3506=FACE_BOUND('',#3128,.T.);
#3507=FACE_BOUND('',#3129,.T.);
#3508=FACE_BOUND('',#3130,.T.);
#3509=FACE_BOUND('',#3131,.T.);
#3510=FACE_BOUND('',#3132,.T.);
#3511=FACE_BOUND('',#3133,.T.);
#3512=FACE_BOUND('',#3134,.T.);
#3513=FACE_BOUND('',#3135,.T.);
#3514=FACE_BOUND('',#3136,.T.);
#3515=FACE_BOUND('',#3137,.T.);
#3516=FACE_BOUND('',#3138,.T.);
#3517=FACE_BOUND('',#3139,.T.);
#3518=FACE_BOUND('',#3140,.T.);
#3519=FACE_BOUND('',#3141,.T.);
#3520=FACE_BOUND('',#3142,.T.);
#3521=FACE_BOUND('',#3143,.T.);
#3522=FACE_BOUND('',#3144,.T.);
#3523=FACE_BOUND('',#3145,.T.);
#3524=FACE_BOUND('',#3146,.T.);
#3525=FACE_BOUND('',#3147,.T.);
#3526=FACE_BOUND('',#3148,.T.);
#3527=FACE_BOUND('',#3149,.T.);
#3528=FACE_BOUND('',#3150,.T.);
#3529=FACE_BOUND('',#3151,.T.);
#3530=FACE_BOUND('',#3152,.T.);
#3531=FACE_BOUND('',#3153,.T.);
#3532=FACE_BOUND('',#3154,.T.);
#3533=FACE_BOUND('',#3155,.T.);
#3534=FACE_BOUND('',#3156,.T.);
#3535=FACE_BOUND('',#3157,.T.);
#3536=FACE_BOUND('',#3158,.T.);
#3537=FACE_BOUND('',#3159,.T.);
#3538=FACE_BOUND('',#3160,.T.);
#3539=FACE_BOUND('',#3161,.T.);
#3540=FACE_BOUND('',#3162,.T.);
#3541=FACE_BOUND('',#3163,.T.);
#3542=FACE_BOUND('',#3164,.T.);
#3543=FACE_BOUND('',#3165,.T.);
#3544=FACE_BOUND('',#3166,.T.);
#3545=FACE_BOUND('',#3167,.T.);
#3546=FACE_BOUND('',#3168,.T.);
#3547=FACE_BOUND('',#3169,.T.);
#3548=FACE_BOUND('',#3170,.T.);
#3549=FACE_BOUND('',#3171,.T.);
#3550=FACE_BOUND('',#3172,.T.);
#3551=FACE_BOUND('',#3173,.T.);
#3552=FACE_BOUND('',#3174,.T.);
#3553=FACE_BOUND('',#3175,.T.);
#3554=FACE_BOUND('',#3176,.T.);
#3555=FACE_BOUND('',#3177,.T.);
#3556=FACE_BOUND('',#3178,.T.);
#3557=FACE_BOUND('',#3179,.T.);
#3558=FACE_BOUND('',#3180,.T.);
#3559=FACE_BOUND('',#3181,.T.);
#3560=FACE_BOUND('',#3182,.T.);
#3561=FACE_BOUND('',#3183,.T.);
#3562=FACE_BOUND('',#3184,.T.);
#3563=FACE_BOUND('',#3185,.T.);
#3564=FACE_BOUND('',#3186,.T.);
#3565=FACE_BOUND('',#3187,.T.);
#3566=FACE_BOUND('',#3188,.T.);
#3567=FACE_BOUND('',#3189,.T.);
#3568=FACE_BOUND('',#3190,.T.);
#3569=FACE_BOUND('',#3191,.T.);
#3570=FACE_BOUND('',#3192,.T.);
#3571=FACE_BOUND('',#3193,.T.);
#3572=FACE_BOUND('',#3194,.T.);
#3573=FACE_BOUND('',#3195,.T.);
#3574=FACE_BOUND('',#3196,.T.);
#3575=FACE_BOUND('',#3197,.T.);
#3576=FACE_BOUND('',#3198,.T.);
#3577=FACE_BOUND('',#3199,.T.);
#3578=FACE_BOUND('',#3200,.T.);
#3579=FACE_BOUND('',#3201,.T.);
#3580=FACE_BOUND('',#3202,.T.);
#3581=FACE_BOUND('',#3203,.T.);
#3582=FACE_BOUND('',#3204,.T.);
#3583=FACE_BOUND('',#3205,.T.);
#3584=FACE_BOUND('',#3206,.T.);
#3585=FACE_BOUND('',#3207,.T.);
#3586=FACE_BOUND('',#3208,.T.);
#3587=FACE_BOUND('',#3209,.T.);
#3588=FACE_BOUND('',#3210,.T.);
#3589=FACE_BOUND('',#3211,.T.);
#3590=FACE_BOUND('',#3212,.T.);
#3591=FACE_BOUND('',#3213,.T.);
#3592=FACE_BOUND('',#3214,.T.);
#3593=FACE_BOUND('',#3215,.T.);
#3594=FACE_BOUND('',#3216,.T.);
#3595=FACE_BOUND('',#3217,.T.);
#3596=FACE_BOUND('',#3218,.T.);
#3597=FACE_BOUND('',#3219,.T.);
#3598=FACE_BOUND('',#3220,.T.);
#3599=FACE_BOUND('',#3221,.T.);
#3600=FACE_BOUND('',#3222,.T.);
#3601=FACE_BOUND('',#3223,.T.);
#3602=FACE_BOUND('',#3224,.T.);
#3603=FACE_BOUND('',#3225,.T.);
#3604=FACE_BOUND('',#3226,.T.);
#3605=FACE_BOUND('',#3227,.T.);
#3606=FACE_BOUND('',#3228,.T.);
#3607=FACE_BOUND('',#3229,.T.);
#3608=FACE_BOUND('',#3230,.T.);
#3609=FACE_BOUND('',#3231,.T.);
#3610=FACE_BOUND('',#3232,.T.);
#3611=FACE_BOUND('',#3233,.T.);
#3612=FACE_BOUND('',#3234,.T.);
#3613=FACE_BOUND('',#3235,.T.);
#3614=FACE_BOUND('',#3236,.T.);
#3615=FACE_BOUND('',#3237,.T.);
#3616=FACE_BOUND('',#3238,.T.);
#3617=FACE_BOUND('',#3239,.T.);
#3618=FACE_BOUND('',#3240,.T.);
#3619=FACE_BOUND('',#3241,.T.);
#3620=FACE_BOUND('',#3242,.T.);
#3621=FACE_BOUND('',#3243,.T.);
#3622=FACE_BOUND('',#3244,.T.);
#3623=FACE_BOUND('',#3245,.T.);
#3624=FACE_BOUND('',#3246,.T.);
#3625=FACE_BOUND('',#3247,.T.);
#3626=FACE_BOUND('',#3248,.T.);
#3627=FACE_BOUND('',#3249,.T.);
#3628=FACE_BOUND('',#3250,.T.);
#3629=FACE_BOUND('',#3251,.T.);
#3630=FACE_BOUND('',#3252,.T.);
#3631=FACE_BOUND('',#3253,.T.);
#3632=FACE_BOUND('',#3254,.T.);
#3633=FACE_BOUND('',#3255,.T.);
#3634=FACE_BOUND('',#3256,.T.);
#3635=FACE_BOUND('',#3257,.T.);
#3636=FACE_BOUND('',#3258,.T.);
#3637=FACE_BOUND('',#3259,.T.);
#3638=FACE_BOUND('',#3260,.T.);
#3639=FACE_BOUND('',#3261,.T.);
#3640=FACE_BOUND('',#3262,.T.);
#3641=FACE_BOUND('',#3263,.T.);
#3642=PLANE('',#4037);
#3643=PLANE('',#4038);
#3644=PLANE('',#4087);
#3645=PLANE('',#4090);
#3646=PLANE('',#4093);
#3647=PLANE('',#4096);
#3648=PLANE('',#4185);
#3649=PLANE('',#4188);
#3650=PLANE('',#4191);
#3651=PLANE('',#4194);
#3652=PLANE('',#4197);
#3653=PLANE('',#4201);
#3654=PLANE('',#4205);
#3655=PLANE('',#4209);
#3656=PLANE('',#4213);
#3657=PLANE('',#4214);
#3658=PLANE('',#4215);
#3659=PLANE('',#4216);
#3660=PLANE('',#4217);
#3661=PLANE('',#4219);
#3662=PLANE('',#4221);
#3663=PLANE('',#4222);
#3664=PLANE('',#4223);
#3665=PLANE('',#4224);
#3666=PLANE('',#4228);
#3667=PLANE('',#4232);
#3668=PLANE('',#4234);
#3669=PLANE('',#4235);
#3670=PLANE('',#4245);
#3671=PLANE('',#4246);
#3672=PLANE('',#4247);
#3673=PLANE('',#4248);
#3674=PLANE('',#4249);
#3675=PLANE('',#4252);
#3676=PLANE('',#4255);
#3677=ADVANCED_FACE('',(#3264),#3642,.F.);
#3678=ADVANCED_FACE('',(#3265,#3266,#3267,#3268,#3269,#3270,#3271,#3272,
#3273,#3274,#3275,#3276,#3277,#3278,#3279,#3280,#3281,#3282,#3283,#3284,
#3285,#3286,#3287,#3288,#3289,#3290,#3291,#3292,#3293,#3294,#3295,#3296,
#3297,#3298,#3299,#3300,#3301,#3302,#3303,#3304,#3305,#3306,#3307),#3643,
 .T.);
#3679=ADVANCED_FACE('',(#3308),#163,.T.);
#3680=ADVANCED_FACE('',(#3309),#3644,.T.);
#3681=ADVANCED_FACE('',(#3310),#164,.T.);
#3682=ADVANCED_FACE('',(#3311),#3645,.T.);
#3683=ADVANCED_FACE('',(#3312),#165,.T.);
#3684=ADVANCED_FACE('',(#3313),#3646,.T.);
#3685=ADVANCED_FACE('',(#3314),#166,.T.);
#3686=ADVANCED_FACE('',(#3315),#3647,.T.);
#3687=ADVANCED_FACE('',(#3316,#3317),#167,.F.);
#3688=ADVANCED_FACE('',(#3318,#3319),#168,.F.);
#3689=ADVANCED_FACE('',(#3320,#3321),#169,.F.);
#3690=ADVANCED_FACE('',(#3322,#3323),#170,.F.);
#3691=ADVANCED_FACE('',(#3324,#3325),#171,.F.);
#3692=ADVANCED_FACE('',(#3326,#3327),#172,.F.);
#3693=ADVANCED_FACE('',(#3328,#3329),#173,.F.);
#3694=ADVANCED_FACE('',(#3330,#3331),#174,.F.);
#3695=ADVANCED_FACE('',(#3332,#3333),#175,.F.);
#3696=ADVANCED_FACE('',(#3334,#3335),#176,.F.);
#3697=ADVANCED_FACE('',(#3336,#3337),#177,.F.);
#3698=ADVANCED_FACE('',(#3338,#3339),#178,.F.);
#3699=ADVANCED_FACE('',(#3340,#3341),#179,.F.);
#3700=ADVANCED_FACE('',(#3342,#3343),#180,.F.);
#3701=ADVANCED_FACE('',(#3344,#3345),#181,.F.);
#3702=ADVANCED_FACE('',(#3346,#3347),#182,.F.);
#3703=ADVANCED_FACE('',(#3348,#3349),#183,.F.);
#3704=ADVANCED_FACE('',(#3350,#3351),#184,.F.);
#3705=ADVANCED_FACE('',(#3352,#3353),#185,.F.);
#3706=ADVANCED_FACE('',(#3354,#3355),#186,.F.);
#3707=ADVANCED_FACE('',(#3356,#3357),#187,.F.);
#3708=ADVANCED_FACE('',(#3358,#3359),#188,.F.);
#3709=ADVANCED_FACE('',(#3360,#3361),#189,.F.);
#3710=ADVANCED_FACE('',(#3362,#3363),#190,.F.);
#3711=ADVANCED_FACE('',(#3364,#3365),#191,.F.);
#3712=ADVANCED_FACE('',(#3366,#3367),#192,.F.);
#3713=ADVANCED_FACE('',(#3368,#3369),#193,.F.);
#3714=ADVANCED_FACE('',(#3370,#3371),#194,.F.);
#3715=ADVANCED_FACE('',(#3372,#3373),#195,.F.);
#3716=ADVANCED_FACE('',(#3374,#3375),#196,.F.);
#3717=ADVANCED_FACE('',(#3376,#3377),#197,.F.);
#3718=ADVANCED_FACE('',(#3378,#3379),#198,.F.);
#3719=ADVANCED_FACE('',(#3380,#3381),#199,.F.);
#3720=ADVANCED_FACE('',(#3382,#3383),#200,.F.);
#3721=ADVANCED_FACE('',(#3384,#3385),#201,.F.);
#3722=ADVANCED_FACE('',(#3386,#3387),#202,.F.);
#3723=ADVANCED_FACE('',(#3388,#3389),#203,.F.);
#3724=ADVANCED_FACE('',(#3390,#3391),#204,.F.);
#3725=ADVANCED_FACE('',(#3392,#3393),#205,.F.);
#3726=ADVANCED_FACE('',(#3394,#3395),#206,.F.);
#3727=ADVANCED_FACE('',(#3396,#3397),#207,.F.);
#3728=ADVANCED_FACE('',(#3398,#3399),#208,.F.);
#3729=ADVANCED_FACE('',(#3400,#3401),#3648,.T.);
#3730=ADVANCED_FACE('',(#3402,#3403),#209,.T.);
#3731=ADVANCED_FACE('',(#3404,#3405),#3649,.T.);
#3732=ADVANCED_FACE('',(#3406,#3407),#210,.T.);
#3733=ADVANCED_FACE('',(#3408,#3409),#3650,.T.);
#3734=ADVANCED_FACE('',(#3410,#3411),#211,.T.);
#3735=ADVANCED_FACE('',(#3412,#3413),#3651,.T.);
#3736=ADVANCED_FACE('',(#3414,#3415),#212,.T.);
#3737=ADVANCED_FACE('',(#3416,#3417),#3652,.T.);
#3738=ADVANCED_FACE('',(#3418,#3419),#213,.T.);
#3739=ADVANCED_FACE('',(#3420,#3421),#3653,.T.);
#3740=ADVANCED_FACE('',(#3422,#3423),#214,.T.);
#3741=ADVANCED_FACE('',(#3424,#3425),#3654,.T.);
#3742=ADVANCED_FACE('',(#3426,#3427),#215,.T.);
#3743=ADVANCED_FACE('',(#3428,#3429),#3655,.T.);
#3744=ADVANCED_FACE('',(#3430,#3431),#216,.T.);
#3745=ADVANCED_FACE('',(#3432),#3656,.F.);
#3746=ADVANCED_FACE('',(#3433),#3657,.F.);
#3747=ADVANCED_FACE('',(#3434),#3658,.F.);
#3748=ADVANCED_FACE('',(#3435),#3659,.F.);
#3749=ADVANCED_FACE('',(#3436),#3660,.F.);
#3750=ADVANCED_FACE('',(#3437),#3661,.F.);
#3751=ADVANCED_FACE('',(#3438),#3662,.F.);
#3752=ADVANCED_FACE('',(#3439),#3663,.F.);
#3753=ADVANCED_FACE('',(#3440),#3664,.F.);
#3754=ADVANCED_FACE('',(#3441),#3665,.F.);
#3755=ADVANCED_FACE('',(#3442),#3666,.F.);
#3756=ADVANCED_FACE('',(#3443),#3667,.F.);
#3757=ADVANCED_FACE('',(#3444,#3445,#3446,#3447,#3448,#3449,#3450,#3451,
#3452,#3453,#3454,#3455,#3456,#3457,#3458,#3459,#3460,#3461,#3462,#3463,
#3464,#3465,#3466,#3467,#3468,#3469,#3470,#3471,#3472,#3473,#3474,#3475,
#3476,#3477,#3478,#3479,#3480,#3481,#3482,#3483,#3484,#3485,#3486,#3487),
#3668,.F.);
#3758=ADVANCED_FACE('',(#3488,#3489,#3490,#3491,#3492,#3493,#3494,#3495,
#3496,#3497,#3498,#3499,#3500,#3501),#3669,.T.);
#3759=ADVANCED_FACE('',(#3502),#12,.T.);
#3760=ADVANCED_FACE('',(#3503),#13,.T.);
#3761=ADVANCED_FACE('',(#3504),#14,.T.);
#3762=ADVANCED_FACE('',(#3505),#15,.T.);
#3763=ADVANCED_FACE('',(#3506),#16,.T.);
#3764=ADVANCED_FACE('',(#3507),#17,.T.);
#3765=ADVANCED_FACE('',(#3508),#18,.T.);
#3766=ADVANCED_FACE('',(#3509),#19,.T.);
#3767=ADVANCED_FACE('',(#3510),#20,.T.);
#3768=ADVANCED_FACE('',(#3511),#21,.T.);
#3769=ADVANCED_FACE('',(#3512),#22,.T.);
#3770=ADVANCED_FACE('',(#3513),#23,.T.);
#3771=ADVANCED_FACE('',(#3514),#24,.T.);
#3772=ADVANCED_FACE('',(#3515),#3670,.T.);
#3773=ADVANCED_FACE('',(#3516),#25,.T.);
#3774=ADVANCED_FACE('',(#3517),#26,.T.);
#3775=ADVANCED_FACE('',(#3518),#27,.T.);
#3776=ADVANCED_FACE('',(#3519),#28,.T.);
#3777=ADVANCED_FACE('',(#3520),#29,.T.);
#3778=ADVANCED_FACE('',(#3521),#3671,.T.);
#3779=ADVANCED_FACE('',(#3522),#30,.T.);
#3780=ADVANCED_FACE('',(#3523),#31,.T.);
#3781=ADVANCED_FACE('',(#3524),#32,.T.);
#3782=ADVANCED_FACE('',(#3525),#33,.T.);
#3783=ADVANCED_FACE('',(#3526),#34,.T.);
#3784=ADVANCED_FACE('',(#3527),#3672,.T.);
#3785=ADVANCED_FACE('',(#3528),#35,.T.);
#3786=ADVANCED_FACE('',(#3529),#36,.T.);
#3787=ADVANCED_FACE('',(#3530),#37,.T.);
#3788=ADVANCED_FACE('',(#3531),#38,.T.);
#3789=ADVANCED_FACE('',(#3532),#39,.T.);
#3790=ADVANCED_FACE('',(#3533),#40,.T.);
#3791=ADVANCED_FACE('',(#3534),#41,.T.);
#3792=ADVANCED_FACE('',(#3535),#42,.T.);
#3793=ADVANCED_FACE('',(#3536),#43,.T.);
#3794=ADVANCED_FACE('',(#3537),#44,.T.);
#3795=ADVANCED_FACE('',(#3538),#45,.T.);
#3796=ADVANCED_FACE('',(#3539),#46,.T.);
#3797=ADVANCED_FACE('',(#3540),#47,.T.);
#3798=ADVANCED_FACE('',(#3541),#48,.T.);
#3799=ADVANCED_FACE('',(#3542),#3673,.T.);
#3800=ADVANCED_FACE('',(#3543),#49,.T.);
#3801=ADVANCED_FACE('',(#3544),#50,.T.);
#3802=ADVANCED_FACE('',(#3545),#3674,.T.);
#3803=ADVANCED_FACE('',(#3546),#51,.T.);
#3804=ADVANCED_FACE('',(#3547),#52,.T.);
#3805=ADVANCED_FACE('',(#3548,#3549),#53,.F.);
#3806=ADVANCED_FACE('',(#3550),#54,.T.);
#3807=ADVANCED_FACE('',(#3551),#55,.T.);
#3808=ADVANCED_FACE('',(#3552),#56,.T.);
#3809=ADVANCED_FACE('',(#3553),#57,.T.);
#3810=ADVANCED_FACE('',(#3554),#58,.T.);
#3811=ADVANCED_FACE('',(#3555),#217,.F.);
#3812=ADVANCED_FACE('',(#3556),#59,.T.);
#3813=ADVANCED_FACE('',(#3557),#60,.T.);
#3814=ADVANCED_FACE('',(#3558),#61,.T.);
#3815=ADVANCED_FACE('',(#3559),#62,.T.);
#3816=ADVANCED_FACE('',(#3560),#63,.T.);
#3817=ADVANCED_FACE('',(#3561),#218,.F.);
#3818=ADVANCED_FACE('',(#3562),#64,.T.);
#3819=ADVANCED_FACE('',(#3563),#65,.T.);
#3820=ADVANCED_FACE('',(#3564),#3675,.T.);
#3821=ADVANCED_FACE('',(#3565),#66,.T.);
#3822=ADVANCED_FACE('',(#3566),#67,.T.);
#3823=ADVANCED_FACE('',(#3567),#68,.T.);
#3824=ADVANCED_FACE('',(#3568),#69,.T.);
#3825=ADVANCED_FACE('',(#3569),#70,.T.);
#3826=ADVANCED_FACE('',(#3570),#71,.T.);
#3827=ADVANCED_FACE('',(#3571),#72,.T.);
#3828=ADVANCED_FACE('',(#3572),#219,.F.);
#3829=ADVANCED_FACE('',(#3573),#73,.T.);
#3830=ADVANCED_FACE('',(#3574),#74,.T.);
#3831=ADVANCED_FACE('',(#3575),#75,.T.);
#3832=ADVANCED_FACE('',(#3576),#76,.T.);
#3833=ADVANCED_FACE('',(#3577),#77,.T.);
#3834=ADVANCED_FACE('',(#3578),#78,.T.);
#3835=ADVANCED_FACE('',(#3579),#79,.T.);
#3836=ADVANCED_FACE('',(#3580),#80,.T.);
#3837=ADVANCED_FACE('',(#3581),#81,.T.);
#3838=ADVANCED_FACE('',(#3582),#82,.T.);
#3839=ADVANCED_FACE('',(#3583),#83,.T.);
#3840=ADVANCED_FACE('',(#3584),#84,.T.);
#3841=ADVANCED_FACE('',(#3585),#85,.T.);
#3842=ADVANCED_FACE('',(#3586),#86,.T.);
#3843=ADVANCED_FACE('',(#3587),#87,.T.);
#3844=ADVANCED_FACE('',(#3588),#88,.T.);
#3845=ADVANCED_FACE('',(#3589),#89,.T.);
#3846=ADVANCED_FACE('',(#3590),#90,.T.);
#3847=ADVANCED_FACE('',(#3591),#91,.T.);
#3848=ADVANCED_FACE('',(#3592),#92,.T.);
#3849=ADVANCED_FACE('',(#3593),#220,.F.);
#3850=ADVANCED_FACE('',(#3594),#93,.T.);
#3851=ADVANCED_FACE('',(#3595),#94,.T.);
#3852=ADVANCED_FACE('',(#3596),#95,.T.);
#3853=ADVANCED_FACE('',(#3597),#96,.T.);
#3854=ADVANCED_FACE('',(#3598),#97,.T.);
#3855=ADVANCED_FACE('',(#3599),#98,.T.);
#3856=ADVANCED_FACE('',(#3600),#99,.T.);
#3857=ADVANCED_FACE('',(#3601),#3676,.T.);
#3858=ADVANCED_FACE('',(#3602),#100,.T.);
#3859=ADVANCED_FACE('',(#3603),#101,.T.);
#3860=ADVANCED_FACE('',(#3604),#221,.F.);
#3861=ADVANCED_FACE('',(#3605),#102,.T.);
#3862=ADVANCED_FACE('',(#3606),#103,.T.);
#3863=ADVANCED_FACE('',(#3607),#104,.T.);
#3864=ADVANCED_FACE('',(#3608),#105,.T.);
#3865=ADVANCED_FACE('',(#3609),#106,.T.);
#3866=ADVANCED_FACE('',(#3610),#222,.F.);
#3867=ADVANCED_FACE('',(#3611),#107,.T.);
#3868=ADVANCED_FACE('',(#3612),#108,.T.);
#3869=ADVANCED_FACE('',(#3613),#109,.T.);
#3870=ADVANCED_FACE('',(#3614),#110,.T.);
#3871=ADVANCED_FACE('',(#3615),#111,.T.);
#3872=ADVANCED_FACE('',(#3616),#112,.T.);
#3873=ADVANCED_FACE('',(#3617),#113,.T.);
#3874=ADVANCED_FACE('',(#3618),#114,.T.);
#3875=ADVANCED_FACE('',(#3619),#115,.T.);
#3876=ADVANCED_FACE('',(#3620),#116,.T.);
#3877=ADVANCED_FACE('',(#3621),#117,.T.);
#3878=ADVANCED_FACE('',(#3622),#118,.T.);
#3879=ADVANCED_FACE('',(#3623),#119,.T.);
#3880=ADVANCED_FACE('',(#3624),#120,.T.);
#3881=ADVANCED_FACE('',(#3625),#121,.T.);
#3882=ADVANCED_FACE('',(#3626,#3627),#122,.F.);
#3883=ADVANCED_FACE('',(#3628,#3629),#123,.F.);
#3884=ADVANCED_FACE('',(#3630),#124,.T.);
#3885=ADVANCED_FACE('',(#3631),#125,.T.);
#3886=ADVANCED_FACE('',(#3632),#126,.T.);
#3887=ADVANCED_FACE('',(#3633),#127,.T.);
#3888=ADVANCED_FACE('',(#3634),#128,.T.);
#3889=ADVANCED_FACE('',(#3635),#129,.T.);
#3890=ADVANCED_FACE('',(#3636),#130,.T.);
#3891=ADVANCED_FACE('',(#3637),#131,.T.);
#3892=ADVANCED_FACE('',(#3638),#132,.T.);
#3893=ADVANCED_FACE('',(#3639),#133,.T.);
#3894=ADVANCED_FACE('',(#3640),#134,.T.);
#3895=ADVANCED_FACE('',(#3641),#135,.T.);
#3896=CLOSED_SHELL('',(#3677,#3678,#3679,#3680,#3681,#3682,#3683,#3684,
#3685,#3686,#3687,#3688,#3689,#3690,#3691,#3692,#3693,#3694,#3695,#3696,
#3697,#3698,#3699,#3700,#3701,#3702,#3703,#3704,#3705,#3706,#3707,#3708,
#3709,#3710,#3711,#3712,#3713,#3714,#3715,#3716,#3717,#3718,#3719,#3720,
#3721,#3722,#3723,#3724,#3725,#3726,#3727,#3728,#3729,#3730,#3731,#3732,
#3733,#3734,#3735,#3736,#3737,#3738,#3739,#3740,#3741,#3742,#3743,#3744,
#3745,#3746,#3747,#3748,#3749,#3750,#3751,#3752,#3753,#3754,#3755,#3756,
#3757,#3758,#3759,#3760,#3761,#3762,#3763,#3764,#3765,#3766,#3767,#3768,
#3769,#3770,#3771,#3772,#3773,#3774,#3775,#3776,#3777,#3778,#3779,#3780,
#3781,#3782,#3783,#3784,#3785,#3786,#3787,#3788,#3789,#3790,#3791,#3792,
#3793,#3794,#3795,#3796,#3797,#3798,#3799,#3800,#3801,#3802,#3803,#3804,
#3805,#3806,#3807,#3808,#3809,#3810,#3811,#3812,#3813,#3814,#3815,#3816,
#3817,#3818,#3819,#3820,#3821,#3822,#3823,#3824,#3825,#3826,#3827,#3828,
#3829,#3830,#3831,#3832,#3833,#3834,#3835,#3836,#3837,#3838,#3839,#3840,
#3841,#3842,#3843,#3844,#3845,#3846,#3847,#3848,#3849,#3850,#3851,#3852,
#3853,#3854,#3855,#3856,#3857,#3858,#3859,#3860,#3861,#3862,#3863,#3864,
#3865,#3866,#3867,#3868,#3869,#3870,#3871,#3872,#3873,#3874,#3875,#3876,
#3877,#3878,#3879,#3880,#3881,#3882,#3883,#3884,#3885,#3886,#3887,#3888,
#3889,#3890,#3891,#3892,#3893,#3894,#3895));
#3897=STYLED_ITEM('',(#3898),#4033);
#3898=PRESENTATION_STYLE_ASSIGNMENT((#3920));
#3899=PRESENTATION_STYLE_ASSIGNMENT((#3921));
#3900=PRESENTATION_STYLE_ASSIGNMENT((#3922));
#3901=PRESENTATION_STYLE_ASSIGNMENT((#3923));
#3902=PRESENTATION_STYLE_ASSIGNMENT((#3924));
#3903=PRESENTATION_STYLE_ASSIGNMENT((#3925));
#3904=PRESENTATION_STYLE_ASSIGNMENT((#3926));
#3905=PRESENTATION_STYLE_ASSIGNMENT((#3927));
#3906=PRESENTATION_STYLE_ASSIGNMENT((#3928));
#3907=PRESENTATION_STYLE_ASSIGNMENT((#3929));
#3908=PRESENTATION_STYLE_ASSIGNMENT((#3930));
#3909=PRESENTATION_STYLE_ASSIGNMENT((#3931));
#3910=PRESENTATION_STYLE_ASSIGNMENT((#3932));
#3911=PRESENTATION_STYLE_ASSIGNMENT((#3933));
#3912=PRESENTATION_STYLE_ASSIGNMENT((#3934));
#3913=PRESENTATION_STYLE_ASSIGNMENT((#3935));
#3914=PRESENTATION_STYLE_ASSIGNMENT((#3936));
#3915=PRESENTATION_STYLE_ASSIGNMENT((#3937));
#3916=PRESENTATION_STYLE_ASSIGNMENT((#3938));
#3917=PRESENTATION_STYLE_ASSIGNMENT((#3939));
#3918=PRESENTATION_STYLE_ASSIGNMENT((#3940));
#3919=PRESENTATION_STYLE_ASSIGNMENT((#3941));
#3920=SURFACE_STYLE_USAGE(.BOTH.,#3942);
#3921=SURFACE_STYLE_USAGE(.BOTH.,#3943);
#3922=SURFACE_STYLE_USAGE(.BOTH.,#3944);
#3923=SURFACE_STYLE_USAGE(.BOTH.,#3945);
#3924=SURFACE_STYLE_USAGE(.BOTH.,#3946);
#3925=SURFACE_STYLE_USAGE(.BOTH.,#3947);
#3926=SURFACE_STYLE_USAGE(.BOTH.,#3948);
#3927=SURFACE_STYLE_USAGE(.BOTH.,#3949);
#3928=SURFACE_STYLE_USAGE(.BOTH.,#3950);
#3929=SURFACE_STYLE_USAGE(.BOTH.,#3951);
#3930=SURFACE_STYLE_USAGE(.BOTH.,#3952);
#3931=SURFACE_STYLE_USAGE(.BOTH.,#3953);
#3932=SURFACE_STYLE_USAGE(.BOTH.,#3954);
#3933=SURFACE_STYLE_USAGE(.BOTH.,#3955);
#3934=SURFACE_STYLE_USAGE(.BOTH.,#3956);
#3935=SURFACE_STYLE_USAGE(.BOTH.,#3957);
#3936=SURFACE_STYLE_USAGE(.BOTH.,#3958);
#3937=SURFACE_STYLE_USAGE(.BOTH.,#3959);
#3938=SURFACE_STYLE_USAGE(.BOTH.,#3960);
#3939=SURFACE_STYLE_USAGE(.BOTH.,#3961);
#3940=SURFACE_STYLE_USAGE(.BOTH.,#3962);
#3941=SURFACE_STYLE_USAGE(.BOTH.,#3963);
#3942=SURFACE_SIDE_STYLE('',(#3964));
#3943=SURFACE_SIDE_STYLE('',(#3965));
#3944=SURFACE_SIDE_STYLE('',(#3966));
#3945=SURFACE_SIDE_STYLE('',(#3967));
#3946=SURFACE_SIDE_STYLE('',(#3968));
#3947=SURFACE_SIDE_STYLE('',(#3969));
#3948=SURFACE_SIDE_STYLE('',(#3970));
#3949=SURFACE_SIDE_STYLE('',(#3971));
#3950=SURFACE_SIDE_STYLE('',(#3972));
#3951=SURFACE_SIDE_STYLE('',(#3973));
#3952=SURFACE_SIDE_STYLE('',(#3974));
#3953=SURFACE_SIDE_STYLE('',(#3975));
#3954=SURFACE_SIDE_STYLE('',(#3976));
#3955=SURFACE_SIDE_STYLE('',(#3977));
#3956=SURFACE_SIDE_STYLE('',(#3978));
#3957=SURFACE_SIDE_STYLE('',(#3979));
#3958=SURFACE_SIDE_STYLE('',(#3980));
#3959=SURFACE_SIDE_STYLE('',(#3981));
#3960=SURFACE_SIDE_STYLE('',(#3982));
#3961=SURFACE_SIDE_STYLE('',(#3983));
#3962=SURFACE_SIDE_STYLE('',(#3984));
#3963=SURFACE_SIDE_STYLE('',(#3985));
#3964=SURFACE_STYLE_FILL_AREA(#3986);
#3965=SURFACE_STYLE_FILL_AREA(#3987);
#3966=SURFACE_STYLE_FILL_AREA(#3988);
#3967=SURFACE_STYLE_FILL_AREA(#3989);
#3968=SURFACE_STYLE_FILL_AREA(#3990);
#3969=SURFACE_STYLE_FILL_AREA(#3991);
#3970=SURFACE_STYLE_FILL_AREA(#3992);
#3971=SURFACE_STYLE_FILL_AREA(#3993);
#3972=SURFACE_STYLE_FILL_AREA(#3994);
#3973=SURFACE_STYLE_FILL_AREA(#3995);
#3974=SURFACE_STYLE_FILL_AREA(#3996);
#3975=SURFACE_STYLE_FILL_AREA(#3997);
#3976=SURFACE_STYLE_FILL_AREA(#3998);
#3977=SURFACE_STYLE_FILL_AREA(#3999);
#3978=SURFACE_STYLE_FILL_AREA(#4000);
#3979=SURFACE_STYLE_FILL_AREA(#4001);
#3980=SURFACE_STYLE_FILL_AREA(#4002);
#3981=SURFACE_STYLE_FILL_AREA(#4003);
#3982=SURFACE_STYLE_FILL_AREA(#4004);
#3983=SURFACE_STYLE_FILL_AREA(#4005);
#3984=SURFACE_STYLE_FILL_AREA(#4006);
#3985=SURFACE_STYLE_FILL_AREA(#4007);
#3986=FILL_AREA_STYLE('',(#4008));
#3987=FILL_AREA_STYLE('',(#4009));
#3988=FILL_AREA_STYLE('',(#4010));
#3989=FILL_AREA_STYLE('',(#4011));
#3990=FILL_AREA_STYLE('',(#4012));
#3991=FILL_AREA_STYLE('',(#4013));
#3992=FILL_AREA_STYLE('',(#4014));
#3993=FILL_AREA_STYLE('',(#4015));
#3994=FILL_AREA_STYLE('',(#4016));
#3995=FILL_AREA_STYLE('',(#4017));
#3996=FILL_AREA_STYLE('',(#4018));
#3997=FILL_AREA_STYLE('',(#4019));
#3998=FILL_AREA_STYLE('',(#4020));
#3999=FILL_AREA_STYLE('',(#4021));
#4000=FILL_AREA_STYLE('',(#4022));
#4001=FILL_AREA_STYLE('',(#4023));
#4002=FILL_AREA_STYLE('',(#4024));
#4003=FILL_AREA_STYLE('',(#4025));
#4004=FILL_AREA_STYLE('',(#4026));
#4005=FILL_AREA_STYLE('',(#4027));
#4006=FILL_AREA_STYLE('',(#4028));
#4007=FILL_AREA_STYLE('',(#4029));
#4008=FILL_AREA_STYLE_COLOUR('',#4030);
#4009=FILL_AREA_STYLE_COLOUR('',#4031);
#4010=FILL_AREA_STYLE_COLOUR('',#4031);
#4011=FILL_AREA_STYLE_COLOUR('',#4031);
#4012=FILL_AREA_STYLE_COLOUR('',#4031);
#4013=FILL_AREA_STYLE_COLOUR('',#4031);
#4014=FILL_AREA_STYLE_COLOUR('',#4031);
#4015=FILL_AREA_STYLE_COLOUR('',#4031);
#4016=FILL_AREA_STYLE_COLOUR('',#4031);
#4017=FILL_AREA_STYLE_COLOUR('',#4031);
#4018=FILL_AREA_STYLE_COLOUR('',#4031);
#4019=FILL_AREA_STYLE_COLOUR('',#4031);
#4020=FILL_AREA_STYLE_COLOUR('',#4031);
#4021=FILL_AREA_STYLE_COLOUR('',#4031);
#4022=FILL_AREA_STYLE_COLOUR('',#4031);
#4023=FILL_AREA_STYLE_COLOUR('',#4031);
#4024=FILL_AREA_STYLE_COLOUR('',#4031);
#4025=FILL_AREA_STYLE_COLOUR('',#4031);
#4026=FILL_AREA_STYLE_COLOUR('',#4031);
#4027=FILL_AREA_STYLE_COLOUR('',#4031);
#4028=FILL_AREA_STYLE_COLOUR('',#4031);
#4029=FILL_AREA_STYLE_COLOUR('',#4032);
#4030=COLOUR_RGB('',0.0196078431372549,0.431372549019608,0.0666666666666667);
#4031=COLOUR_RGB('',0.909803921568627,0.67843137254902,0.137254901960784);
#4032=COLOUR_RGB('',0.964705882352941,0.964705882352941,0.952941176470588);
#4033=MANIFOLD_SOLID_BREP('Board',#3896);
#4034=SHAPE_DEFINITION_REPRESENTATION(#7724,#4035);
#4035=SHAPE_REPRESENTATION('Board',(#4036),#7719);
#4036=AXIS2_PLACEMENT_3D('',#4853,#4258,#4259);
#4037=AXIS2_PLACEMENT_3D('',#4854,#4260,#4261);
#4038=AXIS2_PLACEMENT_3D('',#4875,#4262,#4263);
#4039=AXIS2_PLACEMENT_3D('',#4876,#4264,#4265);
#4040=AXIS2_PLACEMENT_3D('',#4878,#4266,#4267);
#4041=AXIS2_PLACEMENT_3D('',#4880,#4268,#4269);
#4042=AXIS2_PLACEMENT_3D('',#4882,#4270,#4271);
#4043=AXIS2_PLACEMENT_3D('',#4884,#4272,#4273);
#4044=AXIS2_PLACEMENT_3D('',#4886,#4274,#4275);
#4045=AXIS2_PLACEMENT_3D('',#4888,#4276,#4277);
#4046=AXIS2_PLACEMENT_3D('',#4890,#4278,#4279);
#4047=AXIS2_PLACEMENT_3D('',#4892,#4280,#4281);
#4048=AXIS2_PLACEMENT_3D('',#4894,#4282,#4283);
#4049=AXIS2_PLACEMENT_3D('',#4896,#4284,#4285);
#4050=AXIS2_PLACEMENT_3D('',#4898,#4286,#4287);
#4051=AXIS2_PLACEMENT_3D('',#4900,#4288,#4289);
#4052=AXIS2_PLACEMENT_3D('',#4902,#4290,#4291);
#4053=AXIS2_PLACEMENT_3D('',#4904,#4292,#4293);
#4054=AXIS2_PLACEMENT_3D('',#4906,#4294,#4295);
#4055=AXIS2_PLACEMENT_3D('',#4908,#4296,#4297);
#4056=AXIS2_PLACEMENT_3D('',#4910,#4298,#4299);
#4057=AXIS2_PLACEMENT_3D('',#4912,#4300,#4301);
#4058=AXIS2_PLACEMENT_3D('',#4914,#4302,#4303);
#4059=AXIS2_PLACEMENT_3D('',#4916,#4304,#4305);
#4060=AXIS2_PLACEMENT_3D('',#4918,#4306,#4307);
#4061=AXIS2_PLACEMENT_3D('',#4920,#4308,#4309);
#4062=AXIS2_PLACEMENT_3D('',#4922,#4310,#4311);
#4063=AXIS2_PLACEMENT_3D('',#4924,#4312,#4313);
#4064=AXIS2_PLACEMENT_3D('',#4926,#4314,#4315);
#4065=AXIS2_PLACEMENT_3D('',#4928,#4316,#4317);
#4066=AXIS2_PLACEMENT_3D('',#4930,#4318,#4319);
#4067=AXIS2_PLACEMENT_3D('',#4932,#4320,#4321);
#4068=AXIS2_PLACEMENT_3D('',#4934,#4322,#4323);
#4069=AXIS2_PLACEMENT_3D('',#4936,#4324,#4325);
#4070=AXIS2_PLACEMENT_3D('',#4938,#4326,#4327);
#4071=AXIS2_PLACEMENT_3D('',#4940,#4328,#4329);
#4072=AXIS2_PLACEMENT_3D('',#4942,#4330,#4331);
#4073=AXIS2_PLACEMENT_3D('',#4944,#4332,#4333);
#4074=AXIS2_PLACEMENT_3D('',#4946,#4334,#4335);
#4075=AXIS2_PLACEMENT_3D('',#4948,#4336,#4337);
#4076=AXIS2_PLACEMENT_3D('',#4950,#4338,#4339);
#4077=AXIS2_PLACEMENT_3D('',#4952,#4340,#4341);
#4078=AXIS2_PLACEMENT_3D('',#4954,#4342,#4343);
#4079=AXIS2_PLACEMENT_3D('',#4956,#4344,#4345);
#4080=AXIS2_PLACEMENT_3D('',#4958,#4346,#4347);
#4081=AXIS2_PLACEMENT_3D('',#4960,#4348,#4349);
#4082=AXIS2_PLACEMENT_3D('',#4965,#4351,#4352);
#4083=AXIS2_PLACEMENT_3D('',#4969,#4354,#4355);
#4084=AXIS2_PLACEMENT_3D('',#4973,#4357,#4358);
#4085=AXIS2_PLACEMENT_3D('',#4976,#4360,#4361);
#4086=AXIS2_PLACEMENT_3D('',#4977,#4362,#4363);
#4087=AXIS2_PLACEMENT_3D('',#4982,#4366,#4367);
#4088=AXIS2_PLACEMENT_3D('',#4986,#4370,#4371);
#4089=AXIS2_PLACEMENT_3D('',#4987,#4372,#4373);
#4090=AXIS2_PLACEMENT_3D('',#4990,#4375,#4376);
#4091=AXIS2_PLACEMENT_3D('',#4994,#4379,#4380);
#4092=AXIS2_PLACEMENT_3D('',#4995,#4381,#4382);
#4093=AXIS2_PLACEMENT_3D('',#4998,#4384,#4385);
#4094=AXIS2_PLACEMENT_3D('',#5002,#4388,#4389);
#4095=AXIS2_PLACEMENT_3D('',#5003,#4390,#4391);
#4096=AXIS2_PLACEMENT_3D('',#5006,#4393,#4394);
#4097=AXIS2_PLACEMENT_3D('',#5008,#4396,#4397);
#4098=AXIS2_PLACEMENT_3D('',#5009,#4398,#4399);
#4099=AXIS2_PLACEMENT_3D('',#5011,#4400,#4401);
#4100=AXIS2_PLACEMENT_3D('',#5012,#4402,#4403);
#4101=AXIS2_PLACEMENT_3D('',#5014,#4404,#4405);
#4102=AXIS2_PLACEMENT_3D('',#5015,#4406,#4407);
#4103=AXIS2_PLACEMENT_3D('',#5017,#4408,#4409);
#4104=AXIS2_PLACEMENT_3D('',#5018,#4410,#4411);
#4105=AXIS2_PLACEMENT_3D('',#5020,#4412,#4413);
#4106=AXIS2_PLACEMENT_3D('',#5021,#4414,#4415);
#4107=AXIS2_PLACEMENT_3D('',#5023,#4416,#4417);
#4108=AXIS2_PLACEMENT_3D('',#5024,#4418,#4419);
#4109=AXIS2_PLACEMENT_3D('',#5026,#4420,#4421);
#4110=AXIS2_PLACEMENT_3D('',#5027,#4422,#4423);
#4111=AXIS2_PLACEMENT_3D('',#5029,#4424,#4425);
#4112=AXIS2_PLACEMENT_3D('',#5031,#4426,#4427);
#4113=AXIS2_PLACEMENT_3D('',#5032,#4428,#4429);
#4114=AXIS2_PLACEMENT_3D('',#5034,#4430,#4431);
#4115=AXIS2_PLACEMENT_3D('',#5036,#4432,#4433);
#4116=AXIS2_PLACEMENT_3D('',#5037,#4434,#4435);
#4117=AXIS2_PLACEMENT_3D('',#5039,#4436,#4437);
#4118=AXIS2_PLACEMENT_3D('',#5041,#4438,#4439);
#4119=AXIS2_PLACEMENT_3D('',#5042,#4440,#4441);
#4120=AXIS2_PLACEMENT_3D('',#5044,#4442,#4443);
#4121=AXIS2_PLACEMENT_3D('',#5046,#4444,#4445);
#4122=AXIS2_PLACEMENT_3D('',#5047,#4446,#4447);
#4123=AXIS2_PLACEMENT_3D('',#5049,#4448,#4449);
#4124=AXIS2_PLACEMENT_3D('',#5050,#4450,#4451);
#4125=AXIS2_PLACEMENT_3D('',#5052,#4452,#4453);
#4126=AXIS2_PLACEMENT_3D('',#5053,#4454,#4455);
#4127=AXIS2_PLACEMENT_3D('',#5055,#4456,#4457);
#4128=AXIS2_PLACEMENT_3D('',#5056,#4458,#4459);
#4129=AXIS2_PLACEMENT_3D('',#5058,#4460,#4461);
#4130=AXIS2_PLACEMENT_3D('',#5059,#4462,#4463);
#4131=AXIS2_PLACEMENT_3D('',#5061,#4464,#4465);
#4132=AXIS2_PLACEMENT_3D('',#5062,#4466,#4467);
#4133=AXIS2_PLACEMENT_3D('',#5064,#4468,#4469);
#4134=AXIS2_PLACEMENT_3D('',#5065,#4470,#4471);
#4135=AXIS2_PLACEMENT_3D('',#5067,#4472,#4473);
#4136=AXIS2_PLACEMENT_3D('',#5068,#4474,#4475);
#4137=AXIS2_PLACEMENT_3D('',#5070,#4476,#4477);
#4138=AXIS2_PLACEMENT_3D('',#5071,#4478,#4479);
#4139=AXIS2_PLACEMENT_3D('',#5073,#4480,#4481);
#4140=AXIS2_PLACEMENT_3D('',#5074,#4482,#4483);
#4141=AXIS2_PLACEMENT_3D('',#5076,#4484,#4485);
#4142=AXIS2_PLACEMENT_3D('',#5077,#4486,#4487);
#4143=AXIS2_PLACEMENT_3D('',#5079,#4488,#4489);
#4144=AXIS2_PLACEMENT_3D('',#5080,#4490,#4491);
#4145=AXIS2_PLACEMENT_3D('',#5082,#4492,#4493);
#4146=AXIS2_PLACEMENT_3D('',#5083,#4494,#4495);
#4147=AXIS2_PLACEMENT_3D('',#5085,#4496,#4497);
#4148=AXIS2_PLACEMENT_3D('',#5086,#4498,#4499);
#4149=AXIS2_PLACEMENT_3D('',#5088,#4500,#4501);
#4150=AXIS2_PLACEMENT_3D('',#5089,#4502,#4503);
#4151=AXIS2_PLACEMENT_3D('',#5091,#4504,#4505);
#4152=AXIS2_PLACEMENT_3D('',#5092,#4506,#4507);
#4153=AXIS2_PLACEMENT_3D('',#5094,#4508,#4509);
#4154=AXIS2_PLACEMENT_3D('',#5095,#4510,#4511);
#4155=AXIS2_PLACEMENT_3D('',#5097,#4512,#4513);
#4156=AXIS2_PLACEMENT_3D('',#5098,#4514,#4515);
#4157=AXIS2_PLACEMENT_3D('',#5100,#4516,#4517);
#4158=AXIS2_PLACEMENT_3D('',#5101,#4518,#4519);
#4159=AXIS2_PLACEMENT_3D('',#5103,#4520,#4521);
#4160=AXIS2_PLACEMENT_3D('',#5104,#4522,#4523);
#4161=AXIS2_PLACEMENT_3D('',#5106,#4524,#4525);
#4162=AXIS2_PLACEMENT_3D('',#5107,#4526,#4527);
#4163=AXIS2_PLACEMENT_3D('',#5109,#4528,#4529);
#4164=AXIS2_PLACEMENT_3D('',#5110,#4530,#4531);
#4165=AXIS2_PLACEMENT_3D('',#5112,#4532,#4533);
#4166=AXIS2_PLACEMENT_3D('',#5113,#4534,#4535);
#4167=AXIS2_PLACEMENT_3D('',#5115,#4536,#4537);
#4168=AXIS2_PLACEMENT_3D('',#5116,#4538,#4539);
#4169=AXIS2_PLACEMENT_3D('',#5118,#4540,#4541);
#4170=AXIS2_PLACEMENT_3D('',#5119,#4542,#4543);
#4171=AXIS2_PLACEMENT_3D('',#5121,#4544,#4545);
#4172=AXIS2_PLACEMENT_3D('',#5122,#4546,#4547);
#4173=AXIS2_PLACEMENT_3D('',#5124,#4548,#4549);
#4174=AXIS2_PLACEMENT_3D('',#5125,#4550,#4551);
#4175=AXIS2_PLACEMENT_3D('',#5127,#4552,#4553);
#4176=AXIS2_PLACEMENT_3D('',#5128,#4554,#4555);
#4177=AXIS2_PLACEMENT_3D('',#5130,#4556,#4557);
#4178=AXIS2_PLACEMENT_3D('',#5131,#4558,#4559);
#4179=AXIS2_PLACEMENT_3D('',#5133,#4560,#4561);
#4180=AXIS2_PLACEMENT_3D('',#5134,#4562,#4563);
#4181=AXIS2_PLACEMENT_3D('',#5136,#4564,#4565);
#4182=AXIS2_PLACEMENT_3D('',#5137,#4566,#4567);
#4183=AXIS2_PLACEMENT_3D('',#5139,#4568,#4569);
#4184=AXIS2_PLACEMENT_3D('',#5140,#4570,#4571);
#4185=AXIS2_PLACEMENT_3D('',#5142,#4572,#4573);
#4186=AXIS2_PLACEMENT_3D('',#5143,#4574,#4575);
#4187=AXIS2_PLACEMENT_3D('',#5145,#4576,#4577);
#4188=AXIS2_PLACEMENT_3D('',#5146,#4578,#4579);
#4189=AXIS2_PLACEMENT_3D('',#5147,#4580,#4581);
#4190=AXIS2_PLACEMENT_3D('',#5149,#4582,#4583);
#4191=AXIS2_PLACEMENT_3D('',#5150,#4584,#4585);
#4192=AXIS2_PLACEMENT_3D('',#5151,#4586,#4587);
#4193=AXIS2_PLACEMENT_3D('',#5153,#4588,#4589);
#4194=AXIS2_PLACEMENT_3D('',#5154,#4590,#4591);
#4195=AXIS2_PLACEMENT_3D('',#5155,#4592,#4593);
#4196=AXIS2_PLACEMENT_3D('',#5157,#4594,#4595);
#4197=AXIS2_PLACEMENT_3D('',#5158,#4596,#4597);
#4198=AXIS2_PLACEMENT_3D('',#5159,#4598,#4599);
#4199=AXIS2_PLACEMENT_3D('',#5161,#4600,#4601);
#4200=AXIS2_PLACEMENT_3D('',#5162,#4602,#4603);
#4201=AXIS2_PLACEMENT_3D('',#5164,#4604,#4605);
#4202=AXIS2_PLACEMENT_3D('',#5165,#4606,#4607);
#4203=AXIS2_PLACEMENT_3D('',#5167,#4608,#4609);
#4204=AXIS2_PLACEMENT_3D('',#5168,#4610,#4611);
#4205=AXIS2_PLACEMENT_3D('',#5170,#4612,#4613);
#4206=AXIS2_PLACEMENT_3D('',#5171,#4614,#4615);
#4207=AXIS2_PLACEMENT_3D('',#5173,#4616,#4617);
#4208=AXIS2_PLACEMENT_3D('',#5174,#4618,#4619);
#4209=AXIS2_PLACEMENT_3D('',#5176,#4620,#4621);
#4210=AXIS2_PLACEMENT_3D('',#5177,#4622,#4623);
#4211=AXIS2_PLACEMENT_3D('',#5179,#4624,#4625);
#4212=AXIS2_PLACEMENT_3D('',#5180,#4626,#4627);
#4213=AXIS2_PLACEMENT_3D('',#5182,#4628,#4629);
#4214=AXIS2_PLACEMENT_3D('',#5193,#4630,#4631);
#4215=AXIS2_PLACEMENT_3D('',#5204,#4632,#4633);
#4216=AXIS2_PLACEMENT_3D('',#5215,#4634,#4635);
#4217=AXIS2_PLACEMENT_3D('',#5226,#4636,#4637);
#4218=AXIS2_PLACEMENT_3D('',#5227,#4638,#4639);
#4219=AXIS2_PLACEMENT_3D('',#5229,#4640,#4641);
#4220=AXIS2_PLACEMENT_3D('',#5230,#4642,#4643);
#4221=AXIS2_PLACEMENT_3D('',#5232,#4644,#4645);
#4222=AXIS2_PLACEMENT_3D('',#5253,#4646,#4647);
#4223=AXIS2_PLACEMENT_3D('',#5274,#4648,#4649);
#4224=AXIS2_PLACEMENT_3D('',#5295,#4650,#4651);
#4225=AXIS2_PLACEMENT_3D('',#5312,#4652,#4653);
#4226=AXIS2_PLACEMENT_3D('',#5339,#4654,#4655);
#4227=AXIS2_PLACEMENT_3D('',#5388,#4657,#4658);
#4228=AXIS2_PLACEMENT_3D('',#5444,#4659,#4660);
#4229=AXIS2_PLACEMENT_3D('',#5491,#4661,#4662);
#4230=AXIS2_PLACEMENT_3D('',#5540,#4664,#4665);
#4231=AXIS2_PLACEMENT_3D('',#5567,#4666,#4667);
#4232=AXIS2_PLACEMENT_3D('',#5593,#4668,#4669);
#4233=AXIS2_PLACEMENT_3D('',#5594,#4670,#4671);
#4234=AXIS2_PLACEMENT_3D('',#5596,#4672,#4673);
#4235=AXIS2_PLACEMENT_3D('',#5812,#4679,#4680);
#4236=AXIS2_PLACEMENT_3D('',#5873,#4681,#4682);
#4237=AXIS2_PLACEMENT_3D('',#5875,#4683,#4684);
#4238=AXIS2_PLACEMENT_3D('',#5993,#4685,#4686);
#4239=AXIS2_PLACEMENT_3D('',#6042,#4688,#4689);
#4240=AXIS2_PLACEMENT_3D('',#6069,#4690,#4691);
#4241=AXIS2_PLACEMENT_3D('',#6111,#4692,#4693);
#4242=AXIS2_PLACEMENT_3D('',#6138,#4694,#4695);
#4243=AXIS2_PLACEMENT_3D('',#6187,#4697,#4698);
#4244=AXIS2_PLACEMENT_3D('',#6233,#4699,#4700);
#4245=AXIS2_PLACEMENT_3D('',#6568,#4720,#4721);
#4246=AXIS2_PLACEMENT_3D('',#6615,#4728,#4729);
#4247=AXIS2_PLACEMENT_3D('',#6665,#4735,#4736);
#4248=AXIS2_PLACEMENT_3D('',#6793,#4752,#4753);
#4249=AXIS2_PLACEMENT_3D('',#6813,#4757,#4758);
#4250=AXIS2_PLACEMENT_3D('',#6919,#4766,#4767);
#4251=AXIS2_PLACEMENT_3D('',#6972,#4772,#4773);
#4252=AXIS2_PLACEMENT_3D('',#6995,#4776,#4777);
#4253=AXIS2_PLACEMENT_3D('',#7063,#4785,#4786);
#4254=AXIS2_PLACEMENT_3D('',#7251,#4806,#4807);
#4255=AXIS2_PLACEMENT_3D('',#7319,#4815,#4816);
#4256=AXIS2_PLACEMENT_3D('',#7342,#4819,#4820);
#4257=AXIS2_PLACEMENT_3D('',#7395,#4825,#4826);
#4258=DIRECTION('',(0.,0.,1.));
#4259=DIRECTION('',(1.,0.,0.));
#4260=DIRECTION('',(0.,0.,1.));
#4261=DIRECTION('',(1.,0.,0.));
#4262=DIRECTION('',(0.,0.,1.));
#4263=DIRECTION('',(1.,0.,0.));
#4264=DIRECTION('',(0.,0.,-1.));
#4265=DIRECTION('',(1.,0.,0.));
#4266=DIRECTION('',(0.,0.,-1.));
#4267=DIRECTION('',(1.,0.,0.));
#4268=DIRECTION('',(0.,0.,-1.));
#4269=DIRECTION('',(1.,0.,0.));
#4270=DIRECTION('',(0.,0.,-1.));
#4271=DIRECTION('',(1.,0.,0.));
#4272=DIRECTION('',(0.,0.,-1.));
#4273=DIRECTION('',(1.,0.,0.));
#4274=DIRECTION('',(0.,0.,-1.));
#4275=DIRECTION('',(1.,0.,0.));
#4276=DIRECTION('',(0.,0.,-1.));
#4277=DIRECTION('',(1.,0.,0.));
#4278=DIRECTION('',(0.,0.,-1.));
#4279=DIRECTION('',(1.,0.,0.));
#4280=DIRECTION('',(0.,0.,-1.));
#4281=DIRECTION('',(1.,0.,0.));
#4282=DIRECTION('',(0.,0.,-1.));
#4283=DIRECTION('',(1.,0.,0.));
#4284=DIRECTION('',(0.,0.,-1.));
#4285=DIRECTION('',(1.,0.,0.));
#4286=DIRECTION('',(0.,0.,-1.));
#4287=DIRECTION('',(1.,0.,0.));
#4288=DIRECTION('',(0.,0.,-1.));
#4289=DIRECTION('',(1.,0.,0.));
#4290=DIRECTION('',(0.,0.,-1.));
#4291=DIRECTION('',(1.,0.,0.));
#4292=DIRECTION('',(0.,0.,-1.));
#4293=DIRECTION('',(1.,0.,0.));
#4294=DIRECTION('',(0.,0.,-1.));
#4295=DIRECTION('',(1.,0.,0.));
#4296=DIRECTION('',(0.,0.,-1.));
#4297=DIRECTION('',(1.,0.,0.));
#4298=DIRECTION('',(0.,0.,-1.));
#4299=DIRECTION('',(1.,0.,0.));
#4300=DIRECTION('',(0.,0.,-1.));
#4301=DIRECTION('',(1.,0.,0.));
#4302=DIRECTION('',(0.,0.,-1.));
#4303=DIRECTION('',(1.,0.,0.));
#4304=DIRECTION('',(0.,0.,-1.));
#4305=DIRECTION('',(1.,0.,0.));
#4306=DIRECTION('',(0.,0.,-1.));
#4307=DIRECTION('',(1.,0.,0.));
#4308=DIRECTION('',(0.,0.,-1.));
#4309=DIRECTION('',(1.,0.,0.));
#4310=DIRECTION('',(0.,0.,-1.));
#4311=DIRECTION('',(1.,0.,0.));
#4312=DIRECTION('',(0.,0.,-1.));
#4313=DIRECTION('',(1.,0.,0.));
#4314=DIRECTION('',(0.,0.,-1.));
#4315=DIRECTION('',(1.,0.,0.));
#4316=DIRECTION('',(0.,0.,-1.));
#4317=DIRECTION('',(1.,0.,0.));
#4318=DIRECTION('',(0.,0.,-1.));
#4319=DIRECTION('',(1.,0.,0.));
#4320=DIRECTION('',(0.,0.,-1.));
#4321=DIRECTION('',(1.,0.,0.));
#4322=DIRECTION('',(0.,0.,-1.));
#4323=DIRECTION('',(1.,0.,0.));
#4324=DIRECTION('',(0.,0.,-1.));
#4325=DIRECTION('',(1.,0.,0.));
#4326=DIRECTION('',(0.,0.,-1.));
#4327=DIRECTION('',(1.,0.,0.));
#4328=DIRECTION('',(0.,0.,-1.));
#4329=DIRECTION('',(1.,0.,0.));
#4330=DIRECTION('',(0.,0.,-1.));
#4331=DIRECTION('',(1.,0.,0.));
#4332=DIRECTION('',(0.,0.,-1.));
#4333=DIRECTION('',(1.,0.,0.));
#4334=DIRECTION('',(0.,0.,-1.));
#4335=DIRECTION('',(1.,0.,0.));
#4336=DIRECTION('',(0.,0.,-1.));
#4337=DIRECTION('',(1.,0.,0.));
#4338=DIRECTION('',(0.,0.,-1.));
#4339=DIRECTION('',(1.,0.,0.));
#4340=DIRECTION('',(0.,0.,-1.));
#4341=DIRECTION('',(-1.,0.,0.));
#4342=DIRECTION('',(0.,0.,-1.));
#4343=DIRECTION('',(-1.,0.,0.));
#4344=DIRECTION('',(0.,0.,-1.));
#4345=DIRECTION('',(-1.,0.,0.));
#4346=DIRECTION('',(0.,0.,-1.));
#4347=DIRECTION('',(-1.,0.,0.));
#4348=DIRECTION('',(0.,0.,1.));
#4349=DIRECTION('',(0.,-1.,0.));
#4350=DIRECTION('',(0.,1.,0.));
#4351=DIRECTION('',(0.,0.,1.));
#4352=DIRECTION('',(1.,0.,0.));
#4353=DIRECTION('',(-1.,0.,0.));
#4354=DIRECTION('',(0.,0.,1.));
#4355=DIRECTION('',(0.,1.,0.));
#4356=DIRECTION('',(0.,-1.,0.));
#4357=DIRECTION('',(0.,0.,1.));
#4358=DIRECTION('',(-1.,0.,0.));
#4359=DIRECTION('',(1.,0.,0.));
#4360=DIRECTION('',(0.,0.,1.));
#4361=DIRECTION('',(0.,-1.,0.));
#4362=DIRECTION('',(0.,0.,1.));
#4363=DIRECTION('',(0.,-1.,0.));
#4364=DIRECTION('',(0.,0.,1.));
#4365=DIRECTION('',(0.,0.,1.));
#4366=DIRECTION('',(1.,0.,0.));
#4367=DIRECTION('',(0.,1.,0.));
#4368=DIRECTION('',(0.,-1.,0.));
#4369=DIRECTION('',(0.,0.,1.));
#4370=DIRECTION('',(0.,0.,1.));
#4371=DIRECTION('',(1.,0.,0.));
#4372=DIRECTION('',(0.,0.,1.));
#4373=DIRECTION('',(1.,0.,0.));
#4374=DIRECTION('',(0.,0.,1.));
#4375=DIRECTION('',(0.,1.,0.));
#4376=DIRECTION('',(-1.,0.,0.));
#4377=DIRECTION('',(1.,0.,0.));
#4378=DIRECTION('',(0.,0.,1.));
#4379=DIRECTION('',(0.,0.,1.));
#4380=DIRECTION('',(0.,1.,0.));
#4381=DIRECTION('',(0.,0.,1.));
#4382=DIRECTION('',(0.,1.,0.));
#4383=DIRECTION('',(0.,0.,1.));
#4384=DIRECTION('',(-1.,0.,0.));
#4385=DIRECTION('',(0.,-1.,0.));
#4386=DIRECTION('',(0.,1.,0.));
#4387=DIRECTION('',(0.,0.,1.));
#4388=DIRECTION('',(0.,0.,1.));
#4389=DIRECTION('',(-1.,0.,0.));
#4390=DIRECTION('',(0.,0.,1.));
#4391=DIRECTION('',(-1.,0.,0.));
#4392=DIRECTION('',(0.,0.,1.));
#4393=DIRECTION('',(0.,-1.,0.));
#4394=DIRECTION('',(1.,0.,0.));
#4395=DIRECTION('',(-1.,0.,0.));
#4396=DIRECTION('',(0.,0.,1.));
#4397=DIRECTION('',(1.,0.,0.));
#4398=DIRECTION('',(0.,0.,-1.));
#4399=DIRECTION('',(1.,0.,0.));
#4400=DIRECTION('',(0.,0.,1.));
#4401=DIRECTION('',(1.,0.,0.));
#4402=DIRECTION('',(0.,0.,-1.));
#4403=DIRECTION('',(1.,0.,0.));
#4404=DIRECTION('',(0.,0.,1.));
#4405=DIRECTION('',(1.,0.,0.));
#4406=DIRECTION('',(0.,0.,-1.));
#4407=DIRECTION('',(1.,0.,0.));
#4408=DIRECTION('',(0.,0.,1.));
#4409=DIRECTION('',(1.,0.,0.));
#4410=DIRECTION('',(0.,0.,-1.));
#4411=DIRECTION('',(1.,0.,0.));
#4412=DIRECTION('',(0.,0.,1.));
#4413=DIRECTION('',(1.,0.,0.));
#4414=DIRECTION('',(0.,0.,-1.));
#4415=DIRECTION('',(1.,0.,0.));
#4416=DIRECTION('',(0.,0.,1.));
#4417=DIRECTION('',(1.,0.,0.));
#4418=DIRECTION('',(0.,0.,-1.));
#4419=DIRECTION('',(1.,0.,0.));
#4420=DIRECTION('',(0.,0.,1.));
#4421=DIRECTION('',(1.,0.,0.));
#4422=DIRECTION('',(0.,0.,-1.));
#4423=DIRECTION('',(-1.,0.,0.));
#4424=DIRECTION('',(0.,0.,1.));
#4425=DIRECTION('',(-1.,0.,0.));
#4426=DIRECTION('',(0.,0.,1.));
#4427=DIRECTION('',(1.,0.,0.));
#4428=DIRECTION('',(0.,0.,-1.));
#4429=DIRECTION('',(-1.,0.,0.));
#4430=DIRECTION('',(0.,0.,1.));
#4431=DIRECTION('',(-1.,0.,0.));
#4432=DIRECTION('',(0.,0.,1.));
#4433=DIRECTION('',(1.,0.,0.));
#4434=DIRECTION('',(0.,0.,-1.));
#4435=DIRECTION('',(-1.,0.,0.));
#4436=DIRECTION('',(0.,0.,1.));
#4437=DIRECTION('',(-1.,0.,0.));
#4438=DIRECTION('',(0.,0.,1.));
#4439=DIRECTION('',(1.,0.,0.));
#4440=DIRECTION('',(0.,0.,-1.));
#4441=DIRECTION('',(-1.,0.,0.));
#4442=DIRECTION('',(0.,0.,1.));
#4443=DIRECTION('',(-1.,0.,0.));
#4444=DIRECTION('',(0.,0.,1.));
#4445=DIRECTION('',(1.,0.,0.));
#4446=DIRECTION('',(0.,0.,-1.));
#4447=DIRECTION('',(1.,0.,0.));
#4448=DIRECTION('',(0.,0.,1.));
#4449=DIRECTION('',(1.,0.,0.));
#4450=DIRECTION('',(0.,0.,-1.));
#4451=DIRECTION('',(1.,0.,0.));
#4452=DIRECTION('',(0.,0.,1.));
#4453=DIRECTION('',(1.,0.,0.));
#4454=DIRECTION('',(0.,0.,-1.));
#4455=DIRECTION('',(1.,0.,0.));
#4456=DIRECTION('',(0.,0.,1.));
#4457=DIRECTION('',(1.,0.,0.));
#4458=DIRECTION('',(0.,0.,-1.));
#4459=DIRECTION('',(1.,0.,0.));
#4460=DIRECTION('',(0.,0.,1.));
#4461=DIRECTION('',(1.,0.,0.));
#4462=DIRECTION('',(0.,0.,-1.));
#4463=DIRECTION('',(1.,0.,0.));
#4464=DIRECTION('',(0.,0.,1.));
#4465=DIRECTION('',(1.,0.,0.));
#4466=DIRECTION('',(0.,0.,-1.));
#4467=DIRECTION('',(1.,0.,0.));
#4468=DIRECTION('',(0.,0.,1.));
#4469=DIRECTION('',(1.,0.,0.));
#4470=DIRECTION('',(0.,0.,-1.));
#4471=DIRECTION('',(1.,0.,0.));
#4472=DIRECTION('',(0.,0.,1.));
#4473=DIRECTION('',(1.,0.,0.));
#4474=DIRECTION('',(0.,0.,-1.));
#4475=DIRECTION('',(1.,0.,0.));
#4476=DIRECTION('',(0.,0.,1.));
#4477=DIRECTION('',(1.,0.,0.));
#4478=DIRECTION('',(0.,0.,-1.));
#4479=DIRECTION('',(1.,0.,0.));
#4480=DIRECTION('',(0.,0.,1.));
#4481=DIRECTION('',(1.,0.,0.));
#4482=DIRECTION('',(0.,0.,-1.));
#4483=DIRECTION('',(1.,0.,0.));
#4484=DIRECTION('',(0.,0.,1.));
#4485=DIRECTION('',(1.,0.,0.));
#4486=DIRECTION('',(0.,0.,-1.));
#4487=DIRECTION('',(1.,0.,0.));
#4488=DIRECTION('',(0.,0.,1.));
#4489=DIRECTION('',(1.,0.,0.));
#4490=DIRECTION('',(0.,0.,-1.));
#4491=DIRECTION('',(1.,0.,0.));
#4492=DIRECTION('',(0.,0.,1.));
#4493=DIRECTION('',(1.,0.,0.));
#4494=DIRECTION('',(0.,0.,-1.));
#4495=DIRECTION('',(1.,0.,0.));
#4496=DIRECTION('',(0.,0.,1.));
#4497=DIRECTION('',(1.,0.,0.));
#4498=DIRECTION('',(0.,0.,-1.));
#4499=DIRECTION('',(1.,0.,0.));
#4500=DIRECTION('',(0.,0.,1.));
#4501=DIRECTION('',(1.,0.,0.));
#4502=DIRECTION('',(0.,0.,-1.));
#4503=DIRECTION('',(1.,0.,0.));
#4504=DIRECTION('',(0.,0.,1.));
#4505=DIRECTION('',(1.,0.,0.));
#4506=DIRECTION('',(0.,0.,-1.));
#4507=DIRECTION('',(1.,0.,0.));
#4508=DIRECTION('',(0.,0.,1.));
#4509=DIRECTION('',(1.,0.,0.));
#4510=DIRECTION('',(0.,0.,-1.));
#4511=DIRECTION('',(1.,0.,0.));
#4512=DIRECTION('',(0.,0.,1.));
#4513=DIRECTION('',(1.,0.,0.));
#4514=DIRECTION('',(0.,0.,-1.));
#4515=DIRECTION('',(1.,0.,0.));
#4516=DIRECTION('',(0.,0.,1.));
#4517=DIRECTION('',(1.,0.,0.));
#4518=DIRECTION('',(0.,0.,-1.));
#4519=DIRECTION('',(1.,0.,0.));
#4520=DIRECTION('',(0.,0.,1.));
#4521=DIRECTION('',(1.,0.,0.));
#4522=DIRECTION('',(0.,0.,-1.));
#4523=DIRECTION('',(1.,0.,0.));
#4524=DIRECTION('',(0.,0.,1.));
#4525=DIRECTION('',(1.,0.,0.));
#4526=DIRECTION('',(0.,0.,-1.));
#4527=DIRECTION('',(1.,0.,0.));
#4528=DIRECTION('',(0.,0.,1.));
#4529=DIRECTION('',(1.,0.,0.));
#4530=DIRECTION('',(0.,0.,-1.));
#4531=DIRECTION('',(1.,0.,0.));
#4532=DIRECTION('',(0.,0.,1.));
#4533=DIRECTION('',(1.,0.,0.));
#4534=DIRECTION('',(0.,0.,-1.));
#4535=DIRECTION('',(1.,0.,0.));
#4536=DIRECTION('',(0.,0.,1.));
#4537=DIRECTION('',(1.,0.,0.));
#4538=DIRECTION('',(0.,0.,-1.));
#4539=DIRECTION('',(1.,0.,0.));
#4540=DIRECTION('',(0.,0.,1.));
#4541=DIRECTION('',(1.,0.,0.));
#4542=DIRECTION('',(0.,0.,-1.));
#4543=DIRECTION('',(1.,0.,0.));
#4544=DIRECTION('',(0.,0.,1.));
#4545=DIRECTION('',(1.,0.,0.));
#4546=DIRECTION('',(0.,0.,-1.));
#4547=DIRECTION('',(1.,0.,0.));
#4548=DIRECTION('',(0.,0.,1.));
#4549=DIRECTION('',(1.,0.,0.));
#4550=DIRECTION('',(0.,0.,-1.));
#4551=DIRECTION('',(1.,0.,0.));
#4552=DIRECTION('',(0.,0.,1.));
#4553=DIRECTION('',(1.,0.,0.));
#4554=DIRECTION('',(0.,0.,-1.));
#4555=DIRECTION('',(1.,0.,0.));
#4556=DIRECTION('',(0.,0.,1.));
#4557=DIRECTION('',(1.,0.,0.));
#4558=DIRECTION('',(0.,0.,-1.));
#4559=DIRECTION('',(1.,0.,0.));
#4560=DIRECTION('',(0.,0.,1.));
#4561=DIRECTION('',(1.,0.,0.));
#4562=DIRECTION('',(0.,0.,-1.));
#4563=DIRECTION('',(1.,0.,0.));
#4564=DIRECTION('',(0.,0.,1.));
#4565=DIRECTION('',(1.,0.,0.));
#4566=DIRECTION('',(0.,0.,-1.));
#4567=DIRECTION('',(1.,0.,0.));
#4568=DIRECTION('',(0.,0.,1.));
#4569=DIRECTION('',(1.,0.,0.));
#4570=DIRECTION('',(0.,0.,-1.));
#4571=DIRECTION('',(1.,0.,0.));
#4572=DIRECTION('',(0.,0.,1.));
#4573=DIRECTION('',(-1.,0.,0.));
#4574=DIRECTION('',(0.,0.,1.));
#4575=DIRECTION('',(-1.,0.,0.));
#4576=DIRECTION('',(0.,0.,1.));
#4577=DIRECTION('',(-1.,0.,0.));
#4578=DIRECTION('',(0.,0.,1.));
#4579=DIRECTION('',(-1.,0.,0.));
#4580=DIRECTION('',(0.,0.,1.));
#4581=DIRECTION('',(-1.,0.,0.));
#4582=DIRECTION('',(0.,0.,1.));
#4583=DIRECTION('',(-1.,0.,0.));
#4584=DIRECTION('',(0.,0.,1.));
#4585=DIRECTION('',(-1.,0.,0.));
#4586=DIRECTION('',(0.,0.,1.));
#4587=DIRECTION('',(-1.,0.,0.));
#4588=DIRECTION('',(0.,0.,1.));
#4589=DIRECTION('',(-1.,0.,0.));
#4590=DIRECTION('',(0.,0.,1.));
#4591=DIRECTION('',(-1.,0.,0.));
#4592=DIRECTION('',(0.,0.,1.));
#4593=DIRECTION('',(-1.,0.,0.));
#4594=DIRECTION('',(0.,0.,1.));
#4595=DIRECTION('',(-1.,0.,0.));
#4596=DIRECTION('',(0.,0.,-1.));
#4597=DIRECTION('',(-1.,0.,0.));
#4598=DIRECTION('',(0.,0.,-1.));
#4599=DIRECTION('',(-1.,0.,0.));
#4600=DIRECTION('',(0.,0.,1.));
#4601=DIRECTION('',(-1.,0.,0.));
#4602=DIRECTION('',(0.,0.,1.));
#4603=DIRECTION('',(-1.,0.,0.));
#4604=DIRECTION('',(0.,0.,-1.));
#4605=DIRECTION('',(-1.,0.,0.));
#4606=DIRECTION('',(0.,0.,-1.));
#4607=DIRECTION('',(-1.,0.,0.));
#4608=DIRECTION('',(0.,0.,1.));
#4609=DIRECTION('',(-1.,0.,0.));
#4610=DIRECTION('',(0.,0.,1.));
#4611=DIRECTION('',(-1.,0.,0.));
#4612=DIRECTION('',(0.,0.,-1.));
#4613=DIRECTION('',(-1.,0.,0.));
#4614=DIRECTION('',(0.,0.,-1.));
#4615=DIRECTION('',(-1.,0.,0.));
#4616=DIRECTION('',(0.,0.,1.));
#4617=DIRECTION('',(-1.,0.,0.));
#4618=DIRECTION('',(0.,0.,1.));
#4619=DIRECTION('',(-1.,0.,0.));
#4620=DIRECTION('',(0.,0.,-1.));
#4621=DIRECTION('',(-1.,0.,0.));
#4622=DIRECTION('',(0.,0.,-1.));
#4623=DIRECTION('',(-1.,0.,0.));
#4624=DIRECTION('',(0.,0.,1.));
#4625=DIRECTION('',(-1.,0.,0.));
#4626=DIRECTION('',(0.,0.,1.));
#4627=DIRECTION('',(-1.,0.,0.));
#4628=DIRECTION('',(0.,0.,1.));
#4629=DIRECTION('',(1.,0.,0.));
#4630=DIRECTION('',(0.,0.,1.));
#4631=DIRECTION('',(1.,0.,0.));
#4632=DIRECTION('',(0.,0.,1.));
#4633=DIRECTION('',(1.,0.,0.));
#4634=DIRECTION('',(0.,0.,1.));
#4635=DIRECTION('',(1.,0.,0.));
#4636=DIRECTION('',(0.,0.,1.));
#4637=DIRECTION('',(1.,0.,0.));
#4638=DIRECTION('',(0.,0.,-1.));
#4639=DIRECTION('',(-1.,-1.22464679914735E-16,0.));
#4640=DIRECTION('',(0.,0.,1.));
#4641=DIRECTION('',(1.,0.,0.));
#4642=DIRECTION('',(0.,0.,-1.));
#4643=DIRECTION('',(-1.,-1.22464679914735E-16,0.));
#4644=DIRECTION('',(0.,0.,1.));
#4645=DIRECTION('',(1.,0.,0.));
#4646=DIRECTION('',(0.,0.,1.));
#4647=DIRECTION('',(1.,0.,0.));
#4648=DIRECTION('',(0.,0.,1.));
#4649=DIRECTION('',(1.,0.,0.));
#4650=DIRECTION('',(0.,0.,1.));
#4651=DIRECTION('',(1.,0.,0.));
#4652=DIRECTION('',(0.,0.,1.));
#4653=DIRECTION('',(1.,0.,0.));
#4654=DIRECTION('',(0.,0.,1.));
#4655=DIRECTION('',(1.,0.,0.));
#4656=DIRECTION('',(-0.699462747726115,-0.714669059455797,0.));
#4657=DIRECTION('',(0.,0.,1.));
#4658=DIRECTION('',(1.,0.,0.));
#4659=DIRECTION('',(0.,0.,1.));
#4660=DIRECTION('',(1.,0.,0.));
#4661=DIRECTION('',(0.,0.,1.));
#4662=DIRECTION('',(1.,0.,0.));
#4663=DIRECTION('',(-0.699462580372055,0.714669223248956,0.));
#4664=DIRECTION('',(0.,0.,1.));
#4665=DIRECTION('',(1.,0.,0.));
#4666=DIRECTION('',(0.,0.,1.));
#4667=DIRECTION('',(1.,0.,0.));
#4668=DIRECTION('',(0.,0.,1.));
#4669=DIRECTION('',(1.,0.,0.));
#4670=DIRECTION('',(0.,0.,-1.));
#4671=DIRECTION('',(-1.,-1.22464679914735E-16,0.));
#4672=DIRECTION('',(0.,0.,1.));
#4673=DIRECTION('',(1.,0.,0.));
#4674=DIRECTION('',(-0.999803998430105,0.0197980989788085,0.));
#4675=DIRECTION('',(-0.999803998430105,-0.0197980989788085,0.));
#4676=DIRECTION('',(-0.488970967372289,-0.872300059077728,0.));
#4677=DIRECTION('',(0.999995634720583,0.00295474868288768,0.));
#4678=DIRECTION('',(-0.488970967372293,0.872300059077726,0.));
#4679=DIRECTION('',(0.,0.,-1.));
#4680=DIRECTION('',(-1.,0.,0.));
#4681=DIRECTION('',(0.,0.,1.));
#4682=DIRECTION('',(-1.,-1.22464679914735E-16,0.));
#4683=DIRECTION('',(0.,0.,1.));
#4684=DIRECTION('',(-1.,-1.22464679914735E-16,0.));
#4685=DIRECTION('',(0.,0.,1.));
#4686=DIRECTION('',(1.,0.,0.));
#4687=DIRECTION('',(0.699462747726115,0.714669059455797,0.));
#4688=DIRECTION('',(0.,0.,1.));
#4689=DIRECTION('',(1.,0.,0.));
#4690=DIRECTION('',(0.,0.,1.));
#4691=DIRECTION('',(1.,0.,0.));
#4692=DIRECTION('',(0.,0.,1.));
#4693=DIRECTION('',(1.,0.,0.));
#4694=DIRECTION('',(0.,0.,1.));
#4695=DIRECTION('',(1.,0.,0.));
#4696=DIRECTION('',(0.699462580372055,-0.714669223248956,0.));
#4697=DIRECTION('',(0.,0.,1.));
#4698=DIRECTION('',(1.,0.,0.));
#4699=DIRECTION('',(0.,0.,1.));
#4700=DIRECTION('',(-1.,-1.22464679914735E-16,0.));
#4701=DIRECTION('',(0.488970967372293,-0.872300059077726,0.));
#4702=DIRECTION('',(-0.999995634720583,-0.00295474868288768,0.));
#4703=DIRECTION('',(0.488970967372289,0.872300059077728,0.));
#4704=DIRECTION('',(0.999803998430105,0.0197980989788085,0.));
#4705=DIRECTION('',(0.999803998430105,-0.0197980989788085,0.));
#4706=DIRECTION('',(0.,0.,-1.));
#4707=DIRECTION('',(0.,0.,-1.));
#4708=DIRECTION('',(0.,0.,-1.));
#4709=DIRECTION('',(0.,0.,-1.));
#4710=DIRECTION('',(0.,0.,-1.));
#4711=DIRECTION('',(0.,0.,-1.));
#4712=DIRECTION('',(0.,0.,-1.));
#4713=DIRECTION('',(0.,0.,-1.));
#4714=DIRECTION('',(0.,0.,-1.));
#4715=DIRECTION('',(0.,0.,-1.));
#4716=DIRECTION('',(0.,0.,-1.));
#4717=DIRECTION('',(0.,0.,-1.));
#4718=DIRECTION('',(0.,0.,-1.));
#4719=DIRECTION('',(0.,0.,-1.));
#4720=DIRECTION('',(0.872300059077726,0.488970967372293,0.));
#4721=DIRECTION('',(0.488970967372293,-0.872300059077726,0.));
#4722=DIRECTION('',(0.,0.,-1.));
#4723=DIRECTION('',(0.,0.,-1.));
#4724=DIRECTION('',(0.,0.,-1.));
#4725=DIRECTION('',(0.,0.,-1.));
#4726=DIRECTION('',(0.,0.,-1.));
#4727=DIRECTION('',(0.,0.,-1.));
#4728=DIRECTION('',(0.00295474868288768,-0.999995634720583,0.));
#4729=DIRECTION('',(0.999995634720583,0.00295474868288768,0.));
#4730=DIRECTION('',(0.,0.,-1.));
#4731=DIRECTION('',(0.,0.,-1.));
#4732=DIRECTION('',(0.,0.,-1.));
#4733=DIRECTION('',(0.,0.,-1.));
#4734=DIRECTION('',(0.,0.,-1.));
#4735=DIRECTION('',(-0.872300059077728,0.488970967372289,0.));
#4736=DIRECTION('',(0.488970967372289,0.872300059077728,0.));
#4737=DIRECTION('',(0.,0.,-1.));
#4738=DIRECTION('',(0.,0.,-1.));
#4739=DIRECTION('',(0.,0.,-1.));
#4740=DIRECTION('',(0.,0.,-1.));
#4741=DIRECTION('',(0.,0.,-1.));
#4742=DIRECTION('',(0.,0.,-1.));
#4743=DIRECTION('',(0.,0.,-1.));
#4744=DIRECTION('',(0.,0.,-1.));
#4745=DIRECTION('',(0.,0.,-1.));
#4746=DIRECTION('',(0.,0.,-1.));
#4747=DIRECTION('',(0.,0.,-1.));
#4748=DIRECTION('',(0.,0.,-1.));
#4749=DIRECTION('',(0.,0.,-1.));
#4750=DIRECTION('',(0.,0.,-1.));
#4751=DIRECTION('',(0.,0.,-1.));
#4752=DIRECTION('',(-0.0197980989788085,0.999803998430105,0.));
#4753=DIRECTION('',(0.999803998430105,0.0197980989788085,0.));
#4754=DIRECTION('',(0.,0.,-1.));
#4755=DIRECTION('',(0.,0.,-1.));
#4756=DIRECTION('',(0.,0.,-1.));
#4757=DIRECTION('',(0.0197980989788085,0.999803998430105,0.));
#4758=DIRECTION('',(0.999803998430105,-0.0197980989788085,0.));
#4759=DIRECTION('',(0.,0.,-1.));
#4760=DIRECTION('',(0.,0.,-1.));
#4761=DIRECTION('',(0.,0.,-1.));
#4762=DIRECTION('',(0.,0.,-1.));
#4763=DIRECTION('',(0.,0.,-1.));
#4764=DIRECTION('',(0.,0.,-1.));
#4765=DIRECTION('',(0.,0.,-1.));
#4766=DIRECTION('',(0.,0.,1.));
#4767=DIRECTION('',(0.663978785116062,0.747751411176067,0.));
#4768=DIRECTION('',(0.,0.,-1.));
#4769=DIRECTION('',(0.,0.,-1.));
#4770=DIRECTION('',(0.,0.,-1.));
#4771=DIRECTION('',(0.,0.,-1.));
#4772=DIRECTION('',(0.,0.,1.));
#4773=DIRECTION('',(0.245580237189838,0.969376267040711,0.));
#4774=DIRECTION('',(0.,0.,-1.));
#4775=DIRECTION('',(0.,0.,-1.));
#4776=DIRECTION('',(0.714669223248956,0.699462580372055,0.));
#4777=DIRECTION('',(0.699462580372055,-0.714669223248956,0.));
#4778=DIRECTION('',(0.,0.,-1.));
#4779=DIRECTION('',(0.,0.,-1.));
#4780=DIRECTION('',(0.,0.,-1.));
#4781=DIRECTION('',(0.,0.,-1.));
#4782=DIRECTION('',(0.,0.,-1.));
#4783=DIRECTION('',(0.,0.,-1.));
#4784=DIRECTION('',(0.,0.,-1.));
#4785=DIRECTION('',(0.,0.,1.));
#4786=DIRECTION('',(-0.632553389007501,-0.774516759053751,0.));
#4787=DIRECTION('',(0.,0.,-1.));
#4788=DIRECTION('',(0.,0.,-1.));
#4789=DIRECTION('',(0.,0.,-1.));
#4790=DIRECTION('',(0.,0.,-1.));
#4791=DIRECTION('',(0.,0.,-1.));
#4792=DIRECTION('',(0.,0.,-1.));
#4793=DIRECTION('',(0.,0.,-1.));
#4794=DIRECTION('',(0.,0.,-1.));
#4795=DIRECTION('',(0.,0.,-1.));
#4796=DIRECTION('',(0.,0.,-1.));
#4797=DIRECTION('',(0.,0.,-1.));
#4798=DIRECTION('',(0.,0.,-1.));
#4799=DIRECTION('',(0.,0.,-1.));
#4800=DIRECTION('',(0.,0.,-1.));
#4801=DIRECTION('',(0.,0.,-1.));
#4802=DIRECTION('',(0.,0.,-1.));
#4803=DIRECTION('',(0.,0.,-1.));
#4804=DIRECTION('',(0.,0.,-1.));
#4805=DIRECTION('',(0.,0.,-1.));
#4806=DIRECTION('',(0.,0.,1.));
#4807=DIRECTION('',(0.632553173500693,-0.774516935059655,0.));
#4808=DIRECTION('',(0.,0.,-1.));
#4809=DIRECTION('',(0.,0.,-1.));
#4810=DIRECTION('',(0.,0.,-1.));
#4811=DIRECTION('',(0.,0.,-1.));
#4812=DIRECTION('',(0.,0.,-1.));
#4813=DIRECTION('',(0.,0.,-1.));
#4814=DIRECTION('',(0.,0.,-1.));
#4815=DIRECTION('',(-0.714669059455797,0.699462747726115,0.));
#4816=DIRECTION('',(0.699462747726115,0.714669059455797,0.));
#4817=DIRECTION('',(0.,0.,-1.));
#4818=DIRECTION('',(0.,0.,-1.));
#4819=DIRECTION('',(0.,0.,1.));
#4820=DIRECTION('',(-0.245580297604533,0.969376251735346,0.));
#4821=DIRECTION('',(0.,0.,-1.));
#4822=DIRECTION('',(0.,0.,-1.));
#4823=DIRECTION('',(0.,0.,-1.));
#4824=DIRECTION('',(0.,0.,-1.));
#4825=DIRECTION('',(0.,0.,1.));
#4826=DIRECTION('',(-0.663978808801105,0.747751390144523,0.));
#4827=DIRECTION('',(0.,0.,-1.));
#4828=DIRECTION('',(0.,0.,-1.));
#4829=DIRECTION('',(0.,0.,-1.));
#4830=DIRECTION('',(0.,0.,-1.));
#4831=DIRECTION('',(0.,0.,-1.));
#4832=DIRECTION('',(0.,0.,-1.));
#4833=DIRECTION('',(0.,0.,-1.));
#4834=DIRECTION('',(0.,0.,-1.));
#4835=DIRECTION('',(0.,0.,-1.));
#4836=DIRECTION('',(0.,0.,-1.));
#4837=DIRECTION('',(0.,0.,-1.));
#4838=DIRECTION('',(0.,0.,-1.));
#4839=DIRECTION('',(0.,0.,-1.));
#4840=DIRECTION('',(0.,0.,-1.));
#4841=DIRECTION('',(0.,0.,-1.));
#4842=DIRECTION('',(0.,0.,-1.));
#4843=DIRECTION('',(0.,0.,-1.));
#4844=DIRECTION('',(0.,0.,-1.));
#4845=DIRECTION('',(0.,0.,-1.));
#4846=DIRECTION('',(0.,0.,-1.));
#4847=DIRECTION('',(0.,0.,-1.));
#4848=DIRECTION('',(0.,0.,-1.));
#4849=DIRECTION('',(0.,0.,-1.));
#4850=DIRECTION('',(0.,0.,-1.));
#4851=DIRECTION('',(0.,0.,-1.));
#4852=DIRECTION('',(0.,0.,-1.));
#4853=CARTESIAN_POINT('',(0.,0.,0.));
#4854=CARTESIAN_POINT('',(0.0325,0.015,0.));
#4855=CARTESIAN_POINT('',(0.0317589855451682,0.00834357043614274,0.));
#4856=CARTESIAN_POINT('',(0.0310799978431065,0.00736816773947125,0.));
#4857=CARTESIAN_POINT('',(0.0301247153229708,0.00727043687548151,0.));
#4858=CARTESIAN_POINT('',(0.0297313460807166,0.00750774966797704,0.));
#4859=CARTESIAN_POINT('',(0.0317589855451682,0.00834357043614274,0.));
#4860=CARTESIAN_POINT('',(0.0297313460807166,0.00750774966797704,0.));
#4861=CARTESIAN_POINT('',(0.0297313460807166,0.00750774966797704,0.));
#4862=CARTESIAN_POINT('',(0.0293155477142557,0.00781861828310595,0.));
#4863=CARTESIAN_POINT('',(0.0295426668456973,0.008873213639299,0.));
#4864=CARTESIAN_POINT('',(0.0300409093402811,0.00947347602329844,0.));
#4865=CARTESIAN_POINT('',(0.0300409093402811,0.00947347602329844,0.));
#4866=CARTESIAN_POINT('',(0.0300409093402811,0.00947347602329844,0.));
#4867=CARTESIAN_POINT('',(0.0306126936143935,0.0101369323782054,0.));
#4868=CARTESIAN_POINT('',(0.0313555704210427,0.0105325305550924,0.));
#4869=CARTESIAN_POINT('',(0.0318363764417053,0.01023964560509,0.));
#4870=CARTESIAN_POINT('',(0.0318363764417053,0.01023964560509,0.));
#4871=CARTESIAN_POINT('',(0.0318363764417053,0.01023964560509,0.));
#4872=CARTESIAN_POINT('',(0.03215788581115,0.0099949533243949,0.));
#4873=CARTESIAN_POINT('',(0.0322169037546364,0.00916205744100153,0.));
#4874=CARTESIAN_POINT('',(0.0317589855451682,0.00834357043614274,0.));
#4875=CARTESIAN_POINT('',(0.0325,0.015,0.0016));
#4876=CARTESIAN_POINT('',(0.05409,0.02777,0.0016));
#4877=CARTESIAN_POINT('',(0.05459,0.02777,0.0016));
#4878=CARTESIAN_POINT('',(0.05155,0.02523,0.0016));
#4879=CARTESIAN_POINT('',(0.05205,0.02523,0.0016));
#4880=CARTESIAN_POINT('',(0.05155,0.02777,0.0016));
#4881=CARTESIAN_POINT('',(0.05205,0.02777,0.0016));
#4882=CARTESIAN_POINT('',(0.04647,0.02523,0.0016));
#4883=CARTESIAN_POINT('',(0.04697,0.02523,0.0016));
#4884=CARTESIAN_POINT('',(0.04647,0.02777,0.0016));
#4885=CARTESIAN_POINT('',(0.04697,0.02777,0.0016));
#4886=CARTESIAN_POINT('',(0.05409,0.02523,0.0016));
#4887=CARTESIAN_POINT('',(0.05459,0.02523,0.0016));
#4888=CARTESIAN_POINT('',(0.04393,0.02777,0.0016));
#4889=CARTESIAN_POINT('',(0.04443,0.02777,0.0016));
#4890=CARTESIAN_POINT('',(0.04393,0.02523,0.0016));
#4891=CARTESIAN_POINT('',(0.04443,0.02523,0.0016));
#4892=CARTESIAN_POINT('',(0.04901,0.02777,0.0016));
#4893=CARTESIAN_POINT('',(0.04951,0.02777,0.0016));
#4894=CARTESIAN_POINT('',(0.04139,0.02523,0.0016));
#4895=CARTESIAN_POINT('',(0.04189,0.02523,0.0016));
#4896=CARTESIAN_POINT('',(0.04901,0.02523,0.0016));
#4897=CARTESIAN_POINT('',(0.04951,0.02523,0.0016));
#4898=CARTESIAN_POINT('',(0.04139,0.02777,0.0016));
#4899=CARTESIAN_POINT('',(0.04189,0.02777,0.0016));
#4900=CARTESIAN_POINT('',(0.03885,0.02523,0.0016));
#4901=CARTESIAN_POINT('',(0.03935,0.02523,0.0016));
#4902=CARTESIAN_POINT('',(0.03885,0.02777,0.0016));
#4903=CARTESIAN_POINT('',(0.03935,0.02777,0.0016));
#4904=CARTESIAN_POINT('',(0.03631,0.02523,0.0016));
#4905=CARTESIAN_POINT('',(0.03681,0.02523,0.0016));
#4906=CARTESIAN_POINT('',(0.03631,0.02777,0.0016));
#4907=CARTESIAN_POINT('',(0.03681,0.02777,0.0016));
#4908=CARTESIAN_POINT('',(0.03377,0.02523,0.0016));
#4909=CARTESIAN_POINT('',(0.03427,0.02523,0.0016));
#4910=CARTESIAN_POINT('',(0.03377,0.02777,0.0016));
#4911=CARTESIAN_POINT('',(0.03427,0.02777,0.0016));
#4912=CARTESIAN_POINT('',(0.03123,0.02523,0.0016));
#4913=CARTESIAN_POINT('',(0.03173,0.02523,0.0016));
#4914=CARTESIAN_POINT('',(0.03123,0.02777,0.0016));
#4915=CARTESIAN_POINT('',(0.03173,0.02777,0.0016));
#4916=CARTESIAN_POINT('',(0.02869,0.02523,0.0016));
#4917=CARTESIAN_POINT('',(0.02919,0.02523,0.0016));
#4918=CARTESIAN_POINT('',(0.02869,0.02777,0.0016));
#4919=CARTESIAN_POINT('',(0.02919,0.02777,0.0016));
#4920=CARTESIAN_POINT('',(0.02615,0.02523,0.0016));
#4921=CARTESIAN_POINT('',(0.02665,0.02523,0.0016));
#4922=CARTESIAN_POINT('',(0.02361,0.02523,0.0016));
#4923=CARTESIAN_POINT('',(0.02411,0.02523,0.0016));
#4924=CARTESIAN_POINT('',(0.02361,0.02777,0.0016));
#4925=CARTESIAN_POINT('',(0.02411,0.02777,0.0016));
#4926=CARTESIAN_POINT('',(0.02107,0.02523,0.0016));
#4927=CARTESIAN_POINT('',(0.02157,0.02523,0.0016));
#4928=CARTESIAN_POINT('',(0.02107,0.02777,0.0016));
#4929=CARTESIAN_POINT('',(0.02157,0.02777,0.0016));
#4930=CARTESIAN_POINT('',(0.01853,0.02523,0.0016));
#4931=CARTESIAN_POINT('',(0.01903,0.02523,0.0016));
#4932=CARTESIAN_POINT('',(0.01853,0.02777,0.0016));
#4933=CARTESIAN_POINT('',(0.01903,0.02777,0.0016));
#4934=CARTESIAN_POINT('',(0.01599,0.02523,0.0016));
#4935=CARTESIAN_POINT('',(0.01649,0.02523,0.0016));
#4936=CARTESIAN_POINT('',(0.01599,0.02777,0.0016));
#4937=CARTESIAN_POINT('',(0.01649,0.02777,0.0016));
#4938=CARTESIAN_POINT('',(0.02615,0.02777,0.0016));
#4939=CARTESIAN_POINT('',(0.02665,0.02777,0.0016));
#4940=CARTESIAN_POINT('',(0.00837,0.02777,0.0016));
#4941=CARTESIAN_POINT('',(0.00887,0.02777,0.0016));
#4942=CARTESIAN_POINT('',(0.00837,0.02523,0.0016));
#4943=CARTESIAN_POINT('',(0.00887,0.02523,0.0016));
#4944=CARTESIAN_POINT('',(0.01091,0.02777,0.0016));
#4945=CARTESIAN_POINT('',(0.01141,0.02777,0.0016));
#4946=CARTESIAN_POINT('',(0.01345,0.02523,0.0016));
#4947=CARTESIAN_POINT('',(0.01395,0.02523,0.0016));
#4948=CARTESIAN_POINT('',(0.01091,0.02523,0.0016));
#4949=CARTESIAN_POINT('',(0.01141,0.02523,0.0016));
#4950=CARTESIAN_POINT('',(0.01345,0.02777,0.0016));
#4951=CARTESIAN_POINT('',(0.01395,0.02777,0.0016));
#4952=CARTESIAN_POINT('',(0.0035,0.0035,0.0016));
#4953=CARTESIAN_POINT('',(0.0005,0.0035,0.0016));
#4954=CARTESIAN_POINT('',(0.0615,0.0035,0.0016));
#4955=CARTESIAN_POINT('',(0.0585,0.0035,0.0016));
#4956=CARTESIAN_POINT('',(0.0035,0.0265,0.0016));
#4957=CARTESIAN_POINT('',(0.0005,0.0265,0.0016));
#4958=CARTESIAN_POINT('',(0.0615,0.0265,0.0016));
#4959=CARTESIAN_POINT('',(0.0585,0.0265,0.0016));
#4960=CARTESIAN_POINT('',(0.062,0.003,0.0016));
#4961=CARTESIAN_POINT('',(0.062,0.,0.0016));
#4962=CARTESIAN_POINT('',(0.065,0.003,0.0016));
#4963=CARTESIAN_POINT('',(0.065,0.027,0.0016));
#4964=CARTESIAN_POINT('',(0.065,0.027,0.0016));
#4965=CARTESIAN_POINT('',(0.062,0.027,0.0016));
#4966=CARTESIAN_POINT('',(0.062,0.03,0.0016));
#4967=CARTESIAN_POINT('',(0.003,0.03,0.0016));
#4968=CARTESIAN_POINT('',(0.003,0.03,0.0016));
#4969=CARTESIAN_POINT('',(0.003,0.027,0.0016));
#4970=CARTESIAN_POINT('',(0.,0.027,0.0016));
#4971=CARTESIAN_POINT('',(0.,0.003,0.0016));
#4972=CARTESIAN_POINT('',(0.,0.003,0.0016));
#4973=CARTESIAN_POINT('',(0.003,0.003,0.0016));
#4974=CARTESIAN_POINT('',(0.003,0.,0.0016));
#4975=CARTESIAN_POINT('',(0.062,0.,0.0016));
#4976=CARTESIAN_POINT('',(0.062,0.003,0.));
#4977=CARTESIAN_POINT('',(0.062,0.003,0.));
#4978=CARTESIAN_POINT('',(0.062,0.,0.));
#4979=CARTESIAN_POINT('',(0.065,0.003,0.));
#4980=CARTESIAN_POINT('',(0.065,0.003,0.));
#4981=CARTESIAN_POINT('',(0.062,0.,0.));
#4982=CARTESIAN_POINT('',(0.065,0.003,0.));
#4983=CARTESIAN_POINT('',(0.065,0.027,0.));
#4984=CARTESIAN_POINT('',(0.065,0.027,0.));
#4985=CARTESIAN_POINT('',(0.065,0.027,0.));
#4986=CARTESIAN_POINT('',(0.062,0.027,0.));
#4987=CARTESIAN_POINT('',(0.062,0.027,0.));
#4988=CARTESIAN_POINT('',(0.062,0.03,0.));
#4989=CARTESIAN_POINT('',(0.062,0.03,0.));
#4990=CARTESIAN_POINT('',(0.062,0.03,0.));
#4991=CARTESIAN_POINT('',(0.003,0.03,0.));
#4992=CARTESIAN_POINT('',(0.003,0.03,0.));
#4993=CARTESIAN_POINT('',(0.003,0.03,0.));
#4994=CARTESIAN_POINT('',(0.003,0.027,0.));
#4995=CARTESIAN_POINT('',(0.003,0.027,0.));
#4996=CARTESIAN_POINT('',(0.,0.027,0.));
#4997=CARTESIAN_POINT('',(0.,0.027,0.));
#4998=CARTESIAN_POINT('',(0.,0.027,0.));
#4999=CARTESIAN_POINT('',(0.,0.003,0.));
#5000=CARTESIAN_POINT('',(0.,0.003,0.));
#5001=CARTESIAN_POINT('',(0.,0.003,0.));
#5002=CARTESIAN_POINT('',(0.003,0.003,0.));
#5003=CARTESIAN_POINT('',(0.003,0.003,0.));
#5004=CARTESIAN_POINT('',(0.003,0.,0.));
#5005=CARTESIAN_POINT('',(0.003,0.,0.));
#5006=CARTESIAN_POINT('',(0.003,0.,0.));
#5007=CARTESIAN_POINT('',(0.062,0.,0.));
#5008=CARTESIAN_POINT('',(0.01345,0.02777,0.));
#5009=CARTESIAN_POINT('',(0.01345,0.02777,0.));
#5010=CARTESIAN_POINT('',(0.01395,0.02777,0.));
#5011=CARTESIAN_POINT('',(0.01091,0.02523,0.));
#5012=CARTESIAN_POINT('',(0.01091,0.02523,0.));
#5013=CARTESIAN_POINT('',(0.01141,0.02523,0.));
#5014=CARTESIAN_POINT('',(0.01345,0.02523,0.));
#5015=CARTESIAN_POINT('',(0.01345,0.02523,0.));
#5016=CARTESIAN_POINT('',(0.01395,0.02523,0.));
#5017=CARTESIAN_POINT('',(0.01091,0.02777,0.));
#5018=CARTESIAN_POINT('',(0.01091,0.02777,0.));
#5019=CARTESIAN_POINT('',(0.01141,0.02777,0.));
#5020=CARTESIAN_POINT('',(0.00837,0.02523,0.));
#5021=CARTESIAN_POINT('',(0.00837,0.02523,0.));
#5022=CARTESIAN_POINT('',(0.00887,0.02523,0.));
#5023=CARTESIAN_POINT('',(0.00837,0.02777,0.));
#5024=CARTESIAN_POINT('',(0.00837,0.02777,0.));
#5025=CARTESIAN_POINT('',(0.00887,0.02777,0.));
#5026=CARTESIAN_POINT('',(0.0615,0.0035,0.));
#5027=CARTESIAN_POINT('',(0.0615,0.0035,0.00161));
#5028=CARTESIAN_POINT('',(0.06025,0.0035,0.00161));
#5029=CARTESIAN_POINT('',(0.0615,0.0035,-1.E-5));
#5030=CARTESIAN_POINT('',(0.06025,0.0035,-1.E-5));
#5031=CARTESIAN_POINT('',(0.0615,0.0265,0.));
#5032=CARTESIAN_POINT('',(0.0615,0.0265,0.00161));
#5033=CARTESIAN_POINT('',(0.06025,0.0265,0.00161));
#5034=CARTESIAN_POINT('',(0.0615,0.0265,-1.E-5));
#5035=CARTESIAN_POINT('',(0.06025,0.0265,-1.E-5));
#5036=CARTESIAN_POINT('',(0.0035,0.0265,0.));
#5037=CARTESIAN_POINT('',(0.0035,0.0265,0.00161));
#5038=CARTESIAN_POINT('',(0.00225,0.0265,0.00161));
#5039=CARTESIAN_POINT('',(0.0035,0.0265,-1.E-5));
#5040=CARTESIAN_POINT('',(0.00225,0.0265,-1.E-5));
#5041=CARTESIAN_POINT('',(0.0035,0.0035,0.));
#5042=CARTESIAN_POINT('',(0.0035,0.0035,0.00161));
#5043=CARTESIAN_POINT('',(0.00225,0.0035,0.00161));
#5044=CARTESIAN_POINT('',(0.0035,0.0035,-1.E-5));
#5045=CARTESIAN_POINT('',(0.00225,0.0035,-1.E-5));
#5046=CARTESIAN_POINT('',(0.02615,0.02777,0.));
#5047=CARTESIAN_POINT('',(0.02615,0.02777,0.));
#5048=CARTESIAN_POINT('',(0.02665,0.02777,0.));
#5049=CARTESIAN_POINT('',(0.01599,0.02777,0.));
#5050=CARTESIAN_POINT('',(0.01599,0.02777,0.));
#5051=CARTESIAN_POINT('',(0.01649,0.02777,0.));
#5052=CARTESIAN_POINT('',(0.01599,0.02523,0.));
#5053=CARTESIAN_POINT('',(0.01599,0.02523,0.));
#5054=CARTESIAN_POINT('',(0.01649,0.02523,0.));
#5055=CARTESIAN_POINT('',(0.01853,0.02777,0.));
#5056=CARTESIAN_POINT('',(0.01853,0.02777,0.));
#5057=CARTESIAN_POINT('',(0.01903,0.02777,0.));
#5058=CARTESIAN_POINT('',(0.01853,0.02523,0.));
#5059=CARTESIAN_POINT('',(0.01853,0.02523,0.));
#5060=CARTESIAN_POINT('',(0.01903,0.02523,0.));
#5061=CARTESIAN_POINT('',(0.02107,0.02777,0.));
#5062=CARTESIAN_POINT('',(0.02107,0.02777,0.));
#5063=CARTESIAN_POINT('',(0.02157,0.02777,0.));
#5064=CARTESIAN_POINT('',(0.02107,0.02523,0.));
#5065=CARTESIAN_POINT('',(0.02107,0.02523,0.));
#5066=CARTESIAN_POINT('',(0.02157,0.02523,0.));
#5067=CARTESIAN_POINT('',(0.02361,0.02777,0.));
#5068=CARTESIAN_POINT('',(0.02361,0.02777,0.));
#5069=CARTESIAN_POINT('',(0.02411,0.02777,0.));
#5070=CARTESIAN_POINT('',(0.02361,0.02523,0.));
#5071=CARTESIAN_POINT('',(0.02361,0.02523,0.));
#5072=CARTESIAN_POINT('',(0.02411,0.02523,0.));
#5073=CARTESIAN_POINT('',(0.02615,0.02523,0.));
#5074=CARTESIAN_POINT('',(0.02615,0.02523,0.));
#5075=CARTESIAN_POINT('',(0.02665,0.02523,0.));
#5076=CARTESIAN_POINT('',(0.02869,0.02777,0.));
#5077=CARTESIAN_POINT('',(0.02869,0.02777,0.));
#5078=CARTESIAN_POINT('',(0.02919,0.02777,0.));
#5079=CARTESIAN_POINT('',(0.02869,0.02523,0.));
#5080=CARTESIAN_POINT('',(0.02869,0.02523,0.));
#5081=CARTESIAN_POINT('',(0.02919,0.02523,0.));
#5082=CARTESIAN_POINT('',(0.03123,0.02777,0.));
#5083=CARTESIAN_POINT('',(0.03123,0.02777,0.));
#5084=CARTESIAN_POINT('',(0.03173,0.02777,0.));
#5085=CARTESIAN_POINT('',(0.03123,0.02523,0.));
#5086=CARTESIAN_POINT('',(0.03123,0.02523,0.));
#5087=CARTESIAN_POINT('',(0.03173,0.02523,0.));
#5088=CARTESIAN_POINT('',(0.03377,0.02777,0.));
#5089=CARTESIAN_POINT('',(0.03377,0.02777,0.));
#5090=CARTESIAN_POINT('',(0.03427,0.02777,0.));
#5091=CARTESIAN_POINT('',(0.03377,0.02523,0.));
#5092=CARTESIAN_POINT('',(0.03377,0.02523,0.));
#5093=CARTESIAN_POINT('',(0.03427,0.02523,0.));
#5094=CARTESIAN_POINT('',(0.03631,0.02777,0.));
#5095=CARTESIAN_POINT('',(0.03631,0.02777,0.));
#5096=CARTESIAN_POINT('',(0.03681,0.02777,0.));
#5097=CARTESIAN_POINT('',(0.03631,0.02523,0.));
#5098=CARTESIAN_POINT('',(0.03631,0.02523,0.));
#5099=CARTESIAN_POINT('',(0.03681,0.02523,0.));
#5100=CARTESIAN_POINT('',(0.03885,0.02777,0.));
#5101=CARTESIAN_POINT('',(0.03885,0.02777,0.));
#5102=CARTESIAN_POINT('',(0.03935,0.02777,0.));
#5103=CARTESIAN_POINT('',(0.03885,0.02523,0.));
#5104=CARTESIAN_POINT('',(0.03885,0.02523,0.));
#5105=CARTESIAN_POINT('',(0.03935,0.02523,0.));
#5106=CARTESIAN_POINT('',(0.04139,0.02777,0.));
#5107=CARTESIAN_POINT('',(0.04139,0.02777,0.));
#5108=CARTESIAN_POINT('',(0.04189,0.02777,0.));
#5109=CARTESIAN_POINT('',(0.04901,0.02523,0.));
#5110=CARTESIAN_POINT('',(0.04901,0.02523,0.));
#5111=CARTESIAN_POINT('',(0.04951,0.02523,0.));
#5112=CARTESIAN_POINT('',(0.04139,0.02523,0.));
#5113=CARTESIAN_POINT('',(0.04139,0.02523,0.));
#5114=CARTESIAN_POINT('',(0.04189,0.02523,0.));
#5115=CARTESIAN_POINT('',(0.04901,0.02777,0.));
#5116=CARTESIAN_POINT('',(0.04901,0.02777,0.));
#5117=CARTESIAN_POINT('',(0.04951,0.02777,0.));
#5118=CARTESIAN_POINT('',(0.04393,0.02523,0.));
#5119=CARTESIAN_POINT('',(0.04393,0.02523,0.));
#5120=CARTESIAN_POINT('',(0.04443,0.02523,0.));
#5121=CARTESIAN_POINT('',(0.04393,0.02777,0.));
#5122=CARTESIAN_POINT('',(0.04393,0.02777,0.));
#5123=CARTESIAN_POINT('',(0.04443,0.02777,0.));
#5124=CARTESIAN_POINT('',(0.05409,0.02523,0.));
#5125=CARTESIAN_POINT('',(0.05409,0.02523,0.));
#5126=CARTESIAN_POINT('',(0.05459,0.02523,0.));
#5127=CARTESIAN_POINT('',(0.04647,0.02777,0.));
#5128=CARTESIAN_POINT('',(0.04647,0.02777,0.));
#5129=CARTESIAN_POINT('',(0.04697,0.02777,0.));
#5130=CARTESIAN_POINT('',(0.04647,0.02523,0.));
#5131=CARTESIAN_POINT('',(0.04647,0.02523,0.));
#5132=CARTESIAN_POINT('',(0.04697,0.02523,0.));
#5133=CARTESIAN_POINT('',(0.05155,0.02777,0.));
#5134=CARTESIAN_POINT('',(0.05155,0.02777,0.));
#5135=CARTESIAN_POINT('',(0.05205,0.02777,0.));
#5136=CARTESIAN_POINT('',(0.05155,0.02523,0.));
#5137=CARTESIAN_POINT('',(0.05155,0.02523,0.));
#5138=CARTESIAN_POINT('',(0.05205,0.02523,0.));
#5139=CARTESIAN_POINT('',(0.05409,0.02777,0.));
#5140=CARTESIAN_POINT('',(0.05409,0.02777,0.));
#5141=CARTESIAN_POINT('',(0.05459,0.02777,0.));
#5142=CARTESIAN_POINT('',(0.0035,0.0035,0.00161));
#5143=CARTESIAN_POINT('',(0.0035,0.0035,0.00161));
#5144=CARTESIAN_POINT('',(0.0005,0.0035,0.00161));
#5145=CARTESIAN_POINT('',(0.0035,0.0035,0.0016));
#5146=CARTESIAN_POINT('',(0.0035,0.0035,0.00161));
#5147=CARTESIAN_POINT('',(0.0615,0.0035,0.00161));
#5148=CARTESIAN_POINT('',(0.0585,0.0035,0.00161));
#5149=CARTESIAN_POINT('',(0.0615,0.0035,0.0016));
#5150=CARTESIAN_POINT('',(0.0035,0.0035,0.00161));
#5151=CARTESIAN_POINT('',(0.0035,0.0265,0.00161));
#5152=CARTESIAN_POINT('',(0.0005,0.0265,0.00161));
#5153=CARTESIAN_POINT('',(0.0035,0.0265,0.0016));
#5154=CARTESIAN_POINT('',(0.0035,0.0035,0.00161));
#5155=CARTESIAN_POINT('',(0.0615,0.0265,0.00161));
#5156=CARTESIAN_POINT('',(0.0585,0.0265,0.00161));
#5157=CARTESIAN_POINT('',(0.0615,0.0265,0.0016));
#5158=CARTESIAN_POINT('',(0.0325,0.015,-1.E-5));
#5159=CARTESIAN_POINT('',(0.0035,0.0265,-1.E-5));
#5160=CARTESIAN_POINT('',(0.0005,0.0265,-1.E-5));
#5161=CARTESIAN_POINT('',(0.0035,0.0265,0.0016));
#5162=CARTESIAN_POINT('',(0.0035,0.0265,0.));
#5163=CARTESIAN_POINT('',(0.0005,0.0265,0.));
#5164=CARTESIAN_POINT('',(0.0325,0.015,-1.E-5));
#5165=CARTESIAN_POINT('',(0.0615,0.0265,-1.E-5));
#5166=CARTESIAN_POINT('',(0.0585,0.0265,-1.E-5));
#5167=CARTESIAN_POINT('',(0.0615,0.0265,0.0016));
#5168=CARTESIAN_POINT('',(0.0615,0.0265,0.));
#5169=CARTESIAN_POINT('',(0.0585,0.0265,0.));
#5170=CARTESIAN_POINT('',(0.0325,0.015,-1.E-5));
#5171=CARTESIAN_POINT('',(0.0035,0.0035,-1.E-5));
#5172=CARTESIAN_POINT('',(0.0005,0.0035,-1.E-5));
#5173=CARTESIAN_POINT('',(0.0035,0.0035,0.0016));
#5174=CARTESIAN_POINT('',(0.0035,0.0035,0.));
#5175=CARTESIAN_POINT('',(0.0005,0.0035,0.));
#5176=CARTESIAN_POINT('',(0.0325,0.015,-1.E-5));
#5177=CARTESIAN_POINT('',(0.0615,0.0035,-1.E-5));
#5178=CARTESIAN_POINT('',(0.0585,0.0035,-1.E-5));
#5179=CARTESIAN_POINT('',(0.0615,0.0035,0.0016));
#5180=CARTESIAN_POINT('',(0.0615,0.0035,0.));
#5181=CARTESIAN_POINT('',(0.0585,0.0035,0.));
#5182=CARTESIAN_POINT('',(0.0325,0.015,0.));
#5183=CARTESIAN_POINT('',(0.0294368948346705,0.0160324311703695,0.));
#5184=CARTESIAN_POINT('',(0.0307817494068809,0.0162595196029312,0.));
#5185=CARTESIAN_POINT('',(0.0319007211307342,0.0154604940550251,0.));
#5186=CARTESIAN_POINT('',(0.0318556772194142,0.0140021865467141,0.));
#5187=CARTESIAN_POINT('',(0.0294368948346705,0.0160324311703695,0.));
#5188=CARTESIAN_POINT('',(0.0318556772194142,0.0140021865467141,0.));
#5189=CARTESIAN_POINT('',(0.0318556772194142,0.0140021865467141,0.));
#5190=CARTESIAN_POINT('',(0.0318114388271083,0.0134431161810638,0.));
#5191=CARTESIAN_POINT('',(0.02894147239145,0.0159491970359643,0.));
#5192=CARTESIAN_POINT('',(0.0294368948346705,0.0160324311703695,0.));
#5193=CARTESIAN_POINT('',(0.0325,0.015,0.));
#5194=CARTESIAN_POINT('',(0.025721081180713,0.0159896251747375,0.));
#5195=CARTESIAN_POINT('',(0.0262165036239335,0.0159063913669162,0.));
#5196=CARTESIAN_POINT('',(0.0233465371882752,0.0134003101854318,0.));
#5197=CARTESIAN_POINT('',(0.0233022987959693,0.0139593805510821,0.));
#5198=CARTESIAN_POINT('',(0.025721081180713,0.0159896251747375,0.));
#5199=CARTESIAN_POINT('',(0.0233022987959693,0.0139593805510821,0.));
#5200=CARTESIAN_POINT('',(0.0233022987959693,0.0139593805510821,0.));
#5201=CARTESIAN_POINT('',(0.0232572550479411,0.0154176880593931,0.));
#5202=CARTESIAN_POINT('',(0.0243762266085026,0.0162167136072992,0.));
#5203=CARTESIAN_POINT('',(0.025721081180713,0.0159896251747375,0.));
#5204=CARTESIAN_POINT('',(0.0325,0.015,0.));
#5205=CARTESIAN_POINT('',(0.0230733870458904,0.0134333709196071,0.));
#5206=CARTESIAN_POINT('',(0.0238527604118877,0.0136421984173714,0.));
#5207=CARTESIAN_POINT('',(0.0233364640366541,0.010209298129366,0.));
#5208=CARTESIAN_POINT('',(0.022702400879523,0.0104909773350284,0.));
#5209=CARTESIAN_POINT('',(0.0230733870458904,0.0134333709196071,0.));
#5210=CARTESIAN_POINT('',(0.022702400879523,0.0104909773350284,0.));
#5211=CARTESIAN_POINT('',(0.022702400879523,0.0104909773350284,0.));
#5212=CARTESIAN_POINT('',(0.022004945841684,0.0110520072036525,0.));
#5213=CARTESIAN_POINT('',(0.0217802940510703,0.012694960310111,0.));
#5214=CARTESIAN_POINT('',(0.0230733870458904,0.0134333709196071,0.));
#5215=CARTESIAN_POINT('',(0.0325,0.015,0.));
#5216=CARTESIAN_POINT('',(0.0320790842357637,0.0133905649239751,0.));
#5217=CARTESIAN_POINT('',(0.0333721774755217,0.0126521543144791,0.));
#5218=CARTESIAN_POINT('',(0.0331475251542093,0.0110092012080205,0.));
#5219=CARTESIAN_POINT('',(0.032450070647069,0.0104481713393964,0.));
#5220=CARTESIAN_POINT('',(0.0320790842357637,0.0133905649239751,0.));
#5221=CARTESIAN_POINT('',(0.032450070647069,0.0104481713393964,0.));
#5222=CARTESIAN_POINT('',(0.032450070647069,0.0104481713393964,0.));
#5223=CARTESIAN_POINT('',(0.0318160074082919,0.010166492133734,0.));
#5224=CARTESIAN_POINT('',(0.0312997108697664,0.0135993924217394,0.));
#5225=CARTESIAN_POINT('',(0.0320790842357637,0.0133905649239751,0.));
#5226=CARTESIAN_POINT('',(0.0325,0.015,0.));
#5227=CARTESIAN_POINT('',(0.0255070824859017,0.0127114318278957,0.));
#5228=CARTESIAN_POINT('',(0.0241827719960371,0.0127114318278957,0.));
#5229=CARTESIAN_POINT('',(0.0325,0.015,0.));
#5230=CARTESIAN_POINT('',(0.0294880407860096,0.0126258198366318,0.));
#5231=CARTESIAN_POINT('',(0.028163730296145,0.0126258198366318,0.));
#5232=CARTESIAN_POINT('',(0.0325,0.015,0.));
#5233=CARTESIAN_POINT('',(0.0275024908078027,0.00583610682531032,0.));
#5234=CARTESIAN_POINT('',(0.026666988785454,0.00582170447845233,0.));
#5235=CARTESIAN_POINT('',(0.0258037552238515,0.00656664349868965,0.));
#5236=CARTESIAN_POINT('',(0.0258153705043129,0.00689636122609193,0.));
#5237=CARTESIAN_POINT('',(0.0275024908078027,0.00583610682531032,0.));
#5238=CARTESIAN_POINT('',(0.0258153705043129,0.00689636122609193,0.));
#5239=CARTESIAN_POINT('',(0.0258153705043129,0.00689636122609193,0.));
#5240=CARTESIAN_POINT('',(0.0258172104776054,0.00723589867606396,0.));
#5241=CARTESIAN_POINT('',(0.0267562323888963,0.00749185940519422,0.));
#5242=CARTESIAN_POINT('',(0.027456055812663,0.00746131467283744,0.));
#5243=CARTESIAN_POINT('',(0.027456055812663,0.00746131467283744,0.));
#5244=CARTESIAN_POINT('',(0.027456055812663,0.00746131467283744,0.));
#5245=CARTESIAN_POINT('',(0.0281515043194568,0.00747871375291014,0.));
#5246=CARTESIAN_POINT('',(0.0292180386006859,0.00718266681827564,0.));
#5247=CARTESIAN_POINT('',(0.0292050885721154,0.00680349254214803,0.));
#5248=CARTESIAN_POINT('',(0.0292050885721154,0.00680349254214803,0.));
#5249=CARTESIAN_POINT('',(0.0292050885721154,0.00680349254214803,0.));
#5250=CARTESIAN_POINT('',(0.0292162090780759,0.00654487995232646,0.));
#5251=CARTESIAN_POINT('',(0.0283677560474053,0.00579878221266393,0.));
#5252=CARTESIAN_POINT('',(0.0275024908078027,0.00583610682531032,0.));
#5253=CARTESIAN_POINT('',(0.0325,0.015,0.));
#5254=CARTESIAN_POINT('',(0.024970920738218,0.00966378948379789,0.));
#5255=CARTESIAN_POINT('',(0.0255099943760198,0.00903236577717255,0.));
#5256=CARTESIAN_POINT('',(0.0258101810872705,0.00788071623868341,0.));
#5257=CARTESIAN_POINT('',(0.0254169134125871,0.00750973137865129,0.));
#5258=CARTESIAN_POINT('',(0.024970920738218,0.00966378948379789,0.));
#5259=CARTESIAN_POINT('',(0.0254169134125871,0.00750973137865129,0.));
#5260=CARTESIAN_POINT('',(0.0254169134125871,0.00750973137865129,0.));
#5261=CARTESIAN_POINT('',(0.0250408998147563,0.00722156948398366,0.));
#5262=CARTESIAN_POINT('',(0.0240315147643442,0.00726185033344998,0.));
#5263=CARTESIAN_POINT('',(0.0232859095130958,0.00829641434390875,0.));
#5264=CARTESIAN_POINT('',(0.0232859095130958,0.00829641434390875,0.));
#5265=CARTESIAN_POINT('',(0.0232859095130958,0.00829641434390875,0.));
#5266=CARTESIAN_POINT('',(0.0227444994945814,0.00899125671111594,0.));
#5267=CARTESIAN_POINT('',(0.0229259083203999,0.0101516743722455,0.));
#5268=CARTESIAN_POINT('',(0.0232351681835873,0.0104597245689303,0.));
#5269=CARTESIAN_POINT('',(0.0232351681835873,0.0104597245689303,0.));
#5270=CARTESIAN_POINT('',(0.0232351681835873,0.0104597245689303,0.));
#5271=CARTESIAN_POINT('',(0.0236945638582977,0.0108150601850454,0.));
#5272=CARTESIAN_POINT('',(0.0243540509133473,0.0103603098387184,0.));
#5273=CARTESIAN_POINT('',(0.024970920738218,0.00966378948379789,0.));
#5274=CARTESIAN_POINT('',(0.0325,0.015,0.));
#5275=CARTESIAN_POINT('',(0.0275050695137163,0.0163726900440197,0.));
#5276=CARTESIAN_POINT('',(0.028307737451067,0.0163935682216226,0.));
#5277=CARTESIAN_POINT('',(0.0290780931843784,0.0157769550916414,0.));
#5278=CARTESIAN_POINT('',(0.0290799357703415,0.015419305629098,0.));
#5279=CARTESIAN_POINT('',(0.0275050695137163,0.0163726900440197,0.));
#5280=CARTESIAN_POINT('',(0.0290799357703415,0.015419305629098,0.));
#5281=CARTESIAN_POINT('',(0.0290799357703415,0.015419305629098,0.));
#5282=CARTESIAN_POINT('',(0.029082174829073,0.0149847335912283,0.));
#5283=CARTESIAN_POINT('',(0.0284453112156084,0.0145397997016327,0.));
#5284=CARTESIAN_POINT('',(0.0274995972750779,0.0145285051264913,0.));
#5285=CARTESIAN_POINT('',(0.0274995972750779,0.0145285051264913,0.));
#5286=CARTESIAN_POINT('',(0.0274995972750779,0.0145285051264913,0.));
#5287=CARTESIAN_POINT('',(0.0265338288013613,0.0145215874278259,0.));
#5288=CARTESIAN_POINT('',(0.0259175814452686,0.0148846617743525,0.));
#5289=CARTESIAN_POINT('',(0.0259144677950431,0.0153331312604806,0.));
#5290=CARTESIAN_POINT('',(0.0259144677950431,0.0153331312604806,0.));
#5291=CARTESIAN_POINT('',(0.0259144677950431,0.0153331312604806,0.));
#5292=CARTESIAN_POINT('',(0.0259109400365225,0.0158412375664509,0.));
#5293=CARTESIAN_POINT('',(0.0267928208815921,0.0163805391597654,0.));
#5294=CARTESIAN_POINT('',(0.0275050695137163,0.0163726900440197,0.));
#5295=CARTESIAN_POINT('',(0.0325,0.015,0.));
#5296=CARTESIAN_POINT('',(0.0285124405216551,0.0198012813033396,0.));
#5297=CARTESIAN_POINT('',(0.0285372863661962,0.0196757494193863,0.));
#5298=CARTESIAN_POINT('',(0.0285654294010746,0.0195963812210567,0.));
#5299=CARTESIAN_POINT('',(0.0285975701486036,0.0195729783871639,0.));
#5300=CARTESIAN_POINT('',(0.0285124405216551,0.0198012813033396,0.));
#5301=CARTESIAN_POINT('',(0.0285975701486036,0.0195729783871639,0.));
#5302=CARTESIAN_POINT('',(0.0285975701486036,0.0195729783871639,0.));
#5303=CARTESIAN_POINT('',(0.0287571252909222,0.019746610108971,0.));
#5304=CARTESIAN_POINT('',(0.0288874743679989,0.0199244141024852,0.));
#5305=CARTESIAN_POINT('',(0.0290928714292236,0.0200914969204158,0.));
#5306=CARTESIAN_POINT('',(0.0290928714292236,0.0200914969204158,0.));
#5307=CARTESIAN_POINT('',(0.0290928714292236,0.0200914969204158,0.));
#5308=CARTESIAN_POINT('',(0.0290935396197377,0.0199933649298381,0.));
#5309=CARTESIAN_POINT('',(0.0290441095243025,0.0198868832521509,0.));
#5310=CARTESIAN_POINT('',(0.0291663926339711,0.0198090204419809,0.));
#5311=CARTESIAN_POINT('',(0.0291663926339711,0.0198090204419809,0.));
#5312=CARTESIAN_POINT('',(0.0303278723264089,0.0189340996203622,0.));
#5313=CARTESIAN_POINT('',(0.0296229986296144,0.0202075831019295,0.));
#5314=CARTESIAN_POINT('',(0.0296229986296144,0.0202075831019295,0.));
#5315=CARTESIAN_POINT('',(0.0295278027093052,0.0200409313746532,0.));
#5316=CARTESIAN_POINT('',(0.0296066459241297,0.0199903057374661,0.));
#5317=CARTESIAN_POINT('',(0.0296578245493853,0.0199212370949969,0.));
#5318=CARTESIAN_POINT('',(0.0296578245493853,0.0199212370949969,0.));
#5319=CARTESIAN_POINT('',(0.0296578245493853,0.0199212370949969,0.));
#5320=CARTESIAN_POINT('',(0.0298087755141455,0.0200526495698438,0.));
#5321=CARTESIAN_POINT('',(0.0299521565923338,0.0201857441963478,0.));
#5322=CARTESIAN_POINT('',(0.0302305167265423,0.0202888434453183,0.));
#5323=CARTESIAN_POINT('',(0.0302305167265423,0.0202888434453183,0.));
#5324=CARTESIAN_POINT('',(0.0302305167265423,0.0202888434453183,0.));
#5325=CARTESIAN_POINT('',(0.0301544083247016,0.0201947329263647,0.));
#5326=CARTESIAN_POINT('',(0.0300480850401714,0.0201028605272141,0.));
#5327=CARTESIAN_POINT('',(0.0301608648870005,0.0199947582997444,0.));
#5328=CARTESIAN_POINT('',(0.0301608648870005,0.0199947582997444,0.));
#5329=CARTESIAN_POINT('',(0.0301608648870005,0.0199947582997444,0.));
#5330=CARTESIAN_POINT('',(0.0303163073591607,0.0200933004387883,0.));
#5331=CARTESIAN_POINT('',(0.0304727161928708,0.0201917138221577,0.));
#5332=CARTESIAN_POINT('',(0.0308419041886759,0.0202617565825427,0.));
#5333=CARTESIAN_POINT('',(0.0308419041886759,0.0202617565825427,0.));
#5334=CARTESIAN_POINT('',(0.0308419041886759,0.0202617565825427,0.));
#5335=CARTESIAN_POINT('',(0.0307587089177464,0.0201675977700054,0.));
#5336=CARTESIAN_POINT('',(0.0305867086454569,0.0200734389574681,0.));
#5337=CARTESIAN_POINT('',(0.0306909920873913,0.0199792801041078,0.));
#5338=CARTESIAN_POINT('',(0.0306909920873913,0.0199792801041078,0.));
#5339=CARTESIAN_POINT('',(0.0316945176593659,0.0173339846120251,0.));
#5340=CARTESIAN_POINT('',(0.0313410748345016,0.0201418007908854,0.));
#5341=CARTESIAN_POINT('',(0.0313410748345016,0.0201418007908854,0.));
#5342=CARTESIAN_POINT('',(0.0312266494950501,0.0200462570587983,0.));
#5343=CARTESIAN_POINT('',(0.0311312037381118,0.0199526767486911,0.));
#5344=CARTESIAN_POINT('',(0.0312249886529879,0.0198786720365848,0.));
#5345=CARTESIAN_POINT('',(0.0312249886529879,0.0198786720365848,0.));
#5346=CARTESIAN_POINT('',(0.0312249886529879,0.0198786720365848,0.));
#5347=CARTESIAN_POINT('',(0.0314338607294448,0.0199439024209579,0.));
#5348=CARTESIAN_POINT('',(0.0317215818992352,0.0200317704124895,0.));
#5349=CARTESIAN_POINT('',(0.0320027663303967,0.0199560628514759,0.));
#5350=CARTESIAN_POINT('',(0.0320027663303967,0.0199560628514759,0.));
#5351=CARTESIAN_POINT('',(0.0307966730399912,0.0187237491074314,0.));
#5352=CARTESIAN_POINT('',(0.0318247675296285,0.0197741943589181,0.));
#5353=CARTESIAN_POINT('',(0.0318247675296285,0.0197741943589181,0.));
#5354=CARTESIAN_POINT('',(0.0318050085548076,0.0197498567604609,0.));
#5355=CARTESIAN_POINT('',(0.03224115276723,0.0197552519253156,0.));
#5356=CARTESIAN_POINT('',(0.0325290240022898,0.0197509771062862,0.));
#5357=CARTESIAN_POINT('',(0.0325290240022898,0.0197509771062862,0.));
#5358=CARTESIAN_POINT('',(0.0325290240022898,0.0197509771062862,0.));
#5359=CARTESIAN_POINT('',(0.0324239579022093,0.0196028260263378,0.));
#5360=CARTESIAN_POINT('',(0.032316832772733,0.0194598227239936,0.));
#5361=CARTESIAN_POINT('',(0.0322542868257882,0.0192053717102588,0.));
#5362=CARTESIAN_POINT('',(0.0322542868257882,0.0192053717102588,0.));
#5363=CARTESIAN_POINT('',(0.0322542868257882,0.0192053717102588,0.));
#5364=CARTESIAN_POINT('',(0.0322828201283423,0.0191760258671382,0.));
#5365=CARTESIAN_POINT('',(0.0324254763537222,0.0191923292584646,0.));
#5366=CARTESIAN_POINT('',(0.032559980475209,0.0192053717102588,0.));
#5367=CARTESIAN_POINT('',(0.032559980475209,0.0192053717102588,0.));
#5368=CARTESIAN_POINT('',(0.032559980475209,0.0192053717102588,0.));
#5369=CARTESIAN_POINT('',(0.0324220691046344,0.0189106084133641,0.));
#5370=CARTESIAN_POINT('',(0.0321825043533461,0.018836208044949,0.));
#5371=CARTESIAN_POINT('',(0.0321265918954896,0.0187100704296388,0.));
#5372=CARTESIAN_POINT('',(0.0321265918954896,0.0187100704296388,0.));
#5373=CARTESIAN_POINT('',(0.0321265918954896,0.0187100704296388,0.));
#5374=CARTESIAN_POINT('',(0.0322108399093918,0.0186453080398927,0.));
#5375=CARTESIAN_POINT('',(0.0323277354472797,0.0186621645009335,0.));
#5376=CARTESIAN_POINT('',(0.0324555028791883,0.0187062009011412,0.));
#5377=CARTESIAN_POINT('',(0.0324555028791883,0.0187062009011412,0.));
#5378=CARTESIAN_POINT('',(0.0324555028791883,0.0187062009011412,0.));
#5379=CARTESIAN_POINT('',(0.0323562067805522,0.0184985221619953,0.));
#5380=CARTESIAN_POINT('',(0.0321479607652954,0.0183562137483933,0.));
#5381=CARTESIAN_POINT('',(0.0319834188512003,0.0181876824495353,0.));
#5382=CARTESIAN_POINT('',(0.0319834188512003,0.0181876824495353,0.));
#5383=CARTESIAN_POINT('',(0.0319834188512003,0.0181876824495353,0.));
#5384=CARTESIAN_POINT('',(0.0320250155069136,0.0181577110350903,0.));
#5385=CARTESIAN_POINT('',(0.0320976853076189,0.0181398237121932,0.));
#5386=CARTESIAN_POINT('',(0.0322697649397788,0.0181605957500516,0.));
#5387=CARTESIAN_POINT('',(0.0322697649397788,0.0181605957500516,0.));
#5388=CARTESIAN_POINT('',(0.0303381919458984,0.0199816790431256,0.));
#5389=CARTESIAN_POINT('',(0.031716420568402,0.0177117288114037,0.));
#5390=CARTESIAN_POINT('',(0.031716420568402,0.0177117288114037,0.));
#5391=CARTESIAN_POINT('',(0.0317549656248173,0.0176665100144432,0.));
#5392=CARTESIAN_POINT('',(0.0318875408605643,0.0176683042659996,0.));
#5393=CARTESIAN_POINT('',(0.0320105057139759,0.0176652944694317,0.));
#5394=CARTESIAN_POINT('',(0.0320105057139759,0.0176652944694317,0.));
#5395=CARTESIAN_POINT('',(0.0320105057139759,0.0176652944694317,0.));
#5396=CARTESIAN_POINT('',(0.0318133352994032,0.0174693742177563,0.));
#5397=CARTESIAN_POINT('',(0.0315595510882011,0.0173678102393659,0.));
#5398=CARTESIAN_POINT('',(0.0313217275185971,0.0172396450283535,0.));
#5399=CARTESIAN_POINT('',(0.0313217275185971,0.0172396450283535,0.));
#5400=CARTESIAN_POINT('',(0.0313217275185971,0.0172396450283535,0.));
#5401=CARTESIAN_POINT('',(0.0314402831637336,0.0171574249367373,0.));
#5402=CARTESIAN_POINT('',(0.031525036892695,0.0171766107569384,0.));
#5403=CARTESIAN_POINT('',(0.031615812500879,0.0171777322458071,0.));
#5404=CARTESIAN_POINT('',(0.031615812500879,0.0171777322458071,0.));
#5405=CARTESIAN_POINT('',(0.031615812500879,0.0171777322458071,0.));
#5406=CARTESIAN_POINT('',(0.0314476035402602,0.0170374413038086,0.));
#5407=CARTESIAN_POINT('',(0.0311615972621557,0.0169644628813849,0.));
#5408=CARTESIAN_POINT('',(0.030896077914227,0.0168797777350275,0.));
#5409=CARTESIAN_POINT('',(0.030896077914227,0.0168797777350275,0.));
#5410=CARTESIAN_POINT('',(0.030896077914227,0.0168797777350275,0.));
#5411=CARTESIAN_POINT('',(0.0309465762653668,0.0168001072833642,0.));
#5412=CARTESIAN_POINT('',(0.0309970747797984,0.0167783182634623,0.));
#5413=CARTESIAN_POINT('',(0.0311050329429765,0.0167559524965185,0.));
#5414=CARTESIAN_POINT('',(0.0311050329429765,0.0167559524965185,0.));
#5415=CARTESIAN_POINT('',(0.0311050329429765,0.0167559524965185,0.));
#5416=CARTESIAN_POINT('',(0.03082399563783,0.0165980632583116,0.));
#5417=CARTESIAN_POINT('',(0.0304214395924666,0.0166702474288633,0.));
#5418=CARTESIAN_POINT('',(0.0303079076230793,0.0165895622812433,0.));
#5419=CARTESIAN_POINT('',(0.0303079076230793,0.0165895622812433,0.));
#5420=CARTESIAN_POINT('',(0.0303079076230793,0.0165895622812433,0.));
#5421=CARTESIAN_POINT('',(0.0303353168240941,0.0165102007778822,0.));
#5422=CARTESIAN_POINT('',(0.0304126130113208,0.0164585544845835,0.));
#5423=CARTESIAN_POINT('',(0.0305052540663359,0.0164154330089727,0.));
#5424=CARTESIAN_POINT('',(0.0305052540663359,0.0164154330089727,0.));
#5425=CARTESIAN_POINT('',(0.0305052540663359,0.0164154330089727,0.));
#5426=CARTESIAN_POINT('',(0.0300528116879282,0.0163887635203306,0.));
#5427=CARTESIAN_POINT('',(0.0288154182183082,0.0164321485490914,0.));
#5428=CARTESIAN_POINT('',(0.0285782226694073,0.0173828180726428,0.));
#5429=CARTESIAN_POINT('',(0.0285782226694073,0.0173828180726428,0.));
#5430=CARTESIAN_POINT('',(0.0285782226694073,0.0173828180726428,0.));
#5431=CARTESIAN_POINT('',(0.0290413894075909,0.017899390084628,0.));
#5432=CARTESIAN_POINT('',(0.0298867911655474,0.0185058998539839,0.));
#5433=CARTESIAN_POINT('',(0.0313410749977935,0.0192556759073122,0.));
#5434=CARTESIAN_POINT('',(0.0313410749977935,0.0192556759073122,0.));
#5435=CARTESIAN_POINT('',(0.0313410749977935,0.0192556759073122,0.));
#5436=CARTESIAN_POINT('',(0.0302096894960168,0.0188712496733389,0.));
#5437=CARTESIAN_POINT('',(0.0291888227379292,0.0183588538520668,0.));
#5438=CARTESIAN_POINT('',(0.0283344415575949,0.0176536860472306,0.));
#5439=CARTESIAN_POINT('',(0.0283344415575949,0.0176536860472306,0.));
#5440=CARTESIAN_POINT('',(0.0283344415575949,0.0176536860472306,0.));
#5441=CARTESIAN_POINT('',(0.0273300127433714,0.0181284605544477,0.));
#5442=CARTESIAN_POINT('',(0.0280224103040349,0.0193258817963198,0.));
#5443=CARTESIAN_POINT('',(0.0285124405216551,0.0198012813033396,0.));
#5444=CARTESIAN_POINT('',(0.0325,0.015,0.));
#5445=CARTESIAN_POINT('',(0.02362458739443,0.0192556759073122,0.));
#5446=CARTESIAN_POINT('',(0.0250788710633841,0.0185058998539839,0.));
#5447=CARTESIAN_POINT('',(0.0259242731479244,0.017899390084628,0.));
#5448=CARTESIAN_POINT('',(0.0263874395595243,0.0173828180726428,0.));
#5449=CARTESIAN_POINT('',(0.02362458739443,0.0192556759073122,0.));
#5450=CARTESIAN_POINT('',(0.0263874395595243,0.0173828180726428,0.));
#5451=CARTESIAN_POINT('',(0.0263874395595243,0.0173828180726428,0.));
#5452=CARTESIAN_POINT('',(0.0261502443372072,0.0164321485490914,0.));
#5453=CARTESIAN_POINT('',(0.0249128508675871,0.0163887635203306,0.));
#5454=CARTESIAN_POINT('',(0.0244604081625956,0.0164154330089727,0.));
#5455=CARTESIAN_POINT('',(0.0244604081625956,0.0164154330089727,0.));
#5456=CARTESIAN_POINT('',(0.0244604081625956,0.0164154330089727,0.));
#5457=CARTESIAN_POINT('',(0.0245530495441946,0.0164585544845835,0.));
#5458=CARTESIAN_POINT('',(0.0246303454048374,0.0165102007778822,0.));
#5459=CARTESIAN_POINT('',(0.024657754932436,0.0165895622812433,0.));
#5460=CARTESIAN_POINT('',(0.024657754932436,0.0165895622812433,0.));
#5461=CARTESIAN_POINT('',(0.024657754932436,0.0165895622812433,0.));
#5462=CARTESIAN_POINT('',(0.0245442226364649,0.0166702474288633,0.));
#5463=CARTESIAN_POINT('',(0.0241416669176854,0.0165980632583116,0.));
#5464=CARTESIAN_POINT('',(0.0238606297758308,0.0167559524965185,0.));
#5465=CARTESIAN_POINT('',(0.0238606297758308,0.0167559524965185,0.));
#5466=CARTESIAN_POINT('',(0.0238606297758308,0.0167559524965185,0.));
#5467=CARTESIAN_POINT('',(0.0239685879390088,0.0167783182634623,0.));
#5468=CARTESIAN_POINT('',(0.0240190862901486,0.0168001072833642,0.));
#5469=CARTESIAN_POINT('',(0.0240695846412883,0.0168797777350275,0.));
#5470=CARTESIAN_POINT('',(0.0240695846412883,0.0168797777350275,0.));
#5471=CARTESIAN_POINT('',(0.0240695846412883,0.0168797777350275,0.));
#5472=CARTESIAN_POINT('',(0.0238040654566515,0.0169644628813849,0.));
#5473=CARTESIAN_POINT('',(0.0235180590152552,0.0170374413038086,0.));
#5474=CARTESIAN_POINT('',(0.0233498500546363,0.0171777322458071,0.));
#5475=CARTESIAN_POINT('',(0.0233498500546363,0.0171777322458071,0.));
#5476=CARTESIAN_POINT('',(0.0233498500546363,0.0171777322458071,0.));
#5477=CARTESIAN_POINT('',(0.0234406259894041,0.0171766107569384,0.));
#5478=CARTESIAN_POINT('',(0.0235253797183656,0.0171574249367373,0.));
#5479=CARTESIAN_POINT('',(0.0236439348736263,0.0172396450283535,0.));
#5480=CARTESIAN_POINT('',(0.0236439348736263,0.0172396450283535,0.));
#5481=CARTESIAN_POINT('',(0.0236439348736263,0.0172396450283535,0.));
#5482=CARTESIAN_POINT('',(0.0234061113040223,0.0173678102393659,0.));
#5483=CARTESIAN_POINT('',(0.0231523269295283,0.0174693742177563,0.));
#5484=CARTESIAN_POINT('',(0.0229551565149556,0.0176652944694317,0.));
#5485=CARTESIAN_POINT('',(0.0229551565149556,0.0176652944694317,0.));
#5486=CARTESIAN_POINT('',(0.0229551565149556,0.0176652944694317,0.));
#5487=CARTESIAN_POINT('',(0.0230781212050753,0.0176683042659996,0.));
#5488=CARTESIAN_POINT('',(0.0232106966041142,0.0176665100144432,0.));
#5489=CARTESIAN_POINT('',(0.0232492413339456,0.0177117288114037,0.));
#5490=CARTESIAN_POINT('',(0.0232492413339456,0.0177117288114037,0.));
#5491=CARTESIAN_POINT('',(0.0246274612570113,0.0199816672483278,0.));
#5492=CARTESIAN_POINT('',(0.0226958972891527,0.0181605957500516,0.));
#5493=CARTESIAN_POINT('',(0.0226958972891527,0.0181605957500516,0.));
#5494=CARTESIAN_POINT('',(0.0228679769213126,0.0181398237121932,0.));
#5495=CARTESIAN_POINT('',(0.0229406463954341,0.0181577110350903,0.));
#5496=CARTESIAN_POINT('',(0.0229822433777312,0.0181876824495353,0.));
#5497=CARTESIAN_POINT('',(0.0229822433777312,0.0181876824495353,0.));
#5498=CARTESIAN_POINT('',(0.0229822433777312,0.0181876824495353,0.));
#5499=CARTESIAN_POINT('',(0.0228177019535118,0.0183562137483933,0.));
#5500=CARTESIAN_POINT('',(0.0226094551217955,0.0184985221619953,0.));
#5501=CARTESIAN_POINT('',(0.0225101592680972,0.0187062009011412,0.));
#5502=CARTESIAN_POINT('',(0.0225101592680972,0.0187062009011412,0.));
#5503=CARTESIAN_POINT('',(0.0225101592680972,0.0187062009011412,0.));
#5504=CARTESIAN_POINT('',(0.0226379267000059,0.0186621645009335,0.));
#5505=CARTESIAN_POINT('',(0.0227548221562478,0.0186453080398927,0.));
#5506=CARTESIAN_POINT('',(0.0228390703334419,0.0187100704296388,0.));
#5507=CARTESIAN_POINT('',(0.0228390703334419,0.0187100704296388,0.));
#5508=CARTESIAN_POINT('',(0.0228390703334419,0.0187100704296388,0.));
#5509=CARTESIAN_POINT('',(0.0227831578755854,0.018836208044949,0.));
#5510=CARTESIAN_POINT('',(0.0225435936141728,0.0189106084133641,0.));
#5511=CARTESIAN_POINT('',(0.0224056811822008,0.0192053717102588,0.));
#5512=CARTESIAN_POINT('',(0.0224056811822008,0.0192053717102588,0.));
#5513=CARTESIAN_POINT('',(0.0224056811822008,0.0192053717102588,0.));
#5514=CARTESIAN_POINT('',(0.0225401853853336,0.0191923292584646,0.));
#5515=CARTESIAN_POINT('',(0.0226828417740054,0.0191760258671382,0.));
#5516=CARTESIAN_POINT('',(0.0227113747499757,0.0192053717102588,0.));
#5517=CARTESIAN_POINT('',(0.0227113747499757,0.0192053717102588,0.));
#5518=CARTESIAN_POINT('',(0.0227113747499757,0.0192053717102588,0.));
#5519=CARTESIAN_POINT('',(0.0226488280682172,0.0194598226423477,0.));
#5520=CARTESIAN_POINT('',(0.0225417033469707,0.0196028258630458,0.));
#5521=CARTESIAN_POINT('',(0.0224366374101821,0.0197509770246402,0.));
#5522=CARTESIAN_POINT('',(0.0224366374101821,0.0197509770246402,0.));
#5523=CARTESIAN_POINT('',(0.0224366374101821,0.0197509770246402,0.));
#5524=CARTESIAN_POINT('',(0.0227245086452419,0.0197552518436696,0.));
#5525=CARTESIAN_POINT('',(0.0231606528576643,0.019749856597169,0.));
#5526=CARTESIAN_POINT('',(0.0231408938828434,0.0197741942772722,0.));
#5527=CARTESIAN_POINT('',(0.0231408938828434,0.0197741942772721,0.));
#5528=CARTESIAN_POINT('',(0.0265346286480019,0.0163066781347522,0.));
#5529=CARTESIAN_POINT('',(0.0229628952453671,0.019956062688184,0.));
#5530=CARTESIAN_POINT('',(0.0229628952453671,0.019956062688184,0.));
#5531=CARTESIAN_POINT('',(0.0232440800031125,0.0200317702491976,0.));
#5532=CARTESIAN_POINT('',(0.023531801009611,0.019943902257666,0.));
#5533=CARTESIAN_POINT('',(0.023740672922776,0.0198786718732929,0.));
#5534=CARTESIAN_POINT('',(0.023740672922776,0.0198786718732929,0.));
#5535=CARTESIAN_POINT('',(0.023740672922776,0.0198786718732929,0.));
#5536=CARTESIAN_POINT('',(0.023834458000944,0.0199526765853992,0.));
#5537=CARTESIAN_POINT('',(0.0237390119174218,0.0200462568955064,0.));
#5538=CARTESIAN_POINT('',(0.0236245867412623,0.0201418006275935,0.));
#5539=CARTESIAN_POINT('',(0.0236245867412623,0.0201418006275935,0.));
#5540=CARTESIAN_POINT('',(0.0232711428819802,0.0173339801309064,0.));
#5541=CARTESIAN_POINT('',(0.0242746694883725,0.0199792799408159,0.));
#5542=CARTESIAN_POINT('',(0.0242746694883725,0.0199792799408159,0.));
#5543=CARTESIAN_POINT('',(0.0243789529303069,0.0200734387941762,0.));
#5544=CARTESIAN_POINT('',(0.0242069529846013,0.0201675976067135,0.));
#5545=CARTESIAN_POINT('',(0.0241237570605041,0.0202617564192508,0.));
#5546=CARTESIAN_POINT('',(0.0241237570605041,0.0202617564192508,0.));
#5547=CARTESIAN_POINT('',(0.0241237570605041,0.0202617564192508,0.));
#5548=CARTESIAN_POINT('',(0.0244929450563092,0.0201917136588658,0.));
#5549=CARTESIAN_POINT('',(0.0246493538900193,0.0200933002754964,0.));
#5550=CARTESIAN_POINT('',(0.0248047966887633,0.0199947581364525,0.));
#5551=CARTESIAN_POINT('',(0.0248047966887633,0.0199947581364525,0.));
#5552=CARTESIAN_POINT('',(0.0248047966887633,0.0199947581364525,0.));
#5553=CARTESIAN_POINT('',(0.0249175765355925,0.0201028603639221,0.));
#5554=CARTESIAN_POINT('',(0.0248112532510623,0.0201947327630728,0.));
#5555=CARTESIAN_POINT('',(0.0247351448492216,0.0202888432820263,0.));
#5556=CARTESIAN_POINT('',(0.0247351448492216,0.0202888432820263,0.));
#5557=CARTESIAN_POINT('',(0.0247351448492216,0.0202888432820263,0.));
#5558=CARTESIAN_POINT('',(0.0250135046568462,0.0201857440330558,0.));
#5559=CARTESIAN_POINT('',(0.0251568860616184,0.0200526494065519,0.));
#5560=CARTESIAN_POINT('',(0.0253078370263786,0.019921236931705,0.));
#5561=CARTESIAN_POINT('',(0.0253078370263786,0.019921236931705,0.));
#5562=CARTESIAN_POINT('',(0.0253078370263786,0.019921236931705,0.));
#5563=CARTESIAN_POINT('',(0.025359015978218,0.0199903055741742,0.));
#5564=CARTESIAN_POINT('',(0.0254378591930425,0.0200409312113613,0.));
#5565=CARTESIAN_POINT('',(0.0253426626195656,0.0202075829386376,0.));
#5566=CARTESIAN_POINT('',(0.0253426626195656,0.0202075829386376,0.));
#5567=CARTESIAN_POINT('',(0.0246377913081492,0.018934101936081,0.));
#5568=CARTESIAN_POINT('',(0.0257992686152089,0.019809020278689,0.));
#5569=CARTESIAN_POINT('',(0.0257992686152089,0.019809020278689,0.));
#5570=CARTESIAN_POINT('',(0.0259215513982937,0.0198868830888589,0.));
#5571=CARTESIAN_POINT('',(0.0258721216294424,0.0199933647665462,0.));
#5572=CARTESIAN_POINT('',(0.0258727898199564,0.0200914967571239,0.));
#5573=CARTESIAN_POINT('',(0.0258727898199564,0.0200914967571239,0.));
#5574=CARTESIAN_POINT('',(0.0258727898199564,0.0200914967571239,0.));
#5575=CARTESIAN_POINT('',(0.0260781868811811,0.0199244139391933,0.));
#5576=CARTESIAN_POINT('',(0.026208535631674,0.0197466099456791,0.));
#5577=CARTESIAN_POINT('',(0.0263680914271602,0.019572978223872,0.));
#5578=CARTESIAN_POINT('',(0.0263680914271602,0.019572978223872,0.));
#5579=CARTESIAN_POINT('',(0.0263680914271602,0.019572978223872,0.));
#5580=CARTESIAN_POINT('',(0.0264002318481054,0.0195963810577648,0.));
#5581=CARTESIAN_POINT('',(0.0264283755361515,0.0196757492560944,0.));
#5582=CARTESIAN_POINT('',(0.0264532213806926,0.0198012811400477,0.));
#5583=CARTESIAN_POINT('',(0.0264532213806926,0.0198012811400477,0.));
#5584=CARTESIAN_POINT('',(0.0264532213806926,0.0198012811400477,0.));
#5585=CARTESIAN_POINT('',(0.026943251271729,0.0193258817963198,0.));
#5586=CARTESIAN_POINT('',(0.0276356494855601,0.0181284605544477,0.));
#5587=CARTESIAN_POINT('',(0.0266312200181689,0.0176536860472306,0.));
#5588=CARTESIAN_POINT('',(0.0266312200181689,0.0176536860472306,0.));
#5589=CARTESIAN_POINT('',(0.0266312200181689,0.0176536860472306,0.));
#5590=CARTESIAN_POINT('',(0.0257768388378346,0.0183588540153587,0.));
#5591=CARTESIAN_POINT('',(0.0247559724063309,0.0188712496733389,0.));
#5592=CARTESIAN_POINT('',(0.02362458739443,0.0192556759073122,0.));
#5593=CARTESIAN_POINT('',(0.0325,0.015,0.));
#5594=CARTESIAN_POINT('',(0.027463614048554,0.00957498320414446,0.));
#5595=CARTESIAN_POINT('',(0.025923536644435,0.00957498320414446,0.));
#5596=CARTESIAN_POINT('',(0.0325,0.015,0.));
#5597=CARTESIAN_POINT('',(0.0298398813175205,0.0205484026383681,0.));
#5598=CARTESIAN_POINT('',(0.0295065541856403,0.0206572963213358,0.));
#5599=CARTESIAN_POINT('',(0.0294303772011955,0.0205081455682869,0.));
#5600=CARTESIAN_POINT('',(0.0292666822822609,0.0204474072424239,0.));
#5601=CARTESIAN_POINT('',(0.0298398813175205,0.0205484026383681,0.));
#5602=CARTESIAN_POINT('',(0.0292666822822609,0.0204474072424239,0.));
#5603=CARTESIAN_POINT('',(0.0292666822822609,0.0204474072424239,0.));
#5604=CARTESIAN_POINT('',(0.0289033610383596,0.0205242028378752,0.));
#5605=CARTESIAN_POINT('',(0.0287929139798209,0.0203570110021803,0.));
#5606=CARTESIAN_POINT('',(0.0286185727546453,0.0201805386134057,0.));
#5607=CARTESIAN_POINT('',(0.0286185727546453,0.0201805386134057,0.));
#5608=CARTESIAN_POINT('',(0.0305084682249431,0.0201431149407266,0.));
#5609=CARTESIAN_POINT('',(0.0284159131190751,0.0201845516754962,0.));
#5610=CARTESIAN_POINT('',(0.0284159131190751,0.0201845516754962,0.));
#5611=CARTESIAN_POINT('',(0.0278678675703235,0.0198615706376722,0.));
#5612=CARTESIAN_POINT('',(0.0275961687664748,0.019203801658501,0.));
#5613=CARTESIAN_POINT('',(0.0274995972750779,0.0188655919350856,0.));
#5614=CARTESIAN_POINT('',(0.0274995972750779,0.0188655919350856,0.));
#5615=CARTESIAN_POINT('',(0.0274995972750779,0.0188655919350856,0.));
#5616=CARTESIAN_POINT('',(0.0274030701990818,0.0192037485886287,0.));
#5617=CARTESIAN_POINT('',(0.0271307548049639,0.01986151373044,0.));
#5618=CARTESIAN_POINT('',(0.0265826125873989,0.0201845516754962,0.));
#5619=CARTESIAN_POINT('',(0.0265826125873989,0.0201845516754962,0.));
#5620=CARTESIAN_POINT('',(0.0293875046979575,0.0202400940935271,0.));
#5621=CARTESIAN_POINT('',(0.0263799529518287,0.0201805386134057,0.));
#5622=CARTESIAN_POINT('',(0.0263799529518287,0.0201805386134057,0.));
#5623=CARTESIAN_POINT('',(0.0262056114000693,0.0203570110021803,0.));
#5624=CARTESIAN_POINT('',(0.0260951646681145,0.0205242028378752,0.));
#5625=CARTESIAN_POINT('',(0.0257318434242132,0.0204474072424239,0.));
#5626=CARTESIAN_POINT('',(0.0257318434242132,0.0204474072424239,0.));
#5627=CARTESIAN_POINT('',(0.0257318434242132,0.0204474072424239,0.));
#5628=CARTESIAN_POINT('',(0.0255681485052785,0.0205081455682869,0.));
#5629=CARTESIAN_POINT('',(0.0254919715208338,0.0206572963417473,0.));
#5630=CARTESIAN_POINT('',(0.0251586443889536,0.0205484026383681,0.));
#5631=CARTESIAN_POINT('',(0.0251586443889536,0.0205484026383681,0.));
#5632=CARTESIAN_POINT('',(0.0251586443889536,0.0205484026383681,0.));
#5633=CARTESIAN_POINT('',(0.0249505752188402,0.0206142338961636,0.));
#5634=CARTESIAN_POINT('',(0.0247683701816466,0.0207883283821535,0.));
#5635=CARTESIAN_POINT('',(0.0244931449256125,0.0205711433235476,0.));
#5636=CARTESIAN_POINT('',(0.0244931449256125,0.0205711433235476,0.));
#5637=CARTESIAN_POINT('',(0.0244931449256125,0.0205711433235476,0.));
#5638=CARTESIAN_POINT('',(0.0242614154102572,0.0206605286643716,0.));
#5639=CARTESIAN_POINT('',(0.0240366813205187,0.0206915820306306,0.));
#5640=CARTESIAN_POINT('',(0.0238356715864525,0.0205096097048266,0.));
#5641=CARTESIAN_POINT('',(0.0238356715864525,0.0205096097048266,0.));
#5642=CARTESIAN_POINT('',(0.0238356715864525,0.0205096097048266,0.));
#5643=CARTESIAN_POINT('',(0.0235254594048198,0.0205498635600983,0.));
#5644=CARTESIAN_POINT('',(0.0234245136496176,0.020466787788233,0.));
#5645=CARTESIAN_POINT('',(0.0233480845424569,0.0203698213753409,0.));
#5646=CARTESIAN_POINT('',(0.0233480845424569,0.0203698213753409,0.));
#5647=CARTESIAN_POINT('',(0.0233480845424569,0.0203698213753409,0.));
#5648=CARTESIAN_POINT('',(0.023279968300079,0.0203712310744387,0.));
#5649=CARTESIAN_POINT('',(0.0228382897980907,0.0204398534809286,0.));
#5650=CARTESIAN_POINT('',(0.0226357660213933,0.0201377326177738,0.));
#5651=CARTESIAN_POINT('',(0.0226357660213933,0.0201377326177738,0.));
#5652=CARTESIAN_POINT('',(0.0226357660213933,0.0201377326177738,0.));
#5653=CARTESIAN_POINT('',(0.0221267668352345,0.0201979482666299,0.));
#5654=CARTESIAN_POINT('',(0.0219659216867916,0.019838350119202,0.));
#5655=CARTESIAN_POINT('',(0.0221481789773977,0.0195029999637932,0.));
#5656=CARTESIAN_POINT('',(0.0221481789773977,0.0195029999637932,0.));
#5657=CARTESIAN_POINT('',(0.0221481789773977,0.0195029999637932,0.));
#5658=CARTESIAN_POINT('',(0.0220442260382983,0.0193420718630576,0.));
#5659=CARTESIAN_POINT('',(0.0219365134661596,0.0191830844867258,0.));
#5660=CARTESIAN_POINT('',(0.02217961463044,0.0188762934339936,0.));
#5661=CARTESIAN_POINT('',(0.02217961463044,0.0188762934339936,0.));
#5662=CARTESIAN_POINT('',(0.02217961463044,0.0188762934339936,0.));
#5663=CARTESIAN_POINT('',(0.0220936172702578,0.0187054223252929,0.));
#5664=CARTESIAN_POINT('',(0.0221469222828238,0.018520061345268,0.));
#5665=CARTESIAN_POINT('',(0.0223495009256044,0.0182957371182348,0.));
#5666=CARTESIAN_POINT('',(0.0223495009256044,0.0182957371182348,0.));
#5667=CARTESIAN_POINT('',(0.0223495009256044,0.0182957371182348,0.));
#5668=CARTESIAN_POINT('',(0.0222960391528005,0.0180555397740698,0.));
#5669=CARTESIAN_POINT('',(0.0224011259909542,0.0178860654644056,0.));
#5670=CARTESIAN_POINT('',(0.0225896158073526,0.0177539737360175,0.));
#5671=CARTESIAN_POINT('',(0.0225896158073526,0.0177539737360175,0.));
#5672=CARTESIAN_POINT('',(0.0225896158073526,0.0177539737360175,0.));
#5673=CARTESIAN_POINT('',(0.0225543630425173,0.0174252759299131,0.));
#5674=CARTESIAN_POINT('',(0.0228910448434887,0.0172341499288471,0.));
#5675=CARTESIAN_POINT('',(0.0229915908600842,0.0171660601397594,0.));
#5676=CARTESIAN_POINT('',(0.0229915908600842,0.0171660601397594,0.));
#5677=CARTESIAN_POINT('',(0.0229915908600842,0.0171660601397594,0.));
#5678=CARTESIAN_POINT('',(0.0230301950281726,0.0169745314608323,0.));
#5679=CARTESIAN_POINT('',(0.0231106535266153,0.0167938042154649,0.));
#5680=CARTESIAN_POINT('',(0.0234952301524418,0.016693856500444,0.));
#5681=CARTESIAN_POINT('',(0.0234952301524418,0.016693856500444,0.));
#5682=CARTESIAN_POINT('',(0.0234952301524418,0.016693856500444,0.));
#5683=CARTESIAN_POINT('',(0.023558652078862,0.0164084238668352,0.));
#5684=CARTESIAN_POINT('',(0.0237897793736366,0.0163591338758626,0.));
#5685=CARTESIAN_POINT('',(0.0240135840057979,0.0162992387282116,0.));
#5686=CARTESIAN_POINT('',(0.0240135840057979,0.0162992387282116,0.));
#5687=CARTESIAN_POINT('',(0.0240135840057979,0.0162992387282116,0.));
#5688=CARTESIAN_POINT('',(0.0232738553039682,0.0158692623779833,0.));
#5689=CARTESIAN_POINT('',(0.0226394969150556,0.0153035143527819,0.));
#5690=CARTESIAN_POINT('',(0.0226437921455743,0.0139154798464554,0.));
#5691=CARTESIAN_POINT('',(0.0226437921455743,0.0139154798464554,0.));
#5692=CARTESIAN_POINT('',(0.0239991788897568,0.0163334228653982,0.));
#5693=CARTESIAN_POINT('',(0.0225354394691309,0.0137221840224297,0.));
#5694=CARTESIAN_POINT('',(0.0225354394691309,0.0137221840224297,0.));
#5695=CARTESIAN_POINT('',(0.0216872202724818,0.0132063226568563,0.));
#5696=CARTESIAN_POINT('',(0.0209241088216648,0.0115483617171209,0.));
#5697=CARTESIAN_POINT('',(0.0221174121680373,0.010200722038017,0.));
#5698=CARTESIAN_POINT('',(0.0221174121680373,0.010200722038017,0.));
#5699=CARTESIAN_POINT('',(0.0221174121680373,0.010200722038017,0.));
#5700=CARTESIAN_POINT('',(0.0221953598900027,0.00977890375183655,0.));
#5701=CARTESIAN_POINT('',(0.022326082252396,0.00947593193369236,0.));
#5702=CARTESIAN_POINT('',(0.0224424701973677,0.00914060480244353,0.));
#5703=CARTESIAN_POINT('',(0.0224424701973677,0.00914060480244353,0.));
#5704=CARTESIAN_POINT('',(0.0224424701973677,0.00914060480244353,0.));
#5705=CARTESIAN_POINT('',(0.0226165589732434,0.00778942168879519,0.));
#5706=CARTESIAN_POINT('',(0.0237527108027122,0.00715672691790746,0.));
#5707=CARTESIAN_POINT('',(0.0240523769393394,0.00708190395001765,0.));
#5708=CARTESIAN_POINT('',(0.0240523769393394,0.00708190395001765,0.));
#5709=CARTESIAN_POINT('',(0.0240523769393394,0.00708190395001765,0.));
#5710=CARTESIAN_POINT('',(0.0244914924114379,0.00674741548604163,0.));
#5711=CARTESIAN_POINT('',(0.0249591826622368,0.00643003870836883,0.));
#5712=CARTESIAN_POINT('',(0.0255920550947275,0.00620772525797066,0.));
#5713=CARTESIAN_POINT('',(0.0255920550947275,0.00620772525797066,0.));
#5714=CARTESIAN_POINT('',(0.0255920550947275,0.00620772525797066,0.));
#5715=CARTESIAN_POINT('',(0.0261886669246866,0.00559240082777869,0.));
#5716=CARTESIAN_POINT('',(0.026835010286955,0.00535788881820048,0.));
#5717=CARTESIAN_POINT('',(0.0274848827140794,0.00535829378214841,0.));
#5718=CARTESIAN_POINT('',(0.0274848827140794,0.00535829378214841,0.));
#5719=CARTESIAN_POINT('',(0.0325284451467099,0.00537311609489454,0.));
#5720=CARTESIAN_POINT('',(0.0275136429888726,0.00535829497413875,0.));
#5721=CARTESIAN_POINT('',(0.0275136429923946,0.00535829378214841,0.));
#5722=CARTESIAN_POINT('',(0.028163515419519,0.00535788881820048,0.));
#5723=CARTESIAN_POINT('',(0.0288098587817875,0.00559240082777869,0.));
#5724=CARTESIAN_POINT('',(0.0294064706117466,0.00620772525797066,0.));
#5725=CARTESIAN_POINT('',(0.0294064706117466,0.00620772525797066,0.));
#5726=CARTESIAN_POINT('',(0.0294064706117466,0.00620772525797066,0.));
#5727=CARTESIAN_POINT('',(0.0300393427176534,0.00643003870836883,0.));
#5728=CARTESIAN_POINT('',(0.03050703362162,0.00674741548604164,0.));
#5729=CARTESIAN_POINT('',(0.0309461487671346,0.00708190395001765,0.));
#5730=CARTESIAN_POINT('',(0.0309461487671346,0.00708190395001765,0.));
#5731=CARTESIAN_POINT('',(0.0309461487671346,0.00708190395001765,0.));
#5732=CARTESIAN_POINT('',(0.03124581474047,0.00715672691790746,0.));
#5733=CARTESIAN_POINT('',(0.0323819670598145,0.00778942168879519,0.));
#5734=CARTESIAN_POINT('',(0.0325560555091064,0.00914060480244354,0.));
#5735=CARTESIAN_POINT('',(0.0325560555091064,0.00914060480244354,0.));
#5736=CARTESIAN_POINT('',(0.0325560555091064,0.00914060480244354,0.));
#5737=CARTESIAN_POINT('',(0.0326724431274942,0.00947593193369237,0.));
#5738=CARTESIAN_POINT('',(0.0328031665512849,0.00977890375183655,0.));
#5739=CARTESIAN_POINT('',(0.0328811135384368,0.010200722038017,0.));
#5740=CARTESIAN_POINT('',(0.0328811135384368,0.010200722038017,0.));
#5741=CARTESIAN_POINT('',(0.0328811135384368,0.010200722038017,0.));
#5742=CARTESIAN_POINT('',(0.0340744172930391,0.0115483617171209,0.));
#5743=CARTESIAN_POINT('',(0.0333113056176956,0.0132063226568563,0.));
#5744=CARTESIAN_POINT('',(0.0324630862373432,0.0137221840224297,0.));
#5745=CARTESIAN_POINT('',(0.0324630862373432,0.0137221840224297,0.));
#5746=CARTESIAN_POINT('',(0.0321408097595017,0.0142971093440111,0.));
#5747=CARTESIAN_POINT('',(0.0323547335608997,0.0139154798464554,0.));
#5748=CARTESIAN_POINT('',(0.0323547335608997,0.0139154798464554,0.));
#5749=CARTESIAN_POINT('',(0.0323590284648346,0.0153035143527819,0.));
#5750=CARTESIAN_POINT('',(0.0317246705657978,0.0158692623779833,0.));
#5751=CARTESIAN_POINT('',(0.0309849417006761,0.0162992387282116,0.));
#5752=CARTESIAN_POINT('',(0.0309849417006761,0.0162992387282116,0.));
#5753=CARTESIAN_POINT('',(0.0309849417006761,0.0162992387282116,0.));
#5754=CARTESIAN_POINT('',(0.0312087461695455,0.0163591338758626,0.));
#5755=CARTESIAN_POINT('',(0.0314398736276121,0.0164084238668352,0.));
#5756=CARTESIAN_POINT('',(0.0315032955540322,0.016693856500444,0.));
#5757=CARTESIAN_POINT('',(0.0315032955540322,0.016693856500444,0.));
#5758=CARTESIAN_POINT('',(0.0315032955540322,0.016693856500444,0.));
#5759=CARTESIAN_POINT('',(0.031887871853275,0.0167938042154649,0.));
#5760=CARTESIAN_POINT('',(0.0319683306783015,0.0169745314608323,0.));
#5761=CARTESIAN_POINT('',(0.0320069348463898,0.0171660601397594,0.));
#5762=CARTESIAN_POINT('',(0.0320069348463898,0.0171660601397594,0.));
#5763=CARTESIAN_POINT('',(0.0320069348463898,0.0171660601397594,0.));
#5764=CARTESIAN_POINT('',(0.0321074806996934,0.0172341499288471,0.));
#5765=CARTESIAN_POINT('',(0.0324441625823108,0.0174252759299131,0.));
#5766=CARTESIAN_POINT('',(0.0324089098991214,0.0177539737360175,0.));
#5767=CARTESIAN_POINT('',(0.0324089098991214,0.0177539737360175,0.));
#5768=CARTESIAN_POINT('',(0.0324089098991214,0.0177539737360175,0.));
#5769=CARTESIAN_POINT('',(0.0325973990623522,0.0178860654644056,0.));
#5770=CARTESIAN_POINT('',(0.0327024863903816,0.0180555397740698,0.));
#5771=CARTESIAN_POINT('',(0.0326490247808696,0.0182957371182348,0.));
#5772=CARTESIAN_POINT('',(0.0326490247808696,0.0182957371182348,0.));
#5773=CARTESIAN_POINT('',(0.0326490247808696,0.0182957371182348,0.));
#5774=CARTESIAN_POINT('',(0.0328516026888366,0.018520061345268,0.));
#5775=CARTESIAN_POINT('',(0.0329049084362162,0.0187054223252929,0.));
#5776=CARTESIAN_POINT('',(0.0328189110760341,0.0188762934339936,0.));
#5777=CARTESIAN_POINT('',(0.0328189110760341,0.0188762934339936,0.));
#5778=CARTESIAN_POINT('',(0.0328189110760341,0.0188762934339936,0.));
#5779=CARTESIAN_POINT('',(0.0330620117504387,0.0191830844867258,0.));
#5780=CARTESIAN_POINT('',(0.0329542991783,0.0193420718630576,0.));
#5781=CARTESIAN_POINT('',(0.0328503467290763,0.0195029999637932,0.));
#5782=CARTESIAN_POINT('',(0.0328503467290763,0.0195029999637932,0.));
#5783=CARTESIAN_POINT('',(0.0328503467290763,0.0195029999637932,0.));
#5784=CARTESIAN_POINT('',(0.0330326045503812,0.019838350119202,0.));
#5785=CARTESIAN_POINT('',(0.0328717582180718,0.0201979482666299,0.));
#5786=CARTESIAN_POINT('',(0.0323627596850807,0.0201377326177738,0.));
#5787=CARTESIAN_POINT('',(0.0323627596850807,0.0201377326177738,0.));
#5788=CARTESIAN_POINT('',(0.0323627596850807,0.0201377326177738,0.));
#5789=CARTESIAN_POINT('',(0.0321602359083834,0.0204398534809286,0.));
#5790=CARTESIAN_POINT('',(0.0317185572431031,0.0203712310744387,0.));
#5791=CARTESIAN_POINT('',(0.0316504411640172,0.0203698213753409,0.));
#5792=CARTESIAN_POINT('',(0.0316504411640172,0.0203698213753409,0.));
#5793=CARTESIAN_POINT('',(0.0316504411640172,0.0203698213753409,0.));
#5794=CARTESIAN_POINT('',(0.0315740118935645,0.020466787788233,0.));
#5795=CARTESIAN_POINT('',(0.0314730661383623,0.0205498635600983,0.));
#5796=CARTESIAN_POINT('',(0.0311628541200216,0.0205096097048266,0.));
#5797=CARTESIAN_POINT('',(0.0311628541200216,0.0205096097048266,0.));
#5798=CARTESIAN_POINT('',(0.0311628541200216,0.0205096097048266,0.));
#5799=CARTESIAN_POINT('',(0.0309618443859554,0.020691582033182,0.));
#5800=CARTESIAN_POINT('',(0.0307371102962168,0.0206605286694745,0.));
#5801=CARTESIAN_POINT('',(0.0305053807808615,0.0205711433235476,0.));
#5802=CARTESIAN_POINT('',(0.0305053807808615,0.0205711433235476,0.));
#5803=CARTESIAN_POINT('',(0.0305053807808615,0.0205711433235476,0.));
#5804=CARTESIAN_POINT('',(0.0304107720582768,0.0206458006930247,0.));
#5805=CARTESIAN_POINT('',(0.030327346219164,0.0206744166570076,0.));
#5806=CARTESIAN_POINT('',(0.0302498824944331,0.0206768206252641,0.));
#5807=CARTESIAN_POINT('',(0.0302498824944331,0.0206768206252641,0.));
#5808=CARTESIAN_POINT('',(0.0302498824944331,0.0206768206252641,0.));
#5809=CARTESIAN_POINT('',(0.0301019968454917,0.020681410015961,0.));
#5810=CARTESIAN_POINT('',(0.0299764266695844,0.0205916043923664,0.));
#5811=CARTESIAN_POINT('',(0.0298398813175205,0.0205484026383681,0.));
#5812=CARTESIAN_POINT('',(0.0325,0.015,-1.E-5));
#5813=CARTESIAN_POINT('',(0.0317589855451682,0.00834357043614274,-1.E-5));
#5814=CARTESIAN_POINT('',(0.0322169037546364,0.00916205744100153,-1.E-5));
#5815=CARTESIAN_POINT('',(0.03215788581115,0.0099949533243949,-1.E-5));
#5816=CARTESIAN_POINT('',(0.0318363764417053,0.01023964560509,-1.E-5));
#5817=CARTESIAN_POINT('',(0.0317589847050926,0.00834356927594103,-1.E-5));
#5818=CARTESIAN_POINT('',(0.0318363775635227,0.0102396447265655,-1.E-5));
#5819=CARTESIAN_POINT('',(0.0318363764417053,0.01023964560509,-1.E-5));
#5820=CARTESIAN_POINT('',(0.0313555704210427,0.0105325305550924,-1.E-5));
#5821=CARTESIAN_POINT('',(0.0306126936143935,0.0101369323782054,-1.E-5));
#5822=CARTESIAN_POINT('',(0.0300409093402811,0.00947347602329844,-1.E-5));
#5823=CARTESIAN_POINT('',(0.0300409093402811,0.00947347602329844,-1.E-5));
#5824=CARTESIAN_POINT('',(0.0300409093402811,0.00947347602329844,-1.E-5));
#5825=CARTESIAN_POINT('',(0.0295426668456973,0.008873213639299,-1.E-5));
#5826=CARTESIAN_POINT('',(0.0293155477142557,0.00781861828310595,-1.E-5));
#5827=CARTESIAN_POINT('',(0.0297313460807166,0.00750774966797704,-1.E-5));
#5828=CARTESIAN_POINT('',(0.0297313448864754,0.00750775058309908,-1.E-5));
#5829=CARTESIAN_POINT('',(0.0297313460807166,0.00750774966797704,-1.E-5));
#5830=CARTESIAN_POINT('',(0.0301247153229708,0.00727043687548151,-1.E-5));
#5831=CARTESIAN_POINT('',(0.0310799978431065,0.00736816773947125,-1.E-5));
#5832=CARTESIAN_POINT('',(0.0317589855451682,0.00834357043614274,-1.E-5));
#5833=CARTESIAN_POINT('',(0.0294368948346705,0.0160324311703695,-1.E-5));
#5834=CARTESIAN_POINT('',(0.02894147239145,0.0159491970359643,-1.E-5));
#5835=CARTESIAN_POINT('',(0.0318114388271083,0.0134431161810638,-1.E-5));
#5836=CARTESIAN_POINT('',(0.0318556772194142,0.0140021865467141,-1.E-5));
#5837=CARTESIAN_POINT('',(0.0294368948346705,0.0160324311703695,-1.E-5));
#5838=CARTESIAN_POINT('',(0.0318556772194142,0.0140021865467141,-1.E-5));
#5839=CARTESIAN_POINT('',(0.0318556772194142,0.0140021865467141,-1.E-5));
#5840=CARTESIAN_POINT('',(0.0319007211307342,0.0154604940550251,-1.E-5));
#5841=CARTESIAN_POINT('',(0.0307817494068809,0.0162595196029312,-1.E-5));
#5842=CARTESIAN_POINT('',(0.0294368948346705,0.0160324311703695,-1.E-5));
#5843=CARTESIAN_POINT('',(0.025721081180713,0.0159896251747375,-1.E-5));
#5844=CARTESIAN_POINT('',(0.0243762266085026,0.0162167136072992,-1.E-5));
#5845=CARTESIAN_POINT('',(0.0232572550479411,0.0154176880593931,-1.E-5));
#5846=CARTESIAN_POINT('',(0.0233022987959693,0.0139593805510821,-1.E-5));
#5847=CARTESIAN_POINT('',(0.025721081180713,0.0159896251747375,-1.E-5));
#5848=CARTESIAN_POINT('',(0.0233022987959693,0.0139593805510821,-1.E-5));
#5849=CARTESIAN_POINT('',(0.0233022987959693,0.0139593805510821,-1.E-5));
#5850=CARTESIAN_POINT('',(0.0233465371882752,0.0134003101854318,-1.E-5));
#5851=CARTESIAN_POINT('',(0.0262165036239335,0.0159063913669162,-1.E-5));
#5852=CARTESIAN_POINT('',(0.025721081180713,0.0159896251747375,-1.E-5));
#5853=CARTESIAN_POINT('',(0.0230733870458904,0.0134333709196071,-1.E-5));
#5854=CARTESIAN_POINT('',(0.0217802940510703,0.012694960310111,-1.E-5));
#5855=CARTESIAN_POINT('',(0.022004945841684,0.0110520072036525,-1.E-5));
#5856=CARTESIAN_POINT('',(0.022702400879523,0.0104909773350284,-1.E-5));
#5857=CARTESIAN_POINT('',(0.023073387237635,0.0134333708371731,-1.E-5));
#5858=CARTESIAN_POINT('',(0.0227024006726395,0.0104909776093064,-1.E-5));
#5859=CARTESIAN_POINT('',(0.022702400879523,0.0104909773350284,-1.E-5));
#5860=CARTESIAN_POINT('',(0.0233364640366541,0.010209298129366,-1.E-5));
#5861=CARTESIAN_POINT('',(0.0238527604118877,0.0136421984173714,-1.E-5));
#5862=CARTESIAN_POINT('',(0.0230733870458904,0.0134333709196071,-1.E-5));
#5863=CARTESIAN_POINT('',(0.0320790842357637,0.0133905649239751,-1.E-5));
#5864=CARTESIAN_POINT('',(0.0312997108697664,0.0135993924217394,-1.E-5));
#5865=CARTESIAN_POINT('',(0.0318160074082919,0.010166492133734,-1.E-5));
#5866=CARTESIAN_POINT('',(0.032450070647069,0.0104481713393964,-1.E-5));
#5867=CARTESIAN_POINT('',(0.0320790844369069,0.0133905646975359,-1.E-5));
#5868=CARTESIAN_POINT('',(0.0324500702912793,0.010448171267099,-1.E-5));
#5869=CARTESIAN_POINT('',(0.032450070647069,0.0104481713393964,-1.E-5));
#5870=CARTESIAN_POINT('',(0.0331475251542093,0.0110092012080205,-1.E-5));
#5871=CARTESIAN_POINT('',(0.0333721774755217,0.0126521543144791,-1.E-5));
#5872=CARTESIAN_POINT('',(0.0320790842357637,0.0133905649239751,-1.E-5));
#5873=CARTESIAN_POINT('',(0.0255070824859017,0.0127114318278957,-1.E-5));
#5874=CARTESIAN_POINT('',(0.0241827719960371,0.0127114318278957,-1.E-5));
#5875=CARTESIAN_POINT('',(0.0294880407860096,0.0126258198366318,-1.E-5));
#5876=CARTESIAN_POINT('',(0.028163730296145,0.0126258198366318,-1.E-5));
#5877=CARTESIAN_POINT('',(0.0275024908078027,0.00583610682531032,-1.E-5));
#5878=CARTESIAN_POINT('',(0.0283677560474053,0.00579878221266393,-1.E-5));
#5879=CARTESIAN_POINT('',(0.0292162090780759,0.00654487995232646,-1.E-5));
#5880=CARTESIAN_POINT('',(0.0292050885721154,0.00680349254214803,-1.E-5));
#5881=CARTESIAN_POINT('',(0.0275024883803934,0.00583610676317037,-1.E-5));
#5882=CARTESIAN_POINT('',(0.0292050886718129,0.00680349057294304,-1.E-5));
#5883=CARTESIAN_POINT('',(0.0292050885721154,0.00680349254214803,-1.E-5));
#5884=CARTESIAN_POINT('',(0.0292180386006859,0.00718266681827564,-1.E-5));
#5885=CARTESIAN_POINT('',(0.0281515043194568,0.00747871375291014,-1.E-5));
#5886=CARTESIAN_POINT('',(0.027456055812663,0.00746131467283744,-1.E-5));
#5887=CARTESIAN_POINT('',(0.027456057706882,0.00746131475700062,-1.E-5));
#5888=CARTESIAN_POINT('',(0.027456055812663,0.00746131467283744,-1.E-5));
#5889=CARTESIAN_POINT('',(0.0267562323888963,0.00749185940519422,-1.E-5));
#5890=CARTESIAN_POINT('',(0.0258172104776054,0.00723589867606396,-1.E-5));
#5891=CARTESIAN_POINT('',(0.0258153705043129,0.00689636122609193,-1.E-5));
#5892=CARTESIAN_POINT('',(0.0258153705043129,0.00689636122609193,-1.E-5));
#5893=CARTESIAN_POINT('',(0.0258153705043129,0.00689636122609193,-1.E-5));
#5894=CARTESIAN_POINT('',(0.0258037552238515,0.00656664349868965,-1.E-5));
#5895=CARTESIAN_POINT('',(0.026666988785454,0.00582170447845233,-1.E-5));
#5896=CARTESIAN_POINT('',(0.0275024908078027,0.00583610682531032,-1.E-5));
#5897=CARTESIAN_POINT('',(0.024970920738218,0.00966378948379789,-1.E-5));
#5898=CARTESIAN_POINT('',(0.0243540509133473,0.0103603098387184,-1.E-5));
#5899=CARTESIAN_POINT('',(0.0236945638582977,0.0108150601850454,-1.E-5));
#5900=CARTESIAN_POINT('',(0.0232351681835873,0.0104597245689303,-1.E-5));
#5901=CARTESIAN_POINT('',(0.024970920738218,0.00966378948379789,-1.E-5));
#5902=CARTESIAN_POINT('',(0.0232351691143042,0.0104597252607618,-1.E-5));
#5903=CARTESIAN_POINT('',(0.0232351681835873,0.0104597245689303,-1.E-5));
#5904=CARTESIAN_POINT('',(0.0229259083203999,0.0101516743722455,-1.E-5));
#5905=CARTESIAN_POINT('',(0.0227444994945814,0.00899125671111594,-1.E-5));
#5906=CARTESIAN_POINT('',(0.0232859095130958,0.00829641434390875,-1.E-5));
#5907=CARTESIAN_POINT('',(0.0232859095130958,0.00829641434390875,-1.E-5));
#5908=CARTESIAN_POINT('',(0.0232859095130958,0.00829641434390875,-1.E-5));
#5909=CARTESIAN_POINT('',(0.0240315147643442,0.00726185033344998,-1.E-5));
#5910=CARTESIAN_POINT('',(0.0250408998147563,0.00722156948398366,-1.E-5));
#5911=CARTESIAN_POINT('',(0.0254169134125871,0.00750973137865129,-1.E-5));
#5912=CARTESIAN_POINT('',(0.0254169122533284,0.00750973051420723,-1.E-5));
#5913=CARTESIAN_POINT('',(0.0254169134125871,0.00750973137865129,-1.E-5));
#5914=CARTESIAN_POINT('',(0.0258101810872705,0.00788071623868341,-1.E-5));
#5915=CARTESIAN_POINT('',(0.0255099943760198,0.00903236577717255,-1.E-5));
#5916=CARTESIAN_POINT('',(0.024970920738218,0.00966378948379789,-1.E-5));
#5917=CARTESIAN_POINT('',(0.0275050695137163,0.0163726900440197,-1.E-5));
#5918=CARTESIAN_POINT('',(0.0267928208815921,0.0163805391597654,-1.E-5));
#5919=CARTESIAN_POINT('',(0.0259109400365225,0.0158412375664509,-1.E-5));
#5920=CARTESIAN_POINT('',(0.0259144677950431,0.0153331312604806,-1.E-5));
#5921=CARTESIAN_POINT('',(0.0275050695137163,0.0163726900440197,-1.E-5));
#5922=CARTESIAN_POINT('',(0.0259144677950431,0.0153331312604806,-1.E-5));
#5923=CARTESIAN_POINT('',(0.0259144677950431,0.0153331312604806,-1.E-5));
#5924=CARTESIAN_POINT('',(0.0259175814452686,0.0148846617743525,-1.E-5));
#5925=CARTESIAN_POINT('',(0.0265338288013613,0.0145215874278259,-1.E-5));
#5926=CARTESIAN_POINT('',(0.0274995972750779,0.0145285051264913,-1.E-5));
#5927=CARTESIAN_POINT('',(0.0274995972750779,0.0145285051264913,-1.E-5));
#5928=CARTESIAN_POINT('',(0.0274995972750779,0.0145285051264913,-1.E-5));
#5929=CARTESIAN_POINT('',(0.0284453112156084,0.0145397997016327,-1.E-5));
#5930=CARTESIAN_POINT('',(0.029082174829073,0.0149847335912283,-1.E-5));
#5931=CARTESIAN_POINT('',(0.0290799357703415,0.015419305629098,-1.E-5));
#5932=CARTESIAN_POINT('',(0.0290799357703415,0.015419305629098,-1.E-5));
#5933=CARTESIAN_POINT('',(0.0290799357703415,0.015419305629098,-1.E-5));
#5934=CARTESIAN_POINT('',(0.0290780931843784,0.0157769550916414,-1.E-5));
#5935=CARTESIAN_POINT('',(0.028307737451067,0.0163935682216226,-1.E-5));
#5936=CARTESIAN_POINT('',(0.0275050695137163,0.0163726900440197,-1.E-5));
#5937=CARTESIAN_POINT('',(0.0285124405216551,0.0198012813033396,-1.E-5));
#5938=CARTESIAN_POINT('',(0.0280224103040349,0.0193258817963198,-1.E-5));
#5939=CARTESIAN_POINT('',(0.0273300127433714,0.0181284605544477,-1.E-5));
#5940=CARTESIAN_POINT('',(0.0283344415575949,0.0176536860472306,-1.E-5));
#5941=CARTESIAN_POINT('',(0.0285124404176802,0.0198012809702585,-1.E-5));
#5942=CARTESIAN_POINT('',(0.0283344415331312,0.0176536862431419,-1.E-5));
#5943=CARTESIAN_POINT('',(0.0283344415575949,0.0176536860472306,-1.E-5));
#5944=CARTESIAN_POINT('',(0.0291888227379292,0.0183588538520668,-1.E-5));
#5945=CARTESIAN_POINT('',(0.0302096894960168,0.0188712496733389,-1.E-5));
#5946=CARTESIAN_POINT('',(0.0313410749977935,0.0192556759073122,-1.E-5));
#5947=CARTESIAN_POINT('',(0.0313410729296476,0.0192556750285646,-1.E-5));
#5948=CARTESIAN_POINT('',(0.0313410749977935,0.0192556759073122,-1.E-5));
#5949=CARTESIAN_POINT('',(0.0298867911655474,0.0185058998539839,-1.E-5));
#5950=CARTESIAN_POINT('',(0.0290413894075909,0.017899390084628,-1.E-5));
#5951=CARTESIAN_POINT('',(0.0285782226694073,0.0173828180726428,-1.E-5));
#5952=CARTESIAN_POINT('',(0.0285782228525196,0.0173828180272077,-1.E-5));
#5953=CARTESIAN_POINT('',(0.0285782226694073,0.0173828180726428,-1.E-5));
#5954=CARTESIAN_POINT('',(0.0288154182183082,0.0164321485490914,-1.E-5));
#5955=CARTESIAN_POINT('',(0.0300528116879282,0.0163887635203306,-1.E-5));
#5956=CARTESIAN_POINT('',(0.0305052540663359,0.0164154330089727,-1.E-5));
#5957=CARTESIAN_POINT('',(0.0305052533974118,0.0164154331364986,-1.E-5));
#5958=CARTESIAN_POINT('',(0.0305052540663359,0.0164154330089727,-1.E-5));
#5959=CARTESIAN_POINT('',(0.0304126130113208,0.0164585544845835,-1.E-5));
#5960=CARTESIAN_POINT('',(0.0303353168240941,0.0165102007778822,-1.E-5));
#5961=CARTESIAN_POINT('',(0.0303079076230793,0.0165895622812433,-1.E-5));
#5962=CARTESIAN_POINT('',(0.0303079078193067,0.0165895622162296,-1.E-5));
#5963=CARTESIAN_POINT('',(0.0303079076230793,0.0165895622812433,-1.E-5));
#5964=CARTESIAN_POINT('',(0.0304214395924666,0.0166702474288633,-1.E-5));
#5965=CARTESIAN_POINT('',(0.03082399563783,0.0165980632583116,-1.E-5));
#5966=CARTESIAN_POINT('',(0.0311050329429765,0.0167559524965185,-1.E-5));
#5967=CARTESIAN_POINT('',(0.031105032473036,0.0167559524236707,-1.E-5));
#5968=CARTESIAN_POINT('',(0.0311050329429765,0.0167559524965185,-1.E-5));
#5969=CARTESIAN_POINT('',(0.0309970747797984,0.0167783182634623,-1.E-5));
#5970=CARTESIAN_POINT('',(0.0309465762653668,0.0168001072833642,-1.E-5));
#5971=CARTESIAN_POINT('',(0.030896077914227,0.0168797777350275,-1.E-5));
#5972=CARTESIAN_POINT('',(0.0308960781706073,0.0168797776418591,-1.E-5));
#5973=CARTESIAN_POINT('',(0.030896077914227,0.0168797777350275,-1.E-5));
#5974=CARTESIAN_POINT('',(0.0311615972621557,0.0169644628813849,-1.E-5));
#5975=CARTESIAN_POINT('',(0.0314476035402602,0.0170374413038086,-1.E-5));
#5976=CARTESIAN_POINT('',(0.031615812500879,0.0171777322458071,-1.E-5));
#5977=CARTESIAN_POINT('',(0.0316158120338966,0.0171777320733578,-1.E-5));
#5978=CARTESIAN_POINT('',(0.031615812500879,0.0171777322458071,-1.E-5));
#5979=CARTESIAN_POINT('',(0.031525036892695,0.0171766107569384,-1.E-5));
#5980=CARTESIAN_POINT('',(0.0314402831637336,0.0171574249367373,-1.E-5));
#5981=CARTESIAN_POINT('',(0.0313217275185971,0.0172396450283535,-1.E-5));
#5982=CARTESIAN_POINT('',(0.0313217278367942,0.0172396450105041,-1.E-5));
#5983=CARTESIAN_POINT('',(0.0313217275185971,0.0172396450283535,-1.E-5));
#5984=CARTESIAN_POINT('',(0.0315595510882011,0.0173678102393659,-1.E-5));
#5985=CARTESIAN_POINT('',(0.0318133352994032,0.0174693742177563,-1.E-5));
#5986=CARTESIAN_POINT('',(0.0320105057139759,0.0176652944694317,-1.E-5));
#5987=CARTESIAN_POINT('',(0.0320105053194578,0.0176652943123716,-1.E-5));
#5988=CARTESIAN_POINT('',(0.0320105057139759,0.0176652944694317,-1.E-5));
#5989=CARTESIAN_POINT('',(0.0318875408605643,0.0176683042659996,-1.E-5));
#5990=CARTESIAN_POINT('',(0.0317549656248173,0.0176665100144432,-1.E-5));
#5991=CARTESIAN_POINT('',(0.031716420568402,0.0177117288114037,-1.E-5));
#5992=CARTESIAN_POINT('',(0.0317164208210884,0.0177117287718873,-1.E-5));
#5993=CARTESIAN_POINT('',(0.0303381919458984,0.0199816790431256,-1.E-5));
#5994=CARTESIAN_POINT('',(0.0322697645087714,0.0181605955301475,-1.E-5));
#5995=CARTESIAN_POINT('',(0.0322697649397788,0.0181605957500516,-1.E-5));
#5996=CARTESIAN_POINT('',(0.0320976853076189,0.0181398237121932,-1.E-5));
#5997=CARTESIAN_POINT('',(0.0320250155069136,0.0181577110350903,-1.E-5));
#5998=CARTESIAN_POINT('',(0.0319834188512003,0.0181876824495353,-1.E-5));
#5999=CARTESIAN_POINT('',(0.0319834191056756,0.0181876824716035,-1.E-5));
#6000=CARTESIAN_POINT('',(0.0319834188512003,0.0181876824495353,-1.E-5));
#6001=CARTESIAN_POINT('',(0.0321479607652954,0.0183562137483933,-1.E-5));
#6002=CARTESIAN_POINT('',(0.0323562067805522,0.0184985221619953,-1.E-5));
#6003=CARTESIAN_POINT('',(0.0324555028791883,0.0187062009011412,-1.E-5));
#6004=CARTESIAN_POINT('',(0.0324555025570833,0.018706200613836,-1.E-5));
#6005=CARTESIAN_POINT('',(0.0324555028791883,0.0187062009011412,-1.E-5));
#6006=CARTESIAN_POINT('',(0.0323277354472797,0.0186621645009335,-1.E-5));
#6007=CARTESIAN_POINT('',(0.0322108399093918,0.0186453080398927,-1.E-5));
#6008=CARTESIAN_POINT('',(0.0321265918954896,0.0187100704296388,-1.E-5));
#6009=CARTESIAN_POINT('',(0.0321265921009649,0.0187100704819069,-1.E-5));
#6010=CARTESIAN_POINT('',(0.0321265918954896,0.0187100704296388,-1.E-5));
#6011=CARTESIAN_POINT('',(0.0321825043533461,0.018836208044949,-1.E-5));
#6012=CARTESIAN_POINT('',(0.0324220691046344,0.0189106084133641,-1.E-5));
#6013=CARTESIAN_POINT('',(0.032559980475209,0.0192053717102588,-1.E-5));
#6014=CARTESIAN_POINT('',(0.0325599802003718,0.0192053715161415,-1.E-5));
#6015=CARTESIAN_POINT('',(0.032559980475209,0.0192053717102588,-1.E-5));
#6016=CARTESIAN_POINT('',(0.0324254763537222,0.0191923292584646,-1.E-5));
#6017=CARTESIAN_POINT('',(0.0322828201283423,0.0191760258671382,-1.E-5));
#6018=CARTESIAN_POINT('',(0.0322542868257882,0.0192053717102588,-1.E-5));
#6019=CARTESIAN_POINT('',(0.0322542870096938,0.0192053717601978,-1.E-5));
#6020=CARTESIAN_POINT('',(0.0322542868257882,0.0192053717102588,-1.E-5));
#6021=CARTESIAN_POINT('',(0.032316832772733,0.0194598227239936,-1.E-5));
#6022=CARTESIAN_POINT('',(0.0324239579022093,0.0196028260263378,-1.E-5));
#6023=CARTESIAN_POINT('',(0.0325290240022898,0.0197509771062862,-1.E-5));
#6024=CARTESIAN_POINT('',(0.0325290236831169,0.0197509769443408,-1.E-5));
#6025=CARTESIAN_POINT('',(0.0325290240022898,0.0197509771062862,-1.E-5));
#6026=CARTESIAN_POINT('',(0.03224115276723,0.0197552519253156,-1.E-5));
#6027=CARTESIAN_POINT('',(0.0318050085548076,0.0197498567604609,-1.E-5));
#6028=CARTESIAN_POINT('',(0.0318247675296285,0.0197741943589181,-1.E-5));
#6029=CARTESIAN_POINT('',(0.0318247675296285,0.0197741943589181,-1.E-5));
#6030=CARTESIAN_POINT('',(0.0318247675296285,0.0197741943589181,-1.E-5));
#6031=CARTESIAN_POINT('',(0.0320027663303967,0.0199560628514759,-1.E-5));
#6032=CARTESIAN_POINT('',(0.0320027663303967,0.0199560628514759,-1.E-5));
#6033=CARTESIAN_POINT('',(0.0317215818992352,0.0200317704124895,-1.E-5));
#6034=CARTESIAN_POINT('',(0.0314338607294448,0.0199439024209579,-1.E-5));
#6035=CARTESIAN_POINT('',(0.0312249886529879,0.0198786720365848,-1.E-5));
#6036=CARTESIAN_POINT('',(0.0312249886535458,0.0198786722113643,-1.E-5));
#6037=CARTESIAN_POINT('',(0.0312249886529879,0.0198786720365848,-1.E-5));
#6038=CARTESIAN_POINT('',(0.0311312037381118,0.0199526767486911,-1.E-5));
#6039=CARTESIAN_POINT('',(0.0312266494950501,0.0200462570587983,-1.E-5));
#6040=CARTESIAN_POINT('',(0.0313410748345016,0.0201418007908854,-1.E-5));
#6041=CARTESIAN_POINT('',(0.0313410742852692,0.0201418005494111,-1.E-5));
#6042=CARTESIAN_POINT('',(0.0316945176593659,0.0173339846120251,-1.E-5));
#6043=CARTESIAN_POINT('',(0.0306909921115015,0.0199792802922125,-1.E-5));
#6044=CARTESIAN_POINT('',(0.0306909920873913,0.0199792801041078,-1.E-5));
#6045=CARTESIAN_POINT('',(0.0305867086454569,0.0200734389574681,-1.E-5));
#6046=CARTESIAN_POINT('',(0.0307587089177464,0.0201675977700054,-1.E-5));
#6047=CARTESIAN_POINT('',(0.0308419041886759,0.0202617565825427,-1.E-5));
#6048=CARTESIAN_POINT('',(0.0308419037414073,0.0202617563280465,-1.E-5));
#6049=CARTESIAN_POINT('',(0.0308419041886759,0.0202617565825427,-1.E-5));
#6050=CARTESIAN_POINT('',(0.0304727161928708,0.0201917138221577,-1.E-5));
#6051=CARTESIAN_POINT('',(0.0303163073591607,0.0200933004387883,-1.E-5));
#6052=CARTESIAN_POINT('',(0.0301608648870005,0.0199947582997444,-1.E-5));
#6053=CARTESIAN_POINT('',(0.0301608649040744,0.0199947585079042,-1.E-5));
#6054=CARTESIAN_POINT('',(0.0301608648870005,0.0199947582997444,-1.E-5));
#6055=CARTESIAN_POINT('',(0.0300480850401714,0.0201028605272141,-1.E-5));
#6056=CARTESIAN_POINT('',(0.0301544083247016,0.0201947329263647,-1.E-5));
#6057=CARTESIAN_POINT('',(0.0302305167265423,0.0202888434453183,-1.E-5));
#6058=CARTESIAN_POINT('',(0.0302305162153378,0.0202888430782463,-1.E-5));
#6059=CARTESIAN_POINT('',(0.0302305167265423,0.0202888434453183,-1.E-5));
#6060=CARTESIAN_POINT('',(0.0299521565923338,0.0201857441963478,-1.E-5));
#6061=CARTESIAN_POINT('',(0.0298087755141455,0.0200526495698438,-1.E-5));
#6062=CARTESIAN_POINT('',(0.0296578245493853,0.0199212370949969,-1.E-5));
#6063=CARTESIAN_POINT('',(0.0296578245759512,0.0199212373391002,-1.E-5));
#6064=CARTESIAN_POINT('',(0.0296578245493853,0.0199212370949969,-1.E-5));
#6065=CARTESIAN_POINT('',(0.0296066459241297,0.0199903057374661,-1.E-5));
#6066=CARTESIAN_POINT('',(0.0295278027093052,0.0200409313746532,-1.E-5));
#6067=CARTESIAN_POINT('',(0.0296229986296144,0.0202075831019295,-1.E-5));
#6068=CARTESIAN_POINT('',(0.0296229981796161,0.0202075826501702,-1.E-5));
#6069=CARTESIAN_POINT('',(0.0303278723264089,0.0189340996203622,-1.E-5));
#6070=CARTESIAN_POINT('',(0.029166392591861,0.0198090206666002,-1.E-5));
#6071=CARTESIAN_POINT('',(0.0291663926339711,0.0198090204419809,-1.E-5));
#6072=CARTESIAN_POINT('',(0.0290441095243025,0.0198868832521509,-1.E-5));
#6073=CARTESIAN_POINT('',(0.0290935396197377,0.0199933649298381,-1.E-5));
#6074=CARTESIAN_POINT('',(0.0290928714292236,0.0200914969204158,-1.E-5));
#6075=CARTESIAN_POINT('',(0.0290928712649254,0.0200914965719187,-1.E-5));
#6076=CARTESIAN_POINT('',(0.0290928714292236,0.0200914969204158,-1.E-5));
#6077=CARTESIAN_POINT('',(0.0288874743679989,0.0199244141024852,-1.E-5));
#6078=CARTESIAN_POINT('',(0.0287571252909222,0.019746610108971,-1.E-5));
#6079=CARTESIAN_POINT('',(0.0285975701486036,0.0195729783871639,-1.E-5));
#6080=CARTESIAN_POINT('',(0.0285975701264981,0.0195729786094281,-1.E-5));
#6081=CARTESIAN_POINT('',(0.0285975701486036,0.0195729783871639,-1.E-5));
#6082=CARTESIAN_POINT('',(0.0285654294010746,0.0195963812210567,-1.E-5));
#6083=CARTESIAN_POINT('',(0.0285372863661962,0.0196757494193863,-1.E-5));
#6084=CARTESIAN_POINT('',(0.0285124405216551,0.0198012813033396,-1.E-5));
#6085=CARTESIAN_POINT('',(0.02362458739443,0.0192556759073122,-1.E-5));
#6086=CARTESIAN_POINT('',(0.0247559724063309,0.0188712496733389,-1.E-5));
#6087=CARTESIAN_POINT('',(0.0257768388378346,0.0183588540153587,-1.E-5));
#6088=CARTESIAN_POINT('',(0.0266312200181689,0.0176536860472306,-1.E-5));
#6089=CARTESIAN_POINT('',(0.02362458946258,0.0192556750285627,-1.E-5));
#6090=CARTESIAN_POINT('',(0.0266312200434018,0.0176536862425072,-1.E-5));
#6091=CARTESIAN_POINT('',(0.0266312200181689,0.0176536860472306,-1.E-5));
#6092=CARTESIAN_POINT('',(0.0276356494855601,0.0181284605544477,-1.E-5));
#6093=CARTESIAN_POINT('',(0.026943251271729,0.0193258817963198,-1.E-5));
#6094=CARTESIAN_POINT('',(0.0264532213806926,0.0198012811400477,-1.E-5));
#6095=CARTESIAN_POINT('',(0.0264532214846674,0.0198012808069662,-1.E-5));
#6096=CARTESIAN_POINT('',(0.0264532213806926,0.0198012811400477,-1.E-5));
#6097=CARTESIAN_POINT('',(0.0264283755361515,0.0196757492560944,-1.E-5));
#6098=CARTESIAN_POINT('',(0.0264002318481054,0.0195963810577648,-1.E-5));
#6099=CARTESIAN_POINT('',(0.0263680914271602,0.019572978223872,-1.E-5));
#6100=CARTESIAN_POINT('',(0.0263680914492651,0.0195729784461365,-1.E-5));
#6101=CARTESIAN_POINT('',(0.0263680914271602,0.019572978223872,-1.E-5));
#6102=CARTESIAN_POINT('',(0.026208535631674,0.0197466099456791,-1.E-5));
#6103=CARTESIAN_POINT('',(0.0260781868811811,0.0199244139391933,-1.E-5));
#6104=CARTESIAN_POINT('',(0.0258727898199564,0.0200914967571239,-1.E-5));
#6105=CARTESIAN_POINT('',(0.0258727899842546,0.0200914964086268,-1.E-5));
#6106=CARTESIAN_POINT('',(0.0258727898199564,0.0200914967571239,-1.E-5));
#6107=CARTESIAN_POINT('',(0.0258721216294424,0.0199933647665462,-1.E-5));
#6108=CARTESIAN_POINT('',(0.0259215513982937,0.0198868830888589,-1.E-5));
#6109=CARTESIAN_POINT('',(0.0257992686152089,0.019809020278689,-1.E-5));
#6110=CARTESIAN_POINT('',(0.0257992686574293,0.0198090205031583,-1.E-5));
#6111=CARTESIAN_POINT('',(0.0246377913081492,0.018934101936081,-1.E-5));
#6112=CARTESIAN_POINT('',(0.0253426630695673,0.0202075824868762,-1.E-5));
#6113=CARTESIAN_POINT('',(0.0253426626195656,0.0202075829386376,-1.E-5));
#6114=CARTESIAN_POINT('',(0.0254378591930425,0.0200409312113613,-1.E-5));
#6115=CARTESIAN_POINT('',(0.025359015978218,0.0199903055741742,-1.E-5));
#6116=CARTESIAN_POINT('',(0.0253078370263786,0.019921236931705,-1.E-5));
#6117=CARTESIAN_POINT('',(0.0253078369998171,0.0199212371758037,-1.E-5));
#6118=CARTESIAN_POINT('',(0.0253078370263786,0.019921236931705,-1.E-5));
#6119=CARTESIAN_POINT('',(0.0251568860616184,0.0200526494065519,-1.E-5));
#6120=CARTESIAN_POINT('',(0.0250135046568462,0.0201857440330558,-1.E-5));
#6121=CARTESIAN_POINT('',(0.0247351448492216,0.0202888432820263,-1.E-5));
#6122=CARTESIAN_POINT('',(0.0247351453604272,0.0202888429149534,-1.E-5));
#6123=CARTESIAN_POINT('',(0.0247351448492216,0.0202888432820263,-1.E-5));
#6124=CARTESIAN_POINT('',(0.0248112532510623,0.0201947327630728,-1.E-5));
#6125=CARTESIAN_POINT('',(0.0249175765355925,0.0201028603639221,-1.E-5));
#6126=CARTESIAN_POINT('',(0.0248047966887633,0.0199947581364525,-1.E-5));
#6127=CARTESIAN_POINT('',(0.024804796667708,0.0199947583471365,-1.E-5));
#6128=CARTESIAN_POINT('',(0.0248047966887633,0.0199947581364525,-1.E-5));
#6129=CARTESIAN_POINT('',(0.0246493538900193,0.0200933002754964,-1.E-5));
#6130=CARTESIAN_POINT('',(0.0244929450563092,0.0201917136588658,-1.E-5));
#6131=CARTESIAN_POINT('',(0.0241237570605041,0.0202617564192508,-1.E-5));
#6132=CARTESIAN_POINT('',(0.0241237575077761,0.0202617561647539,-1.E-5));
#6133=CARTESIAN_POINT('',(0.0241237570605041,0.0202617564192508,-1.E-5));
#6134=CARTESIAN_POINT('',(0.0242069529846013,0.0201675976067135,-1.E-5));
#6135=CARTESIAN_POINT('',(0.0243789529303069,0.0200734387941762,-1.E-5));
#6136=CARTESIAN_POINT('',(0.0242746694883725,0.0199792799408159,-1.E-5));
#6137=CARTESIAN_POINT('',(0.0242746694528902,0.0199792801333302,-1.E-5));
#6138=CARTESIAN_POINT('',(0.0232711428819802,0.0173339801309064,-1.E-5));
#6139=CARTESIAN_POINT('',(0.0236245872904942,0.0201418003861192,-1.E-5));
#6140=CARTESIAN_POINT('',(0.0236245867412623,0.0201418006275935,-1.E-5));
#6141=CARTESIAN_POINT('',(0.0237390119174218,0.0200462568955064,-1.E-5));
#6142=CARTESIAN_POINT('',(0.023834458000944,0.0199526765853992,-1.E-5));
#6143=CARTESIAN_POINT('',(0.023740672922776,0.0198786718732929,-1.E-5));
#6144=CARTESIAN_POINT('',(0.023740672888546,0.0198786720585882,-1.E-5));
#6145=CARTESIAN_POINT('',(0.023740672922776,0.0198786718732929,-1.E-5));
#6146=CARTESIAN_POINT('',(0.023531801009611,0.019943902257666,-1.E-5));
#6147=CARTESIAN_POINT('',(0.0232440800031125,0.0200317702491976,-1.E-5));
#6148=CARTESIAN_POINT('',(0.0229628952453671,0.019956062688184,-1.E-5));
#6149=CARTESIAN_POINT('',(0.0229628952453671,0.019956062688184,-1.E-5));
#6150=CARTESIAN_POINT('',(0.0231408938828434,0.0197741942772721,-1.E-5));
#6151=CARTESIAN_POINT('',(0.0231408938828434,0.0197741942772722,-1.E-5));
#6152=CARTESIAN_POINT('',(0.0231408938828434,0.0197741942772722,-1.E-5));
#6153=CARTESIAN_POINT('',(0.0231606528576643,0.019749856597169,-1.E-5));
#6154=CARTESIAN_POINT('',(0.0227245086452419,0.0197552518436696,-1.E-5));
#6155=CARTESIAN_POINT('',(0.0224366374101821,0.0197509770246402,-1.E-5));
#6156=CARTESIAN_POINT('',(0.0224366377294839,0.0197509768625125,-1.E-5));
#6157=CARTESIAN_POINT('',(0.0224366374101821,0.0197509770246402,-1.E-5));
#6158=CARTESIAN_POINT('',(0.0225417033469707,0.0196028258630458,-1.E-5));
#6159=CARTESIAN_POINT('',(0.0226488280682172,0.0194598226423477,-1.E-5));
#6160=CARTESIAN_POINT('',(0.0227113747499757,0.0192053717102588,-1.E-5));
#6161=CARTESIAN_POINT('',(0.0227113745801281,0.0192053717746552,-1.E-5));
#6162=CARTESIAN_POINT('',(0.0227113747499757,0.0192053717102588,-1.E-5));
#6163=CARTESIAN_POINT('',(0.0226828417740054,0.0191760258671382,-1.E-5));
#6164=CARTESIAN_POINT('',(0.0225401853853336,0.0191923292584646,-1.E-5));
#6165=CARTESIAN_POINT('',(0.0224056811822008,0.0192053717102588,-1.E-5));
#6166=CARTESIAN_POINT('',(0.0224056814570209,0.0192053715161618,-1.E-5));
#6167=CARTESIAN_POINT('',(0.0224056811822008,0.0192053717102588,-1.E-5));
#6168=CARTESIAN_POINT('',(0.0225435936141728,0.0189106084133641,-1.E-5));
#6169=CARTESIAN_POINT('',(0.0227831578755854,0.018836208044949,-1.E-5));
#6170=CARTESIAN_POINT('',(0.0228390703334419,0.0187100704296388,-1.E-5));
#6171=CARTESIAN_POINT('',(0.022839070129873,0.0187100704776061,-1.E-5));
#6172=CARTESIAN_POINT('',(0.0228390703334419,0.0187100704296388,-1.E-5));
#6173=CARTESIAN_POINT('',(0.0227548221562478,0.0186453080398927,-1.E-5));
#6174=CARTESIAN_POINT('',(0.0226379267000059,0.0186621645009335,-1.E-5));
#6175=CARTESIAN_POINT('',(0.0225101592680972,0.0187062009011412,-1.E-5));
#6176=CARTESIAN_POINT('',(0.0225101595902016,0.0187062006138364,-1.E-5));
#6177=CARTESIAN_POINT('',(0.0225101592680972,0.0187062009011412,-1.E-5));
#6178=CARTESIAN_POINT('',(0.0226094551217955,0.0184985221619953,-1.E-5));
#6179=CARTESIAN_POINT('',(0.0228177019535118,0.0183562137483933,-1.E-5));
#6180=CARTESIAN_POINT('',(0.0229822433777312,0.0181876824495353,-1.E-5));
#6181=CARTESIAN_POINT('',(0.0229822431232557,0.0181876824716042,-1.E-5));
#6182=CARTESIAN_POINT('',(0.0229822433777312,0.0181876824495353,-1.E-5));
#6183=CARTESIAN_POINT('',(0.0229406463954341,0.0181577110350903,-1.E-5));
#6184=CARTESIAN_POINT('',(0.0228679769213126,0.0181398237121932,-1.E-5));
#6185=CARTESIAN_POINT('',(0.0226958972891527,0.0181605957500516,-1.E-5));
#6186=CARTESIAN_POINT('',(0.0226958977217659,0.0181605955284135,-1.E-5));
#6187=CARTESIAN_POINT('',(0.0246274612570113,0.0199816672483278,-1.E-5));
#6188=CARTESIAN_POINT('',(0.0232492410812599,0.0177117287718868,-1.E-5));
#6189=CARTESIAN_POINT('',(0.0232492413339456,0.0177117288114037,-1.E-5));
#6190=CARTESIAN_POINT('',(0.0232106966041142,0.0176665100144432,-1.E-5));
#6191=CARTESIAN_POINT('',(0.0230781212050753,0.0176683042659996,-1.E-5));
#6192=CARTESIAN_POINT('',(0.0229551565149556,0.0176652944694317,-1.E-5));
#6193=CARTESIAN_POINT('',(0.0229551569094736,0.0176652943123716,-1.E-5));
#6194=CARTESIAN_POINT('',(0.0229551565149556,0.0176652944694317,-1.E-5));
#6195=CARTESIAN_POINT('',(0.0231523269295283,0.0174693742177563,-1.E-5));
#6196=CARTESIAN_POINT('',(0.0234061113040223,0.0173678102393659,-1.E-5));
#6197=CARTESIAN_POINT('',(0.0236439348736263,0.0172396450283535,-1.E-5));
#6198=CARTESIAN_POINT('',(0.02364393455543,0.017239645010504,-1.E-5));
#6199=CARTESIAN_POINT('',(0.0236439348736263,0.0172396450283535,-1.E-5));
#6200=CARTESIAN_POINT('',(0.0235253797183656,0.0171574249367373,-1.E-5));
#6201=CARTESIAN_POINT('',(0.0234406259894041,0.0171766107569384,-1.E-5));
#6202=CARTESIAN_POINT('',(0.0233498500546363,0.0171777322458071,-1.E-5));
#6203=CARTESIAN_POINT('',(0.023349850521618,0.0171777320733579,-1.E-5));
#6204=CARTESIAN_POINT('',(0.0233498500546363,0.0171777322458071,-1.E-5));
#6205=CARTESIAN_POINT('',(0.0235180590152552,0.0170374413038086,-1.E-5));
#6206=CARTESIAN_POINT('',(0.0238040654566515,0.0169644628813849,-1.E-5));
#6207=CARTESIAN_POINT('',(0.0240695846412883,0.0168797777350275,-1.E-5));
#6208=CARTESIAN_POINT('',(0.0240695843849081,0.0168797776418592,-1.E-5));
#6209=CARTESIAN_POINT('',(0.0240695846412883,0.0168797777350275,-1.E-5));
#6210=CARTESIAN_POINT('',(0.0240190862901486,0.0168001072833642,-1.E-5));
#6211=CARTESIAN_POINT('',(0.0239685879390088,0.0167783182634623,-1.E-5));
#6212=CARTESIAN_POINT('',(0.0238606297758308,0.0167559524965185,-1.E-5));
#6213=CARTESIAN_POINT('',(0.0238606302457712,0.0167559524236706,-1.E-5));
#6214=CARTESIAN_POINT('',(0.0238606297758308,0.0167559524965185,-1.E-5));
#6215=CARTESIAN_POINT('',(0.0241416669176854,0.0165980632583116,-1.E-5));
#6216=CARTESIAN_POINT('',(0.0245442226364649,0.0166702474288633,-1.E-5));
#6217=CARTESIAN_POINT('',(0.024657754932436,0.0165895622812433,-1.E-5));
#6218=CARTESIAN_POINT('',(0.0246577547398801,0.0165895622136201,-1.E-5));
#6219=CARTESIAN_POINT('',(0.024657754932436,0.0165895622812433,-1.E-5));
#6220=CARTESIAN_POINT('',(0.0246303454048374,0.0165102007778822,-1.E-5));
#6221=CARTESIAN_POINT('',(0.0245530495441946,0.0164585544845835,-1.E-5));
#6222=CARTESIAN_POINT('',(0.0244604081625956,0.0164154330089727,-1.E-5));
#6223=CARTESIAN_POINT('',(0.0244604088315216,0.0164154331364986,-1.E-5));
#6224=CARTESIAN_POINT('',(0.0244604081625956,0.0164154330089727,-1.E-5));
#6225=CARTESIAN_POINT('',(0.0249128508675871,0.0163887635203306,-1.E-5));
#6226=CARTESIAN_POINT('',(0.0261502443372072,0.0164321485490914,-1.E-5));
#6227=CARTESIAN_POINT('',(0.0263874395595243,0.0173828180726428,-1.E-5));
#6228=CARTESIAN_POINT('',(0.0263874393954855,0.0173828180059349,-1.E-5));
#6229=CARTESIAN_POINT('',(0.0263874395595243,0.0173828180726428,-1.E-5));
#6230=CARTESIAN_POINT('',(0.0259242731479244,0.017899390084628,-1.E-5));
#6231=CARTESIAN_POINT('',(0.0250788710633841,0.0185058998539839,-1.E-5));
#6232=CARTESIAN_POINT('',(0.02362458739443,0.0192556759073122,-1.E-5));
#6233=CARTESIAN_POINT('',(0.027463614048554,0.00957498320414446,-1.E-5));
#6234=CARTESIAN_POINT('',(0.025923536644435,0.00957498320414446,-1.E-5));
#6235=CARTESIAN_POINT('',(0.0298398813175205,0.0205484026383681,-1.E-5));
#6236=CARTESIAN_POINT('',(0.0299764266695844,0.0205916043923664,-1.E-5));
#6237=CARTESIAN_POINT('',(0.0301019968454917,0.020681410015961,-1.E-5));
#6238=CARTESIAN_POINT('',(0.0302498824944331,0.0206768206252641,-1.E-5));
#6239=CARTESIAN_POINT('',(0.0298398813183376,0.0205484028134365,-1.E-5));
#6240=CARTESIAN_POINT('',(0.0302498824944331,0.0206768206252641,-1.E-5));
#6241=CARTESIAN_POINT('',(0.0302498824944331,0.0206768206252641,-1.E-5));
#6242=CARTESIAN_POINT('',(0.030327346219164,0.0206744166570076,-1.E-5));
#6243=CARTESIAN_POINT('',(0.0304107720582768,0.0206458006930247,-1.E-5));
#6244=CARTESIAN_POINT('',(0.0305053807808615,0.0205711433235476,-1.E-5));
#6245=CARTESIAN_POINT('',(0.0305053808087772,0.0205711435138283,-1.E-5));
#6246=CARTESIAN_POINT('',(0.0305053807808615,0.0205711433235476,-1.E-5));
#6247=CARTESIAN_POINT('',(0.0307371102962168,0.0206605286694745,-1.E-5));
#6248=CARTESIAN_POINT('',(0.0309618443859554,0.020691582033182,-1.E-5));
#6249=CARTESIAN_POINT('',(0.0311628541200216,0.0205096097048266,-1.E-5));
#6250=CARTESIAN_POINT('',(0.0311628541761581,0.0205096098801764,-1.E-5));
#6251=CARTESIAN_POINT('',(0.0311628541200216,0.0205096097048266,-1.E-5));
#6252=CARTESIAN_POINT('',(0.0314730661383623,0.0205498635600983,-1.E-5));
#6253=CARTESIAN_POINT('',(0.0315740118935645,0.020466787788233,-1.E-5));
#6254=CARTESIAN_POINT('',(0.0316504411640172,0.0203698213753409,-1.E-5));
#6255=CARTESIAN_POINT('',(0.0316504412435435,0.020369821543689,-1.E-5));
#6256=CARTESIAN_POINT('',(0.0316504411640172,0.0203698213753409,-1.E-5));
#6257=CARTESIAN_POINT('',(0.0317185572431031,0.0203712310744387,-1.E-5));
#6258=CARTESIAN_POINT('',(0.0321602359083834,0.0204398534809286,-1.E-5));
#6259=CARTESIAN_POINT('',(0.0323627596850807,0.0201377326177738,-1.E-5));
#6260=CARTESIAN_POINT('',(0.0323627597667464,0.0201377327952704,-1.E-5));
#6261=CARTESIAN_POINT('',(0.0323627596850807,0.0201377326177738,-1.E-5));
#6262=CARTESIAN_POINT('',(0.0328717582180718,0.0201979482666299,-1.E-5));
#6263=CARTESIAN_POINT('',(0.0330326045503812,0.019838350119202,-1.E-5));
#6264=CARTESIAN_POINT('',(0.0328503467290763,0.0195029999637932,-1.E-5));
#6265=CARTESIAN_POINT('',(0.0328503482046129,0.0195029979866905,-1.E-5));
#6266=CARTESIAN_POINT('',(0.0328503467290763,0.0195029999637932,-1.E-5));
#6267=CARTESIAN_POINT('',(0.0329542991783,0.0193420718630576,-1.E-5));
#6268=CARTESIAN_POINT('',(0.0330620117504387,0.0191830844867258,-1.E-5));
#6269=CARTESIAN_POINT('',(0.0328189110760341,0.0188762934339936,-1.E-5));
#6270=CARTESIAN_POINT('',(0.0328189112730247,0.0188762934133201,-1.E-5));
#6271=CARTESIAN_POINT('',(0.0328189110760341,0.0188762934339936,-1.E-5));
#6272=CARTESIAN_POINT('',(0.0329049084362162,0.0187054223252929,-1.E-5));
#6273=CARTESIAN_POINT('',(0.0328516026888366,0.018520061345268,-1.E-5));
#6274=CARTESIAN_POINT('',(0.0326490247808696,0.0182957371182348,-1.E-5));
#6275=CARTESIAN_POINT('',(0.0326490249624653,0.0182957370694876,-1.E-5));
#6276=CARTESIAN_POINT('',(0.0326490247808696,0.0182957371182348,-1.E-5));
#6277=CARTESIAN_POINT('',(0.0327024863903816,0.0180555397740698,-1.E-5));
#6278=CARTESIAN_POINT('',(0.0325973990623522,0.0178860654644056,-1.E-5));
#6279=CARTESIAN_POINT('',(0.0324089098991214,0.0177539737360175,-1.E-5));
#6280=CARTESIAN_POINT('',(0.0324089100753354,0.0177539736559884,-1.E-5));
#6281=CARTESIAN_POINT('',(0.0324089098991214,0.0177539737360175,-1.E-5));
#6282=CARTESIAN_POINT('',(0.0324441625823108,0.0174252759299131,-1.E-5));
#6283=CARTESIAN_POINT('',(0.0321074806996934,0.0172341499288471,-1.E-5));
#6284=CARTESIAN_POINT('',(0.0320069348463898,0.0171660601397594,-1.E-5));
#6285=CARTESIAN_POINT('',(0.0320069349963001,0.0171660600399911,-1.E-5));
#6286=CARTESIAN_POINT('',(0.0320069348463898,0.0171660601397594,-1.E-5));
#6287=CARTESIAN_POINT('',(0.0319683306783015,0.0169745314608323,-1.E-5));
#6288=CARTESIAN_POINT('',(0.031887871853275,0.0167938042154649,-1.E-5));
#6289=CARTESIAN_POINT('',(0.0315032955540322,0.016693856500444,-1.E-5));
#6290=CARTESIAN_POINT('',(0.0315032956946259,0.0166938563647795,-1.E-5));
#6291=CARTESIAN_POINT('',(0.0315032955540322,0.016693856500444,-1.E-5));
#6292=CARTESIAN_POINT('',(0.0314398736276121,0.0164084238668352,-1.E-5));
#6293=CARTESIAN_POINT('',(0.0312087461695455,0.0163591338758626,-1.E-5));
#6294=CARTESIAN_POINT('',(0.0309849417006761,0.0162992387282116,-1.E-5));
#6295=CARTESIAN_POINT('',(0.0309849421310654,0.016299238670837,-1.E-5));
#6296=CARTESIAN_POINT('',(0.0309849417006761,0.0162992387282116,-1.E-5));
#6297=CARTESIAN_POINT('',(0.0317246705657978,0.0158692623779833,-1.E-5));
#6298=CARTESIAN_POINT('',(0.0323590284648346,0.0153035143527819,-1.E-5));
#6299=CARTESIAN_POINT('',(0.0323547335608997,0.0139154798464554,-1.E-5));
#6300=CARTESIAN_POINT('',(0.0323547335608997,0.0139154798464554,-1.E-5));
#6301=CARTESIAN_POINT('',(0.0323547335608997,0.0139154798464554,-1.E-5));
#6302=CARTESIAN_POINT('',(0.0324630862373432,0.0137221840224297,-1.E-5));
#6303=CARTESIAN_POINT('',(0.0324630862373432,0.0137221840224297,-1.E-5));
#6304=CARTESIAN_POINT('',(0.0333113056176956,0.0132063226568563,-1.E-5));
#6305=CARTESIAN_POINT('',(0.0340744172930391,0.0115483617171209,-1.E-5));
#6306=CARTESIAN_POINT('',(0.0328811135384368,0.010200722038017,-1.E-5));
#6307=CARTESIAN_POINT('',(0.0328811136504341,0.0102007217268955,-1.E-5));
#6308=CARTESIAN_POINT('',(0.0328811135384368,0.010200722038017,-1.E-5));
#6309=CARTESIAN_POINT('',(0.0328031665512849,0.00977890375183655,-1.E-5));
#6310=CARTESIAN_POINT('',(0.0326724431274942,0.00947593193369237,-1.E-5));
#6311=CARTESIAN_POINT('',(0.0325560555091064,0.00914060480244354,-1.E-5));
#6312=CARTESIAN_POINT('',(0.0325560556722091,0.00914060476406992,-1.E-5));
#6313=CARTESIAN_POINT('',(0.0325560555091064,0.00914060480244354,-1.E-5));
#6314=CARTESIAN_POINT('',(0.0323819670598145,0.00778942168879519,-1.E-5));
#6315=CARTESIAN_POINT('',(0.03124581474047,0.00715672691790746,-1.E-5));
#6316=CARTESIAN_POINT('',(0.0309461487671346,0.00708190395001765,-1.E-5));
#6317=CARTESIAN_POINT('',(0.0309461486530192,0.00708190365357978,-1.E-5));
#6318=CARTESIAN_POINT('',(0.0309461487671346,0.00708190395001765,-1.E-5));
#6319=CARTESIAN_POINT('',(0.03050703362162,0.00674741548604164,-1.E-5));
#6320=CARTESIAN_POINT('',(0.0300393427176534,0.00643003870836883,-1.E-5));
#6321=CARTESIAN_POINT('',(0.0294064706117466,0.00620772525797066,-1.E-5));
#6322=CARTESIAN_POINT('',(0.0294064707038618,0.00620772511354759,-1.E-5));
#6323=CARTESIAN_POINT('',(0.0294064706117466,0.00620772525797066,-1.E-5));
#6324=CARTESIAN_POINT('',(0.0288098587817875,0.00559240082777869,-1.E-5));
#6325=CARTESIAN_POINT('',(0.028163515419519,0.00535788881820048,-1.E-5));
#6326=CARTESIAN_POINT('',(0.0275136429923946,0.00535829378214841,-1.E-5));
#6327=CARTESIAN_POINT('',(0.0275136429888726,0.00535829497413875,-1.E-5));
#6328=CARTESIAN_POINT('',(0.0325284451467099,0.00537311609489454,-1.E-5));
#6329=CARTESIAN_POINT('',(0.0274848827140794,0.00535829378214841,-1.E-5));
#6330=CARTESIAN_POINT('',(0.0274848827140794,0.00535829378214841,-1.E-5));
#6331=CARTESIAN_POINT('',(0.026835010286955,0.00535788881820048,-1.E-5));
#6332=CARTESIAN_POINT('',(0.0261886669246866,0.00559240082777869,-1.E-5));
#6333=CARTESIAN_POINT('',(0.0255920550947275,0.00620772525797066,-1.E-5));
#6334=CARTESIAN_POINT('',(0.0255920550015993,0.00620772511403336,-1.E-5));
#6335=CARTESIAN_POINT('',(0.0255920550947275,0.00620772525797066,-1.E-5));
#6336=CARTESIAN_POINT('',(0.0249591826622368,0.00643003870836883,-1.E-5));
#6337=CARTESIAN_POINT('',(0.0244914924114379,0.00674741548604163,-1.E-5));
#6338=CARTESIAN_POINT('',(0.0240523769393394,0.00708190395001765,-1.E-5));
#6339=CARTESIAN_POINT('',(0.02405237686566,0.00708190379662937,-1.E-5));
#6340=CARTESIAN_POINT('',(0.0240523769393394,0.00708190395001765,-1.E-5));
#6341=CARTESIAN_POINT('',(0.0237527108027122,0.00715672691790746,-1.E-5));
#6342=CARTESIAN_POINT('',(0.0226165589732434,0.00778942168879519,-1.E-5));
#6343=CARTESIAN_POINT('',(0.0224424701973677,0.00914060480244353,-1.E-5));
#6344=CARTESIAN_POINT('',(0.0224424701061142,0.00914060455706385,-1.E-5));
#6345=CARTESIAN_POINT('',(0.0224424701973677,0.00914060480244353,-1.E-5));
#6346=CARTESIAN_POINT('',(0.022326082252396,0.00947593193369236,-1.E-5));
#6347=CARTESIAN_POINT('',(0.0221953598900027,0.00977890375183655,-1.E-5));
#6348=CARTESIAN_POINT('',(0.0221174121680373,0.010200722038017,-1.E-5));
#6349=CARTESIAN_POINT('',(0.0221174120125681,0.0102007219621506,-1.E-5));
#6350=CARTESIAN_POINT('',(0.0221174121680373,0.010200722038017,-1.E-5));
#6351=CARTESIAN_POINT('',(0.0209241088216648,0.0115483617171209,-1.E-5));
#6352=CARTESIAN_POINT('',(0.0216872202724818,0.0132063226568563,-1.E-5));
#6353=CARTESIAN_POINT('',(0.0225354394691309,0.0137221840224297,-1.E-5));
#6354=CARTESIAN_POINT('',(0.0225354394691309,0.0137221840224297,-1.E-5));
#6355=CARTESIAN_POINT('',(0.0225354394691309,0.0137221840224297,-1.E-5));
#6356=CARTESIAN_POINT('',(0.0226437921455743,0.0139154798464554,-1.E-5));
#6357=CARTESIAN_POINT('',(0.0226437921455743,0.0139154798464554,-1.E-5));
#6358=CARTESIAN_POINT('',(0.0226394969150556,0.0153035143527819,-1.E-5));
#6359=CARTESIAN_POINT('',(0.0232738553039682,0.0158692623779833,-1.E-5));
#6360=CARTESIAN_POINT('',(0.0240135840057979,0.0162992387282116,-1.E-5));
#6361=CARTESIAN_POINT('',(0.0240135835754087,0.016299238670837,-1.E-5));
#6362=CARTESIAN_POINT('',(0.0240135840057979,0.0162992387282116,-1.E-5));
#6363=CARTESIAN_POINT('',(0.0237897793736366,0.0163591338758626,-1.E-5));
#6364=CARTESIAN_POINT('',(0.023558652078862,0.0164084238668352,-1.E-5));
#6365=CARTESIAN_POINT('',(0.0234952301524418,0.016693856500444,-1.E-5));
#6366=CARTESIAN_POINT('',(0.0234952300118576,0.0166938563647652,-1.E-5));
#6367=CARTESIAN_POINT('',(0.0234952301524418,0.016693856500444,-1.E-5));
#6368=CARTESIAN_POINT('',(0.0231106535266153,0.0167938042154649,-1.E-5));
#6369=CARTESIAN_POINT('',(0.0230301950281726,0.0169745314608323,-1.E-5));
#6370=CARTESIAN_POINT('',(0.0229915908600842,0.0171660601397594,-1.E-5));
#6371=CARTESIAN_POINT('',(0.022991590710174,0.0171660600399911,-1.E-5));
#6372=CARTESIAN_POINT('',(0.0229915908600842,0.0171660601397594,-1.E-5));
#6373=CARTESIAN_POINT('',(0.0228910448434887,0.0172341499288471,-1.E-5));
#6374=CARTESIAN_POINT('',(0.0225543630425173,0.0174252759299131,-1.E-5));
#6375=CARTESIAN_POINT('',(0.0225896158073526,0.0177539737360175,-1.E-5));
#6376=CARTESIAN_POINT('',(0.0225896156307168,0.0177539736562827,-1.E-5));
#6377=CARTESIAN_POINT('',(0.0225896158073526,0.0177539737360175,-1.E-5));
#6378=CARTESIAN_POINT('',(0.0224011259909542,0.0178860654644056,-1.E-5));
#6379=CARTESIAN_POINT('',(0.0222960391528005,0.0180555397740698,-1.E-5));
#6380=CARTESIAN_POINT('',(0.0223495009256044,0.0182957371182348,-1.E-5));
#6381=CARTESIAN_POINT('',(0.0223495007436788,0.0182957370710125,-1.E-5));
#6382=CARTESIAN_POINT('',(0.0223495009256044,0.0182957371182348,-1.E-5));
#6383=CARTESIAN_POINT('',(0.0221469222828238,0.018520061345268,-1.E-5));
#6384=CARTESIAN_POINT('',(0.0220936172702578,0.0187054223252929,-1.E-5));
#6385=CARTESIAN_POINT('',(0.02217961463044,0.0188762934339936,-1.E-5));
#6386=CARTESIAN_POINT('',(0.0221796144328917,0.0188762934149344,-1.E-5));
#6387=CARTESIAN_POINT('',(0.02217961463044,0.0188762934339936,-1.E-5));
#6388=CARTESIAN_POINT('',(0.0219365134661596,0.0191830844867258,-1.E-5));
#6389=CARTESIAN_POINT('',(0.0220442260382983,0.0193420718630576,-1.E-5));
#6390=CARTESIAN_POINT('',(0.0221481789773977,0.0195029999637932,-1.E-5));
#6391=CARTESIAN_POINT('',(0.0221481787836174,0.0195029999713176,-1.E-5));
#6392=CARTESIAN_POINT('',(0.0221481789773977,0.0195029999637932,-1.E-5));
#6393=CARTESIAN_POINT('',(0.0219659216867916,0.019838350119202,-1.E-5));
#6394=CARTESIAN_POINT('',(0.0221267668352345,0.0201979482666299,-1.E-5));
#6395=CARTESIAN_POINT('',(0.0226357660213933,0.0201377326177738,-1.E-5));
#6396=CARTESIAN_POINT('',(0.0226357659400288,0.0201377327957207,-1.E-5));
#6397=CARTESIAN_POINT('',(0.0226357660213933,0.0201377326177738,-1.E-5));
#6398=CARTESIAN_POINT('',(0.0228382897980907,0.0204398534809286,-1.E-5));
#6399=CARTESIAN_POINT('',(0.023279968300079,0.0203712310744387,-1.E-5));
#6400=CARTESIAN_POINT('',(0.0233480845424569,0.0203698213753409,-1.E-5));
#6401=CARTESIAN_POINT('',(0.0233480844629304,0.020369821543689,-1.E-5));
#6402=CARTESIAN_POINT('',(0.0233480845424569,0.0203698213753409,-1.E-5));
#6403=CARTESIAN_POINT('',(0.0234245136496176,0.020466787788233,-1.E-5));
#6404=CARTESIAN_POINT('',(0.0235254594048198,0.0205498635600983,-1.E-5));
#6405=CARTESIAN_POINT('',(0.0238356715864525,0.0205096097048266,-1.E-5));
#6406=CARTESIAN_POINT('',(0.0238356715316139,0.0205096098800068,-1.E-5));
#6407=CARTESIAN_POINT('',(0.0238356715864525,0.0205096097048266,-1.E-5));
#6408=CARTESIAN_POINT('',(0.0240366813205187,0.0206915820306306,-1.E-5));
#6409=CARTESIAN_POINT('',(0.0242614154102572,0.0206605286643716,-1.E-5));
#6410=CARTESIAN_POINT('',(0.0244931449256125,0.0205711433235476,-1.E-5));
#6411=CARTESIAN_POINT('',(0.0244931448969495,0.0205711435132399,-1.E-5));
#6412=CARTESIAN_POINT('',(0.0244931449256125,0.0205711433235476,-1.E-5));
#6413=CARTESIAN_POINT('',(0.0247683701816466,0.0207883283821535,-1.E-5));
#6414=CARTESIAN_POINT('',(0.0249505752188402,0.0206142338961636,-1.E-5));
#6415=CARTESIAN_POINT('',(0.0251586443889536,0.0205484026383681,-1.E-5));
#6416=CARTESIAN_POINT('',(0.0251586443881365,0.0205484028134367,-1.E-5));
#6417=CARTESIAN_POINT('',(0.0251586443889536,0.0205484026383681,-1.E-5));
#6418=CARTESIAN_POINT('',(0.0254919715208338,0.0206572963417473,-1.E-5));
#6419=CARTESIAN_POINT('',(0.0255681485052785,0.0205081455682869,-1.E-5));
#6420=CARTESIAN_POINT('',(0.0257318434242132,0.0204474072424239,-1.E-5));
#6421=CARTESIAN_POINT('',(0.0257318434369536,0.0204474074154666,-1.E-5));
#6422=CARTESIAN_POINT('',(0.0257318434242132,0.0204474072424239,-1.E-5));
#6423=CARTESIAN_POINT('',(0.0260951646681145,0.0205242028378752,-1.E-5));
#6424=CARTESIAN_POINT('',(0.0262056114000693,0.0203570110021803,-1.E-5));
#6425=CARTESIAN_POINT('',(0.0263799529518287,0.0201805386134057,-1.E-5));
#6426=CARTESIAN_POINT('',(0.0263799529518287,0.0201805386134057,-1.E-5));
#6427=CARTESIAN_POINT('',(0.0263799529518287,0.0201805386134057,-1.E-5));
#6428=CARTESIAN_POINT('',(0.0265826125873989,0.0201845516754962,-1.E-5));
#6429=CARTESIAN_POINT('',(0.0265826125873989,0.0201845516754962,-1.E-5));
#6430=CARTESIAN_POINT('',(0.0271307548049639,0.01986151373044,-1.E-5));
#6431=CARTESIAN_POINT('',(0.0274030701990818,0.0192037485886287,-1.E-5));
#6432=CARTESIAN_POINT('',(0.0274995972750779,0.0188655919350856,-1.E-5));
#6433=CARTESIAN_POINT('',(0.0274995972750749,0.0188655925422901,-1.E-5));
#6434=CARTESIAN_POINT('',(0.0274995972750779,0.0188655919350856,-1.E-5));
#6435=CARTESIAN_POINT('',(0.0275961687664748,0.019203801658501,-1.E-5));
#6436=CARTESIAN_POINT('',(0.0278678675703235,0.0198615706376722,-1.E-5));
#6437=CARTESIAN_POINT('',(0.0284159131190751,0.0201845516754962,-1.E-5));
#6438=CARTESIAN_POINT('',(0.0284159131190751,0.0201845516754962,-1.E-5));
#6439=CARTESIAN_POINT('',(0.0284159131190751,0.0201845516754962,-1.E-5));
#6440=CARTESIAN_POINT('',(0.0286185727546453,0.0201805386134057,-1.E-5));
#6441=CARTESIAN_POINT('',(0.0286185727546453,0.0201805386134057,-1.E-5));
#6442=CARTESIAN_POINT('',(0.0287929139798209,0.0203570110021803,-1.E-5));
#6443=CARTESIAN_POINT('',(0.0289033610383596,0.0205242028378752,-1.E-5));
#6444=CARTESIAN_POINT('',(0.0292666822822609,0.0204474072424239,-1.E-5));
#6445=CARTESIAN_POINT('',(0.0292666822695206,0.0204474074154664,-1.E-5));
#6446=CARTESIAN_POINT('',(0.0292666822822609,0.0204474072424239,-1.E-5));
#6447=CARTESIAN_POINT('',(0.0294303772011955,0.0205081455682869,-1.E-5));
#6448=CARTESIAN_POINT('',(0.0295065541856403,0.0206572963213358,-1.E-5));
#6449=CARTESIAN_POINT('',(0.0298398813175205,0.0205484026383681,-1.E-5));
#6450=CARTESIAN_POINT('',(0.0298398813182791,0.0205484026386081,0.));
#6451=CARTESIAN_POINT('',(0.0298398813182791,0.0205484026386081,-1.E-5));
#6452=CARTESIAN_POINT('',(0.029976426669557,0.0205916043925432,0.));
#6453=CARTESIAN_POINT('',(0.029976426669557,0.0205916043925432,-1.E-5));
#6454=CARTESIAN_POINT('',(0.0301019968448599,0.0206814100153048,0.));
#6455=CARTESIAN_POINT('',(0.0301019968448599,0.0206814100153048,-1.E-5));
#6456=CARTESIAN_POINT('',(0.0302498824928331,0.0206768206253137,0.));
#6457=CARTESIAN_POINT('',(0.0302498824928331,0.0206768206253137,-1.E-5));
#6458=CARTESIAN_POINT('',(0.0302498824944331,0.0206768206252641,0.));
#6459=CARTESIAN_POINT('',(0.0298398813175205,0.0205484026383681,0.));
#6460=CARTESIAN_POINT('',(0.0302498824925397,0.0206768206253229,0.));
#6461=CARTESIAN_POINT('',(0.0302498824925397,0.0206768206253229,-1.E-5));
#6462=CARTESIAN_POINT('',(0.0303273462171035,0.0206744166574956,0.));
#6463=CARTESIAN_POINT('',(0.0303273462171035,0.0206744166574956,-1.E-5));
#6464=CARTESIAN_POINT('',(0.0304107720559961,0.0206458006941509,0.));
#6465=CARTESIAN_POINT('',(0.0304107720559961,0.0206458006941509,-1.E-5));
#6466=CARTESIAN_POINT('',(0.0305053807782931,0.0205711433255744,0.));
#6467=CARTESIAN_POINT('',(0.0305053807782931,0.0205711433255744,-1.E-5));
#6468=CARTESIAN_POINT('',(0.0305053807808615,0.0205711433235476,0.));
#6469=CARTESIAN_POINT('',(0.0305053807808625,0.020571143323548,0.));
#6470=CARTESIAN_POINT('',(0.0305053807808625,0.020571143323548,-1.E-5));
#6471=CARTESIAN_POINT('',(0.030737110287746,0.0206605286662069,0.));
#6472=CARTESIAN_POINT('',(0.030737110287746,0.0206605286662069,-1.E-5));
#6473=CARTESIAN_POINT('',(0.0309618443695241,0.0206915820309112,0.));
#6474=CARTESIAN_POINT('',(0.0309618443695241,0.0206915820309112,-1.E-5));
#6475=CARTESIAN_POINT('',(0.0311628540979761,0.0205096097247842,0.));
#6476=CARTESIAN_POINT('',(0.0311628540979761,0.0205096097247842,-1.E-5));
#6477=CARTESIAN_POINT('',(0.0311628541200216,0.0205096097048266,0.));
#6478=CARTESIAN_POINT('',(0.0311628540282497,0.0205096096929181,0.));
#6479=CARTESIAN_POINT('',(0.0311628540282497,0.0205096096929181,-1.E-5));
#6480=CARTESIAN_POINT('',(0.0314730661186861,0.020549863576513,0.));
#6481=CARTESIAN_POINT('',(0.0314730661186861,0.020549863576513,-1.E-5));
#6482=CARTESIAN_POINT('',(0.0315740118861792,0.0204667877976704,0.));
#6483=CARTESIAN_POINT('',(0.0315740118861792,0.0204667877976704,-1.E-5));
#6484=CARTESIAN_POINT('',(0.0316504411641893,0.0203698213751226,0.));
#6485=CARTESIAN_POINT('',(0.0316504411641893,0.0203698213751226,-1.E-5));
#6486=CARTESIAN_POINT('',(0.0316504411640172,0.0203698213753409,0.));
#6487=CARTESIAN_POINT('',(0.0316504411317148,0.0203698213746724,0.));
#6488=CARTESIAN_POINT('',(0.0316504411317148,0.0203698213746724,-1.E-5));
#6489=CARTESIAN_POINT('',(0.0317185571034628,0.0203712310527436,0.));
#6490=CARTESIAN_POINT('',(0.0317185571034628,0.0203712310527436,-1.E-5));
#6491=CARTESIAN_POINT('',(0.032160235876326,0.0204398535286797,0.));
#6492=CARTESIAN_POINT('',(0.032160235876326,0.0204398535286797,-1.E-5));
#6493=CARTESIAN_POINT('',(0.0323627596850509,0.0201377326178183,0.));
#6494=CARTESIAN_POINT('',(0.0323627596850509,0.0201377326178183,-1.E-5));
#6495=CARTESIAN_POINT('',(0.0323627596850807,0.0201377326177738,0.));
#6496=CARTESIAN_POINT('',(0.0323627596851956,0.0201377326177874,0.));
#6497=CARTESIAN_POINT('',(0.0323627596851956,0.0201377326177874,-1.E-5));
#6498=CARTESIAN_POINT('',(0.0328717582573422,0.0201979482712187,0.));
#6499=CARTESIAN_POINT('',(0.0328717582573422,0.0201979482712187,-1.E-5));
#6500=CARTESIAN_POINT('',(0.0330326045751715,0.0198383500637232,0.));
#6501=CARTESIAN_POINT('',(0.0330326045751715,0.0198383500637232,-1.E-5));
#6502=CARTESIAN_POINT('',(0.0328503466869174,0.0195029998862218,0.));
#6503=CARTESIAN_POINT('',(0.0328503466869174,0.0195029998862218,-1.E-5));
#6504=CARTESIAN_POINT('',(0.0328503467290763,0.0195029999637932,0.));
#6505=CARTESIAN_POINT('',(0.0328503467290555,0.0195029999638255,0.));
#6506=CARTESIAN_POINT('',(0.0328503467290555,0.0195029999638255,-1.E-5));
#6507=CARTESIAN_POINT('',(0.0329542991844593,0.0193420718535213,0.));
#6508=CARTESIAN_POINT('',(0.0329542991844593,0.0193420718535213,-1.E-5));
#6509=CARTESIAN_POINT('',(0.033062011763249,0.0191830844678619,0.));
#6510=CARTESIAN_POINT('',(0.033062011763249,0.0191830844678619,-1.E-5));
#6511=CARTESIAN_POINT('',(0.0328189110327211,0.0188762933793329,0.));
#6512=CARTESIAN_POINT('',(0.0328189110327211,0.0188762933793329,-1.E-5));
#6513=CARTESIAN_POINT('',(0.0328189110760341,0.0188762934339936,0.));
#6514=CARTESIAN_POINT('',(0.0328189110990253,0.0188762933883115,0.));
#6515=CARTESIAN_POINT('',(0.0328189110990253,0.0188762933883115,-1.E-5));
#6516=CARTESIAN_POINT('',(0.0329049084245711,0.0187054222965161,0.));
#6517=CARTESIAN_POINT('',(0.0329049084245711,0.0187054222965161,-1.E-5));
#6518=CARTESIAN_POINT('',(0.0328516026734419,0.0185200613345207,0.));
#6519=CARTESIAN_POINT('',(0.0328516026734419,0.0185200613345207,-1.E-5));
#6520=CARTESIAN_POINT('',(0.0326490247960228,0.0182957371350147,0.));
#6521=CARTESIAN_POINT('',(0.0326490247960228,0.0182957371350147,-1.E-5));
#6522=CARTESIAN_POINT('',(0.0326490247808696,0.0182957371182348,0.));
#6523=CARTESIAN_POINT('',(0.0326490247973724,0.0182957370440895,0.));
#6524=CARTESIAN_POINT('',(0.0326490247973724,0.0182957370440895,-1.E-5));
#6525=CARTESIAN_POINT('',(0.0327024863687561,0.0180555397391918,0.));
#6526=CARTESIAN_POINT('',(0.0327024863687561,0.0180555397391918,-1.E-5));
#6527=CARTESIAN_POINT('',(0.0325973990429559,0.0178860654508114,0.));
#6528=CARTESIAN_POINT('',(0.0325973990429559,0.0178860654508114,-1.E-5));
#6529=CARTESIAN_POINT('',(0.032408909899117,0.0177539737360145,0.));
#6530=CARTESIAN_POINT('',(0.032408909899117,0.0177539737360145,-1.E-5));
#6531=CARTESIAN_POINT('',(0.0324089098991214,0.0177539737360175,0.));
#6532=CARTESIAN_POINT('',(0.0324089098991278,0.0177539737359577,8.470329472543E-22));
#6533=CARTESIAN_POINT('',(0.0324089098991278,0.0177539737359577,-1.E-5));
#6534=CARTESIAN_POINT('',(0.0324441625825232,0.0174252759275278,8.470329472543E-22));
#6535=CARTESIAN_POINT('',(0.0324441625825232,0.0174252759275278,-1.E-5));
#6536=CARTESIAN_POINT('',(0.0321074806948483,0.017234149926096,8.470329472543E-22));
#6537=CARTESIAN_POINT('',(0.0321074806948483,0.017234149926096,-1.E-5));
#6538=CARTESIAN_POINT('',(0.0320069348442221,0.0171660601382915,8.470329472543E-22));
#6539=CARTESIAN_POINT('',(0.0320069348442221,0.0171660601382915,-1.E-5));
#6540=CARTESIAN_POINT('',(0.0320069348463898,0.0171660601397594,0.));
#6541=CARTESIAN_POINT('',(0.0320069348463899,0.0171660601397599,0.));
#6542=CARTESIAN_POINT('',(0.0320069348463899,0.0171660601397599,-1.E-5));
#6543=CARTESIAN_POINT('',(0.0319683306768555,0.0169745314536578,0.));
#6544=CARTESIAN_POINT('',(0.0319683306768555,0.0169745314536578,-1.E-5));
#6545=CARTESIAN_POINT('',(0.0318878718472473,0.0167938042019245,0.));
#6546=CARTESIAN_POINT('',(0.0318878718472473,0.0167938042019245,-1.E-5));
#6547=CARTESIAN_POINT('',(0.0315032955108124,0.0166938564892116,0.));
#6548=CARTESIAN_POINT('',(0.0315032955108124,0.0166938564892116,-1.E-5));
#6549=CARTESIAN_POINT('',(0.0315032955540322,0.016693856500444,0.));
#6550=CARTESIAN_POINT('',(0.0315032955550391,0.0166938565049756,0.));
#6551=CARTESIAN_POINT('',(0.0315032955550391,0.0166938565049756,-1.E-5));
#6552=CARTESIAN_POINT('',(0.0314398736300241,0.0164084238672023,0.));
#6553=CARTESIAN_POINT('',(0.0314398736300241,0.0164084238672023,-1.E-5));
#6554=CARTESIAN_POINT('',(0.0312087461704796,0.0163591338761262,0.));
#6555=CARTESIAN_POINT('',(0.0312087461704796,0.0163591338761262,-1.E-5));
#6556=CARTESIAN_POINT('',(0.0309849417003125,0.0162992387281143,0.));
#6557=CARTESIAN_POINT('',(0.0309849417003125,0.0162992387281143,-1.E-5));
#6558=CARTESIAN_POINT('',(0.0309849417006761,0.0162992387282116,0.));
#6559=CARTESIAN_POINT('',(0.0309849417006758,0.0162992387282118,0.));
#6560=CARTESIAN_POINT('',(0.0309849417006758,0.0162992387282118,-1.E-5));
#6561=CARTESIAN_POINT('',(0.0317246705699916,0.0158692623755456,0.));
#6562=CARTESIAN_POINT('',(0.0317246705699916,0.0158692623755456,-1.E-5));
#6563=CARTESIAN_POINT('',(0.0323590284720277,0.0153035143463669,0.));
#6564=CARTESIAN_POINT('',(0.0323590284720277,0.0153035143463669,-1.E-5));
#6565=CARTESIAN_POINT('',(0.0323547335608266,0.0139154798228467,0.));
#6566=CARTESIAN_POINT('',(0.0323547335608266,0.0139154798228467,-1.E-5));
#6567=CARTESIAN_POINT('',(0.0323547335608997,0.0139154798464554,0.));
#6568=CARTESIAN_POINT('',(0.0323547335608997,0.0139154798464554,0.));
#6569=CARTESIAN_POINT('',(0.0324630862373432,0.0137221840224297,0.));
#6570=CARTESIAN_POINT('',(0.0324630862549223,0.0137221840117386,8.470329472543E-22));
#6571=CARTESIAN_POINT('',(0.0324630862549223,0.0137221840117386,-1.E-5));
#6572=CARTESIAN_POINT('',(0.033311305628236,0.013206322633951,8.470329472543E-22));
#6573=CARTESIAN_POINT('',(0.033311305628236,0.013206322633951,-1.E-5));
#6574=CARTESIAN_POINT('',(0.03407441728479,0.0115483617078231,8.470329472543E-22));
#6575=CARTESIAN_POINT('',(0.03407441728479,0.0115483617078231,-1.E-5));
#6576=CARTESIAN_POINT('',(0.0328811135384499,0.0102007220380317,8.470329472543E-22));
#6577=CARTESIAN_POINT('',(0.0328811135384499,0.0102007220380317,-1.E-5));
#6578=CARTESIAN_POINT('',(0.0328811135384368,0.010200722038017,0.));
#6579=CARTESIAN_POINT('',(0.0328811135371569,0.0102007220310908,0.));
#6580=CARTESIAN_POINT('',(0.0328811135371569,0.0102007220310908,-1.E-5));
#6581=CARTESIAN_POINT('',(0.032803166550461,0.00977890375180516,0.));
#6582=CARTESIAN_POINT('',(0.032803166550461,0.00977890375180516,-1.E-5));
#6583=CARTESIAN_POINT('',(0.0326724431288934,0.00947593193657612,0.));
#6584=CARTESIAN_POINT('',(0.0326724431288934,0.00947593193657612,-1.E-5));
#6585=CARTESIAN_POINT('',(0.0325560555118257,0.00914060481027814,0.));
#6586=CARTESIAN_POINT('',(0.0325560555118257,0.00914060481027814,-1.E-5));
#6587=CARTESIAN_POINT('',(0.0325560555091064,0.00914060480244354,0.));
#6588=CARTESIAN_POINT('',(0.0325560555091066,0.00914060480244536,0.));
#6589=CARTESIAN_POINT('',(0.0325560555091066,0.00914060480244536,-1.E-5));
#6590=CARTESIAN_POINT('',(0.0323819670591983,0.00778942168400722,0.));
#6591=CARTESIAN_POINT('',(0.0323819670591983,0.00778942168400722,-1.E-5));
#6592=CARTESIAN_POINT('',(0.0312458147324171,0.00715672691342303,0.));
#6593=CARTESIAN_POINT('',(0.0312458147324171,0.00715672691342303,-1.E-5));
#6594=CARTESIAN_POINT('',(0.0309461487639486,0.00708190394922214,0.));
#6595=CARTESIAN_POINT('',(0.0309461487639486,0.00708190394922214,-1.E-5));
#6596=CARTESIAN_POINT('',(0.0309461487671346,0.00708190395001765,0.));
#6597=CARTESIAN_POINT('',(0.0309461487210923,0.00708190391494572,0.));
#6598=CARTESIAN_POINT('',(0.0309461487210923,0.00708190391494572,-1.E-5));
#6599=CARTESIAN_POINT('',(0.0305070335893837,0.00674741546420387,0.));
#6600=CARTESIAN_POINT('',(0.0305070335893837,0.00674741546420387,-1.E-5));
#6601=CARTESIAN_POINT('',(0.0300393426965054,0.00643003870125801,0.));
#6602=CARTESIAN_POINT('',(0.0300393426965054,0.00643003870125801,-1.E-5));
#6603=CARTESIAN_POINT('',(0.0294064706137184,0.0062077252586633,0.));
#6604=CARTESIAN_POINT('',(0.0294064706137184,0.0062077252586633,-1.E-5));
#6605=CARTESIAN_POINT('',(0.0294064706117466,0.00620772525797066,0.));
#6606=CARTESIAN_POINT('',(0.0294064706084295,0.00620772525454955,0.));
#6607=CARTESIAN_POINT('',(0.0294064706084295,0.00620772525454955,-1.E-5));
#6608=CARTESIAN_POINT('',(0.0288098587779251,0.00559240082539669,0.));
#6609=CARTESIAN_POINT('',(0.0288098587779251,0.00559240082539669,-1.E-5));
#6610=CARTESIAN_POINT('',(0.0281635154151366,0.00535788881704814,0.));
#6611=CARTESIAN_POINT('',(0.0281635154151366,0.00535788881704814,-1.E-5));
#6612=CARTESIAN_POINT('',(0.0275136429876015,0.0053582937821514,0.));
#6613=CARTESIAN_POINT('',(0.0275136429876015,0.0053582937821514,-1.E-5));
#6614=CARTESIAN_POINT('',(0.0275136429923946,0.00535829378214841,0.));
#6615=CARTESIAN_POINT('',(0.0274992633431128,0.00535825606171617,-6.E-6));
#6616=CARTESIAN_POINT('',(0.027484882951084,0.00535821357108628,5.0821976835258E-21));
#6617=CARTESIAN_POINT('',(0.027484882951084,0.00535821357108628,-3.33333333333333E-6));
#6618=CARTESIAN_POINT('',(0.027484882951084,0.00535821357108628,-6.66666666666667E-6));
#6619=CARTESIAN_POINT('',(0.027484882951084,0.00535821357108628,-1.E-5));
#6620=CARTESIAN_POINT('',(0.0274848829010953,0.00535829378226496,0.));
#6621=CARTESIAN_POINT('',(0.0274848829010953,0.00535829378226496,-1.E-5));
#6622=CARTESIAN_POINT('',(0.0268350104121597,0.00535788877321039,0.));
#6623=CARTESIAN_POINT('',(0.0268350104121597,0.00535788877321039,-1.E-5));
#6624=CARTESIAN_POINT('',(0.026188666984312,0.00559240076788482,0.));
#6625=CARTESIAN_POINT('',(0.026188666984312,0.00559240076788482,-1.E-5));
#6626=CARTESIAN_POINT('',(0.0255920550980446,0.00620772525454954,0.));
#6627=CARTESIAN_POINT('',(0.0255920550980446,0.00620772525454954,-1.E-5));
#6628=CARTESIAN_POINT('',(0.0255920550947275,0.00620772525797066,0.));
#6629=CARTESIAN_POINT('',(0.0255920550927557,0.00620772525866331,-8.470329472543E-22));
#6630=CARTESIAN_POINT('',(0.0255920550927557,0.00620772525866331,-1.E-5));
#6631=CARTESIAN_POINT('',(0.0249591826833842,0.00643003870125819,-8.470329472543E-22));
#6632=CARTESIAN_POINT('',(0.0249591826833842,0.00643003870125819,-1.E-5));
#6633=CARTESIAN_POINT('',(0.0244914924436734,0.00674741546420434,-8.470329472543E-22));
#6634=CARTESIAN_POINT('',(0.0244914924436734,0.00674741546420434,-1.E-5));
#6635=CARTESIAN_POINT('',(0.0240523769853807,0.00708190391494648,-8.470329472543E-22));
#6636=CARTESIAN_POINT('',(0.0240523769853807,0.00708190391494648,-1.E-5));
#6637=CARTESIAN_POINT('',(0.0240523769393394,0.00708190395001765,0.));
#6638=CARTESIAN_POINT('',(0.0240523769425254,0.00708190394922214,0.));
#6639=CARTESIAN_POINT('',(0.0240523769425254,0.00708190394922214,-1.E-5));
#6640=CARTESIAN_POINT('',(0.023752710810765,0.00715672691342301,0.));
#6641=CARTESIAN_POINT('',(0.023752710810765,0.00715672691342301,-1.E-5));
#6642=CARTESIAN_POINT('',(0.0226165589738593,0.00778942168400724,0.));
#6643=CARTESIAN_POINT('',(0.0226165589738593,0.00778942168400724,-1.E-5));
#6644=CARTESIAN_POINT('',(0.0224424701973675,0.00914060480244535,0.));
#6645=CARTESIAN_POINT('',(0.0224424701973675,0.00914060480244535,-1.E-5));
#6646=CARTESIAN_POINT('',(0.0224424701973677,0.00914060480244353,0.));
#6647=CARTESIAN_POINT('',(0.0224424701946484,0.0091406048102783,0.));
#6648=CARTESIAN_POINT('',(0.0224424701946484,0.0091406048102783,-1.E-5));
#6649=CARTESIAN_POINT('',(0.0223260822509969,0.00947593193657618,0.));
#6650=CARTESIAN_POINT('',(0.0223260822509969,0.00947593193657618,-1.E-5));
#6651=CARTESIAN_POINT('',(0.0221953598908266,0.00977890375180517,0.));
#6652=CARTESIAN_POINT('',(0.0221953598908266,0.00977890375180517,-1.E-5));
#6653=CARTESIAN_POINT('',(0.0221174121693172,0.0102007220310906,0.));
#6654=CARTESIAN_POINT('',(0.0221174121693172,0.0102007220310906,-1.E-5));
#6655=CARTESIAN_POINT('',(0.0221174121680373,0.010200722038017,0.));
#6656=CARTESIAN_POINT('',(0.0221174121680242,0.0102007220380317,0.));
#6657=CARTESIAN_POINT('',(0.0221174121680242,0.0102007220380317,-1.E-5));
#6658=CARTESIAN_POINT('',(0.0209241088299141,0.0115483617078231,0.));
#6659=CARTESIAN_POINT('',(0.0209241088299141,0.0115483617078231,-1.E-5));
#6660=CARTESIAN_POINT('',(0.0216872202619413,0.0132063226339509,0.));
#6661=CARTESIAN_POINT('',(0.0216872202619413,0.0132063226339509,-1.E-5));
#6662=CARTESIAN_POINT('',(0.0225354394515518,0.0137221840117386,0.));
#6663=CARTESIAN_POINT('',(0.0225354394515518,0.0137221840117386,-1.E-5));
#6664=CARTESIAN_POINT('',(0.0225354394691309,0.0137221840224297,0.));
#6665=CARTESIAN_POINT('',(0.0225354394691309,0.0137221840224297,0.));
#6666=CARTESIAN_POINT('',(0.0226437921455743,0.0139154798464554,0.));
#6667=CARTESIAN_POINT('',(0.0226437921456474,0.0139154798228467,0.));
#6668=CARTESIAN_POINT('',(0.0226437921456474,0.0139154798228467,-1.E-5));
#6669=CARTESIAN_POINT('',(0.0226394969078625,0.015303514346367,0.));
#6670=CARTESIAN_POINT('',(0.0226394969078625,0.015303514346367,-1.E-5));
#6671=CARTESIAN_POINT('',(0.0232738552997744,0.0158692623755457,0.));
#6672=CARTESIAN_POINT('',(0.0232738552997744,0.0158692623755457,-1.E-5));
#6673=CARTESIAN_POINT('',(0.0240135840057982,0.0162992387282118,0.));
#6674=CARTESIAN_POINT('',(0.0240135840057982,0.0162992387282118,-1.E-5));
#6675=CARTESIAN_POINT('',(0.0240135840057979,0.0162992387282116,0.));
#6676=CARTESIAN_POINT('',(0.0240135840061615,0.0162992387281143,0.));
#6677=CARTESIAN_POINT('',(0.0240135840061615,0.0162992387281143,-1.E-5));
#6678=CARTESIAN_POINT('',(0.0237897793727025,0.0163591338761262,0.));
#6679=CARTESIAN_POINT('',(0.0237897793727025,0.0163591338761262,-1.E-5));
#6680=CARTESIAN_POINT('',(0.0235586520764501,0.0164084238672023,0.));
#6681=CARTESIAN_POINT('',(0.0235586520764501,0.0164084238672023,-1.E-5));
#6682=CARTESIAN_POINT('',(0.0234952301514349,0.0166938565049757,0.));
#6683=CARTESIAN_POINT('',(0.0234952301514349,0.0166938565049757,-1.E-5));
#6684=CARTESIAN_POINT('',(0.0234952301524418,0.016693856500444,0.));
#6685=CARTESIAN_POINT('',(0.0234952301956621,0.0166938564892115,0.));
#6686=CARTESIAN_POINT('',(0.0234952301956621,0.0166938564892115,-1.E-5));
#6687=CARTESIAN_POINT('',(0.0231106535326431,0.0167938042019244,0.));
#6688=CARTESIAN_POINT('',(0.0231106535326431,0.0167938042019244,-1.E-5));
#6689=CARTESIAN_POINT('',(0.0230301950296186,0.0169745314536577,0.));
#6690=CARTESIAN_POINT('',(0.0230301950296186,0.0169745314536577,-1.E-5));
#6691=CARTESIAN_POINT('',(0.0229915908600841,0.0171660601397599,0.));
#6692=CARTESIAN_POINT('',(0.0229915908600841,0.0171660601397599,-1.E-5));
#6693=CARTESIAN_POINT('',(0.0229915908600842,0.0171660601397594,0.));
#6694=CARTESIAN_POINT('',(0.0229915908622519,0.0171660601382915,8.470329472543E-22));
#6695=CARTESIAN_POINT('',(0.0229915908622519,0.0171660601382915,-1.E-5));
#6696=CARTESIAN_POINT('',(0.0228910448483337,0.017234149926096,8.470329472543E-22));
#6697=CARTESIAN_POINT('',(0.0228910448483337,0.017234149926096,-1.E-5));
#6698=CARTESIAN_POINT('',(0.0225543630423048,0.0174252759275278,8.470329472543E-22));
#6699=CARTESIAN_POINT('',(0.0225543630423048,0.0174252759275278,-1.E-5));
#6700=CARTESIAN_POINT('',(0.0225896158073462,0.0177539737359577,8.470329472543E-22));
#6701=CARTESIAN_POINT('',(0.0225896158073462,0.0177539737359577,-1.E-5));
#6702=CARTESIAN_POINT('',(0.0225896158073526,0.0177539737360175,0.));
#6703=CARTESIAN_POINT('',(0.022589615807357,0.0177539737360144,0.));
#6704=CARTESIAN_POINT('',(0.022589615807357,0.0177539737360144,-1.E-5));
#6705=CARTESIAN_POINT('',(0.0224011260103508,0.0178860654508111,0.));
#6706=CARTESIAN_POINT('',(0.0224011260103508,0.0178860654508111,-1.E-5));
#6707=CARTESIAN_POINT('',(0.0222960391744263,0.0180555397391912,0.));
#6708=CARTESIAN_POINT('',(0.0222960391744263,0.0180555397391912,-1.E-5));
#6709=CARTESIAN_POINT('',(0.0223495009091013,0.0182957370440882,0.));
#6710=CARTESIAN_POINT('',(0.0223495009091013,0.0182957370440882,-1.E-5));
#6711=CARTESIAN_POINT('',(0.0223495009256044,0.0182957371182348,0.));
#6712=CARTESIAN_POINT('',(0.0223495009104509,0.018295737135015,8.470329472543E-22));
#6713=CARTESIAN_POINT('',(0.0223495009104509,0.018295737135015,-1.E-5));
#6714=CARTESIAN_POINT('',(0.0221469222982186,0.0185200613345208,8.470329472543E-22));
#6715=CARTESIAN_POINT('',(0.0221469222982186,0.0185200613345208,-1.E-5));
#6716=CARTESIAN_POINT('',(0.0220936172819028,0.0187054222965161,8.470329472543E-22));
#6717=CARTESIAN_POINT('',(0.0220936172819028,0.0187054222965161,-1.E-5));
#6718=CARTESIAN_POINT('',(0.0221796146074487,0.0188762933883114,8.470329472543E-22));
#6719=CARTESIAN_POINT('',(0.0221796146074487,0.0188762933883114,-1.E-5));
#6720=CARTESIAN_POINT('',(0.02217961463044,0.0188762934339936,0.));
#6721=CARTESIAN_POINT('',(0.0221796146737532,0.0188762933793329,1.6940658945086E-21));
#6722=CARTESIAN_POINT('',(0.0221796146737532,0.0188762933793329,-1.E-5));
#6723=CARTESIAN_POINT('',(0.0219365134533493,0.0191830844678618,1.6940658945086E-21));
#6724=CARTESIAN_POINT('',(0.0219365134533493,0.0191830844678618,-1.E-5));
#6725=CARTESIAN_POINT('',(0.0220442260321389,0.0193420718535214,1.6940658945086E-21));
#6726=CARTESIAN_POINT('',(0.0220442260321389,0.0193420718535214,-1.E-5));
#6727=CARTESIAN_POINT('',(0.0221481789774185,0.0195029999638254,1.6940658945086E-21));
#6728=CARTESIAN_POINT('',(0.0221481789774185,0.0195029999638254,-1.E-5));
#6729=CARTESIAN_POINT('',(0.0221481789773977,0.0195029999637932,0.));
#6730=CARTESIAN_POINT('',(0.0221481790195565,0.0195029998862219,0.));
#6731=CARTESIAN_POINT('',(0.0221481790195565,0.0195029998862219,-1.E-5));
#6732=CARTESIAN_POINT('',(0.0219659216620016,0.0198383500637233,0.));
#6733=CARTESIAN_POINT('',(0.0219659216620016,0.0198383500637233,-1.E-5));
#6734=CARTESIAN_POINT('',(0.022126766795964,0.0201979482712187,0.));
#6735=CARTESIAN_POINT('',(0.022126766795964,0.0201979482712187,-1.E-5));
#6736=CARTESIAN_POINT('',(0.0226357660212784,0.0201377326177874,0.));
#6737=CARTESIAN_POINT('',(0.0226357660212784,0.0201377326177874,-1.E-5));
#6738=CARTESIAN_POINT('',(0.0226357660213933,0.0201377326177738,0.));
#6739=CARTESIAN_POINT('',(0.0226357660214231,0.0201377326178183,8.470329472543E-22));
#6740=CARTESIAN_POINT('',(0.0226357660214231,0.0201377326178183,-1.E-5));
#6741=CARTESIAN_POINT('',(0.0228382898301479,0.0204398535286796,8.470329472543E-22));
#6742=CARTESIAN_POINT('',(0.0228382898301479,0.0204398535286796,-1.E-5));
#6743=CARTESIAN_POINT('',(0.0232799684397184,0.0203712310527436,8.470329472543E-22));
#6744=CARTESIAN_POINT('',(0.0232799684397184,0.0203712310527436,-1.E-5));
#6745=CARTESIAN_POINT('',(0.0233480845747592,0.0203698213746724,8.470329472543E-22));
#6746=CARTESIAN_POINT('',(0.0233480845747592,0.0203698213746724,-1.E-5));
#6747=CARTESIAN_POINT('',(0.0233480845424569,0.0203698213753409,0.));
#6748=CARTESIAN_POINT('',(0.0233480845422849,0.0203698213751226,8.470329472543E-22));
#6749=CARTESIAN_POINT('',(0.0233480845422849,0.0203698213751226,-1.E-5));
#6750=CARTESIAN_POINT('',(0.023424513657003,0.0204667877976704,8.470329472543E-22));
#6751=CARTESIAN_POINT('',(0.023424513657003,0.0204667877976704,-1.E-5));
#6752=CARTESIAN_POINT('',(0.023525459424496,0.0205498635765131,8.470329472543E-22));
#6753=CARTESIAN_POINT('',(0.023525459424496,0.0205498635765131,-1.E-5));
#6754=CARTESIAN_POINT('',(0.0238356716782248,0.020509609692918,8.470329472543E-22));
#6755=CARTESIAN_POINT('',(0.0238356716782248,0.020509609692918,-1.E-5));
#6756=CARTESIAN_POINT('',(0.0238356715864525,0.0205096097048266,0.));
#6757=CARTESIAN_POINT('',(0.023835671608498,0.0205096097247842,0.));
#6758=CARTESIAN_POINT('',(0.023835671608498,0.0205096097247842,-1.E-5));
#6759=CARTESIAN_POINT('',(0.02403668133695,0.0206915820283599,0.));
#6760=CARTESIAN_POINT('',(0.02403668133695,0.0206915820283599,-1.E-5));
#6761=CARTESIAN_POINT('',(0.0242614154187281,0.020660528661104,0.));
#6762=CARTESIAN_POINT('',(0.0242614154187281,0.020660528661104,-1.E-5));
#6763=CARTESIAN_POINT('',(0.0244931449256115,0.020571143323548,0.));
#6764=CARTESIAN_POINT('',(0.0244931449256115,0.020571143323548,-1.E-5));
#6765=CARTESIAN_POINT('',(0.0244931449256125,0.0205711433235476,0.));
#6766=CARTESIAN_POINT('',(0.0244931448510043,0.0205711432646729,0.));
#6767=CARTESIAN_POINT('',(0.0244931448510043,0.0205711432646729,-1.E-5));
#6768=CARTESIAN_POINT('',(0.0247683701536319,0.0207883284174933,0.));
#6769=CARTESIAN_POINT('',(0.0247683701536319,0.0207883284174933,-1.E-5));
#6770=CARTESIAN_POINT('',(0.0249505752065448,0.0206142338958959,0.));
#6771=CARTESIAN_POINT('',(0.0249505752065448,0.0206142338958959,-1.E-5));
#6772=CARTESIAN_POINT('',(0.0251586444000975,0.0205484026348423,0.));
#6773=CARTESIAN_POINT('',(0.0251586444000975,0.0205484026348423,-1.E-5));
#6774=CARTESIAN_POINT('',(0.0251586443889536,0.0205484026383681,0.));
#6775=CARTESIAN_POINT('',(0.0251586443890476,0.0205484026383988,0.));
#6776=CARTESIAN_POINT('',(0.0251586443890476,0.0205484026383988,-1.E-5));
#6777=CARTESIAN_POINT('',(0.0254919715207825,0.0206572963416978,0.));
#6778=CARTESIAN_POINT('',(0.0254919715207825,0.0206572963416978,-1.E-5));
#6779=CARTESIAN_POINT('',(0.0255681485052639,0.0205081455683399,0.));
#6780=CARTESIAN_POINT('',(0.0255681485052639,0.0205081455683399,-1.E-5));
#6781=CARTESIAN_POINT('',(0.0257318434241165,0.0204474072424598,0.));
#6782=CARTESIAN_POINT('',(0.0257318434241165,0.0204474072424598,-1.E-5));
#6783=CARTESIAN_POINT('',(0.0257318434242132,0.0204474072424239,0.));
#6784=CARTESIAN_POINT('',(0.0257318433879234,0.0204474072347533,0.));
#6785=CARTESIAN_POINT('',(0.0257318433879234,0.0204474072347533,-1.E-5));
#6786=CARTESIAN_POINT('',(0.0260951646235924,0.0205242028411521,0.));
#6787=CARTESIAN_POINT('',(0.0260951646235924,0.0205242028411521,-1.E-5));
#6788=CARTESIAN_POINT('',(0.0262056113716674,0.0203570110422631,0.));
#6789=CARTESIAN_POINT('',(0.0262056113716674,0.0203570110422631,-1.E-5));
#6790=CARTESIAN_POINT('',(0.0263799528983236,0.0201805386675648,0.));
#6791=CARTESIAN_POINT('',(0.0263799528983236,0.0201805386675648,-1.E-5));
#6792=CARTESIAN_POINT('',(0.0263799529518287,0.0201805386134057,0.));
#6793=CARTESIAN_POINT('',(0.0263799529518287,0.0201805386134057,0.));
#6794=CARTESIAN_POINT('',(0.0265826125873989,0.0201845516754962,0.));
#6795=CARTESIAN_POINT('',(0.0265826125874044,0.020184551675493,0.));
#6796=CARTESIAN_POINT('',(0.0265826125874044,0.020184551675493,-1.E-5));
#6797=CARTESIAN_POINT('',(0.0271307548038744,0.0198615137310787,0.));
#6798=CARTESIAN_POINT('',(0.0271307548038744,0.0198615137310787,-1.E-5));
#6799=CARTESIAN_POINT('',(0.0274030701979978,0.0192037485912467,0.));
#6800=CARTESIAN_POINT('',(0.0274030701979978,0.0192037485912467,-1.E-5));
#6801=CARTESIAN_POINT('',(0.0274995972745014,0.0188655919371054,0.));
#6802=CARTESIAN_POINT('',(0.0274995972745014,0.0188655919371054,-1.E-5));
#6803=CARTESIAN_POINT('',(0.0274995972750779,0.0188655919350856,0.));
#6804=CARTESIAN_POINT('',(0.0274995972756723,0.0188655919371674,0.));
#6805=CARTESIAN_POINT('',(0.0274995972756723,0.0188655919371674,-1.E-5));
#6806=CARTESIAN_POINT('',(0.0275961687675894,0.019203801661199,0.));
#6807=CARTESIAN_POINT('',(0.0275961687675894,0.019203801661199,-1.E-5));
#6808=CARTESIAN_POINT('',(0.0278678675714461,0.0198615706383305,0.));
#6809=CARTESIAN_POINT('',(0.0278678675714461,0.0198615706383305,-1.E-5));
#6810=CARTESIAN_POINT('',(0.0284159131190696,0.0201845516754929,0.));
#6811=CARTESIAN_POINT('',(0.0284159131190696,0.0201845516754929,-1.E-5));
#6812=CARTESIAN_POINT('',(0.0284159131190751,0.0201845516754962,0.));
#6813=CARTESIAN_POINT('',(0.0284159131190751,0.0201845516754962,0.));
#6814=CARTESIAN_POINT('',(0.0286185727546453,0.0201805386134057,0.));
#6815=CARTESIAN_POINT('',(0.0286185728081523,0.0201805386675668,0.));
#6816=CARTESIAN_POINT('',(0.0286185728081523,0.0201805386675668,-1.E-5));
#6817=CARTESIAN_POINT('',(0.0287929140082237,0.0203570110422643,0.));
#6818=CARTESIAN_POINT('',(0.0287929140082237,0.0203570110422643,-1.E-5));
#6819=CARTESIAN_POINT('',(0.028903361082883,0.0205242028411517,0.));
#6820=CARTESIAN_POINT('',(0.028903361082883,0.0205242028411517,-1.E-5));
#6821=CARTESIAN_POINT('',(0.0292666823185503,0.0204474072347534,0.));
#6822=CARTESIAN_POINT('',(0.0292666823185503,0.0204474072347534,-1.E-5));
#6823=CARTESIAN_POINT('',(0.0292666822822609,0.0204474072424239,0.));
#6824=CARTESIAN_POINT('',(0.0292666822823576,0.0204474072424598,0.));
#6825=CARTESIAN_POINT('',(0.0292666822823576,0.0204474072424598,-1.E-5));
#6826=CARTESIAN_POINT('',(0.0294303772012101,0.02050814556834,0.));
#6827=CARTESIAN_POINT('',(0.0294303772012101,0.02050814556834,-1.E-5));
#6828=CARTESIAN_POINT('',(0.0295065541856916,0.0206572963212863,0.));
#6829=CARTESIAN_POINT('',(0.0295065541856916,0.0206572963212863,-1.E-5));
#6830=CARTESIAN_POINT('',(0.0298398813174265,0.0205484026383988,0.));
#6831=CARTESIAN_POINT('',(0.0298398813174265,0.0205484026383988,-1.E-5));
#6832=CARTESIAN_POINT('',(0.028937609513071,0.0101017387760288,5.22565046354161E-23));
#6833=CARTESIAN_POINT('',(0.028937609513071,0.0101017387760288,-1.E-5));
#6834=CARTESIAN_POINT('',(0.0290367324224738,0.00957498320414446,1.24442116856374E-21));
#6835=CARTESIAN_POINT('',(0.0290367324224738,0.00957498320414446,-1.E-5));
#6836=CARTESIAN_POINT('',(0.0289376095130711,0.00904822763226009,5.22565046354196E-23));
#6837=CARTESIAN_POINT('',(0.0289376095130711,0.00904822763226009,-1.E-5));
#6838=CARTESIAN_POINT('',(0.0285861895350481,0.00853702403930202,-2.61282523177111E-23));
#6839=CARTESIAN_POINT('',(0.0285861895350481,0.00853702403930202,-1.E-5));
#6840=CARTESIAN_POINT('',(0.0280333116940884,0.00821209302906164,5.2256504635425E-23));
#6841=CARTESIAN_POINT('',(0.0280333116940884,0.00821209302906164,-1.E-5));
#6842=CARTESIAN_POINT('',(0.027463614048554,0.00812044170271584,1.24442116856374E-21));
#6843=CARTESIAN_POINT('',(0.027463614048554,0.00812044170271584,-1.E-5));
#6844=CARTESIAN_POINT('',(0.0268939164030196,0.00821209302906165,5.22565046354145E-23));
#6845=CARTESIAN_POINT('',(0.0268939164030196,0.00821209302906165,-1.E-5));
#6846=CARTESIAN_POINT('',(0.0263410385620598,0.00853702403930203,-2.61282523177091E-23));
#6847=CARTESIAN_POINT('',(0.0263410385620598,0.00853702403930203,-1.E-5));
#6848=CARTESIAN_POINT('',(0.0259896185840369,0.00904822763226009,5.2256504635422E-23));
#6849=CARTESIAN_POINT('',(0.0259896185840369,0.00904822763226009,-1.E-5));
#6850=CARTESIAN_POINT('',(0.0258904956746341,0.00957498320414446,1.24442116856374E-21));
#6851=CARTESIAN_POINT('',(0.0258904956746341,0.00957498320414446,-1.E-5));
#6852=CARTESIAN_POINT('',(0.0259896185840369,0.0101017387760288,5.22565046354222E-23));
#6853=CARTESIAN_POINT('',(0.0259896185840369,0.0101017387760288,-1.E-5));
#6854=CARTESIAN_POINT('',(0.0263410385620598,0.0106129423689869,-2.61282523177089E-23));
#6855=CARTESIAN_POINT('',(0.0263410385620598,0.0106129423689869,-1.E-5));
#6856=CARTESIAN_POINT('',(0.0268939164030196,0.0109378733792273,5.22565046354136E-23));
#6857=CARTESIAN_POINT('',(0.0268939164030196,0.0109378733792273,-1.E-5));
#6858=CARTESIAN_POINT('',(0.027463614048554,0.0110295247055731,1.24442116856374E-21));
#6859=CARTESIAN_POINT('',(0.027463614048554,0.0110295247055731,-1.E-5));
#6860=CARTESIAN_POINT('',(0.0280333116940884,0.0109378733792273,5.22565046354249E-23));
#6861=CARTESIAN_POINT('',(0.0280333116940884,0.0109378733792273,-1.E-5));
#6862=CARTESIAN_POINT('',(0.0285861895350481,0.0106129423689869,-2.61282523177103E-23));
#6863=CARTESIAN_POINT('',(0.0285861895350481,0.0106129423689869,-1.E-5));
#6864=CARTESIAN_POINT('',(0.028937609513071,0.0101017387760288,5.22565046354161E-23));
#6865=CARTESIAN_POINT('',(0.028937609513071,0.0101017387760288,-1.E-5));
#6866=CARTESIAN_POINT('',(0.0290367324224738,0.00957498320414446,1.24442116856374E-21));
#6867=CARTESIAN_POINT('',(0.0290367324224738,0.00957498320414446,-1.E-5));
#6868=CARTESIAN_POINT('',(0.0289376095130711,0.00904822763226009,5.22565046354196E-23));
#6869=CARTESIAN_POINT('',(0.0289376095130711,0.00904822763226009,-1.E-5));
#6870=CARTESIAN_POINT('',(0.0236245873944433,0.0192556759073077,0.));
#6871=CARTESIAN_POINT('',(0.0236245873944433,0.0192556759073077,-1.E-5));
#6872=CARTESIAN_POINT('',(0.0247559724063834,0.0188712496733198,0.));
#6873=CARTESIAN_POINT('',(0.0247559724063834,0.0188712496733198,-1.E-5));
#6874=CARTESIAN_POINT('',(0.0257768388379182,0.0183588540153156,0.));
#6875=CARTESIAN_POINT('',(0.0257768388379182,0.0183588540153156,-1.E-5));
#6876=CARTESIAN_POINT('',(0.0266312200182697,0.0176536860471474,0.));
#6877=CARTESIAN_POINT('',(0.0266312200182697,0.0176536860471474,-1.E-5));
#6878=CARTESIAN_POINT('',(0.0266312200181689,0.0176536860472306,0.));
#6879=CARTESIAN_POINT('',(0.02362458739443,0.0192556759073122,0.));
#6880=CARTESIAN_POINT('',(0.0264532213804917,0.0198012811402426,-1.E-5));
#6881=CARTESIAN_POINT('',(0.0264532213804917,0.0198012811402426,0.));
#6882=CARTESIAN_POINT('',(0.0269432512715338,0.0193258817966528,-1.E-5));
#6883=CARTESIAN_POINT('',(0.0269432512715338,0.0193258817966528,0.));
#6884=CARTESIAN_POINT('',(0.0276356494856807,0.0181284605545415,-1.E-5));
#6885=CARTESIAN_POINT('',(0.0276356494856807,0.0181284605545415,-1.6940658945086E-21));
#6886=CARTESIAN_POINT('',(0.0266312200182052,0.0176536860472478,-1.E-5));
#6887=CARTESIAN_POINT('',(0.0266312200182052,0.0176536860472478,0.));
#6888=CARTESIAN_POINT('',(0.0264532213806926,0.0198012811400477,0.));
#6889=CARTESIAN_POINT('',(0.026453221377947,0.0198012811261757,0.));
#6890=CARTESIAN_POINT('',(0.026453221377947,0.0198012811261757,-1.E-5));
#6891=CARTESIAN_POINT('',(0.0264283755318832,0.0196757492391575,0.));
#6892=CARTESIAN_POINT('',(0.0264283755318832,0.0196757492391575,-1.E-5));
#6893=CARTESIAN_POINT('',(0.0264002318419488,0.0195963810428794,0.));
#6894=CARTESIAN_POINT('',(0.0264002318419488,0.0195963810428794,-1.E-5));
#6895=CARTESIAN_POINT('',(0.0263680914186421,0.0195729782176696,0.));
#6896=CARTESIAN_POINT('',(0.0263680914186421,0.0195729782176696,-1.E-5));
#6897=CARTESIAN_POINT('',(0.0263680914271602,0.019572978223872,0.));
#6898=CARTESIAN_POINT('',(0.0258727898209025,0.0200914967563543,-1.E-5));
#6899=CARTESIAN_POINT('',(0.0258727898209025,0.0200914967563543,0.));
#6900=CARTESIAN_POINT('',(0.0260781868814138,0.0199244139387836,-1.E-5));
#6901=CARTESIAN_POINT('',(0.0260781868814138,0.0199244139387836,0.));
#6902=CARTESIAN_POINT('',(0.0262085356317063,0.0197466099457026,-1.E-5));
#6903=CARTESIAN_POINT('',(0.0262085356317063,0.0197466099457026,0.));
#6904=CARTESIAN_POINT('',(0.0263680914267697,0.019572978224297,-1.E-5));
#6905=CARTESIAN_POINT('',(0.0263680914267697,0.019572978224297,0.));
#6906=CARTESIAN_POINT('',(0.0258727898199564,0.0200914967571239,0.));
#6907=CARTESIAN_POINT('',(0.0258727898199792,0.0200914967604655,0.));
#6908=CARTESIAN_POINT('',(0.0258727898199792,0.0200914967604655,-1.E-5));
#6909=CARTESIAN_POINT('',(0.0258721216283203,0.0199933647689635,0.));
#6910=CARTESIAN_POINT('',(0.0258721216283203,0.0199933647689635,-1.E-5));
#6911=CARTESIAN_POINT('',(0.0259215513996817,0.0198868830897427,0.));
#6912=CARTESIAN_POINT('',(0.0259215513996817,0.0198868830897427,-1.E-5));
#6913=CARTESIAN_POINT('',(0.0257992686152089,0.019809020278689,0.));
#6914=CARTESIAN_POINT('',(0.0257992686152089,0.019809020278689,-1.E-5));
#6915=CARTESIAN_POINT('',(0.0257997865426418,0.0198094104233852,-1.E-5));
#6916=CARTESIAN_POINT('',(0.0257997865426418,0.0198094104233852,-6.66666666666667E-6));
#6917=CARTESIAN_POINT('',(0.0257997865426418,0.0198094104233852,-3.33333333333333E-6));
#6918=CARTESIAN_POINT('',(0.0257997865426418,0.0198094104233852,0.));
#6919=CARTESIAN_POINT('',(0.0246377913081492,0.018934101936081,-6.E-6));
#6920=CARTESIAN_POINT('',(0.0253422966210646,0.020206921694336,0.));
#6921=CARTESIAN_POINT('',(0.0253422966210646,0.020206921694336,-3.33333333333333E-6));
#6922=CARTESIAN_POINT('',(0.0253422966210646,0.020206921694336,-6.66666666666667E-6));
#6923=CARTESIAN_POINT('',(0.0253422966210646,0.020206921694336,-1.E-5));
#6924=CARTESIAN_POINT('',(0.0253428574680699,0.0202072415715748,0.));
#6925=CARTESIAN_POINT('',(0.0253428574680699,0.0202072415715748,-1.E-5));
#6926=CARTESIAN_POINT('',(0.0254377514889621,0.0200408620328405,0.));
#6927=CARTESIAN_POINT('',(0.0254377514889621,0.0200408620328405,-1.E-5));
#6928=CARTESIAN_POINT('',(0.0253589810138817,0.0199902583900898,0.));
#6929=CARTESIAN_POINT('',(0.0253589810138817,0.0199902583900898,-1.E-5));
#6930=CARTESIAN_POINT('',(0.0253078370234922,0.0199212369278096,0.));
#6931=CARTESIAN_POINT('',(0.0253078370234922,0.0199212369278096,-1.E-5));
#6932=CARTESIAN_POINT('',(0.0253078370263786,0.019921236931705,0.));
#6933=CARTESIAN_POINT('',(0.0247351448716594,0.0202888432737158,-1.E-5));
#6934=CARTESIAN_POINT('',(0.0247351448716594,0.0202888432737158,-1.6940658945086E-21));
#6935=CARTESIAN_POINT('',(0.0250135046625156,0.0201857440266575,-1.E-5));
#6936=CARTESIAN_POINT('',(0.0250135046625156,0.0201857440266575,-1.6940658945086E-21));
#6937=CARTESIAN_POINT('',(0.0251568860635773,0.0200526494049676,-1.E-5));
#6938=CARTESIAN_POINT('',(0.0251568860635773,0.0200526494049676,-1.6940658945086E-21));
#6939=CARTESIAN_POINT('',(0.0253078370230669,0.0199212369345881,-1.E-5));
#6940=CARTESIAN_POINT('',(0.0253078370230669,0.0199212369345881,-3.3881317890172E-21));
#6941=CARTESIAN_POINT('',(0.0247351448492216,0.0202888432820263,0.));
#6942=CARTESIAN_POINT('',(0.0247351448474086,0.0202888432842682,0.));
#6943=CARTESIAN_POINT('',(0.0247351448474086,0.0202888432842682,-1.E-5));
#6944=CARTESIAN_POINT('',(0.0248112532373745,0.0201947327793693,0.));
#6945=CARTESIAN_POINT('',(0.0248112532373745,0.0201947327793693,-1.E-5));
#6946=CARTESIAN_POINT('',(0.0249175765029621,0.0201028603937498,0.));
#6947=CARTESIAN_POINT('',(0.0249175765029621,0.0201028603937498,-1.E-5));
#6948=CARTESIAN_POINT('',(0.0248047967421061,0.0199947581875829,0.));
#6949=CARTESIAN_POINT('',(0.0248047967421061,0.0199947581875829,-1.E-5));
#6950=CARTESIAN_POINT('',(0.0248047966887633,0.0199947581364525,0.));
#6951=CARTESIAN_POINT('',(0.0241237570261921,0.0202617564257605,-1.E-5));
#6952=CARTESIAN_POINT('',(0.0241237570261921,0.0202617564257605,0.));
#6953=CARTESIAN_POINT('',(0.0244929449844551,0.0201917136767571,-1.E-5));
#6954=CARTESIAN_POINT('',(0.0244929449844551,0.0201917136767571,0.));
#6955=CARTESIAN_POINT('',(0.0246493538325322,0.0200933003116905,-1.E-5));
#6956=CARTESIAN_POINT('',(0.0246493538325322,0.0200933003116905,0.));
#6957=CARTESIAN_POINT('',(0.024804796610244,0.0199947581862294,-1.E-5));
#6958=CARTESIAN_POINT('',(0.024804796610244,0.0199947581862294,0.));
#6959=CARTESIAN_POINT('',(0.0241237570605041,0.0202617564192508,0.));
#6960=CARTESIAN_POINT('',(0.0241237570603384,0.0202617564194384,0.));
#6961=CARTESIAN_POINT('',(0.0241237570603384,0.0202617564194384,-1.E-5));
#6962=CARTESIAN_POINT('',(0.0242069529843728,0.0201675976068385,0.));
#6963=CARTESIAN_POINT('',(0.0242069529843728,0.0201675976068385,-1.E-5));
#6964=CARTESIAN_POINT('',(0.0243789529303761,0.0200734387942387,0.));
#6965=CARTESIAN_POINT('',(0.0243789529303761,0.0200734387942387,-1.E-5));
#6966=CARTESIAN_POINT('',(0.0242746694883725,0.0199792799408159,0.));
#6967=CARTESIAN_POINT('',(0.0242746694883725,0.0199792799408159,-1.E-5));
#6968=CARTESIAN_POINT('',(0.0242747958320677,0.0199796129832591,-1.E-5));
#6969=CARTESIAN_POINT('',(0.0242747958320677,0.0199796129832591,-6.66666666666667E-6));
#6970=CARTESIAN_POINT('',(0.0242747958320677,0.0199796129832591,-3.33333333333333E-6));
#6971=CARTESIAN_POINT('',(0.0242747958320677,0.0199796129832591,0.));
#6972=CARTESIAN_POINT('',(0.0232711428819802,0.0173339801309064,-6.E-6));
#6973=CARTESIAN_POINT('',(0.0236245407069942,0.0201414349232303,0.));
#6974=CARTESIAN_POINT('',(0.0236245407069942,0.0201414349232303,-3.33333333333333E-6));
#6975=CARTESIAN_POINT('',(0.0236245407069942,0.0201414349232303,-6.66666666666667E-6));
#6976=CARTESIAN_POINT('',(0.0236245407069942,0.0201414349232303,-1.E-5));
#6977=CARTESIAN_POINT('',(0.0236247395474639,0.0201416730278723,0.));
#6978=CARTESIAN_POINT('',(0.0236247395474639,0.0201416730278723,-1.E-5));
#6979=CARTESIAN_POINT('',(0.0237390968887039,0.0200461735564852,0.));
#6980=CARTESIAN_POINT('',(0.0237390968887039,0.0200461735564852,-1.E-5));
#6981=CARTESIAN_POINT('',(0.0238344162976744,0.019952643593829,0.));
#6982=CARTESIAN_POINT('',(0.0238344162976744,0.019952643593829,-1.E-5));
#6983=CARTESIAN_POINT('',(0.0237406728527735,0.0198786718180548,0.));
#6984=CARTESIAN_POINT('',(0.0237406728527735,0.0198786718180548,-1.E-5));
#6985=CARTESIAN_POINT('',(0.023740672922776,0.0198786718732929,0.));
#6986=CARTESIAN_POINT('',(0.0229628952453815,0.0199560626881879,-1.E-5));
#6987=CARTESIAN_POINT('',(0.0229628952453815,0.0199560626881879,0.));
#6988=CARTESIAN_POINT('',(0.0232440800089461,0.0200317702507626,-1.E-5));
#6989=CARTESIAN_POINT('',(0.0232440800089461,0.0200317702507626,-1.6940658945086E-21));
#6990=CARTESIAN_POINT('',(0.0235318010215328,0.0199439022540252,-1.E-5));
#6991=CARTESIAN_POINT('',(0.0235318010215328,0.0199439022540252,0.));
#6992=CARTESIAN_POINT('',(0.0237406729357541,0.0198786718692398,-1.E-5));
#6993=CARTESIAN_POINT('',(0.0237406729357541,0.0198786718692398,0.));
#6994=CARTESIAN_POINT('',(0.0229628952453671,0.019956062688184,0.));
#6995=CARTESIAN_POINT('',(0.0229628952453671,0.019956062688184,0.));
#6996=CARTESIAN_POINT('',(0.0231408938828434,0.0197741942772721,0.));
#6997=CARTESIAN_POINT('',(0.0231408938912135,0.0197741942669625,8.470329472543E-22));
#6998=CARTESIAN_POINT('',(0.0231408938912135,0.0197741942669625,-1.E-5));
#6999=CARTESIAN_POINT('',(0.0231606527344968,0.0197498565986905,8.470329472543E-22));
#7000=CARTESIAN_POINT('',(0.0231606527344968,0.0197498565986905,-1.E-5));
#7001=CARTESIAN_POINT('',(0.0227245086045142,0.019755251843067,8.470329472543E-22));
#7002=CARTESIAN_POINT('',(0.0227245086045142,0.019755251843067,-1.E-5));
#7003=CARTESIAN_POINT('',(0.0224366374101033,0.019750977024639,8.470329472543E-22));
#7004=CARTESIAN_POINT('',(0.0224366374101033,0.019750977024639,-1.E-5));
#7005=CARTESIAN_POINT('',(0.0224366374101821,0.0197509770246402,0.));
#7006=CARTESIAN_POINT('',(0.0224366374109633,0.0197509770235386,0.));
#7007=CARTESIAN_POINT('',(0.0224366374109633,0.0197509770235386,-1.E-5));
#7008=CARTESIAN_POINT('',(0.0225417033453655,0.0196028258653492,0.));
#7009=CARTESIAN_POINT('',(0.0225417033453655,0.0196028258653492,-1.E-5));
#7010=CARTESIAN_POINT('',(0.0226488280640159,0.0194598226475323,0.));
#7011=CARTESIAN_POINT('',(0.0226488280640159,0.0194598226475323,-1.E-5));
#7012=CARTESIAN_POINT('',(0.0227113747461605,0.0192053717257798,0.));
#7013=CARTESIAN_POINT('',(0.0227113747461605,0.0192053717257798,-1.E-5));
#7014=CARTESIAN_POINT('',(0.0227113747499757,0.0192053717102588,0.));
#7015=CARTESIAN_POINT('',(0.022711374752121,0.0192053717124652,0.));
#7016=CARTESIAN_POINT('',(0.022711374752121,0.0192053717124652,-1.E-5));
#7017=CARTESIAN_POINT('',(0.0226828417799918,0.0191760258651235,0.));
#7018=CARTESIAN_POINT('',(0.0226828417799918,0.0191760258651235,-1.E-5));
#7019=CARTESIAN_POINT('',(0.0225401853770636,0.019192329259468,0.));
#7020=CARTESIAN_POINT('',(0.0225401853770636,0.019192329259468,-1.E-5));
#7021=CARTESIAN_POINT('',(0.0224056811657371,0.0192053717118553,0.));
#7022=CARTESIAN_POINT('',(0.0224056811657371,0.0192053717118553,-1.E-5));
#7023=CARTESIAN_POINT('',(0.0224056811822008,0.0192053717102588,0.));
#7024=CARTESIAN_POINT('',(0.0228390703399476,0.018710070414962,-1.E-5));
#7025=CARTESIAN_POINT('',(0.0228390703399476,0.018710070414962,0.));
#7026=CARTESIAN_POINT('',(0.0227831578896219,0.0188362080494347,-1.E-5));
#7027=CARTESIAN_POINT('',(0.0227831578896219,0.0188362080494347,0.));
#7028=CARTESIAN_POINT('',(0.0225435935805614,0.0189106084140315,-1.E-5));
#7029=CARTESIAN_POINT('',(0.0225435935805614,0.0189106084140315,1.6940658945086E-21));
#7030=CARTESIAN_POINT('',(0.0224056811485577,0.019205371782165,-1.E-5));
#7031=CARTESIAN_POINT('',(0.0224056811485577,0.019205371782165,1.6940658945086E-21));
#7032=CARTESIAN_POINT('',(0.0228390703334419,0.0187100704296388,0.));
#7033=CARTESIAN_POINT('',(0.0228390703194156,0.0187100704188567,0.));
#7034=CARTESIAN_POINT('',(0.0228390703194156,0.0187100704188567,-1.E-5));
#7035=CARTESIAN_POINT('',(0.0227548221433004,0.0186453080417844,0.));
#7036=CARTESIAN_POINT('',(0.0227548221433004,0.0186453080417844,-1.E-5));
#7037=CARTESIAN_POINT('',(0.0226379266929903,0.0186621645033665,0.));
#7038=CARTESIAN_POINT('',(0.0226379266929903,0.0186621645033665,-1.E-5));
#7039=CARTESIAN_POINT('',(0.0225101592682202,0.0187062009010988,0.));
#7040=CARTESIAN_POINT('',(0.0225101592682202,0.0187062009010988,-1.E-5));
#7041=CARTESIAN_POINT('',(0.0225101592680972,0.0187062009011412,0.));
#7042=CARTESIAN_POINT('',(0.0229822433784499,0.0181876824487992,-1.E-5));
#7043=CARTESIAN_POINT('',(0.0229822433784499,0.0181876824487992,0.));
#7044=CARTESIAN_POINT('',(0.0228177019576349,0.018356213744377,-1.E-5));
#7045=CARTESIAN_POINT('',(0.0228177019576349,0.018356213744377,0.));
#7046=CARTESIAN_POINT('',(0.0226094551308417,0.0184985221556098,-1.E-5));
#7047=CARTESIAN_POINT('',(0.0226094551308417,0.0184985221556098,0.));
#7048=CARTESIAN_POINT('',(0.0225101592744639,0.0187062008878252,-1.E-5));
#7049=CARTESIAN_POINT('',(0.0225101592744639,0.0187062008878252,0.));
#7050=CARTESIAN_POINT('',(0.0229822433777312,0.0181876824495353,0.));
#7051=CARTESIAN_POINT('',(0.0229822434012796,0.0181876824665023,0.));
#7052=CARTESIAN_POINT('',(0.0229822434012796,0.0181876824665023,-1.E-5));
#7053=CARTESIAN_POINT('',(0.0229406464228599,0.0181577110418411,0.));
#7054=CARTESIAN_POINT('',(0.0229406464228599,0.0181577110418411,-1.E-5));
#7055=CARTESIAN_POINT('',(0.0228679769537845,0.0181398237082735,0.));
#7056=CARTESIAN_POINT('',(0.0228679769537845,0.0181398237082735,-1.E-5));
#7057=CARTESIAN_POINT('',(0.0226958972891527,0.0181605957500516,0.));
#7058=CARTESIAN_POINT('',(0.0226958972891527,0.0181605957500516,-1.E-5));
#7059=CARTESIAN_POINT('',(0.0226955704070389,0.0181602875667811,-1.E-5));
#7060=CARTESIAN_POINT('',(0.0226955704070389,0.0181602875667811,-6.66666666666667E-6));
#7061=CARTESIAN_POINT('',(0.0226955704070389,0.0181602875667811,-3.33333333333333E-6));
#7062=CARTESIAN_POINT('',(0.0226955704070389,0.0181602875667811,0.));
#7063=CARTESIAN_POINT('',(0.0246274612570113,0.0199816672483278,-6.E-6));
#7064=CARTESIAN_POINT('',(0.0232494841292222,0.0177121286970253,0.));
#7065=CARTESIAN_POINT('',(0.0232494841292222,0.0177121286970253,-3.33333333333333E-6));
#7066=CARTESIAN_POINT('',(0.0232494841292222,0.0177121286970253,-6.66666666666667E-6));
#7067=CARTESIAN_POINT('',(0.0232494841292222,0.0177121286970253,-1.E-5));
#7068=CARTESIAN_POINT('',(0.0232495398050179,0.0177120820551694,0.));
#7069=CARTESIAN_POINT('',(0.0232495398050179,0.0177120820551694,-1.E-5));
#7070=CARTESIAN_POINT('',(0.023211363547077,0.017666511537108,0.));
#7071=CARTESIAN_POINT('',(0.023211363547077,0.017666511537108,-1.E-5));
#7072=CARTESIAN_POINT('',(0.0230784405485046,0.0176683120830802,0.));
#7073=CARTESIAN_POINT('',(0.0230784405485046,0.0176683120830802,-1.E-5));
#7074=CARTESIAN_POINT('',(0.0229551564953223,0.0176652944689512,0.));
#7075=CARTESIAN_POINT('',(0.0229551564953223,0.0176652944689512,-1.E-5));
#7076=CARTESIAN_POINT('',(0.0229551565149556,0.0176652944694317,0.));
#7077=CARTESIAN_POINT('',(0.0236439348228429,0.0172396450557211,-1.E-5));
#7078=CARTESIAN_POINT('',(0.0236439348228429,0.0172396450557211,0.));
#7079=CARTESIAN_POINT('',(0.0234061113271395,0.0173678102218965,-1.E-5));
#7080=CARTESIAN_POINT('',(0.0234061113271395,0.0173678102218965,1.6940658945086E-21));
#7081=CARTESIAN_POINT('',(0.0231523270419361,0.0174693741810997,-1.E-5));
#7082=CARTESIAN_POINT('',(0.0231523270419361,0.0174693741810997,0.));
#7083=CARTESIAN_POINT('',(0.0229551566623088,0.0176652943230129,-1.E-5));
#7084=CARTESIAN_POINT('',(0.0229551566623088,0.0176652943230129,0.));
#7085=CARTESIAN_POINT('',(0.0236439348736263,0.0172396450283535,0.));
#7086=CARTESIAN_POINT('',(0.0236439348468148,0.0172396450097592,0.));
#7087=CARTESIAN_POINT('',(0.0236439348468148,0.0172396450097592,-1.E-5));
#7088=CARTESIAN_POINT('',(0.023525379715769,0.017157424946691,0.));
#7089=CARTESIAN_POINT('',(0.023525379715769,0.017157424946691,-1.E-5));
#7090=CARTESIAN_POINT('',(0.0234406259971184,0.0171766107537275,0.));
#7091=CARTESIAN_POINT('',(0.0234406259971184,0.0171766107537275,-1.E-5));
#7092=CARTESIAN_POINT('',(0.023349850078024,0.0171777322455181,0.));
#7093=CARTESIAN_POINT('',(0.023349850078024,0.0171777322455181,-1.E-5));
#7094=CARTESIAN_POINT('',(0.0233498500546363,0.0171777322458071,0.));
#7095=CARTESIAN_POINT('',(0.0240695846475059,0.0168797777330445,-1.E-5));
#7096=CARTESIAN_POINT('',(0.0240695846475059,0.0168797777330445,0.));
#7097=CARTESIAN_POINT('',(0.0238040654712038,0.0169644628770284,-1.E-5));
#7098=CARTESIAN_POINT('',(0.0238040654712038,0.0169644628770284,0.));
#7099=CARTESIAN_POINT('',(0.0235180590382996,0.0170374412971685,-1.E-5));
#7100=CARTESIAN_POINT('',(0.0235180590382996,0.0170374412971685,0.));
#7101=CARTESIAN_POINT('',(0.0233498500738077,0.0171777322298176,-1.E-5));
#7102=CARTESIAN_POINT('',(0.0233498500738077,0.0171777322298176,-1.6940658945086E-21));
#7103=CARTESIAN_POINT('',(0.0240695846412883,0.0168797777350275,0.));
#7104=CARTESIAN_POINT('',(0.0240695846353587,0.0168797777256725,0.));
#7105=CARTESIAN_POINT('',(0.0240695846353587,0.0168797777256725,-1.E-5));
#7106=CARTESIAN_POINT('',(0.0240190862909891,0.0168001072892213,0.));
#7107=CARTESIAN_POINT('',(0.0240190862909891,0.0168001072892213,-1.E-5));
#7108=CARTESIAN_POINT('',(0.0239685879443704,0.0167783182667235,0.));
#7109=CARTESIAN_POINT('',(0.0239685879443704,0.0167783182667235,-1.E-5));
#7110=CARTESIAN_POINT('',(0.0238606298065748,0.0167559525028877,0.));
#7111=CARTESIAN_POINT('',(0.0238606298065748,0.0167559525028877,-1.E-5));
#7112=CARTESIAN_POINT('',(0.0238606297758308,0.0167559524965185,0.));
#7113=CARTESIAN_POINT('',(0.0246577549607673,0.0165895622611088,-1.E-5));
#7114=CARTESIAN_POINT('',(0.0246577549607673,0.0165895622611088,0.));
#7115=CARTESIAN_POINT('',(0.0245442226992571,0.0166702474438414,-1.E-5));
#7116=CARTESIAN_POINT('',(0.0245442226992571,0.0166702474438414,0.));
#7117=CARTESIAN_POINT('',(0.0241416669114331,0.0165980632398651,-1.E-5));
#7118=CARTESIAN_POINT('',(0.0241416669114331,0.0165980632398651,0.));
#7119=CARTESIAN_POINT('',(0.0238606297448029,0.0167559525139503,-1.E-5));
#7120=CARTESIAN_POINT('',(0.0238606297448029,0.0167559525139503,0.));
#7121=CARTESIAN_POINT('',(0.024657754932436,0.0165895622812433,0.));
#7122=CARTESIAN_POINT('',(0.0246577549289344,0.0165895622711049,0.));
#7123=CARTESIAN_POINT('',(0.0246577549289344,0.0165895622711049,-1.E-5));
#7124=CARTESIAN_POINT('',(0.0246303453982569,0.0165102007734909,0.));
#7125=CARTESIAN_POINT('',(0.0246303453982569,0.0165102007734909,-1.E-5));
#7126=CARTESIAN_POINT('',(0.0245530495402636,0.0164585544827566,0.));
#7127=CARTESIAN_POINT('',(0.0245530495402636,0.0164585544827566,-1.E-5));
#7128=CARTESIAN_POINT('',(0.0244604081626208,0.0164154330089844,0.));
#7129=CARTESIAN_POINT('',(0.0244604081626208,0.0164154330089844,-1.E-5));
#7130=CARTESIAN_POINT('',(0.0244604081625956,0.0164154330089727,0.));
#7131=CARTESIAN_POINT('',(0.0263874395745376,0.0173828181328154,-1.E-5));
#7132=CARTESIAN_POINT('',(0.0263874395745376,0.0173828181328154,0.));
#7133=CARTESIAN_POINT('',(0.0261502443893334,0.0164321485505699,-1.E-5));
#7134=CARTESIAN_POINT('',(0.0261502443893334,0.0164321485505699,0.));
#7135=CARTESIAN_POINT('',(0.0249128508762164,0.0163887635197358,-1.E-5));
#7136=CARTESIAN_POINT('',(0.0249128508762164,0.0163887635197358,0.));
#7137=CARTESIAN_POINT('',(0.0244604081620929,0.0164154330090023,-1.E-5));
#7138=CARTESIAN_POINT('',(0.0244604081620929,0.0164154330090023,0.));
#7139=CARTESIAN_POINT('',(0.0263874395595243,0.0173828180726428,0.));
#7140=CARTESIAN_POINT('',(0.0236245873591307,0.0192556759255113,-1.E-5));
#7141=CARTESIAN_POINT('',(0.0236245873591307,0.0192556759255113,0.));
#7142=CARTESIAN_POINT('',(0.0250788710573009,0.0185058998598816,-1.E-5));
#7143=CARTESIAN_POINT('',(0.0250788710573009,0.0185058998598816,0.));
#7144=CARTESIAN_POINT('',(0.0259242731530093,0.0178993900824709,-1.E-5));
#7145=CARTESIAN_POINT('',(0.0259242731530093,0.0178993900824709,0.));
#7146=CARTESIAN_POINT('',(0.0263874395667828,0.0173828180645474,-1.E-5));
#7147=CARTESIAN_POINT('',(0.0263874395667828,0.0173828180645474,0.));
#7148=CARTESIAN_POINT('',(0.0283344415575586,0.0176536860472478,-1.E-5));
#7149=CARTESIAN_POINT('',(0.0283344415575586,0.0176536860472478,0.));
#7150=CARTESIAN_POINT('',(0.0273300127432508,0.0181284605545416,-1.E-5));
#7151=CARTESIAN_POINT('',(0.0273300127432508,0.0181284605545416,1.6940658945086E-21));
#7152=CARTESIAN_POINT('',(0.0280224103042301,0.0193258817966529,-1.E-5));
#7153=CARTESIAN_POINT('',(0.0280224103042301,0.0193258817966529,0.));
#7154=CARTESIAN_POINT('',(0.0285124405218561,0.0198012813035345,-1.E-5));
#7155=CARTESIAN_POINT('',(0.0285124405218561,0.0198012813035345,0.));
#7156=CARTESIAN_POINT('',(0.0283344415575949,0.0176536860472306,0.));
#7157=CARTESIAN_POINT('',(0.0285124405216551,0.0198012813033396,0.));
#7158=CARTESIAN_POINT('',(0.0283344415574942,0.0176536860471474,0.));
#7159=CARTESIAN_POINT('',(0.0283344415574942,0.0176536860471474,-1.E-5));
#7160=CARTESIAN_POINT('',(0.0291888227378456,0.0183588538520238,0.));
#7161=CARTESIAN_POINT('',(0.0291888227378456,0.0183588538520238,-1.E-5));
#7162=CARTESIAN_POINT('',(0.0302096894959643,0.0188712496733198,0.));
#7163=CARTESIAN_POINT('',(0.0302096894959643,0.0188712496733198,-1.E-5));
#7164=CARTESIAN_POINT('',(0.0313410749977802,0.0192556759073077,0.));
#7165=CARTESIAN_POINT('',(0.0313410749977802,0.0192556759073077,-1.E-5));
#7166=CARTESIAN_POINT('',(0.0313410749977935,0.0192556759073122,0.));
#7167=CARTESIAN_POINT('',(0.0285782226621488,0.0173828180645474,-1.E-5));
#7168=CARTESIAN_POINT('',(0.0285782226621488,0.0173828180645474,0.));
#7169=CARTESIAN_POINT('',(0.0290413894025059,0.017899390082471,-1.E-5));
#7170=CARTESIAN_POINT('',(0.0290413894025059,0.017899390082471,0.));
#7171=CARTESIAN_POINT('',(0.0298867911716308,0.0185058998598816,-1.E-5));
#7172=CARTESIAN_POINT('',(0.0298867911716308,0.0185058998598816,-1.6940658945086E-21));
#7173=CARTESIAN_POINT('',(0.0313410750330929,0.0192556759255113,-1.E-5));
#7174=CARTESIAN_POINT('',(0.0313410750330929,0.0192556759255113,-1.6940658945086E-21));
#7175=CARTESIAN_POINT('',(0.0285782226694073,0.0173828180726428,0.));
#7176=CARTESIAN_POINT('',(0.0305052540668386,0.0164154330090023,-1.E-5));
#7177=CARTESIAN_POINT('',(0.0305052540668386,0.0164154330090023,0.));
#7178=CARTESIAN_POINT('',(0.030052811679299,0.0163887635197358,-1.E-5));
#7179=CARTESIAN_POINT('',(0.030052811679299,0.0163887635197358,0.));
#7180=CARTESIAN_POINT('',(0.0288154181661823,0.0164321485505701,-1.E-5));
#7181=CARTESIAN_POINT('',(0.0288154181661823,0.0164321485505701,-1.6940658945086E-21));
#7182=CARTESIAN_POINT('',(0.028578222654394,0.0173828181328153,-1.E-5));
#7183=CARTESIAN_POINT('',(0.028578222654394,0.0173828181328153,-1.6940658945086E-21));
#7184=CARTESIAN_POINT('',(0.0305052540663359,0.0164154330089727,0.));
#7185=CARTESIAN_POINT('',(0.0305052540663107,0.0164154330089844,0.));
#7186=CARTESIAN_POINT('',(0.0305052540663107,0.0164154330089844,-1.E-5));
#7187=CARTESIAN_POINT('',(0.0304126130152517,0.0164585544827566,0.));
#7188=CARTESIAN_POINT('',(0.0304126130152517,0.0164585544827566,-1.E-5));
#7189=CARTESIAN_POINT('',(0.0303353168306746,0.0165102007734909,0.));
#7190=CARTESIAN_POINT('',(0.0303353168306746,0.0165102007734909,-1.E-5));
#7191=CARTESIAN_POINT('',(0.0303079076265808,0.0165895622711051,0.));
#7192=CARTESIAN_POINT('',(0.0303079076265808,0.0165895622711051,-1.E-5));
#7193=CARTESIAN_POINT('',(0.0303079076230793,0.0165895622812433,0.));
#7194=CARTESIAN_POINT('',(0.0303079075947483,0.0165895622611089,0.));
#7195=CARTESIAN_POINT('',(0.0303079075947483,0.0165895622611089,-1.E-5));
#7196=CARTESIAN_POINT('',(0.0304214395296745,0.0166702474438412,0.));
#7197=CARTESIAN_POINT('',(0.0304214395296745,0.0166702474438412,-1.E-5));
#7198=CARTESIAN_POINT('',(0.0308239956440816,0.0165980632398655,0.));
#7199=CARTESIAN_POINT('',(0.0308239956440816,0.0165980632398655,-1.E-5));
#7200=CARTESIAN_POINT('',(0.0311050329740034,0.0167559525139497,0.));
#7201=CARTESIAN_POINT('',(0.0311050329740034,0.0167559525139497,-1.E-5));
#7202=CARTESIAN_POINT('',(0.0311050329429765,0.0167559524965185,0.));
#7203=CARTESIAN_POINT('',(0.0311050329122329,0.0167559525028877,0.));
#7204=CARTESIAN_POINT('',(0.0311050329122329,0.0167559525028877,-1.E-5));
#7205=CARTESIAN_POINT('',(0.0309970747744368,0.0167783182667235,0.));
#7206=CARTESIAN_POINT('',(0.0309970747744368,0.0167783182667235,-1.E-5));
#7207=CARTESIAN_POINT('',(0.0309465762645263,0.0168001072892212,0.));
#7208=CARTESIAN_POINT('',(0.0309465762645263,0.0168001072892212,-1.E-5));
#7209=CARTESIAN_POINT('',(0.0308960779201565,0.0168797777256726,0.));
#7210=CARTESIAN_POINT('',(0.0308960779201565,0.0168797777256726,-1.E-5));
#7211=CARTESIAN_POINT('',(0.030896077914227,0.0168797777350275,0.));
#7212=CARTESIAN_POINT('',(0.0316158124817076,0.0171777322298177,-1.E-5));
#7213=CARTESIAN_POINT('',(0.0316158124817076,0.0171777322298177,0.));
#7214=CARTESIAN_POINT('',(0.0314476035172158,0.0170374412971686,-1.E-5));
#7215=CARTESIAN_POINT('',(0.0314476035172158,0.0170374412971686,0.));
#7216=CARTESIAN_POINT('',(0.0311615972476036,0.0169644628770284,-1.E-5));
#7217=CARTESIAN_POINT('',(0.0311615972476036,0.0169644628770284,0.));
#7218=CARTESIAN_POINT('',(0.0308960779080097,0.0168797777330446,-1.E-5));
#7219=CARTESIAN_POINT('',(0.0308960779080097,0.0168797777330446,0.));
#7220=CARTESIAN_POINT('',(0.031615812500879,0.0171777322458071,0.));
#7221=CARTESIAN_POINT('',(0.031615812477492,0.0171777322455181,0.));
#7222=CARTESIAN_POINT('',(0.031615812477492,0.0171777322455181,-1.E-5));
#7223=CARTESIAN_POINT('',(0.0315250368849811,0.0171766107537276,0.));
#7224=CARTESIAN_POINT('',(0.0315250368849811,0.0171766107537276,-1.E-5));
#7225=CARTESIAN_POINT('',(0.0314402831663306,0.0171574249466909,0.));
#7226=CARTESIAN_POINT('',(0.0314402831663306,0.0171574249466909,-1.E-5));
#7227=CARTESIAN_POINT('',(0.0313217275454092,0.0172396450097589,0.));
#7228=CARTESIAN_POINT('',(0.0313217275454092,0.0172396450097589,-1.E-5));
#7229=CARTESIAN_POINT('',(0.0313217275185971,0.0172396450283535,0.));
#7230=CARTESIAN_POINT('',(0.0320105055666159,0.0176652943230061,-1.E-5));
#7231=CARTESIAN_POINT('',(0.0320105055666159,0.0176652943230061,0.));
#7232=CARTESIAN_POINT('',(0.031813335186993,0.0174693741811006,-1.E-5));
#7233=CARTESIAN_POINT('',(0.031813335186993,0.0174693741811006,1.6940658945086E-21));
#7234=CARTESIAN_POINT('',(0.0315595510650897,0.0173678102218985,-1.E-5));
#7235=CARTESIAN_POINT('',(0.0315595510650897,0.0173678102218985,0.));
#7236=CARTESIAN_POINT('',(0.0313217275693926,0.0172396450557276,-1.E-5));
#7237=CARTESIAN_POINT('',(0.0313217275693926,0.0172396450557276,0.));
#7238=CARTESIAN_POINT('',(0.0320105057139759,0.0176652944694317,0.));
#7239=CARTESIAN_POINT('',(0.0320105057336071,0.0176652944689512,-8.470329472543E-22));
#7240=CARTESIAN_POINT('',(0.0320105057336071,0.0176652944689512,-1.E-5));
#7241=CARTESIAN_POINT('',(0.0318875408746746,0.0176683042661906,-8.470329472543E-22));
#7242=CARTESIAN_POINT('',(0.0318875408746746,0.0176683042661906,-1.E-5));
#7243=CARTESIAN_POINT('',(0.0317549656268684,0.0176665100120369,-8.470329472543E-22));
#7244=CARTESIAN_POINT('',(0.0317549656268684,0.0176665100120369,-1.E-5));
#7245=CARTESIAN_POINT('',(0.031716420568402,0.0177117288114037,-8.470329472543E-22));
#7246=CARTESIAN_POINT('',(0.031716420568402,0.0177117288114037,-1.E-5));
#7247=CARTESIAN_POINT('',(0.0317161777875858,0.0177121286727627,-1.E-5));
#7248=CARTESIAN_POINT('',(0.0317161777875858,0.0177121286727627,-6.66666666666667E-6));
#7249=CARTESIAN_POINT('',(0.0317161777875858,0.0177121286727627,-3.33333333333333E-6));
#7250=CARTESIAN_POINT('',(0.0317161777875858,0.0177121286727627,0.));
#7251=CARTESIAN_POINT('',(0.0303381919458984,0.0199816790431256,-6.E-6));
#7252=CARTESIAN_POINT('',(0.0322700917972994,0.0181602875894116,0.));
#7253=CARTESIAN_POINT('',(0.0322700917972994,0.0181602875894116,-3.33333333333333E-6));
#7254=CARTESIAN_POINT('',(0.0322700917972994,0.0181602875894116,-6.66666666666667E-6));
#7255=CARTESIAN_POINT('',(0.0322700917972994,0.0181602875894116,-1.E-5));
#7256=CARTESIAN_POINT('',(0.0322700503779111,0.0181606302302201,0.));
#7257=CARTESIAN_POINT('',(0.0322700503779111,0.0181606302302201,-1.E-5));
#7258=CARTESIAN_POINT('',(0.0320977657112274,0.0181398039732917,0.));
#7259=CARTESIAN_POINT('',(0.0320977657112274,0.0181398039732917,-1.E-5));
#7260=CARTESIAN_POINT('',(0.0320250384717107,0.0181576944753712,0.));
#7261=CARTESIAN_POINT('',(0.0320250384717107,0.0181576944753712,-1.E-5));
#7262=CARTESIAN_POINT('',(0.0319834188276521,0.0181876824665024,0.));
#7263=CARTESIAN_POINT('',(0.0319834188276521,0.0181876824665024,-1.E-5));
#7264=CARTESIAN_POINT('',(0.0319834188512003,0.0181876824495353,0.));
#7265=CARTESIAN_POINT('',(0.0324555028728217,0.0187062008878255,-1.E-5));
#7266=CARTESIAN_POINT('',(0.0324555028728217,0.0187062008878255,0.));
#7267=CARTESIAN_POINT('',(0.0323562067715062,0.01849852215561,-1.E-5));
#7268=CARTESIAN_POINT('',(0.0323562067715062,0.01849852215561,0.));
#7269=CARTESIAN_POINT('',(0.0321479607611726,0.0183562137443771,-1.E-5));
#7270=CARTESIAN_POINT('',(0.0321479607611726,0.0183562137443771,0.));
#7271=CARTESIAN_POINT('',(0.0319834188504817,0.0181876824487993,-1.E-5));
#7272=CARTESIAN_POINT('',(0.0319834188504817,0.0181876824487993,0.));
#7273=CARTESIAN_POINT('',(0.0324555028791883,0.0187062009011412,0.));
#7274=CARTESIAN_POINT('',(0.0324555028790653,0.0187062009010988,0.));
#7275=CARTESIAN_POINT('',(0.0324555028790653,0.0187062009010988,-1.E-5));
#7276=CARTESIAN_POINT('',(0.0323277354542952,0.0186621645033665,0.));
#7277=CARTESIAN_POINT('',(0.0323277354542952,0.0186621645033665,-1.E-5));
#7278=CARTESIAN_POINT('',(0.0322108399223391,0.0186453080417843,0.));
#7279=CARTESIAN_POINT('',(0.0322108399223391,0.0186453080417843,-1.E-5));
#7280=CARTESIAN_POINT('',(0.0321265919095158,0.0187100704188567,0.));
#7281=CARTESIAN_POINT('',(0.0321265919095158,0.0187100704188567,-1.E-5));
#7282=CARTESIAN_POINT('',(0.0321265918954896,0.0187100704296388,0.));
#7283=CARTESIAN_POINT('',(0.0321265918889838,0.018710070414962,0.));
#7284=CARTESIAN_POINT('',(0.0321265918889838,0.018710070414962,-1.E-5));
#7285=CARTESIAN_POINT('',(0.032182504339309,0.018836208049434,0.));
#7286=CARTESIAN_POINT('',(0.032182504339309,0.018836208049434,-1.E-5));
#7287=CARTESIAN_POINT('',(0.0324220691382446,0.018910608414031,0.));
#7288=CARTESIAN_POINT('',(0.0324220691382446,0.018910608414031,-1.E-5));
#7289=CARTESIAN_POINT('',(0.0325599805088506,0.0192053717821623,0.));
#7290=CARTESIAN_POINT('',(0.0325599805088506,0.0192053717821623,-1.E-5));
#7291=CARTESIAN_POINT('',(0.032559980475209,0.0192053717102588,0.));
#7292=CARTESIAN_POINT('',(0.0325599804916722,0.0192053717118552,0.));
#7293=CARTESIAN_POINT('',(0.0325599804916722,0.0192053717118552,-1.E-5));
#7294=CARTESIAN_POINT('',(0.0324254763619917,0.0191923292594681,0.));
#7295=CARTESIAN_POINT('',(0.0324254763619917,0.0191923292594681,-1.E-5));
#7296=CARTESIAN_POINT('',(0.0322828201223553,0.0191760258651237,0.));
#7297=CARTESIAN_POINT('',(0.0322828201223553,0.0191760258651237,-1.E-5));
#7298=CARTESIAN_POINT('',(0.0322542868236428,0.0192053717124652,0.));
#7299=CARTESIAN_POINT('',(0.0322542868236428,0.0192053717124652,-1.E-5));
#7300=CARTESIAN_POINT('',(0.0322542868257882,0.0192053717102588,0.));
#7301=CARTESIAN_POINT('',(0.0322542868296033,0.0192053717257796,-8.47032947254301E-22));
#7302=CARTESIAN_POINT('',(0.0322542868296033,0.0192053717257796,-1.E-5));
#7303=CARTESIAN_POINT('',(0.0323168327769342,0.0194598227291781,-8.47032947254301E-22));
#7304=CARTESIAN_POINT('',(0.0323168327769342,0.0194598227291781,-1.E-5));
#7305=CARTESIAN_POINT('',(0.0324239579038146,0.0196028260286412,-8.47032947254301E-22));
#7306=CARTESIAN_POINT('',(0.0324239579038146,0.0196028260286412,-1.E-5));
#7307=CARTESIAN_POINT('',(0.0325290240015086,0.0197509771051847,-8.47032947254301E-22));
#7308=CARTESIAN_POINT('',(0.0325290240015086,0.0197509771051847,-1.E-5));
#7309=CARTESIAN_POINT('',(0.0325290240022898,0.0197509771062862,0.));
#7310=CARTESIAN_POINT('',(0.0325290240023686,0.0197509771062851,-4.88252828157624E-20));
#7311=CARTESIAN_POINT('',(0.0325290240023686,0.0197509771062851,-9.99999999999999E-6));
#7312=CARTESIAN_POINT('',(0.0322411528079583,0.019755251924713,-3.73286737051864E-20));
#7313=CARTESIAN_POINT('',(0.0322411528079583,0.019755251924713,-9.99999999999998E-6));
#7314=CARTESIAN_POINT('',(0.0318050086779767,0.0197498567619824,8.91340105321225E-20));
#7315=CARTESIAN_POINT('',(0.0318050086779767,0.0197498567619824,-9.99999999999985E-6));
#7316=CARTESIAN_POINT('',(0.0318247675212584,0.0197741943486084,-4.85493810246867E-20));
#7317=CARTESIAN_POINT('',(0.0318247675212584,0.0197741943486084,-9.99999999999999E-6));
#7318=CARTESIAN_POINT('',(0.0318247675296285,0.0197741943589181,0.));
#7319=CARTESIAN_POINT('',(0.0318247675296285,0.0197741943589181,0.));
#7320=CARTESIAN_POINT('',(0.0320027663303967,0.0199560628514759,0.));
#7321=CARTESIAN_POINT('',(0.0312249886400098,0.0198786720325318,-1.E-5));
#7322=CARTESIAN_POINT('',(0.0312249886400098,0.0198786720325318,0.));
#7323=CARTESIAN_POINT('',(0.031433860717523,0.0199439024173171,-1.E-5));
#7324=CARTESIAN_POINT('',(0.031433860717523,0.0199439024173171,0.));
#7325=CARTESIAN_POINT('',(0.0317215818934016,0.0200317704140545,-1.E-5));
#7326=CARTESIAN_POINT('',(0.0317215818934016,0.0200317704140545,1.6940658945086E-21));
#7327=CARTESIAN_POINT('',(0.0320027663303822,0.0199560628514798,-1.E-5));
#7328=CARTESIAN_POINT('',(0.0320027663303822,0.0199560628514798,0.));
#7329=CARTESIAN_POINT('',(0.0312249886529879,0.0198786720365848,0.));
#7330=CARTESIAN_POINT('',(0.0312249887229899,0.019878671981347,0.));
#7331=CARTESIAN_POINT('',(0.0312249887229899,0.019878671981347,-1.E-5));
#7332=CARTESIAN_POINT('',(0.0311312036906175,0.019952676702125,0.));
#7333=CARTESIAN_POINT('',(0.0311312036906175,0.019952676702125,-1.E-5));
#7334=CARTESIAN_POINT('',(0.0312266494665807,0.0200462570350267,0.));
#7335=CARTESIAN_POINT('',(0.0312266494665807,0.0200462570350267,-1.E-5));
#7336=CARTESIAN_POINT('',(0.0313410748345016,0.0201418007908854,0.));
#7337=CARTESIAN_POINT('',(0.0313410748345016,0.0201418007908854,-1.E-5));
#7338=CARTESIAN_POINT('',(0.0313411208684397,0.0201414350886356,-1.E-5));
#7339=CARTESIAN_POINT('',(0.0313411208684397,0.0201414350886356,-6.66666666666667E-6));
#7340=CARTESIAN_POINT('',(0.0313411208684397,0.0201414350886356,-3.33333333333333E-6));
#7341=CARTESIAN_POINT('',(0.0313411208684397,0.0201414350886356,0.));
#7342=CARTESIAN_POINT('',(0.0316945176593659,0.0173339846120251,-6.E-6));
#7343=CARTESIAN_POINT('',(0.030690865746141,0.019979613139906,0.));
#7344=CARTESIAN_POINT('',(0.030690865746141,0.019979613139906,-3.33333333333333E-6));
#7345=CARTESIAN_POINT('',(0.030690865746141,0.019979613139906,-6.66666666666667E-6));
#7346=CARTESIAN_POINT('',(0.030690865746141,0.019979613139906,-1.E-5));
#7347=CARTESIAN_POINT('',(0.0306907568061003,0.0199794929674241,0.));
#7348=CARTESIAN_POINT('',(0.0306907568061003,0.0199794929674241,-1.E-5));
#7349=CARTESIAN_POINT('',(0.0305869678203505,0.0200735808663468,0.));
#7350=CARTESIAN_POINT('',(0.0305869678203505,0.0200735808663468,-1.E-5));
#7351=CARTESIAN_POINT('',(0.0307587716106855,0.0201676687245385,0.));
#7352=CARTESIAN_POINT('',(0.0307587716106855,0.0201676687245385,-1.E-5));
#7353=CARTESIAN_POINT('',(0.0308419041888416,0.0202617565827303,0.));
#7354=CARTESIAN_POINT('',(0.0308419041888416,0.0202617565827303,-1.E-5));
#7355=CARTESIAN_POINT('',(0.0308419041886759,0.0202617565825427,0.));
#7356=CARTESIAN_POINT('',(0.0301608649655204,0.0199947583495218,-1.E-5));
#7357=CARTESIAN_POINT('',(0.0301608649655204,0.0199947583495218,0.));
#7358=CARTESIAN_POINT('',(0.0303163074166484,0.0200933004749827,-1.E-5));
#7359=CARTESIAN_POINT('',(0.0303163074166484,0.0200933004749827,-3.3881317890172E-21));
#7360=CARTESIAN_POINT('',(0.0304727162647255,0.0201917138400491,-1.E-5));
#7361=CARTESIAN_POINT('',(0.0304727162647255,0.0201917138400491,-3.3881317890172E-21));
#7362=CARTESIAN_POINT('',(0.030841904222988,0.0202617565890524,-1.E-5));
#7363=CARTESIAN_POINT('',(0.030841904222988,0.0202617565890524,-3.3881317890172E-21));
#7364=CARTESIAN_POINT('',(0.0301608648870005,0.0199947582997444,0.));
#7365=CARTESIAN_POINT('',(0.0301608648336577,0.0199947583508748,0.));
#7366=CARTESIAN_POINT('',(0.0301608648336577,0.0199947583508748,-1.E-5));
#7367=CARTESIAN_POINT('',(0.0300480850728019,0.0201028605570418,0.));
#7368=CARTESIAN_POINT('',(0.0300480850728019,0.0201028605570418,-1.E-5));
#7369=CARTESIAN_POINT('',(0.0301544083383894,0.0201947329426613,0.));
#7370=CARTESIAN_POINT('',(0.0301544083383894,0.0201947329426613,-1.E-5));
#7371=CARTESIAN_POINT('',(0.0302305167283554,0.0202888434475602,0.));
#7372=CARTESIAN_POINT('',(0.0302305167283554,0.0202888434475602,-1.E-5));
#7373=CARTESIAN_POINT('',(0.0302305167265423,0.0202888434453183,0.));
#7374=CARTESIAN_POINT('',(0.0296578245526976,0.0199212370978805,-1.E-5));
#7375=CARTESIAN_POINT('',(0.0296578245526976,0.0199212370978805,0.));
#7376=CARTESIAN_POINT('',(0.0298087755121869,0.0200526495682598,-1.E-5));
#7377=CARTESIAN_POINT('',(0.0298087755121869,0.0200526495682598,-1.6940658945086E-21));
#7378=CARTESIAN_POINT('',(0.0299521565866646,0.0201857441899495,-1.E-5));
#7379=CARTESIAN_POINT('',(0.0299521565866646,0.0201857441899495,0.));
#7380=CARTESIAN_POINT('',(0.0302305167041041,0.0202888434370076,-1.E-5));
#7381=CARTESIAN_POINT('',(0.0302305167041041,0.0202888434370076,0.));
#7382=CARTESIAN_POINT('',(0.0296578245493853,0.0199212370949969,0.));
#7383=CARTESIAN_POINT('',(0.0296578245522719,0.0199212370911013,0.));
#7384=CARTESIAN_POINT('',(0.0296578245522719,0.0199212370911013,-1.E-5));
#7385=CARTESIAN_POINT('',(0.0296066459270943,0.0199903057355625,0.));
#7386=CARTESIAN_POINT('',(0.0296066459270943,0.0199903057355625,-1.E-5));
#7387=CARTESIAN_POINT('',(0.0295278027075155,0.0200409313715201,0.));
#7388=CARTESIAN_POINT('',(0.0295278027075155,0.0200409313715201,-1.E-5));
#7389=CARTESIAN_POINT('',(0.0296229986296144,0.0202075831019295,0.));
#7390=CARTESIAN_POINT('',(0.0296229986296144,0.0202075831019295,-1.E-5));
#7391=CARTESIAN_POINT('',(0.0296233646131211,0.0202069218856684,-1.E-5));
#7392=CARTESIAN_POINT('',(0.0296233646131211,0.0202069218856684,-6.66666666666667E-6));
#7393=CARTESIAN_POINT('',(0.0296233646131211,0.0202069218856684,-3.33333333333333E-6));
#7394=CARTESIAN_POINT('',(0.0296233646131211,0.0202069218856684,0.));
#7395=CARTESIAN_POINT('',(0.0303278723264089,0.0189340996203622,-6.E-6));
#7396=CARTESIAN_POINT('',(0.029165874739406,0.0198094105622226,0.));
#7397=CARTESIAN_POINT('',(0.029165874739406,0.0198094105622226,-3.33333333333333E-6));
#7398=CARTESIAN_POINT('',(0.029165874739406,0.0198094105622226,-6.66666666666667E-6));
#7399=CARTESIAN_POINT('',(0.029165874739406,0.0198094105622226,-1.E-5));
#7400=CARTESIAN_POINT('',(0.0291658477092393,0.0198093683349514,0.));
#7401=CARTESIAN_POINT('',(0.0291658477092393,0.0198093683349514,-1.E-5));
#7402=CARTESIAN_POINT('',(0.0290442565680534,0.0198872002363972,0.));
#7403=CARTESIAN_POINT('',(0.0290442565680534,0.0198872002363972,-1.E-5));
#7404=CARTESIAN_POINT('',(0.029093538626238,0.0199935110044453,0.));
#7405=CARTESIAN_POINT('',(0.029093538626238,0.0199935110044453,-1.E-5));
#7406=CARTESIAN_POINT('',(0.0290928714292009,0.0200914969237574,0.));
#7407=CARTESIAN_POINT('',(0.0290928714292009,0.0200914969237574,-1.E-5));
#7408=CARTESIAN_POINT('',(0.0290928714292236,0.0200914969204158,0.));
#7409=CARTESIAN_POINT('',(0.0285975701489942,0.0195729783875889,-1.E-5));
#7410=CARTESIAN_POINT('',(0.0285975701489942,0.0195729783875889,0.));
#7411=CARTESIAN_POINT('',(0.02875712529089,0.0197466101089946,-1.E-5));
#7412=CARTESIAN_POINT('',(0.02875712529089,0.0197466101089946,-1.6940658945086E-21));
#7413=CARTESIAN_POINT('',(0.0288874743677662,0.0199244141020755,-1.E-5));
#7414=CARTESIAN_POINT('',(0.0288874743677662,0.0199244141020755,-1.6940658945086E-21));
#7415=CARTESIAN_POINT('',(0.0290928714282775,0.0200914969196462,-1.E-5));
#7416=CARTESIAN_POINT('',(0.0290928714282775,0.0200914969196462,1.6940658945086E-21));
#7417=CARTESIAN_POINT('',(0.0285975701486036,0.0195729783871639,0.));
#7418=CARTESIAN_POINT('',(0.0285975701571212,0.019572978380962,0.));
#7419=CARTESIAN_POINT('',(0.0285975701571212,0.019572978380962,-1.E-5));
#7420=CARTESIAN_POINT('',(0.0285654294072305,0.0195963812061726,0.));
#7421=CARTESIAN_POINT('',(0.0285654294072305,0.0195963812061726,-1.E-5));
#7422=CARTESIAN_POINT('',(0.0285372863704643,0.0196757494024501,0.));
#7423=CARTESIAN_POINT('',(0.0285372863704643,0.0196757494024501,-1.E-5));
#7424=CARTESIAN_POINT('',(0.0285124405244008,0.0198012812894674,0.));
#7425=CARTESIAN_POINT('',(0.0285124405244008,0.0198012812894674,-1.E-5));
#7426=CARTESIAN_POINT('',(0.0259144677950809,0.0153331312550409,-1.E-5));
#7427=CARTESIAN_POINT('',(0.0259144677950809,0.0153331312550409,0.));
#7428=CARTESIAN_POINT('',(0.0259109400303908,0.0158412375391977,-1.E-5));
#7429=CARTESIAN_POINT('',(0.0259109400303908,0.0158412375391977,0.));
#7430=CARTESIAN_POINT('',(0.026792820797809,0.0163805391101115,-1.E-5));
#7431=CARTESIAN_POINT('',(0.026792820797809,0.0163805391101115,0.));
#7432=CARTESIAN_POINT('',(0.0275050694152948,0.0163726900451043,-1.E-5));
#7433=CARTESIAN_POINT('',(0.0275050694152948,0.0163726900451043,0.));
#7434=CARTESIAN_POINT('',(0.0259144677950431,0.0153331312604806,0.));
#7435=CARTESIAN_POINT('',(0.0275050695137163,0.0163726900440197,0.));
#7436=CARTESIAN_POINT('',(0.0274995972478827,0.0145285051262965,-1.E-5));
#7437=CARTESIAN_POINT('',(0.0274995972478827,0.0145285051262965,0.));
#7438=CARTESIAN_POINT('',(0.026533828816609,0.0145215874348339,-1.E-5));
#7439=CARTESIAN_POINT('',(0.026533828816609,0.0145215874348339,0.));
#7440=CARTESIAN_POINT('',(0.0259175814794618,0.0148846617583992,-1.E-5));
#7441=CARTESIAN_POINT('',(0.0259175814794618,0.0148846617583992,0.));
#7442=CARTESIAN_POINT('',(0.0259144677953025,0.015333131223123,-1.E-5));
#7443=CARTESIAN_POINT('',(0.0259144677953025,0.015333131223123,0.));
#7444=CARTESIAN_POINT('',(0.0274995972750779,0.0145285051264913,0.));
#7445=CARTESIAN_POINT('',(0.0290799357703286,0.0154193056316058,-1.E-5));
#7446=CARTESIAN_POINT('',(0.0290799357703286,0.0154193056316058,0.));
#7447=CARTESIAN_POINT('',(0.02908217483152,0.0149847335935524,-1.E-5));
#7448=CARTESIAN_POINT('',(0.02908217483152,0.0149847335935524,0.));
#7449=CARTESIAN_POINT('',(0.0284453112192225,0.0145397997029084,-1.E-5));
#7450=CARTESIAN_POINT('',(0.0284453112192225,0.0145397997029084,0.));
#7451=CARTESIAN_POINT('',(0.0274995972790759,0.014528505126539,-1.E-5));
#7452=CARTESIAN_POINT('',(0.0274995972790759,0.014528505126539,0.));
#7453=CARTESIAN_POINT('',(0.0290799357703415,0.015419305629098,0.));
#7454=CARTESIAN_POINT('',(0.0275050694263043,0.016372690041746,-1.E-5));
#7455=CARTESIAN_POINT('',(0.0275050694263043,0.016372690041746,0.));
#7456=CARTESIAN_POINT('',(0.0283077374130927,0.0163935682668565,-1.E-5));
#7457=CARTESIAN_POINT('',(0.0283077374130927,0.0163935682668565,0.));
#7458=CARTESIAN_POINT('',(0.0290780932187749,0.015776955077039,-1.E-5));
#7459=CARTESIAN_POINT('',(0.0290780932187749,0.015776955077039,0.));
#7460=CARTESIAN_POINT('',(0.0290799357704651,0.0154193056050978,-1.E-5));
#7461=CARTESIAN_POINT('',(0.0290799357704651,0.0154193056050978,0.));
#7462=CARTESIAN_POINT('',(0.0232351681189258,0.0104597245189156,-1.E-5));
#7463=CARTESIAN_POINT('',(0.0232351681189258,0.0104597245189156,0.));
#7464=CARTESIAN_POINT('',(0.0236945637961722,0.0108150602275296,-1.E-5));
#7465=CARTESIAN_POINT('',(0.0236945637961722,0.0108150602275296,0.));
#7466=CARTESIAN_POINT('',(0.0243540508837096,0.0103603098718772,-1.E-5));
#7467=CARTESIAN_POINT('',(0.0243540508837096,0.0103603098718772,0.));
#7468=CARTESIAN_POINT('',(0.0249709207372421,0.00966378948489979,-1.E-5));
#7469=CARTESIAN_POINT('',(0.0249709207372421,0.00966378948489979,-3.3881317890172E-21));
#7470=CARTESIAN_POINT('',(0.0232351681835873,0.0104597245689303,0.));
#7471=CARTESIAN_POINT('',(0.024970920738218,0.00966378948379789,0.));
#7472=CARTESIAN_POINT('',(0.0232859094857022,0.00829641437906554,-1.E-5));
#7473=CARTESIAN_POINT('',(0.0232859094857022,0.00829641437906554,0.));
#7474=CARTESIAN_POINT('',(0.0227444994756399,0.00899125678242084,-1.E-5));
#7475=CARTESIAN_POINT('',(0.0227444994756399,0.00899125678242084,0.));
#7476=CARTESIAN_POINT('',(0.0229259083424098,0.0101516744848669,-1.E-5));
#7477=CARTESIAN_POINT('',(0.0229259083424098,0.0101516744848669,0.));
#7478=CARTESIAN_POINT('',(0.023235168226532,0.010459724611707,-1.E-5));
#7479=CARTESIAN_POINT('',(0.023235168226532,0.010459724611707,0.));
#7480=CARTESIAN_POINT('',(0.0232859095130958,0.00829641434390875,0.));
#7481=CARTESIAN_POINT('',(0.0254169134505445,0.00750973140774032,-1.E-5));
#7482=CARTESIAN_POINT('',(0.0254169134505445,0.00750973140774032,0.));
#7483=CARTESIAN_POINT('',(0.0250408998774706,0.00722156947727629,-1.E-5));
#7484=CARTESIAN_POINT('',(0.0250408998774706,0.00722156947727629,0.));
#7485=CARTESIAN_POINT('',(0.0240315147614345,0.00726185029975533,-1.E-5));
#7486=CARTESIAN_POINT('',(0.0240315147614345,0.00726185029975533,-3.3881317890172E-21));
#7487=CARTESIAN_POINT('',(0.0232859094820732,0.00829641438695417,-1.E-5));
#7488=CARTESIAN_POINT('',(0.0232859094820732,0.00829641438695417,-3.3881317890172E-21));
#7489=CARTESIAN_POINT('',(0.0254169134125871,0.00750973137865129,0.));
#7490=CARTESIAN_POINT('',(0.0249709207382097,0.00966378948380764,-1.E-5));
#7491=CARTESIAN_POINT('',(0.0249709207382097,0.00966378948380764,0.));
#7492=CARTESIAN_POINT('',(0.0255099943779223,0.0090323657749524,-1.E-5));
#7493=CARTESIAN_POINT('',(0.0255099943779223,0.0090323657749524,0.));
#7494=CARTESIAN_POINT('',(0.0258101810893947,0.00788071623054338,-1.E-5));
#7495=CARTESIAN_POINT('',(0.0258101810893947,0.00788071623054338,-3.3881317890172E-21));
#7496=CARTESIAN_POINT('',(0.0254169134084167,0.00750973137471714,-1.E-5));
#7497=CARTESIAN_POINT('',(0.0254169134084167,0.00750973137471714,-3.3881317890172E-21));
#7498=CARTESIAN_POINT('',(0.0292050885721179,0.00680349254208982,-1.E-5));
#7499=CARTESIAN_POINT('',(0.0292050885721179,0.00680349254208982,0.));
#7500=CARTESIAN_POINT('',(0.0292162090782441,0.00654487994534593,-1.E-5));
#7501=CARTESIAN_POINT('',(0.0292162090782441,0.00654487994534593,3.3881317890172E-21));
#7502=CARTESIAN_POINT('',(0.0283677560022717,0.00579878217303499,-1.E-5));
#7503=CARTESIAN_POINT('',(0.0283677560022717,0.00579878217303499,0.));
#7504=CARTESIAN_POINT('',(0.02750249073886,0.00583610682828428,-1.E-5));
#7505=CARTESIAN_POINT('',(0.02750249073886,0.00583610682828428,0.));
#7506=CARTESIAN_POINT('',(0.0292050885721154,0.00680349254214803,0.));
#7507=CARTESIAN_POINT('',(0.0275024908078027,0.00583610682531032,0.));
#7508=CARTESIAN_POINT('',(0.0274560557765545,0.00746131467193406,-1.E-5));
#7509=CARTESIAN_POINT('',(0.0274560557765545,0.00746131467193406,0.));
#7510=CARTESIAN_POINT('',(0.0281515042705237,0.00747871376285692,-1.E-5));
#7511=CARTESIAN_POINT('',(0.0281515042705237,0.00747871376285692,0.));
#7512=CARTESIAN_POINT('',(0.0292180385640547,0.00718266683506833,-1.E-5));
#7513=CARTESIAN_POINT('',(0.0292180385640547,0.00718266683506833,0.));
#7514=CARTESIAN_POINT('',(0.0292050885727867,0.00680349256180219,-1.E-5));
#7515=CARTESIAN_POINT('',(0.0292050885727867,0.00680349256180219,-1.6940658945086E-21));
#7516=CARTESIAN_POINT('',(0.027456055812663,0.00746131467283744,0.));
#7517=CARTESIAN_POINT('',(0.0258153705043825,0.00689636123893089,-1.E-5));
#7518=CARTESIAN_POINT('',(0.0258153705043825,0.00689636123893089,1.6940658945086E-21));
#7519=CARTESIAN_POINT('',(0.0258172105012737,0.00723589868186209,-1.E-5));
#7520=CARTESIAN_POINT('',(0.0258172105012737,0.00723589868186209,1.6940658945086E-21));
#7521=CARTESIAN_POINT('',(0.0267562323940981,0.00749185940382274,-1.E-5));
#7522=CARTESIAN_POINT('',(0.0267562323940981,0.00749185940382274,1.6940658945086E-21));
#7523=CARTESIAN_POINT('',(0.0274560558086173,0.00746131467301402,-1.E-5));
#7524=CARTESIAN_POINT('',(0.0274560558086173,0.00746131467301402,0.));
#7525=CARTESIAN_POINT('',(0.0258153705043129,0.00689636122609193,0.));
#7526=CARTESIAN_POINT('',(0.0275024908381966,0.00583610682583425,-1.E-5));
#7527=CARTESIAN_POINT('',(0.0275024908381966,0.00583610682583425,0.));
#7528=CARTESIAN_POINT('',(0.0266669887949675,0.00582170446018915,-1.E-5));
#7529=CARTESIAN_POINT('',(0.0266669887949675,0.00582170446018915,0.));
#7530=CARTESIAN_POINT('',(0.0258037552001095,0.00656664351505853,-1.E-5));
#7531=CARTESIAN_POINT('',(0.0258037552001095,0.00656664351505853,0.));
#7532=CARTESIAN_POINT('',(0.0258153705047893,0.00689636123961396,-1.E-5));
#7533=CARTESIAN_POINT('',(0.0258153705047893,0.00689636123961396,0.));
#7534=CARTESIAN_POINT('',(0.0307555275048278,0.0128484935819474,5.22565046354161E-23));
#7535=CARTESIAN_POINT('',(0.0307555275048278,0.0128484935819474,-1.E-5));
#7536=CARTESIAN_POINT('',(0.0308407631613974,0.0126258198366318,1.24442116856374E-21));
#7537=CARTESIAN_POINT('',(0.0308407631613974,0.0126258198366318,-1.E-5));
#7538=CARTESIAN_POINT('',(0.0307555275048279,0.0124031460913162,5.22565046354196E-23));
#7539=CARTESIAN_POINT('',(0.0307555275048279,0.0124031460913162,-1.E-5));
#7540=CARTESIAN_POINT('',(0.0304533419380511,0.0121870465857038,-2.61282523177111E-23));
#7541=CARTESIAN_POINT('',(0.0304533419380511,0.0121870465857038,-1.E-5));
#7542=CARTESIAN_POINT('',(0.0299779230257039,0.0120496895098962,5.2256504635425E-23));
#7543=CARTESIAN_POINT('',(0.0299779230257039,0.0120496895098962,-1.E-5));
#7544=CARTESIAN_POINT('',(0.0294880407860096,0.0120109460296373,1.24442116856374E-21));
#7545=CARTESIAN_POINT('',(0.0294880407860096,0.0120109460296373,-1.E-5));
#7546=CARTESIAN_POINT('',(0.0289981585463153,0.0120496895098962,5.22565046354145E-23));
#7547=CARTESIAN_POINT('',(0.0289981585463153,0.0120496895098962,-1.E-5));
#7548=CARTESIAN_POINT('',(0.0285227396339681,0.0121870465857038,-2.61282523177091E-23));
#7549=CARTESIAN_POINT('',(0.0285227396339681,0.0121870465857038,-1.E-5));
#7550=CARTESIAN_POINT('',(0.0282205540671914,0.0124031460913162,5.2256504635422E-23));
#7551=CARTESIAN_POINT('',(0.0282205540671914,0.0124031460913162,-1.E-5));
#7552=CARTESIAN_POINT('',(0.0281353184106218,0.0126258198366318,1.24442116856374E-21));
#7553=CARTESIAN_POINT('',(0.0281353184106218,0.0126258198366318,-1.E-5));
#7554=CARTESIAN_POINT('',(0.0282205540671914,0.0128484935819474,5.22565046354222E-23));
#7555=CARTESIAN_POINT('',(0.0282205540671914,0.0128484935819474,-1.E-5));
#7556=CARTESIAN_POINT('',(0.0285227396339681,0.0130645930875597,-2.61282523177089E-23));
#7557=CARTESIAN_POINT('',(0.0285227396339681,0.0130645930875597,-1.E-5));
#7558=CARTESIAN_POINT('',(0.0289981585463153,0.0132019501633673,5.22565046354136E-23));
#7559=CARTESIAN_POINT('',(0.0289981585463153,0.0132019501633673,-1.E-5));
#7560=CARTESIAN_POINT('',(0.0294880407860096,0.0132406936436262,1.24442116856374E-21));
#7561=CARTESIAN_POINT('',(0.0294880407860096,0.0132406936436262,-1.E-5));
#7562=CARTESIAN_POINT('',(0.0299779230257039,0.0132019501633673,5.22565046354249E-23));
#7563=CARTESIAN_POINT('',(0.0299779230257039,0.0132019501633673,-1.E-5));
#7564=CARTESIAN_POINT('',(0.0304533419380511,0.0130645930875597,-2.61282523177103E-23));
#7565=CARTESIAN_POINT('',(0.0304533419380511,0.0130645930875597,-1.E-5));
#7566=CARTESIAN_POINT('',(0.0307555275048278,0.0128484935819474,5.22565046354161E-23));
#7567=CARTESIAN_POINT('',(0.0307555275048278,0.0128484935819474,-1.E-5));
#7568=CARTESIAN_POINT('',(0.0308407631613974,0.0126258198366318,1.24442116856374E-21));
#7569=CARTESIAN_POINT('',(0.0308407631613974,0.0126258198366318,-1.E-5));
#7570=CARTESIAN_POINT('',(0.0307555275048279,0.0124031460913162,5.22565046354196E-23));
#7571=CARTESIAN_POINT('',(0.0307555275048279,0.0124031460913162,-1.E-5));
#7572=CARTESIAN_POINT('',(0.0267745692047199,0.0124887580825801,-1.E-5));
#7573=CARTESIAN_POINT('',(0.0267745692047199,0.0124887580825801,-3.3881317890172E-21));
#7574=CARTESIAN_POINT('',(0.0268598048612895,0.0127114318278957,-1.E-5));
#7575=CARTESIAN_POINT('',(0.0268598048612895,0.0127114318278957,3.3881317890172E-21));
#7576=CARTESIAN_POINT('',(0.0267745692047199,0.0129341055732113,-1.E-5));
#7577=CARTESIAN_POINT('',(0.0267745692047199,0.0129341055732113,-5.0821976835258E-21));
#7578=CARTESIAN_POINT('',(0.0264723836379432,0.0131502050788237,-1.E-5));
#7579=CARTESIAN_POINT('',(0.0264723836379432,0.0131502050788237,1.6940658945086E-21));
#7580=CARTESIAN_POINT('',(0.025996964725596,0.0132875621546313,-1.E-5));
#7581=CARTESIAN_POINT('',(0.025996964725596,0.0132875621546313,1.6940658945086E-21));
#7582=CARTESIAN_POINT('',(0.0255070824859017,0.0133263056348902,-1.E-5));
#7583=CARTESIAN_POINT('',(0.0255070824859017,0.0133263056348902,0.));
#7584=CARTESIAN_POINT('',(0.0250172002462074,0.0132875621546313,-1.E-5));
#7585=CARTESIAN_POINT('',(0.0250172002462074,0.0132875621546313,-5.0821976835258E-21));
#7586=CARTESIAN_POINT('',(0.0245417813338602,0.0131502050788237,-1.E-5));
#7587=CARTESIAN_POINT('',(0.0245417813338602,0.0131502050788237,-3.3881317890172E-21));
#7588=CARTESIAN_POINT('',(0.0242395957670835,0.0129341055732113,-1.E-5));
#7589=CARTESIAN_POINT('',(0.0242395957670835,0.0129341055732113,6.7762635780344E-21));
#7590=CARTESIAN_POINT('',(0.0241543601105139,0.0127114318278957,-1.E-5));
#7591=CARTESIAN_POINT('',(0.0241543601105139,0.0127114318278957,-1.6940658945086E-21));
#7592=CARTESIAN_POINT('',(0.0242395957670835,0.0124887580825801,-1.E-5));
#7593=CARTESIAN_POINT('',(0.0242395957670835,0.0124887580825801,1.6940658945086E-21));
#7594=CARTESIAN_POINT('',(0.0245417813338602,0.0122726585769678,-1.E-5));
#7595=CARTESIAN_POINT('',(0.0245417813338602,0.0122726585769678,-5.0821976835258E-21));
#7596=CARTESIAN_POINT('',(0.0250172002462074,0.0121353015011602,-1.E-5));
#7597=CARTESIAN_POINT('',(0.0250172002462074,0.0121353015011602,5.0821976835258E-21));
#7598=CARTESIAN_POINT('',(0.0255070824859017,0.0120965580209013,-1.E-5));
#7599=CARTESIAN_POINT('',(0.0255070824859017,0.0120965580209013,-3.3881317890172E-21));
#7600=CARTESIAN_POINT('',(0.025996964725596,0.0121353015011602,-1.E-5));
#7601=CARTESIAN_POINT('',(0.025996964725596,0.0121353015011602,3.3881317890172E-21));
#7602=CARTESIAN_POINT('',(0.0264723836379432,0.0122726585769678,-1.E-5));
#7603=CARTESIAN_POINT('',(0.0264723836379432,0.0122726585769678,1.6940658945086E-21));
#7604=CARTESIAN_POINT('',(0.0267745692047199,0.0124887580825801,-1.E-5));
#7605=CARTESIAN_POINT('',(0.0267745692047199,0.0124887580825801,-3.3881317890172E-21));
#7606=CARTESIAN_POINT('',(0.0268598048612895,0.0127114318278957,-1.E-5));
#7607=CARTESIAN_POINT('',(0.0268598048612895,0.0127114318278957,3.3881317890172E-21));
#7608=CARTESIAN_POINT('',(0.0267745692047199,0.0129341055732113,-1.E-5));
#7609=CARTESIAN_POINT('',(0.0267745692047199,0.0129341055732113,-5.0821976835258E-21));
#7610=CARTESIAN_POINT('',(0.0324500706464111,0.0104481713391041,-9.99999999999997E-6));
#7611=CARTESIAN_POINT('',(0.0324500706464111,0.0104481713391041,2.71050543121376E-20));
#7612=CARTESIAN_POINT('',(0.0318160074088426,0.0101664921365121,-1.E-5));
#7613=CARTESIAN_POINT('',(0.0318160074088426,0.0101664921365121,-4.2351647362715E-20));
#7614=CARTESIAN_POINT('',(0.0312997108715147,0.0135993924118376,-1.E-5));
#7615=CARTESIAN_POINT('',(0.0312997108715147,0.0135993924118376,-4.40457132572236E-20));
#7616=CARTESIAN_POINT('',(0.0320790842324162,0.013390564924872,-9.99999999999997E-6));
#7617=CARTESIAN_POINT('',(0.0320790842324162,0.013390564924872,2.71050543121376E-20));
#7618=CARTESIAN_POINT('',(0.032450070647069,0.0104481713393964,0.));
#7619=CARTESIAN_POINT('',(0.0320790842357637,0.0133905649239751,0.));
#7620=CARTESIAN_POINT('',(0.0320790842357761,0.013390564923968,-1.E-5));
#7621=CARTESIAN_POINT('',(0.0320790842357761,0.013390564923968,0.));
#7622=CARTESIAN_POINT('',(0.033372177469823,0.0126521543177219,-1.E-5));
#7623=CARTESIAN_POINT('',(0.033372177469823,0.0126521543177219,0.));
#7624=CARTESIAN_POINT('',(0.0331475251561868,0.011009201222496,-1.E-5));
#7625=CARTESIAN_POINT('',(0.0331475251561868,0.011009201222496,0.));
#7626=CARTESIAN_POINT('',(0.0324500706562877,0.0104481713468119,-1.E-5));
#7627=CARTESIAN_POINT('',(0.0324500706562877,0.0104481713468119,0.));
#7628=CARTESIAN_POINT('',(0.0227024008703043,0.0104909773424439,-1.E-5));
#7629=CARTESIAN_POINT('',(0.0227024008703043,0.0104909773424439,0.));
#7630=CARTESIAN_POINT('',(0.0220049458397068,0.0110520072181281,-1.E-5));
#7631=CARTESIAN_POINT('',(0.0220049458397068,0.0110520072181281,-5.0821976835258E-21));
#7632=CARTESIAN_POINT('',(0.021780294056769,0.0126949603133538,-1.E-5));
#7633=CARTESIAN_POINT('',(0.021780294056769,0.0126949603133538,0.));
#7634=CARTESIAN_POINT('',(0.023073387045878,0.0134333709196,-1.E-5));
#7635=CARTESIAN_POINT('',(0.023073387045878,0.0134333709196,-6.7762635780344E-21));
#7636=CARTESIAN_POINT('',(0.022702400879523,0.0104909773350284,0.));
#7637=CARTESIAN_POINT('',(0.0230733870458904,0.0134333709196071,0.));
#7638=CARTESIAN_POINT('',(0.0230733870492378,0.013433370920504,-9.99999999999999E-6));
#7639=CARTESIAN_POINT('',(0.0230733870492378,0.013433370920504,1.52465930505774E-20));
#7640=CARTESIAN_POINT('',(0.0238527604101399,0.0136421984074692,-9.99999999999999E-6));
#7641=CARTESIAN_POINT('',(0.0238527604101399,0.0136421984074692,1.35525271560688E-20));
#7642=CARTESIAN_POINT('',(0.0233364640361038,0.0102092981321439,-1.00000000000001E-5));
#7643=CARTESIAN_POINT('',(0.0233364640361038,0.0102092981321439,-5.25160427297666E-20));
#7644=CARTESIAN_POINT('',(0.022702400880181,0.0104909773347361,-9.99999999999999E-6));
#7645=CARTESIAN_POINT('',(0.022702400880181,0.0104909773347361,1.52465930505774E-20));
#7646=CARTESIAN_POINT('',(0.0233022987959689,0.0139593805510942,-1.E-5));
#7647=CARTESIAN_POINT('',(0.0233022987959689,0.0139593805510942,0.));
#7648=CARTESIAN_POINT('',(0.0232572550479473,0.0154176880593948,-1.E-5));
#7649=CARTESIAN_POINT('',(0.0232572550479473,0.0154176880593948,-3.3881317890172E-21));
#7650=CARTESIAN_POINT('',(0.0243762266085022,0.0162167136072957,-1.E-5));
#7651=CARTESIAN_POINT('',(0.0243762266085022,0.0162167136072957,-3.3881317890172E-21));
#7652=CARTESIAN_POINT('',(0.0257210811807054,0.0159896251747388,-1.E-5));
#7653=CARTESIAN_POINT('',(0.0257210811807054,0.0159896251747388,0.));
#7654=CARTESIAN_POINT('',(0.0233022987959693,0.0139593805510821,0.));
#7655=CARTESIAN_POINT('',(0.025721081180713,0.0159896251747375,0.));
#7656=CARTESIAN_POINT('',(0.0257210811846695,0.0159896251740728,-1.E-5));
#7657=CARTESIAN_POINT('',(0.0257210811846695,0.0159896251740728,-2.20228566286118E-20));
#7658=CARTESIAN_POINT('',(0.0262165036080479,0.0159063913536752,-1.E-5));
#7659=CARTESIAN_POINT('',(0.0262165036080479,0.0159063913536752,-2.20228566286118E-20));
#7660=CARTESIAN_POINT('',(0.0233465371951677,0.0134003101930415,-9.99999999999993E-6));
#7661=CARTESIAN_POINT('',(0.0233465371951677,0.0134003101930415,6.7762635780344E-20));
#7662=CARTESIAN_POINT('',(0.0233022987961314,0.0139593805490337,-1.E-5));
#7663=CARTESIAN_POINT('',(0.0233022987961314,0.0139593805490337,-1.86347248395946E-20));
#7664=CARTESIAN_POINT('',(0.0318556772192521,0.0140021865446657,-1.E-5));
#7665=CARTESIAN_POINT('',(0.0318556772192521,0.0140021865446657,-4.06575814682064E-20));
#7666=CARTESIAN_POINT('',(0.0318114388202156,0.0134431161886733,-9.99999999999994E-6));
#7667=CARTESIAN_POINT('',(0.0318114388202156,0.0134431161886733,5.0821976835258E-20));
#7668=CARTESIAN_POINT('',(0.0289414724073353,0.0159491970227234,-9.99999999999994E-6));
#7669=CARTESIAN_POINT('',(0.0289414724073353,0.0159491970227234,5.0821976835258E-20));
#7670=CARTESIAN_POINT('',(0.029436894830714,0.0160324311697048,-1.E-5));
#7671=CARTESIAN_POINT('',(0.029436894830714,0.0160324311697048,-3.89635155736978E-20));
#7672=CARTESIAN_POINT('',(0.0318556772194142,0.0140021865467141,0.));
#7673=CARTESIAN_POINT('',(0.0294368948346705,0.0160324311703695,0.));
#7674=CARTESIAN_POINT('',(0.0294368948346781,0.0160324311703708,-1.E-5));
#7675=CARTESIAN_POINT('',(0.0294368948346781,0.0160324311703708,0.));
#7676=CARTESIAN_POINT('',(0.0307817494068813,0.0162595196029276,-1.E-5));
#7677=CARTESIAN_POINT('',(0.0307817494068813,0.0162595196029276,0.));
#7678=CARTESIAN_POINT('',(0.031900721130728,0.0154604940550268,-1.E-5));
#7679=CARTESIAN_POINT('',(0.031900721130728,0.0154604940550268,0.));
#7680=CARTESIAN_POINT('',(0.0318556772194146,0.0140021865467262,-1.E-5));
#7681=CARTESIAN_POINT('',(0.0318556772194146,0.0140021865467262,0.));
#7682=CARTESIAN_POINT('',(0.0318363764149638,0.0102396456254422,-1.E-5));
#7683=CARTESIAN_POINT('',(0.0318363764149638,0.0102396456254422,1.6940658945086E-21));
#7684=CARTESIAN_POINT('',(0.0321578858078602,0.00999495337059231,-1.E-5));
#7685=CARTESIAN_POINT('',(0.0321578858078602,0.00999495337059231,1.6940658945086E-21));
#7686=CARTESIAN_POINT('',(0.0322169037673258,0.00916205746378475,-1.E-5));
#7687=CARTESIAN_POINT('',(0.0322169037673258,0.00916205746378475,1.6940658945086E-21));
#7688=CARTESIAN_POINT('',(0.031758985545243,0.00834357043627645,-1.E-5));
#7689=CARTESIAN_POINT('',(0.031758985545243,0.00834357043627645,1.6940658945086E-21));
#7690=CARTESIAN_POINT('',(0.0318363764417053,0.01023964560509,0.));
#7691=CARTESIAN_POINT('',(0.0317589855451682,0.00834357043614274,0.));
#7692=CARTESIAN_POINT('',(0.0300409093857943,0.00947347607610856,-1.E-5));
#7693=CARTESIAN_POINT('',(0.0300409093857943,0.00947347607610856,-1.6940658945086E-21));
#7694=CARTESIAN_POINT('',(0.0306126936389594,0.010136932381961,-1.E-5));
#7695=CARTESIAN_POINT('',(0.0306126936389594,0.010136932381961,-1.6940658945086E-21));
#7696=CARTESIAN_POINT('',(0.031355570395199,0.0105325305267655,-1.E-5));
#7697=CARTESIAN_POINT('',(0.031355570395199,0.0105325305267655,-1.6940658945086E-21));
#7698=CARTESIAN_POINT('',(0.0318363764042303,0.0102396456279181,-1.E-5));
#7699=CARTESIAN_POINT('',(0.0318363764042303,0.0102396456279181,-1.6940658945086E-21));
#7700=CARTESIAN_POINT('',(0.0300409093402811,0.00947347602329844,0.));
#7701=CARTESIAN_POINT('',(0.02973134606763,0.00750774967776114,-1.E-5));
#7702=CARTESIAN_POINT('',(0.02973134606763,0.00750774967776114,-1.6940658945086E-21));
#7703=CARTESIAN_POINT('',(0.0293155477190192,0.00781861830523514,-1.E-5));
#7704=CARTESIAN_POINT('',(0.0293155477190192,0.00781861830523514,-3.3881317890172E-21));
#7705=CARTESIAN_POINT('',(0.0295426668509264,0.00887321364560572,-1.E-5));
#7706=CARTESIAN_POINT('',(0.0295426668509264,0.00887321364560572,-3.3881317890172E-21));
#7707=CARTESIAN_POINT('',(0.0300409093402877,0.00947347602330637,-1.E-5));
#7708=CARTESIAN_POINT('',(0.0300409093402877,0.00947347602330637,-5.0821976835258E-21));
#7709=CARTESIAN_POINT('',(0.0297313460807166,0.00750774966797704,0.));
#7710=CARTESIAN_POINT('',(0.031758985566982,0.00834357046747941,-1.E-5));
#7711=CARTESIAN_POINT('',(0.031758985566982,0.00834357046747941,0.));
#7712=CARTESIAN_POINT('',(0.031079997832378,0.00736816769676023,-1.E-5));
#7713=CARTESIAN_POINT('',(0.031079997832378,0.00736816769676023,0.));
#7714=CARTESIAN_POINT('',(0.0301247152394234,0.00727043686396181,-1.E-5));
#7715=CARTESIAN_POINT('',(0.0301247152394234,0.00727043686396181,0.));
#7716=CARTESIAN_POINT('',(0.0297313460265094,0.00750774970067927,-1.E-5));
#7717=CARTESIAN_POINT('',(0.0297313460265094,0.00750774970067927,0.));
#7718=MECHANICAL_DESIGN_GEOMETRIC_PRESENTATION_REPRESENTATION('',(#3897,
#142,#143,#144,#145,#146,#147,#148,#149,#150,#151,#152,#153,#154,#155,#156,
#157,#158,#159,#160,#161,#162),#7719);
#7719=(
GEOMETRIC_REPRESENTATION_CONTEXT(3)
GLOBAL_UNCERTAINTY_ASSIGNED_CONTEXT((#7720))
GLOBAL_UNIT_ASSIGNED_CONTEXT((#7723,#7722,#7721))
REPRESENTATION_CONTEXT('Board','TOP_LEVEL_ASSEMBLY_PART')
);
#7720=UNCERTAINTY_MEASURE_WITH_UNIT(LENGTH_MEASURE(2.E-5),#7723,
'DISTANCE_ACCURACY_VALUE','Maximum Tolerance applied to model');
#7721=(
NAMED_UNIT(*)
SI_UNIT($,.STERADIAN.)
SOLID_ANGLE_UNIT()
);
#7722=(
NAMED_UNIT(*)
PLANE_ANGLE_UNIT()
SI_UNIT($,.RADIAN.)
);
#7723=(
LENGTH_UNIT()
NAMED_UNIT(*)
SI_UNIT($,.METRE.)
);
#7724=PRODUCT_DEFINITION_SHAPE('','',#7725);
#7725=PRODUCT_DEFINITION('','',#7727,#7726);
#7726=PRODUCT_DEFINITION_CONTEXT('',#7733,'design');
#7727=PRODUCT_DEFINITION_FORMATION_WITH_SPECIFIED_SOURCE('','',#7729,
 .NOT_KNOWN.);
#7728=PRODUCT_RELATED_PRODUCT_CATEGORY('','',(#7729));
#7729=PRODUCT('Board','Board','Board',(#7731));
#7730=PRODUCT_CATEGORY('','');
#7731=PRODUCT_CONTEXT('',#7733,'mechanical');
#7732=APPLICATION_PROTOCOL_DEFINITION('international standard',
'ap242_managed_model_based_3d_engineering',2011,#7733);
#7733=APPLICATION_CONTEXT('managed model based 3d engineering');
ENDSEC;
END-ISO-10303-21;
